task_type,task_id,sample_id,reference_label,imcr_label,imcr_label_decoded,consensus_tier,n_valid_votes,winning_votes,vote_distribution,judges,dry_run
relation_semantic_v2,RSEM-0001,RSEM-0001,SUPPORTED,SUPPORTED,SUPPORTED,weak_consensus,3,2,"{""CONTEXTUAL_ONLY"": 1, ""SUPPORTED"": 2}",A;B;C,False
relation_semantic_v2,RSEM-0002,RSEM-0002,UNSUPPORTED,UNSUPPORTED,UNSUPPORTED,strong_consensus,3,3,"{""UNSUPPORTED"": 3}",A;B;C,False
relation_semantic_v2,RSEM-0003,RSEM-0003,SUPPORTED,SUPPORTED,SUPPORTED,weak_consensus,3,2,"{""CONTRADICTED"": 1, ""SUPPORTED"": 2}",A;B;C,False
relation_semantic_v2,RSEM-0004,RSEM-0004,CONTEXTUAL_ONLY,CONTEXTUAL_ONLY,CONTEXTUAL_ONLY,strong_consensus,3,3,"{""CONTEXTUAL_ONLY"": 3}",A;B;C,False
relation_semantic_v2,RSEM-0005,RSEM-0005,UNSUPPORTED,UNSUPPORTED,UNSUPPORTED,weak_consensus,3,2,"{""INSUFFICIENT_EVIDENCE"": 1, ""UNSUPPORTED"": 2}",A;B;C,False
relation_semantic_v2,RSEM-0006,RSEM-0006,CONTEXTUAL_ONLY,CONTEXTUAL_ONLY,CONTEXTUAL_ONLY,weak_consensus,3,2,"{""CONTEXTUAL_ONLY"": 2, ""SUPPORTED"": 1}",A;B;C,False
relation_semantic_v2,RSEM-0007,RSEM-0007,CONTRADICTED,CONTRADICTED,CONTRADICTED,weak_consensus,3,2,"{""CONTRADICTED"": 2, ""UNSUPPORTED"": 1}",A;B;C,False
relation_semantic_v2,RSEM-0008,RSEM-0008,SUPPORTED,SUPPORTED,SUPPORTED,strong_consensus,3,3,"{""SUPPORTED"": 3}",A;B;C,False
relation_semantic_v2,RSEM-0009,RSEM-0009,SUPPORTED,SUPPORTED,SUPPORTED,strong_consensus,3,3,"{""SUPPORTED"": 3}",A;B;C,False
relation_semantic_v2,RSEM-0010,RSEM-0010,SUPPORTED,SUPPORTED,SUPPORTED,strong_consensus,3,3,"{""SUPPORTED"": 3}",A;B;C,False
relation_semantic_v2,RSEM-0011,RSEM-0011,SUPPORTED,SUPPORTED,SUPPORTED,strong_consensus,3,3,"{""SUPPORTED"": 3}",A;B;C,False
relation_semantic_v2,RSEM-0012,RSEM-0012,CONTEXTUAL_ONLY,CONTEXTUAL_ONLY,CONTEXTUAL_ONLY,weak_consensus,3,2,"{""CONTEXTUAL_ONLY"": 2, ""SUPPORTED"": 1}",A;B;C,False
relation_semantic_v2,RSEM-0013,RSEM-0013,SUPPORTED,SUPPORTED,SUPPORTED,strong_consensus,3,3,"{""SUPPORTED"": 3}",A;B;C,False
relation_semantic_v2,RSEM-0014,RSEM-0014,SUPPORTED,SUPPORTED,SUPPORTED,strong_consensus,3,3,"{""SUPPORTED"": 3}",A;B;C,False
relation_semantic_v2,RSEM-0015,RSEM-0015,UNSUPPORTED,UNSUPPORTED,UNSUPPORTED,strong_consensus,3,3,"{""UNSUPPORTED"": 3}",A;B;C,False
relation_semantic_v2,RSEM-0016,RSEM-0016,SUPPORTED,SUPPORTED,SUPPORTED,strong_consensus,3,3,"{""SUPPORTED"": 3}",A;B;C,False
relation_semantic_v2,RSEM-0017,RSEM-0017,SUPPORTED,SUPPORTED,SUPPORTED,strong_consensus,3,3,"{""SUPPORTED"": 3}",A;B;C,False
relation_semantic_v2,RSEM-0018,RSEM-0018,SUPPORTED,SUPPORTED,SUPPORTED,strong_consensus,3,3,"{""SUPPORTED"": 3}",A;B;C,False
relation_semantic_v2,RSEM-0019,RSEM-0019,UNSUPPORTED,UNSUPPORTED,UNSUPPORTED,strong_consensus,3,3,"{""UNSUPPORTED"": 3}",A;B;C,False
relation_semantic_v2,RSEM-0020,RSEM-0020,SUPPORTED,SUPPORTED,SUPPORTED,strong_consensus,3,3,"{""SUPPORTED"": 3}",A;B;C,False
relation_semantic_v2,RSEM-0021,RSEM-0021,SUPPORTED,SUPPORTED,SUPPORTED,weak_consensus,3,2,"{""CONTEXTUAL_ONLY"": 1, ""SUPPORTED"": 2}",A;B;C,False
relation_semantic_v2,RSEM-0022,RSEM-0022,SUPPORTED,SUPPORTED,SUPPORTED,weak_consensus,3,2,"{""CONTEXTUAL_ONLY"": 1, ""SUPPORTED"": 2}",A;B;C,False
relation_semantic_v2,RSEM-0023,RSEM-0023,CONTEXTUAL_ONLY,CONTEXTUAL_ONLY,CONTEXTUAL_ONLY,weak_consensus,3,2,"{""CONTEXTUAL_ONLY"": 2, ""SUPPORTED"": 1}",A;B;C,False
relation_semantic_v2,RSEM-0024,RSEM-0024,SUPPORTED,SUPPORTED,SUPPORTED,weak_consensus,3,2,"{""CONTEXTUAL_ONLY"": 1, ""SUPPORTED"": 2}",A;B;C,False
relation_semantic_v2,RSEM-0025,RSEM-0025,UNSUPPORTED,UNSUPPORTED,UNSUPPORTED,weak_consensus,3,2,"{""INSUFFICIENT_EVIDENCE"": 1, ""UNSUPPORTED"": 2}",A;B;C,False
relation_semantic_v2,RSEM-0026,RSEM-0026,SUPPORTED,SUPPORTED,SUPPORTED,strong_consensus,3,3,"{""SUPPORTED"": 3}",A;B;C,False
relation_semantic_v2,RSEM-0027,RSEM-0027,CONTEXTUAL_ONLY,CONTEXTUAL_ONLY,CONTEXTUAL_ONLY,weak_consensus,3,2,"{""CONTEXTUAL_ONLY"": 2, ""SUPPORTED"": 1}",A;B;C,False
relation_semantic_v2,RSEM-0028,RSEM-0028,SUPPORTED,SUPPORTED,SUPPORTED,strong_consensus,3,3,"{""SUPPORTED"": 3}",A;B;C,False
relation_semantic_v2,RSEM-0029,RSEM-0029,SUPPORTED,SUPPORTED,SUPPORTED,strong_consensus,3,3,"{""SUPPORTED"": 3}",A;B;C,False
relation_semantic_v2,RSEM-0030,RSEM-0030,SUPPORTED,SUPPORTED,SUPPORTED,strong_consensus,3,3,"{""SUPPORTED"": 3}",A;B;C,False
relation_semantic_v2,RSEM-0031,RSEM-0031,UNSUPPORTED,UNSUPPORTED,UNSUPPORTED,strong_consensus,3,3,"{""UNSUPPORTED"": 3}",A;B;C,False
relation_semantic_v2,RSEM-0032,RSEM-0032,SUPPORTED,SUPPORTED,SUPPORTED,strong_consensus,3,3,"{""SUPPORTED"": 3}",A;B;C,False
relation_semantic_v2,RSEM-0033,RSEM-0033,UNSUPPORTED,UNSUPPORTED,UNSUPPORTED,strong_consensus,3,3,"{""UNSUPPORTED"": 3}",A;B;C,False
relation_semantic_v2,RSEM-0034,RSEM-0034,SUPPORTED,SUPPORTED,SUPPORTED,strong_consensus,3,3,"{""SUPPORTED"": 3}",A;B;C,False
relation_semantic_v2,RSEM-0035,RSEM-0035,SUPPORTED,SUPPORTED,SUPPORTED,weak_consensus,3,2,"{""CONTEXTUAL_ONLY"": 1, ""SUPPORTED"": 2}",A;B;C,False
relation_semantic_v2,RSEM-0036,RSEM-0036,UNSUPPORTED,UNSUPPORTED,UNSUPPORTED,weak_consensus,3,2,"{""INSUFFICIENT_EVIDENCE"": 1, ""UNSUPPORTED"": 2}",A;B;C,False
relation_semantic_v2,RSEM-0037,RSEM-0037,UNSUPPORTED,UNSUPPORTED,UNSUPPORTED,strong_consensus,3,3,"{""UNSUPPORTED"": 3}",A;B;C,False
relation_semantic_v2,RSEM-0038,RSEM-0038,UNSUPPORTED,UNSUPPORTED,UNSUPPORTED,weak_consensus,3,2,"{""CONTEXTUAL_ONLY"": 1, ""UNSUPPORTED"": 2}",A;B;C,False
relation_semantic_v2,RSEM-0040,RSEM-0040,UNSUPPORTED,UNSUPPORTED,UNSUPPORTED,weak_consensus,3,2,"{""CONTEXTUAL_ONLY"": 1, ""UNSUPPORTED"": 2}",A;B;C,False
relation_semantic_v2,RSEM-0041,RSEM-0041,SUPPORTED,SUPPORTED,SUPPORTED,strong_consensus,3,3,"{""SUPPORTED"": 3}",A;B;C,False
relation_semantic_v2,RSEM-0042,RSEM-0042,SUPPORTED,SUPPORTED,SUPPORTED,strong_consensus,3,3,"{""SUPPORTED"": 3}",A;B;C,False
relation_semantic_v2,RSEM-0043,RSEM-0043,SUPPORTED,SUPPORTED,SUPPORTED,strong_consensus,3,3,"{""SUPPORTED"": 3}",A;B;C,False
relation_semantic_v2,RSEM-0044,RSEM-0044,SUPPORTED,SUPPORTED,SUPPORTED,weak_consensus,3,2,"{""CONTEXTUAL_ONLY"": 1, ""SUPPORTED"": 2}",A;B;C,False
relation_semantic_v2,RSEM-0045,RSEM-0045,UNSUPPORTED,UNSUPPORTED,UNSUPPORTED,strong_consensus,3,3,"{""UNSUPPORTED"": 3}",A;B;C,False
relation_semantic_v2,RSEM-0046,RSEM-0046,CONTRADICTED,CONTRADICTED,CONTRADICTED,weak_consensus,3,2,"{""CONTEXTUAL_ONLY"": 1, ""CONTRADICTED"": 2}",A;B;C,False
relation_semantic_v2,RSEM-0047,RSEM-0047,SUPPORTED,SUPPORTED,SUPPORTED,strong_consensus,3,3,"{""SUPPORTED"": 3}",A;B;C,False
relation_semantic_v2,RSEM-0048,RSEM-0048,CONTEXTUAL_ONLY,CONTEXTUAL_ONLY,CONTEXTUAL_ONLY,weak_consensus,3,2,"{""CONTEXTUAL_ONLY"": 2, ""SUPPORTED"": 1}",A;B;C,False
relation_semantic_v2,RSEM-0049,RSEM-0049,UNSUPPORTED,UNSUPPORTED,UNSUPPORTED,weak_consensus,3,2,"{""INSUFFICIENT_EVIDENCE"": 1, ""UNSUPPORTED"": 2}",A;B;C,False
relation_semantic_v2,RSEM-0050,RSEM-0050,SUPPORTED,SUPPORTED,SUPPORTED,strong_consensus,3,3,"{""SUPPORTED"": 3}",A;B;C,False
relation_semantic_v2,RSEM-0051,RSEM-0051,UNSUPPORTED,UNSUPPORTED,UNSUPPORTED,strong_consensus,3,3,"{""UNSUPPORTED"": 3}",A;B;C,False
relation_semantic_v2,RSEM-0052,RSEM-0052,UNSUPPORTED,UNSUPPORTED,UNSUPPORTED,strong_consensus,3,3,"{""UNSUPPORTED"": 3}",A;B;C,False
relation_semantic_v2,RSEM-0053,RSEM-0053,SUPPORTED,SUPPORTED,SUPPORTED,weak_consensus,3,2,"{""CONTEXTUAL_ONLY"": 1, ""SUPPORTED"": 2}",A;B;C,False
relation_semantic_v2,RSEM-0054,RSEM-0054,INSUFFICIENT_EVIDENCE,INSUFFICIENT_EVIDENCE,INSUFFICIENT_EVIDENCE,weak_consensus,3,2,"{""INSUFFICIENT_EVIDENCE"": 2, ""UNSUPPORTED"": 1}",A;B;C,False
relation_semantic_v2,RSEM-0055,RSEM-0055,SUPPORTED,SUPPORTED,SUPPORTED,strong_consensus,3,3,"{""SUPPORTED"": 3}",A;B;C,False
relation_semantic_v2,RSEM-0056,RSEM-0056,CONTRADICTED,CONTRADICTED,CONTRADICTED,strong_consensus,3,3,"{""CONTRADICTED"": 3}",A;B;C,False
relation_semantic_v2,RSEM-0057,RSEM-0057,CONTEXTUAL_ONLY,CONTEXTUAL_ONLY,CONTEXTUAL_ONLY,weak_consensus,3,2,"{""CONTEXTUAL_ONLY"": 2, ""UNSUPPORTED"": 1}",A;B;C,False
relation_semantic_v2,RSEM-0058,RSEM-0058,SUPPORTED,SUPPORTED,SUPPORTED,strong_consensus,3,3,"{""SUPPORTED"": 3}",A;B;C,False
relation_semantic_v2,RSEM-0059,RSEM-0059,UNSUPPORTED,UNSUPPORTED,UNSUPPORTED,weak_consensus,3,2,"{""CONTEXTUAL_ONLY"": 1, ""UNSUPPORTED"": 2}",A;B;C,False
relation_semantic_v2,RSEM-0060,RSEM-0060,SUPPORTED,SUPPORTED,SUPPORTED,strong_consensus,3,3,"{""SUPPORTED"": 3}",A;B;C,False
relation_semantic_v2,RSEM-0061,RSEM-0061,SUPPORTED,SUPPORTED,SUPPORTED,strong_consensus,3,3,"{""SUPPORTED"": 3}",A;B;C,False
relation_semantic_v2,RSEM-0062,RSEM-0062,UNSUPPORTED,UNSUPPORTED,UNSUPPORTED,strong_consensus,3,3,"{""UNSUPPORTED"": 3}",A;B;C,False
relation_semantic_v2,RSEM-0063,RSEM-0063,SUPPORTED,SUPPORTED,SUPPORTED,strong_consensus,3,3,"{""SUPPORTED"": 3}",A;B;C,False
relation_semantic_v2,RSEM-0064,RSEM-0064,SUPPORTED,SUPPORTED,SUPPORTED,strong_consensus,3,3,"{""SUPPORTED"": 3}",A;B;C,False
relation_semantic_v2,RSEM-0066,RSEM-0066,CONTEXTUAL_ONLY,CONTEXTUAL_ONLY,CONTEXTUAL_ONLY,weak_consensus,3,2,"{""CONTEXTUAL_ONLY"": 2, ""SUPPORTED"": 1}",A;B;C,False
relation_semantic_v2,RSEM-0067,RSEM-0067,UNSUPPORTED,UNSUPPORTED,UNSUPPORTED,weak_consensus,3,2,"{""INSUFFICIENT_EVIDENCE"": 1, ""UNSUPPORTED"": 2}",A;B;C,False
relation_semantic_v2,RSEM-0068,RSEM-0068,SUPPORTED,SUPPORTED,SUPPORTED,strong_consensus,3,3,"{""SUPPORTED"": 3}",A;B;C,False
relation_semantic_v2,RSEM-0069,RSEM-0069,SUPPORTED,SUPPORTED,SUPPORTED,strong_consensus,3,3,"{""SUPPORTED"": 3}",A;B;C,False
relation_semantic_v2,RSEM-0070,RSEM-0070,CONTEXTUAL_ONLY,CONTEXTUAL_ONLY,CONTEXTUAL_ONLY,strong_consensus,3,3,"{""CONTEXTUAL_ONLY"": 3}",A;B;C,False
relation_semantic_v2,RSEM-0071,RSEM-0071,UNSUPPORTED,UNSUPPORTED,UNSUPPORTED,strong_consensus,3,3,"{""UNSUPPORTED"": 3}",A;B;C,False
relation_semantic_v2,RSEM-0072,RSEM-0072,UNSUPPORTED,UNSUPPORTED,UNSUPPORTED,strong_consensus,3,3,"{""UNSUPPORTED"": 3}",A;B;C,False
relation_semantic_v2,RSEM-0073,RSEM-0073,SUPPORTED,SUPPORTED,SUPPORTED,weak_consensus,3,2,"{""SUPPORTED"": 2, ""UNSUPPORTED"": 1}",A;B;C,False
relation_semantic_v2,RSEM-0074,RSEM-0074,UNSUPPORTED,UNSUPPORTED,UNSUPPORTED,weak_consensus,3,2,"{""CONTEXTUAL_ONLY"": 1, ""UNSUPPORTED"": 2}",A;B;C,False
relation_semantic_v2,RSEM-0075,RSEM-0075,UNSUPPORTED,UNSUPPORTED,UNSUPPORTED,weak_consensus,3,2,"{""SUPPORTED"": 1, ""UNSUPPORTED"": 2}",A;B;C,False
relation_semantic_v2,RSEM-0076,RSEM-0076,INSUFFICIENT_EVIDENCE,INSUFFICIENT_EVIDENCE,INSUFFICIENT_EVIDENCE,weak_consensus,3,2,"{""INSUFFICIENT_EVIDENCE"": 2, ""UNSUPPORTED"": 1}",A;B;C,False
relation_semantic_v2,RSEM-0077,RSEM-0077,SUPPORTED,SUPPORTED,SUPPORTED,strong_consensus,3,3,"{""SUPPORTED"": 3}",A;B;C,False
relation_semantic_v2,RSEM-0078,RSEM-0078,UNSUPPORTED,UNSUPPORTED,UNSUPPORTED,strong_consensus,3,3,"{""UNSUPPORTED"": 3}",A;B;C,False
relation_semantic_v2,RSEM-0079,RSEM-0079,SUPPORTED,SUPPORTED,SUPPORTED,strong_consensus,3,3,"{""SUPPORTED"": 3}",A;B;C,False
relation_semantic_v2,RSEM-0080,RSEM-0080,SUPPORTED,SUPPORTED,SUPPORTED,strong_consensus,3,3,"{""SUPPORTED"": 3}",A;B;C,False
relation_semantic_v2,RSEM-0081,RSEM-0081,UNSUPPORTED,UNSUPPORTED,UNSUPPORTED,weak_consensus,3,2,"{""CONTEXTUAL_ONLY"": 1, ""UNSUPPORTED"": 2}",A;B;C,False
relation_semantic_v2,RSEM-0082,RSEM-0082,UNSUPPORTED,UNSUPPORTED,UNSUPPORTED,strong_consensus,3,3,"{""UNSUPPORTED"": 3}",A;B;C,False
relation_semantic_v2,RSEM-0083,RSEM-0083,UNSUPPORTED,UNSUPPORTED,UNSUPPORTED,strong_consensus,3,3,"{""UNSUPPORTED"": 3}",A;B;C,False
relation_semantic_v2,RSEM-0084,RSEM-0084,UNSUPPORTED,UNSUPPORTED,UNSUPPORTED,weak_consensus,3,2,"{""CONTEXTUAL_ONLY"": 1, ""UNSUPPORTED"": 2}",A;B;C,False
relation_semantic_v2,RSEM-0085,RSEM-0085,UNSUPPORTED,UNSUPPORTED,UNSUPPORTED,strong_consensus,3,3,"{""UNSUPPORTED"": 3}",A;B;C,False
relation_semantic_v2,RSEM-0086,RSEM-0086,CONTEXTUAL_ONLY,CONTEXTUAL_ONLY,CONTEXTUAL_ONLY,weak_consensus,3,2,"{""CONTEXTUAL_ONLY"": 2, ""SUPPORTED"": 1}",A;B;C,False
relation_semantic_v2,RSEM-0087,RSEM-0087,SUPPORTED,SUPPORTED,SUPPORTED,weak_consensus,3,2,"{""SUPPORTED"": 2, ""UNSUPPORTED"": 1}",A;B;C,False
relation_semantic_v2,RSEM-0088,RSEM-0088,SUPPORTED,SUPPORTED,SUPPORTED,strong_consensus,3,3,"{""SUPPORTED"": 3}",A;B;C,False
relation_semantic_v2,RSEM-0089,RSEM-0089,UNSUPPORTED,UNSUPPORTED,UNSUPPORTED,strong_consensus,3,3,"{""UNSUPPORTED"": 3}",A;B;C,False
relation_semantic_v2,RSEM-0090,RSEM-0090,SUPPORTED,SUPPORTED,SUPPORTED,strong_consensus,3,3,"{""SUPPORTED"": 3}",A;B;C,False
relation_semantic_v2,RSEM-0091,RSEM-0091,UNSUPPORTED,UNSUPPORTED,UNSUPPORTED,strong_consensus,3,3,"{""UNSUPPORTED"": 3}",A;B;C,False
relation_semantic_v2,RSEM-0092,RSEM-0092,UNSUPPORTED,UNSUPPORTED,UNSUPPORTED,weak_consensus,3,2,"{""CONTEXTUAL_ONLY"": 1, ""UNSUPPORTED"": 2}",A;B;C,False
relation_semantic_v2,RSEM-0093,RSEM-0093,UNSUPPORTED,UNSUPPORTED,UNSUPPORTED,strong_consensus,3,3,"{""UNSUPPORTED"": 3}",A;B;C,False
relation_semantic_v2,RSEM-0094,RSEM-0094,UNSUPPORTED,UNSUPPORTED,UNSUPPORTED,strong_consensus,3,3,"{""UNSUPPORTED"": 3}",A;B;C,False
relation_semantic_v2,RSEM-0095,RSEM-0095,SUPPORTED,SUPPORTED,SUPPORTED,strong_consensus,3,3,"{""SUPPORTED"": 3}",A;B;C,False
relation_semantic_v2,RSEM-0096,RSEM-0096,SUPPORTED,SUPPORTED,SUPPORTED,weak_consensus,3,2,"{""CONTEXTUAL_ONLY"": 1, ""SUPPORTED"": 2}",A;B;C,False
relation_semantic_v2,RSEM-0097,RSEM-0097,INSUFFICIENT_EVIDENCE,INSUFFICIENT_EVIDENCE,INSUFFICIENT_EVIDENCE,weak_consensus,3,2,"{""INSUFFICIENT_EVIDENCE"": 2, ""UNSUPPORTED"": 1}",A;B;C,False
relation_semantic_v2,RSEM-0098,RSEM-0098,CONTEXTUAL_ONLY,CONTEXTUAL_ONLY,CONTEXTUAL_ONLY,weak_consensus,3,2,"{""CONTEXTUAL_ONLY"": 2, ""SUPPORTED"": 1}",A;B;C,False
relation_semantic_v2,RSEM-0099,RSEM-0099,UNSUPPORTED,UNSUPPORTED,UNSUPPORTED,strong_consensus,3,3,"{""UNSUPPORTED"": 3}",A;B;C,False
relation_semantic_v2,RSEM-0100,RSEM-0100,SUPPORTED,SUPPORTED,SUPPORTED,weak_consensus,3,2,"{""CONTEXTUAL_ONLY"": 1, ""SUPPORTED"": 2}",A;B;C,False
relation_semantic_v2,RSEM-0101,RSEM-0101,SUPPORTED,SUPPORTED,SUPPORTED,strong_consensus,3,3,"{""SUPPORTED"": 3}",A;B;C,False
relation_semantic_v2,RSEM-0102,RSEM-0102,UNSUPPORTED,UNSUPPORTED,UNSUPPORTED,strong_consensus,3,3,"{""UNSUPPORTED"": 3}",A;B;C,False
relation_semantic_v2,RSEM-0103,RSEM-0103,SUPPORTED,SUPPORTED,SUPPORTED,strong_consensus,3,3,"{""SUPPORTED"": 3}",A;B;C,False
relation_semantic_v2,RSEM-0104,RSEM-0104,CONTEXTUAL_ONLY,CONTEXTUAL_ONLY,CONTEXTUAL_ONLY,weak_consensus,3,2,"{""CONTEXTUAL_ONLY"": 2, ""SUPPORTED"": 1}",A;B;C,False
relation_semantic_v2,RSEM-0106,RSEM-0106,CONTEXTUAL_ONLY,CONTEXTUAL_ONLY,CONTEXTUAL_ONLY,weak_consensus,3,2,"{""CONTEXTUAL_ONLY"": 2, ""SUPPORTED"": 1}",A;B;C,False
relation_semantic_v2,RSEM-0107,RSEM-0107,CONTRADICTED,CONTRADICTED,CONTRADICTED,weak_consensus,3,2,"{""CONTRADICTED"": 2, ""UNSUPPORTED"": 1}",A;B;C,False
relation_semantic_v2,RSEM-0108,RSEM-0108,CONTEXTUAL_ONLY,CONTEXTUAL_ONLY,CONTEXTUAL_ONLY,strong_consensus,3,3,"{""CONTEXTUAL_ONLY"": 3}",A;B;C,False
relation_semantic_v2,RSEM-0109,RSEM-0109,UNSUPPORTED,UNSUPPORTED,UNSUPPORTED,strong_consensus,3,3,"{""UNSUPPORTED"": 3}",A;B;C,False
relation_semantic_v2,RSEM-0110,RSEM-0110,SUPPORTED,SUPPORTED,SUPPORTED,strong_consensus,3,3,"{""SUPPORTED"": 3}",A;B;C,False
relation_semantic_v2,RSEM-0111,RSEM-0111,CONTEXTUAL_ONLY,CONTEXTUAL_ONLY,CONTEXTUAL_ONLY,weak_consensus,3,2,"{""CONTEXTUAL_ONLY"": 2, ""UNSUPPORTED"": 1}",A;B;C,False
relation_semantic_v2,RSEM-0112,RSEM-0112,UNSUPPORTED,UNSUPPORTED,UNSUPPORTED,weak_consensus,3,2,"{""INSUFFICIENT_EVIDENCE"": 1, ""UNSUPPORTED"": 2}",A;B;C,False
relation_semantic_v2,RSEM-0113,RSEM-0113,UNSUPPORTED,UNSUPPORTED,UNSUPPORTED,strong_consensus,3,3,"{""UNSUPPORTED"": 3}",A;B;C,False
relation_semantic_v2,RSEM-0114,RSEM-0114,UNSUPPORTED,UNSUPPORTED,UNSUPPORTED,weak_consensus,3,2,"{""CONTEXTUAL_ONLY"": 1, ""UNSUPPORTED"": 2}",A;B;C,False
relation_semantic_v2,RSEM-0115,RSEM-0115,SUPPORTED,SUPPORTED,SUPPORTED,weak_consensus,3,2,"{""CONTEXTUAL_ONLY"": 1, ""SUPPORTED"": 2}",A;B;C,False
relation_semantic_v2,RSEM-0116,RSEM-0116,CONTRADICTED,CONTRADICTED,CONTRADICTED,strong_consensus,3,3,"{""CONTRADICTED"": 3}",A;B;C,False
relation_semantic_v2,RSEM-0117,RSEM-0117,UNSUPPORTED,UNSUPPORTED,UNSUPPORTED,weak_consensus,3,2,"{""CONTRADICTED"": 1, ""UNSUPPORTED"": 2}",A;B;C,False
relation_semantic_v2,RSEM-0118,RSEM-0118,SUPPORTED,SUPPORTED,SUPPORTED,strong_consensus,3,3,"{""SUPPORTED"": 3}",A;B;C,False
relation_semantic_v2,RSEM-0119,RSEM-0119,SUPPORTED,SUPPORTED,SUPPORTED,strong_consensus,3,3,"{""SUPPORTED"": 3}",A;B;C,False
relation_semantic_v2,RSEM-0121,RSEM-0121,CONTEXTUAL_ONLY,CONTEXTUAL_ONLY,CONTEXTUAL_ONLY,weak_consensus,3,2,"{""CONTEXTUAL_ONLY"": 2, ""UNSUPPORTED"": 1}",A;B;C,False
relation_semantic_v2,RSEM-0122,RSEM-0122,UNSUPPORTED,UNSUPPORTED,UNSUPPORTED,weak_consensus,3,2,"{""CONTRADICTED"": 1, ""UNSUPPORTED"": 2}",A;B;C,False
relation_semantic_v2,RSEM-0123,RSEM-0123,UNSUPPORTED,UNSUPPORTED,UNSUPPORTED,strong_consensus,3,3,"{""UNSUPPORTED"": 3}",A;B;C,False
relation_semantic_v2,RSEM-0124,RSEM-0124,SUPPORTED,SUPPORTED,SUPPORTED,strong_consensus,3,3,"{""SUPPORTED"": 3}",A;B;C,False
relation_semantic_v2,RSEM-0125,RSEM-0125,SUPPORTED,SUPPORTED,SUPPORTED,strong_consensus,3,3,"{""SUPPORTED"": 3}",A;B;C,False
relation_semantic_v2,RSEM-0126,RSEM-0126,SUPPORTED,SUPPORTED,SUPPORTED,strong_consensus,3,3,"{""SUPPORTED"": 3}",A;B;C,False
relation_semantic_v2,RSEM-0128,RSEM-0128,SUPPORTED,SUPPORTED,SUPPORTED,weak_consensus,3,2,"{""SUPPORTED"": 2, ""UNSUPPORTED"": 1}",A;B;C,False
relation_semantic_v2,RSEM-0129,RSEM-0129,SUPPORTED,SUPPORTED,SUPPORTED,strong_consensus,3,3,"{""SUPPORTED"": 3}",A;B;C,False
relation_semantic_v2,RSEM-0130,RSEM-0130,UNSUPPORTED,UNSUPPORTED,UNSUPPORTED,weak_consensus,3,2,"{""CONTEXTUAL_ONLY"": 1, ""UNSUPPORTED"": 2}",A;B;C,False
relation_semantic_v2,RSEM-0132,RSEM-0132,SUPPORTED,SUPPORTED,SUPPORTED,strong_consensus,3,3,"{""SUPPORTED"": 3}",A;B;C,False
relation_semantic_v2,RSEM-0133,RSEM-0133,SUPPORTED,SUPPORTED,SUPPORTED,strong_consensus,3,3,"{""SUPPORTED"": 3}",A;B;C,False
relation_semantic_v2,RSEM-0134,RSEM-0134,SUPPORTED,SUPPORTED,SUPPORTED,strong_consensus,3,3,"{""SUPPORTED"": 3}",A;B;C,False
relation_semantic_v2,RSEM-0135,RSEM-0135,SUPPORTED,SUPPORTED,SUPPORTED,strong_consensus,3,3,"{""SUPPORTED"": 3}",A;B;C,False
relation_semantic_v2,RSEM-0136,RSEM-0136,SUPPORTED,SUPPORTED,SUPPORTED,strong_consensus,3,3,"{""SUPPORTED"": 3}",A;B;C,False
relation_semantic_v2,RSEM-0137,RSEM-0137,UNSUPPORTED,UNSUPPORTED,UNSUPPORTED,weak_consensus,3,2,"{""CONTRADICTED"": 1, ""UNSUPPORTED"": 2}",A;B;C,False
relation_semantic_v2,RSEM-0138,RSEM-0138,SUPPORTED,SUPPORTED,SUPPORTED,weak_consensus,3,2,"{""CONTEXTUAL_ONLY"": 1, ""SUPPORTED"": 2}",A;B;C,False
relation_semantic_v2,RSEM-0139,RSEM-0139,SUPPORTED,SUPPORTED,SUPPORTED,weak_consensus,3,2,"{""CONTEXTUAL_ONLY"": 1, ""SUPPORTED"": 2}",A;B;C,False
relation_semantic_v2,RSEM-0140,RSEM-0140,CONTEXTUAL_ONLY,CONTEXTUAL_ONLY,CONTEXTUAL_ONLY,weak_consensus,3,2,"{""CONTEXTUAL_ONLY"": 2, ""UNSUPPORTED"": 1}",A;B;C,False
relation_semantic_v2,RSEM-0141,RSEM-0141,CONTEXTUAL_ONLY,CONTEXTUAL_ONLY,CONTEXTUAL_ONLY,strong_consensus,3,3,"{""CONTEXTUAL_ONLY"": 3}",A;B;C,False
relation_semantic_v2,RSEM-0142,RSEM-0142,SUPPORTED,SUPPORTED,SUPPORTED,strong_consensus,3,3,"{""SUPPORTED"": 3}",A;B;C,False
relation_semantic_v2,RSEM-0143,RSEM-0143,CONTEXTUAL_ONLY,CONTEXTUAL_ONLY,CONTEXTUAL_ONLY,weak_consensus,3,2,"{""CONTEXTUAL_ONLY"": 2, ""SUPPORTED"": 1}",A;B;C,False
relation_semantic_v2,RSEM-0144,RSEM-0144,UNSUPPORTED,UNSUPPORTED,UNSUPPORTED,strong_consensus,3,3,"{""UNSUPPORTED"": 3}",A;B;C,False
relation_semantic_v2,RSEM-0145,RSEM-0145,UNSUPPORTED,UNSUPPORTED,UNSUPPORTED,weak_consensus,3,2,"{""CONTRADICTED"": 1, ""UNSUPPORTED"": 2}",A;B;C,False
relation_semantic_v2,RSEM-0146,RSEM-0146,SUPPORTED,SUPPORTED,SUPPORTED,strong_consensus,3,3,"{""SUPPORTED"": 3}",A;B;C,False
relation_semantic_v2,RSEM-0147,RSEM-0147,SUPPORTED,SUPPORTED,SUPPORTED,strong_consensus,3,3,"{""SUPPORTED"": 3}",A;B;C,False
relation_semantic_v2,RSEM-0148,RSEM-0148,UNSUPPORTED,UNSUPPORTED,UNSUPPORTED,weak_consensus,3,2,"{""INSUFFICIENT_EVIDENCE"": 1, ""UNSUPPORTED"": 2}",A;B;C,False
relation_semantic_v2,RSEM-0149,RSEM-0149,SUPPORTED,SUPPORTED,SUPPORTED,strong_consensus,3,3,"{""SUPPORTED"": 3}",A;B;C,False
relation_semantic_v2,RSEM-0150,RSEM-0150,SUPPORTED,SUPPORTED,SUPPORTED,strong_consensus,3,3,"{""SUPPORTED"": 3}",A;B;C,False
relation_semantic_v2,RSEM-0151,RSEM-0151,SUPPORTED,SUPPORTED,SUPPORTED,strong_consensus,3,3,"{""SUPPORTED"": 3}",A;B;C,False
relation_semantic_v2,RSEM-0152,RSEM-0152,SUPPORTED,SUPPORTED,SUPPORTED,strong_consensus,3,3,"{""SUPPORTED"": 3}",A;B;C,False
relation_semantic_v2,RSEM-0153,RSEM-0153,SUPPORTED,SUPPORTED,SUPPORTED,strong_consensus,3,3,"{""SUPPORTED"": 3}",A;B;C,False
relation_semantic_v2,RSEM-0154,RSEM-0154,SUPPORTED,SUPPORTED,SUPPORTED,strong_consensus,3,3,"{""SUPPORTED"": 3}",A;B;C,False
relation_semantic_v2,RSEM-0155,RSEM-0155,CONTEXTUAL_ONLY,CONTEXTUAL_ONLY,CONTEXTUAL_ONLY,weak_consensus,3,2,"{""CONTEXTUAL_ONLY"": 2, ""SUPPORTED"": 1}",A;B;C,False
relation_semantic_v2,RSEM-0156,RSEM-0156,CONTEXTUAL_ONLY,CONTEXTUAL_ONLY,CONTEXTUAL_ONLY,weak_consensus,3,2,"{""CONTEXTUAL_ONLY"": 2, ""SUPPORTED"": 1}",A;B;C,False
relation_semantic_v2,RSEM-0157,RSEM-0157,UNSUPPORTED,UNSUPPORTED,UNSUPPORTED,strong_consensus,3,3,"{""UNSUPPORTED"": 3}",A;B;C,False
relation_semantic_v2,RSEM-0158,RSEM-0158,UNSUPPORTED,UNSUPPORTED,UNSUPPORTED,strong_consensus,3,3,"{""UNSUPPORTED"": 3}",A;B;C,False
relation_semantic_v2,RSEM-0159,RSEM-0159,CONTEXTUAL_ONLY,CONTEXTUAL_ONLY,CONTEXTUAL_ONLY,weak_consensus,3,2,"{""CONTEXTUAL_ONLY"": 2, ""UNSUPPORTED"": 1}",A;B;C,False
relation_semantic_v2,RSEM-0160,RSEM-0160,SUPPORTED,SUPPORTED,SUPPORTED,strong_consensus,3,3,"{""SUPPORTED"": 3}",A;B;C,False
relation_semantic_v2,RSEM-0161,RSEM-0161,SUPPORTED,SUPPORTED,SUPPORTED,strong_consensus,3,3,"{""SUPPORTED"": 3}",A;B;C,False
relation_semantic_v2,RSEM-0163,RSEM-0163,UNSUPPORTED,UNSUPPORTED,UNSUPPORTED,weak_consensus,3,2,"{""INSUFFICIENT_EVIDENCE"": 1, ""UNSUPPORTED"": 2}",A;B;C,False
relation_semantic_v2,RSEM-0164,RSEM-0164,CONTEXTUAL_ONLY,CONTEXTUAL_ONLY,CONTEXTUAL_ONLY,weak_consensus,3,2,"{""CONTEXTUAL_ONLY"": 2, ""SUPPORTED"": 1}",A;B;C,False
relation_semantic_v2,RSEM-0165,RSEM-0165,SUPPORTED,SUPPORTED,SUPPORTED,weak_consensus,3,2,"{""CONTEXTUAL_ONLY"": 1, ""SUPPORTED"": 2}",A;B;C,False
relation_semantic_v2,RSEM-0166,RSEM-0166,CONTEXTUAL_ONLY,CONTEXTUAL_ONLY,CONTEXTUAL_ONLY,strong_consensus,3,3,"{""CONTEXTUAL_ONLY"": 3}",A;B;C,False
relation_semantic_v2,RSEM-0167,RSEM-0167,UNSUPPORTED,UNSUPPORTED,UNSUPPORTED,weak_consensus,3,2,"{""INSUFFICIENT_EVIDENCE"": 1, ""UNSUPPORTED"": 2}",A;B;C,False
relation_semantic_v2,RSEM-0168,RSEM-0168,SUPPORTED,SUPPORTED,SUPPORTED,strong_consensus,3,3,"{""SUPPORTED"": 3}",A;B;C,False
relation_semantic_v2,RSEM-0170,RSEM-0170,CONTRADICTED,CONTRADICTED,CONTRADICTED,weak_consensus,3,2,"{""CONTRADICTED"": 2, ""UNSUPPORTED"": 1}",A;B;C,False
relation_semantic_v2,RSEM-0171,RSEM-0171,UNSUPPORTED,UNSUPPORTED,UNSUPPORTED,strong_consensus,3,3,"{""UNSUPPORTED"": 3}",A;B;C,False
relation_semantic_v2,RSEM-0172,RSEM-0172,UNSUPPORTED,UNSUPPORTED,UNSUPPORTED,strong_consensus,3,3,"{""UNSUPPORTED"": 3}",A;B;C,False
relation_semantic_v2,RSEM-0173,RSEM-0173,UNSUPPORTED,UNSUPPORTED,UNSUPPORTED,weak_consensus,3,2,"{""CONTEXTUAL_ONLY"": 1, ""UNSUPPORTED"": 2}",A;B;C,False
relation_semantic_v2,RSEM-0174,RSEM-0174,SUPPORTED,SUPPORTED,SUPPORTED,strong_consensus,3,3,"{""SUPPORTED"": 3}",A;B;C,False
relation_semantic_v2,RSEM-0175,RSEM-0175,UNSUPPORTED,UNSUPPORTED,UNSUPPORTED,weak_consensus,3,2,"{""INSUFFICIENT_EVIDENCE"": 1, ""UNSUPPORTED"": 2}",A;B;C,False
relation_semantic_v2,RSEM-0176,RSEM-0176,UNSUPPORTED,UNSUPPORTED,UNSUPPORTED,weak_consensus,3,2,"{""SUPPORTED"": 1, ""UNSUPPORTED"": 2}",A;B;C,False
relation_semantic_v2,RSEM-0177,RSEM-0177,SUPPORTED,SUPPORTED,SUPPORTED,weak_consensus,3,2,"{""CONTEXTUAL_ONLY"": 1, ""SUPPORTED"": 2}",A;B;C,False
relation_semantic_v2,RSEM-0178,RSEM-0178,UNSUPPORTED,UNSUPPORTED,UNSUPPORTED,weak_consensus,3,2,"{""CONTEXTUAL_ONLY"": 1, ""UNSUPPORTED"": 2}",A;B;C,False
relation_semantic_v2,RSEM-0179,RSEM-0179,SUPPORTED,SUPPORTED,SUPPORTED,strong_consensus,3,3,"{""SUPPORTED"": 3}",A;B;C,False
relation_semantic_v2,RSEM-0180,RSEM-0180,UNSUPPORTED,UNSUPPORTED,UNSUPPORTED,strong_consensus,3,3,"{""UNSUPPORTED"": 3}",A;B;C,False
relation_semantic_v2,RSEM-0181,RSEM-0181,CONTEXTUAL_ONLY,CONTEXTUAL_ONLY,CONTEXTUAL_ONLY,weak_consensus,3,2,"{""CONTEXTUAL_ONLY"": 2, ""UNSUPPORTED"": 1}",A;B;C,False
relation_semantic_v2,RSEM-0182,RSEM-0182,SUPPORTED,SUPPORTED,SUPPORTED,strong_consensus,3,3,"{""SUPPORTED"": 3}",A;B;C,False
relation_semantic_v2,RSEM-0183,RSEM-0183,SUPPORTED,SUPPORTED,SUPPORTED,strong_consensus,3,3,"{""SUPPORTED"": 3}",A;B;C,False
relation_semantic_v2,RSEM-0184,RSEM-0184,SUPPORTED,SUPPORTED,SUPPORTED,strong_consensus,3,3,"{""SUPPORTED"": 3}",A;B;C,False
relation_semantic_v2,RSEM-0185,RSEM-0185,SUPPORTED,SUPPORTED,SUPPORTED,strong_consensus,3,3,"{""SUPPORTED"": 3}",A;B;C,False
relation_semantic_v2,RSEM-0186,RSEM-0186,CONTEXTUAL_ONLY,CONTEXTUAL_ONLY,CONTEXTUAL_ONLY,weak_consensus,3,2,"{""CONTEXTUAL_ONLY"": 2, ""SUPPORTED"": 1}",A;B;C,False
relation_semantic_v2,RSEM-0187,RSEM-0187,SUPPORTED,SUPPORTED,SUPPORTED,weak_consensus,3,2,"{""CONTEXTUAL_ONLY"": 1, ""SUPPORTED"": 2}",A;B;C,False
relation_semantic_v2,RSEM-0188,RSEM-0188,SUPPORTED,SUPPORTED,SUPPORTED,weak_consensus,3,2,"{""CONTEXTUAL_ONLY"": 1, ""SUPPORTED"": 2}",A;B;C,False
relation_semantic_v2,RSEM-0189,RSEM-0189,SUPPORTED,SUPPORTED,SUPPORTED,strong_consensus,3,3,"{""SUPPORTED"": 3}",A;B;C,False
relation_semantic_v2,RSEM-0190,RSEM-0190,UNSUPPORTED,UNSUPPORTED,UNSUPPORTED,strong_consensus,3,3,"{""UNSUPPORTED"": 3}",A;B;C,False
relation_semantic_v2,RSEM-0191,RSEM-0191,UNSUPPORTED,UNSUPPORTED,UNSUPPORTED,strong_consensus,3,3,"{""UNSUPPORTED"": 3}",A;B;C,False
relation_semantic_v2,RSEM-0193,RSEM-0193,SUPPORTED,SUPPORTED,SUPPORTED,strong_consensus,3,3,"{""SUPPORTED"": 3}",A;B;C,False
relation_semantic_v2,RSEM-0194,RSEM-0194,UNSUPPORTED,UNSUPPORTED,UNSUPPORTED,weak_consensus,3,2,"{""INSUFFICIENT_EVIDENCE"": 1, ""UNSUPPORTED"": 2}",A;B;C,False
relation_semantic_v2,RSEM-0195,RSEM-0195,SUPPORTED,SUPPORTED,SUPPORTED,strong_consensus,3,3,"{""SUPPORTED"": 3}",A;B;C,False
relation_semantic_v2,RSEM-0196,RSEM-0196,UNSUPPORTED,UNSUPPORTED,UNSUPPORTED,strong_consensus,3,3,"{""UNSUPPORTED"": 3}",A;B;C,False
relation_semantic_v2,RSEM-0197,RSEM-0197,UNSUPPORTED,UNSUPPORTED,UNSUPPORTED,weak_consensus,3,2,"{""INSUFFICIENT_EVIDENCE"": 1, ""UNSUPPORTED"": 2}",A;B;C,False
relation_semantic_v2,RSEM-0198,RSEM-0198,CONTEXTUAL_ONLY,CONTEXTUAL_ONLY,CONTEXTUAL_ONLY,weak_consensus,3,2,"{""CONTEXTUAL_ONLY"": 2, ""SUPPORTED"": 1}",A;B;C,False
relation_semantic_v2,RSEM-0199,RSEM-0199,UNSUPPORTED,UNSUPPORTED,UNSUPPORTED,strong_consensus,3,3,"{""UNSUPPORTED"": 3}",A;B;C,False
relation_semantic_v2,RSEM-0200,RSEM-0200,SUPPORTED,SUPPORTED,SUPPORTED,strong_consensus,3,3,"{""SUPPORTED"": 3}",A;B;C,False
relation_semantic_v2,RSEM-0201,RSEM-0201,UNSUPPORTED,UNSUPPORTED,UNSUPPORTED,strong_consensus,3,3,"{""UNSUPPORTED"": 3}",A;B;C,False
relation_semantic_v2,RSEM-0202,RSEM-0202,UNSUPPORTED,UNSUPPORTED,UNSUPPORTED,strong_consensus,3,3,"{""UNSUPPORTED"": 3}",A;B;C,False
relation_semantic_v2,RSEM-0203,RSEM-0203,UNSUPPORTED,UNSUPPORTED,UNSUPPORTED,weak_consensus,3,2,"{""INSUFFICIENT_EVIDENCE"": 1, ""UNSUPPORTED"": 2}",A;B;C,False
relation_semantic_v2,RSEM-0204,RSEM-0204,CONTEXTUAL_ONLY,CONTEXTUAL_ONLY,CONTEXTUAL_ONLY,weak_consensus,3,2,"{""CONTEXTUAL_ONLY"": 2, ""UNSUPPORTED"": 1}",A;B;C,False
relation_semantic_v2,RSEM-0205,RSEM-0205,SUPPORTED,SUPPORTED,SUPPORTED,strong_consensus,3,3,"{""SUPPORTED"": 3}",A;B;C,False
relation_semantic_v2,RSEM-0206,RSEM-0206,CONTEXTUAL_ONLY,CONTEXTUAL_ONLY,CONTEXTUAL_ONLY,weak_consensus,3,2,"{""CONTEXTUAL_ONLY"": 2, ""SUPPORTED"": 1}",A;B;C,False
relation_semantic_v2,RSEM-0207,RSEM-0207,SUPPORTED,SUPPORTED,SUPPORTED,strong_consensus,3,3,"{""SUPPORTED"": 3}",A;B;C,False
relation_semantic_v2,RSEM-0208,RSEM-0208,SUPPORTED,SUPPORTED,SUPPORTED,strong_consensus,3,3,"{""SUPPORTED"": 3}",A;B;C,False
relation_semantic_v2,RSEM-0209,RSEM-0209,SUPPORTED,SUPPORTED,SUPPORTED,strong_consensus,3,3,"{""SUPPORTED"": 3}",A;B;C,False
relation_semantic_v2,RSEM-0210,RSEM-0210,SUPPORTED,SUPPORTED,SUPPORTED,strong_consensus,3,3,"{""SUPPORTED"": 3}",A;B;C,False
relation_semantic_v2,RSEM-0211,RSEM-0211,SUPPORTED,SUPPORTED,SUPPORTED,strong_consensus,3,3,"{""SUPPORTED"": 3}",A;B;C,False
relation_semantic_v2,RSEM-0212,RSEM-0212,UNSUPPORTED,UNSUPPORTED,UNSUPPORTED,strong_consensus,3,3,"{""UNSUPPORTED"": 3}",A;B;C,False
relation_semantic_v2,RSEM-0213,RSEM-0213,SUPPORTED,SUPPORTED,SUPPORTED,strong_consensus,3,3,"{""SUPPORTED"": 3}",A;B;C,False
relation_semantic_v2,RSEM-0214,RSEM-0214,SUPPORTED,SUPPORTED,SUPPORTED,weak_consensus,3,2,"{""SUPPORTED"": 2, ""UNSUPPORTED"": 1}",A;B;C,False
relation_semantic_v2,RSEM-0215,RSEM-0215,SUPPORTED,SUPPORTED,SUPPORTED,strong_consensus,3,3,"{""SUPPORTED"": 3}",A;B;C,False
relation_semantic_v2,RSEM-0216,RSEM-0216,SUPPORTED,SUPPORTED,SUPPORTED,weak_consensus,3,2,"{""CONTEXTUAL_ONLY"": 1, ""SUPPORTED"": 2}",A;B;C,False
relation_semantic_v2,RSEM-0217,RSEM-0217,CONTEXTUAL_ONLY,CONTEXTUAL_ONLY,CONTEXTUAL_ONLY,strong_consensus,3,3,"{""CONTEXTUAL_ONLY"": 3}",A;B;C,False
relation_semantic_v2,RSEM-0218,RSEM-0218,CONTEXTUAL_ONLY,CONTEXTUAL_ONLY,CONTEXTUAL_ONLY,weak_consensus,3,2,"{""CONTEXTUAL_ONLY"": 2, ""UNSUPPORTED"": 1}",A;B;C,False
relation_semantic_v2,RSEM-0219,RSEM-0219,CONTEXTUAL_ONLY,CONTEXTUAL_ONLY,CONTEXTUAL_ONLY,strong_consensus,3,3,"{""CONTEXTUAL_ONLY"": 3}",A;B;C,False
relation_semantic_v2,RSEM-0220,RSEM-0220,SUPPORTED,SUPPORTED,SUPPORTED,strong_consensus,3,3,"{""SUPPORTED"": 3}",A;B;C,False
relation_semantic_v2,RSEM-0221,RSEM-0221,SUPPORTED,SUPPORTED,SUPPORTED,strong_consensus,3,3,"{""SUPPORTED"": 3}",A;B;C,False
relation_semantic_v2,RSEM-0222,RSEM-0222,UNSUPPORTED,UNSUPPORTED,UNSUPPORTED,strong_consensus,3,3,"{""UNSUPPORTED"": 3}",A;B;C,False
relation_semantic_v2,RSEM-0223,RSEM-0223,SUPPORTED,SUPPORTED,SUPPORTED,strong_consensus,3,3,"{""SUPPORTED"": 3}",A;B;C,False
relation_semantic_v2,RSEM-0224,RSEM-0224,SUPPORTED,SUPPORTED,SUPPORTED,strong_consensus,3,3,"{""SUPPORTED"": 3}",A;B;C,False
relation_semantic_v2,RSEM-0227,RSEM-0227,SUPPORTED,SUPPORTED,SUPPORTED,strong_consensus,3,3,"{""SUPPORTED"": 3}",A;B;C,False
relation_semantic_v2,RSEM-0228,RSEM-0228,SUPPORTED,SUPPORTED,SUPPORTED,weak_consensus,3,2,"{""CONTEXTUAL_ONLY"": 1, ""SUPPORTED"": 2}",A;B;C,False
relation_semantic_v2,RSEM-0229,RSEM-0229,SUPPORTED,SUPPORTED,SUPPORTED,strong_consensus,3,3,"{""SUPPORTED"": 3}",A;B;C,False
relation_semantic_v2,RSEM-0230,RSEM-0230,SUPPORTED,SUPPORTED,SUPPORTED,weak_consensus,3,2,"{""CONTEXTUAL_ONLY"": 1, ""SUPPORTED"": 2}",A;B;C,False
relation_semantic_v2,RSEM-0231,RSEM-0231,UNSUPPORTED,UNSUPPORTED,UNSUPPORTED,weak_consensus,3,2,"{""CONTEXTUAL_ONLY"": 1, ""UNSUPPORTED"": 2}",A;B;C,False
relation_semantic_v2,RSEM-0232,RSEM-0232,SUPPORTED,SUPPORTED,SUPPORTED,strong_consensus,3,3,"{""SUPPORTED"": 3}",A;B;C,False
relation_semantic_v2,RSEM-0233,RSEM-0233,CONTEXTUAL_ONLY,CONTEXTUAL_ONLY,CONTEXTUAL_ONLY,strong_consensus,3,3,"{""CONTEXTUAL_ONLY"": 3}",A;B;C,False
relation_semantic_v2,RSEM-0234,RSEM-0234,SUPPORTED,SUPPORTED,SUPPORTED,strong_consensus,3,3,"{""SUPPORTED"": 3}",A;B;C,False
relation_semantic_v2,RSEM-0235,RSEM-0235,SUPPORTED,SUPPORTED,SUPPORTED,weak_consensus,3,2,"{""CONTEXTUAL_ONLY"": 1, ""SUPPORTED"": 2}",A;B;C,False
relation_semantic_v2,RSEM-0236,RSEM-0236,CONTEXTUAL_ONLY,CONTEXTUAL_ONLY,CONTEXTUAL_ONLY,weak_consensus,3,2,"{""CONTEXTUAL_ONLY"": 2, ""UNSUPPORTED"": 1}",A;B;C,False
relation_semantic_v2,RSEM-0237,RSEM-0237,UNSUPPORTED,UNSUPPORTED,UNSUPPORTED,strong_consensus,3,3,"{""UNSUPPORTED"": 3}",A;B;C,False
relation_semantic_v2,RSEM-0238,RSEM-0238,CONTEXTUAL_ONLY,CONTEXTUAL_ONLY,CONTEXTUAL_ONLY,weak_consensus,3,2,"{""CONTEXTUAL_ONLY"": 2, ""SUPPORTED"": 1}",A;B;C,False
relation_semantic_v2,RSEM-0240,RSEM-0240,SUPPORTED,SUPPORTED,SUPPORTED,weak_consensus,3,2,"{""SUPPORTED"": 2, ""UNSUPPORTED"": 1}",A;B;C,False
relation_semantic_v2,RSEM-0242,RSEM-0242,SUPPORTED,SUPPORTED,SUPPORTED,weak_consensus,3,2,"{""CONTEXTUAL_ONLY"": 1, ""SUPPORTED"": 2}",A;B;C,False
relation_semantic_v2,RSEM-0243,RSEM-0243,UNSUPPORTED,UNSUPPORTED,UNSUPPORTED,strong_consensus,3,3,"{""UNSUPPORTED"": 3}",A;B;C,False
relation_semantic_v2,RSEM-0244,RSEM-0244,SUPPORTED,SUPPORTED,SUPPORTED,strong_consensus,3,3,"{""SUPPORTED"": 3}",A;B;C,False
relation_semantic_v2,RSEM-0245,RSEM-0245,UNSUPPORTED,UNSUPPORTED,UNSUPPORTED,strong_consensus,3,3,"{""UNSUPPORTED"": 3}",A;B;C,False
relation_semantic_v2,RSEM-0246,RSEM-0246,SUPPORTED,SUPPORTED,SUPPORTED,weak_consensus,3,2,"{""CONTEXTUAL_ONLY"": 1, ""SUPPORTED"": 2}",A;B;C,False
relation_semantic_v2,RSEM-0247,RSEM-0247,SUPPORTED,SUPPORTED,SUPPORTED,strong_consensus,3,3,"{""SUPPORTED"": 3}",A;B;C,False
relation_semantic_v2,RSEM-0248,RSEM-0248,CONTEXTUAL_ONLY,CONTEXTUAL_ONLY,CONTEXTUAL_ONLY,weak_consensus,3,2,"{""CONTEXTUAL_ONLY"": 2, ""INSUFFICIENT_EVIDENCE"": 1}",A;B;C,False
relation_semantic_v2,RSEM-0249,RSEM-0249,UNSUPPORTED,UNSUPPORTED,UNSUPPORTED,weak_consensus,3,2,"{""CONTEXTUAL_ONLY"": 1, ""UNSUPPORTED"": 2}",A;B;C,False
relation_semantic_v2,RSEM-0250,RSEM-0250,SUPPORTED,SUPPORTED,SUPPORTED,strong_consensus,3,3,"{""SUPPORTED"": 3}",A;B;C,False
relation_semantic_v2,RSEM-0251,RSEM-0251,SUPPORTED,SUPPORTED,SUPPORTED,strong_consensus,3,3,"{""SUPPORTED"": 3}",A;B;C,False
relation_semantic_v2,RSEM-0252,RSEM-0252,SUPPORTED,SUPPORTED,SUPPORTED,weak_consensus,3,2,"{""CONTEXTUAL_ONLY"": 1, ""SUPPORTED"": 2}",A;B;C,False
relation_semantic_v2,RSEM-0253,RSEM-0253,UNSUPPORTED,UNSUPPORTED,UNSUPPORTED,weak_consensus,3,2,"{""CONTRADICTED"": 1, ""UNSUPPORTED"": 2}",A;B;C,False
relation_semantic_v2,RSEM-0254,RSEM-0254,SUPPORTED,SUPPORTED,SUPPORTED,strong_consensus,3,3,"{""SUPPORTED"": 3}",A;B;C,False
relation_semantic_v2,RSEM-0255,RSEM-0255,SUPPORTED,SUPPORTED,SUPPORTED,strong_consensus,3,3,"{""SUPPORTED"": 3}",A;B;C,False
relation_semantic_v2,RSEM-0256,RSEM-0256,UNSUPPORTED,UNSUPPORTED,UNSUPPORTED,weak_consensus,3,2,"{""INSUFFICIENT_EVIDENCE"": 1, ""UNSUPPORTED"": 2}",A;B;C,False
relation_semantic_v2,RSEM-0257,RSEM-0257,UNSUPPORTED,UNSUPPORTED,UNSUPPORTED,strong_consensus,3,3,"{""UNSUPPORTED"": 3}",A;B;C,False
relation_semantic_v2,RSEM-0258,RSEM-0258,SUPPORTED,SUPPORTED,SUPPORTED,strong_consensus,3,3,"{""SUPPORTED"": 3}",A;B;C,False
relation_semantic_v2,RSEM-0259,RSEM-0259,SUPPORTED,SUPPORTED,SUPPORTED,strong_consensus,3,3,"{""SUPPORTED"": 3}",A;B;C,False
relation_semantic_v2,RSEM-0260,RSEM-0260,SUPPORTED,SUPPORTED,SUPPORTED,strong_consensus,3,3,"{""SUPPORTED"": 3}",A;B;C,False
relation_semantic_v2,RSEM-0261,RSEM-0261,UNSUPPORTED,UNSUPPORTED,UNSUPPORTED,weak_consensus,3,2,"{""CONTEXTUAL_ONLY"": 1, ""UNSUPPORTED"": 2}",A;B;C,False
relation_semantic_v2,RSEM-0262,RSEM-0262,CONTEXTUAL_ONLY,CONTEXTUAL_ONLY,CONTEXTUAL_ONLY,weak_consensus,3,2,"{""CONTEXTUAL_ONLY"": 2, ""SUPPORTED"": 1}",A;B;C,False
relation_semantic_v2,RSEM-0263,RSEM-0263,UNSUPPORTED,UNSUPPORTED,UNSUPPORTED,weak_consensus,3,2,"{""CONTEXTUAL_ONLY"": 1, ""UNSUPPORTED"": 2}",A;B;C,False
relation_semantic_v2,RSEM-0264,RSEM-0264,SUPPORTED,SUPPORTED,SUPPORTED,strong_consensus,3,3,"{""SUPPORTED"": 3}",A;B;C,False
relation_semantic_v2,RSEM-0265,RSEM-0265,UNSUPPORTED,UNSUPPORTED,UNSUPPORTED,strong_consensus,3,3,"{""UNSUPPORTED"": 3}",A;B;C,False
relation_semantic_v2,RSEM-0266,RSEM-0266,SUPPORTED,SUPPORTED,SUPPORTED,strong_consensus,3,3,"{""SUPPORTED"": 3}",A;B;C,False
relation_semantic_v2,RSEM-0267,RSEM-0267,SUPPORTED,SUPPORTED,SUPPORTED,strong_consensus,3,3,"{""SUPPORTED"": 3}",A;B;C,False
relation_semantic_v2,RSEM-0268,RSEM-0268,SUPPORTED,SUPPORTED,SUPPORTED,strong_consensus,3,3,"{""SUPPORTED"": 3}",A;B;C,False
relation_semantic_v2,RSEM-0269,RSEM-0269,UNSUPPORTED,UNSUPPORTED,UNSUPPORTED,weak_consensus,3,2,"{""INSUFFICIENT_EVIDENCE"": 1, ""UNSUPPORTED"": 2}",A;B;C,False
relation_semantic_v2,RSEM-0270,RSEM-0270,UNSUPPORTED,UNSUPPORTED,UNSUPPORTED,weak_consensus,3,2,"{""CONTEXTUAL_ONLY"": 1, ""UNSUPPORTED"": 2}",A;B;C,False
relation_semantic_v2,RSEM-0271,RSEM-0271,UNSUPPORTED,UNSUPPORTED,UNSUPPORTED,strong_consensus,3,3,"{""UNSUPPORTED"": 3}",A;B;C,False
relation_semantic_v2,RSEM-0272,RSEM-0272,SUPPORTED,SUPPORTED,SUPPORTED,strong_consensus,3,3,"{""SUPPORTED"": 3}",A;B;C,False
relation_semantic_v2,RSEM-0273,RSEM-0273,SUPPORTED,SUPPORTED,SUPPORTED,strong_consensus,3,3,"{""SUPPORTED"": 3}",A;B;C,False
relation_semantic_v2,RSEM-0274,RSEM-0274,SUPPORTED,SUPPORTED,SUPPORTED,weak_consensus,3,2,"{""SUPPORTED"": 2, ""UNSUPPORTED"": 1}",A;B;C,False
relation_semantic_v2,RSEM-0275,RSEM-0275,SUPPORTED,SUPPORTED,SUPPORTED,strong_consensus,3,3,"{""SUPPORTED"": 3}",A;B;C,False
relation_semantic_v2,RSEM-0276,RSEM-0276,INSUFFICIENT_EVIDENCE,INSUFFICIENT_EVIDENCE,INSUFFICIENT_EVIDENCE,weak_consensus,3,2,"{""INSUFFICIENT_EVIDENCE"": 2, ""UNSUPPORTED"": 1}",A;B;C,False
relation_semantic_v2,RSEM-0277,RSEM-0277,UNSUPPORTED,UNSUPPORTED,UNSUPPORTED,strong_consensus,3,3,"{""UNSUPPORTED"": 3}",A;B;C,False
relation_semantic_v2,RSEM-0278,RSEM-0278,UNSUPPORTED,UNSUPPORTED,UNSUPPORTED,weak_consensus,3,2,"{""INSUFFICIENT_EVIDENCE"": 1, ""UNSUPPORTED"": 2}",A;B;C,False
relation_semantic_v2,RSEM-0279,RSEM-0279,SUPPORTED,SUPPORTED,SUPPORTED,strong_consensus,3,3,"{""SUPPORTED"": 3}",A;B;C,False
relation_semantic_v2,RSEM-0280,RSEM-0280,SUPPORTED,SUPPORTED,SUPPORTED,weak_consensus,3,2,"{""CONTEXTUAL_ONLY"": 1, ""SUPPORTED"": 2}",A;B;C,False
relation_semantic_v2,RSEM-0281,RSEM-0281,UNSUPPORTED,UNSUPPORTED,UNSUPPORTED,weak_consensus,3,2,"{""INSUFFICIENT_EVIDENCE"": 1, ""UNSUPPORTED"": 2}",A;B;C,False
relation_semantic_v2,RSEM-0282,RSEM-0282,SUPPORTED,SUPPORTED,SUPPORTED,strong_consensus,3,3,"{""SUPPORTED"": 3}",A;B;C,False
relation_semantic_v2,RSEM-0283,RSEM-0283,SUPPORTED,SUPPORTED,SUPPORTED,strong_consensus,3,3,"{""SUPPORTED"": 3}",A;B;C,False
relation_semantic_v2,RSEM-0284,RSEM-0284,SUPPORTED,SUPPORTED,SUPPORTED,weak_consensus,3,2,"{""CONTEXTUAL_ONLY"": 1, ""SUPPORTED"": 2}",A;B;C,False
relation_semantic_v2,RSEM-0285,RSEM-0285,CONTEXTUAL_ONLY,CONTEXTUAL_ONLY,CONTEXTUAL_ONLY,weak_consensus,3,2,"{""CONTEXTUAL_ONLY"": 2, ""UNSUPPORTED"": 1}",A;B;C,False
relation_semantic_v2,RSEM-0286,RSEM-0286,SUPPORTED,SUPPORTED,SUPPORTED,strong_consensus,3,3,"{""SUPPORTED"": 3}",A;B;C,False
relation_semantic_v2,RSEM-0288,RSEM-0288,UNSUPPORTED,UNSUPPORTED,UNSUPPORTED,weak_consensus,3,2,"{""CONTEXTUAL_ONLY"": 1, ""UNSUPPORTED"": 2}",A;B;C,False
relation_semantic_v2,RSEM-0289,RSEM-0289,SUPPORTED,SUPPORTED,SUPPORTED,weak_consensus,3,2,"{""CONTEXTUAL_ONLY"": 1, ""SUPPORTED"": 2}",A;B;C,False
relation_semantic_v2,RSEM-0290,RSEM-0290,CONTEXTUAL_ONLY,CONTEXTUAL_ONLY,CONTEXTUAL_ONLY,weak_consensus,3,2,"{""CONTEXTUAL_ONLY"": 2, ""UNSUPPORTED"": 1}",A;B;C,False
relation_semantic_v2,RSEM-0291,RSEM-0291,SUPPORTED,SUPPORTED,SUPPORTED,weak_consensus,3,2,"{""CONTEXTUAL_ONLY"": 1, ""SUPPORTED"": 2}",A;B;C,False
relation_semantic_v2,RSEM-0292,RSEM-0292,CONTRADICTED,CONTRADICTED,CONTRADICTED,weak_consensus,3,2,"{""CONTEXTUAL_ONLY"": 1, ""CONTRADICTED"": 2}",A;B;C,False
relation_semantic_v2,RSEM-0293,RSEM-0293,SUPPORTED,SUPPORTED,SUPPORTED,strong_consensus,3,3,"{""SUPPORTED"": 3}",A;B;C,False
relation_semantic_v2,RSEM-0294,RSEM-0294,SUPPORTED,SUPPORTED,SUPPORTED,strong_consensus,3,3,"{""SUPPORTED"": 3}",A;B;C,False
relation_semantic_v2,RSEM-0295,RSEM-0295,SUPPORTED,SUPPORTED,SUPPORTED,weak_consensus,3,2,"{""CONTEXTUAL_ONLY"": 1, ""SUPPORTED"": 2}",A;B;C,False
relation_semantic_v2,RSEM-0296,RSEM-0296,INSUFFICIENT_EVIDENCE,INSUFFICIENT_EVIDENCE,INSUFFICIENT_EVIDENCE,weak_consensus,3,2,"{""INSUFFICIENT_EVIDENCE"": 2, ""UNSUPPORTED"": 1}",A;B;C,False
relation_semantic_v2,RSEM-0297,RSEM-0297,SUPPORTED,SUPPORTED,SUPPORTED,strong_consensus,3,3,"{""SUPPORTED"": 3}",A;B;C,False
relation_semantic_v2,RSEM-0298,RSEM-0298,SUPPORTED,SUPPORTED,SUPPORTED,strong_consensus,3,3,"{""SUPPORTED"": 3}",A;B;C,False
relation_semantic_v2,RSEM-0300,RSEM-0300,SUPPORTED,SUPPORTED,SUPPORTED,strong_consensus,3,3,"{""SUPPORTED"": 3}",A;B;C,False
relation_semantic_v2,RSEM-0301,RSEM-0301,UNSUPPORTED,UNSUPPORTED,UNSUPPORTED,strong_consensus,3,3,"{""UNSUPPORTED"": 3}",A;B;C,False
relation_semantic_v2,RSEM-0302,RSEM-0302,SUPPORTED,SUPPORTED,SUPPORTED,strong_consensus,3,3,"{""SUPPORTED"": 3}",A;B;C,False
relation_semantic_v2,RSEM-0303,RSEM-0303,SUPPORTED,SUPPORTED,SUPPORTED,strong_consensus,3,3,"{""SUPPORTED"": 3}",A;B;C,False
relation_semantic_v2,RSEM-0304,RSEM-0304,SUPPORTED,SUPPORTED,SUPPORTED,strong_consensus,3,3,"{""SUPPORTED"": 3}",A;B;C,False
relation_semantic_v2,RSEM-0305,RSEM-0305,SUPPORTED,SUPPORTED,SUPPORTED,weak_consensus,3,2,"{""CONTEXTUAL_ONLY"": 1, ""SUPPORTED"": 2}",A;B;C,False
relation_semantic_v2,RSEM-0306,RSEM-0306,SUPPORTED,SUPPORTED,SUPPORTED,strong_consensus,3,3,"{""SUPPORTED"": 3}",A;B;C,False
relation_semantic_v2,RSEM-0307,RSEM-0307,SUPPORTED,SUPPORTED,SUPPORTED,strong_consensus,3,3,"{""SUPPORTED"": 3}",A;B;C,False
relation_semantic_v2,RSEM-0308,RSEM-0308,SUPPORTED,SUPPORTED,SUPPORTED,strong_consensus,3,3,"{""SUPPORTED"": 3}",A;B;C,False
relation_semantic_v2,RSEM-0309,RSEM-0309,UNSUPPORTED,UNSUPPORTED,UNSUPPORTED,strong_consensus,3,3,"{""UNSUPPORTED"": 3}",A;B;C,False
relation_semantic_v2,RSEM-0310,RSEM-0310,CONTEXTUAL_ONLY,CONTEXTUAL_ONLY,CONTEXTUAL_ONLY,weak_consensus,3,2,"{""CONTEXTUAL_ONLY"": 2, ""UNSUPPORTED"": 1}",A;B;C,False
relation_semantic_v2,RSEM-0311,RSEM-0311,UNSUPPORTED,UNSUPPORTED,UNSUPPORTED,weak_consensus,3,2,"{""CONTRADICTED"": 1, ""UNSUPPORTED"": 2}",A;B;C,False
relation_semantic_v2,RSEM-0312,RSEM-0312,CONTEXTUAL_ONLY,CONTEXTUAL_ONLY,CONTEXTUAL_ONLY,strong_consensus,3,3,"{""CONTEXTUAL_ONLY"": 3}",A;B;C,False
relation_semantic_v2,RSEM-0313,RSEM-0313,SUPPORTED,SUPPORTED,SUPPORTED,weak_consensus,3,2,"{""SUPPORTED"": 2, ""UNSUPPORTED"": 1}",A;B;C,False
relation_semantic_v2,RSEM-0314,RSEM-0314,CONTEXTUAL_ONLY,CONTEXTUAL_ONLY,CONTEXTUAL_ONLY,weak_consensus,3,2,"{""CONTEXTUAL_ONLY"": 2, ""UNSUPPORTED"": 1}",A;B;C,False
relation_semantic_v2,RSEM-0315,RSEM-0315,SUPPORTED,SUPPORTED,SUPPORTED,strong_consensus,3,3,"{""SUPPORTED"": 3}",A;B;C,False
relation_semantic_v2,RSEM-0316,RSEM-0316,SUPPORTED,SUPPORTED,SUPPORTED,weak_consensus,3,2,"{""SUPPORTED"": 2, ""UNSUPPORTED"": 1}",A;B;C,False
relation_semantic_v2,RSEM-0317,RSEM-0317,SUPPORTED,SUPPORTED,SUPPORTED,strong_consensus,3,3,"{""SUPPORTED"": 3}",A;B;C,False
relation_semantic_v2,RSEM-0318,RSEM-0318,SUPPORTED,SUPPORTED,SUPPORTED,strong_consensus,3,3,"{""SUPPORTED"": 3}",A;B;C,False
relation_semantic_v2,RSEM-0320,RSEM-0320,UNSUPPORTED,UNSUPPORTED,UNSUPPORTED,strong_consensus,3,3,"{""UNSUPPORTED"": 3}",A;B;C,False
relation_semantic_v2,RSEM-0321,RSEM-0321,UNSUPPORTED,UNSUPPORTED,UNSUPPORTED,weak_consensus,3,2,"{""CONTEXTUAL_ONLY"": 1, ""UNSUPPORTED"": 2}",A;B;C,False
relation_semantic_v2,RSEM-0322,RSEM-0322,UNSUPPORTED,UNSUPPORTED,UNSUPPORTED,strong_consensus,3,3,"{""UNSUPPORTED"": 3}",A;B;C,False
relation_semantic_v2,RSEM-0323,RSEM-0323,UNSUPPORTED,UNSUPPORTED,UNSUPPORTED,strong_consensus,3,3,"{""UNSUPPORTED"": 3}",A;B;C,False
relation_semantic_v2,RSEM-0324,RSEM-0324,UNSUPPORTED,UNSUPPORTED,UNSUPPORTED,weak_consensus,3,2,"{""INSUFFICIENT_EVIDENCE"": 1, ""UNSUPPORTED"": 2}",A;B;C,False
relation_semantic_v2,RSEM-0325,RSEM-0325,INSUFFICIENT_EVIDENCE,INSUFFICIENT_EVIDENCE,INSUFFICIENT_EVIDENCE,weak_consensus,3,2,"{""INSUFFICIENT_EVIDENCE"": 2, ""UNSUPPORTED"": 1}",A;B;C,False
relation_semantic_v2,RSEM-0326,RSEM-0326,CONTEXTUAL_ONLY,CONTEXTUAL_ONLY,CONTEXTUAL_ONLY,strong_consensus,3,3,"{""CONTEXTUAL_ONLY"": 3}",A;B;C,False
relation_semantic_v2,RSEM-0327,RSEM-0327,SUPPORTED,SUPPORTED,SUPPORTED,strong_consensus,3,3,"{""SUPPORTED"": 3}",A;B;C,False
relation_semantic_v2,RSEM-0328,RSEM-0328,UNSUPPORTED,UNSUPPORTED,UNSUPPORTED,strong_consensus,3,3,"{""UNSUPPORTED"": 3}",A;B;C,False
relation_semantic_v2,RSEM-0329,RSEM-0329,SUPPORTED,SUPPORTED,SUPPORTED,weak_consensus,3,2,"{""CONTEXTUAL_ONLY"": 1, ""SUPPORTED"": 2}",A;B;C,False
relation_semantic_v2,RSEM-0330,RSEM-0330,SUPPORTED,SUPPORTED,SUPPORTED,strong_consensus,3,3,"{""SUPPORTED"": 3}",A;B;C,False
relation_semantic_v2,RSEM-0331,RSEM-0331,UNSUPPORTED,UNSUPPORTED,UNSUPPORTED,strong_consensus,3,3,"{""UNSUPPORTED"": 3}",A;B;C,False
relation_semantic_v2,RSEM-0332,RSEM-0332,SUPPORTED,SUPPORTED,SUPPORTED,strong_consensus,3,3,"{""SUPPORTED"": 3}",A;B;C,False
relation_semantic_v2,RSEM-0333,RSEM-0333,SUPPORTED,SUPPORTED,SUPPORTED,strong_consensus,3,3,"{""SUPPORTED"": 3}",A;B;C,False
relation_semantic_v2,RSEM-0334,RSEM-0334,SUPPORTED,SUPPORTED,SUPPORTED,weak_consensus,3,2,"{""SUPPORTED"": 2, ""UNSUPPORTED"": 1}",A;B;C,False
relation_semantic_v2,RSEM-0335,RSEM-0335,SUPPORTED,SUPPORTED,SUPPORTED,strong_consensus,3,3,"{""SUPPORTED"": 3}",A;B;C,False
relation_semantic_v2,RSEM-0336,RSEM-0336,SUPPORTED,SUPPORTED,SUPPORTED,strong_consensus,3,3,"{""SUPPORTED"": 3}",A;B;C,False
relation_semantic_v2,RSEM-0337,RSEM-0337,UNSUPPORTED,UNSUPPORTED,UNSUPPORTED,weak_consensus,3,2,"{""CONTEXTUAL_ONLY"": 1, ""UNSUPPORTED"": 2}",A;B;C,False
relation_semantic_v2,RSEM-0338,RSEM-0338,UNSUPPORTED,UNSUPPORTED,UNSUPPORTED,strong_consensus,3,3,"{""UNSUPPORTED"": 3}",A;B;C,False
relation_semantic_v2,RSEM-0340,RSEM-0340,SUPPORTED,SUPPORTED,SUPPORTED,weak_consensus,3,2,"{""CONTEXTUAL_ONLY"": 1, ""SUPPORTED"": 2}",A;B;C,False
relation_semantic_v2,RSEM-0342,RSEM-0342,CONTRADICTED,CONTRADICTED,CONTRADICTED,strong_consensus,3,3,"{""CONTRADICTED"": 3}",A;B;C,False
relation_semantic_v2,RSEM-0343,RSEM-0343,UNSUPPORTED,UNSUPPORTED,UNSUPPORTED,strong_consensus,3,3,"{""UNSUPPORTED"": 3}",A;B;C,False
relation_semantic_v2,RSEM-0344,RSEM-0344,SUPPORTED,SUPPORTED,SUPPORTED,strong_consensus,3,3,"{""SUPPORTED"": 3}",A;B;C,False
relation_semantic_v2,RSEM-0346,RSEM-0346,SUPPORTED,SUPPORTED,SUPPORTED,strong_consensus,3,3,"{""SUPPORTED"": 3}",A;B;C,False
relation_semantic_v2,RSEM-0347,RSEM-0347,SUPPORTED,SUPPORTED,SUPPORTED,strong_consensus,3,3,"{""SUPPORTED"": 3}",A;B;C,False
relation_semantic_v2,RSEM-0348,RSEM-0348,SUPPORTED,SUPPORTED,SUPPORTED,strong_consensus,3,3,"{""SUPPORTED"": 3}",A;B;C,False
relation_semantic_v2,RSEM-0349,RSEM-0349,SUPPORTED,SUPPORTED,SUPPORTED,strong_consensus,3,3,"{""SUPPORTED"": 3}",A;B;C,False
relation_semantic_v2,RSEM-0350,RSEM-0350,CONTEXTUAL_ONLY,CONTEXTUAL_ONLY,CONTEXTUAL_ONLY,weak_consensus,3,2,"{""CONTEXTUAL_ONLY"": 2, ""SUPPORTED"": 1}",A;B;C,False
relation_semantic_v2,RSEM-0352,RSEM-0352,SUPPORTED,SUPPORTED,SUPPORTED,strong_consensus,3,3,"{""SUPPORTED"": 3}",A;B;C,False
relation_semantic_v2,RSEM-0353,RSEM-0353,SUPPORTED,SUPPORTED,SUPPORTED,weak_consensus,3,2,"{""SUPPORTED"": 2, ""UNSUPPORTED"": 1}",A;B;C,False
relation_semantic_v2,RSEM-0354,RSEM-0354,SUPPORTED,SUPPORTED,SUPPORTED,strong_consensus,3,3,"{""SUPPORTED"": 3}",A;B;C,False
relation_semantic_v2,RSEM-0355,RSEM-0355,CONTRADICTED,CONTRADICTED,CONTRADICTED,weak_consensus,3,2,"{""CONTRADICTED"": 2, ""UNSUPPORTED"": 1}",A;B;C,False
relation_semantic_v2,RSEM-0356,RSEM-0356,SUPPORTED,SUPPORTED,SUPPORTED,strong_consensus,3,3,"{""SUPPORTED"": 3}",A;B;C,False
relation_semantic_v2,RSEM-0357,RSEM-0357,SUPPORTED,SUPPORTED,SUPPORTED,strong_consensus,3,3,"{""SUPPORTED"": 3}",A;B;C,False
relation_semantic_v2,RSEM-0358,RSEM-0358,CONTEXTUAL_ONLY,CONTEXTUAL_ONLY,CONTEXTUAL_ONLY,weak_consensus,3,2,"{""CONTEXTUAL_ONLY"": 2, ""UNSUPPORTED"": 1}",A;B;C,False
relation_semantic_v2,RSEM-0359,RSEM-0359,SUPPORTED,SUPPORTED,SUPPORTED,weak_consensus,3,2,"{""CONTEXTUAL_ONLY"": 1, ""SUPPORTED"": 2}",A;B;C,False
relation_semantic_v2,RSEM-0360,RSEM-0360,UNSUPPORTED,UNSUPPORTED,UNSUPPORTED,strong_consensus,3,3,"{""UNSUPPORTED"": 3}",A;B;C,False
relation_semantic_v2,RSEM-0362,RSEM-0362,CONTEXTUAL_ONLY,CONTEXTUAL_ONLY,CONTEXTUAL_ONLY,strong_consensus,3,3,"{""CONTEXTUAL_ONLY"": 3}",A;B;C,False
relation_semantic_v2,RSEM-0363,RSEM-0363,SUPPORTED,SUPPORTED,SUPPORTED,strong_consensus,3,3,"{""SUPPORTED"": 3}",A;B;C,False
relation_semantic_v2,RSEM-0364,RSEM-0364,SUPPORTED,SUPPORTED,SUPPORTED,strong_consensus,3,3,"{""SUPPORTED"": 3}",A;B;C,False
relation_semantic_v2,RSEM-0365,RSEM-0365,CONTEXTUAL_ONLY,CONTEXTUAL_ONLY,CONTEXTUAL_ONLY,weak_consensus,3,2,"{""CONTEXTUAL_ONLY"": 2, ""SUPPORTED"": 1}",A;B;C,False
relation_semantic_v2,RSEM-0366,RSEM-0366,CONTEXTUAL_ONLY,CONTEXTUAL_ONLY,CONTEXTUAL_ONLY,weak_consensus,3,2,"{""CONTEXTUAL_ONLY"": 2, ""UNSUPPORTED"": 1}",A;B;C,False
relation_semantic_v2,RSEM-0367,RSEM-0367,CONTEXTUAL_ONLY,CONTEXTUAL_ONLY,CONTEXTUAL_ONLY,weak_consensus,3,2,"{""CONTEXTUAL_ONLY"": 2, ""UNSUPPORTED"": 1}",A;B;C,False
relation_semantic_v2,RSEM-0368,RSEM-0368,UNSUPPORTED,UNSUPPORTED,UNSUPPORTED,strong_consensus,3,3,"{""UNSUPPORTED"": 3}",A;B;C,False
relation_semantic_v2,RSEM-0369,RSEM-0369,UNSUPPORTED,UNSUPPORTED,UNSUPPORTED,strong_consensus,3,3,"{""UNSUPPORTED"": 3}",A;B;C,False
relation_semantic_v2,RSEM-0370,RSEM-0370,UNSUPPORTED,UNSUPPORTED,UNSUPPORTED,strong_consensus,3,3,"{""UNSUPPORTED"": 3}",A;B;C,False
relation_semantic_v2,RSEM-0371,RSEM-0371,SUPPORTED,SUPPORTED,SUPPORTED,strong_consensus,3,3,"{""SUPPORTED"": 3}",A;B;C,False
relation_semantic_v2,RSEM-0372,RSEM-0372,UNSUPPORTED,UNSUPPORTED,UNSUPPORTED,strong_consensus,3,3,"{""UNSUPPORTED"": 3}",A;B;C,False
relation_semantic_v2,RSEM-0373,RSEM-0373,UNSUPPORTED,UNSUPPORTED,UNSUPPORTED,strong_consensus,3,3,"{""UNSUPPORTED"": 3}",A;B;C,False
relation_semantic_v2,RSEM-0374,RSEM-0374,UNSUPPORTED,UNSUPPORTED,UNSUPPORTED,strong_consensus,3,3,"{""UNSUPPORTED"": 3}",A;B;C,False
relation_semantic_v2,RSEM-0375,RSEM-0375,SUPPORTED,SUPPORTED,SUPPORTED,strong_consensus,3,3,"{""SUPPORTED"": 3}",A;B;C,False
relation_semantic_v2,RSEM-0376,RSEM-0376,UNSUPPORTED,UNSUPPORTED,UNSUPPORTED,weak_consensus,3,2,"{""CONTRADICTED"": 1, ""UNSUPPORTED"": 2}",A;B;C,False
relation_semantic_v2,RSEM-0377,RSEM-0377,SUPPORTED,SUPPORTED,SUPPORTED,strong_consensus,3,3,"{""SUPPORTED"": 3}",A;B;C,False
relation_semantic_v2,RSEM-0378,RSEM-0378,SUPPORTED,SUPPORTED,SUPPORTED,strong_consensus,3,3,"{""SUPPORTED"": 3}",A;B;C,False
relation_semantic_v2,RSEM-0379,RSEM-0379,SUPPORTED,SUPPORTED,SUPPORTED,strong_consensus,3,3,"{""SUPPORTED"": 3}",A;B;C,False
relation_semantic_v2,RSEM-0380,RSEM-0380,SUPPORTED,SUPPORTED,SUPPORTED,weak_consensus,3,2,"{""SUPPORTED"": 2, ""UNSUPPORTED"": 1}",A;B;C,False
relation_semantic_v2,RSEM-0381,RSEM-0381,SUPPORTED,SUPPORTED,SUPPORTED,weak_consensus,3,2,"{""SUPPORTED"": 2, ""UNSUPPORTED"": 1}",A;B;C,False
relation_semantic_v2,RSEM-0382,RSEM-0382,SUPPORTED,SUPPORTED,SUPPORTED,weak_consensus,3,2,"{""SUPPORTED"": 2, ""UNSUPPORTED"": 1}",A;B;C,False
relation_semantic_v2,RSEM-0383,RSEM-0383,UNSUPPORTED,UNSUPPORTED,UNSUPPORTED,weak_consensus,3,2,"{""INSUFFICIENT_EVIDENCE"": 1, ""UNSUPPORTED"": 2}",A;B;C,False
relation_semantic_v2,RSEM-0384,RSEM-0384,SUPPORTED,SUPPORTED,SUPPORTED,strong_consensus,3,3,"{""SUPPORTED"": 3}",A;B;C,False
relation_semantic_v2,RSEM-0386,RSEM-0386,UNSUPPORTED,UNSUPPORTED,UNSUPPORTED,strong_consensus,3,3,"{""UNSUPPORTED"": 3}",A;B;C,False
relation_semantic_v2,RSEM-0387,RSEM-0387,SUPPORTED,SUPPORTED,SUPPORTED,weak_consensus,3,2,"{""CONTRADICTED"": 1, ""SUPPORTED"": 2}",A;B;C,False
relation_semantic_v2,RSEM-0388,RSEM-0388,SUPPORTED,SUPPORTED,SUPPORTED,strong_consensus,3,3,"{""SUPPORTED"": 3}",A;B;C,False
relation_semantic_v2,RSEM-0389,RSEM-0389,UNSUPPORTED,UNSUPPORTED,UNSUPPORTED,strong_consensus,3,3,"{""UNSUPPORTED"": 3}",A;B;C,False
relation_semantic_v2,RSEM-0390,RSEM-0390,UNSUPPORTED,UNSUPPORTED,UNSUPPORTED,strong_consensus,3,3,"{""UNSUPPORTED"": 3}",A;B;C,False
relation_semantic_v2,RSEM-0391,RSEM-0391,UNSUPPORTED,UNSUPPORTED,UNSUPPORTED,strong_consensus,3,3,"{""UNSUPPORTED"": 3}",A;B;C,False
relation_semantic_v2,RSEM-0392,RSEM-0392,SUPPORTED,SUPPORTED,SUPPORTED,strong_consensus,3,3,"{""SUPPORTED"": 3}",A;B;C,False
relation_semantic_v2,RSEM-0393,RSEM-0393,SUPPORTED,SUPPORTED,SUPPORTED,strong_consensus,3,3,"{""SUPPORTED"": 3}",A;B;C,False
relation_semantic_v2,RSEM-0394,RSEM-0394,SUPPORTED,SUPPORTED,SUPPORTED,strong_consensus,3,3,"{""SUPPORTED"": 3}",A;B;C,False
relation_semantic_v2,RSEM-0395,RSEM-0395,CONTEXTUAL_ONLY,CONTEXTUAL_ONLY,CONTEXTUAL_ONLY,strong_consensus,3,3,"{""CONTEXTUAL_ONLY"": 3}",A;B;C,False
relation_semantic_v2,RSEM-0396,RSEM-0396,SUPPORTED,SUPPORTED,SUPPORTED,weak_consensus,3,2,"{""CONTEXTUAL_ONLY"": 1, ""SUPPORTED"": 2}",A;B;C,False
relation_semantic_v2,RSEM-0397,RSEM-0397,CONTEXTUAL_ONLY,CONTEXTUAL_ONLY,CONTEXTUAL_ONLY,weak_consensus,3,2,"{""CONTEXTUAL_ONLY"": 2, ""UNSUPPORTED"": 1}",A;B;C,False
relation_semantic_v2,RSEM-0398,RSEM-0398,SUPPORTED,SUPPORTED,SUPPORTED,weak_consensus,3,2,"{""CONTEXTUAL_ONLY"": 1, ""SUPPORTED"": 2}",A;B;C,False
relation_semantic_v2,RSEM-0399,RSEM-0399,SUPPORTED,SUPPORTED,SUPPORTED,weak_consensus,3,2,"{""CONTEXTUAL_ONLY"": 1, ""SUPPORTED"": 2}",A;B;C,False
relation_semantic_v2,RSEM-0400,RSEM-0400,SUPPORTED,SUPPORTED,SUPPORTED,weak_consensus,3,2,"{""CONTEXTUAL_ONLY"": 1, ""SUPPORTED"": 2}",A;B;C,False
relation_semantic_v2,RSEM-0401,RSEM-0401,SUPPORTED,SUPPORTED,SUPPORTED,weak_consensus,3,2,"{""CONTEXTUAL_ONLY"": 1, ""SUPPORTED"": 2}",A;B;C,False
relation_semantic_v2,RSEM-0402,RSEM-0402,SUPPORTED,SUPPORTED,SUPPORTED,strong_consensus,3,3,"{""SUPPORTED"": 3}",A;B;C,False
relation_semantic_v2,RSEM-0403,RSEM-0403,UNSUPPORTED,UNSUPPORTED,UNSUPPORTED,weak_consensus,3,2,"{""INSUFFICIENT_EVIDENCE"": 1, ""UNSUPPORTED"": 2}",A;B;C,False
relation_semantic_v2,RSEM-0404,RSEM-0404,CONTEXTUAL_ONLY,CONTEXTUAL_ONLY,CONTEXTUAL_ONLY,weak_consensus,3,2,"{""CONTEXTUAL_ONLY"": 2, ""SUPPORTED"": 1}",A;B;C,False
relation_semantic_v2,RSEM-0405,RSEM-0405,SUPPORTED,SUPPORTED,SUPPORTED,weak_consensus,3,2,"{""CONTEXTUAL_ONLY"": 1, ""SUPPORTED"": 2}",A;B;C,False
relation_semantic_v2,RSEM-0406,RSEM-0406,SUPPORTED,SUPPORTED,SUPPORTED,strong_consensus,3,3,"{""SUPPORTED"": 3}",A;B;C,False
relation_semantic_v2,RSEM-0407,RSEM-0407,UNSUPPORTED,UNSUPPORTED,UNSUPPORTED,weak_consensus,3,2,"{""CONTRADICTED"": 1, ""UNSUPPORTED"": 2}",A;B;C,False
relation_semantic_v2,RSEM-0408,RSEM-0408,UNSUPPORTED,UNSUPPORTED,UNSUPPORTED,weak_consensus,3,2,"{""CONTRADICTED"": 1, ""UNSUPPORTED"": 2}",A;B;C,False
relation_semantic_v2,RSEM-0409,RSEM-0409,UNSUPPORTED,UNSUPPORTED,UNSUPPORTED,strong_consensus,3,3,"{""UNSUPPORTED"": 3}",A;B;C,False
relation_semantic_v2,RSEM-0410,RSEM-0410,INSUFFICIENT_EVIDENCE,INSUFFICIENT_EVIDENCE,INSUFFICIENT_EVIDENCE,weak_consensus,3,2,"{""INSUFFICIENT_EVIDENCE"": 2, ""UNSUPPORTED"": 1}",A;B;C,False
relation_semantic_v2,RSEM-0411,RSEM-0411,INSUFFICIENT_EVIDENCE,INSUFFICIENT_EVIDENCE,INSUFFICIENT_EVIDENCE,strong_consensus,3,3,"{""INSUFFICIENT_EVIDENCE"": 3}",A;B;C,False
relation_semantic_v2,RSEM-0412,RSEM-0412,SUPPORTED,SUPPORTED,SUPPORTED,strong_consensus,3,3,"{""SUPPORTED"": 3}",A;B;C,False
relation_semantic_v2,RSEM-0413,RSEM-0413,SUPPORTED,SUPPORTED,SUPPORTED,strong_consensus,3,3,"{""SUPPORTED"": 3}",A;B;C,False
relation_semantic_v2,RSEM-0414,RSEM-0414,SUPPORTED,SUPPORTED,SUPPORTED,strong_consensus,3,3,"{""SUPPORTED"": 3}",A;B;C,False
relation_semantic_v2,RSEM-0416,RSEM-0416,SUPPORTED,SUPPORTED,SUPPORTED,strong_consensus,3,3,"{""SUPPORTED"": 3}",A;B;C,False
relation_semantic_v2,RSEM-0417,RSEM-0417,CONTEXTUAL_ONLY,CONTEXTUAL_ONLY,CONTEXTUAL_ONLY,weak_consensus,3,2,"{""CONTEXTUAL_ONLY"": 2, ""UNSUPPORTED"": 1}",A;B;C,False
relation_semantic_v2,RSEM-0418,RSEM-0418,SUPPORTED,SUPPORTED,SUPPORTED,strong_consensus,3,3,"{""SUPPORTED"": 3}",A;B;C,False
relation_semantic_v2,RSEM-0419,RSEM-0419,SUPPORTED,SUPPORTED,SUPPORTED,strong_consensus,3,3,"{""SUPPORTED"": 3}",A;B;C,False
relation_semantic_v2,RSEM-0420,RSEM-0420,CONTEXTUAL_ONLY,CONTEXTUAL_ONLY,CONTEXTUAL_ONLY,weak_consensus,3,2,"{""CONTEXTUAL_ONLY"": 2, ""SUPPORTED"": 1}",A;B;C,False
relation_semantic_v2,RSEM-0421,RSEM-0421,SUPPORTED,SUPPORTED,SUPPORTED,strong_consensus,3,3,"{""SUPPORTED"": 3}",A;B;C,False
relation_semantic_v2,RSEM-0422,RSEM-0422,INSUFFICIENT_EVIDENCE,INSUFFICIENT_EVIDENCE,INSUFFICIENT_EVIDENCE,weak_consensus,3,2,"{""INSUFFICIENT_EVIDENCE"": 2, ""UNSUPPORTED"": 1}",A;B;C,False
relation_semantic_v2,RSEM-0423,RSEM-0423,SUPPORTED,SUPPORTED,SUPPORTED,weak_consensus,3,2,"{""CONTEXTUAL_ONLY"": 1, ""SUPPORTED"": 2}",A;B;C,False
relation_semantic_v2,RSEM-0424,RSEM-0424,CONTEXTUAL_ONLY,CONTEXTUAL_ONLY,CONTEXTUAL_ONLY,weak_consensus,3,2,"{""CONTEXTUAL_ONLY"": 2, ""SUPPORTED"": 1}",A;B;C,False
relation_semantic_v2,RSEM-0425,RSEM-0425,UNSUPPORTED,UNSUPPORTED,UNSUPPORTED,weak_consensus,3,2,"{""INSUFFICIENT_EVIDENCE"": 1, ""UNSUPPORTED"": 2}",A;B;C,False
relation_semantic_v2,RSEM-0426,RSEM-0426,SUPPORTED,SUPPORTED,SUPPORTED,strong_consensus,3,3,"{""SUPPORTED"": 3}",A;B;C,False
relation_semantic_v2,RSEM-0427,RSEM-0427,UNSUPPORTED,UNSUPPORTED,UNSUPPORTED,strong_consensus,3,3,"{""UNSUPPORTED"": 3}",A;B;C,False
relation_semantic_v2,RSEM-0428,RSEM-0428,CONTEXTUAL_ONLY,CONTEXTUAL_ONLY,CONTEXTUAL_ONLY,weak_consensus,3,2,"{""CONTEXTUAL_ONLY"": 2, ""SUPPORTED"": 1}",A;B;C,False
relation_semantic_v2,RSEM-0429,RSEM-0429,SUPPORTED,SUPPORTED,SUPPORTED,weak_consensus,3,2,"{""CONTEXTUAL_ONLY"": 1, ""SUPPORTED"": 2}",A;B;C,False
relation_semantic_v2,RSEM-0430,RSEM-0430,SUPPORTED,SUPPORTED,SUPPORTED,strong_consensus,3,3,"{""SUPPORTED"": 3}",A;B;C,False
relation_semantic_v2,RSEM-0431,RSEM-0431,UNSUPPORTED,UNSUPPORTED,UNSUPPORTED,strong_consensus,3,3,"{""UNSUPPORTED"": 3}",A;B;C,False
relation_semantic_v2,RSEM-0432,RSEM-0432,CONTEXTUAL_ONLY,CONTEXTUAL_ONLY,CONTEXTUAL_ONLY,weak_consensus,3,2,"{""CONTEXTUAL_ONLY"": 2, ""INSUFFICIENT_EVIDENCE"": 1}",A;B;C,False
relation_semantic_v2,RSEM-0433,RSEM-0433,SUPPORTED,SUPPORTED,SUPPORTED,strong_consensus,3,3,"{""SUPPORTED"": 3}",A;B;C,False
relation_semantic_v2,RSEM-0434,RSEM-0434,CONTEXTUAL_ONLY,CONTEXTUAL_ONLY,CONTEXTUAL_ONLY,weak_consensus,3,2,"{""CONTEXTUAL_ONLY"": 2, ""UNSUPPORTED"": 1}",A;B;C,False
relation_semantic_v2,RSEM-0435,RSEM-0435,SUPPORTED,SUPPORTED,SUPPORTED,strong_consensus,3,3,"{""SUPPORTED"": 3}",A;B;C,False
relation_semantic_v2,RSEM-0436,RSEM-0436,CONTEXTUAL_ONLY,CONTEXTUAL_ONLY,CONTEXTUAL_ONLY,weak_consensus,3,2,"{""CONTEXTUAL_ONLY"": 2, ""SUPPORTED"": 1}",A;B;C,False
relation_semantic_v2,RSEM-0437,RSEM-0437,UNSUPPORTED,UNSUPPORTED,UNSUPPORTED,strong_consensus,3,3,"{""UNSUPPORTED"": 3}",A;B;C,False
relation_semantic_v2,RSEM-0438,RSEM-0438,SUPPORTED,SUPPORTED,SUPPORTED,strong_consensus,3,3,"{""SUPPORTED"": 3}",A;B;C,False
relation_semantic_v2,RSEM-0439,RSEM-0439,UNSUPPORTED,UNSUPPORTED,UNSUPPORTED,strong_consensus,3,3,"{""UNSUPPORTED"": 3}",A;B;C,False
relation_semantic_v2,RSEM-0440,RSEM-0440,UNSUPPORTED,UNSUPPORTED,UNSUPPORTED,weak_consensus,3,2,"{""INSUFFICIENT_EVIDENCE"": 1, ""UNSUPPORTED"": 2}",A;B;C,False
relation_semantic_v2,RSEM-0441,RSEM-0441,UNSUPPORTED,UNSUPPORTED,UNSUPPORTED,strong_consensus,3,3,"{""UNSUPPORTED"": 3}",A;B;C,False
relation_semantic_v2,RSEM-0442,RSEM-0442,SUPPORTED,SUPPORTED,SUPPORTED,weak_consensus,3,2,"{""SUPPORTED"": 2, ""UNSUPPORTED"": 1}",A;B;C,False
relation_semantic_v2,RSEM-0443,RSEM-0443,UNSUPPORTED,UNSUPPORTED,UNSUPPORTED,strong_consensus,3,3,"{""UNSUPPORTED"": 3}",A;B;C,False
relation_semantic_v2,RSEM-0444,RSEM-0444,SUPPORTED,SUPPORTED,SUPPORTED,strong_consensus,3,3,"{""SUPPORTED"": 3}",A;B;C,False
relation_semantic_v2,RSEM-0445,RSEM-0445,CONTEXTUAL_ONLY,CONTEXTUAL_ONLY,CONTEXTUAL_ONLY,weak_consensus,3,2,"{""CONTEXTUAL_ONLY"": 2, ""SUPPORTED"": 1}",A;B;C,False
relation_semantic_v2,RSEM-0446,RSEM-0446,SUPPORTED,SUPPORTED,SUPPORTED,strong_consensus,3,3,"{""SUPPORTED"": 3}",A;B;C,False
relation_semantic_v2,RSEM-0447,RSEM-0447,SUPPORTED,SUPPORTED,SUPPORTED,strong_consensus,3,3,"{""SUPPORTED"": 3}",A;B;C,False
relation_semantic_v2,RSEM-0448,RSEM-0448,SUPPORTED,SUPPORTED,SUPPORTED,strong_consensus,3,3,"{""SUPPORTED"": 3}",A;B;C,False
relation_semantic_v2,RSEM-0449,RSEM-0449,CONTEXTUAL_ONLY,CONTEXTUAL_ONLY,CONTEXTUAL_ONLY,weak_consensus,3,2,"{""CONTEXTUAL_ONLY"": 2, ""SUPPORTED"": 1}",A;B;C,False
relation_semantic_v2,RSEM-0450,RSEM-0450,SUPPORTED,SUPPORTED,SUPPORTED,weak_consensus,3,2,"{""CONTEXTUAL_ONLY"": 1, ""SUPPORTED"": 2}",A;B;C,False
relation_semantic_v2,RSEM-0452,RSEM-0452,UNSUPPORTED,UNSUPPORTED,UNSUPPORTED,strong_consensus,3,3,"{""UNSUPPORTED"": 3}",A;B;C,False
relation_semantic_v2,RSEM-0453,RSEM-0453,CONTEXTUAL_ONLY,CONTEXTUAL_ONLY,CONTEXTUAL_ONLY,weak_consensus,3,2,"{""CONTEXTUAL_ONLY"": 2, ""UNSUPPORTED"": 1}",A;B;C,False
relation_semantic_v2,RSEM-0454,RSEM-0454,UNSUPPORTED,UNSUPPORTED,UNSUPPORTED,strong_consensus,3,3,"{""UNSUPPORTED"": 3}",A;B;C,False
relation_semantic_v2,RSEM-0455,RSEM-0455,SUPPORTED,SUPPORTED,SUPPORTED,weak_consensus,3,2,"{""CONTEXTUAL_ONLY"": 1, ""SUPPORTED"": 2}",A;B;C,False
relation_semantic_v2,RSEM-0456,RSEM-0456,SUPPORTED,SUPPORTED,SUPPORTED,strong_consensus,3,3,"{""SUPPORTED"": 3}",A;B;C,False
relation_semantic_v2,RSEM-0457,RSEM-0457,CONTEXTUAL_ONLY,CONTEXTUAL_ONLY,CONTEXTUAL_ONLY,weak_consensus,3,2,"{""CONTEXTUAL_ONLY"": 2, ""UNSUPPORTED"": 1}",A;B;C,False
relation_semantic_v2,RSEM-0458,RSEM-0458,SUPPORTED,SUPPORTED,SUPPORTED,strong_consensus,3,3,"{""SUPPORTED"": 3}",A;B;C,False
relation_semantic_v2,RSEM-0459,RSEM-0459,SUPPORTED,SUPPORTED,SUPPORTED,weak_consensus,3,2,"{""CONTEXTUAL_ONLY"": 1, ""SUPPORTED"": 2}",A;B;C,False
relation_semantic_v2,RSEM-0460,RSEM-0460,SUPPORTED,SUPPORTED,SUPPORTED,weak_consensus,3,2,"{""CONTEXTUAL_ONLY"": 1, ""SUPPORTED"": 2}",A;B;C,False
relation_semantic_v2,RSEM-0461,RSEM-0461,UNSUPPORTED,UNSUPPORTED,UNSUPPORTED,weak_consensus,3,2,"{""INSUFFICIENT_EVIDENCE"": 1, ""UNSUPPORTED"": 2}",A;B;C,False
relation_semantic_v2,RSEM-0462,RSEM-0462,SUPPORTED,SUPPORTED,SUPPORTED,strong_consensus,3,3,"{""SUPPORTED"": 3}",A;B;C,False
relation_semantic_v2,RSEM-0463,RSEM-0463,SUPPORTED,SUPPORTED,SUPPORTED,strong_consensus,3,3,"{""SUPPORTED"": 3}",A;B;C,False
relation_semantic_v2,RSEM-0464,RSEM-0464,CONTEXTUAL_ONLY,CONTEXTUAL_ONLY,CONTEXTUAL_ONLY,strong_consensus,3,3,"{""CONTEXTUAL_ONLY"": 3}",A;B;C,False
relation_semantic_v2,RSEM-0465,RSEM-0465,UNSUPPORTED,UNSUPPORTED,UNSUPPORTED,strong_consensus,3,3,"{""UNSUPPORTED"": 3}",A;B;C,False
relation_semantic_v2,RSEM-0466,RSEM-0466,UNSUPPORTED,UNSUPPORTED,UNSUPPORTED,strong_consensus,3,3,"{""UNSUPPORTED"": 3}",A;B;C,False
relation_semantic_v2,RSEM-0467,RSEM-0467,SUPPORTED,SUPPORTED,SUPPORTED,strong_consensus,3,3,"{""SUPPORTED"": 3}",A;B;C,False
relation_semantic_v2,RSEM-0468,RSEM-0468,UNSUPPORTED,UNSUPPORTED,UNSUPPORTED,weak_consensus,3,2,"{""INSUFFICIENT_EVIDENCE"": 1, ""UNSUPPORTED"": 2}",A;B;C,False
relation_semantic_v2,RSEM-0469,RSEM-0469,SUPPORTED,SUPPORTED,SUPPORTED,strong_consensus,3,3,"{""SUPPORTED"": 3}",A;B;C,False
relation_semantic_v2,RSEM-0470,RSEM-0470,UNSUPPORTED,UNSUPPORTED,UNSUPPORTED,weak_consensus,3,2,"{""CONTRADICTED"": 1, ""UNSUPPORTED"": 2}",A;B;C,False
relation_semantic_v2,RSEM-0471,RSEM-0471,CONTRADICTED,CONTRADICTED,CONTRADICTED,strong_consensus,3,3,"{""CONTRADICTED"": 3}",A;B;C,False
relation_semantic_v2,RSEM-0472,RSEM-0472,SUPPORTED,SUPPORTED,SUPPORTED,strong_consensus,3,3,"{""SUPPORTED"": 3}",A;B;C,False
relation_semantic_v2,RSEM-0473,RSEM-0473,UNSUPPORTED,UNSUPPORTED,UNSUPPORTED,strong_consensus,3,3,"{""UNSUPPORTED"": 3}",A;B;C,False
relation_semantic_v2,RSEM-0474,RSEM-0474,SUPPORTED,SUPPORTED,SUPPORTED,strong_consensus,3,3,"{""SUPPORTED"": 3}",A;B;C,False
relation_semantic_v2,RSEM-0475,RSEM-0475,CONTEXTUAL_ONLY,CONTEXTUAL_ONLY,CONTEXTUAL_ONLY,strong_consensus,3,3,"{""CONTEXTUAL_ONLY"": 3}",A;B;C,False
relation_semantic_v2,RSEM-0476,RSEM-0476,SUPPORTED,SUPPORTED,SUPPORTED,strong_consensus,3,3,"{""SUPPORTED"": 3}",A;B;C,False
relation_semantic_v2,RSEM-0477,RSEM-0477,UNSUPPORTED,UNSUPPORTED,UNSUPPORTED,strong_consensus,3,3,"{""UNSUPPORTED"": 3}",A;B;C,False
relation_semantic_v2,RSEM-0478,RSEM-0478,UNSUPPORTED,UNSUPPORTED,UNSUPPORTED,strong_consensus,3,3,"{""UNSUPPORTED"": 3}",A;B;C,False
relation_semantic_v2,RSEM-0479,RSEM-0479,SUPPORTED,SUPPORTED,SUPPORTED,strong_consensus,3,3,"{""SUPPORTED"": 3}",A;B;C,False
relation_semantic_v2,RSEM-0481,RSEM-0481,SUPPORTED,SUPPORTED,SUPPORTED,weak_consensus,3,2,"{""CONTEXTUAL_ONLY"": 1, ""SUPPORTED"": 2}",A;B;C,False
relation_semantic_v2,RSEM-0482,RSEM-0482,SUPPORTED,SUPPORTED,SUPPORTED,strong_consensus,3,3,"{""SUPPORTED"": 3}",A;B;C,False
relation_semantic_v2,RSEM-0483,RSEM-0483,SUPPORTED,SUPPORTED,SUPPORTED,weak_consensus,3,2,"{""SUPPORTED"": 2, ""UNSUPPORTED"": 1}",A;B;C,False
relation_semantic_v2,RSEM-0484,RSEM-0484,SUPPORTED,SUPPORTED,SUPPORTED,strong_consensus,3,3,"{""SUPPORTED"": 3}",A;B;C,False
relation_semantic_v2,RSEM-0485,RSEM-0485,SUPPORTED,SUPPORTED,SUPPORTED,strong_consensus,3,3,"{""SUPPORTED"": 3}",A;B;C,False
relation_semantic_v2,RSEM-0486,RSEM-0486,UNSUPPORTED,UNSUPPORTED,UNSUPPORTED,weak_consensus,3,2,"{""CONTRADICTED"": 1, ""UNSUPPORTED"": 2}",A;B;C,False
relation_semantic_v2,RSEM-0487,RSEM-0487,SUPPORTED,SUPPORTED,SUPPORTED,strong_consensus,3,3,"{""SUPPORTED"": 3}",A;B;C,False
relation_semantic_v2,RSEM-0488,RSEM-0488,SUPPORTED,SUPPORTED,SUPPORTED,strong_consensus,3,3,"{""SUPPORTED"": 3}",A;B;C,False
relation_semantic_v2,RSEM-0489,RSEM-0489,SUPPORTED,SUPPORTED,SUPPORTED,weak_consensus,3,2,"{""CONTEXTUAL_ONLY"": 1, ""SUPPORTED"": 2}",A;B;C,False
relation_semantic_v2,RSEM-0490,RSEM-0490,SUPPORTED,SUPPORTED,SUPPORTED,strong_consensus,3,3,"{""SUPPORTED"": 3}",A;B;C,False
relation_semantic_v2,RSEM-0491,RSEM-0491,SUPPORTED,SUPPORTED,SUPPORTED,strong_consensus,3,3,"{""SUPPORTED"": 3}",A;B;C,False
relation_semantic_v2,RSEM-0492,RSEM-0492,SUPPORTED,SUPPORTED,SUPPORTED,strong_consensus,3,3,"{""SUPPORTED"": 3}",A;B;C,False
relation_semantic_v2,RSEM-0493,RSEM-0493,SUPPORTED,SUPPORTED,SUPPORTED,strong_consensus,3,3,"{""SUPPORTED"": 3}",A;B;C,False
relation_semantic_v2,RSEM-0494,RSEM-0494,SUPPORTED,SUPPORTED,SUPPORTED,strong_consensus,3,3,"{""SUPPORTED"": 3}",A;B;C,False
relation_semantic_v2,RSEM-0495,RSEM-0495,UNSUPPORTED,UNSUPPORTED,UNSUPPORTED,strong_consensus,3,3,"{""UNSUPPORTED"": 3}",A;B;C,False
relation_semantic_v2,RSEM-0496,RSEM-0496,SUPPORTED,SUPPORTED,SUPPORTED,strong_consensus,3,3,"{""SUPPORTED"": 3}",A;B;C,False
relation_semantic_v2,RSEM-0497,RSEM-0497,UNSUPPORTED,UNSUPPORTED,UNSUPPORTED,weak_consensus,3,2,"{""CONTEXTUAL_ONLY"": 1, ""UNSUPPORTED"": 2}",A;B;C,False
relation_semantic_v2,RSEM-0498,RSEM-0498,SUPPORTED,SUPPORTED,SUPPORTED,strong_consensus,3,3,"{""SUPPORTED"": 3}",A;B;C,False
relation_semantic_v2,RSEM-0499,RSEM-0499,SUPPORTED,SUPPORTED,SUPPORTED,strong_consensus,3,3,"{""SUPPORTED"": 3}",A;B;C,False
relation_semantic_v2,RSEM-0500,RSEM-0500,CONTEXTUAL_ONLY,CONTEXTUAL_ONLY,CONTEXTUAL_ONLY,weak_consensus,3,2,"{""CONTEXTUAL_ONLY"": 2, ""SUPPORTED"": 1}",A;B;C,False
relation_semantic_v2,RSEM-0501,RSEM-0501,SUPPORTED,SUPPORTED,SUPPORTED,strong_consensus,3,3,"{""SUPPORTED"": 3}",A;B;C,False
relation_semantic_v2,RSEM-0502,RSEM-0502,SUPPORTED,SUPPORTED,SUPPORTED,strong_consensus,3,3,"{""SUPPORTED"": 3}",A;B;C,False
relation_semantic_v2,RSEM-0504,RSEM-0504,UNSUPPORTED,UNSUPPORTED,UNSUPPORTED,strong_consensus,3,3,"{""UNSUPPORTED"": 3}",A;B;C,False
relation_semantic_v2,RSEM-0505,RSEM-0505,UNSUPPORTED,UNSUPPORTED,UNSUPPORTED,strong_consensus,3,3,"{""UNSUPPORTED"": 3}",A;B;C,False
relation_semantic_v2,RSEM-0506,RSEM-0506,UNSUPPORTED,UNSUPPORTED,UNSUPPORTED,strong_consensus,3,3,"{""UNSUPPORTED"": 3}",A;B;C,False
relation_semantic_v2,RSEM-0507,RSEM-0507,CONTEXTUAL_ONLY,CONTEXTUAL_ONLY,CONTEXTUAL_ONLY,strong_consensus,3,3,"{""CONTEXTUAL_ONLY"": 3}",A;B;C,False
relation_semantic_v2,RSEM-0508,RSEM-0508,SUPPORTED,SUPPORTED,SUPPORTED,strong_consensus,3,3,"{""SUPPORTED"": 3}",A;B;C,False
relation_semantic_v2,RSEM-0509,RSEM-0509,UNSUPPORTED,UNSUPPORTED,UNSUPPORTED,weak_consensus,3,2,"{""SUPPORTED"": 1, ""UNSUPPORTED"": 2}",A;B;C,False
relation_semantic_v2,RSEM-0510,RSEM-0510,SUPPORTED,SUPPORTED,SUPPORTED,weak_consensus,3,2,"{""CONTEXTUAL_ONLY"": 1, ""SUPPORTED"": 2}",A;B;C,False
relation_semantic_v2,RSEM-0511,RSEM-0511,SUPPORTED,SUPPORTED,SUPPORTED,strong_consensus,3,3,"{""SUPPORTED"": 3}",A;B;C,False
relation_semantic_v2,RSEM-0512,RSEM-0512,UNSUPPORTED,UNSUPPORTED,UNSUPPORTED,weak_consensus,3,2,"{""INSUFFICIENT_EVIDENCE"": 1, ""UNSUPPORTED"": 2}",A;B;C,False
relation_semantic_v2,RSEM-0513,RSEM-0513,SUPPORTED,SUPPORTED,SUPPORTED,strong_consensus,3,3,"{""SUPPORTED"": 3}",A;B;C,False
relation_semantic_v2,RSEM-0514,RSEM-0514,UNSUPPORTED,UNSUPPORTED,UNSUPPORTED,weak_consensus,3,2,"{""INSUFFICIENT_EVIDENCE"": 1, ""UNSUPPORTED"": 2}",A;B;C,False
relation_semantic_v2,RSEM-0515,RSEM-0515,SUPPORTED,SUPPORTED,SUPPORTED,strong_consensus,3,3,"{""SUPPORTED"": 3}",A;B;C,False
relation_semantic_v2,RSEM-0516,RSEM-0516,CONTEXTUAL_ONLY,CONTEXTUAL_ONLY,CONTEXTUAL_ONLY,weak_consensus,3,2,"{""CONTEXTUAL_ONLY"": 2, ""SUPPORTED"": 1}",A;B;C,False
relation_semantic_v2,RSEM-0517,RSEM-0517,SUPPORTED,SUPPORTED,SUPPORTED,strong_consensus,3,3,"{""SUPPORTED"": 3}",A;B;C,False
relation_semantic_v2,RSEM-0518,RSEM-0518,UNSUPPORTED,UNSUPPORTED,UNSUPPORTED,strong_consensus,3,3,"{""UNSUPPORTED"": 3}",A;B;C,False
relation_semantic_v2,RSEM-0519,RSEM-0519,UNSUPPORTED,UNSUPPORTED,UNSUPPORTED,strong_consensus,3,3,"{""UNSUPPORTED"": 3}",A;B;C,False
relation_semantic_v2,RSEM-0520,RSEM-0520,CONTEXTUAL_ONLY,CONTEXTUAL_ONLY,CONTEXTUAL_ONLY,weak_consensus,3,2,"{""CONTEXTUAL_ONLY"": 2, ""UNSUPPORTED"": 1}",A;B;C,False
relation_semantic_v2,RSEM-0521,RSEM-0521,UNSUPPORTED,UNSUPPORTED,UNSUPPORTED,weak_consensus,3,2,"{""CONTEXTUAL_ONLY"": 1, ""UNSUPPORTED"": 2}",A;B;C,False
relation_semantic_v2,RSEM-0522,RSEM-0522,SUPPORTED,SUPPORTED,SUPPORTED,strong_consensus,3,3,"{""SUPPORTED"": 3}",A;B;C,False
relation_semantic_v2,RSEM-0523,RSEM-0523,UNSUPPORTED,UNSUPPORTED,UNSUPPORTED,strong_consensus,3,3,"{""UNSUPPORTED"": 3}",A;B;C,False
relation_semantic_v2,RSEM-0524,RSEM-0524,CONTEXTUAL_ONLY,CONTEXTUAL_ONLY,CONTEXTUAL_ONLY,weak_consensus,3,2,"{""CONTEXTUAL_ONLY"": 2, ""SUPPORTED"": 1}",A;B;C,False
relation_semantic_v2,RSEM-0525,RSEM-0525,SUPPORTED,SUPPORTED,SUPPORTED,strong_consensus,3,3,"{""SUPPORTED"": 3}",A;B;C,False
relation_semantic_v2,RSEM-0526,RSEM-0526,UNSUPPORTED,UNSUPPORTED,UNSUPPORTED,strong_consensus,3,3,"{""UNSUPPORTED"": 3}",A;B;C,False
relation_semantic_v2,RSEM-0527,RSEM-0527,SUPPORTED,SUPPORTED,SUPPORTED,strong_consensus,3,3,"{""SUPPORTED"": 3}",A;B;C,False
relation_semantic_v2,RSEM-0528,RSEM-0528,CONTEXTUAL_ONLY,CONTEXTUAL_ONLY,CONTEXTUAL_ONLY,weak_consensus,3,2,"{""CONTEXTUAL_ONLY"": 2, ""UNSUPPORTED"": 1}",A;B;C,False
relation_semantic_v2,RSEM-0529,RSEM-0529,SUPPORTED,SUPPORTED,SUPPORTED,strong_consensus,3,3,"{""SUPPORTED"": 3}",A;B;C,False
relation_semantic_v2,RSEM-0530,RSEM-0530,SUPPORTED,SUPPORTED,SUPPORTED,strong_consensus,3,3,"{""SUPPORTED"": 3}",A;B;C,False
relation_semantic_v2,RSEM-0531,RSEM-0531,UNSUPPORTED,UNSUPPORTED,UNSUPPORTED,weak_consensus,3,2,"{""CONTRADICTED"": 1, ""UNSUPPORTED"": 2}",A;B;C,False
relation_semantic_v2,RSEM-0532,RSEM-0532,SUPPORTED,SUPPORTED,SUPPORTED,strong_consensus,3,3,"{""SUPPORTED"": 3}",A;B;C,False
relation_semantic_v2,RSEM-0533,RSEM-0533,UNSUPPORTED,UNSUPPORTED,UNSUPPORTED,strong_consensus,3,3,"{""UNSUPPORTED"": 3}",A;B;C,False
relation_semantic_v2,RSEM-0534,RSEM-0534,UNSUPPORTED,UNSUPPORTED,UNSUPPORTED,strong_consensus,3,3,"{""UNSUPPORTED"": 3}",A;B;C,False
relation_semantic_v2,RSEM-0535,RSEM-0535,UNSUPPORTED,UNSUPPORTED,UNSUPPORTED,strong_consensus,3,3,"{""UNSUPPORTED"": 3}",A;B;C,False
relation_semantic_v2,RSEM-0536,RSEM-0536,SUPPORTED,SUPPORTED,SUPPORTED,strong_consensus,3,3,"{""SUPPORTED"": 3}",A;B;C,False
relation_semantic_v2,RSEM-0537,RSEM-0537,UNSUPPORTED,UNSUPPORTED,UNSUPPORTED,weak_consensus,3,2,"{""CONTEXTUAL_ONLY"": 1, ""UNSUPPORTED"": 2}",A;B;C,False
relation_semantic_v2,RSEM-0538,RSEM-0538,SUPPORTED,SUPPORTED,SUPPORTED,weak_consensus,3,2,"{""CONTEXTUAL_ONLY"": 1, ""SUPPORTED"": 2}",A;B;C,False
relation_semantic_v2,RSEM-0539,RSEM-0539,SUPPORTED,SUPPORTED,SUPPORTED,strong_consensus,3,3,"{""SUPPORTED"": 3}",A;B;C,False
relation_semantic_v2,RSEM-0540,RSEM-0540,UNSUPPORTED,UNSUPPORTED,UNSUPPORTED,weak_consensus,3,2,"{""INSUFFICIENT_EVIDENCE"": 1, ""UNSUPPORTED"": 2}",A;B;C,False
relation_semantic_v2,RSEM-0541,RSEM-0541,CONTEXTUAL_ONLY,CONTEXTUAL_ONLY,CONTEXTUAL_ONLY,weak_consensus,3,2,"{""CONTEXTUAL_ONLY"": 2, ""SUPPORTED"": 1}",A;B;C,False
relation_semantic_v2,RSEM-0542,RSEM-0542,UNSUPPORTED,UNSUPPORTED,UNSUPPORTED,weak_consensus,3,2,"{""CONTEXTUAL_ONLY"": 1, ""UNSUPPORTED"": 2}",A;B;C,False
relation_semantic_v2,RSEM-0543,RSEM-0543,UNSUPPORTED,UNSUPPORTED,UNSUPPORTED,strong_consensus,3,3,"{""UNSUPPORTED"": 3}",A;B;C,False
relation_semantic_v2,RSEM-0544,RSEM-0544,UNSUPPORTED,UNSUPPORTED,UNSUPPORTED,strong_consensus,3,3,"{""UNSUPPORTED"": 3}",A;B;C,False
relation_semantic_v2,RSEM-0545,RSEM-0545,SUPPORTED,SUPPORTED,SUPPORTED,strong_consensus,3,3,"{""SUPPORTED"": 3}",A;B;C,False
relation_semantic_v2,RSEM-0546,RSEM-0546,SUPPORTED,SUPPORTED,SUPPORTED,strong_consensus,3,3,"{""SUPPORTED"": 3}",A;B;C,False
relation_semantic_v2,RSEM-0547,RSEM-0547,UNSUPPORTED,UNSUPPORTED,UNSUPPORTED,strong_consensus,3,3,"{""UNSUPPORTED"": 3}",A;B;C,False
relation_semantic_v2,RSEM-0548,RSEM-0548,UNSUPPORTED,UNSUPPORTED,UNSUPPORTED,strong_consensus,3,3,"{""UNSUPPORTED"": 3}",A;B;C,False
relation_semantic_v2,RSEM-0549,RSEM-0549,CONTEXTUAL_ONLY,CONTEXTUAL_ONLY,CONTEXTUAL_ONLY,strong_consensus,3,3,"{""CONTEXTUAL_ONLY"": 3}",A;B;C,False
relation_semantic_v2,RSEM-0550,RSEM-0550,SUPPORTED,SUPPORTED,SUPPORTED,strong_consensus,3,3,"{""SUPPORTED"": 3}",A;B;C,False
relation_semantic_v2,RSEM-0551,RSEM-0551,SUPPORTED,SUPPORTED,SUPPORTED,strong_consensus,3,3,"{""SUPPORTED"": 3}",A;B;C,False
relation_semantic_v2,RSEM-0552,RSEM-0552,SUPPORTED,SUPPORTED,SUPPORTED,strong_consensus,3,3,"{""SUPPORTED"": 3}",A;B;C,False
relation_semantic_v2,RSEM-0553,RSEM-0553,SUPPORTED,SUPPORTED,SUPPORTED,strong_consensus,3,3,"{""SUPPORTED"": 3}",A;B;C,False
relation_semantic_v2,RSEM-0554,RSEM-0554,CONTEXTUAL_ONLY,CONTEXTUAL_ONLY,CONTEXTUAL_ONLY,strong_consensus,3,3,"{""CONTEXTUAL_ONLY"": 3}",A;B;C,False
relation_semantic_v2,RSEM-0555,RSEM-0555,SUPPORTED,SUPPORTED,SUPPORTED,strong_consensus,3,3,"{""SUPPORTED"": 3}",A;B;C,False
relation_semantic_v2,RSEM-0556,RSEM-0556,SUPPORTED,SUPPORTED,SUPPORTED,weak_consensus,3,2,"{""CONTEXTUAL_ONLY"": 1, ""SUPPORTED"": 2}",A;B;C,False
relation_semantic_v2,RSEM-0557,RSEM-0557,UNSUPPORTED,UNSUPPORTED,UNSUPPORTED,weak_consensus,3,2,"{""CONTEXTUAL_ONLY"": 1, ""UNSUPPORTED"": 2}",A;B;C,False
relation_semantic_v2,RSEM-0558,RSEM-0558,UNSUPPORTED,UNSUPPORTED,UNSUPPORTED,strong_consensus,3,3,"{""UNSUPPORTED"": 3}",A;B;C,False
relation_semantic_v2,RSEM-0559,RSEM-0559,UNSUPPORTED,UNSUPPORTED,UNSUPPORTED,weak_consensus,3,2,"{""INSUFFICIENT_EVIDENCE"": 1, ""UNSUPPORTED"": 2}",A;B;C,False
relation_semantic_v2,RSEM-0560,RSEM-0560,SUPPORTED,SUPPORTED,SUPPORTED,strong_consensus,3,3,"{""SUPPORTED"": 3}",A;B;C,False
relation_semantic_v2,RSEM-0561,RSEM-0561,CONTEXTUAL_ONLY,CONTEXTUAL_ONLY,CONTEXTUAL_ONLY,weak_consensus,3,2,"{""CONTEXTUAL_ONLY"": 2, ""UNSUPPORTED"": 1}",A;B;C,False
relation_semantic_v2,RSEM-0562,RSEM-0562,CONTEXTUAL_ONLY,CONTEXTUAL_ONLY,CONTEXTUAL_ONLY,weak_consensus,3,2,"{""CONTEXTUAL_ONLY"": 2, ""UNSUPPORTED"": 1}",A;B;C,False
relation_semantic_v2,RSEM-0563,RSEM-0563,SUPPORTED,SUPPORTED,SUPPORTED,strong_consensus,3,3,"{""SUPPORTED"": 3}",A;B;C,False
relation_semantic_v2,RSEM-0564,RSEM-0564,UNSUPPORTED,UNSUPPORTED,UNSUPPORTED,weak_consensus,3,2,"{""CONTEXTUAL_ONLY"": 1, ""UNSUPPORTED"": 2}",A;B;C,False
relation_semantic_v2,RSEM-0565,RSEM-0565,SUPPORTED,SUPPORTED,SUPPORTED,strong_consensus,3,3,"{""SUPPORTED"": 3}",A;B;C,False
relation_semantic_v2,RSEM-0566,RSEM-0566,UNSUPPORTED,UNSUPPORTED,UNSUPPORTED,strong_consensus,3,3,"{""UNSUPPORTED"": 3}",A;B;C,False
relation_semantic_v2,RSEM-0567,RSEM-0567,SUPPORTED,SUPPORTED,SUPPORTED,strong_consensus,3,3,"{""SUPPORTED"": 3}",A;B;C,False
relation_semantic_v2,RSEM-0568,RSEM-0568,UNSUPPORTED,UNSUPPORTED,UNSUPPORTED,strong_consensus,3,3,"{""UNSUPPORTED"": 3}",A;B;C,False
relation_semantic_v2,RSEM-0569,RSEM-0569,SUPPORTED,SUPPORTED,SUPPORTED,strong_consensus,3,3,"{""SUPPORTED"": 3}",A;B;C,False
relation_semantic_v2,RSEM-0570,RSEM-0570,CONTEXTUAL_ONLY,CONTEXTUAL_ONLY,CONTEXTUAL_ONLY,weak_consensus,3,2,"{""CONTEXTUAL_ONLY"": 2, ""UNSUPPORTED"": 1}",A;B;C,False
relation_semantic_v2,RSEM-0572,RSEM-0572,UNSUPPORTED,UNSUPPORTED,UNSUPPORTED,strong_consensus,3,3,"{""UNSUPPORTED"": 3}",A;B;C,False
relation_semantic_v2,RSEM-0573,RSEM-0573,CONTRADICTED,CONTRADICTED,CONTRADICTED,weak_consensus,3,2,"{""CONTRADICTED"": 2, ""UNSUPPORTED"": 1}",A;B;C,False
relation_semantic_v2,RSEM-0574,RSEM-0574,UNSUPPORTED,UNSUPPORTED,UNSUPPORTED,weak_consensus,3,2,"{""INSUFFICIENT_EVIDENCE"": 1, ""UNSUPPORTED"": 2}",A;B;C,False
relation_semantic_v2,RSEM-0575,RSEM-0575,SUPPORTED,SUPPORTED,SUPPORTED,weak_consensus,3,2,"{""CONTEXTUAL_ONLY"": 1, ""SUPPORTED"": 2}",A;B;C,False
relation_semantic_v2,RSEM-0576,RSEM-0576,UNSUPPORTED,UNSUPPORTED,UNSUPPORTED,weak_consensus,3,2,"{""INSUFFICIENT_EVIDENCE"": 1, ""UNSUPPORTED"": 2}",A;B;C,False
relation_semantic_v2,RSEM-0578,RSEM-0578,UNSUPPORTED,UNSUPPORTED,UNSUPPORTED,strong_consensus,3,3,"{""UNSUPPORTED"": 3}",A;B;C,False
relation_semantic_v2,RSEM-0579,RSEM-0579,UNSUPPORTED,UNSUPPORTED,UNSUPPORTED,strong_consensus,3,3,"{""UNSUPPORTED"": 3}",A;B;C,False
relation_semantic_v2,RSEM-0580,RSEM-0580,UNSUPPORTED,UNSUPPORTED,UNSUPPORTED,strong_consensus,3,3,"{""UNSUPPORTED"": 3}",A;B;C,False
relation_semantic_v2,RSEM-0581,RSEM-0581,CONTEXTUAL_ONLY,CONTEXTUAL_ONLY,CONTEXTUAL_ONLY,strong_consensus,3,3,"{""CONTEXTUAL_ONLY"": 3}",A;B;C,False
relation_semantic_v2,RSEM-0583,RSEM-0583,UNSUPPORTED,UNSUPPORTED,UNSUPPORTED,strong_consensus,3,3,"{""UNSUPPORTED"": 3}",A;B;C,False
relation_semantic_v2,RSEM-0584,RSEM-0584,UNSUPPORTED,UNSUPPORTED,UNSUPPORTED,strong_consensus,3,3,"{""UNSUPPORTED"": 3}",A;B;C,False
relation_semantic_v2,RSEM-0585,RSEM-0585,SUPPORTED,SUPPORTED,SUPPORTED,strong_consensus,3,3,"{""SUPPORTED"": 3}",A;B;C,False
relation_semantic_v2,RSEM-0586,RSEM-0586,UNSUPPORTED,UNSUPPORTED,UNSUPPORTED,strong_consensus,3,3,"{""UNSUPPORTED"": 3}",A;B;C,False
relation_semantic_v2,RSEM-0587,RSEM-0587,UNSUPPORTED,UNSUPPORTED,UNSUPPORTED,weak_consensus,3,2,"{""INSUFFICIENT_EVIDENCE"": 1, ""UNSUPPORTED"": 2}",A;B;C,False
relation_semantic_v2,RSEM-0588,RSEM-0588,UNSUPPORTED,UNSUPPORTED,UNSUPPORTED,strong_consensus,3,3,"{""UNSUPPORTED"": 3}",A;B;C,False
relation_semantic_v2,RSEM-0589,RSEM-0589,SUPPORTED,SUPPORTED,SUPPORTED,strong_consensus,3,3,"{""SUPPORTED"": 3}",A;B;C,False
relation_semantic_v2,RSEM-0590,RSEM-0590,SUPPORTED,SUPPORTED,SUPPORTED,strong_consensus,3,3,"{""SUPPORTED"": 3}",A;B;C,False
relation_semantic_v2,RSEM-0591,RSEM-0591,UNSUPPORTED,UNSUPPORTED,UNSUPPORTED,strong_consensus,3,3,"{""UNSUPPORTED"": 3}",A;B;C,False
relation_semantic_v2,RSEM-0592,RSEM-0592,CONTEXTUAL_ONLY,CONTEXTUAL_ONLY,CONTEXTUAL_ONLY,weak_consensus,3,2,"{""CONTEXTUAL_ONLY"": 2, ""SUPPORTED"": 1}",A;B;C,False
relation_semantic_v2,RSEM-0593,RSEM-0593,CONTEXTUAL_ONLY,CONTEXTUAL_ONLY,CONTEXTUAL_ONLY,weak_consensus,3,2,"{""CONTEXTUAL_ONLY"": 2, ""UNSUPPORTED"": 1}",A;B;C,False
relation_semantic_v2,RSEM-0594,RSEM-0594,SUPPORTED,SUPPORTED,SUPPORTED,strong_consensus,3,3,"{""SUPPORTED"": 3}",A;B;C,False
relation_semantic_v2,RSEM-0595,RSEM-0595,SUPPORTED,SUPPORTED,SUPPORTED,strong_consensus,3,3,"{""SUPPORTED"": 3}",A;B;C,False
relation_semantic_v2,RSEM-0596,RSEM-0596,SUPPORTED,SUPPORTED,SUPPORTED,weak_consensus,3,2,"{""CONTEXTUAL_ONLY"": 1, ""SUPPORTED"": 2}",A;B;C,False
relation_semantic_v2,RSEM-0597,RSEM-0597,UNSUPPORTED,UNSUPPORTED,UNSUPPORTED,weak_consensus,3,2,"{""SUPPORTED"": 1, ""UNSUPPORTED"": 2}",A;B;C,False
relation_semantic_v2,RSEM-0598,RSEM-0598,SUPPORTED,SUPPORTED,SUPPORTED,strong_consensus,3,3,"{""SUPPORTED"": 3}",A;B;C,False
relation_semantic_v2,RSEM-0599,RSEM-0599,SUPPORTED,SUPPORTED,SUPPORTED,strong_consensus,3,3,"{""SUPPORTED"": 3}",A;B;C,False
relation_semantic_v2,RSEM-0601,RSEM-0601,UNSUPPORTED,UNSUPPORTED,UNSUPPORTED,strong_consensus,3,3,"{""UNSUPPORTED"": 3}",A;B;C,False
relation_semantic_v2,RSEM-0602,RSEM-0602,SUPPORTED,SUPPORTED,SUPPORTED,strong_consensus,3,3,"{""SUPPORTED"": 3}",A;B;C,False
relation_semantic_v2,RSEM-0603,RSEM-0603,SUPPORTED,SUPPORTED,SUPPORTED,strong_consensus,3,3,"{""SUPPORTED"": 3}",A;B;C,False
relation_semantic_v2,RSEM-0604,RSEM-0604,CONTEXTUAL_ONLY,CONTEXTUAL_ONLY,CONTEXTUAL_ONLY,strong_consensus,3,3,"{""CONTEXTUAL_ONLY"": 3}",A;B;C,False
relation_semantic_v2,RSEM-0605,RSEM-0605,SUPPORTED,SUPPORTED,SUPPORTED,strong_consensus,3,3,"{""SUPPORTED"": 3}",A;B;C,False
relation_semantic_v2,RSEM-0606,RSEM-0606,UNSUPPORTED,UNSUPPORTED,UNSUPPORTED,weak_consensus,3,2,"{""CONTEXTUAL_ONLY"": 1, ""UNSUPPORTED"": 2}",A;B;C,False
relation_semantic_v2,RSEM-0607,RSEM-0607,SUPPORTED,SUPPORTED,SUPPORTED,strong_consensus,3,3,"{""SUPPORTED"": 3}",A;B;C,False
relation_semantic_v2,RSEM-0608,RSEM-0608,SUPPORTED,SUPPORTED,SUPPORTED,strong_consensus,3,3,"{""SUPPORTED"": 3}",A;B;C,False
relation_semantic_v2,RSEM-0609,RSEM-0609,SUPPORTED,SUPPORTED,SUPPORTED,strong_consensus,3,3,"{""SUPPORTED"": 3}",A;B;C,False
relation_semantic_v2,RSEM-0610,RSEM-0610,SUPPORTED,SUPPORTED,SUPPORTED,strong_consensus,3,3,"{""SUPPORTED"": 3}",A;B;C,False
relation_semantic_v2,RSEM-0611,RSEM-0611,UNSUPPORTED,UNSUPPORTED,UNSUPPORTED,strong_consensus,3,3,"{""UNSUPPORTED"": 3}",A;B;C,False
relation_semantic_v2,RSEM-0613,RSEM-0613,CONTEXTUAL_ONLY,CONTEXTUAL_ONLY,CONTEXTUAL_ONLY,weak_consensus,3,2,"{""CONTEXTUAL_ONLY"": 2, ""UNSUPPORTED"": 1}",A;B;C,False
relation_semantic_v2,RSEM-0614,RSEM-0614,SUPPORTED,SUPPORTED,SUPPORTED,weak_consensus,3,2,"{""CONTEXTUAL_ONLY"": 1, ""SUPPORTED"": 2}",A;B;C,False
relation_semantic_v2,RSEM-0615,RSEM-0615,SUPPORTED,SUPPORTED,SUPPORTED,strong_consensus,3,3,"{""SUPPORTED"": 3}",A;B;C,False
relation_semantic_v2,RSEM-0616,RSEM-0616,SUPPORTED,SUPPORTED,SUPPORTED,strong_consensus,3,3,"{""SUPPORTED"": 3}",A;B;C,False
relation_semantic_v2,RSEM-0617,RSEM-0617,SUPPORTED,SUPPORTED,SUPPORTED,strong_consensus,3,3,"{""SUPPORTED"": 3}",A;B;C,False
relation_semantic_v2,RSEM-0618,RSEM-0618,SUPPORTED,SUPPORTED,SUPPORTED,strong_consensus,3,3,"{""SUPPORTED"": 3}",A;B;C,False
relation_semantic_v2,RSEM-0619,RSEM-0619,UNSUPPORTED,UNSUPPORTED,UNSUPPORTED,weak_consensus,3,2,"{""CONTEXTUAL_ONLY"": 1, ""UNSUPPORTED"": 2}",A;B;C,False
relation_semantic_v2,RSEM-0620,RSEM-0620,CONTEXTUAL_ONLY,CONTEXTUAL_ONLY,CONTEXTUAL_ONLY,weak_consensus,3,2,"{""CONTEXTUAL_ONLY"": 2, ""SUPPORTED"": 1}",A;B;C,False
relation_semantic_v2,RSEM-0621,RSEM-0621,SUPPORTED,SUPPORTED,SUPPORTED,strong_consensus,3,3,"{""SUPPORTED"": 3}",A;B;C,False
relation_semantic_v2,RSEM-0622,RSEM-0622,SUPPORTED,SUPPORTED,SUPPORTED,strong_consensus,3,3,"{""SUPPORTED"": 3}",A;B;C,False
relation_semantic_v2,RSEM-0623,RSEM-0623,UNSUPPORTED,UNSUPPORTED,UNSUPPORTED,weak_consensus,3,2,"{""INSUFFICIENT_EVIDENCE"": 1, ""UNSUPPORTED"": 2}",A;B;C,False
relation_semantic_v2,RSEM-0624,RSEM-0624,CONTEXTUAL_ONLY,CONTEXTUAL_ONLY,CONTEXTUAL_ONLY,weak_consensus,3,2,"{""CONTEXTUAL_ONLY"": 2, ""UNSUPPORTED"": 1}",A;B;C,False
relation_semantic_v2,RSEM-0625,RSEM-0625,SUPPORTED,SUPPORTED,SUPPORTED,strong_consensus,3,3,"{""SUPPORTED"": 3}",A;B;C,False
relation_semantic_v2,RSEM-0626,RSEM-0626,SUPPORTED,SUPPORTED,SUPPORTED,strong_consensus,3,3,"{""SUPPORTED"": 3}",A;B;C,False
relation_semantic_v2,RSEM-0627,RSEM-0627,SUPPORTED,SUPPORTED,SUPPORTED,strong_consensus,3,3,"{""SUPPORTED"": 3}",A;B;C,False
relation_semantic_v2,RSEM-0629,RSEM-0629,UNSUPPORTED,UNSUPPORTED,UNSUPPORTED,weak_consensus,3,2,"{""INSUFFICIENT_EVIDENCE"": 1, ""UNSUPPORTED"": 2}",A;B;C,False
relation_semantic_v2,RSEM-0630,RSEM-0630,UNSUPPORTED,UNSUPPORTED,UNSUPPORTED,strong_consensus,3,3,"{""UNSUPPORTED"": 3}",A;B;C,False
relation_semantic_v2,RSEM-0631,RSEM-0631,CONTEXTUAL_ONLY,CONTEXTUAL_ONLY,CONTEXTUAL_ONLY,weak_consensus,3,2,"{""CONTEXTUAL_ONLY"": 2, ""SUPPORTED"": 1}",A;B;C,False
relation_semantic_v2,RSEM-0632,RSEM-0632,UNSUPPORTED,UNSUPPORTED,UNSUPPORTED,weak_consensus,3,2,"{""CONTEXTUAL_ONLY"": 1, ""UNSUPPORTED"": 2}",A;B;C,False
relation_semantic_v2,RSEM-0633,RSEM-0633,UNSUPPORTED,UNSUPPORTED,UNSUPPORTED,weak_consensus,3,2,"{""INSUFFICIENT_EVIDENCE"": 1, ""UNSUPPORTED"": 2}",A;B;C,False
relation_semantic_v2,RSEM-0634,RSEM-0634,UNSUPPORTED,UNSUPPORTED,UNSUPPORTED,weak_consensus,3,2,"{""INSUFFICIENT_EVIDENCE"": 1, ""UNSUPPORTED"": 2}",A;B;C,False
relation_semantic_v2,RSEM-0635,RSEM-0635,CONTEXTUAL_ONLY,CONTEXTUAL_ONLY,CONTEXTUAL_ONLY,weak_consensus,3,2,"{""CONTEXTUAL_ONLY"": 2, ""UNSUPPORTED"": 1}",A;B;C,False
relation_semantic_v2,RSEM-0637,RSEM-0637,UNSUPPORTED,UNSUPPORTED,UNSUPPORTED,weak_consensus,3,2,"{""INSUFFICIENT_EVIDENCE"": 1, ""UNSUPPORTED"": 2}",A;B;C,False
relation_semantic_v2,RSEM-0638,RSEM-0638,SUPPORTED,SUPPORTED,SUPPORTED,strong_consensus,3,3,"{""SUPPORTED"": 3}",A;B;C,False
relation_semantic_v2,RSEM-0639,RSEM-0639,UNSUPPORTED,UNSUPPORTED,UNSUPPORTED,weak_consensus,3,2,"{""INSUFFICIENT_EVIDENCE"": 1, ""UNSUPPORTED"": 2}",A;B;C,False
relation_semantic_v2,RSEM-0640,RSEM-0640,UNSUPPORTED,UNSUPPORTED,UNSUPPORTED,weak_consensus,3,2,"{""INSUFFICIENT_EVIDENCE"": 1, ""UNSUPPORTED"": 2}",A;B;C,False
relation_semantic_v2,RSEM-0641,RSEM-0641,UNSUPPORTED,UNSUPPORTED,UNSUPPORTED,weak_consensus,3,2,"{""INSUFFICIENT_EVIDENCE"": 1, ""UNSUPPORTED"": 2}",A;B;C,False
relation_semantic_v2,RSEM-0642,RSEM-0642,CONTEXTUAL_ONLY,CONTEXTUAL_ONLY,CONTEXTUAL_ONLY,weak_consensus,3,2,"{""CONTEXTUAL_ONLY"": 2, ""SUPPORTED"": 1}",A;B;C,False
relation_semantic_v2,RSEM-0643,RSEM-0643,SUPPORTED,SUPPORTED,SUPPORTED,strong_consensus,3,3,"{""SUPPORTED"": 3}",A;B;C,False
relation_semantic_v2,RSEM-0644,RSEM-0644,UNSUPPORTED,UNSUPPORTED,UNSUPPORTED,weak_consensus,3,2,"{""CONTEXTUAL_ONLY"": 1, ""UNSUPPORTED"": 2}",A;B;C,False
relation_semantic_v2,RSEM-0645,RSEM-0645,SUPPORTED,SUPPORTED,SUPPORTED,weak_consensus,3,2,"{""CONTEXTUAL_ONLY"": 1, ""SUPPORTED"": 2}",A;B;C,False
relation_semantic_v2,RSEM-0646,RSEM-0646,SUPPORTED,SUPPORTED,SUPPORTED,strong_consensus,3,3,"{""SUPPORTED"": 3}",A;B;C,False
relation_semantic_v2,RSEM-0647,RSEM-0647,CONTEXTUAL_ONLY,CONTEXTUAL_ONLY,CONTEXTUAL_ONLY,weak_consensus,3,2,"{""CONTEXTUAL_ONLY"": 2, ""SUPPORTED"": 1}",A;B;C,False
relation_semantic_v2,RSEM-0648,RSEM-0648,CONTEXTUAL_ONLY,CONTEXTUAL_ONLY,CONTEXTUAL_ONLY,strong_consensus,3,3,"{""CONTEXTUAL_ONLY"": 3}",A;B;C,False
relation_semantic_v2,RSEM-0649,RSEM-0649,SUPPORTED,SUPPORTED,SUPPORTED,strong_consensus,3,3,"{""SUPPORTED"": 3}",A;B;C,False
relation_semantic_v2,RSEM-0650,RSEM-0650,CONTRADICTED,CONTRADICTED,CONTRADICTED,weak_consensus,3,2,"{""CONTEXTUAL_ONLY"": 1, ""CONTRADICTED"": 2}",A;B;C,False
relation_semantic_v2,RSEM-0651,RSEM-0651,UNSUPPORTED,UNSUPPORTED,UNSUPPORTED,strong_consensus,3,3,"{""UNSUPPORTED"": 3}",A;B;C,False
relation_semantic_v2,RSEM-0652,RSEM-0652,SUPPORTED,SUPPORTED,SUPPORTED,strong_consensus,3,3,"{""SUPPORTED"": 3}",A;B;C,False
relation_semantic_v2,RSEM-0653,RSEM-0653,SUPPORTED,SUPPORTED,SUPPORTED,strong_consensus,3,3,"{""SUPPORTED"": 3}",A;B;C,False
relation_semantic_v2,RSEM-0654,RSEM-0654,UNSUPPORTED,UNSUPPORTED,UNSUPPORTED,strong_consensus,3,3,"{""UNSUPPORTED"": 3}",A;B;C,False
relation_semantic_v2,RSEM-0656,RSEM-0656,CONTEXTUAL_ONLY,CONTEXTUAL_ONLY,CONTEXTUAL_ONLY,weak_consensus,3,2,"{""CONTEXTUAL_ONLY"": 2, ""UNSUPPORTED"": 1}",A;B;C,False
relation_semantic_v2,RSEM-0657,RSEM-0657,SUPPORTED,SUPPORTED,SUPPORTED,strong_consensus,3,3,"{""SUPPORTED"": 3}",A;B;C,False
relation_semantic_v2,RSEM-0658,RSEM-0658,CONTEXTUAL_ONLY,CONTEXTUAL_ONLY,CONTEXTUAL_ONLY,weak_consensus,3,2,"{""CONTEXTUAL_ONLY"": 2, ""SUPPORTED"": 1}",A;B;C,False
relation_semantic_v2,RSEM-0659,RSEM-0659,UNSUPPORTED,UNSUPPORTED,UNSUPPORTED,strong_consensus,3,3,"{""UNSUPPORTED"": 3}",A;B;C,False
relation_semantic_v2,RSEM-0660,RSEM-0660,UNSUPPORTED,UNSUPPORTED,UNSUPPORTED,weak_consensus,3,2,"{""CONTEXTUAL_ONLY"": 1, ""UNSUPPORTED"": 2}",A;B;C,False
relation_semantic_v2,RSEM-0661,RSEM-0661,UNSUPPORTED,UNSUPPORTED,UNSUPPORTED,strong_consensus,3,3,"{""UNSUPPORTED"": 3}",A;B;C,False
relation_semantic_v2,RSEM-0662,RSEM-0662,SUPPORTED,SUPPORTED,SUPPORTED,strong_consensus,3,3,"{""SUPPORTED"": 3}",A;B;C,False
relation_semantic_v2,RSEM-0663,RSEM-0663,UNSUPPORTED,UNSUPPORTED,UNSUPPORTED,weak_consensus,3,2,"{""CONTEXTUAL_ONLY"": 1, ""UNSUPPORTED"": 2}",A;B;C,False
relation_semantic_v2,RSEM-0664,RSEM-0664,UNSUPPORTED,UNSUPPORTED,UNSUPPORTED,weak_consensus,3,2,"{""INSUFFICIENT_EVIDENCE"": 1, ""UNSUPPORTED"": 2}",A;B;C,False
relation_semantic_v2,RSEM-0665,RSEM-0665,SUPPORTED,SUPPORTED,SUPPORTED,strong_consensus,3,3,"{""SUPPORTED"": 3}",A;B;C,False
relation_semantic_v2,RSEM-0666,RSEM-0666,SUPPORTED,SUPPORTED,SUPPORTED,weak_consensus,3,2,"{""CONTEXTUAL_ONLY"": 1, ""SUPPORTED"": 2}",A;B;C,False
relation_semantic_v2,RSEM-0667,RSEM-0667,SUPPORTED,SUPPORTED,SUPPORTED,strong_consensus,3,3,"{""SUPPORTED"": 3}",A;B;C,False
relation_semantic_v2,RSEM-0668,RSEM-0668,UNSUPPORTED,UNSUPPORTED,UNSUPPORTED,strong_consensus,3,3,"{""UNSUPPORTED"": 3}",A;B;C,False
relation_semantic_v2,RSEM-0669,RSEM-0669,SUPPORTED,SUPPORTED,SUPPORTED,weak_consensus,3,2,"{""CONTEXTUAL_ONLY"": 1, ""SUPPORTED"": 2}",A;B;C,False
relation_semantic_v2,RSEM-0670,RSEM-0670,SUPPORTED,SUPPORTED,SUPPORTED,strong_consensus,3,3,"{""SUPPORTED"": 3}",A;B;C,False
relation_semantic_v2,RSEM-0671,RSEM-0671,CONTEXTUAL_ONLY,CONTEXTUAL_ONLY,CONTEXTUAL_ONLY,weak_consensus,3,2,"{""CONTEXTUAL_ONLY"": 2, ""SUPPORTED"": 1}",A;B;C,False
relation_semantic_v2,RSEM-0672,RSEM-0672,SUPPORTED,SUPPORTED,SUPPORTED,weak_consensus,3,2,"{""SUPPORTED"": 2, ""UNSUPPORTED"": 1}",A;B;C,False
relation_semantic_v2,RSEM-0673,RSEM-0673,SUPPORTED,SUPPORTED,SUPPORTED,strong_consensus,3,3,"{""SUPPORTED"": 3}",A;B;C,False
relation_semantic_v2,RSEM-0674,RSEM-0674,SUPPORTED,SUPPORTED,SUPPORTED,weak_consensus,3,2,"{""CONTEXTUAL_ONLY"": 1, ""SUPPORTED"": 2}",A;B;C,False
relation_semantic_v2,RSEM-0675,RSEM-0675,SUPPORTED,SUPPORTED,SUPPORTED,strong_consensus,3,3,"{""SUPPORTED"": 3}",A;B;C,False
relation_semantic_v2,RSEM-0676,RSEM-0676,SUPPORTED,SUPPORTED,SUPPORTED,strong_consensus,3,3,"{""SUPPORTED"": 3}",A;B;C,False
relation_semantic_v2,RSEM-0677,RSEM-0677,CONTEXTUAL_ONLY,CONTEXTUAL_ONLY,CONTEXTUAL_ONLY,weak_consensus,3,2,"{""CONTEXTUAL_ONLY"": 2, ""UNSUPPORTED"": 1}",A;B;C,False
relation_semantic_v2,RSEM-0678,RSEM-0678,UNSUPPORTED,UNSUPPORTED,UNSUPPORTED,weak_consensus,3,2,"{""INSUFFICIENT_EVIDENCE"": 1, ""UNSUPPORTED"": 2}",A;B;C,False
relation_semantic_v2,RSEM-0679,RSEM-0679,CONTEXTUAL_ONLY,CONTEXTUAL_ONLY,CONTEXTUAL_ONLY,weak_consensus,3,2,"{""CONTEXTUAL_ONLY"": 2, ""UNSUPPORTED"": 1}",A;B;C,False
relation_semantic_v2,RSEM-0681,RSEM-0681,UNSUPPORTED,UNSUPPORTED,UNSUPPORTED,strong_consensus,3,3,"{""UNSUPPORTED"": 3}",A;B;C,False
relation_semantic_v2,RSEM-0682,RSEM-0682,SUPPORTED,SUPPORTED,SUPPORTED,strong_consensus,3,3,"{""SUPPORTED"": 3}",A;B;C,False
relation_semantic_v2,RSEM-0683,RSEM-0683,UNSUPPORTED,UNSUPPORTED,UNSUPPORTED,weak_consensus,3,2,"{""CONTRADICTED"": 1, ""UNSUPPORTED"": 2}",A;B;C,False
relation_semantic_v2,RSEM-0684,RSEM-0684,UNSUPPORTED,UNSUPPORTED,UNSUPPORTED,strong_consensus,3,3,"{""UNSUPPORTED"": 3}",A;B;C,False
relation_semantic_v2,RSEM-0685,RSEM-0685,CONTEXTUAL_ONLY,CONTEXTUAL_ONLY,CONTEXTUAL_ONLY,strong_consensus,3,3,"{""CONTEXTUAL_ONLY"": 3}",A;B;C,False
relation_semantic_v2,RSEM-0686,RSEM-0686,CONTEXTUAL_ONLY,CONTEXTUAL_ONLY,CONTEXTUAL_ONLY,weak_consensus,3,2,"{""CONTEXTUAL_ONLY"": 2, ""UNSUPPORTED"": 1}",A;B;C,False
relation_semantic_v2,RSEM-0687,RSEM-0687,CONTEXTUAL_ONLY,CONTEXTUAL_ONLY,CONTEXTUAL_ONLY,strong_consensus,3,3,"{""CONTEXTUAL_ONLY"": 3}",A;B;C,False
relation_semantic_v2,RSEM-0688,RSEM-0688,UNSUPPORTED,UNSUPPORTED,UNSUPPORTED,weak_consensus,3,2,"{""CONTEXTUAL_ONLY"": 1, ""UNSUPPORTED"": 2}",A;B;C,False
relation_semantic_v2,RSEM-0689,RSEM-0689,SUPPORTED,SUPPORTED,SUPPORTED,strong_consensus,3,3,"{""SUPPORTED"": 3}",A;B;C,False
relation_semantic_v2,RSEM-0690,RSEM-0690,UNSUPPORTED,UNSUPPORTED,UNSUPPORTED,strong_consensus,3,3,"{""UNSUPPORTED"": 3}",A;B;C,False
relation_semantic_v2,RSEM-0691,RSEM-0691,UNSUPPORTED,UNSUPPORTED,UNSUPPORTED,weak_consensus,3,2,"{""CONTRADICTED"": 1, ""UNSUPPORTED"": 2}",A;B;C,False
relation_semantic_v2,RSEM-0692,RSEM-0692,CONTEXTUAL_ONLY,CONTEXTUAL_ONLY,CONTEXTUAL_ONLY,strong_consensus,3,3,"{""CONTEXTUAL_ONLY"": 3}",A;B;C,False
relation_semantic_v2,RSEM-0693,RSEM-0693,UNSUPPORTED,UNSUPPORTED,UNSUPPORTED,weak_consensus,3,2,"{""CONTRADICTED"": 1, ""UNSUPPORTED"": 2}",A;B;C,False
relation_semantic_v2,RSEM-0694,RSEM-0694,CONTEXTUAL_ONLY,CONTEXTUAL_ONLY,CONTEXTUAL_ONLY,weak_consensus,3,2,"{""CONTEXTUAL_ONLY"": 2, ""SUPPORTED"": 1}",A;B;C,False
relation_semantic_v2,RSEM-0695,RSEM-0695,SUPPORTED,SUPPORTED,SUPPORTED,weak_consensus,3,2,"{""CONTEXTUAL_ONLY"": 1, ""SUPPORTED"": 2}",A;B;C,False
relation_semantic_v2,RSEM-0696,RSEM-0696,SUPPORTED,SUPPORTED,SUPPORTED,weak_consensus,3,2,"{""CONTEXTUAL_ONLY"": 1, ""SUPPORTED"": 2}",A;B;C,False
relation_semantic_v2,RSEM-0697,RSEM-0697,UNSUPPORTED,UNSUPPORTED,UNSUPPORTED,strong_consensus,3,3,"{""UNSUPPORTED"": 3}",A;B;C,False
relation_semantic_v2,RSEM-0698,RSEM-0698,UNSUPPORTED,UNSUPPORTED,UNSUPPORTED,strong_consensus,3,3,"{""UNSUPPORTED"": 3}",A;B;C,False
relation_semantic_v2,RSEM-0699,RSEM-0699,UNSUPPORTED,UNSUPPORTED,UNSUPPORTED,strong_consensus,3,3,"{""UNSUPPORTED"": 3}",A;B;C,False
relation_semantic_v2,RSEM-0700,RSEM-0700,SUPPORTED,SUPPORTED,SUPPORTED,weak_consensus,3,2,"{""SUPPORTED"": 2, ""UNSUPPORTED"": 1}",A;B;C,False
relation_semantic_v2,RSEM-0701,RSEM-0701,UNSUPPORTED,UNSUPPORTED,UNSUPPORTED,weak_consensus,3,2,"{""CONTEXTUAL_ONLY"": 1, ""UNSUPPORTED"": 2}",A;B;C,False
relation_semantic_v2,RSEM-0702,RSEM-0702,SUPPORTED,SUPPORTED,SUPPORTED,strong_consensus,3,3,"{""SUPPORTED"": 3}",A;B;C,False
relation_semantic_v2,RSEM-0703,RSEM-0703,UNSUPPORTED,UNSUPPORTED,UNSUPPORTED,strong_consensus,3,3,"{""UNSUPPORTED"": 3}",A;B;C,False
relation_semantic_v2,RSEM-0704,RSEM-0704,SUPPORTED,SUPPORTED,SUPPORTED,strong_consensus,3,3,"{""SUPPORTED"": 3}",A;B;C,False
relation_semantic_v2,RSEM-0705,RSEM-0705,SUPPORTED,SUPPORTED,SUPPORTED,strong_consensus,3,3,"{""SUPPORTED"": 3}",A;B;C,False
relation_semantic_v2,RSEM-0708,RSEM-0708,UNSUPPORTED,UNSUPPORTED,UNSUPPORTED,weak_consensus,3,2,"{""INSUFFICIENT_EVIDENCE"": 1, ""UNSUPPORTED"": 2}",A;B;C,False
relation_semantic_v2,RSEM-0709,RSEM-0709,SUPPORTED,SUPPORTED,SUPPORTED,strong_consensus,3,3,"{""SUPPORTED"": 3}",A;B;C,False
relation_semantic_v2,RSEM-0710,RSEM-0710,UNSUPPORTED,UNSUPPORTED,UNSUPPORTED,weak_consensus,3,2,"{""INSUFFICIENT_EVIDENCE"": 1, ""UNSUPPORTED"": 2}",A;B;C,False
relation_semantic_v2,RSEM-0711,RSEM-0711,SUPPORTED,SUPPORTED,SUPPORTED,strong_consensus,3,3,"{""SUPPORTED"": 3}",A;B;C,False
relation_semantic_v2,RSEM-0712,RSEM-0712,SUPPORTED,SUPPORTED,SUPPORTED,strong_consensus,3,3,"{""SUPPORTED"": 3}",A;B;C,False
relation_semantic_v2,RSEM-0713,RSEM-0713,SUPPORTED,SUPPORTED,SUPPORTED,weak_consensus,3,2,"{""CONTEXTUAL_ONLY"": 1, ""SUPPORTED"": 2}",A;B;C,False
relation_semantic_v2,RSEM-0714,RSEM-0714,SUPPORTED,SUPPORTED,SUPPORTED,weak_consensus,3,2,"{""SUPPORTED"": 2, ""UNSUPPORTED"": 1}",A;B;C,False
relation_semantic_v2,RSEM-0715,RSEM-0715,UNSUPPORTED,UNSUPPORTED,UNSUPPORTED,weak_consensus,3,2,"{""INSUFFICIENT_EVIDENCE"": 1, ""UNSUPPORTED"": 2}",A;B;C,False
relation_semantic_v2,RSEM-0716,RSEM-0716,CONTEXTUAL_ONLY,CONTEXTUAL_ONLY,CONTEXTUAL_ONLY,weak_consensus,3,2,"{""CONTEXTUAL_ONLY"": 2, ""SUPPORTED"": 1}",A;B;C,False
relation_semantic_v2,RSEM-0717,RSEM-0717,UNSUPPORTED,UNSUPPORTED,UNSUPPORTED,strong_consensus,3,3,"{""UNSUPPORTED"": 3}",A;B;C,False
relation_semantic_v2,RSEM-0718,RSEM-0718,UNSUPPORTED,UNSUPPORTED,UNSUPPORTED,weak_consensus,3,2,"{""INSUFFICIENT_EVIDENCE"": 1, ""UNSUPPORTED"": 2}",A;B;C,False
relation_semantic_v2,RSEM-0719,RSEM-0719,UNSUPPORTED,UNSUPPORTED,UNSUPPORTED,strong_consensus,3,3,"{""UNSUPPORTED"": 3}",A;B;C,False
relation_semantic_v2,RSEM-0720,RSEM-0720,UNSUPPORTED,UNSUPPORTED,UNSUPPORTED,weak_consensus,3,2,"{""INSUFFICIENT_EVIDENCE"": 1, ""UNSUPPORTED"": 2}",A;B;C,False
relation_semantic_v2,RSEM-0721,RSEM-0721,UNSUPPORTED,UNSUPPORTED,UNSUPPORTED,weak_consensus,3,2,"{""INSUFFICIENT_EVIDENCE"": 1, ""UNSUPPORTED"": 2}",A;B;C,False
relation_semantic_v2,RSEM-0722,RSEM-0722,SUPPORTED,SUPPORTED,SUPPORTED,strong_consensus,3,3,"{""SUPPORTED"": 3}",A;B;C,False
relation_semantic_v2,RSEM-0723,RSEM-0723,UNSUPPORTED,UNSUPPORTED,UNSUPPORTED,weak_consensus,3,2,"{""CONTEXTUAL_ONLY"": 1, ""UNSUPPORTED"": 2}",A;B;C,False
relation_semantic_v2,RSEM-0724,RSEM-0724,UNSUPPORTED,UNSUPPORTED,UNSUPPORTED,weak_consensus,3,2,"{""CONTRADICTED"": 1, ""UNSUPPORTED"": 2}",A;B;C,False
relation_semantic_v2,RSEM-0725,RSEM-0725,SUPPORTED,SUPPORTED,SUPPORTED,strong_consensus,3,3,"{""SUPPORTED"": 3}",A;B;C,False
relation_semantic_v2,RSEM-0726,RSEM-0726,SUPPORTED,SUPPORTED,SUPPORTED,strong_consensus,3,3,"{""SUPPORTED"": 3}",A;B;C,False
relation_semantic_v2,RSEM-0727,RSEM-0727,SUPPORTED,SUPPORTED,SUPPORTED,strong_consensus,3,3,"{""SUPPORTED"": 3}",A;B;C,False
relation_semantic_v2,RSEM-0728,RSEM-0728,CONTEXTUAL_ONLY,CONTEXTUAL_ONLY,CONTEXTUAL_ONLY,weak_consensus,3,2,"{""CONTEXTUAL_ONLY"": 2, ""SUPPORTED"": 1}",A;B;C,False
relation_semantic_v2,RSEM-0729,RSEM-0729,CONTEXTUAL_ONLY,CONTEXTUAL_ONLY,CONTEXTUAL_ONLY,strong_consensus,3,3,"{""CONTEXTUAL_ONLY"": 3}",A;B;C,False
relation_semantic_v2,RSEM-0730,RSEM-0730,SUPPORTED,SUPPORTED,SUPPORTED,strong_consensus,3,3,"{""SUPPORTED"": 3}",A;B;C,False
relation_semantic_v2,RSEM-0731,RSEM-0731,CONTEXTUAL_ONLY,CONTEXTUAL_ONLY,CONTEXTUAL_ONLY,weak_consensus,3,2,"{""CONTEXTUAL_ONLY"": 2, ""SUPPORTED"": 1}",A;B;C,False
relation_semantic_v2,RSEM-0733,RSEM-0733,CONTRADICTED,CONTRADICTED,CONTRADICTED,strong_consensus,3,3,"{""CONTRADICTED"": 3}",A;B;C,False
relation_semantic_v2,RSEM-0734,RSEM-0734,CONTEXTUAL_ONLY,CONTEXTUAL_ONLY,CONTEXTUAL_ONLY,weak_consensus,3,2,"{""CONTEXTUAL_ONLY"": 2, ""UNSUPPORTED"": 1}",A;B;C,False
relation_semantic_v2,RSEM-0735,RSEM-0735,SUPPORTED,SUPPORTED,SUPPORTED,strong_consensus,3,3,"{""SUPPORTED"": 3}",A;B;C,False
relation_semantic_v2,RSEM-0736,RSEM-0736,SUPPORTED,SUPPORTED,SUPPORTED,strong_consensus,3,3,"{""SUPPORTED"": 3}",A;B;C,False
relation_semantic_v2,RSEM-0737,RSEM-0737,SUPPORTED,SUPPORTED,SUPPORTED,strong_consensus,3,3,"{""SUPPORTED"": 3}",A;B;C,False
relation_semantic_v2,RSEM-0738,RSEM-0738,SUPPORTED,SUPPORTED,SUPPORTED,weak_consensus,3,2,"{""SUPPORTED"": 2, ""UNSUPPORTED"": 1}",A;B;C,False
relation_semantic_v2,RSEM-0739,RSEM-0739,SUPPORTED,SUPPORTED,SUPPORTED,strong_consensus,3,3,"{""SUPPORTED"": 3}",A;B;C,False
relation_semantic_v2,RSEM-0740,RSEM-0740,CONTEXTUAL_ONLY,CONTEXTUAL_ONLY,CONTEXTUAL_ONLY,weak_consensus,3,2,"{""CONTEXTUAL_ONLY"": 2, ""UNSUPPORTED"": 1}",A;B;C,False
relation_semantic_v2,RSEM-0741,RSEM-0741,UNSUPPORTED,UNSUPPORTED,UNSUPPORTED,weak_consensus,3,2,"{""INSUFFICIENT_EVIDENCE"": 1, ""UNSUPPORTED"": 2}",A;B;C,False
relation_semantic_v2,RSEM-0742,RSEM-0742,UNSUPPORTED,UNSUPPORTED,UNSUPPORTED,strong_consensus,3,3,"{""UNSUPPORTED"": 3}",A;B;C,False
relation_semantic_v2,RSEM-0743,RSEM-0743,UNSUPPORTED,UNSUPPORTED,UNSUPPORTED,strong_consensus,3,3,"{""UNSUPPORTED"": 3}",A;B;C,False
relation_semantic_v2,RSEM-0744,RSEM-0744,SUPPORTED,SUPPORTED,SUPPORTED,strong_consensus,3,3,"{""SUPPORTED"": 3}",A;B;C,False
relation_semantic_v2,RSEM-0745,RSEM-0745,SUPPORTED,SUPPORTED,SUPPORTED,weak_consensus,3,2,"{""CONTEXTUAL_ONLY"": 1, ""SUPPORTED"": 2}",A;B;C,False
relation_semantic_v2,RSEM-0746,RSEM-0746,UNSUPPORTED,UNSUPPORTED,UNSUPPORTED,strong_consensus,3,3,"{""UNSUPPORTED"": 3}",A;B;C,False
relation_semantic_v2,RSEM-0747,RSEM-0747,UNSUPPORTED,UNSUPPORTED,UNSUPPORTED,strong_consensus,3,3,"{""UNSUPPORTED"": 3}",A;B;C,False
relation_semantic_v2,RSEM-0748,RSEM-0748,UNSUPPORTED,UNSUPPORTED,UNSUPPORTED,weak_consensus,3,2,"{""CONTRADICTED"": 1, ""UNSUPPORTED"": 2}",A;B;C,False
relation_semantic_v2,RSEM-0749,RSEM-0749,SUPPORTED,SUPPORTED,SUPPORTED,strong_consensus,3,3,"{""SUPPORTED"": 3}",A;B;C,False
relation_semantic_v2,RSEM-0750,RSEM-0750,SUPPORTED,SUPPORTED,SUPPORTED,strong_consensus,3,3,"{""SUPPORTED"": 3}",A;B;C,False
relation_semantic_v2,RSEM-0751,RSEM-0751,UNSUPPORTED,UNSUPPORTED,UNSUPPORTED,weak_consensus,3,2,"{""INSUFFICIENT_EVIDENCE"": 1, ""UNSUPPORTED"": 2}",A;B;C,False
relation_semantic_v2,RSEM-0753,RSEM-0753,SUPPORTED,SUPPORTED,SUPPORTED,strong_consensus,3,3,"{""SUPPORTED"": 3}",A;B;C,False
relation_semantic_v2,RSEM-0754,RSEM-0754,CONTEXTUAL_ONLY,CONTEXTUAL_ONLY,CONTEXTUAL_ONLY,weak_consensus,3,2,"{""CONTEXTUAL_ONLY"": 2, ""SUPPORTED"": 1}",A;B;C,False
relation_semantic_v2,RSEM-0755,RSEM-0755,SUPPORTED,SUPPORTED,SUPPORTED,strong_consensus,3,3,"{""SUPPORTED"": 3}",A;B;C,False
relation_semantic_v2,RSEM-0756,RSEM-0756,SUPPORTED,SUPPORTED,SUPPORTED,weak_consensus,3,2,"{""CONTEXTUAL_ONLY"": 1, ""SUPPORTED"": 2}",A;B;C,False
relation_semantic_v2,RSEM-0757,RSEM-0757,SUPPORTED,SUPPORTED,SUPPORTED,strong_consensus,3,3,"{""SUPPORTED"": 3}",A;B;C,False
relation_semantic_v2,RSEM-0758,RSEM-0758,INSUFFICIENT_EVIDENCE,INSUFFICIENT_EVIDENCE,INSUFFICIENT_EVIDENCE,weak_consensus,3,2,"{""INSUFFICIENT_EVIDENCE"": 2, ""UNSUPPORTED"": 1}",A;B;C,False
relation_semantic_v2,RSEM-0759,RSEM-0759,SUPPORTED,SUPPORTED,SUPPORTED,strong_consensus,3,3,"{""SUPPORTED"": 3}",A;B;C,False
relation_semantic_v2,RSEM-0760,RSEM-0760,CONTEXTUAL_ONLY,CONTEXTUAL_ONLY,CONTEXTUAL_ONLY,weak_consensus,3,2,"{""CONTEXTUAL_ONLY"": 2, ""SUPPORTED"": 1}",A;B;C,False
relation_semantic_v2,RSEM-0761,RSEM-0761,SUPPORTED,SUPPORTED,SUPPORTED,strong_consensus,3,3,"{""SUPPORTED"": 3}",A;B;C,False
relation_semantic_v2,RSEM-0762,RSEM-0762,SUPPORTED,SUPPORTED,SUPPORTED,strong_consensus,3,3,"{""SUPPORTED"": 3}",A;B;C,False
relation_semantic_v2,RSEM-0763,RSEM-0763,SUPPORTED,SUPPORTED,SUPPORTED,strong_consensus,3,3,"{""SUPPORTED"": 3}",A;B;C,False
relation_semantic_v2,RSEM-0765,RSEM-0765,SUPPORTED,SUPPORTED,SUPPORTED,strong_consensus,3,3,"{""SUPPORTED"": 3}",A;B;C,False
relation_semantic_v2,RSEM-0766,RSEM-0766,SUPPORTED,SUPPORTED,SUPPORTED,weak_consensus,3,2,"{""CONTEXTUAL_ONLY"": 1, ""SUPPORTED"": 2}",A;B;C,False
relation_semantic_v2,RSEM-0767,RSEM-0767,SUPPORTED,SUPPORTED,SUPPORTED,weak_consensus,3,2,"{""CONTEXTUAL_ONLY"": 1, ""SUPPORTED"": 2}",A;B;C,False
relation_semantic_v2,RSEM-0768,RSEM-0768,UNSUPPORTED,UNSUPPORTED,UNSUPPORTED,strong_consensus,3,3,"{""UNSUPPORTED"": 3}",A;B;C,False
relation_semantic_v2,RSEM-0769,RSEM-0769,SUPPORTED,SUPPORTED,SUPPORTED,strong_consensus,3,3,"{""SUPPORTED"": 3}",A;B;C,False
relation_semantic_v2,RSEM-0770,RSEM-0770,SUPPORTED,SUPPORTED,SUPPORTED,strong_consensus,3,3,"{""SUPPORTED"": 3}",A;B;C,False
relation_semantic_v2,RSEM-0771,RSEM-0771,UNSUPPORTED,UNSUPPORTED,UNSUPPORTED,strong_consensus,3,3,"{""UNSUPPORTED"": 3}",A;B;C,False
relation_semantic_v2,RSEM-0772,RSEM-0772,SUPPORTED,SUPPORTED,SUPPORTED,strong_consensus,3,3,"{""SUPPORTED"": 3}",A;B;C,False
relation_semantic_v2,RSEM-0773,RSEM-0773,UNSUPPORTED,UNSUPPORTED,UNSUPPORTED,weak_consensus,3,2,"{""INSUFFICIENT_EVIDENCE"": 1, ""UNSUPPORTED"": 2}",A;B;C,False
relation_semantic_v2,RSEM-0774,RSEM-0774,UNSUPPORTED,UNSUPPORTED,UNSUPPORTED,strong_consensus,3,3,"{""UNSUPPORTED"": 3}",A;B;C,False
relation_semantic_v2,RSEM-0775,RSEM-0775,UNSUPPORTED,UNSUPPORTED,UNSUPPORTED,strong_consensus,3,3,"{""UNSUPPORTED"": 3}",A;B;C,False
relation_semantic_v2,RSEM-0776,RSEM-0776,SUPPORTED,SUPPORTED,SUPPORTED,strong_consensus,3,3,"{""SUPPORTED"": 3}",A;B;C,False
relation_semantic_v2,RSEM-0777,RSEM-0777,UNSUPPORTED,UNSUPPORTED,UNSUPPORTED,strong_consensus,3,3,"{""UNSUPPORTED"": 3}",A;B;C,False
relation_semantic_v2,RSEM-0778,RSEM-0778,UNSUPPORTED,UNSUPPORTED,UNSUPPORTED,strong_consensus,3,3,"{""UNSUPPORTED"": 3}",A;B;C,False
relation_semantic_v2,RSEM-0779,RSEM-0779,SUPPORTED,SUPPORTED,SUPPORTED,strong_consensus,3,3,"{""SUPPORTED"": 3}",A;B;C,False
relation_semantic_v2,RSEM-0780,RSEM-0780,UNSUPPORTED,UNSUPPORTED,UNSUPPORTED,weak_consensus,3,2,"{""CONTEXTUAL_ONLY"": 1, ""UNSUPPORTED"": 2}",A;B;C,False
relation_semantic_v2,RSEM-0782,RSEM-0782,SUPPORTED,SUPPORTED,SUPPORTED,strong_consensus,3,3,"{""SUPPORTED"": 3}",A;B;C,False
relation_semantic_v2,RSEM-0783,RSEM-0783,SUPPORTED,SUPPORTED,SUPPORTED,strong_consensus,3,3,"{""SUPPORTED"": 3}",A;B;C,False
relation_semantic_v2,RSEM-0784,RSEM-0784,SUPPORTED,SUPPORTED,SUPPORTED,weak_consensus,3,2,"{""CONTEXTUAL_ONLY"": 1, ""SUPPORTED"": 2}",A;B;C,False
relation_semantic_v2,RSEM-0785,RSEM-0785,SUPPORTED,SUPPORTED,SUPPORTED,strong_consensus,3,3,"{""SUPPORTED"": 3}",A;B;C,False
relation_semantic_v2,RSEM-0786,RSEM-0786,UNSUPPORTED,UNSUPPORTED,UNSUPPORTED,weak_consensus,3,2,"{""INSUFFICIENT_EVIDENCE"": 1, ""UNSUPPORTED"": 2}",A;B;C,False
relation_semantic_v2,RSEM-0787,RSEM-0787,SUPPORTED,SUPPORTED,SUPPORTED,strong_consensus,3,3,"{""SUPPORTED"": 3}",A;B;C,False
relation_semantic_v2,RSEM-0788,RSEM-0788,SUPPORTED,SUPPORTED,SUPPORTED,weak_consensus,3,2,"{""CONTEXTUAL_ONLY"": 1, ""SUPPORTED"": 2}",A;B;C,False
relation_semantic_v2,RSEM-0789,RSEM-0789,CONTEXTUAL_ONLY,CONTEXTUAL_ONLY,CONTEXTUAL_ONLY,weak_consensus,3,2,"{""CONTEXTUAL_ONLY"": 2, ""SUPPORTED"": 1}",A;B;C,False
relation_semantic_v2,RSEM-0790,RSEM-0790,SUPPORTED,SUPPORTED,SUPPORTED,weak_consensus,3,2,"{""CONTEXTUAL_ONLY"": 1, ""SUPPORTED"": 2}",A;B;C,False
relation_semantic_v2,RSEM-0791,RSEM-0791,UNSUPPORTED,UNSUPPORTED,UNSUPPORTED,weak_consensus,3,2,"{""CONTEXTUAL_ONLY"": 1, ""UNSUPPORTED"": 2}",A;B;C,False
relation_semantic_v2,RSEM-0792,RSEM-0792,SUPPORTED,SUPPORTED,SUPPORTED,weak_consensus,3,2,"{""SUPPORTED"": 2, ""UNSUPPORTED"": 1}",A;B;C,False
relation_semantic_v2,RSEM-0793,RSEM-0793,SUPPORTED,SUPPORTED,SUPPORTED,strong_consensus,3,3,"{""SUPPORTED"": 3}",A;B;C,False
relation_semantic_v2,RSEM-0794,RSEM-0794,CONTEXTUAL_ONLY,CONTEXTUAL_ONLY,CONTEXTUAL_ONLY,strong_consensus,3,3,"{""CONTEXTUAL_ONLY"": 3}",A;B;C,False
relation_semantic_v2,RSEM-0795,RSEM-0795,SUPPORTED,SUPPORTED,SUPPORTED,strong_consensus,3,3,"{""SUPPORTED"": 3}",A;B;C,False
relation_semantic_v2,RSEM-0796,RSEM-0796,SUPPORTED,SUPPORTED,SUPPORTED,weak_consensus,3,2,"{""SUPPORTED"": 2, ""UNSUPPORTED"": 1}",A;B;C,False
relation_semantic_v2,RSEM-0797,RSEM-0797,SUPPORTED,SUPPORTED,SUPPORTED,weak_consensus,3,2,"{""CONTEXTUAL_ONLY"": 1, ""SUPPORTED"": 2}",A;B;C,False
relation_semantic_v2,RSEM-0798,RSEM-0798,INSUFFICIENT_EVIDENCE,INSUFFICIENT_EVIDENCE,INSUFFICIENT_EVIDENCE,strong_consensus,3,3,"{""INSUFFICIENT_EVIDENCE"": 3}",A;B;C,False
relation_semantic_v2,RSEM-0799,RSEM-0799,CONTEXTUAL_ONLY,CONTEXTUAL_ONLY,CONTEXTUAL_ONLY,strong_consensus,3,3,"{""CONTEXTUAL_ONLY"": 3}",A;B;C,False
relation_semantic_v2,RSEM-0800,RSEM-0800,UNSUPPORTED,UNSUPPORTED,UNSUPPORTED,weak_consensus,3,2,"{""INSUFFICIENT_EVIDENCE"": 1, ""UNSUPPORTED"": 2}",A;B;C,False
