component,variant,sample_id,task_type,item_id,prediction,ai_gold,accepted,correct,confidence,evidence_class,overlap_status,note
Full classifier,Full selective classifier,ET-0002,entity_type,IENT-32e42b83c8e2ef7e701c2d6d,ABSTAIN,Event,0,0,0.484646886587,actual_run,shared_proxy_reference,"AI ensemble reference shares source-type, lexical, contract, and/or historical model signals; report as proxy-reference consistency, not independent accuracy"
Class-specific Gate,w/o Class-specific Gate,ET-0002,entity_type,IENT-32e42b83c8e2ef7e701c2d6d,ABSTAIN,Event,0,0,0.484646886587,actual_run,shared_proxy_reference,"AI ensemble reference shares source-type, lexical, contract, and/or historical model signals; report as proxy-reference consistency, not independent accuracy"
Independent Signal Agreement,w/o Independent Signal Agreement,ET-0002,entity_type,IENT-32e42b83c8e2ef7e701c2d6d,ABSTAIN,Event,0,0,0.484646886587,actual_run,shared_proxy_reference,"AI ensemble reference shares source-type, lexical, contract, and/or historical model signals; report as proxy-reference consistency, not independent accuracy"
Abstention,w/o Abstention,ET-0002,entity_type,IENT-32e42b83c8e2ef7e701c2d6d,Event,Event,1,1,0.484646886587,actual_run,shared_proxy_reference,"AI ensemble reference shares source-type, lexical, contract, and/or historical model signals; report as proxy-reference consistency, not independent accuracy"
Full classifier,Full selective classifier,ET-0003,entity_type,IENT-67aa23991d8873b6e9890631,Organization,Organization,1,1,0.98403018713,actual_run,shared_proxy_reference,"AI ensemble reference shares source-type, lexical, contract, and/or historical model signals; report as proxy-reference consistency, not independent accuracy"
Class-specific Gate,w/o Class-specific Gate,ET-0003,entity_type,IENT-67aa23991d8873b6e9890631,Organization,Organization,1,1,0.98403018713,actual_run,shared_proxy_reference,"AI ensemble reference shares source-type, lexical, contract, and/or historical model signals; report as proxy-reference consistency, not independent accuracy"
Independent Signal Agreement,w/o Independent Signal Agreement,ET-0003,entity_type,IENT-67aa23991d8873b6e9890631,Organization,Organization,1,1,0.98403018713,actual_run,shared_proxy_reference,"AI ensemble reference shares source-type, lexical, contract, and/or historical model signals; report as proxy-reference consistency, not independent accuracy"
Abstention,w/o Abstention,ET-0003,entity_type,IENT-67aa23991d8873b6e9890631,Organization,Organization,1,1,0.98403018713,actual_run,shared_proxy_reference,"AI ensemble reference shares source-type, lexical, contract, and/or historical model signals; report as proxy-reference consistency, not independent accuracy"
Full classifier,Full selective classifier,ET-0004,entity_type,IENT-56d731b9d9de5f865cfedc91,ABSTAIN,Event,0,0,0.789772093296,actual_run,shared_proxy_reference,"AI ensemble reference shares source-type, lexical, contract, and/or historical model signals; report as proxy-reference consistency, not independent accuracy"
Class-specific Gate,w/o Class-specific Gate,ET-0004,entity_type,IENT-56d731b9d9de5f865cfedc91,ABSTAIN,Event,0,0,0.789772093296,actual_run,shared_proxy_reference,"AI ensemble reference shares source-type, lexical, contract, and/or historical model signals; report as proxy-reference consistency, not independent accuracy"
Independent Signal Agreement,w/o Independent Signal Agreement,ET-0004,entity_type,IENT-56d731b9d9de5f865cfedc91,ABSTAIN,Event,0,0,0.789772093296,actual_run,shared_proxy_reference,"AI ensemble reference shares source-type, lexical, contract, and/or historical model signals; report as proxy-reference consistency, not independent accuracy"
Abstention,w/o Abstention,ET-0004,entity_type,IENT-56d731b9d9de5f865cfedc91,Event,Event,1,1,0.789772093296,actual_run,shared_proxy_reference,"AI ensemble reference shares source-type, lexical, contract, and/or historical model signals; report as proxy-reference consistency, not independent accuracy"
Full classifier,Full selective classifier,ET-0005,entity_type,IENT-130e01efc799530e321f1e62,Event,Event,1,1,0.953527927399,actual_run,shared_proxy_reference,"AI ensemble reference shares source-type, lexical, contract, and/or historical model signals; report as proxy-reference consistency, not independent accuracy"
Class-specific Gate,w/o Class-specific Gate,ET-0005,entity_type,IENT-130e01efc799530e321f1e62,Event,Event,1,1,0.953527927399,actual_run,shared_proxy_reference,"AI ensemble reference shares source-type, lexical, contract, and/or historical model signals; report as proxy-reference consistency, not independent accuracy"
Independent Signal Agreement,w/o Independent Signal Agreement,ET-0005,entity_type,IENT-130e01efc799530e321f1e62,Event,Event,1,1,0.953527927399,actual_run,shared_proxy_reference,"AI ensemble reference shares source-type, lexical, contract, and/or historical model signals; report as proxy-reference consistency, not independent accuracy"
Abstention,w/o Abstention,ET-0005,entity_type,IENT-130e01efc799530e321f1e62,Event,Event,1,1,0.953527927399,actual_run,shared_proxy_reference,"AI ensemble reference shares source-type, lexical, contract, and/or historical model signals; report as proxy-reference consistency, not independent accuracy"
Full classifier,Full selective classifier,ET-0007,entity_type,IENT-e254ba3486ea72aa06e253f1,ABSTAIN,Person,0,0,0.919400274754,actual_run,shared_proxy_reference,"AI ensemble reference shares source-type, lexical, contract, and/or historical model signals; report as proxy-reference consistency, not independent accuracy"
Class-specific Gate,w/o Class-specific Gate,ET-0007,entity_type,IENT-e254ba3486ea72aa06e253f1,ABSTAIN,Person,0,0,0.919400274754,actual_run,shared_proxy_reference,"AI ensemble reference shares source-type, lexical, contract, and/or historical model signals; report as proxy-reference consistency, not independent accuracy"
Independent Signal Agreement,w/o Independent Signal Agreement,ET-0007,entity_type,IENT-e254ba3486ea72aa06e253f1,Person,Person,1,1,0.919400274754,actual_run,shared_proxy_reference,"AI ensemble reference shares source-type, lexical, contract, and/or historical model signals; report as proxy-reference consistency, not independent accuracy"
Abstention,w/o Abstention,ET-0007,entity_type,IENT-e254ba3486ea72aa06e253f1,Person,Person,1,1,0.919400274754,actual_run,shared_proxy_reference,"AI ensemble reference shares source-type, lexical, contract, and/or historical model signals; report as proxy-reference consistency, not independent accuracy"
Full classifier,Full selective classifier,ET-0009,entity_type,IENT-caa7ad9ff6f3062092c3051e,Place,Place,1,1,0.999425590038,actual_run,shared_proxy_reference,"AI ensemble reference shares source-type, lexical, contract, and/or historical model signals; report as proxy-reference consistency, not independent accuracy"
Class-specific Gate,w/o Class-specific Gate,ET-0009,entity_type,IENT-caa7ad9ff6f3062092c3051e,Place,Place,1,1,0.999425590038,actual_run,shared_proxy_reference,"AI ensemble reference shares source-type, lexical, contract, and/or historical model signals; report as proxy-reference consistency, not independent accuracy"
Independent Signal Agreement,w/o Independent Signal Agreement,ET-0009,entity_type,IENT-caa7ad9ff6f3062092c3051e,Place,Place,1,1,0.999425590038,actual_run,shared_proxy_reference,"AI ensemble reference shares source-type, lexical, contract, and/or historical model signals; report as proxy-reference consistency, not independent accuracy"
Abstention,w/o Abstention,ET-0009,entity_type,IENT-caa7ad9ff6f3062092c3051e,Place,Place,1,1,0.999425590038,actual_run,shared_proxy_reference,"AI ensemble reference shares source-type, lexical, contract, and/or historical model signals; report as proxy-reference consistency, not independent accuracy"
Full classifier,Full selective classifier,ET-0010,entity_type,IENT-c074cb8db0456561fbfadf2e,Place,Place,1,1,0.998413383961,actual_run,shared_proxy_reference,"AI ensemble reference shares source-type, lexical, contract, and/or historical model signals; report as proxy-reference consistency, not independent accuracy"
Class-specific Gate,w/o Class-specific Gate,ET-0010,entity_type,IENT-c074cb8db0456561fbfadf2e,Place,Place,1,1,0.998413383961,actual_run,shared_proxy_reference,"AI ensemble reference shares source-type, lexical, contract, and/or historical model signals; report as proxy-reference consistency, not independent accuracy"
Independent Signal Agreement,w/o Independent Signal Agreement,ET-0010,entity_type,IENT-c074cb8db0456561fbfadf2e,Place,Place,1,1,0.998413383961,actual_run,shared_proxy_reference,"AI ensemble reference shares source-type, lexical, contract, and/or historical model signals; report as proxy-reference consistency, not independent accuracy"
Abstention,w/o Abstention,ET-0010,entity_type,IENT-c074cb8db0456561fbfadf2e,Place,Place,1,1,0.998413383961,actual_run,shared_proxy_reference,"AI ensemble reference shares source-type, lexical, contract, and/or historical model signals; report as proxy-reference consistency, not independent accuracy"
Full classifier,Full selective classifier,ET-0012,entity_type,IENT-91a569ae1d036f4fb0d7aaa2,ABSTAIN,Concept,0,0,0.856515169144,actual_run,shared_proxy_reference,"AI ensemble reference shares source-type, lexical, contract, and/or historical model signals; report as proxy-reference consistency, not independent accuracy"
Class-specific Gate,w/o Class-specific Gate,ET-0012,entity_type,IENT-91a569ae1d036f4fb0d7aaa2,ABSTAIN,Concept,0,0,0.856515169144,actual_run,shared_proxy_reference,"AI ensemble reference shares source-type, lexical, contract, and/or historical model signals; report as proxy-reference consistency, not independent accuracy"
Independent Signal Agreement,w/o Independent Signal Agreement,ET-0012,entity_type,IENT-91a569ae1d036f4fb0d7aaa2,ABSTAIN,Concept,0,0,0.856515169144,actual_run,shared_proxy_reference,"AI ensemble reference shares source-type, lexical, contract, and/or historical model signals; report as proxy-reference consistency, not independent accuracy"
Abstention,w/o Abstention,ET-0012,entity_type,IENT-91a569ae1d036f4fb0d7aaa2,Concept,Concept,1,1,0.856515169144,actual_run,shared_proxy_reference,"AI ensemble reference shares source-type, lexical, contract, and/or historical model signals; report as proxy-reference consistency, not independent accuracy"
Full classifier,Full selective classifier,ET-0013,entity_type,IENT-31bf43547952acca7fd036df,Event,Event,1,1,0.933453202248,actual_run,shared_proxy_reference,"AI ensemble reference shares source-type, lexical, contract, and/or historical model signals; report as proxy-reference consistency, not independent accuracy"
Class-specific Gate,w/o Class-specific Gate,ET-0013,entity_type,IENT-31bf43547952acca7fd036df,Event,Event,1,1,0.933453202248,actual_run,shared_proxy_reference,"AI ensemble reference shares source-type, lexical, contract, and/or historical model signals; report as proxy-reference consistency, not independent accuracy"
Independent Signal Agreement,w/o Independent Signal Agreement,ET-0013,entity_type,IENT-31bf43547952acca7fd036df,Event,Event,1,1,0.933453202248,actual_run,shared_proxy_reference,"AI ensemble reference shares source-type, lexical, contract, and/or historical model signals; report as proxy-reference consistency, not independent accuracy"
Abstention,w/o Abstention,ET-0013,entity_type,IENT-31bf43547952acca7fd036df,Event,Event,1,1,0.933453202248,actual_run,shared_proxy_reference,"AI ensemble reference shares source-type, lexical, contract, and/or historical model signals; report as proxy-reference consistency, not independent accuracy"
Full classifier,Full selective classifier,ET-0014,entity_type,IENT-d31692cafc7a72d55b1fbe18,Event,Event,1,1,0.994565486908,actual_run,shared_proxy_reference,"AI ensemble reference shares source-type, lexical, contract, and/or historical model signals; report as proxy-reference consistency, not independent accuracy"
Class-specific Gate,w/o Class-specific Gate,ET-0014,entity_type,IENT-d31692cafc7a72d55b1fbe18,Event,Event,1,1,0.994565486908,actual_run,shared_proxy_reference,"AI ensemble reference shares source-type, lexical, contract, and/or historical model signals; report as proxy-reference consistency, not independent accuracy"
Independent Signal Agreement,w/o Independent Signal Agreement,ET-0014,entity_type,IENT-d31692cafc7a72d55b1fbe18,Event,Event,1,1,0.994565486908,actual_run,shared_proxy_reference,"AI ensemble reference shares source-type, lexical, contract, and/or historical model signals; report as proxy-reference consistency, not independent accuracy"
Abstention,w/o Abstention,ET-0014,entity_type,IENT-d31692cafc7a72d55b1fbe18,Event,Event,1,1,0.994565486908,actual_run,shared_proxy_reference,"AI ensemble reference shares source-type, lexical, contract, and/or historical model signals; report as proxy-reference consistency, not independent accuracy"
Full classifier,Full selective classifier,ET-0015,entity_type,IENT-121fdccbb2498bd514678d4c,Organization,Organization,1,1,0.967741131783,actual_run,shared_proxy_reference,"AI ensemble reference shares source-type, lexical, contract, and/or historical model signals; report as proxy-reference consistency, not independent accuracy"
Class-specific Gate,w/o Class-specific Gate,ET-0015,entity_type,IENT-121fdccbb2498bd514678d4c,Organization,Organization,1,1,0.967741131783,actual_run,shared_proxy_reference,"AI ensemble reference shares source-type, lexical, contract, and/or historical model signals; report as proxy-reference consistency, not independent accuracy"
Independent Signal Agreement,w/o Independent Signal Agreement,ET-0015,entity_type,IENT-121fdccbb2498bd514678d4c,Organization,Organization,1,1,0.967741131783,actual_run,shared_proxy_reference,"AI ensemble reference shares source-type, lexical, contract, and/or historical model signals; report as proxy-reference consistency, not independent accuracy"
Abstention,w/o Abstention,ET-0015,entity_type,IENT-121fdccbb2498bd514678d4c,Organization,Organization,1,1,0.967741131783,actual_run,shared_proxy_reference,"AI ensemble reference shares source-type, lexical, contract, and/or historical model signals; report as proxy-reference consistency, not independent accuracy"
Full classifier,Full selective classifier,ET-0016,entity_type,IENT-305a37c5c774c3fc68a71d56,ABSTAIN,Event,0,0,0.456686496735,actual_run,shared_proxy_reference,"AI ensemble reference shares source-type, lexical, contract, and/or historical model signals; report as proxy-reference consistency, not independent accuracy"
Class-specific Gate,w/o Class-specific Gate,ET-0016,entity_type,IENT-305a37c5c774c3fc68a71d56,ABSTAIN,Event,0,0,0.456686496735,actual_run,shared_proxy_reference,"AI ensemble reference shares source-type, lexical, contract, and/or historical model signals; report as proxy-reference consistency, not independent accuracy"
Independent Signal Agreement,w/o Independent Signal Agreement,ET-0016,entity_type,IENT-305a37c5c774c3fc68a71d56,ABSTAIN,Event,0,0,0.456686496735,actual_run,shared_proxy_reference,"AI ensemble reference shares source-type, lexical, contract, and/or historical model signals; report as proxy-reference consistency, not independent accuracy"
Abstention,w/o Abstention,ET-0016,entity_type,IENT-305a37c5c774c3fc68a71d56,Spirit,Event,1,0,0.456686496735,actual_run,shared_proxy_reference,"AI ensemble reference shares source-type, lexical, contract, and/or historical model signals; report as proxy-reference consistency, not independent accuracy"
Full classifier,Full selective classifier,ET-0017,entity_type,IENTREPAIR-f488e42ac58700de78b34bbd,ABSTAIN,Artifact,0,0,0.625212073326,actual_run,shared_proxy_reference,"AI ensemble reference shares source-type, lexical, contract, and/or historical model signals; report as proxy-reference consistency, not independent accuracy"
Class-specific Gate,w/o Class-specific Gate,ET-0017,entity_type,IENTREPAIR-f488e42ac58700de78b34bbd,ABSTAIN,Artifact,0,0,0.625212073326,actual_run,shared_proxy_reference,"AI ensemble reference shares source-type, lexical, contract, and/or historical model signals; report as proxy-reference consistency, not independent accuracy"
Independent Signal Agreement,w/o Independent Signal Agreement,ET-0017,entity_type,IENTREPAIR-f488e42ac58700de78b34bbd,ABSTAIN,Artifact,0,0,0.625212073326,actual_run,shared_proxy_reference,"AI ensemble reference shares source-type, lexical, contract, and/or historical model signals; report as proxy-reference consistency, not independent accuracy"
Abstention,w/o Abstention,ET-0017,entity_type,IENTREPAIR-f488e42ac58700de78b34bbd,Concept,Artifact,1,0,0.625212073326,actual_run,shared_proxy_reference,"AI ensemble reference shares source-type, lexical, contract, and/or historical model signals; report as proxy-reference consistency, not independent accuracy"
Full classifier,Full selective classifier,ET-0018,entity_type,IENT-6d2df7a79b942897ae957e88,ABSTAIN,Concept,0,0,0.841938495636,actual_run,shared_proxy_reference,"AI ensemble reference shares source-type, lexical, contract, and/or historical model signals; report as proxy-reference consistency, not independent accuracy"
Class-specific Gate,w/o Class-specific Gate,ET-0018,entity_type,IENT-6d2df7a79b942897ae957e88,ABSTAIN,Concept,0,0,0.841938495636,actual_run,shared_proxy_reference,"AI ensemble reference shares source-type, lexical, contract, and/or historical model signals; report as proxy-reference consistency, not independent accuracy"
Independent Signal Agreement,w/o Independent Signal Agreement,ET-0018,entity_type,IENT-6d2df7a79b942897ae957e88,ABSTAIN,Concept,0,0,0.841938495636,actual_run,shared_proxy_reference,"AI ensemble reference shares source-type, lexical, contract, and/or historical model signals; report as proxy-reference consistency, not independent accuracy"
Abstention,w/o Abstention,ET-0018,entity_type,IENT-6d2df7a79b942897ae957e88,Concept,Concept,1,1,0.841938495636,actual_run,shared_proxy_reference,"AI ensemble reference shares source-type, lexical, contract, and/or historical model signals; report as proxy-reference consistency, not independent accuracy"
Full classifier,Full selective classifier,ET-0019,entity_type,ITOPIC-58b8ddc52918b252a2a8a36d,ValueFacet,ValueFacet,1,1,0.986130058765,actual_run,shared_proxy_reference,"AI ensemble reference shares source-type, lexical, contract, and/or historical model signals; report as proxy-reference consistency, not independent accuracy"
Class-specific Gate,w/o Class-specific Gate,ET-0019,entity_type,ITOPIC-58b8ddc52918b252a2a8a36d,ValueFacet,ValueFacet,1,1,0.986130058765,actual_run,shared_proxy_reference,"AI ensemble reference shares source-type, lexical, contract, and/or historical model signals; report as proxy-reference consistency, not independent accuracy"
Independent Signal Agreement,w/o Independent Signal Agreement,ET-0019,entity_type,ITOPIC-58b8ddc52918b252a2a8a36d,ValueFacet,ValueFacet,1,1,0.986130058765,actual_run,shared_proxy_reference,"AI ensemble reference shares source-type, lexical, contract, and/or historical model signals; report as proxy-reference consistency, not independent accuracy"
Abstention,w/o Abstention,ET-0019,entity_type,ITOPIC-58b8ddc52918b252a2a8a36d,ValueFacet,ValueFacet,1,1,0.986130058765,actual_run,shared_proxy_reference,"AI ensemble reference shares source-type, lexical, contract, and/or historical model signals; report as proxy-reference consistency, not independent accuracy"
Full classifier,Full selective classifier,ET-0020,entity_type,IENT-8f76f7ca89c82ccd6042b2ff,ABSTAIN,Event,0,0,0.905379116535,actual_run,shared_proxy_reference,"AI ensemble reference shares source-type, lexical, contract, and/or historical model signals; report as proxy-reference consistency, not independent accuracy"
Class-specific Gate,w/o Class-specific Gate,ET-0020,entity_type,IENT-8f76f7ca89c82ccd6042b2ff,ABSTAIN,Event,0,0,0.905379116535,actual_run,shared_proxy_reference,"AI ensemble reference shares source-type, lexical, contract, and/or historical model signals; report as proxy-reference consistency, not independent accuracy"
Independent Signal Agreement,w/o Independent Signal Agreement,ET-0020,entity_type,IENT-8f76f7ca89c82ccd6042b2ff,Event,Event,1,1,0.905379116535,actual_run,shared_proxy_reference,"AI ensemble reference shares source-type, lexical, contract, and/or historical model signals; report as proxy-reference consistency, not independent accuracy"
Abstention,w/o Abstention,ET-0020,entity_type,IENT-8f76f7ca89c82ccd6042b2ff,Event,Event,1,1,0.905379116535,actual_run,shared_proxy_reference,"AI ensemble reference shares source-type, lexical, contract, and/or historical model signals; report as proxy-reference consistency, not independent accuracy"
Full classifier,Full selective classifier,ET-0021,entity_type,IENT-9b2e602d8e185b93bbcdbc61,ABSTAIN,Event,0,0,0.984806656837,actual_run,shared_proxy_reference,"AI ensemble reference shares source-type, lexical, contract, and/or historical model signals; report as proxy-reference consistency, not independent accuracy"
Class-specific Gate,w/o Class-specific Gate,ET-0021,entity_type,IENT-9b2e602d8e185b93bbcdbc61,ABSTAIN,Event,0,0,0.984806656837,actual_run,shared_proxy_reference,"AI ensemble reference shares source-type, lexical, contract, and/or historical model signals; report as proxy-reference consistency, not independent accuracy"
Independent Signal Agreement,w/o Independent Signal Agreement,ET-0021,entity_type,IENT-9b2e602d8e185b93bbcdbc61,Event,Event,1,1,0.984806656837,actual_run,shared_proxy_reference,"AI ensemble reference shares source-type, lexical, contract, and/or historical model signals; report as proxy-reference consistency, not independent accuracy"
Abstention,w/o Abstention,ET-0021,entity_type,IENT-9b2e602d8e185b93bbcdbc61,Event,Event,1,1,0.984806656837,actual_run,shared_proxy_reference,"AI ensemble reference shares source-type, lexical, contract, and/or historical model signals; report as proxy-reference consistency, not independent accuracy"
Full classifier,Full selective classifier,ET-0022,entity_type,IENT-265a307ca3daf6a289ac5b56,Place,Place,1,1,0.944652438164,actual_run,shared_proxy_reference,"AI ensemble reference shares source-type, lexical, contract, and/or historical model signals; report as proxy-reference consistency, not independent accuracy"
Class-specific Gate,w/o Class-specific Gate,ET-0022,entity_type,IENT-265a307ca3daf6a289ac5b56,Place,Place,1,1,0.944652438164,actual_run,shared_proxy_reference,"AI ensemble reference shares source-type, lexical, contract, and/or historical model signals; report as proxy-reference consistency, not independent accuracy"
Independent Signal Agreement,w/o Independent Signal Agreement,ET-0022,entity_type,IENT-265a307ca3daf6a289ac5b56,Place,Place,1,1,0.944652438164,actual_run,shared_proxy_reference,"AI ensemble reference shares source-type, lexical, contract, and/or historical model signals; report as proxy-reference consistency, not independent accuracy"
Abstention,w/o Abstention,ET-0022,entity_type,IENT-265a307ca3daf6a289ac5b56,Place,Place,1,1,0.944652438164,actual_run,shared_proxy_reference,"AI ensemble reference shares source-type, lexical, contract, and/or historical model signals; report as proxy-reference consistency, not independent accuracy"
Full classifier,Full selective classifier,ET-0023,entity_type,IENT-b3468df5c9b09f3396541ff9,ABSTAIN,Concept,0,0,0.642904102802,actual_run,shared_proxy_reference,"AI ensemble reference shares source-type, lexical, contract, and/or historical model signals; report as proxy-reference consistency, not independent accuracy"
Class-specific Gate,w/o Class-specific Gate,ET-0023,entity_type,IENT-b3468df5c9b09f3396541ff9,ABSTAIN,Concept,0,0,0.642904102802,actual_run,shared_proxy_reference,"AI ensemble reference shares source-type, lexical, contract, and/or historical model signals; report as proxy-reference consistency, not independent accuracy"
Independent Signal Agreement,w/o Independent Signal Agreement,ET-0023,entity_type,IENT-b3468df5c9b09f3396541ff9,ABSTAIN,Concept,0,0,0.642904102802,actual_run,shared_proxy_reference,"AI ensemble reference shares source-type, lexical, contract, and/or historical model signals; report as proxy-reference consistency, not independent accuracy"
Abstention,w/o Abstention,ET-0023,entity_type,IENT-b3468df5c9b09f3396541ff9,Concept,Concept,1,1,0.642904102802,actual_run,shared_proxy_reference,"AI ensemble reference shares source-type, lexical, contract, and/or historical model signals; report as proxy-reference consistency, not independent accuracy"
Full classifier,Full selective classifier,ET-0024,entity_type,IENTREPAIR-39ec6f2d9b6eb38f5a53651b,ABSTAIN,Person,0,0,0.837924659252,actual_run,shared_proxy_reference,"AI ensemble reference shares source-type, lexical, contract, and/or historical model signals; report as proxy-reference consistency, not independent accuracy"
Class-specific Gate,w/o Class-specific Gate,ET-0024,entity_type,IENTREPAIR-39ec6f2d9b6eb38f5a53651b,ABSTAIN,Person,0,0,0.837924659252,actual_run,shared_proxy_reference,"AI ensemble reference shares source-type, lexical, contract, and/or historical model signals; report as proxy-reference consistency, not independent accuracy"
Independent Signal Agreement,w/o Independent Signal Agreement,ET-0024,entity_type,IENTREPAIR-39ec6f2d9b6eb38f5a53651b,ABSTAIN,Person,0,0,0.837924659252,actual_run,shared_proxy_reference,"AI ensemble reference shares source-type, lexical, contract, and/or historical model signals; report as proxy-reference consistency, not independent accuracy"
Abstention,w/o Abstention,ET-0024,entity_type,IENTREPAIR-39ec6f2d9b6eb38f5a53651b,Person,Person,1,1,0.837924659252,actual_run,shared_proxy_reference,"AI ensemble reference shares source-type, lexical, contract, and/or historical model signals; report as proxy-reference consistency, not independent accuracy"
Full classifier,Full selective classifier,ET-0025,entity_type,IENT-de32f111a7b9826b0ee19bec,Place,Place,1,1,0.967845201492,actual_run,shared_proxy_reference,"AI ensemble reference shares source-type, lexical, contract, and/or historical model signals; report as proxy-reference consistency, not independent accuracy"
Class-specific Gate,w/o Class-specific Gate,ET-0025,entity_type,IENT-de32f111a7b9826b0ee19bec,Place,Place,1,1,0.967845201492,actual_run,shared_proxy_reference,"AI ensemble reference shares source-type, lexical, contract, and/or historical model signals; report as proxy-reference consistency, not independent accuracy"
Independent Signal Agreement,w/o Independent Signal Agreement,ET-0025,entity_type,IENT-de32f111a7b9826b0ee19bec,Place,Place,1,1,0.967845201492,actual_run,shared_proxy_reference,"AI ensemble reference shares source-type, lexical, contract, and/or historical model signals; report as proxy-reference consistency, not independent accuracy"
Abstention,w/o Abstention,ET-0025,entity_type,IENT-de32f111a7b9826b0ee19bec,Place,Place,1,1,0.967845201492,actual_run,shared_proxy_reference,"AI ensemble reference shares source-type, lexical, contract, and/or historical model signals; report as proxy-reference consistency, not independent accuracy"
Full classifier,Full selective classifier,ET-0026,entity_type,IENT-81991825b991bcfaa864d2c3,ABSTAIN,Event,0,0,0.941806137562,actual_run,shared_proxy_reference,"AI ensemble reference shares source-type, lexical, contract, and/or historical model signals; report as proxy-reference consistency, not independent accuracy"
Class-specific Gate,w/o Class-specific Gate,ET-0026,entity_type,IENT-81991825b991bcfaa864d2c3,ABSTAIN,Event,0,0,0.941806137562,actual_run,shared_proxy_reference,"AI ensemble reference shares source-type, lexical, contract, and/or historical model signals; report as proxy-reference consistency, not independent accuracy"
Independent Signal Agreement,w/o Independent Signal Agreement,ET-0026,entity_type,IENT-81991825b991bcfaa864d2c3,Event,Event,1,1,0.941806137562,actual_run,shared_proxy_reference,"AI ensemble reference shares source-type, lexical, contract, and/or historical model signals; report as proxy-reference consistency, not independent accuracy"
Abstention,w/o Abstention,ET-0026,entity_type,IENT-81991825b991bcfaa864d2c3,Event,Event,1,1,0.941806137562,actual_run,shared_proxy_reference,"AI ensemble reference shares source-type, lexical, contract, and/or historical model signals; report as proxy-reference consistency, not independent accuracy"
Full classifier,Full selective classifier,ET-0028,entity_type,IENT-a6fbfa51ff4fd28bc7fb61dd,ABSTAIN,Organization,0,0,0.97539961338,actual_run,shared_proxy_reference,"AI ensemble reference shares source-type, lexical, contract, and/or historical model signals; report as proxy-reference consistency, not independent accuracy"
Class-specific Gate,w/o Class-specific Gate,ET-0028,entity_type,IENT-a6fbfa51ff4fd28bc7fb61dd,ABSTAIN,Organization,0,0,0.97539961338,actual_run,shared_proxy_reference,"AI ensemble reference shares source-type, lexical, contract, and/or historical model signals; report as proxy-reference consistency, not independent accuracy"
Independent Signal Agreement,w/o Independent Signal Agreement,ET-0028,entity_type,IENT-a6fbfa51ff4fd28bc7fb61dd,Organization,Organization,1,1,0.97539961338,actual_run,shared_proxy_reference,"AI ensemble reference shares source-type, lexical, contract, and/or historical model signals; report as proxy-reference consistency, not independent accuracy"
Abstention,w/o Abstention,ET-0028,entity_type,IENT-a6fbfa51ff4fd28bc7fb61dd,Organization,Organization,1,1,0.97539961338,actual_run,shared_proxy_reference,"AI ensemble reference shares source-type, lexical, contract, and/or historical model signals; report as proxy-reference consistency, not independent accuracy"
Full classifier,Full selective classifier,ET-0030,entity_type,IENT-d4f7a63a8daa04cacab2fe50,Place,Place,1,1,0.967918395996,actual_run,shared_proxy_reference,"AI ensemble reference shares source-type, lexical, contract, and/or historical model signals; report as proxy-reference consistency, not independent accuracy"
Class-specific Gate,w/o Class-specific Gate,ET-0030,entity_type,IENT-d4f7a63a8daa04cacab2fe50,Place,Place,1,1,0.967918395996,actual_run,shared_proxy_reference,"AI ensemble reference shares source-type, lexical, contract, and/or historical model signals; report as proxy-reference consistency, not independent accuracy"
Independent Signal Agreement,w/o Independent Signal Agreement,ET-0030,entity_type,IENT-d4f7a63a8daa04cacab2fe50,Place,Place,1,1,0.967918395996,actual_run,shared_proxy_reference,"AI ensemble reference shares source-type, lexical, contract, and/or historical model signals; report as proxy-reference consistency, not independent accuracy"
Abstention,w/o Abstention,ET-0030,entity_type,IENT-d4f7a63a8daa04cacab2fe50,Place,Place,1,1,0.967918395996,actual_run,shared_proxy_reference,"AI ensemble reference shares source-type, lexical, contract, and/or historical model signals; report as proxy-reference consistency, not independent accuracy"
Full classifier,Full selective classifier,ET-0032,entity_type,IENT-e71f634b64304645d0b28104,Person,Person,1,1,0.997389912605,actual_run,shared_proxy_reference,"AI ensemble reference shares source-type, lexical, contract, and/or historical model signals; report as proxy-reference consistency, not independent accuracy"
Class-specific Gate,w/o Class-specific Gate,ET-0032,entity_type,IENT-e71f634b64304645d0b28104,Person,Person,1,1,0.997389912605,actual_run,shared_proxy_reference,"AI ensemble reference shares source-type, lexical, contract, and/or historical model signals; report as proxy-reference consistency, not independent accuracy"
Independent Signal Agreement,w/o Independent Signal Agreement,ET-0032,entity_type,IENT-e71f634b64304645d0b28104,Person,Person,1,1,0.997389912605,actual_run,shared_proxy_reference,"AI ensemble reference shares source-type, lexical, contract, and/or historical model signals; report as proxy-reference consistency, not independent accuracy"
Abstention,w/o Abstention,ET-0032,entity_type,IENT-e71f634b64304645d0b28104,Person,Person,1,1,0.997389912605,actual_run,shared_proxy_reference,"AI ensemble reference shares source-type, lexical, contract, and/or historical model signals; report as proxy-reference consistency, not independent accuracy"
Full classifier,Full selective classifier,ET-0033,entity_type,IENT-c65405ffa0de2ffcbd51b5eb,ABSTAIN,Concept,0,0,0.734581649303,actual_run,shared_proxy_reference,"AI ensemble reference shares source-type, lexical, contract, and/or historical model signals; report as proxy-reference consistency, not independent accuracy"
Class-specific Gate,w/o Class-specific Gate,ET-0033,entity_type,IENT-c65405ffa0de2ffcbd51b5eb,ABSTAIN,Concept,0,0,0.734581649303,actual_run,shared_proxy_reference,"AI ensemble reference shares source-type, lexical, contract, and/or historical model signals; report as proxy-reference consistency, not independent accuracy"
Independent Signal Agreement,w/o Independent Signal Agreement,ET-0033,entity_type,IENT-c65405ffa0de2ffcbd51b5eb,ABSTAIN,Concept,0,0,0.734581649303,actual_run,shared_proxy_reference,"AI ensemble reference shares source-type, lexical, contract, and/or historical model signals; report as proxy-reference consistency, not independent accuracy"
Abstention,w/o Abstention,ET-0033,entity_type,IENT-c65405ffa0de2ffcbd51b5eb,Concept,Concept,1,1,0.734581649303,actual_run,shared_proxy_reference,"AI ensemble reference shares source-type, lexical, contract, and/or historical model signals; report as proxy-reference consistency, not independent accuracy"
Full classifier,Full selective classifier,ET-0034,entity_type,IENT-ff3fda729db7276f64de0982,ABSTAIN,TimePeriod,0,0,0.90505361557,actual_run,shared_proxy_reference,"AI ensemble reference shares source-type, lexical, contract, and/or historical model signals; report as proxy-reference consistency, not independent accuracy"
Class-specific Gate,w/o Class-specific Gate,ET-0034,entity_type,IENT-ff3fda729db7276f64de0982,ABSTAIN,TimePeriod,0,0,0.90505361557,actual_run,shared_proxy_reference,"AI ensemble reference shares source-type, lexical, contract, and/or historical model signals; report as proxy-reference consistency, not independent accuracy"
Independent Signal Agreement,w/o Independent Signal Agreement,ET-0034,entity_type,IENT-ff3fda729db7276f64de0982,ABSTAIN,TimePeriod,0,0,0.90505361557,actual_run,shared_proxy_reference,"AI ensemble reference shares source-type, lexical, contract, and/or historical model signals; report as proxy-reference consistency, not independent accuracy"
Abstention,w/o Abstention,ET-0034,entity_type,IENT-ff3fda729db7276f64de0982,TimePeriod,TimePeriod,1,1,0.90505361557,actual_run,shared_proxy_reference,"AI ensemble reference shares source-type, lexical, contract, and/or historical model signals; report as proxy-reference consistency, not independent accuracy"
Full classifier,Full selective classifier,ET-0036,entity_type,IENT-cab4db97352281505db240fc,ABSTAIN,Place,0,0,0.65698993206,actual_run,shared_proxy_reference,"AI ensemble reference shares source-type, lexical, contract, and/or historical model signals; report as proxy-reference consistency, not independent accuracy"
Class-specific Gate,w/o Class-specific Gate,ET-0036,entity_type,IENT-cab4db97352281505db240fc,ABSTAIN,Place,0,0,0.65698993206,actual_run,shared_proxy_reference,"AI ensemble reference shares source-type, lexical, contract, and/or historical model signals; report as proxy-reference consistency, not independent accuracy"
Independent Signal Agreement,w/o Independent Signal Agreement,ET-0036,entity_type,IENT-cab4db97352281505db240fc,ABSTAIN,Place,0,0,0.65698993206,actual_run,shared_proxy_reference,"AI ensemble reference shares source-type, lexical, contract, and/or historical model signals; report as proxy-reference consistency, not independent accuracy"
Abstention,w/o Abstention,ET-0036,entity_type,IENT-cab4db97352281505db240fc,Place,Place,1,1,0.65698993206,actual_run,shared_proxy_reference,"AI ensemble reference shares source-type, lexical, contract, and/or historical model signals; report as proxy-reference consistency, not independent accuracy"
Full classifier,Full selective classifier,ET-0037,entity_type,IENT-a87687c9619ac3d2576c7ec9,ABSTAIN,Concept,0,0,0.789288640022,actual_run,shared_proxy_reference,"AI ensemble reference shares source-type, lexical, contract, and/or historical model signals; report as proxy-reference consistency, not independent accuracy"
Class-specific Gate,w/o Class-specific Gate,ET-0037,entity_type,IENT-a87687c9619ac3d2576c7ec9,ABSTAIN,Concept,0,0,0.789288640022,actual_run,shared_proxy_reference,"AI ensemble reference shares source-type, lexical, contract, and/or historical model signals; report as proxy-reference consistency, not independent accuracy"
Independent Signal Agreement,w/o Independent Signal Agreement,ET-0037,entity_type,IENT-a87687c9619ac3d2576c7ec9,ABSTAIN,Concept,0,0,0.789288640022,actual_run,shared_proxy_reference,"AI ensemble reference shares source-type, lexical, contract, and/or historical model signals; report as proxy-reference consistency, not independent accuracy"
Abstention,w/o Abstention,ET-0037,entity_type,IENT-a87687c9619ac3d2576c7ec9,Concept,Concept,1,1,0.789288640022,actual_run,shared_proxy_reference,"AI ensemble reference shares source-type, lexical, contract, and/or historical model signals; report as proxy-reference consistency, not independent accuracy"
Full classifier,Full selective classifier,ET-0038,entity_type,IENTREPAIR-21c78fb44d576de92b84c5b8,ABSTAIN,AdministrativeRegion,0,0,0.866948008537,actual_run,shared_proxy_reference,"AI ensemble reference shares source-type, lexical, contract, and/or historical model signals; report as proxy-reference consistency, not independent accuracy"
Class-specific Gate,w/o Class-specific Gate,ET-0038,entity_type,IENTREPAIR-21c78fb44d576de92b84c5b8,ABSTAIN,AdministrativeRegion,0,0,0.866948008537,actual_run,shared_proxy_reference,"AI ensemble reference shares source-type, lexical, contract, and/or historical model signals; report as proxy-reference consistency, not independent accuracy"
Independent Signal Agreement,w/o Independent Signal Agreement,ET-0038,entity_type,IENTREPAIR-21c78fb44d576de92b84c5b8,ABSTAIN,AdministrativeRegion,0,0,0.866948008537,actual_run,shared_proxy_reference,"AI ensemble reference shares source-type, lexical, contract, and/or historical model signals; report as proxy-reference consistency, not independent accuracy"
Abstention,w/o Abstention,ET-0038,entity_type,IENTREPAIR-21c78fb44d576de92b84c5b8,AdministrativeRegion,AdministrativeRegion,1,1,0.866948008537,actual_run,shared_proxy_reference,"AI ensemble reference shares source-type, lexical, contract, and/or historical model signals; report as proxy-reference consistency, not independent accuracy"
Full classifier,Full selective classifier,ET-0039,entity_type,IENT-43854954c38098218f8be604,Event,Event,1,1,0.983660936356,actual_run,shared_proxy_reference,"AI ensemble reference shares source-type, lexical, contract, and/or historical model signals; report as proxy-reference consistency, not independent accuracy"
Class-specific Gate,w/o Class-specific Gate,ET-0039,entity_type,IENT-43854954c38098218f8be604,Event,Event,1,1,0.983660936356,actual_run,shared_proxy_reference,"AI ensemble reference shares source-type, lexical, contract, and/or historical model signals; report as proxy-reference consistency, not independent accuracy"
Independent Signal Agreement,w/o Independent Signal Agreement,ET-0039,entity_type,IENT-43854954c38098218f8be604,Event,Event,1,1,0.983660936356,actual_run,shared_proxy_reference,"AI ensemble reference shares source-type, lexical, contract, and/or historical model signals; report as proxy-reference consistency, not independent accuracy"
Abstention,w/o Abstention,ET-0039,entity_type,IENT-43854954c38098218f8be604,Event,Event,1,1,0.983660936356,actual_run,shared_proxy_reference,"AI ensemble reference shares source-type, lexical, contract, and/or historical model signals; report as proxy-reference consistency, not independent accuracy"
Full classifier,Full selective classifier,ET-0040,entity_type,IENT-b154c3c2455103e84f60d483,ABSTAIN,Person,0,0,0.996512949467,actual_run,shared_proxy_reference,"AI ensemble reference shares source-type, lexical, contract, and/or historical model signals; report as proxy-reference consistency, not independent accuracy"
Class-specific Gate,w/o Class-specific Gate,ET-0040,entity_type,IENT-b154c3c2455103e84f60d483,ABSTAIN,Person,0,0,0.996512949467,actual_run,shared_proxy_reference,"AI ensemble reference shares source-type, lexical, contract, and/or historical model signals; report as proxy-reference consistency, not independent accuracy"
Independent Signal Agreement,w/o Independent Signal Agreement,ET-0040,entity_type,IENT-b154c3c2455103e84f60d483,Person,Person,1,1,0.996512949467,actual_run,shared_proxy_reference,"AI ensemble reference shares source-type, lexical, contract, and/or historical model signals; report as proxy-reference consistency, not independent accuracy"
Abstention,w/o Abstention,ET-0040,entity_type,IENT-b154c3c2455103e84f60d483,Person,Person,1,1,0.996512949467,actual_run,shared_proxy_reference,"AI ensemble reference shares source-type, lexical, contract, and/or historical model signals; report as proxy-reference consistency, not independent accuracy"
Full classifier,Full selective classifier,ET-0041,entity_type,IENT-82d0e03742b4ff62cd1b286b,ABSTAIN,Person,0,0,0.551422953606,actual_run,shared_proxy_reference,"AI ensemble reference shares source-type, lexical, contract, and/or historical model signals; report as proxy-reference consistency, not independent accuracy"
Class-specific Gate,w/o Class-specific Gate,ET-0041,entity_type,IENT-82d0e03742b4ff62cd1b286b,ABSTAIN,Person,0,0,0.551422953606,actual_run,shared_proxy_reference,"AI ensemble reference shares source-type, lexical, contract, and/or historical model signals; report as proxy-reference consistency, not independent accuracy"
Independent Signal Agreement,w/o Independent Signal Agreement,ET-0041,entity_type,IENT-82d0e03742b4ff62cd1b286b,ABSTAIN,Person,0,0,0.551422953606,actual_run,shared_proxy_reference,"AI ensemble reference shares source-type, lexical, contract, and/or historical model signals; report as proxy-reference consistency, not independent accuracy"
Abstention,w/o Abstention,ET-0041,entity_type,IENT-82d0e03742b4ff62cd1b286b,Person,Person,1,1,0.551422953606,actual_run,shared_proxy_reference,"AI ensemble reference shares source-type, lexical, contract, and/or historical model signals; report as proxy-reference consistency, not independent accuracy"
Full classifier,Full selective classifier,ET-0042,entity_type,IENT-0e88ce68fec31c240057123a,ABSTAIN,Organization,0,0,0.981900393963,actual_run,shared_proxy_reference,"AI ensemble reference shares source-type, lexical, contract, and/or historical model signals; report as proxy-reference consistency, not independent accuracy"
Class-specific Gate,w/o Class-specific Gate,ET-0042,entity_type,IENT-0e88ce68fec31c240057123a,ABSTAIN,Organization,0,0,0.981900393963,actual_run,shared_proxy_reference,"AI ensemble reference shares source-type, lexical, contract, and/or historical model signals; report as proxy-reference consistency, not independent accuracy"
Independent Signal Agreement,w/o Independent Signal Agreement,ET-0042,entity_type,IENT-0e88ce68fec31c240057123a,Organization,Organization,1,1,0.981900393963,actual_run,shared_proxy_reference,"AI ensemble reference shares source-type, lexical, contract, and/or historical model signals; report as proxy-reference consistency, not independent accuracy"
Abstention,w/o Abstention,ET-0042,entity_type,IENT-0e88ce68fec31c240057123a,Organization,Organization,1,1,0.981900393963,actual_run,shared_proxy_reference,"AI ensemble reference shares source-type, lexical, contract, and/or historical model signals; report as proxy-reference consistency, not independent accuracy"
Full classifier,Full selective classifier,ET-0043,entity_type,IENTREPAIR-97ea929814147e0ad82caa33,ABSTAIN,AdministrativeRegion,0,0,0.80424785614,actual_run,shared_proxy_reference,"AI ensemble reference shares source-type, lexical, contract, and/or historical model signals; report as proxy-reference consistency, not independent accuracy"
Class-specific Gate,w/o Class-specific Gate,ET-0043,entity_type,IENTREPAIR-97ea929814147e0ad82caa33,ABSTAIN,AdministrativeRegion,0,0,0.80424785614,actual_run,shared_proxy_reference,"AI ensemble reference shares source-type, lexical, contract, and/or historical model signals; report as proxy-reference consistency, not independent accuracy"
Independent Signal Agreement,w/o Independent Signal Agreement,ET-0043,entity_type,IENTREPAIR-97ea929814147e0ad82caa33,ABSTAIN,AdministrativeRegion,0,0,0.80424785614,actual_run,shared_proxy_reference,"AI ensemble reference shares source-type, lexical, contract, and/or historical model signals; report as proxy-reference consistency, not independent accuracy"
Abstention,w/o Abstention,ET-0043,entity_type,IENTREPAIR-97ea929814147e0ad82caa33,AdministrativeRegion,AdministrativeRegion,1,1,0.80424785614,actual_run,shared_proxy_reference,"AI ensemble reference shares source-type, lexical, contract, and/or historical model signals; report as proxy-reference consistency, not independent accuracy"
Full classifier,Full selective classifier,ET-0044,entity_type,IENT-4bf25011bafc25eb4ff9cb4f,ABSTAIN,TimePeriod,0,0,0.857845425606,actual_run,shared_proxy_reference,"AI ensemble reference shares source-type, lexical, contract, and/or historical model signals; report as proxy-reference consistency, not independent accuracy"
Class-specific Gate,w/o Class-specific Gate,ET-0044,entity_type,IENT-4bf25011bafc25eb4ff9cb4f,ABSTAIN,TimePeriod,0,0,0.857845425606,actual_run,shared_proxy_reference,"AI ensemble reference shares source-type, lexical, contract, and/or historical model signals; report as proxy-reference consistency, not independent accuracy"
Independent Signal Agreement,w/o Independent Signal Agreement,ET-0044,entity_type,IENT-4bf25011bafc25eb4ff9cb4f,ABSTAIN,TimePeriod,0,0,0.857845425606,actual_run,shared_proxy_reference,"AI ensemble reference shares source-type, lexical, contract, and/or historical model signals; report as proxy-reference consistency, not independent accuracy"
Abstention,w/o Abstention,ET-0044,entity_type,IENT-4bf25011bafc25eb4ff9cb4f,TimePeriod,TimePeriod,1,1,0.857845425606,actual_run,shared_proxy_reference,"AI ensemble reference shares source-type, lexical, contract, and/or historical model signals; report as proxy-reference consistency, not independent accuracy"
Full classifier,Full selective classifier,ET-0045,entity_type,IENT-ee6e6a9afb24e45e3122b1e3,Place,Place,1,1,0.987994015217,actual_run,shared_proxy_reference,"AI ensemble reference shares source-type, lexical, contract, and/or historical model signals; report as proxy-reference consistency, not independent accuracy"
Class-specific Gate,w/o Class-specific Gate,ET-0045,entity_type,IENT-ee6e6a9afb24e45e3122b1e3,Place,Place,1,1,0.987994015217,actual_run,shared_proxy_reference,"AI ensemble reference shares source-type, lexical, contract, and/or historical model signals; report as proxy-reference consistency, not independent accuracy"
Independent Signal Agreement,w/o Independent Signal Agreement,ET-0045,entity_type,IENT-ee6e6a9afb24e45e3122b1e3,Place,Place,1,1,0.987994015217,actual_run,shared_proxy_reference,"AI ensemble reference shares source-type, lexical, contract, and/or historical model signals; report as proxy-reference consistency, not independent accuracy"
Abstention,w/o Abstention,ET-0045,entity_type,IENT-ee6e6a9afb24e45e3122b1e3,Place,Place,1,1,0.987994015217,actual_run,shared_proxy_reference,"AI ensemble reference shares source-type, lexical, contract, and/or historical model signals; report as proxy-reference consistency, not independent accuracy"
Full classifier,Full selective classifier,ET-0046,entity_type,IENT-f13d294d65b0dc096ad41195,Organization,Organization,1,1,0.994834125042,actual_run,shared_proxy_reference,"AI ensemble reference shares source-type, lexical, contract, and/or historical model signals; report as proxy-reference consistency, not independent accuracy"
Class-specific Gate,w/o Class-specific Gate,ET-0046,entity_type,IENT-f13d294d65b0dc096ad41195,Organization,Organization,1,1,0.994834125042,actual_run,shared_proxy_reference,"AI ensemble reference shares source-type, lexical, contract, and/or historical model signals; report as proxy-reference consistency, not independent accuracy"
Independent Signal Agreement,w/o Independent Signal Agreement,ET-0046,entity_type,IENT-f13d294d65b0dc096ad41195,Organization,Organization,1,1,0.994834125042,actual_run,shared_proxy_reference,"AI ensemble reference shares source-type, lexical, contract, and/or historical model signals; report as proxy-reference consistency, not independent accuracy"
Abstention,w/o Abstention,ET-0046,entity_type,IENT-f13d294d65b0dc096ad41195,Organization,Organization,1,1,0.994834125042,actual_run,shared_proxy_reference,"AI ensemble reference shares source-type, lexical, contract, and/or historical model signals; report as proxy-reference consistency, not independent accuracy"
Full classifier,Full selective classifier,ET-0047,entity_type,IENT-e4952443ffb47d92b08ae520,Organization,Organization,1,1,0.970922827721,actual_run,shared_proxy_reference,"AI ensemble reference shares source-type, lexical, contract, and/or historical model signals; report as proxy-reference consistency, not independent accuracy"
Class-specific Gate,w/o Class-specific Gate,ET-0047,entity_type,IENT-e4952443ffb47d92b08ae520,Organization,Organization,1,1,0.970922827721,actual_run,shared_proxy_reference,"AI ensemble reference shares source-type, lexical, contract, and/or historical model signals; report as proxy-reference consistency, not independent accuracy"
Independent Signal Agreement,w/o Independent Signal Agreement,ET-0047,entity_type,IENT-e4952443ffb47d92b08ae520,Organization,Organization,1,1,0.970922827721,actual_run,shared_proxy_reference,"AI ensemble reference shares source-type, lexical, contract, and/or historical model signals; report as proxy-reference consistency, not independent accuracy"
Abstention,w/o Abstention,ET-0047,entity_type,IENT-e4952443ffb47d92b08ae520,Organization,Organization,1,1,0.970922827721,actual_run,shared_proxy_reference,"AI ensemble reference shares source-type, lexical, contract, and/or historical model signals; report as proxy-reference consistency, not independent accuracy"
Full classifier,Full selective classifier,ET-0048,entity_type,IENT-e4ce18435f73729605314921,ABSTAIN,Spirit,0,0,0.839624226093,actual_run,shared_proxy_reference,"AI ensemble reference shares source-type, lexical, contract, and/or historical model signals; report as proxy-reference consistency, not independent accuracy"
Class-specific Gate,w/o Class-specific Gate,ET-0048,entity_type,IENT-e4ce18435f73729605314921,ABSTAIN,Spirit,0,0,0.839624226093,actual_run,shared_proxy_reference,"AI ensemble reference shares source-type, lexical, contract, and/or historical model signals; report as proxy-reference consistency, not independent accuracy"
Independent Signal Agreement,w/o Independent Signal Agreement,ET-0048,entity_type,IENT-e4ce18435f73729605314921,ABSTAIN,Spirit,0,0,0.839624226093,actual_run,shared_proxy_reference,"AI ensemble reference shares source-type, lexical, contract, and/or historical model signals; report as proxy-reference consistency, not independent accuracy"
Abstention,w/o Abstention,ET-0048,entity_type,IENT-e4ce18435f73729605314921,Spirit,Spirit,1,1,0.839624226093,actual_run,shared_proxy_reference,"AI ensemble reference shares source-type, lexical, contract, and/or historical model signals; report as proxy-reference consistency, not independent accuracy"
Full classifier,Full selective classifier,ET-0049,entity_type,IENT-ca809ed1397c58ce60191e83,ABSTAIN,Event,0,0,0.772242903709,actual_run,shared_proxy_reference,"AI ensemble reference shares source-type, lexical, contract, and/or historical model signals; report as proxy-reference consistency, not independent accuracy"
Class-specific Gate,w/o Class-specific Gate,ET-0049,entity_type,IENT-ca809ed1397c58ce60191e83,ABSTAIN,Event,0,0,0.772242903709,actual_run,shared_proxy_reference,"AI ensemble reference shares source-type, lexical, contract, and/or historical model signals; report as proxy-reference consistency, not independent accuracy"
Independent Signal Agreement,w/o Independent Signal Agreement,ET-0049,entity_type,IENT-ca809ed1397c58ce60191e83,ABSTAIN,Event,0,0,0.772242903709,actual_run,shared_proxy_reference,"AI ensemble reference shares source-type, lexical, contract, and/or historical model signals; report as proxy-reference consistency, not independent accuracy"
Abstention,w/o Abstention,ET-0049,entity_type,IENT-ca809ed1397c58ce60191e83,Concept,Event,1,0,0.772242903709,actual_run,shared_proxy_reference,"AI ensemble reference shares source-type, lexical, contract, and/or historical model signals; report as proxy-reference consistency, not independent accuracy"
Full classifier,Full selective classifier,ET-0050,entity_type,IENT-24f16b7e03cba7ea367ee7f8,ABSTAIN,Person,0,0,0.939149260521,actual_run,shared_proxy_reference,"AI ensemble reference shares source-type, lexical, contract, and/or historical model signals; report as proxy-reference consistency, not independent accuracy"
Class-specific Gate,w/o Class-specific Gate,ET-0050,entity_type,IENT-24f16b7e03cba7ea367ee7f8,ABSTAIN,Person,0,0,0.939149260521,actual_run,shared_proxy_reference,"AI ensemble reference shares source-type, lexical, contract, and/or historical model signals; report as proxy-reference consistency, not independent accuracy"
Independent Signal Agreement,w/o Independent Signal Agreement,ET-0050,entity_type,IENT-24f16b7e03cba7ea367ee7f8,Person,Person,1,1,0.939149260521,actual_run,shared_proxy_reference,"AI ensemble reference shares source-type, lexical, contract, and/or historical model signals; report as proxy-reference consistency, not independent accuracy"
Abstention,w/o Abstention,ET-0050,entity_type,IENT-24f16b7e03cba7ea367ee7f8,Person,Person,1,1,0.939149260521,actual_run,shared_proxy_reference,"AI ensemble reference shares source-type, lexical, contract, and/or historical model signals; report as proxy-reference consistency, not independent accuracy"
Full classifier,Full selective classifier,ET-0051,entity_type,IENT-29033feb66c12662330c9c50,ABSTAIN,Organization,0,0,0.901465773582,actual_run,shared_proxy_reference,"AI ensemble reference shares source-type, lexical, contract, and/or historical model signals; report as proxy-reference consistency, not independent accuracy"
Class-specific Gate,w/o Class-specific Gate,ET-0051,entity_type,IENT-29033feb66c12662330c9c50,ABSTAIN,Organization,0,0,0.901465773582,actual_run,shared_proxy_reference,"AI ensemble reference shares source-type, lexical, contract, and/or historical model signals; report as proxy-reference consistency, not independent accuracy"
Independent Signal Agreement,w/o Independent Signal Agreement,ET-0051,entity_type,IENT-29033feb66c12662330c9c50,Institution,Organization,1,0,0.901465773582,actual_run,shared_proxy_reference,"AI ensemble reference shares source-type, lexical, contract, and/or historical model signals; report as proxy-reference consistency, not independent accuracy"
Abstention,w/o Abstention,ET-0051,entity_type,IENT-29033feb66c12662330c9c50,Institution,Organization,1,0,0.901465773582,actual_run,shared_proxy_reference,"AI ensemble reference shares source-type, lexical, contract, and/or historical model signals; report as proxy-reference consistency, not independent accuracy"
Full classifier,Full selective classifier,ET-0052,entity_type,ITOPIC-92ed15bda88d14f42aff4432,ABSTAIN,Organization,0,0,0.531083285809,actual_run,shared_proxy_reference,"AI ensemble reference shares source-type, lexical, contract, and/or historical model signals; report as proxy-reference consistency, not independent accuracy"
Class-specific Gate,w/o Class-specific Gate,ET-0052,entity_type,ITOPIC-92ed15bda88d14f42aff4432,ABSTAIN,Organization,0,0,0.531083285809,actual_run,shared_proxy_reference,"AI ensemble reference shares source-type, lexical, contract, and/or historical model signals; report as proxy-reference consistency, not independent accuracy"
Independent Signal Agreement,w/o Independent Signal Agreement,ET-0052,entity_type,ITOPIC-92ed15bda88d14f42aff4432,ABSTAIN,Organization,0,0,0.531083285809,actual_run,shared_proxy_reference,"AI ensemble reference shares source-type, lexical, contract, and/or historical model signals; report as proxy-reference consistency, not independent accuracy"
Abstention,w/o Abstention,ET-0052,entity_type,ITOPIC-92ed15bda88d14f42aff4432,CreativeWork,Organization,1,0,0.531083285809,actual_run,shared_proxy_reference,"AI ensemble reference shares source-type, lexical, contract, and/or historical model signals; report as proxy-reference consistency, not independent accuracy"
Full classifier,Full selective classifier,ET-0054,entity_type,IENT-5ba6266ab360bcb8171a9cb8,ABSTAIN,Place,0,0,0.878262996674,actual_run,shared_proxy_reference,"AI ensemble reference shares source-type, lexical, contract, and/or historical model signals; report as proxy-reference consistency, not independent accuracy"
Class-specific Gate,w/o Class-specific Gate,ET-0054,entity_type,IENT-5ba6266ab360bcb8171a9cb8,ABSTAIN,Place,0,0,0.878262996674,actual_run,shared_proxy_reference,"AI ensemble reference shares source-type, lexical, contract, and/or historical model signals; report as proxy-reference consistency, not independent accuracy"
Independent Signal Agreement,w/o Independent Signal Agreement,ET-0054,entity_type,IENT-5ba6266ab360bcb8171a9cb8,ABSTAIN,Place,0,0,0.878262996674,actual_run,shared_proxy_reference,"AI ensemble reference shares source-type, lexical, contract, and/or historical model signals; report as proxy-reference consistency, not independent accuracy"
Abstention,w/o Abstention,ET-0054,entity_type,IENT-5ba6266ab360bcb8171a9cb8,Place,Place,1,1,0.878262996674,actual_run,shared_proxy_reference,"AI ensemble reference shares source-type, lexical, contract, and/or historical model signals; report as proxy-reference consistency, not independent accuracy"
Full classifier,Full selective classifier,ET-0055,entity_type,IENT-577adf7d7b376f7dbcf97fb0,ABSTAIN,Person,0,0,0.995447516441,actual_run,shared_proxy_reference,"AI ensemble reference shares source-type, lexical, contract, and/or historical model signals; report as proxy-reference consistency, not independent accuracy"
Class-specific Gate,w/o Class-specific Gate,ET-0055,entity_type,IENT-577adf7d7b376f7dbcf97fb0,ABSTAIN,Person,0,0,0.995447516441,actual_run,shared_proxy_reference,"AI ensemble reference shares source-type, lexical, contract, and/or historical model signals; report as proxy-reference consistency, not independent accuracy"
Independent Signal Agreement,w/o Independent Signal Agreement,ET-0055,entity_type,IENT-577adf7d7b376f7dbcf97fb0,Person,Person,1,1,0.995447516441,actual_run,shared_proxy_reference,"AI ensemble reference shares source-type, lexical, contract, and/or historical model signals; report as proxy-reference consistency, not independent accuracy"
Abstention,w/o Abstention,ET-0055,entity_type,IENT-577adf7d7b376f7dbcf97fb0,Person,Person,1,1,0.995447516441,actual_run,shared_proxy_reference,"AI ensemble reference shares source-type, lexical, contract, and/or historical model signals; report as proxy-reference consistency, not independent accuracy"
Full classifier,Full selective classifier,ET-0056,entity_type,IENT-1140322263111699626cf175,ABSTAIN,Person,0,0,0.974230229855,actual_run,shared_proxy_reference,"AI ensemble reference shares source-type, lexical, contract, and/or historical model signals; report as proxy-reference consistency, not independent accuracy"
Class-specific Gate,w/o Class-specific Gate,ET-0056,entity_type,IENT-1140322263111699626cf175,ABSTAIN,Person,0,0,0.974230229855,actual_run,shared_proxy_reference,"AI ensemble reference shares source-type, lexical, contract, and/or historical model signals; report as proxy-reference consistency, not independent accuracy"
Independent Signal Agreement,w/o Independent Signal Agreement,ET-0056,entity_type,IENT-1140322263111699626cf175,Person,Person,1,1,0.974230229855,actual_run,shared_proxy_reference,"AI ensemble reference shares source-type, lexical, contract, and/or historical model signals; report as proxy-reference consistency, not independent accuracy"
Abstention,w/o Abstention,ET-0056,entity_type,IENT-1140322263111699626cf175,Person,Person,1,1,0.974230229855,actual_run,shared_proxy_reference,"AI ensemble reference shares source-type, lexical, contract, and/or historical model signals; report as proxy-reference consistency, not independent accuracy"
Full classifier,Full selective classifier,ET-0057,entity_type,IENT-c290aa4f02694862665f9f71,Institution,Organization,1,0,0.982821464539,actual_run,shared_proxy_reference,"AI ensemble reference shares source-type, lexical, contract, and/or historical model signals; report as proxy-reference consistency, not independent accuracy"
Class-specific Gate,w/o Class-specific Gate,ET-0057,entity_type,IENT-c290aa4f02694862665f9f71,Institution,Organization,1,0,0.982821464539,actual_run,shared_proxy_reference,"AI ensemble reference shares source-type, lexical, contract, and/or historical model signals; report as proxy-reference consistency, not independent accuracy"
Independent Signal Agreement,w/o Independent Signal Agreement,ET-0057,entity_type,IENT-c290aa4f02694862665f9f71,Institution,Organization,1,0,0.982821464539,actual_run,shared_proxy_reference,"AI ensemble reference shares source-type, lexical, contract, and/or historical model signals; report as proxy-reference consistency, not independent accuracy"
Abstention,w/o Abstention,ET-0057,entity_type,IENT-c290aa4f02694862665f9f71,Institution,Organization,1,0,0.982821464539,actual_run,shared_proxy_reference,"AI ensemble reference shares source-type, lexical, contract, and/or historical model signals; report as proxy-reference consistency, not independent accuracy"
Full classifier,Full selective classifier,ET-0058,entity_type,IENT-13b4825d2a9237aaddbb3a22,ABSTAIN,Person,0,0,0.906391620636,actual_run,shared_proxy_reference,"AI ensemble reference shares source-type, lexical, contract, and/or historical model signals; report as proxy-reference consistency, not independent accuracy"
Class-specific Gate,w/o Class-specific Gate,ET-0058,entity_type,IENT-13b4825d2a9237aaddbb3a22,ABSTAIN,Person,0,0,0.906391620636,actual_run,shared_proxy_reference,"AI ensemble reference shares source-type, lexical, contract, and/or historical model signals; report as proxy-reference consistency, not independent accuracy"
Independent Signal Agreement,w/o Independent Signal Agreement,ET-0058,entity_type,IENT-13b4825d2a9237aaddbb3a22,Person,Person,1,1,0.906391620636,actual_run,shared_proxy_reference,"AI ensemble reference shares source-type, lexical, contract, and/or historical model signals; report as proxy-reference consistency, not independent accuracy"
Abstention,w/o Abstention,ET-0058,entity_type,IENT-13b4825d2a9237aaddbb3a22,Person,Person,1,1,0.906391620636,actual_run,shared_proxy_reference,"AI ensemble reference shares source-type, lexical, contract, and/or historical model signals; report as proxy-reference consistency, not independent accuracy"
Full classifier,Full selective classifier,ET-0059,entity_type,IENT-d469004d60d58025d70e3151,ABSTAIN,Organization,0,0,0.968708574772,actual_run,shared_proxy_reference,"AI ensemble reference shares source-type, lexical, contract, and/or historical model signals; report as proxy-reference consistency, not independent accuracy"
Class-specific Gate,w/o Class-specific Gate,ET-0059,entity_type,IENT-d469004d60d58025d70e3151,ABSTAIN,Organization,0,0,0.968708574772,actual_run,shared_proxy_reference,"AI ensemble reference shares source-type, lexical, contract, and/or historical model signals; report as proxy-reference consistency, not independent accuracy"
Independent Signal Agreement,w/o Independent Signal Agreement,ET-0059,entity_type,IENT-d469004d60d58025d70e3151,Organization,Organization,1,1,0.968708574772,actual_run,shared_proxy_reference,"AI ensemble reference shares source-type, lexical, contract, and/or historical model signals; report as proxy-reference consistency, not independent accuracy"
Abstention,w/o Abstention,ET-0059,entity_type,IENT-d469004d60d58025d70e3151,Organization,Organization,1,1,0.968708574772,actual_run,shared_proxy_reference,"AI ensemble reference shares source-type, lexical, contract, and/or historical model signals; report as proxy-reference consistency, not independent accuracy"
Full classifier,Full selective classifier,ET-0060,entity_type,IENT-ec4bb9a87bec5eaa4bcc3eec,ABSTAIN,Person,0,0,0.952019631863,actual_run,shared_proxy_reference,"AI ensemble reference shares source-type, lexical, contract, and/or historical model signals; report as proxy-reference consistency, not independent accuracy"
Class-specific Gate,w/o Class-specific Gate,ET-0060,entity_type,IENT-ec4bb9a87bec5eaa4bcc3eec,ABSTAIN,Person,0,0,0.952019631863,actual_run,shared_proxy_reference,"AI ensemble reference shares source-type, lexical, contract, and/or historical model signals; report as proxy-reference consistency, not independent accuracy"
Independent Signal Agreement,w/o Independent Signal Agreement,ET-0060,entity_type,IENT-ec4bb9a87bec5eaa4bcc3eec,Person,Person,1,1,0.952019631863,actual_run,shared_proxy_reference,"AI ensemble reference shares source-type, lexical, contract, and/or historical model signals; report as proxy-reference consistency, not independent accuracy"
Abstention,w/o Abstention,ET-0060,entity_type,IENT-ec4bb9a87bec5eaa4bcc3eec,Person,Person,1,1,0.952019631863,actual_run,shared_proxy_reference,"AI ensemble reference shares source-type, lexical, contract, and/or historical model signals; report as proxy-reference consistency, not independent accuracy"
Full classifier,Full selective classifier,ET-0061,entity_type,IENT-e1309ab6b521e5e00d6149a4,ABSTAIN,Place,0,0,0.885662138462,actual_run,shared_proxy_reference,"AI ensemble reference shares source-type, lexical, contract, and/or historical model signals; report as proxy-reference consistency, not independent accuracy"
Class-specific Gate,w/o Class-specific Gate,ET-0061,entity_type,IENT-e1309ab6b521e5e00d6149a4,ABSTAIN,Place,0,0,0.885662138462,actual_run,shared_proxy_reference,"AI ensemble reference shares source-type, lexical, contract, and/or historical model signals; report as proxy-reference consistency, not independent accuracy"
Independent Signal Agreement,w/o Independent Signal Agreement,ET-0061,entity_type,IENT-e1309ab6b521e5e00d6149a4,ABSTAIN,Place,0,0,0.885662138462,actual_run,shared_proxy_reference,"AI ensemble reference shares source-type, lexical, contract, and/or historical model signals; report as proxy-reference consistency, not independent accuracy"
Abstention,w/o Abstention,ET-0061,entity_type,IENT-e1309ab6b521e5e00d6149a4,Place,Place,1,1,0.885662138462,actual_run,shared_proxy_reference,"AI ensemble reference shares source-type, lexical, contract, and/or historical model signals; report as proxy-reference consistency, not independent accuracy"
Full classifier,Full selective classifier,ET-0062,entity_type,IENT-f4096ff61c335a7b0f8f64d3,ABSTAIN,Place,0,0,0.826731204987,actual_run,shared_proxy_reference,"AI ensemble reference shares source-type, lexical, contract, and/or historical model signals; report as proxy-reference consistency, not independent accuracy"
Class-specific Gate,w/o Class-specific Gate,ET-0062,entity_type,IENT-f4096ff61c335a7b0f8f64d3,ABSTAIN,Place,0,0,0.826731204987,actual_run,shared_proxy_reference,"AI ensemble reference shares source-type, lexical, contract, and/or historical model signals; report as proxy-reference consistency, not independent accuracy"
Independent Signal Agreement,w/o Independent Signal Agreement,ET-0062,entity_type,IENT-f4096ff61c335a7b0f8f64d3,ABSTAIN,Place,0,0,0.826731204987,actual_run,shared_proxy_reference,"AI ensemble reference shares source-type, lexical, contract, and/or historical model signals; report as proxy-reference consistency, not independent accuracy"
Abstention,w/o Abstention,ET-0062,entity_type,IENT-f4096ff61c335a7b0f8f64d3,Place,Place,1,1,0.826731204987,actual_run,shared_proxy_reference,"AI ensemble reference shares source-type, lexical, contract, and/or historical model signals; report as proxy-reference consistency, not independent accuracy"
Full classifier,Full selective classifier,ET-0063,entity_type,IENT-a93f221dc7de2d07f80fe83f,Event,Event,1,1,0.993907392025,actual_run,shared_proxy_reference,"AI ensemble reference shares source-type, lexical, contract, and/or historical model signals; report as proxy-reference consistency, not independent accuracy"
Class-specific Gate,w/o Class-specific Gate,ET-0063,entity_type,IENT-a93f221dc7de2d07f80fe83f,Event,Event,1,1,0.993907392025,actual_run,shared_proxy_reference,"AI ensemble reference shares source-type, lexical, contract, and/or historical model signals; report as proxy-reference consistency, not independent accuracy"
Independent Signal Agreement,w/o Independent Signal Agreement,ET-0063,entity_type,IENT-a93f221dc7de2d07f80fe83f,Event,Event,1,1,0.993907392025,actual_run,shared_proxy_reference,"AI ensemble reference shares source-type, lexical, contract, and/or historical model signals; report as proxy-reference consistency, not independent accuracy"
Abstention,w/o Abstention,ET-0063,entity_type,IENT-a93f221dc7de2d07f80fe83f,Event,Event,1,1,0.993907392025,actual_run,shared_proxy_reference,"AI ensemble reference shares source-type, lexical, contract, and/or historical model signals; report as proxy-reference consistency, not independent accuracy"
Full classifier,Full selective classifier,ET-0064,entity_type,IENT-9e4e8c6da5e2437db8fac5b8,Place,Place,1,1,0.931032419205,actual_run,shared_proxy_reference,"AI ensemble reference shares source-type, lexical, contract, and/or historical model signals; report as proxy-reference consistency, not independent accuracy"
Class-specific Gate,w/o Class-specific Gate,ET-0064,entity_type,IENT-9e4e8c6da5e2437db8fac5b8,Place,Place,1,1,0.931032419205,actual_run,shared_proxy_reference,"AI ensemble reference shares source-type, lexical, contract, and/or historical model signals; report as proxy-reference consistency, not independent accuracy"
Independent Signal Agreement,w/o Independent Signal Agreement,ET-0064,entity_type,IENT-9e4e8c6da5e2437db8fac5b8,Place,Place,1,1,0.931032419205,actual_run,shared_proxy_reference,"AI ensemble reference shares source-type, lexical, contract, and/or historical model signals; report as proxy-reference consistency, not independent accuracy"
Abstention,w/o Abstention,ET-0064,entity_type,IENT-9e4e8c6da5e2437db8fac5b8,Place,Place,1,1,0.931032419205,actual_run,shared_proxy_reference,"AI ensemble reference shares source-type, lexical, contract, and/or historical model signals; report as proxy-reference consistency, not independent accuracy"
Full classifier,Full selective classifier,ET-0065,entity_type,IENT-6f9b907c89b7bdc309f7ad54,ABSTAIN,Place,0,0,0.631405293941,actual_run,shared_proxy_reference,"AI ensemble reference shares source-type, lexical, contract, and/or historical model signals; report as proxy-reference consistency, not independent accuracy"
Class-specific Gate,w/o Class-specific Gate,ET-0065,entity_type,IENT-6f9b907c89b7bdc309f7ad54,ABSTAIN,Place,0,0,0.631405293941,actual_run,shared_proxy_reference,"AI ensemble reference shares source-type, lexical, contract, and/or historical model signals; report as proxy-reference consistency, not independent accuracy"
Independent Signal Agreement,w/o Independent Signal Agreement,ET-0065,entity_type,IENT-6f9b907c89b7bdc309f7ad54,ABSTAIN,Place,0,0,0.631405293941,actual_run,shared_proxy_reference,"AI ensemble reference shares source-type, lexical, contract, and/or historical model signals; report as proxy-reference consistency, not independent accuracy"
Abstention,w/o Abstention,ET-0065,entity_type,IENT-6f9b907c89b7bdc309f7ad54,Place,Place,1,1,0.631405293941,actual_run,shared_proxy_reference,"AI ensemble reference shares source-type, lexical, contract, and/or historical model signals; report as proxy-reference consistency, not independent accuracy"
Full classifier,Full selective classifier,ET-0066,entity_type,IENT-393c2d632902b1af1074be5d,ABSTAIN,Place,0,0,0.526840209961,actual_run,shared_proxy_reference,"AI ensemble reference shares source-type, lexical, contract, and/or historical model signals; report as proxy-reference consistency, not independent accuracy"
Class-specific Gate,w/o Class-specific Gate,ET-0066,entity_type,IENT-393c2d632902b1af1074be5d,ABSTAIN,Place,0,0,0.526840209961,actual_run,shared_proxy_reference,"AI ensemble reference shares source-type, lexical, contract, and/or historical model signals; report as proxy-reference consistency, not independent accuracy"
Independent Signal Agreement,w/o Independent Signal Agreement,ET-0066,entity_type,IENT-393c2d632902b1af1074be5d,ABSTAIN,Place,0,0,0.526840209961,actual_run,shared_proxy_reference,"AI ensemble reference shares source-type, lexical, contract, and/or historical model signals; report as proxy-reference consistency, not independent accuracy"
Abstention,w/o Abstention,ET-0066,entity_type,IENT-393c2d632902b1af1074be5d,AdministrativeRegion,Place,1,0,0.526840209961,actual_run,shared_proxy_reference,"AI ensemble reference shares source-type, lexical, contract, and/or historical model signals; report as proxy-reference consistency, not independent accuracy"
Full classifier,Full selective classifier,ET-0067,entity_type,IENT-3cc5ad96e0f0e330b85a1673,ABSTAIN,Organization,0,0,0.876877307892,actual_run,shared_proxy_reference,"AI ensemble reference shares source-type, lexical, contract, and/or historical model signals; report as proxy-reference consistency, not independent accuracy"
Class-specific Gate,w/o Class-specific Gate,ET-0067,entity_type,IENT-3cc5ad96e0f0e330b85a1673,ABSTAIN,Organization,0,0,0.876877307892,actual_run,shared_proxy_reference,"AI ensemble reference shares source-type, lexical, contract, and/or historical model signals; report as proxy-reference consistency, not independent accuracy"
Independent Signal Agreement,w/o Independent Signal Agreement,ET-0067,entity_type,IENT-3cc5ad96e0f0e330b85a1673,ABSTAIN,Organization,0,0,0.876877307892,actual_run,shared_proxy_reference,"AI ensemble reference shares source-type, lexical, contract, and/or historical model signals; report as proxy-reference consistency, not independent accuracy"
Abstention,w/o Abstention,ET-0067,entity_type,IENT-3cc5ad96e0f0e330b85a1673,Organization,Organization,1,1,0.876877307892,actual_run,shared_proxy_reference,"AI ensemble reference shares source-type, lexical, contract, and/or historical model signals; report as proxy-reference consistency, not independent accuracy"
Full classifier,Full selective classifier,ET-0068,entity_type,IENT-e91e4ff8951526e84c0d924e,ABSTAIN,Person,0,0,0.704048633575,actual_run,shared_proxy_reference,"AI ensemble reference shares source-type, lexical, contract, and/or historical model signals; report as proxy-reference consistency, not independent accuracy"
Class-specific Gate,w/o Class-specific Gate,ET-0068,entity_type,IENT-e91e4ff8951526e84c0d924e,ABSTAIN,Person,0,0,0.704048633575,actual_run,shared_proxy_reference,"AI ensemble reference shares source-type, lexical, contract, and/or historical model signals; report as proxy-reference consistency, not independent accuracy"
Independent Signal Agreement,w/o Independent Signal Agreement,ET-0068,entity_type,IENT-e91e4ff8951526e84c0d924e,ABSTAIN,Person,0,0,0.704048633575,actual_run,shared_proxy_reference,"AI ensemble reference shares source-type, lexical, contract, and/or historical model signals; report as proxy-reference consistency, not independent accuracy"
Abstention,w/o Abstention,ET-0068,entity_type,IENT-e91e4ff8951526e84c0d924e,Person,Person,1,1,0.704048633575,actual_run,shared_proxy_reference,"AI ensemble reference shares source-type, lexical, contract, and/or historical model signals; report as proxy-reference consistency, not independent accuracy"
Full classifier,Full selective classifier,ET-0070,entity_type,IENT-5eea8d372fff3e92bf75923d,Event,Event,1,1,0.971929132938,actual_run,shared_proxy_reference,"AI ensemble reference shares source-type, lexical, contract, and/or historical model signals; report as proxy-reference consistency, not independent accuracy"
Class-specific Gate,w/o Class-specific Gate,ET-0070,entity_type,IENT-5eea8d372fff3e92bf75923d,Event,Event,1,1,0.971929132938,actual_run,shared_proxy_reference,"AI ensemble reference shares source-type, lexical, contract, and/or historical model signals; report as proxy-reference consistency, not independent accuracy"
Independent Signal Agreement,w/o Independent Signal Agreement,ET-0070,entity_type,IENT-5eea8d372fff3e92bf75923d,Event,Event,1,1,0.971929132938,actual_run,shared_proxy_reference,"AI ensemble reference shares source-type, lexical, contract, and/or historical model signals; report as proxy-reference consistency, not independent accuracy"
Abstention,w/o Abstention,ET-0070,entity_type,IENT-5eea8d372fff3e92bf75923d,Event,Event,1,1,0.971929132938,actual_run,shared_proxy_reference,"AI ensemble reference shares source-type, lexical, contract, and/or historical model signals; report as proxy-reference consistency, not independent accuracy"
Full classifier,Full selective classifier,ET-0072,entity_type,IENT-bb730f88096ec777b08244d3,ABSTAIN,Concept,0,0,0.522272884846,actual_run,shared_proxy_reference,"AI ensemble reference shares source-type, lexical, contract, and/or historical model signals; report as proxy-reference consistency, not independent accuracy"
Class-specific Gate,w/o Class-specific Gate,ET-0072,entity_type,IENT-bb730f88096ec777b08244d3,ABSTAIN,Concept,0,0,0.522272884846,actual_run,shared_proxy_reference,"AI ensemble reference shares source-type, lexical, contract, and/or historical model signals; report as proxy-reference consistency, not independent accuracy"
Independent Signal Agreement,w/o Independent Signal Agreement,ET-0072,entity_type,IENT-bb730f88096ec777b08244d3,ABSTAIN,Concept,0,0,0.522272884846,actual_run,shared_proxy_reference,"AI ensemble reference shares source-type, lexical, contract, and/or historical model signals; report as proxy-reference consistency, not independent accuracy"
Abstention,w/o Abstention,ET-0072,entity_type,IENT-bb730f88096ec777b08244d3,Organization,Concept,1,0,0.522272884846,actual_run,shared_proxy_reference,"AI ensemble reference shares source-type, lexical, contract, and/or historical model signals; report as proxy-reference consistency, not independent accuracy"
Full classifier,Full selective classifier,ET-0073,entity_type,IENT-583974e2697c1b4226b8c9f2,ABSTAIN,Person,0,0,0.991739392281,actual_run,shared_proxy_reference,"AI ensemble reference shares source-type, lexical, contract, and/or historical model signals; report as proxy-reference consistency, not independent accuracy"
Class-specific Gate,w/o Class-specific Gate,ET-0073,entity_type,IENT-583974e2697c1b4226b8c9f2,ABSTAIN,Person,0,0,0.991739392281,actual_run,shared_proxy_reference,"AI ensemble reference shares source-type, lexical, contract, and/or historical model signals; report as proxy-reference consistency, not independent accuracy"
Independent Signal Agreement,w/o Independent Signal Agreement,ET-0073,entity_type,IENT-583974e2697c1b4226b8c9f2,Person,Person,1,1,0.991739392281,actual_run,shared_proxy_reference,"AI ensemble reference shares source-type, lexical, contract, and/or historical model signals; report as proxy-reference consistency, not independent accuracy"
Abstention,w/o Abstention,ET-0073,entity_type,IENT-583974e2697c1b4226b8c9f2,Person,Person,1,1,0.991739392281,actual_run,shared_proxy_reference,"AI ensemble reference shares source-type, lexical, contract, and/or historical model signals; report as proxy-reference consistency, not independent accuracy"
Full classifier,Full selective classifier,ET-0074,entity_type,IENT-af44d0635316cf71fe310798,ABSTAIN,Person,0,0,0.992052912712,actual_run,shared_proxy_reference,"AI ensemble reference shares source-type, lexical, contract, and/or historical model signals; report as proxy-reference consistency, not independent accuracy"
Class-specific Gate,w/o Class-specific Gate,ET-0074,entity_type,IENT-af44d0635316cf71fe310798,ABSTAIN,Person,0,0,0.992052912712,actual_run,shared_proxy_reference,"AI ensemble reference shares source-type, lexical, contract, and/or historical model signals; report as proxy-reference consistency, not independent accuracy"
Independent Signal Agreement,w/o Independent Signal Agreement,ET-0074,entity_type,IENT-af44d0635316cf71fe310798,Person,Person,1,1,0.992052912712,actual_run,shared_proxy_reference,"AI ensemble reference shares source-type, lexical, contract, and/or historical model signals; report as proxy-reference consistency, not independent accuracy"
Abstention,w/o Abstention,ET-0074,entity_type,IENT-af44d0635316cf71fe310798,Person,Person,1,1,0.992052912712,actual_run,shared_proxy_reference,"AI ensemble reference shares source-type, lexical, contract, and/or historical model signals; report as proxy-reference consistency, not independent accuracy"
Full classifier,Full selective classifier,ET-0075,entity_type,IENT-55f3f1d153e9b693f041591f,ABSTAIN,Place,0,0,0.451015174389,actual_run,shared_proxy_reference,"AI ensemble reference shares source-type, lexical, contract, and/or historical model signals; report as proxy-reference consistency, not independent accuracy"
Class-specific Gate,w/o Class-specific Gate,ET-0075,entity_type,IENT-55f3f1d153e9b693f041591f,ABSTAIN,Place,0,0,0.451015174389,actual_run,shared_proxy_reference,"AI ensemble reference shares source-type, lexical, contract, and/or historical model signals; report as proxy-reference consistency, not independent accuracy"
Independent Signal Agreement,w/o Independent Signal Agreement,ET-0075,entity_type,IENT-55f3f1d153e9b693f041591f,ABSTAIN,Place,0,0,0.451015174389,actual_run,shared_proxy_reference,"AI ensemble reference shares source-type, lexical, contract, and/or historical model signals; report as proxy-reference consistency, not independent accuracy"
Abstention,w/o Abstention,ET-0075,entity_type,IENT-55f3f1d153e9b693f041591f,Place,Place,1,1,0.451015174389,actual_run,shared_proxy_reference,"AI ensemble reference shares source-type, lexical, contract, and/or historical model signals; report as proxy-reference consistency, not independent accuracy"
Full classifier,Full selective classifier,ET-0076,entity_type,IENT-3faa744ed2b4cb1cc9c5aa5a,Event,Event,1,1,0.99864423275,actual_run,shared_proxy_reference,"AI ensemble reference shares source-type, lexical, contract, and/or historical model signals; report as proxy-reference consistency, not independent accuracy"
Class-specific Gate,w/o Class-specific Gate,ET-0076,entity_type,IENT-3faa744ed2b4cb1cc9c5aa5a,Event,Event,1,1,0.99864423275,actual_run,shared_proxy_reference,"AI ensemble reference shares source-type, lexical, contract, and/or historical model signals; report as proxy-reference consistency, not independent accuracy"
Independent Signal Agreement,w/o Independent Signal Agreement,ET-0076,entity_type,IENT-3faa744ed2b4cb1cc9c5aa5a,Event,Event,1,1,0.99864423275,actual_run,shared_proxy_reference,"AI ensemble reference shares source-type, lexical, contract, and/or historical model signals; report as proxy-reference consistency, not independent accuracy"
Abstention,w/o Abstention,ET-0076,entity_type,IENT-3faa744ed2b4cb1cc9c5aa5a,Event,Event,1,1,0.99864423275,actual_run,shared_proxy_reference,"AI ensemble reference shares source-type, lexical, contract, and/or historical model signals; report as proxy-reference consistency, not independent accuracy"
Full classifier,Full selective classifier,ET-0077,entity_type,IENT-fc95c328a50876c37f0a0191,ABSTAIN,Person,0,0,0.883809387684,actual_run,shared_proxy_reference,"AI ensemble reference shares source-type, lexical, contract, and/or historical model signals; report as proxy-reference consistency, not independent accuracy"
Class-specific Gate,w/o Class-specific Gate,ET-0077,entity_type,IENT-fc95c328a50876c37f0a0191,ABSTAIN,Person,0,0,0.883809387684,actual_run,shared_proxy_reference,"AI ensemble reference shares source-type, lexical, contract, and/or historical model signals; report as proxy-reference consistency, not independent accuracy"
Independent Signal Agreement,w/o Independent Signal Agreement,ET-0077,entity_type,IENT-fc95c328a50876c37f0a0191,ABSTAIN,Person,0,0,0.883809387684,actual_run,shared_proxy_reference,"AI ensemble reference shares source-type, lexical, contract, and/or historical model signals; report as proxy-reference consistency, not independent accuracy"
Abstention,w/o Abstention,ET-0077,entity_type,IENT-fc95c328a50876c37f0a0191,Person,Person,1,1,0.883809387684,actual_run,shared_proxy_reference,"AI ensemble reference shares source-type, lexical, contract, and/or historical model signals; report as proxy-reference consistency, not independent accuracy"
Full classifier,Full selective classifier,ET-0078,entity_type,IENT-8f92ded4dc4cc9dee3f713b3,ABSTAIN,Person,0,0,0.968910932541,actual_run,shared_proxy_reference,"AI ensemble reference shares source-type, lexical, contract, and/or historical model signals; report as proxy-reference consistency, not independent accuracy"
Class-specific Gate,w/o Class-specific Gate,ET-0078,entity_type,IENT-8f92ded4dc4cc9dee3f713b3,ABSTAIN,Person,0,0,0.968910932541,actual_run,shared_proxy_reference,"AI ensemble reference shares source-type, lexical, contract, and/or historical model signals; report as proxy-reference consistency, not independent accuracy"
Independent Signal Agreement,w/o Independent Signal Agreement,ET-0078,entity_type,IENT-8f92ded4dc4cc9dee3f713b3,Person,Person,1,1,0.968910932541,actual_run,shared_proxy_reference,"AI ensemble reference shares source-type, lexical, contract, and/or historical model signals; report as proxy-reference consistency, not independent accuracy"
Abstention,w/o Abstention,ET-0078,entity_type,IENT-8f92ded4dc4cc9dee3f713b3,Person,Person,1,1,0.968910932541,actual_run,shared_proxy_reference,"AI ensemble reference shares source-type, lexical, contract, and/or historical model signals; report as proxy-reference consistency, not independent accuracy"
Full classifier,Full selective classifier,ET-0079,entity_type,IENT-ee69ad47080dbab3d9166819,ABSTAIN,Organization,0,0,0.636690676212,actual_run,shared_proxy_reference,"AI ensemble reference shares source-type, lexical, contract, and/or historical model signals; report as proxy-reference consistency, not independent accuracy"
Class-specific Gate,w/o Class-specific Gate,ET-0079,entity_type,IENT-ee69ad47080dbab3d9166819,ABSTAIN,Organization,0,0,0.636690676212,actual_run,shared_proxy_reference,"AI ensemble reference shares source-type, lexical, contract, and/or historical model signals; report as proxy-reference consistency, not independent accuracy"
Independent Signal Agreement,w/o Independent Signal Agreement,ET-0079,entity_type,IENT-ee69ad47080dbab3d9166819,ABSTAIN,Organization,0,0,0.636690676212,actual_run,shared_proxy_reference,"AI ensemble reference shares source-type, lexical, contract, and/or historical model signals; report as proxy-reference consistency, not independent accuracy"
Abstention,w/o Abstention,ET-0079,entity_type,IENT-ee69ad47080dbab3d9166819,Event,Organization,1,0,0.636690676212,actual_run,shared_proxy_reference,"AI ensemble reference shares source-type, lexical, contract, and/or historical model signals; report as proxy-reference consistency, not independent accuracy"
Full classifier,Full selective classifier,ET-0080,entity_type,IENT-80014f5577bb27ad27ded7ad,Organization,Organization,1,1,0.963037550449,actual_run,shared_proxy_reference,"AI ensemble reference shares source-type, lexical, contract, and/or historical model signals; report as proxy-reference consistency, not independent accuracy"
Class-specific Gate,w/o Class-specific Gate,ET-0080,entity_type,IENT-80014f5577bb27ad27ded7ad,Organization,Organization,1,1,0.963037550449,actual_run,shared_proxy_reference,"AI ensemble reference shares source-type, lexical, contract, and/or historical model signals; report as proxy-reference consistency, not independent accuracy"
Independent Signal Agreement,w/o Independent Signal Agreement,ET-0080,entity_type,IENT-80014f5577bb27ad27ded7ad,Organization,Organization,1,1,0.963037550449,actual_run,shared_proxy_reference,"AI ensemble reference shares source-type, lexical, contract, and/or historical model signals; report as proxy-reference consistency, not independent accuracy"
Abstention,w/o Abstention,ET-0080,entity_type,IENT-80014f5577bb27ad27ded7ad,Organization,Organization,1,1,0.963037550449,actual_run,shared_proxy_reference,"AI ensemble reference shares source-type, lexical, contract, and/or historical model signals; report as proxy-reference consistency, not independent accuracy"
Full classifier,Full selective classifier,ET-0081,entity_type,IENT-1ecddc171c38a2b22b805630,Place,Place,1,1,0.997553467751,actual_run,shared_proxy_reference,"AI ensemble reference shares source-type, lexical, contract, and/or historical model signals; report as proxy-reference consistency, not independent accuracy"
Class-specific Gate,w/o Class-specific Gate,ET-0081,entity_type,IENT-1ecddc171c38a2b22b805630,Place,Place,1,1,0.997553467751,actual_run,shared_proxy_reference,"AI ensemble reference shares source-type, lexical, contract, and/or historical model signals; report as proxy-reference consistency, not independent accuracy"
Independent Signal Agreement,w/o Independent Signal Agreement,ET-0081,entity_type,IENT-1ecddc171c38a2b22b805630,Place,Place,1,1,0.997553467751,actual_run,shared_proxy_reference,"AI ensemble reference shares source-type, lexical, contract, and/or historical model signals; report as proxy-reference consistency, not independent accuracy"
Abstention,w/o Abstention,ET-0081,entity_type,IENT-1ecddc171c38a2b22b805630,Place,Place,1,1,0.997553467751,actual_run,shared_proxy_reference,"AI ensemble reference shares source-type, lexical, contract, and/or historical model signals; report as proxy-reference consistency, not independent accuracy"
Full classifier,Full selective classifier,ET-0082,entity_type,IENTREPAIR-ec5cbd584bc090d1a5a10cdb,ABSTAIN,Person,0,0,0.781521737576,actual_run,shared_proxy_reference,"AI ensemble reference shares source-type, lexical, contract, and/or historical model signals; report as proxy-reference consistency, not independent accuracy"
Class-specific Gate,w/o Class-specific Gate,ET-0082,entity_type,IENTREPAIR-ec5cbd584bc090d1a5a10cdb,ABSTAIN,Person,0,0,0.781521737576,actual_run,shared_proxy_reference,"AI ensemble reference shares source-type, lexical, contract, and/or historical model signals; report as proxy-reference consistency, not independent accuracy"
Independent Signal Agreement,w/o Independent Signal Agreement,ET-0082,entity_type,IENTREPAIR-ec5cbd584bc090d1a5a10cdb,ABSTAIN,Person,0,0,0.781521737576,actual_run,shared_proxy_reference,"AI ensemble reference shares source-type, lexical, contract, and/or historical model signals; report as proxy-reference consistency, not independent accuracy"
Abstention,w/o Abstention,ET-0082,entity_type,IENTREPAIR-ec5cbd584bc090d1a5a10cdb,Person,Person,1,1,0.781521737576,actual_run,shared_proxy_reference,"AI ensemble reference shares source-type, lexical, contract, and/or historical model signals; report as proxy-reference consistency, not independent accuracy"
Full classifier,Full selective classifier,ET-0084,entity_type,IENT-cf5dcb742e834ad5e1792fbe,ABSTAIN,Concept,0,0,0.802625536919,actual_run,shared_proxy_reference,"AI ensemble reference shares source-type, lexical, contract, and/or historical model signals; report as proxy-reference consistency, not independent accuracy"
Class-specific Gate,w/o Class-specific Gate,ET-0084,entity_type,IENT-cf5dcb742e834ad5e1792fbe,ABSTAIN,Concept,0,0,0.802625536919,actual_run,shared_proxy_reference,"AI ensemble reference shares source-type, lexical, contract, and/or historical model signals; report as proxy-reference consistency, not independent accuracy"
Independent Signal Agreement,w/o Independent Signal Agreement,ET-0084,entity_type,IENT-cf5dcb742e834ad5e1792fbe,ABSTAIN,Concept,0,0,0.802625536919,actual_run,shared_proxy_reference,"AI ensemble reference shares source-type, lexical, contract, and/or historical model signals; report as proxy-reference consistency, not independent accuracy"
Abstention,w/o Abstention,ET-0084,entity_type,IENT-cf5dcb742e834ad5e1792fbe,Concept,Concept,1,1,0.802625536919,actual_run,shared_proxy_reference,"AI ensemble reference shares source-type, lexical, contract, and/or historical model signals; report as proxy-reference consistency, not independent accuracy"
Full classifier,Full selective classifier,ET-0086,entity_type,IENT-5c4b5e2a6774026dc1445045,ABSTAIN,Place,0,0,0.98391443491,actual_run,shared_proxy_reference,"AI ensemble reference shares source-type, lexical, contract, and/or historical model signals; report as proxy-reference consistency, not independent accuracy"
Class-specific Gate,w/o Class-specific Gate,ET-0086,entity_type,IENT-5c4b5e2a6774026dc1445045,ABSTAIN,Place,0,0,0.98391443491,actual_run,shared_proxy_reference,"AI ensemble reference shares source-type, lexical, contract, and/or historical model signals; report as proxy-reference consistency, not independent accuracy"
Independent Signal Agreement,w/o Independent Signal Agreement,ET-0086,entity_type,IENT-5c4b5e2a6774026dc1445045,Place,Place,1,1,0.98391443491,actual_run,shared_proxy_reference,"AI ensemble reference shares source-type, lexical, contract, and/or historical model signals; report as proxy-reference consistency, not independent accuracy"
Abstention,w/o Abstention,ET-0086,entity_type,IENT-5c4b5e2a6774026dc1445045,Place,Place,1,1,0.98391443491,actual_run,shared_proxy_reference,"AI ensemble reference shares source-type, lexical, contract, and/or historical model signals; report as proxy-reference consistency, not independent accuracy"
Full classifier,Full selective classifier,ET-0088,entity_type,IENTREPAIR-5134a20881882f1388594a21,ABSTAIN,AdministrativeRegion,0,0,0.875086843967,actual_run,shared_proxy_reference,"AI ensemble reference shares source-type, lexical, contract, and/or historical model signals; report as proxy-reference consistency, not independent accuracy"
Class-specific Gate,w/o Class-specific Gate,ET-0088,entity_type,IENTREPAIR-5134a20881882f1388594a21,ABSTAIN,AdministrativeRegion,0,0,0.875086843967,actual_run,shared_proxy_reference,"AI ensemble reference shares source-type, lexical, contract, and/or historical model signals; report as proxy-reference consistency, not independent accuracy"
Independent Signal Agreement,w/o Independent Signal Agreement,ET-0088,entity_type,IENTREPAIR-5134a20881882f1388594a21,ABSTAIN,AdministrativeRegion,0,0,0.875086843967,actual_run,shared_proxy_reference,"AI ensemble reference shares source-type, lexical, contract, and/or historical model signals; report as proxy-reference consistency, not independent accuracy"
Abstention,w/o Abstention,ET-0088,entity_type,IENTREPAIR-5134a20881882f1388594a21,AdministrativeRegion,AdministrativeRegion,1,1,0.875086843967,actual_run,shared_proxy_reference,"AI ensemble reference shares source-type, lexical, contract, and/or historical model signals; report as proxy-reference consistency, not independent accuracy"
Full classifier,Full selective classifier,ET-0089,entity_type,IENT-8775c87a1e0de6245ff7b62d,Place,Place,1,1,0.928551733494,actual_run,shared_proxy_reference,"AI ensemble reference shares source-type, lexical, contract, and/or historical model signals; report as proxy-reference consistency, not independent accuracy"
Class-specific Gate,w/o Class-specific Gate,ET-0089,entity_type,IENT-8775c87a1e0de6245ff7b62d,Place,Place,1,1,0.928551733494,actual_run,shared_proxy_reference,"AI ensemble reference shares source-type, lexical, contract, and/or historical model signals; report as proxy-reference consistency, not independent accuracy"
Independent Signal Agreement,w/o Independent Signal Agreement,ET-0089,entity_type,IENT-8775c87a1e0de6245ff7b62d,Place,Place,1,1,0.928551733494,actual_run,shared_proxy_reference,"AI ensemble reference shares source-type, lexical, contract, and/or historical model signals; report as proxy-reference consistency, not independent accuracy"
Abstention,w/o Abstention,ET-0089,entity_type,IENT-8775c87a1e0de6245ff7b62d,Place,Place,1,1,0.928551733494,actual_run,shared_proxy_reference,"AI ensemble reference shares source-type, lexical, contract, and/or historical model signals; report as proxy-reference consistency, not independent accuracy"
Full classifier,Full selective classifier,ET-0090,entity_type,IENT-18b5a39cd93fcc917df8bf1d,Place,Place,1,1,0.998553156853,actual_run,shared_proxy_reference,"AI ensemble reference shares source-type, lexical, contract, and/or historical model signals; report as proxy-reference consistency, not independent accuracy"
Class-specific Gate,w/o Class-specific Gate,ET-0090,entity_type,IENT-18b5a39cd93fcc917df8bf1d,Place,Place,1,1,0.998553156853,actual_run,shared_proxy_reference,"AI ensemble reference shares source-type, lexical, contract, and/or historical model signals; report as proxy-reference consistency, not independent accuracy"
Independent Signal Agreement,w/o Independent Signal Agreement,ET-0090,entity_type,IENT-18b5a39cd93fcc917df8bf1d,Place,Place,1,1,0.998553156853,actual_run,shared_proxy_reference,"AI ensemble reference shares source-type, lexical, contract, and/or historical model signals; report as proxy-reference consistency, not independent accuracy"
Abstention,w/o Abstention,ET-0090,entity_type,IENT-18b5a39cd93fcc917df8bf1d,Place,Place,1,1,0.998553156853,actual_run,shared_proxy_reference,"AI ensemble reference shares source-type, lexical, contract, and/or historical model signals; report as proxy-reference consistency, not independent accuracy"
Full classifier,Full selective classifier,ET-0091,entity_type,IENT-717b0c75d40a978cd116d0f7,ABSTAIN,Concept,0,0,0.870730638504,actual_run,shared_proxy_reference,"AI ensemble reference shares source-type, lexical, contract, and/or historical model signals; report as proxy-reference consistency, not independent accuracy"
Class-specific Gate,w/o Class-specific Gate,ET-0091,entity_type,IENT-717b0c75d40a978cd116d0f7,ABSTAIN,Concept,0,0,0.870730638504,actual_run,shared_proxy_reference,"AI ensemble reference shares source-type, lexical, contract, and/or historical model signals; report as proxy-reference consistency, not independent accuracy"
Independent Signal Agreement,w/o Independent Signal Agreement,ET-0091,entity_type,IENT-717b0c75d40a978cd116d0f7,ABSTAIN,Concept,0,0,0.870730638504,actual_run,shared_proxy_reference,"AI ensemble reference shares source-type, lexical, contract, and/or historical model signals; report as proxy-reference consistency, not independent accuracy"
Abstention,w/o Abstention,ET-0091,entity_type,IENT-717b0c75d40a978cd116d0f7,Concept,Concept,1,1,0.870730638504,actual_run,shared_proxy_reference,"AI ensemble reference shares source-type, lexical, contract, and/or historical model signals; report as proxy-reference consistency, not independent accuracy"
Full classifier,Full selective classifier,ET-0092,entity_type,IENT-e0ee28e108932d579fcd17f5,Organization,Concept,1,0,0.970066130161,actual_run,shared_proxy_reference,"AI ensemble reference shares source-type, lexical, contract, and/or historical model signals; report as proxy-reference consistency, not independent accuracy"
Class-specific Gate,w/o Class-specific Gate,ET-0092,entity_type,IENT-e0ee28e108932d579fcd17f5,Organization,Concept,1,0,0.970066130161,actual_run,shared_proxy_reference,"AI ensemble reference shares source-type, lexical, contract, and/or historical model signals; report as proxy-reference consistency, not independent accuracy"
Independent Signal Agreement,w/o Independent Signal Agreement,ET-0092,entity_type,IENT-e0ee28e108932d579fcd17f5,Organization,Concept,1,0,0.970066130161,actual_run,shared_proxy_reference,"AI ensemble reference shares source-type, lexical, contract, and/or historical model signals; report as proxy-reference consistency, not independent accuracy"
Abstention,w/o Abstention,ET-0092,entity_type,IENT-e0ee28e108932d579fcd17f5,Organization,Concept,1,0,0.970066130161,actual_run,shared_proxy_reference,"AI ensemble reference shares source-type, lexical, contract, and/or historical model signals; report as proxy-reference consistency, not independent accuracy"
Full classifier,Full selective classifier,ET-0093,entity_type,IENT-0bfccee10bbac250989d2cf9,ABSTAIN,Event,0,0,0.968568980694,actual_run,shared_proxy_reference,"AI ensemble reference shares source-type, lexical, contract, and/or historical model signals; report as proxy-reference consistency, not independent accuracy"
Class-specific Gate,w/o Class-specific Gate,ET-0093,entity_type,IENT-0bfccee10bbac250989d2cf9,ABSTAIN,Event,0,0,0.968568980694,actual_run,shared_proxy_reference,"AI ensemble reference shares source-type, lexical, contract, and/or historical model signals; report as proxy-reference consistency, not independent accuracy"
Independent Signal Agreement,w/o Independent Signal Agreement,ET-0093,entity_type,IENT-0bfccee10bbac250989d2cf9,Organization,Event,1,0,0.968568980694,actual_run,shared_proxy_reference,"AI ensemble reference shares source-type, lexical, contract, and/or historical model signals; report as proxy-reference consistency, not independent accuracy"
Abstention,w/o Abstention,ET-0093,entity_type,IENT-0bfccee10bbac250989d2cf9,Organization,Event,1,0,0.968568980694,actual_run,shared_proxy_reference,"AI ensemble reference shares source-type, lexical, contract, and/or historical model signals; report as proxy-reference consistency, not independent accuracy"
Full classifier,Full selective classifier,ET-0094,entity_type,IENT-b5771846edf722dcc164d14b,ABSTAIN,Person,0,0,0.974161863327,actual_run,shared_proxy_reference,"AI ensemble reference shares source-type, lexical, contract, and/or historical model signals; report as proxy-reference consistency, not independent accuracy"
Class-specific Gate,w/o Class-specific Gate,ET-0094,entity_type,IENT-b5771846edf722dcc164d14b,ABSTAIN,Person,0,0,0.974161863327,actual_run,shared_proxy_reference,"AI ensemble reference shares source-type, lexical, contract, and/or historical model signals; report as proxy-reference consistency, not independent accuracy"
Independent Signal Agreement,w/o Independent Signal Agreement,ET-0094,entity_type,IENT-b5771846edf722dcc164d14b,Person,Person,1,1,0.974161863327,actual_run,shared_proxy_reference,"AI ensemble reference shares source-type, lexical, contract, and/or historical model signals; report as proxy-reference consistency, not independent accuracy"
Abstention,w/o Abstention,ET-0094,entity_type,IENT-b5771846edf722dcc164d14b,Person,Person,1,1,0.974161863327,actual_run,shared_proxy_reference,"AI ensemble reference shares source-type, lexical, contract, and/or historical model signals; report as proxy-reference consistency, not independent accuracy"
Full classifier,Full selective classifier,ET-0095,entity_type,IENT-f9efc108ad830273f1da69a4,ABSTAIN,Place,0,0,0.876304686069,actual_run,shared_proxy_reference,"AI ensemble reference shares source-type, lexical, contract, and/or historical model signals; report as proxy-reference consistency, not independent accuracy"
Class-specific Gate,w/o Class-specific Gate,ET-0095,entity_type,IENT-f9efc108ad830273f1da69a4,ABSTAIN,Place,0,0,0.876304686069,actual_run,shared_proxy_reference,"AI ensemble reference shares source-type, lexical, contract, and/or historical model signals; report as proxy-reference consistency, not independent accuracy"
Independent Signal Agreement,w/o Independent Signal Agreement,ET-0095,entity_type,IENT-f9efc108ad830273f1da69a4,ABSTAIN,Place,0,0,0.876304686069,actual_run,shared_proxy_reference,"AI ensemble reference shares source-type, lexical, contract, and/or historical model signals; report as proxy-reference consistency, not independent accuracy"
Abstention,w/o Abstention,ET-0095,entity_type,IENT-f9efc108ad830273f1da69a4,Place,Place,1,1,0.876304686069,actual_run,shared_proxy_reference,"AI ensemble reference shares source-type, lexical, contract, and/or historical model signals; report as proxy-reference consistency, not independent accuracy"
Full classifier,Full selective classifier,ET-0096,entity_type,IENT-30489a93dcdc03c95508692b,ABSTAIN,Organization,0,0,0.992943525314,actual_run,shared_proxy_reference,"AI ensemble reference shares source-type, lexical, contract, and/or historical model signals; report as proxy-reference consistency, not independent accuracy"
Class-specific Gate,w/o Class-specific Gate,ET-0096,entity_type,IENT-30489a93dcdc03c95508692b,ABSTAIN,Organization,0,0,0.992943525314,actual_run,shared_proxy_reference,"AI ensemble reference shares source-type, lexical, contract, and/or historical model signals; report as proxy-reference consistency, not independent accuracy"
Independent Signal Agreement,w/o Independent Signal Agreement,ET-0096,entity_type,IENT-30489a93dcdc03c95508692b,Organization,Organization,1,1,0.992943525314,actual_run,shared_proxy_reference,"AI ensemble reference shares source-type, lexical, contract, and/or historical model signals; report as proxy-reference consistency, not independent accuracy"
Abstention,w/o Abstention,ET-0096,entity_type,IENT-30489a93dcdc03c95508692b,Organization,Organization,1,1,0.992943525314,actual_run,shared_proxy_reference,"AI ensemble reference shares source-type, lexical, contract, and/or historical model signals; report as proxy-reference consistency, not independent accuracy"
Full classifier,Full selective classifier,ET-0098,entity_type,IENT-ddbbabc95b37af71f78ca23e,ABSTAIN,Concept,0,0,0.712273955345,actual_run,shared_proxy_reference,"AI ensemble reference shares source-type, lexical, contract, and/or historical model signals; report as proxy-reference consistency, not independent accuracy"
Class-specific Gate,w/o Class-specific Gate,ET-0098,entity_type,IENT-ddbbabc95b37af71f78ca23e,ABSTAIN,Concept,0,0,0.712273955345,actual_run,shared_proxy_reference,"AI ensemble reference shares source-type, lexical, contract, and/or historical model signals; report as proxy-reference consistency, not independent accuracy"
Independent Signal Agreement,w/o Independent Signal Agreement,ET-0098,entity_type,IENT-ddbbabc95b37af71f78ca23e,ABSTAIN,Concept,0,0,0.712273955345,actual_run,shared_proxy_reference,"AI ensemble reference shares source-type, lexical, contract, and/or historical model signals; report as proxy-reference consistency, not independent accuracy"
Abstention,w/o Abstention,ET-0098,entity_type,IENT-ddbbabc95b37af71f78ca23e,Event,Concept,1,0,0.712273955345,actual_run,shared_proxy_reference,"AI ensemble reference shares source-type, lexical, contract, and/or historical model signals; report as proxy-reference consistency, not independent accuracy"
Full classifier,Full selective classifier,ET-0100,entity_type,IENT-de70264d8d04da0dec252c2e,ABSTAIN,Event,0,0,0.396218687296,actual_run,shared_proxy_reference,"AI ensemble reference shares source-type, lexical, contract, and/or historical model signals; report as proxy-reference consistency, not independent accuracy"
Class-specific Gate,w/o Class-specific Gate,ET-0100,entity_type,IENT-de70264d8d04da0dec252c2e,ABSTAIN,Event,0,0,0.396218687296,actual_run,shared_proxy_reference,"AI ensemble reference shares source-type, lexical, contract, and/or historical model signals; report as proxy-reference consistency, not independent accuracy"
Independent Signal Agreement,w/o Independent Signal Agreement,ET-0100,entity_type,IENT-de70264d8d04da0dec252c2e,ABSTAIN,Event,0,0,0.396218687296,actual_run,shared_proxy_reference,"AI ensemble reference shares source-type, lexical, contract, and/or historical model signals; report as proxy-reference consistency, not independent accuracy"
Abstention,w/o Abstention,ET-0100,entity_type,IENT-de70264d8d04da0dec252c2e,Place,Event,1,0,0.396218687296,actual_run,shared_proxy_reference,"AI ensemble reference shares source-type, lexical, contract, and/or historical model signals; report as proxy-reference consistency, not independent accuracy"
Full classifier,Full selective classifier,ET-0101,entity_type,IENTREPAIR-b2ca85b1007873fca94be30c,ABSTAIN,AdministrativeRegion,0,0,0.839687883854,actual_run,shared_proxy_reference,"AI ensemble reference shares source-type, lexical, contract, and/or historical model signals; report as proxy-reference consistency, not independent accuracy"
Class-specific Gate,w/o Class-specific Gate,ET-0101,entity_type,IENTREPAIR-b2ca85b1007873fca94be30c,ABSTAIN,AdministrativeRegion,0,0,0.839687883854,actual_run,shared_proxy_reference,"AI ensemble reference shares source-type, lexical, contract, and/or historical model signals; report as proxy-reference consistency, not independent accuracy"
Independent Signal Agreement,w/o Independent Signal Agreement,ET-0101,entity_type,IENTREPAIR-b2ca85b1007873fca94be30c,ABSTAIN,AdministrativeRegion,0,0,0.839687883854,actual_run,shared_proxy_reference,"AI ensemble reference shares source-type, lexical, contract, and/or historical model signals; report as proxy-reference consistency, not independent accuracy"
Abstention,w/o Abstention,ET-0101,entity_type,IENTREPAIR-b2ca85b1007873fca94be30c,AdministrativeRegion,AdministrativeRegion,1,1,0.839687883854,actual_run,shared_proxy_reference,"AI ensemble reference shares source-type, lexical, contract, and/or historical model signals; report as proxy-reference consistency, not independent accuracy"
Full classifier,Full selective classifier,ET-0102,entity_type,IENT-5cd7ed664daa7fe7b3c71479,Organization,Organization,1,1,0.974425852299,actual_run,shared_proxy_reference,"AI ensemble reference shares source-type, lexical, contract, and/or historical model signals; report as proxy-reference consistency, not independent accuracy"
Class-specific Gate,w/o Class-specific Gate,ET-0102,entity_type,IENT-5cd7ed664daa7fe7b3c71479,Organization,Organization,1,1,0.974425852299,actual_run,shared_proxy_reference,"AI ensemble reference shares source-type, lexical, contract, and/or historical model signals; report as proxy-reference consistency, not independent accuracy"
Independent Signal Agreement,w/o Independent Signal Agreement,ET-0102,entity_type,IENT-5cd7ed664daa7fe7b3c71479,Organization,Organization,1,1,0.974425852299,actual_run,shared_proxy_reference,"AI ensemble reference shares source-type, lexical, contract, and/or historical model signals; report as proxy-reference consistency, not independent accuracy"
Abstention,w/o Abstention,ET-0102,entity_type,IENT-5cd7ed664daa7fe7b3c71479,Organization,Organization,1,1,0.974425852299,actual_run,shared_proxy_reference,"AI ensemble reference shares source-type, lexical, contract, and/or historical model signals; report as proxy-reference consistency, not independent accuracy"
Full classifier,Full selective classifier,ET-0103,entity_type,IENT-30ddf9edcde611397a03bf9a,Person,Person,1,1,0.998471260071,actual_run,shared_proxy_reference,"AI ensemble reference shares source-type, lexical, contract, and/or historical model signals; report as proxy-reference consistency, not independent accuracy"
Class-specific Gate,w/o Class-specific Gate,ET-0103,entity_type,IENT-30ddf9edcde611397a03bf9a,Person,Person,1,1,0.998471260071,actual_run,shared_proxy_reference,"AI ensemble reference shares source-type, lexical, contract, and/or historical model signals; report as proxy-reference consistency, not independent accuracy"
Independent Signal Agreement,w/o Independent Signal Agreement,ET-0103,entity_type,IENT-30ddf9edcde611397a03bf9a,Person,Person,1,1,0.998471260071,actual_run,shared_proxy_reference,"AI ensemble reference shares source-type, lexical, contract, and/or historical model signals; report as proxy-reference consistency, not independent accuracy"
Abstention,w/o Abstention,ET-0103,entity_type,IENT-30ddf9edcde611397a03bf9a,Person,Person,1,1,0.998471260071,actual_run,shared_proxy_reference,"AI ensemble reference shares source-type, lexical, contract, and/or historical model signals; report as proxy-reference consistency, not independent accuracy"
Full classifier,Full selective classifier,ET-0104,entity_type,IENT-69e854529137d3281b1513d0,Event,Event,1,1,0.998290657997,actual_run,shared_proxy_reference,"AI ensemble reference shares source-type, lexical, contract, and/or historical model signals; report as proxy-reference consistency, not independent accuracy"
Class-specific Gate,w/o Class-specific Gate,ET-0104,entity_type,IENT-69e854529137d3281b1513d0,Event,Event,1,1,0.998290657997,actual_run,shared_proxy_reference,"AI ensemble reference shares source-type, lexical, contract, and/or historical model signals; report as proxy-reference consistency, not independent accuracy"
Independent Signal Agreement,w/o Independent Signal Agreement,ET-0104,entity_type,IENT-69e854529137d3281b1513d0,Event,Event,1,1,0.998290657997,actual_run,shared_proxy_reference,"AI ensemble reference shares source-type, lexical, contract, and/or historical model signals; report as proxy-reference consistency, not independent accuracy"
Abstention,w/o Abstention,ET-0104,entity_type,IENT-69e854529137d3281b1513d0,Event,Event,1,1,0.998290657997,actual_run,shared_proxy_reference,"AI ensemble reference shares source-type, lexical, contract, and/or historical model signals; report as proxy-reference consistency, not independent accuracy"
Full classifier,Full selective classifier,ET-0105,entity_type,IENT-b5139c5b4bd58887c72df735,ABSTAIN,Place,0,0,0.924970626831,actual_run,shared_proxy_reference,"AI ensemble reference shares source-type, lexical, contract, and/or historical model signals; report as proxy-reference consistency, not independent accuracy"
Class-specific Gate,w/o Class-specific Gate,ET-0105,entity_type,IENT-b5139c5b4bd58887c72df735,ABSTAIN,Place,0,0,0.924970626831,actual_run,shared_proxy_reference,"AI ensemble reference shares source-type, lexical, contract, and/or historical model signals; report as proxy-reference consistency, not independent accuracy"
Independent Signal Agreement,w/o Independent Signal Agreement,ET-0105,entity_type,IENT-b5139c5b4bd58887c72df735,Institution,Place,1,0,0.924970626831,actual_run,shared_proxy_reference,"AI ensemble reference shares source-type, lexical, contract, and/or historical model signals; report as proxy-reference consistency, not independent accuracy"
Abstention,w/o Abstention,ET-0105,entity_type,IENT-b5139c5b4bd58887c72df735,Institution,Place,1,0,0.924970626831,actual_run,shared_proxy_reference,"AI ensemble reference shares source-type, lexical, contract, and/or historical model signals; report as proxy-reference consistency, not independent accuracy"
Full classifier,Full selective classifier,ET-0106,entity_type,IENT-9c038ed8eda31bfa06a1ef07,ABSTAIN,Concept,0,0,0.757624328136,actual_run,shared_proxy_reference,"AI ensemble reference shares source-type, lexical, contract, and/or historical model signals; report as proxy-reference consistency, not independent accuracy"
Class-specific Gate,w/o Class-specific Gate,ET-0106,entity_type,IENT-9c038ed8eda31bfa06a1ef07,ABSTAIN,Concept,0,0,0.757624328136,actual_run,shared_proxy_reference,"AI ensemble reference shares source-type, lexical, contract, and/or historical model signals; report as proxy-reference consistency, not independent accuracy"
Independent Signal Agreement,w/o Independent Signal Agreement,ET-0106,entity_type,IENT-9c038ed8eda31bfa06a1ef07,ABSTAIN,Concept,0,0,0.757624328136,actual_run,shared_proxy_reference,"AI ensemble reference shares source-type, lexical, contract, and/or historical model signals; report as proxy-reference consistency, not independent accuracy"
Abstention,w/o Abstention,ET-0106,entity_type,IENT-9c038ed8eda31bfa06a1ef07,Concept,Concept,1,1,0.757624328136,actual_run,shared_proxy_reference,"AI ensemble reference shares source-type, lexical, contract, and/or historical model signals; report as proxy-reference consistency, not independent accuracy"
Full classifier,Full selective classifier,ET-0107,entity_type,IENT-1f8668abcf81c57c2f0f8372,Place,Place,1,1,0.9633461833,actual_run,shared_proxy_reference,"AI ensemble reference shares source-type, lexical, contract, and/or historical model signals; report as proxy-reference consistency, not independent accuracy"
Class-specific Gate,w/o Class-specific Gate,ET-0107,entity_type,IENT-1f8668abcf81c57c2f0f8372,Place,Place,1,1,0.9633461833,actual_run,shared_proxy_reference,"AI ensemble reference shares source-type, lexical, contract, and/or historical model signals; report as proxy-reference consistency, not independent accuracy"
Independent Signal Agreement,w/o Independent Signal Agreement,ET-0107,entity_type,IENT-1f8668abcf81c57c2f0f8372,Place,Place,1,1,0.9633461833,actual_run,shared_proxy_reference,"AI ensemble reference shares source-type, lexical, contract, and/or historical model signals; report as proxy-reference consistency, not independent accuracy"
Abstention,w/o Abstention,ET-0107,entity_type,IENT-1f8668abcf81c57c2f0f8372,Place,Place,1,1,0.9633461833,actual_run,shared_proxy_reference,"AI ensemble reference shares source-type, lexical, contract, and/or historical model signals; report as proxy-reference consistency, not independent accuracy"
Full classifier,Full selective classifier,ET-0108,entity_type,IENT-299a3603876f67dc6b20ac9a,Event,Event,1,1,0.973869204521,actual_run,shared_proxy_reference,"AI ensemble reference shares source-type, lexical, contract, and/or historical model signals; report as proxy-reference consistency, not independent accuracy"
Class-specific Gate,w/o Class-specific Gate,ET-0108,entity_type,IENT-299a3603876f67dc6b20ac9a,Event,Event,1,1,0.973869204521,actual_run,shared_proxy_reference,"AI ensemble reference shares source-type, lexical, contract, and/or historical model signals; report as proxy-reference consistency, not independent accuracy"
Independent Signal Agreement,w/o Independent Signal Agreement,ET-0108,entity_type,IENT-299a3603876f67dc6b20ac9a,Event,Event,1,1,0.973869204521,actual_run,shared_proxy_reference,"AI ensemble reference shares source-type, lexical, contract, and/or historical model signals; report as proxy-reference consistency, not independent accuracy"
Abstention,w/o Abstention,ET-0108,entity_type,IENT-299a3603876f67dc6b20ac9a,Event,Event,1,1,0.973869204521,actual_run,shared_proxy_reference,"AI ensemble reference shares source-type, lexical, contract, and/or historical model signals; report as proxy-reference consistency, not independent accuracy"
Full classifier,Full selective classifier,ET-0110,entity_type,IENT-7244967ad12c5c6ffea53a1b,Event,Event,1,1,0.99621874094,actual_run,shared_proxy_reference,"AI ensemble reference shares source-type, lexical, contract, and/or historical model signals; report as proxy-reference consistency, not independent accuracy"
Class-specific Gate,w/o Class-specific Gate,ET-0110,entity_type,IENT-7244967ad12c5c6ffea53a1b,Event,Event,1,1,0.99621874094,actual_run,shared_proxy_reference,"AI ensemble reference shares source-type, lexical, contract, and/or historical model signals; report as proxy-reference consistency, not independent accuracy"
Independent Signal Agreement,w/o Independent Signal Agreement,ET-0110,entity_type,IENT-7244967ad12c5c6ffea53a1b,Event,Event,1,1,0.99621874094,actual_run,shared_proxy_reference,"AI ensemble reference shares source-type, lexical, contract, and/or historical model signals; report as proxy-reference consistency, not independent accuracy"
Abstention,w/o Abstention,ET-0110,entity_type,IENT-7244967ad12c5c6ffea53a1b,Event,Event,1,1,0.99621874094,actual_run,shared_proxy_reference,"AI ensemble reference shares source-type, lexical, contract, and/or historical model signals; report as proxy-reference consistency, not independent accuracy"
Full classifier,Full selective classifier,ET-0111,entity_type,IENT-e21a400b933e5a34016b32bc,Organization,Organization,1,1,0.999295532703,actual_run,shared_proxy_reference,"AI ensemble reference shares source-type, lexical, contract, and/or historical model signals; report as proxy-reference consistency, not independent accuracy"
Class-specific Gate,w/o Class-specific Gate,ET-0111,entity_type,IENT-e21a400b933e5a34016b32bc,Organization,Organization,1,1,0.999295532703,actual_run,shared_proxy_reference,"AI ensemble reference shares source-type, lexical, contract, and/or historical model signals; report as proxy-reference consistency, not independent accuracy"
Independent Signal Agreement,w/o Independent Signal Agreement,ET-0111,entity_type,IENT-e21a400b933e5a34016b32bc,Organization,Organization,1,1,0.999295532703,actual_run,shared_proxy_reference,"AI ensemble reference shares source-type, lexical, contract, and/or historical model signals; report as proxy-reference consistency, not independent accuracy"
Abstention,w/o Abstention,ET-0111,entity_type,IENT-e21a400b933e5a34016b32bc,Organization,Organization,1,1,0.999295532703,actual_run,shared_proxy_reference,"AI ensemble reference shares source-type, lexical, contract, and/or historical model signals; report as proxy-reference consistency, not independent accuracy"
Full classifier,Full selective classifier,ET-0112,entity_type,ITOPIC-93fd5c35b2c871d45e40ad1d,ValueFacet,ValueFacet,1,1,0.964439809322,actual_run,shared_proxy_reference,"AI ensemble reference shares source-type, lexical, contract, and/or historical model signals; report as proxy-reference consistency, not independent accuracy"
Class-specific Gate,w/o Class-specific Gate,ET-0112,entity_type,ITOPIC-93fd5c35b2c871d45e40ad1d,ValueFacet,ValueFacet,1,1,0.964439809322,actual_run,shared_proxy_reference,"AI ensemble reference shares source-type, lexical, contract, and/or historical model signals; report as proxy-reference consistency, not independent accuracy"
Independent Signal Agreement,w/o Independent Signal Agreement,ET-0112,entity_type,ITOPIC-93fd5c35b2c871d45e40ad1d,ValueFacet,ValueFacet,1,1,0.964439809322,actual_run,shared_proxy_reference,"AI ensemble reference shares source-type, lexical, contract, and/or historical model signals; report as proxy-reference consistency, not independent accuracy"
Abstention,w/o Abstention,ET-0112,entity_type,ITOPIC-93fd5c35b2c871d45e40ad1d,ValueFacet,ValueFacet,1,1,0.964439809322,actual_run,shared_proxy_reference,"AI ensemble reference shares source-type, lexical, contract, and/or historical model signals; report as proxy-reference consistency, not independent accuracy"
Full classifier,Full selective classifier,ET-0113,entity_type,IENT-092a1b25fb4ced24174fdd83,ABSTAIN,Person,0,0,0.996117711067,actual_run,shared_proxy_reference,"AI ensemble reference shares source-type, lexical, contract, and/or historical model signals; report as proxy-reference consistency, not independent accuracy"
Class-specific Gate,w/o Class-specific Gate,ET-0113,entity_type,IENT-092a1b25fb4ced24174fdd83,ABSTAIN,Person,0,0,0.996117711067,actual_run,shared_proxy_reference,"AI ensemble reference shares source-type, lexical, contract, and/or historical model signals; report as proxy-reference consistency, not independent accuracy"
Independent Signal Agreement,w/o Independent Signal Agreement,ET-0113,entity_type,IENT-092a1b25fb4ced24174fdd83,Person,Person,1,1,0.996117711067,actual_run,shared_proxy_reference,"AI ensemble reference shares source-type, lexical, contract, and/or historical model signals; report as proxy-reference consistency, not independent accuracy"
Abstention,w/o Abstention,ET-0113,entity_type,IENT-092a1b25fb4ced24174fdd83,Person,Person,1,1,0.996117711067,actual_run,shared_proxy_reference,"AI ensemble reference shares source-type, lexical, contract, and/or historical model signals; report as proxy-reference consistency, not independent accuracy"
Full classifier,Full selective classifier,ET-0114,entity_type,ITOPIC-7ee9a9eba134caea7fc46055,ValueFacet,ValueFacet,1,1,0.989304184914,actual_run,shared_proxy_reference,"AI ensemble reference shares source-type, lexical, contract, and/or historical model signals; report as proxy-reference consistency, not independent accuracy"
Class-specific Gate,w/o Class-specific Gate,ET-0114,entity_type,ITOPIC-7ee9a9eba134caea7fc46055,ValueFacet,ValueFacet,1,1,0.989304184914,actual_run,shared_proxy_reference,"AI ensemble reference shares source-type, lexical, contract, and/or historical model signals; report as proxy-reference consistency, not independent accuracy"
Independent Signal Agreement,w/o Independent Signal Agreement,ET-0114,entity_type,ITOPIC-7ee9a9eba134caea7fc46055,ValueFacet,ValueFacet,1,1,0.989304184914,actual_run,shared_proxy_reference,"AI ensemble reference shares source-type, lexical, contract, and/or historical model signals; report as proxy-reference consistency, not independent accuracy"
Abstention,w/o Abstention,ET-0114,entity_type,ITOPIC-7ee9a9eba134caea7fc46055,ValueFacet,ValueFacet,1,1,0.989304184914,actual_run,shared_proxy_reference,"AI ensemble reference shares source-type, lexical, contract, and/or historical model signals; report as proxy-reference consistency, not independent accuracy"
Full classifier,Full selective classifier,ET-0115,entity_type,IENT-b22235078909873e4571fdee,ABSTAIN,Place,0,0,0.900363147259,actual_run,shared_proxy_reference,"AI ensemble reference shares source-type, lexical, contract, and/or historical model signals; report as proxy-reference consistency, not independent accuracy"
Class-specific Gate,w/o Class-specific Gate,ET-0115,entity_type,IENT-b22235078909873e4571fdee,ABSTAIN,Place,0,0,0.900363147259,actual_run,shared_proxy_reference,"AI ensemble reference shares source-type, lexical, contract, and/or historical model signals; report as proxy-reference consistency, not independent accuracy"
Independent Signal Agreement,w/o Independent Signal Agreement,ET-0115,entity_type,IENT-b22235078909873e4571fdee,Place,Place,1,1,0.900363147259,actual_run,shared_proxy_reference,"AI ensemble reference shares source-type, lexical, contract, and/or historical model signals; report as proxy-reference consistency, not independent accuracy"
Abstention,w/o Abstention,ET-0115,entity_type,IENT-b22235078909873e4571fdee,Place,Place,1,1,0.900363147259,actual_run,shared_proxy_reference,"AI ensemble reference shares source-type, lexical, contract, and/or historical model signals; report as proxy-reference consistency, not independent accuracy"
Full classifier,Full selective classifier,ET-0116,entity_type,IENT-162c01dda7523140c8885fef,ABSTAIN,Organization,0,0,0.911561250687,actual_run,shared_proxy_reference,"AI ensemble reference shares source-type, lexical, contract, and/or historical model signals; report as proxy-reference consistency, not independent accuracy"
Class-specific Gate,w/o Class-specific Gate,ET-0116,entity_type,IENT-162c01dda7523140c8885fef,ABSTAIN,Organization,0,0,0.911561250687,actual_run,shared_proxy_reference,"AI ensemble reference shares source-type, lexical, contract, and/or historical model signals; report as proxy-reference consistency, not independent accuracy"
Independent Signal Agreement,w/o Independent Signal Agreement,ET-0116,entity_type,IENT-162c01dda7523140c8885fef,Place,Organization,1,0,0.911561250687,actual_run,shared_proxy_reference,"AI ensemble reference shares source-type, lexical, contract, and/or historical model signals; report as proxy-reference consistency, not independent accuracy"
Abstention,w/o Abstention,ET-0116,entity_type,IENT-162c01dda7523140c8885fef,Place,Organization,1,0,0.911561250687,actual_run,shared_proxy_reference,"AI ensemble reference shares source-type, lexical, contract, and/or historical model signals; report as proxy-reference consistency, not independent accuracy"
Full classifier,Full selective classifier,ET-0117,entity_type,IENT-69849635790171f4aacc65fb,ABSTAIN,TimePeriod,0,0,0.881192684174,actual_run,shared_proxy_reference,"AI ensemble reference shares source-type, lexical, contract, and/or historical model signals; report as proxy-reference consistency, not independent accuracy"
Class-specific Gate,w/o Class-specific Gate,ET-0117,entity_type,IENT-69849635790171f4aacc65fb,ABSTAIN,TimePeriod,0,0,0.881192684174,actual_run,shared_proxy_reference,"AI ensemble reference shares source-type, lexical, contract, and/or historical model signals; report as proxy-reference consistency, not independent accuracy"
Independent Signal Agreement,w/o Independent Signal Agreement,ET-0117,entity_type,IENT-69849635790171f4aacc65fb,ABSTAIN,TimePeriod,0,0,0.881192684174,actual_run,shared_proxy_reference,"AI ensemble reference shares source-type, lexical, contract, and/or historical model signals; report as proxy-reference consistency, not independent accuracy"
Abstention,w/o Abstention,ET-0117,entity_type,IENT-69849635790171f4aacc65fb,TimePeriod,TimePeriod,1,1,0.881192684174,actual_run,shared_proxy_reference,"AI ensemble reference shares source-type, lexical, contract, and/or historical model signals; report as proxy-reference consistency, not independent accuracy"
Full classifier,Full selective classifier,ET-0119,entity_type,IENT-edbe7eeb5c05cfb44d6a1795,Event,Event,1,1,0.920736074448,actual_run,shared_proxy_reference,"AI ensemble reference shares source-type, lexical, contract, and/or historical model signals; report as proxy-reference consistency, not independent accuracy"
Class-specific Gate,w/o Class-specific Gate,ET-0119,entity_type,IENT-edbe7eeb5c05cfb44d6a1795,Event,Event,1,1,0.920736074448,actual_run,shared_proxy_reference,"AI ensemble reference shares source-type, lexical, contract, and/or historical model signals; report as proxy-reference consistency, not independent accuracy"
Independent Signal Agreement,w/o Independent Signal Agreement,ET-0119,entity_type,IENT-edbe7eeb5c05cfb44d6a1795,Event,Event,1,1,0.920736074448,actual_run,shared_proxy_reference,"AI ensemble reference shares source-type, lexical, contract, and/or historical model signals; report as proxy-reference consistency, not independent accuracy"
Abstention,w/o Abstention,ET-0119,entity_type,IENT-edbe7eeb5c05cfb44d6a1795,Event,Event,1,1,0.920736074448,actual_run,shared_proxy_reference,"AI ensemble reference shares source-type, lexical, contract, and/or historical model signals; report as proxy-reference consistency, not independent accuracy"
Full classifier,Full selective classifier,ET-0120,entity_type,IENT-1a2ed0de060d41d87d9ff296,Organization,Organization,1,1,0.987490653992,actual_run,shared_proxy_reference,"AI ensemble reference shares source-type, lexical, contract, and/or historical model signals; report as proxy-reference consistency, not independent accuracy"
Class-specific Gate,w/o Class-specific Gate,ET-0120,entity_type,IENT-1a2ed0de060d41d87d9ff296,Organization,Organization,1,1,0.987490653992,actual_run,shared_proxy_reference,"AI ensemble reference shares source-type, lexical, contract, and/or historical model signals; report as proxy-reference consistency, not independent accuracy"
Independent Signal Agreement,w/o Independent Signal Agreement,ET-0120,entity_type,IENT-1a2ed0de060d41d87d9ff296,Organization,Organization,1,1,0.987490653992,actual_run,shared_proxy_reference,"AI ensemble reference shares source-type, lexical, contract, and/or historical model signals; report as proxy-reference consistency, not independent accuracy"
Abstention,w/o Abstention,ET-0120,entity_type,IENT-1a2ed0de060d41d87d9ff296,Organization,Organization,1,1,0.987490653992,actual_run,shared_proxy_reference,"AI ensemble reference shares source-type, lexical, contract, and/or historical model signals; report as proxy-reference consistency, not independent accuracy"
Full classifier,Full selective classifier,ET-0121,entity_type,IENT-d51bfe53a083d367a78631a0,ABSTAIN,Person,0,0,0.949221014977,actual_run,shared_proxy_reference,"AI ensemble reference shares source-type, lexical, contract, and/or historical model signals; report as proxy-reference consistency, not independent accuracy"
Class-specific Gate,w/o Class-specific Gate,ET-0121,entity_type,IENT-d51bfe53a083d367a78631a0,ABSTAIN,Person,0,0,0.949221014977,actual_run,shared_proxy_reference,"AI ensemble reference shares source-type, lexical, contract, and/or historical model signals; report as proxy-reference consistency, not independent accuracy"
Independent Signal Agreement,w/o Independent Signal Agreement,ET-0121,entity_type,IENT-d51bfe53a083d367a78631a0,Person,Person,1,1,0.949221014977,actual_run,shared_proxy_reference,"AI ensemble reference shares source-type, lexical, contract, and/or historical model signals; report as proxy-reference consistency, not independent accuracy"
Abstention,w/o Abstention,ET-0121,entity_type,IENT-d51bfe53a083d367a78631a0,Person,Person,1,1,0.949221014977,actual_run,shared_proxy_reference,"AI ensemble reference shares source-type, lexical, contract, and/or historical model signals; report as proxy-reference consistency, not independent accuracy"
Full classifier,Full selective classifier,ET-0122,entity_type,IENT-1ce205c5b0b60c36e78a5c3a,ABSTAIN,Person,0,0,0.806377530098,actual_run,shared_proxy_reference,"AI ensemble reference shares source-type, lexical, contract, and/or historical model signals; report as proxy-reference consistency, not independent accuracy"
Class-specific Gate,w/o Class-specific Gate,ET-0122,entity_type,IENT-1ce205c5b0b60c36e78a5c3a,ABSTAIN,Person,0,0,0.806377530098,actual_run,shared_proxy_reference,"AI ensemble reference shares source-type, lexical, contract, and/or historical model signals; report as proxy-reference consistency, not independent accuracy"
Independent Signal Agreement,w/o Independent Signal Agreement,ET-0122,entity_type,IENT-1ce205c5b0b60c36e78a5c3a,ABSTAIN,Person,0,0,0.806377530098,actual_run,shared_proxy_reference,"AI ensemble reference shares source-type, lexical, contract, and/or historical model signals; report as proxy-reference consistency, not independent accuracy"
Abstention,w/o Abstention,ET-0122,entity_type,IENT-1ce205c5b0b60c36e78a5c3a,Person,Person,1,1,0.806377530098,actual_run,shared_proxy_reference,"AI ensemble reference shares source-type, lexical, contract, and/or historical model signals; report as proxy-reference consistency, not independent accuracy"
Full classifier,Full selective classifier,ET-0123,entity_type,IENT-e5a66b5c82352bec54716504,ABSTAIN,Place,0,0,0.74024027586,actual_run,shared_proxy_reference,"AI ensemble reference shares source-type, lexical, contract, and/or historical model signals; report as proxy-reference consistency, not independent accuracy"
Class-specific Gate,w/o Class-specific Gate,ET-0123,entity_type,IENT-e5a66b5c82352bec54716504,ABSTAIN,Place,0,0,0.74024027586,actual_run,shared_proxy_reference,"AI ensemble reference shares source-type, lexical, contract, and/or historical model signals; report as proxy-reference consistency, not independent accuracy"
Independent Signal Agreement,w/o Independent Signal Agreement,ET-0123,entity_type,IENT-e5a66b5c82352bec54716504,ABSTAIN,Place,0,0,0.74024027586,actual_run,shared_proxy_reference,"AI ensemble reference shares source-type, lexical, contract, and/or historical model signals; report as proxy-reference consistency, not independent accuracy"
Abstention,w/o Abstention,ET-0123,entity_type,IENT-e5a66b5c82352bec54716504,Institution,Place,1,0,0.74024027586,actual_run,shared_proxy_reference,"AI ensemble reference shares source-type, lexical, contract, and/or historical model signals; report as proxy-reference consistency, not independent accuracy"
Full classifier,Full selective classifier,ET-0124,entity_type,IENT-05d7faa17f24e6c6dbd793cc,Event,Event,1,1,0.974644601345,actual_run,shared_proxy_reference,"AI ensemble reference shares source-type, lexical, contract, and/or historical model signals; report as proxy-reference consistency, not independent accuracy"
Class-specific Gate,w/o Class-specific Gate,ET-0124,entity_type,IENT-05d7faa17f24e6c6dbd793cc,Event,Event,1,1,0.974644601345,actual_run,shared_proxy_reference,"AI ensemble reference shares source-type, lexical, contract, and/or historical model signals; report as proxy-reference consistency, not independent accuracy"
Independent Signal Agreement,w/o Independent Signal Agreement,ET-0124,entity_type,IENT-05d7faa17f24e6c6dbd793cc,Event,Event,1,1,0.974644601345,actual_run,shared_proxy_reference,"AI ensemble reference shares source-type, lexical, contract, and/or historical model signals; report as proxy-reference consistency, not independent accuracy"
Abstention,w/o Abstention,ET-0124,entity_type,IENT-05d7faa17f24e6c6dbd793cc,Event,Event,1,1,0.974644601345,actual_run,shared_proxy_reference,"AI ensemble reference shares source-type, lexical, contract, and/or historical model signals; report as proxy-reference consistency, not independent accuracy"
Full classifier,Full selective classifier,ET-0125,entity_type,IENT-0518fea40388420335f7a784,ABSTAIN,Person,0,0,0.995608448982,actual_run,shared_proxy_reference,"AI ensemble reference shares source-type, lexical, contract, and/or historical model signals; report as proxy-reference consistency, not independent accuracy"
Class-specific Gate,w/o Class-specific Gate,ET-0125,entity_type,IENT-0518fea40388420335f7a784,ABSTAIN,Person,0,0,0.995608448982,actual_run,shared_proxy_reference,"AI ensemble reference shares source-type, lexical, contract, and/or historical model signals; report as proxy-reference consistency, not independent accuracy"
Independent Signal Agreement,w/o Independent Signal Agreement,ET-0125,entity_type,IENT-0518fea40388420335f7a784,Person,Person,1,1,0.995608448982,actual_run,shared_proxy_reference,"AI ensemble reference shares source-type, lexical, contract, and/or historical model signals; report as proxy-reference consistency, not independent accuracy"
Abstention,w/o Abstention,ET-0125,entity_type,IENT-0518fea40388420335f7a784,Person,Person,1,1,0.995608448982,actual_run,shared_proxy_reference,"AI ensemble reference shares source-type, lexical, contract, and/or historical model signals; report as proxy-reference consistency, not independent accuracy"
Full classifier,Full selective classifier,ET-0126,entity_type,IENT-3bd847dd2ae169e1a407ca26,ABSTAIN,Person,0,0,0.993408322334,actual_run,shared_proxy_reference,"AI ensemble reference shares source-type, lexical, contract, and/or historical model signals; report as proxy-reference consistency, not independent accuracy"
Class-specific Gate,w/o Class-specific Gate,ET-0126,entity_type,IENT-3bd847dd2ae169e1a407ca26,ABSTAIN,Person,0,0,0.993408322334,actual_run,shared_proxy_reference,"AI ensemble reference shares source-type, lexical, contract, and/or historical model signals; report as proxy-reference consistency, not independent accuracy"
Independent Signal Agreement,w/o Independent Signal Agreement,ET-0126,entity_type,IENT-3bd847dd2ae169e1a407ca26,Person,Person,1,1,0.993408322334,actual_run,shared_proxy_reference,"AI ensemble reference shares source-type, lexical, contract, and/or historical model signals; report as proxy-reference consistency, not independent accuracy"
Abstention,w/o Abstention,ET-0126,entity_type,IENT-3bd847dd2ae169e1a407ca26,Person,Person,1,1,0.993408322334,actual_run,shared_proxy_reference,"AI ensemble reference shares source-type, lexical, contract, and/or historical model signals; report as proxy-reference consistency, not independent accuracy"
Full classifier,Full selective classifier,ET-0127,entity_type,IENT-5d45bfbaa053df750e72ed5b,ABSTAIN,Person,0,0,0.998053193092,actual_run,shared_proxy_reference,"AI ensemble reference shares source-type, lexical, contract, and/or historical model signals; report as proxy-reference consistency, not independent accuracy"
Class-specific Gate,w/o Class-specific Gate,ET-0127,entity_type,IENT-5d45bfbaa053df750e72ed5b,ABSTAIN,Person,0,0,0.998053193092,actual_run,shared_proxy_reference,"AI ensemble reference shares source-type, lexical, contract, and/or historical model signals; report as proxy-reference consistency, not independent accuracy"
Independent Signal Agreement,w/o Independent Signal Agreement,ET-0127,entity_type,IENT-5d45bfbaa053df750e72ed5b,Person,Person,1,1,0.998053193092,actual_run,shared_proxy_reference,"AI ensemble reference shares source-type, lexical, contract, and/or historical model signals; report as proxy-reference consistency, not independent accuracy"
Abstention,w/o Abstention,ET-0127,entity_type,IENT-5d45bfbaa053df750e72ed5b,Person,Person,1,1,0.998053193092,actual_run,shared_proxy_reference,"AI ensemble reference shares source-type, lexical, contract, and/or historical model signals; report as proxy-reference consistency, not independent accuracy"
Full classifier,Full selective classifier,ET-0128,entity_type,IENT-a476ec5387b196d068ebdd33,Organization,Organization,1,1,0.984948039055,actual_run,shared_proxy_reference,"AI ensemble reference shares source-type, lexical, contract, and/or historical model signals; report as proxy-reference consistency, not independent accuracy"
Class-specific Gate,w/o Class-specific Gate,ET-0128,entity_type,IENT-a476ec5387b196d068ebdd33,Organization,Organization,1,1,0.984948039055,actual_run,shared_proxy_reference,"AI ensemble reference shares source-type, lexical, contract, and/or historical model signals; report as proxy-reference consistency, not independent accuracy"
Independent Signal Agreement,w/o Independent Signal Agreement,ET-0128,entity_type,IENT-a476ec5387b196d068ebdd33,Organization,Organization,1,1,0.984948039055,actual_run,shared_proxy_reference,"AI ensemble reference shares source-type, lexical, contract, and/or historical model signals; report as proxy-reference consistency, not independent accuracy"
Abstention,w/o Abstention,ET-0128,entity_type,IENT-a476ec5387b196d068ebdd33,Organization,Organization,1,1,0.984948039055,actual_run,shared_proxy_reference,"AI ensemble reference shares source-type, lexical, contract, and/or historical model signals; report as proxy-reference consistency, not independent accuracy"
Full classifier,Full selective classifier,ET-0131,entity_type,IENT-52d5224da1a546cbed2a6427,ABSTAIN,Event,0,0,0.730915367603,actual_run,shared_proxy_reference,"AI ensemble reference shares source-type, lexical, contract, and/or historical model signals; report as proxy-reference consistency, not independent accuracy"
Class-specific Gate,w/o Class-specific Gate,ET-0131,entity_type,IENT-52d5224da1a546cbed2a6427,ABSTAIN,Event,0,0,0.730915367603,actual_run,shared_proxy_reference,"AI ensemble reference shares source-type, lexical, contract, and/or historical model signals; report as proxy-reference consistency, not independent accuracy"
Independent Signal Agreement,w/o Independent Signal Agreement,ET-0131,entity_type,IENT-52d5224da1a546cbed2a6427,ABSTAIN,Event,0,0,0.730915367603,actual_run,shared_proxy_reference,"AI ensemble reference shares source-type, lexical, contract, and/or historical model signals; report as proxy-reference consistency, not independent accuracy"
Abstention,w/o Abstention,ET-0131,entity_type,IENT-52d5224da1a546cbed2a6427,Artifact,Event,1,0,0.730915367603,actual_run,shared_proxy_reference,"AI ensemble reference shares source-type, lexical, contract, and/or historical model signals; report as proxy-reference consistency, not independent accuracy"
Full classifier,Full selective classifier,ET-0133,entity_type,IENT-40904e6fcda4d6c8fa3f8641,ABSTAIN,Person,0,0,0.984107494354,actual_run,shared_proxy_reference,"AI ensemble reference shares source-type, lexical, contract, and/or historical model signals; report as proxy-reference consistency, not independent accuracy"
Class-specific Gate,w/o Class-specific Gate,ET-0133,entity_type,IENT-40904e6fcda4d6c8fa3f8641,ABSTAIN,Person,0,0,0.984107494354,actual_run,shared_proxy_reference,"AI ensemble reference shares source-type, lexical, contract, and/or historical model signals; report as proxy-reference consistency, not independent accuracy"
Independent Signal Agreement,w/o Independent Signal Agreement,ET-0133,entity_type,IENT-40904e6fcda4d6c8fa3f8641,Person,Person,1,1,0.984107494354,actual_run,shared_proxy_reference,"AI ensemble reference shares source-type, lexical, contract, and/or historical model signals; report as proxy-reference consistency, not independent accuracy"
Abstention,w/o Abstention,ET-0133,entity_type,IENT-40904e6fcda4d6c8fa3f8641,Person,Person,1,1,0.984107494354,actual_run,shared_proxy_reference,"AI ensemble reference shares source-type, lexical, contract, and/or historical model signals; report as proxy-reference consistency, not independent accuracy"
Full classifier,Full selective classifier,ET-0134,entity_type,IENT-e41e67cb1742ac2a375fe4d0,Event,Event,1,1,0.99789750576,actual_run,shared_proxy_reference,"AI ensemble reference shares source-type, lexical, contract, and/or historical model signals; report as proxy-reference consistency, not independent accuracy"
Class-specific Gate,w/o Class-specific Gate,ET-0134,entity_type,IENT-e41e67cb1742ac2a375fe4d0,Event,Event,1,1,0.99789750576,actual_run,shared_proxy_reference,"AI ensemble reference shares source-type, lexical, contract, and/or historical model signals; report as proxy-reference consistency, not independent accuracy"
Independent Signal Agreement,w/o Independent Signal Agreement,ET-0134,entity_type,IENT-e41e67cb1742ac2a375fe4d0,Event,Event,1,1,0.99789750576,actual_run,shared_proxy_reference,"AI ensemble reference shares source-type, lexical, contract, and/or historical model signals; report as proxy-reference consistency, not independent accuracy"
Abstention,w/o Abstention,ET-0134,entity_type,IENT-e41e67cb1742ac2a375fe4d0,Event,Event,1,1,0.99789750576,actual_run,shared_proxy_reference,"AI ensemble reference shares source-type, lexical, contract, and/or historical model signals; report as proxy-reference consistency, not independent accuracy"
Full classifier,Full selective classifier,ET-0135,entity_type,IENT-905354724239356a0612bf8e,Event,Event,1,1,0.997667014599,actual_run,shared_proxy_reference,"AI ensemble reference shares source-type, lexical, contract, and/or historical model signals; report as proxy-reference consistency, not independent accuracy"
Class-specific Gate,w/o Class-specific Gate,ET-0135,entity_type,IENT-905354724239356a0612bf8e,Event,Event,1,1,0.997667014599,actual_run,shared_proxy_reference,"AI ensemble reference shares source-type, lexical, contract, and/or historical model signals; report as proxy-reference consistency, not independent accuracy"
Independent Signal Agreement,w/o Independent Signal Agreement,ET-0135,entity_type,IENT-905354724239356a0612bf8e,Event,Event,1,1,0.997667014599,actual_run,shared_proxy_reference,"AI ensemble reference shares source-type, lexical, contract, and/or historical model signals; report as proxy-reference consistency, not independent accuracy"
Abstention,w/o Abstention,ET-0135,entity_type,IENT-905354724239356a0612bf8e,Event,Event,1,1,0.997667014599,actual_run,shared_proxy_reference,"AI ensemble reference shares source-type, lexical, contract, and/or historical model signals; report as proxy-reference consistency, not independent accuracy"
Full classifier,Full selective classifier,ET-0136,entity_type,IENT-babbefec3af753d3dc81fc1a,Organization,Organization,1,1,0.964880824089,actual_run,shared_proxy_reference,"AI ensemble reference shares source-type, lexical, contract, and/or historical model signals; report as proxy-reference consistency, not independent accuracy"
Class-specific Gate,w/o Class-specific Gate,ET-0136,entity_type,IENT-babbefec3af753d3dc81fc1a,Organization,Organization,1,1,0.964880824089,actual_run,shared_proxy_reference,"AI ensemble reference shares source-type, lexical, contract, and/or historical model signals; report as proxy-reference consistency, not independent accuracy"
Independent Signal Agreement,w/o Independent Signal Agreement,ET-0136,entity_type,IENT-babbefec3af753d3dc81fc1a,Organization,Organization,1,1,0.964880824089,actual_run,shared_proxy_reference,"AI ensemble reference shares source-type, lexical, contract, and/or historical model signals; report as proxy-reference consistency, not independent accuracy"
Abstention,w/o Abstention,ET-0136,entity_type,IENT-babbefec3af753d3dc81fc1a,Organization,Organization,1,1,0.964880824089,actual_run,shared_proxy_reference,"AI ensemble reference shares source-type, lexical, contract, and/or historical model signals; report as proxy-reference consistency, not independent accuracy"
Full classifier,Full selective classifier,ET-0137,entity_type,IENT-cdc3029326d2a1970a842b45,ABSTAIN,Person,0,0,0.809565603733,actual_run,shared_proxy_reference,"AI ensemble reference shares source-type, lexical, contract, and/or historical model signals; report as proxy-reference consistency, not independent accuracy"
Class-specific Gate,w/o Class-specific Gate,ET-0137,entity_type,IENT-cdc3029326d2a1970a842b45,ABSTAIN,Person,0,0,0.809565603733,actual_run,shared_proxy_reference,"AI ensemble reference shares source-type, lexical, contract, and/or historical model signals; report as proxy-reference consistency, not independent accuracy"
Independent Signal Agreement,w/o Independent Signal Agreement,ET-0137,entity_type,IENT-cdc3029326d2a1970a842b45,ABSTAIN,Person,0,0,0.809565603733,actual_run,shared_proxy_reference,"AI ensemble reference shares source-type, lexical, contract, and/or historical model signals; report as proxy-reference consistency, not independent accuracy"
Abstention,w/o Abstention,ET-0137,entity_type,IENT-cdc3029326d2a1970a842b45,Person,Person,1,1,0.809565603733,actual_run,shared_proxy_reference,"AI ensemble reference shares source-type, lexical, contract, and/or historical model signals; report as proxy-reference consistency, not independent accuracy"
Full classifier,Full selective classifier,ET-0138,entity_type,IENT-faf1e4169264fb34359ebea2,ABSTAIN,Artifact,0,0,0.612259328365,actual_run,shared_proxy_reference,"AI ensemble reference shares source-type, lexical, contract, and/or historical model signals; report as proxy-reference consistency, not independent accuracy"
Class-specific Gate,w/o Class-specific Gate,ET-0138,entity_type,IENT-faf1e4169264fb34359ebea2,ABSTAIN,Artifact,0,0,0.612259328365,actual_run,shared_proxy_reference,"AI ensemble reference shares source-type, lexical, contract, and/or historical model signals; report as proxy-reference consistency, not independent accuracy"
Independent Signal Agreement,w/o Independent Signal Agreement,ET-0138,entity_type,IENT-faf1e4169264fb34359ebea2,ABSTAIN,Artifact,0,0,0.612259328365,actual_run,shared_proxy_reference,"AI ensemble reference shares source-type, lexical, contract, and/or historical model signals; report as proxy-reference consistency, not independent accuracy"
Abstention,w/o Abstention,ET-0138,entity_type,IENT-faf1e4169264fb34359ebea2,Artifact,Artifact,1,1,0.612259328365,actual_run,shared_proxy_reference,"AI ensemble reference shares source-type, lexical, contract, and/or historical model signals; report as proxy-reference consistency, not independent accuracy"
Full classifier,Full selective classifier,ET-0140,entity_type,IENT-74022ba90a2f5053ca4d478a,ABSTAIN,Person,0,0,0.997027993202,actual_run,shared_proxy_reference,"AI ensemble reference shares source-type, lexical, contract, and/or historical model signals; report as proxy-reference consistency, not independent accuracy"
Class-specific Gate,w/o Class-specific Gate,ET-0140,entity_type,IENT-74022ba90a2f5053ca4d478a,ABSTAIN,Person,0,0,0.997027993202,actual_run,shared_proxy_reference,"AI ensemble reference shares source-type, lexical, contract, and/or historical model signals; report as proxy-reference consistency, not independent accuracy"
Independent Signal Agreement,w/o Independent Signal Agreement,ET-0140,entity_type,IENT-74022ba90a2f5053ca4d478a,Person,Person,1,1,0.997027993202,actual_run,shared_proxy_reference,"AI ensemble reference shares source-type, lexical, contract, and/or historical model signals; report as proxy-reference consistency, not independent accuracy"
Abstention,w/o Abstention,ET-0140,entity_type,IENT-74022ba90a2f5053ca4d478a,Person,Person,1,1,0.997027993202,actual_run,shared_proxy_reference,"AI ensemble reference shares source-type, lexical, contract, and/or historical model signals; report as proxy-reference consistency, not independent accuracy"
Full classifier,Full selective classifier,ET-0141,entity_type,IENT-3f4e2ab2d9f457623cc4389d,ABSTAIN,Place,0,0,0.88292080164,actual_run,shared_proxy_reference,"AI ensemble reference shares source-type, lexical, contract, and/or historical model signals; report as proxy-reference consistency, not independent accuracy"
Class-specific Gate,w/o Class-specific Gate,ET-0141,entity_type,IENT-3f4e2ab2d9f457623cc4389d,ABSTAIN,Place,0,0,0.88292080164,actual_run,shared_proxy_reference,"AI ensemble reference shares source-type, lexical, contract, and/or historical model signals; report as proxy-reference consistency, not independent accuracy"
Independent Signal Agreement,w/o Independent Signal Agreement,ET-0141,entity_type,IENT-3f4e2ab2d9f457623cc4389d,ABSTAIN,Place,0,0,0.88292080164,actual_run,shared_proxy_reference,"AI ensemble reference shares source-type, lexical, contract, and/or historical model signals; report as proxy-reference consistency, not independent accuracy"
Abstention,w/o Abstention,ET-0141,entity_type,IENT-3f4e2ab2d9f457623cc4389d,Place,Place,1,1,0.88292080164,actual_run,shared_proxy_reference,"AI ensemble reference shares source-type, lexical, contract, and/or historical model signals; report as proxy-reference consistency, not independent accuracy"
Full classifier,Full selective classifier,ET-0142,entity_type,IENT-4514e86442d50fa5288fd683,ABSTAIN,Place,0,0,0.72399866581,actual_run,shared_proxy_reference,"AI ensemble reference shares source-type, lexical, contract, and/or historical model signals; report as proxy-reference consistency, not independent accuracy"
Class-specific Gate,w/o Class-specific Gate,ET-0142,entity_type,IENT-4514e86442d50fa5288fd683,ABSTAIN,Place,0,0,0.72399866581,actual_run,shared_proxy_reference,"AI ensemble reference shares source-type, lexical, contract, and/or historical model signals; report as proxy-reference consistency, not independent accuracy"
Independent Signal Agreement,w/o Independent Signal Agreement,ET-0142,entity_type,IENT-4514e86442d50fa5288fd683,ABSTAIN,Place,0,0,0.72399866581,actual_run,shared_proxy_reference,"AI ensemble reference shares source-type, lexical, contract, and/or historical model signals; report as proxy-reference consistency, not independent accuracy"
Abstention,w/o Abstention,ET-0142,entity_type,IENT-4514e86442d50fa5288fd683,Place,Place,1,1,0.72399866581,actual_run,shared_proxy_reference,"AI ensemble reference shares source-type, lexical, contract, and/or historical model signals; report as proxy-reference consistency, not independent accuracy"
Full classifier,Full selective classifier,ET-0143,entity_type,IENT-b6b1db41000243d5b1c46573,ABSTAIN,Person,0,0,0.662443578243,actual_run,shared_proxy_reference,"AI ensemble reference shares source-type, lexical, contract, and/or historical model signals; report as proxy-reference consistency, not independent accuracy"
Class-specific Gate,w/o Class-specific Gate,ET-0143,entity_type,IENT-b6b1db41000243d5b1c46573,ABSTAIN,Person,0,0,0.662443578243,actual_run,shared_proxy_reference,"AI ensemble reference shares source-type, lexical, contract, and/or historical model signals; report as proxy-reference consistency, not independent accuracy"
Independent Signal Agreement,w/o Independent Signal Agreement,ET-0143,entity_type,IENT-b6b1db41000243d5b1c46573,ABSTAIN,Person,0,0,0.662443578243,actual_run,shared_proxy_reference,"AI ensemble reference shares source-type, lexical, contract, and/or historical model signals; report as proxy-reference consistency, not independent accuracy"
Abstention,w/o Abstention,ET-0143,entity_type,IENT-b6b1db41000243d5b1c46573,Person,Person,1,1,0.662443578243,actual_run,shared_proxy_reference,"AI ensemble reference shares source-type, lexical, contract, and/or historical model signals; report as proxy-reference consistency, not independent accuracy"
Full classifier,Full selective classifier,ET-0144,entity_type,IENT-9f25814db4161e887906834f,ABSTAIN,Event,0,0,0.97644931078,actual_run,shared_proxy_reference,"AI ensemble reference shares source-type, lexical, contract, and/or historical model signals; report as proxy-reference consistency, not independent accuracy"
Class-specific Gate,w/o Class-specific Gate,ET-0144,entity_type,IENT-9f25814db4161e887906834f,ABSTAIN,Event,0,0,0.97644931078,actual_run,shared_proxy_reference,"AI ensemble reference shares source-type, lexical, contract, and/or historical model signals; report as proxy-reference consistency, not independent accuracy"
Independent Signal Agreement,w/o Independent Signal Agreement,ET-0144,entity_type,IENT-9f25814db4161e887906834f,Event,Event,1,1,0.97644931078,actual_run,shared_proxy_reference,"AI ensemble reference shares source-type, lexical, contract, and/or historical model signals; report as proxy-reference consistency, not independent accuracy"
Abstention,w/o Abstention,ET-0144,entity_type,IENT-9f25814db4161e887906834f,Event,Event,1,1,0.97644931078,actual_run,shared_proxy_reference,"AI ensemble reference shares source-type, lexical, contract, and/or historical model signals; report as proxy-reference consistency, not independent accuracy"
Full classifier,Full selective classifier,ET-0145,entity_type,IENT-97984e8d28dcc6d1b26e0d3c,Place,Place,1,1,0.998624145985,actual_run,shared_proxy_reference,"AI ensemble reference shares source-type, lexical, contract, and/or historical model signals; report as proxy-reference consistency, not independent accuracy"
Class-specific Gate,w/o Class-specific Gate,ET-0145,entity_type,IENT-97984e8d28dcc6d1b26e0d3c,Place,Place,1,1,0.998624145985,actual_run,shared_proxy_reference,"AI ensemble reference shares source-type, lexical, contract, and/or historical model signals; report as proxy-reference consistency, not independent accuracy"
Independent Signal Agreement,w/o Independent Signal Agreement,ET-0145,entity_type,IENT-97984e8d28dcc6d1b26e0d3c,Place,Place,1,1,0.998624145985,actual_run,shared_proxy_reference,"AI ensemble reference shares source-type, lexical, contract, and/or historical model signals; report as proxy-reference consistency, not independent accuracy"
Abstention,w/o Abstention,ET-0145,entity_type,IENT-97984e8d28dcc6d1b26e0d3c,Place,Place,1,1,0.998624145985,actual_run,shared_proxy_reference,"AI ensemble reference shares source-type, lexical, contract, and/or historical model signals; report as proxy-reference consistency, not independent accuracy"
Full classifier,Full selective classifier,ET-0147,entity_type,IENT-39620c88ca22c1e0c620b7d0,ABSTAIN,Event,0,0,0.936411380768,actual_run,shared_proxy_reference,"AI ensemble reference shares source-type, lexical, contract, and/or historical model signals; report as proxy-reference consistency, not independent accuracy"
Class-specific Gate,w/o Class-specific Gate,ET-0147,entity_type,IENT-39620c88ca22c1e0c620b7d0,ABSTAIN,Event,0,0,0.936411380768,actual_run,shared_proxy_reference,"AI ensemble reference shares source-type, lexical, contract, and/or historical model signals; report as proxy-reference consistency, not independent accuracy"
Independent Signal Agreement,w/o Independent Signal Agreement,ET-0147,entity_type,IENT-39620c88ca22c1e0c620b7d0,Event,Event,1,1,0.936411380768,actual_run,shared_proxy_reference,"AI ensemble reference shares source-type, lexical, contract, and/or historical model signals; report as proxy-reference consistency, not independent accuracy"
Abstention,w/o Abstention,ET-0147,entity_type,IENT-39620c88ca22c1e0c620b7d0,Event,Event,1,1,0.936411380768,actual_run,shared_proxy_reference,"AI ensemble reference shares source-type, lexical, contract, and/or historical model signals; report as proxy-reference consistency, not independent accuracy"
Full classifier,Full selective classifier,ET-0148,entity_type,IENT-52dbbf79e5b251dbf1964458,ABSTAIN,TimePeriod,0,0,0.943275749683,actual_run,shared_proxy_reference,"AI ensemble reference shares source-type, lexical, contract, and/or historical model signals; report as proxy-reference consistency, not independent accuracy"
Class-specific Gate,w/o Class-specific Gate,ET-0148,entity_type,IENT-52dbbf79e5b251dbf1964458,ABSTAIN,TimePeriod,0,0,0.943275749683,actual_run,shared_proxy_reference,"AI ensemble reference shares source-type, lexical, contract, and/or historical model signals; report as proxy-reference consistency, not independent accuracy"
Independent Signal Agreement,w/o Independent Signal Agreement,ET-0148,entity_type,IENT-52dbbf79e5b251dbf1964458,ABSTAIN,TimePeriod,0,0,0.943275749683,actual_run,shared_proxy_reference,"AI ensemble reference shares source-type, lexical, contract, and/or historical model signals; report as proxy-reference consistency, not independent accuracy"
Abstention,w/o Abstention,ET-0148,entity_type,IENT-52dbbf79e5b251dbf1964458,TimePeriod,TimePeriod,1,1,0.943275749683,actual_run,shared_proxy_reference,"AI ensemble reference shares source-type, lexical, contract, and/or historical model signals; report as proxy-reference consistency, not independent accuracy"
Full classifier,Full selective classifier,ET-0149,entity_type,IENT-6c0c6779cfd3b9d95d58fe6e,ABSTAIN,Person,0,0,0.934503495693,actual_run,shared_proxy_reference,"AI ensemble reference shares source-type, lexical, contract, and/or historical model signals; report as proxy-reference consistency, not independent accuracy"
Class-specific Gate,w/o Class-specific Gate,ET-0149,entity_type,IENT-6c0c6779cfd3b9d95d58fe6e,ABSTAIN,Person,0,0,0.934503495693,actual_run,shared_proxy_reference,"AI ensemble reference shares source-type, lexical, contract, and/or historical model signals; report as proxy-reference consistency, not independent accuracy"
Independent Signal Agreement,w/o Independent Signal Agreement,ET-0149,entity_type,IENT-6c0c6779cfd3b9d95d58fe6e,Person,Person,1,1,0.934503495693,actual_run,shared_proxy_reference,"AI ensemble reference shares source-type, lexical, contract, and/or historical model signals; report as proxy-reference consistency, not independent accuracy"
Abstention,w/o Abstention,ET-0149,entity_type,IENT-6c0c6779cfd3b9d95d58fe6e,Person,Person,1,1,0.934503495693,actual_run,shared_proxy_reference,"AI ensemble reference shares source-type, lexical, contract, and/or historical model signals; report as proxy-reference consistency, not independent accuracy"
Full classifier,Full selective classifier,ET-0152,entity_type,IENT-b2a91ce63c3e1c6c0be6f2eb,ABSTAIN,Person,0,0,0.998420059681,actual_run,shared_proxy_reference,"AI ensemble reference shares source-type, lexical, contract, and/or historical model signals; report as proxy-reference consistency, not independent accuracy"
Class-specific Gate,w/o Class-specific Gate,ET-0152,entity_type,IENT-b2a91ce63c3e1c6c0be6f2eb,ABSTAIN,Person,0,0,0.998420059681,actual_run,shared_proxy_reference,"AI ensemble reference shares source-type, lexical, contract, and/or historical model signals; report as proxy-reference consistency, not independent accuracy"
Independent Signal Agreement,w/o Independent Signal Agreement,ET-0152,entity_type,IENT-b2a91ce63c3e1c6c0be6f2eb,Person,Person,1,1,0.998420059681,actual_run,shared_proxy_reference,"AI ensemble reference shares source-type, lexical, contract, and/or historical model signals; report as proxy-reference consistency, not independent accuracy"
Abstention,w/o Abstention,ET-0152,entity_type,IENT-b2a91ce63c3e1c6c0be6f2eb,Person,Person,1,1,0.998420059681,actual_run,shared_proxy_reference,"AI ensemble reference shares source-type, lexical, contract, and/or historical model signals; report as proxy-reference consistency, not independent accuracy"
Full classifier,Full selective classifier,ET-0153,entity_type,IENT-150e8cc759b1129d5edbb919,Event,Event,1,1,0.995390236378,actual_run,shared_proxy_reference,"AI ensemble reference shares source-type, lexical, contract, and/or historical model signals; report as proxy-reference consistency, not independent accuracy"
Class-specific Gate,w/o Class-specific Gate,ET-0153,entity_type,IENT-150e8cc759b1129d5edbb919,Event,Event,1,1,0.995390236378,actual_run,shared_proxy_reference,"AI ensemble reference shares source-type, lexical, contract, and/or historical model signals; report as proxy-reference consistency, not independent accuracy"
Independent Signal Agreement,w/o Independent Signal Agreement,ET-0153,entity_type,IENT-150e8cc759b1129d5edbb919,Event,Event,1,1,0.995390236378,actual_run,shared_proxy_reference,"AI ensemble reference shares source-type, lexical, contract, and/or historical model signals; report as proxy-reference consistency, not independent accuracy"
Abstention,w/o Abstention,ET-0153,entity_type,IENT-150e8cc759b1129d5edbb919,Event,Event,1,1,0.995390236378,actual_run,shared_proxy_reference,"AI ensemble reference shares source-type, lexical, contract, and/or historical model signals; report as proxy-reference consistency, not independent accuracy"
Full classifier,Full selective classifier,ET-0154,entity_type,IENT-837807ba4358a77bb37d5dbd,Event,Event,1,1,0.994214117527,actual_run,shared_proxy_reference,"AI ensemble reference shares source-type, lexical, contract, and/or historical model signals; report as proxy-reference consistency, not independent accuracy"
Class-specific Gate,w/o Class-specific Gate,ET-0154,entity_type,IENT-837807ba4358a77bb37d5dbd,Event,Event,1,1,0.994214117527,actual_run,shared_proxy_reference,"AI ensemble reference shares source-type, lexical, contract, and/or historical model signals; report as proxy-reference consistency, not independent accuracy"
Independent Signal Agreement,w/o Independent Signal Agreement,ET-0154,entity_type,IENT-837807ba4358a77bb37d5dbd,Event,Event,1,1,0.994214117527,actual_run,shared_proxy_reference,"AI ensemble reference shares source-type, lexical, contract, and/or historical model signals; report as proxy-reference consistency, not independent accuracy"
Abstention,w/o Abstention,ET-0154,entity_type,IENT-837807ba4358a77bb37d5dbd,Event,Event,1,1,0.994214117527,actual_run,shared_proxy_reference,"AI ensemble reference shares source-type, lexical, contract, and/or historical model signals; report as proxy-reference consistency, not independent accuracy"
Full classifier,Full selective classifier,ET-0155,entity_type,IENT-8fb496d350535439d1e3d58d,Organization,Organization,1,1,0.988335251808,actual_run,shared_proxy_reference,"AI ensemble reference shares source-type, lexical, contract, and/or historical model signals; report as proxy-reference consistency, not independent accuracy"
Class-specific Gate,w/o Class-specific Gate,ET-0155,entity_type,IENT-8fb496d350535439d1e3d58d,Organization,Organization,1,1,0.988335251808,actual_run,shared_proxy_reference,"AI ensemble reference shares source-type, lexical, contract, and/or historical model signals; report as proxy-reference consistency, not independent accuracy"
Independent Signal Agreement,w/o Independent Signal Agreement,ET-0155,entity_type,IENT-8fb496d350535439d1e3d58d,Organization,Organization,1,1,0.988335251808,actual_run,shared_proxy_reference,"AI ensemble reference shares source-type, lexical, contract, and/or historical model signals; report as proxy-reference consistency, not independent accuracy"
Abstention,w/o Abstention,ET-0155,entity_type,IENT-8fb496d350535439d1e3d58d,Organization,Organization,1,1,0.988335251808,actual_run,shared_proxy_reference,"AI ensemble reference shares source-type, lexical, contract, and/or historical model signals; report as proxy-reference consistency, not independent accuracy"
Full classifier,Full selective classifier,ET-0156,entity_type,IENT-0ef46cdeac8fbec9ff7488f7,ABSTAIN,Document,0,0,0.946605920792,actual_run,shared_proxy_reference,"AI ensemble reference shares source-type, lexical, contract, and/or historical model signals; report as proxy-reference consistency, not independent accuracy"
Class-specific Gate,w/o Class-specific Gate,ET-0156,entity_type,IENT-0ef46cdeac8fbec9ff7488f7,ABSTAIN,Document,0,0,0.946605920792,actual_run,shared_proxy_reference,"AI ensemble reference shares source-type, lexical, contract, and/or historical model signals; report as proxy-reference consistency, not independent accuracy"
Independent Signal Agreement,w/o Independent Signal Agreement,ET-0156,entity_type,IENT-0ef46cdeac8fbec9ff7488f7,Document,Document,1,1,0.946605920792,actual_run,shared_proxy_reference,"AI ensemble reference shares source-type, lexical, contract, and/or historical model signals; report as proxy-reference consistency, not independent accuracy"
Abstention,w/o Abstention,ET-0156,entity_type,IENT-0ef46cdeac8fbec9ff7488f7,Document,Document,1,1,0.946605920792,actual_run,shared_proxy_reference,"AI ensemble reference shares source-type, lexical, contract, and/or historical model signals; report as proxy-reference consistency, not independent accuracy"
Full classifier,Full selective classifier,ET-0157,entity_type,ITOPIC-feaeefdcecac4d8fc904b071,ABSTAIN,Concept,0,0,0.983397424221,actual_run,shared_proxy_reference,"AI ensemble reference shares source-type, lexical, contract, and/or historical model signals; report as proxy-reference consistency, not independent accuracy"
Class-specific Gate,w/o Class-specific Gate,ET-0157,entity_type,ITOPIC-feaeefdcecac4d8fc904b071,ABSTAIN,Concept,0,0,0.983397424221,actual_run,shared_proxy_reference,"AI ensemble reference shares source-type, lexical, contract, and/or historical model signals; report as proxy-reference consistency, not independent accuracy"
Independent Signal Agreement,w/o Independent Signal Agreement,ET-0157,entity_type,ITOPIC-feaeefdcecac4d8fc904b071,Concept,Concept,1,1,0.983397424221,actual_run,shared_proxy_reference,"AI ensemble reference shares source-type, lexical, contract, and/or historical model signals; report as proxy-reference consistency, not independent accuracy"
Abstention,w/o Abstention,ET-0157,entity_type,ITOPIC-feaeefdcecac4d8fc904b071,Concept,Concept,1,1,0.983397424221,actual_run,shared_proxy_reference,"AI ensemble reference shares source-type, lexical, contract, and/or historical model signals; report as proxy-reference consistency, not independent accuracy"
Full classifier,Full selective classifier,ET-0159,entity_type,IENT-04818bed6f0308e3894a37fc,ABSTAIN,Person,0,0,0.997888505459,actual_run,shared_proxy_reference,"AI ensemble reference shares source-type, lexical, contract, and/or historical model signals; report as proxy-reference consistency, not independent accuracy"
Class-specific Gate,w/o Class-specific Gate,ET-0159,entity_type,IENT-04818bed6f0308e3894a37fc,ABSTAIN,Person,0,0,0.997888505459,actual_run,shared_proxy_reference,"AI ensemble reference shares source-type, lexical, contract, and/or historical model signals; report as proxy-reference consistency, not independent accuracy"
Independent Signal Agreement,w/o Independent Signal Agreement,ET-0159,entity_type,IENT-04818bed6f0308e3894a37fc,Person,Person,1,1,0.997888505459,actual_run,shared_proxy_reference,"AI ensemble reference shares source-type, lexical, contract, and/or historical model signals; report as proxy-reference consistency, not independent accuracy"
Abstention,w/o Abstention,ET-0159,entity_type,IENT-04818bed6f0308e3894a37fc,Person,Person,1,1,0.997888505459,actual_run,shared_proxy_reference,"AI ensemble reference shares source-type, lexical, contract, and/or historical model signals; report as proxy-reference consistency, not independent accuracy"
Full classifier,Full selective classifier,ET-0162,entity_type,IENT-41eb9c42564a5075582f6cfa,Person,Person,1,1,0.945765078068,actual_run,shared_proxy_reference,"AI ensemble reference shares source-type, lexical, contract, and/or historical model signals; report as proxy-reference consistency, not independent accuracy"
Class-specific Gate,w/o Class-specific Gate,ET-0162,entity_type,IENT-41eb9c42564a5075582f6cfa,Person,Person,1,1,0.945765078068,actual_run,shared_proxy_reference,"AI ensemble reference shares source-type, lexical, contract, and/or historical model signals; report as proxy-reference consistency, not independent accuracy"
Independent Signal Agreement,w/o Independent Signal Agreement,ET-0162,entity_type,IENT-41eb9c42564a5075582f6cfa,Person,Person,1,1,0.945765078068,actual_run,shared_proxy_reference,"AI ensemble reference shares source-type, lexical, contract, and/or historical model signals; report as proxy-reference consistency, not independent accuracy"
Abstention,w/o Abstention,ET-0162,entity_type,IENT-41eb9c42564a5075582f6cfa,Person,Person,1,1,0.945765078068,actual_run,shared_proxy_reference,"AI ensemble reference shares source-type, lexical, contract, and/or historical model signals; report as proxy-reference consistency, not independent accuracy"
Full classifier,Full selective classifier,ET-0163,entity_type,ITOPIC-8d6486ed5222c3823a2d3e09,ABSTAIN,Concept,0,0,0.965039253235,actual_run,shared_proxy_reference,"AI ensemble reference shares source-type, lexical, contract, and/or historical model signals; report as proxy-reference consistency, not independent accuracy"
Class-specific Gate,w/o Class-specific Gate,ET-0163,entity_type,ITOPIC-8d6486ed5222c3823a2d3e09,ABSTAIN,Concept,0,0,0.965039253235,actual_run,shared_proxy_reference,"AI ensemble reference shares source-type, lexical, contract, and/or historical model signals; report as proxy-reference consistency, not independent accuracy"
Independent Signal Agreement,w/o Independent Signal Agreement,ET-0163,entity_type,ITOPIC-8d6486ed5222c3823a2d3e09,Concept,Concept,1,1,0.965039253235,actual_run,shared_proxy_reference,"AI ensemble reference shares source-type, lexical, contract, and/or historical model signals; report as proxy-reference consistency, not independent accuracy"
Abstention,w/o Abstention,ET-0163,entity_type,ITOPIC-8d6486ed5222c3823a2d3e09,Concept,Concept,1,1,0.965039253235,actual_run,shared_proxy_reference,"AI ensemble reference shares source-type, lexical, contract, and/or historical model signals; report as proxy-reference consistency, not independent accuracy"
Full classifier,Full selective classifier,ET-0164,entity_type,IENT-2abc6eb5edf7ba37e3bde72b,ABSTAIN,Person,0,0,0.998322427273,actual_run,shared_proxy_reference,"AI ensemble reference shares source-type, lexical, contract, and/or historical model signals; report as proxy-reference consistency, not independent accuracy"
Class-specific Gate,w/o Class-specific Gate,ET-0164,entity_type,IENT-2abc6eb5edf7ba37e3bde72b,ABSTAIN,Person,0,0,0.998322427273,actual_run,shared_proxy_reference,"AI ensemble reference shares source-type, lexical, contract, and/or historical model signals; report as proxy-reference consistency, not independent accuracy"
Independent Signal Agreement,w/o Independent Signal Agreement,ET-0164,entity_type,IENT-2abc6eb5edf7ba37e3bde72b,Person,Person,1,1,0.998322427273,actual_run,shared_proxy_reference,"AI ensemble reference shares source-type, lexical, contract, and/or historical model signals; report as proxy-reference consistency, not independent accuracy"
Abstention,w/o Abstention,ET-0164,entity_type,IENT-2abc6eb5edf7ba37e3bde72b,Person,Person,1,1,0.998322427273,actual_run,shared_proxy_reference,"AI ensemble reference shares source-type, lexical, contract, and/or historical model signals; report as proxy-reference consistency, not independent accuracy"
Full classifier,Full selective classifier,ET-0165,entity_type,IENT-be224aa32076e12ee1440fad,Organization,Place,1,0,0.989130556583,actual_run,shared_proxy_reference,"AI ensemble reference shares source-type, lexical, contract, and/or historical model signals; report as proxy-reference consistency, not independent accuracy"
Class-specific Gate,w/o Class-specific Gate,ET-0165,entity_type,IENT-be224aa32076e12ee1440fad,Organization,Place,1,0,0.989130556583,actual_run,shared_proxy_reference,"AI ensemble reference shares source-type, lexical, contract, and/or historical model signals; report as proxy-reference consistency, not independent accuracy"
Independent Signal Agreement,w/o Independent Signal Agreement,ET-0165,entity_type,IENT-be224aa32076e12ee1440fad,Organization,Place,1,0,0.989130556583,actual_run,shared_proxy_reference,"AI ensemble reference shares source-type, lexical, contract, and/or historical model signals; report as proxy-reference consistency, not independent accuracy"
Abstention,w/o Abstention,ET-0165,entity_type,IENT-be224aa32076e12ee1440fad,Organization,Place,1,0,0.989130556583,actual_run,shared_proxy_reference,"AI ensemble reference shares source-type, lexical, contract, and/or historical model signals; report as proxy-reference consistency, not independent accuracy"
Full classifier,Full selective classifier,ET-0166,entity_type,IENT-60bed073fcdb95f4ba381e64,Place,Place,1,1,0.964073121548,actual_run,shared_proxy_reference,"AI ensemble reference shares source-type, lexical, contract, and/or historical model signals; report as proxy-reference consistency, not independent accuracy"
Class-specific Gate,w/o Class-specific Gate,ET-0166,entity_type,IENT-60bed073fcdb95f4ba381e64,Place,Place,1,1,0.964073121548,actual_run,shared_proxy_reference,"AI ensemble reference shares source-type, lexical, contract, and/or historical model signals; report as proxy-reference consistency, not independent accuracy"
Independent Signal Agreement,w/o Independent Signal Agreement,ET-0166,entity_type,IENT-60bed073fcdb95f4ba381e64,Place,Place,1,1,0.964073121548,actual_run,shared_proxy_reference,"AI ensemble reference shares source-type, lexical, contract, and/or historical model signals; report as proxy-reference consistency, not independent accuracy"
Abstention,w/o Abstention,ET-0166,entity_type,IENT-60bed073fcdb95f4ba381e64,Place,Place,1,1,0.964073121548,actual_run,shared_proxy_reference,"AI ensemble reference shares source-type, lexical, contract, and/or historical model signals; report as proxy-reference consistency, not independent accuracy"
Full classifier,Full selective classifier,ET-0167,entity_type,IENT-055608d7278fbe16ac359784,Place,Place,1,1,0.996518731117,actual_run,shared_proxy_reference,"AI ensemble reference shares source-type, lexical, contract, and/or historical model signals; report as proxy-reference consistency, not independent accuracy"
Class-specific Gate,w/o Class-specific Gate,ET-0167,entity_type,IENT-055608d7278fbe16ac359784,Place,Place,1,1,0.996518731117,actual_run,shared_proxy_reference,"AI ensemble reference shares source-type, lexical, contract, and/or historical model signals; report as proxy-reference consistency, not independent accuracy"
Independent Signal Agreement,w/o Independent Signal Agreement,ET-0167,entity_type,IENT-055608d7278fbe16ac359784,Place,Place,1,1,0.996518731117,actual_run,shared_proxy_reference,"AI ensemble reference shares source-type, lexical, contract, and/or historical model signals; report as proxy-reference consistency, not independent accuracy"
Abstention,w/o Abstention,ET-0167,entity_type,IENT-055608d7278fbe16ac359784,Place,Place,1,1,0.996518731117,actual_run,shared_proxy_reference,"AI ensemble reference shares source-type, lexical, contract, and/or historical model signals; report as proxy-reference consistency, not independent accuracy"
Full classifier,Full selective classifier,ET-0168,entity_type,IENT-831e38a9956d8163c3ec89c9,Event,Event,1,1,0.990647375584,actual_run,shared_proxy_reference,"AI ensemble reference shares source-type, lexical, contract, and/or historical model signals; report as proxy-reference consistency, not independent accuracy"
Class-specific Gate,w/o Class-specific Gate,ET-0168,entity_type,IENT-831e38a9956d8163c3ec89c9,Event,Event,1,1,0.990647375584,actual_run,shared_proxy_reference,"AI ensemble reference shares source-type, lexical, contract, and/or historical model signals; report as proxy-reference consistency, not independent accuracy"
Independent Signal Agreement,w/o Independent Signal Agreement,ET-0168,entity_type,IENT-831e38a9956d8163c3ec89c9,Event,Event,1,1,0.990647375584,actual_run,shared_proxy_reference,"AI ensemble reference shares source-type, lexical, contract, and/or historical model signals; report as proxy-reference consistency, not independent accuracy"
Abstention,w/o Abstention,ET-0168,entity_type,IENT-831e38a9956d8163c3ec89c9,Event,Event,1,1,0.990647375584,actual_run,shared_proxy_reference,"AI ensemble reference shares source-type, lexical, contract, and/or historical model signals; report as proxy-reference consistency, not independent accuracy"
Full classifier,Full selective classifier,ET-0169,entity_type,IENT-745c7b672d85e30ae7065b69,ABSTAIN,Person,0,0,0.975812494755,actual_run,shared_proxy_reference,"AI ensemble reference shares source-type, lexical, contract, and/or historical model signals; report as proxy-reference consistency, not independent accuracy"
Class-specific Gate,w/o Class-specific Gate,ET-0169,entity_type,IENT-745c7b672d85e30ae7065b69,ABSTAIN,Person,0,0,0.975812494755,actual_run,shared_proxy_reference,"AI ensemble reference shares source-type, lexical, contract, and/or historical model signals; report as proxy-reference consistency, not independent accuracy"
Independent Signal Agreement,w/o Independent Signal Agreement,ET-0169,entity_type,IENT-745c7b672d85e30ae7065b69,Person,Person,1,1,0.975812494755,actual_run,shared_proxy_reference,"AI ensemble reference shares source-type, lexical, contract, and/or historical model signals; report as proxy-reference consistency, not independent accuracy"
Abstention,w/o Abstention,ET-0169,entity_type,IENT-745c7b672d85e30ae7065b69,Person,Person,1,1,0.975812494755,actual_run,shared_proxy_reference,"AI ensemble reference shares source-type, lexical, contract, and/or historical model signals; report as proxy-reference consistency, not independent accuracy"
Full classifier,Full selective classifier,ET-0170,entity_type,IENT-7e32d462ea8de68b359289ac,Event,Event,1,1,0.996786475182,actual_run,shared_proxy_reference,"AI ensemble reference shares source-type, lexical, contract, and/or historical model signals; report as proxy-reference consistency, not independent accuracy"
Class-specific Gate,w/o Class-specific Gate,ET-0170,entity_type,IENT-7e32d462ea8de68b359289ac,Event,Event,1,1,0.996786475182,actual_run,shared_proxy_reference,"AI ensemble reference shares source-type, lexical, contract, and/or historical model signals; report as proxy-reference consistency, not independent accuracy"
Independent Signal Agreement,w/o Independent Signal Agreement,ET-0170,entity_type,IENT-7e32d462ea8de68b359289ac,Event,Event,1,1,0.996786475182,actual_run,shared_proxy_reference,"AI ensemble reference shares source-type, lexical, contract, and/or historical model signals; report as proxy-reference consistency, not independent accuracy"
Abstention,w/o Abstention,ET-0170,entity_type,IENT-7e32d462ea8de68b359289ac,Event,Event,1,1,0.996786475182,actual_run,shared_proxy_reference,"AI ensemble reference shares source-type, lexical, contract, and/or historical model signals; report as proxy-reference consistency, not independent accuracy"
Full classifier,Full selective classifier,ET-0171,entity_type,IENT-764ba7c1324cf8106cc5fb86,ABSTAIN,Spirit,0,0,0.936446905136,actual_run,shared_proxy_reference,"AI ensemble reference shares source-type, lexical, contract, and/or historical model signals; report as proxy-reference consistency, not independent accuracy"
Class-specific Gate,w/o Class-specific Gate,ET-0171,entity_type,IENT-764ba7c1324cf8106cc5fb86,Spirit,Spirit,1,1,0.936446905136,actual_run,shared_proxy_reference,"AI ensemble reference shares source-type, lexical, contract, and/or historical model signals; report as proxy-reference consistency, not independent accuracy"
Independent Signal Agreement,w/o Independent Signal Agreement,ET-0171,entity_type,IENT-764ba7c1324cf8106cc5fb86,ABSTAIN,Spirit,0,0,0.936446905136,actual_run,shared_proxy_reference,"AI ensemble reference shares source-type, lexical, contract, and/or historical model signals; report as proxy-reference consistency, not independent accuracy"
Abstention,w/o Abstention,ET-0171,entity_type,IENT-764ba7c1324cf8106cc5fb86,Spirit,Spirit,1,1,0.936446905136,actual_run,shared_proxy_reference,"AI ensemble reference shares source-type, lexical, contract, and/or historical model signals; report as proxy-reference consistency, not independent accuracy"
Full classifier,Full selective classifier,ET-0172,entity_type,ITOPIC-856954fb136b1551923f0edc,ABSTAIN,Concept,0,0,0.966970562935,actual_run,shared_proxy_reference,"AI ensemble reference shares source-type, lexical, contract, and/or historical model signals; report as proxy-reference consistency, not independent accuracy"
Class-specific Gate,w/o Class-specific Gate,ET-0172,entity_type,ITOPIC-856954fb136b1551923f0edc,ABSTAIN,Concept,0,0,0.966970562935,actual_run,shared_proxy_reference,"AI ensemble reference shares source-type, lexical, contract, and/or historical model signals; report as proxy-reference consistency, not independent accuracy"
Independent Signal Agreement,w/o Independent Signal Agreement,ET-0172,entity_type,ITOPIC-856954fb136b1551923f0edc,Concept,Concept,1,1,0.966970562935,actual_run,shared_proxy_reference,"AI ensemble reference shares source-type, lexical, contract, and/or historical model signals; report as proxy-reference consistency, not independent accuracy"
Abstention,w/o Abstention,ET-0172,entity_type,ITOPIC-856954fb136b1551923f0edc,Concept,Concept,1,1,0.966970562935,actual_run,shared_proxy_reference,"AI ensemble reference shares source-type, lexical, contract, and/or historical model signals; report as proxy-reference consistency, not independent accuracy"
Full classifier,Full selective classifier,ET-0173,entity_type,IENT-b29c2ad9ca6d20864afe8f21,ABSTAIN,Place,0,0,0.939569473267,actual_run,shared_proxy_reference,"AI ensemble reference shares source-type, lexical, contract, and/or historical model signals; report as proxy-reference consistency, not independent accuracy"
Class-specific Gate,w/o Class-specific Gate,ET-0173,entity_type,IENT-b29c2ad9ca6d20864afe8f21,ABSTAIN,Place,0,0,0.939569473267,actual_run,shared_proxy_reference,"AI ensemble reference shares source-type, lexical, contract, and/or historical model signals; report as proxy-reference consistency, not independent accuracy"
Independent Signal Agreement,w/o Independent Signal Agreement,ET-0173,entity_type,IENT-b29c2ad9ca6d20864afe8f21,Institution,Place,1,0,0.939569473267,actual_run,shared_proxy_reference,"AI ensemble reference shares source-type, lexical, contract, and/or historical model signals; report as proxy-reference consistency, not independent accuracy"
Abstention,w/o Abstention,ET-0173,entity_type,IENT-b29c2ad9ca6d20864afe8f21,Institution,Place,1,0,0.939569473267,actual_run,shared_proxy_reference,"AI ensemble reference shares source-type, lexical, contract, and/or historical model signals; report as proxy-reference consistency, not independent accuracy"
Full classifier,Full selective classifier,ET-0174,entity_type,IENT-6e54ca5e0262860010065bb7,Event,Event,1,1,0.994170188904,actual_run,shared_proxy_reference,"AI ensemble reference shares source-type, lexical, contract, and/or historical model signals; report as proxy-reference consistency, not independent accuracy"
Class-specific Gate,w/o Class-specific Gate,ET-0174,entity_type,IENT-6e54ca5e0262860010065bb7,Event,Event,1,1,0.994170188904,actual_run,shared_proxy_reference,"AI ensemble reference shares source-type, lexical, contract, and/or historical model signals; report as proxy-reference consistency, not independent accuracy"
Independent Signal Agreement,w/o Independent Signal Agreement,ET-0174,entity_type,IENT-6e54ca5e0262860010065bb7,Event,Event,1,1,0.994170188904,actual_run,shared_proxy_reference,"AI ensemble reference shares source-type, lexical, contract, and/or historical model signals; report as proxy-reference consistency, not independent accuracy"
Abstention,w/o Abstention,ET-0174,entity_type,IENT-6e54ca5e0262860010065bb7,Event,Event,1,1,0.994170188904,actual_run,shared_proxy_reference,"AI ensemble reference shares source-type, lexical, contract, and/or historical model signals; report as proxy-reference consistency, not independent accuracy"
Full classifier,Full selective classifier,ET-0175,entity_type,IENT-fd1c1553ba13a892d2899bd1,Place,Place,1,1,0.998685121536,actual_run,shared_proxy_reference,"AI ensemble reference shares source-type, lexical, contract, and/or historical model signals; report as proxy-reference consistency, not independent accuracy"
Class-specific Gate,w/o Class-specific Gate,ET-0175,entity_type,IENT-fd1c1553ba13a892d2899bd1,Place,Place,1,1,0.998685121536,actual_run,shared_proxy_reference,"AI ensemble reference shares source-type, lexical, contract, and/or historical model signals; report as proxy-reference consistency, not independent accuracy"
Independent Signal Agreement,w/o Independent Signal Agreement,ET-0175,entity_type,IENT-fd1c1553ba13a892d2899bd1,Place,Place,1,1,0.998685121536,actual_run,shared_proxy_reference,"AI ensemble reference shares source-type, lexical, contract, and/or historical model signals; report as proxy-reference consistency, not independent accuracy"
Abstention,w/o Abstention,ET-0175,entity_type,IENT-fd1c1553ba13a892d2899bd1,Place,Place,1,1,0.998685121536,actual_run,shared_proxy_reference,"AI ensemble reference shares source-type, lexical, contract, and/or historical model signals; report as proxy-reference consistency, not independent accuracy"
Full classifier,Full selective classifier,ET-0177,entity_type,IENT-e46b593c56bcbf672b9842d7,ABSTAIN,Event,0,0,0.594926297665,actual_run,shared_proxy_reference,"AI ensemble reference shares source-type, lexical, contract, and/or historical model signals; report as proxy-reference consistency, not independent accuracy"
Class-specific Gate,w/o Class-specific Gate,ET-0177,entity_type,IENT-e46b593c56bcbf672b9842d7,ABSTAIN,Event,0,0,0.594926297665,actual_run,shared_proxy_reference,"AI ensemble reference shares source-type, lexical, contract, and/or historical model signals; report as proxy-reference consistency, not independent accuracy"
Independent Signal Agreement,w/o Independent Signal Agreement,ET-0177,entity_type,IENT-e46b593c56bcbf672b9842d7,ABSTAIN,Event,0,0,0.594926297665,actual_run,shared_proxy_reference,"AI ensemble reference shares source-type, lexical, contract, and/or historical model signals; report as proxy-reference consistency, not independent accuracy"
Abstention,w/o Abstention,ET-0177,entity_type,IENT-e46b593c56bcbf672b9842d7,Event,Event,1,1,0.594926297665,actual_run,shared_proxy_reference,"AI ensemble reference shares source-type, lexical, contract, and/or historical model signals; report as proxy-reference consistency, not independent accuracy"
Full classifier,Full selective classifier,ET-0178,entity_type,IENT-27ba8bb2d5f0f81268081008,Organization,Organization,1,1,0.902533710003,actual_run,shared_proxy_reference,"AI ensemble reference shares source-type, lexical, contract, and/or historical model signals; report as proxy-reference consistency, not independent accuracy"
Class-specific Gate,w/o Class-specific Gate,ET-0178,entity_type,IENT-27ba8bb2d5f0f81268081008,Organization,Organization,1,1,0.902533710003,actual_run,shared_proxy_reference,"AI ensemble reference shares source-type, lexical, contract, and/or historical model signals; report as proxy-reference consistency, not independent accuracy"
Independent Signal Agreement,w/o Independent Signal Agreement,ET-0178,entity_type,IENT-27ba8bb2d5f0f81268081008,Organization,Organization,1,1,0.902533710003,actual_run,shared_proxy_reference,"AI ensemble reference shares source-type, lexical, contract, and/or historical model signals; report as proxy-reference consistency, not independent accuracy"
Abstention,w/o Abstention,ET-0178,entity_type,IENT-27ba8bb2d5f0f81268081008,Organization,Organization,1,1,0.902533710003,actual_run,shared_proxy_reference,"AI ensemble reference shares source-type, lexical, contract, and/or historical model signals; report as proxy-reference consistency, not independent accuracy"
Full classifier,Full selective classifier,ET-0179,entity_type,IENT-c371664494e4da3a03f56569,ABSTAIN,Place,0,0,0.903905272484,actual_run,shared_proxy_reference,"AI ensemble reference shares source-type, lexical, contract, and/or historical model signals; report as proxy-reference consistency, not independent accuracy"
Class-specific Gate,w/o Class-specific Gate,ET-0179,entity_type,IENT-c371664494e4da3a03f56569,ABSTAIN,Place,0,0,0.903905272484,actual_run,shared_proxy_reference,"AI ensemble reference shares source-type, lexical, contract, and/or historical model signals; report as proxy-reference consistency, not independent accuracy"
Independent Signal Agreement,w/o Independent Signal Agreement,ET-0179,entity_type,IENT-c371664494e4da3a03f56569,Place,Place,1,1,0.903905272484,actual_run,shared_proxy_reference,"AI ensemble reference shares source-type, lexical, contract, and/or historical model signals; report as proxy-reference consistency, not independent accuracy"
Abstention,w/o Abstention,ET-0179,entity_type,IENT-c371664494e4da3a03f56569,Place,Place,1,1,0.903905272484,actual_run,shared_proxy_reference,"AI ensemble reference shares source-type, lexical, contract, and/or historical model signals; report as proxy-reference consistency, not independent accuracy"
Full classifier,Full selective classifier,ET-0180,entity_type,IENT-f7a8da667e0bb3a5bf0c8eef,Place,Place,1,1,0.909869492054,actual_run,shared_proxy_reference,"AI ensemble reference shares source-type, lexical, contract, and/or historical model signals; report as proxy-reference consistency, not independent accuracy"
Class-specific Gate,w/o Class-specific Gate,ET-0180,entity_type,IENT-f7a8da667e0bb3a5bf0c8eef,Place,Place,1,1,0.909869492054,actual_run,shared_proxy_reference,"AI ensemble reference shares source-type, lexical, contract, and/or historical model signals; report as proxy-reference consistency, not independent accuracy"
Independent Signal Agreement,w/o Independent Signal Agreement,ET-0180,entity_type,IENT-f7a8da667e0bb3a5bf0c8eef,Place,Place,1,1,0.909869492054,actual_run,shared_proxy_reference,"AI ensemble reference shares source-type, lexical, contract, and/or historical model signals; report as proxy-reference consistency, not independent accuracy"
Abstention,w/o Abstention,ET-0180,entity_type,IENT-f7a8da667e0bb3a5bf0c8eef,Place,Place,1,1,0.909869492054,actual_run,shared_proxy_reference,"AI ensemble reference shares source-type, lexical, contract, and/or historical model signals; report as proxy-reference consistency, not independent accuracy"
Full classifier,Full selective classifier,ET-0181,entity_type,IENT-11c1a82f0bc9a2467e899424,ABSTAIN,Event,0,0,0.667822659016,actual_run,shared_proxy_reference,"AI ensemble reference shares source-type, lexical, contract, and/or historical model signals; report as proxy-reference consistency, not independent accuracy"
Class-specific Gate,w/o Class-specific Gate,ET-0181,entity_type,IENT-11c1a82f0bc9a2467e899424,ABSTAIN,Event,0,0,0.667822659016,actual_run,shared_proxy_reference,"AI ensemble reference shares source-type, lexical, contract, and/or historical model signals; report as proxy-reference consistency, not independent accuracy"
Independent Signal Agreement,w/o Independent Signal Agreement,ET-0181,entity_type,IENT-11c1a82f0bc9a2467e899424,ABSTAIN,Event,0,0,0.667822659016,actual_run,shared_proxy_reference,"AI ensemble reference shares source-type, lexical, contract, and/or historical model signals; report as proxy-reference consistency, not independent accuracy"
Abstention,w/o Abstention,ET-0181,entity_type,IENT-11c1a82f0bc9a2467e899424,Event,Event,1,1,0.667822659016,actual_run,shared_proxy_reference,"AI ensemble reference shares source-type, lexical, contract, and/or historical model signals; report as proxy-reference consistency, not independent accuracy"
Full classifier,Full selective classifier,ET-0182,entity_type,IENT-5270180261818c57cd13ea25,Event,Event,1,1,0.997778892517,actual_run,shared_proxy_reference,"AI ensemble reference shares source-type, lexical, contract, and/or historical model signals; report as proxy-reference consistency, not independent accuracy"
Class-specific Gate,w/o Class-specific Gate,ET-0182,entity_type,IENT-5270180261818c57cd13ea25,Event,Event,1,1,0.997778892517,actual_run,shared_proxy_reference,"AI ensemble reference shares source-type, lexical, contract, and/or historical model signals; report as proxy-reference consistency, not independent accuracy"
Independent Signal Agreement,w/o Independent Signal Agreement,ET-0182,entity_type,IENT-5270180261818c57cd13ea25,Event,Event,1,1,0.997778892517,actual_run,shared_proxy_reference,"AI ensemble reference shares source-type, lexical, contract, and/or historical model signals; report as proxy-reference consistency, not independent accuracy"
Abstention,w/o Abstention,ET-0182,entity_type,IENT-5270180261818c57cd13ea25,Event,Event,1,1,0.997778892517,actual_run,shared_proxy_reference,"AI ensemble reference shares source-type, lexical, contract, and/or historical model signals; report as proxy-reference consistency, not independent accuracy"
Full classifier,Full selective classifier,ET-0183,entity_type,IENT-1e512fe8a269fd26ef255f99,ABSTAIN,Person,0,0,0.95959687233,actual_run,shared_proxy_reference,"AI ensemble reference shares source-type, lexical, contract, and/or historical model signals; report as proxy-reference consistency, not independent accuracy"
Class-specific Gate,w/o Class-specific Gate,ET-0183,entity_type,IENT-1e512fe8a269fd26ef255f99,ABSTAIN,Person,0,0,0.95959687233,actual_run,shared_proxy_reference,"AI ensemble reference shares source-type, lexical, contract, and/or historical model signals; report as proxy-reference consistency, not independent accuracy"
Independent Signal Agreement,w/o Independent Signal Agreement,ET-0183,entity_type,IENT-1e512fe8a269fd26ef255f99,Person,Person,1,1,0.95959687233,actual_run,shared_proxy_reference,"AI ensemble reference shares source-type, lexical, contract, and/or historical model signals; report as proxy-reference consistency, not independent accuracy"
Abstention,w/o Abstention,ET-0183,entity_type,IENT-1e512fe8a269fd26ef255f99,Person,Person,1,1,0.95959687233,actual_run,shared_proxy_reference,"AI ensemble reference shares source-type, lexical, contract, and/or historical model signals; report as proxy-reference consistency, not independent accuracy"
Full classifier,Full selective classifier,ET-0184,entity_type,IENT-5505747784f94fbe8911387b,Organization,Organization,1,1,0.976967692375,actual_run,shared_proxy_reference,"AI ensemble reference shares source-type, lexical, contract, and/or historical model signals; report as proxy-reference consistency, not independent accuracy"
Class-specific Gate,w/o Class-specific Gate,ET-0184,entity_type,IENT-5505747784f94fbe8911387b,Organization,Organization,1,1,0.976967692375,actual_run,shared_proxy_reference,"AI ensemble reference shares source-type, lexical, contract, and/or historical model signals; report as proxy-reference consistency, not independent accuracy"
Independent Signal Agreement,w/o Independent Signal Agreement,ET-0184,entity_type,IENT-5505747784f94fbe8911387b,Organization,Organization,1,1,0.976967692375,actual_run,shared_proxy_reference,"AI ensemble reference shares source-type, lexical, contract, and/or historical model signals; report as proxy-reference consistency, not independent accuracy"
Abstention,w/o Abstention,ET-0184,entity_type,IENT-5505747784f94fbe8911387b,Organization,Organization,1,1,0.976967692375,actual_run,shared_proxy_reference,"AI ensemble reference shares source-type, lexical, contract, and/or historical model signals; report as proxy-reference consistency, not independent accuracy"
Full classifier,Full selective classifier,ET-0185,entity_type,IENT-26fc4938b02ca95c81c17703,ABSTAIN,Event,0,0,0.608433187008,actual_run,shared_proxy_reference,"AI ensemble reference shares source-type, lexical, contract, and/or historical model signals; report as proxy-reference consistency, not independent accuracy"
Class-specific Gate,w/o Class-specific Gate,ET-0185,entity_type,IENT-26fc4938b02ca95c81c17703,ABSTAIN,Event,0,0,0.608433187008,actual_run,shared_proxy_reference,"AI ensemble reference shares source-type, lexical, contract, and/or historical model signals; report as proxy-reference consistency, not independent accuracy"
Independent Signal Agreement,w/o Independent Signal Agreement,ET-0185,entity_type,IENT-26fc4938b02ca95c81c17703,ABSTAIN,Event,0,0,0.608433187008,actual_run,shared_proxy_reference,"AI ensemble reference shares source-type, lexical, contract, and/or historical model signals; report as proxy-reference consistency, not independent accuracy"
Abstention,w/o Abstention,ET-0185,entity_type,IENT-26fc4938b02ca95c81c17703,Event,Event,1,1,0.608433187008,actual_run,shared_proxy_reference,"AI ensemble reference shares source-type, lexical, contract, and/or historical model signals; report as proxy-reference consistency, not independent accuracy"
Full classifier,Full selective classifier,ET-0186,entity_type,IENT-fae28cffc5e617d5dd4ce9de,Place,Place,1,1,0.986236274242,actual_run,shared_proxy_reference,"AI ensemble reference shares source-type, lexical, contract, and/or historical model signals; report as proxy-reference consistency, not independent accuracy"
Class-specific Gate,w/o Class-specific Gate,ET-0186,entity_type,IENT-fae28cffc5e617d5dd4ce9de,Place,Place,1,1,0.986236274242,actual_run,shared_proxy_reference,"AI ensemble reference shares source-type, lexical, contract, and/or historical model signals; report as proxy-reference consistency, not independent accuracy"
Independent Signal Agreement,w/o Independent Signal Agreement,ET-0186,entity_type,IENT-fae28cffc5e617d5dd4ce9de,Place,Place,1,1,0.986236274242,actual_run,shared_proxy_reference,"AI ensemble reference shares source-type, lexical, contract, and/or historical model signals; report as proxy-reference consistency, not independent accuracy"
Abstention,w/o Abstention,ET-0186,entity_type,IENT-fae28cffc5e617d5dd4ce9de,Place,Place,1,1,0.986236274242,actual_run,shared_proxy_reference,"AI ensemble reference shares source-type, lexical, contract, and/or historical model signals; report as proxy-reference consistency, not independent accuracy"
Full classifier,Full selective classifier,ET-0187,entity_type,IENT-7d1171327d0809653fe2bacd,ABSTAIN,Place,0,0,0.983883082867,actual_run,shared_proxy_reference,"AI ensemble reference shares source-type, lexical, contract, and/or historical model signals; report as proxy-reference consistency, not independent accuracy"
Class-specific Gate,w/o Class-specific Gate,ET-0187,entity_type,IENT-7d1171327d0809653fe2bacd,ABSTAIN,Place,0,0,0.983883082867,actual_run,shared_proxy_reference,"AI ensemble reference shares source-type, lexical, contract, and/or historical model signals; report as proxy-reference consistency, not independent accuracy"
Independent Signal Agreement,w/o Independent Signal Agreement,ET-0187,entity_type,IENT-7d1171327d0809653fe2bacd,Place,Place,1,1,0.983883082867,actual_run,shared_proxy_reference,"AI ensemble reference shares source-type, lexical, contract, and/or historical model signals; report as proxy-reference consistency, not independent accuracy"
Abstention,w/o Abstention,ET-0187,entity_type,IENT-7d1171327d0809653fe2bacd,Place,Place,1,1,0.983883082867,actual_run,shared_proxy_reference,"AI ensemble reference shares source-type, lexical, contract, and/or historical model signals; report as proxy-reference consistency, not independent accuracy"
Full classifier,Full selective classifier,ET-0188,entity_type,ITOPIC-9f77faf9cfb3aa6803f594e3,ABSTAIN,CreativeWork,0,0,0.955906927586,actual_run,shared_proxy_reference,"AI ensemble reference shares source-type, lexical, contract, and/or historical model signals; report as proxy-reference consistency, not independent accuracy"
Class-specific Gate,w/o Class-specific Gate,ET-0188,entity_type,ITOPIC-9f77faf9cfb3aa6803f594e3,ABSTAIN,CreativeWork,0,0,0.955906927586,actual_run,shared_proxy_reference,"AI ensemble reference shares source-type, lexical, contract, and/or historical model signals; report as proxy-reference consistency, not independent accuracy"
Independent Signal Agreement,w/o Independent Signal Agreement,ET-0188,entity_type,ITOPIC-9f77faf9cfb3aa6803f594e3,ABSTAIN,CreativeWork,0,0,0.955906927586,actual_run,shared_proxy_reference,"AI ensemble reference shares source-type, lexical, contract, and/or historical model signals; report as proxy-reference consistency, not independent accuracy"
Abstention,w/o Abstention,ET-0188,entity_type,ITOPIC-9f77faf9cfb3aa6803f594e3,CreativeWork,CreativeWork,1,1,0.955906927586,actual_run,shared_proxy_reference,"AI ensemble reference shares source-type, lexical, contract, and/or historical model signals; report as proxy-reference consistency, not independent accuracy"
Full classifier,Full selective classifier,ET-0189,entity_type,IENT-6716121cbc1d0e860fc8385b,ABSTAIN,Place,0,0,0.541097283363,actual_run,shared_proxy_reference,"AI ensemble reference shares source-type, lexical, contract, and/or historical model signals; report as proxy-reference consistency, not independent accuracy"
Class-specific Gate,w/o Class-specific Gate,ET-0189,entity_type,IENT-6716121cbc1d0e860fc8385b,ABSTAIN,Place,0,0,0.541097283363,actual_run,shared_proxy_reference,"AI ensemble reference shares source-type, lexical, contract, and/or historical model signals; report as proxy-reference consistency, not independent accuracy"
Independent Signal Agreement,w/o Independent Signal Agreement,ET-0189,entity_type,IENT-6716121cbc1d0e860fc8385b,ABSTAIN,Place,0,0,0.541097283363,actual_run,shared_proxy_reference,"AI ensemble reference shares source-type, lexical, contract, and/or historical model signals; report as proxy-reference consistency, not independent accuracy"
Abstention,w/o Abstention,ET-0189,entity_type,IENT-6716121cbc1d0e860fc8385b,Place,Place,1,1,0.541097283363,actual_run,shared_proxy_reference,"AI ensemble reference shares source-type, lexical, contract, and/or historical model signals; report as proxy-reference consistency, not independent accuracy"
Full classifier,Full selective classifier,ET-0190,entity_type,ITOPIC-b66d0832aaada79aba6c239b,ABSTAIN,Concept,0,0,0.99059265852,actual_run,shared_proxy_reference,"AI ensemble reference shares source-type, lexical, contract, and/or historical model signals; report as proxy-reference consistency, not independent accuracy"
Class-specific Gate,w/o Class-specific Gate,ET-0190,entity_type,ITOPIC-b66d0832aaada79aba6c239b,ABSTAIN,Concept,0,0,0.99059265852,actual_run,shared_proxy_reference,"AI ensemble reference shares source-type, lexical, contract, and/or historical model signals; report as proxy-reference consistency, not independent accuracy"
Independent Signal Agreement,w/o Independent Signal Agreement,ET-0190,entity_type,ITOPIC-b66d0832aaada79aba6c239b,Concept,Concept,1,1,0.99059265852,actual_run,shared_proxy_reference,"AI ensemble reference shares source-type, lexical, contract, and/or historical model signals; report as proxy-reference consistency, not independent accuracy"
Abstention,w/o Abstention,ET-0190,entity_type,ITOPIC-b66d0832aaada79aba6c239b,Concept,Concept,1,1,0.99059265852,actual_run,shared_proxy_reference,"AI ensemble reference shares source-type, lexical, contract, and/or historical model signals; report as proxy-reference consistency, not independent accuracy"
Full classifier,Full selective classifier,ET-0191,entity_type,IENT-25aba318620f4acf9559ac51,ABSTAIN,Place,0,0,0.85508531332,actual_run,shared_proxy_reference,"AI ensemble reference shares source-type, lexical, contract, and/or historical model signals; report as proxy-reference consistency, not independent accuracy"
Class-specific Gate,w/o Class-specific Gate,ET-0191,entity_type,IENT-25aba318620f4acf9559ac51,ABSTAIN,Place,0,0,0.85508531332,actual_run,shared_proxy_reference,"AI ensemble reference shares source-type, lexical, contract, and/or historical model signals; report as proxy-reference consistency, not independent accuracy"
Independent Signal Agreement,w/o Independent Signal Agreement,ET-0191,entity_type,IENT-25aba318620f4acf9559ac51,ABSTAIN,Place,0,0,0.85508531332,actual_run,shared_proxy_reference,"AI ensemble reference shares source-type, lexical, contract, and/or historical model signals; report as proxy-reference consistency, not independent accuracy"
Abstention,w/o Abstention,ET-0191,entity_type,IENT-25aba318620f4acf9559ac51,Place,Place,1,1,0.85508531332,actual_run,shared_proxy_reference,"AI ensemble reference shares source-type, lexical, contract, and/or historical model signals; report as proxy-reference consistency, not independent accuracy"
Full classifier,Full selective classifier,ET-0192,entity_type,IENT-98524a96c4b50de522ce38e1,ABSTAIN,Concept,0,0,0.905852019787,actual_run,shared_proxy_reference,"AI ensemble reference shares source-type, lexical, contract, and/or historical model signals; report as proxy-reference consistency, not independent accuracy"
Class-specific Gate,w/o Class-specific Gate,ET-0192,entity_type,IENT-98524a96c4b50de522ce38e1,ABSTAIN,Concept,0,0,0.905852019787,actual_run,shared_proxy_reference,"AI ensemble reference shares source-type, lexical, contract, and/or historical model signals; report as proxy-reference consistency, not independent accuracy"
Independent Signal Agreement,w/o Independent Signal Agreement,ET-0192,entity_type,IENT-98524a96c4b50de522ce38e1,ABSTAIN,Concept,0,0,0.905852019787,actual_run,shared_proxy_reference,"AI ensemble reference shares source-type, lexical, contract, and/or historical model signals; report as proxy-reference consistency, not independent accuracy"
Abstention,w/o Abstention,ET-0192,entity_type,IENT-98524a96c4b50de522ce38e1,Concept,Concept,1,1,0.905852019787,actual_run,shared_proxy_reference,"AI ensemble reference shares source-type, lexical, contract, and/or historical model signals; report as proxy-reference consistency, not independent accuracy"
Full classifier,Full selective classifier,ET-0193,entity_type,IENT-3bf1b2d2165ca4eada212a2b,ABSTAIN,Person,0,0,0.984706282616,actual_run,shared_proxy_reference,"AI ensemble reference shares source-type, lexical, contract, and/or historical model signals; report as proxy-reference consistency, not independent accuracy"
Class-specific Gate,w/o Class-specific Gate,ET-0193,entity_type,IENT-3bf1b2d2165ca4eada212a2b,ABSTAIN,Person,0,0,0.984706282616,actual_run,shared_proxy_reference,"AI ensemble reference shares source-type, lexical, contract, and/or historical model signals; report as proxy-reference consistency, not independent accuracy"
Independent Signal Agreement,w/o Independent Signal Agreement,ET-0193,entity_type,IENT-3bf1b2d2165ca4eada212a2b,Person,Person,1,1,0.984706282616,actual_run,shared_proxy_reference,"AI ensemble reference shares source-type, lexical, contract, and/or historical model signals; report as proxy-reference consistency, not independent accuracy"
Abstention,w/o Abstention,ET-0193,entity_type,IENT-3bf1b2d2165ca4eada212a2b,Person,Person,1,1,0.984706282616,actual_run,shared_proxy_reference,"AI ensemble reference shares source-type, lexical, contract, and/or historical model signals; report as proxy-reference consistency, not independent accuracy"
Full classifier,Full selective classifier,ET-0194,entity_type,IENT-b2291e55b9c65088d8163069,ABSTAIN,Person,0,0,0.952685475349,actual_run,shared_proxy_reference,"AI ensemble reference shares source-type, lexical, contract, and/or historical model signals; report as proxy-reference consistency, not independent accuracy"
Class-specific Gate,w/o Class-specific Gate,ET-0194,entity_type,IENT-b2291e55b9c65088d8163069,ABSTAIN,Person,0,0,0.952685475349,actual_run,shared_proxy_reference,"AI ensemble reference shares source-type, lexical, contract, and/or historical model signals; report as proxy-reference consistency, not independent accuracy"
Independent Signal Agreement,w/o Independent Signal Agreement,ET-0194,entity_type,IENT-b2291e55b9c65088d8163069,Person,Person,1,1,0.952685475349,actual_run,shared_proxy_reference,"AI ensemble reference shares source-type, lexical, contract, and/or historical model signals; report as proxy-reference consistency, not independent accuracy"
Abstention,w/o Abstention,ET-0194,entity_type,IENT-b2291e55b9c65088d8163069,Person,Person,1,1,0.952685475349,actual_run,shared_proxy_reference,"AI ensemble reference shares source-type, lexical, contract, and/or historical model signals; report as proxy-reference consistency, not independent accuracy"
Full classifier,Full selective classifier,ET-0195,entity_type,IENT-bad5e1f58f8240cc86fe1a11,ABSTAIN,Place,0,0,0.836115241051,actual_run,shared_proxy_reference,"AI ensemble reference shares source-type, lexical, contract, and/or historical model signals; report as proxy-reference consistency, not independent accuracy"
Class-specific Gate,w/o Class-specific Gate,ET-0195,entity_type,IENT-bad5e1f58f8240cc86fe1a11,ABSTAIN,Place,0,0,0.836115241051,actual_run,shared_proxy_reference,"AI ensemble reference shares source-type, lexical, contract, and/or historical model signals; report as proxy-reference consistency, not independent accuracy"
Independent Signal Agreement,w/o Independent Signal Agreement,ET-0195,entity_type,IENT-bad5e1f58f8240cc86fe1a11,ABSTAIN,Place,0,0,0.836115241051,actual_run,shared_proxy_reference,"AI ensemble reference shares source-type, lexical, contract, and/or historical model signals; report as proxy-reference consistency, not independent accuracy"
Abstention,w/o Abstention,ET-0195,entity_type,IENT-bad5e1f58f8240cc86fe1a11,Place,Place,1,1,0.836115241051,actual_run,shared_proxy_reference,"AI ensemble reference shares source-type, lexical, contract, and/or historical model signals; report as proxy-reference consistency, not independent accuracy"
Full classifier,Full selective classifier,ET-0196,entity_type,IENT-1b08b864e18ce345f77f92ca,Organization,Place,1,0,0.983781576157,actual_run,shared_proxy_reference,"AI ensemble reference shares source-type, lexical, contract, and/or historical model signals; report as proxy-reference consistency, not independent accuracy"
Class-specific Gate,w/o Class-specific Gate,ET-0196,entity_type,IENT-1b08b864e18ce345f77f92ca,Organization,Place,1,0,0.983781576157,actual_run,shared_proxy_reference,"AI ensemble reference shares source-type, lexical, contract, and/or historical model signals; report as proxy-reference consistency, not independent accuracy"
Independent Signal Agreement,w/o Independent Signal Agreement,ET-0196,entity_type,IENT-1b08b864e18ce345f77f92ca,Organization,Place,1,0,0.983781576157,actual_run,shared_proxy_reference,"AI ensemble reference shares source-type, lexical, contract, and/or historical model signals; report as proxy-reference consistency, not independent accuracy"
Abstention,w/o Abstention,ET-0196,entity_type,IENT-1b08b864e18ce345f77f92ca,Organization,Place,1,0,0.983781576157,actual_run,shared_proxy_reference,"AI ensemble reference shares source-type, lexical, contract, and/or historical model signals; report as proxy-reference consistency, not independent accuracy"
Full classifier,Full selective classifier,ET-0198,entity_type,IENT-4b155dce26f59ac5ea099f0d,Event,Event,1,1,0.999679207802,actual_run,shared_proxy_reference,"AI ensemble reference shares source-type, lexical, contract, and/or historical model signals; report as proxy-reference consistency, not independent accuracy"
Class-specific Gate,w/o Class-specific Gate,ET-0198,entity_type,IENT-4b155dce26f59ac5ea099f0d,Event,Event,1,1,0.999679207802,actual_run,shared_proxy_reference,"AI ensemble reference shares source-type, lexical, contract, and/or historical model signals; report as proxy-reference consistency, not independent accuracy"
Independent Signal Agreement,w/o Independent Signal Agreement,ET-0198,entity_type,IENT-4b155dce26f59ac5ea099f0d,Event,Event,1,1,0.999679207802,actual_run,shared_proxy_reference,"AI ensemble reference shares source-type, lexical, contract, and/or historical model signals; report as proxy-reference consistency, not independent accuracy"
Abstention,w/o Abstention,ET-0198,entity_type,IENT-4b155dce26f59ac5ea099f0d,Event,Event,1,1,0.999679207802,actual_run,shared_proxy_reference,"AI ensemble reference shares source-type, lexical, contract, and/or historical model signals; report as proxy-reference consistency, not independent accuracy"
Full classifier,Full selective classifier,ET-0199,entity_type,IENT-f9a2e43088aa3c3171248376,ABSTAIN,Organization,0,0,0.927628457546,actual_run,shared_proxy_reference,"AI ensemble reference shares source-type, lexical, contract, and/or historical model signals; report as proxy-reference consistency, not independent accuracy"
Class-specific Gate,w/o Class-specific Gate,ET-0199,entity_type,IENT-f9a2e43088aa3c3171248376,ABSTAIN,Organization,0,0,0.927628457546,actual_run,shared_proxy_reference,"AI ensemble reference shares source-type, lexical, contract, and/or historical model signals; report as proxy-reference consistency, not independent accuracy"
Independent Signal Agreement,w/o Independent Signal Agreement,ET-0199,entity_type,IENT-f9a2e43088aa3c3171248376,Organization,Organization,1,1,0.927628457546,actual_run,shared_proxy_reference,"AI ensemble reference shares source-type, lexical, contract, and/or historical model signals; report as proxy-reference consistency, not independent accuracy"
Abstention,w/o Abstention,ET-0199,entity_type,IENT-f9a2e43088aa3c3171248376,Organization,Organization,1,1,0.927628457546,actual_run,shared_proxy_reference,"AI ensemble reference shares source-type, lexical, contract, and/or historical model signals; report as proxy-reference consistency, not independent accuracy"
Full classifier,Full selective classifier,ET-0200,entity_type,IENT-13db6343856c15d07c97adba,ABSTAIN,Person,0,0,0.76269108057,actual_run,shared_proxy_reference,"AI ensemble reference shares source-type, lexical, contract, and/or historical model signals; report as proxy-reference consistency, not independent accuracy"
Class-specific Gate,w/o Class-specific Gate,ET-0200,entity_type,IENT-13db6343856c15d07c97adba,ABSTAIN,Person,0,0,0.76269108057,actual_run,shared_proxy_reference,"AI ensemble reference shares source-type, lexical, contract, and/or historical model signals; report as proxy-reference consistency, not independent accuracy"
Independent Signal Agreement,w/o Independent Signal Agreement,ET-0200,entity_type,IENT-13db6343856c15d07c97adba,ABSTAIN,Person,0,0,0.76269108057,actual_run,shared_proxy_reference,"AI ensemble reference shares source-type, lexical, contract, and/or historical model signals; report as proxy-reference consistency, not independent accuracy"
Abstention,w/o Abstention,ET-0200,entity_type,IENT-13db6343856c15d07c97adba,Person,Person,1,1,0.76269108057,actual_run,shared_proxy_reference,"AI ensemble reference shares source-type, lexical, contract, and/or historical model signals; report as proxy-reference consistency, not independent accuracy"
Full classifier,Full selective classifier,ET-0201,entity_type,IENT-af449d6c5168c6e112ea4049,ABSTAIN,Artifact,0,0,0.833353102207,actual_run,shared_proxy_reference,"AI ensemble reference shares source-type, lexical, contract, and/or historical model signals; report as proxy-reference consistency, not independent accuracy"
Class-specific Gate,w/o Class-specific Gate,ET-0201,entity_type,IENT-af449d6c5168c6e112ea4049,ABSTAIN,Artifact,0,0,0.833353102207,actual_run,shared_proxy_reference,"AI ensemble reference shares source-type, lexical, contract, and/or historical model signals; report as proxy-reference consistency, not independent accuracy"
Independent Signal Agreement,w/o Independent Signal Agreement,ET-0201,entity_type,IENT-af449d6c5168c6e112ea4049,ABSTAIN,Artifact,0,0,0.833353102207,actual_run,shared_proxy_reference,"AI ensemble reference shares source-type, lexical, contract, and/or historical model signals; report as proxy-reference consistency, not independent accuracy"
Abstention,w/o Abstention,ET-0201,entity_type,IENT-af449d6c5168c6e112ea4049,Artifact,Artifact,1,1,0.833353102207,actual_run,shared_proxy_reference,"AI ensemble reference shares source-type, lexical, contract, and/or historical model signals; report as proxy-reference consistency, not independent accuracy"
Full classifier,Full selective classifier,ET-0202,entity_type,IENT-b59daeac5c466a434adf8b1e,ABSTAIN,Concept,0,0,0.406251072884,actual_run,shared_proxy_reference,"AI ensemble reference shares source-type, lexical, contract, and/or historical model signals; report as proxy-reference consistency, not independent accuracy"
Class-specific Gate,w/o Class-specific Gate,ET-0202,entity_type,IENT-b59daeac5c466a434adf8b1e,ABSTAIN,Concept,0,0,0.406251072884,actual_run,shared_proxy_reference,"AI ensemble reference shares source-type, lexical, contract, and/or historical model signals; report as proxy-reference consistency, not independent accuracy"
Independent Signal Agreement,w/o Independent Signal Agreement,ET-0202,entity_type,IENT-b59daeac5c466a434adf8b1e,ABSTAIN,Concept,0,0,0.406251072884,actual_run,shared_proxy_reference,"AI ensemble reference shares source-type, lexical, contract, and/or historical model signals; report as proxy-reference consistency, not independent accuracy"
Abstention,w/o Abstention,ET-0202,entity_type,IENT-b59daeac5c466a434adf8b1e,Concept,Concept,1,1,0.406251072884,actual_run,shared_proxy_reference,"AI ensemble reference shares source-type, lexical, contract, and/or historical model signals; report as proxy-reference consistency, not independent accuracy"
Full classifier,Full selective classifier,ET-0204,entity_type,IENT-e3eac749d7ffbef8ff6bb71a,ABSTAIN,Person,0,0,0.996787726879,actual_run,shared_proxy_reference,"AI ensemble reference shares source-type, lexical, contract, and/or historical model signals; report as proxy-reference consistency, not independent accuracy"
Class-specific Gate,w/o Class-specific Gate,ET-0204,entity_type,IENT-e3eac749d7ffbef8ff6bb71a,ABSTAIN,Person,0,0,0.996787726879,actual_run,shared_proxy_reference,"AI ensemble reference shares source-type, lexical, contract, and/or historical model signals; report as proxy-reference consistency, not independent accuracy"
Independent Signal Agreement,w/o Independent Signal Agreement,ET-0204,entity_type,IENT-e3eac749d7ffbef8ff6bb71a,Person,Person,1,1,0.996787726879,actual_run,shared_proxy_reference,"AI ensemble reference shares source-type, lexical, contract, and/or historical model signals; report as proxy-reference consistency, not independent accuracy"
Abstention,w/o Abstention,ET-0204,entity_type,IENT-e3eac749d7ffbef8ff6bb71a,Person,Person,1,1,0.996787726879,actual_run,shared_proxy_reference,"AI ensemble reference shares source-type, lexical, contract, and/or historical model signals; report as proxy-reference consistency, not independent accuracy"
Full classifier,Full selective classifier,ET-0205,entity_type,ITOPIC-da59abe4804c9ccccf5518e9,ABSTAIN,ValueFacet,0,0,0.785628199577,actual_run,shared_proxy_reference,"AI ensemble reference shares source-type, lexical, contract, and/or historical model signals; report as proxy-reference consistency, not independent accuracy"
Class-specific Gate,w/o Class-specific Gate,ET-0205,entity_type,ITOPIC-da59abe4804c9ccccf5518e9,ABSTAIN,ValueFacet,0,0,0.785628199577,actual_run,shared_proxy_reference,"AI ensemble reference shares source-type, lexical, contract, and/or historical model signals; report as proxy-reference consistency, not independent accuracy"
Independent Signal Agreement,w/o Independent Signal Agreement,ET-0205,entity_type,ITOPIC-da59abe4804c9ccccf5518e9,ABSTAIN,ValueFacet,0,0,0.785628199577,actual_run,shared_proxy_reference,"AI ensemble reference shares source-type, lexical, contract, and/or historical model signals; report as proxy-reference consistency, not independent accuracy"
Abstention,w/o Abstention,ET-0205,entity_type,ITOPIC-da59abe4804c9ccccf5518e9,ValueFacet,ValueFacet,1,1,0.785628199577,actual_run,shared_proxy_reference,"AI ensemble reference shares source-type, lexical, contract, and/or historical model signals; report as proxy-reference consistency, not independent accuracy"
Full classifier,Full selective classifier,ET-0206,entity_type,IENT-8dd12347a58918838e23e837,ABSTAIN,Place,0,0,0.757277548313,actual_run,shared_proxy_reference,"AI ensemble reference shares source-type, lexical, contract, and/or historical model signals; report as proxy-reference consistency, not independent accuracy"
Class-specific Gate,w/o Class-specific Gate,ET-0206,entity_type,IENT-8dd12347a58918838e23e837,ABSTAIN,Place,0,0,0.757277548313,actual_run,shared_proxy_reference,"AI ensemble reference shares source-type, lexical, contract, and/or historical model signals; report as proxy-reference consistency, not independent accuracy"
Independent Signal Agreement,w/o Independent Signal Agreement,ET-0206,entity_type,IENT-8dd12347a58918838e23e837,ABSTAIN,Place,0,0,0.757277548313,actual_run,shared_proxy_reference,"AI ensemble reference shares source-type, lexical, contract, and/or historical model signals; report as proxy-reference consistency, not independent accuracy"
Abstention,w/o Abstention,ET-0206,entity_type,IENT-8dd12347a58918838e23e837,Concept,Place,1,0,0.757277548313,actual_run,shared_proxy_reference,"AI ensemble reference shares source-type, lexical, contract, and/or historical model signals; report as proxy-reference consistency, not independent accuracy"
Full classifier,Full selective classifier,ET-0207,entity_type,IENT-a27edd86385baa1873ba0182,ABSTAIN,Place,0,0,0.903899490833,actual_run,shared_proxy_reference,"AI ensemble reference shares source-type, lexical, contract, and/or historical model signals; report as proxy-reference consistency, not independent accuracy"
Class-specific Gate,w/o Class-specific Gate,ET-0207,entity_type,IENT-a27edd86385baa1873ba0182,ABSTAIN,Place,0,0,0.903899490833,actual_run,shared_proxy_reference,"AI ensemble reference shares source-type, lexical, contract, and/or historical model signals; report as proxy-reference consistency, not independent accuracy"
Independent Signal Agreement,w/o Independent Signal Agreement,ET-0207,entity_type,IENT-a27edd86385baa1873ba0182,Place,Place,1,1,0.903899490833,actual_run,shared_proxy_reference,"AI ensemble reference shares source-type, lexical, contract, and/or historical model signals; report as proxy-reference consistency, not independent accuracy"
Abstention,w/o Abstention,ET-0207,entity_type,IENT-a27edd86385baa1873ba0182,Place,Place,1,1,0.903899490833,actual_run,shared_proxy_reference,"AI ensemble reference shares source-type, lexical, contract, and/or historical model signals; report as proxy-reference consistency, not independent accuracy"
Full classifier,Full selective classifier,ET-0208,entity_type,IENT-e68aa582f83e39e9fd014b5e,Organization,Organization,1,1,0.988237798214,actual_run,shared_proxy_reference,"AI ensemble reference shares source-type, lexical, contract, and/or historical model signals; report as proxy-reference consistency, not independent accuracy"
Class-specific Gate,w/o Class-specific Gate,ET-0208,entity_type,IENT-e68aa582f83e39e9fd014b5e,Organization,Organization,1,1,0.988237798214,actual_run,shared_proxy_reference,"AI ensemble reference shares source-type, lexical, contract, and/or historical model signals; report as proxy-reference consistency, not independent accuracy"
Independent Signal Agreement,w/o Independent Signal Agreement,ET-0208,entity_type,IENT-e68aa582f83e39e9fd014b5e,Organization,Organization,1,1,0.988237798214,actual_run,shared_proxy_reference,"AI ensemble reference shares source-type, lexical, contract, and/or historical model signals; report as proxy-reference consistency, not independent accuracy"
Abstention,w/o Abstention,ET-0208,entity_type,IENT-e68aa582f83e39e9fd014b5e,Organization,Organization,1,1,0.988237798214,actual_run,shared_proxy_reference,"AI ensemble reference shares source-type, lexical, contract, and/or historical model signals; report as proxy-reference consistency, not independent accuracy"
Full classifier,Full selective classifier,ET-0209,entity_type,IENT-b6c25d19c7caf837b232a2d6,ABSTAIN,Place,0,0,0.904061436653,actual_run,shared_proxy_reference,"AI ensemble reference shares source-type, lexical, contract, and/or historical model signals; report as proxy-reference consistency, not independent accuracy"
Class-specific Gate,w/o Class-specific Gate,ET-0209,entity_type,IENT-b6c25d19c7caf837b232a2d6,ABSTAIN,Place,0,0,0.904061436653,actual_run,shared_proxy_reference,"AI ensemble reference shares source-type, lexical, contract, and/or historical model signals; report as proxy-reference consistency, not independent accuracy"
Independent Signal Agreement,w/o Independent Signal Agreement,ET-0209,entity_type,IENT-b6c25d19c7caf837b232a2d6,Institution,Place,1,0,0.904061436653,actual_run,shared_proxy_reference,"AI ensemble reference shares source-type, lexical, contract, and/or historical model signals; report as proxy-reference consistency, not independent accuracy"
Abstention,w/o Abstention,ET-0209,entity_type,IENT-b6c25d19c7caf837b232a2d6,Institution,Place,1,0,0.904061436653,actual_run,shared_proxy_reference,"AI ensemble reference shares source-type, lexical, contract, and/or historical model signals; report as proxy-reference consistency, not independent accuracy"
Full classifier,Full selective classifier,ET-0210,entity_type,IENT-e9f7a0ca62c6c1cc98030753,Place,Place,1,1,0.961672544479,actual_run,shared_proxy_reference,"AI ensemble reference shares source-type, lexical, contract, and/or historical model signals; report as proxy-reference consistency, not independent accuracy"
Class-specific Gate,w/o Class-specific Gate,ET-0210,entity_type,IENT-e9f7a0ca62c6c1cc98030753,Place,Place,1,1,0.961672544479,actual_run,shared_proxy_reference,"AI ensemble reference shares source-type, lexical, contract, and/or historical model signals; report as proxy-reference consistency, not independent accuracy"
Independent Signal Agreement,w/o Independent Signal Agreement,ET-0210,entity_type,IENT-e9f7a0ca62c6c1cc98030753,Place,Place,1,1,0.961672544479,actual_run,shared_proxy_reference,"AI ensemble reference shares source-type, lexical, contract, and/or historical model signals; report as proxy-reference consistency, not independent accuracy"
Abstention,w/o Abstention,ET-0210,entity_type,IENT-e9f7a0ca62c6c1cc98030753,Place,Place,1,1,0.961672544479,actual_run,shared_proxy_reference,"AI ensemble reference shares source-type, lexical, contract, and/or historical model signals; report as proxy-reference consistency, not independent accuracy"
Full classifier,Full selective classifier,ET-0211,entity_type,IENT-12eee83893546b0b5c2d0938,ABSTAIN,Person,0,0,0.986117303371,actual_run,shared_proxy_reference,"AI ensemble reference shares source-type, lexical, contract, and/or historical model signals; report as proxy-reference consistency, not independent accuracy"
Class-specific Gate,w/o Class-specific Gate,ET-0211,entity_type,IENT-12eee83893546b0b5c2d0938,ABSTAIN,Person,0,0,0.986117303371,actual_run,shared_proxy_reference,"AI ensemble reference shares source-type, lexical, contract, and/or historical model signals; report as proxy-reference consistency, not independent accuracy"
Independent Signal Agreement,w/o Independent Signal Agreement,ET-0211,entity_type,IENT-12eee83893546b0b5c2d0938,Person,Person,1,1,0.986117303371,actual_run,shared_proxy_reference,"AI ensemble reference shares source-type, lexical, contract, and/or historical model signals; report as proxy-reference consistency, not independent accuracy"
Abstention,w/o Abstention,ET-0211,entity_type,IENT-12eee83893546b0b5c2d0938,Person,Person,1,1,0.986117303371,actual_run,shared_proxy_reference,"AI ensemble reference shares source-type, lexical, contract, and/or historical model signals; report as proxy-reference consistency, not independent accuracy"
Full classifier,Full selective classifier,ET-0212,entity_type,IENT-1be1fcbe13bed5ddeda54036,Event,Event,1,1,0.99593937397,actual_run,shared_proxy_reference,"AI ensemble reference shares source-type, lexical, contract, and/or historical model signals; report as proxy-reference consistency, not independent accuracy"
Class-specific Gate,w/o Class-specific Gate,ET-0212,entity_type,IENT-1be1fcbe13bed5ddeda54036,Event,Event,1,1,0.99593937397,actual_run,shared_proxy_reference,"AI ensemble reference shares source-type, lexical, contract, and/or historical model signals; report as proxy-reference consistency, not independent accuracy"
Independent Signal Agreement,w/o Independent Signal Agreement,ET-0212,entity_type,IENT-1be1fcbe13bed5ddeda54036,Event,Event,1,1,0.99593937397,actual_run,shared_proxy_reference,"AI ensemble reference shares source-type, lexical, contract, and/or historical model signals; report as proxy-reference consistency, not independent accuracy"
Abstention,w/o Abstention,ET-0212,entity_type,IENT-1be1fcbe13bed5ddeda54036,Event,Event,1,1,0.99593937397,actual_run,shared_proxy_reference,"AI ensemble reference shares source-type, lexical, contract, and/or historical model signals; report as proxy-reference consistency, not independent accuracy"
Full classifier,Full selective classifier,ET-0214,entity_type,IENT-68c10d83ba856ff79febb522,Place,Place,1,1,0.995684981346,actual_run,shared_proxy_reference,"AI ensemble reference shares source-type, lexical, contract, and/or historical model signals; report as proxy-reference consistency, not independent accuracy"
Class-specific Gate,w/o Class-specific Gate,ET-0214,entity_type,IENT-68c10d83ba856ff79febb522,Place,Place,1,1,0.995684981346,actual_run,shared_proxy_reference,"AI ensemble reference shares source-type, lexical, contract, and/or historical model signals; report as proxy-reference consistency, not independent accuracy"
Independent Signal Agreement,w/o Independent Signal Agreement,ET-0214,entity_type,IENT-68c10d83ba856ff79febb522,Place,Place,1,1,0.995684981346,actual_run,shared_proxy_reference,"AI ensemble reference shares source-type, lexical, contract, and/or historical model signals; report as proxy-reference consistency, not independent accuracy"
Abstention,w/o Abstention,ET-0214,entity_type,IENT-68c10d83ba856ff79febb522,Place,Place,1,1,0.995684981346,actual_run,shared_proxy_reference,"AI ensemble reference shares source-type, lexical, contract, and/or historical model signals; report as proxy-reference consistency, not independent accuracy"
Full classifier,Full selective classifier,ET-0215,entity_type,IENT-4864a2cc3ff91a74a57d216d,ABSTAIN,Concept,0,0,0.784174859524,actual_run,shared_proxy_reference,"AI ensemble reference shares source-type, lexical, contract, and/or historical model signals; report as proxy-reference consistency, not independent accuracy"
Class-specific Gate,w/o Class-specific Gate,ET-0215,entity_type,IENT-4864a2cc3ff91a74a57d216d,ABSTAIN,Concept,0,0,0.784174859524,actual_run,shared_proxy_reference,"AI ensemble reference shares source-type, lexical, contract, and/or historical model signals; report as proxy-reference consistency, not independent accuracy"
Independent Signal Agreement,w/o Independent Signal Agreement,ET-0215,entity_type,IENT-4864a2cc3ff91a74a57d216d,ABSTAIN,Concept,0,0,0.784174859524,actual_run,shared_proxy_reference,"AI ensemble reference shares source-type, lexical, contract, and/or historical model signals; report as proxy-reference consistency, not independent accuracy"
Abstention,w/o Abstention,ET-0215,entity_type,IENT-4864a2cc3ff91a74a57d216d,Concept,Concept,1,1,0.784174859524,actual_run,shared_proxy_reference,"AI ensemble reference shares source-type, lexical, contract, and/or historical model signals; report as proxy-reference consistency, not independent accuracy"
Full classifier,Full selective classifier,ET-0217,entity_type,IENT-b238aad72215adeb3539a0e5,ABSTAIN,Person,0,0,0.997574687004,actual_run,shared_proxy_reference,"AI ensemble reference shares source-type, lexical, contract, and/or historical model signals; report as proxy-reference consistency, not independent accuracy"
Class-specific Gate,w/o Class-specific Gate,ET-0217,entity_type,IENT-b238aad72215adeb3539a0e5,ABSTAIN,Person,0,0,0.997574687004,actual_run,shared_proxy_reference,"AI ensemble reference shares source-type, lexical, contract, and/or historical model signals; report as proxy-reference consistency, not independent accuracy"
Independent Signal Agreement,w/o Independent Signal Agreement,ET-0217,entity_type,IENT-b238aad72215adeb3539a0e5,Person,Person,1,1,0.997574687004,actual_run,shared_proxy_reference,"AI ensemble reference shares source-type, lexical, contract, and/or historical model signals; report as proxy-reference consistency, not independent accuracy"
Abstention,w/o Abstention,ET-0217,entity_type,IENT-b238aad72215adeb3539a0e5,Person,Person,1,1,0.997574687004,actual_run,shared_proxy_reference,"AI ensemble reference shares source-type, lexical, contract, and/or historical model signals; report as proxy-reference consistency, not independent accuracy"
Full classifier,Full selective classifier,ET-0218,entity_type,IENT-a32443e37bcaee0e53fac2fe,Person,Person,1,1,0.991415739059,actual_run,shared_proxy_reference,"AI ensemble reference shares source-type, lexical, contract, and/or historical model signals; report as proxy-reference consistency, not independent accuracy"
Class-specific Gate,w/o Class-specific Gate,ET-0218,entity_type,IENT-a32443e37bcaee0e53fac2fe,Person,Person,1,1,0.991415739059,actual_run,shared_proxy_reference,"AI ensemble reference shares source-type, lexical, contract, and/or historical model signals; report as proxy-reference consistency, not independent accuracy"
Independent Signal Agreement,w/o Independent Signal Agreement,ET-0218,entity_type,IENT-a32443e37bcaee0e53fac2fe,Person,Person,1,1,0.991415739059,actual_run,shared_proxy_reference,"AI ensemble reference shares source-type, lexical, contract, and/or historical model signals; report as proxy-reference consistency, not independent accuracy"
Abstention,w/o Abstention,ET-0218,entity_type,IENT-a32443e37bcaee0e53fac2fe,Person,Person,1,1,0.991415739059,actual_run,shared_proxy_reference,"AI ensemble reference shares source-type, lexical, contract, and/or historical model signals; report as proxy-reference consistency, not independent accuracy"
Full classifier,Full selective classifier,ET-0220,entity_type,IENT-132e42758022fa4a20255492,ABSTAIN,Concept,0,0,0.726652562618,actual_run,shared_proxy_reference,"AI ensemble reference shares source-type, lexical, contract, and/or historical model signals; report as proxy-reference consistency, not independent accuracy"
Class-specific Gate,w/o Class-specific Gate,ET-0220,entity_type,IENT-132e42758022fa4a20255492,ABSTAIN,Concept,0,0,0.726652562618,actual_run,shared_proxy_reference,"AI ensemble reference shares source-type, lexical, contract, and/or historical model signals; report as proxy-reference consistency, not independent accuracy"
Independent Signal Agreement,w/o Independent Signal Agreement,ET-0220,entity_type,IENT-132e42758022fa4a20255492,ABSTAIN,Concept,0,0,0.726652562618,actual_run,shared_proxy_reference,"AI ensemble reference shares source-type, lexical, contract, and/or historical model signals; report as proxy-reference consistency, not independent accuracy"
Abstention,w/o Abstention,ET-0220,entity_type,IENT-132e42758022fa4a20255492,Concept,Concept,1,1,0.726652562618,actual_run,shared_proxy_reference,"AI ensemble reference shares source-type, lexical, contract, and/or historical model signals; report as proxy-reference consistency, not independent accuracy"
Full classifier,Full selective classifier,ET-0221,entity_type,IENT-b0e6f7dcef14d9967448cb98,Event,Event,1,1,0.969164788723,actual_run,shared_proxy_reference,"AI ensemble reference shares source-type, lexical, contract, and/or historical model signals; report as proxy-reference consistency, not independent accuracy"
Class-specific Gate,w/o Class-specific Gate,ET-0221,entity_type,IENT-b0e6f7dcef14d9967448cb98,Event,Event,1,1,0.969164788723,actual_run,shared_proxy_reference,"AI ensemble reference shares source-type, lexical, contract, and/or historical model signals; report as proxy-reference consistency, not independent accuracy"
Independent Signal Agreement,w/o Independent Signal Agreement,ET-0221,entity_type,IENT-b0e6f7dcef14d9967448cb98,Event,Event,1,1,0.969164788723,actual_run,shared_proxy_reference,"AI ensemble reference shares source-type, lexical, contract, and/or historical model signals; report as proxy-reference consistency, not independent accuracy"
Abstention,w/o Abstention,ET-0221,entity_type,IENT-b0e6f7dcef14d9967448cb98,Event,Event,1,1,0.969164788723,actual_run,shared_proxy_reference,"AI ensemble reference shares source-type, lexical, contract, and/or historical model signals; report as proxy-reference consistency, not independent accuracy"
Full classifier,Full selective classifier,ET-0222,entity_type,IENT-ea98e4e2f69824bb5e023753,ABSTAIN,Event,0,0,0.789016187191,actual_run,shared_proxy_reference,"AI ensemble reference shares source-type, lexical, contract, and/or historical model signals; report as proxy-reference consistency, not independent accuracy"
Class-specific Gate,w/o Class-specific Gate,ET-0222,entity_type,IENT-ea98e4e2f69824bb5e023753,ABSTAIN,Event,0,0,0.789016187191,actual_run,shared_proxy_reference,"AI ensemble reference shares source-type, lexical, contract, and/or historical model signals; report as proxy-reference consistency, not independent accuracy"
Independent Signal Agreement,w/o Independent Signal Agreement,ET-0222,entity_type,IENT-ea98e4e2f69824bb5e023753,ABSTAIN,Event,0,0,0.789016187191,actual_run,shared_proxy_reference,"AI ensemble reference shares source-type, lexical, contract, and/or historical model signals; report as proxy-reference consistency, not independent accuracy"
Abstention,w/o Abstention,ET-0222,entity_type,IENT-ea98e4e2f69824bb5e023753,Institution,Event,1,0,0.789016187191,actual_run,shared_proxy_reference,"AI ensemble reference shares source-type, lexical, contract, and/or historical model signals; report as proxy-reference consistency, not independent accuracy"
Full classifier,Full selective classifier,ET-0223,entity_type,IENT-dbfe3b0e58523d766111f9a0,Person,Person,1,1,0.994900166988,actual_run,shared_proxy_reference,"AI ensemble reference shares source-type, lexical, contract, and/or historical model signals; report as proxy-reference consistency, not independent accuracy"
Class-specific Gate,w/o Class-specific Gate,ET-0223,entity_type,IENT-dbfe3b0e58523d766111f9a0,Person,Person,1,1,0.994900166988,actual_run,shared_proxy_reference,"AI ensemble reference shares source-type, lexical, contract, and/or historical model signals; report as proxy-reference consistency, not independent accuracy"
Independent Signal Agreement,w/o Independent Signal Agreement,ET-0223,entity_type,IENT-dbfe3b0e58523d766111f9a0,Person,Person,1,1,0.994900166988,actual_run,shared_proxy_reference,"AI ensemble reference shares source-type, lexical, contract, and/or historical model signals; report as proxy-reference consistency, not independent accuracy"
Abstention,w/o Abstention,ET-0223,entity_type,IENT-dbfe3b0e58523d766111f9a0,Person,Person,1,1,0.994900166988,actual_run,shared_proxy_reference,"AI ensemble reference shares source-type, lexical, contract, and/or historical model signals; report as proxy-reference consistency, not independent accuracy"
Full classifier,Full selective classifier,ET-0224,entity_type,IENT-4a3592a39794c34e28ef3efd,ABSTAIN,Event,0,0,0.902222394943,actual_run,shared_proxy_reference,"AI ensemble reference shares source-type, lexical, contract, and/or historical model signals; report as proxy-reference consistency, not independent accuracy"
Class-specific Gate,w/o Class-specific Gate,ET-0224,entity_type,IENT-4a3592a39794c34e28ef3efd,ABSTAIN,Event,0,0,0.902222394943,actual_run,shared_proxy_reference,"AI ensemble reference shares source-type, lexical, contract, and/or historical model signals; report as proxy-reference consistency, not independent accuracy"
Independent Signal Agreement,w/o Independent Signal Agreement,ET-0224,entity_type,IENT-4a3592a39794c34e28ef3efd,Organization,Event,1,0,0.902222394943,actual_run,shared_proxy_reference,"AI ensemble reference shares source-type, lexical, contract, and/or historical model signals; report as proxy-reference consistency, not independent accuracy"
Abstention,w/o Abstention,ET-0224,entity_type,IENT-4a3592a39794c34e28ef3efd,Organization,Event,1,0,0.902222394943,actual_run,shared_proxy_reference,"AI ensemble reference shares source-type, lexical, contract, and/or historical model signals; report as proxy-reference consistency, not independent accuracy"
Full classifier,Full selective classifier,ET-0225,entity_type,IENT-3029f1cf24ef4c4a38c0fd31,Person,Person,1,1,0.924141943455,actual_run,shared_proxy_reference,"AI ensemble reference shares source-type, lexical, contract, and/or historical model signals; report as proxy-reference consistency, not independent accuracy"
Class-specific Gate,w/o Class-specific Gate,ET-0225,entity_type,IENT-3029f1cf24ef4c4a38c0fd31,Person,Person,1,1,0.924141943455,actual_run,shared_proxy_reference,"AI ensemble reference shares source-type, lexical, contract, and/or historical model signals; report as proxy-reference consistency, not independent accuracy"
Independent Signal Agreement,w/o Independent Signal Agreement,ET-0225,entity_type,IENT-3029f1cf24ef4c4a38c0fd31,Person,Person,1,1,0.924141943455,actual_run,shared_proxy_reference,"AI ensemble reference shares source-type, lexical, contract, and/or historical model signals; report as proxy-reference consistency, not independent accuracy"
Abstention,w/o Abstention,ET-0225,entity_type,IENT-3029f1cf24ef4c4a38c0fd31,Person,Person,1,1,0.924141943455,actual_run,shared_proxy_reference,"AI ensemble reference shares source-type, lexical, contract, and/or historical model signals; report as proxy-reference consistency, not independent accuracy"
Full classifier,Full selective classifier,ET-0226,entity_type,IENT-670e358b4ac7dc09ecf1668a,ABSTAIN,Person,0,0,0.962118148804,actual_run,shared_proxy_reference,"AI ensemble reference shares source-type, lexical, contract, and/or historical model signals; report as proxy-reference consistency, not independent accuracy"
Class-specific Gate,w/o Class-specific Gate,ET-0226,entity_type,IENT-670e358b4ac7dc09ecf1668a,ABSTAIN,Person,0,0,0.962118148804,actual_run,shared_proxy_reference,"AI ensemble reference shares source-type, lexical, contract, and/or historical model signals; report as proxy-reference consistency, not independent accuracy"
Independent Signal Agreement,w/o Independent Signal Agreement,ET-0226,entity_type,IENT-670e358b4ac7dc09ecf1668a,Person,Person,1,1,0.962118148804,actual_run,shared_proxy_reference,"AI ensemble reference shares source-type, lexical, contract, and/or historical model signals; report as proxy-reference consistency, not independent accuracy"
Abstention,w/o Abstention,ET-0226,entity_type,IENT-670e358b4ac7dc09ecf1668a,Person,Person,1,1,0.962118148804,actual_run,shared_proxy_reference,"AI ensemble reference shares source-type, lexical, contract, and/or historical model signals; report as proxy-reference consistency, not independent accuracy"
Full classifier,Full selective classifier,ET-0227,entity_type,IENT-1e64783e7bb2a8a5b2709c8a,ABSTAIN,Concept,0,0,0.767823815346,actual_run,shared_proxy_reference,"AI ensemble reference shares source-type, lexical, contract, and/or historical model signals; report as proxy-reference consistency, not independent accuracy"
Class-specific Gate,w/o Class-specific Gate,ET-0227,entity_type,IENT-1e64783e7bb2a8a5b2709c8a,ABSTAIN,Concept,0,0,0.767823815346,actual_run,shared_proxy_reference,"AI ensemble reference shares source-type, lexical, contract, and/or historical model signals; report as proxy-reference consistency, not independent accuracy"
Independent Signal Agreement,w/o Independent Signal Agreement,ET-0227,entity_type,IENT-1e64783e7bb2a8a5b2709c8a,ABSTAIN,Concept,0,0,0.767823815346,actual_run,shared_proxy_reference,"AI ensemble reference shares source-type, lexical, contract, and/or historical model signals; report as proxy-reference consistency, not independent accuracy"
Abstention,w/o Abstention,ET-0227,entity_type,IENT-1e64783e7bb2a8a5b2709c8a,Concept,Concept,1,1,0.767823815346,actual_run,shared_proxy_reference,"AI ensemble reference shares source-type, lexical, contract, and/or historical model signals; report as proxy-reference consistency, not independent accuracy"
Full classifier,Full selective classifier,ET-0228,entity_type,IENT-8c5454abcde943d800968e37,ABSTAIN,Person,0,0,0.885985612869,actual_run,shared_proxy_reference,"AI ensemble reference shares source-type, lexical, contract, and/or historical model signals; report as proxy-reference consistency, not independent accuracy"
Class-specific Gate,w/o Class-specific Gate,ET-0228,entity_type,IENT-8c5454abcde943d800968e37,ABSTAIN,Person,0,0,0.885985612869,actual_run,shared_proxy_reference,"AI ensemble reference shares source-type, lexical, contract, and/or historical model signals; report as proxy-reference consistency, not independent accuracy"
Independent Signal Agreement,w/o Independent Signal Agreement,ET-0228,entity_type,IENT-8c5454abcde943d800968e37,ABSTAIN,Person,0,0,0.885985612869,actual_run,shared_proxy_reference,"AI ensemble reference shares source-type, lexical, contract, and/or historical model signals; report as proxy-reference consistency, not independent accuracy"
Abstention,w/o Abstention,ET-0228,entity_type,IENT-8c5454abcde943d800968e37,Person,Person,1,1,0.885985612869,actual_run,shared_proxy_reference,"AI ensemble reference shares source-type, lexical, contract, and/or historical model signals; report as proxy-reference consistency, not independent accuracy"
Full classifier,Full selective classifier,ET-0229,entity_type,IENT-f733a1bd7178b1fc1782f817,Event,Event,1,1,0.996203660965,actual_run,shared_proxy_reference,"AI ensemble reference shares source-type, lexical, contract, and/or historical model signals; report as proxy-reference consistency, not independent accuracy"
Class-specific Gate,w/o Class-specific Gate,ET-0229,entity_type,IENT-f733a1bd7178b1fc1782f817,Event,Event,1,1,0.996203660965,actual_run,shared_proxy_reference,"AI ensemble reference shares source-type, lexical, contract, and/or historical model signals; report as proxy-reference consistency, not independent accuracy"
Independent Signal Agreement,w/o Independent Signal Agreement,ET-0229,entity_type,IENT-f733a1bd7178b1fc1782f817,Event,Event,1,1,0.996203660965,actual_run,shared_proxy_reference,"AI ensemble reference shares source-type, lexical, contract, and/or historical model signals; report as proxy-reference consistency, not independent accuracy"
Abstention,w/o Abstention,ET-0229,entity_type,IENT-f733a1bd7178b1fc1782f817,Event,Event,1,1,0.996203660965,actual_run,shared_proxy_reference,"AI ensemble reference shares source-type, lexical, contract, and/or historical model signals; report as proxy-reference consistency, not independent accuracy"
Full classifier,Full selective classifier,ET-0231,entity_type,IENT-dc41ff7c03e8c7bec8bf7890,Event,Event,1,1,0.999165296555,actual_run,shared_proxy_reference,"AI ensemble reference shares source-type, lexical, contract, and/or historical model signals; report as proxy-reference consistency, not independent accuracy"
Class-specific Gate,w/o Class-specific Gate,ET-0231,entity_type,IENT-dc41ff7c03e8c7bec8bf7890,Event,Event,1,1,0.999165296555,actual_run,shared_proxy_reference,"AI ensemble reference shares source-type, lexical, contract, and/or historical model signals; report as proxy-reference consistency, not independent accuracy"
Independent Signal Agreement,w/o Independent Signal Agreement,ET-0231,entity_type,IENT-dc41ff7c03e8c7bec8bf7890,Event,Event,1,1,0.999165296555,actual_run,shared_proxy_reference,"AI ensemble reference shares source-type, lexical, contract, and/or historical model signals; report as proxy-reference consistency, not independent accuracy"
Abstention,w/o Abstention,ET-0231,entity_type,IENT-dc41ff7c03e8c7bec8bf7890,Event,Event,1,1,0.999165296555,actual_run,shared_proxy_reference,"AI ensemble reference shares source-type, lexical, contract, and/or historical model signals; report as proxy-reference consistency, not independent accuracy"
Full classifier,Full selective classifier,ET-0232,entity_type,ITOPIC-6b9523616b8bdf7faa8f5389,ABSTAIN,CreativeWork,0,0,0.976198732853,actual_run,shared_proxy_reference,"AI ensemble reference shares source-type, lexical, contract, and/or historical model signals; report as proxy-reference consistency, not independent accuracy"
Class-specific Gate,w/o Class-specific Gate,ET-0232,entity_type,ITOPIC-6b9523616b8bdf7faa8f5389,ABSTAIN,CreativeWork,0,0,0.976198732853,actual_run,shared_proxy_reference,"AI ensemble reference shares source-type, lexical, contract, and/or historical model signals; report as proxy-reference consistency, not independent accuracy"
Independent Signal Agreement,w/o Independent Signal Agreement,ET-0232,entity_type,ITOPIC-6b9523616b8bdf7faa8f5389,ABSTAIN,CreativeWork,0,0,0.976198732853,actual_run,shared_proxy_reference,"AI ensemble reference shares source-type, lexical, contract, and/or historical model signals; report as proxy-reference consistency, not independent accuracy"
Abstention,w/o Abstention,ET-0232,entity_type,ITOPIC-6b9523616b8bdf7faa8f5389,CreativeWork,CreativeWork,1,1,0.976198732853,actual_run,shared_proxy_reference,"AI ensemble reference shares source-type, lexical, contract, and/or historical model signals; report as proxy-reference consistency, not independent accuracy"
Full classifier,Full selective classifier,ET-0235,entity_type,IENT-6ae56d6e87b0dac63eab4061,ABSTAIN,Person,0,0,0.969172775745,actual_run,shared_proxy_reference,"AI ensemble reference shares source-type, lexical, contract, and/or historical model signals; report as proxy-reference consistency, not independent accuracy"
Class-specific Gate,w/o Class-specific Gate,ET-0235,entity_type,IENT-6ae56d6e87b0dac63eab4061,ABSTAIN,Person,0,0,0.969172775745,actual_run,shared_proxy_reference,"AI ensemble reference shares source-type, lexical, contract, and/or historical model signals; report as proxy-reference consistency, not independent accuracy"
Independent Signal Agreement,w/o Independent Signal Agreement,ET-0235,entity_type,IENT-6ae56d6e87b0dac63eab4061,Person,Person,1,1,0.969172775745,actual_run,shared_proxy_reference,"AI ensemble reference shares source-type, lexical, contract, and/or historical model signals; report as proxy-reference consistency, not independent accuracy"
Abstention,w/o Abstention,ET-0235,entity_type,IENT-6ae56d6e87b0dac63eab4061,Person,Person,1,1,0.969172775745,actual_run,shared_proxy_reference,"AI ensemble reference shares source-type, lexical, contract, and/or historical model signals; report as proxy-reference consistency, not independent accuracy"
Full classifier,Full selective classifier,ET-0236,entity_type,IENT-cddd8ecca37b17e01b68f3ca,ABSTAIN,Person,0,0,0.49895247817,actual_run,shared_proxy_reference,"AI ensemble reference shares source-type, lexical, contract, and/or historical model signals; report as proxy-reference consistency, not independent accuracy"
Class-specific Gate,w/o Class-specific Gate,ET-0236,entity_type,IENT-cddd8ecca37b17e01b68f3ca,ABSTAIN,Person,0,0,0.49895247817,actual_run,shared_proxy_reference,"AI ensemble reference shares source-type, lexical, contract, and/or historical model signals; report as proxy-reference consistency, not independent accuracy"
Independent Signal Agreement,w/o Independent Signal Agreement,ET-0236,entity_type,IENT-cddd8ecca37b17e01b68f3ca,ABSTAIN,Person,0,0,0.49895247817,actual_run,shared_proxy_reference,"AI ensemble reference shares source-type, lexical, contract, and/or historical model signals; report as proxy-reference consistency, not independent accuracy"
Abstention,w/o Abstention,ET-0236,entity_type,IENT-cddd8ecca37b17e01b68f3ca,Person,Person,1,1,0.49895247817,actual_run,shared_proxy_reference,"AI ensemble reference shares source-type, lexical, contract, and/or historical model signals; report as proxy-reference consistency, not independent accuracy"
Full classifier,Full selective classifier,ET-0237,entity_type,IENT-e73bf3855cca8a615517a6d2,ABSTAIN,Person,0,0,0.981911182404,actual_run,shared_proxy_reference,"AI ensemble reference shares source-type, lexical, contract, and/or historical model signals; report as proxy-reference consistency, not independent accuracy"
Class-specific Gate,w/o Class-specific Gate,ET-0237,entity_type,IENT-e73bf3855cca8a615517a6d2,ABSTAIN,Person,0,0,0.981911182404,actual_run,shared_proxy_reference,"AI ensemble reference shares source-type, lexical, contract, and/or historical model signals; report as proxy-reference consistency, not independent accuracy"
Independent Signal Agreement,w/o Independent Signal Agreement,ET-0237,entity_type,IENT-e73bf3855cca8a615517a6d2,Person,Person,1,1,0.981911182404,actual_run,shared_proxy_reference,"AI ensemble reference shares source-type, lexical, contract, and/or historical model signals; report as proxy-reference consistency, not independent accuracy"
Abstention,w/o Abstention,ET-0237,entity_type,IENT-e73bf3855cca8a615517a6d2,Person,Person,1,1,0.981911182404,actual_run,shared_proxy_reference,"AI ensemble reference shares source-type, lexical, contract, and/or historical model signals; report as proxy-reference consistency, not independent accuracy"
Full classifier,Full selective classifier,ET-0238,entity_type,IENT-6cdde5c9325bcc2064eb4766,ABSTAIN,Person,0,0,0.995246529579,actual_run,shared_proxy_reference,"AI ensemble reference shares source-type, lexical, contract, and/or historical model signals; report as proxy-reference consistency, not independent accuracy"
Class-specific Gate,w/o Class-specific Gate,ET-0238,entity_type,IENT-6cdde5c9325bcc2064eb4766,ABSTAIN,Person,0,0,0.995246529579,actual_run,shared_proxy_reference,"AI ensemble reference shares source-type, lexical, contract, and/or historical model signals; report as proxy-reference consistency, not independent accuracy"
Independent Signal Agreement,w/o Independent Signal Agreement,ET-0238,entity_type,IENT-6cdde5c9325bcc2064eb4766,Person,Person,1,1,0.995246529579,actual_run,shared_proxy_reference,"AI ensemble reference shares source-type, lexical, contract, and/or historical model signals; report as proxy-reference consistency, not independent accuracy"
Abstention,w/o Abstention,ET-0238,entity_type,IENT-6cdde5c9325bcc2064eb4766,Person,Person,1,1,0.995246529579,actual_run,shared_proxy_reference,"AI ensemble reference shares source-type, lexical, contract, and/or historical model signals; report as proxy-reference consistency, not independent accuracy"
Full classifier,Full selective classifier,ET-0239,entity_type,IENT-a2fb9d34433afe382235d3e8,Person,Person,1,1,0.955378949642,actual_run,shared_proxy_reference,"AI ensemble reference shares source-type, lexical, contract, and/or historical model signals; report as proxy-reference consistency, not independent accuracy"
Class-specific Gate,w/o Class-specific Gate,ET-0239,entity_type,IENT-a2fb9d34433afe382235d3e8,Person,Person,1,1,0.955378949642,actual_run,shared_proxy_reference,"AI ensemble reference shares source-type, lexical, contract, and/or historical model signals; report as proxy-reference consistency, not independent accuracy"
Independent Signal Agreement,w/o Independent Signal Agreement,ET-0239,entity_type,IENT-a2fb9d34433afe382235d3e8,Person,Person,1,1,0.955378949642,actual_run,shared_proxy_reference,"AI ensemble reference shares source-type, lexical, contract, and/or historical model signals; report as proxy-reference consistency, not independent accuracy"
Abstention,w/o Abstention,ET-0239,entity_type,IENT-a2fb9d34433afe382235d3e8,Person,Person,1,1,0.955378949642,actual_run,shared_proxy_reference,"AI ensemble reference shares source-type, lexical, contract, and/or historical model signals; report as proxy-reference consistency, not independent accuracy"
Full classifier,Full selective classifier,ET-0240,entity_type,IENT-de9b26622138db9582c80936,ABSTAIN,Person,0,0,0.850835442543,actual_run,shared_proxy_reference,"AI ensemble reference shares source-type, lexical, contract, and/or historical model signals; report as proxy-reference consistency, not independent accuracy"
Class-specific Gate,w/o Class-specific Gate,ET-0240,entity_type,IENT-de9b26622138db9582c80936,ABSTAIN,Person,0,0,0.850835442543,actual_run,shared_proxy_reference,"AI ensemble reference shares source-type, lexical, contract, and/or historical model signals; report as proxy-reference consistency, not independent accuracy"
Independent Signal Agreement,w/o Independent Signal Agreement,ET-0240,entity_type,IENT-de9b26622138db9582c80936,ABSTAIN,Person,0,0,0.850835442543,actual_run,shared_proxy_reference,"AI ensemble reference shares source-type, lexical, contract, and/or historical model signals; report as proxy-reference consistency, not independent accuracy"
Abstention,w/o Abstention,ET-0240,entity_type,IENT-de9b26622138db9582c80936,Person,Person,1,1,0.850835442543,actual_run,shared_proxy_reference,"AI ensemble reference shares source-type, lexical, contract, and/or historical model signals; report as proxy-reference consistency, not independent accuracy"
Relation Contract,Full relation contract,RS-0001,relation_semantic,IFACT-f675cca33c587edfcf492c3f,arrested_at,arrested_at,1,1,,actual_run,shared_proxy_reference,"AI ensemble reference shares source-type, lexical, contract, and/or historical model signals; report as proxy-reference consistency, not independent accuracy"
Relation Contract,w/o Relation Contract,RS-0001,relation_semantic,IFACT-f675cca33c587edfcf492c3f,arrested_at,arrested_at,1,1,,actual_run,shared_proxy_reference,"AI ensemble reference shares source-type, lexical, contract, and/or historical model signals; report as proxy-reference consistency, not independent accuracy"
Relation Contract,Full relation contract,RS-0002,relation_semantic,IFACT-5769bf03e2c51f3e46bd379e,born_at,born_at,1,1,,actual_run,shared_proxy_reference,"AI ensemble reference shares source-type, lexical, contract, and/or historical model signals; report as proxy-reference consistency, not independent accuracy"
Relation Contract,w/o Relation Contract,RS-0002,relation_semantic,IFACT-5769bf03e2c51f3e46bd379e,born_at,born_at,1,1,,actual_run,shared_proxy_reference,"AI ensemble reference shares source-type, lexical, contract, and/or historical model signals; report as proxy-reference consistency, not independent accuracy"
Relation Contract,Full relation contract,RS-0003,relation_semantic,IFACT-853fc8aa7ef25cd32f1c4b01,led,led,1,1,,actual_run,shared_proxy_reference,"AI ensemble reference shares source-type, lexical, contract, and/or historical model signals; report as proxy-reference consistency, not independent accuracy"
Relation Contract,w/o Relation Contract,RS-0003,relation_semantic,IFACT-853fc8aa7ef25cd32f1c4b01,led,led,1,1,,actual_run,shared_proxy_reference,"AI ensemble reference shares source-type, lexical, contract, and/or historical model signals; report as proxy-reference consistency, not independent accuracy"
Relation Contract,Full relation contract,RS-0004,relation_semantic,IFACT-34b84736295319e30093e853,participated_in,participated_in,1,1,,actual_run,shared_proxy_reference,"AI ensemble reference shares source-type, lexical, contract, and/or historical model signals; report as proxy-reference consistency, not independent accuracy"
Relation Contract,w/o Relation Contract,RS-0004,relation_semantic,IFACT-34b84736295319e30093e853,participated_in,participated_in,1,1,,actual_run,shared_proxy_reference,"AI ensemble reference shares source-type, lexical, contract, and/or historical model signals; report as proxy-reference consistency, not independent accuracy"
Relation Contract,Full relation contract,RS-0005,relation_semantic,IFACT-8043449f7f5857f6f8fca8be,administratively_in,administratively_in,1,1,,actual_run,shared_proxy_reference,"AI ensemble reference shares source-type, lexical, contract, and/or historical model signals; report as proxy-reference consistency, not independent accuracy"
Relation Contract,w/o Relation Contract,RS-0005,relation_semantic,IFACT-8043449f7f5857f6f8fca8be,administratively_in,administratively_in,1,1,,actual_run,shared_proxy_reference,"AI ensemble reference shares source-type, lexical, contract, and/or historical model signals; report as proxy-reference consistency, not independent accuracy"
Relation Contract,Full relation contract,RS-0006,relation_semantic,IFACT-55c79981c4c004e14cb67ce5,family_of,family_of,1,1,,actual_run,shared_proxy_reference,"AI ensemble reference shares source-type, lexical, contract, and/or historical model signals; report as proxy-reference consistency, not independent accuracy"
Relation Contract,w/o Relation Contract,RS-0006,relation_semantic,IFACT-55c79981c4c004e14cb67ce5,family_of,family_of,1,1,,actual_run,shared_proxy_reference,"AI ensemble reference shares source-type, lexical, contract, and/or historical model signals; report as proxy-reference consistency, not independent accuracy"
Relation Contract,Full relation contract,RS-0007,relation_semantic,IFACT-e5ecee973de6fccaac50101d,created_during,created_during,1,1,,actual_run,shared_proxy_reference,"AI ensemble reference shares source-type, lexical, contract, and/or historical model signals; report as proxy-reference consistency, not independent accuracy"
Relation Contract,w/o Relation Contract,RS-0007,relation_semantic,IFACT-e5ecee973de6fccaac50101d,created_during,created_during,1,1,,actual_run,shared_proxy_reference,"AI ensemble reference shares source-type, lexical, contract, and/or historical model signals; report as proxy-reference consistency, not independent accuracy"
Relation Contract,Full relation contract,RS-0008,relation_semantic,IFACT-d1a8b658a73b29f0b7b3fbf1,trained,trained,1,1,,actual_run,shared_proxy_reference,"AI ensemble reference shares source-type, lexical, contract, and/or historical model signals; report as proxy-reference consistency, not independent accuracy"
Relation Contract,w/o Relation Contract,RS-0008,relation_semantic,IFACT-d1a8b658a73b29f0b7b3fbf1,trained,trained,1,1,,actual_run,shared_proxy_reference,"AI ensemble reference shares source-type, lexical, contract, and/or historical model signals; report as proxy-reference consistency, not independent accuracy"
Relation Contract,Full relation contract,RS-0010,relation_semantic,IFACT-683195368f52d5ee8930dfb0,arrested_at,arrested_at,1,1,,actual_run,shared_proxy_reference,"AI ensemble reference shares source-type, lexical, contract, and/or historical model signals; report as proxy-reference consistency, not independent accuracy"
Relation Contract,w/o Relation Contract,RS-0010,relation_semantic,IFACT-683195368f52d5ee8930dfb0,arrested_at,arrested_at,1,1,,actual_run,shared_proxy_reference,"AI ensemble reference shares source-type, lexical, contract, and/or historical model signals; report as proxy-reference consistency, not independent accuracy"
Relation Contract,Full relation contract,RS-0011,relation_semantic,IFACT-c8b6216a2389fd77f82ebb85,appointed,appointed,1,1,,actual_run,shared_proxy_reference,"AI ensemble reference shares source-type, lexical, contract, and/or historical model signals; report as proxy-reference consistency, not independent accuracy"
Relation Contract,w/o Relation Contract,RS-0011,relation_semantic,IFACT-c8b6216a2389fd77f82ebb85,appointed,appointed,1,1,,actual_run,shared_proxy_reference,"AI ensemble reference shares source-type, lexical, contract, and/or historical model signals; report as proxy-reference consistency, not independent accuracy"
Relation Contract,Full relation contract,RS-0012,relation_semantic,IFACT-30ba44ab17d1e437b3ebb338,influenced,influenced,1,1,,actual_run,shared_proxy_reference,"AI ensemble reference shares source-type, lexical, contract, and/or historical model signals; report as proxy-reference consistency, not independent accuracy"
Relation Contract,w/o Relation Contract,RS-0012,relation_semantic,IFACT-30ba44ab17d1e437b3ebb338,influenced,influenced,1,1,,actual_run,shared_proxy_reference,"AI ensemble reference shares source-type, lexical, contract, and/or historical model signals; report as proxy-reference consistency, not independent accuracy"
Relation Contract,Full relation contract,RS-0013,relation_semantic,IFACT-dc05abb3b6f059bea920dadf,participated_in,participated_in,1,1,,actual_run,shared_proxy_reference,"AI ensemble reference shares source-type, lexical, contract, and/or historical model signals; report as proxy-reference consistency, not independent accuracy"
Relation Contract,w/o Relation Contract,RS-0013,relation_semantic,IFACT-dc05abb3b6f059bea920dadf,participated_in,participated_in,1,1,,actual_run,shared_proxy_reference,"AI ensemble reference shares source-type, lexical, contract, and/or historical model signals; report as proxy-reference consistency, not independent accuracy"
Relation Contract,Full relation contract,RS-0014,relation_semantic,IFACT-115c455bd7d3b3dad755bdf2,carried_out,carried_out,1,1,,actual_run,shared_proxy_reference,"AI ensemble reference shares source-type, lexical, contract, and/or historical model signals; report as proxy-reference consistency, not independent accuracy"
Relation Contract,w/o Relation Contract,RS-0014,relation_semantic,IFACT-115c455bd7d3b3dad755bdf2,carried_out,carried_out,1,1,,actual_run,shared_proxy_reference,"AI ensemble reference shares source-type, lexical, contract, and/or historical model signals; report as proxy-reference consistency, not independent accuracy"
Relation Contract,Full relation contract,RS-0015,relation_semantic,IFACT-4db0558a72918aea3dacc51a,formulated,formulated,1,1,,actual_run,shared_proxy_reference,"AI ensemble reference shares source-type, lexical, contract, and/or historical model signals; report as proxy-reference consistency, not independent accuracy"
Relation Contract,w/o Relation Contract,RS-0015,relation_semantic,IFACT-4db0558a72918aea3dacc51a,formulated,formulated,1,1,,actual_run,shared_proxy_reference,"AI ensemble reference shares source-type, lexical, contract, and/or historical model signals; report as proxy-reference consistency, not independent accuracy"
Relation Contract,Full relation contract,RS-0016,relation_semantic,IFACT-49984b7a70599c0300338a52,responsible_for,responsible_for,1,1,,actual_run,shared_proxy_reference,"AI ensemble reference shares source-type, lexical, contract, and/or historical model signals; report as proxy-reference consistency, not independent accuracy"
Relation Contract,w/o Relation Contract,RS-0016,relation_semantic,IFACT-49984b7a70599c0300338a52,responsible_for,responsible_for,1,1,,actual_run,shared_proxy_reference,"AI ensemble reference shares source-type, lexical, contract, and/or historical model signals; report as proxy-reference consistency, not independent accuracy"
Relation Contract,Full relation contract,RS-0017,relation_semantic,IFACT-61f0da483a3a356da6eb462d,formed_during,formed_during,1,1,,actual_run,shared_proxy_reference,"AI ensemble reference shares source-type, lexical, contract, and/or historical model signals; report as proxy-reference consistency, not independent accuracy"
Relation Contract,w/o Relation Contract,RS-0017,relation_semantic,IFACT-61f0da483a3a356da6eb462d,formed_during,formed_during,1,1,,actual_run,shared_proxy_reference,"AI ensemble reference shares source-type, lexical, contract, and/or historical model signals; report as proxy-reference consistency, not independent accuracy"
Relation Contract,Full relation contract,RS-0018,relation_semantic,IFACT-f84e7e976dfb72ef009a6288,led,led,1,1,,actual_run,shared_proxy_reference,"AI ensemble reference shares source-type, lexical, contract, and/or historical model signals; report as proxy-reference consistency, not independent accuracy"
Relation Contract,w/o Relation Contract,RS-0018,relation_semantic,IFACT-f84e7e976dfb72ef009a6288,led,led,1,1,,actual_run,shared_proxy_reference,"AI ensemble reference shares source-type, lexical, contract, and/or historical model signals; report as proxy-reference consistency, not independent accuracy"
Relation Contract,Full relation contract,RS-0019,relation_semantic,IFACT-18e20ffa2139b6a71adcab79,commemorates,commemorates,1,1,,actual_run,shared_proxy_reference,"AI ensemble reference shares source-type, lexical, contract, and/or historical model signals; report as proxy-reference consistency, not independent accuracy"
Relation Contract,w/o Relation Contract,RS-0019,relation_semantic,IFACT-18e20ffa2139b6a71adcab79,commemorates,commemorates,1,1,,actual_run,shared_proxy_reference,"AI ensemble reference shares source-type, lexical, contract, and/or historical model signals; report as proxy-reference consistency, not independent accuracy"
Relation Contract,Full relation contract,RS-0020,relation_semantic,IFACT-5bb27685a41e94b782e145e2,governed,governed,1,1,,actual_run,shared_proxy_reference,"AI ensemble reference shares source-type, lexical, contract, and/or historical model signals; report as proxy-reference consistency, not independent accuracy"
Relation Contract,w/o Relation Contract,RS-0020,relation_semantic,IFACT-5bb27685a41e94b782e145e2,governed,governed,1,1,,actual_run,shared_proxy_reference,"AI ensemble reference shares source-type, lexical, contract, and/or historical model signals; report as proxy-reference consistency, not independent accuracy"
Relation Contract,Full relation contract,RS-0021,relation_semantic,IFACT-d7ac5d7de301b387127d526e,spouse_of,spouse_of,1,1,,actual_run,shared_proxy_reference,"AI ensemble reference shares source-type, lexical, contract, and/or historical model signals; report as proxy-reference consistency, not independent accuracy"
Relation Contract,w/o Relation Contract,RS-0021,relation_semantic,IFACT-d7ac5d7de301b387127d526e,spouse_of,spouse_of,1,1,,actual_run,shared_proxy_reference,"AI ensemble reference shares source-type, lexical, contract, and/or historical model signals; report as proxy-reference consistency, not independent accuracy"
Relation Contract,Full relation contract,RS-0022,relation_semantic,IFACT-98b7000b453484581eda4d62,organized,organized,1,1,,actual_run,shared_proxy_reference,"AI ensemble reference shares source-type, lexical, contract, and/or historical model signals; report as proxy-reference consistency, not independent accuracy"
Relation Contract,w/o Relation Contract,RS-0022,relation_semantic,IFACT-98b7000b453484581eda4d62,organized,organized,1,1,,actual_run,shared_proxy_reference,"AI ensemble reference shares source-type, lexical, contract, and/or historical model signals; report as proxy-reference consistency, not independent accuracy"
Relation Contract,Full relation contract,RS-0023,relation_semantic,IFACT-0c6451d7515e1aa4f8d1152d,protected,protected,1,1,,actual_run,shared_proxy_reference,"AI ensemble reference shares source-type, lexical, contract, and/or historical model signals; report as proxy-reference consistency, not independent accuracy"
Relation Contract,w/o Relation Contract,RS-0023,relation_semantic,IFACT-0c6451d7515e1aa4f8d1152d,protected,protected,1,1,,actual_run,shared_proxy_reference,"AI ensemble reference shares source-type, lexical, contract, and/or historical model signals; report as proxy-reference consistency, not independent accuracy"
Relation Contract,Full relation contract,RS-0024,relation_semantic,IFACT-5beeac53d25016066561164e,spouse_of,spouse_of,1,1,,actual_run,shared_proxy_reference,"AI ensemble reference shares source-type, lexical, contract, and/or historical model signals; report as proxy-reference consistency, not independent accuracy"
Relation Contract,w/o Relation Contract,RS-0024,relation_semantic,IFACT-5beeac53d25016066561164e,spouse_of,spouse_of,1,1,,actual_run,shared_proxy_reference,"AI ensemble reference shares source-type, lexical, contract, and/or historical model signals; report as proxy-reference consistency, not independent accuracy"
Relation Contract,Full relation contract,RS-0025,relation_semantic,IFACT-756a362f539517819a55bb73,criticized,criticized,1,1,,actual_run,shared_proxy_reference,"AI ensemble reference shares source-type, lexical, contract, and/or historical model signals; report as proxy-reference consistency, not independent accuracy"
Relation Contract,w/o Relation Contract,RS-0025,relation_semantic,IFACT-756a362f539517819a55bb73,criticized,criticized,1,1,,actual_run,shared_proxy_reference,"AI ensemble reference shares source-type, lexical, contract, and/or historical model signals; report as proxy-reference consistency, not independent accuracy"
Relation Contract,Full relation contract,RS-0026,relation_semantic,IFACT-0f0bdb8ec29ffa3bc3314bf7,organized,organized,1,1,,actual_run,shared_proxy_reference,"AI ensemble reference shares source-type, lexical, contract, and/or historical model signals; report as proxy-reference consistency, not independent accuracy"
Relation Contract,w/o Relation Contract,RS-0026,relation_semantic,IFACT-0f0bdb8ec29ffa3bc3314bf7,organized,organized,1,1,,actual_run,shared_proxy_reference,"AI ensemble reference shares source-type, lexical, contract, and/or historical model signals; report as proxy-reference consistency, not independent accuracy"
Relation Contract,Full relation contract,RS-0027,relation_semantic,IFACT-449a7e718b07a2d761381394,documents,documents,1,1,,actual_run,shared_proxy_reference,"AI ensemble reference shares source-type, lexical, contract, and/or historical model signals; report as proxy-reference consistency, not independent accuracy"
Relation Contract,w/o Relation Contract,RS-0027,relation_semantic,IFACT-449a7e718b07a2d761381394,documents,documents,1,1,,actual_run,shared_proxy_reference,"AI ensemble reference shares source-type, lexical, contract, and/or historical model signals; report as proxy-reference consistency, not independent accuracy"
Relation Contract,Full relation contract,RS-0028,relation_semantic,IFACT-d87d69eea83d4515fe4dfd6c,participated_in,participated_in,1,1,,actual_run,shared_proxy_reference,"AI ensemble reference shares source-type, lexical, contract, and/or historical model signals; report as proxy-reference consistency, not independent accuracy"
Relation Contract,w/o Relation Contract,RS-0028,relation_semantic,IFACT-d87d69eea83d4515fe4dfd6c,participated_in,participated_in,1,1,,actual_run,shared_proxy_reference,"AI ensemble reference shares source-type, lexical, contract, and/or historical model signals; report as proxy-reference consistency, not independent accuracy"
Relation Contract,Full relation contract,RS-0029,relation_semantic,IFACT-90da574b0cb30743a5a093f5,formulated,formulated,1,1,,actual_run,shared_proxy_reference,"AI ensemble reference shares source-type, lexical, contract, and/or historical model signals; report as proxy-reference consistency, not independent accuracy"
Relation Contract,w/o Relation Contract,RS-0029,relation_semantic,IFACT-90da574b0cb30743a5a093f5,formulated,formulated,1,1,,actual_run,shared_proxy_reference,"AI ensemble reference shares source-type, lexical, contract, and/or historical model signals; report as proxy-reference consistency, not independent accuracy"
Relation Contract,Full relation contract,RS-0030,relation_semantic,IFACT-06cd460e73763320f4c28c68,born_at,born_at,1,1,,actual_run,shared_proxy_reference,"AI ensemble reference shares source-type, lexical, contract, and/or historical model signals; report as proxy-reference consistency, not independent accuracy"
Relation Contract,w/o Relation Contract,RS-0030,relation_semantic,IFACT-06cd460e73763320f4c28c68,born_at,born_at,1,1,,actual_run,shared_proxy_reference,"AI ensemble reference shares source-type, lexical, contract, and/or historical model signals; report as proxy-reference consistency, not independent accuracy"
Relation Contract,Full relation contract,RS-0031,relation_semantic,IFACT-a43971347d9e7ee71452f7bd,active_during,active_during,1,1,,actual_run,shared_proxy_reference,"AI ensemble reference shares source-type, lexical, contract, and/or historical model signals; report as proxy-reference consistency, not independent accuracy"
Relation Contract,w/o Relation Contract,RS-0031,relation_semantic,IFACT-a43971347d9e7ee71452f7bd,active_during,active_during,1,1,,actual_run,shared_proxy_reference,"AI ensemble reference shares source-type, lexical, contract, and/or historical model signals; report as proxy-reference consistency, not independent accuracy"
Relation Contract,Full relation contract,RS-0032,relation_semantic,IFACT-e3fa6a4008fbc98fb4a42927,published_by,published_by,1,1,,actual_run,shared_proxy_reference,"AI ensemble reference shares source-type, lexical, contract, and/or historical model signals; report as proxy-reference consistency, not independent accuracy"
Relation Contract,w/o Relation Contract,RS-0032,relation_semantic,IFACT-e3fa6a4008fbc98fb4a42927,published_by,published_by,1,1,,actual_run,shared_proxy_reference,"AI ensemble reference shares source-type, lexical, contract, and/or historical model signals; report as proxy-reference consistency, not independent accuracy"
Relation Contract,Full relation contract,RS-0033,relation_semantic,IFACT-9a4594cf30aa0f12684e6747,stationed_at,stationed_at,1,1,,actual_run,shared_proxy_reference,"AI ensemble reference shares source-type, lexical, contract, and/or historical model signals; report as proxy-reference consistency, not independent accuracy"
Relation Contract,w/o Relation Contract,RS-0033,relation_semantic,IFACT-9a4594cf30aa0f12684e6747,stationed_at,stationed_at,1,1,,actual_run,shared_proxy_reference,"AI ensemble reference shares source-type, lexical, contract, and/or historical model signals; report as proxy-reference consistency, not independent accuracy"
Relation Contract,Full relation contract,RS-0034,relation_semantic,IFACT-fd3983c2556d6587f09232fb,organized,organized,1,1,,actual_run,shared_proxy_reference,"AI ensemble reference shares source-type, lexical, contract, and/or historical model signals; report as proxy-reference consistency, not independent accuracy"
Relation Contract,w/o Relation Contract,RS-0034,relation_semantic,IFACT-fd3983c2556d6587f09232fb,organized,organized,1,1,,actual_run,shared_proxy_reference,"AI ensemble reference shares source-type, lexical, contract, and/or historical model signals; report as proxy-reference consistency, not independent accuracy"
Relation Contract,Full relation contract,RS-0035,relation_semantic,IFACT-23ea1f19920d1285a970b67c,participated_in,participated_in,1,1,,actual_run,shared_proxy_reference,"AI ensemble reference shares source-type, lexical, contract, and/or historical model signals; report as proxy-reference consistency, not independent accuracy"
Relation Contract,w/o Relation Contract,RS-0035,relation_semantic,IFACT-23ea1f19920d1285a970b67c,participated_in,participated_in,1,1,,actual_run,shared_proxy_reference,"AI ensemble reference shares source-type, lexical, contract, and/or historical model signals; report as proxy-reference consistency, not independent accuracy"
Relation Contract,Full relation contract,RS-0036,relation_semantic,IFACT-67e28ee18128390855559872,held_position_in,held_position_in,1,1,,actual_run,shared_proxy_reference,"AI ensemble reference shares source-type, lexical, contract, and/or historical model signals; report as proxy-reference consistency, not independent accuracy"
Relation Contract,w/o Relation Contract,RS-0036,relation_semantic,IFACT-67e28ee18128390855559872,held_position_in,held_position_in,1,1,,actual_run,shared_proxy_reference,"AI ensemble reference shares source-type, lexical, contract, and/or historical model signals; report as proxy-reference consistency, not independent accuracy"
Relation Contract,Full relation contract,RS-0037,relation_semantic,IFACT-102cc32f4b1af92a4bdcbea6,died_at,died_at,1,1,,actual_run,shared_proxy_reference,"AI ensemble reference shares source-type, lexical, contract, and/or historical model signals; report as proxy-reference consistency, not independent accuracy"
Relation Contract,w/o Relation Contract,RS-0037,relation_semantic,IFACT-102cc32f4b1af92a4bdcbea6,died_at,died_at,1,1,,actual_run,shared_proxy_reference,"AI ensemble reference shares source-type, lexical, contract, and/or historical model signals; report as proxy-reference consistency, not independent accuracy"
Relation Contract,Full relation contract,RS-0038,relation_semantic,IFACT-8d34988e2acc4ec63c9ee998,held_position,held_position,1,1,,actual_run,shared_proxy_reference,"AI ensemble reference shares source-type, lexical, contract, and/or historical model signals; report as proxy-reference consistency, not independent accuracy"
Relation Contract,w/o Relation Contract,RS-0038,relation_semantic,IFACT-8d34988e2acc4ec63c9ee998,held_position,held_position,1,1,,actual_run,shared_proxy_reference,"AI ensemble reference shares source-type, lexical, contract, and/or historical model signals; report as proxy-reference consistency, not independent accuracy"
Relation Contract,Full relation contract,RS-0039,relation_semantic,IFACT-9ae6be2adb15f1eb9a95fdd7,active_during,active_during,1,1,,actual_run,shared_proxy_reference,"AI ensemble reference shares source-type, lexical, contract, and/or historical model signals; report as proxy-reference consistency, not independent accuracy"
Relation Contract,w/o Relation Contract,RS-0039,relation_semantic,IFACT-9ae6be2adb15f1eb9a95fdd7,active_during,active_during,1,1,,actual_run,shared_proxy_reference,"AI ensemble reference shares source-type, lexical, contract, and/or historical model signals; report as proxy-reference consistency, not independent accuracy"
Relation Contract,Full relation contract,RS-0040,relation_semantic,IFACT-0b6e5c534ba66a4a85b7e8d3,dispatched,dispatched,1,1,,actual_run,shared_proxy_reference,"AI ensemble reference shares source-type, lexical, contract, and/or historical model signals; report as proxy-reference consistency, not independent accuracy"
Relation Contract,w/o Relation Contract,RS-0040,relation_semantic,IFACT-0b6e5c534ba66a4a85b7e8d3,dispatched,dispatched,1,1,,actual_run,shared_proxy_reference,"AI ensemble reference shares source-type, lexical, contract, and/or historical model signals; report as proxy-reference consistency, not independent accuracy"
Relation Contract,Full relation contract,RS-0041,relation_semantic,IFACT-59e63248fcb8db32538eb7d1,killed,killed,1,1,,actual_run,shared_proxy_reference,"AI ensemble reference shares source-type, lexical, contract, and/or historical model signals; report as proxy-reference consistency, not independent accuracy"
Relation Contract,w/o Relation Contract,RS-0041,relation_semantic,IFACT-59e63248fcb8db32538eb7d1,killed,killed,1,1,,actual_run,shared_proxy_reference,"AI ensemble reference shares source-type, lexical, contract, and/or historical model signals; report as proxy-reference consistency, not independent accuracy"
Relation Contract,Full relation contract,RS-0042,relation_semantic,IFACT-31b9a3507c0b20da93025c99,worked_at,worked_at,1,1,,actual_run,shared_proxy_reference,"AI ensemble reference shares source-type, lexical, contract, and/or historical model signals; report as proxy-reference consistency, not independent accuracy"
Relation Contract,w/o Relation Contract,RS-0042,relation_semantic,IFACT-31b9a3507c0b20da93025c99,worked_at,worked_at,1,1,,actual_run,shared_proxy_reference,"AI ensemble reference shares source-type, lexical, contract, and/or historical model signals; report as proxy-reference consistency, not independent accuracy"
Relation Contract,Full relation contract,RS-0043,relation_semantic,IFACT-e73ba8e20207a910a8e3224a,authored,authored,1,1,,actual_run,shared_proxy_reference,"AI ensemble reference shares source-type, lexical, contract, and/or historical model signals; report as proxy-reference consistency, not independent accuracy"
Relation Contract,w/o Relation Contract,RS-0043,relation_semantic,IFACT-e73ba8e20207a910a8e3224a,authored,authored,1,1,,actual_run,shared_proxy_reference,"AI ensemble reference shares source-type, lexical, contract, and/or historical model signals; report as proxy-reference consistency, not independent accuracy"
Relation Contract,Full relation contract,RS-0044,relation_semantic,IFACT-4932f08057259dae7112e69c,led,led,1,1,,actual_run,shared_proxy_reference,"AI ensemble reference shares source-type, lexical, contract, and/or historical model signals; report as proxy-reference consistency, not independent accuracy"
Relation Contract,w/o Relation Contract,RS-0044,relation_semantic,IFACT-4932f08057259dae7112e69c,led,led,1,1,,actual_run,shared_proxy_reference,"AI ensemble reference shares source-type, lexical, contract, and/or historical model signals; report as proxy-reference consistency, not independent accuracy"
Relation Contract,Full relation contract,RS-0045,relation_semantic,IFACT-761344f3359937e82d9ab0c8,criticized,criticized,1,1,,actual_run,shared_proxy_reference,"AI ensemble reference shares source-type, lexical, contract, and/or historical model signals; report as proxy-reference consistency, not independent accuracy"
Relation Contract,w/o Relation Contract,RS-0045,relation_semantic,IFACT-761344f3359937e82d9ab0c8,criticized,criticized,1,1,,actual_run,shared_proxy_reference,"AI ensemble reference shares source-type, lexical, contract, and/or historical model signals; report as proxy-reference consistency, not independent accuracy"
Relation Contract,Full relation contract,RS-0046,relation_semantic,IFACT-6be720bbbc613e6116cbaa15,prototype_for,prototype_for,1,1,,actual_run,shared_proxy_reference,"AI ensemble reference shares source-type, lexical, contract, and/or historical model signals; report as proxy-reference consistency, not independent accuracy"
Relation Contract,w/o Relation Contract,RS-0046,relation_semantic,IFACT-6be720bbbc613e6116cbaa15,prototype_for,prototype_for,1,1,,actual_run,shared_proxy_reference,"AI ensemble reference shares source-type, lexical, contract, and/or historical model signals; report as proxy-reference consistency, not independent accuracy"
Relation Contract,Full relation contract,RS-0047,relation_semantic,IFACT-4f1d4c97d5d1e6723adf98ae,supported,supported,1,1,,actual_run,shared_proxy_reference,"AI ensemble reference shares source-type, lexical, contract, and/or historical model signals; report as proxy-reference consistency, not independent accuracy"
Relation Contract,w/o Relation Contract,RS-0047,relation_semantic,IFACT-4f1d4c97d5d1e6723adf98ae,supported,supported,1,1,,actual_run,shared_proxy_reference,"AI ensemble reference shares source-type, lexical, contract, and/or historical model signals; report as proxy-reference consistency, not independent accuracy"
Relation Contract,Full relation contract,RS-0048,relation_semantic,IFACT-758eb91d4938ec2bdbcb75b0,recruited,recruited,1,1,,actual_run,shared_proxy_reference,"AI ensemble reference shares source-type, lexical, contract, and/or historical model signals; report as proxy-reference consistency, not independent accuracy"
Relation Contract,w/o Relation Contract,RS-0048,relation_semantic,IFACT-758eb91d4938ec2bdbcb75b0,recruited,recruited,1,1,,actual_run,shared_proxy_reference,"AI ensemble reference shares source-type, lexical, contract, and/or historical model signals; report as proxy-reference consistency, not independent accuracy"
Relation Contract,Full relation contract,RS-0049,relation_semantic,IFACT-b72b7fb4a1599721b86bc5bb,depicts,depicts,1,1,,actual_run,shared_proxy_reference,"AI ensemble reference shares source-type, lexical, contract, and/or historical model signals; report as proxy-reference consistency, not independent accuracy"
Relation Contract,w/o Relation Contract,RS-0049,relation_semantic,IFACT-b72b7fb4a1599721b86bc5bb,depicts,depicts,1,1,,actual_run,shared_proxy_reference,"AI ensemble reference shares source-type, lexical, contract, and/or historical model signals; report as proxy-reference consistency, not independent accuracy"
Relation Contract,Full relation contract,RS-0050,relation_semantic,IFACT-f3d0589d6883ea41d3d5ef74,used_in_event,used_in_event,1,1,,actual_run,shared_proxy_reference,"AI ensemble reference shares source-type, lexical, contract, and/or historical model signals; report as proxy-reference consistency, not independent accuracy"
Relation Contract,w/o Relation Contract,RS-0050,relation_semantic,IFACT-f3d0589d6883ea41d3d5ef74,used_in_event,used_in_event,1,1,,actual_run,shared_proxy_reference,"AI ensemble reference shares source-type, lexical, contract, and/or historical model signals; report as proxy-reference consistency, not independent accuracy"
Relation Contract,Full relation contract,RS-0051,relation_semantic,IFACT-101be0bbd613861ef6416dd6,traveled_to,traveled_to,1,1,,actual_run,shared_proxy_reference,"AI ensemble reference shares source-type, lexical, contract, and/or historical model signals; report as proxy-reference consistency, not independent accuracy"
Relation Contract,w/o Relation Contract,RS-0051,relation_semantic,IFACT-101be0bbd613861ef6416dd6,traveled_to,traveled_to,1,1,,actual_run,shared_proxy_reference,"AI ensemble reference shares source-type, lexical, contract, and/or historical model signals; report as proxy-reference consistency, not independent accuracy"
Relation Contract,Full relation contract,RS-0052,relation_semantic,IFACT-2793d344fa62e9584fb51d6a,disseminates,disseminates,1,1,,actual_run,shared_proxy_reference,"AI ensemble reference shares source-type, lexical, contract, and/or historical model signals; report as proxy-reference consistency, not independent accuracy"
Relation Contract,w/o Relation Contract,RS-0052,relation_semantic,IFACT-2793d344fa62e9584fb51d6a,disseminates,disseminates,1,1,,actual_run,shared_proxy_reference,"AI ensemble reference shares source-type, lexical, contract, and/or historical model signals; report as proxy-reference consistency, not independent accuracy"
Relation Contract,Full relation contract,RS-0053,relation_semantic,IFACT-930c79b5a6efd898c1555353,responsible_for,responsible_for,1,1,,actual_run,shared_proxy_reference,"AI ensemble reference shares source-type, lexical, contract, and/or historical model signals; report as proxy-reference consistency, not independent accuracy"
Relation Contract,w/o Relation Contract,RS-0053,relation_semantic,IFACT-930c79b5a6efd898c1555353,responsible_for,responsible_for,1,1,,actual_run,shared_proxy_reference,"AI ensemble reference shares source-type, lexical, contract, and/or historical model signals; report as proxy-reference consistency, not independent accuracy"
Relation Contract,Full relation contract,RS-0054,relation_semantic,IFACT-e944df65757ccc6999725e37,dispatched,dispatched,1,1,,actual_run,shared_proxy_reference,"AI ensemble reference shares source-type, lexical, contract, and/or historical model signals; report as proxy-reference consistency, not independent accuracy"
Relation Contract,w/o Relation Contract,RS-0054,relation_semantic,IFACT-e944df65757ccc6999725e37,dispatched,dispatched,1,1,,actual_run,shared_proxy_reference,"AI ensemble reference shares source-type, lexical, contract, and/or historical model signals; report as proxy-reference consistency, not independent accuracy"
Relation Contract,Full relation contract,RS-0056,relation_semantic,IFACT-18dcef5174f2f681cb645eff,reported_to,reported_to,1,1,,actual_run,shared_proxy_reference,"AI ensemble reference shares source-type, lexical, contract, and/or historical model signals; report as proxy-reference consistency, not independent accuracy"
Relation Contract,w/o Relation Contract,RS-0056,relation_semantic,IFACT-18dcef5174f2f681cb645eff,reported_to,reported_to,1,1,,actual_run,shared_proxy_reference,"AI ensemble reference shares source-type, lexical, contract, and/or historical model signals; report as proxy-reference consistency, not independent accuracy"
Relation Contract,Full relation contract,RS-0057,relation_semantic,IFACT-0b71fa20fa265cf172b18c15,rescued,rescued,1,1,,actual_run,shared_proxy_reference,"AI ensemble reference shares source-type, lexical, contract, and/or historical model signals; report as proxy-reference consistency, not independent accuracy"
Relation Contract,w/o Relation Contract,RS-0057,relation_semantic,IFACT-0b71fa20fa265cf172b18c15,rescued,rescued,1,1,,actual_run,shared_proxy_reference,"AI ensemble reference shares source-type, lexical, contract, and/or historical model signals; report as proxy-reference consistency, not independent accuracy"
Relation Contract,Full relation contract,RS-0059,relation_semantic,IFACT-48a87573b1f1c21207ecf5e9,used_artifact,used_artifact,1,1,,actual_run,shared_proxy_reference,"AI ensemble reference shares source-type, lexical, contract, and/or historical model signals; report as proxy-reference consistency, not independent accuracy"
Relation Contract,w/o Relation Contract,RS-0059,relation_semantic,IFACT-48a87573b1f1c21207ecf5e9,used_artifact,used_artifact,1,1,,actual_run,shared_proxy_reference,"AI ensemble reference shares source-type, lexical, contract, and/or historical model signals; report as proxy-reference consistency, not independent accuracy"
Relation Contract,Full relation contract,RS-0060,relation_semantic,IFACT-dee9df38d7b5b3167e6929ba,supported,supported,1,1,,actual_run,shared_proxy_reference,"AI ensemble reference shares source-type, lexical, contract, and/or historical model signals; report as proxy-reference consistency, not independent accuracy"
Relation Contract,w/o Relation Contract,RS-0060,relation_semantic,IFACT-dee9df38d7b5b3167e6929ba,supported,supported,1,1,,actual_run,shared_proxy_reference,"AI ensemble reference shares source-type, lexical, contract, and/or historical model signals; report as proxy-reference consistency, not independent accuracy"
Relation Contract,Full relation contract,RS-0061,relation_semantic,IFACT-7aa3280fa4508986e5317dbc,met_with,met_with,1,1,,actual_run,shared_proxy_reference,"AI ensemble reference shares source-type, lexical, contract, and/or historical model signals; report as proxy-reference consistency, not independent accuracy"
Relation Contract,w/o Relation Contract,RS-0061,relation_semantic,IFACT-7aa3280fa4508986e5317dbc,met_with,met_with,1,1,,actual_run,shared_proxy_reference,"AI ensemble reference shares source-type, lexical, contract, and/or historical model signals; report as proxy-reference consistency, not independent accuracy"
Relation Contract,Full relation contract,RS-0062,relation_semantic,IFACT-04d1c41eb6c0d917f075640b,spouse_of,spouse_of,1,1,,actual_run,shared_proxy_reference,"AI ensemble reference shares source-type, lexical, contract, and/or historical model signals; report as proxy-reference consistency, not independent accuracy"
Relation Contract,w/o Relation Contract,RS-0062,relation_semantic,IFACT-04d1c41eb6c0d917f075640b,spouse_of,spouse_of,1,1,,actual_run,shared_proxy_reference,"AI ensemble reference shares source-type, lexical, contract, and/or historical model signals; report as proxy-reference consistency, not independent accuracy"
Relation Contract,Full relation contract,RS-0064,relation_semantic,IFACT-5ca9b315a1443ee578fcef3e,protected,protected,1,1,,actual_run,shared_proxy_reference,"AI ensemble reference shares source-type, lexical, contract, and/or historical model signals; report as proxy-reference consistency, not independent accuracy"
Relation Contract,w/o Relation Contract,RS-0064,relation_semantic,IFACT-5ca9b315a1443ee578fcef3e,protected,protected,1,1,,actual_run,shared_proxy_reference,"AI ensemble reference shares source-type, lexical, contract, and/or historical model signals; report as proxy-reference consistency, not independent accuracy"
Relation Contract,Full relation contract,RS-0065,relation_semantic,IFACT-c726f7a49ed8f97e7dd746ee,formulated,formulated,1,1,,actual_run,shared_proxy_reference,"AI ensemble reference shares source-type, lexical, contract, and/or historical model signals; report as proxy-reference consistency, not independent accuracy"
Relation Contract,w/o Relation Contract,RS-0065,relation_semantic,IFACT-c726f7a49ed8f97e7dd746ee,formulated,formulated,1,1,,actual_run,shared_proxy_reference,"AI ensemble reference shares source-type, lexical, contract, and/or historical model signals; report as proxy-reference consistency, not independent accuracy"
Relation Contract,Full relation contract,RS-0066,relation_semantic,IFACT-a586edadd0146f82da328dc4,spouse_of,spouse_of,1,1,,actual_run,shared_proxy_reference,"AI ensemble reference shares source-type, lexical, contract, and/or historical model signals; report as proxy-reference consistency, not independent accuracy"
Relation Contract,w/o Relation Contract,RS-0066,relation_semantic,IFACT-a586edadd0146f82da328dc4,spouse_of,spouse_of,1,1,,actual_run,shared_proxy_reference,"AI ensemble reference shares source-type, lexical, contract, and/or historical model signals; report as proxy-reference consistency, not independent accuracy"
Relation Contract,Full relation contract,RS-0067,relation_semantic,IFACT-cfc5fcf11c5d5c91bcf5a183,held_position,held_position,1,1,,actual_run,shared_proxy_reference,"AI ensemble reference shares source-type, lexical, contract, and/or historical model signals; report as proxy-reference consistency, not independent accuracy"
Relation Contract,w/o Relation Contract,RS-0067,relation_semantic,IFACT-cfc5fcf11c5d5c91bcf5a183,held_position,held_position,1,1,,actual_run,shared_proxy_reference,"AI ensemble reference shares source-type, lexical, contract, and/or historical model signals; report as proxy-reference consistency, not independent accuracy"
Relation Contract,Full relation contract,RS-0069,relation_semantic,IFACT-d93be6b3769b540126a4b1a2,reported_to,reported_to,1,1,,actual_run,shared_proxy_reference,"AI ensemble reference shares source-type, lexical, contract, and/or historical model signals; report as proxy-reference consistency, not independent accuracy"
Relation Contract,w/o Relation Contract,RS-0069,relation_semantic,IFACT-d93be6b3769b540126a4b1a2,reported_to,reported_to,1,1,,actual_run,shared_proxy_reference,"AI ensemble reference shares source-type, lexical, contract, and/or historical model signals; report as proxy-reference consistency, not independent accuracy"
Relation Contract,Full relation contract,RS-0070,relation_semantic,IFACT-6f49994345540984702cbee1,part_of,part_of,1,1,,actual_run,shared_proxy_reference,"AI ensemble reference shares source-type, lexical, contract, and/or historical model signals; report as proxy-reference consistency, not independent accuracy"
Relation Contract,w/o Relation Contract,RS-0070,relation_semantic,IFACT-6f49994345540984702cbee1,part_of,part_of,1,1,,actual_run,shared_proxy_reference,"AI ensemble reference shares source-type, lexical, contract, and/or historical model signals; report as proxy-reference consistency, not independent accuracy"
Relation Contract,Full relation contract,RS-0071,relation_semantic,IFACT-451a665ee64219186c6655db,stationed_at,stationed_at,1,1,,actual_run,shared_proxy_reference,"AI ensemble reference shares source-type, lexical, contract, and/or historical model signals; report as proxy-reference consistency, not independent accuracy"
Relation Contract,w/o Relation Contract,RS-0071,relation_semantic,IFACT-451a665ee64219186c6655db,stationed_at,stationed_at,1,1,,actual_run,shared_proxy_reference,"AI ensemble reference shares source-type, lexical, contract, and/or historical model signals; report as proxy-reference consistency, not independent accuracy"
Relation Contract,Full relation contract,RS-0072,relation_semantic,IFACT-4210a754a18328db901d19cd,disseminates,disseminates,1,1,,actual_run,shared_proxy_reference,"AI ensemble reference shares source-type, lexical, contract, and/or historical model signals; report as proxy-reference consistency, not independent accuracy"
Relation Contract,w/o Relation Contract,RS-0072,relation_semantic,IFACT-4210a754a18328db901d19cd,disseminates,disseminates,1,1,,actual_run,shared_proxy_reference,"AI ensemble reference shares source-type, lexical, contract, and/or historical model signals; report as proxy-reference consistency, not independent accuracy"
Relation Contract,Full relation contract,RS-0073,relation_semantic,IFACT-55607415400786efa764c1e2,killed,killed,1,1,,actual_run,shared_proxy_reference,"AI ensemble reference shares source-type, lexical, contract, and/or historical model signals; report as proxy-reference consistency, not independent accuracy"
Relation Contract,w/o Relation Contract,RS-0073,relation_semantic,IFACT-55607415400786efa764c1e2,killed,killed,1,1,,actual_run,shared_proxy_reference,"AI ensemble reference shares source-type, lexical, contract, and/or historical model signals; report as proxy-reference consistency, not independent accuracy"
Relation Contract,Full relation contract,RS-0074,relation_semantic,IFACT-562aa7598754dfbe371a7307,disseminates,disseminates,1,1,,actual_run,shared_proxy_reference,"AI ensemble reference shares source-type, lexical, contract, and/or historical model signals; report as proxy-reference consistency, not independent accuracy"
Relation Contract,w/o Relation Contract,RS-0074,relation_semantic,IFACT-562aa7598754dfbe371a7307,disseminates,disseminates,1,1,,actual_run,shared_proxy_reference,"AI ensemble reference shares source-type, lexical, contract, and/or historical model signals; report as proxy-reference consistency, not independent accuracy"
Relation Contract,Full relation contract,RS-0075,relation_semantic,IFACT-19b75fbe2850bfe667e98242,arrested_at,arrested_at,1,1,,actual_run,shared_proxy_reference,"AI ensemble reference shares source-type, lexical, contract, and/or historical model signals; report as proxy-reference consistency, not independent accuracy"
Relation Contract,w/o Relation Contract,RS-0075,relation_semantic,IFACT-19b75fbe2850bfe667e98242,arrested_at,arrested_at,1,1,,actual_run,shared_proxy_reference,"AI ensemble reference shares source-type, lexical, contract, and/or historical model signals; report as proxy-reference consistency, not independent accuracy"
Relation Contract,Full relation contract,RS-0076,relation_semantic,IFACT-96110c1effe341c17934df81,visited,visited,1,1,,actual_run,shared_proxy_reference,"AI ensemble reference shares source-type, lexical, contract, and/or historical model signals; report as proxy-reference consistency, not independent accuracy"
Relation Contract,w/o Relation Contract,RS-0076,relation_semantic,IFACT-96110c1effe341c17934df81,visited,visited,1,1,,actual_run,shared_proxy_reference,"AI ensemble reference shares source-type, lexical, contract, and/or historical model signals; report as proxy-reference consistency, not independent accuracy"
Relation Contract,Full relation contract,RS-0077,relation_semantic,IFACT-bf5f3ba09b56e8ea2f83c001,commanded,commanded,1,1,,actual_run,shared_proxy_reference,"AI ensemble reference shares source-type, lexical, contract, and/or historical model signals; report as proxy-reference consistency, not independent accuracy"
Relation Contract,w/o Relation Contract,RS-0077,relation_semantic,IFACT-bf5f3ba09b56e8ea2f83c001,commanded,commanded,1,1,,actual_run,shared_proxy_reference,"AI ensemble reference shares source-type, lexical, contract, and/or historical model signals; report as proxy-reference consistency, not independent accuracy"
Relation Contract,Full relation contract,RS-0079,relation_semantic,IFACT-19080ec6625e0b70fd3ebf4f,led,led,1,1,,actual_run,shared_proxy_reference,"AI ensemble reference shares source-type, lexical, contract, and/or historical model signals; report as proxy-reference consistency, not independent accuracy"
Relation Contract,w/o Relation Contract,RS-0079,relation_semantic,IFACT-19080ec6625e0b70fd3ebf4f,led,led,1,1,,actual_run,shared_proxy_reference,"AI ensemble reference shares source-type, lexical, contract, and/or historical model signals; report as proxy-reference consistency, not independent accuracy"
Relation Contract,Full relation contract,RS-0080,relation_semantic,IFACT-9ee7dc53a2f36f1d587edf27,participated_in,participated_in,1,1,,actual_run,shared_proxy_reference,"AI ensemble reference shares source-type, lexical, contract, and/or historical model signals; report as proxy-reference consistency, not independent accuracy"
Relation Contract,w/o Relation Contract,RS-0080,relation_semantic,IFACT-9ee7dc53a2f36f1d587edf27,participated_in,participated_in,1,1,,actual_run,shared_proxy_reference,"AI ensemble reference shares source-type, lexical, contract, and/or historical model signals; report as proxy-reference consistency, not independent accuracy"
Relation Contract,Full relation contract,RS-0081,relation_semantic,IFACT-2cea3e8c4c4e12619e4fd2f0,authored,authored,1,1,,actual_run,shared_proxy_reference,"AI ensemble reference shares source-type, lexical, contract, and/or historical model signals; report as proxy-reference consistency, not independent accuracy"
Relation Contract,w/o Relation Contract,RS-0081,relation_semantic,IFACT-2cea3e8c4c4e12619e4fd2f0,authored,authored,1,1,,actual_run,shared_proxy_reference,"AI ensemble reference shares source-type, lexical, contract, and/or historical model signals; report as proxy-reference consistency, not independent accuracy"
Relation Contract,Full relation contract,RS-0082,relation_semantic,IFACT-7100dc2f0853afca04401c8b,mentioned_in,mentioned_in,1,1,,actual_run,shared_proxy_reference,"AI ensemble reference shares source-type, lexical, contract, and/or historical model signals; report as proxy-reference consistency, not independent accuracy"
Relation Contract,w/o Relation Contract,RS-0082,relation_semantic,IFACT-7100dc2f0853afca04401c8b,mentioned_in,mentioned_in,1,1,,actual_run,shared_proxy_reference,"AI ensemble reference shares source-type, lexical, contract, and/or historical model signals; report as proxy-reference consistency, not independent accuracy"
Relation Contract,Full relation contract,RS-0083,relation_semantic,IFACT-eb408b6d4c4cbbc3084814f4,imprisoned_at,imprisoned_at,1,1,,actual_run,shared_proxy_reference,"AI ensemble reference shares source-type, lexical, contract, and/or historical model signals; report as proxy-reference consistency, not independent accuracy"
Relation Contract,w/o Relation Contract,RS-0083,relation_semantic,IFACT-eb408b6d4c4cbbc3084814f4,imprisoned_at,imprisoned_at,1,1,,actual_run,shared_proxy_reference,"AI ensemble reference shares source-type, lexical, contract, and/or historical model signals; report as proxy-reference consistency, not independent accuracy"
Relation Contract,Full relation contract,RS-0085,relation_semantic,IFACT-5cc3c1f34c2fe750b2f724c3,commemorates,commemorates,1,1,,actual_run,shared_proxy_reference,"AI ensemble reference shares source-type, lexical, contract, and/or historical model signals; report as proxy-reference consistency, not independent accuracy"
Relation Contract,w/o Relation Contract,RS-0085,relation_semantic,IFACT-5cc3c1f34c2fe750b2f724c3,commemorates,commemorates,1,1,,actual_run,shared_proxy_reference,"AI ensemble reference shares source-type, lexical, contract, and/or historical model signals; report as proxy-reference consistency, not independent accuracy"
Relation Contract,Full relation contract,RS-0086,relation_semantic,IFACT-eed87bdf2c627c1567b7ef47,disseminates,disseminates,1,1,,actual_run,shared_proxy_reference,"AI ensemble reference shares source-type, lexical, contract, and/or historical model signals; report as proxy-reference consistency, not independent accuracy"
Relation Contract,w/o Relation Contract,RS-0086,relation_semantic,IFACT-eed87bdf2c627c1567b7ef47,disseminates,disseminates,1,1,,actual_run,shared_proxy_reference,"AI ensemble reference shares source-type, lexical, contract, and/or historical model signals; report as proxy-reference consistency, not independent accuracy"
Relation Contract,Full relation contract,RS-0087,relation_semantic,IFACT-d1876486518a261bc3ba8f2b,guided,guided,1,1,,actual_run,shared_proxy_reference,"AI ensemble reference shares source-type, lexical, contract, and/or historical model signals; report as proxy-reference consistency, not independent accuracy"
Relation Contract,w/o Relation Contract,RS-0087,relation_semantic,IFACT-d1876486518a261bc3ba8f2b,guided,guided,1,1,,actual_run,shared_proxy_reference,"AI ensemble reference shares source-type, lexical, contract, and/or historical model signals; report as proxy-reference consistency, not independent accuracy"
Relation Contract,Full relation contract,RS-0088,relation_semantic,IFACT-e5a6a5f3e655716f9365acd9,documents,documents,1,1,,actual_run,shared_proxy_reference,"AI ensemble reference shares source-type, lexical, contract, and/or historical model signals; report as proxy-reference consistency, not independent accuracy"
Relation Contract,w/o Relation Contract,RS-0088,relation_semantic,IFACT-e5a6a5f3e655716f9365acd9,documents,documents,1,1,,actual_run,shared_proxy_reference,"AI ensemble reference shares source-type, lexical, contract, and/or historical model signals; report as proxy-reference consistency, not independent accuracy"
Relation Contract,Full relation contract,RS-0089,relation_semantic,IFACT-6ec8f1e676edc7e9f24ddb94,participated_in,participated_in,1,1,,actual_run,shared_proxy_reference,"AI ensemble reference shares source-type, lexical, contract, and/or historical model signals; report as proxy-reference consistency, not independent accuracy"
Relation Contract,w/o Relation Contract,RS-0089,relation_semantic,IFACT-6ec8f1e676edc7e9f24ddb94,participated_in,participated_in,1,1,,actual_run,shared_proxy_reference,"AI ensemble reference shares source-type, lexical, contract, and/or historical model signals; report as proxy-reference consistency, not independent accuracy"
Relation Contract,Full relation contract,RS-0090,relation_semantic,IFACT-07e4053c8058857a6d203193,influenced,influenced,1,1,,actual_run,shared_proxy_reference,"AI ensemble reference shares source-type, lexical, contract, and/or historical model signals; report as proxy-reference consistency, not independent accuracy"
Relation Contract,w/o Relation Contract,RS-0090,relation_semantic,IFACT-07e4053c8058857a6d203193,influenced,influenced,1,1,,actual_run,shared_proxy_reference,"AI ensemble reference shares source-type, lexical, contract, and/or historical model signals; report as proxy-reference consistency, not independent accuracy"
Relation Contract,Full relation contract,RS-0091,relation_semantic,IFACT-04566e5e811c94b78c13e79c,imprisoned_at,imprisoned_at,1,1,,actual_run,shared_proxy_reference,"AI ensemble reference shares source-type, lexical, contract, and/or historical model signals; report as proxy-reference consistency, not independent accuracy"
Relation Contract,w/o Relation Contract,RS-0091,relation_semantic,IFACT-04566e5e811c94b78c13e79c,imprisoned_at,imprisoned_at,1,1,,actual_run,shared_proxy_reference,"AI ensemble reference shares source-type, lexical, contract, and/or historical model signals; report as proxy-reference consistency, not independent accuracy"
Relation Contract,Full relation contract,RS-0094,relation_semantic,IFACT-b7bbe22281724939eaeca6cf,participated_in,participated_in,1,1,,actual_run,shared_proxy_reference,"AI ensemble reference shares source-type, lexical, contract, and/or historical model signals; report as proxy-reference consistency, not independent accuracy"
Relation Contract,w/o Relation Contract,RS-0094,relation_semantic,IFACT-b7bbe22281724939eaeca6cf,participated_in,participated_in,1,1,,actual_run,shared_proxy_reference,"AI ensemble reference shares source-type, lexical, contract, and/or historical model signals; report as proxy-reference consistency, not independent accuracy"
Relation Contract,Full relation contract,RS-0095,relation_semantic,IFACT-05573ed72fb16beb70194729,escorted,escorted,1,1,,actual_run,shared_proxy_reference,"AI ensemble reference shares source-type, lexical, contract, and/or historical model signals; report as proxy-reference consistency, not independent accuracy"
Relation Contract,w/o Relation Contract,RS-0095,relation_semantic,IFACT-05573ed72fb16beb70194729,escorted,escorted,1,1,,actual_run,shared_proxy_reference,"AI ensemble reference shares source-type, lexical, contract, and/or historical model signals; report as proxy-reference consistency, not independent accuracy"
Relation Contract,Full relation contract,RS-0096,relation_semantic,IFACT-f30ef8bf2134fe2017b6a483,guided,guided,1,1,,actual_run,shared_proxy_reference,"AI ensemble reference shares source-type, lexical, contract, and/or historical model signals; report as proxy-reference consistency, not independent accuracy"
Relation Contract,w/o Relation Contract,RS-0096,relation_semantic,IFACT-f30ef8bf2134fe2017b6a483,guided,guided,1,1,,actual_run,shared_proxy_reference,"AI ensemble reference shares source-type, lexical, contract, and/or historical model signals; report as proxy-reference consistency, not independent accuracy"
Relation Contract,Full relation contract,RS-0097,relation_semantic,IFACT-7af84da7771a2ed7a7da9fbd,mentioned_in,mentioned_in,1,1,,actual_run,shared_proxy_reference,"AI ensemble reference shares source-type, lexical, contract, and/or historical model signals; report as proxy-reference consistency, not independent accuracy"
Relation Contract,w/o Relation Contract,RS-0097,relation_semantic,IFACT-7af84da7771a2ed7a7da9fbd,mentioned_in,mentioned_in,1,1,,actual_run,shared_proxy_reference,"AI ensemble reference shares source-type, lexical, contract, and/or historical model signals; report as proxy-reference consistency, not independent accuracy"
Relation Contract,Full relation contract,RS-0098,relation_semantic,IFACT-e39da4b0f9e67e8e03629c87,contacted,contacted,1,1,,actual_run,shared_proxy_reference,"AI ensemble reference shares source-type, lexical, contract, and/or historical model signals; report as proxy-reference consistency, not independent accuracy"
Relation Contract,w/o Relation Contract,RS-0098,relation_semantic,IFACT-e39da4b0f9e67e8e03629c87,contacted,contacted,1,1,,actual_run,shared_proxy_reference,"AI ensemble reference shares source-type, lexical, contract, and/or historical model signals; report as proxy-reference consistency, not independent accuracy"
Relation Contract,Full relation contract,RS-0099,relation_semantic,IFACT-2cb76ef8aa8b5c95c3bae7bf,embodied_by_person,embodied_by_person,1,1,,actual_run,shared_proxy_reference,"AI ensemble reference shares source-type, lexical, contract, and/or historical model signals; report as proxy-reference consistency, not independent accuracy"
Relation Contract,w/o Relation Contract,RS-0099,relation_semantic,IFACT-2cb76ef8aa8b5c95c3bae7bf,embodied_by_person,embodied_by_person,1,1,,actual_run,shared_proxy_reference,"AI ensemble reference shares source-type, lexical, contract, and/or historical model signals; report as proxy-reference consistency, not independent accuracy"
Relation Contract,Full relation contract,RS-0100,relation_semantic,IFACT-c809be3ee4968ea95e4eb628,criticized,criticized,1,1,,actual_run,shared_proxy_reference,"AI ensemble reference shares source-type, lexical, contract, and/or historical model signals; report as proxy-reference consistency, not independent accuracy"
Relation Contract,w/o Relation Contract,RS-0100,relation_semantic,IFACT-c809be3ee4968ea95e4eb628,criticized,criticized,1,1,,actual_run,shared_proxy_reference,"AI ensemble reference shares source-type, lexical, contract, and/or historical model signals; report as proxy-reference consistency, not independent accuracy"
Relation Contract,Full relation contract,RS-0101,relation_semantic,IFACT-59bd8761803204d39ecb950b,embodied_by_person,embodied_by_person,1,1,,actual_run,shared_proxy_reference,"AI ensemble reference shares source-type, lexical, contract, and/or historical model signals; report as proxy-reference consistency, not independent accuracy"
Relation Contract,w/o Relation Contract,RS-0101,relation_semantic,IFACT-59bd8761803204d39ecb950b,embodied_by_person,embodied_by_person,1,1,,actual_run,shared_proxy_reference,"AI ensemble reference shares source-type, lexical, contract, and/or historical model signals; report as proxy-reference consistency, not independent accuracy"
Relation Contract,Full relation contract,RS-0102,relation_semantic,IFACT-24b7e14fc385e14c044dd820,died_at,died_at,1,1,,actual_run,shared_proxy_reference,"AI ensemble reference shares source-type, lexical, contract, and/or historical model signals; report as proxy-reference consistency, not independent accuracy"
Relation Contract,w/o Relation Contract,RS-0102,relation_semantic,IFACT-24b7e14fc385e14c044dd820,died_at,died_at,1,1,,actual_run,shared_proxy_reference,"AI ensemble reference shares source-type, lexical, contract, and/or historical model signals; report as proxy-reference consistency, not independent accuracy"
Relation Contract,Full relation contract,RS-0103,relation_semantic,IFACT-3077ea5bd3ccd297afe1972d,led,led,1,1,,actual_run,shared_proxy_reference,"AI ensemble reference shares source-type, lexical, contract, and/or historical model signals; report as proxy-reference consistency, not independent accuracy"
Relation Contract,w/o Relation Contract,RS-0103,relation_semantic,IFACT-3077ea5bd3ccd297afe1972d,led,led,1,1,,actual_run,shared_proxy_reference,"AI ensemble reference shares source-type, lexical, contract, and/or historical model signals; report as proxy-reference consistency, not independent accuracy"
Relation Contract,Full relation contract,RS-0104,relation_semantic,IFACT-597cc45593079e752cddaa37,participated_in,participated_in,1,1,,actual_run,shared_proxy_reference,"AI ensemble reference shares source-type, lexical, contract, and/or historical model signals; report as proxy-reference consistency, not independent accuracy"
Relation Contract,w/o Relation Contract,RS-0104,relation_semantic,IFACT-597cc45593079e752cddaa37,participated_in,participated_in,1,1,,actual_run,shared_proxy_reference,"AI ensemble reference shares source-type, lexical, contract, and/or historical model signals; report as proxy-reference consistency, not independent accuracy"
Relation Contract,Full relation contract,RS-0105,relation_semantic,IFACT-32f069825075b7c33561fdea,located_in,located_in,1,1,,actual_run,shared_proxy_reference,"AI ensemble reference shares source-type, lexical, contract, and/or historical model signals; report as proxy-reference consistency, not independent accuracy"
Relation Contract,w/o Relation Contract,RS-0105,relation_semantic,IFACT-32f069825075b7c33561fdea,located_in,located_in,1,1,,actual_run,shared_proxy_reference,"AI ensemble reference shares source-type, lexical, contract, and/or historical model signals; report as proxy-reference consistency, not independent accuracy"
Relation Contract,Full relation contract,RS-0106,relation_semantic,IFACT-77fafa9c97c3c56bf8c0e833,captured,captured,1,1,,actual_run,shared_proxy_reference,"AI ensemble reference shares source-type, lexical, contract, and/or historical model signals; report as proxy-reference consistency, not independent accuracy"
Relation Contract,w/o Relation Contract,RS-0106,relation_semantic,IFACT-77fafa9c97c3c56bf8c0e833,captured,captured,1,1,,actual_run,shared_proxy_reference,"AI ensemble reference shares source-type, lexical, contract, and/or historical model signals; report as proxy-reference consistency, not independent accuracy"
Relation Contract,Full relation contract,RS-0107,relation_semantic,IFACT-adc8cfada10d5d9ec159ca23,created,created,1,1,,actual_run,shared_proxy_reference,"AI ensemble reference shares source-type, lexical, contract, and/or historical model signals; report as proxy-reference consistency, not independent accuracy"
Relation Contract,w/o Relation Contract,RS-0107,relation_semantic,IFACT-adc8cfada10d5d9ec159ca23,created,created,1,1,,actual_run,shared_proxy_reference,"AI ensemble reference shares source-type, lexical, contract, and/or historical model signals; report as proxy-reference consistency, not independent accuracy"
Relation Contract,Full relation contract,RS-0108,relation_semantic,IFACT-3bc9e3136ecfd718b6fc770e,influenced,influenced,1,1,,actual_run,shared_proxy_reference,"AI ensemble reference shares source-type, lexical, contract, and/or historical model signals; report as proxy-reference consistency, not independent accuracy"
Relation Contract,w/o Relation Contract,RS-0108,relation_semantic,IFACT-3bc9e3136ecfd718b6fc770e,influenced,influenced,1,1,,actual_run,shared_proxy_reference,"AI ensemble reference shares source-type, lexical, contract, and/or historical model signals; report as proxy-reference consistency, not independent accuracy"
Relation Contract,Full relation contract,RS-0110,relation_semantic,IFACT-56156556e9bc6843d1f63d0b,recruited,recruited,1,1,,actual_run,shared_proxy_reference,"AI ensemble reference shares source-type, lexical, contract, and/or historical model signals; report as proxy-reference consistency, not independent accuracy"
Relation Contract,w/o Relation Contract,RS-0110,relation_semantic,IFACT-56156556e9bc6843d1f63d0b,recruited,recruited,1,1,,actual_run,shared_proxy_reference,"AI ensemble reference shares source-type, lexical, contract, and/or historical model signals; report as proxy-reference consistency, not independent accuracy"
Relation Contract,Full relation contract,RS-0111,relation_semantic,IFACT-f01afe3a2ce263a9d6cc869e,originated_at,originated_at,1,1,,actual_run,shared_proxy_reference,"AI ensemble reference shares source-type, lexical, contract, and/or historical model signals; report as proxy-reference consistency, not independent accuracy"
Relation Contract,w/o Relation Contract,RS-0111,relation_semantic,IFACT-f01afe3a2ce263a9d6cc869e,originated_at,originated_at,1,1,,actual_run,shared_proxy_reference,"AI ensemble reference shares source-type, lexical, contract, and/or historical model signals; report as proxy-reference consistency, not independent accuracy"
Relation Contract,Full relation contract,RS-0112,relation_semantic,IFACT-d3ef8601b40e8c3f20e71efb,stationed_at,stationed_at,1,1,,actual_run,shared_proxy_reference,"AI ensemble reference shares source-type, lexical, contract, and/or historical model signals; report as proxy-reference consistency, not independent accuracy"
Relation Contract,w/o Relation Contract,RS-0112,relation_semantic,IFACT-d3ef8601b40e8c3f20e71efb,stationed_at,stationed_at,1,1,,actual_run,shared_proxy_reference,"AI ensemble reference shares source-type, lexical, contract, and/or historical model signals; report as proxy-reference consistency, not independent accuracy"
Relation Contract,Full relation contract,RS-0113,relation_semantic,IFACT-5e34138b95ea468a95c1d1f3,protected,protected,1,1,,actual_run,shared_proxy_reference,"AI ensemble reference shares source-type, lexical, contract, and/or historical model signals; report as proxy-reference consistency, not independent accuracy"
Relation Contract,w/o Relation Contract,RS-0113,relation_semantic,IFACT-5e34138b95ea468a95c1d1f3,protected,protected,1,1,,actual_run,shared_proxy_reference,"AI ensemble reference shares source-type, lexical, contract, and/or historical model signals; report as proxy-reference consistency, not independent accuracy"
Relation Contract,Full relation contract,RS-0114,relation_semantic,IFACT-0392c51fb6577dd8698e808b,stationed_at,stationed_at,1,1,,actual_run,shared_proxy_reference,"AI ensemble reference shares source-type, lexical, contract, and/or historical model signals; report as proxy-reference consistency, not independent accuracy"
Relation Contract,w/o Relation Contract,RS-0114,relation_semantic,IFACT-0392c51fb6577dd8698e808b,stationed_at,stationed_at,1,1,,actual_run,shared_proxy_reference,"AI ensemble reference shares source-type, lexical, contract, and/or historical model signals; report as proxy-reference consistency, not independent accuracy"
Relation Contract,Full relation contract,RS-0115,relation_semantic,IFACT-7a34942296a0fdf5a5e389de,governed,governed,1,1,,actual_run,shared_proxy_reference,"AI ensemble reference shares source-type, lexical, contract, and/or historical model signals; report as proxy-reference consistency, not independent accuracy"
Relation Contract,w/o Relation Contract,RS-0115,relation_semantic,IFACT-7a34942296a0fdf5a5e389de,governed,governed,1,1,,actual_run,shared_proxy_reference,"AI ensemble reference shares source-type, lexical, contract, and/or historical model signals; report as proxy-reference consistency, not independent accuracy"
Relation Contract,Full relation contract,RS-0116,relation_semantic,IFACT-2fb273a6534e5fbce6607226,family_of,family_of,1,1,,actual_run,shared_proxy_reference,"AI ensemble reference shares source-type, lexical, contract, and/or historical model signals; report as proxy-reference consistency, not independent accuracy"
Relation Contract,w/o Relation Contract,RS-0116,relation_semantic,IFACT-2fb273a6534e5fbce6607226,family_of,family_of,1,1,,actual_run,shared_proxy_reference,"AI ensemble reference shares source-type, lexical, contract, and/or historical model signals; report as proxy-reference consistency, not independent accuracy"
Relation Contract,Full relation contract,RS-0117,relation_semantic,IFACT-2d5bbf07cbf7c7f6f4959565,imprisoned_at,imprisoned_at,1,1,,actual_run,shared_proxy_reference,"AI ensemble reference shares source-type, lexical, contract, and/or historical model signals; report as proxy-reference consistency, not independent accuracy"
Relation Contract,w/o Relation Contract,RS-0117,relation_semantic,IFACT-2d5bbf07cbf7c7f6f4959565,imprisoned_at,imprisoned_at,1,1,,actual_run,shared_proxy_reference,"AI ensemble reference shares source-type, lexical, contract, and/or historical model signals; report as proxy-reference consistency, not independent accuracy"
Relation Contract,Full relation contract,RS-0118,relation_semantic,IFACT-c152615995fcb2f906df2474,participated_in,participated_in,1,1,,actual_run,shared_proxy_reference,"AI ensemble reference shares source-type, lexical, contract, and/or historical model signals; report as proxy-reference consistency, not independent accuracy"
Relation Contract,w/o Relation Contract,RS-0118,relation_semantic,IFACT-c152615995fcb2f906df2474,participated_in,participated_in,1,1,,actual_run,shared_proxy_reference,"AI ensemble reference shares source-type, lexical, contract, and/or historical model signals; report as proxy-reference consistency, not independent accuracy"
Relation Contract,Full relation contract,RS-0119,relation_semantic,IFACT-85cd85577a9dd30fe9b28dd1,embodied_by_organization,embodied_by_organization,1,1,,actual_run,shared_proxy_reference,"AI ensemble reference shares source-type, lexical, contract, and/or historical model signals; report as proxy-reference consistency, not independent accuracy"
Relation Contract,w/o Relation Contract,RS-0119,relation_semantic,IFACT-85cd85577a9dd30fe9b28dd1,embodied_by_organization,embodied_by_organization,1,1,,actual_run,shared_proxy_reference,"AI ensemble reference shares source-type, lexical, contract, and/or historical model signals; report as proxy-reference consistency, not independent accuracy"
Relation Contract,Full relation contract,RS-0120,relation_semantic,IFACT-9f6b50c56c8631506ad31cf6,located_in,located_in,1,1,,actual_run,shared_proxy_reference,"AI ensemble reference shares source-type, lexical, contract, and/or historical model signals; report as proxy-reference consistency, not independent accuracy"
Relation Contract,w/o Relation Contract,RS-0120,relation_semantic,IFACT-9f6b50c56c8631506ad31cf6,located_in,located_in,1,1,,actual_run,shared_proxy_reference,"AI ensemble reference shares source-type, lexical, contract, and/or historical model signals; report as proxy-reference consistency, not independent accuracy"
Relation Contract,Full relation contract,RS-0121,relation_semantic,IFACT-6dcd37645823423acd9fe889,participated_in,participated_in,1,1,,actual_run,shared_proxy_reference,"AI ensemble reference shares source-type, lexical, contract, and/or historical model signals; report as proxy-reference consistency, not independent accuracy"
Relation Contract,w/o Relation Contract,RS-0121,relation_semantic,IFACT-6dcd37645823423acd9fe889,participated_in,participated_in,1,1,,actual_run,shared_proxy_reference,"AI ensemble reference shares source-type, lexical, contract, and/or historical model signals; report as proxy-reference consistency, not independent accuracy"
Relation Contract,Full relation contract,RS-0122,relation_semantic,IFACT-7f76c26badb5eac6562e80b9,colleague_of,colleague_of,1,1,,actual_run,shared_proxy_reference,"AI ensemble reference shares source-type, lexical, contract, and/or historical model signals; report as proxy-reference consistency, not independent accuracy"
Relation Contract,w/o Relation Contract,RS-0122,relation_semantic,IFACT-7f76c26badb5eac6562e80b9,colleague_of,colleague_of,1,1,,actual_run,shared_proxy_reference,"AI ensemble reference shares source-type, lexical, contract, and/or historical model signals; report as proxy-reference consistency, not independent accuracy"
Relation Contract,Full relation contract,RS-0123,relation_semantic,IFACT-e09df93e8083abbaf721069e,edited,edited,1,1,,actual_run,shared_proxy_reference,"AI ensemble reference shares source-type, lexical, contract, and/or historical model signals; report as proxy-reference consistency, not independent accuracy"
Relation Contract,w/o Relation Contract,RS-0123,relation_semantic,IFACT-e09df93e8083abbaf721069e,edited,edited,1,1,,actual_run,shared_proxy_reference,"AI ensemble reference shares source-type, lexical, contract, and/or historical model signals; report as proxy-reference consistency, not independent accuracy"
Relation Contract,Full relation contract,RS-0124,relation_semantic,IFACT-18c4d8ad7149b1e77be0553c,rescued,rescued,1,1,,actual_run,shared_proxy_reference,"AI ensemble reference shares source-type, lexical, contract, and/or historical model signals; report as proxy-reference consistency, not independent accuracy"
Relation Contract,w/o Relation Contract,RS-0124,relation_semantic,IFACT-18c4d8ad7149b1e77be0553c,rescued,rescued,1,1,,actual_run,shared_proxy_reference,"AI ensemble reference shares source-type, lexical, contract, and/or historical model signals; report as proxy-reference consistency, not independent accuracy"
Relation Contract,Full relation contract,RS-0126,relation_semantic,IFACT-b53c73f620b6e140290e2e8d,participated_in,participated_in,1,1,,actual_run,shared_proxy_reference,"AI ensemble reference shares source-type, lexical, contract, and/or historical model signals; report as proxy-reference consistency, not independent accuracy"
Relation Contract,w/o Relation Contract,RS-0126,relation_semantic,IFACT-b53c73f620b6e140290e2e8d,participated_in,participated_in,1,1,,actual_run,shared_proxy_reference,"AI ensemble reference shares source-type, lexical, contract, and/or historical model signals; report as proxy-reference consistency, not independent accuracy"
Relation Contract,Full relation contract,RS-0127,relation_semantic,IFACT-7328686f0dd4977cf5b93b51,reported_to,reported_to,1,1,,actual_run,shared_proxy_reference,"AI ensemble reference shares source-type, lexical, contract, and/or historical model signals; report as proxy-reference consistency, not independent accuracy"
Relation Contract,w/o Relation Contract,RS-0127,relation_semantic,IFACT-7328686f0dd4977cf5b93b51,reported_to,reported_to,1,1,,actual_run,shared_proxy_reference,"AI ensemble reference shares source-type, lexical, contract, and/or historical model signals; report as proxy-reference consistency, not independent accuracy"
Relation Contract,Full relation contract,RS-0128,relation_semantic,IFACT-5ed5e3d6a1f3275adf096738,occurred_at,occurred_at,1,1,,actual_run,shared_proxy_reference,"AI ensemble reference shares source-type, lexical, contract, and/or historical model signals; report as proxy-reference consistency, not independent accuracy"
Relation Contract,w/o Relation Contract,RS-0128,relation_semantic,IFACT-5ed5e3d6a1f3275adf096738,occurred_at,occurred_at,1,1,,actual_run,shared_proxy_reference,"AI ensemble reference shares source-type, lexical, contract, and/or historical model signals; report as proxy-reference consistency, not independent accuracy"
Relation Contract,Full relation contract,RS-0129,relation_semantic,IFACT-736d443d0fbe4e57a33f9dea,authored,authored,1,1,,actual_run,shared_proxy_reference,"AI ensemble reference shares source-type, lexical, contract, and/or historical model signals; report as proxy-reference consistency, not independent accuracy"
Relation Contract,w/o Relation Contract,RS-0129,relation_semantic,IFACT-736d443d0fbe4e57a33f9dea,authored,authored,1,1,,actual_run,shared_proxy_reference,"AI ensemble reference shares source-type, lexical, contract, and/or historical model signals; report as proxy-reference consistency, not independent accuracy"
Relation Contract,Full relation contract,RS-0130,relation_semantic,IFACT-d3b0c222224f2258181ca9de,died_at,died_at,1,1,,actual_run,shared_proxy_reference,"AI ensemble reference shares source-type, lexical, contract, and/or historical model signals; report as proxy-reference consistency, not independent accuracy"
Relation Contract,w/o Relation Contract,RS-0130,relation_semantic,IFACT-d3b0c222224f2258181ca9de,died_at,died_at,1,1,,actual_run,shared_proxy_reference,"AI ensemble reference shares source-type, lexical, contract, and/or historical model signals; report as proxy-reference consistency, not independent accuracy"
Relation Contract,Full relation contract,RS-0131,relation_semantic,IFACT-675df803d397e26253a38b20,preserved_at,preserved_at,1,1,,actual_run,shared_proxy_reference,"AI ensemble reference shares source-type, lexical, contract, and/or historical model signals; report as proxy-reference consistency, not independent accuracy"
Relation Contract,w/o Relation Contract,RS-0131,relation_semantic,IFACT-675df803d397e26253a38b20,preserved_at,preserved_at,1,1,,actual_run,shared_proxy_reference,"AI ensemble reference shares source-type, lexical, contract, and/or historical model signals; report as proxy-reference consistency, not independent accuracy"
Relation Contract,Full relation contract,RS-0132,relation_semantic,IFACT-7538b18dd4a544eaf8f2aa24,studied_at,studied_at,1,1,,actual_run,shared_proxy_reference,"AI ensemble reference shares source-type, lexical, contract, and/or historical model signals; report as proxy-reference consistency, not independent accuracy"
Relation Contract,w/o Relation Contract,RS-0132,relation_semantic,IFACT-7538b18dd4a544eaf8f2aa24,studied_at,studied_at,1,1,,actual_run,shared_proxy_reference,"AI ensemble reference shares source-type, lexical, contract, and/or historical model signals; report as proxy-reference consistency, not independent accuracy"
Relation Contract,Full relation contract,RS-0133,relation_semantic,IFACT-11c01c69f5ea2fa5bd86f829,met_with,met_with,1,1,,actual_run,shared_proxy_reference,"AI ensemble reference shares source-type, lexical, contract, and/or historical model signals; report as proxy-reference consistency, not independent accuracy"
Relation Contract,w/o Relation Contract,RS-0133,relation_semantic,IFACT-11c01c69f5ea2fa5bd86f829,met_with,met_with,1,1,,actual_run,shared_proxy_reference,"AI ensemble reference shares source-type, lexical, contract, and/or historical model signals; report as proxy-reference consistency, not independent accuracy"
Relation Contract,Full relation contract,RS-0134,relation_semantic,IFACT-e951ea6758dfdaf4a8355664,participated_in,participated_in,1,1,,actual_run,shared_proxy_reference,"AI ensemble reference shares source-type, lexical, contract, and/or historical model signals; report as proxy-reference consistency, not independent accuracy"
Relation Contract,w/o Relation Contract,RS-0134,relation_semantic,IFACT-e951ea6758dfdaf4a8355664,participated_in,participated_in,1,1,,actual_run,shared_proxy_reference,"AI ensemble reference shares source-type, lexical, contract, and/or historical model signals; report as proxy-reference consistency, not independent accuracy"
Relation Contract,Full relation contract,RS-0136,relation_semantic,IFACT-19a2b4a8fac82725d4e7e97b,occurred_during,occurred_during,1,1,,actual_run,shared_proxy_reference,"AI ensemble reference shares source-type, lexical, contract, and/or historical model signals; report as proxy-reference consistency, not independent accuracy"
Relation Contract,w/o Relation Contract,RS-0136,relation_semantic,IFACT-19a2b4a8fac82725d4e7e97b,occurred_during,occurred_during,1,1,,actual_run,shared_proxy_reference,"AI ensemble reference shares source-type, lexical, contract, and/or historical model signals; report as proxy-reference consistency, not independent accuracy"
Relation Contract,Full relation contract,RS-0137,relation_semantic,IFACT-58148669ccd4a85ac812bef1,fought_at,fought_at,1,1,,actual_run,shared_proxy_reference,"AI ensemble reference shares source-type, lexical, contract, and/or historical model signals; report as proxy-reference consistency, not independent accuracy"
Relation Contract,w/o Relation Contract,RS-0137,relation_semantic,IFACT-58148669ccd4a85ac812bef1,fought_at,fought_at,1,1,,actual_run,shared_proxy_reference,"AI ensemble reference shares source-type, lexical, contract, and/or historical model signals; report as proxy-reference consistency, not independent accuracy"
Relation Contract,Full relation contract,RS-0138,relation_semantic,IFACT-f92b6ff6a726e2ae3eebbec2,active_at,active_at,1,1,,actual_run,shared_proxy_reference,"AI ensemble reference shares source-type, lexical, contract, and/or historical model signals; report as proxy-reference consistency, not independent accuracy"
Relation Contract,w/o Relation Contract,RS-0138,relation_semantic,IFACT-f92b6ff6a726e2ae3eebbec2,active_at,active_at,1,1,,actual_run,shared_proxy_reference,"AI ensemble reference shares source-type, lexical, contract, and/or historical model signals; report as proxy-reference consistency, not independent accuracy"
Relation Contract,Full relation contract,RS-0139,relation_semantic,IFACT-65c21a5a5b43998222347a87,part_of,part_of,1,1,,actual_run,shared_proxy_reference,"AI ensemble reference shares source-type, lexical, contract, and/or historical model signals; report as proxy-reference consistency, not independent accuracy"
Relation Contract,w/o Relation Contract,RS-0139,relation_semantic,IFACT-65c21a5a5b43998222347a87,part_of,part_of,1,1,,actual_run,shared_proxy_reference,"AI ensemble reference shares source-type, lexical, contract, and/or historical model signals; report as proxy-reference consistency, not independent accuracy"
Relation Contract,Full relation contract,RS-0140,relation_semantic,IFACT-591955574f0090c33ab67f7a,colleague_of,colleague_of,1,1,,actual_run,shared_proxy_reference,"AI ensemble reference shares source-type, lexical, contract, and/or historical model signals; report as proxy-reference consistency, not independent accuracy"
Relation Contract,w/o Relation Contract,RS-0140,relation_semantic,IFACT-591955574f0090c33ab67f7a,colleague_of,colleague_of,1,1,,actual_run,shared_proxy_reference,"AI ensemble reference shares source-type, lexical, contract, and/or historical model signals; report as proxy-reference consistency, not independent accuracy"
Relation Contract,Full relation contract,RS-0141,relation_semantic,IFACT-4cc2f9d74155e0380e7ca176,part_of,part_of,1,1,,actual_run,shared_proxy_reference,"AI ensemble reference shares source-type, lexical, contract, and/or historical model signals; report as proxy-reference consistency, not independent accuracy"
Relation Contract,w/o Relation Contract,RS-0141,relation_semantic,IFACT-4cc2f9d74155e0380e7ca176,part_of,part_of,1,1,,actual_run,shared_proxy_reference,"AI ensemble reference shares source-type, lexical, contract, and/or historical model signals; report as proxy-reference consistency, not independent accuracy"
Relation Contract,Full relation contract,RS-0142,relation_semantic,IFACT-f3e3d49eb8b77237776b4b0e,originated_at,originated_at,1,1,,actual_run,shared_proxy_reference,"AI ensemble reference shares source-type, lexical, contract, and/or historical model signals; report as proxy-reference consistency, not independent accuracy"
Relation Contract,w/o Relation Contract,RS-0142,relation_semantic,IFACT-f3e3d49eb8b77237776b4b0e,originated_at,originated_at,1,1,,actual_run,shared_proxy_reference,"AI ensemble reference shares source-type, lexical, contract, and/or historical model signals; report as proxy-reference consistency, not independent accuracy"
Relation Contract,Full relation contract,RS-0143,relation_semantic,IFACT-ee7904074dcebc00be800d1c,documents,documents,1,1,,actual_run,shared_proxy_reference,"AI ensemble reference shares source-type, lexical, contract, and/or historical model signals; report as proxy-reference consistency, not independent accuracy"
Relation Contract,w/o Relation Contract,RS-0143,relation_semantic,IFACT-ee7904074dcebc00be800d1c,documents,documents,1,1,,actual_run,shared_proxy_reference,"AI ensemble reference shares source-type, lexical, contract, and/or historical model signals; report as proxy-reference consistency, not independent accuracy"
Relation Contract,Full relation contract,RS-0144,relation_semantic,IFACT-213493a48c9ca0818ba838f0,active_at,active_at,1,1,,actual_run,shared_proxy_reference,"AI ensemble reference shares source-type, lexical, contract, and/or historical model signals; report as proxy-reference consistency, not independent accuracy"
Relation Contract,w/o Relation Contract,RS-0144,relation_semantic,IFACT-213493a48c9ca0818ba838f0,active_at,active_at,1,1,,actual_run,shared_proxy_reference,"AI ensemble reference shares source-type, lexical, contract, and/or historical model signals; report as proxy-reference consistency, not independent accuracy"
Relation Contract,Full relation contract,RS-0145,relation_semantic,IFACT-fcc5b2a418dd780fa96834a4,active_at,active_at,1,1,,actual_run,shared_proxy_reference,"AI ensemble reference shares source-type, lexical, contract, and/or historical model signals; report as proxy-reference consistency, not independent accuracy"
Relation Contract,w/o Relation Contract,RS-0145,relation_semantic,IFACT-fcc5b2a418dd780fa96834a4,active_at,active_at,1,1,,actual_run,shared_proxy_reference,"AI ensemble reference shares source-type, lexical, contract, and/or historical model signals; report as proxy-reference consistency, not independent accuracy"
Relation Contract,Full relation contract,RS-0146,relation_semantic,IFACT-87ada2d415c38be5a0ee4f5a,inherited_from,inherited_from,1,1,,actual_run,shared_proxy_reference,"AI ensemble reference shares source-type, lexical, contract, and/or historical model signals; report as proxy-reference consistency, not independent accuracy"
Relation Contract,w/o Relation Contract,RS-0146,relation_semantic,IFACT-87ada2d415c38be5a0ee4f5a,inherited_from,inherited_from,1,1,,actual_run,shared_proxy_reference,"AI ensemble reference shares source-type, lexical, contract, and/or historical model signals; report as proxy-reference consistency, not independent accuracy"
Relation Contract,Full relation contract,RS-0147,relation_semantic,IFACT-f8541db68733260296e976d1,administratively_in,administratively_in,1,1,,actual_run,shared_proxy_reference,"AI ensemble reference shares source-type, lexical, contract, and/or historical model signals; report as proxy-reference consistency, not independent accuracy"
Relation Contract,w/o Relation Contract,RS-0147,relation_semantic,IFACT-f8541db68733260296e976d1,administratively_in,administratively_in,1,1,,actual_run,shared_proxy_reference,"AI ensemble reference shares source-type, lexical, contract, and/or historical model signals; report as proxy-reference consistency, not independent accuracy"
Relation Contract,Full relation contract,RS-0148,relation_semantic,IFACT-5280a356675bb1ebfbccba35,comrade_of,comrade_of,1,1,,actual_run,shared_proxy_reference,"AI ensemble reference shares source-type, lexical, contract, and/or historical model signals; report as proxy-reference consistency, not independent accuracy"
Relation Contract,w/o Relation Contract,RS-0148,relation_semantic,IFACT-5280a356675bb1ebfbccba35,comrade_of,comrade_of,1,1,,actual_run,shared_proxy_reference,"AI ensemble reference shares source-type, lexical, contract, and/or historical model signals; report as proxy-reference consistency, not independent accuracy"
Relation Contract,Full relation contract,RS-0149,relation_semantic,IFACT-bb57bb65f818c9c609130311,held_position,held_position,1,1,,actual_run,shared_proxy_reference,"AI ensemble reference shares source-type, lexical, contract, and/or historical model signals; report as proxy-reference consistency, not independent accuracy"
Relation Contract,w/o Relation Contract,RS-0149,relation_semantic,IFACT-bb57bb65f818c9c609130311,held_position,held_position,1,1,,actual_run,shared_proxy_reference,"AI ensemble reference shares source-type, lexical, contract, and/or historical model signals; report as proxy-reference consistency, not independent accuracy"
Relation Contract,Full relation contract,RS-0150,relation_semantic,IFACT-a9458582078b7d816d5a5a3b,led,led,1,1,,actual_run,shared_proxy_reference,"AI ensemble reference shares source-type, lexical, contract, and/or historical model signals; report as proxy-reference consistency, not independent accuracy"
Relation Contract,w/o Relation Contract,RS-0150,relation_semantic,IFACT-a9458582078b7d816d5a5a3b,led,led,1,1,,actual_run,shared_proxy_reference,"AI ensemble reference shares source-type, lexical, contract, and/or historical model signals; report as proxy-reference consistency, not independent accuracy"
Relation Contract,Full relation contract,RS-0151,relation_semantic,IFACT-acae389b7d5eb45be028244b,recruited,recruited,1,1,,actual_run,shared_proxy_reference,"AI ensemble reference shares source-type, lexical, contract, and/or historical model signals; report as proxy-reference consistency, not independent accuracy"
Relation Contract,w/o Relation Contract,RS-0151,relation_semantic,IFACT-acae389b7d5eb45be028244b,recruited,recruited,1,1,,actual_run,shared_proxy_reference,"AI ensemble reference shares source-type, lexical, contract, and/or historical model signals; report as proxy-reference consistency, not independent accuracy"
Relation Contract,Full relation contract,RS-0152,relation_semantic,IFACT-a4fd1e83ad47bda67111428c,died_at,died_at,1,1,,actual_run,shared_proxy_reference,"AI ensemble reference shares source-type, lexical, contract, and/or historical model signals; report as proxy-reference consistency, not independent accuracy"
Relation Contract,w/o Relation Contract,RS-0152,relation_semantic,IFACT-a4fd1e83ad47bda67111428c,died_at,died_at,1,1,,actual_run,shared_proxy_reference,"AI ensemble reference shares source-type, lexical, contract, and/or historical model signals; report as proxy-reference consistency, not independent accuracy"
Relation Contract,Full relation contract,RS-0153,relation_semantic,IFACT-d74aef75e2cb8d9a7f0a6494,born_at,born_at,1,1,,actual_run,shared_proxy_reference,"AI ensemble reference shares source-type, lexical, contract, and/or historical model signals; report as proxy-reference consistency, not independent accuracy"
Relation Contract,w/o Relation Contract,RS-0153,relation_semantic,IFACT-d74aef75e2cb8d9a7f0a6494,born_at,born_at,1,1,,actual_run,shared_proxy_reference,"AI ensemble reference shares source-type, lexical, contract, and/or historical model signals; report as proxy-reference consistency, not independent accuracy"
Relation Contract,Full relation contract,RS-0154,relation_semantic,IFACT-393226febc68b6b0f3bcb9f8,disseminates,disseminates,1,1,,actual_run,shared_proxy_reference,"AI ensemble reference shares source-type, lexical, contract, and/or historical model signals; report as proxy-reference consistency, not independent accuracy"
Relation Contract,w/o Relation Contract,RS-0154,relation_semantic,IFACT-393226febc68b6b0f3bcb9f8,disseminates,disseminates,1,1,,actual_run,shared_proxy_reference,"AI ensemble reference shares source-type, lexical, contract, and/or historical model signals; report as proxy-reference consistency, not independent accuracy"
Relation Contract,Full relation contract,RS-0155,relation_semantic,IFACT-9060b8dca80e4d541645625d,participated_in,participated_in,1,1,,actual_run,shared_proxy_reference,"AI ensemble reference shares source-type, lexical, contract, and/or historical model signals; report as proxy-reference consistency, not independent accuracy"
Relation Contract,w/o Relation Contract,RS-0155,relation_semantic,IFACT-9060b8dca80e4d541645625d,participated_in,participated_in,1,1,,actual_run,shared_proxy_reference,"AI ensemble reference shares source-type, lexical, contract, and/or historical model signals; report as proxy-reference consistency, not independent accuracy"
Relation Contract,Full relation contract,RS-0156,relation_semantic,IFACT-cec562a89de8d3c6d205210c,reported_to,reported_to,1,1,,actual_run,shared_proxy_reference,"AI ensemble reference shares source-type, lexical, contract, and/or historical model signals; report as proxy-reference consistency, not independent accuracy"
Relation Contract,w/o Relation Contract,RS-0156,relation_semantic,IFACT-cec562a89de8d3c6d205210c,reported_to,reported_to,1,1,,actual_run,shared_proxy_reference,"AI ensemble reference shares source-type, lexical, contract, and/or historical model signals; report as proxy-reference consistency, not independent accuracy"
Relation Contract,Full relation contract,RS-0157,relation_semantic,IFACT-c3dfaab9ca2b1d13b2f6d739,responsible_for,responsible_for,1,1,,actual_run,shared_proxy_reference,"AI ensemble reference shares source-type, lexical, contract, and/or historical model signals; report as proxy-reference consistency, not independent accuracy"
Relation Contract,w/o Relation Contract,RS-0157,relation_semantic,IFACT-c3dfaab9ca2b1d13b2f6d739,responsible_for,responsible_for,1,1,,actual_run,shared_proxy_reference,"AI ensemble reference shares source-type, lexical, contract, and/or historical model signals; report as proxy-reference consistency, not independent accuracy"
Relation Contract,Full relation contract,RS-0158,relation_semantic,IFACT-6ae7a0d18cb47b33a8b92bd3,led,led,1,1,,actual_run,shared_proxy_reference,"AI ensemble reference shares source-type, lexical, contract, and/or historical model signals; report as proxy-reference consistency, not independent accuracy"
Relation Contract,w/o Relation Contract,RS-0158,relation_semantic,IFACT-6ae7a0d18cb47b33a8b92bd3,led,led,1,1,,actual_run,shared_proxy_reference,"AI ensemble reference shares source-type, lexical, contract, and/or historical model signals; report as proxy-reference consistency, not independent accuracy"
Relation Contract,Full relation contract,RS-0159,relation_semantic,IFACT-348bcbaa0abfd61b518467b5,depicts,depicts,1,1,,actual_run,shared_proxy_reference,"AI ensemble reference shares source-type, lexical, contract, and/or historical model signals; report as proxy-reference consistency, not independent accuracy"
Relation Contract,w/o Relation Contract,RS-0159,relation_semantic,IFACT-348bcbaa0abfd61b518467b5,depicts,depicts,1,1,,actual_run,shared_proxy_reference,"AI ensemble reference shares source-type, lexical, contract, and/or historical model signals; report as proxy-reference consistency, not independent accuracy"
Relation Contract,Full relation contract,RS-0160,relation_semantic,IFACT-39acae63ad939f33a36e080f,worked_at,worked_at,1,1,,actual_run,shared_proxy_reference,"AI ensemble reference shares source-type, lexical, contract, and/or historical model signals; report as proxy-reference consistency, not independent accuracy"
Relation Contract,w/o Relation Contract,RS-0160,relation_semantic,IFACT-39acae63ad939f33a36e080f,worked_at,worked_at,1,1,,actual_run,shared_proxy_reference,"AI ensemble reference shares source-type, lexical, contract, and/or historical model signals; report as proxy-reference consistency, not independent accuracy"
Role-owner Closure,Full role-owner closure,SO-0001,space_owner,IFACT-a7b0f75f00c8cd490b914fe3,红九军团猫场战斗烈士纪念碑,红九军团猫场战斗烈士纪念碑,1,1,,actual_run,shared_proxy_reference,"AI ensemble reference shares source-type, lexical, contract, and/or historical model signals; report as proxy-reference consistency, not independent accuracy"
Role-owner Closure,w/o Role-owner Closure,SO-0001,space_owner,IFACT-a7b0f75f00c8cd490b914fe3,红九军团猫场战斗烈士纪念碑,红九军团猫场战斗烈士纪念碑,1,1,,actual_run,shared_proxy_reference,"AI ensemble reference shares source-type, lexical, contract, and/or historical model signals; report as proxy-reference consistency, not independent accuracy"
Role-owner Closure,Full role-owner closure,SO-0002,space_owner,IFACT-b86aa6c6617dc4b83b48df64,抗日救亡运动,中江县,1,0,,actual_run,shared_proxy_reference,"AI ensemble reference shares source-type, lexical, contract, and/or historical model signals; report as proxy-reference consistency, not independent accuracy"
Role-owner Closure,w/o Role-owner Closure,SO-0002,space_owner,IFACT-b86aa6c6617dc4b83b48df64,抗日救亡运动,中江县,1,0,,actual_run,shared_proxy_reference,"AI ensemble reference shares source-type, lexical, contract, and/or historical model signals; report as proxy-reference consistency, not independent accuracy"
Role-owner Closure,Full role-owner closure,SO-0004,space_owner,IFACT-073c761515faa595500fcf79,红三军整编,长阳枝柘坪,1,0,,actual_run,shared_proxy_reference,"AI ensemble reference shares source-type, lexical, contract, and/or historical model signals; report as proxy-reference consistency, not independent accuracy"
Role-owner Closure,w/o Role-owner Closure,SO-0004,space_owner,IFACT-073c761515faa595500fcf79,红三军整编,长阳枝柘坪,1,0,,actual_run,shared_proxy_reference,"AI ensemble reference shares source-type, lexical, contract, and/or historical model signals; report as proxy-reference consistency, not independent accuracy"
Role-owner Closure,Full role-owner closure,SO-0005,space_owner,IFACT-42d13cd77a4c1111bbdc175f,反饥饿反内战学生运动,上海,1,0,,actual_run,shared_proxy_reference,"AI ensemble reference shares source-type, lexical, contract, and/or historical model signals; report as proxy-reference consistency, not independent accuracy"
Role-owner Closure,w/o Role-owner Closure,SO-0005,space_owner,IFACT-42d13cd77a4c1111bbdc175f,反饥饿反内战学生运动,上海,1,0,,actual_run,shared_proxy_reference,"AI ensemble reference shares source-type, lexical, contract, and/or historical model signals; report as proxy-reference consistency, not independent accuracy"
Role-owner Closure,Full role-owner closure,SO-0006,space_owner,IFACT-5f8a839bb1b31ed717be055b,鸡鸣三省红军纪念碑,鸡鸣三省红军纪念碑,1,1,,actual_run,shared_proxy_reference,"AI ensemble reference shares source-type, lexical, contract, and/or historical model signals; report as proxy-reference consistency, not independent accuracy"
Role-owner Closure,w/o Role-owner Closure,SO-0006,space_owner,IFACT-5f8a839bb1b31ed717be055b,鸡鸣三省红军纪念碑,鸡鸣三省红军纪念碑,1,1,,actual_run,shared_proxy_reference,"AI ensemble reference shares source-type, lexical, contract, and/or historical model signals; report as proxy-reference consistency, not independent accuracy"
Role-owner Closure,Full role-owner closure,SO-0008,space_owner,IFACT-352cacc8420b14119b0f20d8,纳柳寨事件,贵州,1,0,,actual_run,shared_proxy_reference,"AI ensemble reference shares source-type, lexical, contract, and/or historical model signals; report as proxy-reference consistency, not independent accuracy"
Role-owner Closure,w/o Role-owner Closure,SO-0008,space_owner,IFACT-352cacc8420b14119b0f20d8,纳柳寨事件,贵州,1,0,,actual_run,shared_proxy_reference,"AI ensemble reference shares source-type, lexical, contract, and/or historical model signals; report as proxy-reference consistency, not independent accuracy"
Role-owner Closure,Full role-owner closure,SO-0009,space_owner,IFACT-8f1861ab05f9c940fcbf091c,铜鼓纪念馆,铜鼓纪念馆,1,1,,actual_run,shared_proxy_reference,"AI ensemble reference shares source-type, lexical, contract, and/or historical model signals; report as proxy-reference consistency, not independent accuracy"
Role-owner Closure,w/o Role-owner Closure,SO-0009,space_owner,IFACT-8f1861ab05f9c940fcbf091c,铜鼓纪念馆,铜鼓纪念馆,1,1,,actual_run,shared_proxy_reference,"AI ensemble reference shares source-type, lexical, contract, and/or historical model signals; report as proxy-reference consistency, not independent accuracy"
Role-owner Closure,Full role-owner closure,SO-0010,space_owner,IFACT-870f8c69dbea4bf9785c9253,反击日伪军'第二期治安肃正',皖江,1,0,,actual_run,shared_proxy_reference,"AI ensemble reference shares source-type, lexical, contract, and/or historical model signals; report as proxy-reference consistency, not independent accuracy"
Role-owner Closure,w/o Role-owner Closure,SO-0010,space_owner,IFACT-870f8c69dbea4bf9785c9253,反击日伪军'第二期治安肃正',皖江,1,0,,actual_run,shared_proxy_reference,"AI ensemble reference shares source-type, lexical, contract, and/or historical model signals; report as proxy-reference consistency, not independent accuracy"
Role-owner Closure,Full role-owner closure,SO-0012,space_owner,IFACT-a916bd44cc57c7b588acbfa3,嵩明红军长征纪念碑,嵩明红军长征纪念碑,1,1,,actual_run,shared_proxy_reference,"AI ensemble reference shares source-type, lexical, contract, and/or historical model signals; report as proxy-reference consistency, not independent accuracy"
Role-owner Closure,w/o Role-owner Closure,SO-0012,space_owner,IFACT-a916bd44cc57c7b588acbfa3,嵩明红军长征纪念碑,嵩明红军长征纪念碑,1,1,,actual_run,shared_proxy_reference,"AI ensemble reference shares source-type, lexical, contract, and/or historical model signals; report as proxy-reference consistency, not independent accuracy"
Role-owner Closure,Full role-owner closure,SO-0015,space_owner,IFACT-18e20ffa2139b6a71adcab79,苏南反顽战役阵亡将士纪念塔,苏南反顽战役阵亡将士纪念塔,1,1,,actual_run,shared_proxy_reference,"AI ensemble reference shares source-type, lexical, contract, and/or historical model signals; report as proxy-reference consistency, not independent accuracy"
Role-owner Closure,w/o Role-owner Closure,SO-0015,space_owner,IFACT-18e20ffa2139b6a71adcab79,苏南反顽战役阵亡将士纪念塔,苏南反顽战役阵亡将士纪念塔,1,1,,actual_run,shared_proxy_reference,"AI ensemble reference shares source-type, lexical, contract, and/or historical model signals; report as proxy-reference consistency, not independent accuracy"
Role-owner Closure,Full role-owner closure,SO-0019,space_owner,IFACT-0377dfededd2404af278be11,红河渡江战役,红河,1,0,,actual_run,shared_proxy_reference,"AI ensemble reference shares source-type, lexical, contract, and/or historical model signals; report as proxy-reference consistency, not independent accuracy"
Role-owner Closure,w/o Role-owner Closure,SO-0019,space_owner,IFACT-0377dfededd2404af278be11,红河渡江战役,红河,1,0,,actual_run,shared_proxy_reference,"AI ensemble reference shares source-type, lexical, contract, and/or historical model signals; report as proxy-reference consistency, not independent accuracy"
Role-owner Closure,Full role-owner closure,SO-0020,space_owner,IFACT-eed87bdf2c627c1567b7ef47,中共江西省委,中共江西省委,1,1,,actual_run,shared_proxy_reference,"AI ensemble reference shares source-type, lexical, contract, and/or historical model signals; report as proxy-reference consistency, not independent accuracy"
Role-owner Closure,w/o Role-owner Closure,SO-0020,space_owner,IFACT-eed87bdf2c627c1567b7ef47,中共江西省委,中共江西省委,1,1,,actual_run,shared_proxy_reference,"AI ensemble reference shares source-type, lexical, contract, and/or historical model signals; report as proxy-reference consistency, not independent accuracy"
Role-owner Closure,Full role-owner closure,SO-0021,space_owner,IFACT-5d3c762f0e4398310331a714,伏龙起义,伏龙起义,1,1,,actual_run,shared_proxy_reference,"AI ensemble reference shares source-type, lexical, contract, and/or historical model signals; report as proxy-reference consistency, not independent accuracy"
Role-owner Closure,w/o Role-owner Closure,SO-0021,space_owner,IFACT-5d3c762f0e4398310331a714,伏龙起义,伏龙起义,1,1,,actual_run,shared_proxy_reference,"AI ensemble reference shares source-type, lexical, contract, and/or historical model signals; report as proxy-reference consistency, not independent accuracy"
Role-owner Closure,Full role-owner closure,SO-0022,space_owner,IFACT-fd99ef4ce5740218eb26e395,万年码头暴动,万年县,1,0,,actual_run,shared_proxy_reference,"AI ensemble reference shares source-type, lexical, contract, and/or historical model signals; report as proxy-reference consistency, not independent accuracy"
Role-owner Closure,w/o Role-owner Closure,SO-0022,space_owner,IFACT-fd99ef4ce5740218eb26e395,万年码头暴动,万年县,1,0,,actual_run,shared_proxy_reference,"AI ensemble reference shares source-type, lexical, contract, and/or historical model signals; report as proxy-reference consistency, not independent accuracy"
Role-owner Closure,Full role-owner closure,SO-0024,space_owner,IFACT-0da2a3b30298e78d5fcc5e1f,帅本立,洪湖之役,1,0,,actual_run,shared_proxy_reference,"AI ensemble reference shares source-type, lexical, contract, and/or historical model signals; report as proxy-reference consistency, not independent accuracy"
Role-owner Closure,w/o Role-owner Closure,SO-0024,space_owner,IFACT-0da2a3b30298e78d5fcc5e1f,帅本立,洪湖之役,1,0,,actual_run,shared_proxy_reference,"AI ensemble reference shares source-type, lexical, contract, and/or historical model signals; report as proxy-reference consistency, not independent accuracy"
Role-owner Closure,Full role-owner closure,SR-0001,space_role,IFACT-16b8af0b94e8081fc40f34ec,relation_location,event_location,1,0,,actual_run,shared_proxy_reference,"AI ensemble reference shares source-type, lexical, contract, and/or historical model signals; report as proxy-reference consistency, not independent accuracy"
Role-owner Closure,w/o Role-owner Closure,SR-0001,space_role,IFACT-16b8af0b94e8081fc40f34ec,relation_location,event_location,1,0,,actual_run,shared_proxy_reference,"AI ensemble reference shares source-type, lexical, contract, and/or historical model signals; report as proxy-reference consistency, not independent accuracy"
Role-owner Closure,Full role-owner closure,SR-0002,space_role,IFACT-a7b0f75f00c8cd490b914fe3,commemoration_or_reception_location,event_location,1,0,,actual_run,shared_proxy_reference,"AI ensemble reference shares source-type, lexical, contract, and/or historical model signals; report as proxy-reference consistency, not independent accuracy"
Role-owner Closure,w/o Role-owner Closure,SR-0002,space_role,IFACT-a7b0f75f00c8cd490b914fe3,commemoration_or_reception_location,event_location,1,0,,actual_run,shared_proxy_reference,"AI ensemble reference shares source-type, lexical, contract, and/or historical model signals; report as proxy-reference consistency, not independent accuracy"
Role-owner Closure,Full role-owner closure,SR-0003,space_role,IFACT-fd12a72107d5d8014293f5c9,relation_location,event_location,1,0,,actual_run,shared_proxy_reference,"AI ensemble reference shares source-type, lexical, contract, and/or historical model signals; report as proxy-reference consistency, not independent accuracy"
Role-owner Closure,w/o Role-owner Closure,SR-0003,space_role,IFACT-fd12a72107d5d8014293f5c9,relation_location,event_location,1,0,,actual_run,shared_proxy_reference,"AI ensemble reference shares source-type, lexical, contract, and/or historical model signals; report as proxy-reference consistency, not independent accuracy"
Role-owner Closure,Full role-owner closure,SR-0004,space_role,IFACT-d620d80a939976d6d061e060,context_location,context_location,1,1,,actual_run,shared_proxy_reference,"AI ensemble reference shares source-type, lexical, contract, and/or historical model signals; report as proxy-reference consistency, not independent accuracy"
Role-owner Closure,w/o Role-owner Closure,SR-0004,space_role,IFACT-d620d80a939976d6d061e060,context_location,context_location,1,1,,actual_run,shared_proxy_reference,"AI ensemble reference shares source-type, lexical, contract, and/or historical model signals; report as proxy-reference consistency, not independent accuracy"
Role-owner Closure,Full role-owner closure,SR-0005,space_role,IFACT-798977c126635729ade22195,context_location,context_location,1,1,,actual_run,shared_proxy_reference,"AI ensemble reference shares source-type, lexical, contract, and/or historical model signals; report as proxy-reference consistency, not independent accuracy"
Role-owner Closure,w/o Role-owner Closure,SR-0005,space_role,IFACT-798977c126635729ade22195,context_location,context_location,1,1,,actual_run,shared_proxy_reference,"AI ensemble reference shares source-type, lexical, contract, and/or historical model signals; report as proxy-reference consistency, not independent accuracy"
Role-owner Closure,Full role-owner closure,SR-0006,space_role,IFACT-042be1fd80dddb21141df436,context_location,context_location,1,1,,actual_run,shared_proxy_reference,"AI ensemble reference shares source-type, lexical, contract, and/or historical model signals; report as proxy-reference consistency, not independent accuracy"
Role-owner Closure,w/o Role-owner Closure,SR-0006,space_role,IFACT-042be1fd80dddb21141df436,context_location,context_location,1,1,,actual_run,shared_proxy_reference,"AI ensemble reference shares source-type, lexical, contract, and/or historical model signals; report as proxy-reference consistency, not independent accuracy"
Role-owner Closure,Full role-owner closure,SR-0007,space_role,IFACT-a8fd97a7197ad0448304bec3,context_location,context_location,1,1,,actual_run,shared_proxy_reference,"AI ensemble reference shares source-type, lexical, contract, and/or historical model signals; report as proxy-reference consistency, not independent accuracy"
Role-owner Closure,w/o Role-owner Closure,SR-0007,space_role,IFACT-a8fd97a7197ad0448304bec3,context_location,context_location,1,1,,actual_run,shared_proxy_reference,"AI ensemble reference shares source-type, lexical, contract, and/or historical model signals; report as proxy-reference consistency, not independent accuracy"
Role-owner Closure,Full role-owner closure,SR-0008,space_role,IFACT-ea8a15f81604632b2d8bef4b,context_location,context_location,1,1,,actual_run,shared_proxy_reference,"AI ensemble reference shares source-type, lexical, contract, and/or historical model signals; report as proxy-reference consistency, not independent accuracy"
Role-owner Closure,w/o Role-owner Closure,SR-0008,space_role,IFACT-ea8a15f81604632b2d8bef4b,context_location,context_location,1,1,,actual_run,shared_proxy_reference,"AI ensemble reference shares source-type, lexical, contract, and/or historical model signals; report as proxy-reference consistency, not independent accuracy"
Role-owner Closure,Full role-owner closure,SR-0009,space_role,IFACT-68b0077bacb77e53810a584a,context_location,biographical_location,1,0,,actual_run,shared_proxy_reference,"AI ensemble reference shares source-type, lexical, contract, and/or historical model signals; report as proxy-reference consistency, not independent accuracy"
Role-owner Closure,w/o Role-owner Closure,SR-0009,space_role,IFACT-68b0077bacb77e53810a584a,context_location,biographical_location,1,0,,actual_run,shared_proxy_reference,"AI ensemble reference shares source-type, lexical, contract, and/or historical model signals; report as proxy-reference consistency, not independent accuracy"
Role-owner Closure,Full role-owner closure,SR-0010,space_role,IFACT-2ed820586500b77c3a4c3e0b,context_location,context_location,1,1,,actual_run,shared_proxy_reference,"AI ensemble reference shares source-type, lexical, contract, and/or historical model signals; report as proxy-reference consistency, not independent accuracy"
Role-owner Closure,w/o Role-owner Closure,SR-0010,space_role,IFACT-2ed820586500b77c3a4c3e0b,context_location,context_location,1,1,,actual_run,shared_proxy_reference,"AI ensemble reference shares source-type, lexical, contract, and/or historical model signals; report as proxy-reference consistency, not independent accuracy"
Role-owner Closure,Full role-owner closure,SR-0013,space_role,IFACT-b86aa6c6617dc4b83b48df64,event_location,event_location,1,1,,actual_run,shared_proxy_reference,"AI ensemble reference shares source-type, lexical, contract, and/or historical model signals; report as proxy-reference consistency, not independent accuracy"
Role-owner Closure,w/o Role-owner Closure,SR-0013,space_role,IFACT-b86aa6c6617dc4b83b48df64,event_location,event_location,1,1,,actual_run,shared_proxy_reference,"AI ensemble reference shares source-type, lexical, contract, and/or historical model signals; report as proxy-reference consistency, not independent accuracy"
Role-owner Closure,Full role-owner closure,SR-0014,space_role,IFACT-8510f2768e90b8acf446f0b8,context_location,context_location,1,1,,actual_run,shared_proxy_reference,"AI ensemble reference shares source-type, lexical, contract, and/or historical model signals; report as proxy-reference consistency, not independent accuracy"
Role-owner Closure,w/o Role-owner Closure,SR-0014,space_role,IFACT-8510f2768e90b8acf446f0b8,context_location,context_location,1,1,,actual_run,shared_proxy_reference,"AI ensemble reference shares source-type, lexical, contract, and/or historical model signals; report as proxy-reference consistency, not independent accuracy"
Role-owner Closure,Full role-owner closure,SR-0015,space_role,IFACT-0dbfc868b3f46cb61fcb439a,context_location,context_location,1,1,,actual_run,shared_proxy_reference,"AI ensemble reference shares source-type, lexical, contract, and/or historical model signals; report as proxy-reference consistency, not independent accuracy"
Role-owner Closure,w/o Role-owner Closure,SR-0015,space_role,IFACT-0dbfc868b3f46cb61fcb439a,context_location,context_location,1,1,,actual_run,shared_proxy_reference,"AI ensemble reference shares source-type, lexical, contract, and/or historical model signals; report as proxy-reference consistency, not independent accuracy"
Role-owner Closure,Full role-owner closure,SR-0017,space_role,IFACT-cfe9ca5da6d69b387b99f26d,relation_location,event_location,1,0,,actual_run,shared_proxy_reference,"AI ensemble reference shares source-type, lexical, contract, and/or historical model signals; report as proxy-reference consistency, not independent accuracy"
Role-owner Closure,w/o Role-owner Closure,SR-0017,space_role,IFACT-cfe9ca5da6d69b387b99f26d,relation_location,event_location,1,0,,actual_run,shared_proxy_reference,"AI ensemble reference shares source-type, lexical, contract, and/or historical model signals; report as proxy-reference consistency, not independent accuracy"
Role-owner Closure,Full role-owner closure,SR-0018,space_role,IFACT-073c761515faa595500fcf79,event_location,event_location,1,1,,actual_run,shared_proxy_reference,"AI ensemble reference shares source-type, lexical, contract, and/or historical model signals; report as proxy-reference consistency, not independent accuracy"
Role-owner Closure,w/o Role-owner Closure,SR-0018,space_role,IFACT-073c761515faa595500fcf79,event_location,event_location,1,1,,actual_run,shared_proxy_reference,"AI ensemble reference shares source-type, lexical, contract, and/or historical model signals; report as proxy-reference consistency, not independent accuracy"
Role-owner Closure,Full role-owner closure,SR-0019,space_role,IFACT-aa73a4e2fa9de067e4d627ee,relation_location,event_location,1,0,,actual_run,shared_proxy_reference,"AI ensemble reference shares source-type, lexical, contract, and/or historical model signals; report as proxy-reference consistency, not independent accuracy"
Role-owner Closure,w/o Role-owner Closure,SR-0019,space_role,IFACT-aa73a4e2fa9de067e4d627ee,relation_location,event_location,1,0,,actual_run,shared_proxy_reference,"AI ensemble reference shares source-type, lexical, contract, and/or historical model signals; report as proxy-reference consistency, not independent accuracy"
Role-owner Closure,Full role-owner closure,SR-0020,space_role,IFACT-6df189b72a20180912b94b79,relation_location,event_location,1,0,,actual_run,shared_proxy_reference,"AI ensemble reference shares source-type, lexical, contract, and/or historical model signals; report as proxy-reference consistency, not independent accuracy"
Role-owner Closure,w/o Role-owner Closure,SR-0020,space_role,IFACT-6df189b72a20180912b94b79,relation_location,event_location,1,0,,actual_run,shared_proxy_reference,"AI ensemble reference shares source-type, lexical, contract, and/or historical model signals; report as proxy-reference consistency, not independent accuracy"
Role-owner Closure,Full role-owner closure,SR-0024,space_role,IFACT-b38a9221fb2256305444f600,relation_location,event_location,1,0,,actual_run,shared_proxy_reference,"AI ensemble reference shares source-type, lexical, contract, and/or historical model signals; report as proxy-reference consistency, not independent accuracy"
Role-owner Closure,w/o Role-owner Closure,SR-0024,space_role,IFACT-b38a9221fb2256305444f600,relation_location,event_location,1,0,,actual_run,shared_proxy_reference,"AI ensemble reference shares source-type, lexical, contract, and/or historical model signals; report as proxy-reference consistency, not independent accuracy"
Role-owner Closure,Full role-owner closure,SR-0026,space_role,IFACT-bd7d311da5ba6c40feccc999,context_location,event_location,1,0,,actual_run,shared_proxy_reference,"AI ensemble reference shares source-type, lexical, contract, and/or historical model signals; report as proxy-reference consistency, not independent accuracy"
Role-owner Closure,w/o Role-owner Closure,SR-0026,space_role,IFACT-bd7d311da5ba6c40feccc999,context_location,event_location,1,0,,actual_run,shared_proxy_reference,"AI ensemble reference shares source-type, lexical, contract, and/or historical model signals; report as proxy-reference consistency, not independent accuracy"
Role-owner Closure,Full role-owner closure,SR-0027,space_role,IFACT-85535f7de5476a1ff8764a63,relation_location,event_location,1,0,,actual_run,shared_proxy_reference,"AI ensemble reference shares source-type, lexical, contract, and/or historical model signals; report as proxy-reference consistency, not independent accuracy"
Role-owner Closure,w/o Role-owner Closure,SR-0027,space_role,IFACT-85535f7de5476a1ff8764a63,relation_location,event_location,1,0,,actual_run,shared_proxy_reference,"AI ensemble reference shares source-type, lexical, contract, and/or historical model signals; report as proxy-reference consistency, not independent accuracy"
Role-owner Closure,Full role-owner closure,SR-0028,space_role,IFACT-263e29d43926702993d4d98d,relation_location,event_location,1,0,,actual_run,shared_proxy_reference,"AI ensemble reference shares source-type, lexical, contract, and/or historical model signals; report as proxy-reference consistency, not independent accuracy"
Role-owner Closure,w/o Role-owner Closure,SR-0028,space_role,IFACT-263e29d43926702993d4d98d,relation_location,event_location,1,0,,actual_run,shared_proxy_reference,"AI ensemble reference shares source-type, lexical, contract, and/or historical model signals; report as proxy-reference consistency, not independent accuracy"
Role-owner Closure,Full role-owner closure,SR-0030,space_role,IFACT-ac071f1e1d1dfe9683e1e1b7,context_location,context_location,1,1,,actual_run,shared_proxy_reference,"AI ensemble reference shares source-type, lexical, contract, and/or historical model signals; report as proxy-reference consistency, not independent accuracy"
Role-owner Closure,w/o Role-owner Closure,SR-0030,space_role,IFACT-ac071f1e1d1dfe9683e1e1b7,context_location,context_location,1,1,,actual_run,shared_proxy_reference,"AI ensemble reference shares source-type, lexical, contract, and/or historical model signals; report as proxy-reference consistency, not independent accuracy"
Role-owner Closure,Full role-owner closure,SR-0031,space_role,IFACT-8526604e8c32c9241bab46f2,context_location,event_location,1,0,,actual_run,shared_proxy_reference,"AI ensemble reference shares source-type, lexical, contract, and/or historical model signals; report as proxy-reference consistency, not independent accuracy"
Role-owner Closure,w/o Role-owner Closure,SR-0031,space_role,IFACT-8526604e8c32c9241bab46f2,context_location,event_location,1,0,,actual_run,shared_proxy_reference,"AI ensemble reference shares source-type, lexical, contract, and/or historical model signals; report as proxy-reference consistency, not independent accuracy"
Role-owner Closure,Full role-owner closure,SR-0032,space_role,IFACT-72ff6045121705ee06fa6cae,context_location,context_location,1,1,,actual_run,shared_proxy_reference,"AI ensemble reference shares source-type, lexical, contract, and/or historical model signals; report as proxy-reference consistency, not independent accuracy"
Role-owner Closure,w/o Role-owner Closure,SR-0032,space_role,IFACT-72ff6045121705ee06fa6cae,context_location,context_location,1,1,,actual_run,shared_proxy_reference,"AI ensemble reference shares source-type, lexical, contract, and/or historical model signals; report as proxy-reference consistency, not independent accuracy"
Role-owner Closure,Full role-owner closure,SR-0033,space_role,IFACT-42d13cd77a4c1111bbdc175f,event_location,event_location,1,1,,actual_run,shared_proxy_reference,"AI ensemble reference shares source-type, lexical, contract, and/or historical model signals; report as proxy-reference consistency, not independent accuracy"
Role-owner Closure,w/o Role-owner Closure,SR-0033,space_role,IFACT-42d13cd77a4c1111bbdc175f,event_location,event_location,1,1,,actual_run,shared_proxy_reference,"AI ensemble reference shares source-type, lexical, contract, and/or historical model signals; report as proxy-reference consistency, not independent accuracy"
Role-owner Closure,Full role-owner closure,SR-0038,space_role,IFACT-352cacc8420b14119b0f20d8,event_location,event_location,1,1,,actual_run,shared_proxy_reference,"AI ensemble reference shares source-type, lexical, contract, and/or historical model signals; report as proxy-reference consistency, not independent accuracy"
Role-owner Closure,w/o Role-owner Closure,SR-0038,space_role,IFACT-352cacc8420b14119b0f20d8,event_location,event_location,1,1,,actual_run,shared_proxy_reference,"AI ensemble reference shares source-type, lexical, contract, and/or historical model signals; report as proxy-reference consistency, not independent accuracy"
Role-owner Closure,Full role-owner closure,SR-0039,space_role,IFACT-9d689df6df1f848fec25b2e2,context_location,context_location,1,1,,actual_run,shared_proxy_reference,"AI ensemble reference shares source-type, lexical, contract, and/or historical model signals; report as proxy-reference consistency, not independent accuracy"
Role-owner Closure,w/o Role-owner Closure,SR-0039,space_role,IFACT-9d689df6df1f848fec25b2e2,context_location,context_location,1,1,,actual_run,shared_proxy_reference,"AI ensemble reference shares source-type, lexical, contract, and/or historical model signals; report as proxy-reference consistency, not independent accuracy"
Role-owner Closure,Full role-owner closure,SR-0041,space_role,IFACT-0fcb381bf52ae7de6fa92252,relation_location,event_location,1,0,,actual_run,shared_proxy_reference,"AI ensemble reference shares source-type, lexical, contract, and/or historical model signals; report as proxy-reference consistency, not independent accuracy"
Role-owner Closure,w/o Role-owner Closure,SR-0041,space_role,IFACT-0fcb381bf52ae7de6fa92252,relation_location,event_location,1,0,,actual_run,shared_proxy_reference,"AI ensemble reference shares source-type, lexical, contract, and/or historical model signals; report as proxy-reference consistency, not independent accuracy"
Role-owner Closure,Full role-owner closure,SR-0042,space_role,IFACT-7711fc550d8d8cc85f867023,context_location,biographical_location,1,0,,actual_run,shared_proxy_reference,"AI ensemble reference shares source-type, lexical, contract, and/or historical model signals; report as proxy-reference consistency, not independent accuracy"
Role-owner Closure,w/o Role-owner Closure,SR-0042,space_role,IFACT-7711fc550d8d8cc85f867023,context_location,biographical_location,1,0,,actual_run,shared_proxy_reference,"AI ensemble reference shares source-type, lexical, contract, and/or historical model signals; report as proxy-reference consistency, not independent accuracy"
Role-owner Closure,Full role-owner closure,SR-0043,space_role,IFACT-19a5e7e59a0369a3b8cbc3a2,context_location,context_location,1,1,,actual_run,shared_proxy_reference,"AI ensemble reference shares source-type, lexical, contract, and/or historical model signals; report as proxy-reference consistency, not independent accuracy"
Role-owner Closure,w/o Role-owner Closure,SR-0043,space_role,IFACT-19a5e7e59a0369a3b8cbc3a2,context_location,context_location,1,1,,actual_run,shared_proxy_reference,"AI ensemble reference shares source-type, lexical, contract, and/or historical model signals; report as proxy-reference consistency, not independent accuracy"
Role-owner Closure,Full role-owner closure,SR-0044,space_role,IFACT-4c2f5758e19ed8155e7dd307,context_location,biographical_location,1,0,,actual_run,shared_proxy_reference,"AI ensemble reference shares source-type, lexical, contract, and/or historical model signals; report as proxy-reference consistency, not independent accuracy"
Role-owner Closure,w/o Role-owner Closure,SR-0044,space_role,IFACT-4c2f5758e19ed8155e7dd307,context_location,biographical_location,1,0,,actual_run,shared_proxy_reference,"AI ensemble reference shares source-type, lexical, contract, and/or historical model signals; report as proxy-reference consistency, not independent accuracy"
Role-owner Closure,Full role-owner closure,SR-0047,space_role,IFACT-fedf281533cdf9b0dec6ef71,relation_location,event_location,1,0,,actual_run,shared_proxy_reference,"AI ensemble reference shares source-type, lexical, contract, and/or historical model signals; report as proxy-reference consistency, not independent accuracy"
Role-owner Closure,w/o Role-owner Closure,SR-0047,space_role,IFACT-fedf281533cdf9b0dec6ef71,relation_location,event_location,1,0,,actual_run,shared_proxy_reference,"AI ensemble reference shares source-type, lexical, contract, and/or historical model signals; report as proxy-reference consistency, not independent accuracy"
Role-owner Closure,Full role-owner closure,SR-0048,space_role,IFACT-f5e755d3540c1eb5ad20173e,context_location,context_location,1,1,,actual_run,shared_proxy_reference,"AI ensemble reference shares source-type, lexical, contract, and/or historical model signals; report as proxy-reference consistency, not independent accuracy"
Role-owner Closure,w/o Role-owner Closure,SR-0048,space_role,IFACT-f5e755d3540c1eb5ad20173e,context_location,context_location,1,1,,actual_run,shared_proxy_reference,"AI ensemble reference shares source-type, lexical, contract, and/or historical model signals; report as proxy-reference consistency, not independent accuracy"
Role-owner Closure,Full role-owner closure,SR-0050,space_role,IFACT-f696f6ee1278ad88eb5dbe5e,context_location,context_location,1,1,,actual_run,shared_proxy_reference,"AI ensemble reference shares source-type, lexical, contract, and/or historical model signals; report as proxy-reference consistency, not independent accuracy"
Role-owner Closure,w/o Role-owner Closure,SR-0050,space_role,IFACT-f696f6ee1278ad88eb5dbe5e,context_location,context_location,1,1,,actual_run,shared_proxy_reference,"AI ensemble reference shares source-type, lexical, contract, and/or historical model signals; report as proxy-reference consistency, not independent accuracy"
Role-owner Closure,Full role-owner closure,SR-0052,space_role,IFACT-ccaa91864e3990ddf0657f6d,context_location,context_location,1,1,,actual_run,shared_proxy_reference,"AI ensemble reference shares source-type, lexical, contract, and/or historical model signals; report as proxy-reference consistency, not independent accuracy"
Role-owner Closure,w/o Role-owner Closure,SR-0052,space_role,IFACT-ccaa91864e3990ddf0657f6d,context_location,context_location,1,1,,actual_run,shared_proxy_reference,"AI ensemble reference shares source-type, lexical, contract, and/or historical model signals; report as proxy-reference consistency, not independent accuracy"
Role-owner Closure,Full role-owner closure,SR-0054,space_role,IFACT-870f8c69dbea4bf9785c9253,event_location,event_location,1,1,,actual_run,shared_proxy_reference,"AI ensemble reference shares source-type, lexical, contract, and/or historical model signals; report as proxy-reference consistency, not independent accuracy"
Role-owner Closure,w/o Role-owner Closure,SR-0054,space_role,IFACT-870f8c69dbea4bf9785c9253,event_location,event_location,1,1,,actual_run,shared_proxy_reference,"AI ensemble reference shares source-type, lexical, contract, and/or historical model signals; report as proxy-reference consistency, not independent accuracy"
Role-owner Closure,Full role-owner closure,SR-0056,space_role,IFACT-4c73c500656f5c9f23ff7d6f,relation_location,context_location,1,0,,actual_run,shared_proxy_reference,"AI ensemble reference shares source-type, lexical, contract, and/or historical model signals; report as proxy-reference consistency, not independent accuracy"
Role-owner Closure,w/o Role-owner Closure,SR-0056,space_role,IFACT-4c73c500656f5c9f23ff7d6f,relation_location,context_location,1,0,,actual_run,shared_proxy_reference,"AI ensemble reference shares source-type, lexical, contract, and/or historical model signals; report as proxy-reference consistency, not independent accuracy"
Role-owner Closure,Full role-owner closure,SR-0058,space_role,IFACT-b214558753e5a3d145d17721,context_location,context_location,1,1,,actual_run,shared_proxy_reference,"AI ensemble reference shares source-type, lexical, contract, and/or historical model signals; report as proxy-reference consistency, not independent accuracy"
Role-owner Closure,w/o Role-owner Closure,SR-0058,space_role,IFACT-b214558753e5a3d145d17721,context_location,context_location,1,1,,actual_run,shared_proxy_reference,"AI ensemble reference shares source-type, lexical, contract, and/or historical model signals; report as proxy-reference consistency, not independent accuracy"
Role-owner Closure,Full role-owner closure,SR-0059,space_role,IFACT-d44aecbe1ffabf7b948a0aa4,context_location,context_location,1,1,,actual_run,shared_proxy_reference,"AI ensemble reference shares source-type, lexical, contract, and/or historical model signals; report as proxy-reference consistency, not independent accuracy"
Role-owner Closure,w/o Role-owner Closure,SR-0059,space_role,IFACT-d44aecbe1ffabf7b948a0aa4,context_location,context_location,1,1,,actual_run,shared_proxy_reference,"AI ensemble reference shares source-type, lexical, contract, and/or historical model signals; report as proxy-reference consistency, not independent accuracy"
Role-owner Closure,Full role-owner closure,SR-0061,space_role,IFACT-27cb8a82184772409c5aa69e,context_location,context_location,1,1,,actual_run,shared_proxy_reference,"AI ensemble reference shares source-type, lexical, contract, and/or historical model signals; report as proxy-reference consistency, not independent accuracy"
Role-owner Closure,w/o Role-owner Closure,SR-0061,space_role,IFACT-27cb8a82184772409c5aa69e,context_location,context_location,1,1,,actual_run,shared_proxy_reference,"AI ensemble reference shares source-type, lexical, contract, and/or historical model signals; report as proxy-reference consistency, not independent accuracy"
Role-owner Closure,Full role-owner closure,SR-0062,space_role,IFACT-7994b262d9c2cf5ad5b9da60,event_location,context_location,1,0,,actual_run,shared_proxy_reference,"AI ensemble reference shares source-type, lexical, contract, and/or historical model signals; report as proxy-reference consistency, not independent accuracy"
Role-owner Closure,w/o Role-owner Closure,SR-0062,space_role,IFACT-7994b262d9c2cf5ad5b9da60,event_location,context_location,1,0,,actual_run,shared_proxy_reference,"AI ensemble reference shares source-type, lexical, contract, and/or historical model signals; report as proxy-reference consistency, not independent accuracy"
Role-owner Closure,Full role-owner closure,SR-0065,space_role,IFACT-3ebe89afedb2c6c027bec5c5,context_location,context_location,1,1,,actual_run,shared_proxy_reference,"AI ensemble reference shares source-type, lexical, contract, and/or historical model signals; report as proxy-reference consistency, not independent accuracy"
Role-owner Closure,w/o Role-owner Closure,SR-0065,space_role,IFACT-3ebe89afedb2c6c027bec5c5,context_location,context_location,1,1,,actual_run,shared_proxy_reference,"AI ensemble reference shares source-type, lexical, contract, and/or historical model signals; report as proxy-reference consistency, not independent accuracy"
Role-owner Closure,Full role-owner closure,SR-0067,space_role,IFACT-29b6f7f6619fc164347a534a,context_location,biographical_location,1,0,,actual_run,shared_proxy_reference,"AI ensemble reference shares source-type, lexical, contract, and/or historical model signals; report as proxy-reference consistency, not independent accuracy"
Role-owner Closure,w/o Role-owner Closure,SR-0067,space_role,IFACT-29b6f7f6619fc164347a534a,context_location,biographical_location,1,0,,actual_run,shared_proxy_reference,"AI ensemble reference shares source-type, lexical, contract, and/or historical model signals; report as proxy-reference consistency, not independent accuracy"
Role-owner Closure,Full role-owner closure,SR-0068,space_role,IFACT-41666f0a639b8e4fa4af38c2,context_location,context_location,1,1,,actual_run,shared_proxy_reference,"AI ensemble reference shares source-type, lexical, contract, and/or historical model signals; report as proxy-reference consistency, not independent accuracy"
Role-owner Closure,w/o Role-owner Closure,SR-0068,space_role,IFACT-41666f0a639b8e4fa4af38c2,context_location,context_location,1,1,,actual_run,shared_proxy_reference,"AI ensemble reference shares source-type, lexical, contract, and/or historical model signals; report as proxy-reference consistency, not independent accuracy"
Role-owner Closure,Full role-owner closure,SR-0069,space_role,IFACT-a01ca551a1394fa48db240a6,context_location,context_location,1,1,,actual_run,shared_proxy_reference,"AI ensemble reference shares source-type, lexical, contract, and/or historical model signals; report as proxy-reference consistency, not independent accuracy"
Role-owner Closure,w/o Role-owner Closure,SR-0069,space_role,IFACT-a01ca551a1394fa48db240a6,context_location,context_location,1,1,,actual_run,shared_proxy_reference,"AI ensemble reference shares source-type, lexical, contract, and/or historical model signals; report as proxy-reference consistency, not independent accuracy"
Role-owner Closure,Full role-owner closure,SR-0070,space_role,IFACT-8ba9d1c18feaee8cbc4f5a39,context_location,context_location,1,1,,actual_run,shared_proxy_reference,"AI ensemble reference shares source-type, lexical, contract, and/or historical model signals; report as proxy-reference consistency, not independent accuracy"
Role-owner Closure,w/o Role-owner Closure,SR-0070,space_role,IFACT-8ba9d1c18feaee8cbc4f5a39,context_location,context_location,1,1,,actual_run,shared_proxy_reference,"AI ensemble reference shares source-type, lexical, contract, and/or historical model signals; report as proxy-reference consistency, not independent accuracy"
Role-owner Closure,Full role-owner closure,SR-0071,space_role,IFACT-d892d691e5a6146a06745606,creation_or_publication_location,context_location,1,0,,actual_run,shared_proxy_reference,"AI ensemble reference shares source-type, lexical, contract, and/or historical model signals; report as proxy-reference consistency, not independent accuracy"
Role-owner Closure,w/o Role-owner Closure,SR-0071,space_role,IFACT-d892d691e5a6146a06745606,creation_or_publication_location,context_location,1,0,,actual_run,shared_proxy_reference,"AI ensemble reference shares source-type, lexical, contract, and/or historical model signals; report as proxy-reference consistency, not independent accuracy"
Role-owner Closure,Full role-owner closure,SR-0073,space_role,IFACT-f8adf7a551c9d2274488dbfd,relation_location,event_location,1,0,,actual_run,shared_proxy_reference,"AI ensemble reference shares source-type, lexical, contract, and/or historical model signals; report as proxy-reference consistency, not independent accuracy"
Role-owner Closure,w/o Role-owner Closure,SR-0073,space_role,IFACT-f8adf7a551c9d2274488dbfd,relation_location,event_location,1,0,,actual_run,shared_proxy_reference,"AI ensemble reference shares source-type, lexical, contract, and/or historical model signals; report as proxy-reference consistency, not independent accuracy"
Role-owner Closure,Full role-owner closure,SR-0074,space_role,IFACT-9682df6f748620826de5c57c,event_location,context_location,1,0,,actual_run,shared_proxy_reference,"AI ensemble reference shares source-type, lexical, contract, and/or historical model signals; report as proxy-reference consistency, not independent accuracy"
Role-owner Closure,w/o Role-owner Closure,SR-0074,space_role,IFACT-9682df6f748620826de5c57c,event_location,context_location,1,0,,actual_run,shared_proxy_reference,"AI ensemble reference shares source-type, lexical, contract, and/or historical model signals; report as proxy-reference consistency, not independent accuracy"
Role-owner Closure,Full role-owner closure,SR-0075,space_role,IFACT-18e20ffa2139b6a71adcab79,commemoration_or_reception_location,event_location,1,0,,actual_run,shared_proxy_reference,"AI ensemble reference shares source-type, lexical, contract, and/or historical model signals; report as proxy-reference consistency, not independent accuracy"
Role-owner Closure,w/o Role-owner Closure,SR-0075,space_role,IFACT-18e20ffa2139b6a71adcab79,commemoration_or_reception_location,event_location,1,0,,actual_run,shared_proxy_reference,"AI ensemble reference shares source-type, lexical, contract, and/or historical model signals; report as proxy-reference consistency, not independent accuracy"
Role-owner Closure,Full role-owner closure,SR-0079,space_role,IFACT-83405b6c59452f695a6fc9be,event_location,event_location,1,1,,actual_run,shared_proxy_reference,"AI ensemble reference shares source-type, lexical, contract, and/or historical model signals; report as proxy-reference consistency, not independent accuracy"
Role-owner Closure,w/o Role-owner Closure,SR-0079,space_role,IFACT-83405b6c59452f695a6fc9be,event_location,event_location,1,1,,actual_run,shared_proxy_reference,"AI ensemble reference shares source-type, lexical, contract, and/or historical model signals; report as proxy-reference consistency, not independent accuracy"
Role-owner Closure,Full role-owner closure,SR-0081,space_role,IFACT-d170b72e4262ef06d77a3c3e,context_location,context_location,1,1,,actual_run,shared_proxy_reference,"AI ensemble reference shares source-type, lexical, contract, and/or historical model signals; report as proxy-reference consistency, not independent accuracy"
Role-owner Closure,w/o Role-owner Closure,SR-0081,space_role,IFACT-d170b72e4262ef06d77a3c3e,context_location,context_location,1,1,,actual_run,shared_proxy_reference,"AI ensemble reference shares source-type, lexical, contract, and/or historical model signals; report as proxy-reference consistency, not independent accuracy"
Role-owner Closure,Full role-owner closure,SR-0082,space_role,IFACT-d55888c574b4b5cdfd16aedd,context_location,context_location,1,1,,actual_run,shared_proxy_reference,"AI ensemble reference shares source-type, lexical, contract, and/or historical model signals; report as proxy-reference consistency, not independent accuracy"
Role-owner Closure,w/o Role-owner Closure,SR-0082,space_role,IFACT-d55888c574b4b5cdfd16aedd,context_location,context_location,1,1,,actual_run,shared_proxy_reference,"AI ensemble reference shares source-type, lexical, contract, and/or historical model signals; report as proxy-reference consistency, not independent accuracy"
Role-owner Closure,Full role-owner closure,SR-0084,space_role,IFACT-545624b965e5a580b5a99f16,context_location,context_location,1,1,,actual_run,shared_proxy_reference,"AI ensemble reference shares source-type, lexical, contract, and/or historical model signals; report as proxy-reference consistency, not independent accuracy"
Role-owner Closure,w/o Role-owner Closure,SR-0084,space_role,IFACT-545624b965e5a580b5a99f16,context_location,context_location,1,1,,actual_run,shared_proxy_reference,"AI ensemble reference shares source-type, lexical, contract, and/or historical model signals; report as proxy-reference consistency, not independent accuracy"
Role-owner Closure,Full role-owner closure,SR-0085,space_role,IFACT-6c475393b1cbdfd58fd4431e,context_location,context_location,1,1,,actual_run,shared_proxy_reference,"AI ensemble reference shares source-type, lexical, contract, and/or historical model signals; report as proxy-reference consistency, not independent accuracy"
Role-owner Closure,w/o Role-owner Closure,SR-0085,space_role,IFACT-6c475393b1cbdfd58fd4431e,context_location,context_location,1,1,,actual_run,shared_proxy_reference,"AI ensemble reference shares source-type, lexical, contract, and/or historical model signals; report as proxy-reference consistency, not independent accuracy"
Role-owner Closure,Full role-owner closure,SR-0088,space_role,IFACT-ca2035f78304ef46ff14d253,context_location,context_location,1,1,,actual_run,shared_proxy_reference,"AI ensemble reference shares source-type, lexical, contract, and/or historical model signals; report as proxy-reference consistency, not independent accuracy"
Role-owner Closure,w/o Role-owner Closure,SR-0088,space_role,IFACT-ca2035f78304ef46ff14d253,context_location,context_location,1,1,,actual_run,shared_proxy_reference,"AI ensemble reference shares source-type, lexical, contract, and/or historical model signals; report as proxy-reference consistency, not independent accuracy"
Role-owner Closure,Full role-owner closure,SR-0089,space_role,IFACT-ab82ef923f3493cd98525cca,context_location,context_location,1,1,,actual_run,shared_proxy_reference,"AI ensemble reference shares source-type, lexical, contract, and/or historical model signals; report as proxy-reference consistency, not independent accuracy"
Role-owner Closure,w/o Role-owner Closure,SR-0089,space_role,IFACT-ab82ef923f3493cd98525cca,context_location,context_location,1,1,,actual_run,shared_proxy_reference,"AI ensemble reference shares source-type, lexical, contract, and/or historical model signals; report as proxy-reference consistency, not independent accuracy"
Role-owner Closure,Full role-owner closure,SR-0090,space_role,IFACT-3d0a295cd0077c49a3f0fe7c,relation_location,event_location,1,0,,actual_run,shared_proxy_reference,"AI ensemble reference shares source-type, lexical, contract, and/or historical model signals; report as proxy-reference consistency, not independent accuracy"
Role-owner Closure,w/o Role-owner Closure,SR-0090,space_role,IFACT-3d0a295cd0077c49a3f0fe7c,relation_location,event_location,1,0,,actual_run,shared_proxy_reference,"AI ensemble reference shares source-type, lexical, contract, and/or historical model signals; report as proxy-reference consistency, not independent accuracy"
Role-owner Closure,Full role-owner closure,SR-0092,space_role,IFACT-9b3f36352b931a7ca64e6640,context_location,context_location,1,1,,actual_run,shared_proxy_reference,"AI ensemble reference shares source-type, lexical, contract, and/or historical model signals; report as proxy-reference consistency, not independent accuracy"
Role-owner Closure,w/o Role-owner Closure,SR-0092,space_role,IFACT-9b3f36352b931a7ca64e6640,context_location,context_location,1,1,,actual_run,shared_proxy_reference,"AI ensemble reference shares source-type, lexical, contract, and/or historical model signals; report as proxy-reference consistency, not independent accuracy"
Role-owner Closure,Full role-owner closure,SR-0093,space_role,IFACT-ce8ca01df93b63f62e58bdf7,context_location,context_location,1,1,,actual_run,shared_proxy_reference,"AI ensemble reference shares source-type, lexical, contract, and/or historical model signals; report as proxy-reference consistency, not independent accuracy"
Role-owner Closure,w/o Role-owner Closure,SR-0093,space_role,IFACT-ce8ca01df93b63f62e58bdf7,context_location,context_location,1,1,,actual_run,shared_proxy_reference,"AI ensemble reference shares source-type, lexical, contract, and/or historical model signals; report as proxy-reference consistency, not independent accuracy"
Role-owner Closure,Full role-owner closure,SR-0094,space_role,IFACT-7979ad59259c59092b11d3fe,context_location,context_location,1,1,,actual_run,shared_proxy_reference,"AI ensemble reference shares source-type, lexical, contract, and/or historical model signals; report as proxy-reference consistency, not independent accuracy"
Role-owner Closure,w/o Role-owner Closure,SR-0094,space_role,IFACT-7979ad59259c59092b11d3fe,context_location,context_location,1,1,,actual_run,shared_proxy_reference,"AI ensemble reference shares source-type, lexical, contract, and/or historical model signals; report as proxy-reference consistency, not independent accuracy"
Role-owner Closure,Full role-owner closure,SR-0096,space_role,IFACT-29ed111bcc8edaf5661c3063,context_location,context_location,1,1,,actual_run,shared_proxy_reference,"AI ensemble reference shares source-type, lexical, contract, and/or historical model signals; report as proxy-reference consistency, not independent accuracy"
Role-owner Closure,w/o Role-owner Closure,SR-0096,space_role,IFACT-29ed111bcc8edaf5661c3063,context_location,context_location,1,1,,actual_run,shared_proxy_reference,"AI ensemble reference shares source-type, lexical, contract, and/or historical model signals; report as proxy-reference consistency, not independent accuracy"
Role-owner Closure,Full role-owner closure,SR-0097,space_role,IFACT-1681c0dfb3791689f93eea2b,relation_location,context_location,1,0,,actual_run,shared_proxy_reference,"AI ensemble reference shares source-type, lexical, contract, and/or historical model signals; report as proxy-reference consistency, not independent accuracy"
Role-owner Closure,w/o Role-owner Closure,SR-0097,space_role,IFACT-1681c0dfb3791689f93eea2b,relation_location,context_location,1,0,,actual_run,shared_proxy_reference,"AI ensemble reference shares source-type, lexical, contract, and/or historical model signals; report as proxy-reference consistency, not independent accuracy"
Role-owner Closure,Full role-owner closure,SR-0099,space_role,IFACT-fe94e05372c99825c503fe27,context_location,context_location,1,1,,actual_run,shared_proxy_reference,"AI ensemble reference shares source-type, lexical, contract, and/or historical model signals; report as proxy-reference consistency, not independent accuracy"
Role-owner Closure,w/o Role-owner Closure,SR-0099,space_role,IFACT-fe94e05372c99825c503fe27,context_location,context_location,1,1,,actual_run,shared_proxy_reference,"AI ensemble reference shares source-type, lexical, contract, and/or historical model signals; report as proxy-reference consistency, not independent accuracy"
Role-owner Closure,Full role-owner closure,SR-0100,space_role,IFACT-b4c988a8a986e7380b19bd83,relation_location,context_location,1,0,,actual_run,shared_proxy_reference,"AI ensemble reference shares source-type, lexical, contract, and/or historical model signals; report as proxy-reference consistency, not independent accuracy"
Role-owner Closure,w/o Role-owner Closure,SR-0100,space_role,IFACT-b4c988a8a986e7380b19bd83,relation_location,context_location,1,0,,actual_run,shared_proxy_reference,"AI ensemble reference shares source-type, lexical, contract, and/or historical model signals; report as proxy-reference consistency, not independent accuracy"
Role-owner Closure,Full role-owner closure,SR-0105,space_role,IFACT-876b4036d3ec4b8a6bf60548,context_location,context_location,1,1,,actual_run,shared_proxy_reference,"AI ensemble reference shares source-type, lexical, contract, and/or historical model signals; report as proxy-reference consistency, not independent accuracy"
Role-owner Closure,w/o Role-owner Closure,SR-0105,space_role,IFACT-876b4036d3ec4b8a6bf60548,context_location,context_location,1,1,,actual_run,shared_proxy_reference,"AI ensemble reference shares source-type, lexical, contract, and/or historical model signals; report as proxy-reference consistency, not independent accuracy"
Role-owner Closure,Full role-owner closure,SR-0106,space_role,IFACT-1140b7a2f14686e4bbc4709d,context_location,context_location,1,1,,actual_run,shared_proxy_reference,"AI ensemble reference shares source-type, lexical, contract, and/or historical model signals; report as proxy-reference consistency, not independent accuracy"
Role-owner Closure,w/o Role-owner Closure,SR-0106,space_role,IFACT-1140b7a2f14686e4bbc4709d,context_location,context_location,1,1,,actual_run,shared_proxy_reference,"AI ensemble reference shares source-type, lexical, contract, and/or historical model signals; report as proxy-reference consistency, not independent accuracy"
Role-owner Closure,Full role-owner closure,SR-0109,space_role,IFACT-5e71fd08035bc81659c66c2b,event_location,context_location,1,0,,actual_run,shared_proxy_reference,"AI ensemble reference shares source-type, lexical, contract, and/or historical model signals; report as proxy-reference consistency, not independent accuracy"
Role-owner Closure,w/o Role-owner Closure,SR-0109,space_role,IFACT-5e71fd08035bc81659c66c2b,event_location,context_location,1,0,,actual_run,shared_proxy_reference,"AI ensemble reference shares source-type, lexical, contract, and/or historical model signals; report as proxy-reference consistency, not independent accuracy"
Role-owner Closure,Full role-owner closure,SR-0112,space_role,IFACT-468cc0a083e41ab1831013e9,context_location,context_location,1,1,,actual_run,shared_proxy_reference,"AI ensemble reference shares source-type, lexical, contract, and/or historical model signals; report as proxy-reference consistency, not independent accuracy"
Role-owner Closure,w/o Role-owner Closure,SR-0112,space_role,IFACT-468cc0a083e41ab1831013e9,context_location,context_location,1,1,,actual_run,shared_proxy_reference,"AI ensemble reference shares source-type, lexical, contract, and/or historical model signals; report as proxy-reference consistency, not independent accuracy"
Role-owner Closure,Full role-owner closure,SR-0115,space_role,IFACT-b0c792ba1ad845edc125404d,context_location,context_location,1,1,,actual_run,shared_proxy_reference,"AI ensemble reference shares source-type, lexical, contract, and/or historical model signals; report as proxy-reference consistency, not independent accuracy"
Role-owner Closure,w/o Role-owner Closure,SR-0115,space_role,IFACT-b0c792ba1ad845edc125404d,context_location,context_location,1,1,,actual_run,shared_proxy_reference,"AI ensemble reference shares source-type, lexical, contract, and/or historical model signals; report as proxy-reference consistency, not independent accuracy"
Role-owner Closure,Full role-owner closure,SR-0116,space_role,IFACT-fc465723b83da0a7b1ec90fb,context_location,context_location,1,1,,actual_run,shared_proxy_reference,"AI ensemble reference shares source-type, lexical, contract, and/or historical model signals; report as proxy-reference consistency, not independent accuracy"
Role-owner Closure,w/o Role-owner Closure,SR-0116,space_role,IFACT-fc465723b83da0a7b1ec90fb,context_location,context_location,1,1,,actual_run,shared_proxy_reference,"AI ensemble reference shares source-type, lexical, contract, and/or historical model signals; report as proxy-reference consistency, not independent accuracy"
Role-owner Closure,Full role-owner closure,SR-0117,space_role,IFACT-f12b131c9f70b977acb8db27,relation_location,context_location,1,0,,actual_run,shared_proxy_reference,"AI ensemble reference shares source-type, lexical, contract, and/or historical model signals; report as proxy-reference consistency, not independent accuracy"
Role-owner Closure,w/o Role-owner Closure,SR-0117,space_role,IFACT-f12b131c9f70b977acb8db27,relation_location,context_location,1,0,,actual_run,shared_proxy_reference,"AI ensemble reference shares source-type, lexical, contract, and/or historical model signals; report as proxy-reference consistency, not independent accuracy"
Role-owner Closure,Full role-owner closure,SR-0119,space_role,IFACT-a8899ed111d1834b1702c0fa,context_location,context_location,1,1,,actual_run,shared_proxy_reference,"AI ensemble reference shares source-type, lexical, contract, and/or historical model signals; report as proxy-reference consistency, not independent accuracy"
Role-owner Closure,w/o Role-owner Closure,SR-0119,space_role,IFACT-a8899ed111d1834b1702c0fa,context_location,context_location,1,1,,actual_run,shared_proxy_reference,"AI ensemble reference shares source-type, lexical, contract, and/or historical model signals; report as proxy-reference consistency, not independent accuracy"
Role-owner Closure,Full role-owner closure,SR-0120,space_role,IFACT-eed87bdf2c627c1567b7ef47,commemoration_or_reception_location,context_location,1,0,,actual_run,shared_proxy_reference,"AI ensemble reference shares source-type, lexical, contract, and/or historical model signals; report as proxy-reference consistency, not independent accuracy"
Role-owner Closure,w/o Role-owner Closure,SR-0120,space_role,IFACT-eed87bdf2c627c1567b7ef47,commemoration_or_reception_location,context_location,1,0,,actual_run,shared_proxy_reference,"AI ensemble reference shares source-type, lexical, contract, and/or historical model signals; report as proxy-reference consistency, not independent accuracy"
Role-owner Closure,Full role-owner closure,SR-0121,space_role,IFACT-5d3c762f0e4398310331a714,event_location,context_location,1,0,,actual_run,shared_proxy_reference,"AI ensemble reference shares source-type, lexical, contract, and/or historical model signals; report as proxy-reference consistency, not independent accuracy"
Role-owner Closure,w/o Role-owner Closure,SR-0121,space_role,IFACT-5d3c762f0e4398310331a714,event_location,context_location,1,0,,actual_run,shared_proxy_reference,"AI ensemble reference shares source-type, lexical, contract, and/or historical model signals; report as proxy-reference consistency, not independent accuracy"
Role-owner Closure,Full role-owner closure,SR-0122,space_role,IFACT-3dfb28e907153e016c21b28e,context_location,biographical_location,1,0,,actual_run,shared_proxy_reference,"AI ensemble reference shares source-type, lexical, contract, and/or historical model signals; report as proxy-reference consistency, not independent accuracy"
Role-owner Closure,w/o Role-owner Closure,SR-0122,space_role,IFACT-3dfb28e907153e016c21b28e,context_location,biographical_location,1,0,,actual_run,shared_proxy_reference,"AI ensemble reference shares source-type, lexical, contract, and/or historical model signals; report as proxy-reference consistency, not independent accuracy"
Role-owner Closure,Full role-owner closure,SR-0123,space_role,IFACT-3815a176430757dfc83f1ee9,relation_location,event_location,1,0,,actual_run,shared_proxy_reference,"AI ensemble reference shares source-type, lexical, contract, and/or historical model signals; report as proxy-reference consistency, not independent accuracy"
Role-owner Closure,w/o Role-owner Closure,SR-0123,space_role,IFACT-3815a176430757dfc83f1ee9,relation_location,event_location,1,0,,actual_run,shared_proxy_reference,"AI ensemble reference shares source-type, lexical, contract, and/or historical model signals; report as proxy-reference consistency, not independent accuracy"
Role-owner Closure,Full role-owner closure,SR-0124,space_role,IFACT-44b990c93e921e42b2416155,context_location,context_location,1,1,,actual_run,shared_proxy_reference,"AI ensemble reference shares source-type, lexical, contract, and/or historical model signals; report as proxy-reference consistency, not independent accuracy"
Role-owner Closure,w/o Role-owner Closure,SR-0124,space_role,IFACT-44b990c93e921e42b2416155,context_location,context_location,1,1,,actual_run,shared_proxy_reference,"AI ensemble reference shares source-type, lexical, contract, and/or historical model signals; report as proxy-reference consistency, not independent accuracy"
Role-owner Closure,Full role-owner closure,SR-0125,space_role,IFACT-fd99ef4ce5740218eb26e395,event_location,event_location,1,1,,actual_run,shared_proxy_reference,"AI ensemble reference shares source-type, lexical, contract, and/or historical model signals; report as proxy-reference consistency, not independent accuracy"
Role-owner Closure,w/o Role-owner Closure,SR-0125,space_role,IFACT-fd99ef4ce5740218eb26e395,event_location,event_location,1,1,,actual_run,shared_proxy_reference,"AI ensemble reference shares source-type, lexical, contract, and/or historical model signals; report as proxy-reference consistency, not independent accuracy"
Role-owner Closure,Full role-owner closure,SR-0127,space_role,IFACT-758421f58adbefed4fab029a,context_location,context_location,1,1,,actual_run,shared_proxy_reference,"AI ensemble reference shares source-type, lexical, contract, and/or historical model signals; report as proxy-reference consistency, not independent accuracy"
Role-owner Closure,w/o Role-owner Closure,SR-0127,space_role,IFACT-758421f58adbefed4fab029a,context_location,context_location,1,1,,actual_run,shared_proxy_reference,"AI ensemble reference shares source-type, lexical, contract, and/or historical model signals; report as proxy-reference consistency, not independent accuracy"
Role-owner Closure,Full role-owner closure,SR-0128,space_role,IFACT-671c1e8eef0c0230fdd99d3f,context_location,biographical_location,1,0,,actual_run,shared_proxy_reference,"AI ensemble reference shares source-type, lexical, contract, and/or historical model signals; report as proxy-reference consistency, not independent accuracy"
Role-owner Closure,w/o Role-owner Closure,SR-0128,space_role,IFACT-671c1e8eef0c0230fdd99d3f,context_location,biographical_location,1,0,,actual_run,shared_proxy_reference,"AI ensemble reference shares source-type, lexical, contract, and/or historical model signals; report as proxy-reference consistency, not independent accuracy"
Role-owner Closure,Full role-owner closure,SR-0129,space_role,IFACT-c32093ec0369140eac43684d,context_location,context_location,1,1,,actual_run,shared_proxy_reference,"AI ensemble reference shares source-type, lexical, contract, and/or historical model signals; report as proxy-reference consistency, not independent accuracy"
Role-owner Closure,w/o Role-owner Closure,SR-0129,space_role,IFACT-c32093ec0369140eac43684d,context_location,context_location,1,1,,actual_run,shared_proxy_reference,"AI ensemble reference shares source-type, lexical, contract, and/or historical model signals; report as proxy-reference consistency, not independent accuracy"
Role-owner Closure,Full role-owner closure,SR-0131,space_role,IFACT-3e7866f7f20dc115e88a76d3,context_location,context_location,1,1,,actual_run,shared_proxy_reference,"AI ensemble reference shares source-type, lexical, contract, and/or historical model signals; report as proxy-reference consistency, not independent accuracy"
Role-owner Closure,w/o Role-owner Closure,SR-0131,space_role,IFACT-3e7866f7f20dc115e88a76d3,context_location,context_location,1,1,,actual_run,shared_proxy_reference,"AI ensemble reference shares source-type, lexical, contract, and/or historical model signals; report as proxy-reference consistency, not independent accuracy"
Role-owner Closure,Full role-owner closure,SR-0133,space_role,IFACT-cebad64a3f1bd8f25a7419c4,context_location,biographical_location,1,0,,actual_run,shared_proxy_reference,"AI ensemble reference shares source-type, lexical, contract, and/or historical model signals; report as proxy-reference consistency, not independent accuracy"
Role-owner Closure,w/o Role-owner Closure,SR-0133,space_role,IFACT-cebad64a3f1bd8f25a7419c4,context_location,biographical_location,1,0,,actual_run,shared_proxy_reference,"AI ensemble reference shares source-type, lexical, contract, and/or historical model signals; report as proxy-reference consistency, not independent accuracy"
Role-owner Closure,Full role-owner closure,SR-0134,space_role,IFACT-7754157323fe73ee45511c66,context_location,context_location,1,1,,actual_run,shared_proxy_reference,"AI ensemble reference shares source-type, lexical, contract, and/or historical model signals; report as proxy-reference consistency, not independent accuracy"
Role-owner Closure,w/o Role-owner Closure,SR-0134,space_role,IFACT-7754157323fe73ee45511c66,context_location,context_location,1,1,,actual_run,shared_proxy_reference,"AI ensemble reference shares source-type, lexical, contract, and/or historical model signals; report as proxy-reference consistency, not independent accuracy"
Role-owner Closure,Full role-owner closure,SR-0137,space_role,IFACT-94c2ee0f56821036b3ac5c17,relation_location,event_location,1,0,,actual_run,shared_proxy_reference,"AI ensemble reference shares source-type, lexical, contract, and/or historical model signals; report as proxy-reference consistency, not independent accuracy"
Role-owner Closure,w/o Role-owner Closure,SR-0137,space_role,IFACT-94c2ee0f56821036b3ac5c17,relation_location,event_location,1,0,,actual_run,shared_proxy_reference,"AI ensemble reference shares source-type, lexical, contract, and/or historical model signals; report as proxy-reference consistency, not independent accuracy"
Role-owner Closure,Full role-owner closure,SR-0138,space_role,IFACT-d9225c508a54b8dba7db6431,context_location,event_location,1,0,,actual_run,shared_proxy_reference,"AI ensemble reference shares source-type, lexical, contract, and/or historical model signals; report as proxy-reference consistency, not independent accuracy"
Role-owner Closure,w/o Role-owner Closure,SR-0138,space_role,IFACT-d9225c508a54b8dba7db6431,context_location,event_location,1,0,,actual_run,shared_proxy_reference,"AI ensemble reference shares source-type, lexical, contract, and/or historical model signals; report as proxy-reference consistency, not independent accuracy"
Role-owner Closure,Full role-owner closure,SR-0139,space_role,IFACT-f62ef599573c3d121b0215cb,context_location,context_location,1,1,,actual_run,shared_proxy_reference,"AI ensemble reference shares source-type, lexical, contract, and/or historical model signals; report as proxy-reference consistency, not independent accuracy"
Role-owner Closure,w/o Role-owner Closure,SR-0139,space_role,IFACT-f62ef599573c3d121b0215cb,context_location,context_location,1,1,,actual_run,shared_proxy_reference,"AI ensemble reference shares source-type, lexical, contract, and/or historical model signals; report as proxy-reference consistency, not independent accuracy"
Role-owner Closure,Full role-owner closure,SR-0140,space_role,IFACT-0e653b6f2c8ae4310b1d9ddd,context_location,context_location,1,1,,actual_run,shared_proxy_reference,"AI ensemble reference shares source-type, lexical, contract, and/or historical model signals; report as proxy-reference consistency, not independent accuracy"
Role-owner Closure,w/o Role-owner Closure,SR-0140,space_role,IFACT-0e653b6f2c8ae4310b1d9ddd,context_location,context_location,1,1,,actual_run,shared_proxy_reference,"AI ensemble reference shares source-type, lexical, contract, and/or historical model signals; report as proxy-reference consistency, not independent accuracy"
Role-owner Closure,Full role-owner closure,SR-0143,space_role,IFACT-f107604aa2d13d567537ef6f,relation_location,event_location,1,0,,actual_run,shared_proxy_reference,"AI ensemble reference shares source-type, lexical, contract, and/or historical model signals; report as proxy-reference consistency, not independent accuracy"
Role-owner Closure,w/o Role-owner Closure,SR-0143,space_role,IFACT-f107604aa2d13d567537ef6f,relation_location,event_location,1,0,,actual_run,shared_proxy_reference,"AI ensemble reference shares source-type, lexical, contract, and/or historical model signals; report as proxy-reference consistency, not independent accuracy"
Role-owner Closure,Full role-owner closure,SR-0144,space_role,IFACT-9d7d5c40bb1b051843489aef,context_location,context_location,1,1,,actual_run,shared_proxy_reference,"AI ensemble reference shares source-type, lexical, contract, and/or historical model signals; report as proxy-reference consistency, not independent accuracy"
Role-owner Closure,w/o Role-owner Closure,SR-0144,space_role,IFACT-9d7d5c40bb1b051843489aef,context_location,context_location,1,1,,actual_run,shared_proxy_reference,"AI ensemble reference shares source-type, lexical, contract, and/or historical model signals; report as proxy-reference consistency, not independent accuracy"
Role-owner Closure,Full role-owner closure,SR-0146,space_role,IFACT-291255dd3b74c4f520995147,context_location,event_location,1,0,,actual_run,shared_proxy_reference,"AI ensemble reference shares source-type, lexical, contract, and/or historical model signals; report as proxy-reference consistency, not independent accuracy"
Role-owner Closure,w/o Role-owner Closure,SR-0146,space_role,IFACT-291255dd3b74c4f520995147,context_location,event_location,1,0,,actual_run,shared_proxy_reference,"AI ensemble reference shares source-type, lexical, contract, and/or historical model signals; report as proxy-reference consistency, not independent accuracy"
Role-owner Closure,Full role-owner closure,SR-0147,space_role,IFACT-d3a37b5891d520033707f031,relation_location,context_location,1,0,,actual_run,shared_proxy_reference,"AI ensemble reference shares source-type, lexical, contract, and/or historical model signals; report as proxy-reference consistency, not independent accuracy"
Role-owner Closure,w/o Role-owner Closure,SR-0147,space_role,IFACT-d3a37b5891d520033707f031,relation_location,context_location,1,0,,actual_run,shared_proxy_reference,"AI ensemble reference shares source-type, lexical, contract, and/or historical model signals; report as proxy-reference consistency, not independent accuracy"
Role-owner Closure,Full role-owner closure,SR-0148,space_role,IFACT-406f4c611502b5da07788cbc,context_location,event_location,1,0,,actual_run,shared_proxy_reference,"AI ensemble reference shares source-type, lexical, contract, and/or historical model signals; report as proxy-reference consistency, not independent accuracy"
Role-owner Closure,w/o Role-owner Closure,SR-0148,space_role,IFACT-406f4c611502b5da07788cbc,context_location,event_location,1,0,,actual_run,shared_proxy_reference,"AI ensemble reference shares source-type, lexical, contract, and/or historical model signals; report as proxy-reference consistency, not independent accuracy"
Role-owner Closure,Full role-owner closure,SR-0152,space_role,IFACT-277e86e9882f97e595f2c0a8,context_location,biographical_location,1,0,,actual_run,shared_proxy_reference,"AI ensemble reference shares source-type, lexical, contract, and/or historical model signals; report as proxy-reference consistency, not independent accuracy"
Role-owner Closure,w/o Role-owner Closure,SR-0152,space_role,IFACT-277e86e9882f97e595f2c0a8,context_location,biographical_location,1,0,,actual_run,shared_proxy_reference,"AI ensemble reference shares source-type, lexical, contract, and/or historical model signals; report as proxy-reference consistency, not independent accuracy"
Role-owner Closure,Full role-owner closure,SR-0153,space_role,IFACT-fd8cb94396486ebe0a8dc44b,context_location,biographical_location,1,0,,actual_run,shared_proxy_reference,"AI ensemble reference shares source-type, lexical, contract, and/or historical model signals; report as proxy-reference consistency, not independent accuracy"
Role-owner Closure,w/o Role-owner Closure,SR-0153,space_role,IFACT-fd8cb94396486ebe0a8dc44b,context_location,biographical_location,1,0,,actual_run,shared_proxy_reference,"AI ensemble reference shares source-type, lexical, contract, and/or historical model signals; report as proxy-reference consistency, not independent accuracy"
Role-owner Closure,Full role-owner closure,SR-0154,space_role,IFACT-0da2a3b30298e78d5fcc5e1f,biographical_location,context_location,1,0,,actual_run,shared_proxy_reference,"AI ensemble reference shares source-type, lexical, contract, and/or historical model signals; report as proxy-reference consistency, not independent accuracy"
Role-owner Closure,w/o Role-owner Closure,SR-0154,space_role,IFACT-0da2a3b30298e78d5fcc5e1f,biographical_location,context_location,1,0,,actual_run,shared_proxy_reference,"AI ensemble reference shares source-type, lexical, contract, and/or historical model signals; report as proxy-reference consistency, not independent accuracy"
Role-owner Closure,Full role-owner closure,SR-0155,space_role,IFACT-53ae1eea3ebfd884aa415dcd,context_location,event_location,1,0,,actual_run,shared_proxy_reference,"AI ensemble reference shares source-type, lexical, contract, and/or historical model signals; report as proxy-reference consistency, not independent accuracy"
Role-owner Closure,w/o Role-owner Closure,SR-0155,space_role,IFACT-53ae1eea3ebfd884aa415dcd,context_location,event_location,1,0,,actual_run,shared_proxy_reference,"AI ensemble reference shares source-type, lexical, contract, and/or historical model signals; report as proxy-reference consistency, not independent accuracy"
Role-owner Closure,Full role-owner closure,SR-0156,space_role,IFACT-5a7e5052af7c75d3917f33eb,context_location,biographical_location,1,0,,actual_run,shared_proxy_reference,"AI ensemble reference shares source-type, lexical, contract, and/or historical model signals; report as proxy-reference consistency, not independent accuracy"
Role-owner Closure,w/o Role-owner Closure,SR-0156,space_role,IFACT-5a7e5052af7c75d3917f33eb,context_location,biographical_location,1,0,,actual_run,shared_proxy_reference,"AI ensemble reference shares source-type, lexical, contract, and/or historical model signals; report as proxy-reference consistency, not independent accuracy"
Role-owner Closure,Full role-owner closure,SR-0157,space_role,IFACT-cfba40c67cf2e31176ec756f,relation_location,event_location,1,0,,actual_run,shared_proxy_reference,"AI ensemble reference shares source-type, lexical, contract, and/or historical model signals; report as proxy-reference consistency, not independent accuracy"
Role-owner Closure,w/o Role-owner Closure,SR-0157,space_role,IFACT-cfba40c67cf2e31176ec756f,relation_location,event_location,1,0,,actual_run,shared_proxy_reference,"AI ensemble reference shares source-type, lexical, contract, and/or historical model signals; report as proxy-reference consistency, not independent accuracy"
Role-owner Closure,Full role-owner closure,SR-0158,space_role,IFACT-d358894a65fe708ca41e9f7f,context_location,event_location,1,0,,actual_run,shared_proxy_reference,"AI ensemble reference shares source-type, lexical, contract, and/or historical model signals; report as proxy-reference consistency, not independent accuracy"
Role-owner Closure,w/o Role-owner Closure,SR-0158,space_role,IFACT-d358894a65fe708ca41e9f7f,context_location,event_location,1,0,,actual_run,shared_proxy_reference,"AI ensemble reference shares source-type, lexical, contract, and/or historical model signals; report as proxy-reference consistency, not independent accuracy"
Role-owner Closure,Full role-owner closure,SR-0160,space_role,IFACT-85adddd2b660f4858ebba928,creation_or_publication_location,context_location,1,0,,actual_run,shared_proxy_reference,"AI ensemble reference shares source-type, lexical, contract, and/or historical model signals; report as proxy-reference consistency, not independent accuracy"
Role-owner Closure,w/o Role-owner Closure,SR-0160,space_role,IFACT-85adddd2b660f4858ebba928,creation_or_publication_location,context_location,1,0,,actual_run,shared_proxy_reference,"AI ensemble reference shares source-type, lexical, contract, and/or historical model signals; report as proxy-reference consistency, not independent accuracy"
Role-owner Closure,Full role-owner closure,TO-0003,time_owner,IFACT-f392662081912007bb317eb8,迎接武汉解放,汉口,1,0,,actual_run,shared_proxy_reference,"AI ensemble reference shares source-type, lexical, contract, and/or historical model signals; report as proxy-reference consistency, not independent accuracy"
Role-owner Closure,w/o Role-owner Closure,TO-0003,time_owner,IFACT-f392662081912007bb317eb8,迎接武汉解放,汉口,1,0,,actual_run,shared_proxy_reference,"AI ensemble reference shares source-type, lexical, contract, and/or historical model signals; report as proxy-reference consistency, not independent accuracy"
Role-owner Closure,Full role-owner closure,TO-0004,time_owner,IFACT-3d9e51da95e52cf27fda58af,革命烈士纪念塔,革命烈士纪念塔,1,1,,actual_run,shared_proxy_reference,"AI ensemble reference shares source-type, lexical, contract, and/or historical model signals; report as proxy-reference consistency, not independent accuracy"
Role-owner Closure,w/o Role-owner Closure,TO-0004,time_owner,IFACT-3d9e51da95e52cf27fda58af,革命烈士纪念塔,革命烈士纪念塔,1,1,,actual_run,shared_proxy_reference,"AI ensemble reference shares source-type, lexical, contract, and/or historical model signals; report as proxy-reference consistency, not independent accuracy"
Role-owner Closure,Full role-owner closure,TO-0008,time_owner,IFACT-5f8a839bb1b31ed717be055b,鸡鸣三省红军纪念碑,鸡鸣三省红军纪念碑,1,1,,actual_run,shared_proxy_reference,"AI ensemble reference shares source-type, lexical, contract, and/or historical model signals; report as proxy-reference consistency, not independent accuracy"
Role-owner Closure,w/o Role-owner Closure,TO-0008,time_owner,IFACT-5f8a839bb1b31ed717be055b,鸡鸣三省红军纪念碑,鸡鸣三省红军纪念碑,1,1,,actual_run,shared_proxy_reference,"AI ensemble reference shares source-type, lexical, contract, and/or historical model signals; report as proxy-reference consistency, not independent accuracy"
Role-owner Closure,Full role-owner closure,TO-0009,time_owner,IFACT-68b5966f0418a4a6939c8eef,苏维埃政权,黔大县,1,0,,actual_run,shared_proxy_reference,"AI ensemble reference shares source-type, lexical, contract, and/or historical model signals; report as proxy-reference consistency, not independent accuracy"
Role-owner Closure,w/o Role-owner Closure,TO-0009,time_owner,IFACT-68b5966f0418a4a6939c8eef,苏维埃政权,黔大县,1,0,,actual_run,shared_proxy_reference,"AI ensemble reference shares source-type, lexical, contract, and/or historical model signals; report as proxy-reference consistency, not independent accuracy"
Role-owner Closure,Full role-owner closure,TO-0010,time_owner,IFACT-223485687e447a33f0b73531,《曲江工潮》,宣中华,1,0,,actual_run,shared_proxy_reference,"AI ensemble reference shares source-type, lexical, contract, and/or historical model signals; report as proxy-reference consistency, not independent accuracy"
Role-owner Closure,w/o Role-owner Closure,TO-0010,time_owner,IFACT-223485687e447a33f0b73531,《曲江工潮》,宣中华,1,0,,actual_run,shared_proxy_reference,"AI ensemble reference shares source-type, lexical, contract, and/or historical model signals; report as proxy-reference consistency, not independent accuracy"
Role-owner Closure,Full role-owner closure,TO-0011,time_owner,IFACT-0479eb136fa7f58ee2b92ecc,商务印书馆工人罢工斗争,上海,1,0,,actual_run,shared_proxy_reference,"AI ensemble reference shares source-type, lexical, contract, and/or historical model signals; report as proxy-reference consistency, not independent accuracy"
Role-owner Closure,w/o Role-owner Closure,TO-0011,time_owner,IFACT-0479eb136fa7f58ee2b92ecc,商务印书馆工人罢工斗争,上海,1,0,,actual_run,shared_proxy_reference,"AI ensemble reference shares source-type, lexical, contract, and/or historical model signals; report as proxy-reference consistency, not independent accuracy"
Role-owner Closure,Full role-owner closure,TO-0012,time_owner,IFACT-81b05511554bfec51527f70f,21.txt,草鞋,1,0,,actual_run,shared_proxy_reference,"AI ensemble reference shares source-type, lexical, contract, and/or historical model signals; report as proxy-reference consistency, not independent accuracy"
Role-owner Closure,w/o Role-owner Closure,TO-0012,time_owner,IFACT-81b05511554bfec51527f70f,21.txt,草鞋,1,0,,actual_run,shared_proxy_reference,"AI ensemble reference shares source-type, lexical, contract, and/or historical model signals; report as proxy-reference consistency, not independent accuracy"
Role-owner Closure,Full role-owner closure,TO-0014,time_owner,IFACT-ca5910e855b69738a1bc35ef,《疯儿》,蒋光慈,1,0,,actual_run,shared_proxy_reference,"AI ensemble reference shares source-type, lexical, contract, and/or historical model signals; report as proxy-reference consistency, not independent accuracy"
Role-owner Closure,w/o Role-owner Closure,TO-0014,time_owner,IFACT-ca5910e855b69738a1bc35ef,《疯儿》,蒋光慈,1,0,,actual_run,shared_proxy_reference,"AI ensemble reference shares source-type, lexical, contract, and/or historical model signals; report as proxy-reference consistency, not independent accuracy"
Role-owner Closure,Full role-owner closure,TO-0015,time_owner,IFACT-ae219fe20eefbd17d2569f2c,母亲的回忆,朱德,1,0,,actual_run,shared_proxy_reference,"AI ensemble reference shares source-type, lexical, contract, and/or historical model signals; report as proxy-reference consistency, not independent accuracy"
Role-owner Closure,w/o Role-owner Closure,TO-0015,time_owner,IFACT-ae219fe20eefbd17d2569f2c,母亲的回忆,朱德,1,0,,actual_run,shared_proxy_reference,"AI ensemble reference shares source-type, lexical, contract, and/or historical model signals; report as proxy-reference consistency, not independent accuracy"
Role-owner Closure,Full role-owner closure,TO-0016,time_owner,IFACT-567378bf21b3274a804c6502,《民主周刊》,闻一多,1,0,,actual_run,shared_proxy_reference,"AI ensemble reference shares source-type, lexical, contract, and/or historical model signals; report as proxy-reference consistency, not independent accuracy"
Role-owner Closure,w/o Role-owner Closure,TO-0016,time_owner,IFACT-567378bf21b3274a804c6502,《民主周刊》,闻一多,1,0,,actual_run,shared_proxy_reference,"AI ensemble reference shares source-type, lexical, contract, and/or historical model signals; report as proxy-reference consistency, not independent accuracy"
Role-owner Closure,Full role-owner closure,TO-0017,time_owner,IFACT-3744fb58da230dc3bf750556,青年组织建设,上海,1,0,,actual_run,shared_proxy_reference,"AI ensemble reference shares source-type, lexical, contract, and/or historical model signals; report as proxy-reference consistency, not independent accuracy"
Role-owner Closure,w/o Role-owner Closure,TO-0017,time_owner,IFACT-3744fb58da230dc3bf750556,青年组织建设,上海,1,0,,actual_run,shared_proxy_reference,"AI ensemble reference shares source-type, lexical, contract, and/or historical model signals; report as proxy-reference consistency, not independent accuracy"
Role-owner Closure,Full role-owner closure,TO-0018,time_owner,IFACT-c575407082a8be4510971dce,扎西红军纪念馆,扎西红军纪念馆,1,1,,actual_run,shared_proxy_reference,"AI ensemble reference shares source-type, lexical, contract, and/or historical model signals; report as proxy-reference consistency, not independent accuracy"
Role-owner Closure,w/o Role-owner Closure,TO-0018,time_owner,IFACT-c575407082a8be4510971dce,扎西红军纪念馆,扎西红军纪念馆,1,1,,actual_run,shared_proxy_reference,"AI ensemble reference shares source-type, lexical, contract, and/or historical model signals; report as proxy-reference consistency, not independent accuracy"
Role-owner Closure,Full role-owner closure,TO-0020,time_owner,IFACT-fdc75280f5afdd5f79c8f36f,《热血日报》,瞿秋白,1,0,,actual_run,shared_proxy_reference,"AI ensemble reference shares source-type, lexical, contract, and/or historical model signals; report as proxy-reference consistency, not independent accuracy"
Role-owner Closure,w/o Role-owner Closure,TO-0020,time_owner,IFACT-fdc75280f5afdd5f79c8f36f,《热血日报》,瞿秋白,1,0,,actual_run,shared_proxy_reference,"AI ensemble reference shares source-type, lexical, contract, and/or historical model signals; report as proxy-reference consistency, not independent accuracy"
Role-owner Closure,Full role-owner closure,TO-0022,time_owner,IFACT-d30e78ee083a7df2b2aeff48,湖南农民运动考察报告,毛泽东,1,0,,actual_run,shared_proxy_reference,"AI ensemble reference shares source-type, lexical, contract, and/or historical model signals; report as proxy-reference consistency, not independent accuracy"
Role-owner Closure,w/o Role-owner Closure,TO-0022,time_owner,IFACT-d30e78ee083a7df2b2aeff48,湖南农民运动考察报告,毛泽东,1,0,,actual_run,shared_proxy_reference,"AI ensemble reference shares source-type, lexical, contract, and/or historical model signals; report as proxy-reference consistency, not independent accuracy"
Role-owner Closure,Full role-owner closure,TO-0024,time_owner,IFACT-ee15fd1833aacefd4b48946f,《施政大纲》,毛泽东,1,0,,actual_run,shared_proxy_reference,"AI ensemble reference shares source-type, lexical, contract, and/or historical model signals; report as proxy-reference consistency, not independent accuracy"
Role-owner Closure,w/o Role-owner Closure,TO-0024,time_owner,IFACT-ee15fd1833aacefd4b48946f,《施政大纲》,毛泽东,1,0,,actual_run,shared_proxy_reference,"AI ensemble reference shares source-type, lexical, contract, and/or historical model signals; report as proxy-reference consistency, not independent accuracy"
Role-owner Closure,Full role-owner closure,TO-0025,time_owner,IFACT-4b46e9a3168b74b5ec9d4696,少年飘泊者,少年飘泊者,1,1,,actual_run,shared_proxy_reference,"AI ensemble reference shares source-type, lexical, contract, and/or historical model signals; report as proxy-reference consistency, not independent accuracy"
Role-owner Closure,w/o Role-owner Closure,TO-0025,time_owner,IFACT-4b46e9a3168b74b5ec9d4696,少年飘泊者,少年飘泊者,1,1,,actual_run,shared_proxy_reference,"AI ensemble reference shares source-type, lexical, contract, and/or historical model signals; report as proxy-reference consistency, not independent accuracy"
Role-owner Closure,Full role-owner closure,TO-0026,time_owner,IFACT-2f5fd5428db484bf61392cce,亳北武装建设,涡北地区,1,0,,actual_run,shared_proxy_reference,"AI ensemble reference shares source-type, lexical, contract, and/or historical model signals; report as proxy-reference consistency, not independent accuracy"
Role-owner Closure,w/o Role-owner Closure,TO-0026,time_owner,IFACT-2f5fd5428db484bf61392cce,亳北武装建设,涡北地区,1,0,,actual_run,shared_proxy_reference,"AI ensemble reference shares source-type, lexical, contract, and/or historical model signals; report as proxy-reference consistency, not independent accuracy"
Role-owner Closure,Full role-owner closure,TO-0029,time_owner,IFACT-88a9597d96e99fecc9609f9a,武汉革命基础之紧迫问题,张太雷,1,0,,actual_run,shared_proxy_reference,"AI ensemble reference shares source-type, lexical, contract, and/or historical model signals; report as proxy-reference consistency, not independent accuracy"
Role-owner Closure,w/o Role-owner Closure,TO-0029,time_owner,IFACT-88a9597d96e99fecc9609f9a,武汉革命基础之紧迫问题,张太雷,1,0,,actual_run,shared_proxy_reference,"AI ensemble reference shares source-type, lexical, contract, and/or historical model signals; report as proxy-reference consistency, not independent accuracy"
Role-owner Closure,Full role-owner closure,TO-0030,time_owner,IFACT-cbcf861b58c434914b884f90,学生反敌斗争,南京,1,0,,actual_run,shared_proxy_reference,"AI ensemble reference shares source-type, lexical, contract, and/or historical model signals; report as proxy-reference consistency, not independent accuracy"
Role-owner Closure,w/o Role-owner Closure,TO-0030,time_owner,IFACT-cbcf861b58c434914b884f90,学生反敌斗争,南京,1,0,,actual_run,shared_proxy_reference,"AI ensemble reference shares source-type, lexical, contract, and/or historical model signals; report as proxy-reference consistency, not independent accuracy"
Role-owner Closure,Full role-owner closure,TR-0002,time_role,IFACT-fbe2938f2260f6a55255fa23,relation_validity,event_occurrence,1,0,,actual_run,shared_proxy_reference,"AI ensemble reference shares source-type, lexical, contract, and/or historical model signals; report as proxy-reference consistency, not independent accuracy"
Role-owner Closure,w/o Role-owner Closure,TR-0002,time_role,IFACT-fbe2938f2260f6a55255fa23,relation_validity,event_occurrence,1,0,,actual_run,shared_proxy_reference,"AI ensemble reference shares source-type, lexical, contract, and/or historical model signals; report as proxy-reference consistency, not independent accuracy"
Role-owner Closure,Full role-owner closure,TR-0003,time_role,IFACT-db757253be2ac40afb82ec67,context_time,event_occurrence,1,0,,actual_run,shared_proxy_reference,"AI ensemble reference shares source-type, lexical, contract, and/or historical model signals; report as proxy-reference consistency, not independent accuracy"
Role-owner Closure,w/o Role-owner Closure,TR-0003,time_role,IFACT-db757253be2ac40afb82ec67,context_time,event_occurrence,1,0,,actual_run,shared_proxy_reference,"AI ensemble reference shares source-type, lexical, contract, and/or historical model signals; report as proxy-reference consistency, not independent accuracy"
Role-owner Closure,Full role-owner closure,TR-0004,time_role,IFACT-2ce7d90d3dff1274934d2395,relation_validity,event_occurrence,1,0,,actual_run,shared_proxy_reference,"AI ensemble reference shares source-type, lexical, contract, and/or historical model signals; report as proxy-reference consistency, not independent accuracy"
Role-owner Closure,w/o Role-owner Closure,TR-0004,time_role,IFACT-2ce7d90d3dff1274934d2395,relation_validity,event_occurrence,1,0,,actual_run,shared_proxy_reference,"AI ensemble reference shares source-type, lexical, contract, and/or historical model signals; report as proxy-reference consistency, not independent accuracy"
Role-owner Closure,Full role-owner closure,TR-0007,time_role,IFACT-6db6f0157066e090f872561e,context_time,context_time,1,1,,actual_run,shared_proxy_reference,"AI ensemble reference shares source-type, lexical, contract, and/or historical model signals; report as proxy-reference consistency, not independent accuracy"
Role-owner Closure,w/o Role-owner Closure,TR-0007,time_role,IFACT-6db6f0157066e090f872561e,context_time,context_time,1,1,,actual_run,shared_proxy_reference,"AI ensemble reference shares source-type, lexical, contract, and/or historical model signals; report as proxy-reference consistency, not independent accuracy"
Role-owner Closure,Full role-owner closure,TR-0008,time_role,IFACT-fd368820c66ee207a91177dd,context_time,context_time,1,1,,actual_run,shared_proxy_reference,"AI ensemble reference shares source-type, lexical, contract, and/or historical model signals; report as proxy-reference consistency, not independent accuracy"
Role-owner Closure,w/o Role-owner Closure,TR-0008,time_role,IFACT-fd368820c66ee207a91177dd,context_time,context_time,1,1,,actual_run,shared_proxy_reference,"AI ensemble reference shares source-type, lexical, contract, and/or historical model signals; report as proxy-reference consistency, not independent accuracy"
Role-owner Closure,Full role-owner closure,TR-0009,time_role,IFACT-f392662081912007bb317eb8,event_occurrence,event_occurrence,1,1,,actual_run,shared_proxy_reference,"AI ensemble reference shares source-type, lexical, contract, and/or historical model signals; report as proxy-reference consistency, not independent accuracy"
Role-owner Closure,w/o Role-owner Closure,TR-0009,time_role,IFACT-f392662081912007bb317eb8,event_occurrence,event_occurrence,1,1,,actual_run,shared_proxy_reference,"AI ensemble reference shares source-type, lexical, contract, and/or historical model signals; report as proxy-reference consistency, not independent accuracy"
Role-owner Closure,Full role-owner closure,TR-0011,time_role,IFACT-c999171376b308ad0c4adf60,relation_validity,context_time,1,0,,actual_run,shared_proxy_reference,"AI ensemble reference shares source-type, lexical, contract, and/or historical model signals; report as proxy-reference consistency, not independent accuracy"
Role-owner Closure,w/o Role-owner Closure,TR-0011,time_role,IFACT-c999171376b308ad0c4adf60,relation_validity,context_time,1,0,,actual_run,shared_proxy_reference,"AI ensemble reference shares source-type, lexical, contract, and/or historical model signals; report as proxy-reference consistency, not independent accuracy"
Role-owner Closure,Full role-owner closure,TR-0012,time_role,IFACT-fe7b2cc99bfcb7d68018e172,context_time,context_time,1,1,,actual_run,shared_proxy_reference,"AI ensemble reference shares source-type, lexical, contract, and/or historical model signals; report as proxy-reference consistency, not independent accuracy"
Role-owner Closure,w/o Role-owner Closure,TR-0012,time_role,IFACT-fe7b2cc99bfcb7d68018e172,context_time,context_time,1,1,,actual_run,shared_proxy_reference,"AI ensemble reference shares source-type, lexical, contract, and/or historical model signals; report as proxy-reference consistency, not independent accuracy"
Role-owner Closure,Full role-owner closure,TR-0015,time_role,IFACT-af078929ab5a5c774ebd381c,relation_validity,context_time,1,0,,actual_run,shared_proxy_reference,"AI ensemble reference shares source-type, lexical, contract, and/or historical model signals; report as proxy-reference consistency, not independent accuracy"
Role-owner Closure,w/o Role-owner Closure,TR-0015,time_role,IFACT-af078929ab5a5c774ebd381c,relation_validity,context_time,1,0,,actual_run,shared_proxy_reference,"AI ensemble reference shares source-type, lexical, contract, and/or historical model signals; report as proxy-reference consistency, not independent accuracy"
Role-owner Closure,Full role-owner closure,TR-0017,time_role,IFACT-6065af70d916c7d23ba1f3e9,context_time,context_time,1,1,,actual_run,shared_proxy_reference,"AI ensemble reference shares source-type, lexical, contract, and/or historical model signals; report as proxy-reference consistency, not independent accuracy"
Role-owner Closure,w/o Role-owner Closure,TR-0017,time_role,IFACT-6065af70d916c7d23ba1f3e9,context_time,context_time,1,1,,actual_run,shared_proxy_reference,"AI ensemble reference shares source-type, lexical, contract, and/or historical model signals; report as proxy-reference consistency, not independent accuracy"
Role-owner Closure,Full role-owner closure,TR-0019,time_role,IFACT-29482e72bcf165a2886da5f0,biographical,context_time,1,0,,actual_run,shared_proxy_reference,"AI ensemble reference shares source-type, lexical, contract, and/or historical model signals; report as proxy-reference consistency, not independent accuracy"
Role-owner Closure,w/o Role-owner Closure,TR-0019,time_role,IFACT-29482e72bcf165a2886da5f0,biographical,context_time,1,0,,actual_run,shared_proxy_reference,"AI ensemble reference shares source-type, lexical, contract, and/or historical model signals; report as proxy-reference consistency, not independent accuracy"
Role-owner Closure,Full role-owner closure,TR-0021,time_role,IFACT-d6897bc8d53f2bf96fc836cd,context_time,context_time,1,1,,actual_run,shared_proxy_reference,"AI ensemble reference shares source-type, lexical, contract, and/or historical model signals; report as proxy-reference consistency, not independent accuracy"
Role-owner Closure,w/o Role-owner Closure,TR-0021,time_role,IFACT-d6897bc8d53f2bf96fc836cd,context_time,context_time,1,1,,actual_run,shared_proxy_reference,"AI ensemble reference shares source-type, lexical, contract, and/or historical model signals; report as proxy-reference consistency, not independent accuracy"
Role-owner Closure,Full role-owner closure,TR-0022,time_role,IFACT-a1981b72fda27a9fbc6b5e13,biographical,context_time,1,0,,actual_run,shared_proxy_reference,"AI ensemble reference shares source-type, lexical, contract, and/or historical model signals; report as proxy-reference consistency, not independent accuracy"
Role-owner Closure,w/o Role-owner Closure,TR-0022,time_role,IFACT-a1981b72fda27a9fbc6b5e13,biographical,context_time,1,0,,actual_run,shared_proxy_reference,"AI ensemble reference shares source-type, lexical, contract, and/or historical model signals; report as proxy-reference consistency, not independent accuracy"
Role-owner Closure,Full role-owner closure,TR-0023,time_role,IFACT-f8076c249cdc95a1825e8372,context_time,event_occurrence,1,0,,actual_run,shared_proxy_reference,"AI ensemble reference shares source-type, lexical, contract, and/or historical model signals; report as proxy-reference consistency, not independent accuracy"
Role-owner Closure,w/o Role-owner Closure,TR-0023,time_role,IFACT-f8076c249cdc95a1825e8372,context_time,event_occurrence,1,0,,actual_run,shared_proxy_reference,"AI ensemble reference shares source-type, lexical, contract, and/or historical model signals; report as proxy-reference consistency, not independent accuracy"
Role-owner Closure,Full role-owner closure,TR-0025,time_role,IFACT-5ab02241423a53c5bb69265d,relation_validity,event_occurrence,1,0,,actual_run,shared_proxy_reference,"AI ensemble reference shares source-type, lexical, contract, and/or historical model signals; report as proxy-reference consistency, not independent accuracy"
Role-owner Closure,w/o Role-owner Closure,TR-0025,time_role,IFACT-5ab02241423a53c5bb69265d,relation_validity,event_occurrence,1,0,,actual_run,shared_proxy_reference,"AI ensemble reference shares source-type, lexical, contract, and/or historical model signals; report as proxy-reference consistency, not independent accuracy"
Role-owner Closure,Full role-owner closure,TR-0026,time_role,IFACT-68b5966f0418a4a6939c8eef,biographical,context_time,1,0,,actual_run,shared_proxy_reference,"AI ensemble reference shares source-type, lexical, contract, and/or historical model signals; report as proxy-reference consistency, not independent accuracy"
Role-owner Closure,w/o Role-owner Closure,TR-0026,time_role,IFACT-68b5966f0418a4a6939c8eef,biographical,context_time,1,0,,actual_run,shared_proxy_reference,"AI ensemble reference shares source-type, lexical, contract, and/or historical model signals; report as proxy-reference consistency, not independent accuracy"
Role-owner Closure,Full role-owner closure,TR-0027,time_role,IFACT-1315514dda3972e6f8f75513,context_time,context_time,1,1,,actual_run,shared_proxy_reference,"AI ensemble reference shares source-type, lexical, contract, and/or historical model signals; report as proxy-reference consistency, not independent accuracy"
Role-owner Closure,w/o Role-owner Closure,TR-0027,time_role,IFACT-1315514dda3972e6f8f75513,context_time,context_time,1,1,,actual_run,shared_proxy_reference,"AI ensemble reference shares source-type, lexical, contract, and/or historical model signals; report as proxy-reference consistency, not independent accuracy"
Role-owner Closure,Full role-owner closure,TR-0028,time_role,IFACT-208feba2a64cb962c665945b,relation_validity,event_occurrence,1,0,,actual_run,shared_proxy_reference,"AI ensemble reference shares source-type, lexical, contract, and/or historical model signals; report as proxy-reference consistency, not independent accuracy"
Role-owner Closure,w/o Role-owner Closure,TR-0028,time_role,IFACT-208feba2a64cb962c665945b,relation_validity,event_occurrence,1,0,,actual_run,shared_proxy_reference,"AI ensemble reference shares source-type, lexical, contract, and/or historical model signals; report as proxy-reference consistency, not independent accuracy"
Role-owner Closure,Full role-owner closure,TR-0029,time_role,IFACT-706783395b0857e3304f5cc7,context_time,context_time,1,1,,actual_run,shared_proxy_reference,"AI ensemble reference shares source-type, lexical, contract, and/or historical model signals; report as proxy-reference consistency, not independent accuracy"
Role-owner Closure,w/o Role-owner Closure,TR-0029,time_role,IFACT-706783395b0857e3304f5cc7,context_time,context_time,1,1,,actual_run,shared_proxy_reference,"AI ensemble reference shares source-type, lexical, contract, and/or historical model signals; report as proxy-reference consistency, not independent accuracy"
Role-owner Closure,Full role-owner closure,TR-0030,time_role,IFACT-90fc2f892436d7e581a9b2ef,context_time,context_time,1,1,,actual_run,shared_proxy_reference,"AI ensemble reference shares source-type, lexical, contract, and/or historical model signals; report as proxy-reference consistency, not independent accuracy"
Role-owner Closure,w/o Role-owner Closure,TR-0030,time_role,IFACT-90fc2f892436d7e581a9b2ef,context_time,context_time,1,1,,actual_run,shared_proxy_reference,"AI ensemble reference shares source-type, lexical, contract, and/or historical model signals; report as proxy-reference consistency, not independent accuracy"
Role-owner Closure,Full role-owner closure,TR-0031,time_role,IFACT-aeee2113a44477ca91333485,context_time,context_time,1,1,,actual_run,shared_proxy_reference,"AI ensemble reference shares source-type, lexical, contract, and/or historical model signals; report as proxy-reference consistency, not independent accuracy"
Role-owner Closure,w/o Role-owner Closure,TR-0031,time_role,IFACT-aeee2113a44477ca91333485,context_time,context_time,1,1,,actual_run,shared_proxy_reference,"AI ensemble reference shares source-type, lexical, contract, and/or historical model signals; report as proxy-reference consistency, not independent accuracy"
Role-owner Closure,Full role-owner closure,TR-0032,time_role,IFACT-bd59fccae36aa04fce99dbd3,relation_validity,event_occurrence,1,0,,actual_run,shared_proxy_reference,"AI ensemble reference shares source-type, lexical, contract, and/or historical model signals; report as proxy-reference consistency, not independent accuracy"
Role-owner Closure,w/o Role-owner Closure,TR-0032,time_role,IFACT-bd59fccae36aa04fce99dbd3,relation_validity,event_occurrence,1,0,,actual_run,shared_proxy_reference,"AI ensemble reference shares source-type, lexical, contract, and/or historical model signals; report as proxy-reference consistency, not independent accuracy"
Role-owner Closure,Full role-owner closure,TR-0033,time_role,IFACT-3ff2edc32d0edbab63b5500b,relation_validity,context_time,1,0,,actual_run,shared_proxy_reference,"AI ensemble reference shares source-type, lexical, contract, and/or historical model signals; report as proxy-reference consistency, not independent accuracy"
Role-owner Closure,w/o Role-owner Closure,TR-0033,time_role,IFACT-3ff2edc32d0edbab63b5500b,relation_validity,context_time,1,0,,actual_run,shared_proxy_reference,"AI ensemble reference shares source-type, lexical, contract, and/or historical model signals; report as proxy-reference consistency, not independent accuracy"
Role-owner Closure,Full role-owner closure,TR-0034,time_role,IFACT-f1fb77e2420f1a8f6b3d8318,context_time,event_occurrence,1,0,,actual_run,shared_proxy_reference,"AI ensemble reference shares source-type, lexical, contract, and/or historical model signals; report as proxy-reference consistency, not independent accuracy"
Role-owner Closure,w/o Role-owner Closure,TR-0034,time_role,IFACT-f1fb77e2420f1a8f6b3d8318,context_time,event_occurrence,1,0,,actual_run,shared_proxy_reference,"AI ensemble reference shares source-type, lexical, contract, and/or historical model signals; report as proxy-reference consistency, not independent accuracy"
Role-owner Closure,Full role-owner closure,TR-0035,time_role,IFACT-223485687e447a33f0b73531,source_document_time,context_time,1,0,,actual_run,shared_proxy_reference,"AI ensemble reference shares source-type, lexical, contract, and/or historical model signals; report as proxy-reference consistency, not independent accuracy"
Role-owner Closure,w/o Role-owner Closure,TR-0035,time_role,IFACT-223485687e447a33f0b73531,source_document_time,context_time,1,0,,actual_run,shared_proxy_reference,"AI ensemble reference shares source-type, lexical, contract, and/or historical model signals; report as proxy-reference consistency, not independent accuracy"
Role-owner Closure,Full role-owner closure,TR-0036,time_role,IFACT-3e2f73b286d821467fd752a3,context_time,context_time,1,1,,actual_run,shared_proxy_reference,"AI ensemble reference shares source-type, lexical, contract, and/or historical model signals; report as proxy-reference consistency, not independent accuracy"
Role-owner Closure,w/o Role-owner Closure,TR-0036,time_role,IFACT-3e2f73b286d821467fd752a3,context_time,context_time,1,1,,actual_run,shared_proxy_reference,"AI ensemble reference shares source-type, lexical, contract, and/or historical model signals; report as proxy-reference consistency, not independent accuracy"
Role-owner Closure,Full role-owner closure,TR-0037,time_role,IFACT-7eff898da0299b97f10b20ec,context_time,context_time,1,1,,actual_run,shared_proxy_reference,"AI ensemble reference shares source-type, lexical, contract, and/or historical model signals; report as proxy-reference consistency, not independent accuracy"
Role-owner Closure,w/o Role-owner Closure,TR-0037,time_role,IFACT-7eff898da0299b97f10b20ec,context_time,context_time,1,1,,actual_run,shared_proxy_reference,"AI ensemble reference shares source-type, lexical, contract, and/or historical model signals; report as proxy-reference consistency, not independent accuracy"
Role-owner Closure,Full role-owner closure,TR-0038,time_role,IFACT-6551d63e1772e309004b7d5f,context_time,context_time,1,1,,actual_run,shared_proxy_reference,"AI ensemble reference shares source-type, lexical, contract, and/or historical model signals; report as proxy-reference consistency, not independent accuracy"
Role-owner Closure,w/o Role-owner Closure,TR-0038,time_role,IFACT-6551d63e1772e309004b7d5f,context_time,context_time,1,1,,actual_run,shared_proxy_reference,"AI ensemble reference shares source-type, lexical, contract, and/or historical model signals; report as proxy-reference consistency, not independent accuracy"
Role-owner Closure,Full role-owner closure,TR-0039,time_role,IFACT-576fe0950f96ab73fbb89f61,context_time,context_time,1,1,,actual_run,shared_proxy_reference,"AI ensemble reference shares source-type, lexical, contract, and/or historical model signals; report as proxy-reference consistency, not independent accuracy"
Role-owner Closure,w/o Role-owner Closure,TR-0039,time_role,IFACT-576fe0950f96ab73fbb89f61,context_time,context_time,1,1,,actual_run,shared_proxy_reference,"AI ensemble reference shares source-type, lexical, contract, and/or historical model signals; report as proxy-reference consistency, not independent accuracy"
Role-owner Closure,Full role-owner closure,TR-0040,time_role,IFACT-f86ddd66554aeb39036829e6,relation_validity,event_occurrence,1,0,,actual_run,shared_proxy_reference,"AI ensemble reference shares source-type, lexical, contract, and/or historical model signals; report as proxy-reference consistency, not independent accuracy"
Role-owner Closure,w/o Role-owner Closure,TR-0040,time_role,IFACT-f86ddd66554aeb39036829e6,relation_validity,event_occurrence,1,0,,actual_run,shared_proxy_reference,"AI ensemble reference shares source-type, lexical, contract, and/or historical model signals; report as proxy-reference consistency, not independent accuracy"
Role-owner Closure,Full role-owner closure,TR-0041,time_role,IFACT-92e65c437ca29704274dde23,relation_validity,event_occurrence,1,0,,actual_run,shared_proxy_reference,"AI ensemble reference shares source-type, lexical, contract, and/or historical model signals; report as proxy-reference consistency, not independent accuracy"
Role-owner Closure,w/o Role-owner Closure,TR-0041,time_role,IFACT-92e65c437ca29704274dde23,relation_validity,event_occurrence,1,0,,actual_run,shared_proxy_reference,"AI ensemble reference shares source-type, lexical, contract, and/or historical model signals; report as proxy-reference consistency, not independent accuracy"
Role-owner Closure,Full role-owner closure,TR-0042,time_role,IFACT-0479eb136fa7f58ee2b92ecc,event_occurrence,event_occurrence,1,1,,actual_run,shared_proxy_reference,"AI ensemble reference shares source-type, lexical, contract, and/or historical model signals; report as proxy-reference consistency, not independent accuracy"
Role-owner Closure,w/o Role-owner Closure,TR-0042,time_role,IFACT-0479eb136fa7f58ee2b92ecc,event_occurrence,event_occurrence,1,1,,actual_run,shared_proxy_reference,"AI ensemble reference shares source-type, lexical, contract, and/or historical model signals; report as proxy-reference consistency, not independent accuracy"
Role-owner Closure,Full role-owner closure,TR-0043,time_role,IFACT-52a48b7d34c40b34cb2d4c44,context_time,context_time,1,1,,actual_run,shared_proxy_reference,"AI ensemble reference shares source-type, lexical, contract, and/or historical model signals; report as proxy-reference consistency, not independent accuracy"
Role-owner Closure,w/o Role-owner Closure,TR-0043,time_role,IFACT-52a48b7d34c40b34cb2d4c44,context_time,context_time,1,1,,actual_run,shared_proxy_reference,"AI ensemble reference shares source-type, lexical, contract, and/or historical model signals; report as proxy-reference consistency, not independent accuracy"
Role-owner Closure,Full role-owner closure,TR-0044,time_role,IFACT-a8cd9979db65f7c13f11267e,context_time,context_time,1,1,,actual_run,shared_proxy_reference,"AI ensemble reference shares source-type, lexical, contract, and/or historical model signals; report as proxy-reference consistency, not independent accuracy"
Role-owner Closure,w/o Role-owner Closure,TR-0044,time_role,IFACT-a8cd9979db65f7c13f11267e,context_time,context_time,1,1,,actual_run,shared_proxy_reference,"AI ensemble reference shares source-type, lexical, contract, and/or historical model signals; report as proxy-reference consistency, not independent accuracy"
Role-owner Closure,Full role-owner closure,TR-0045,time_role,IFACT-e7769544bf20606c36391c21,context_time,context_time,1,1,,actual_run,shared_proxy_reference,"AI ensemble reference shares source-type, lexical, contract, and/or historical model signals; report as proxy-reference consistency, not independent accuracy"
Role-owner Closure,w/o Role-owner Closure,TR-0045,time_role,IFACT-e7769544bf20606c36391c21,context_time,context_time,1,1,,actual_run,shared_proxy_reference,"AI ensemble reference shares source-type, lexical, contract, and/or historical model signals; report as proxy-reference consistency, not independent accuracy"
Role-owner Closure,Full role-owner closure,TR-0046,time_role,IFACT-ec88a950e1ef91a3e6ad5745,context_time,context_time,1,1,,actual_run,shared_proxy_reference,"AI ensemble reference shares source-type, lexical, contract, and/or historical model signals; report as proxy-reference consistency, not independent accuracy"
Role-owner Closure,w/o Role-owner Closure,TR-0046,time_role,IFACT-ec88a950e1ef91a3e6ad5745,context_time,context_time,1,1,,actual_run,shared_proxy_reference,"AI ensemble reference shares source-type, lexical, contract, and/or historical model signals; report as proxy-reference consistency, not independent accuracy"
Role-owner Closure,Full role-owner closure,TR-0047,time_role,IFACT-81b05511554bfec51527f70f,source_document_time,context_time,1,0,,actual_run,shared_proxy_reference,"AI ensemble reference shares source-type, lexical, contract, and/or historical model signals; report as proxy-reference consistency, not independent accuracy"
Role-owner Closure,w/o Role-owner Closure,TR-0047,time_role,IFACT-81b05511554bfec51527f70f,source_document_time,context_time,1,0,,actual_run,shared_proxy_reference,"AI ensemble reference shares source-type, lexical, contract, and/or historical model signals; report as proxy-reference consistency, not independent accuracy"
Role-owner Closure,Full role-owner closure,TR-0049,time_role,IFACT-cad28ce4779c0cb6039cf3a7,context_time,context_time,1,1,,actual_run,shared_proxy_reference,"AI ensemble reference shares source-type, lexical, contract, and/or historical model signals; report as proxy-reference consistency, not independent accuracy"
Role-owner Closure,w/o Role-owner Closure,TR-0049,time_role,IFACT-cad28ce4779c0cb6039cf3a7,context_time,context_time,1,1,,actual_run,shared_proxy_reference,"AI ensemble reference shares source-type, lexical, contract, and/or historical model signals; report as proxy-reference consistency, not independent accuracy"
Role-owner Closure,Full role-owner closure,TR-0050,time_role,IFACT-5d3796a2f7d8e520a024a4e0,context_time,event_occurrence,1,0,,actual_run,shared_proxy_reference,"AI ensemble reference shares source-type, lexical, contract, and/or historical model signals; report as proxy-reference consistency, not independent accuracy"
Role-owner Closure,w/o Role-owner Closure,TR-0050,time_role,IFACT-5d3796a2f7d8e520a024a4e0,context_time,event_occurrence,1,0,,actual_run,shared_proxy_reference,"AI ensemble reference shares source-type, lexical, contract, and/or historical model signals; report as proxy-reference consistency, not independent accuracy"
Role-owner Closure,Full role-owner closure,TR-0051,time_role,IFACT-cbe6b989a7dcbbaddb4a14ab,context_time,biographical,1,0,,actual_run,shared_proxy_reference,"AI ensemble reference shares source-type, lexical, contract, and/or historical model signals; report as proxy-reference consistency, not independent accuracy"
Role-owner Closure,w/o Role-owner Closure,TR-0051,time_role,IFACT-cbe6b989a7dcbbaddb4a14ab,context_time,biographical,1,0,,actual_run,shared_proxy_reference,"AI ensemble reference shares source-type, lexical, contract, and/or historical model signals; report as proxy-reference consistency, not independent accuracy"
Role-owner Closure,Full role-owner closure,TR-0052,time_role,IFACT-4853ef898d3f46052085fd46,relation_validity,event_occurrence,1,0,,actual_run,shared_proxy_reference,"AI ensemble reference shares source-type, lexical, contract, and/or historical model signals; report as proxy-reference consistency, not independent accuracy"
Role-owner Closure,w/o Role-owner Closure,TR-0052,time_role,IFACT-4853ef898d3f46052085fd46,relation_validity,event_occurrence,1,0,,actual_run,shared_proxy_reference,"AI ensemble reference shares source-type, lexical, contract, and/or historical model signals; report as proxy-reference consistency, not independent accuracy"
Role-owner Closure,Full role-owner closure,TR-0053,time_role,IFACT-3c2f463ac5ea0eb27003ef3f,relation_validity,context_time,1,0,,actual_run,shared_proxy_reference,"AI ensemble reference shares source-type, lexical, contract, and/or historical model signals; report as proxy-reference consistency, not independent accuracy"
Role-owner Closure,w/o Role-owner Closure,TR-0053,time_role,IFACT-3c2f463ac5ea0eb27003ef3f,relation_validity,context_time,1,0,,actual_run,shared_proxy_reference,"AI ensemble reference shares source-type, lexical, contract, and/or historical model signals; report as proxy-reference consistency, not independent accuracy"
Role-owner Closure,Full role-owner closure,TR-0054,time_role,IFACT-e976f40e4bd2cb1481951418,context_time,context_time,1,1,,actual_run,shared_proxy_reference,"AI ensemble reference shares source-type, lexical, contract, and/or historical model signals; report as proxy-reference consistency, not independent accuracy"
Role-owner Closure,w/o Role-owner Closure,TR-0054,time_role,IFACT-e976f40e4bd2cb1481951418,context_time,context_time,1,1,,actual_run,shared_proxy_reference,"AI ensemble reference shares source-type, lexical, contract, and/or historical model signals; report as proxy-reference consistency, not independent accuracy"
Role-owner Closure,Full role-owner closure,TR-0055,time_role,IFACT-af0d5d9fdb4d2202d81e0078,relation_validity,event_occurrence,1,0,,actual_run,shared_proxy_reference,"AI ensemble reference shares source-type, lexical, contract, and/or historical model signals; report as proxy-reference consistency, not independent accuracy"
Role-owner Closure,w/o Role-owner Closure,TR-0055,time_role,IFACT-af0d5d9fdb4d2202d81e0078,relation_validity,event_occurrence,1,0,,actual_run,shared_proxy_reference,"AI ensemble reference shares source-type, lexical, contract, and/or historical model signals; report as proxy-reference consistency, not independent accuracy"
Role-owner Closure,Full role-owner closure,TR-0056,time_role,IFACT-6e8811d6200bddc52cfb0d0c,context_time,context_time,1,1,,actual_run,shared_proxy_reference,"AI ensemble reference shares source-type, lexical, contract, and/or historical model signals; report as proxy-reference consistency, not independent accuracy"
Role-owner Closure,w/o Role-owner Closure,TR-0056,time_role,IFACT-6e8811d6200bddc52cfb0d0c,context_time,context_time,1,1,,actual_run,shared_proxy_reference,"AI ensemble reference shares source-type, lexical, contract, and/or historical model signals; report as proxy-reference consistency, not independent accuracy"
Role-owner Closure,Full role-owner closure,TR-0058,time_role,IFACT-c4b30726f170b51dec897c4c,context_time,context_time,1,1,,actual_run,shared_proxy_reference,"AI ensemble reference shares source-type, lexical, contract, and/or historical model signals; report as proxy-reference consistency, not independent accuracy"
Role-owner Closure,w/o Role-owner Closure,TR-0058,time_role,IFACT-c4b30726f170b51dec897c4c,context_time,context_time,1,1,,actual_run,shared_proxy_reference,"AI ensemble reference shares source-type, lexical, contract, and/or historical model signals; report as proxy-reference consistency, not independent accuracy"
Role-owner Closure,Full role-owner closure,TR-0059,time_role,IFACT-b763b9bc1f6f3cc19c9bc2b6,context_time,event_occurrence,1,0,,actual_run,shared_proxy_reference,"AI ensemble reference shares source-type, lexical, contract, and/or historical model signals; report as proxy-reference consistency, not independent accuracy"
Role-owner Closure,w/o Role-owner Closure,TR-0059,time_role,IFACT-b763b9bc1f6f3cc19c9bc2b6,context_time,event_occurrence,1,0,,actual_run,shared_proxy_reference,"AI ensemble reference shares source-type, lexical, contract, and/or historical model signals; report as proxy-reference consistency, not independent accuracy"
Role-owner Closure,Full role-owner closure,TR-0060,time_role,IFACT-e67e7c93ccc27e192d16e125,context_time,biographical,1,0,,actual_run,shared_proxy_reference,"AI ensemble reference shares source-type, lexical, contract, and/or historical model signals; report as proxy-reference consistency, not independent accuracy"
Role-owner Closure,w/o Role-owner Closure,TR-0060,time_role,IFACT-e67e7c93ccc27e192d16e125,context_time,biographical,1,0,,actual_run,shared_proxy_reference,"AI ensemble reference shares source-type, lexical, contract, and/or historical model signals; report as proxy-reference consistency, not independent accuracy"
Role-owner Closure,Full role-owner closure,TR-0061,time_role,IFACT-42f378872532c60bec65edaa,biographical,context_time,1,0,,actual_run,shared_proxy_reference,"AI ensemble reference shares source-type, lexical, contract, and/or historical model signals; report as proxy-reference consistency, not independent accuracy"
Role-owner Closure,w/o Role-owner Closure,TR-0061,time_role,IFACT-42f378872532c60bec65edaa,biographical,context_time,1,0,,actual_run,shared_proxy_reference,"AI ensemble reference shares source-type, lexical, contract, and/or historical model signals; report as proxy-reference consistency, not independent accuracy"
Role-owner Closure,Full role-owner closure,TR-0062,time_role,IFACT-f8da375c11f4d7c4ccfa1ac8,context_time,event_occurrence,1,0,,actual_run,shared_proxy_reference,"AI ensemble reference shares source-type, lexical, contract, and/or historical model signals; report as proxy-reference consistency, not independent accuracy"
Role-owner Closure,w/o Role-owner Closure,TR-0062,time_role,IFACT-f8da375c11f4d7c4ccfa1ac8,context_time,event_occurrence,1,0,,actual_run,shared_proxy_reference,"AI ensemble reference shares source-type, lexical, contract, and/or historical model signals; report as proxy-reference consistency, not independent accuracy"
Role-owner Closure,Full role-owner closure,TR-0064,time_role,IFACT-b978f275659488a79ca3098c,context_time,context_time,1,1,,actual_run,shared_proxy_reference,"AI ensemble reference shares source-type, lexical, contract, and/or historical model signals; report as proxy-reference consistency, not independent accuracy"
Role-owner Closure,w/o Role-owner Closure,TR-0064,time_role,IFACT-b978f275659488a79ca3098c,context_time,context_time,1,1,,actual_run,shared_proxy_reference,"AI ensemble reference shares source-type, lexical, contract, and/or historical model signals; report as proxy-reference consistency, not independent accuracy"
Role-owner Closure,Full role-owner closure,TR-0065,time_role,IFACT-ca6fc95df03e7d79d8bba7a4,context_time,context_time,1,1,,actual_run,shared_proxy_reference,"AI ensemble reference shares source-type, lexical, contract, and/or historical model signals; report as proxy-reference consistency, not independent accuracy"
Role-owner Closure,w/o Role-owner Closure,TR-0065,time_role,IFACT-ca6fc95df03e7d79d8bba7a4,context_time,context_time,1,1,,actual_run,shared_proxy_reference,"AI ensemble reference shares source-type, lexical, contract, and/or historical model signals; report as proxy-reference consistency, not independent accuracy"
Role-owner Closure,Full role-owner closure,TR-0066,time_role,IFACT-917b1c6d310cc220ab0f673e,relation_validity,context_time,1,0,,actual_run,shared_proxy_reference,"AI ensemble reference shares source-type, lexical, contract, and/or historical model signals; report as proxy-reference consistency, not independent accuracy"
Role-owner Closure,w/o Role-owner Closure,TR-0066,time_role,IFACT-917b1c6d310cc220ab0f673e,relation_validity,context_time,1,0,,actual_run,shared_proxy_reference,"AI ensemble reference shares source-type, lexical, contract, and/or historical model signals; report as proxy-reference consistency, not independent accuracy"
Role-owner Closure,Full role-owner closure,TR-0067,time_role,IFACT-7e0203d19e9bf7ddd5f5cd5c,context_time,context_time,1,1,,actual_run,shared_proxy_reference,"AI ensemble reference shares source-type, lexical, contract, and/or historical model signals; report as proxy-reference consistency, not independent accuracy"
Role-owner Closure,w/o Role-owner Closure,TR-0067,time_role,IFACT-7e0203d19e9bf7ddd5f5cd5c,context_time,context_time,1,1,,actual_run,shared_proxy_reference,"AI ensemble reference shares source-type, lexical, contract, and/or historical model signals; report as proxy-reference consistency, not independent accuracy"
Role-owner Closure,Full role-owner closure,TR-0068,time_role,IFACT-95205932df80ef3de2e61b61,context_time,context_time,1,1,,actual_run,shared_proxy_reference,"AI ensemble reference shares source-type, lexical, contract, and/or historical model signals; report as proxy-reference consistency, not independent accuracy"
Role-owner Closure,w/o Role-owner Closure,TR-0068,time_role,IFACT-95205932df80ef3de2e61b61,context_time,context_time,1,1,,actual_run,shared_proxy_reference,"AI ensemble reference shares source-type, lexical, contract, and/or historical model signals; report as proxy-reference consistency, not independent accuracy"
Role-owner Closure,Full role-owner closure,TR-0069,time_role,IFACT-ecb4b52ad75b226b3fa635e0,relation_validity,event_occurrence,1,0,,actual_run,shared_proxy_reference,"AI ensemble reference shares source-type, lexical, contract, and/or historical model signals; report as proxy-reference consistency, not independent accuracy"
Role-owner Closure,w/o Role-owner Closure,TR-0069,time_role,IFACT-ecb4b52ad75b226b3fa635e0,relation_validity,event_occurrence,1,0,,actual_run,shared_proxy_reference,"AI ensemble reference shares source-type, lexical, contract, and/or historical model signals; report as proxy-reference consistency, not independent accuracy"
Role-owner Closure,Full role-owner closure,TR-0070,time_role,IFACT-b0d59fa041e366efbd963bc4,context_time,context_time,1,1,,actual_run,shared_proxy_reference,"AI ensemble reference shares source-type, lexical, contract, and/or historical model signals; report as proxy-reference consistency, not independent accuracy"
Role-owner Closure,w/o Role-owner Closure,TR-0070,time_role,IFACT-b0d59fa041e366efbd963bc4,context_time,context_time,1,1,,actual_run,shared_proxy_reference,"AI ensemble reference shares source-type, lexical, contract, and/or historical model signals; report as proxy-reference consistency, not independent accuracy"
Role-owner Closure,Full role-owner closure,TR-0072,time_role,IFACT-565298797c51e1e864c3f346,context_time,context_time,1,1,,actual_run,shared_proxy_reference,"AI ensemble reference shares source-type, lexical, contract, and/or historical model signals; report as proxy-reference consistency, not independent accuracy"
Role-owner Closure,w/o Role-owner Closure,TR-0072,time_role,IFACT-565298797c51e1e864c3f346,context_time,context_time,1,1,,actual_run,shared_proxy_reference,"AI ensemble reference shares source-type, lexical, contract, and/or historical model signals; report as proxy-reference consistency, not independent accuracy"
Role-owner Closure,Full role-owner closure,TR-0073,time_role,IFACT-8563580f3ae873071433d9a6,context_time,context_time,1,1,,actual_run,shared_proxy_reference,"AI ensemble reference shares source-type, lexical, contract, and/or historical model signals; report as proxy-reference consistency, not independent accuracy"
Role-owner Closure,w/o Role-owner Closure,TR-0073,time_role,IFACT-8563580f3ae873071433d9a6,context_time,context_time,1,1,,actual_run,shared_proxy_reference,"AI ensemble reference shares source-type, lexical, contract, and/or historical model signals; report as proxy-reference consistency, not independent accuracy"
Role-owner Closure,Full role-owner closure,TR-0074,time_role,IFACT-7786dcf71fb944f9cc931134,context_time,context_time,1,1,,actual_run,shared_proxy_reference,"AI ensemble reference shares source-type, lexical, contract, and/or historical model signals; report as proxy-reference consistency, not independent accuracy"
Role-owner Closure,w/o Role-owner Closure,TR-0074,time_role,IFACT-7786dcf71fb944f9cc931134,context_time,context_time,1,1,,actual_run,shared_proxy_reference,"AI ensemble reference shares source-type, lexical, contract, and/or historical model signals; report as proxy-reference consistency, not independent accuracy"
Role-owner Closure,Full role-owner closure,TR-0075,time_role,IFACT-c7db2bdd18236d63e4ec5387,context_time,context_time,1,1,,actual_run,shared_proxy_reference,"AI ensemble reference shares source-type, lexical, contract, and/or historical model signals; report as proxy-reference consistency, not independent accuracy"
Role-owner Closure,w/o Role-owner Closure,TR-0075,time_role,IFACT-c7db2bdd18236d63e4ec5387,context_time,context_time,1,1,,actual_run,shared_proxy_reference,"AI ensemble reference shares source-type, lexical, contract, and/or historical model signals; report as proxy-reference consistency, not independent accuracy"
Role-owner Closure,Full role-owner closure,TR-0076,time_role,IFACT-87ce8ba4ead273a9c9493865,context_time,context_time,1,1,,actual_run,shared_proxy_reference,"AI ensemble reference shares source-type, lexical, contract, and/or historical model signals; report as proxy-reference consistency, not independent accuracy"
Role-owner Closure,w/o Role-owner Closure,TR-0076,time_role,IFACT-87ce8ba4ead273a9c9493865,context_time,context_time,1,1,,actual_run,shared_proxy_reference,"AI ensemble reference shares source-type, lexical, contract, and/or historical model signals; report as proxy-reference consistency, not independent accuracy"
Role-owner Closure,Full role-owner closure,TR-0077,time_role,IFACT-9a4d7baf51dfffead81ce4a4,context_time,context_time,1,1,,actual_run,shared_proxy_reference,"AI ensemble reference shares source-type, lexical, contract, and/or historical model signals; report as proxy-reference consistency, not independent accuracy"
Role-owner Closure,w/o Role-owner Closure,TR-0077,time_role,IFACT-9a4d7baf51dfffead81ce4a4,context_time,context_time,1,1,,actual_run,shared_proxy_reference,"AI ensemble reference shares source-type, lexical, contract, and/or historical model signals; report as proxy-reference consistency, not independent accuracy"
Role-owner Closure,Full role-owner closure,TR-0079,time_role,IFACT-53dc79cb1a27fa987a274506,context_time,context_time,1,1,,actual_run,shared_proxy_reference,"AI ensemble reference shares source-type, lexical, contract, and/or historical model signals; report as proxy-reference consistency, not independent accuracy"
Role-owner Closure,w/o Role-owner Closure,TR-0079,time_role,IFACT-53dc79cb1a27fa987a274506,context_time,context_time,1,1,,actual_run,shared_proxy_reference,"AI ensemble reference shares source-type, lexical, contract, and/or historical model signals; report as proxy-reference consistency, not independent accuracy"
Role-owner Closure,Full role-owner closure,TR-0081,time_role,IFACT-f28f2e1ba29c1e0e082236a3,context_time,context_time,1,1,,actual_run,shared_proxy_reference,"AI ensemble reference shares source-type, lexical, contract, and/or historical model signals; report as proxy-reference consistency, not independent accuracy"
Role-owner Closure,w/o Role-owner Closure,TR-0081,time_role,IFACT-f28f2e1ba29c1e0e082236a3,context_time,context_time,1,1,,actual_run,shared_proxy_reference,"AI ensemble reference shares source-type, lexical, contract, and/or historical model signals; report as proxy-reference consistency, not independent accuracy"
Role-owner Closure,Full role-owner closure,TR-0082,time_role,IFACT-cd9846a474594b6556b4e8a8,relation_validity,event_occurrence,1,0,,actual_run,shared_proxy_reference,"AI ensemble reference shares source-type, lexical, contract, and/or historical model signals; report as proxy-reference consistency, not independent accuracy"
Role-owner Closure,w/o Role-owner Closure,TR-0082,time_role,IFACT-cd9846a474594b6556b4e8a8,relation_validity,event_occurrence,1,0,,actual_run,shared_proxy_reference,"AI ensemble reference shares source-type, lexical, contract, and/or historical model signals; report as proxy-reference consistency, not independent accuracy"
Role-owner Closure,Full role-owner closure,TR-0083,time_role,IFACT-1668a293ef4752492ef8f50e,relation_validity,context_time,1,0,,actual_run,shared_proxy_reference,"AI ensemble reference shares source-type, lexical, contract, and/or historical model signals; report as proxy-reference consistency, not independent accuracy"
Role-owner Closure,w/o Role-owner Closure,TR-0083,time_role,IFACT-1668a293ef4752492ef8f50e,relation_validity,context_time,1,0,,actual_run,shared_proxy_reference,"AI ensemble reference shares source-type, lexical, contract, and/or historical model signals; report as proxy-reference consistency, not independent accuracy"
Role-owner Closure,Full role-owner closure,TR-0084,time_role,IFACT-436f3f45c656e30ef8c2f6c9,context_time,context_time,1,1,,actual_run,shared_proxy_reference,"AI ensemble reference shares source-type, lexical, contract, and/or historical model signals; report as proxy-reference consistency, not independent accuracy"
Role-owner Closure,w/o Role-owner Closure,TR-0084,time_role,IFACT-436f3f45c656e30ef8c2f6c9,context_time,context_time,1,1,,actual_run,shared_proxy_reference,"AI ensemble reference shares source-type, lexical, contract, and/or historical model signals; report as proxy-reference consistency, not independent accuracy"
Role-owner Closure,Full role-owner closure,TR-0088,time_role,IFACT-be896dfdffe87dd3832331b3,context_time,context_time,1,1,,actual_run,shared_proxy_reference,"AI ensemble reference shares source-type, lexical, contract, and/or historical model signals; report as proxy-reference consistency, not independent accuracy"
Role-owner Closure,w/o Role-owner Closure,TR-0088,time_role,IFACT-be896dfdffe87dd3832331b3,context_time,context_time,1,1,,actual_run,shared_proxy_reference,"AI ensemble reference shares source-type, lexical, contract, and/or historical model signals; report as proxy-reference consistency, not independent accuracy"
Role-owner Closure,Full role-owner closure,TR-0089,time_role,IFACT-1f5a4cb0936290b67eb6ebc7,relation_validity,event_occurrence,1,0,,actual_run,shared_proxy_reference,"AI ensemble reference shares source-type, lexical, contract, and/or historical model signals; report as proxy-reference consistency, not independent accuracy"
Role-owner Closure,w/o Role-owner Closure,TR-0089,time_role,IFACT-1f5a4cb0936290b67eb6ebc7,relation_validity,event_occurrence,1,0,,actual_run,shared_proxy_reference,"AI ensemble reference shares source-type, lexical, contract, and/or historical model signals; report as proxy-reference consistency, not independent accuracy"
Role-owner Closure,Full role-owner closure,TR-0090,time_role,IFACT-ffbd6cab1415886be6bbf786,relation_validity,context_time,1,0,,actual_run,shared_proxy_reference,"AI ensemble reference shares source-type, lexical, contract, and/or historical model signals; report as proxy-reference consistency, not independent accuracy"
Role-owner Closure,w/o Role-owner Closure,TR-0090,time_role,IFACT-ffbd6cab1415886be6bbf786,relation_validity,context_time,1,0,,actual_run,shared_proxy_reference,"AI ensemble reference shares source-type, lexical, contract, and/or historical model signals; report as proxy-reference consistency, not independent accuracy"
Role-owner Closure,Full role-owner closure,TR-0092,time_role,IFACT-b8daaf566a77469ea272aa09,context_time,context_time,1,1,,actual_run,shared_proxy_reference,"AI ensemble reference shares source-type, lexical, contract, and/or historical model signals; report as proxy-reference consistency, not independent accuracy"
Role-owner Closure,w/o Role-owner Closure,TR-0092,time_role,IFACT-b8daaf566a77469ea272aa09,context_time,context_time,1,1,,actual_run,shared_proxy_reference,"AI ensemble reference shares source-type, lexical, contract, and/or historical model signals; report as proxy-reference consistency, not independent accuracy"
Role-owner Closure,Full role-owner closure,TR-0093,time_role,IFACT-b71568c68bb290439a563ebb,relation_validity,event_occurrence,1,0,,actual_run,shared_proxy_reference,"AI ensemble reference shares source-type, lexical, contract, and/or historical model signals; report as proxy-reference consistency, not independent accuracy"
Role-owner Closure,w/o Role-owner Closure,TR-0093,time_role,IFACT-b71568c68bb290439a563ebb,relation_validity,event_occurrence,1,0,,actual_run,shared_proxy_reference,"AI ensemble reference shares source-type, lexical, contract, and/or historical model signals; report as proxy-reference consistency, not independent accuracy"
Role-owner Closure,Full role-owner closure,TR-0094,time_role,IFACT-77464815ff0ac5387bebab42,context_time,event_occurrence,1,0,,actual_run,shared_proxy_reference,"AI ensemble reference shares source-type, lexical, contract, and/or historical model signals; report as proxy-reference consistency, not independent accuracy"
Role-owner Closure,w/o Role-owner Closure,TR-0094,time_role,IFACT-77464815ff0ac5387bebab42,context_time,event_occurrence,1,0,,actual_run,shared_proxy_reference,"AI ensemble reference shares source-type, lexical, contract, and/or historical model signals; report as proxy-reference consistency, not independent accuracy"
Role-owner Closure,Full role-owner closure,TR-0096,time_role,IFACT-71cc7aa5ac25164061523fb2,context_time,context_time,1,1,,actual_run,shared_proxy_reference,"AI ensemble reference shares source-type, lexical, contract, and/or historical model signals; report as proxy-reference consistency, not independent accuracy"
Role-owner Closure,w/o Role-owner Closure,TR-0096,time_role,IFACT-71cc7aa5ac25164061523fb2,context_time,context_time,1,1,,actual_run,shared_proxy_reference,"AI ensemble reference shares source-type, lexical, contract, and/or historical model signals; report as proxy-reference consistency, not independent accuracy"
Role-owner Closure,Full role-owner closure,TR-0097,time_role,IFACT-b28ec75864fc0972850cb748,context_time,biographical,1,0,,actual_run,shared_proxy_reference,"AI ensemble reference shares source-type, lexical, contract, and/or historical model signals; report as proxy-reference consistency, not independent accuracy"
Role-owner Closure,w/o Role-owner Closure,TR-0097,time_role,IFACT-b28ec75864fc0972850cb748,context_time,biographical,1,0,,actual_run,shared_proxy_reference,"AI ensemble reference shares source-type, lexical, contract, and/or historical model signals; report as proxy-reference consistency, not independent accuracy"
Role-owner Closure,Full role-owner closure,TR-0098,time_role,IFACT-d3e5a96236b1299c82f47212,relation_validity,context_time,1,0,,actual_run,shared_proxy_reference,"AI ensemble reference shares source-type, lexical, contract, and/or historical model signals; report as proxy-reference consistency, not independent accuracy"
Role-owner Closure,w/o Role-owner Closure,TR-0098,time_role,IFACT-d3e5a96236b1299c82f47212,relation_validity,context_time,1,0,,actual_run,shared_proxy_reference,"AI ensemble reference shares source-type, lexical, contract, and/or historical model signals; report as proxy-reference consistency, not independent accuracy"
Role-owner Closure,Full role-owner closure,TR-0099,time_role,IFACT-a95e5ee4e8d34035c38320c8,relation_validity,event_occurrence,1,0,,actual_run,shared_proxy_reference,"AI ensemble reference shares source-type, lexical, contract, and/or historical model signals; report as proxy-reference consistency, not independent accuracy"
Role-owner Closure,w/o Role-owner Closure,TR-0099,time_role,IFACT-a95e5ee4e8d34035c38320c8,relation_validity,event_occurrence,1,0,,actual_run,shared_proxy_reference,"AI ensemble reference shares source-type, lexical, contract, and/or historical model signals; report as proxy-reference consistency, not independent accuracy"
Role-owner Closure,Full role-owner closure,TR-0100,time_role,IFACT-893a0ce19da6f5ec8da1d569,relation_validity,context_time,1,0,,actual_run,shared_proxy_reference,"AI ensemble reference shares source-type, lexical, contract, and/or historical model signals; report as proxy-reference consistency, not independent accuracy"
Role-owner Closure,w/o Role-owner Closure,TR-0100,time_role,IFACT-893a0ce19da6f5ec8da1d569,relation_validity,context_time,1,0,,actual_run,shared_proxy_reference,"AI ensemble reference shares source-type, lexical, contract, and/or historical model signals; report as proxy-reference consistency, not independent accuracy"
Role-owner Closure,Full role-owner closure,TR-0101,time_role,IFACT-7fa1909735c09a435e0d27d1,relation_validity,event_occurrence,1,0,,actual_run,shared_proxy_reference,"AI ensemble reference shares source-type, lexical, contract, and/or historical model signals; report as proxy-reference consistency, not independent accuracy"
Role-owner Closure,w/o Role-owner Closure,TR-0101,time_role,IFACT-7fa1909735c09a435e0d27d1,relation_validity,event_occurrence,1,0,,actual_run,shared_proxy_reference,"AI ensemble reference shares source-type, lexical, contract, and/or historical model signals; report as proxy-reference consistency, not independent accuracy"
Role-owner Closure,Full role-owner closure,TR-0102,time_role,IFACT-685aa30d5f8f824c09bda5da,context_time,context_time,1,1,,actual_run,shared_proxy_reference,"AI ensemble reference shares source-type, lexical, contract, and/or historical model signals; report as proxy-reference consistency, not independent accuracy"
Role-owner Closure,w/o Role-owner Closure,TR-0102,time_role,IFACT-685aa30d5f8f824c09bda5da,context_time,context_time,1,1,,actual_run,shared_proxy_reference,"AI ensemble reference shares source-type, lexical, contract, and/or historical model signals; report as proxy-reference consistency, not independent accuracy"
Role-owner Closure,Full role-owner closure,TR-0103,time_role,IFACT-fd01828c085dbffee6780590,context_time,context_time,1,1,,actual_run,shared_proxy_reference,"AI ensemble reference shares source-type, lexical, contract, and/or historical model signals; report as proxy-reference consistency, not independent accuracy"
Role-owner Closure,w/o Role-owner Closure,TR-0103,time_role,IFACT-fd01828c085dbffee6780590,context_time,context_time,1,1,,actual_run,shared_proxy_reference,"AI ensemble reference shares source-type, lexical, contract, and/or historical model signals; report as proxy-reference consistency, not independent accuracy"
Role-owner Closure,Full role-owner closure,TR-0104,time_role,IFACT-3744fb58da230dc3bf750556,event_occurrence,event_occurrence,1,1,,actual_run,shared_proxy_reference,"AI ensemble reference shares source-type, lexical, contract, and/or historical model signals; report as proxy-reference consistency, not independent accuracy"
Role-owner Closure,w/o Role-owner Closure,TR-0104,time_role,IFACT-3744fb58da230dc3bf750556,event_occurrence,event_occurrence,1,1,,actual_run,shared_proxy_reference,"AI ensemble reference shares source-type, lexical, contract, and/or historical model signals; report as proxy-reference consistency, not independent accuracy"
Role-owner Closure,Full role-owner closure,TR-0107,time_role,IFACT-84e80a3526d0d49f7de97946,context_time,biographical,1,0,,actual_run,shared_proxy_reference,"AI ensemble reference shares source-type, lexical, contract, and/or historical model signals; report as proxy-reference consistency, not independent accuracy"
Role-owner Closure,w/o Role-owner Closure,TR-0107,time_role,IFACT-84e80a3526d0d49f7de97946,context_time,biographical,1,0,,actual_run,shared_proxy_reference,"AI ensemble reference shares source-type, lexical, contract, and/or historical model signals; report as proxy-reference consistency, not independent accuracy"
Role-owner Closure,Full role-owner closure,TR-0108,time_role,IFACT-5dbe1d3f36225e780a94c7b8,biographical,context_time,1,0,,actual_run,shared_proxy_reference,"AI ensemble reference shares source-type, lexical, contract, and/or historical model signals; report as proxy-reference consistency, not independent accuracy"
Role-owner Closure,w/o Role-owner Closure,TR-0108,time_role,IFACT-5dbe1d3f36225e780a94c7b8,biographical,context_time,1,0,,actual_run,shared_proxy_reference,"AI ensemble reference shares source-type, lexical, contract, and/or historical model signals; report as proxy-reference consistency, not independent accuracy"
Role-owner Closure,Full role-owner closure,TR-0109,time_role,IFACT-c15863b1044ca9750332f656,context_time,context_time,1,1,,actual_run,shared_proxy_reference,"AI ensemble reference shares source-type, lexical, contract, and/or historical model signals; report as proxy-reference consistency, not independent accuracy"
Role-owner Closure,w/o Role-owner Closure,TR-0109,time_role,IFACT-c15863b1044ca9750332f656,context_time,context_time,1,1,,actual_run,shared_proxy_reference,"AI ensemble reference shares source-type, lexical, contract, and/or historical model signals; report as proxy-reference consistency, not independent accuracy"
Role-owner Closure,Full role-owner closure,TR-0110,time_role,IFACT-6846b87fe7d9f78aa9f6948f,context_time,context_time,1,1,,actual_run,shared_proxy_reference,"AI ensemble reference shares source-type, lexical, contract, and/or historical model signals; report as proxy-reference consistency, not independent accuracy"
Role-owner Closure,w/o Role-owner Closure,TR-0110,time_role,IFACT-6846b87fe7d9f78aa9f6948f,context_time,context_time,1,1,,actual_run,shared_proxy_reference,"AI ensemble reference shares source-type, lexical, contract, and/or historical model signals; report as proxy-reference consistency, not independent accuracy"
Role-owner Closure,Full role-owner closure,TR-0115,time_role,IFACT-2cc0f1566dd808ccffd3770b,context_time,context_time,1,1,,actual_run,shared_proxy_reference,"AI ensemble reference shares source-type, lexical, contract, and/or historical model signals; report as proxy-reference consistency, not independent accuracy"
Role-owner Closure,w/o Role-owner Closure,TR-0115,time_role,IFACT-2cc0f1566dd808ccffd3770b,context_time,context_time,1,1,,actual_run,shared_proxy_reference,"AI ensemble reference shares source-type, lexical, contract, and/or historical model signals; report as proxy-reference consistency, not independent accuracy"
Role-owner Closure,Full role-owner closure,TR-0116,time_role,IFACT-f601478ec4697a77b14c2522,context_time,context_time,1,1,,actual_run,shared_proxy_reference,"AI ensemble reference shares source-type, lexical, contract, and/or historical model signals; report as proxy-reference consistency, not independent accuracy"
Role-owner Closure,w/o Role-owner Closure,TR-0116,time_role,IFACT-f601478ec4697a77b14c2522,context_time,context_time,1,1,,actual_run,shared_proxy_reference,"AI ensemble reference shares source-type, lexical, contract, and/or historical model signals; report as proxy-reference consistency, not independent accuracy"
Role-owner Closure,Full role-owner closure,TR-0117,time_role,IFACT-c5d65a6389274b0e0b99e545,context_time,context_time,1,1,,actual_run,shared_proxy_reference,"AI ensemble reference shares source-type, lexical, contract, and/or historical model signals; report as proxy-reference consistency, not independent accuracy"
Role-owner Closure,w/o Role-owner Closure,TR-0117,time_role,IFACT-c5d65a6389274b0e0b99e545,context_time,context_time,1,1,,actual_run,shared_proxy_reference,"AI ensemble reference shares source-type, lexical, contract, and/or historical model signals; report as proxy-reference consistency, not independent accuracy"
Role-owner Closure,Full role-owner closure,TR-0118,time_role,IFACT-9236105cb8bc00f618338106,context_time,context_time,1,1,,actual_run,shared_proxy_reference,"AI ensemble reference shares source-type, lexical, contract, and/or historical model signals; report as proxy-reference consistency, not independent accuracy"
Role-owner Closure,w/o Role-owner Closure,TR-0118,time_role,IFACT-9236105cb8bc00f618338106,context_time,context_time,1,1,,actual_run,shared_proxy_reference,"AI ensemble reference shares source-type, lexical, contract, and/or historical model signals; report as proxy-reference consistency, not independent accuracy"
Role-owner Closure,Full role-owner closure,TR-0119,time_role,IFACT-45aaf3ac59e67c23561a955f,context_time,biographical,1,0,,actual_run,shared_proxy_reference,"AI ensemble reference shares source-type, lexical, contract, and/or historical model signals; report as proxy-reference consistency, not independent accuracy"
Role-owner Closure,w/o Role-owner Closure,TR-0119,time_role,IFACT-45aaf3ac59e67c23561a955f,context_time,biographical,1,0,,actual_run,shared_proxy_reference,"AI ensemble reference shares source-type, lexical, contract, and/or historical model signals; report as proxy-reference consistency, not independent accuracy"
Role-owner Closure,Full role-owner closure,TR-0120,time_role,IFACT-f1e93c2db9f8fef62fc21fe4,relation_validity,event_occurrence,1,0,,actual_run,shared_proxy_reference,"AI ensemble reference shares source-type, lexical, contract, and/or historical model signals; report as proxy-reference consistency, not independent accuracy"
Role-owner Closure,w/o Role-owner Closure,TR-0120,time_role,IFACT-f1e93c2db9f8fef62fc21fe4,relation_validity,event_occurrence,1,0,,actual_run,shared_proxy_reference,"AI ensemble reference shares source-type, lexical, contract, and/or historical model signals; report as proxy-reference consistency, not independent accuracy"
Role-owner Closure,Full role-owner closure,TR-0121,time_role,IFACT-6e182c6a94bce08d3f2e081f,context_time,context_time,1,1,,actual_run,shared_proxy_reference,"AI ensemble reference shares source-type, lexical, contract, and/or historical model signals; report as proxy-reference consistency, not independent accuracy"
Role-owner Closure,w/o Role-owner Closure,TR-0121,time_role,IFACT-6e182c6a94bce08d3f2e081f,context_time,context_time,1,1,,actual_run,shared_proxy_reference,"AI ensemble reference shares source-type, lexical, contract, and/or historical model signals; report as proxy-reference consistency, not independent accuracy"
Role-owner Closure,Full role-owner closure,TR-0122,time_role,IFACT-745bfc6420cc23553a4dc42c,relation_validity,event_occurrence,1,0,,actual_run,shared_proxy_reference,"AI ensemble reference shares source-type, lexical, contract, and/or historical model signals; report as proxy-reference consistency, not independent accuracy"
Role-owner Closure,w/o Role-owner Closure,TR-0122,time_role,IFACT-745bfc6420cc23553a4dc42c,relation_validity,event_occurrence,1,0,,actual_run,shared_proxy_reference,"AI ensemble reference shares source-type, lexical, contract, and/or historical model signals; report as proxy-reference consistency, not independent accuracy"
Role-owner Closure,Full role-owner closure,TR-0123,time_role,IFACT-cf7320e807f9c332f48464ea,context_time,biographical,1,0,,actual_run,shared_proxy_reference,"AI ensemble reference shares source-type, lexical, contract, and/or historical model signals; report as proxy-reference consistency, not independent accuracy"
Role-owner Closure,w/o Role-owner Closure,TR-0123,time_role,IFACT-cf7320e807f9c332f48464ea,context_time,biographical,1,0,,actual_run,shared_proxy_reference,"AI ensemble reference shares source-type, lexical, contract, and/or historical model signals; report as proxy-reference consistency, not independent accuracy"
Role-owner Closure,Full role-owner closure,TR-0124,time_role,IFACT-d6dae8f70a64023ed1eac899,context_time,context_time,1,1,,actual_run,shared_proxy_reference,"AI ensemble reference shares source-type, lexical, contract, and/or historical model signals; report as proxy-reference consistency, not independent accuracy"
Role-owner Closure,w/o Role-owner Closure,TR-0124,time_role,IFACT-d6dae8f70a64023ed1eac899,context_time,context_time,1,1,,actual_run,shared_proxy_reference,"AI ensemble reference shares source-type, lexical, contract, and/or historical model signals; report as proxy-reference consistency, not independent accuracy"
Role-owner Closure,Full role-owner closure,TR-0127,time_role,IFACT-2c3e92f5bc68842a261bf7d3,context_time,context_time,1,1,,actual_run,shared_proxy_reference,"AI ensemble reference shares source-type, lexical, contract, and/or historical model signals; report as proxy-reference consistency, not independent accuracy"
Role-owner Closure,w/o Role-owner Closure,TR-0127,time_role,IFACT-2c3e92f5bc68842a261bf7d3,context_time,context_time,1,1,,actual_run,shared_proxy_reference,"AI ensemble reference shares source-type, lexical, contract, and/or historical model signals; report as proxy-reference consistency, not independent accuracy"
Role-owner Closure,Full role-owner closure,TR-0128,time_role,IFACT-448db7aa183fc9114c1e7c7d,context_time,context_time,1,1,,actual_run,shared_proxy_reference,"AI ensemble reference shares source-type, lexical, contract, and/or historical model signals; report as proxy-reference consistency, not independent accuracy"
Role-owner Closure,w/o Role-owner Closure,TR-0128,time_role,IFACT-448db7aa183fc9114c1e7c7d,context_time,context_time,1,1,,actual_run,shared_proxy_reference,"AI ensemble reference shares source-type, lexical, contract, and/or historical model signals; report as proxy-reference consistency, not independent accuracy"
Role-owner Closure,Full role-owner closure,TR-0129,time_role,IFACT-a31e3f985242d9d9dc5357cb,relation_validity,event_occurrence,1,0,,actual_run,shared_proxy_reference,"AI ensemble reference shares source-type, lexical, contract, and/or historical model signals; report as proxy-reference consistency, not independent accuracy"
Role-owner Closure,w/o Role-owner Closure,TR-0129,time_role,IFACT-a31e3f985242d9d9dc5357cb,relation_validity,event_occurrence,1,0,,actual_run,shared_proxy_reference,"AI ensemble reference shares source-type, lexical, contract, and/or historical model signals; report as proxy-reference consistency, not independent accuracy"
Role-owner Closure,Full role-owner closure,TR-0130,time_role,IFACT-f6c7d80578733db5151a1e57,context_time,context_time,1,1,,actual_run,shared_proxy_reference,"AI ensemble reference shares source-type, lexical, contract, and/or historical model signals; report as proxy-reference consistency, not independent accuracy"
Role-owner Closure,w/o Role-owner Closure,TR-0130,time_role,IFACT-f6c7d80578733db5151a1e57,context_time,context_time,1,1,,actual_run,shared_proxy_reference,"AI ensemble reference shares source-type, lexical, contract, and/or historical model signals; report as proxy-reference consistency, not independent accuracy"
Role-owner Closure,Full role-owner closure,TR-0131,time_role,IFACT-2e602239ca1173c357175734,biographical,context_time,1,0,,actual_run,shared_proxy_reference,"AI ensemble reference shares source-type, lexical, contract, and/or historical model signals; report as proxy-reference consistency, not independent accuracy"
Role-owner Closure,w/o Role-owner Closure,TR-0131,time_role,IFACT-2e602239ca1173c357175734,biographical,context_time,1,0,,actual_run,shared_proxy_reference,"AI ensemble reference shares source-type, lexical, contract, and/or historical model signals; report as proxy-reference consistency, not independent accuracy"
Role-owner Closure,Full role-owner closure,TR-0132,time_role,IFACT-76fa974e34df74900b004643,context_time,context_time,1,1,,actual_run,shared_proxy_reference,"AI ensemble reference shares source-type, lexical, contract, and/or historical model signals; report as proxy-reference consistency, not independent accuracy"
Role-owner Closure,w/o Role-owner Closure,TR-0132,time_role,IFACT-76fa974e34df74900b004643,context_time,context_time,1,1,,actual_run,shared_proxy_reference,"AI ensemble reference shares source-type, lexical, contract, and/or historical model signals; report as proxy-reference consistency, not independent accuracy"
Role-owner Closure,Full role-owner closure,TR-0133,time_role,IFACT-0d045d01beb689c0758f5543,context_time,event_occurrence,1,0,,actual_run,shared_proxy_reference,"AI ensemble reference shares source-type, lexical, contract, and/or historical model signals; report as proxy-reference consistency, not independent accuracy"
Role-owner Closure,w/o Role-owner Closure,TR-0133,time_role,IFACT-0d045d01beb689c0758f5543,context_time,event_occurrence,1,0,,actual_run,shared_proxy_reference,"AI ensemble reference shares source-type, lexical, contract, and/or historical model signals; report as proxy-reference consistency, not independent accuracy"
Role-owner Closure,Full role-owner closure,TR-0135,time_role,IFACT-fb5914af7b63193f6a675a34,context_time,context_time,1,1,,actual_run,shared_proxy_reference,"AI ensemble reference shares source-type, lexical, contract, and/or historical model signals; report as proxy-reference consistency, not independent accuracy"
Role-owner Closure,w/o Role-owner Closure,TR-0135,time_role,IFACT-fb5914af7b63193f6a675a34,context_time,context_time,1,1,,actual_run,shared_proxy_reference,"AI ensemble reference shares source-type, lexical, contract, and/or historical model signals; report as proxy-reference consistency, not independent accuracy"
Role-owner Closure,Full role-owner closure,TR-0136,time_role,IFACT-01736b0a3a18175f266a935c,relation_validity,event_occurrence,1,0,,actual_run,shared_proxy_reference,"AI ensemble reference shares source-type, lexical, contract, and/or historical model signals; report as proxy-reference consistency, not independent accuracy"
Role-owner Closure,w/o Role-owner Closure,TR-0136,time_role,IFACT-01736b0a3a18175f266a935c,relation_validity,event_occurrence,1,0,,actual_run,shared_proxy_reference,"AI ensemble reference shares source-type, lexical, contract, and/or historical model signals; report as proxy-reference consistency, not independent accuracy"
Role-owner Closure,Full role-owner closure,TR-0137,time_role,IFACT-4b46e9a3168b74b5ec9d4696,commemoration_or_reception,context_time,1,0,,actual_run,shared_proxy_reference,"AI ensemble reference shares source-type, lexical, contract, and/or historical model signals; report as proxy-reference consistency, not independent accuracy"
Role-owner Closure,w/o Role-owner Closure,TR-0137,time_role,IFACT-4b46e9a3168b74b5ec9d4696,commemoration_or_reception,context_time,1,0,,actual_run,shared_proxy_reference,"AI ensemble reference shares source-type, lexical, contract, and/or historical model signals; report as proxy-reference consistency, not independent accuracy"
Role-owner Closure,Full role-owner closure,TR-0139,time_role,IFACT-2f5fd5428db484bf61392cce,event_occurrence,event_occurrence,1,1,,actual_run,shared_proxy_reference,"AI ensemble reference shares source-type, lexical, contract, and/or historical model signals; report as proxy-reference consistency, not independent accuracy"
Role-owner Closure,w/o Role-owner Closure,TR-0139,time_role,IFACT-2f5fd5428db484bf61392cce,event_occurrence,event_occurrence,1,1,,actual_run,shared_proxy_reference,"AI ensemble reference shares source-type, lexical, contract, and/or historical model signals; report as proxy-reference consistency, not independent accuracy"
Role-owner Closure,Full role-owner closure,TR-0142,time_role,IFACT-b78289c186caa0a3891c83d2,biographical,context_time,1,0,,actual_run,shared_proxy_reference,"AI ensemble reference shares source-type, lexical, contract, and/or historical model signals; report as proxy-reference consistency, not independent accuracy"
Role-owner Closure,w/o Role-owner Closure,TR-0142,time_role,IFACT-b78289c186caa0a3891c83d2,biographical,context_time,1,0,,actual_run,shared_proxy_reference,"AI ensemble reference shares source-type, lexical, contract, and/or historical model signals; report as proxy-reference consistency, not independent accuracy"
Role-owner Closure,Full role-owner closure,TR-0143,time_role,IFACT-e6bed35c6818fc58aa778dcc,biographical,context_time,1,0,,actual_run,shared_proxy_reference,"AI ensemble reference shares source-type, lexical, contract, and/or historical model signals; report as proxy-reference consistency, not independent accuracy"
Role-owner Closure,w/o Role-owner Closure,TR-0143,time_role,IFACT-e6bed35c6818fc58aa778dcc,biographical,context_time,1,0,,actual_run,shared_proxy_reference,"AI ensemble reference shares source-type, lexical, contract, and/or historical model signals; report as proxy-reference consistency, not independent accuracy"
Role-owner Closure,Full role-owner closure,TR-0144,time_role,IFACT-f2a75d9a234e4737332ba6e0,relation_validity,event_occurrence,1,0,,actual_run,shared_proxy_reference,"AI ensemble reference shares source-type, lexical, contract, and/or historical model signals; report as proxy-reference consistency, not independent accuracy"
Role-owner Closure,w/o Role-owner Closure,TR-0144,time_role,IFACT-f2a75d9a234e4737332ba6e0,relation_validity,event_occurrence,1,0,,actual_run,shared_proxy_reference,"AI ensemble reference shares source-type, lexical, contract, and/or historical model signals; report as proxy-reference consistency, not independent accuracy"
Role-owner Closure,Full role-owner closure,TR-0145,time_role,IFACT-78283820157a2a7b1c493fee,context_time,context_time,1,1,,actual_run,shared_proxy_reference,"AI ensemble reference shares source-type, lexical, contract, and/or historical model signals; report as proxy-reference consistency, not independent accuracy"
Role-owner Closure,w/o Role-owner Closure,TR-0145,time_role,IFACT-78283820157a2a7b1c493fee,context_time,context_time,1,1,,actual_run,shared_proxy_reference,"AI ensemble reference shares source-type, lexical, contract, and/or historical model signals; report as proxy-reference consistency, not independent accuracy"
Role-owner Closure,Full role-owner closure,TR-0146,time_role,IFACT-42b5749e1644fe96bdbbf455,context_time,context_time,1,1,,actual_run,shared_proxy_reference,"AI ensemble reference shares source-type, lexical, contract, and/or historical model signals; report as proxy-reference consistency, not independent accuracy"
Role-owner Closure,w/o Role-owner Closure,TR-0146,time_role,IFACT-42b5749e1644fe96bdbbf455,context_time,context_time,1,1,,actual_run,shared_proxy_reference,"AI ensemble reference shares source-type, lexical, contract, and/or historical model signals; report as proxy-reference consistency, not independent accuracy"
Role-owner Closure,Full role-owner closure,TR-0147,time_role,IFACT-ea24e826964b74780831d7c1,context_time,context_time,1,1,,actual_run,shared_proxy_reference,"AI ensemble reference shares source-type, lexical, contract, and/or historical model signals; report as proxy-reference consistency, not independent accuracy"
Role-owner Closure,w/o Role-owner Closure,TR-0147,time_role,IFACT-ea24e826964b74780831d7c1,context_time,context_time,1,1,,actual_run,shared_proxy_reference,"AI ensemble reference shares source-type, lexical, contract, and/or historical model signals; report as proxy-reference consistency, not independent accuracy"
Role-owner Closure,Full role-owner closure,TR-0148,time_role,IFACT-61720f93aedbbbb3b4960c71,context_time,event_occurrence,1,0,,actual_run,shared_proxy_reference,"AI ensemble reference shares source-type, lexical, contract, and/or historical model signals; report as proxy-reference consistency, not independent accuracy"
Role-owner Closure,w/o Role-owner Closure,TR-0148,time_role,IFACT-61720f93aedbbbb3b4960c71,context_time,event_occurrence,1,0,,actual_run,shared_proxy_reference,"AI ensemble reference shares source-type, lexical, contract, and/or historical model signals; report as proxy-reference consistency, not independent accuracy"
Role-owner Closure,Full role-owner closure,TR-0149,time_role,IFACT-adf732b7c044790cd2bcba37,relation_validity,context_time,1,0,,actual_run,shared_proxy_reference,"AI ensemble reference shares source-type, lexical, contract, and/or historical model signals; report as proxy-reference consistency, not independent accuracy"
Role-owner Closure,w/o Role-owner Closure,TR-0149,time_role,IFACT-adf732b7c044790cd2bcba37,relation_validity,context_time,1,0,,actual_run,shared_proxy_reference,"AI ensemble reference shares source-type, lexical, contract, and/or historical model signals; report as proxy-reference consistency, not independent accuracy"
Role-owner Closure,Full role-owner closure,TR-0150,time_role,IFACT-d4b9f86074b47c0b4528b460,context_time,event_occurrence,1,0,,actual_run,shared_proxy_reference,"AI ensemble reference shares source-type, lexical, contract, and/or historical model signals; report as proxy-reference consistency, not independent accuracy"
Role-owner Closure,w/o Role-owner Closure,TR-0150,time_role,IFACT-d4b9f86074b47c0b4528b460,context_time,event_occurrence,1,0,,actual_run,shared_proxy_reference,"AI ensemble reference shares source-type, lexical, contract, and/or historical model signals; report as proxy-reference consistency, not independent accuracy"
Role-owner Closure,Full role-owner closure,TR-0151,time_role,IFACT-2acc98700572bab0e5905feb,context_time,context_time,1,1,,actual_run,shared_proxy_reference,"AI ensemble reference shares source-type, lexical, contract, and/or historical model signals; report as proxy-reference consistency, not independent accuracy"
Role-owner Closure,w/o Role-owner Closure,TR-0151,time_role,IFACT-2acc98700572bab0e5905feb,context_time,context_time,1,1,,actual_run,shared_proxy_reference,"AI ensemble reference shares source-type, lexical, contract, and/or historical model signals; report as proxy-reference consistency, not independent accuracy"
Role-owner Closure,Full role-owner closure,TR-0153,time_role,IFACT-71341f0fe16a494b16880b2a,relation_validity,event_occurrence,1,0,,actual_run,shared_proxy_reference,"AI ensemble reference shares source-type, lexical, contract, and/or historical model signals; report as proxy-reference consistency, not independent accuracy"
Role-owner Closure,w/o Role-owner Closure,TR-0153,time_role,IFACT-71341f0fe16a494b16880b2a,relation_validity,event_occurrence,1,0,,actual_run,shared_proxy_reference,"AI ensemble reference shares source-type, lexical, contract, and/or historical model signals; report as proxy-reference consistency, not independent accuracy"
Role-owner Closure,Full role-owner closure,TR-0155,time_role,IFACT-cbcf861b58c434914b884f90,event_occurrence,event_occurrence,1,1,,actual_run,shared_proxy_reference,"AI ensemble reference shares source-type, lexical, contract, and/or historical model signals; report as proxy-reference consistency, not independent accuracy"
Role-owner Closure,w/o Role-owner Closure,TR-0155,time_role,IFACT-cbcf861b58c434914b884f90,event_occurrence,event_occurrence,1,1,,actual_run,shared_proxy_reference,"AI ensemble reference shares source-type, lexical, contract, and/or historical model signals; report as proxy-reference consistency, not independent accuracy"
Role-owner Closure,Full role-owner closure,TR-0156,time_role,IFACT-044fe9916ffe1309fc9c931b,context_time,context_time,1,1,,actual_run,shared_proxy_reference,"AI ensemble reference shares source-type, lexical, contract, and/or historical model signals; report as proxy-reference consistency, not independent accuracy"
Role-owner Closure,w/o Role-owner Closure,TR-0156,time_role,IFACT-044fe9916ffe1309fc9c931b,context_time,context_time,1,1,,actual_run,shared_proxy_reference,"AI ensemble reference shares source-type, lexical, contract, and/or historical model signals; report as proxy-reference consistency, not independent accuracy"
Role-owner Closure,Full role-owner closure,TR-0157,time_role,IFACT-24bc0cb6f7f9a5542c6b69b8,context_time,context_time,1,1,,actual_run,shared_proxy_reference,"AI ensemble reference shares source-type, lexical, contract, and/or historical model signals; report as proxy-reference consistency, not independent accuracy"
Role-owner Closure,w/o Role-owner Closure,TR-0157,time_role,IFACT-24bc0cb6f7f9a5542c6b69b8,context_time,context_time,1,1,,actual_run,shared_proxy_reference,"AI ensemble reference shares source-type, lexical, contract, and/or historical model signals; report as proxy-reference consistency, not independent accuracy"
Role-owner Closure,Full role-owner closure,TR-0159,time_role,IFACT-51e32994d30a5a4ba61ef267,context_time,context_time,1,1,,actual_run,shared_proxy_reference,"AI ensemble reference shares source-type, lexical, contract, and/or historical model signals; report as proxy-reference consistency, not independent accuracy"
Role-owner Closure,w/o Role-owner Closure,TR-0159,time_role,IFACT-51e32994d30a5a4ba61ef267,context_time,context_time,1,1,,actual_run,shared_proxy_reference,"AI ensemble reference shares source-type, lexical, contract, and/or historical model signals; report as proxy-reference consistency, not independent accuracy"
Role-owner Closure,Full role-owner closure,TR-0160,time_role,IFACT-4d1effdbb6720e7f81c1378a,context_time,event_occurrence,1,0,,actual_run,shared_proxy_reference,"AI ensemble reference shares source-type, lexical, contract, and/or historical model signals; report as proxy-reference consistency, not independent accuracy"
Role-owner Closure,w/o Role-owner Closure,TR-0160,time_role,IFACT-4d1effdbb6720e7f81c1378a,context_time,event_occurrence,1,0,,actual_run,shared_proxy_reference,"AI ensemble reference shares source-type, lexical, contract, and/or historical model signals; report as proxy-reference consistency, not independent accuracy"
