variant,fact_id,full_state_json,variant_state_json,evidence_class
w/o Identity Projection,IFACT-00010bf948e893fc3195335e,"[""IENT-e627943520703427e165044a"", ""IENTREPAIR-6a6b58a1a9a41a8b0aa797b8"", ""unknown"", """", ""unknown"", """", ""contextual""]","[""IENT-e627943520703427e165044a"", ""IENT-9db3318698ccd87ff263d725"", ""unknown"", """", ""unknown"", """", ""contextual""]",deterministic_replay
w/o Global Closure,IFACT-00010bf948e893fc3195335e,"[""IENT-e627943520703427e165044a"", ""IENTREPAIR-6a6b58a1a9a41a8b0aa797b8"", ""unknown"", """", ""unknown"", """", ""contextual""]","[""IENT-e627943520703427e165044a"", ""IENT-9db3318698ccd87ff263d725"", ""unknown"", """", ""unknown"", """", ""contextual""]",deterministic_replay
w/o Identity Projection,IFACT-0001d55eb65aef3af7ccf080,"[""IENT-0010e47b0b6e156d9b87c84d"", ""IENTREPAIR-6a6b58a1a9a41a8b0aa797b8"", ""context_time"", """", ""context_location"", """", ""contextual""]","[""IENT-0010e47b0b6e156d9b87c84d"", ""IENT-9db3318698ccd87ff263d725"", ""context_time"", """", ""context_location"", """", ""contextual""]",deterministic_replay
w/o Global Closure,IFACT-0001d55eb65aef3af7ccf080,"[""IENT-0010e47b0b6e156d9b87c84d"", ""IENTREPAIR-6a6b58a1a9a41a8b0aa797b8"", ""context_time"", """", ""context_location"", """", ""contextual""]","[""IENT-0010e47b0b6e156d9b87c84d"", ""IENT-9db3318698ccd87ff263d725"", ""context_time"", """", ""context_location"", """", ""contextual""]",deterministic_replay
w/o Risk Routing,IFACT-00024eeb558ec2723734b4d0,"[""IENT-1f3c14d87a71502f0603f0e6"", ""IENT-cdcdca159ced9ea92a2e215b"", ""unknown"", """", ""unknown"", """", ""unresolved""]","[""IENT-1f3c14d87a71502f0603f0e6"", ""IENT-cdcdca159ced9ea92a2e215b"", ""unknown"", """", ""unknown"", """", ""contextual""]",deterministic_replay
w/o Risk Routing,IFACT-000275ff62667f22b468a088,"[""ITOPIC-7c5bb7b2a62523c9c74472b3"", ""ITOPIC-e6391a01bbdc38af6ee4d2d6"", ""unknown"", """", ""unknown"", """", ""unresolved""]","[""ITOPIC-7c5bb7b2a62523c9c74472b3"", ""ITOPIC-e6391a01bbdc38af6ee4d2d6"", ""unknown"", """", ""unknown"", """", ""contextual""]",deterministic_replay
w/o Risk Routing,IFACT-0003e2501071952e9f2faaed,"[""IENT-882873725f77d2cebf8b470a"", ""IENT-b896d2564bd09d3a22fd0805"", ""unknown"", """", ""unknown"", """", ""unresolved""]","[""IENT-882873725f77d2cebf8b470a"", ""IENT-b896d2564bd09d3a22fd0805"", ""unknown"", """", ""unknown"", """", ""strict_semantic""]",deterministic_replay
w/o Risk Routing,IFACT-000440cae98b1dcff2f32a25,"[""IENT-7fef671b2d9144ff4b92d4a1"", ""IENT-6eac6f5b1b6c9c9513f8e7cb"", ""relation_validity"", """", ""relation_location"", """", ""unresolved""]","[""IENT-7fef671b2d9144ff4b92d4a1"", ""IENT-6eac6f5b1b6c9c9513f8e7cb"", ""relation_validity"", """", ""relation_location"", """", ""strict_semantic""]",deterministic_replay
w/o Relation Contract,IFACT-00044d0c74c727d53a5e86dd,"[""IENT-17734826d7b82afa0e6819fc"", ""IENT-41ec33b3cffca6a8e6307e7c"", ""unknown"", """", ""unknown"", """", ""contextual""]","[""IENT-17734826d7b82afa0e6819fc"", ""IENT-41ec33b3cffca6a8e6307e7c"", ""unknown"", """", ""unknown"", """", ""strict_semantic""]",deterministic_replay
w/o Global Closure,IFACT-00044d0c74c727d53a5e86dd,"[""IENT-17734826d7b82afa0e6819fc"", ""IENT-41ec33b3cffca6a8e6307e7c"", ""unknown"", """", ""unknown"", """", ""contextual""]","[""IENT-17734826d7b82afa0e6819fc"", ""IENT-41ec33b3cffca6a8e6307e7c"", ""unknown"", """", ""unknown"", """", ""strict_semantic""]",deterministic_replay
w/o Identity Projection,IFACT-000495ddf91b37536f00d502,"[""IENT-fc3259fc3529d8581b685efb"", ""IENTREPAIR-26b0e98f7b5371cd6cd77d6c"", ""unknown"", """", ""unknown"", """", ""contextual""]","[""IENT-fc3259fc3529d8581b685efb"", ""IENT-97b36a109ab9d7a3d5933776"", ""unknown"", """", ""unknown"", """", ""contextual""]",deterministic_replay
w/o Global Closure,IFACT-000495ddf91b37536f00d502,"[""IENT-fc3259fc3529d8581b685efb"", ""IENTREPAIR-26b0e98f7b5371cd6cd77d6c"", ""unknown"", """", ""unknown"", """", ""contextual""]","[""IENT-fc3259fc3529d8581b685efb"", ""IENT-97b36a109ab9d7a3d5933776"", ""unknown"", """", ""unknown"", """", ""contextual""]",deterministic_replay
w/o Identity Projection,IFACT-0006f1fadf9a36da20c686e1,"[""IENTREPAIR-6a6b58a1a9a41a8b0aa797b8"", ""IENT-06fadaf78057de21cd27c50b"", ""unknown"", """", ""unknown"", """", ""contextual""]","[""IENT-9db3318698ccd87ff263d725"", ""IENT-06fadaf78057de21cd27c50b"", ""unknown"", """", ""unknown"", """", ""contextual""]",deterministic_replay
w/o Global Closure,IFACT-0006f1fadf9a36da20c686e1,"[""IENTREPAIR-6a6b58a1a9a41a8b0aa797b8"", ""IENT-06fadaf78057de21cd27c50b"", ""unknown"", """", ""unknown"", """", ""contextual""]","[""IENT-9db3318698ccd87ff263d725"", ""IENT-06fadaf78057de21cd27c50b"", ""unknown"", """", ""unknown"", """", ""contextual""]",deterministic_replay
w/o Risk Routing,IFACT-000738d5ad3ba78a30a4321e,"[""IENT-3019e773c4785bb60aae0271"", ""IENTREPAIR-514fd8779350b69ea5eec16f"", ""unknown"", """", ""unknown"", """", ""unresolved""]","[""IENT-3019e773c4785bb60aae0271"", ""IENTREPAIR-514fd8779350b69ea5eec16f"", ""unknown"", """", ""unknown"", """", ""contextual""]",deterministic_replay
w/o Identity Projection,IFACT-000bf18f58b079d797e19575,"[""IENT-1d97d5296e4ed9c5d28abb8e"", ""ITOPIC-581afa236679c6868842bd89"", ""unknown"", """", ""context_location"", """", ""contextual""]","[""IENT-1d97d5296e4ed9c5d28abb8e"", ""IENT-904bc6cdfad11c45b83eb11b"", ""unknown"", """", ""context_location"", """", ""contextual""]",deterministic_replay
w/o Global Closure,IFACT-000bf18f58b079d797e19575,"[""IENT-1d97d5296e4ed9c5d28abb8e"", ""ITOPIC-581afa236679c6868842bd89"", ""unknown"", """", ""context_location"", """", ""contextual""]","[""IENT-1d97d5296e4ed9c5d28abb8e"", ""IENT-904bc6cdfad11c45b83eb11b"", ""unknown"", """", ""context_location"", """", ""contextual""]",deterministic_replay
w/o Risk Routing,IFACT-000c09bd6a8b1fba3a07f10a,"[""IENT-dfcc0fb6295fd1ba3c6530dc"", ""IENT-40da08c593af1ef2e01902bc"", ""unknown"", """", ""unknown"", """", ""unresolved""]","[""IENT-dfcc0fb6295fd1ba3c6530dc"", ""IENT-40da08c593af1ef2e01902bc"", ""unknown"", """", ""unknown"", """", ""contextual""]",deterministic_replay
w/o Risk Routing,IFACT-000c4b376bf34a4326ee0b74,"[""IENT-baa302c9d6775ec7ebff8b97"", ""IENT-c20d713a0e005a072f90206f"", ""unknown"", """", ""unknown"", """", ""unresolved""]","[""IENT-baa302c9d6775ec7ebff8b97"", ""IENT-c20d713a0e005a072f90206f"", ""unknown"", """", ""unknown"", """", ""contextual""]",deterministic_replay
w/o Risk Routing,IFACT-000c9cf3db098f68b1efb902,"[""ITOPIC-5a091c0d4f9fc67b344d3a7a"", ""ITOPIC-e1dd74770c612929bfeef2db"", ""unknown"", """", ""unknown"", """", ""unresolved""]","[""ITOPIC-5a091c0d4f9fc67b344d3a7a"", ""ITOPIC-e1dd74770c612929bfeef2db"", ""unknown"", """", ""unknown"", """", ""contextual""]",deterministic_replay
w/o Identity Projection,IFACT-000d533d827cde7d420e71e7,"[""IENT-0e44c970896f9427c1f9a5db"", ""IENTREPAIR-09feebbf7c8e912751abb1bc"", ""context_time"", """", ""context_location"", """", ""contextual""]","[""IENT-0e44c970896f9427c1f9a5db"", ""IENT-954584862f61b94a2699d2be"", ""context_time"", """", ""context_location"", """", ""contextual""]",deterministic_replay
w/o Global Closure,IFACT-000d533d827cde7d420e71e7,"[""IENT-0e44c970896f9427c1f9a5db"", ""IENTREPAIR-09feebbf7c8e912751abb1bc"", ""context_time"", """", ""context_location"", """", ""contextual""]","[""IENT-0e44c970896f9427c1f9a5db"", ""IENT-954584862f61b94a2699d2be"", ""context_time"", """", ""context_location"", """", ""contextual""]",deterministic_replay
w/o Risk Routing,IFACT-000eb74e65d06cda85479d02,"[""IENT-a10e53507f6db256c6f3b388"", ""IENT-34bdb5e53ac4f26a86a4fed3"", ""context_time"", """", ""context_location"", """", ""unresolved""]","[""IENT-a10e53507f6db256c6f3b388"", ""IENT-34bdb5e53ac4f26a86a4fed3"", ""context_time"", """", ""context_location"", """", ""contextual""]",deterministic_replay
w/o Risk Routing,IFACT-00103279cf463477a98ab5b9,"[""IENT-f2eb761b7235072448099a95"", ""IENT-9ce7ccbffacb3e2059a706f1"", ""unknown"", """", ""context_location"", """", ""unresolved""]","[""IENT-f2eb761b7235072448099a95"", ""IENT-9ce7ccbffacb3e2059a706f1"", ""unknown"", """", ""context_location"", """", ""contextual""]",deterministic_replay
w/o Risk Routing,IFACT-0010e90a73e6315a76a7af5a,"[""IENT-a877bbc4eb62414ba9188df8"", ""IENT-7da4071cd72a835146156eb0"", ""unknown"", """", ""context_location"", """", ""unresolved""]","[""IENT-a877bbc4eb62414ba9188df8"", ""IENT-7da4071cd72a835146156eb0"", ""unknown"", """", ""context_location"", """", ""contextual""]",deterministic_replay
w/o Identity Projection,IFACT-00125d8822e8188134815d9e,"[""IENT-4cb7ee21ec9896fbf32e22d6"", ""ITOPIC-581afa236679c6868842bd89"", ""unknown"", """", ""unknown"", """", ""contextual""]","[""IENT-4cb7ee21ec9896fbf32e22d6"", ""IENT-904bc6cdfad11c45b83eb11b"", ""unknown"", """", ""unknown"", """", ""contextual""]",deterministic_replay
w/o Global Closure,IFACT-00125d8822e8188134815d9e,"[""IENT-4cb7ee21ec9896fbf32e22d6"", ""ITOPIC-581afa236679c6868842bd89"", ""unknown"", """", ""unknown"", """", ""contextual""]","[""IENT-4cb7ee21ec9896fbf32e22d6"", ""IENT-904bc6cdfad11c45b83eb11b"", ""unknown"", """", ""unknown"", """", ""contextual""]",deterministic_replay
w/o Identity Projection,IFACT-0012c9d590a95c0a613ec738,"[""IENTREPAIR-01d87f5c8ac1d9e4ac1e22b8"", ""IENT-9bc1b581718978258944583e"", ""context_time"", """", ""context_location"", """", ""contextual""]","[""IENT-1f935a353296c40dbeb6c72a"", ""IENT-9bc1b581718978258944583e"", ""context_time"", """", ""context_location"", """", ""contextual""]",deterministic_replay
w/o Global Closure,IFACT-0012c9d590a95c0a613ec738,"[""IENTREPAIR-01d87f5c8ac1d9e4ac1e22b8"", ""IENT-9bc1b581718978258944583e"", ""context_time"", """", ""context_location"", """", ""contextual""]","[""IENT-1f935a353296c40dbeb6c72a"", ""IENT-9bc1b581718978258944583e"", ""context_time"", """", ""context_location"", """", ""contextual""]",deterministic_replay
w/o Identity Projection,IFACT-0012d8c5ac25d6bd867fc6e5,"[""IENTREPAIR-05ea0f8e00e5b51f581a3c2b"", ""IENT-95b59b3139cee3938fbd009e"", ""unknown"", """", ""unknown"", """", ""contextual""]","[""IENT-5b4be7fb7b103194d02201dd"", ""IENT-95b59b3139cee3938fbd009e"", ""unknown"", """", ""unknown"", """", ""contextual""]",deterministic_replay
w/o Global Closure,IFACT-0012d8c5ac25d6bd867fc6e5,"[""IENTREPAIR-05ea0f8e00e5b51f581a3c2b"", ""IENT-95b59b3139cee3938fbd009e"", ""unknown"", """", ""unknown"", """", ""contextual""]","[""IENT-5b4be7fb7b103194d02201dd"", ""IENT-95b59b3139cee3938fbd009e"", ""unknown"", """", ""unknown"", """", ""contextual""]",deterministic_replay
w/o Identity Projection,IFACT-001359bf1864bdc14ac5ceaa,"[""IENT-61498b53a6bc84bdc1d1c0ac"", ""IENTREPAIR-061ad04d9541764ebf8bfd6e"", ""context_time"", """", ""event_location"", ""IENT-61498b53a6bc84bdc1d1c0ac"", ""contextual""]","[""IENT-61498b53a6bc84bdc1d1c0ac"", ""IENT-fe00fa85a3b489a357d6162f"", ""context_time"", """", ""event_location"", ""IENT-61498b53a6bc84bdc1d1c0ac"", ""contextual""]",deterministic_replay
w/o Global Closure,IFACT-001359bf1864bdc14ac5ceaa,"[""IENT-61498b53a6bc84bdc1d1c0ac"", ""IENTREPAIR-061ad04d9541764ebf8bfd6e"", ""context_time"", """", ""event_location"", ""IENT-61498b53a6bc84bdc1d1c0ac"", ""contextual""]","[""IENT-61498b53a6bc84bdc1d1c0ac"", ""IENT-fe00fa85a3b489a357d6162f"", ""context_time"", """", ""event_location"", ""IENT-61498b53a6bc84bdc1d1c0ac"", ""contextual""]",deterministic_replay
w/o Risk Routing,IFACT-00137997d9697ce160300239,"[""IENTREPAIR-27bdb007c93f61eb4bab7fd2"", ""IENT-96e787d4eb12f6c23b4128e7"", ""unknown"", """", ""unknown"", """", ""unresolved""]","[""IENTREPAIR-27bdb007c93f61eb4bab7fd2"", ""IENT-96e787d4eb12f6c23b4128e7"", ""unknown"", """", ""unknown"", """", ""contextual""]",deterministic_replay
w/o Risk Routing,IFACT-001380bbb88e272e27631dda,"[""ITOPIC-46d3dc145a3f1800d694d748"", ""ITOPIC-06af59e63fe232c976b5606d"", ""unknown"", """", ""unknown"", """", ""unresolved""]","[""ITOPIC-46d3dc145a3f1800d694d748"", ""ITOPIC-06af59e63fe232c976b5606d"", ""unknown"", """", ""unknown"", """", ""contextual""]",deterministic_replay
w/o Identity Projection,IFACT-0014411847871c5ff0c1cce0,"[""IENT-984e3508aea83491e6534197"", ""IENTREPAIR-0e6970ff902ae5ccdba5fcba"", ""unknown"", """", ""unknown"", """", ""strict_semantic""]","[""IENT-984e3508aea83491e6534197"", ""IENT-3c48236a26c071e0968a46f1"", ""unknown"", """", ""unknown"", """", ""strict_semantic""]",deterministic_replay
w/o Global Closure,IFACT-0014411847871c5ff0c1cce0,"[""IENT-984e3508aea83491e6534197"", ""IENTREPAIR-0e6970ff902ae5ccdba5fcba"", ""unknown"", """", ""unknown"", """", ""strict_semantic""]","[""IENT-984e3508aea83491e6534197"", ""IENT-3c48236a26c071e0968a46f1"", ""unknown"", """", ""unknown"", """", ""strict_semantic""]",deterministic_replay
w/o Risk Routing,IFACT-0016dc081e0a70cb5b81c101,"[""IENT-25c1c20db89320a456c86b19"", ""IENT-65d58a87c5abfbae333db76d"", ""unknown"", """", ""unknown"", """", ""unresolved""]","[""IENT-25c1c20db89320a456c86b19"", ""IENT-65d58a87c5abfbae333db76d"", ""unknown"", """", ""unknown"", """", ""contextual""]",deterministic_replay
w/o Identity Projection,IFACT-001743d77378c313cc618f4a,"[""IENT-6f0187d43611b38f0f1f6914"", ""IENTREPAIR-7ca928bc2e8f9de27c6c12c8"", ""unknown"", """", ""unknown"", """", ""contextual""]","[""IENT-6f0187d43611b38f0f1f6914"", ""IENT-cfe35aae418911a34076df9a"", ""unknown"", """", ""unknown"", """", ""contextual""]",deterministic_replay
w/o Global Closure,IFACT-001743d77378c313cc618f4a,"[""IENT-6f0187d43611b38f0f1f6914"", ""IENTREPAIR-7ca928bc2e8f9de27c6c12c8"", ""unknown"", """", ""unknown"", """", ""contextual""]","[""IENT-6f0187d43611b38f0f1f6914"", ""IENT-cfe35aae418911a34076df9a"", ""unknown"", """", ""unknown"", """", ""contextual""]",deterministic_replay
w/o Identity Projection,IFACT-001893d4b606122777f54a7f,"[""IENT-8bcb463cba7505bb0d5e2ab6"", ""IENTREPAIR-377f7d7cefe2df2e175430d3"", ""unknown"", """", ""context_location"", """", ""contextual""]","[""IENT-8bcb463cba7505bb0d5e2ab6"", ""IENT-5668322ab265f87264344b5a"", ""unknown"", """", ""context_location"", """", ""contextual""]",deterministic_replay
w/o Global Closure,IFACT-001893d4b606122777f54a7f,"[""IENT-8bcb463cba7505bb0d5e2ab6"", ""IENTREPAIR-377f7d7cefe2df2e175430d3"", ""unknown"", """", ""context_location"", """", ""contextual""]","[""IENT-8bcb463cba7505bb0d5e2ab6"", ""IENT-5668322ab265f87264344b5a"", ""unknown"", """", ""context_location"", """", ""contextual""]",deterministic_replay
w/o Identity Projection,IFACT-0019f2bf2c730eee692bd589,"[""IENT-05a32c88b198dd690e9fbc7d"", ""IENTREPAIR-0db954be0fc2ad333b758eb5"", ""unknown"", """", ""unknown"", """", ""strict_semantic""]","[""IENT-05a32c88b198dd690e9fbc7d"", ""IENT-3fd7c52fa648a717c53e987c"", ""unknown"", """", ""unknown"", """", ""strict_semantic""]",deterministic_replay
w/o Global Closure,IFACT-0019f2bf2c730eee692bd589,"[""IENT-05a32c88b198dd690e9fbc7d"", ""IENTREPAIR-0db954be0fc2ad333b758eb5"", ""unknown"", """", ""unknown"", """", ""strict_semantic""]","[""IENT-05a32c88b198dd690e9fbc7d"", ""IENT-3fd7c52fa648a717c53e987c"", ""unknown"", """", ""unknown"", """", ""strict_semantic""]",deterministic_replay
w/o Risk Routing,IFACT-001e504cc8bc67a8d0c843fc,"[""IENT-453f15bb01608642649ffbf3"", ""IENT-a10e53507f6db256c6f3b388"", ""unknown"", """", ""context_location"", """", ""unresolved""]","[""IENT-453f15bb01608642649ffbf3"", ""IENT-a10e53507f6db256c6f3b388"", ""unknown"", """", ""context_location"", """", ""contextual""]",deterministic_replay
w/o Risk Routing,IFACT-0020120bc9e4c290162ad2d4,"[""IENT-b148081dbecfea90cc99a4f0"", ""IENT-48db8cfd8a200941758268da"", ""context_time"", """", ""unknown"", """", ""unresolved""]","[""IENT-b148081dbecfea90cc99a4f0"", ""IENT-48db8cfd8a200941758268da"", ""context_time"", """", ""unknown"", """", ""contextual""]",deterministic_replay
w/o Risk Routing,IFACT-002022f80d6ee184225159b4,"[""IENT-4014646ba09c284bbc99241b"", ""IENT-10cda83d2f2c1686c7ae564d"", ""unknown"", """", ""unknown"", """", ""unresolved""]","[""IENT-4014646ba09c284bbc99241b"", ""IENT-10cda83d2f2c1686c7ae564d"", ""unknown"", """", ""unknown"", """", ""contextual""]",deterministic_replay
w/o Identity Projection,IFACT-0022fa2214c85119e184e935,"[""IENT-82fd7abbb401cedb82b60b5a"", ""ITOPIC-581afa236679c6868842bd89"", ""unknown"", """", ""unknown"", """", ""contextual""]","[""IENT-82fd7abbb401cedb82b60b5a"", ""IENT-904bc6cdfad11c45b83eb11b"", ""unknown"", """", ""unknown"", """", ""contextual""]",deterministic_replay
w/o Global Closure,IFACT-0022fa2214c85119e184e935,"[""IENT-82fd7abbb401cedb82b60b5a"", ""ITOPIC-581afa236679c6868842bd89"", ""unknown"", """", ""unknown"", """", ""contextual""]","[""IENT-82fd7abbb401cedb82b60b5a"", ""IENT-904bc6cdfad11c45b83eb11b"", ""unknown"", """", ""unknown"", """", ""contextual""]",deterministic_replay
w/o Risk Routing,IFACT-0024d8daa187bea8fa5fcbb6,"[""IENT-8ca6ef3d6faaf2de430b0296"", ""IENT-100a8e435ea670977dc5d796"", ""unknown"", """", ""unknown"", """", ""unresolved""]","[""IENT-8ca6ef3d6faaf2de430b0296"", ""IENT-100a8e435ea670977dc5d796"", ""unknown"", """", ""unknown"", """", ""contextual""]",deterministic_replay
w/o Risk Routing,IFACT-00250944f0516bb8cec31ae8,"[""IENT-2c9058ec9887f8bbaecfe135"", ""IENTREPAIR-4dd5f91f77adbb1654d28385"", ""unknown"", """", ""unknown"", """", ""unresolved""]","[""IENT-2c9058ec9887f8bbaecfe135"", ""IENTREPAIR-4dd5f91f77adbb1654d28385"", ""unknown"", """", ""unknown"", """", ""strict_semantic""]",deterministic_replay
w/o Identity Projection,IFACT-00255b465122680558eaa2d8,"[""IENTREPAIR-679b5913d68de30a6582081f"", ""IENT-60cd25f734d4689e1695feb3"", ""unknown"", """", ""unknown"", """", ""contextual""]","[""IENT-1e16ab77d77049cfe6499c25"", ""IENT-60cd25f734d4689e1695feb3"", ""unknown"", """", ""unknown"", """", ""contextual""]",deterministic_replay
w/o Global Closure,IFACT-00255b465122680558eaa2d8,"[""IENTREPAIR-679b5913d68de30a6582081f"", ""IENT-60cd25f734d4689e1695feb3"", ""unknown"", """", ""unknown"", """", ""contextual""]","[""IENT-1e16ab77d77049cfe6499c25"", ""IENT-60cd25f734d4689e1695feb3"", ""unknown"", """", ""unknown"", """", ""contextual""]",deterministic_replay
w/o Identity Projection,IFACT-0026062a18eeca6a670cdb72,"[""IENT-ff984f3914141cc7b6b1a3a4"", ""IENTREPAIR-8c57098738bda54bfe5cbc10"", ""unknown"", """", ""context_location"", """", ""contextual""]","[""IENT-ff984f3914141cc7b6b1a3a4"", ""IENT-7f4aaf7b549ba55f9a2e9361"", ""unknown"", """", ""context_location"", """", ""contextual""]",deterministic_replay
w/o Global Closure,IFACT-0026062a18eeca6a670cdb72,"[""IENT-ff984f3914141cc7b6b1a3a4"", ""IENTREPAIR-8c57098738bda54bfe5cbc10"", ""unknown"", """", ""context_location"", """", ""contextual""]","[""IENT-ff984f3914141cc7b6b1a3a4"", ""IENT-7f4aaf7b549ba55f9a2e9361"", ""unknown"", """", ""context_location"", """", ""contextual""]",deterministic_replay
w/o Risk Routing,IFACT-0026b1743a3af40efeffa646,"[""IENT-fa02d3ff21b6aad79e574f21"", ""IENT-791bfe0722eff6da9cf8bd67"", ""unknown"", """", ""unknown"", """", ""unresolved""]","[""IENT-fa02d3ff21b6aad79e574f21"", ""IENT-791bfe0722eff6da9cf8bd67"", ""unknown"", """", ""unknown"", """", ""contextual""]",deterministic_replay
w/o Risk Routing,IFACT-0027dceabbec6125ced702ce,"[""ITOPIC-05807a3c01a3c3024c1cf2f7"", ""ITOPIC-a6d4cfc412c89d3fa98993a3"", ""unknown"", """", ""unknown"", """", ""unresolved""]","[""ITOPIC-05807a3c01a3c3024c1cf2f7"", ""ITOPIC-a6d4cfc412c89d3fa98993a3"", ""unknown"", """", ""unknown"", """", ""contextual""]",deterministic_replay
w/o Risk Routing,IFACT-0028d1e3a7adc43001299d99,"[""IENT-0004130469ee40a42d0bdc82"", ""IENT-30d251bab1f41bf4fec4413b"", ""unknown"", """", ""unknown"", """", ""unresolved""]","[""IENT-0004130469ee40a42d0bdc82"", ""IENT-30d251bab1f41bf4fec4413b"", ""unknown"", """", ""unknown"", """", ""contextual""]",deterministic_replay
w/o Risk Routing,IFACT-0028d85cc7ae82055c4b0956,"[""IENT-3bf3af57a88497ccae480ce7"", ""IENTREPAIR-061ad04d9541764ebf8bfd6e"", ""unknown"", """", ""unknown"", """", ""unresolved""]","[""IENT-3bf3af57a88497ccae480ce7"", ""IENTREPAIR-061ad04d9541764ebf8bfd6e"", ""unknown"", """", ""unknown"", """", ""contextual""]",deterministic_replay
w/o Identity Projection,IFACT-0028d85cc7ae82055c4b0956,"[""IENT-3bf3af57a88497ccae480ce7"", ""IENTREPAIR-061ad04d9541764ebf8bfd6e"", ""unknown"", """", ""unknown"", """", ""unresolved""]","[""IENT-3bf3af57a88497ccae480ce7"", ""IENT-fe00fa85a3b489a357d6162f"", ""unknown"", """", ""unknown"", """", ""unresolved""]",deterministic_replay
w/o Global Closure,IFACT-0028d85cc7ae82055c4b0956,"[""IENT-3bf3af57a88497ccae480ce7"", ""IENTREPAIR-061ad04d9541764ebf8bfd6e"", ""unknown"", """", ""unknown"", """", ""unresolved""]","[""IENT-3bf3af57a88497ccae480ce7"", ""IENT-fe00fa85a3b489a357d6162f"", ""unknown"", """", ""unknown"", """", ""unresolved""]",deterministic_replay
w/o Identity Projection,IFACT-002907b5c76e4a9a642d48f2,"[""IENT-99df652e75a4eba44157c264"", ""ITOPIC-581afa236679c6868842bd89"", ""unknown"", """", ""unknown"", """", ""strict_semantic""]","[""IENT-99df652e75a4eba44157c264"", ""IENT-904bc6cdfad11c45b83eb11b"", ""unknown"", """", ""unknown"", """", ""strict_semantic""]",deterministic_replay
w/o Global Closure,IFACT-002907b5c76e4a9a642d48f2,"[""IENT-99df652e75a4eba44157c264"", ""ITOPIC-581afa236679c6868842bd89"", ""unknown"", """", ""unknown"", """", ""strict_semantic""]","[""IENT-99df652e75a4eba44157c264"", ""IENT-904bc6cdfad11c45b83eb11b"", ""unknown"", """", ""unknown"", """", ""strict_semantic""]",deterministic_replay
w/o Risk Routing,IFACT-002a7febf8ff776c7f1654d0,"[""IENT-cc284e814f42f0ce4d6dcf30"", ""IENT-6af039b6e0df56fc906ece21"", ""unknown"", """", ""unknown"", """", ""unresolved""]","[""IENT-cc284e814f42f0ce4d6dcf30"", ""IENT-6af039b6e0df56fc906ece21"", ""unknown"", """", ""unknown"", """", ""contextual""]",deterministic_replay
w/o Risk Routing,IFACT-002be3d7db70cd276ca64400,"[""IENT-2581d65e53a70d49b5f88702"", ""IENT-c61936ae751e64b5bae2bb23"", ""unknown"", """", ""unknown"", """", ""unresolved""]","[""IENT-2581d65e53a70d49b5f88702"", ""IENT-c61936ae751e64b5bae2bb23"", ""unknown"", """", ""unknown"", """", ""contextual""]",deterministic_replay
w/o Identity Projection,IFACT-002d48c822982282344d108a,"[""IENT-542b451e436a1867df85fb77"", ""IENTREPAIR-09feebbf7c8e912751abb1bc"", ""unknown"", """", ""context_location"", """", ""contextual""]","[""IENT-542b451e436a1867df85fb77"", ""IENT-954584862f61b94a2699d2be"", ""unknown"", """", ""context_location"", """", ""contextual""]",deterministic_replay
w/o Global Closure,IFACT-002d48c822982282344d108a,"[""IENT-542b451e436a1867df85fb77"", ""IENTREPAIR-09feebbf7c8e912751abb1bc"", ""unknown"", """", ""context_location"", """", ""contextual""]","[""IENT-542b451e436a1867df85fb77"", ""IENT-954584862f61b94a2699d2be"", ""unknown"", """", ""context_location"", """", ""contextual""]",deterministic_replay
w/o Risk Routing,IFACT-002dc92b8041b3f472b90ef8,"[""IENT-991ec08090ab52f4212e3d15"", ""IENT-5c402db8f7e5012737153495"", ""unknown"", """", ""unknown"", """", ""unresolved""]","[""IENT-991ec08090ab52f4212e3d15"", ""IENT-5c402db8f7e5012737153495"", ""unknown"", """", ""unknown"", """", ""contextual""]",deterministic_replay
w/o Relation Contract,IFACT-002fbe1cf25e2cd17ffd06fb,"[""IENT-bfeba5f4d84475ab47d8790c"", ""IENT-5040b625d14990055c1f764f"", ""unknown"", """", ""relation_location"", """", ""contextual""]","[""IENT-bfeba5f4d84475ab47d8790c"", ""IENT-5040b625d14990055c1f764f"", ""unknown"", """", ""relation_location"", """", ""strict_semantic""]",deterministic_replay
w/o Global Closure,IFACT-002fbe1cf25e2cd17ffd06fb,"[""IENT-bfeba5f4d84475ab47d8790c"", ""IENT-5040b625d14990055c1f764f"", ""unknown"", """", ""relation_location"", """", ""contextual""]","[""IENT-bfeba5f4d84475ab47d8790c"", ""IENT-5040b625d14990055c1f764f"", ""unknown"", """", ""relation_location"", """", ""strict_semantic""]",deterministic_replay
w/o Identity Projection,IFACT-003170fe27997118fd0bd4b8,"[""IENTREPAIR-42697e862ca8ceb98e1779af"", ""IENT-31a631d8e1509367fe26924d"", ""unknown"", """", ""unknown"", """", ""contextual""]","[""IENT-55117d73b92feaf1b961379e"", ""IENT-31a631d8e1509367fe26924d"", ""unknown"", """", ""unknown"", """", ""contextual""]",deterministic_replay
w/o Global Closure,IFACT-003170fe27997118fd0bd4b8,"[""IENTREPAIR-42697e862ca8ceb98e1779af"", ""IENT-31a631d8e1509367fe26924d"", ""unknown"", """", ""unknown"", """", ""contextual""]","[""IENT-55117d73b92feaf1b961379e"", ""IENT-31a631d8e1509367fe26924d"", ""unknown"", """", ""unknown"", """", ""contextual""]",deterministic_replay
w/o Risk Routing,IFACT-0032e7b14cea54510c55b13d,"[""IENT-a10e53507f6db256c6f3b388"", ""IENT-c630eaf22396bafe8a6c6695"", ""unknown"", """", ""unknown"", """", ""unresolved""]","[""IENT-a10e53507f6db256c6f3b388"", ""IENT-c630eaf22396bafe8a6c6695"", ""unknown"", """", ""unknown"", """", ""contextual""]",deterministic_replay
w/o Risk Routing,IFACT-00344387eddc02008af91f4b,"[""IENT-f0f28305778aa0c32bb9d52c"", ""IENT-c297f831269b936a76ac7e98"", ""unknown"", """", ""unknown"", """", ""unresolved""]","[""IENT-f0f28305778aa0c32bb9d52c"", ""IENT-c297f831269b936a76ac7e98"", ""unknown"", """", ""unknown"", """", ""strict_semantic""]",deterministic_replay
w/o Identity Projection,IFACT-0034a74b9ded69360f037231,"[""IENT-2516278cb24850b5961c8446"", ""IENTREPAIR-0db954be0fc2ad333b758eb5"", ""unknown"", """", ""context_location"", """", ""contextual""]","[""IENT-2516278cb24850b5961c8446"", ""IENT-3fd7c52fa648a717c53e987c"", ""unknown"", """", ""context_location"", """", ""contextual""]",deterministic_replay
w/o Global Closure,IFACT-0034a74b9ded69360f037231,"[""IENT-2516278cb24850b5961c8446"", ""IENTREPAIR-0db954be0fc2ad333b758eb5"", ""unknown"", """", ""context_location"", """", ""contextual""]","[""IENT-2516278cb24850b5961c8446"", ""IENT-3fd7c52fa648a717c53e987c"", ""unknown"", """", ""context_location"", """", ""contextual""]",deterministic_replay
w/o Identity Projection,IFACT-003504f5bc4158c3e2b600b0,"[""IENT-507149af5eaf69dae53a6a61"", ""IENTREPAIR-f47625f027b2d2e8e6a137df"", ""unknown"", """", ""unknown"", """", ""contextual""]","[""IENT-507149af5eaf69dae53a6a61"", ""IENT-5990ad11479bb44c9354d2c3"", ""unknown"", """", ""unknown"", """", ""contextual""]",deterministic_replay
w/o Global Closure,IFACT-003504f5bc4158c3e2b600b0,"[""IENT-507149af5eaf69dae53a6a61"", ""IENTREPAIR-f47625f027b2d2e8e6a137df"", ""unknown"", """", ""unknown"", """", ""contextual""]","[""IENT-507149af5eaf69dae53a6a61"", ""IENT-5990ad11479bb44c9354d2c3"", ""unknown"", """", ""unknown"", """", ""contextual""]",deterministic_replay
w/o Risk Routing,IFACT-003590cfa095d0c84873807d,"[""ITOPIC-ef36a75c815872761db2971e"", ""IENT-07e2027856187dce0286529a"", ""unknown"", """", ""unknown"", """", ""unresolved""]","[""ITOPIC-ef36a75c815872761db2971e"", ""IENT-07e2027856187dce0286529a"", ""unknown"", """", ""unknown"", """", ""contextual""]",deterministic_replay
w/o Risk Routing,IFACT-003981a4823b3f790d5d37e7,"[""IENT-6e6cd103d2339f5700d39757"", ""IENT-91f18a3459920e924ee5b020"", ""unknown"", """", ""unknown"", """", ""unresolved""]","[""IENT-6e6cd103d2339f5700d39757"", ""IENT-91f18a3459920e924ee5b020"", ""unknown"", """", ""unknown"", """", ""contextual""]",deterministic_replay
w/o Risk Routing,IFACT-003a4bde52bed8b5296272d6,"[""IENT-b2c804d12adf4ea0a4e5d4ce"", ""IENT-5bae490ddaf221f2ac7429a0"", ""unknown"", """", ""unknown"", """", ""unresolved""]","[""IENT-b2c804d12adf4ea0a4e5d4ce"", ""IENT-5bae490ddaf221f2ac7429a0"", ""unknown"", """", ""unknown"", """", ""contextual""]",deterministic_replay
w/o Risk Routing,IFACT-003bac517f4d161f8f6f0934,"[""IENT-c967ed48e89e9836615bf45e"", ""IENT-74eba39f5640621cadb72d1b"", ""unknown"", """", ""unknown"", """", ""unresolved""]","[""IENT-c967ed48e89e9836615bf45e"", ""IENT-74eba39f5640621cadb72d1b"", ""unknown"", """", ""unknown"", """", ""contextual""]",deterministic_replay
w/o Risk Routing,IFACT-003c1891dcbc2bc96972d018,"[""ITOPIC-0aea793608747a4330a59cae"", ""ITOPIC-8d6cd0eb4ae0768b070c8713"", ""unknown"", """", ""unknown"", """", ""unresolved""]","[""ITOPIC-0aea793608747a4330a59cae"", ""ITOPIC-8d6cd0eb4ae0768b070c8713"", ""unknown"", """", ""unknown"", """", ""contextual""]",deterministic_replay
w/o Risk Routing,IFACT-003c6b10bf8ed2786a281e7b,"[""ITOPIC-1d4739ad19130e62e802c707"", ""IENT-bbc6a27c9c175ffd17089ff9"", ""unknown"", """", ""context_location"", """", ""unresolved""]","[""ITOPIC-1d4739ad19130e62e802c707"", ""IENT-bbc6a27c9c175ffd17089ff9"", ""unknown"", """", ""context_location"", """", ""contextual""]",deterministic_replay
w/o Identity Projection,IFACT-003d12406f1dbec3133dfd0a,"[""IENT-fc0dec3f4a2be5fc42dcdda3"", ""IENTREPAIR-52314c21634e4563d9c6a149"", ""unknown"", """", ""event_location"", ""IENT-fc0dec3f4a2be5fc42dcdda3"", ""contextual""]","[""IENT-fc0dec3f4a2be5fc42dcdda3"", ""IENT-f409da2536cdcf05acbe1f40"", ""unknown"", """", ""event_location"", ""IENT-fc0dec3f4a2be5fc42dcdda3"", ""contextual""]",deterministic_replay
w/o Global Closure,IFACT-003d12406f1dbec3133dfd0a,"[""IENT-fc0dec3f4a2be5fc42dcdda3"", ""IENTREPAIR-52314c21634e4563d9c6a149"", ""unknown"", """", ""event_location"", ""IENT-fc0dec3f4a2be5fc42dcdda3"", ""contextual""]","[""IENT-fc0dec3f4a2be5fc42dcdda3"", ""IENT-f409da2536cdcf05acbe1f40"", ""unknown"", """", ""event_location"", ""IENT-fc0dec3f4a2be5fc42dcdda3"", ""contextual""]",deterministic_replay
w/o Risk Routing,IFACT-003de8afe4ae46de63d2b7a8,"[""IENT-59864c92d8d4270e02b80dd4"", ""IENT-b6860b8c4f01a342e5d6c175"", ""unknown"", """", ""unknown"", """", ""unresolved""]","[""IENT-59864c92d8d4270e02b80dd4"", ""IENT-b6860b8c4f01a342e5d6c175"", ""unknown"", """", ""unknown"", """", ""contextual""]",deterministic_replay
w/o Risk Routing,IFACT-003df6b72881793c46bee643,"[""IENT-fb02b679710aa891354b9c46"", ""IENT-d8376e8e161aa5878dbddf16"", ""unknown"", """", ""unknown"", """", ""unresolved""]","[""IENT-fb02b679710aa891354b9c46"", ""IENT-d8376e8e161aa5878dbddf16"", ""unknown"", """", ""unknown"", """", ""contextual""]",deterministic_replay
w/o Identity Projection,IFACT-003e6084b322d2e2a6bdedc5,"[""IENTREPAIR-a26c6262b7503a967eb4afe3"", ""IENT-ecc8045e8edb183b4f7c1907"", ""unknown"", """", ""unknown"", """", ""contextual""]","[""IENT-5efe116a95b3f278d5ef5e4b"", ""IENT-ecc8045e8edb183b4f7c1907"", ""unknown"", """", ""unknown"", """", ""contextual""]",deterministic_replay
w/o Global Closure,IFACT-003e6084b322d2e2a6bdedc5,"[""IENTREPAIR-a26c6262b7503a967eb4afe3"", ""IENT-ecc8045e8edb183b4f7c1907"", ""unknown"", """", ""unknown"", """", ""contextual""]","[""IENT-5efe116a95b3f278d5ef5e4b"", ""IENT-ecc8045e8edb183b4f7c1907"", ""unknown"", """", ""unknown"", """", ""contextual""]",deterministic_replay
w/o Risk Routing,IFACT-004051c25cc7c8144c382b2a,"[""IENT-87e7bce2f3df090cd30148ce"", ""IENT-567c9d2601c0ac4a8f3548f1"", ""unknown"", """", ""context_location"", """", ""unresolved""]","[""IENT-87e7bce2f3df090cd30148ce"", ""IENT-567c9d2601c0ac4a8f3548f1"", ""unknown"", """", ""context_location"", """", ""contextual""]",deterministic_replay
w/o Risk Routing,IFACT-0041bc3302b198c50fbb9d22,"[""IENT-fb2342b0e9ed44eb099df025"", ""IENT-791bfe0722eff6da9cf8bd67"", ""unknown"", """", ""unknown"", """", ""unresolved""]","[""IENT-fb2342b0e9ed44eb099df025"", ""IENT-791bfe0722eff6da9cf8bd67"", ""unknown"", """", ""unknown"", """", ""contextual""]",deterministic_replay
w/o Risk Routing,IFACT-0041d2ac8dbc4ce93069f66c,"[""ITOPIC-c2d69bb802883e95b4d58d1b"", ""ITOPIC-306e60eab764b0080242c8cf"", ""unknown"", """", ""unknown"", """", ""unresolved""]","[""ITOPIC-c2d69bb802883e95b4d58d1b"", ""ITOPIC-306e60eab764b0080242c8cf"", ""unknown"", """", ""unknown"", """", ""contextual""]",deterministic_replay
w/o Identity Projection,IFACT-0041f25124c2a8aa3b997ae3,"[""IENT-96471ba4ae71d49e301f4428"", ""IENTREPAIR-0db954be0fc2ad333b758eb5"", ""unknown"", """", ""unknown"", """", ""contextual""]","[""IENT-96471ba4ae71d49e301f4428"", ""IENT-3fd7c52fa648a717c53e987c"", ""unknown"", """", ""unknown"", """", ""contextual""]",deterministic_replay
w/o Global Closure,IFACT-0041f25124c2a8aa3b997ae3,"[""IENT-96471ba4ae71d49e301f4428"", ""IENTREPAIR-0db954be0fc2ad333b758eb5"", ""unknown"", """", ""unknown"", """", ""contextual""]","[""IENT-96471ba4ae71d49e301f4428"", ""IENT-3fd7c52fa648a717c53e987c"", ""unknown"", """", ""unknown"", """", ""contextual""]",deterministic_replay
w/o Risk Routing,IFACT-00423c670915980d4ea54638,"[""IENT-36ace22087da85dcc92768ea"", ""IENT-9ce7ccbffacb3e2059a706f1"", ""unknown"", """", ""unknown"", """", ""unresolved""]","[""IENT-36ace22087da85dcc92768ea"", ""IENT-9ce7ccbffacb3e2059a706f1"", ""unknown"", """", ""unknown"", """", ""contextual""]",deterministic_replay
w/o Identity Projection,IFACT-004380751619cb51cdd11021,"[""IENT-4a1e707902f4e7df69f9f6eb"", ""IENTREPAIR-357499d1da51889705c97967"", ""unknown"", """", ""unknown"", """", ""contextual""]","[""IENT-4a1e707902f4e7df69f9f6eb"", ""IENT-1f739d3664ad8ed798c4e77f"", ""unknown"", """", ""unknown"", """", ""contextual""]",deterministic_replay
w/o Global Closure,IFACT-004380751619cb51cdd11021,"[""IENT-4a1e707902f4e7df69f9f6eb"", ""IENTREPAIR-357499d1da51889705c97967"", ""unknown"", """", ""unknown"", """", ""contextual""]","[""IENT-4a1e707902f4e7df69f9f6eb"", ""IENT-1f739d3664ad8ed798c4e77f"", ""unknown"", """", ""unknown"", """", ""contextual""]",deterministic_replay
w/o Risk Routing,IFACT-0045f282f93e54bf361f2638,"[""ITOPIC-764ee8b988de043cbb5c8702"", ""IENT-57b573d5db87e17b20cf73b3"", ""unknown"", """", ""unknown"", """", ""unresolved""]","[""ITOPIC-764ee8b988de043cbb5c8702"", ""IENT-57b573d5db87e17b20cf73b3"", ""unknown"", """", ""unknown"", """", ""contextual""]",deterministic_replay
w/o Risk Routing,IFACT-00461581312bbfa5df13fc05,"[""ITOPIC-2fa4aff3e5151a10a70bc7e6"", ""ITOPIC-82d02dd81fb8dfcfaf359bd5"", ""unknown"", """", ""unknown"", """", ""unresolved""]","[""ITOPIC-2fa4aff3e5151a10a70bc7e6"", ""ITOPIC-82d02dd81fb8dfcfaf359bd5"", ""unknown"", """", ""unknown"", """", ""contextual""]",deterministic_replay
w/o Risk Routing,IFACT-0046f5e1c4da6e6b88e36cd4,"[""IENT-a52d752e3517af52980075fe"", ""IENT-79ecce0b9455f225bf801231"", ""unknown"", """", ""context_location"", """", ""unresolved""]","[""IENT-a52d752e3517af52980075fe"", ""IENT-79ecce0b9455f225bf801231"", ""unknown"", """", ""context_location"", """", ""contextual""]",deterministic_replay
w/o Identity Projection,IFACT-004768e90a965c7d3b21b95a,"[""IENT-3811f121f8d9497af26de03d"", ""IENTREPAIR-039a90901f49dfa119608d72"", ""event_occurrence"", ""IENT-3811f121f8d9497af26de03d"", ""event_location"", ""IENT-3811f121f8d9497af26de03d"", ""strict_semantic""]","[""IENT-3811f121f8d9497af26de03d"", ""IENT-643367a6da6f8c126392b244"", ""event_occurrence"", ""IENT-3811f121f8d9497af26de03d"", ""event_location"", ""IENT-3811f121f8d9497af26de03d"", ""strict_semantic""]",deterministic_replay
w/o Global Closure,IFACT-004768e90a965c7d3b21b95a,"[""IENT-3811f121f8d9497af26de03d"", ""IENTREPAIR-039a90901f49dfa119608d72"", ""event_occurrence"", ""IENT-3811f121f8d9497af26de03d"", ""event_location"", ""IENT-3811f121f8d9497af26de03d"", ""strict_semantic""]","[""IENT-3811f121f8d9497af26de03d"", ""IENT-643367a6da6f8c126392b244"", ""event_occurrence"", ""IENT-3811f121f8d9497af26de03d"", ""event_location"", ""IENT-3811f121f8d9497af26de03d"", ""strict_semantic""]",deterministic_replay
w/o Identity Projection,IFACT-0047bf72c8950108d85e5e18,"[""IENT-1a5af801febcd4f6d4daf6c4"", ""IENTREPAIR-02c024ffcc3e51a83a679e8b"", ""unknown"", """", ""context_location"", """", ""contextual""]","[""IENT-1a5af801febcd4f6d4daf6c4"", ""IENT-64f8d48b995cd448458f3eb6"", ""unknown"", """", ""context_location"", """", ""contextual""]",deterministic_replay
w/o Global Closure,IFACT-0047bf72c8950108d85e5e18,"[""IENT-1a5af801febcd4f6d4daf6c4"", ""IENTREPAIR-02c024ffcc3e51a83a679e8b"", ""unknown"", """", ""context_location"", """", ""contextual""]","[""IENT-1a5af801febcd4f6d4daf6c4"", ""IENT-64f8d48b995cd448458f3eb6"", ""unknown"", """", ""context_location"", """", ""contextual""]",deterministic_replay
w/o Risk Routing,IFACT-004952c3bd818f7597634e73,"[""IENT-100a8e435ea670977dc5d796"", ""IENTREPAIR-5fab655311fd1a4bd42bce5d"", ""unknown"", """", ""unknown"", """", ""unresolved""]","[""IENT-100a8e435ea670977dc5d796"", ""IENTREPAIR-5fab655311fd1a4bd42bce5d"", ""unknown"", """", ""unknown"", """", ""contextual""]",deterministic_replay
w/o Relation Contract,IFACT-0049a48be70961edb46a348c,"[""IENT-c2cd3b2492a2722363d42fb8"", ""IENT-930c5977e43d735186a9a6c7"", ""unknown"", """", ""unknown"", """", ""contextual""]","[""IENT-c2cd3b2492a2722363d42fb8"", ""IENT-930c5977e43d735186a9a6c7"", ""unknown"", """", ""unknown"", """", ""strict_semantic""]",deterministic_replay
w/o Global Closure,IFACT-0049a48be70961edb46a348c,"[""IENT-c2cd3b2492a2722363d42fb8"", ""IENT-930c5977e43d735186a9a6c7"", ""unknown"", """", ""unknown"", """", ""contextual""]","[""IENT-c2cd3b2492a2722363d42fb8"", ""IENT-930c5977e43d735186a9a6c7"", ""unknown"", """", ""unknown"", """", ""strict_semantic""]",deterministic_replay
w/o Risk Routing,IFACT-004a0f588b638f2415daf9bb,"[""IENT-e96c07fe3468bde02acbb620"", ""IENT-0bd6cb4ccc69c0007be43973"", ""context_time"", """", ""context_location"", """", ""unresolved""]","[""IENT-e96c07fe3468bde02acbb620"", ""IENT-0bd6cb4ccc69c0007be43973"", ""context_time"", """", ""context_location"", """", ""contextual""]",deterministic_replay
w/o Identity Projection,IFACT-004a0f588b638f2415daf9bb,"[""IENT-e96c07fe3468bde02acbb620"", ""IENT-0bd6cb4ccc69c0007be43973"", ""context_time"", """", ""context_location"", """", ""unresolved""]","[""IENT-b4d2b79f53d7ea9a3a95fa4c"", ""IENT-0bd6cb4ccc69c0007be43973"", ""context_time"", """", ""context_location"", """", ""unresolved""]",deterministic_replay
w/o Global Closure,IFACT-004a0f588b638f2415daf9bb,"[""IENT-e96c07fe3468bde02acbb620"", ""IENT-0bd6cb4ccc69c0007be43973"", ""context_time"", """", ""context_location"", """", ""unresolved""]","[""IENT-b4d2b79f53d7ea9a3a95fa4c"", ""IENT-0bd6cb4ccc69c0007be43973"", ""context_time"", """", ""context_location"", """", ""unresolved""]",deterministic_replay
w/o Risk Routing,IFACT-004a5025f39ebe7983ad1ce0,"[""IENT-a10e53507f6db256c6f3b388"", ""IENT-8faf95c7f537e32871dbdd55"", ""unknown"", """", ""context_location"", """", ""unresolved""]","[""IENT-a10e53507f6db256c6f3b388"", ""IENT-8faf95c7f537e32871dbdd55"", ""unknown"", """", ""context_location"", """", ""contextual""]",deterministic_replay
w/o Risk Routing,IFACT-004b55122c2e89bd2ddfd322,"[""IENT-228c5cf7c0637f77cfd3f4f2"", ""IENT-ccce45b40947517e82e50f07"", ""unknown"", """", ""unknown"", """", ""unresolved""]","[""IENT-228c5cf7c0637f77cfd3f4f2"", ""IENT-ccce45b40947517e82e50f07"", ""unknown"", """", ""unknown"", """", ""contextual""]",deterministic_replay
w/o Identity Projection,IFACT-004c3ae284c3254e20ce17c3,"[""ITOPIC-581afa236679c6868842bd89"", ""IENT-9e2b52b6a540cfca3beb9493"", ""unknown"", """", ""unknown"", """", ""contextual""]","[""IENT-904bc6cdfad11c45b83eb11b"", ""IENT-9e2b52b6a540cfca3beb9493"", ""unknown"", """", ""unknown"", """", ""contextual""]",deterministic_replay
w/o Global Closure,IFACT-004c3ae284c3254e20ce17c3,"[""ITOPIC-581afa236679c6868842bd89"", ""IENT-9e2b52b6a540cfca3beb9493"", ""unknown"", """", ""unknown"", """", ""contextual""]","[""IENT-904bc6cdfad11c45b83eb11b"", ""IENT-9e2b52b6a540cfca3beb9493"", ""unknown"", """", ""unknown"", """", ""contextual""]",deterministic_replay
w/o Risk Routing,IFACT-004cf70754d8d28dcd5540e4,"[""IENT-c3d87433e345fbef9103d6b7"", ""IENT-791bfe0722eff6da9cf8bd67"", ""unknown"", """", ""unknown"", """", ""unresolved""]","[""IENT-c3d87433e345fbef9103d6b7"", ""IENT-791bfe0722eff6da9cf8bd67"", ""unknown"", """", ""unknown"", """", ""contextual""]",deterministic_replay
w/o Risk Routing,IFACT-004d96e554f69fea28d839d3,"[""IENT-3a484c1201092aa404325582"", ""IENT-d1762b58bfea2beb34fd3ebe"", ""unknown"", """", ""unknown"", """", ""unresolved""]","[""IENT-3a484c1201092aa404325582"", ""IENT-d1762b58bfea2beb34fd3ebe"", ""unknown"", """", ""unknown"", """", ""contextual""]",deterministic_replay
w/o Identity Projection,IFACT-004febed96bbfd73f4230c53,"[""IENTREPAIR-3448bb31d0d588fbe7aac281"", ""IENT-863ca7809c8e33beffb1d879"", ""unknown"", """", ""unknown"", """", ""contextual""]","[""IENT-446764667ae80e3bdc958c1a"", ""IENT-863ca7809c8e33beffb1d879"", ""unknown"", """", ""unknown"", """", ""contextual""]",deterministic_replay
w/o Global Closure,IFACT-004febed96bbfd73f4230c53,"[""IENTREPAIR-3448bb31d0d588fbe7aac281"", ""IENT-863ca7809c8e33beffb1d879"", ""unknown"", """", ""unknown"", """", ""contextual""]","[""IENT-446764667ae80e3bdc958c1a"", ""IENT-863ca7809c8e33beffb1d879"", ""unknown"", """", ""unknown"", """", ""contextual""]",deterministic_replay
w/o Identity Projection,IFACT-00505e6cad15d7d087dc6b2d,"[""IENT-3294111bb9227262078cfb77"", ""IENTREPAIR-326bb55a0bc4a353fded9b58"", ""unknown"", """", ""unknown"", """", ""contextual""]","[""IENT-3294111bb9227262078cfb77"", ""IENT-7acc357f9a3580306f890a11"", ""unknown"", """", ""unknown"", """", ""contextual""]",deterministic_replay
w/o Global Closure,IFACT-00505e6cad15d7d087dc6b2d,"[""IENT-3294111bb9227262078cfb77"", ""IENTREPAIR-326bb55a0bc4a353fded9b58"", ""unknown"", """", ""unknown"", """", ""contextual""]","[""IENT-3294111bb9227262078cfb77"", ""IENT-7acc357f9a3580306f890a11"", ""unknown"", """", ""unknown"", """", ""contextual""]",deterministic_replay
w/o Identity Projection,IFACT-005129e70568bc3f433b3e47,"[""IENT-a75c9483f5eb308234b8c52c"", ""IENTREPAIR-052bdaf783edad97b9216c87"", ""unknown"", """", ""unknown"", """", ""contextual""]","[""IENT-a75c9483f5eb308234b8c52c"", ""IENT-551d75cf9db706d7b599966e"", ""unknown"", """", ""unknown"", """", ""contextual""]",deterministic_replay
w/o Global Closure,IFACT-005129e70568bc3f433b3e47,"[""IENT-a75c9483f5eb308234b8c52c"", ""IENTREPAIR-052bdaf783edad97b9216c87"", ""unknown"", """", ""unknown"", """", ""contextual""]","[""IENT-a75c9483f5eb308234b8c52c"", ""IENT-551d75cf9db706d7b599966e"", ""unknown"", """", ""unknown"", """", ""contextual""]",deterministic_replay
w/o Identity Projection,IFACT-005222ed2ce7e1d993762027,"[""IENT-6a5fe93dba23a213026013a5"", ""IENTREPAIR-185c0b261122855f216fdb07"", ""unknown"", """", ""unknown"", """", ""contextual""]","[""IENT-6a5fe93dba23a213026013a5"", ""IENT-e11131ba1d604a30991f2235"", ""unknown"", """", ""unknown"", """", ""contextual""]",deterministic_replay
w/o Global Closure,IFACT-005222ed2ce7e1d993762027,"[""IENT-6a5fe93dba23a213026013a5"", ""IENTREPAIR-185c0b261122855f216fdb07"", ""unknown"", """", ""unknown"", """", ""contextual""]","[""IENT-6a5fe93dba23a213026013a5"", ""IENT-e11131ba1d604a30991f2235"", ""unknown"", """", ""unknown"", """", ""contextual""]",deterministic_replay
w/o Risk Routing,IFACT-0052d70162cc29b3026744aa,"[""ITOPIC-9bf8444088ce3ab17930583e"", ""IENT-b4c37e0c4588d23fa932f260"", ""unknown"", """", ""unknown"", """", ""unresolved""]","[""ITOPIC-9bf8444088ce3ab17930583e"", ""IENT-b4c37e0c4588d23fa932f260"", ""unknown"", """", ""unknown"", """", ""contextual""]",deterministic_replay
w/o Risk Routing,IFACT-0053ec0d8452562bc2d55bdc,"[""IENT-766430cfce5a8f57dac8f4bc"", ""IENT-5f367ca744a93f29000806a6"", ""relation_validity"", """", ""unknown"", """", ""unresolved""]","[""IENT-766430cfce5a8f57dac8f4bc"", ""IENT-5f367ca744a93f29000806a6"", ""relation_validity"", """", ""unknown"", """", ""strict_semantic""]",deterministic_replay
w/o Identity Projection,IFACT-0054687f24c96224692cd12b,"[""IENT-a6a9de59770a8f0526d68f69"", ""IENTREPAIR-039a90901f49dfa119608d72"", ""unknown"", """", ""context_location"", """", ""contextual""]","[""IENT-a6a9de59770a8f0526d68f69"", ""IENT-643367a6da6f8c126392b244"", ""unknown"", """", ""context_location"", """", ""contextual""]",deterministic_replay
w/o Global Closure,IFACT-0054687f24c96224692cd12b,"[""IENT-a6a9de59770a8f0526d68f69"", ""IENTREPAIR-039a90901f49dfa119608d72"", ""unknown"", """", ""context_location"", """", ""contextual""]","[""IENT-a6a9de59770a8f0526d68f69"", ""IENT-643367a6da6f8c126392b244"", ""unknown"", """", ""context_location"", """", ""contextual""]",deterministic_replay
w/o Risk Routing,IFACT-0055cbe2c89d42441c8feb47,"[""IENT-ddbbabc95b37af71f78ca23e"", ""IENT-8bc1073ad23b9e179383707e"", ""unknown"", """", ""unknown"", """", ""unresolved""]","[""IENT-ddbbabc95b37af71f78ca23e"", ""IENT-8bc1073ad23b9e179383707e"", ""unknown"", """", ""unknown"", """", ""contextual""]",deterministic_replay
w/o Risk Routing,IFACT-0056296f508143c00d194e44,"[""IENT-bdde264239dc654bb79ffd49"", ""IENT-2a648b98b4d09b4460399226"", ""unknown"", """", ""unknown"", """", ""unresolved""]","[""IENT-bdde264239dc654bb79ffd49"", ""IENT-2a648b98b4d09b4460399226"", ""unknown"", """", ""unknown"", """", ""contextual""]",deterministic_replay
w/o Relation Contract,IFACT-005634d7f1d5a99ebf6ba6d9,"[""ITOPIC-674b2c6485fdbb5bd6ec7ea1"", ""ITOPIC-8f5dbaef3fe3e39102617769"", ""unknown"", """", ""unknown"", """", ""contextual""]","[""ITOPIC-674b2c6485fdbb5bd6ec7ea1"", ""ITOPIC-8f5dbaef3fe3e39102617769"", ""unknown"", """", ""unknown"", """", ""strict_semantic""]",deterministic_replay
w/o Global Closure,IFACT-005634d7f1d5a99ebf6ba6d9,"[""ITOPIC-674b2c6485fdbb5bd6ec7ea1"", ""ITOPIC-8f5dbaef3fe3e39102617769"", ""unknown"", """", ""unknown"", """", ""contextual""]","[""ITOPIC-674b2c6485fdbb5bd6ec7ea1"", ""ITOPIC-8f5dbaef3fe3e39102617769"", ""unknown"", """", ""unknown"", """", ""strict_semantic""]",deterministic_replay
w/o Identity Projection,IFACT-005697581122270f35b2f743,"[""IENT-5d1bbdf10a7aef1d975c03dc"", ""IENTREPAIR-326bb55a0bc4a353fded9b58"", ""unknown"", """", ""unknown"", """", ""strict_semantic""]","[""IENT-5d1bbdf10a7aef1d975c03dc"", ""IENT-7acc357f9a3580306f890a11"", ""unknown"", """", ""unknown"", """", ""strict_semantic""]",deterministic_replay
w/o Global Closure,IFACT-005697581122270f35b2f743,"[""IENT-5d1bbdf10a7aef1d975c03dc"", ""IENTREPAIR-326bb55a0bc4a353fded9b58"", ""unknown"", """", ""unknown"", """", ""strict_semantic""]","[""IENT-5d1bbdf10a7aef1d975c03dc"", ""IENT-7acc357f9a3580306f890a11"", ""unknown"", """", ""unknown"", """", ""strict_semantic""]",deterministic_replay
w/o Risk Routing,IFACT-0057c01cc175fdf460fb7f17,"[""IENT-a024cdca001f7ea54bea851d"", ""IENT-3207765b031b249a129545e4"", ""unknown"", """", ""unknown"", """", ""unresolved""]","[""IENT-a024cdca001f7ea54bea851d"", ""IENT-3207765b031b249a129545e4"", ""unknown"", """", ""unknown"", """", ""contextual""]",deterministic_replay
w/o Relation Contract,IFACT-00596eb3e1065a14b3bec0a7,"[""IENT-a4468f5691991ca0dff5c299"", ""IENT-4655de68e2422ebb08363747"", ""unknown"", """", ""unknown"", """", ""contextual""]","[""IENT-a4468f5691991ca0dff5c299"", ""IENT-4655de68e2422ebb08363747"", ""unknown"", """", ""unknown"", """", ""strict_semantic""]",deterministic_replay
w/o Global Closure,IFACT-00596eb3e1065a14b3bec0a7,"[""IENT-a4468f5691991ca0dff5c299"", ""IENT-4655de68e2422ebb08363747"", ""unknown"", """", ""unknown"", """", ""contextual""]","[""IENT-a4468f5691991ca0dff5c299"", ""IENT-4655de68e2422ebb08363747"", ""unknown"", """", ""unknown"", """", ""strict_semantic""]",deterministic_replay
w/o Risk Routing,IFACT-005b7fa06791891411ad9347,"[""IENT-60e88a0aed1c5c84f49518e8"", ""IENT-65d58a87c5abfbae333db76d"", ""unknown"", """", ""unknown"", """", ""unresolved""]","[""IENT-60e88a0aed1c5c84f49518e8"", ""IENT-65d58a87c5abfbae333db76d"", ""unknown"", """", ""unknown"", """", ""contextual""]",deterministic_replay
w/o Relation Contract,IFACT-005cf83bd648d4f259d7965e,"[""ITOPIC-d20ed12e73cf3fd73cd6b1dc"", ""ITOPIC-bbb9142c5f7194f9e310ec3c"", ""unknown"", """", ""unknown"", """", ""contextual""]","[""ITOPIC-d20ed12e73cf3fd73cd6b1dc"", ""ITOPIC-bbb9142c5f7194f9e310ec3c"", ""unknown"", """", ""unknown"", """", ""strict_semantic""]",deterministic_replay
w/o Global Closure,IFACT-005cf83bd648d4f259d7965e,"[""ITOPIC-d20ed12e73cf3fd73cd6b1dc"", ""ITOPIC-bbb9142c5f7194f9e310ec3c"", ""unknown"", """", ""unknown"", """", ""contextual""]","[""ITOPIC-d20ed12e73cf3fd73cd6b1dc"", ""ITOPIC-bbb9142c5f7194f9e310ec3c"", ""unknown"", """", ""unknown"", """", ""strict_semantic""]",deterministic_replay
w/o Identity Projection,IFACT-005d0dde6793ff4e59fdd414,"[""IENT-287b109119bfedba362f0d66"", ""IENTREPAIR-2df5b450c2dc9a125a3e209c"", ""unknown"", """", ""unknown"", """", ""contextual""]","[""IENT-287b109119bfedba362f0d66"", ""IENT-6ecec818f49c3482232730b3"", ""unknown"", """", ""unknown"", """", ""contextual""]",deterministic_replay
w/o Global Closure,IFACT-005d0dde6793ff4e59fdd414,"[""IENT-287b109119bfedba362f0d66"", ""IENTREPAIR-2df5b450c2dc9a125a3e209c"", ""unknown"", """", ""unknown"", """", ""contextual""]","[""IENT-287b109119bfedba362f0d66"", ""IENT-6ecec818f49c3482232730b3"", ""unknown"", """", ""unknown"", """", ""contextual""]",deterministic_replay
w/o Identity Projection,IFACT-005efe875ea82cb083523038,"[""IENT-45f5b0232a4c806dc4c34b6d"", ""IENTREPAIR-09feebbf7c8e912751abb1bc"", ""unknown"", """", ""unknown"", """", ""contextual""]","[""IENT-45f5b0232a4c806dc4c34b6d"", ""IENT-954584862f61b94a2699d2be"", ""unknown"", """", ""unknown"", """", ""contextual""]",deterministic_replay
w/o Global Closure,IFACT-005efe875ea82cb083523038,"[""IENT-45f5b0232a4c806dc4c34b6d"", ""IENTREPAIR-09feebbf7c8e912751abb1bc"", ""unknown"", """", ""unknown"", """", ""contextual""]","[""IENT-45f5b0232a4c806dc4c34b6d"", ""IENT-954584862f61b94a2699d2be"", ""unknown"", """", ""unknown"", """", ""contextual""]",deterministic_replay
w/o Risk Routing,IFACT-005ff732eef8d0f664256c30,"[""IENT-9efba61c7f6b662debdbf999"", ""IENT-c317c4bb39ad65b8193d94b7"", ""unknown"", """", ""unknown"", """", ""unresolved""]","[""IENT-9efba61c7f6b662debdbf999"", ""IENT-c317c4bb39ad65b8193d94b7"", ""unknown"", """", ""unknown"", """", ""contextual""]",deterministic_replay
w/o Identity Projection,IFACT-006115f35cbe84439de4ddc4,"[""IENT-5651d7fa2ec14016908a1e9d"", ""IENTREPAIR-1f602449dd7540d41db28631"", ""unknown"", """", ""unknown"", """", ""strict_semantic""]","[""IENT-5651d7fa2ec14016908a1e9d"", ""IENT-d16eb4748831cee6cbb2a622"", ""unknown"", """", ""unknown"", """", ""strict_semantic""]",deterministic_replay
w/o Global Closure,IFACT-006115f35cbe84439de4ddc4,"[""IENT-5651d7fa2ec14016908a1e9d"", ""IENTREPAIR-1f602449dd7540d41db28631"", ""unknown"", """", ""unknown"", """", ""strict_semantic""]","[""IENT-5651d7fa2ec14016908a1e9d"", ""IENT-d16eb4748831cee6cbb2a622"", ""unknown"", """", ""unknown"", """", ""strict_semantic""]",deterministic_replay
w/o Risk Routing,IFACT-0061a95cddb0df5901b25f10,"[""IENT-457f378102c2aed89ec45b9d"", ""IENT-6755318c404c9185d3d7895a"", ""unknown"", """", ""unknown"", """", ""unresolved""]","[""IENT-457f378102c2aed89ec45b9d"", ""IENT-6755318c404c9185d3d7895a"", ""unknown"", """", ""unknown"", """", ""contextual""]",deterministic_replay
w/o Risk Routing,IFACT-0062c773479a8776672b6c83,"[""ITOPIC-ace500588af2fcf077bca649"", ""ITOPIC-0f13dacdeaefbfb38b626b68"", ""unknown"", """", ""unknown"", """", ""unresolved""]","[""ITOPIC-ace500588af2fcf077bca649"", ""ITOPIC-0f13dacdeaefbfb38b626b68"", ""unknown"", """", ""unknown"", """", ""contextual""]",deterministic_replay
w/o Identity Projection,IFACT-0063daf8ae810e844a3dfa00,"[""IENTREPAIR-09a101ee464dfbf1e20a5fd7"", ""IENT-f7a556dd7193fa95bb9a3fac"", ""unknown"", """", ""unknown"", """", ""contextual""]","[""IENT-c1263abe0d0cfe31b81d0808"", ""IENT-f7a556dd7193fa95bb9a3fac"", ""unknown"", """", ""unknown"", """", ""contextual""]",deterministic_replay
w/o Global Closure,IFACT-0063daf8ae810e844a3dfa00,"[""IENTREPAIR-09a101ee464dfbf1e20a5fd7"", ""IENT-f7a556dd7193fa95bb9a3fac"", ""unknown"", """", ""unknown"", """", ""contextual""]","[""IENT-c1263abe0d0cfe31b81d0808"", ""IENT-f7a556dd7193fa95bb9a3fac"", ""unknown"", """", ""unknown"", """", ""contextual""]",deterministic_replay
w/o Risk Routing,IFACT-0063dcd324d04f189d82d038,"[""IENT-d53921a78a446b741e69076e"", ""IENT-8327d3a1577b179696fe5125"", ""unknown"", """", ""unknown"", """", ""unresolved""]","[""IENT-d53921a78a446b741e69076e"", ""IENT-8327d3a1577b179696fe5125"", ""unknown"", """", ""unknown"", """", ""contextual""]",deterministic_replay
w/o Identity Projection,IFACT-0064f91623ad0791af4fc038,"[""IENT-8d0fe590c9d1495f5e607014"", ""IENTREPAIR-03d2ed46b186571657668c9c"", ""unknown"", """", ""unknown"", """", ""strict_semantic""]","[""IENT-8d0fe590c9d1495f5e607014"", ""IENT-03657c4da9e78d9c6c43ba18"", ""unknown"", """", ""unknown"", """", ""strict_semantic""]",deterministic_replay
w/o Global Closure,IFACT-0064f91623ad0791af4fc038,"[""IENT-8d0fe590c9d1495f5e607014"", ""IENTREPAIR-03d2ed46b186571657668c9c"", ""unknown"", """", ""unknown"", """", ""strict_semantic""]","[""IENT-8d0fe590c9d1495f5e607014"", ""IENT-03657c4da9e78d9c6c43ba18"", ""unknown"", """", ""unknown"", """", ""strict_semantic""]",deterministic_replay
w/o Risk Routing,IFACT-006523195d7a62dbc2078365,"[""IENT-e724afdfa99651931c1b2a63"", ""IENT-a10e53507f6db256c6f3b388"", ""unknown"", """", ""unknown"", """", ""unresolved""]","[""IENT-e724afdfa99651931c1b2a63"", ""IENT-a10e53507f6db256c6f3b388"", ""unknown"", """", ""unknown"", """", ""contextual""]",deterministic_replay
w/o Risk Routing,IFACT-0065cc696f5bcdb1eb623175,"[""IENTREPAIR-1919b0385eb18a5cf2c051b9"", ""IENT-8af3677fca03ced482985f23"", ""unknown"", """", ""unknown"", """", ""unresolved""]","[""IENTREPAIR-1919b0385eb18a5cf2c051b9"", ""IENT-8af3677fca03ced482985f23"", ""unknown"", """", ""unknown"", """", ""contextual""]",deterministic_replay
w/o Risk Routing,IFACT-006765f813c81efee5168de5,"[""IENT-590417fdea92511c457382f0"", ""IENT-a436a27b903bfd4131c38e70"", ""unknown"", """", ""unknown"", """", ""unresolved""]","[""IENT-590417fdea92511c457382f0"", ""IENT-a436a27b903bfd4131c38e70"", ""unknown"", """", ""unknown"", """", ""contextual""]",deterministic_replay
w/o Identity Projection,IFACT-006a6c27a91813e6989385af,"[""IENTREPAIR-069ead56a3ae256c9b1e2023"", ""IENT-5d8f29b102096c3d8728b6f1"", ""unknown"", """", ""unknown"", """", ""contextual""]","[""IENT-f918f10f1aa2cd9a9596d9ef"", ""IENT-5d8f29b102096c3d8728b6f1"", ""unknown"", """", ""unknown"", """", ""contextual""]",deterministic_replay
w/o Global Closure,IFACT-006a6c27a91813e6989385af,"[""IENTREPAIR-069ead56a3ae256c9b1e2023"", ""IENT-5d8f29b102096c3d8728b6f1"", ""unknown"", """", ""unknown"", """", ""contextual""]","[""IENT-f918f10f1aa2cd9a9596d9ef"", ""IENT-5d8f29b102096c3d8728b6f1"", ""unknown"", """", ""unknown"", """", ""contextual""]",deterministic_replay
w/o Risk Routing,IFACT-006a8921a16eb4f00c8220bc,"[""IENT-7adaff18a29b6304a9f7dae4"", ""IENT-1987d7f51779469ffe6e4099"", ""context_time"", """", ""context_location"", """", ""unresolved""]","[""IENT-7adaff18a29b6304a9f7dae4"", ""IENT-1987d7f51779469ffe6e4099"", ""context_time"", """", ""context_location"", """", ""contextual""]",deterministic_replay
w/o Risk Routing,IFACT-006ae7b357bff5b7f049c761,"[""ITOPIC-e98dc7da1db91645227abf6b"", ""ITOPIC-179d81102ca3958250e85124"", ""unknown"", """", ""unknown"", """", ""unresolved""]","[""ITOPIC-e98dc7da1db91645227abf6b"", ""ITOPIC-179d81102ca3958250e85124"", ""unknown"", """", ""unknown"", """", ""contextual""]",deterministic_replay
w/o Risk Routing,IFACT-006dda1897c13ca1b76fc3d5,"[""IENT-9c6825ae232ed0454bb7923e"", ""IENT-c08a9afc2628483a7bf244c4"", ""unknown"", """", ""unknown"", """", ""unresolved""]","[""IENT-9c6825ae232ed0454bb7923e"", ""IENT-c08a9afc2628483a7bf244c4"", ""unknown"", """", ""unknown"", """", ""contextual""]",deterministic_replay
w/o Identity Projection,IFACT-006e330f6d8b8015cd9fa1bd,"[""IENT-368f2c84542efe4d92cd3824"", ""IENTREPAIR-1ae23176d7a9f3e895ee620d"", ""unknown"", """", ""unknown"", """", ""strict_semantic""]","[""IENT-368f2c84542efe4d92cd3824"", ""IENT-f0599356e9f9509cd1cfb800"", ""unknown"", """", ""unknown"", """", ""strict_semantic""]",deterministic_replay
w/o Global Closure,IFACT-006e330f6d8b8015cd9fa1bd,"[""IENT-368f2c84542efe4d92cd3824"", ""IENTREPAIR-1ae23176d7a9f3e895ee620d"", ""unknown"", """", ""unknown"", """", ""strict_semantic""]","[""IENT-368f2c84542efe4d92cd3824"", ""IENT-f0599356e9f9509cd1cfb800"", ""unknown"", """", ""unknown"", """", ""strict_semantic""]",deterministic_replay
w/o Risk Routing,IFACT-006fecd5130fa591f886e513,"[""IENT-991ec08090ab52f4212e3d15"", ""IENT-158141e0ff80ee66cfcfafd0"", ""context_time"", """", ""unknown"", """", ""unresolved""]","[""IENT-991ec08090ab52f4212e3d15"", ""IENT-158141e0ff80ee66cfcfafd0"", ""context_time"", """", ""unknown"", """", ""contextual""]",deterministic_replay
w/o Identity Projection,IFACT-00707d694c611f66f2e64724,"[""IENT-1d97d5296e4ed9c5d28abb8e"", ""IENTREPAIR-0742b26a659164bee980a331"", ""unknown"", """", ""unknown"", """", ""contextual""]","[""IENT-1d97d5296e4ed9c5d28abb8e"", ""IENT-26a56fe0612124662480ce1d"", ""unknown"", """", ""unknown"", """", ""contextual""]",deterministic_replay
w/o Global Closure,IFACT-00707d694c611f66f2e64724,"[""IENT-1d97d5296e4ed9c5d28abb8e"", ""IENTREPAIR-0742b26a659164bee980a331"", ""unknown"", """", ""unknown"", """", ""contextual""]","[""IENT-1d97d5296e4ed9c5d28abb8e"", ""IENT-26a56fe0612124662480ce1d"", ""unknown"", """", ""unknown"", """", ""contextual""]",deterministic_replay
w/o Risk Routing,IFACT-00708e0e81bde09906cc4ca7,"[""IENT-57258921cddd43468e9a36f9"", ""IENT-5745004707fbc4588cda988d"", ""unknown"", """", ""unknown"", """", ""unresolved""]","[""IENT-57258921cddd43468e9a36f9"", ""IENT-5745004707fbc4588cda988d"", ""unknown"", """", ""unknown"", """", ""contextual""]",deterministic_replay
w/o Identity Projection,IFACT-0071ac655770ba0b942e3f05,"[""IENT-892e531478f1e1ccd59721a9"", ""IENTREPAIR-09feebbf7c8e912751abb1bc"", ""unknown"", """", ""context_location"", """", ""contextual""]","[""IENT-892e531478f1e1ccd59721a9"", ""IENT-954584862f61b94a2699d2be"", ""unknown"", """", ""context_location"", """", ""contextual""]",deterministic_replay
w/o Global Closure,IFACT-0071ac655770ba0b942e3f05,"[""IENT-892e531478f1e1ccd59721a9"", ""IENTREPAIR-09feebbf7c8e912751abb1bc"", ""unknown"", """", ""context_location"", """", ""contextual""]","[""IENT-892e531478f1e1ccd59721a9"", ""IENT-954584862f61b94a2699d2be"", ""unknown"", """", ""context_location"", """", ""contextual""]",deterministic_replay
w/o Risk Routing,IFACT-007251a080e922dcc1c6c74e,"[""IENT-bd945e48d8cdfead34cd9778"", ""IENT-b851d6dcc855274e8ed6a638"", ""unknown"", """", ""unknown"", """", ""unresolved""]","[""IENT-bd945e48d8cdfead34cd9778"", ""IENT-b851d6dcc855274e8ed6a638"", ""unknown"", """", ""unknown"", """", ""contextual""]",deterministic_replay
w/o Identity Projection,IFACT-0072672a12493f814e1e9182,"[""IENT-0e254ecb61f5a2db012dbd93"", ""IENTREPAIR-1f602449dd7540d41db28631"", ""unknown"", """", ""unknown"", """", ""strict_semantic""]","[""IENT-0e254ecb61f5a2db012dbd93"", ""IENT-d16eb4748831cee6cbb2a622"", ""unknown"", """", ""unknown"", """", ""strict_semantic""]",deterministic_replay
w/o Global Closure,IFACT-0072672a12493f814e1e9182,"[""IENT-0e254ecb61f5a2db012dbd93"", ""IENTREPAIR-1f602449dd7540d41db28631"", ""unknown"", """", ""unknown"", """", ""strict_semantic""]","[""IENT-0e254ecb61f5a2db012dbd93"", ""IENT-d16eb4748831cee6cbb2a622"", ""unknown"", """", ""unknown"", """", ""strict_semantic""]",deterministic_replay
w/o Risk Routing,IFACT-00730e2e8867ab592f844285,"[""IENT-901c1125825ab2ba5dc0369d"", ""IENT-100a8e435ea670977dc5d796"", ""unknown"", """", ""unknown"", """", ""unresolved""]","[""IENT-901c1125825ab2ba5dc0369d"", ""IENT-100a8e435ea670977dc5d796"", ""unknown"", """", ""unknown"", """", ""contextual""]",deterministic_replay
w/o Risk Routing,IFACT-007582ad85c5df13227d6e3f,"[""IENT-ecf32cf98cee8456ee1952ab"", ""IENT-a10e53507f6db256c6f3b388"", ""context_time"", """", ""event_location"", ""IENT-ecf32cf98cee8456ee1952ab"", ""unresolved""]","[""IENT-ecf32cf98cee8456ee1952ab"", ""IENT-a10e53507f6db256c6f3b388"", ""context_time"", """", ""event_location"", ""IENT-ecf32cf98cee8456ee1952ab"", ""contextual""]",deterministic_replay
w/o Risk Routing,IFACT-0075e776cff419dea8598612,"[""IENT-8fe81d397d7c03b5ce07532a"", ""IENTREPAIR-0e6970ff902ae5ccdba5fcba"", ""unknown"", """", ""unknown"", """", ""unresolved""]","[""IENT-8fe81d397d7c03b5ce07532a"", ""IENTREPAIR-0e6970ff902ae5ccdba5fcba"", ""unknown"", """", ""unknown"", """", ""contextual""]",deterministic_replay
w/o Identity Projection,IFACT-0075e776cff419dea8598612,"[""IENT-8fe81d397d7c03b5ce07532a"", ""IENTREPAIR-0e6970ff902ae5ccdba5fcba"", ""unknown"", """", ""unknown"", """", ""unresolved""]","[""IENT-8fe81d397d7c03b5ce07532a"", ""IENT-3c48236a26c071e0968a46f1"", ""unknown"", """", ""unknown"", """", ""unresolved""]",deterministic_replay
w/o Global Closure,IFACT-0075e776cff419dea8598612,"[""IENT-8fe81d397d7c03b5ce07532a"", ""IENTREPAIR-0e6970ff902ae5ccdba5fcba"", ""unknown"", """", ""unknown"", """", ""unresolved""]","[""IENT-8fe81d397d7c03b5ce07532a"", ""IENT-3c48236a26c071e0968a46f1"", ""unknown"", """", ""unknown"", """", ""unresolved""]",deterministic_replay
w/o Identity Projection,IFACT-00762d12700613e8f33ddb07,"[""IENT-8d6cb80009606a578d0497d3"", ""IENTREPAIR-1c2e323c82ff02fd01c3090b"", ""unknown"", """", ""unknown"", """", ""contextual""]","[""IENT-8d6cb80009606a578d0497d3"", ""IENT-ebdaaa51a87515ccedc89bec"", ""unknown"", """", ""unknown"", """", ""contextual""]",deterministic_replay
w/o Global Closure,IFACT-00762d12700613e8f33ddb07,"[""IENT-8d6cb80009606a578d0497d3"", ""IENTREPAIR-1c2e323c82ff02fd01c3090b"", ""unknown"", """", ""unknown"", """", ""contextual""]","[""IENT-8d6cb80009606a578d0497d3"", ""IENT-ebdaaa51a87515ccedc89bec"", ""unknown"", """", ""unknown"", """", ""contextual""]",deterministic_replay
w/o Risk Routing,IFACT-007639e789d41cf6d86965e1,"[""IENT-264434a4fa5098192d5bdd88"", ""IENT-044834c66a36000ba55c2893"", ""unknown"", """", ""context_location"", """", ""unresolved""]","[""IENT-264434a4fa5098192d5bdd88"", ""IENT-044834c66a36000ba55c2893"", ""unknown"", """", ""context_location"", """", ""contextual""]",deterministic_replay
w/o Identity Projection,IFACT-0076bf764aee933ea3b80cca,"[""IENT-d2c3a04f4178066bd05833cd"", ""IENTREPAIR-003a784e59679e271ca3643a"", ""unknown"", """", ""unknown"", """", ""contextual""]","[""IENT-d2c3a04f4178066bd05833cd"", ""IENT-02b375dcdc350f8b7705860b"", ""unknown"", """", ""unknown"", """", ""contextual""]",deterministic_replay
w/o Global Closure,IFACT-0076bf764aee933ea3b80cca,"[""IENT-d2c3a04f4178066bd05833cd"", ""IENTREPAIR-003a784e59679e271ca3643a"", ""unknown"", """", ""unknown"", """", ""contextual""]","[""IENT-d2c3a04f4178066bd05833cd"", ""IENT-02b375dcdc350f8b7705860b"", ""unknown"", """", ""unknown"", """", ""contextual""]",deterministic_replay
w/o Risk Routing,IFACT-0077abc0944e730ac100bbea,"[""IENT-cf7c3d99f4ca467d2550419b"", ""IENT-1a79c83d0d5b4d2e296ff540"", ""unknown"", """", ""unknown"", """", ""unresolved""]","[""IENT-cf7c3d99f4ca467d2550419b"", ""IENT-1a79c83d0d5b4d2e296ff540"", ""unknown"", """", ""unknown"", """", ""contextual""]",deterministic_replay
w/o Risk Routing,IFACT-0077f3188ea5a33259f9d228,"[""IENT-d75b45987764b55ab55bf319"", ""IENT-5dabd918999c17f5da991582"", ""unknown"", """", ""unknown"", """", ""unresolved""]","[""IENT-d75b45987764b55ab55bf319"", ""IENT-5dabd918999c17f5da991582"", ""unknown"", """", ""unknown"", """", ""contextual""]",deterministic_replay
w/o Risk Routing,IFACT-0078af820e8fb40b0a50cf55,"[""IENT-2f786c9417802067e34ce4b1"", ""IENT-e046852d33aa4ea5ef4a04fd"", ""unknown"", """", ""unknown"", """", ""unresolved""]","[""IENT-2f786c9417802067e34ce4b1"", ""IENT-e046852d33aa4ea5ef4a04fd"", ""unknown"", """", ""unknown"", """", ""contextual""]",deterministic_replay
w/o Identity Projection,IFACT-007ac9d97b9709fe197ca0b8,"[""ITOPIC-581afa236679c6868842bd89"", ""IENT-dfd686832f4171ce626ff4a0"", ""unknown"", """", ""unknown"", """", ""contextual""]","[""IENT-904bc6cdfad11c45b83eb11b"", ""IENT-dfd686832f4171ce626ff4a0"", ""unknown"", """", ""unknown"", """", ""contextual""]",deterministic_replay
w/o Global Closure,IFACT-007ac9d97b9709fe197ca0b8,"[""ITOPIC-581afa236679c6868842bd89"", ""IENT-dfd686832f4171ce626ff4a0"", ""unknown"", """", ""unknown"", """", ""contextual""]","[""IENT-904bc6cdfad11c45b83eb11b"", ""IENT-dfd686832f4171ce626ff4a0"", ""unknown"", """", ""unknown"", """", ""contextual""]",deterministic_replay
w/o Identity Projection,IFACT-007c042cc425de1ce74daa43,"[""IENT-0010e47b0b6e156d9b87c84d"", ""IENTREPAIR-6a6b58a1a9a41a8b0aa797b8"", ""unknown"", """", ""unknown"", """", ""contextual""]","[""IENT-0010e47b0b6e156d9b87c84d"", ""IENT-9db3318698ccd87ff263d725"", ""unknown"", """", ""unknown"", """", ""contextual""]",deterministic_replay
w/o Global Closure,IFACT-007c042cc425de1ce74daa43,"[""IENT-0010e47b0b6e156d9b87c84d"", ""IENTREPAIR-6a6b58a1a9a41a8b0aa797b8"", ""unknown"", """", ""unknown"", """", ""contextual""]","[""IENT-0010e47b0b6e156d9b87c84d"", ""IENT-9db3318698ccd87ff263d725"", ""unknown"", """", ""unknown"", """", ""contextual""]",deterministic_replay
w/o Risk Routing,IFACT-007c774cce05a4416a2be4d2,"[""ITOPIC-b90277bbc5348bc842a7744c"", ""IENT-e9514aae9ed2e2550170e217"", ""unknown"", """", ""unknown"", """", ""unresolved""]","[""ITOPIC-b90277bbc5348bc842a7744c"", ""IENT-e9514aae9ed2e2550170e217"", ""unknown"", """", ""unknown"", """", ""contextual""]",deterministic_replay
w/o Identity Projection,IFACT-007c909c9c8ecc7b695b5bb7,"[""IENTREPAIR-069ead56a3ae256c9b1e2023"", ""IENT-d970e021394d188f4be59f56"", ""unknown"", """", ""unknown"", """", ""contextual""]","[""IENT-f918f10f1aa2cd9a9596d9ef"", ""IENT-d970e021394d188f4be59f56"", ""unknown"", """", ""unknown"", """", ""contextual""]",deterministic_replay
w/o Global Closure,IFACT-007c909c9c8ecc7b695b5bb7,"[""IENTREPAIR-069ead56a3ae256c9b1e2023"", ""IENT-d970e021394d188f4be59f56"", ""unknown"", """", ""unknown"", """", ""contextual""]","[""IENT-f918f10f1aa2cd9a9596d9ef"", ""IENT-d970e021394d188f4be59f56"", ""unknown"", """", ""unknown"", """", ""contextual""]",deterministic_replay
w/o Risk Routing,IFACT-007cfa0478e94a43394e97e5,"[""IENT-6268343d766df507737ce3e7"", ""IENT-471aa6520e3ed6acd76db5c6"", ""unknown"", """", ""unknown"", """", ""unresolved""]","[""IENT-6268343d766df507737ce3e7"", ""IENT-471aa6520e3ed6acd76db5c6"", ""unknown"", """", ""unknown"", """", ""contextual""]",deterministic_replay
w/o Risk Routing,IFACT-007d871d4f31377aa749f687,"[""IENT-ebacd617421d2fa70d209d6f"", ""IENT-9c97d81c206d91b7c4f7ce5a"", ""unknown"", """", ""context_location"", """", ""unresolved""]","[""IENT-ebacd617421d2fa70d209d6f"", ""IENT-9c97d81c206d91b7c4f7ce5a"", ""unknown"", """", ""context_location"", """", ""contextual""]",deterministic_replay
w/o Risk Routing,IFACT-007e2cc37e3b77e5611c7046,"[""IENT-9ce7ccbffacb3e2059a706f1"", ""IENT-ed85a663c0afcc15844035c1"", ""unknown"", """", ""unknown"", """", ""unresolved""]","[""IENT-9ce7ccbffacb3e2059a706f1"", ""IENT-ed85a663c0afcc15844035c1"", ""unknown"", """", ""unknown"", """", ""contextual""]",deterministic_replay
w/o Risk Routing,IFACT-007e3f2a83c41490847231cd,"[""ITOPIC-82ca440f82e95cf92b905706"", ""ITOPIC-5e9c7de0cf75918dbfa7e2f6"", ""unknown"", """", ""unknown"", """", ""unresolved""]","[""ITOPIC-82ca440f82e95cf92b905706"", ""ITOPIC-5e9c7de0cf75918dbfa7e2f6"", ""unknown"", """", ""unknown"", """", ""contextual""]",deterministic_replay
w/o Relation Contract,IFACT-007f46068c556021d36db135,"[""IENT-00a073b5290df4bcbd4c37e5"", ""IENT-435cf9ba2b54138e4047255f"", ""unknown"", """", ""unknown"", """", ""contextual""]","[""IENT-00a073b5290df4bcbd4c37e5"", ""IENT-435cf9ba2b54138e4047255f"", ""unknown"", """", ""unknown"", """", ""strict_semantic""]",deterministic_replay
w/o Global Closure,IFACT-007f46068c556021d36db135,"[""IENT-00a073b5290df4bcbd4c37e5"", ""IENT-435cf9ba2b54138e4047255f"", ""unknown"", """", ""unknown"", """", ""contextual""]","[""IENT-00a073b5290df4bcbd4c37e5"", ""IENT-435cf9ba2b54138e4047255f"", ""unknown"", """", ""unknown"", """", ""strict_semantic""]",deterministic_replay
w/o Risk Routing,IFACT-007fec113cdf5f5a5544122d,"[""IENT-8b1433b7a1b36fe6cf278826"", ""IENT-2073f43f8b903fd72a81ccb7"", ""unknown"", """", ""unknown"", """", ""unresolved""]","[""IENT-8b1433b7a1b36fe6cf278826"", ""IENT-2073f43f8b903fd72a81ccb7"", ""unknown"", """", ""unknown"", """", ""contextual""]",deterministic_replay
w/o Risk Routing,IFACT-0081d05e042431f4738ef410,"[""IENT-1aba1ede835f477ef85fe6b9"", ""IENT-a10e53507f6db256c6f3b388"", ""unknown"", """", ""unknown"", """", ""unresolved""]","[""IENT-1aba1ede835f477ef85fe6b9"", ""IENT-a10e53507f6db256c6f3b388"", ""unknown"", """", ""unknown"", """", ""contextual""]",deterministic_replay
w/o Identity Projection,IFACT-0081e5615a03417bed6edab9,"[""IENT-dfbfdb0e90f276b84baba58a"", ""IENTREPAIR-326bb55a0bc4a353fded9b58"", ""unknown"", """", ""unknown"", """", ""strict_semantic""]","[""IENT-dfbfdb0e90f276b84baba58a"", ""IENT-7acc357f9a3580306f890a11"", ""unknown"", """", ""unknown"", """", ""strict_semantic""]",deterministic_replay
w/o Global Closure,IFACT-0081e5615a03417bed6edab9,"[""IENT-dfbfdb0e90f276b84baba58a"", ""IENTREPAIR-326bb55a0bc4a353fded9b58"", ""unknown"", """", ""unknown"", """", ""strict_semantic""]","[""IENT-dfbfdb0e90f276b84baba58a"", ""IENT-7acc357f9a3580306f890a11"", ""unknown"", """", ""unknown"", """", ""strict_semantic""]",deterministic_replay
w/o Risk Routing,IFACT-0082f44699091350df191743,"[""IENT-7083ed9e71ebaa6c8bf73af7"", ""IENT-b69f100e202009f2fb63d24d"", ""context_time"", """", ""context_location"", """", ""unresolved""]","[""IENT-7083ed9e71ebaa6c8bf73af7"", ""IENT-b69f100e202009f2fb63d24d"", ""context_time"", """", ""context_location"", """", ""contextual""]",deterministic_replay
w/o Risk Routing,IFACT-00830a7e08e0775967d3f3a6,"[""IENT-a1c3a851ca6ff2a7517b9d57"", ""IENT-e492d683ad724f532e7da7b1"", ""unknown"", """", ""unknown"", """", ""unresolved""]","[""IENT-a1c3a851ca6ff2a7517b9d57"", ""IENT-e492d683ad724f532e7da7b1"", ""unknown"", """", ""unknown"", """", ""contextual""]",deterministic_replay
w/o Identity Projection,IFACT-00834325f707834c2ff3846c,"[""IENT-95ad1d090535f22880bcf8a3"", ""IENTREPAIR-069ead56a3ae256c9b1e2023"", ""unknown"", """", ""unknown"", """", ""strict_semantic""]","[""IENT-95ad1d090535f22880bcf8a3"", ""IENT-f918f10f1aa2cd9a9596d9ef"", ""unknown"", """", ""unknown"", """", ""strict_semantic""]",deterministic_replay
w/o Global Closure,IFACT-00834325f707834c2ff3846c,"[""IENT-95ad1d090535f22880bcf8a3"", ""IENTREPAIR-069ead56a3ae256c9b1e2023"", ""unknown"", """", ""unknown"", """", ""strict_semantic""]","[""IENT-95ad1d090535f22880bcf8a3"", ""IENT-f918f10f1aa2cd9a9596d9ef"", ""unknown"", """", ""unknown"", """", ""strict_semantic""]",deterministic_replay
w/o Risk Routing,IFACT-0083b271c52a814b5c7f232b,"[""IENT-6f23b527d9be45642bb179dc"", ""IENT-a10e53507f6db256c6f3b388"", ""unknown"", """", ""unknown"", """", ""unresolved""]","[""IENT-6f23b527d9be45642bb179dc"", ""IENT-a10e53507f6db256c6f3b388"", ""unknown"", """", ""unknown"", """", ""contextual""]",deterministic_replay
w/o Risk Routing,IFACT-0086567f07584561df53b287,"[""IENT-e1c92ef8e90b067e6ce3cd08"", ""IENTREPAIR-da0b07ee07e65d4c56227b3f"", ""unknown"", """", ""unknown"", """", ""unresolved""]","[""IENT-e1c92ef8e90b067e6ce3cd08"", ""IENTREPAIR-da0b07ee07e65d4c56227b3f"", ""unknown"", """", ""unknown"", """", ""contextual""]",deterministic_replay
w/o Risk Routing,IFACT-0086d7405e60f50d85740915,"[""IENT-9eea89c52830b1ab005a9b06"", ""IENT-7a29f6e12bcc367a5f8785b6"", ""unknown"", """", ""unknown"", """", ""unresolved""]","[""IENT-9eea89c52830b1ab005a9b06"", ""IENT-7a29f6e12bcc367a5f8785b6"", ""unknown"", """", ""unknown"", """", ""contextual""]",deterministic_replay
w/o Risk Routing,IFACT-00876cc49ecf861b11e26c69,"[""IENTREPAIR-0d7d531d5925d828e66a532f"", ""IENT-dfcf3a97a37993772850b8ff"", ""unknown"", """", ""unknown"", """", ""unresolved""]","[""IENTREPAIR-0d7d531d5925d828e66a532f"", ""IENT-dfcf3a97a37993772850b8ff"", ""unknown"", """", ""unknown"", """", ""contextual""]",deterministic_replay
w/o Identity Projection,IFACT-00877601ffaf584cb205b3fa,"[""IENT-0cd460658d96d61c821bba49"", ""IENTREPAIR-003a784e59679e271ca3643a"", ""unknown"", """", ""context_location"", """", ""contextual""]","[""IENT-0cd460658d96d61c821bba49"", ""IENT-02b375dcdc350f8b7705860b"", ""unknown"", """", ""context_location"", """", ""contextual""]",deterministic_replay
w/o Global Closure,IFACT-00877601ffaf584cb205b3fa,"[""IENT-0cd460658d96d61c821bba49"", ""IENTREPAIR-003a784e59679e271ca3643a"", ""unknown"", """", ""context_location"", """", ""contextual""]","[""IENT-0cd460658d96d61c821bba49"", ""IENT-02b375dcdc350f8b7705860b"", ""unknown"", """", ""context_location"", """", ""contextual""]",deterministic_replay
w/o Risk Routing,IFACT-0087b2ed4b0f3ed3cf2f32ef,"[""ITOPIC-6200f43fa2917ea208042f8b"", ""ITOPIC-7b7a0078e3761ccf1f7e0a2b"", ""unknown"", """", ""unknown"", """", ""unresolved""]","[""ITOPIC-6200f43fa2917ea208042f8b"", ""ITOPIC-7b7a0078e3761ccf1f7e0a2b"", ""unknown"", """", ""unknown"", """", ""contextual""]",deterministic_replay
w/o Risk Routing,IFACT-0088804051d8d03ce7f56945,"[""IENT-7ee1d0d9e557edaf2ff8c17d"", ""IENT-a366d07d4d2cf1398a3a62c8"", ""context_time"", """", ""unknown"", """", ""unresolved""]","[""IENT-7ee1d0d9e557edaf2ff8c17d"", ""IENT-a366d07d4d2cf1398a3a62c8"", ""context_time"", """", ""unknown"", """", ""contextual""]",deterministic_replay
w/o Risk Routing,IFACT-008b642ddb133294629f665e,"[""IENT-ac0e38f76f7f8b392f623c94"", ""IENT-85a48eb52fac1e07e88e290c"", ""unknown"", """", ""unknown"", """", ""unresolved""]","[""IENT-ac0e38f76f7f8b392f623c94"", ""IENT-85a48eb52fac1e07e88e290c"", ""unknown"", """", ""unknown"", """", ""contextual""]",deterministic_replay
w/o Identity Projection,IFACT-008d8560d3c9c7ff5df6899b,"[""IENT-85046f440a97161016dc74e1"", ""IENTREPAIR-11e7d43c17a6e8c765e886b8"", ""unknown"", """", ""unknown"", """", ""strict_semantic""]","[""IENT-85046f440a97161016dc74e1"", ""IENT-4171372a3f60eb7ed9beb199"", ""unknown"", """", ""unknown"", """", ""strict_semantic""]",deterministic_replay
w/o Global Closure,IFACT-008d8560d3c9c7ff5df6899b,"[""IENT-85046f440a97161016dc74e1"", ""IENTREPAIR-11e7d43c17a6e8c765e886b8"", ""unknown"", """", ""unknown"", """", ""strict_semantic""]","[""IENT-85046f440a97161016dc74e1"", ""IENT-4171372a3f60eb7ed9beb199"", ""unknown"", """", ""unknown"", """", ""strict_semantic""]",deterministic_replay
w/o Risk Routing,IFACT-008fdfcfc2aec7c781620904,"[""IENT-81179f076908117809c5f3ab"", ""IENT-497c6d3fff2adfc6b7718d9d"", ""context_time"", """", ""context_location"", """", ""unresolved""]","[""IENT-81179f076908117809c5f3ab"", ""IENT-497c6d3fff2adfc6b7718d9d"", ""context_time"", """", ""context_location"", """", ""contextual""]",deterministic_replay
w/o Identity Projection,IFACT-009085265195839fc06390cc,"[""IENT-50b8bfd22e63e646bf2eeb53"", ""IENTREPAIR-09c669fda6fea295a34022c9"", ""unknown"", """", ""unknown"", """", ""contextual""]","[""IENT-50b8bfd22e63e646bf2eeb53"", ""IENT-1bf57fd72505c5a57eeb8bf3"", ""unknown"", """", ""unknown"", """", ""contextual""]",deterministic_replay
w/o Global Closure,IFACT-009085265195839fc06390cc,"[""IENT-50b8bfd22e63e646bf2eeb53"", ""IENTREPAIR-09c669fda6fea295a34022c9"", ""unknown"", """", ""unknown"", """", ""contextual""]","[""IENT-50b8bfd22e63e646bf2eeb53"", ""IENT-1bf57fd72505c5a57eeb8bf3"", ""unknown"", """", ""unknown"", """", ""contextual""]",deterministic_replay
w/o Identity Projection,IFACT-0091866a48a6de0096c64364,"[""IENT-ebd8022fdbfbd0473d225c70"", ""IENTREPAIR-a9af9b19431ea5e3be85942e"", ""unknown"", """", ""context_location"", """", ""contextual""]","[""IENT-ebd8022fdbfbd0473d225c70"", ""IENT-1fb3c8c87d3cbd84d1f1f8e5"", ""unknown"", """", ""context_location"", """", ""contextual""]",deterministic_replay
w/o Global Closure,IFACT-0091866a48a6de0096c64364,"[""IENT-ebd8022fdbfbd0473d225c70"", ""IENTREPAIR-a9af9b19431ea5e3be85942e"", ""unknown"", """", ""context_location"", """", ""contextual""]","[""IENT-ebd8022fdbfbd0473d225c70"", ""IENT-1fb3c8c87d3cbd84d1f1f8e5"", ""unknown"", """", ""context_location"", """", ""contextual""]",deterministic_replay
w/o Risk Routing,IFACT-00951ddc7e1c51ed62dbe878,"[""ITOPIC-084a5175d6e7f94ea164f249"", ""IENT-b6860b8c4f01a342e5d6c175"", ""unknown"", """", ""context_location"", """", ""unresolved""]","[""ITOPIC-084a5175d6e7f94ea164f249"", ""IENT-b6860b8c4f01a342e5d6c175"", ""unknown"", """", ""context_location"", """", ""contextual""]",deterministic_replay
w/o Identity Projection,IFACT-0097b6e28cc625969f5f4b20,"[""IENTREPAIR-09feebbf7c8e912751abb1bc"", ""IENT-6084a978dc9cb5aa70c4f151"", ""unknown"", """", ""unknown"", """", ""contextual""]","[""IENT-954584862f61b94a2699d2be"", ""IENT-6084a978dc9cb5aa70c4f151"", ""unknown"", """", ""unknown"", """", ""contextual""]",deterministic_replay
w/o Global Closure,IFACT-0097b6e28cc625969f5f4b20,"[""IENTREPAIR-09feebbf7c8e912751abb1bc"", ""IENT-6084a978dc9cb5aa70c4f151"", ""unknown"", """", ""unknown"", """", ""contextual""]","[""IENT-954584862f61b94a2699d2be"", ""IENT-6084a978dc9cb5aa70c4f151"", ""unknown"", """", ""unknown"", """", ""contextual""]",deterministic_replay
w/o Identity Projection,IFACT-0097c3c16b7bed667426955a,"[""IENT-73646a1ec27b6c3b531a7f86"", ""IENTREPAIR-09feebbf7c8e912751abb1bc"", ""unknown"", """", ""unknown"", """", ""strict_semantic""]","[""IENT-73646a1ec27b6c3b531a7f86"", ""IENT-954584862f61b94a2699d2be"", ""unknown"", """", ""unknown"", """", ""strict_semantic""]",deterministic_replay
w/o Global Closure,IFACT-0097c3c16b7bed667426955a,"[""IENT-73646a1ec27b6c3b531a7f86"", ""IENTREPAIR-09feebbf7c8e912751abb1bc"", ""unknown"", """", ""unknown"", """", ""strict_semantic""]","[""IENT-73646a1ec27b6c3b531a7f86"", ""IENT-954584862f61b94a2699d2be"", ""unknown"", """", ""unknown"", """", ""strict_semantic""]",deterministic_replay
w/o Risk Routing,IFACT-0099d1aa1a9f77b7d5cd07c9,"[""IENT-841689393a97e877f30b8d38"", ""IENTREPAIR-c5b11822f6f565fa3dcfe6cb"", ""unknown"", """", ""unknown"", """", ""unresolved""]","[""IENT-841689393a97e877f30b8d38"", ""IENTREPAIR-c5b11822f6f565fa3dcfe6cb"", ""unknown"", """", ""unknown"", """", ""contextual""]",deterministic_replay
w/o Identity Projection,IFACT-009a44c2b945d8bc993733fd,"[""IENT-ea52add4848e9ff0c029ef18"", ""IENTREPAIR-eb658a8b7eaea1ba9a91348a"", ""unknown"", """", ""unknown"", """", ""contextual""]","[""IENT-ea52add4848e9ff0c029ef18"", ""IENT-24b4a1ad0e5a7b337213aa46"", ""unknown"", """", ""unknown"", """", ""contextual""]",deterministic_replay
w/o Global Closure,IFACT-009a44c2b945d8bc993733fd,"[""IENT-ea52add4848e9ff0c029ef18"", ""IENTREPAIR-eb658a8b7eaea1ba9a91348a"", ""unknown"", """", ""unknown"", """", ""contextual""]","[""IENT-ea52add4848e9ff0c029ef18"", ""IENT-24b4a1ad0e5a7b337213aa46"", ""unknown"", """", ""unknown"", """", ""contextual""]",deterministic_replay
w/o Risk Routing,IFACT-009ba4e615a49f379c6ee2d6,"[""IENT-9bbb05d3d6411ecdf35354d1"", ""IENT-5c09c9de9d9f9d06d03b4ee4"", ""unknown"", """", ""unknown"", """", ""unresolved""]","[""IENT-9bbb05d3d6411ecdf35354d1"", ""IENT-5c09c9de9d9f9d06d03b4ee4"", ""unknown"", """", ""unknown"", """", ""contextual""]",deterministic_replay
w/o Risk Routing,IFACT-009d8bcbefd81a705160a101,"[""IENT-991ec08090ab52f4212e3d15"", ""IENT-ce7a6106e4ce129c81f185cc"", ""unknown"", """", ""unknown"", """", ""unresolved""]","[""IENT-991ec08090ab52f4212e3d15"", ""IENT-ce7a6106e4ce129c81f185cc"", ""unknown"", """", ""unknown"", """", ""strict_semantic""]",deterministic_replay
w/o Risk Routing,IFACT-009eabd83fb505ac5ca9a952,"[""IENT-565ab96fdd7e051d1acd83c8"", ""IENT-991ec08090ab52f4212e3d15"", ""unknown"", """", ""unknown"", """", ""unresolved""]","[""IENT-565ab96fdd7e051d1acd83c8"", ""IENT-991ec08090ab52f4212e3d15"", ""unknown"", """", ""unknown"", """", ""contextual""]",deterministic_replay
w/o Risk Routing,IFACT-009f146ba0bfe54f3e41245c,"[""IENT-80c89abc512158ae3469fcb3"", ""IENT-65d58a87c5abfbae333db76d"", ""unknown"", """", ""unknown"", """", ""unresolved""]","[""IENT-80c89abc512158ae3469fcb3"", ""IENT-65d58a87c5abfbae333db76d"", ""unknown"", """", ""unknown"", """", ""contextual""]",deterministic_replay
w/o Risk Routing,IFACT-00a02cbb043658fb8ae7b1e3,"[""IENT-5f367ca744a93f29000806a6"", ""IENT-b24711aa2bb6dc378bac4b0e"", ""context_time"", """", ""context_location"", """", ""unresolved""]","[""IENT-5f367ca744a93f29000806a6"", ""IENT-b24711aa2bb6dc378bac4b0e"", ""context_time"", """", ""context_location"", """", ""contextual""]",deterministic_replay
w/o Risk Routing,IFACT-00a072fc708895530425062e,"[""IENT-2d8671f56e3e77e91d9c7d66"", ""IENT-a10e53507f6db256c6f3b388"", ""unknown"", """", ""context_location"", """", ""unresolved""]","[""IENT-2d8671f56e3e77e91d9c7d66"", ""IENT-a10e53507f6db256c6f3b388"", ""unknown"", """", ""context_location"", """", ""contextual""]",deterministic_replay
w/o Risk Routing,IFACT-00a08cb917f2019dcd341f56,"[""ITOPIC-ec57360be475ba2f55c60bf9"", ""ITOPIC-b8d84a8fce2594c56ce9b0f1"", ""unknown"", """", ""unknown"", """", ""unresolved""]","[""ITOPIC-ec57360be475ba2f55c60bf9"", ""ITOPIC-b8d84a8fce2594c56ce9b0f1"", ""unknown"", """", ""unknown"", """", ""contextual""]",deterministic_replay
w/o Identity Projection,IFACT-00a2f96aceefde1bca455c1f,"[""IENT-586a97c3a5fc62014677f0b3"", ""IENTREPAIR-0d7d531d5925d828e66a532f"", ""unknown"", """", ""unknown"", """", ""contextual""]","[""IENT-586a97c3a5fc62014677f0b3"", ""IENT-002939e89b8211373b03845a"", ""unknown"", """", ""unknown"", """", ""contextual""]",deterministic_replay
w/o Global Closure,IFACT-00a2f96aceefde1bca455c1f,"[""IENT-586a97c3a5fc62014677f0b3"", ""IENTREPAIR-0d7d531d5925d828e66a532f"", ""unknown"", """", ""unknown"", """", ""contextual""]","[""IENT-586a97c3a5fc62014677f0b3"", ""IENT-002939e89b8211373b03845a"", ""unknown"", """", ""unknown"", """", ""contextual""]",deterministic_replay
w/o Identity Projection,IFACT-00a5b01d7cfbf48467f02f02,"[""IENT-8a4d26e1531d57646df8f38c"", ""IENTREPAIR-1864ed0dcd2280746b496554"", ""unknown"", """", ""unknown"", """", ""contextual""]","[""IENT-8a4d26e1531d57646df8f38c"", ""IENT-2c724616f1cbd9e3e9dd57eb"", ""unknown"", """", ""unknown"", """", ""contextual""]",deterministic_replay
w/o Global Closure,IFACT-00a5b01d7cfbf48467f02f02,"[""IENT-8a4d26e1531d57646df8f38c"", ""IENTREPAIR-1864ed0dcd2280746b496554"", ""unknown"", """", ""unknown"", """", ""contextual""]","[""IENT-8a4d26e1531d57646df8f38c"", ""IENT-2c724616f1cbd9e3e9dd57eb"", ""unknown"", """", ""unknown"", """", ""contextual""]",deterministic_replay
w/o Risk Routing,IFACT-00a5c83d67d9c52facb0bff2,"[""ITOPIC-dbfc8a96381d62fcf5aeae2f"", ""ITOPIC-a0d608a275da6baf0c50e54c"", ""unknown"", """", ""unknown"", """", ""unresolved""]","[""ITOPIC-dbfc8a96381d62fcf5aeae2f"", ""ITOPIC-a0d608a275da6baf0c50e54c"", ""unknown"", """", ""unknown"", """", ""contextual""]",deterministic_replay
w/o Identity Projection,IFACT-00a61ff9b5162cf892a94def,"[""IENT-39c15e7849456b9209756996"", ""IENT-4ed5697b92fb30e2659e4fb7"", ""unknown"", """", ""unknown"", """", ""contextual""]","[""ITOPIC-d9f45e44a441aded3e791d0f"", ""IENT-4ed5697b92fb30e2659e4fb7"", ""unknown"", """", ""unknown"", """", ""contextual""]",deterministic_replay
w/o Global Closure,IFACT-00a61ff9b5162cf892a94def,"[""IENT-39c15e7849456b9209756996"", ""IENT-4ed5697b92fb30e2659e4fb7"", ""unknown"", """", ""unknown"", """", ""contextual""]","[""ITOPIC-d9f45e44a441aded3e791d0f"", ""IENT-4ed5697b92fb30e2659e4fb7"", ""unknown"", """", ""unknown"", """", ""contextual""]",deterministic_replay
w/o Risk Routing,IFACT-00a6c22b4dc59c25e07fb75e,"[""IENT-082a9a57097093660bd4e3e2"", ""IENT-3019e773c4785bb60aae0271"", ""unknown"", """", ""unknown"", """", ""unresolved""]","[""IENT-082a9a57097093660bd4e3e2"", ""IENT-3019e773c4785bb60aae0271"", ""unknown"", """", ""unknown"", """", ""contextual""]",deterministic_replay
w/o Risk Routing,IFACT-00a6f2180e961b12c356358f,"[""IENT-bc8995f13faa25b763f597f3"", ""IENT-8ca6ef3d6faaf2de430b0296"", ""unknown"", """", ""unknown"", """", ""unresolved""]","[""IENT-bc8995f13faa25b763f597f3"", ""IENT-8ca6ef3d6faaf2de430b0296"", ""unknown"", """", ""unknown"", """", ""contextual""]",deterministic_replay
w/o Identity Projection,IFACT-00a6f3d00e44b30152afef84,"[""IENT-e2d93948b1765a0406322063"", ""IENTREPAIR-6a6b58a1a9a41a8b0aa797b8"", ""unknown"", """", ""unknown"", """", ""contextual""]","[""IENT-e2d93948b1765a0406322063"", ""IENT-9db3318698ccd87ff263d725"", ""unknown"", """", ""unknown"", """", ""contextual""]",deterministic_replay
w/o Global Closure,IFACT-00a6f3d00e44b30152afef84,"[""IENT-e2d93948b1765a0406322063"", ""IENTREPAIR-6a6b58a1a9a41a8b0aa797b8"", ""unknown"", """", ""unknown"", """", ""contextual""]","[""IENT-e2d93948b1765a0406322063"", ""IENT-9db3318698ccd87ff263d725"", ""unknown"", """", ""unknown"", """", ""contextual""]",deterministic_replay
w/o Risk Routing,IFACT-00a7b97d067933b480b85c38,"[""ITOPIC-d7485a0d9fd42f1d51f2add5"", ""IENT-073be0d8dbc9de9de4b85d26"", ""unknown"", """", ""unknown"", """", ""unresolved""]","[""ITOPIC-d7485a0d9fd42f1d51f2add5"", ""IENT-073be0d8dbc9de9de4b85d26"", ""unknown"", """", ""unknown"", """", ""contextual""]",deterministic_replay
w/o Identity Projection,IFACT-00aa802583a2c894f20ac9c7,"[""IENTREPAIR-034f6e878f46edc1b7144b70"", ""IENT-6de3210b835a25e8a7eb6545"", ""context_time"", """", ""context_location"", """", ""contextual""]","[""IENT-e97657f14aa67d4cd152be11"", ""IENT-6de3210b835a25e8a7eb6545"", ""context_time"", """", ""context_location"", """", ""contextual""]",deterministic_replay
w/o Global Closure,IFACT-00aa802583a2c894f20ac9c7,"[""IENTREPAIR-034f6e878f46edc1b7144b70"", ""IENT-6de3210b835a25e8a7eb6545"", ""context_time"", """", ""context_location"", """", ""contextual""]","[""IENT-e97657f14aa67d4cd152be11"", ""IENT-6de3210b835a25e8a7eb6545"", ""context_time"", """", ""context_location"", """", ""contextual""]",deterministic_replay
w/o Risk Routing,IFACT-00aaa92962c26440f26139a7,"[""IENT-65d58a87c5abfbae333db76d"", ""IENT-2f3526d5ce5b729b304ac232"", ""unknown"", """", ""unknown"", """", ""unresolved""]","[""IENT-65d58a87c5abfbae333db76d"", ""IENT-2f3526d5ce5b729b304ac232"", ""unknown"", """", ""unknown"", """", ""contextual""]",deterministic_replay
w/o Risk Routing,IFACT-00abf6be6538fdc6fde3f244,"[""IENT-8fee34ee7614bebccd5270ab"", ""IENT-c244390a72c6eeef11b42af4"", ""context_time"", """", ""unknown"", """", ""unresolved""]","[""IENT-8fee34ee7614bebccd5270ab"", ""IENT-c244390a72c6eeef11b42af4"", ""context_time"", """", ""unknown"", """", ""contextual""]",deterministic_replay
w/o Identity Projection,IFACT-00ac4fd80a345aca8984d038,"[""IENT-58a846096ec40598342001fe"", ""IENTREPAIR-42697e862ca8ceb98e1779af"", ""context_time"", """", ""context_location"", """", ""contextual""]","[""IENT-58a846096ec40598342001fe"", ""IENT-55117d73b92feaf1b961379e"", ""context_time"", """", ""context_location"", """", ""contextual""]",deterministic_replay
w/o Global Closure,IFACT-00ac4fd80a345aca8984d038,"[""IENT-58a846096ec40598342001fe"", ""IENTREPAIR-42697e862ca8ceb98e1779af"", ""context_time"", """", ""context_location"", """", ""contextual""]","[""IENT-58a846096ec40598342001fe"", ""IENT-55117d73b92feaf1b961379e"", ""context_time"", """", ""context_location"", """", ""contextual""]",deterministic_replay
w/o Risk Routing,IFACT-00ada13093dcfec2cf432ed7,"[""IENT-7b7eb483b0990a3c1b65f84d"", ""IENT-f5b8e2a284df876f7cd00af3"", ""unknown"", """", ""unknown"", """", ""unresolved""]","[""IENT-7b7eb483b0990a3c1b65f84d"", ""IENT-f5b8e2a284df876f7cd00af3"", ""unknown"", """", ""unknown"", """", ""contextual""]",deterministic_replay
w/o Risk Routing,IFACT-00adb1ff88fab1568f814eed,"[""IENT-4fe4bbd4719ed9936bcc47f3"", ""IENT-3953bd8fd094167e4275ed34"", ""unknown"", """", ""context_location"", """", ""unresolved""]","[""IENT-4fe4bbd4719ed9936bcc47f3"", ""IENT-3953bd8fd094167e4275ed34"", ""unknown"", """", ""context_location"", """", ""contextual""]",deterministic_replay
w/o Identity Projection,IFACT-00b1a0a1b1897a1274dfd145,"[""IENT-db244c8178965b4c0eb891ed"", ""IENTREPAIR-1c2e323c82ff02fd01c3090b"", ""unknown"", """", ""unknown"", """", ""contextual""]","[""IENT-db244c8178965b4c0eb891ed"", ""IENT-ebdaaa51a87515ccedc89bec"", ""unknown"", """", ""unknown"", """", ""contextual""]",deterministic_replay
w/o Global Closure,IFACT-00b1a0a1b1897a1274dfd145,"[""IENT-db244c8178965b4c0eb891ed"", ""IENTREPAIR-1c2e323c82ff02fd01c3090b"", ""unknown"", """", ""unknown"", """", ""contextual""]","[""IENT-db244c8178965b4c0eb891ed"", ""IENT-ebdaaa51a87515ccedc89bec"", ""unknown"", """", ""unknown"", """", ""contextual""]",deterministic_replay
w/o Risk Routing,IFACT-00b1da481bd098edeb566b2a,"[""IENT-9e1ee65d91f396b35bf3a4a5"", ""IENTREPAIR-d13837df954238db578fa8ec"", ""unknown"", """", ""unknown"", """", ""unresolved""]","[""IENT-9e1ee65d91f396b35bf3a4a5"", ""IENTREPAIR-d13837df954238db578fa8ec"", ""unknown"", """", ""unknown"", """", ""contextual""]",deterministic_replay
w/o Identity Projection,IFACT-00b1dd23e2238368e2e84557,"[""IENT-8ad9860f35f57e6e72b3d30a"", ""IENTREPAIR-0e6970ff902ae5ccdba5fcba"", ""unknown"", """", ""unknown"", """", ""contextual""]","[""IENT-8ad9860f35f57e6e72b3d30a"", ""IENT-3c48236a26c071e0968a46f1"", ""unknown"", """", ""unknown"", """", ""contextual""]",deterministic_replay
w/o Global Closure,IFACT-00b1dd23e2238368e2e84557,"[""IENT-8ad9860f35f57e6e72b3d30a"", ""IENTREPAIR-0e6970ff902ae5ccdba5fcba"", ""unknown"", """", ""unknown"", """", ""contextual""]","[""IENT-8ad9860f35f57e6e72b3d30a"", ""IENT-3c48236a26c071e0968a46f1"", ""unknown"", """", ""unknown"", """", ""contextual""]",deterministic_replay
w/o Risk Routing,IFACT-00b29bc74a7e2e7f93f249d8,"[""IENT-2c1c70be7722c3d25f132014"", ""IENT-1eccf652a821847d103e359d"", ""context_time"", """", ""context_location"", """", ""unresolved""]","[""IENT-2c1c70be7722c3d25f132014"", ""IENT-1eccf652a821847d103e359d"", ""context_time"", """", ""context_location"", """", ""contextual""]",deterministic_replay
w/o Risk Routing,IFACT-00b36cfc1cf9316d7476aedb,"[""IENT-fe8f689093973ca72bc13936"", ""IENT-5dcab43f485bed2bc808d64a"", ""unknown"", """", ""context_location"", """", ""unresolved""]","[""IENT-fe8f689093973ca72bc13936"", ""IENT-5dcab43f485bed2bc808d64a"", ""unknown"", """", ""context_location"", """", ""contextual""]",deterministic_replay
w/o Identity Projection,IFACT-00b387263770b0623a91fecd,"[""IENT-5f72f1edcf7d5416e379988c"", ""IENTREPAIR-09feebbf7c8e912751abb1bc"", ""unknown"", """", ""unknown"", """", ""contextual""]","[""IENT-5f72f1edcf7d5416e379988c"", ""IENT-954584862f61b94a2699d2be"", ""unknown"", """", ""unknown"", """", ""contextual""]",deterministic_replay
w/o Global Closure,IFACT-00b387263770b0623a91fecd,"[""IENT-5f72f1edcf7d5416e379988c"", ""IENTREPAIR-09feebbf7c8e912751abb1bc"", ""unknown"", """", ""unknown"", """", ""contextual""]","[""IENT-5f72f1edcf7d5416e379988c"", ""IENT-954584862f61b94a2699d2be"", ""unknown"", """", ""unknown"", """", ""contextual""]",deterministic_replay
w/o Identity Projection,IFACT-00b3aa7620625a620f387f85,"[""IENT-0a107cf5768bcaa87edf76fe"", ""IENTREPAIR-211375720b6a59947465c7ac"", ""context_time"", """", ""event_location"", ""IENT-0a107cf5768bcaa87edf76fe"", ""contextual""]","[""IENT-0a107cf5768bcaa87edf76fe"", ""IENT-0f113e3c685f436b1bc40b4d"", ""context_time"", """", ""event_location"", ""IENT-0a107cf5768bcaa87edf76fe"", ""contextual""]",deterministic_replay
w/o Global Closure,IFACT-00b3aa7620625a620f387f85,"[""IENT-0a107cf5768bcaa87edf76fe"", ""IENTREPAIR-211375720b6a59947465c7ac"", ""context_time"", """", ""event_location"", ""IENT-0a107cf5768bcaa87edf76fe"", ""contextual""]","[""IENT-0a107cf5768bcaa87edf76fe"", ""IENT-0f113e3c685f436b1bc40b4d"", ""context_time"", """", ""event_location"", ""IENT-0a107cf5768bcaa87edf76fe"", ""contextual""]",deterministic_replay
w/o Risk Routing,IFACT-00b5cb65b6ffc982512c1062,"[""IENT-2d7065d97be66a2e866e6c34"", ""IENT-a4eb6fd475708ad0fd3079b4"", ""unknown"", """", ""context_location"", """", ""unresolved""]","[""IENT-2d7065d97be66a2e866e6c34"", ""IENT-a4eb6fd475708ad0fd3079b4"", ""unknown"", """", ""context_location"", """", ""contextual""]",deterministic_replay
w/o Risk Routing,IFACT-00b62459ed91af564b2a6016,"[""IENT-452dc1461ab7ecbb1b13f2af"", ""IENT-32889b580b8c0887ad33f738"", ""unknown"", """", ""context_location"", """", ""unresolved""]","[""IENT-452dc1461ab7ecbb1b13f2af"", ""IENT-32889b580b8c0887ad33f738"", ""unknown"", """", ""context_location"", """", ""contextual""]",deterministic_replay
w/o Risk Routing,IFACT-00b630864aa81f3a0422453e,"[""IENT-6268343d766df507737ce3e7"", ""IENT-c5a53b0d69c4b76dddc10bce"", ""unknown"", """", ""relation_location"", """", ""unresolved""]","[""IENT-6268343d766df507737ce3e7"", ""IENT-c5a53b0d69c4b76dddc10bce"", ""unknown"", """", ""relation_location"", """", ""strict_semantic""]",deterministic_replay
w/o Risk Routing,IFACT-00b64c47303bcddcfbfcff45,"[""IENT-4f5bf7deff0dbb368a430ac3"", ""IENT-e9846d0eca83c416a040f98c"", ""unknown"", """", ""context_location"", """", ""unresolved""]","[""IENT-4f5bf7deff0dbb368a430ac3"", ""IENT-e9846d0eca83c416a040f98c"", ""unknown"", """", ""context_location"", """", ""contextual""]",deterministic_replay
w/o Identity Projection,IFACT-00b8b9e5301cef9b4bd15a7b,"[""IENT-8fac87a8b76a4b17b1d1c578"", ""IENTREPAIR-02c024ffcc3e51a83a679e8b"", ""unknown"", """", ""unknown"", """", ""strict_semantic""]","[""IENT-8fac87a8b76a4b17b1d1c578"", ""IENT-64f8d48b995cd448458f3eb6"", ""unknown"", """", ""unknown"", """", ""strict_semantic""]",deterministic_replay
w/o Global Closure,IFACT-00b8b9e5301cef9b4bd15a7b,"[""IENT-8fac87a8b76a4b17b1d1c578"", ""IENTREPAIR-02c024ffcc3e51a83a679e8b"", ""unknown"", """", ""unknown"", """", ""strict_semantic""]","[""IENT-8fac87a8b76a4b17b1d1c578"", ""IENT-64f8d48b995cd448458f3eb6"", ""unknown"", """", ""unknown"", """", ""strict_semantic""]",deterministic_replay
w/o Risk Routing,IFACT-00b946e000dc84b9aaf6bbce,"[""IENT-16e0182615d6906af4ada3b8"", ""IENT-f1c3f3543168aa907071cf12"", ""context_time"", """", ""unknown"", """", ""unresolved""]","[""IENT-16e0182615d6906af4ada3b8"", ""IENT-f1c3f3543168aa907071cf12"", ""context_time"", """", ""unknown"", """", ""contextual""]",deterministic_replay
w/o Risk Routing,IFACT-00b9855066244a1409501ea0,"[""IENT-9dbd2847ccf12e8e510d233e"", ""IENT-a10e53507f6db256c6f3b388"", ""unknown"", """", ""unknown"", """", ""unresolved""]","[""IENT-9dbd2847ccf12e8e510d233e"", ""IENT-a10e53507f6db256c6f3b388"", ""unknown"", """", ""unknown"", """", ""strict_semantic""]",deterministic_replay
w/o Risk Routing,IFACT-00ba1607c0f8c0df51555002,"[""ITOPIC-4bf683abfcdb5e728a2487b3"", ""IENT-b19dd8bcf01df92c908c3f27"", ""unknown"", """", ""unknown"", """", ""unresolved""]","[""ITOPIC-4bf683abfcdb5e728a2487b3"", ""IENT-b19dd8bcf01df92c908c3f27"", ""unknown"", """", ""unknown"", """", ""contextual""]",deterministic_replay
w/o Identity Projection,IFACT-00ba262f73f8e71f084dbfa5,"[""IENT-8bae1d256e580a2c0b5b8998"", ""IENTREPAIR-0d7d531d5925d828e66a532f"", ""unknown"", """", ""unknown"", """", ""strict_semantic""]","[""IENT-8bae1d256e580a2c0b5b8998"", ""IENT-002939e89b8211373b03845a"", ""unknown"", """", ""unknown"", """", ""strict_semantic""]",deterministic_replay
w/o Global Closure,IFACT-00ba262f73f8e71f084dbfa5,"[""IENT-8bae1d256e580a2c0b5b8998"", ""IENTREPAIR-0d7d531d5925d828e66a532f"", ""unknown"", """", ""unknown"", """", ""strict_semantic""]","[""IENT-8bae1d256e580a2c0b5b8998"", ""IENT-002939e89b8211373b03845a"", ""unknown"", """", ""unknown"", """", ""strict_semantic""]",deterministic_replay
w/o Relation Contract,IFACT-00baefd0c53ea6ac71fb90a6,"[""IENT-a22553f355cc74ac420d7ed3"", ""IENT-bca707794e629f28f81bd7e0"", ""unknown"", """", ""unknown"", """", ""contextual""]","[""IENT-a22553f355cc74ac420d7ed3"", ""IENT-bca707794e629f28f81bd7e0"", ""unknown"", """", ""unknown"", """", ""strict_semantic""]",deterministic_replay
w/o Global Closure,IFACT-00baefd0c53ea6ac71fb90a6,"[""IENT-a22553f355cc74ac420d7ed3"", ""IENT-bca707794e629f28f81bd7e0"", ""unknown"", """", ""unknown"", """", ""contextual""]","[""IENT-a22553f355cc74ac420d7ed3"", ""IENT-bca707794e629f28f81bd7e0"", ""unknown"", """", ""unknown"", """", ""strict_semantic""]",deterministic_replay
w/o Identity Projection,IFACT-00bcd8e7a596a038aa4ae83e,"[""IENT-e088c99e33d259a4403cf75c"", ""IENTREPAIR-06dc01c7c671633c0dc463d9"", ""unknown"", """", ""unknown"", """", ""contextual""]","[""IENT-e088c99e33d259a4403cf75c"", ""IENT-f01fcc36f0265329c78abf9b"", ""unknown"", """", ""unknown"", """", ""contextual""]",deterministic_replay
w/o Global Closure,IFACT-00bcd8e7a596a038aa4ae83e,"[""IENT-e088c99e33d259a4403cf75c"", ""IENTREPAIR-06dc01c7c671633c0dc463d9"", ""unknown"", """", ""unknown"", """", ""contextual""]","[""IENT-e088c99e33d259a4403cf75c"", ""IENT-f01fcc36f0265329c78abf9b"", ""unknown"", """", ""unknown"", """", ""contextual""]",deterministic_replay
w/o Risk Routing,IFACT-00bd21deee978736bd871eed,"[""IENT-a5365cb2adaebdc1ec880149"", ""IENT-3019e773c4785bb60aae0271"", ""unknown"", """", ""unknown"", """", ""unresolved""]","[""IENT-a5365cb2adaebdc1ec880149"", ""IENT-3019e773c4785bb60aae0271"", ""unknown"", """", ""unknown"", """", ""contextual""]",deterministic_replay
w/o Risk Routing,IFACT-00c13a5bea330ae72dd661f9,"[""ITOPIC-5975b62d51add1d2b6de2cd7"", ""ITOPIC-c142f722b0e3c841b78d31c0"", ""unknown"", """", ""unknown"", """", ""unresolved""]","[""ITOPIC-5975b62d51add1d2b6de2cd7"", ""ITOPIC-c142f722b0e3c841b78d31c0"", ""unknown"", """", ""unknown"", """", ""contextual""]",deterministic_replay
w/o Risk Routing,IFACT-00c1c55445c24ae2b662e1ad,"[""IENT-9cf88645e4d6f782dec2ebfe"", ""IENT-7753d7dd143dc0d436cd1a77"", ""relation_validity"", """", ""unknown"", """", ""unresolved""]","[""IENT-9cf88645e4d6f782dec2ebfe"", ""IENT-7753d7dd143dc0d436cd1a77"", ""relation_validity"", """", ""unknown"", """", ""strict_semantic""]",deterministic_replay
w/o Risk Routing,IFACT-00c28e8a57edda4f5bb308ea,"[""IENT-97b792c32c3aa805573c8cc8"", ""IENT-d0ff40df5b30e7b4ad0135f6"", ""unknown"", """", ""unknown"", """", ""unresolved""]","[""IENT-97b792c32c3aa805573c8cc8"", ""IENT-d0ff40df5b30e7b4ad0135f6"", ""unknown"", """", ""unknown"", """", ""contextual""]",deterministic_replay
w/o Identity Projection,IFACT-00c2d7abf5f8787d53958139,"[""IENT-80983d466b13fadee0404889"", ""IENTREPAIR-0e6970ff902ae5ccdba5fcba"", ""unknown"", """", ""unknown"", """", ""contextual""]","[""IENT-80983d466b13fadee0404889"", ""IENT-3c48236a26c071e0968a46f1"", ""unknown"", """", ""unknown"", """", ""contextual""]",deterministic_replay
w/o Global Closure,IFACT-00c2d7abf5f8787d53958139,"[""IENT-80983d466b13fadee0404889"", ""IENTREPAIR-0e6970ff902ae5ccdba5fcba"", ""unknown"", """", ""unknown"", """", ""contextual""]","[""IENT-80983d466b13fadee0404889"", ""IENT-3c48236a26c071e0968a46f1"", ""unknown"", """", ""unknown"", """", ""contextual""]",deterministic_replay
w/o Relation Contract,IFACT-00c59b9c1c23d202c54d55be,"[""IENT-1f5a7727241913118df2aa62"", ""IENT-a2fcd7d9182997a8282c9a31"", ""unknown"", """", ""unknown"", """", ""contextual""]","[""IENT-1f5a7727241913118df2aa62"", ""IENT-a2fcd7d9182997a8282c9a31"", ""unknown"", """", ""unknown"", """", ""strict_semantic""]",deterministic_replay
w/o Global Closure,IFACT-00c59b9c1c23d202c54d55be,"[""IENT-1f5a7727241913118df2aa62"", ""IENT-a2fcd7d9182997a8282c9a31"", ""unknown"", """", ""unknown"", """", ""contextual""]","[""IENT-1f5a7727241913118df2aa62"", ""IENT-a2fcd7d9182997a8282c9a31"", ""unknown"", """", ""unknown"", """", ""strict_semantic""]",deterministic_replay
w/o Risk Routing,IFACT-00c689f9084c494bf96b9817,"[""IENT-5f367ca744a93f29000806a6"", ""IENT-e65e5c7dff151a0d18708a72"", ""unknown"", """", ""unknown"", """", ""unresolved""]","[""IENT-5f367ca744a93f29000806a6"", ""IENT-e65e5c7dff151a0d18708a72"", ""unknown"", """", ""unknown"", """", ""contextual""]",deterministic_replay
w/o Risk Routing,IFACT-00c6fc608a5d60aa7b248f28,"[""IENT-c6cf4a8439bc39061ba61c7a"", ""IENT-c4d7a8ea95ab222a45a1b977"", ""unknown"", """", ""unknown"", """", ""unresolved""]","[""IENT-c6cf4a8439bc39061ba61c7a"", ""IENT-c4d7a8ea95ab222a45a1b977"", ""unknown"", """", ""unknown"", """", ""contextual""]",deterministic_replay
w/o Identity Projection,IFACT-00c703e28e78d093484b6857,"[""IENT-d1c65b8b2d7f54539e823c1e"", ""IENTREPAIR-09feebbf7c8e912751abb1bc"", ""unknown"", """", ""unknown"", """", ""contextual""]","[""IENT-d1c65b8b2d7f54539e823c1e"", ""IENT-954584862f61b94a2699d2be"", ""unknown"", """", ""unknown"", """", ""contextual""]",deterministic_replay
w/o Global Closure,IFACT-00c703e28e78d093484b6857,"[""IENT-d1c65b8b2d7f54539e823c1e"", ""IENTREPAIR-09feebbf7c8e912751abb1bc"", ""unknown"", """", ""unknown"", """", ""contextual""]","[""IENT-d1c65b8b2d7f54539e823c1e"", ""IENT-954584862f61b94a2699d2be"", ""unknown"", """", ""unknown"", """", ""contextual""]",deterministic_replay
w/o Identity Projection,IFACT-00c708f9c842687a7a4e0f1d,"[""IENT-56de7bc24debb8d8ab3f1407"", ""IENTREPAIR-357499d1da51889705c97967"", ""unknown"", """", ""unknown"", """", ""strict_semantic""]","[""IENT-56de7bc24debb8d8ab3f1407"", ""IENT-1f739d3664ad8ed798c4e77f"", ""unknown"", """", ""unknown"", """", ""strict_semantic""]",deterministic_replay
w/o Global Closure,IFACT-00c708f9c842687a7a4e0f1d,"[""IENT-56de7bc24debb8d8ab3f1407"", ""IENTREPAIR-357499d1da51889705c97967"", ""unknown"", """", ""unknown"", """", ""strict_semantic""]","[""IENT-56de7bc24debb8d8ab3f1407"", ""IENT-1f739d3664ad8ed798c4e77f"", ""unknown"", """", ""unknown"", """", ""strict_semantic""]",deterministic_replay
w/o Risk Routing,IFACT-00c83be1944060fee9ba0e4e,"[""IENTREPAIR-232c4149293ffa0d22b45560"", ""IENT-53aeb4ef8f5ccfae37b8056c"", ""unknown"", """", ""unknown"", """", ""unresolved""]","[""IENTREPAIR-232c4149293ffa0d22b45560"", ""IENT-53aeb4ef8f5ccfae37b8056c"", ""unknown"", """", ""unknown"", """", ""contextual""]",deterministic_replay
w/o Risk Routing,IFACT-00c84cddbde4fec4ae516e47,"[""IENT-73bc56427cd417c4d835db48"", ""IENT-f5d4ccddecaa25e4c5719756"", ""unknown"", """", ""unknown"", """", ""unresolved""]","[""IENT-73bc56427cd417c4d835db48"", ""IENT-f5d4ccddecaa25e4c5719756"", ""unknown"", """", ""unknown"", """", ""contextual""]",deterministic_replay
w/o Identity Projection,IFACT-00c8d0d70c901276bbe1e97b,"[""IENT-b7142cdf601ffd8b852e8487"", ""IENTREPAIR-14101a661092493268c37b62"", ""unknown"", """", ""unknown"", """", ""contextual""]","[""IENT-b7142cdf601ffd8b852e8487"", ""IENT-409df0b58adb49ffb9f65c4e"", ""unknown"", """", ""unknown"", """", ""contextual""]",deterministic_replay
w/o Global Closure,IFACT-00c8d0d70c901276bbe1e97b,"[""IENT-b7142cdf601ffd8b852e8487"", ""IENTREPAIR-14101a661092493268c37b62"", ""unknown"", """", ""unknown"", """", ""contextual""]","[""IENT-b7142cdf601ffd8b852e8487"", ""IENT-409df0b58adb49ffb9f65c4e"", ""unknown"", """", ""unknown"", """", ""contextual""]",deterministic_replay
w/o Risk Routing,IFACT-00c9485ea006a429e0e2392c,"[""IENT-496fd9b02b38148ab7001cfc"", ""IENT-41de87cd89e99f929007c572"", ""unknown"", """", ""unknown"", """", ""unresolved""]","[""IENT-496fd9b02b38148ab7001cfc"", ""IENT-41de87cd89e99f929007c572"", ""unknown"", """", ""unknown"", """", ""contextual""]",deterministic_replay
w/o Risk Routing,IFACT-00c9a36a8511fadac79938ba,"[""IENT-600b6eb37cb9f9524af86e3f"", ""ITOPIC-33a1cd78a7c682802c388d0d"", ""unknown"", """", ""unknown"", """", ""unresolved""]","[""IENT-600b6eb37cb9f9524af86e3f"", ""ITOPIC-33a1cd78a7c682802c388d0d"", ""unknown"", """", ""unknown"", """", ""contextual""]",deterministic_replay
w/o Identity Projection,IFACT-00c9a36a8511fadac79938ba,"[""IENT-600b6eb37cb9f9524af86e3f"", ""ITOPIC-33a1cd78a7c682802c388d0d"", ""unknown"", """", ""unknown"", """", ""unresolved""]","[""ITOPIC-94dfcf1dbd1e3a6453695a22"", ""ITOPIC-33a1cd78a7c682802c388d0d"", ""unknown"", """", ""unknown"", """", ""unresolved""]",deterministic_replay
w/o Global Closure,IFACT-00c9a36a8511fadac79938ba,"[""IENT-600b6eb37cb9f9524af86e3f"", ""ITOPIC-33a1cd78a7c682802c388d0d"", ""unknown"", """", ""unknown"", """", ""unresolved""]","[""ITOPIC-94dfcf1dbd1e3a6453695a22"", ""ITOPIC-33a1cd78a7c682802c388d0d"", ""unknown"", """", ""unknown"", """", ""unresolved""]",deterministic_replay
w/o Identity Projection,IFACT-00cb81062306af3c8833913e,"[""IENT-81117cde9fd25bfd52989609"", ""IENTREPAIR-326bb55a0bc4a353fded9b58"", ""unknown"", """", ""unknown"", """", ""contextual""]","[""IENT-81117cde9fd25bfd52989609"", ""IENT-7acc357f9a3580306f890a11"", ""unknown"", """", ""unknown"", """", ""contextual""]",deterministic_replay
w/o Global Closure,IFACT-00cb81062306af3c8833913e,"[""IENT-81117cde9fd25bfd52989609"", ""IENTREPAIR-326bb55a0bc4a353fded9b58"", ""unknown"", """", ""unknown"", """", ""contextual""]","[""IENT-81117cde9fd25bfd52989609"", ""IENT-7acc357f9a3580306f890a11"", ""unknown"", """", ""unknown"", """", ""contextual""]",deterministic_replay
w/o Risk Routing,IFACT-00cc3b79903508b4b784ab96,"[""ITOPIC-491530f7fe3440e6dd4e9e61"", ""IENT-65484825fd0346a8015d09f8"", ""unknown"", """", ""unknown"", """", ""unresolved""]","[""ITOPIC-491530f7fe3440e6dd4e9e61"", ""IENT-65484825fd0346a8015d09f8"", ""unknown"", """", ""unknown"", """", ""contextual""]",deterministic_replay
w/o Identity Projection,IFACT-00cef7095d92a9b7a2894e1f,"[""IENTREPAIR-6a6b58a1a9a41a8b0aa797b8"", ""IENT-6ec47e81ae8c0987757df3c5"", ""unknown"", """", ""context_location"", """", ""contextual""]","[""IENT-9db3318698ccd87ff263d725"", ""IENT-6ec47e81ae8c0987757df3c5"", ""unknown"", """", ""context_location"", """", ""contextual""]",deterministic_replay
w/o Global Closure,IFACT-00cef7095d92a9b7a2894e1f,"[""IENTREPAIR-6a6b58a1a9a41a8b0aa797b8"", ""IENT-6ec47e81ae8c0987757df3c5"", ""unknown"", """", ""context_location"", """", ""contextual""]","[""IENT-9db3318698ccd87ff263d725"", ""IENT-6ec47e81ae8c0987757df3c5"", ""unknown"", """", ""context_location"", """", ""contextual""]",deterministic_replay
w/o Risk Routing,IFACT-00cf0866e694ebd227d51fa6,"[""IENT-41877e66c7d93763b8c97d71"", ""IENT-fcc574670287aa6be2f341fe"", ""unknown"", """", ""unknown"", """", ""unresolved""]","[""IENT-41877e66c7d93763b8c97d71"", ""IENT-fcc574670287aa6be2f341fe"", ""unknown"", """", ""unknown"", """", ""contextual""]",deterministic_replay
w/o Risk Routing,IFACT-00cf5368955b80b08c732afc,"[""IENT-6888eddad3054bacc85d03f0"", ""IENT-a10e53507f6db256c6f3b388"", ""unknown"", """", ""unknown"", """", ""unresolved""]","[""IENT-6888eddad3054bacc85d03f0"", ""IENT-a10e53507f6db256c6f3b388"", ""unknown"", """", ""unknown"", """", ""contextual""]",deterministic_replay
w/o Risk Routing,IFACT-00d2cc006a41f3cfa4aedcb3,"[""IENT-1052105eabe6c75e0a9ed57a"", ""IENT-b3749c8142dec3986fe2322c"", ""unknown"", """", ""unknown"", """", ""unresolved""]","[""IENT-1052105eabe6c75e0a9ed57a"", ""IENT-b3749c8142dec3986fe2322c"", ""unknown"", """", ""unknown"", """", ""contextual""]",deterministic_replay
w/o Relation Contract,IFACT-00d371a855f8ffdb9c66512b,"[""IENT-921d8802782f1cc103cbe064"", ""IENT-e69df8147ed66e6c77110bdb"", ""relation_validity"", """", ""relation_location"", """", ""contextual""]","[""IENT-921d8802782f1cc103cbe064"", ""IENT-e69df8147ed66e6c77110bdb"", ""relation_validity"", """", ""relation_location"", """", ""strict_semantic""]",deterministic_replay
w/o Global Closure,IFACT-00d371a855f8ffdb9c66512b,"[""IENT-921d8802782f1cc103cbe064"", ""IENT-e69df8147ed66e6c77110bdb"", ""relation_validity"", """", ""relation_location"", """", ""contextual""]","[""IENT-921d8802782f1cc103cbe064"", ""IENT-e69df8147ed66e6c77110bdb"", ""relation_validity"", """", ""relation_location"", """", ""strict_semantic""]",deterministic_replay
w/o Identity Projection,IFACT-00d567791a46ccabec92fea7,"[""IENT-0de0befa6e74f98c94d09670"", ""IENTREPAIR-09feebbf7c8e912751abb1bc"", ""biographical"", ""IENT-0de0befa6e74f98c94d09670"", ""context_location"", """", ""contextual""]","[""IENT-0de0befa6e74f98c94d09670"", ""IENT-954584862f61b94a2699d2be"", ""biographical"", ""IENT-0de0befa6e74f98c94d09670"", ""context_location"", """", ""contextual""]",deterministic_replay
w/o Global Closure,IFACT-00d567791a46ccabec92fea7,"[""IENT-0de0befa6e74f98c94d09670"", ""IENTREPAIR-09feebbf7c8e912751abb1bc"", ""biographical"", ""IENT-0de0befa6e74f98c94d09670"", ""context_location"", """", ""contextual""]","[""IENT-0de0befa6e74f98c94d09670"", ""IENT-954584862f61b94a2699d2be"", ""biographical"", ""IENT-0de0befa6e74f98c94d09670"", ""context_location"", """", ""contextual""]",deterministic_replay
w/o Risk Routing,IFACT-00d82c8d61babee7314b3ea5,"[""IENT-75322acb33f9ab4a584f66c4"", ""IENT-fe61959d024a69bfff03c433"", ""unknown"", """", ""unknown"", """", ""unresolved""]","[""IENT-75322acb33f9ab4a584f66c4"", ""IENT-fe61959d024a69bfff03c433"", ""unknown"", """", ""unknown"", """", ""contextual""]",deterministic_replay
w/o Relation Contract,IFACT-00d8c6ce877f95f761b847c9,"[""IENT-cbe1e720339161472420e087"", ""IENT-4b60eb852cffb422e60bff3a"", ""unknown"", """", ""unknown"", """", ""contextual""]","[""IENT-cbe1e720339161472420e087"", ""IENT-4b60eb852cffb422e60bff3a"", ""unknown"", """", ""unknown"", """", ""strict_semantic""]",deterministic_replay
w/o Global Closure,IFACT-00d8c6ce877f95f761b847c9,"[""IENT-cbe1e720339161472420e087"", ""IENT-4b60eb852cffb422e60bff3a"", ""unknown"", """", ""unknown"", """", ""contextual""]","[""IENT-cbe1e720339161472420e087"", ""IENT-4b60eb852cffb422e60bff3a"", ""unknown"", """", ""unknown"", """", ""strict_semantic""]",deterministic_replay
w/o Risk Routing,IFACT-00d902444e04779dcbca449b,"[""IENT-15bee14fde283822f84586a6"", ""IENT-caeabcceb3694784bd6f4040"", ""unknown"", """", ""unknown"", """", ""unresolved""]","[""IENT-15bee14fde283822f84586a6"", ""IENT-caeabcceb3694784bd6f4040"", ""unknown"", """", ""unknown"", """", ""contextual""]",deterministic_replay
w/o Risk Routing,IFACT-00d9a667b6e7a08a66db3c56,"[""IENT-8261bf79b227b4e72c84464a"", ""IENT-e902594f668317e9360c7a6c"", ""unknown"", """", ""context_location"", """", ""unresolved""]","[""IENT-8261bf79b227b4e72c84464a"", ""IENT-e902594f668317e9360c7a6c"", ""unknown"", """", ""context_location"", """", ""contextual""]",deterministic_replay
w/o Risk Routing,IFACT-00da8d2a777b08d7ad9fb7d4,"[""IENT-05bf581db40bc1e75381d46e"", ""IENT-36ace22087da85dcc92768ea"", ""unknown"", """", ""unknown"", """", ""unresolved""]","[""IENT-05bf581db40bc1e75381d46e"", ""IENT-36ace22087da85dcc92768ea"", ""unknown"", """", ""unknown"", """", ""strict_semantic""]",deterministic_replay
w/o Risk Routing,IFACT-00dac5eac59adab37b05fa4b,"[""IENT-0ed038cf1dc5aa44db1e6af5"", ""IENT-0616c0fee7841eca4a4d9e12"", ""unknown"", """", ""context_location"", """", ""unresolved""]","[""IENT-0ed038cf1dc5aa44db1e6af5"", ""IENT-0616c0fee7841eca4a4d9e12"", ""unknown"", """", ""context_location"", """", ""contextual""]",deterministic_replay
w/o Risk Routing,IFACT-00db313016ac2a5a8737ac33,"[""ITOPIC-aa1825ec9fa3c7622f86ba5e"", ""ITOPIC-8a4ca74120ce1ec35ff33873"", ""unknown"", """", ""unknown"", """", ""unresolved""]","[""ITOPIC-aa1825ec9fa3c7622f86ba5e"", ""ITOPIC-8a4ca74120ce1ec35ff33873"", ""unknown"", """", ""unknown"", """", ""contextual""]",deterministic_replay
w/o Identity Projection,IFACT-00db7a981fefa9cbb51f4220,"[""IENT-15672b745b89b369bd73fefd"", ""IENTREPAIR-0c2926d3d1ad7f4ac246b07a"", ""unknown"", """", ""unknown"", """", ""contextual""]","[""IENT-15672b745b89b369bd73fefd"", ""IENT-df7962a00d67cc008966edd8"", ""unknown"", """", ""unknown"", """", ""contextual""]",deterministic_replay
w/o Global Closure,IFACT-00db7a981fefa9cbb51f4220,"[""IENT-15672b745b89b369bd73fefd"", ""IENTREPAIR-0c2926d3d1ad7f4ac246b07a"", ""unknown"", """", ""unknown"", """", ""contextual""]","[""IENT-15672b745b89b369bd73fefd"", ""IENT-df7962a00d67cc008966edd8"", ""unknown"", """", ""unknown"", """", ""contextual""]",deterministic_replay
w/o Risk Routing,IFACT-00dbedbe4daa2572deacceae,"[""IENT-3d9a41a64485f82d00a1fc01"", ""IENT-a10e53507f6db256c6f3b388"", ""unknown"", """", ""unknown"", """", ""unresolved""]","[""IENT-3d9a41a64485f82d00a1fc01"", ""IENT-a10e53507f6db256c6f3b388"", ""unknown"", """", ""unknown"", """", ""contextual""]",deterministic_replay
w/o Identity Projection,IFACT-00de6a2f92854f0e0394a2f6,"[""IENT-b5859d6aecf6adfe81abb60c"", ""IENTREPAIR-01d87f5c8ac1d9e4ac1e22b8"", ""biographical"", ""IENT-b5859d6aecf6adfe81abb60c"", ""context_location"", """", ""contextual""]","[""IENT-b5859d6aecf6adfe81abb60c"", ""IENT-1f935a353296c40dbeb6c72a"", ""biographical"", ""IENT-b5859d6aecf6adfe81abb60c"", ""context_location"", """", ""contextual""]",deterministic_replay
w/o Global Closure,IFACT-00de6a2f92854f0e0394a2f6,"[""IENT-b5859d6aecf6adfe81abb60c"", ""IENTREPAIR-01d87f5c8ac1d9e4ac1e22b8"", ""biographical"", ""IENT-b5859d6aecf6adfe81abb60c"", ""context_location"", """", ""contextual""]","[""IENT-b5859d6aecf6adfe81abb60c"", ""IENT-1f935a353296c40dbeb6c72a"", ""biographical"", ""IENT-b5859d6aecf6adfe81abb60c"", ""context_location"", """", ""contextual""]",deterministic_replay
w/o Identity Projection,IFACT-00df09c7d2e504bda581616f,"[""IENT-a909e9ba90b2b257417d205d"", ""IENTREPAIR-039a90901f49dfa119608d72"", ""unknown"", """", ""unknown"", """", ""contextual""]","[""IENT-a909e9ba90b2b257417d205d"", ""IENT-643367a6da6f8c126392b244"", ""unknown"", """", ""unknown"", """", ""contextual""]",deterministic_replay
w/o Global Closure,IFACT-00df09c7d2e504bda581616f,"[""IENT-a909e9ba90b2b257417d205d"", ""IENTREPAIR-039a90901f49dfa119608d72"", ""unknown"", """", ""unknown"", """", ""contextual""]","[""IENT-a909e9ba90b2b257417d205d"", ""IENT-643367a6da6f8c126392b244"", ""unknown"", """", ""unknown"", """", ""contextual""]",deterministic_replay
w/o Risk Routing,IFACT-00df18a6c26e0be116f45662,"[""ITOPIC-67fe979c25d17cac6cc355b7"", ""ITOPIC-4e0c8cd10b48e00359f15606"", ""unknown"", """", ""unknown"", """", ""unresolved""]","[""ITOPIC-67fe979c25d17cac6cc355b7"", ""ITOPIC-4e0c8cd10b48e00359f15606"", ""unknown"", """", ""unknown"", """", ""contextual""]",deterministic_replay
w/o Identity Projection,IFACT-00df9b2ed9b017278afa0154,"[""IENT-c5b3f5aa1832583aee383be9"", ""IENTREPAIR-09feebbf7c8e912751abb1bc"", ""unknown"", """", ""unknown"", """", ""contextual""]","[""IENT-c5b3f5aa1832583aee383be9"", ""IENT-954584862f61b94a2699d2be"", ""unknown"", """", ""unknown"", """", ""contextual""]",deterministic_replay
w/o Global Closure,IFACT-00df9b2ed9b017278afa0154,"[""IENT-c5b3f5aa1832583aee383be9"", ""IENTREPAIR-09feebbf7c8e912751abb1bc"", ""unknown"", """", ""unknown"", """", ""contextual""]","[""IENT-c5b3f5aa1832583aee383be9"", ""IENT-954584862f61b94a2699d2be"", ""unknown"", """", ""unknown"", """", ""contextual""]",deterministic_replay
w/o Risk Routing,IFACT-00e08ba68665eee74983e084,"[""ITOPIC-fc31104529d0988de8664585"", ""ITOPIC-27da154dddf05b205271d76a"", ""unknown"", """", ""unknown"", """", ""unresolved""]","[""ITOPIC-fc31104529d0988de8664585"", ""ITOPIC-27da154dddf05b205271d76a"", ""unknown"", """", ""unknown"", """", ""contextual""]",deterministic_replay
w/o Risk Routing,IFACT-00e140fd019bc6318a3c04d9,"[""IENT-114374ca6f370ec468485511"", ""IENT-f427970988be99d5f32b80f3"", ""unknown"", """", ""context_location"", """", ""unresolved""]","[""IENT-114374ca6f370ec468485511"", ""IENT-f427970988be99d5f32b80f3"", ""unknown"", """", ""context_location"", """", ""contextual""]",deterministic_replay
w/o Risk Routing,IFACT-00e1794ccce789da1e129829,"[""IENT-c7813ae8ca086a81ff696f33"", ""IENT-7e793507c11f71d070217f9a"", ""unknown"", """", ""unknown"", """", ""unresolved""]","[""IENT-c7813ae8ca086a81ff696f33"", ""IENT-7e793507c11f71d070217f9a"", ""unknown"", """", ""unknown"", """", ""contextual""]",deterministic_replay
w/o Identity Projection,IFACT-00e26009e4f15de273956104,"[""IENT-1656cbb8df29cf29b92d5847"", ""IENTREPAIR-36d9a16bd5f71917db19aab3"", ""context_time"", """", ""event_location"", ""IENT-1656cbb8df29cf29b92d5847"", ""contextual""]","[""IENT-1656cbb8df29cf29b92d5847"", ""IENT-dc1540bbdba26757cb523818"", ""context_time"", """", ""event_location"", ""IENT-1656cbb8df29cf29b92d5847"", ""contextual""]",deterministic_replay
w/o Global Closure,IFACT-00e26009e4f15de273956104,"[""IENT-1656cbb8df29cf29b92d5847"", ""IENTREPAIR-36d9a16bd5f71917db19aab3"", ""context_time"", """", ""event_location"", ""IENT-1656cbb8df29cf29b92d5847"", ""contextual""]","[""IENT-1656cbb8df29cf29b92d5847"", ""IENT-dc1540bbdba26757cb523818"", ""context_time"", """", ""event_location"", ""IENT-1656cbb8df29cf29b92d5847"", ""contextual""]",deterministic_replay
w/o Risk Routing,IFACT-00e3015378b56466fdb2fdb8,"[""IENT-703cd3bf616a5188c8a6c3f6"", ""IENT-f0b990326fdd9523db2bfd1b"", ""unknown"", """", ""unknown"", """", ""unresolved""]","[""IENT-703cd3bf616a5188c8a6c3f6"", ""IENT-f0b990326fdd9523db2bfd1b"", ""unknown"", """", ""unknown"", """", ""contextual""]",deterministic_replay
w/o Risk Routing,IFACT-00e3d5d7d487028e2536c371,"[""IENT-afee29a2d67774ff8207c34a"", ""IENT-e2e37837f7eacf8f4c90a24e"", ""unknown"", """", ""unknown"", """", ""unresolved""]","[""IENT-afee29a2d67774ff8207c34a"", ""IENT-e2e37837f7eacf8f4c90a24e"", ""unknown"", """", ""unknown"", """", ""contextual""]",deterministic_replay
w/o Identity Projection,IFACT-00e445510160da60aa2c7f73,"[""IENT-a229ddee454ef6d7526a6b24"", ""IENTREPAIR-1fec471f9d1ad8ca84075201"", ""unknown"", """", ""unknown"", """", ""contextual""]","[""IENT-a229ddee454ef6d7526a6b24"", ""IENT-572dee572a02443af5bb009e"", ""unknown"", """", ""unknown"", """", ""contextual""]",deterministic_replay
w/o Global Closure,IFACT-00e445510160da60aa2c7f73,"[""IENT-a229ddee454ef6d7526a6b24"", ""IENTREPAIR-1fec471f9d1ad8ca84075201"", ""unknown"", """", ""unknown"", """", ""contextual""]","[""IENT-a229ddee454ef6d7526a6b24"", ""IENT-572dee572a02443af5bb009e"", ""unknown"", """", ""unknown"", """", ""contextual""]",deterministic_replay
w/o Identity Projection,IFACT-00e4d6357cdce89223328078,"[""IENT-ac71ccb13ae4d8707a835c26"", ""IENTREPAIR-1fec471f9d1ad8ca84075201"", ""unknown"", """", ""unknown"", """", ""strict_semantic""]","[""IENT-ac71ccb13ae4d8707a835c26"", ""IENT-572dee572a02443af5bb009e"", ""unknown"", """", ""unknown"", """", ""strict_semantic""]",deterministic_replay
w/o Global Closure,IFACT-00e4d6357cdce89223328078,"[""IENT-ac71ccb13ae4d8707a835c26"", ""IENTREPAIR-1fec471f9d1ad8ca84075201"", ""unknown"", """", ""unknown"", """", ""strict_semantic""]","[""IENT-ac71ccb13ae4d8707a835c26"", ""IENT-572dee572a02443af5bb009e"", ""unknown"", """", ""unknown"", """", ""strict_semantic""]",deterministic_replay
w/o Risk Routing,IFACT-00e5e2064ec170c8a6fcf6e4,"[""IENT-7b7d9951dc2c0ed0dc2a08f6"", ""IENT-1afcadac46497c7bdd922534"", ""unknown"", """", ""unknown"", """", ""unresolved""]","[""IENT-7b7d9951dc2c0ed0dc2a08f6"", ""IENT-1afcadac46497c7bdd922534"", ""unknown"", """", ""unknown"", """", ""contextual""]",deterministic_replay
w/o Risk Routing,IFACT-00e69eaffadefd9ad7278907,"[""IENT-a10e53507f6db256c6f3b388"", ""IENT-c8429216faf61e3e40af7bc6"", ""unknown"", """", ""unknown"", """", ""unresolved""]","[""IENT-a10e53507f6db256c6f3b388"", ""IENT-c8429216faf61e3e40af7bc6"", ""unknown"", """", ""unknown"", """", ""contextual""]",deterministic_replay
w/o Identity Projection,IFACT-00e6aa98c2e717b2f290fb45,"[""ITOPIC-581afa236679c6868842bd89"", ""IENT-5bc4bc9be7c176e8ffdba236"", ""unknown"", """", ""unknown"", """", ""contextual""]","[""IENT-904bc6cdfad11c45b83eb11b"", ""IENT-5bc4bc9be7c176e8ffdba236"", ""unknown"", """", ""unknown"", """", ""contextual""]",deterministic_replay
w/o Global Closure,IFACT-00e6aa98c2e717b2f290fb45,"[""ITOPIC-581afa236679c6868842bd89"", ""IENT-5bc4bc9be7c176e8ffdba236"", ""unknown"", """", ""unknown"", """", ""contextual""]","[""IENT-904bc6cdfad11c45b83eb11b"", ""IENT-5bc4bc9be7c176e8ffdba236"", ""unknown"", """", ""unknown"", """", ""contextual""]",deterministic_replay
w/o Identity Projection,IFACT-00e8ea893444eb0ed6b2cc93,"[""IENT-6d8f289e9708d99f48395dac"", ""IENTREPAIR-0e46da99cd90ad094d574862"", ""unknown"", """", ""unknown"", """", ""contextual""]","[""IENT-6d8f289e9708d99f48395dac"", ""IENT-158e005cc87417b5cd744b0f"", ""unknown"", """", ""unknown"", """", ""contextual""]",deterministic_replay
w/o Global Closure,IFACT-00e8ea893444eb0ed6b2cc93,"[""IENT-6d8f289e9708d99f48395dac"", ""IENTREPAIR-0e46da99cd90ad094d574862"", ""unknown"", """", ""unknown"", """", ""contextual""]","[""IENT-6d8f289e9708d99f48395dac"", ""IENT-158e005cc87417b5cd744b0f"", ""unknown"", """", ""unknown"", """", ""contextual""]",deterministic_replay
w/o Identity Projection,IFACT-00eab065e19f7b9a44556118,"[""IENT-3a97ff347088baba2808a48c"", ""ITOPIC-581afa236679c6868842bd89"", ""unknown"", """", ""unknown"", """", ""strict_semantic""]","[""IENT-3a97ff347088baba2808a48c"", ""IENT-904bc6cdfad11c45b83eb11b"", ""unknown"", """", ""unknown"", """", ""strict_semantic""]",deterministic_replay
w/o Global Closure,IFACT-00eab065e19f7b9a44556118,"[""IENT-3a97ff347088baba2808a48c"", ""ITOPIC-581afa236679c6868842bd89"", ""unknown"", """", ""unknown"", """", ""strict_semantic""]","[""IENT-3a97ff347088baba2808a48c"", ""IENT-904bc6cdfad11c45b83eb11b"", ""unknown"", """", ""unknown"", """", ""strict_semantic""]",deterministic_replay
w/o Risk Routing,IFACT-00eb5d294d86f5777f94e19b,"[""IENT-5ad406797192caf73c4ffd29"", ""IENT-09ad750c27f40ebb4b5c46e2"", ""unknown"", """", ""unknown"", """", ""unresolved""]","[""IENT-5ad406797192caf73c4ffd29"", ""IENT-09ad750c27f40ebb4b5c46e2"", ""unknown"", """", ""unknown"", """", ""contextual""]",deterministic_replay
w/o Risk Routing,IFACT-00eb6b59ea1ee24a0cdfd7d8,"[""IENT-0205e4425c586e752cbc4121"", ""IENT-6b201141917b4d85a367e84e"", ""unknown"", """", ""unknown"", """", ""unresolved""]","[""IENT-0205e4425c586e752cbc4121"", ""IENT-6b201141917b4d85a367e84e"", ""unknown"", """", ""unknown"", """", ""contextual""]",deterministic_replay
w/o Identity Projection,IFACT-00ebf8bfe97ad2c78b788a6b,"[""IENT-7f88e5a17088bad386964804"", ""ITOPIC-581afa236679c6868842bd89"", ""unknown"", """", ""context_location"", """", ""contextual""]","[""IENT-7f88e5a17088bad386964804"", ""IENT-904bc6cdfad11c45b83eb11b"", ""unknown"", """", ""context_location"", """", ""contextual""]",deterministic_replay
w/o Global Closure,IFACT-00ebf8bfe97ad2c78b788a6b,"[""IENT-7f88e5a17088bad386964804"", ""ITOPIC-581afa236679c6868842bd89"", ""unknown"", """", ""context_location"", """", ""contextual""]","[""IENT-7f88e5a17088bad386964804"", ""IENT-904bc6cdfad11c45b83eb11b"", ""unknown"", """", ""context_location"", """", ""contextual""]",deterministic_replay
w/o Risk Routing,IFACT-00eca1699bb839538b8ee6c6,"[""IENT-766430cfce5a8f57dac8f4bc"", ""IENT-3be5d5610540bad1d6782ca0"", ""context_time"", """", ""unknown"", """", ""unresolved""]","[""IENT-766430cfce5a8f57dac8f4bc"", ""IENT-3be5d5610540bad1d6782ca0"", ""context_time"", """", ""unknown"", """", ""contextual""]",deterministic_replay
w/o Relation Contract,IFACT-00ecc131e889ca3d318361df,"[""IENT-6b65c20fea0429717505c21e"", ""IENT-dcc2aedf967dbaa000e55c95"", ""unknown"", """", ""unknown"", """", ""contextual""]","[""IENT-6b65c20fea0429717505c21e"", ""IENT-dcc2aedf967dbaa000e55c95"", ""unknown"", """", ""unknown"", """", ""strict_semantic""]",deterministic_replay
w/o Global Closure,IFACT-00ecc131e889ca3d318361df,"[""IENT-6b65c20fea0429717505c21e"", ""IENT-dcc2aedf967dbaa000e55c95"", ""unknown"", """", ""unknown"", """", ""contextual""]","[""IENT-6b65c20fea0429717505c21e"", ""IENT-dcc2aedf967dbaa000e55c95"", ""unknown"", """", ""unknown"", """", ""strict_semantic""]",deterministic_replay
w/o Identity Projection,IFACT-00ed29fd4279c926f17bb0df,"[""IENT-861f5f2e632e7db41a816603"", ""IENTREPAIR-6a6b58a1a9a41a8b0aa797b8"", ""unknown"", """", ""unknown"", """", ""strict_semantic""]","[""IENT-861f5f2e632e7db41a816603"", ""IENT-9db3318698ccd87ff263d725"", ""unknown"", """", ""unknown"", """", ""strict_semantic""]",deterministic_replay
w/o Global Closure,IFACT-00ed29fd4279c926f17bb0df,"[""IENT-861f5f2e632e7db41a816603"", ""IENTREPAIR-6a6b58a1a9a41a8b0aa797b8"", ""unknown"", """", ""unknown"", """", ""strict_semantic""]","[""IENT-861f5f2e632e7db41a816603"", ""IENT-9db3318698ccd87ff263d725"", ""unknown"", """", ""unknown"", """", ""strict_semantic""]",deterministic_replay
w/o Risk Routing,IFACT-00eef0c69faeccab4a299f7c,"[""IENT-dbd1a01c97fc63aac4b9d9e1"", ""IENT-c203d435a368c34df413e868"", ""context_time"", """", ""context_location"", """", ""unresolved""]","[""IENT-dbd1a01c97fc63aac4b9d9e1"", ""IENT-c203d435a368c34df413e868"", ""context_time"", """", ""context_location"", """", ""contextual""]",deterministic_replay
w/o Risk Routing,IFACT-00ef9a60ddf2c3ec2007c04a,"[""ITOPIC-658f6985d9c1bbeaf2fbaf91"", ""IENT-1a652f539414faac07716c77"", ""unknown"", """", ""unknown"", """", ""unresolved""]","[""ITOPIC-658f6985d9c1bbeaf2fbaf91"", ""IENT-1a652f539414faac07716c77"", ""unknown"", """", ""unknown"", """", ""contextual""]",deterministic_replay
w/o Risk Routing,IFACT-00f0ab0e9d5c554c057a765d,"[""IENT-0e73e1e806ebc5ef91147455"", ""IENT-ad933fee79808f57c635383c"", ""unknown"", """", ""unknown"", """", ""unresolved""]","[""IENT-0e73e1e806ebc5ef91147455"", ""IENT-ad933fee79808f57c635383c"", ""unknown"", """", ""unknown"", """", ""contextual""]",deterministic_replay
w/o Risk Routing,IFACT-00f1dac4e5da022897e489ed,"[""IENT-766430cfce5a8f57dac8f4bc"", ""IENT-22e16e382262c24e4318cf46"", ""unknown"", """", ""unknown"", """", ""unresolved""]","[""IENT-766430cfce5a8f57dac8f4bc"", ""IENT-22e16e382262c24e4318cf46"", ""unknown"", """", ""unknown"", """", ""contextual""]",deterministic_replay
w/o Identity Projection,IFACT-00f31d8da16867cd5a6df2c6,"[""IENT-c74331924f9407187660863e"", ""IENTREPAIR-2a955010dbce56bc68e48204"", ""unknown"", """", ""unknown"", """", ""contextual""]","[""IENT-c74331924f9407187660863e"", ""IENT-822e500f1bc05be8b28e5f8a"", ""unknown"", """", ""unknown"", """", ""contextual""]",deterministic_replay
w/o Global Closure,IFACT-00f31d8da16867cd5a6df2c6,"[""IENT-c74331924f9407187660863e"", ""IENTREPAIR-2a955010dbce56bc68e48204"", ""unknown"", """", ""unknown"", """", ""contextual""]","[""IENT-c74331924f9407187660863e"", ""IENT-822e500f1bc05be8b28e5f8a"", ""unknown"", """", ""unknown"", """", ""contextual""]",deterministic_replay
w/o Identity Projection,IFACT-00f41fa8ac8df1a06d3d2751,"[""IENT-b1a7b31b3b7c803d4791721b"", ""IENTREPAIR-0d7d531d5925d828e66a532f"", ""unknown"", """", ""unknown"", """", ""strict_semantic""]","[""IENT-b1a7b31b3b7c803d4791721b"", ""IENT-002939e89b8211373b03845a"", ""unknown"", """", ""unknown"", """", ""strict_semantic""]",deterministic_replay
w/o Global Closure,IFACT-00f41fa8ac8df1a06d3d2751,"[""IENT-b1a7b31b3b7c803d4791721b"", ""IENTREPAIR-0d7d531d5925d828e66a532f"", ""unknown"", """", ""unknown"", """", ""strict_semantic""]","[""IENT-b1a7b31b3b7c803d4791721b"", ""IENT-002939e89b8211373b03845a"", ""unknown"", """", ""unknown"", """", ""strict_semantic""]",deterministic_replay
w/o Risk Routing,IFACT-00f4dbb7bf3a2e5a72abf984,"[""IENT-9d42608f13ba1cd00e154fce"", ""IENT-072f956e8cf1ef67f6f0d2a5"", ""unknown"", """", ""unknown"", """", ""unresolved""]","[""IENT-9d42608f13ba1cd00e154fce"", ""IENT-072f956e8cf1ef67f6f0d2a5"", ""unknown"", """", ""unknown"", """", ""contextual""]",deterministic_replay
w/o Risk Routing,IFACT-00f4f563b02cde61f9d557b4,"[""IENT-7660cd9e7c92a5f2a4e2116f"", ""IENT-171d73a0887041ecc5f3b360"", ""unknown"", """", ""relation_location"", """", ""unresolved""]","[""IENT-7660cd9e7c92a5f2a4e2116f"", ""IENT-171d73a0887041ecc5f3b360"", ""unknown"", """", ""relation_location"", """", ""strict_semantic""]",deterministic_replay
w/o Identity Projection,IFACT-00f4f563b02cde61f9d557b4,"[""IENT-7660cd9e7c92a5f2a4e2116f"", ""IENT-171d73a0887041ecc5f3b360"", ""unknown"", """", ""relation_location"", """", ""unresolved""]","[""IENT-7660cd9e7c92a5f2a4e2116f"", ""IENT-c9c7df3cf91d3363caef01ad"", ""unknown"", """", ""relation_location"", """", ""unresolved""]",deterministic_replay
w/o Global Closure,IFACT-00f4f563b02cde61f9d557b4,"[""IENT-7660cd9e7c92a5f2a4e2116f"", ""IENT-171d73a0887041ecc5f3b360"", ""unknown"", """", ""relation_location"", """", ""unresolved""]","[""IENT-7660cd9e7c92a5f2a4e2116f"", ""IENT-c9c7df3cf91d3363caef01ad"", ""unknown"", """", ""relation_location"", """", ""unresolved""]",deterministic_replay
w/o Risk Routing,IFACT-00f4fbad8c26e0c1c5b385dc,"[""IENT-84c46ed3e322773ba6611fe7"", ""IENT-ba66ab15a58900b9a54b0f95"", ""unknown"", """", ""unknown"", """", ""unresolved""]","[""IENT-84c46ed3e322773ba6611fe7"", ""IENT-ba66ab15a58900b9a54b0f95"", ""unknown"", """", ""unknown"", """", ""contextual""]",deterministic_replay
w/o Risk Routing,IFACT-00f57306a04e8b4fd7082a08,"[""IENT-4147164f0f6fe9290c301591"", ""IENT-705b09d971299d83d499f619"", ""relation_validity"", """", ""relation_location"", """", ""unresolved""]","[""IENT-4147164f0f6fe9290c301591"", ""IENT-705b09d971299d83d499f619"", ""relation_validity"", """", ""relation_location"", """", ""contextual""]",deterministic_replay
w/o Role-owner Closure,IFACT-00f57306a04e8b4fd7082a08,"[""IENT-4147164f0f6fe9290c301591"", ""IENT-705b09d971299d83d499f619"", ""relation_validity"", """", ""relation_location"", """", ""unresolved""]","[""IENT-4147164f0f6fe9290c301591"", ""IENT-705b09d971299d83d499f619"", ""event_occurrence"", ""IENT-4147164f0f6fe9290c301591"", ""event_location"", ""IENT-4147164f0f6fe9290c301591"", ""unresolved""]",deterministic_replay
w/o Global Closure,IFACT-00f57306a04e8b4fd7082a08,"[""IENT-4147164f0f6fe9290c301591"", ""IENT-705b09d971299d83d499f619"", ""relation_validity"", """", ""relation_location"", """", ""unresolved""]","[""IENT-4147164f0f6fe9290c301591"", ""IENT-705b09d971299d83d499f619"", ""event_occurrence"", ""IENT-4147164f0f6fe9290c301591"", ""event_location"", ""IENT-4147164f0f6fe9290c301591"", ""unresolved""]",deterministic_replay
w/o Risk Routing,IFACT-00f78feeb1ca7b2526b6a675,"[""IENT-33844aa07daa36cc79ea9a44"", ""IENT-3019e773c4785bb60aae0271"", ""unknown"", """", ""unknown"", """", ""unresolved""]","[""IENT-33844aa07daa36cc79ea9a44"", ""IENT-3019e773c4785bb60aae0271"", ""unknown"", """", ""unknown"", """", ""contextual""]",deterministic_replay
w/o Risk Routing,IFACT-00f9d2ab4d4bbba56ee91eb5,"[""ITOPIC-b3f38d128acce9a191bccafe"", ""ITOPIC-216577f39ecfb2278a68b963"", ""unknown"", """", ""unknown"", """", ""unresolved""]","[""ITOPIC-b3f38d128acce9a191bccafe"", ""ITOPIC-216577f39ecfb2278a68b963"", ""unknown"", """", ""unknown"", """", ""contextual""]",deterministic_replay
w/o Identity Projection,IFACT-00fa7920ff3183492caa0358,"[""IENT-a9e9c6f8a674e1d174b5b65e"", ""IENTREPAIR-f1ce0d99bf11b22c85f7669c"", ""unknown"", """", ""unknown"", """", ""contextual""]","[""IENT-a9e9c6f8a674e1d174b5b65e"", ""IENT-956f9a161bba3b5c61d0a4ee"", ""unknown"", """", ""unknown"", """", ""contextual""]",deterministic_replay
w/o Global Closure,IFACT-00fa7920ff3183492caa0358,"[""IENT-a9e9c6f8a674e1d174b5b65e"", ""IENTREPAIR-f1ce0d99bf11b22c85f7669c"", ""unknown"", """", ""unknown"", """", ""contextual""]","[""IENT-a9e9c6f8a674e1d174b5b65e"", ""IENT-956f9a161bba3b5c61d0a4ee"", ""unknown"", """", ""unknown"", """", ""contextual""]",deterministic_replay
w/o Risk Routing,IFACT-00fa8aaceae6c4edf44e4106,"[""IENT-77cdaed7e2c5c24f42fcf681"", ""IENT-7cb574f1f58b7c8960eaf032"", ""unknown"", """", ""unknown"", """", ""unresolved""]","[""IENT-77cdaed7e2c5c24f42fcf681"", ""IENT-7cb574f1f58b7c8960eaf032"", ""unknown"", """", ""unknown"", """", ""contextual""]",deterministic_replay
w/o Risk Routing,IFACT-00fb586c0f6b483f0ce9ed8b,"[""IENT-87c0c0d6b57244b5c5cf83f5"", ""IENT-b3045aa20c7d8d57af5c11fc"", ""unknown"", """", ""unknown"", """", ""unresolved""]","[""IENT-87c0c0d6b57244b5c5cf83f5"", ""IENT-b3045aa20c7d8d57af5c11fc"", ""unknown"", """", ""unknown"", """", ""contextual""]",deterministic_replay
w/o Risk Routing,IFACT-00fcaa4f7eab303dfc9d141f,"[""IENT-1686ba0e4f28fdf8d7c8d1b3"", ""IENTREPAIR-8d424ea2dffa1fb7eec4c91a"", ""unknown"", """", ""context_location"", """", ""unresolved""]","[""IENT-1686ba0e4f28fdf8d7c8d1b3"", ""IENTREPAIR-8d424ea2dffa1fb7eec4c91a"", ""unknown"", """", ""context_location"", """", ""contextual""]",deterministic_replay
w/o Identity Projection,IFACT-00fcaa4f7eab303dfc9d141f,"[""IENT-1686ba0e4f28fdf8d7c8d1b3"", ""IENTREPAIR-8d424ea2dffa1fb7eec4c91a"", ""unknown"", """", ""context_location"", """", ""unresolved""]","[""IENT-1686ba0e4f28fdf8d7c8d1b3"", ""IENT-b33dd343bc5da1704438bc2c"", ""unknown"", """", ""context_location"", """", ""unresolved""]",deterministic_replay
w/o Global Closure,IFACT-00fcaa4f7eab303dfc9d141f,"[""IENT-1686ba0e4f28fdf8d7c8d1b3"", ""IENTREPAIR-8d424ea2dffa1fb7eec4c91a"", ""unknown"", """", ""context_location"", """", ""unresolved""]","[""IENT-1686ba0e4f28fdf8d7c8d1b3"", ""IENT-b33dd343bc5da1704438bc2c"", ""unknown"", """", ""context_location"", """", ""unresolved""]",deterministic_replay
w/o Risk Routing,IFACT-00fe13eed4457370b9f75b71,"[""ITOPIC-687d817b657a1029d98d7022"", ""IENT-1123e0066dc65506f1723290"", ""unknown"", """", ""unknown"", """", ""unresolved""]","[""ITOPIC-687d817b657a1029d98d7022"", ""IENT-1123e0066dc65506f1723290"", ""unknown"", """", ""unknown"", """", ""contextual""]",deterministic_replay
w/o Risk Routing,IFACT-00fecce197bc93d08321276b,"[""ITOPIC-f6403639a869576b32be8a47"", ""ITOPIC-8f20f8dc81fbbdeb46198dd6"", ""unknown"", """", ""unknown"", """", ""unresolved""]","[""ITOPIC-f6403639a869576b32be8a47"", ""ITOPIC-8f20f8dc81fbbdeb46198dd6"", ""unknown"", """", ""unknown"", """", ""contextual""]",deterministic_replay
w/o Risk Routing,IFACT-00fedaed2f3f7bb87e862d67,"[""IENT-efccad5add2dbcffdd3fbaed"", ""IENT-9ce7ccbffacb3e2059a706f1"", ""unknown"", """", ""context_location"", """", ""unresolved""]","[""IENT-efccad5add2dbcffdd3fbaed"", ""IENT-9ce7ccbffacb3e2059a706f1"", ""unknown"", """", ""context_location"", """", ""contextual""]",deterministic_replay
w/o Risk Routing,IFACT-00fee7a473257e552fc4d6cd,"[""ITOPIC-e18d159be49e42c7ba8210bb"", ""IENT-c97ed2b1c8ca169932dc3134"", ""unknown"", """", ""unknown"", """", ""unresolved""]","[""ITOPIC-e18d159be49e42c7ba8210bb"", ""IENT-c97ed2b1c8ca169932dc3134"", ""unknown"", """", ""unknown"", """", ""contextual""]",deterministic_replay
w/o Risk Routing,IFACT-01043d29b595020c362112e5,"[""IENT-fd0a227075fdc58c4b89ea9e"", ""IENTREPAIR-f47625f027b2d2e8e6a137df"", ""unknown"", """", ""context_location"", """", ""unresolved""]","[""IENT-fd0a227075fdc58c4b89ea9e"", ""IENTREPAIR-f47625f027b2d2e8e6a137df"", ""unknown"", """", ""context_location"", """", ""contextual""]",deterministic_replay
w/o Identity Projection,IFACT-01043d29b595020c362112e5,"[""IENT-fd0a227075fdc58c4b89ea9e"", ""IENTREPAIR-f47625f027b2d2e8e6a137df"", ""unknown"", """", ""context_location"", """", ""unresolved""]","[""IENT-fd0a227075fdc58c4b89ea9e"", ""IENT-5990ad11479bb44c9354d2c3"", ""unknown"", """", ""context_location"", """", ""unresolved""]",deterministic_replay
w/o Global Closure,IFACT-01043d29b595020c362112e5,"[""IENT-fd0a227075fdc58c4b89ea9e"", ""IENTREPAIR-f47625f027b2d2e8e6a137df"", ""unknown"", """", ""context_location"", """", ""unresolved""]","[""IENT-fd0a227075fdc58c4b89ea9e"", ""IENT-5990ad11479bb44c9354d2c3"", ""unknown"", """", ""context_location"", """", ""unresolved""]",deterministic_replay
w/o Risk Routing,IFACT-01044f686e01876e8addc2f5,"[""IENT-fed74ededbf679ac0977a2bb"", ""IENT-c43d60fdceadca69dc69419e"", ""unknown"", """", ""unknown"", """", ""unresolved""]","[""IENT-fed74ededbf679ac0977a2bb"", ""IENT-c43d60fdceadca69dc69419e"", ""unknown"", """", ""unknown"", """", ""contextual""]",deterministic_replay
w/o Risk Routing,IFACT-0107d966223ecfbd7f42053c,"[""IENT-4bd51a45e2d5f3de26aa359b"", ""IENT-89db931d4757204bfba11d1d"", ""unknown"", """", ""unknown"", """", ""unresolved""]","[""IENT-4bd51a45e2d5f3de26aa359b"", ""IENT-89db931d4757204bfba11d1d"", ""unknown"", """", ""unknown"", """", ""contextual""]",deterministic_replay
w/o Risk Routing,IFACT-0108188e383698b6529c66d4,"[""IENT-bd942836b963e2c727340ff3"", ""IENT-ff302fa95c95ad8e52f6f0f0"", ""unknown"", """", ""unknown"", """", ""unresolved""]","[""IENT-bd942836b963e2c727340ff3"", ""IENT-ff302fa95c95ad8e52f6f0f0"", ""unknown"", """", ""unknown"", """", ""contextual""]",deterministic_replay
w/o Risk Routing,IFACT-01083e514a826e7bc3cf56f4,"[""IENT-81179f076908117809c5f3ab"", ""IENT-07d58eade41a0e2a18f7a151"", ""unknown"", """", ""unknown"", """", ""unresolved""]","[""IENT-81179f076908117809c5f3ab"", ""IENT-07d58eade41a0e2a18f7a151"", ""unknown"", """", ""unknown"", """", ""strict_semantic""]",deterministic_replay
w/o Risk Routing,IFACT-010acc74ffdc70b1811d311e,"[""IENT-a4eb6fd475708ad0fd3079b4"", ""IENT-f0bc9b5053ae6f3084b5b934"", ""unknown"", """", ""context_location"", """", ""unresolved""]","[""IENT-a4eb6fd475708ad0fd3079b4"", ""IENT-f0bc9b5053ae6f3084b5b934"", ""unknown"", """", ""context_location"", """", ""contextual""]",deterministic_replay
w/o Risk Routing,IFACT-010bb39c7fad519efaf1d0c7,"[""IENT-c80c17e211ab0bcdcbda82e0"", ""IENT-d09aadc178ea6d6660c4e77c"", ""unknown"", """", ""unknown"", """", ""unresolved""]","[""IENT-c80c17e211ab0bcdcbda82e0"", ""IENT-d09aadc178ea6d6660c4e77c"", ""unknown"", """", ""unknown"", """", ""contextual""]",deterministic_replay
w/o Risk Routing,IFACT-010d509f5338f37d5028cc02,"[""IENT-ec9ad6cc204b6403fcf03fa2"", ""IENT-a10e53507f6db256c6f3b388"", ""context_time"", """", ""context_location"", """", ""unresolved""]","[""IENT-ec9ad6cc204b6403fcf03fa2"", ""IENT-a10e53507f6db256c6f3b388"", ""context_time"", """", ""context_location"", """", ""contextual""]",deterministic_replay
w/o Risk Routing,IFACT-010def5a3d1e12fb1d5c272e,"[""IENT-27b0bd0ea2ac300ee9ee5f17"", ""IENT-bfb874a91e2db17794ec1dc2"", ""unknown"", """", ""unknown"", """", ""unresolved""]","[""IENT-27b0bd0ea2ac300ee9ee5f17"", ""IENT-bfb874a91e2db17794ec1dc2"", ""unknown"", """", ""unknown"", """", ""strict_semantic""]",deterministic_replay
w/o Risk Routing,IFACT-010e056a4178bcf01763a384,"[""IENT-e51a1d34d30d769cda351d4a"", ""IENT-11faf7ee9836049bbedf1366"", ""unknown"", """", ""unknown"", """", ""unresolved""]","[""IENT-e51a1d34d30d769cda351d4a"", ""IENT-11faf7ee9836049bbedf1366"", ""unknown"", """", ""unknown"", """", ""contextual""]",deterministic_replay
w/o Identity Projection,IFACT-010e18dd50a786ecfd49ef71,"[""IENT-74607a99548abd2209a9ec3e"", ""IENTREPAIR-0c9bc65d860aed7cac21f6a0"", ""unknown"", """", ""context_location"", """", ""contextual""]","[""IENT-74607a99548abd2209a9ec3e"", ""IENT-094050860d8cb2c7a97f8567"", ""unknown"", """", ""context_location"", """", ""contextual""]",deterministic_replay
w/o Global Closure,IFACT-010e18dd50a786ecfd49ef71,"[""IENT-74607a99548abd2209a9ec3e"", ""IENTREPAIR-0c9bc65d860aed7cac21f6a0"", ""unknown"", """", ""context_location"", """", ""contextual""]","[""IENT-74607a99548abd2209a9ec3e"", ""IENT-094050860d8cb2c7a97f8567"", ""unknown"", """", ""context_location"", """", ""contextual""]",deterministic_replay
w/o Risk Routing,IFACT-0110616b0fe4da9f5dbd43b7,"[""IENT-ef64ecd80d47915194d9c4e1"", ""IENT-dba0818592f7d1c1d5f0a2ba"", ""unknown"", """", ""context_location"", """", ""unresolved""]","[""IENT-ef64ecd80d47915194d9c4e1"", ""IENT-dba0818592f7d1c1d5f0a2ba"", ""unknown"", """", ""context_location"", """", ""contextual""]",deterministic_replay
w/o Identity Projection,IFACT-01126c05b7e9f7495e18f507,"[""IENT-aa768cf99c5c85562f94dd52"", ""IENTREPAIR-e40e0ee9f9588981a6f7eac7"", ""unknown"", """", ""unknown"", """", ""contextual""]","[""IENT-aa768cf99c5c85562f94dd52"", ""IENT-5dc9ff761588ddc85737ad43"", ""unknown"", """", ""unknown"", """", ""contextual""]",deterministic_replay
w/o Global Closure,IFACT-01126c05b7e9f7495e18f507,"[""IENT-aa768cf99c5c85562f94dd52"", ""IENTREPAIR-e40e0ee9f9588981a6f7eac7"", ""unknown"", """", ""unknown"", """", ""contextual""]","[""IENT-aa768cf99c5c85562f94dd52"", ""IENT-5dc9ff761588ddc85737ad43"", ""unknown"", """", ""unknown"", """", ""contextual""]",deterministic_replay
w/o Risk Routing,IFACT-0112ae4f5806590a8b189919,"[""IENT-661073ee0b7cb929412537db"", ""IENT-bfb874a91e2db17794ec1dc2"", ""unknown"", """", ""unknown"", """", ""unresolved""]","[""IENT-661073ee0b7cb929412537db"", ""IENT-bfb874a91e2db17794ec1dc2"", ""unknown"", """", ""unknown"", """", ""contextual""]",deterministic_replay
w/o Risk Routing,IFACT-0113d7c127141f78e6451c4b,"[""IENT-d2c80abb97b08b937cb1dcb3"", ""IENT-a10e53507f6db256c6f3b388"", ""unknown"", """", ""context_location"", """", ""unresolved""]","[""IENT-d2c80abb97b08b937cb1dcb3"", ""IENT-a10e53507f6db256c6f3b388"", ""unknown"", """", ""context_location"", """", ""contextual""]",deterministic_replay
w/o Identity Projection,IFACT-0114136a96379f3922d636b5,"[""IENT-1b2e80d42aae594892d7cfff"", ""IENTREPAIR-6a6b58a1a9a41a8b0aa797b8"", ""unknown"", """", ""unknown"", """", ""contextual""]","[""IENT-1b2e80d42aae594892d7cfff"", ""IENT-9db3318698ccd87ff263d725"", ""unknown"", """", ""unknown"", """", ""contextual""]",deterministic_replay
w/o Global Closure,IFACT-0114136a96379f3922d636b5,"[""IENT-1b2e80d42aae594892d7cfff"", ""IENTREPAIR-6a6b58a1a9a41a8b0aa797b8"", ""unknown"", """", ""unknown"", """", ""contextual""]","[""IENT-1b2e80d42aae594892d7cfff"", ""IENT-9db3318698ccd87ff263d725"", ""unknown"", """", ""unknown"", """", ""contextual""]",deterministic_replay
w/o Risk Routing,IFACT-01152f6c3cb22b34b8026640,"[""IENT-c54821135ed4a3a730e71725"", ""IENT-7b3b0b90040d0c076aed94bc"", ""unknown"", """", ""unknown"", """", ""unresolved""]","[""IENT-c54821135ed4a3a730e71725"", ""IENT-7b3b0b90040d0c076aed94bc"", ""unknown"", """", ""unknown"", """", ""contextual""]",deterministic_replay
w/o Risk Routing,IFACT-011613d2b9f834de945f7c25,"[""IENT-bb4ad9efd8a84888e29a80dc"", ""IENT-218e8714de2774eba8fe0d66"", ""context_time"", """", ""context_location"", """", ""unresolved""]","[""IENT-bb4ad9efd8a84888e29a80dc"", ""IENT-218e8714de2774eba8fe0d66"", ""context_time"", """", ""context_location"", """", ""contextual""]",deterministic_replay
w/o Risk Routing,IFACT-011665de9bb8e62759b158c8,"[""IENT-b20351a985f55a59e54ac750"", ""IENT-f5d4ccddecaa25e4c5719756"", ""unknown"", """", ""unknown"", """", ""unresolved""]","[""IENT-b20351a985f55a59e54ac750"", ""IENT-f5d4ccddecaa25e4c5719756"", ""unknown"", """", ""unknown"", """", ""contextual""]",deterministic_replay
w/o Risk Routing,IFACT-0116c33da70e654bc9b86934,"[""IENT-7de6e1ab07b5c666b3139b72"", ""IENT-4c9fcc395a056e0289858e44"", ""unknown"", """", ""unknown"", """", ""unresolved""]","[""IENT-7de6e1ab07b5c666b3139b72"", ""IENT-4c9fcc395a056e0289858e44"", ""unknown"", """", ""unknown"", """", ""contextual""]",deterministic_replay
w/o Risk Routing,IFACT-011817273ebe66784595465c,"[""IENT-4cb74116b36d5a75090c3b68"", ""IENT-3207765b031b249a129545e4"", ""unknown"", """", ""unknown"", """", ""unresolved""]","[""IENT-4cb74116b36d5a75090c3b68"", ""IENT-3207765b031b249a129545e4"", ""unknown"", """", ""unknown"", """", ""contextual""]",deterministic_replay
w/o Risk Routing,IFACT-01195d0a89b1060c2f62faa7,"[""ITOPIC-19999463de08595784f14d28"", ""IENT-ce31b73b9f68fa532de76e0b"", ""unknown"", """", ""unknown"", """", ""unresolved""]","[""ITOPIC-19999463de08595784f14d28"", ""IENT-ce31b73b9f68fa532de76e0b"", ""unknown"", """", ""unknown"", """", ""contextual""]",deterministic_replay
w/o Risk Routing,IFACT-011bbca1f216c7725e319053,"[""IENT-84063fe06bbb4dc53ee71d7a"", ""IENT-766430cfce5a8f57dac8f4bc"", ""unknown"", """", ""context_location"", """", ""unresolved""]","[""IENT-84063fe06bbb4dc53ee71d7a"", ""IENT-766430cfce5a8f57dac8f4bc"", ""unknown"", """", ""context_location"", """", ""contextual""]",deterministic_replay
w/o Risk Routing,IFACT-011c3d14ac7e04123a7fc16a,"[""IENT-f0b990326fdd9523db2bfd1b"", ""IENT-724d667c85c171636f8e0b3a"", ""unknown"", """", ""unknown"", """", ""unresolved""]","[""IENT-f0b990326fdd9523db2bfd1b"", ""IENT-724d667c85c171636f8e0b3a"", ""unknown"", """", ""unknown"", """", ""contextual""]",deterministic_replay
w/o Identity Projection,IFACT-011c6177867f331bb691991a,"[""IENTREPAIR-3bc85850d34785866d3e678c"", ""IENT-003f817d4f752a3d89e57e38"", ""unknown"", """", ""unknown"", """", ""contextual""]","[""IENT-d231e36da0cc209101ca299f"", ""IENT-003f817d4f752a3d89e57e38"", ""unknown"", """", ""unknown"", """", ""contextual""]",deterministic_replay
w/o Global Closure,IFACT-011c6177867f331bb691991a,"[""IENTREPAIR-3bc85850d34785866d3e678c"", ""IENT-003f817d4f752a3d89e57e38"", ""unknown"", """", ""unknown"", """", ""contextual""]","[""IENT-d231e36da0cc209101ca299f"", ""IENT-003f817d4f752a3d89e57e38"", ""unknown"", """", ""unknown"", """", ""contextual""]",deterministic_replay
w/o Identity Projection,IFACT-011c8e1e11368b2fb718f7e9,"[""IENT-179d0f569b07d70bea9216cc"", ""IENT-0d573fe365328aefa473ef9b"", ""unknown"", """", ""unknown"", """", ""contextual""]","[""IENT-179d0f569b07d70bea9216cc"", ""IENT-3ddd8b2a6a26a3c32bad26da"", ""unknown"", """", ""unknown"", """", ""contextual""]",deterministic_replay
w/o Global Closure,IFACT-011c8e1e11368b2fb718f7e9,"[""IENT-179d0f569b07d70bea9216cc"", ""IENT-0d573fe365328aefa473ef9b"", ""unknown"", """", ""unknown"", """", ""contextual""]","[""IENT-179d0f569b07d70bea9216cc"", ""IENT-3ddd8b2a6a26a3c32bad26da"", ""unknown"", """", ""unknown"", """", ""contextual""]",deterministic_replay
w/o Identity Projection,IFACT-011ca0e8cab100620c9d1833,"[""IENT-7bbd2bd7ca08db9fb22db0ba"", ""IENTREPAIR-53c6568dd98ba157240d299a"", ""context_time"", """", ""context_location"", """", ""contextual""]","[""IENT-7bbd2bd7ca08db9fb22db0ba"", ""IENT-9839c90948a51182d1d803c3"", ""context_time"", """", ""context_location"", """", ""contextual""]",deterministic_replay
w/o Global Closure,IFACT-011ca0e8cab100620c9d1833,"[""IENT-7bbd2bd7ca08db9fb22db0ba"", ""IENTREPAIR-53c6568dd98ba157240d299a"", ""context_time"", """", ""context_location"", """", ""contextual""]","[""IENT-7bbd2bd7ca08db9fb22db0ba"", ""IENT-9839c90948a51182d1d803c3"", ""context_time"", """", ""context_location"", """", ""contextual""]",deterministic_replay
w/o Risk Routing,IFACT-011d14dc0efe78bac3d004bd,"[""IENT-82feb6d90617005aa03a6203"", ""IENT-f0f62f6c40379e12d6108d8b"", ""unknown"", """", ""unknown"", """", ""unresolved""]","[""IENT-82feb6d90617005aa03a6203"", ""IENT-f0f62f6c40379e12d6108d8b"", ""unknown"", """", ""unknown"", """", ""contextual""]",deterministic_replay
w/o Risk Routing,IFACT-011d4a0a97e44298f3dcf7fe,"[""IENT-55fa6e624750b944e72d4ee4"", ""IENT-35a3c044784da4279c6f0e04"", ""unknown"", """", ""unknown"", """", ""unresolved""]","[""IENT-55fa6e624750b944e72d4ee4"", ""IENT-35a3c044784da4279c6f0e04"", ""unknown"", """", ""unknown"", """", ""contextual""]",deterministic_replay
w/o Risk Routing,IFACT-011e4551d55634fd2dd6165f,"[""IENT-78620fe90ce71cd39aa866bc"", ""IENT-991ec08090ab52f4212e3d15"", ""unknown"", """", ""unknown"", """", ""unresolved""]","[""IENT-78620fe90ce71cd39aa866bc"", ""IENT-991ec08090ab52f4212e3d15"", ""unknown"", """", ""unknown"", """", ""contextual""]",deterministic_replay
w/o Identity Projection,IFACT-011e9ff9f784ea3bf7e6b155,"[""IENTREPAIR-0735173ac61278292e8ade4a"", ""IENT-abeaf48352ed99dc14352c07"", ""unknown"", """", ""unknown"", """", ""contextual""]","[""IENT-007c01e7f1030eee147202da"", ""IENT-abeaf48352ed99dc14352c07"", ""unknown"", """", ""unknown"", """", ""contextual""]",deterministic_replay
w/o Global Closure,IFACT-011e9ff9f784ea3bf7e6b155,"[""IENTREPAIR-0735173ac61278292e8ade4a"", ""IENT-abeaf48352ed99dc14352c07"", ""unknown"", """", ""unknown"", """", ""contextual""]","[""IENT-007c01e7f1030eee147202da"", ""IENT-abeaf48352ed99dc14352c07"", ""unknown"", """", ""unknown"", """", ""contextual""]",deterministic_replay
w/o Risk Routing,IFACT-011ec1bbe47be4a1ee6bf344,"[""IENT-547c7f099d6ad8dfde5800e4"", ""IENT-99b357bb07b147eae65437b5"", ""unknown"", """", ""unknown"", """", ""unresolved""]","[""IENT-547c7f099d6ad8dfde5800e4"", ""IENT-99b357bb07b147eae65437b5"", ""unknown"", """", ""unknown"", """", ""contextual""]",deterministic_replay
w/o Risk Routing,IFACT-011ecb813b723d2483b2238e,"[""IENT-59992ca83d0a31e11d4495b9"", ""IENT-6b201141917b4d85a367e84e"", ""context_time"", """", ""unknown"", """", ""unresolved""]","[""IENT-59992ca83d0a31e11d4495b9"", ""IENT-6b201141917b4d85a367e84e"", ""context_time"", """", ""unknown"", """", ""contextual""]",deterministic_replay
w/o Identity Projection,IFACT-011ef2556bbde35afc267fc9,"[""IENT-58956a8fa287d8e559cba35a"", ""IENTREPAIR-1fec471f9d1ad8ca84075201"", ""unknown"", """", ""unknown"", """", ""contextual""]","[""IENT-58956a8fa287d8e559cba35a"", ""IENT-572dee572a02443af5bb009e"", ""unknown"", """", ""unknown"", """", ""contextual""]",deterministic_replay
w/o Global Closure,IFACT-011ef2556bbde35afc267fc9,"[""IENT-58956a8fa287d8e559cba35a"", ""IENTREPAIR-1fec471f9d1ad8ca84075201"", ""unknown"", """", ""unknown"", """", ""contextual""]","[""IENT-58956a8fa287d8e559cba35a"", ""IENT-572dee572a02443af5bb009e"", ""unknown"", """", ""unknown"", """", ""contextual""]",deterministic_replay
w/o Identity Projection,IFACT-011fc3e0ad92088e6f1cd731,"[""IENT-f9003951b227feb1713b1f70"", ""IENTREPAIR-6a6b58a1a9a41a8b0aa797b8"", ""context_time"", """", ""context_location"", """", ""contextual""]","[""IENT-f9003951b227feb1713b1f70"", ""IENT-9db3318698ccd87ff263d725"", ""context_time"", """", ""context_location"", """", ""contextual""]",deterministic_replay
w/o Global Closure,IFACT-011fc3e0ad92088e6f1cd731,"[""IENT-f9003951b227feb1713b1f70"", ""IENTREPAIR-6a6b58a1a9a41a8b0aa797b8"", ""context_time"", """", ""context_location"", """", ""contextual""]","[""IENT-f9003951b227feb1713b1f70"", ""IENT-9db3318698ccd87ff263d725"", ""context_time"", """", ""context_location"", """", ""contextual""]",deterministic_replay
w/o Identity Projection,IFACT-0121abb1072702278feb7854,"[""ITOPIC-581afa236679c6868842bd89"", ""IENT-5931e3739e310c33bb7126c7"", ""unknown"", """", ""unknown"", """", ""contextual""]","[""IENT-904bc6cdfad11c45b83eb11b"", ""IENT-5931e3739e310c33bb7126c7"", ""unknown"", """", ""unknown"", """", ""contextual""]",deterministic_replay
w/o Global Closure,IFACT-0121abb1072702278feb7854,"[""ITOPIC-581afa236679c6868842bd89"", ""IENT-5931e3739e310c33bb7126c7"", ""unknown"", """", ""unknown"", """", ""contextual""]","[""IENT-904bc6cdfad11c45b83eb11b"", ""IENT-5931e3739e310c33bb7126c7"", ""unknown"", """", ""unknown"", """", ""contextual""]",deterministic_replay
w/o Risk Routing,IFACT-0121b7abbe032932356e4f2b,"[""IENT-42982db4cdb8ba56a1bdaef6"", ""IENT-6755318c404c9185d3d7895a"", ""context_time"", """", ""unknown"", """", ""unresolved""]","[""IENT-42982db4cdb8ba56a1bdaef6"", ""IENT-6755318c404c9185d3d7895a"", ""context_time"", """", ""unknown"", """", ""contextual""]",deterministic_replay
w/o Identity Projection,IFACT-012258611e768a1931f2d085,"[""IENT-a6ae7e4cde85525d8364b3df"", ""IENTREPAIR-6a6b58a1a9a41a8b0aa797b8"", ""unknown"", """", ""unknown"", """", ""contextual""]","[""IENT-a6ae7e4cde85525d8364b3df"", ""IENT-9db3318698ccd87ff263d725"", ""unknown"", """", ""unknown"", """", ""contextual""]",deterministic_replay
w/o Global Closure,IFACT-012258611e768a1931f2d085,"[""IENT-a6ae7e4cde85525d8364b3df"", ""IENTREPAIR-6a6b58a1a9a41a8b0aa797b8"", ""unknown"", """", ""unknown"", """", ""contextual""]","[""IENT-a6ae7e4cde85525d8364b3df"", ""IENT-9db3318698ccd87ff263d725"", ""unknown"", """", ""unknown"", """", ""contextual""]",deterministic_replay
w/o Risk Routing,IFACT-0123652b4ccd56980487c47f,"[""IENTREPAIR-b7addfbb946bb2bd681a73e8"", ""IENT-797fe57098e2a04afcc6cb91"", ""unknown"", """", ""unknown"", """", ""unresolved""]","[""IENTREPAIR-b7addfbb946bb2bd681a73e8"", ""IENT-797fe57098e2a04afcc6cb91"", ""unknown"", """", ""unknown"", """", ""contextual""]",deterministic_replay
w/o Risk Routing,IFACT-0124181264e1a171403b4ee9,"[""IENTREPAIR-6a05a0d0b9c6997076e6bff4"", ""IENT-3a0d735fd9c1134c8f31c1ce"", ""unknown"", """", ""unknown"", """", ""unresolved""]","[""IENTREPAIR-6a05a0d0b9c6997076e6bff4"", ""IENT-3a0d735fd9c1134c8f31c1ce"", ""unknown"", """", ""unknown"", """", ""contextual""]",deterministic_replay
w/o Identity Projection,IFACT-0124181264e1a171403b4ee9,"[""IENTREPAIR-6a05a0d0b9c6997076e6bff4"", ""IENT-3a0d735fd9c1134c8f31c1ce"", ""unknown"", """", ""unknown"", """", ""unresolved""]","[""IENT-75d2c8c156987e2195b22b52"", ""IENT-3a0d735fd9c1134c8f31c1ce"", ""unknown"", """", ""unknown"", """", ""unresolved""]",deterministic_replay
w/o Global Closure,IFACT-0124181264e1a171403b4ee9,"[""IENTREPAIR-6a05a0d0b9c6997076e6bff4"", ""IENT-3a0d735fd9c1134c8f31c1ce"", ""unknown"", """", ""unknown"", """", ""unresolved""]","[""IENT-75d2c8c156987e2195b22b52"", ""IENT-3a0d735fd9c1134c8f31c1ce"", ""unknown"", """", ""unknown"", """", ""unresolved""]",deterministic_replay
w/o Risk Routing,IFACT-012587d40e873fc115b6ac15,"[""IENT-65f19218a52a427f0bed5911"", ""IENT-b69f100e202009f2fb63d24d"", ""context_time"", """", ""context_location"", """", ""unresolved""]","[""IENT-65f19218a52a427f0bed5911"", ""IENT-b69f100e202009f2fb63d24d"", ""context_time"", """", ""context_location"", """", ""contextual""]",deterministic_replay
w/o Risk Routing,IFACT-012699a46f82bcfca1a289f7,"[""IENT-5f367ca744a93f29000806a6"", ""IENT-caeabcceb3694784bd6f4040"", ""unknown"", """", ""unknown"", """", ""unresolved""]","[""IENT-5f367ca744a93f29000806a6"", ""IENT-caeabcceb3694784bd6f4040"", ""unknown"", """", ""unknown"", """", ""contextual""]",deterministic_replay
w/o Risk Routing,IFACT-012c7553dec4c8a5eeea0b71,"[""IENT-9a891eafa928c50dcec4a981"", ""IENT-474ce06a35a59d954928e854"", ""context_time"", """", ""context_location"", """", ""unresolved""]","[""IENT-9a891eafa928c50dcec4a981"", ""IENT-474ce06a35a59d954928e854"", ""context_time"", """", ""context_location"", """", ""contextual""]",deterministic_replay
w/o Identity Projection,IFACT-012d4d3496e28568bcdc4d31,"[""IENT-57003a26ad834d654548e7be"", ""IENTREPAIR-211375720b6a59947465c7ac"", ""unknown"", """", ""unknown"", """", ""contextual""]","[""IENT-57003a26ad834d654548e7be"", ""IENT-0f113e3c685f436b1bc40b4d"", ""unknown"", """", ""unknown"", """", ""contextual""]",deterministic_replay
w/o Global Closure,IFACT-012d4d3496e28568bcdc4d31,"[""IENT-57003a26ad834d654548e7be"", ""IENTREPAIR-211375720b6a59947465c7ac"", ""unknown"", """", ""unknown"", """", ""contextual""]","[""IENT-57003a26ad834d654548e7be"", ""IENT-0f113e3c685f436b1bc40b4d"", ""unknown"", """", ""unknown"", """", ""contextual""]",deterministic_replay
w/o Identity Projection,IFACT-012e3e21f2c4bbd5035ae6e7,"[""IENT-5ae4676895a76099e9473065"", ""IENTREPAIR-1c2e323c82ff02fd01c3090b"", ""unknown"", """", ""unknown"", """", ""contextual""]","[""IENT-5ae4676895a76099e9473065"", ""IENT-ebdaaa51a87515ccedc89bec"", ""unknown"", """", ""unknown"", """", ""contextual""]",deterministic_replay
w/o Global Closure,IFACT-012e3e21f2c4bbd5035ae6e7,"[""IENT-5ae4676895a76099e9473065"", ""IENTREPAIR-1c2e323c82ff02fd01c3090b"", ""unknown"", """", ""unknown"", """", ""contextual""]","[""IENT-5ae4676895a76099e9473065"", ""IENT-ebdaaa51a87515ccedc89bec"", ""unknown"", """", ""unknown"", """", ""contextual""]",deterministic_replay
w/o Identity Projection,IFACT-012ed71626c148112aed1f51,"[""IENT-c5e2a37cbe7e436b747db399"", ""IENTREPAIR-09feebbf7c8e912751abb1bc"", ""biographical"", ""IENT-c5e2a37cbe7e436b747db399"", ""context_location"", """", ""contextual""]","[""IENT-c5e2a37cbe7e436b747db399"", ""IENT-954584862f61b94a2699d2be"", ""biographical"", ""IENT-c5e2a37cbe7e436b747db399"", ""context_location"", """", ""contextual""]",deterministic_replay
w/o Global Closure,IFACT-012ed71626c148112aed1f51,"[""IENT-c5e2a37cbe7e436b747db399"", ""IENTREPAIR-09feebbf7c8e912751abb1bc"", ""biographical"", ""IENT-c5e2a37cbe7e436b747db399"", ""context_location"", """", ""contextual""]","[""IENT-c5e2a37cbe7e436b747db399"", ""IENT-954584862f61b94a2699d2be"", ""biographical"", ""IENT-c5e2a37cbe7e436b747db399"", ""context_location"", """", ""contextual""]",deterministic_replay
w/o Identity Projection,IFACT-013468730271286a037ca087,"[""IENT-19bf4bb6d4d94e9bbe6f8e95"", ""IENTREPAIR-6a6b58a1a9a41a8b0aa797b8"", ""context_time"", """", ""event_location"", ""IENT-19bf4bb6d4d94e9bbe6f8e95"", ""contextual""]","[""IENT-19bf4bb6d4d94e9bbe6f8e95"", ""IENT-9db3318698ccd87ff263d725"", ""context_time"", """", ""event_location"", ""IENT-19bf4bb6d4d94e9bbe6f8e95"", ""contextual""]",deterministic_replay
w/o Global Closure,IFACT-013468730271286a037ca087,"[""IENT-19bf4bb6d4d94e9bbe6f8e95"", ""IENTREPAIR-6a6b58a1a9a41a8b0aa797b8"", ""context_time"", """", ""event_location"", ""IENT-19bf4bb6d4d94e9bbe6f8e95"", ""contextual""]","[""IENT-19bf4bb6d4d94e9bbe6f8e95"", ""IENT-9db3318698ccd87ff263d725"", ""context_time"", """", ""event_location"", ""IENT-19bf4bb6d4d94e9bbe6f8e95"", ""contextual""]",deterministic_replay
w/o Relation Contract,IFACT-013573ba0f917ca1e4c697d7,"[""ITOPIC-b35b9825b0080c040908b0a6"", ""IENT-36ace22087da85dcc92768ea"", ""unknown"", """", ""unknown"", """", ""contextual""]","[""ITOPIC-b35b9825b0080c040908b0a6"", ""IENT-36ace22087da85dcc92768ea"", ""unknown"", """", ""unknown"", """", ""strict_semantic""]",deterministic_replay
w/o Global Closure,IFACT-013573ba0f917ca1e4c697d7,"[""ITOPIC-b35b9825b0080c040908b0a6"", ""IENT-36ace22087da85dcc92768ea"", ""unknown"", """", ""unknown"", """", ""contextual""]","[""ITOPIC-b35b9825b0080c040908b0a6"", ""IENT-36ace22087da85dcc92768ea"", ""unknown"", """", ""unknown"", """", ""strict_semantic""]",deterministic_replay
w/o Identity Projection,IFACT-013724593c3216f34ffb534c,"[""IENTREPAIR-326bb55a0bc4a353fded9b58"", ""IENT-1f9486bbce89b9ce06884f3d"", ""unknown"", """", ""unknown"", """", ""contextual""]","[""IENT-7acc357f9a3580306f890a11"", ""IENT-1f9486bbce89b9ce06884f3d"", ""unknown"", """", ""unknown"", """", ""contextual""]",deterministic_replay
w/o Global Closure,IFACT-013724593c3216f34ffb534c,"[""IENTREPAIR-326bb55a0bc4a353fded9b58"", ""IENT-1f9486bbce89b9ce06884f3d"", ""unknown"", """", ""unknown"", """", ""contextual""]","[""IENT-7acc357f9a3580306f890a11"", ""IENT-1f9486bbce89b9ce06884f3d"", ""unknown"", """", ""unknown"", """", ""contextual""]",deterministic_replay
w/o Identity Projection,IFACT-0139b29bbc94d01b07a8cfe0,"[""IENT-dfcdd45e57b051f34794ada1"", ""IENTREPAIR-0707b2b9e8454fff9ce0b55a"", ""unknown"", """", ""unknown"", """", ""unresolved""]","[""IENT-dfcdd45e57b051f34794ada1"", ""IENTREPAIR-88cfa3dfd33a97144019a4b5"", ""unknown"", """", ""unknown"", """", ""unresolved""]",deterministic_replay
w/o Global Closure,IFACT-0139b29bbc94d01b07a8cfe0,"[""IENT-dfcdd45e57b051f34794ada1"", ""IENTREPAIR-0707b2b9e8454fff9ce0b55a"", ""unknown"", """", ""unknown"", """", ""unresolved""]","[""IENT-dfcdd45e57b051f34794ada1"", ""IENTREPAIR-88cfa3dfd33a97144019a4b5"", ""unknown"", """", ""unknown"", """", ""unresolved""]",deterministic_replay
w/o Identity Projection,IFACT-013c32ad55c1ad988f8201a1,"[""IENT-0a59f2d5b8b0df6a882258d6"", ""IENTREPAIR-f47625f027b2d2e8e6a137df"", ""context_time"", """", ""event_location"", ""IENT-0a59f2d5b8b0df6a882258d6"", ""contextual""]","[""IENT-0a59f2d5b8b0df6a882258d6"", ""IENT-5990ad11479bb44c9354d2c3"", ""context_time"", """", ""event_location"", ""IENT-0a59f2d5b8b0df6a882258d6"", ""contextual""]",deterministic_replay
w/o Global Closure,IFACT-013c32ad55c1ad988f8201a1,"[""IENT-0a59f2d5b8b0df6a882258d6"", ""IENTREPAIR-f47625f027b2d2e8e6a137df"", ""context_time"", """", ""event_location"", ""IENT-0a59f2d5b8b0df6a882258d6"", ""contextual""]","[""IENT-0a59f2d5b8b0df6a882258d6"", ""IENT-5990ad11479bb44c9354d2c3"", ""context_time"", """", ""event_location"", ""IENT-0a59f2d5b8b0df6a882258d6"", ""contextual""]",deterministic_replay
w/o Identity Projection,IFACT-013fefa79354bbf65e52e78b,"[""IENT-eeb6ed51b51b05f84066521b"", ""IENTREPAIR-09feebbf7c8e912751abb1bc"", ""biographical"", ""IENT-eeb6ed51b51b05f84066521b"", ""context_location"", """", ""contextual""]","[""IENT-eeb6ed51b51b05f84066521b"", ""IENT-954584862f61b94a2699d2be"", ""biographical"", ""IENT-eeb6ed51b51b05f84066521b"", ""context_location"", """", ""contextual""]",deterministic_replay
w/o Global Closure,IFACT-013fefa79354bbf65e52e78b,"[""IENT-eeb6ed51b51b05f84066521b"", ""IENTREPAIR-09feebbf7c8e912751abb1bc"", ""biographical"", ""IENT-eeb6ed51b51b05f84066521b"", ""context_location"", """", ""contextual""]","[""IENT-eeb6ed51b51b05f84066521b"", ""IENT-954584862f61b94a2699d2be"", ""biographical"", ""IENT-eeb6ed51b51b05f84066521b"", ""context_location"", """", ""contextual""]",deterministic_replay
w/o Identity Projection,IFACT-0140f91a90989d8e9dab4092,"[""IENT-a5365cb2adaebdc1ec880149"", ""IENTREPAIR-26dfbc3257eda65a6c0d5314"", ""biographical"", ""IENT-a5365cb2adaebdc1ec880149"", ""context_location"", """", ""contextual""]","[""IENT-a5365cb2adaebdc1ec880149"", ""IENT-8017e3b06f33bc2edf737b9f"", ""biographical"", ""IENT-a5365cb2adaebdc1ec880149"", ""context_location"", """", ""contextual""]",deterministic_replay
w/o Global Closure,IFACT-0140f91a90989d8e9dab4092,"[""IENT-a5365cb2adaebdc1ec880149"", ""IENTREPAIR-26dfbc3257eda65a6c0d5314"", ""biographical"", ""IENT-a5365cb2adaebdc1ec880149"", ""context_location"", """", ""contextual""]","[""IENT-a5365cb2adaebdc1ec880149"", ""IENT-8017e3b06f33bc2edf737b9f"", ""biographical"", ""IENT-a5365cb2adaebdc1ec880149"", ""context_location"", """", ""contextual""]",deterministic_replay
w/o Relation Contract,IFACT-0147c35939becbcf707e29f2,"[""IENT-ac20ed2a67a79ed48fc25832"", ""IENT-ebea7cb93242ed2630913aa6"", ""unknown"", """", ""unknown"", """", ""contextual""]","[""IENT-ac20ed2a67a79ed48fc25832"", ""IENT-ebea7cb93242ed2630913aa6"", ""unknown"", """", ""unknown"", """", ""strict_semantic""]",deterministic_replay
w/o Global Closure,IFACT-0147c35939becbcf707e29f2,"[""IENT-ac20ed2a67a79ed48fc25832"", ""IENT-ebea7cb93242ed2630913aa6"", ""unknown"", """", ""unknown"", """", ""contextual""]","[""IENT-ac20ed2a67a79ed48fc25832"", ""IENT-ebea7cb93242ed2630913aa6"", ""unknown"", """", ""unknown"", """", ""strict_semantic""]",deterministic_replay
w/o Identity Projection,IFACT-01484145ad5d0a0389d283ff,"[""IENTREPAIR-069ead56a3ae256c9b1e2023"", ""IENTREPAIR-dbb890600a9713b099e5e637"", ""unknown"", """", ""unknown"", """", ""unresolved""]","[""IENT-f918f10f1aa2cd9a9596d9ef"", ""IENTREPAIR-eb29244cdcdce2d9a08820b3"", ""unknown"", """", ""unknown"", """", ""unresolved""]",deterministic_replay
w/o Global Closure,IFACT-01484145ad5d0a0389d283ff,"[""IENTREPAIR-069ead56a3ae256c9b1e2023"", ""IENTREPAIR-dbb890600a9713b099e5e637"", ""unknown"", """", ""unknown"", """", ""unresolved""]","[""IENT-f918f10f1aa2cd9a9596d9ef"", ""IENTREPAIR-eb29244cdcdce2d9a08820b3"", ""unknown"", """", ""unknown"", """", ""unresolved""]",deterministic_replay
w/o Identity Projection,IFACT-014ba49a5e49196b978d8876,"[""IENT-ef1a005e3dbf5f0cda086613"", ""IENTREPAIR-5e444aefe4292cfb0a1fc352"", ""context_time"", """", ""context_location"", """", ""contextual""]","[""IENT-ef1a005e3dbf5f0cda086613"", ""IENT-ee40b9076a8e1baa09ea6273"", ""context_time"", """", ""context_location"", """", ""contextual""]",deterministic_replay
w/o Global Closure,IFACT-014ba49a5e49196b978d8876,"[""IENT-ef1a005e3dbf5f0cda086613"", ""IENTREPAIR-5e444aefe4292cfb0a1fc352"", ""context_time"", """", ""context_location"", """", ""contextual""]","[""IENT-ef1a005e3dbf5f0cda086613"", ""IENT-ee40b9076a8e1baa09ea6273"", ""context_time"", """", ""context_location"", """", ""contextual""]",deterministic_replay
w/o Identity Projection,IFACT-014c005771006c54a9fb7d37,"[""IENT-ecf00b755c331bd8275b9834"", ""IENTREPAIR-003a784e59679e271ca3643a"", ""unknown"", """", ""unknown"", """", ""contextual""]","[""IENT-ecf00b755c331bd8275b9834"", ""IENT-02b375dcdc350f8b7705860b"", ""unknown"", """", ""unknown"", """", ""contextual""]",deterministic_replay
w/o Global Closure,IFACT-014c005771006c54a9fb7d37,"[""IENT-ecf00b755c331bd8275b9834"", ""IENTREPAIR-003a784e59679e271ca3643a"", ""unknown"", """", ""unknown"", """", ""contextual""]","[""IENT-ecf00b755c331bd8275b9834"", ""IENT-02b375dcdc350f8b7705860b"", ""unknown"", """", ""unknown"", """", ""contextual""]",deterministic_replay
w/o Relation Contract,IFACT-014ccc9c46946783d61d0bb3,"[""ITOPIC-6a41e025cba1c28b43924694"", ""ITOPIC-234fcb6cf2d61c480141d6d1"", ""unknown"", """", ""unknown"", """", ""contextual""]","[""ITOPIC-6a41e025cba1c28b43924694"", ""ITOPIC-234fcb6cf2d61c480141d6d1"", ""unknown"", """", ""unknown"", """", ""strict_semantic""]",deterministic_replay
w/o Global Closure,IFACT-014ccc9c46946783d61d0bb3,"[""ITOPIC-6a41e025cba1c28b43924694"", ""ITOPIC-234fcb6cf2d61c480141d6d1"", ""unknown"", """", ""unknown"", """", ""contextual""]","[""ITOPIC-6a41e025cba1c28b43924694"", ""ITOPIC-234fcb6cf2d61c480141d6d1"", ""unknown"", """", ""unknown"", """", ""strict_semantic""]",deterministic_replay
w/o Identity Projection,IFACT-014d1699f3fe7ace5e03b610,"[""IENT-bd8ad1ba899cd6a5fa2992b6"", ""IENTREPAIR-0db954be0fc2ad333b758eb5"", ""unknown"", """", ""unknown"", """", ""contextual""]","[""IENT-bd8ad1ba899cd6a5fa2992b6"", ""IENT-3fd7c52fa648a717c53e987c"", ""unknown"", """", ""unknown"", """", ""contextual""]",deterministic_replay
w/o Global Closure,IFACT-014d1699f3fe7ace5e03b610,"[""IENT-bd8ad1ba899cd6a5fa2992b6"", ""IENTREPAIR-0db954be0fc2ad333b758eb5"", ""unknown"", """", ""unknown"", """", ""contextual""]","[""IENT-bd8ad1ba899cd6a5fa2992b6"", ""IENT-3fd7c52fa648a717c53e987c"", ""unknown"", """", ""unknown"", """", ""contextual""]",deterministic_replay
w/o Identity Projection,IFACT-0150cdafb844bc129b0e6825,"[""IENTREPAIR-29a30883ef0c81c43aa0d89b"", ""IENT-7eaf77a603c0210e9ef9981f"", ""unknown"", """", ""unknown"", """", ""contextual""]","[""IENT-b8d20ce3a1523ce3bdcb0574"", ""IENT-7eaf77a603c0210e9ef9981f"", ""unknown"", """", ""unknown"", """", ""contextual""]",deterministic_replay
w/o Global Closure,IFACT-0150cdafb844bc129b0e6825,"[""IENTREPAIR-29a30883ef0c81c43aa0d89b"", ""IENT-7eaf77a603c0210e9ef9981f"", ""unknown"", """", ""unknown"", """", ""contextual""]","[""IENT-b8d20ce3a1523ce3bdcb0574"", ""IENT-7eaf77a603c0210e9ef9981f"", ""unknown"", """", ""unknown"", """", ""contextual""]",deterministic_replay
w/o Identity Projection,IFACT-015328ef05cfe0c7b1c575d1,"[""IENT-5b80cb8b91342407e3a58722"", ""IENTREPAIR-039a90901f49dfa119608d72"", ""unknown"", """", ""unknown"", """", ""contextual""]","[""IENT-5b80cb8b91342407e3a58722"", ""IENT-643367a6da6f8c126392b244"", ""unknown"", """", ""unknown"", """", ""contextual""]",deterministic_replay
w/o Global Closure,IFACT-015328ef05cfe0c7b1c575d1,"[""IENT-5b80cb8b91342407e3a58722"", ""IENTREPAIR-039a90901f49dfa119608d72"", ""unknown"", """", ""unknown"", """", ""contextual""]","[""IENT-5b80cb8b91342407e3a58722"", ""IENT-643367a6da6f8c126392b244"", ""unknown"", """", ""unknown"", """", ""contextual""]",deterministic_replay
w/o Identity Projection,IFACT-0153a2c0da6b4e72fb2d59fe,"[""IENT-7452f0f6b3852894dc58c9ff"", ""IENTREPAIR-039a90901f49dfa119608d72"", ""context_time"", """", ""context_location"", """", ""contextual""]","[""IENT-7452f0f6b3852894dc58c9ff"", ""IENT-643367a6da6f8c126392b244"", ""context_time"", """", ""context_location"", """", ""contextual""]",deterministic_replay
w/o Global Closure,IFACT-0153a2c0da6b4e72fb2d59fe,"[""IENT-7452f0f6b3852894dc58c9ff"", ""IENTREPAIR-039a90901f49dfa119608d72"", ""context_time"", """", ""context_location"", """", ""contextual""]","[""IENT-7452f0f6b3852894dc58c9ff"", ""IENT-643367a6da6f8c126392b244"", ""context_time"", """", ""context_location"", """", ""contextual""]",deterministic_replay
w/o Identity Projection,IFACT-0154dacfd330d486cfc7fe58,"[""IENT-c8335f04b4d44935c4707af2"", ""ITOPIC-581afa236679c6868842bd89"", ""unknown"", """", ""unknown"", """", ""contextual""]","[""IENT-c8335f04b4d44935c4707af2"", ""IENT-904bc6cdfad11c45b83eb11b"", ""unknown"", """", ""unknown"", """", ""contextual""]",deterministic_replay
w/o Global Closure,IFACT-0154dacfd330d486cfc7fe58,"[""IENT-c8335f04b4d44935c4707af2"", ""ITOPIC-581afa236679c6868842bd89"", ""unknown"", """", ""unknown"", """", ""contextual""]","[""IENT-c8335f04b4d44935c4707af2"", ""IENT-904bc6cdfad11c45b83eb11b"", ""unknown"", """", ""unknown"", """", ""contextual""]",deterministic_replay
w/o Identity Projection,IFACT-0155daa1707831642ec84eb8,"[""IENT-f3ea4c3c5758c5cb0acd28ec"", ""IENTREPAIR-21a4035b87eba8d4c6de56ba"", ""unknown"", """", ""unknown"", """", ""contextual""]","[""IENT-f3ea4c3c5758c5cb0acd28ec"", ""IENT-b8b5d764f94bf9c1981f847d"", ""unknown"", """", ""unknown"", """", ""contextual""]",deterministic_replay
w/o Global Closure,IFACT-0155daa1707831642ec84eb8,"[""IENT-f3ea4c3c5758c5cb0acd28ec"", ""IENTREPAIR-21a4035b87eba8d4c6de56ba"", ""unknown"", """", ""unknown"", """", ""contextual""]","[""IENT-f3ea4c3c5758c5cb0acd28ec"", ""IENT-b8b5d764f94bf9c1981f847d"", ""unknown"", """", ""unknown"", """", ""contextual""]",deterministic_replay
w/o Identity Projection,IFACT-0158f17678c755b83124b531,"[""IENTREPAIR-0e6970ff902ae5ccdba5fcba"", ""IENT-5d2e9b3180ffebf64b6724e3"", ""context_time"", """", ""event_location"", ""IENT-5d2e9b3180ffebf64b6724e3"", ""contextual""]","[""IENT-3c48236a26c071e0968a46f1"", ""IENT-5d2e9b3180ffebf64b6724e3"", ""context_time"", """", ""event_location"", ""IENT-5d2e9b3180ffebf64b6724e3"", ""contextual""]",deterministic_replay
w/o Global Closure,IFACT-0158f17678c755b83124b531,"[""IENTREPAIR-0e6970ff902ae5ccdba5fcba"", ""IENT-5d2e9b3180ffebf64b6724e3"", ""context_time"", """", ""event_location"", ""IENT-5d2e9b3180ffebf64b6724e3"", ""contextual""]","[""IENT-3c48236a26c071e0968a46f1"", ""IENT-5d2e9b3180ffebf64b6724e3"", ""context_time"", """", ""event_location"", ""IENT-5d2e9b3180ffebf64b6724e3"", ""contextual""]",deterministic_replay
w/o Relation Contract,IFACT-015b9a87a2775681367e16bf,"[""IENT-b5aa242cae05f7bb6ecc73d9"", ""IENT-970d58dbfeec11485ad75907"", ""relation_validity"", """", ""unknown"", """", ""contextual""]","[""IENT-b5aa242cae05f7bb6ecc73d9"", ""IENT-970d58dbfeec11485ad75907"", ""relation_validity"", """", ""unknown"", """", ""strict_semantic""]",deterministic_replay
w/o Global Closure,IFACT-015b9a87a2775681367e16bf,"[""IENT-b5aa242cae05f7bb6ecc73d9"", ""IENT-970d58dbfeec11485ad75907"", ""relation_validity"", """", ""unknown"", """", ""contextual""]","[""IENT-b5aa242cae05f7bb6ecc73d9"", ""IENT-970d58dbfeec11485ad75907"", ""relation_validity"", """", ""unknown"", """", ""strict_semantic""]",deterministic_replay
w/o Identity Projection,IFACT-015ce91ea71b63cee77559f9,"[""IENT-7242a6a31383f68c4e210586"", ""IENTREPAIR-3d894e737111dc018cdd549f"", ""unknown"", """", ""context_location"", """", ""contextual""]","[""IENT-7242a6a31383f68c4e210586"", ""IENT-a04ff31a38819d1c4d5f8232"", ""unknown"", """", ""context_location"", """", ""contextual""]",deterministic_replay
w/o Global Closure,IFACT-015ce91ea71b63cee77559f9,"[""IENT-7242a6a31383f68c4e210586"", ""IENTREPAIR-3d894e737111dc018cdd549f"", ""unknown"", """", ""context_location"", """", ""contextual""]","[""IENT-7242a6a31383f68c4e210586"", ""IENT-a04ff31a38819d1c4d5f8232"", ""unknown"", """", ""context_location"", """", ""contextual""]",deterministic_replay
w/o Identity Projection,IFACT-015e405bac2f6fb50374bc05,"[""IENT-fcc8fee15d7c8c627cc636d6"", ""ITOPIC-581afa236679c6868842bd89"", ""unknown"", """", ""unknown"", """", ""contextual""]","[""IENT-fcc8fee15d7c8c627cc636d6"", ""IENT-904bc6cdfad11c45b83eb11b"", ""unknown"", """", ""unknown"", """", ""contextual""]",deterministic_replay
w/o Global Closure,IFACT-015e405bac2f6fb50374bc05,"[""IENT-fcc8fee15d7c8c627cc636d6"", ""ITOPIC-581afa236679c6868842bd89"", ""unknown"", """", ""unknown"", """", ""contextual""]","[""IENT-fcc8fee15d7c8c627cc636d6"", ""IENT-904bc6cdfad11c45b83eb11b"", ""unknown"", """", ""unknown"", """", ""contextual""]",deterministic_replay
w/o Identity Projection,IFACT-015fd2e03209f63a846ff4b3,"[""IENT-908a6f4e27bc682b3adbdcda"", ""IENTREPAIR-3de3ec9e6c16764994bbbaa0"", ""unknown"", """", ""unknown"", """", ""contextual""]","[""IENT-908a6f4e27bc682b3adbdcda"", ""IENT-2722e19820fa1f213f2251ff"", ""unknown"", """", ""unknown"", """", ""contextual""]",deterministic_replay
w/o Global Closure,IFACT-015fd2e03209f63a846ff4b3,"[""IENT-908a6f4e27bc682b3adbdcda"", ""IENTREPAIR-3de3ec9e6c16764994bbbaa0"", ""unknown"", """", ""unknown"", """", ""contextual""]","[""IENT-908a6f4e27bc682b3adbdcda"", ""IENT-2722e19820fa1f213f2251ff"", ""unknown"", """", ""unknown"", """", ""contextual""]",deterministic_replay
w/o Identity Projection,IFACT-01609ad145fe92b7e2d662ae,"[""IENT-ed912fc5e7457b7b6395c4e3"", ""IENTREPAIR-1af160d9a33189a52f9895b4"", ""unknown"", """", ""unknown"", """", ""contextual""]","[""IENT-ed912fc5e7457b7b6395c4e3"", ""IENT-2a05c81d83cac9b11c7d1a88"", ""unknown"", """", ""unknown"", """", ""contextual""]",deterministic_replay
w/o Global Closure,IFACT-01609ad145fe92b7e2d662ae,"[""IENT-ed912fc5e7457b7b6395c4e3"", ""IENTREPAIR-1af160d9a33189a52f9895b4"", ""unknown"", """", ""unknown"", """", ""contextual""]","[""IENT-ed912fc5e7457b7b6395c4e3"", ""IENT-2a05c81d83cac9b11c7d1a88"", ""unknown"", """", ""unknown"", """", ""contextual""]",deterministic_replay
w/o Identity Projection,IFACT-0161ba5d1136eab43eed8f75,"[""IENT-9559da69c21e848a3f8f85a7"", ""IENTREPAIR-c84fd9f9bc70b7952fd9907c"", ""context_time"", """", ""context_location"", """", ""contextual""]","[""IENT-9559da69c21e848a3f8f85a7"", ""IENT-1ca960a4a32b9c655318f544"", ""context_time"", """", ""context_location"", """", ""contextual""]",deterministic_replay
w/o Global Closure,IFACT-0161ba5d1136eab43eed8f75,"[""IENT-9559da69c21e848a3f8f85a7"", ""IENTREPAIR-c84fd9f9bc70b7952fd9907c"", ""context_time"", """", ""context_location"", """", ""contextual""]","[""IENT-9559da69c21e848a3f8f85a7"", ""IENT-1ca960a4a32b9c655318f544"", ""context_time"", """", ""context_location"", """", ""contextual""]",deterministic_replay
w/o Identity Projection,IFACT-0162967b824debb99e797ce2,"[""IENT-c1d317acc3288c2bf09a188a"", ""IENTREPAIR-09feebbf7c8e912751abb1bc"", ""unknown"", """", ""context_location"", """", ""contextual""]","[""IENT-c1d317acc3288c2bf09a188a"", ""IENT-954584862f61b94a2699d2be"", ""unknown"", """", ""context_location"", """", ""contextual""]",deterministic_replay
w/o Global Closure,IFACT-0162967b824debb99e797ce2,"[""IENT-c1d317acc3288c2bf09a188a"", ""IENTREPAIR-09feebbf7c8e912751abb1bc"", ""unknown"", """", ""context_location"", """", ""contextual""]","[""IENT-c1d317acc3288c2bf09a188a"", ""IENT-954584862f61b94a2699d2be"", ""unknown"", """", ""context_location"", """", ""contextual""]",deterministic_replay
w/o Identity Projection,IFACT-0162c380fdd9d95e3d45cd5a,"[""IENT-980b8b22df844ad98927d6f0"", ""IENT-9ed03cd0317f4e701fbcfc15"", ""unknown"", """", ""unknown"", """", ""unresolved""]","[""IENT-0ac6f8bd82d51f3e069ba771"", ""IENT-9ed03cd0317f4e701fbcfc15"", ""unknown"", """", ""unknown"", """", ""unresolved""]",deterministic_replay
w/o Global Closure,IFACT-0162c380fdd9d95e3d45cd5a,"[""IENT-980b8b22df844ad98927d6f0"", ""IENT-9ed03cd0317f4e701fbcfc15"", ""unknown"", """", ""unknown"", """", ""unresolved""]","[""IENT-0ac6f8bd82d51f3e069ba771"", ""IENT-9ed03cd0317f4e701fbcfc15"", ""unknown"", """", ""unknown"", """", ""unresolved""]",deterministic_replay
w/o Identity Projection,IFACT-016340031bd968e6204dabfa,"[""IENT-001cf4005374823059d63133"", ""IENTREPAIR-428cfdf174467b8581b5d79c"", ""biographical"", ""IENT-001cf4005374823059d63133"", ""context_location"", """", ""contextual""]","[""IENT-001cf4005374823059d63133"", ""IENT-20fb33ff8bd53bb272a70e3b"", ""biographical"", ""IENT-001cf4005374823059d63133"", ""context_location"", """", ""contextual""]",deterministic_replay
w/o Global Closure,IFACT-016340031bd968e6204dabfa,"[""IENT-001cf4005374823059d63133"", ""IENTREPAIR-428cfdf174467b8581b5d79c"", ""biographical"", ""IENT-001cf4005374823059d63133"", ""context_location"", """", ""contextual""]","[""IENT-001cf4005374823059d63133"", ""IENT-20fb33ff8bd53bb272a70e3b"", ""biographical"", ""IENT-001cf4005374823059d63133"", ""context_location"", """", ""contextual""]",deterministic_replay
w/o Identity Projection,IFACT-016c19d8f48a696cebc1ad7f,"[""IENT-aa4e7f02a1154d7f265a8df7"", ""IENTREPAIR-363770c5c18e92169d490906"", ""unknown"", """", ""unknown"", """", ""contextual""]","[""IENT-aa4e7f02a1154d7f265a8df7"", ""IENT-98a78de17a819c061d9ce677"", ""unknown"", """", ""unknown"", """", ""contextual""]",deterministic_replay
w/o Relation Contract,IFACT-016c19d8f48a696cebc1ad7f,"[""IENT-aa4e7f02a1154d7f265a8df7"", ""IENTREPAIR-363770c5c18e92169d490906"", ""unknown"", """", ""unknown"", """", ""contextual""]","[""IENT-aa4e7f02a1154d7f265a8df7"", ""IENTREPAIR-363770c5c18e92169d490906"", ""unknown"", """", ""unknown"", """", ""strict_semantic""]",deterministic_replay
w/o Global Closure,IFACT-016c19d8f48a696cebc1ad7f,"[""IENT-aa4e7f02a1154d7f265a8df7"", ""IENTREPAIR-363770c5c18e92169d490906"", ""unknown"", """", ""unknown"", """", ""contextual""]","[""IENT-aa4e7f02a1154d7f265a8df7"", ""IENT-98a78de17a819c061d9ce677"", ""unknown"", """", ""unknown"", """", ""strict_semantic""]",deterministic_replay
w/o Identity Projection,IFACT-016efb2d437e3d6eefa0282e,"[""IENT-1d8c01e92a5b890af5a3a56d"", ""IENT-149e966efe93d7b077f1ef7a"", ""unknown"", """", ""unknown"", """", ""unresolved""]","[""IENT-1d8c01e92a5b890af5a3a56d"", ""IENT-8d17c4e1aeb7749d20c213c3"", ""unknown"", """", ""unknown"", """", ""unresolved""]",deterministic_replay
w/o Global Closure,IFACT-016efb2d437e3d6eefa0282e,"[""IENT-1d8c01e92a5b890af5a3a56d"", ""IENT-149e966efe93d7b077f1ef7a"", ""unknown"", """", ""unknown"", """", ""unresolved""]","[""IENT-1d8c01e92a5b890af5a3a56d"", ""IENT-8d17c4e1aeb7749d20c213c3"", ""unknown"", """", ""unknown"", """", ""unresolved""]",deterministic_replay
w/o Relation Contract,IFACT-017757698a6989f1783d2dc7,"[""ITOPIC-9f1045300ef4dcfad3ee9a58"", ""ITOPIC-cd7066f7e79e8ac65f1ee013"", ""unknown"", """", ""unknown"", """", ""contextual""]","[""ITOPIC-9f1045300ef4dcfad3ee9a58"", ""ITOPIC-cd7066f7e79e8ac65f1ee013"", ""unknown"", """", ""unknown"", """", ""strict_semantic""]",deterministic_replay
w/o Global Closure,IFACT-017757698a6989f1783d2dc7,"[""ITOPIC-9f1045300ef4dcfad3ee9a58"", ""ITOPIC-cd7066f7e79e8ac65f1ee013"", ""unknown"", """", ""unknown"", """", ""contextual""]","[""ITOPIC-9f1045300ef4dcfad3ee9a58"", ""ITOPIC-cd7066f7e79e8ac65f1ee013"", ""unknown"", """", ""unknown"", """", ""strict_semantic""]",deterministic_replay
w/o Identity Projection,IFACT-017bbae3ba70babfc6e5f765,"[""IENT-b208229b5a9146ffd1a2af92"", ""IENTREPAIR-382ea3e3683798b42c4123dd"", ""unknown"", """", ""event_location"", ""IENT-b208229b5a9146ffd1a2af92"", ""contextual""]","[""IENT-b208229b5a9146ffd1a2af92"", ""IENT-bd07e2a90779cf234cae80ba"", ""unknown"", """", ""event_location"", ""IENT-b208229b5a9146ffd1a2af92"", ""contextual""]",deterministic_replay
w/o Global Closure,IFACT-017bbae3ba70babfc6e5f765,"[""IENT-b208229b5a9146ffd1a2af92"", ""IENTREPAIR-382ea3e3683798b42c4123dd"", ""unknown"", """", ""event_location"", ""IENT-b208229b5a9146ffd1a2af92"", ""contextual""]","[""IENT-b208229b5a9146ffd1a2af92"", ""IENT-bd07e2a90779cf234cae80ba"", ""unknown"", """", ""event_location"", ""IENT-b208229b5a9146ffd1a2af92"", ""contextual""]",deterministic_replay
w/o Identity Projection,IFACT-017dbc066d311cd9fe971485,"[""IENT-ae942776cbbc66fb9cdb7643"", ""IENTREPAIR-357499d1da51889705c97967"", ""unknown"", """", ""unknown"", """", ""contextual""]","[""IENT-ae942776cbbc66fb9cdb7643"", ""IENT-1f739d3664ad8ed798c4e77f"", ""unknown"", """", ""unknown"", """", ""contextual""]",deterministic_replay
w/o Global Closure,IFACT-017dbc066d311cd9fe971485,"[""IENT-ae942776cbbc66fb9cdb7643"", ""IENTREPAIR-357499d1da51889705c97967"", ""unknown"", """", ""unknown"", """", ""contextual""]","[""IENT-ae942776cbbc66fb9cdb7643"", ""IENT-1f739d3664ad8ed798c4e77f"", ""unknown"", """", ""unknown"", """", ""contextual""]",deterministic_replay
w/o Relation Contract,IFACT-017f8c4f10c6b65bc76262eb,"[""IENT-b898f6c374ea538e8f05d37b"", ""IENT-5ecf81118c8950c51162e892"", ""unknown"", """", ""unknown"", """", ""contextual""]","[""IENT-b898f6c374ea538e8f05d37b"", ""IENT-5ecf81118c8950c51162e892"", ""unknown"", """", ""unknown"", """", ""strict_semantic""]",deterministic_replay
w/o Global Closure,IFACT-017f8c4f10c6b65bc76262eb,"[""IENT-b898f6c374ea538e8f05d37b"", ""IENT-5ecf81118c8950c51162e892"", ""unknown"", """", ""unknown"", """", ""contextual""]","[""IENT-b898f6c374ea538e8f05d37b"", ""IENT-5ecf81118c8950c51162e892"", ""unknown"", """", ""unknown"", """", ""strict_semantic""]",deterministic_replay
w/o Relation Contract,IFACT-018001d9e5fc8890aa5584d9,"[""IENT-e1c92ef8e90b067e6ce3cd08"", ""IENT-3748e2242befa0c19a04b55a"", ""unknown"", """", ""unknown"", """", ""contextual""]","[""IENT-e1c92ef8e90b067e6ce3cd08"", ""IENT-3748e2242befa0c19a04b55a"", ""unknown"", """", ""unknown"", """", ""strict_semantic""]",deterministic_replay
w/o Global Closure,IFACT-018001d9e5fc8890aa5584d9,"[""IENT-e1c92ef8e90b067e6ce3cd08"", ""IENT-3748e2242befa0c19a04b55a"", ""unknown"", """", ""unknown"", """", ""contextual""]","[""IENT-e1c92ef8e90b067e6ce3cd08"", ""IENT-3748e2242befa0c19a04b55a"", ""unknown"", """", ""unknown"", """", ""strict_semantic""]",deterministic_replay
w/o Identity Projection,IFACT-018160aa4cf9c2a2023f66ca,"[""IENT-9def9781c1b0d9f4e70e3c26"", ""IENTREPAIR-38798e72dca29d1bbc23e385"", ""unknown"", """", ""context_location"", """", ""contextual""]","[""IENT-9def9781c1b0d9f4e70e3c26"", ""IENT-b0b125a855eb9530aa95f840"", ""unknown"", """", ""context_location"", """", ""contextual""]",deterministic_replay
w/o Global Closure,IFACT-018160aa4cf9c2a2023f66ca,"[""IENT-9def9781c1b0d9f4e70e3c26"", ""IENTREPAIR-38798e72dca29d1bbc23e385"", ""unknown"", """", ""context_location"", """", ""contextual""]","[""IENT-9def9781c1b0d9f4e70e3c26"", ""IENT-b0b125a855eb9530aa95f840"", ""unknown"", """", ""context_location"", """", ""contextual""]",deterministic_replay
w/o Identity Projection,IFACT-0182e235ed6e186486645f6a,"[""IENT-031f487acd27c7a85cfb2dc0"", ""IENTREPAIR-145a9649deb81da02e97faed"", ""unknown"", """", ""unknown"", """", ""contextual""]","[""IENT-031f487acd27c7a85cfb2dc0"", ""IENT-34bc7e62a29e95c799391d01"", ""unknown"", """", ""unknown"", """", ""contextual""]",deterministic_replay
w/o Global Closure,IFACT-0182e235ed6e186486645f6a,"[""IENT-031f487acd27c7a85cfb2dc0"", ""IENTREPAIR-145a9649deb81da02e97faed"", ""unknown"", """", ""unknown"", """", ""contextual""]","[""IENT-031f487acd27c7a85cfb2dc0"", ""IENT-34bc7e62a29e95c799391d01"", ""unknown"", """", ""unknown"", """", ""contextual""]",deterministic_replay
w/o Identity Projection,IFACT-01885ab85396b92f4a82646f,"[""IENT-a3dc11564aa75106d684ef35"", ""IENTREPAIR-061ad04d9541764ebf8bfd6e"", ""unknown"", """", ""unknown"", """", ""strict_semantic""]","[""IENT-a3dc11564aa75106d684ef35"", ""IENT-fe00fa85a3b489a357d6162f"", ""unknown"", """", ""unknown"", """", ""strict_semantic""]",deterministic_replay
w/o Global Closure,IFACT-01885ab85396b92f4a82646f,"[""IENT-a3dc11564aa75106d684ef35"", ""IENTREPAIR-061ad04d9541764ebf8bfd6e"", ""unknown"", """", ""unknown"", """", ""strict_semantic""]","[""IENT-a3dc11564aa75106d684ef35"", ""IENT-fe00fa85a3b489a357d6162f"", ""unknown"", """", ""unknown"", """", ""strict_semantic""]",deterministic_replay
w/o Identity Projection,IFACT-018b50a92184f624dfe921b9,"[""IENT-c68816356932f76bf7ca2efa"", ""IENTREPAIR-09feebbf7c8e912751abb1bc"", ""relation_validity"", """", ""relation_location"", """", ""strict_semantic""]","[""IENT-c68816356932f76bf7ca2efa"", ""IENT-954584862f61b94a2699d2be"", ""relation_validity"", """", ""relation_location"", """", ""strict_semantic""]",deterministic_replay
w/o Global Closure,IFACT-018b50a92184f624dfe921b9,"[""IENT-c68816356932f76bf7ca2efa"", ""IENTREPAIR-09feebbf7c8e912751abb1bc"", ""relation_validity"", """", ""relation_location"", """", ""strict_semantic""]","[""IENT-c68816356932f76bf7ca2efa"", ""IENT-954584862f61b94a2699d2be"", ""relation_validity"", """", ""relation_location"", """", ""strict_semantic""]",deterministic_replay
w/o Identity Projection,IFACT-018c192fea28d49a875934d1,"[""IENT-a84c5103760240492b29fdb0"", ""IENTREPAIR-382ea3e3683798b42c4123dd"", ""biographical"", ""IENT-a84c5103760240492b29fdb0"", ""context_location"", """", ""contextual""]","[""IENT-a84c5103760240492b29fdb0"", ""IENT-bd07e2a90779cf234cae80ba"", ""biographical"", ""IENT-a84c5103760240492b29fdb0"", ""context_location"", """", ""contextual""]",deterministic_replay
w/o Global Closure,IFACT-018c192fea28d49a875934d1,"[""IENT-a84c5103760240492b29fdb0"", ""IENTREPAIR-382ea3e3683798b42c4123dd"", ""biographical"", ""IENT-a84c5103760240492b29fdb0"", ""context_location"", """", ""contextual""]","[""IENT-a84c5103760240492b29fdb0"", ""IENT-bd07e2a90779cf234cae80ba"", ""biographical"", ""IENT-a84c5103760240492b29fdb0"", ""context_location"", """", ""contextual""]",deterministic_replay
w/o Identity Projection,IFACT-018c36543ce8cf6fa5bcda33,"[""IENT-9013052ec58f910789e96e38"", ""IENTREPAIR-7a945f3e8906102b42223a55"", ""unknown"", """", ""unknown"", """", ""contextual""]","[""IENT-9013052ec58f910789e96e38"", ""IENT-181e6bace4544283e897b570"", ""unknown"", """", ""unknown"", """", ""contextual""]",deterministic_replay
w/o Global Closure,IFACT-018c36543ce8cf6fa5bcda33,"[""IENT-9013052ec58f910789e96e38"", ""IENTREPAIR-7a945f3e8906102b42223a55"", ""unknown"", """", ""unknown"", """", ""contextual""]","[""IENT-9013052ec58f910789e96e38"", ""IENT-181e6bace4544283e897b570"", ""unknown"", """", ""unknown"", """", ""contextual""]",deterministic_replay
w/o Identity Projection,IFACT-018e5975b1c6fb4bc308f0bc,"[""ITOPIC-581afa236679c6868842bd89"", ""IENT-1952ff89e4502dfbc64da2f4"", ""unknown"", """", ""unknown"", """", ""contextual""]","[""IENT-904bc6cdfad11c45b83eb11b"", ""IENT-1952ff89e4502dfbc64da2f4"", ""unknown"", """", ""unknown"", """", ""contextual""]",deterministic_replay
w/o Global Closure,IFACT-018e5975b1c6fb4bc308f0bc,"[""ITOPIC-581afa236679c6868842bd89"", ""IENT-1952ff89e4502dfbc64da2f4"", ""unknown"", """", ""unknown"", """", ""contextual""]","[""IENT-904bc6cdfad11c45b83eb11b"", ""IENT-1952ff89e4502dfbc64da2f4"", ""unknown"", """", ""unknown"", """", ""contextual""]",deterministic_replay
w/o Identity Projection,IFACT-018fbc6ab211b3397223045d,"[""IENT-d006a18026ecdc694140827a"", ""IENTREPAIR-1fd8b7563ff9efab740fada9"", ""unknown"", """", ""unknown"", """", ""strict_semantic""]","[""IENT-d006a18026ecdc694140827a"", ""IENT-8e4578a20fb26faac50cb5e4"", ""unknown"", """", ""unknown"", """", ""strict_semantic""]",deterministic_replay
w/o Global Closure,IFACT-018fbc6ab211b3397223045d,"[""IENT-d006a18026ecdc694140827a"", ""IENTREPAIR-1fd8b7563ff9efab740fada9"", ""unknown"", """", ""unknown"", """", ""strict_semantic""]","[""IENT-d006a18026ecdc694140827a"", ""IENT-8e4578a20fb26faac50cb5e4"", ""unknown"", """", ""unknown"", """", ""strict_semantic""]",deterministic_replay
w/o Identity Projection,IFACT-0190b677a1bf81b048e4486e,"[""IENT-a634aaed56fe3df2d8203ab0"", ""IENTREPAIR-6a6b58a1a9a41a8b0aa797b8"", ""unknown"", """", ""context_location"", """", ""contextual""]","[""IENT-a634aaed56fe3df2d8203ab0"", ""IENT-9db3318698ccd87ff263d725"", ""unknown"", """", ""context_location"", """", ""contextual""]",deterministic_replay
w/o Global Closure,IFACT-0190b677a1bf81b048e4486e,"[""IENT-a634aaed56fe3df2d8203ab0"", ""IENTREPAIR-6a6b58a1a9a41a8b0aa797b8"", ""unknown"", """", ""context_location"", """", ""contextual""]","[""IENT-a634aaed56fe3df2d8203ab0"", ""IENT-9db3318698ccd87ff263d725"", ""unknown"", """", ""context_location"", """", ""contextual""]",deterministic_replay
w/o Identity Projection,IFACT-019a1d1a62847a9f3baa2fb3,"[""IENTREPAIR-09feebbf7c8e912751abb1bc"", ""IENT-a10e53507f6db256c6f3b388"", ""unknown"", """", ""unknown"", """", ""unresolved""]","[""IENT-954584862f61b94a2699d2be"", ""IENT-a10e53507f6db256c6f3b388"", ""unknown"", """", ""unknown"", """", ""unresolved""]",deterministic_replay
w/o Global Closure,IFACT-019a1d1a62847a9f3baa2fb3,"[""IENTREPAIR-09feebbf7c8e912751abb1bc"", ""IENT-a10e53507f6db256c6f3b388"", ""unknown"", """", ""unknown"", """", ""unresolved""]","[""IENT-954584862f61b94a2699d2be"", ""IENT-a10e53507f6db256c6f3b388"", ""unknown"", """", ""unknown"", """", ""unresolved""]",deterministic_replay
w/o Identity Projection,IFACT-019a64484198c61dea3f146e,"[""IENT-3af00258c116944b84504ac4"", ""IENT-aeca00dd04b13fff111b0b20"", ""unknown"", """", ""unknown"", """", ""contextual""]","[""IENT-8c25ae16d6f272ac8c0d7861"", ""IENT-aeca00dd04b13fff111b0b20"", ""unknown"", """", ""unknown"", """", ""contextual""]",deterministic_replay
w/o Global Closure,IFACT-019a64484198c61dea3f146e,"[""IENT-3af00258c116944b84504ac4"", ""IENT-aeca00dd04b13fff111b0b20"", ""unknown"", """", ""unknown"", """", ""contextual""]","[""IENT-8c25ae16d6f272ac8c0d7861"", ""IENT-aeca00dd04b13fff111b0b20"", ""unknown"", """", ""unknown"", """", ""contextual""]",deterministic_replay
w/o Identity Projection,IFACT-019aa65d7a802f9468736df2,"[""IENT-08002544263bdf8a158c9366"", ""IENTREPAIR-57ae9be1fb1a52808fa6608a"", ""unknown"", """", ""unknown"", """", ""contextual""]","[""IENT-08002544263bdf8a158c9366"", ""IENT-eefbe207764108944a187b86"", ""unknown"", """", ""unknown"", """", ""contextual""]",deterministic_replay
w/o Global Closure,IFACT-019aa65d7a802f9468736df2,"[""IENT-08002544263bdf8a158c9366"", ""IENTREPAIR-57ae9be1fb1a52808fa6608a"", ""unknown"", """", ""unknown"", """", ""contextual""]","[""IENT-08002544263bdf8a158c9366"", ""IENT-eefbe207764108944a187b86"", ""unknown"", """", ""unknown"", """", ""contextual""]",deterministic_replay
w/o Identity Projection,IFACT-019c1ddb415a6f8c02a1f7d1,"[""IENTREPAIR-38798e72dca29d1bbc23e385"", ""IENT-abeaf48352ed99dc14352c07"", ""unknown"", """", ""unknown"", """", ""contextual""]","[""IENT-b0b125a855eb9530aa95f840"", ""IENT-abeaf48352ed99dc14352c07"", ""unknown"", """", ""unknown"", """", ""contextual""]",deterministic_replay
w/o Global Closure,IFACT-019c1ddb415a6f8c02a1f7d1,"[""IENTREPAIR-38798e72dca29d1bbc23e385"", ""IENT-abeaf48352ed99dc14352c07"", ""unknown"", """", ""unknown"", """", ""contextual""]","[""IENT-b0b125a855eb9530aa95f840"", ""IENT-abeaf48352ed99dc14352c07"", ""unknown"", """", ""unknown"", """", ""contextual""]",deterministic_replay
w/o Identity Projection,IFACT-01a310111c0e8f4ba823da55,"[""IENT-ff1d76942e66c51a84aa802a"", ""IENTREPAIR-a26c6262b7503a967eb4afe3"", ""relation_validity"", """", ""relation_location"", """", ""strict_semantic""]","[""IENT-ff1d76942e66c51a84aa802a"", ""IENT-5efe116a95b3f278d5ef5e4b"", ""relation_validity"", """", ""relation_location"", """", ""strict_semantic""]",deterministic_replay
w/o Global Closure,IFACT-01a310111c0e8f4ba823da55,"[""IENT-ff1d76942e66c51a84aa802a"", ""IENTREPAIR-a26c6262b7503a967eb4afe3"", ""relation_validity"", """", ""relation_location"", """", ""strict_semantic""]","[""IENT-ff1d76942e66c51a84aa802a"", ""IENT-5efe116a95b3f278d5ef5e4b"", ""relation_validity"", """", ""relation_location"", """", ""strict_semantic""]",deterministic_replay
w/o Identity Projection,IFACT-01a343d0513c4aec9a931729,"[""IENT-5f367ca744a93f29000806a6"", ""IENTREPAIR-14101a661092493268c37b62"", ""context_time"", """", ""context_location"", """", ""contextual""]","[""IENT-5f367ca744a93f29000806a6"", ""IENT-409df0b58adb49ffb9f65c4e"", ""context_time"", """", ""context_location"", """", ""contextual""]",deterministic_replay
w/o Global Closure,IFACT-01a343d0513c4aec9a931729,"[""IENT-5f367ca744a93f29000806a6"", ""IENTREPAIR-14101a661092493268c37b62"", ""context_time"", """", ""context_location"", """", ""contextual""]","[""IENT-5f367ca744a93f29000806a6"", ""IENT-409df0b58adb49ffb9f65c4e"", ""context_time"", """", ""context_location"", """", ""contextual""]",deterministic_replay
w/o Relation Contract,IFACT-01a3e27b3461c9ed97b9c0b3,"[""IENT-25442c3748b74f05758d9990"", ""IENT-f2c249c33e1cba430944eb89"", ""unknown"", """", ""unknown"", """", ""contextual""]","[""IENT-25442c3748b74f05758d9990"", ""IENT-f2c249c33e1cba430944eb89"", ""unknown"", """", ""unknown"", """", ""strict_semantic""]",deterministic_replay
w/o Global Closure,IFACT-01a3e27b3461c9ed97b9c0b3,"[""IENT-25442c3748b74f05758d9990"", ""IENT-f2c249c33e1cba430944eb89"", ""unknown"", """", ""unknown"", """", ""contextual""]","[""IENT-25442c3748b74f05758d9990"", ""IENT-f2c249c33e1cba430944eb89"", ""unknown"", """", ""unknown"", """", ""strict_semantic""]",deterministic_replay
w/o Relation Contract,IFACT-01a8594490b600ebdf54071e,"[""IENT-7249f1b078c480e0b26696a6"", ""IENT-db92bedf1af26035c0f96c4d"", ""relation_validity"", """", ""unknown"", """", ""contextual""]","[""IENT-7249f1b078c480e0b26696a6"", ""IENT-db92bedf1af26035c0f96c4d"", ""relation_validity"", """", ""unknown"", """", ""strict_semantic""]",deterministic_replay
w/o Global Closure,IFACT-01a8594490b600ebdf54071e,"[""IENT-7249f1b078c480e0b26696a6"", ""IENT-db92bedf1af26035c0f96c4d"", ""relation_validity"", """", ""unknown"", """", ""contextual""]","[""IENT-7249f1b078c480e0b26696a6"", ""IENT-db92bedf1af26035c0f96c4d"", ""relation_validity"", """", ""unknown"", """", ""strict_semantic""]",deterministic_replay
w/o Identity Projection,IFACT-01a921e8b3327cfd76f6865b,"[""IENT-2138d3e8865d4cdfeeaf4e56"", ""IENTREPAIR-09feebbf7c8e912751abb1bc"", ""unknown"", """", ""unknown"", """", ""strict_semantic""]","[""IENT-2138d3e8865d4cdfeeaf4e56"", ""IENT-954584862f61b94a2699d2be"", ""unknown"", """", ""unknown"", """", ""strict_semantic""]",deterministic_replay
w/o Global Closure,IFACT-01a921e8b3327cfd76f6865b,"[""IENT-2138d3e8865d4cdfeeaf4e56"", ""IENTREPAIR-09feebbf7c8e912751abb1bc"", ""unknown"", """", ""unknown"", """", ""strict_semantic""]","[""IENT-2138d3e8865d4cdfeeaf4e56"", ""IENT-954584862f61b94a2699d2be"", ""unknown"", """", ""unknown"", """", ""strict_semantic""]",deterministic_replay
w/o Identity Projection,IFACT-01ab848d992f1a91c459545f,"[""IENT-dd514844a954d6c3f134cce3"", ""IENTREPAIR-6a6b58a1a9a41a8b0aa797b8"", ""unknown"", """", ""context_location"", """", ""contextual""]","[""IENT-dd514844a954d6c3f134cce3"", ""IENT-9db3318698ccd87ff263d725"", ""unknown"", """", ""context_location"", """", ""contextual""]",deterministic_replay
w/o Global Closure,IFACT-01ab848d992f1a91c459545f,"[""IENT-dd514844a954d6c3f134cce3"", ""IENTREPAIR-6a6b58a1a9a41a8b0aa797b8"", ""unknown"", """", ""context_location"", """", ""contextual""]","[""IENT-dd514844a954d6c3f134cce3"", ""IENT-9db3318698ccd87ff263d725"", ""unknown"", """", ""context_location"", """", ""contextual""]",deterministic_replay
w/o Identity Projection,IFACT-01ac47c15f83fa4b68ee853b,"[""IENT-0c3b9abbd52a860152040a79"", ""IENTREPAIR-6a6b58a1a9a41a8b0aa797b8"", ""unknown"", """", ""context_location"", """", ""contextual""]","[""IENT-0c3b9abbd52a860152040a79"", ""IENT-9db3318698ccd87ff263d725"", ""unknown"", """", ""context_location"", """", ""contextual""]",deterministic_replay
w/o Global Closure,IFACT-01ac47c15f83fa4b68ee853b,"[""IENT-0c3b9abbd52a860152040a79"", ""IENTREPAIR-6a6b58a1a9a41a8b0aa797b8"", ""unknown"", """", ""context_location"", """", ""contextual""]","[""IENT-0c3b9abbd52a860152040a79"", ""IENT-9db3318698ccd87ff263d725"", ""unknown"", """", ""context_location"", """", ""contextual""]",deterministic_replay
w/o Identity Projection,IFACT-01af15c7ec7524ac1ffb8a66,"[""IENT-64bdd247e3c10fd82bb3982d"", ""IENTREPAIR-200f7b910188b3fefdacd7e0"", ""unknown"", """", ""unknown"", """", ""contextual""]","[""IENT-64bdd247e3c10fd82bb3982d"", ""IENT-0d3ed9c535f92e74badc855e"", ""unknown"", """", ""unknown"", """", ""contextual""]",deterministic_replay
w/o Global Closure,IFACT-01af15c7ec7524ac1ffb8a66,"[""IENT-64bdd247e3c10fd82bb3982d"", ""IENTREPAIR-200f7b910188b3fefdacd7e0"", ""unknown"", """", ""unknown"", """", ""contextual""]","[""IENT-64bdd247e3c10fd82bb3982d"", ""IENT-0d3ed9c535f92e74badc855e"", ""unknown"", """", ""unknown"", """", ""contextual""]",deterministic_replay
w/o Identity Projection,IFACT-01b3133b9da32ebcb3d538d4,"[""IENT-f6e224809cb3d1cf1b3d2591"", ""IENTREPAIR-01d87f5c8ac1d9e4ac1e22b8"", ""unknown"", """", ""unknown"", """", ""strict_semantic""]","[""IENT-f6e224809cb3d1cf1b3d2591"", ""IENT-1f935a353296c40dbeb6c72a"", ""unknown"", """", ""unknown"", """", ""strict_semantic""]",deterministic_replay
w/o Global Closure,IFACT-01b3133b9da32ebcb3d538d4,"[""IENT-f6e224809cb3d1cf1b3d2591"", ""IENTREPAIR-01d87f5c8ac1d9e4ac1e22b8"", ""unknown"", """", ""unknown"", """", ""strict_semantic""]","[""IENT-f6e224809cb3d1cf1b3d2591"", ""IENT-1f935a353296c40dbeb6c72a"", ""unknown"", """", ""unknown"", """", ""strict_semantic""]",deterministic_replay
w/o Identity Projection,IFACT-01b947d86d8cbcdb286d4a59,"[""IENT-eeb40646ab72f77034f29eb2"", ""ITOPIC-797096e9621e285ff08da1f2"", ""unknown"", """", ""unknown"", """", ""strict_semantic""]","[""ITOPIC-516cba1c9cabc226497ca593"", ""ITOPIC-797096e9621e285ff08da1f2"", ""unknown"", """", ""unknown"", """", ""strict_semantic""]",deterministic_replay
w/o Global Closure,IFACT-01b947d86d8cbcdb286d4a59,"[""IENT-eeb40646ab72f77034f29eb2"", ""ITOPIC-797096e9621e285ff08da1f2"", ""unknown"", """", ""unknown"", """", ""strict_semantic""]","[""ITOPIC-516cba1c9cabc226497ca593"", ""ITOPIC-797096e9621e285ff08da1f2"", ""unknown"", """", ""unknown"", """", ""strict_semantic""]",deterministic_replay
w/o Identity Projection,IFACT-01b966aa1d7868471555a0cf,"[""IENT-8327d3a1577b179696fe5125"", ""ITOPIC-581afa236679c6868842bd89"", ""unknown"", """", ""context_location"", """", ""contextual""]","[""IENT-8327d3a1577b179696fe5125"", ""IENT-904bc6cdfad11c45b83eb11b"", ""unknown"", """", ""context_location"", """", ""contextual""]",deterministic_replay
w/o Global Closure,IFACT-01b966aa1d7868471555a0cf,"[""IENT-8327d3a1577b179696fe5125"", ""ITOPIC-581afa236679c6868842bd89"", ""unknown"", """", ""context_location"", """", ""contextual""]","[""IENT-8327d3a1577b179696fe5125"", ""IENT-904bc6cdfad11c45b83eb11b"", ""unknown"", """", ""context_location"", """", ""contextual""]",deterministic_replay
w/o Identity Projection,IFACT-01bb8667590d546cf9b844d0,"[""IENT-d80e9048c271e80ea31db913"", ""IENT-fbf81dd12485e85f5c245c5f"", ""unknown"", """", ""context_location"", """", ""unresolved""]","[""ITOPIC-668194269b331d59dc59581f"", ""IENT-fbf81dd12485e85f5c245c5f"", ""unknown"", """", ""context_location"", """", ""unresolved""]",deterministic_replay
w/o Global Closure,IFACT-01bb8667590d546cf9b844d0,"[""IENT-d80e9048c271e80ea31db913"", ""IENT-fbf81dd12485e85f5c245c5f"", ""unknown"", """", ""context_location"", """", ""unresolved""]","[""ITOPIC-668194269b331d59dc59581f"", ""IENT-fbf81dd12485e85f5c245c5f"", ""unknown"", """", ""context_location"", """", ""unresolved""]",deterministic_replay
w/o Relation Contract,IFACT-01bd60fc989347fda2eaf1c5,"[""IENT-bfb3dd3234d2e69426923fa3"", ""IENT-7ecf6ab664c53f050b2be12c"", ""unknown"", """", ""unknown"", """", ""contextual""]","[""IENT-bfb3dd3234d2e69426923fa3"", ""IENT-7ecf6ab664c53f050b2be12c"", ""unknown"", """", ""unknown"", """", ""strict_semantic""]",deterministic_replay
w/o Global Closure,IFACT-01bd60fc989347fda2eaf1c5,"[""IENT-bfb3dd3234d2e69426923fa3"", ""IENT-7ecf6ab664c53f050b2be12c"", ""unknown"", """", ""unknown"", """", ""contextual""]","[""IENT-bfb3dd3234d2e69426923fa3"", ""IENT-7ecf6ab664c53f050b2be12c"", ""unknown"", """", ""unknown"", """", ""strict_semantic""]",deterministic_replay
w/o Role-owner Closure,IFACT-01bf69077bd9a8558d58c6a3,"[""IENT-cb5b7df39ef15327d803f181"", ""IENT-851de1f67e7c00762f5018a9"", ""unknown"", """", ""context_location"", """", ""unresolved""]","[""IENT-cb5b7df39ef15327d803f181"", ""IENT-851de1f67e7c00762f5018a9"", ""unknown"", """", ""event_location"", ""IENT-851de1f67e7c00762f5018a9"", ""unresolved""]",deterministic_replay
w/o Global Closure,IFACT-01bf69077bd9a8558d58c6a3,"[""IENT-cb5b7df39ef15327d803f181"", ""IENT-851de1f67e7c00762f5018a9"", ""unknown"", """", ""context_location"", """", ""unresolved""]","[""IENT-cb5b7df39ef15327d803f181"", ""IENT-851de1f67e7c00762f5018a9"", ""unknown"", """", ""event_location"", ""IENT-851de1f67e7c00762f5018a9"", ""unresolved""]",deterministic_replay
w/o Identity Projection,IFACT-01c2a151e8d104fbfb70f403,"[""IENT-2f1e9921c9767ab2494faabc"", ""IENTREPAIR-039a90901f49dfa119608d72"", ""unknown"", """", ""context_location"", """", ""contextual""]","[""IENT-2f1e9921c9767ab2494faabc"", ""IENT-643367a6da6f8c126392b244"", ""unknown"", """", ""context_location"", """", ""contextual""]",deterministic_replay
w/o Global Closure,IFACT-01c2a151e8d104fbfb70f403,"[""IENT-2f1e9921c9767ab2494faabc"", ""IENTREPAIR-039a90901f49dfa119608d72"", ""unknown"", """", ""context_location"", """", ""contextual""]","[""IENT-2f1e9921c9767ab2494faabc"", ""IENT-643367a6da6f8c126392b244"", ""unknown"", """", ""context_location"", """", ""contextual""]",deterministic_replay
w/o Identity Projection,IFACT-01c44a4d788d27fd67c7abcb,"[""IENT-26775acf2c58d88a513f95e3"", ""ITOPIC-581afa236679c6868842bd89"", ""unknown"", """", ""unknown"", """", ""strict_semantic""]","[""IENT-26775acf2c58d88a513f95e3"", ""IENT-904bc6cdfad11c45b83eb11b"", ""unknown"", """", ""unknown"", """", ""strict_semantic""]",deterministic_replay
w/o Global Closure,IFACT-01c44a4d788d27fd67c7abcb,"[""IENT-26775acf2c58d88a513f95e3"", ""ITOPIC-581afa236679c6868842bd89"", ""unknown"", """", ""unknown"", """", ""strict_semantic""]","[""IENT-26775acf2c58d88a513f95e3"", ""IENT-904bc6cdfad11c45b83eb11b"", ""unknown"", """", ""unknown"", """", ""strict_semantic""]",deterministic_replay
w/o Identity Projection,IFACT-01c4ec520ef14624e7657b1b,"[""IENT-a033bd74bd02743360c68fe2"", ""IENT-e96c07fe3468bde02acbb620"", ""unknown"", """", ""relation_location"", """", ""unresolved""]","[""IENT-a033bd74bd02743360c68fe2"", ""IENT-e0f529f987a517c2becc675a"", ""unknown"", """", ""relation_location"", """", ""unresolved""]",deterministic_replay
w/o Global Closure,IFACT-01c4ec520ef14624e7657b1b,"[""IENT-a033bd74bd02743360c68fe2"", ""IENT-e96c07fe3468bde02acbb620"", ""unknown"", """", ""relation_location"", """", ""unresolved""]","[""IENT-a033bd74bd02743360c68fe2"", ""IENT-e0f529f987a517c2becc675a"", ""unknown"", """", ""relation_location"", """", ""unresolved""]",deterministic_replay
w/o Identity Projection,IFACT-01c55347dcaf0333a76f7ff1,"[""IENT-851de1f67e7c00762f5018a9"", ""IENT-0276c5077300a72897d69bcb"", ""unknown"", """", ""unknown"", """", ""unresolved""]","[""IENT-99e6f0b8bf22548ab8c08370"", ""IENT-0276c5077300a72897d69bcb"", ""unknown"", """", ""unknown"", """", ""unresolved""]",deterministic_replay
w/o Global Closure,IFACT-01c55347dcaf0333a76f7ff1,"[""IENT-851de1f67e7c00762f5018a9"", ""IENT-0276c5077300a72897d69bcb"", ""unknown"", """", ""unknown"", """", ""unresolved""]","[""IENT-99e6f0b8bf22548ab8c08370"", ""IENT-0276c5077300a72897d69bcb"", ""unknown"", """", ""unknown"", """", ""unresolved""]",deterministic_replay
w/o Identity Projection,IFACT-01c5f96560da3c3a99d80d20,"[""IENT-67d80793e86a809882a80d2a"", ""IENTREPAIR-1fd8b7563ff9efab740fada9"", ""unknown"", """", ""unknown"", """", ""strict_semantic""]","[""IENT-67d80793e86a809882a80d2a"", ""IENT-8e4578a20fb26faac50cb5e4"", ""unknown"", """", ""unknown"", """", ""strict_semantic""]",deterministic_replay
w/o Global Closure,IFACT-01c5f96560da3c3a99d80d20,"[""IENT-67d80793e86a809882a80d2a"", ""IENTREPAIR-1fd8b7563ff9efab740fada9"", ""unknown"", """", ""unknown"", """", ""strict_semantic""]","[""IENT-67d80793e86a809882a80d2a"", ""IENT-8e4578a20fb26faac50cb5e4"", ""unknown"", """", ""unknown"", """", ""strict_semantic""]",deterministic_replay
w/o Identity Projection,IFACT-01c6343f9ba914dac8cbd95f,"[""IENT-8d93f518b5322cfa70e4ab8e"", ""IENTREPAIR-382ea3e3683798b42c4123dd"", ""unknown"", """", ""context_location"", """", ""contextual""]","[""IENT-8d93f518b5322cfa70e4ab8e"", ""IENT-bd07e2a90779cf234cae80ba"", ""unknown"", """", ""context_location"", """", ""contextual""]",deterministic_replay
w/o Global Closure,IFACT-01c6343f9ba914dac8cbd95f,"[""IENT-8d93f518b5322cfa70e4ab8e"", ""IENTREPAIR-382ea3e3683798b42c4123dd"", ""unknown"", """", ""context_location"", """", ""contextual""]","[""IENT-8d93f518b5322cfa70e4ab8e"", ""IENT-bd07e2a90779cf234cae80ba"", ""unknown"", """", ""context_location"", """", ""contextual""]",deterministic_replay
w/o Identity Projection,IFACT-01d19a96d39efe51d4bae3ab,"[""IENT-aa8070af7fa8708119c883ea"", ""IENT-ed9324455e0f8d944c33ac2e"", ""unknown"", """", ""unknown"", """", ""unresolved""]","[""IENT-aa8070af7fa8708119c883ea"", ""IENT-1c40217629188f13666d0f7d"", ""unknown"", """", ""unknown"", """", ""unresolved""]",deterministic_replay
w/o Global Closure,IFACT-01d19a96d39efe51d4bae3ab,"[""IENT-aa8070af7fa8708119c883ea"", ""IENT-ed9324455e0f8d944c33ac2e"", ""unknown"", """", ""unknown"", """", ""unresolved""]","[""IENT-aa8070af7fa8708119c883ea"", ""IENT-1c40217629188f13666d0f7d"", ""unknown"", """", ""unknown"", """", ""unresolved""]",deterministic_replay
w/o Identity Projection,IFACT-01d1ab5ed275f3a4ef703416,"[""IENT-f9003951b227feb1713b1f70"", ""ITOPIC-581afa236679c6868842bd89"", ""relation_validity"", """", ""relation_location"", """", ""strict_semantic""]","[""IENT-f9003951b227feb1713b1f70"", ""IENT-904bc6cdfad11c45b83eb11b"", ""relation_validity"", """", ""relation_location"", """", ""strict_semantic""]",deterministic_replay
w/o Global Closure,IFACT-01d1ab5ed275f3a4ef703416,"[""IENT-f9003951b227feb1713b1f70"", ""ITOPIC-581afa236679c6868842bd89"", ""relation_validity"", """", ""relation_location"", """", ""strict_semantic""]","[""IENT-f9003951b227feb1713b1f70"", ""IENT-904bc6cdfad11c45b83eb11b"", ""relation_validity"", """", ""relation_location"", """", ""strict_semantic""]",deterministic_replay
w/o Identity Projection,IFACT-01d5418b696438b78dbd0e03,"[""IENT-248394d8096b5dba284219f5"", ""ITOPIC-581afa236679c6868842bd89"", ""unknown"", """", ""unknown"", """", ""strict_semantic""]","[""IENT-248394d8096b5dba284219f5"", ""IENT-904bc6cdfad11c45b83eb11b"", ""unknown"", """", ""unknown"", """", ""strict_semantic""]",deterministic_replay
w/o Global Closure,IFACT-01d5418b696438b78dbd0e03,"[""IENT-248394d8096b5dba284219f5"", ""ITOPIC-581afa236679c6868842bd89"", ""unknown"", """", ""unknown"", """", ""strict_semantic""]","[""IENT-248394d8096b5dba284219f5"", ""IENT-904bc6cdfad11c45b83eb11b"", ""unknown"", """", ""unknown"", """", ""strict_semantic""]",deterministic_replay
w/o Role-owner Closure,IFACT-01d6f082fde8d25d9ab4e2e3,"[""IENT-e4425c2e8a04bd8b78267112"", ""IENT-e2873222b59ee52729c96467"", ""event_occurrence"", ""IENT-e4425c2e8a04bd8b78267112"", ""unknown"", """", ""unresolved""]","[""IENT-e4425c2e8a04bd8b78267112"", ""IENT-e2873222b59ee52729c96467"", ""unknown"", """", ""unknown"", """", ""unresolved""]",deterministic_replay
w/o Identity Projection,IFACT-01d7d6cd22bed339062b4794,"[""IENT-7f4117c15df4a66bf7e0207e"", ""IENTREPAIR-c15648bcd52598f548c0e914"", ""unknown"", """", ""unknown"", """", ""contextual""]","[""IENT-7f4117c15df4a66bf7e0207e"", ""IENT-6fa4fbcdb32e26a6591591bc"", ""unknown"", """", ""unknown"", """", ""contextual""]",deterministic_replay
w/o Identity Projection,IFACT-01dc6ea98bc17dbe37f05ec7,"[""IENT-248394d8096b5dba284219f5"", ""ITOPIC-581afa236679c6868842bd89"", ""unknown"", """", ""event_location"", ""IENT-248394d8096b5dba284219f5"", ""strict_semantic""]","[""IENT-248394d8096b5dba284219f5"", ""IENT-904bc6cdfad11c45b83eb11b"", ""unknown"", """", ""event_location"", ""IENT-248394d8096b5dba284219f5"", ""strict_semantic""]",deterministic_replay
w/o Identity Projection,IFACT-01dcf4aa9b2823287d178621,"[""IENT-d53b6a22ac8d78cec22ae6c7"", ""IENTREPAIR-09feebbf7c8e912751abb1bc"", ""unknown"", """", ""unknown"", """", ""strict_semantic""]","[""IENT-d53b6a22ac8d78cec22ae6c7"", ""IENT-954584862f61b94a2699d2be"", ""unknown"", """", ""unknown"", """", ""strict_semantic""]",deterministic_replay
w/o Identity Projection,IFACT-01dd757c55748721b3071577,"[""IENTREPAIR-23c387989716a3cd066935f7"", ""IENTREPAIR-26b0e98f7b5371cd6cd77d6c"", ""unknown"", """", ""unknown"", """", ""unresolved""]","[""IENTREPAIR-23c387989716a3cd066935f7"", ""IENT-97b36a109ab9d7a3d5933776"", ""unknown"", """", ""unknown"", """", ""unresolved""]",deterministic_replay
w/o Identity Projection,IFACT-01e00d9ff9fb71740a26263e,"[""IENT-47b121f8ca323e46c0cf29af"", ""IENTREPAIR-1ae23176d7a9f3e895ee620d"", ""unknown"", """", ""unknown"", """", ""strict_semantic""]","[""IENT-47b121f8ca323e46c0cf29af"", ""IENT-f0599356e9f9509cd1cfb800"", ""unknown"", """", ""unknown"", """", ""strict_semantic""]",deterministic_replay
w/o Identity Projection,IFACT-01e07109fb6a756c7972693b,"[""ITOPIC-581afa236679c6868842bd89"", ""IENT-cdeb195af8567c581a439e50"", ""unknown"", """", ""unknown"", """", ""contextual""]","[""IENT-904bc6cdfad11c45b83eb11b"", ""IENT-cdeb195af8567c581a439e50"", ""unknown"", """", ""unknown"", """", ""contextual""]",deterministic_replay
w/o Identity Projection,IFACT-01e7660d037db3a792fcea03,"[""IENT-89615d27458ad1ffa17b64ac"", ""IENTREPAIR-0db954be0fc2ad333b758eb5"", ""unknown"", """", ""unknown"", """", ""strict_semantic""]","[""IENT-89615d27458ad1ffa17b64ac"", ""IENT-3fd7c52fa648a717c53e987c"", ""unknown"", """", ""unknown"", """", ""strict_semantic""]",deterministic_replay
w/o Identity Projection,IFACT-01eba035b2d0be4d9f3670a9,"[""IENTREPAIR-428cfdf174467b8581b5d79c"", ""IENT-5053a3f4d3dd92a947d79d4d"", ""unknown"", """", ""unknown"", """", ""contextual""]","[""IENT-20fb33ff8bd53bb272a70e3b"", ""IENT-5053a3f4d3dd92a947d79d4d"", ""unknown"", """", ""unknown"", """", ""contextual""]",deterministic_replay
w/o Relation Contract,IFACT-01ec29e95be8ca006dc5f275,"[""IENT-e795eeecf4b12a7cc95daa0a"", ""IENT-df1e8340e264c7e748292507"", ""unknown"", """", ""unknown"", """", ""contextual""]","[""IENT-e795eeecf4b12a7cc95daa0a"", ""IENT-df1e8340e264c7e748292507"", ""unknown"", """", ""unknown"", """", ""strict_semantic""]",deterministic_replay
w/o Identity Projection,IFACT-01eca0c5699f0a5df4b1a5b2,"[""IENTREPAIR-0e6970ff902ae5ccdba5fcba"", ""IENT-4262ed76c850bb89767f2d95"", ""unknown"", """", ""unknown"", """", ""contextual""]","[""IENT-3c48236a26c071e0968a46f1"", ""IENT-4262ed76c850bb89767f2d95"", ""unknown"", """", ""unknown"", """", ""contextual""]",deterministic_replay
w/o Identity Projection,IFACT-01edb7a6b3e61c490bc957f3,"[""IENT-7d1b576b002bdcefba5c7de7"", ""IENTREPAIR-09feebbf7c8e912751abb1bc"", ""unknown"", """", ""unknown"", """", ""contextual""]","[""IENT-7d1b576b002bdcefba5c7de7"", ""IENT-954584862f61b94a2699d2be"", ""unknown"", """", ""unknown"", """", ""contextual""]",deterministic_replay
w/o Identity Projection,IFACT-01efae135deff3878bc28711,"[""IENT-5651d7fa2ec14016908a1e9d"", ""IENTREPAIR-0742b26a659164bee980a331"", ""unknown"", """", ""unknown"", """", ""unresolved""]","[""IENT-5651d7fa2ec14016908a1e9d"", ""IENTREPAIR-214bee0b76da7a8e6aec4f34"", ""unknown"", """", ""unknown"", """", ""unresolved""]",deterministic_replay
w/o Identity Projection,IFACT-01f089f24b64cee272b27504,"[""IENT-6f7ea3d39427de19878d131b"", ""IENT-f0f62f6c40379e12d6108d8b"", ""unknown"", """", ""unknown"", """", ""unresolved""]","[""IENT-6f7ea3d39427de19878d131b"", ""IENTREPAIR-4a68bb9946d7cf71027104cc"", ""unknown"", """", ""unknown"", """", ""unresolved""]",deterministic_replay
w/o Identity Projection,IFACT-01f20081f4d295ef27026be5,"[""IENT-15e7610d068f7c131b35bd68"", ""ITOPIC-581afa236679c6868842bd89"", ""context_time"", """", ""context_location"", """", ""contextual""]","[""IENT-15e7610d068f7c131b35bd68"", ""IENT-9e8b2190d617157ba1375287"", ""context_time"", """", ""context_location"", """", ""contextual""]",deterministic_replay
w/o Identity Projection,IFACT-01f28d52d07e500ba8bc760d,"[""IENTREPAIR-09feebbf7c8e912751abb1bc"", ""IENT-3e43d25c9144e025c2cf32d9"", ""unknown"", """", ""unknown"", """", ""contextual""]","[""IENT-954584862f61b94a2699d2be"", ""IENT-3e43d25c9144e025c2cf32d9"", ""unknown"", """", ""unknown"", """", ""contextual""]",deterministic_replay
w/o Identity Projection,IFACT-01f2e93ebee56da242beccb2,"[""IENT-708df80adb45be09dfa79ecf"", ""IENTREPAIR-4a949a44c1b6c54ea2a31e66"", ""unknown"", """", ""unknown"", """", ""strict_semantic""]","[""IENT-708df80adb45be09dfa79ecf"", ""IENT-b95a7a99b0557fba7f19c9fc"", ""unknown"", """", ""unknown"", """", ""strict_semantic""]",deterministic_replay
w/o Identity Projection,IFACT-01f5939f06089658619e4140,"[""IENT-4b9d77773994dd75b3d17f6e"", ""ITOPIC-581afa236679c6868842bd89"", ""context_time"", """", ""context_location"", """", ""contextual""]","[""IENT-4b9d77773994dd75b3d17f6e"", ""IENT-904bc6cdfad11c45b83eb11b"", ""context_time"", """", ""context_location"", """", ""contextual""]",deterministic_replay
w/o Identity Projection,IFACT-01f60de90664907c2ddd29ee,"[""IENT-948525e17510fc673528d11d"", ""IENTREPAIR-6a6b58a1a9a41a8b0aa797b8"", ""context_time"", """", ""event_location"", ""IENT-948525e17510fc673528d11d"", ""contextual""]","[""IENT-948525e17510fc673528d11d"", ""IENT-9db3318698ccd87ff263d725"", ""context_time"", """", ""event_location"", ""IENT-948525e17510fc673528d11d"", ""contextual""]",deterministic_replay
w/o Relation Contract,IFACT-01f995b8c1781d85c40ecda6,"[""ITOPIC-8ad90925456e128b3524baf2"", ""ITOPIC-ea541d411d0c4cea1a97b927"", ""unknown"", """", ""unknown"", """", ""contextual""]","[""ITOPIC-8ad90925456e128b3524baf2"", ""ITOPIC-ea541d411d0c4cea1a97b927"", ""unknown"", """", ""unknown"", """", ""strict_semantic""]",deterministic_replay
w/o Identity Projection,IFACT-01fc3b25d9b7216625db4eb2,"[""IENT-7a35ee3b7da45a8fe338d2c7"", ""IENTREPAIR-326bb55a0bc4a353fded9b58"", ""unknown"", """", ""unknown"", """", ""contextual""]","[""IENT-7a35ee3b7da45a8fe338d2c7"", ""IENT-7acc357f9a3580306f890a11"", ""unknown"", """", ""unknown"", """", ""contextual""]",deterministic_replay
w/o Identity Projection,IFACT-01fd17087aaedaf18561c57a,"[""IENT-37d1580ffc569d9aeb2c1741"", ""IENTREPAIR-0742b26a659164bee980a331"", ""unknown"", """", ""unknown"", """", ""unresolved""]","[""IENT-37d1580ffc569d9aeb2c1741"", ""IENTREPAIR-1c39bf6f35e94b533e41384a"", ""unknown"", """", ""unknown"", """", ""unresolved""]",deterministic_replay
w/o Identity Projection,IFACT-01fd8649ad9e452efbbbc305,"[""IENTREPAIR-326bb55a0bc4a353fded9b58"", ""IENT-b2907f395b12b514a6705baa"", ""context_time"", """", ""context_location"", """", ""contextual""]","[""IENT-7acc357f9a3580306f890a11"", ""IENT-b2907f395b12b514a6705baa"", ""context_time"", """", ""context_location"", """", ""contextual""]",deterministic_replay
w/o Identity Projection,IFACT-01ffb16166bcccb9bb24fb87,"[""IENT-a545574a279a047fa8c9ccef"", ""IENTREPAIR-428cfdf174467b8581b5d79c"", ""unknown"", """", ""context_location"", """", ""contextual""]","[""IENT-a545574a279a047fa8c9ccef"", ""IENT-20fb33ff8bd53bb272a70e3b"", ""unknown"", """", ""context_location"", """", ""contextual""]",deterministic_replay
w/o Identity Projection,IFACT-02002c11bf3b02a5b900b498,"[""IENT-bc9f7e279f29aa9693550a08"", ""IENTREPAIR-326bb55a0bc4a353fded9b58"", ""unknown"", """", ""unknown"", """", ""strict_semantic""]","[""IENT-bc9f7e279f29aa9693550a08"", ""IENT-7acc357f9a3580306f890a11"", ""unknown"", """", ""unknown"", """", ""strict_semantic""]",deterministic_replay
w/o Identity Projection,IFACT-0201ed6d38ce7b6247e64629,"[""IENT-e71e55f7b5dd99b76dded7ec"", ""IENTREPAIR-5e444aefe4292cfb0a1fc352"", ""unknown"", """", ""unknown"", """", ""strict_semantic""]","[""IENT-e71e55f7b5dd99b76dded7ec"", ""IENT-ee40b9076a8e1baa09ea6273"", ""unknown"", """", ""unknown"", """", ""strict_semantic""]",deterministic_replay
w/o Identity Projection,IFACT-0207aef6749763029bd34d32,"[""IENT-4b90b3fdbf752cc383bfe4f5"", ""IENTREPAIR-003a784e59679e271ca3643a"", ""unknown"", """", ""unknown"", """", ""contextual""]","[""IENT-4b90b3fdbf752cc383bfe4f5"", ""IENT-02b375dcdc350f8b7705860b"", ""unknown"", """", ""unknown"", """", ""contextual""]",deterministic_replay
w/o Relation Contract,IFACT-024b36419cf5076023f033ea,"[""IENT-88bef1b698becd2839213151"", ""IENT-9c8737159e9abf7442c46ff5"", ""relation_validity"", """", ""unknown"", """", ""contextual""]","[""IENT-88bef1b698becd2839213151"", ""IENT-9c8737159e9abf7442c46ff5"", ""relation_validity"", """", ""unknown"", """", ""strict_semantic""]",deterministic_replay
w/o Relation Contract,IFACT-025eb4fc71334a1d05817acf,"[""IENT-f2bb0b71d79e8b21e0ea9707"", ""IENT-b8f0b2408de7db49b1c9dd6a"", ""unknown"", """", ""unknown"", """", ""contextual""]","[""IENT-f2bb0b71d79e8b21e0ea9707"", ""IENT-b8f0b2408de7db49b1c9dd6a"", ""unknown"", """", ""unknown"", """", ""strict_semantic""]",deterministic_replay
w/o Relation Contract,IFACT-02601c274f3f8688af873794,"[""ITOPIC-d20ed12e73cf3fd73cd6b1dc"", ""ITOPIC-5b7e3a796373a5248f948d11"", ""unknown"", """", ""unknown"", """", ""contextual""]","[""ITOPIC-d20ed12e73cf3fd73cd6b1dc"", ""ITOPIC-5b7e3a796373a5248f948d11"", ""unknown"", """", ""unknown"", """", ""strict_semantic""]",deterministic_replay
w/o Relation Contract,IFACT-02657a98b5a439b525d43270,"[""ITOPIC-387ac0fba6cd26f96fad291b"", ""ITOPIC-264690ebb1cf9752d8ffb259"", ""unknown"", """", ""unknown"", """", ""contextual""]","[""ITOPIC-387ac0fba6cd26f96fad291b"", ""ITOPIC-264690ebb1cf9752d8ffb259"", ""unknown"", """", ""unknown"", """", ""strict_semantic""]",deterministic_replay
w/o Relation Contract,IFACT-026b535d9e7862e5f651a81c,"[""IENT-3f5ebef349f73a6e530de689"", ""IENT-d9e8ffe5b342953ad80c50b1"", ""unknown"", """", ""unknown"", """", ""contextual""]","[""IENT-3f5ebef349f73a6e530de689"", ""IENT-d9e8ffe5b342953ad80c50b1"", ""unknown"", """", ""unknown"", """", ""strict_semantic""]",deterministic_replay
w/o Relation Contract,IFACT-027240c0f4987e1b89ac4273,"[""IENT-0f31bc051f4b5fb9894f5e91"", ""IENT-729c24a718fae037ddd803b3"", ""unknown"", """", ""unknown"", """", ""contextual""]","[""IENT-0f31bc051f4b5fb9894f5e91"", ""IENT-729c24a718fae037ddd803b3"", ""unknown"", """", ""unknown"", """", ""strict_semantic""]",deterministic_replay
w/o Relation Contract,IFACT-029cbceba223b9c3ab4cf88f,"[""IENT-634d91d58b009a6e3f2b4e6d"", ""IENT-05912e2818e3c683bd0a8b8c"", ""unknown"", """", ""unknown"", """", ""contextual""]","[""IENT-634d91d58b009a6e3f2b4e6d"", ""IENT-05912e2818e3c683bd0a8b8c"", ""unknown"", """", ""unknown"", """", ""strict_semantic""]",deterministic_replay
w/o Relation Contract,IFACT-02a7f5e982ba99ccf5ffc2ff,"[""IENT-a22553f355cc74ac420d7ed3"", ""IENT-79ecce0b9455f225bf801231"", ""unknown"", """", ""unknown"", """", ""contextual""]","[""IENT-a22553f355cc74ac420d7ed3"", ""IENT-79ecce0b9455f225bf801231"", ""unknown"", """", ""unknown"", """", ""strict_semantic""]",deterministic_replay
w/o Relation Contract,IFACT-02bb42b2fbd49029bc28995d,"[""IENT-f525a8a65261fc66dd932fe3"", ""IENT-045f93be0fe166a587e73c40"", ""unknown"", """", ""unknown"", """", ""contextual""]","[""IENT-f525a8a65261fc66dd932fe3"", ""IENT-045f93be0fe166a587e73c40"", ""unknown"", """", ""unknown"", """", ""strict_semantic""]",deterministic_replay
w/o Relation Contract,IFACT-02c82864fe7a7a1cdbda85ec,"[""IENT-67b512327e9f8943bfe83781"", ""IENT-42cd6ac167e36a0598b69f37"", ""unknown"", """", ""unknown"", """", ""contextual""]","[""IENT-67b512327e9f8943bfe83781"", ""IENT-42cd6ac167e36a0598b69f37"", ""unknown"", """", ""unknown"", """", ""strict_semantic""]",deterministic_replay
w/o Relation Contract,IFACT-02cca5fab63f83492efdfa8f,"[""ITOPIC-9e946833809bb20e006ac338"", ""ITOPIC-eb7b1f2992dd0ebb2c2a43ac"", ""unknown"", """", ""unknown"", """", ""contextual""]","[""ITOPIC-9e946833809bb20e006ac338"", ""ITOPIC-eb7b1f2992dd0ebb2c2a43ac"", ""unknown"", """", ""unknown"", """", ""strict_semantic""]",deterministic_replay
w/o Relation Contract,IFACT-02d70c3067d3aa8b4bb5b740,"[""IENT-41f9def760a0bdf1e4ae4ef6"", ""IENT-2814ae8cc14d2ce2d31f9187"", ""unknown"", """", ""unknown"", """", ""contextual""]","[""IENT-41f9def760a0bdf1e4ae4ef6"", ""IENT-2814ae8cc14d2ce2d31f9187"", ""unknown"", """", ""unknown"", """", ""strict_semantic""]",deterministic_replay
w/o Relation Contract,IFACT-02eb5d4dcaa30dc381a71f5d,"[""IENT-21fe8cb687c824d7263351e9"", ""IENT-3019e88223f350fac0b706f8"", ""relation_validity"", """", ""relation_location"", """", ""contextual""]","[""IENT-21fe8cb687c824d7263351e9"", ""IENT-3019e88223f350fac0b706f8"", ""relation_validity"", """", ""relation_location"", """", ""strict_semantic""]",deterministic_replay
w/o Role-owner Closure,IFACT-02f4c99acbf4d0970fd6201d,"[""IENT-d7471afb888130b1b0265d1d"", ""IENT-4148cd7a31bc9dbb09f16cd7"", ""event_occurrence"", ""IENT-d7471afb888130b1b0265d1d"", ""unknown"", """", ""unresolved""]","[""IENT-d7471afb888130b1b0265d1d"", ""IENT-4148cd7a31bc9dbb09f16cd7"", ""unknown"", """", ""unknown"", """", ""unresolved""]",deterministic_replay
w/o Relation Contract,IFACT-02faaf942766c824c961d600,"[""IENT-e382788999bfd5270110d113"", ""IENT-a72a8a511f75049d471c79ac"", ""unknown"", """", ""unknown"", """", ""contextual""]","[""IENT-e382788999bfd5270110d113"", ""IENT-a72a8a511f75049d471c79ac"", ""unknown"", """", ""unknown"", """", ""strict_semantic""]",deterministic_replay
w/o Relation Contract,IFACT-02fbe0c70ce1966c0530da7d,"[""IENT-6fa62073601865bf7fd69f8b"", ""IENT-b245e99fa37ad030f020df5b"", ""unknown"", """", ""unknown"", """", ""contextual""]","[""IENT-6fa62073601865bf7fd69f8b"", ""IENT-b245e99fa37ad030f020df5b"", ""unknown"", """", ""unknown"", """", ""strict_semantic""]",deterministic_replay
w/o Relation Contract,IFACT-03373482c07847d2b73e69d5,"[""IENT-1d97d5296e4ed9c5d28abb8e"", ""IENT-3635dfbca23167fae2b5d30e"", ""unknown"", """", ""unknown"", """", ""contextual""]","[""IENT-1d97d5296e4ed9c5d28abb8e"", ""IENT-3635dfbca23167fae2b5d30e"", ""unknown"", """", ""unknown"", """", ""strict_semantic""]",deterministic_replay
w/o Relation Contract,IFACT-033a4271040764a2206d00e0,"[""IENT-d1616132c178799a03c9ff5e"", ""IENT-94c9078858327dbe2dd0ba22"", ""unknown"", """", ""unknown"", """", ""contextual""]","[""IENT-d1616132c178799a03c9ff5e"", ""IENT-94c9078858327dbe2dd0ba22"", ""unknown"", """", ""unknown"", """", ""strict_semantic""]",deterministic_replay
w/o Relation Contract,IFACT-0354e14154352a2a742b1b92,"[""ITOPIC-a173d0df4ce68e217fcbf79b"", ""ITOPIC-ee17f759a4f286ddbc4c408b"", ""unknown"", """", ""unknown"", """", ""contextual""]","[""ITOPIC-a173d0df4ce68e217fcbf79b"", ""ITOPIC-ee17f759a4f286ddbc4c408b"", ""unknown"", """", ""unknown"", """", ""strict_semantic""]",deterministic_replay
w/o Relation Contract,IFACT-03620517d69ce2770d669c56,"[""IENT-3805bb15eac3038fbfdeae14"", ""IENT-f5adcf3297c0cc45fe264334"", ""relation_validity"", """", ""relation_location"", """", ""contextual""]","[""IENT-3805bb15eac3038fbfdeae14"", ""IENT-f5adcf3297c0cc45fe264334"", ""relation_validity"", """", ""relation_location"", """", ""strict_semantic""]",deterministic_replay
w/o Relation Contract,IFACT-03794f514c253d9717c40208,"[""ITOPIC-387ac0fba6cd26f96fad291b"", ""ITOPIC-eb7b1f2992dd0ebb2c2a43ac"", ""unknown"", """", ""unknown"", """", ""contextual""]","[""ITOPIC-387ac0fba6cd26f96fad291b"", ""ITOPIC-eb7b1f2992dd0ebb2c2a43ac"", ""unknown"", """", ""unknown"", """", ""strict_semantic""]",deterministic_replay
w/o Relation Contract,IFACT-037dec674d49fd4e905f80d3,"[""IENT-a6f2baa4c06bdca68a0fa481"", ""IENT-3c8a893010e01e224e245ae5"", ""unknown"", """", ""unknown"", """", ""contextual""]","[""IENT-a6f2baa4c06bdca68a0fa481"", ""IENT-3c8a893010e01e224e245ae5"", ""unknown"", """", ""unknown"", """", ""strict_semantic""]",deterministic_replay
w/o Relation Contract,IFACT-0383115fa3699ca9689ec656,"[""IENT-2631c0c47dcdf43596f60f78"", ""IENT-92cb93b6008ae72c0e87a821"", ""unknown"", """", ""unknown"", """", ""contextual""]","[""IENT-2631c0c47dcdf43596f60f78"", ""IENT-92cb93b6008ae72c0e87a821"", ""unknown"", """", ""unknown"", """", ""strict_semantic""]",deterministic_replay
w/o Relation Contract,IFACT-0391f127a0707dad63470cda,"[""ITOPIC-016816d0485f4fc0792fa561"", ""ITOPIC-0d5f8a0f779a1fb6c154d99e"", ""unknown"", """", ""unknown"", """", ""contextual""]","[""ITOPIC-016816d0485f4fc0792fa561"", ""ITOPIC-0d5f8a0f779a1fb6c154d99e"", ""unknown"", """", ""unknown"", """", ""strict_semantic""]",deterministic_replay
w/o Relation Contract,IFACT-03bc8459a364adc7bde5151b,"[""ITOPIC-a428e4bb896e4aa1abd4429e"", ""ITOPIC-11165343e91e9cb19389d45a"", ""unknown"", """", ""unknown"", """", ""contextual""]","[""ITOPIC-a428e4bb896e4aa1abd4429e"", ""ITOPIC-11165343e91e9cb19389d45a"", ""unknown"", """", ""unknown"", """", ""strict_semantic""]",deterministic_replay
w/o Relation Contract,IFACT-03dd77b57967ec5402222b84,"[""IENT-5f4614cf351651fc87f69bd6"", ""IENT-18352a88e2b5b3a2bcf992a5"", ""unknown"", """", ""unknown"", """", ""contextual""]","[""IENT-5f4614cf351651fc87f69bd6"", ""IENT-18352a88e2b5b3a2bcf992a5"", ""unknown"", """", ""unknown"", """", ""strict_semantic""]",deterministic_replay
w/o Relation Contract,IFACT-03e5e8ae98a76dec3715a8e3,"[""IENT-b4d2f3760f1baf441a4240ef"", ""IENT-822b9f38edf719b083bd869d"", ""unknown"", """", ""unknown"", """", ""contextual""]","[""IENT-b4d2f3760f1baf441a4240ef"", ""IENT-822b9f38edf719b083bd869d"", ""unknown"", """", ""unknown"", """", ""strict_semantic""]",deterministic_replay
w/o Relation Contract,IFACT-03fcb828d31d4adb84c289dc,"[""IENT-3c85c519574d4f3f90581005"", ""IENT-b5c942fc92b7cba2c118eceb"", ""unknown"", """", ""unknown"", """", ""contextual""]","[""IENT-3c85c519574d4f3f90581005"", ""IENT-b5c942fc92b7cba2c118eceb"", ""unknown"", """", ""unknown"", """", ""strict_semantic""]",deterministic_replay
w/o Role-owner Closure,IFACT-04016acbf1b859f27c8ebd1c,"[""IENT-11b1256b15e10ae7f00303a4"", ""IENT-fbc03063b279d7b3d68c28ef"", ""context_time"", """", ""context_location"", """", ""unresolved""]","[""IENT-11b1256b15e10ae7f00303a4"", ""IENT-fbc03063b279d7b3d68c28ef"", ""biographical"", ""IENT-11b1256b15e10ae7f00303a4"", ""context_location"", """", ""unresolved""]",deterministic_replay
w/o Relation Contract,IFACT-0401fc8e99c58eaf3cdecaca,"[""IENT-8e8e90cea0141319eeebe118"", ""IENT-30b6eac07b5c8d611644df4f"", ""unknown"", """", ""unknown"", """", ""contextual""]","[""IENT-8e8e90cea0141319eeebe118"", ""IENT-30b6eac07b5c8d611644df4f"", ""unknown"", """", ""unknown"", """", ""strict_semantic""]",deterministic_replay
w/o Relation Contract,IFACT-0428440d64d6e115e374a2bc,"[""IENT-a5c28b62b805d28d1339506b"", ""IENT-0a4d43046bd9092d7932b3d0"", ""unknown"", """", ""unknown"", """", ""contextual""]","[""IENT-a5c28b62b805d28d1339506b"", ""IENT-0a4d43046bd9092d7932b3d0"", ""unknown"", """", ""unknown"", """", ""strict_semantic""]",deterministic_replay
w/o Role-owner Closure,IFACT-042cd38ef30fae25c2565f74,"[""IENT-615335307919f3d1fd849578"", ""IENT-56cdfe59405cd611d94a812e"", ""biographical"", ""IENT-615335307919f3d1fd849578"", ""context_location"", """", ""contextual""]","[""IENT-615335307919f3d1fd849578"", ""IENT-56cdfe59405cd611d94a812e"", ""biographical"", ""IENT-615335307919f3d1fd849578"", ""event_location"", ""IENT-56cdfe59405cd611d94a812e"", ""contextual""]",deterministic_replay
w/o Relation Contract,IFACT-042db65b6a14cedb18e20e2e,"[""ITOPIC-6c7eaa9ca9a9034c4b05d7e8"", ""ITOPIC-5cd84b503b341ac30a9519b4"", ""unknown"", """", ""unknown"", """", ""contextual""]","[""ITOPIC-6c7eaa9ca9a9034c4b05d7e8"", ""ITOPIC-5cd84b503b341ac30a9519b4"", ""unknown"", """", ""unknown"", """", ""strict_semantic""]",deterministic_replay
w/o Relation Contract,IFACT-043c983424124d76dda81771,"[""ITOPIC-8b61d2d931600d0a9a0f5a4d"", ""ITOPIC-cc22ea87c1386e71ec892c95"", ""unknown"", """", ""unknown"", """", ""contextual""]","[""ITOPIC-8b61d2d931600d0a9a0f5a4d"", ""ITOPIC-cc22ea87c1386e71ec892c95"", ""unknown"", """", ""unknown"", """", ""strict_semantic""]",deterministic_replay
w/o Relation Contract,IFACT-0445cc9a20e6e5e092f040a3,"[""IENT-3ed2b63554767fd41008bb8c"", ""IENT-5a2a0b4a9a26d347da8a0268"", ""unknown"", """", ""unknown"", """", ""contextual""]","[""IENT-3ed2b63554767fd41008bb8c"", ""IENT-5a2a0b4a9a26d347da8a0268"", ""unknown"", """", ""unknown"", """", ""strict_semantic""]",deterministic_replay
w/o Relation Contract,IFACT-04509feb6be089d871d4ab06,"[""IENT-3fe35c2aa9ccd7c291964fa5"", ""IENT-16aeb44e97e932718938c112"", ""unknown"", """", ""unknown"", """", ""contextual""]","[""IENT-3fe35c2aa9ccd7c291964fa5"", ""IENT-16aeb44e97e932718938c112"", ""unknown"", """", ""unknown"", """", ""strict_semantic""]",deterministic_replay
w/o Relation Contract,IFACT-046438a6f6d095371b451e99,"[""IENT-4f243a9928c4844545395ce3"", ""IENT-d6a336a28298ac517644eb38"", ""unknown"", """", ""unknown"", """", ""contextual""]","[""IENT-4f243a9928c4844545395ce3"", ""IENT-d6a336a28298ac517644eb38"", ""unknown"", """", ""unknown"", """", ""strict_semantic""]",deterministic_replay
w/o Relation Contract,IFACT-047664d2da1acd360ca0fe57,"[""IENT-f4adeaf3b7ea41d7880c96f1"", ""IENT-3019e88223f350fac0b706f8"", ""relation_validity"", """", ""unknown"", """", ""contextual""]","[""IENT-f4adeaf3b7ea41d7880c96f1"", ""IENT-3019e88223f350fac0b706f8"", ""relation_validity"", """", ""unknown"", """", ""strict_semantic""]",deterministic_replay
w/o Relation Contract,IFACT-04abd5b38f58fa9131ffae1a,"[""IENT-8930c36bf9cc1237f3ab8f3c"", ""IENT-3019e88223f350fac0b706f8"", ""relation_validity"", """", ""relation_location"", """", ""contextual""]","[""IENT-8930c36bf9cc1237f3ab8f3c"", ""IENT-3019e88223f350fac0b706f8"", ""relation_validity"", """", ""relation_location"", """", ""strict_semantic""]",deterministic_replay
w/o Relation Contract,IFACT-04ade068496db271b890b2f9,"[""IENT-118c9d3598d3752749a46f0c"", ""IENT-3274e52655b74331fabf9ecd"", ""relation_validity"", """", ""unknown"", """", ""contextual""]","[""IENT-118c9d3598d3752749a46f0c"", ""IENT-3274e52655b74331fabf9ecd"", ""relation_validity"", """", ""unknown"", """", ""strict_semantic""]",deterministic_replay
w/o Relation Contract,IFACT-04b031dd896337afedc6a329,"[""IENT-fecb580e075e3f3c1904a7f4"", ""IENT-90de7b105e87647997d671a8"", ""unknown"", """", ""unknown"", """", ""contextual""]","[""IENT-fecb580e075e3f3c1904a7f4"", ""IENT-90de7b105e87647997d671a8"", ""unknown"", """", ""unknown"", """", ""strict_semantic""]",deterministic_replay
w/o Relation Contract,IFACT-04dfa8c70b7914f12cd2439d,"[""ITOPIC-ec68dadbbe61ef6532381afc"", ""ITOPIC-26416f71e0180b52669d29e7"", ""unknown"", """", ""unknown"", """", ""contextual""]","[""ITOPIC-ec68dadbbe61ef6532381afc"", ""ITOPIC-26416f71e0180b52669d29e7"", ""unknown"", """", ""unknown"", """", ""strict_semantic""]",deterministic_replay
w/o Relation Contract,IFACT-04ea63e86e45661f3aa76aae,"[""ITOPIC-55412fd4c22ea7ac5b3cebfd"", ""ITOPIC-7e9c7c1c7d2fc16c9cebe3e6"", ""unknown"", """", ""unknown"", """", ""contextual""]","[""ITOPIC-55412fd4c22ea7ac5b3cebfd"", ""ITOPIC-7e9c7c1c7d2fc16c9cebe3e6"", ""unknown"", """", ""unknown"", """", ""strict_semantic""]",deterministic_replay
w/o Relation Contract,IFACT-04ea833c4e4dc83fc6d5ee2d,"[""IENT-b4c2f7a3852048b68419d23e"", ""IENT-6b5a4705f07c4d402a26d420"", ""unknown"", """", ""unknown"", """", ""contextual""]","[""IENT-b4c2f7a3852048b68419d23e"", ""IENT-6b5a4705f07c4d402a26d420"", ""unknown"", """", ""unknown"", """", ""strict_semantic""]",deterministic_replay
w/o Relation Contract,IFACT-04eb2c8c357917f4cb0c3dd8,"[""IENT-41ed917c5779a19ba0412240"", ""IENT-4ead12ecad386a792fdc17b8"", ""unknown"", """", ""unknown"", """", ""contextual""]","[""IENT-41ed917c5779a19ba0412240"", ""IENT-4ead12ecad386a792fdc17b8"", ""unknown"", """", ""unknown"", """", ""strict_semantic""]",deterministic_replay
w/o Relation Contract,IFACT-04f2e49fa94c61d57fddd312,"[""IENT-2b8814ad0dd02cb5b94910df"", ""IENT-48b1e17903bf5f14dc51be9a"", ""unknown"", """", ""unknown"", """", ""contextual""]","[""IENT-2b8814ad0dd02cb5b94910df"", ""IENT-48b1e17903bf5f14dc51be9a"", ""unknown"", """", ""unknown"", """", ""strict_semantic""]",deterministic_replay
w/o Relation Contract,IFACT-051ebfd27236ea8100b14221,"[""IENT-b55471767c56bb4ee0797268"", ""IENT-076e3f455bc91a1aa3187d1c"", ""unknown"", """", ""unknown"", """", ""contextual""]","[""IENT-b55471767c56bb4ee0797268"", ""IENT-076e3f455bc91a1aa3187d1c"", ""unknown"", """", ""unknown"", """", ""strict_semantic""]",deterministic_replay
w/o Relation Contract,IFACT-052561b9816b83e5529ea1e3,"[""IENT-54f828bdfad8b2802051ac9f"", ""IENTREPAIR-df218a4db993cf6f6583781b"", ""unknown"", """", ""unknown"", """", ""contextual""]","[""IENT-54f828bdfad8b2802051ac9f"", ""IENTREPAIR-df218a4db993cf6f6583781b"", ""unknown"", """", ""unknown"", """", ""strict_semantic""]",deterministic_replay
w/o Relation Contract,IFACT-0544525fd8c6ef7a46965d08,"[""IENT-68890b77324a430bb0f41a76"", ""IENT-a14d2038586db1f205125ab8"", ""unknown"", """", ""unknown"", """", ""contextual""]","[""IENT-68890b77324a430bb0f41a76"", ""IENT-a14d2038586db1f205125ab8"", ""unknown"", """", ""unknown"", """", ""strict_semantic""]",deterministic_replay
w/o Relation Contract,IFACT-054a24359da0c27d31117ab3,"[""IENT-34e9930b97f8107f753d57d9"", ""IENT-267e6a8714a7bc469d39e46b"", ""relation_validity"", """", ""relation_location"", """", ""contextual""]","[""IENT-34e9930b97f8107f753d57d9"", ""IENT-267e6a8714a7bc469d39e46b"", ""relation_validity"", """", ""relation_location"", """", ""strict_semantic""]",deterministic_replay
w/o Relation Contract,IFACT-054ac78c2abb605fc7db6d96,"[""IENT-65b893560ff10ca10a94bf4a"", ""IENT-94c414b1c903cc729804596c"", ""unknown"", """", ""unknown"", """", ""contextual""]","[""IENT-65b893560ff10ca10a94bf4a"", ""IENT-94c414b1c903cc729804596c"", ""unknown"", """", ""unknown"", """", ""strict_semantic""]",deterministic_replay
w/o Relation Contract,IFACT-055b77386784c3539dd68fd0,"[""IENT-5341a8509628986651f144e9"", ""IENT-51c8bc93821c1d34629cfd92"", ""relation_validity"", """", ""unknown"", """", ""contextual""]","[""IENT-5341a8509628986651f144e9"", ""IENT-51c8bc93821c1d34629cfd92"", ""relation_validity"", """", ""unknown"", """", ""strict_semantic""]",deterministic_replay
w/o Relation Contract,IFACT-0578651ebf874de7866c41a2,"[""IENT-8009d1632b2fcb9985e86c6b"", ""IENT-424b7835e65470c4a6ef06e2"", ""unknown"", """", ""unknown"", """", ""contextual""]","[""IENT-8009d1632b2fcb9985e86c6b"", ""IENT-424b7835e65470c4a6ef06e2"", ""unknown"", """", ""unknown"", """", ""strict_semantic""]",deterministic_replay
w/o Relation Contract,IFACT-059063333e226b7f013710f4,"[""IENT-6af9604284d1c1aeaed24e7f"", ""IENT-a484d44fd6a3ba7bd77e3371"", ""unknown"", """", ""unknown"", """", ""contextual""]","[""IENT-6af9604284d1c1aeaed24e7f"", ""IENT-a484d44fd6a3ba7bd77e3371"", ""unknown"", """", ""unknown"", """", ""strict_semantic""]",deterministic_replay
w/o Relation Contract,IFACT-05a01de12de63c102da2f703,"[""IENT-960f11c120f3f65dd7d12230"", ""IENT-dff9e65621c23468d3e820dd"", ""relation_validity"", """", ""unknown"", """", ""contextual""]","[""IENT-960f11c120f3f65dd7d12230"", ""IENT-dff9e65621c23468d3e820dd"", ""relation_validity"", """", ""unknown"", """", ""strict_semantic""]",deterministic_replay
w/o Relation Contract,IFACT-05b438ad16bf079bb0d1034f,"[""IENT-8327d3a1577b179696fe5125"", ""IENT-8b6dfd85ae0647d33c2ae1bf"", ""unknown"", """", ""unknown"", """", ""contextual""]","[""IENT-8327d3a1577b179696fe5125"", ""IENT-8b6dfd85ae0647d33c2ae1bf"", ""unknown"", """", ""unknown"", """", ""strict_semantic""]",deterministic_replay
w/o Relation Contract,IFACT-05b91ebec18bfe891b6ac677,"[""IENT-35d7ff0269c00814eea0e27c"", ""IENT-01bb0977b142119cd767e220"", ""relation_validity"", """", ""relation_location"", """", ""contextual""]","[""IENT-35d7ff0269c00814eea0e27c"", ""IENT-01bb0977b142119cd767e220"", ""relation_validity"", """", ""relation_location"", """", ""strict_semantic""]",deterministic_replay
w/o Relation Contract,IFACT-05bbbd37589ca7b2f9f4938c,"[""IENT-40b77cefc3afb6d9a64ba748"", ""IENT-a193ddcb897170d63357a350"", ""unknown"", """", ""relation_location"", """", ""contextual""]","[""IENT-40b77cefc3afb6d9a64ba748"", ""IENT-a193ddcb897170d63357a350"", ""unknown"", """", ""relation_location"", """", ""strict_semantic""]",deterministic_replay
w/o Relation Contract,IFACT-05ec1bdff2e5b1d1fdd9a57b,"[""IENT-ca0f485295407bbf76403d80"", ""IENT-21c72c39285415335be6ec05"", ""relation_validity"", """", ""relation_location"", """", ""contextual""]","[""IENT-ca0f485295407bbf76403d80"", ""IENT-21c72c39285415335be6ec05"", ""relation_validity"", """", ""relation_location"", """", ""strict_semantic""]",deterministic_replay
w/o Relation Contract,IFACT-05ee4b43df7637341270de6b,"[""ITOPIC-f2edc2ffc9a60859aabe406e"", ""IENT-8dae079896b52f0ccc9e6bc5"", ""unknown"", """", ""unknown"", """", ""contextual""]","[""ITOPIC-f2edc2ffc9a60859aabe406e"", ""IENT-8dae079896b52f0ccc9e6bc5"", ""unknown"", """", ""unknown"", """", ""strict_semantic""]",deterministic_replay
w/o Relation Contract,IFACT-05fde53dcc7139378485a338,"[""IENT-2f2a1aa1cf3e89505b6f0fc0"", ""IENT-10b9b4d8f5942bcbeed330dd"", ""unknown"", """", ""unknown"", """", ""contextual""]","[""IENT-2f2a1aa1cf3e89505b6f0fc0"", ""IENT-10b9b4d8f5942bcbeed330dd"", ""unknown"", """", ""unknown"", """", ""strict_semantic""]",deterministic_replay
w/o Relation Contract,IFACT-0602e1337190971a46dbe2d8,"[""IENT-0a88658fd6f4f4dc0e4e3276"", ""IENT-4d58c7ba8635885bf920201f"", ""unknown"", """", ""unknown"", """", ""contextual""]","[""IENT-0a88658fd6f4f4dc0e4e3276"", ""IENT-4d58c7ba8635885bf920201f"", ""unknown"", """", ""unknown"", """", ""strict_semantic""]",deterministic_replay
w/o Relation Contract,IFACT-0609bb8a30ccad77cce40d53,"[""IENT-7d221b6c3e75ca2ebe736978"", ""IENT-5ef9e8d528641d85dcf564ad"", ""unknown"", """", ""unknown"", """", ""contextual""]","[""IENT-7d221b6c3e75ca2ebe736978"", ""IENT-5ef9e8d528641d85dcf564ad"", ""unknown"", """", ""unknown"", """", ""strict_semantic""]",deterministic_replay
w/o Relation Contract,IFACT-060c0d227f4bee5f319d4c1c,"[""IENT-702c97de1382fec138603540"", ""IENT-728cc79d495b699ab9cc58c3"", ""unknown"", """", ""relation_location"", """", ""contextual""]","[""IENT-702c97de1382fec138603540"", ""IENT-728cc79d495b699ab9cc58c3"", ""unknown"", """", ""relation_location"", """", ""strict_semantic""]",deterministic_replay
w/o Relation Contract,IFACT-060f716ab391fc889cd713b0,"[""IENT-b4a20bb5b9bf136b41a99f74"", ""IENT-d1c79fa79da82e2d6f75c71f"", ""unknown"", """", ""unknown"", """", ""contextual""]","[""IENT-b4a20bb5b9bf136b41a99f74"", ""IENT-d1c79fa79da82e2d6f75c71f"", ""unknown"", """", ""unknown"", """", ""strict_semantic""]",deterministic_replay
w/o Relation Contract,IFACT-0615b51e6b14fdaae80d91c6,"[""IENT-8f474b554014a35da24694b5"", ""IENT-498998b429a1238193919126"", ""unknown"", """", ""relation_location"", """", ""contextual""]","[""IENT-8f474b554014a35da24694b5"", ""IENT-498998b429a1238193919126"", ""unknown"", """", ""relation_location"", """", ""strict_semantic""]",deterministic_replay
w/o Relation Contract,IFACT-0617587699769efd5ad038dd,"[""ITOPIC-3ca65f77cff9e1ad176d1cb8"", ""ITOPIC-b7574685ef4cb699ad916fce"", ""unknown"", """", ""unknown"", """", ""contextual""]","[""ITOPIC-3ca65f77cff9e1ad176d1cb8"", ""ITOPIC-b7574685ef4cb699ad916fce"", ""unknown"", """", ""unknown"", """", ""strict_semantic""]",deterministic_replay
w/o Relation Contract,IFACT-06482194c5d4733ba24288b0,"[""IENT-4a8be92b602174fb0ab96561"", ""IENT-4819205b1ec58c41bf0ed09d"", ""unknown"", """", ""unknown"", """", ""contextual""]","[""IENT-4a8be92b602174fb0ab96561"", ""IENT-4819205b1ec58c41bf0ed09d"", ""unknown"", """", ""unknown"", """", ""strict_semantic""]",deterministic_replay
w/o Relation Contract,IFACT-06684ef795d5657d84fc2fcb,"[""IENT-cdcfcb9776bf8fea59cb71bc"", ""IENT-f91294e9d6a8653e89e52605"", ""unknown"", """", ""unknown"", """", ""contextual""]","[""IENT-cdcfcb9776bf8fea59cb71bc"", ""IENT-f91294e9d6a8653e89e52605"", ""unknown"", """", ""unknown"", """", ""strict_semantic""]",deterministic_replay
w/o Relation Contract,IFACT-066ea9ced94d0fa1ffcf95d8,"[""IENT-c2a5076b0ef7840475bbfac4"", ""IENT-5611eced1f2598cf1be7e436"", ""unknown"", """", ""unknown"", """", ""contextual""]","[""IENT-c2a5076b0ef7840475bbfac4"", ""IENT-5611eced1f2598cf1be7e436"", ""unknown"", """", ""unknown"", """", ""strict_semantic""]",deterministic_replay
w/o Relation Contract,IFACT-067822de4e0c199183829983,"[""IENT-1aee74f469594fa7491be7c1"", ""IENT-42093199cf048e4aae4bfdea"", ""unknown"", """", ""unknown"", """", ""contextual""]","[""IENT-1aee74f469594fa7491be7c1"", ""IENT-42093199cf048e4aae4bfdea"", ""unknown"", """", ""unknown"", """", ""strict_semantic""]",deterministic_replay
w/o Relation Contract,IFACT-06bd559ca23b7cb8ba02e236,"[""ITOPIC-19c4858a28ad323643d83b7f"", ""ITOPIC-37e09a69ffc6f5a81af7d352"", ""unknown"", """", ""unknown"", """", ""contextual""]","[""ITOPIC-19c4858a28ad323643d83b7f"", ""ITOPIC-37e09a69ffc6f5a81af7d352"", ""unknown"", """", ""unknown"", """", ""strict_semantic""]",deterministic_replay
w/o Role-owner Closure,IFACT-06c0a115fe90e94592fb70dd,"[""IENT-e4425c2e8a04bd8b78267112"", ""IENT-9cb041d975ac79ca4f55da80"", ""event_occurrence"", ""IENT-e4425c2e8a04bd8b78267112"", ""unknown"", """", ""unresolved""]","[""IENT-e4425c2e8a04bd8b78267112"", ""IENT-9cb041d975ac79ca4f55da80"", ""unknown"", """", ""unknown"", """", ""unresolved""]",deterministic_replay
w/o Relation Contract,IFACT-06d0cdc4b619f09151dffb15,"[""ITOPIC-7be00c51d69e2a71623fee62"", ""ITOPIC-df9dc7f80ab3c59cfb96ff0f"", ""unknown"", """", ""unknown"", """", ""contextual""]","[""ITOPIC-7be00c51d69e2a71623fee62"", ""ITOPIC-df9dc7f80ab3c59cfb96ff0f"", ""unknown"", """", ""unknown"", """", ""strict_semantic""]",deterministic_replay
w/o Relation Contract,IFACT-06f05f155c95b3d803b729a4,"[""IENT-9f303c277a23e9987d69c17f"", ""IENT-4c0cc3f21daef536d70f6bea"", ""unknown"", """", ""relation_location"", """", ""contextual""]","[""IENT-9f303c277a23e9987d69c17f"", ""IENT-4c0cc3f21daef536d70f6bea"", ""unknown"", """", ""relation_location"", """", ""strict_semantic""]",deterministic_replay
w/o Relation Contract,IFACT-06f576812f89a88a5351451b,"[""IENT-6b952797257fc2d15dc002b3"", ""IENT-18dbfde4b1324475fa1df2e3"", ""unknown"", """", ""unknown"", """", ""contextual""]","[""IENT-6b952797257fc2d15dc002b3"", ""IENT-18dbfde4b1324475fa1df2e3"", ""unknown"", """", ""unknown"", """", ""strict_semantic""]",deterministic_replay
w/o Relation Contract,IFACT-06f7b1ce73ea21bd366f3ed0,"[""IENT-097941bfc3f424bd86553adf"", ""IENT-db8441ddc8fab3aa5856b43d"", ""unknown"", """", ""unknown"", """", ""contextual""]","[""IENT-097941bfc3f424bd86553adf"", ""IENT-db8441ddc8fab3aa5856b43d"", ""unknown"", """", ""unknown"", """", ""strict_semantic""]",deterministic_replay
w/o Relation Contract,IFACT-06feaac0df8d182778a75db0,"[""IENT-f9d492e13774180e1c88d5ad"", ""IENT-ea13c388e51987f0bbfb653e"", ""relation_validity"", """", ""unknown"", """", ""contextual""]","[""IENT-f9d492e13774180e1c88d5ad"", ""IENT-ea13c388e51987f0bbfb653e"", ""relation_validity"", """", ""unknown"", """", ""strict_semantic""]",deterministic_replay
w/o Relation Contract,IFACT-0726cf970833b2f29d031be5,"[""ITOPIC-58d9d6d00c13813d7ab0c4b1"", ""ITOPIC-6adb724d504160ea93ed2fe0"", ""unknown"", """", ""unknown"", """", ""contextual""]","[""ITOPIC-58d9d6d00c13813d7ab0c4b1"", ""ITOPIC-6adb724d504160ea93ed2fe0"", ""unknown"", """", ""unknown"", """", ""strict_semantic""]",deterministic_replay
w/o Relation Contract,IFACT-07683e4a51c341da109b70bf,"[""IENT-61a4db1e344936d1c3c6a2ca"", ""IENT-4394d2b584b2a19164aa95b6"", ""unknown"", """", ""unknown"", """", ""contextual""]","[""IENT-61a4db1e344936d1c3c6a2ca"", ""IENT-4394d2b584b2a19164aa95b6"", ""unknown"", """", ""unknown"", """", ""strict_semantic""]",deterministic_replay
w/o Relation Contract,IFACT-0774a61e989d96c1bd2ff707,"[""IENT-5961d44ff5245853bd6826a8"", ""IENT-36087aa02262126ce510f9e3"", ""unknown"", """", ""unknown"", """", ""contextual""]","[""IENT-5961d44ff5245853bd6826a8"", ""IENT-36087aa02262126ce510f9e3"", ""unknown"", """", ""unknown"", """", ""strict_semantic""]",deterministic_replay
w/o Relation Contract,IFACT-0774fb163c25b07a7b69c5bc,"[""ITOPIC-ebce1d7060d25df3da29da4c"", ""ITOPIC-87de9247e572cb2c513c946c"", ""unknown"", """", ""unknown"", """", ""contextual""]","[""ITOPIC-ebce1d7060d25df3da29da4c"", ""ITOPIC-87de9247e572cb2c513c946c"", ""unknown"", """", ""unknown"", """", ""strict_semantic""]",deterministic_replay
w/o Relation Contract,IFACT-0779571562e24d671072fe95,"[""IENT-3f7ba924793358cb44d3e757"", ""IENT-a5086b75ec80257f75c683a8"", ""unknown"", """", ""unknown"", """", ""contextual""]","[""IENT-3f7ba924793358cb44d3e757"", ""IENT-a5086b75ec80257f75c683a8"", ""unknown"", """", ""unknown"", """", ""strict_semantic""]",deterministic_replay
w/o Relation Contract,IFACT-078a2276c5ccfc7c0ad0319d,"[""IENT-ef047b147692d1ea13e3e3e9"", ""IENT-d994fcbd0ed32cd5a21049ab"", ""unknown"", """", ""unknown"", """", ""contextual""]","[""IENT-ef047b147692d1ea13e3e3e9"", ""IENT-d994fcbd0ed32cd5a21049ab"", ""unknown"", """", ""unknown"", """", ""strict_semantic""]",deterministic_replay
w/o Relation Contract,IFACT-078df1f1189989dc8b0f6cdb,"[""IENT-3262fb73a47eb0746aa4f518"", ""IENT-fd950e759f56e5cfc659480a"", ""relation_validity"", """", ""relation_location"", """", ""contextual""]","[""IENT-3262fb73a47eb0746aa4f518"", ""IENT-fd950e759f56e5cfc659480a"", ""relation_validity"", """", ""relation_location"", """", ""strict_semantic""]",deterministic_replay
w/o Relation Contract,IFACT-079fe010de374d81e8d0381e,"[""IENT-9c3d653f5bc1b1d45537c987"", ""IENT-62b678dea56d554c5726a96c"", ""unknown"", """", ""unknown"", """", ""contextual""]","[""IENT-9c3d653f5bc1b1d45537c987"", ""IENT-62b678dea56d554c5726a96c"", ""unknown"", """", ""unknown"", """", ""strict_semantic""]",deterministic_replay
w/o Relation Contract,IFACT-07ad556ec32903c721ea74b6,"[""IENT-15210336a805fb0c558d97c9"", ""IENT-b19528a87ca7ea0d7cc0d1bf"", ""unknown"", """", ""unknown"", """", ""contextual""]","[""IENT-15210336a805fb0c558d97c9"", ""IENT-b19528a87ca7ea0d7cc0d1bf"", ""unknown"", """", ""unknown"", """", ""strict_semantic""]",deterministic_replay
w/o Relation Contract,IFACT-07c132dfdb8a72996fc46236,"[""IENT-dd514844a954d6c3f134cce3"", ""IENT-8be4f28ae6cb07fe63683cff"", ""unknown"", """", ""unknown"", """", ""contextual""]","[""IENT-dd514844a954d6c3f134cce3"", ""IENT-8be4f28ae6cb07fe63683cff"", ""unknown"", """", ""unknown"", """", ""strict_semantic""]",deterministic_replay
w/o Role-owner Closure,IFACT-07c298edab2e4a2ad9906813,"[""IENT-c703342da1b776129e2c1ea0"", ""IENT-17684bde7a7ad55db3587f63"", ""event_occurrence"", ""IENT-c703342da1b776129e2c1ea0"", ""event_location"", ""IENT-c703342da1b776129e2c1ea0"", ""unresolved""]","[""IENT-c703342da1b776129e2c1ea0"", ""IENT-17684bde7a7ad55db3587f63"", ""unknown"", """", ""event_location"", ""IENT-c703342da1b776129e2c1ea0"", ""unresolved""]",deterministic_replay
w/o Relation Contract,IFACT-07d21fdac1fb28fa1d84785f,"[""IENT-5a9d37990e917e542d582d0e"", ""IENT-27cba52bab38098fb6c74c91"", ""unknown"", """", ""unknown"", """", ""contextual""]","[""IENT-5a9d37990e917e542d582d0e"", ""IENT-27cba52bab38098fb6c74c91"", ""unknown"", """", ""unknown"", """", ""strict_semantic""]",deterministic_replay
w/o Relation Contract,IFACT-07e47ddeb1fe8b29393ba408,"[""ITOPIC-cefa39cc62279095ff0dbfa2"", ""ITOPIC-2ba9dd975e00d41c1c567108"", ""unknown"", """", ""unknown"", """", ""contextual""]","[""ITOPIC-cefa39cc62279095ff0dbfa2"", ""ITOPIC-2ba9dd975e00d41c1c567108"", ""unknown"", """", ""unknown"", """", ""strict_semantic""]",deterministic_replay
w/o Role-owner Closure,IFACT-07ea2ec16bc6ada050e2c5a4,"[""IENT-d7471afb888130b1b0265d1d"", ""IENT-d994fcbd0ed32cd5a21049ab"", ""event_occurrence"", ""IENT-d7471afb888130b1b0265d1d"", ""unknown"", """", ""unresolved""]","[""IENT-d7471afb888130b1b0265d1d"", ""IENT-d994fcbd0ed32cd5a21049ab"", ""unknown"", """", ""unknown"", """", ""unresolved""]",deterministic_replay
w/o Role-owner Closure,IFACT-07fab36763504d6a91b6500a,"[""IENT-e77c5b9bab86b2c82dd285fe"", ""IENT-6268343d766df507737ce3e7"", ""unknown"", """", ""context_location"", """", ""unresolved""]","[""IENT-e77c5b9bab86b2c82dd285fe"", ""IENT-6268343d766df507737ce3e7"", ""unknown"", """", ""event_location"", ""IENT-6268343d766df507737ce3e7"", ""unresolved""]",deterministic_replay
w/o Relation Contract,IFACT-080ebbe1d050f02a666ac1ad,"[""IENT-e7da10d93775519bfd17dd01"", ""IENT-b6531d5027737a8d4698e9b9"", ""unknown"", """", ""unknown"", """", ""contextual""]","[""IENT-e7da10d93775519bfd17dd01"", ""IENT-b6531d5027737a8d4698e9b9"", ""unknown"", """", ""unknown"", """", ""strict_semantic""]",deterministic_replay
w/o Relation Contract,IFACT-081f8bdf1c4978a83a742257,"[""IENT-78a710c328bd8032753d971f"", ""IENT-60c83b14506571accc33286c"", ""unknown"", """", ""unknown"", """", ""contextual""]","[""IENT-78a710c328bd8032753d971f"", ""IENT-60c83b14506571accc33286c"", ""unknown"", """", ""unknown"", """", ""strict_semantic""]",deterministic_replay
w/o Relation Contract,IFACT-0838109450989a8c1aa8c2c5,"[""IENT-594361a7138b929ed674d95e"", ""IENT-781f9bddfe6dd415eb27a251"", ""relation_validity"", """", ""relation_location"", """", ""contextual""]","[""IENT-594361a7138b929ed674d95e"", ""IENT-781f9bddfe6dd415eb27a251"", ""relation_validity"", """", ""relation_location"", """", ""strict_semantic""]",deterministic_replay
w/o Relation Contract,IFACT-083b17270ac5ac278b976195,"[""IENT-5ae40218ccdaca538696d7ec"", ""IENT-952755b0a7123aa071daafea"", ""unknown"", """", ""unknown"", """", ""contextual""]","[""IENT-5ae40218ccdaca538696d7ec"", ""IENT-952755b0a7123aa071daafea"", ""unknown"", """", ""unknown"", """", ""strict_semantic""]",deterministic_replay
w/o Relation Contract,IFACT-0857d49430cdf087ee3eb28e,"[""IENT-9fd879f8f77c724bf1b13947"", ""IENT-f91294e9d6a8653e89e52605"", ""unknown"", """", ""unknown"", """", ""contextual""]","[""IENT-9fd879f8f77c724bf1b13947"", ""IENT-f91294e9d6a8653e89e52605"", ""unknown"", """", ""unknown"", """", ""strict_semantic""]",deterministic_replay
w/o Relation Contract,IFACT-08b2fd95471918c5f3991dd9,"[""ITOPIC-43ed46c6d8bf7450d2956ecf"", ""ITOPIC-3a845f279192b2e1804f3ce2"", ""unknown"", """", ""unknown"", """", ""contextual""]","[""ITOPIC-43ed46c6d8bf7450d2956ecf"", ""ITOPIC-3a845f279192b2e1804f3ce2"", ""unknown"", """", ""unknown"", """", ""strict_semantic""]",deterministic_replay
w/o Relation Contract,IFACT-0926b9d111cfc7ce4c8e5d48,"[""IENT-5e28ecf2d52fc0cc3ccbb6f0"", ""IENT-5415cfab04ffe8a0eaac5986"", ""unknown"", """", ""unknown"", """", ""contextual""]","[""IENT-5e28ecf2d52fc0cc3ccbb6f0"", ""IENT-5415cfab04ffe8a0eaac5986"", ""unknown"", """", ""unknown"", """", ""strict_semantic""]",deterministic_replay
w/o Relation Contract,IFACT-092a59ec2dd849a62ff8fac4,"[""ITOPIC-8930876ae2e86add801db0bd"", ""ITOPIC-0d5f8a0f779a1fb6c154d99e"", ""unknown"", """", ""unknown"", """", ""contextual""]","[""ITOPIC-8930876ae2e86add801db0bd"", ""ITOPIC-0d5f8a0f779a1fb6c154d99e"", ""unknown"", """", ""unknown"", """", ""strict_semantic""]",deterministic_replay
w/o Relation Contract,IFACT-093130cb3bfe6368624a1878,"[""ITOPIC-b817e36852d30b83b81a7ce7"", ""ITOPIC-e53e63230333a1d1eab390d1"", ""unknown"", """", ""unknown"", """", ""contextual""]","[""ITOPIC-b817e36852d30b83b81a7ce7"", ""ITOPIC-e53e63230333a1d1eab390d1"", ""unknown"", """", ""unknown"", """", ""strict_semantic""]",deterministic_replay
w/o Role-owner Closure,IFACT-09414c2c361870ce813719f4,"[""IENT-c703342da1b776129e2c1ea0"", ""IENTREPAIR-0742b26a659164bee980a331"", ""event_occurrence"", ""IENT-c703342da1b776129e2c1ea0"", ""event_location"", ""IENT-c703342da1b776129e2c1ea0"", ""unresolved""]","[""IENT-c703342da1b776129e2c1ea0"", ""IENTREPAIR-0742b26a659164bee980a331"", ""unknown"", """", ""event_location"", ""IENT-c703342da1b776129e2c1ea0"", ""unresolved""]",deterministic_replay
w/o Relation Contract,IFACT-094d8c59324f70873aefc913,"[""ITOPIC-812862498fb307c0153ce4aa"", ""ITOPIC-a1a1c3af765783558be2e5a3"", ""unknown"", """", ""unknown"", """", ""contextual""]","[""ITOPIC-812862498fb307c0153ce4aa"", ""ITOPIC-a1a1c3af765783558be2e5a3"", ""unknown"", """", ""unknown"", """", ""strict_semantic""]",deterministic_replay
w/o Relation Contract,IFACT-0952bb0fc33b32c286b6c851,"[""IENT-4e83283deb475146befd5a8b"", ""IENT-6e758de97a512f69be478874"", ""unknown"", """", ""unknown"", """", ""contextual""]","[""IENT-4e83283deb475146befd5a8b"", ""IENT-6e758de97a512f69be478874"", ""unknown"", """", ""unknown"", """", ""strict_semantic""]",deterministic_replay
w/o Relation Contract,IFACT-095571dc3b50f44ffbfa699f,"[""IENT-5259a58c39138493823d2b00"", ""IENT-9edcc7a9c3b13f622b21f637"", ""unknown"", """", ""unknown"", """", ""contextual""]","[""IENT-5259a58c39138493823d2b00"", ""IENT-9edcc7a9c3b13f622b21f637"", ""unknown"", """", ""unknown"", """", ""strict_semantic""]",deterministic_replay
w/o Relation Contract,IFACT-095815534ad5ef78f9212184,"[""IENT-1dc8f87a9096ca9e4f3c4258"", ""IENT-a4f0ca9c44d22d42659b877a"", ""unknown"", """", ""unknown"", """", ""contextual""]","[""IENT-1dc8f87a9096ca9e4f3c4258"", ""IENT-a4f0ca9c44d22d42659b877a"", ""unknown"", """", ""unknown"", """", ""strict_semantic""]",deterministic_replay
w/o Relation Contract,IFACT-095a91a578d421ecd7b82893,"[""IENT-96e7936b9b2c7816091715da"", ""IENT-2c426286ddbdd65403aaf2db"", ""unknown"", """", ""unknown"", """", ""contextual""]","[""IENT-96e7936b9b2c7816091715da"", ""IENT-2c426286ddbdd65403aaf2db"", ""unknown"", """", ""unknown"", """", ""strict_semantic""]",deterministic_replay
w/o Relation Contract,IFACT-0962df14700bce5d765a2d9d,"[""IENT-770314bedc49bc5c79419933"", ""IENT-6ec652e9da8f651ca01b9407"", ""unknown"", """", ""unknown"", """", ""contextual""]","[""IENT-770314bedc49bc5c79419933"", ""IENT-6ec652e9da8f651ca01b9407"", ""unknown"", """", ""unknown"", """", ""strict_semantic""]",deterministic_replay
w/o Relation Contract,IFACT-0964d52dc48a71af75e215ee,"[""IENT-ebdeffa992bf861008283c99"", ""IENT-6f5192c6a864131e2e335b6f"", ""unknown"", """", ""unknown"", """", ""contextual""]","[""IENT-ebdeffa992bf861008283c99"", ""IENT-6f5192c6a864131e2e335b6f"", ""unknown"", """", ""unknown"", """", ""strict_semantic""]",deterministic_replay
w/o Relation Contract,IFACT-096c74a124a91cd7339b8774,"[""IENT-00d74750375f843191d94629"", ""IENT-b125cde047d2528a0fd19eb7"", ""unknown"", """", ""unknown"", """", ""contextual""]","[""IENT-00d74750375f843191d94629"", ""IENT-b125cde047d2528a0fd19eb7"", ""unknown"", """", ""unknown"", """", ""strict_semantic""]",deterministic_replay
w/o Relation Contract,IFACT-0989ddb7cd4eaa6612087c12,"[""IENT-e40ec7f3ef878ca361fc3595"", ""IENT-cd41706e9703b190d99084fd"", ""relation_validity"", """", ""unknown"", """", ""contextual""]","[""IENT-e40ec7f3ef878ca361fc3595"", ""IENT-cd41706e9703b190d99084fd"", ""relation_validity"", """", ""unknown"", """", ""strict_semantic""]",deterministic_replay
w/o Relation Contract,IFACT-098ad440add4e9125d9d16be,"[""IENT-853d8c67cf3e656032fa96dc"", ""IENT-da564908cd2ff9f3cfaa28b8"", ""unknown"", """", ""unknown"", """", ""contextual""]","[""IENT-853d8c67cf3e656032fa96dc"", ""IENT-da564908cd2ff9f3cfaa28b8"", ""unknown"", """", ""unknown"", """", ""strict_semantic""]",deterministic_replay
w/o Relation Contract,IFACT-098d44ccf1473464c63b4de6,"[""IENT-4c3caa2876077af9d0f1d168"", ""IENT-74d22cd6c74b65b2e92d6283"", ""relation_validity"", """", ""unknown"", """", ""contextual""]","[""IENT-4c3caa2876077af9d0f1d168"", ""IENT-74d22cd6c74b65b2e92d6283"", ""relation_validity"", """", ""unknown"", """", ""strict_semantic""]",deterministic_replay
w/o Relation Contract,IFACT-0995fb7966aef84bfc50d131,"[""IENT-559de71b86a616bb87620387"", ""IENT-185f20a30a853ff475b6df37"", ""unknown"", """", ""unknown"", """", ""contextual""]","[""IENT-559de71b86a616bb87620387"", ""IENT-185f20a30a853ff475b6df37"", ""unknown"", """", ""unknown"", """", ""strict_semantic""]",deterministic_replay
w/o Relation Contract,IFACT-0997703ee5d6a6277508a421,"[""IENT-cd04672b2b457ab14369a9f0"", ""IENT-f94ba0319dfbe8edc36707cd"", ""unknown"", """", ""unknown"", """", ""contextual""]","[""IENT-cd04672b2b457ab14369a9f0"", ""IENT-f94ba0319dfbe8edc36707cd"", ""unknown"", """", ""unknown"", """", ""strict_semantic""]",deterministic_replay
w/o Relation Contract,IFACT-099ca4572d1a5867ec5a16e3,"[""ITOPIC-c168ad9dd4ac6ba6b714b645"", ""ITOPIC-ea541d411d0c4cea1a97b927"", ""unknown"", """", ""unknown"", """", ""contextual""]","[""ITOPIC-c168ad9dd4ac6ba6b714b645"", ""ITOPIC-ea541d411d0c4cea1a97b927"", ""unknown"", """", ""unknown"", """", ""strict_semantic""]",deterministic_replay
w/o Relation Contract,IFACT-09b0a0f40d19b60e9e485c36,"[""ITOPIC-2db65506bcbe3550354d6492"", ""ITOPIC-7d3441e18bccb049dcd9a9ba"", ""unknown"", """", ""unknown"", """", ""contextual""]","[""ITOPIC-2db65506bcbe3550354d6492"", ""ITOPIC-7d3441e18bccb049dcd9a9ba"", ""unknown"", """", ""unknown"", """", ""strict_semantic""]",deterministic_replay
w/o Relation Contract,IFACT-09c0010fb430b584fde203a7,"[""IENT-9b98ee1b1d554a47366d801f"", ""IENT-412ae593b628615677fdd589"", ""unknown"", """", ""unknown"", """", ""contextual""]","[""IENT-9b98ee1b1d554a47366d801f"", ""IENT-412ae593b628615677fdd589"", ""unknown"", """", ""unknown"", """", ""strict_semantic""]",deterministic_replay
w/o Relation Contract,IFACT-09d860ed0836097e8579b5a8,"[""IENT-2e9cce24a91675ea55bec2ee"", ""IENTREPAIR-5467297d75cf3d29c5bac187"", ""unknown"", """", ""unknown"", """", ""contextual""]","[""IENT-2e9cce24a91675ea55bec2ee"", ""IENTREPAIR-5467297d75cf3d29c5bac187"", ""unknown"", """", ""unknown"", """", ""strict_semantic""]",deterministic_replay
w/o Relation Contract,IFACT-09e3905209d7b6497db0d4ef,"[""IENT-ec224bfd22efd44e466add85"", ""IENT-6b65c20fea0429717505c21e"", ""unknown"", """", ""unknown"", """", ""contextual""]","[""IENT-ec224bfd22efd44e466add85"", ""IENT-6b65c20fea0429717505c21e"", ""unknown"", """", ""unknown"", """", ""strict_semantic""]",deterministic_replay
w/o Relation Contract,IFACT-0a22bbdc77d837857d463bf1,"[""IENT-f94ba0319dfbe8edc36707cd"", ""IENT-e885120ddac8f65aaa833339"", ""unknown"", """", ""relation_location"", """", ""contextual""]","[""IENT-f94ba0319dfbe8edc36707cd"", ""IENT-e885120ddac8f65aaa833339"", ""unknown"", """", ""relation_location"", """", ""strict_semantic""]",deterministic_replay
w/o Relation Contract,IFACT-0a3cc746bb9fa30d6b994ddb,"[""ITOPIC-9388d36c6d33e6815664620d"", ""ITOPIC-eb7b1f2992dd0ebb2c2a43ac"", ""unknown"", """", ""unknown"", """", ""contextual""]","[""ITOPIC-9388d36c6d33e6815664620d"", ""ITOPIC-eb7b1f2992dd0ebb2c2a43ac"", ""unknown"", """", ""unknown"", """", ""strict_semantic""]",deterministic_replay
w/o Relation Contract,IFACT-0a4fa252fe6797871ae569e4,"[""IENT-27b82144ba3bc7178d574b33"", ""IENT-7b3a6b8ef24307768bbb7593"", ""relation_validity"", """", ""relation_location"", """", ""contextual""]","[""IENT-27b82144ba3bc7178d574b33"", ""IENT-7b3a6b8ef24307768bbb7593"", ""relation_validity"", """", ""relation_location"", """", ""strict_semantic""]",deterministic_replay
w/o Relation Contract,IFACT-0a5578a93616c4f43fc07d8e,"[""IENT-b0f6e4f44c16fd2d61852bc5"", ""IENT-3019e88223f350fac0b706f8"", ""relation_validity"", """", ""unknown"", """", ""contextual""]","[""IENT-b0f6e4f44c16fd2d61852bc5"", ""IENT-3019e88223f350fac0b706f8"", ""relation_validity"", """", ""unknown"", """", ""strict_semantic""]",deterministic_replay
w/o Relation Contract,IFACT-0a5bee69f5f3622984ba4848,"[""IENT-53dbf1bd4e9cbffb1bb6fe8e"", ""IENT-33d136787115486629302e59"", ""unknown"", """", ""unknown"", """", ""contextual""]","[""IENT-53dbf1bd4e9cbffb1bb6fe8e"", ""IENT-33d136787115486629302e59"", ""unknown"", """", ""unknown"", """", ""strict_semantic""]",deterministic_replay
w/o Relation Contract,IFACT-0a6238a4a5c6bf40a8a49e0e,"[""IENT-52f94574aa9b4ed2709a47b1"", ""IENT-e5767565155bfc27540ca855"", ""unknown"", """", ""unknown"", """", ""contextual""]","[""IENT-52f94574aa9b4ed2709a47b1"", ""IENT-e5767565155bfc27540ca855"", ""unknown"", """", ""unknown"", """", ""strict_semantic""]",deterministic_replay
w/o Relation Contract,IFACT-0a78b88adf7f20dc3cda974d,"[""IENT-fcbb324a98b8dfacf1e1a2d6"", ""IENTREPAIR-f1ce0d99bf11b22c85f7669c"", ""unknown"", """", ""unknown"", """", ""contextual""]","[""IENT-fcbb324a98b8dfacf1e1a2d6"", ""IENTREPAIR-f1ce0d99bf11b22c85f7669c"", ""unknown"", """", ""unknown"", """", ""strict_semantic""]",deterministic_replay
w/o Relation Contract,IFACT-0a8f576e5bda454f21312299,"[""ITOPIC-07a0344541ead10fe34d473f"", ""ITOPIC-2e1dc7fc3c2b6bdd7fa538ae"", ""unknown"", """", ""unknown"", """", ""contextual""]","[""ITOPIC-07a0344541ead10fe34d473f"", ""ITOPIC-2e1dc7fc3c2b6bdd7fa538ae"", ""unknown"", """", ""unknown"", """", ""strict_semantic""]",deterministic_replay
w/o Relation Contract,IFACT-0aa9530f0ede27fa75a17813,"[""IENT-601bce5ec57660970bdfbb00"", ""ITOPIC-581afa236679c6868842bd89"", ""unknown"", """", ""unknown"", """", ""contextual""]","[""IENT-601bce5ec57660970bdfbb00"", ""ITOPIC-581afa236679c6868842bd89"", ""unknown"", """", ""unknown"", """", ""strict_semantic""]",deterministic_replay
w/o Relation Contract,IFACT-0abfa4703c316de0a88bada3,"[""IENT-cca18e8151a39c3c6573009e"", ""IENT-6405aa0494920fe84a49833a"", ""unknown"", """", ""unknown"", """", ""contextual""]","[""IENT-cca18e8151a39c3c6573009e"", ""IENT-6405aa0494920fe84a49833a"", ""unknown"", """", ""unknown"", """", ""strict_semantic""]",deterministic_replay
w/o Relation Contract,IFACT-0ac7b993488875374f066c68,"[""IENT-f4cea32dfd61cb5e91015fee"", ""IENT-d06208254d18a7291f738b71"", ""unknown"", """", ""unknown"", """", ""contextual""]","[""IENT-f4cea32dfd61cb5e91015fee"", ""IENT-d06208254d18a7291f738b71"", ""unknown"", """", ""unknown"", """", ""strict_semantic""]",deterministic_replay
w/o Relation Contract,IFACT-0ac8c87b83f5bc3c1cf72e42,"[""IENT-d8786ead0ab1919713bfc42c"", ""IENT-06c8620f060c6d99a2f4eed1"", ""relation_validity"", """", ""unknown"", """", ""contextual""]","[""IENT-d8786ead0ab1919713bfc42c"", ""IENT-06c8620f060c6d99a2f4eed1"", ""relation_validity"", """", ""unknown"", """", ""strict_semantic""]",deterministic_replay
w/o Relation Contract,IFACT-0ad9f667803e00fa24c773de,"[""IENT-fc82660cddc02b5772d9c934"", ""IENT-a2835d0d94b838a0e78c7769"", ""unknown"", """", ""unknown"", """", ""contextual""]","[""IENT-fc82660cddc02b5772d9c934"", ""IENT-a2835d0d94b838a0e78c7769"", ""unknown"", """", ""unknown"", """", ""strict_semantic""]",deterministic_replay
w/o Relation Contract,IFACT-0b3fbbe8d5c85c28d91278d9,"[""IENT-2f25c16079d14c6a937c362d"", ""IENT-a751afcc7b12bfdee4e98590"", ""unknown"", """", ""relation_location"", """", ""contextual""]","[""IENT-2f25c16079d14c6a937c362d"", ""IENT-a751afcc7b12bfdee4e98590"", ""unknown"", """", ""relation_location"", """", ""strict_semantic""]",deterministic_replay
w/o Relation Contract,IFACT-0b4451ff89707ac19fd23374,"[""IENT-8167c8fdd5989bcf3543c251"", ""IENT-e92aa1aa97a416f6a75d9044"", ""unknown"", """", ""relation_location"", """", ""contextual""]","[""IENT-8167c8fdd5989bcf3543c251"", ""IENT-e92aa1aa97a416f6a75d9044"", ""unknown"", """", ""relation_location"", """", ""strict_semantic""]",deterministic_replay
w/o Relation Contract,IFACT-0b552a749f9ee7320a009420,"[""IENT-fbd63a171d5390ba95a5ede2"", ""IENT-f9d62ff502de6ad952a4509c"", ""unknown"", """", ""unknown"", """", ""contextual""]","[""IENT-fbd63a171d5390ba95a5ede2"", ""IENT-f9d62ff502de6ad952a4509c"", ""unknown"", """", ""unknown"", """", ""strict_semantic""]",deterministic_replay
w/o Relation Contract,IFACT-0b5b2eeef43944a628a6e4c7,"[""IENT-2f25c16079d14c6a937c362d"", ""IENT-a751afcc7b12bfdee4e98590"", ""unknown"", """", ""unknown"", """", ""contextual""]","[""IENT-2f25c16079d14c6a937c362d"", ""IENT-a751afcc7b12bfdee4e98590"", ""unknown"", """", ""unknown"", """", ""strict_semantic""]",deterministic_replay
w/o Relation Contract,IFACT-0b5bd1e34a0797d63faf3efc,"[""IENT-ba697447ec6c55efae719c50"", ""IENT-fbf9fb9e8c20f0c82bc32bbf"", ""unknown"", """", ""unknown"", """", ""contextual""]","[""IENT-ba697447ec6c55efae719c50"", ""IENT-fbf9fb9e8c20f0c82bc32bbf"", ""unknown"", """", ""unknown"", """", ""strict_semantic""]",deterministic_replay
w/o Role-owner Closure,IFACT-0b853270c3dc4d6d3cfd471e,"[""IENT-2581d65e53a70d49b5f88702"", ""IENT-6f3007140854e4e661fdaadb"", ""context_time"", """", ""context_location"", """", ""unresolved""]","[""IENT-2581d65e53a70d49b5f88702"", ""IENT-6f3007140854e4e661fdaadb"", ""biographical"", ""IENT-2581d65e53a70d49b5f88702"", ""context_location"", """", ""unresolved""]",deterministic_replay
w/o Relation Contract,IFACT-0bd4577b75792dedf980a11b,"[""IENT-b9a82d0aacc2c357bc1e8ae5"", ""IENT-dc815734843916d2e386ed27"", ""unknown"", """", ""unknown"", """", ""contextual""]","[""IENT-b9a82d0aacc2c357bc1e8ae5"", ""IENT-dc815734843916d2e386ed27"", ""unknown"", """", ""unknown"", """", ""strict_semantic""]",deterministic_replay
w/o Relation Contract,IFACT-0bf64b16438a7fe21c3a445c,"[""ITOPIC-a95994d3f97244ecd28a8772"", ""ITOPIC-a67ef820bd347915e0d9bb55"", ""unknown"", """", ""unknown"", """", ""contextual""]","[""ITOPIC-a95994d3f97244ecd28a8772"", ""ITOPIC-a67ef820bd347915e0d9bb55"", ""unknown"", """", ""unknown"", """", ""strict_semantic""]",deterministic_replay
w/o Relation Contract,IFACT-0c0727de63c9d9ca468442f9,"[""IENT-8ea691157e63fb5439e8dc1a"", ""IENT-5cd47606010fd7d08c3d120e"", ""unknown"", """", ""unknown"", """", ""contextual""]","[""IENT-8ea691157e63fb5439e8dc1a"", ""IENT-5cd47606010fd7d08c3d120e"", ""unknown"", """", ""unknown"", """", ""strict_semantic""]",deterministic_replay
w/o Relation Contract,IFACT-0c23ef29fe19a64dc0f07fbf,"[""IENT-1d97d5296e4ed9c5d28abb8e"", ""IENT-aec75e53ac982f09592078f7"", ""relation_validity"", """", ""relation_location"", """", ""contextual""]","[""IENT-1d97d5296e4ed9c5d28abb8e"", ""IENT-aec75e53ac982f09592078f7"", ""relation_validity"", """", ""relation_location"", """", ""strict_semantic""]",deterministic_replay
w/o Relation Contract,IFACT-0c38b4f5af681aa59cfc72a0,"[""ITOPIC-0f025c9be2814af846cb9e15"", ""ITOPIC-e4ac6eda96169ad930d2d104"", ""unknown"", """", ""unknown"", """", ""contextual""]","[""ITOPIC-0f025c9be2814af846cb9e15"", ""ITOPIC-e4ac6eda96169ad930d2d104"", ""unknown"", """", ""unknown"", """", ""strict_semantic""]",deterministic_replay
w/o Relation Contract,IFACT-0c413f811152128732b9de19,"[""IENT-ac8925957bb3ae5e7d53d719"", ""IENTREPAIR-03d2ed46b186571657668c9c"", ""unknown"", """", ""unknown"", """", ""contextual""]","[""IENT-ac8925957bb3ae5e7d53d719"", ""IENTREPAIR-03d2ed46b186571657668c9c"", ""unknown"", """", ""unknown"", """", ""strict_semantic""]",deterministic_replay
w/o Relation Contract,IFACT-0c5b4f734235f8fe5e3d899b,"[""IENT-cd51e1ded8ad2e9fea08f65b"", ""IENT-a12a36f2cd052ee23e8bc128"", ""unknown"", """", ""unknown"", """", ""contextual""]","[""IENT-cd51e1ded8ad2e9fea08f65b"", ""IENT-a12a36f2cd052ee23e8bc128"", ""unknown"", """", ""unknown"", """", ""strict_semantic""]",deterministic_replay
w/o Relation Contract,IFACT-0c7b71a0091330e834034f50,"[""IENT-80c89abc512158ae3469fcb3"", ""IENT-e6aa1dfc99bc0c51388c9faf"", ""unknown"", """", ""unknown"", """", ""contextual""]","[""IENT-80c89abc512158ae3469fcb3"", ""IENT-e6aa1dfc99bc0c51388c9faf"", ""unknown"", """", ""unknown"", """", ""strict_semantic""]",deterministic_replay
w/o Relation Contract,IFACT-0c815d3abd26e9360b6a130f,"[""IENT-f1a346441e534aa179a960e9"", ""IENT-c20f22ac1aeb7bebc61d1f11"", ""unknown"", """", ""unknown"", """", ""contextual""]","[""IENT-f1a346441e534aa179a960e9"", ""IENT-c20f22ac1aeb7bebc61d1f11"", ""unknown"", """", ""unknown"", """", ""strict_semantic""]",deterministic_replay
w/o Relation Contract,IFACT-0c87d98b3e0b666bee0df321,"[""IENT-ff32ef119033cea372e0efda"", ""IENT-709a0bca4765dbbc466d99f2"", ""unknown"", """", ""unknown"", """", ""contextual""]","[""IENT-ff32ef119033cea372e0efda"", ""IENT-709a0bca4765dbbc466d99f2"", ""unknown"", """", ""unknown"", """", ""strict_semantic""]",deterministic_replay
w/o Relation Contract,IFACT-0c8d445db208669086c58a0f,"[""IENT-255550f7d1170d0a3506dae5"", ""IENT-30c6cd3784c8988020499d32"", ""unknown"", """", ""unknown"", """", ""contextual""]","[""IENT-255550f7d1170d0a3506dae5"", ""IENT-30c6cd3784c8988020499d32"", ""unknown"", """", ""unknown"", """", ""strict_semantic""]",deterministic_replay
w/o Relation Contract,IFACT-0c9b2576e8bbc93c5d4eb197,"[""IENT-2014bfc71cd6ff9fe7866482"", ""IENT-56dee1665805a951a741958a"", ""unknown"", """", ""unknown"", """", ""contextual""]","[""IENT-2014bfc71cd6ff9fe7866482"", ""IENT-56dee1665805a951a741958a"", ""unknown"", """", ""unknown"", """", ""strict_semantic""]",deterministic_replay
w/o Relation Contract,IFACT-0ca226e796257b57d0eaa4ae,"[""IENT-d1e1337a62971c7a5ffffeb8"", ""IENT-54825e6844504fb185a44ae0"", ""unknown"", """", ""unknown"", """", ""contextual""]","[""IENT-d1e1337a62971c7a5ffffeb8"", ""IENT-54825e6844504fb185a44ae0"", ""unknown"", """", ""unknown"", """", ""strict_semantic""]",deterministic_replay
w/o Relation Contract,IFACT-0caa6f8d07ad908811c6c181,"[""IENT-438076273596a76cb6d453b1"", ""IENT-9edcc7a9c3b13f622b21f637"", ""unknown"", """", ""unknown"", """", ""contextual""]","[""IENT-438076273596a76cb6d453b1"", ""IENT-9edcc7a9c3b13f622b21f637"", ""unknown"", """", ""unknown"", """", ""strict_semantic""]",deterministic_replay
w/o Relation Contract,IFACT-0cc118a72c0450ca4357e5ad,"[""ITOPIC-383a6592a500b81ceb5ab3bf"", ""ITOPIC-eb0046c3196d4ea2084090a6"", ""unknown"", """", ""unknown"", """", ""contextual""]","[""ITOPIC-383a6592a500b81ceb5ab3bf"", ""ITOPIC-eb0046c3196d4ea2084090a6"", ""unknown"", """", ""unknown"", """", ""strict_semantic""]",deterministic_replay
w/o Relation Contract,IFACT-0cc2798f7f67dc2ddc51907c,"[""IENT-4692885c28ad8bf8b6022662"", ""IENT-79fa13671db37f171ac2897a"", ""unknown"", """", ""unknown"", """", ""contextual""]","[""IENT-4692885c28ad8bf8b6022662"", ""IENT-79fa13671db37f171ac2897a"", ""unknown"", """", ""unknown"", """", ""strict_semantic""]",deterministic_replay
w/o Relation Contract,IFACT-0cc49f9fa880012e9aa1ab63,"[""IENT-88ee4d128179c5223ec2168e"", ""IENT-728cc79d495b699ab9cc58c3"", ""relation_validity"", """", ""unknown"", """", ""contextual""]","[""IENT-88ee4d128179c5223ec2168e"", ""IENT-728cc79d495b699ab9cc58c3"", ""relation_validity"", """", ""unknown"", """", ""strict_semantic""]",deterministic_replay
w/o Relation Contract,IFACT-0cd5246d63e685fe2bf59819,"[""IENT-160930360921ac7773f217d2"", ""IENT-b0695e6b13d5cdbdc7781548"", ""unknown"", """", ""unknown"", """", ""contextual""]","[""IENT-160930360921ac7773f217d2"", ""IENT-b0695e6b13d5cdbdc7781548"", ""unknown"", """", ""unknown"", """", ""strict_semantic""]",deterministic_replay
w/o Relation Contract,IFACT-0ce70a0d8a331076a541c6ce,"[""IENT-1d97d5296e4ed9c5d28abb8e"", ""IENT-e02281023c908f8abe763dd9"", ""unknown"", """", ""unknown"", """", ""contextual""]","[""IENT-1d97d5296e4ed9c5d28abb8e"", ""IENT-e02281023c908f8abe763dd9"", ""unknown"", """", ""unknown"", """", ""strict_semantic""]",deterministic_replay
w/o Relation Contract,IFACT-0ce9eed33a310893d9f1d9af,"[""IENT-0eeedbd480a9bebb7dff0a43"", ""IENT-c2c6f28642f01d032e697626"", ""unknown"", """", ""unknown"", """", ""contextual""]","[""IENT-0eeedbd480a9bebb7dff0a43"", ""IENT-c2c6f28642f01d032e697626"", ""unknown"", """", ""unknown"", """", ""strict_semantic""]",deterministic_replay
w/o Relation Contract,IFACT-0d244d1d5685113d743dbede,"[""IENT-9ac7e67c03c95650b49d554c"", ""IENT-b38b1ff1514c379c30f41e19"", ""unknown"", """", ""unknown"", """", ""contextual""]","[""IENT-9ac7e67c03c95650b49d554c"", ""IENT-b38b1ff1514c379c30f41e19"", ""unknown"", """", ""unknown"", """", ""strict_semantic""]",deterministic_replay
w/o Relation Contract,IFACT-0d2615340266cba530c0a4a9,"[""IENT-ec4ae00f668b3ac6635f4caf"", ""IENT-7b7d9951dc2c0ed0dc2a08f6"", ""unknown"", """", ""unknown"", """", ""contextual""]","[""IENT-ec4ae00f668b3ac6635f4caf"", ""IENT-7b7d9951dc2c0ed0dc2a08f6"", ""unknown"", """", ""unknown"", """", ""strict_semantic""]",deterministic_replay
w/o Relation Contract,IFACT-0d2ba21b169aa1b3e3ace591,"[""IENT-08b3e97feb884c7ac28d52f0"", ""IENT-30408bc578cc06fcaef7b3ad"", ""unknown"", """", ""unknown"", """", ""contextual""]","[""IENT-08b3e97feb884c7ac28d52f0"", ""IENT-30408bc578cc06fcaef7b3ad"", ""unknown"", """", ""unknown"", """", ""strict_semantic""]",deterministic_replay
w/o Role-owner Closure,IFACT-0d32760f84d2caf0dce619bd,"[""IENT-11b1256b15e10ae7f00303a4"", ""IENT-2ad8f8d37b6ad934a5c0d0ec"", ""context_time"", """", ""unknown"", """", ""unresolved""]","[""IENT-11b1256b15e10ae7f00303a4"", ""IENT-2ad8f8d37b6ad934a5c0d0ec"", ""biographical"", ""IENT-11b1256b15e10ae7f00303a4"", ""unknown"", """", ""unresolved""]",deterministic_replay
w/o Role-owner Closure,IFACT-0d41513678fffeecac2487d2,"[""IENT-5270180261818c57cd13ea25"", ""IENT-6a5ebbf6a17f000027ad8325"", ""event_occurrence"", ""IENT-5270180261818c57cd13ea25"", ""event_location"", ""IENT-5270180261818c57cd13ea25"", ""unresolved""]","[""IENT-5270180261818c57cd13ea25"", ""IENT-6a5ebbf6a17f000027ad8325"", ""unknown"", """", ""event_location"", ""IENT-5270180261818c57cd13ea25"", ""unresolved""]",deterministic_replay
w/o Relation Contract,IFACT-0d4e84a6612ef98bb1c1c34b,"[""IENT-cb5b7df39ef15327d803f181"", ""IENT-0dedd91de2b64fa15b2e36fd"", ""relation_validity"", """", ""unknown"", """", ""contextual""]","[""IENT-cb5b7df39ef15327d803f181"", ""IENT-0dedd91de2b64fa15b2e36fd"", ""relation_validity"", """", ""unknown"", """", ""strict_semantic""]",deterministic_replay
w/o Relation Contract,IFACT-0d548e8b98bb0e36d3f48b07,"[""IENT-e9fd48ce94a8ec55300568b6"", ""IENT-c345498aaed9881b3a6df464"", ""unknown"", """", ""unknown"", """", ""contextual""]","[""IENT-e9fd48ce94a8ec55300568b6"", ""IENT-c345498aaed9881b3a6df464"", ""unknown"", """", ""unknown"", """", ""strict_semantic""]",deterministic_replay
w/o Relation Contract,IFACT-0d55ab7a57db06047986a05c,"[""IENT-efd33e8876124cfa9bdcaa6d"", ""IENT-5ff46244639e59999b4b15f5"", ""unknown"", """", ""relation_location"", """", ""contextual""]","[""IENT-efd33e8876124cfa9bdcaa6d"", ""IENT-5ff46244639e59999b4b15f5"", ""unknown"", """", ""relation_location"", """", ""strict_semantic""]",deterministic_replay
w/o Role-owner Closure,IFACT-0d55ab7a57db06047986a05c,"[""IENT-efd33e8876124cfa9bdcaa6d"", ""IENT-5ff46244639e59999b4b15f5"", ""unknown"", """", ""relation_location"", """", ""contextual""]","[""IENT-efd33e8876124cfa9bdcaa6d"", ""IENT-5ff46244639e59999b4b15f5"", ""unknown"", """", ""biographical_location"", """", ""contextual""]",deterministic_replay
w/o Relation Contract,IFACT-0d8b7571d59f5a3f4b55d37f,"[""IENT-69255f3f2faa538b565c2479"", ""IENT-270ac7cd1ccef66578c0d721"", ""unknown"", """", ""unknown"", """", ""contextual""]","[""IENT-69255f3f2faa538b565c2479"", ""IENT-270ac7cd1ccef66578c0d721"", ""unknown"", """", ""unknown"", """", ""strict_semantic""]",deterministic_replay
w/o Relation Contract,IFACT-0d95bcf1b27b01b22d34cdf0,"[""ITOPIC-91779216cc066b022935a2ea"", ""ITOPIC-1dc0739e59e341fdf990f481"", ""unknown"", """", ""unknown"", """", ""contextual""]","[""ITOPIC-91779216cc066b022935a2ea"", ""ITOPIC-1dc0739e59e341fdf990f481"", ""unknown"", """", ""unknown"", """", ""strict_semantic""]",deterministic_replay
w/o Relation Contract,IFACT-0d99b28386e35de277d26b40,"[""IENT-a5bd51cfc8a72b49bdd4d5c2"", ""IENT-8701ed633d3f0789b1da9e9f"", ""unknown"", """", ""unknown"", """", ""contextual""]","[""IENT-a5bd51cfc8a72b49bdd4d5c2"", ""IENT-8701ed633d3f0789b1da9e9f"", ""unknown"", """", ""unknown"", """", ""strict_semantic""]",deterministic_replay
w/o Relation Contract,IFACT-0da23882b8071bc356e9ee51,"[""IENT-67f50a9510768b986874741a"", ""IENT-19fb8058b56e65da5b269faa"", ""unknown"", """", ""unknown"", """", ""contextual""]","[""IENT-67f50a9510768b986874741a"", ""IENT-19fb8058b56e65da5b269faa"", ""unknown"", """", ""unknown"", """", ""strict_semantic""]",deterministic_replay
w/o Relation Contract,IFACT-0db5b82d8743a14aa5bf5a95,"[""IENT-50a7d6a295f88aca6330c620"", ""IENT-239811d9fcc6fee565f39729"", ""unknown"", """", ""unknown"", """", ""contextual""]","[""IENT-50a7d6a295f88aca6330c620"", ""IENT-239811d9fcc6fee565f39729"", ""unknown"", """", ""unknown"", """", ""strict_semantic""]",deterministic_replay
w/o Relation Contract,IFACT-0dd479d1cdb41b425e54c8fd,"[""ITOPIC-0f797f8456624a9625b834c5"", ""ITOPIC-1d430bae26044d889b55ff5d"", ""unknown"", """", ""unknown"", """", ""contextual""]","[""ITOPIC-0f797f8456624a9625b834c5"", ""ITOPIC-1d430bae26044d889b55ff5d"", ""unknown"", """", ""unknown"", """", ""strict_semantic""]",deterministic_replay
w/o Relation Contract,IFACT-0ddebead2189796e0c78c275,"[""IENT-3c85c519574d4f3f90581005"", ""IENT-b5c942fc92b7cba2c118eceb"", ""relation_validity"", """", ""relation_location"", """", ""contextual""]","[""IENT-3c85c519574d4f3f90581005"", ""IENT-b5c942fc92b7cba2c118eceb"", ""relation_validity"", """", ""relation_location"", """", ""strict_semantic""]",deterministic_replay
w/o Relation Contract,IFACT-0ddfa03e0b8cb6aa495f876b,"[""ITOPIC-9e38135ed4bd1144472288f1"", ""ITOPIC-26416f71e0180b52669d29e7"", ""unknown"", """", ""unknown"", """", ""contextual""]","[""ITOPIC-9e38135ed4bd1144472288f1"", ""ITOPIC-26416f71e0180b52669d29e7"", ""unknown"", """", ""unknown"", """", ""strict_semantic""]",deterministic_replay
w/o Relation Contract,IFACT-0dfb9c25100dd8441161e5a0,"[""IENT-5eb99f18bdc77eea9c5adc4a"", ""IENT-ab88d8f2e2bdca3721d6db67"", ""unknown"", """", ""relation_location"", """", ""contextual""]","[""IENT-5eb99f18bdc77eea9c5adc4a"", ""IENT-ab88d8f2e2bdca3721d6db67"", ""unknown"", """", ""relation_location"", """", ""strict_semantic""]",deterministic_replay
w/o Relation Contract,IFACT-0dfff117273027670e3f2c63,"[""IENT-8930c36bf9cc1237f3ab8f3c"", ""IENT-3019e88223f350fac0b706f8"", ""unknown"", """", ""unknown"", """", ""contextual""]","[""IENT-8930c36bf9cc1237f3ab8f3c"", ""IENT-3019e88223f350fac0b706f8"", ""unknown"", """", ""unknown"", """", ""strict_semantic""]",deterministic_replay
w/o Relation Contract,IFACT-0e033bb8e76ff3b85c300244,"[""IENT-e373326361e3db651bcef6d3"", ""IENT-9b520be064b6d50c9a39efe5"", ""unknown"", """", ""unknown"", """", ""contextual""]","[""IENT-e373326361e3db651bcef6d3"", ""IENT-9b520be064b6d50c9a39efe5"", ""unknown"", """", ""unknown"", """", ""strict_semantic""]",deterministic_replay
w/o Relation Contract,IFACT-0e2a1059a2e33316457dfcb7,"[""IENT-ad5714a29518d5a5993ff1aa"", ""IENT-c4837ccd4c49e0a29a04a04c"", ""unknown"", """", ""unknown"", """", ""contextual""]","[""IENT-ad5714a29518d5a5993ff1aa"", ""IENT-c4837ccd4c49e0a29a04a04c"", ""unknown"", """", ""unknown"", """", ""strict_semantic""]",deterministic_replay
w/o Relation Contract,IFACT-0e4428dd51b351d42a44af19,"[""IENT-cbe66fa413453f5afff79faa"", ""IENT-601bce5ec57660970bdfbb00"", ""relation_validity"", """", ""relation_location"", """", ""contextual""]","[""IENT-cbe66fa413453f5afff79faa"", ""IENT-601bce5ec57660970bdfbb00"", ""relation_validity"", """", ""relation_location"", """", ""strict_semantic""]",deterministic_replay
w/o Relation Contract,IFACT-0e66d3754fc943761dbd6f75,"[""IENT-b86fbbf54850770a54cffaa9"", ""IENT-5f9cd504969a89ce9e78c3d6"", ""unknown"", """", ""unknown"", """", ""contextual""]","[""IENT-b86fbbf54850770a54cffaa9"", ""IENT-5f9cd504969a89ce9e78c3d6"", ""unknown"", """", ""unknown"", """", ""strict_semantic""]",deterministic_replay
w/o Relation Contract,IFACT-0e6c3dcabf656bea191d48a9,"[""IENT-7c95e4b1a9789c333af2ea71"", ""IENT-e92f6ba96f808beb250aeaa7"", ""unknown"", """", ""unknown"", """", ""contextual""]","[""IENT-7c95e4b1a9789c333af2ea71"", ""IENT-e92f6ba96f808beb250aeaa7"", ""unknown"", """", ""unknown"", """", ""strict_semantic""]",deterministic_replay
w/o Relation Contract,IFACT-0e731843ad9a296333b82394,"[""ITOPIC-c26c8e5055a9c0c8257569b8"", ""ITOPIC-ea541d411d0c4cea1a97b927"", ""unknown"", """", ""unknown"", """", ""contextual""]","[""ITOPIC-c26c8e5055a9c0c8257569b8"", ""ITOPIC-ea541d411d0c4cea1a97b927"", ""unknown"", """", ""unknown"", """", ""strict_semantic""]",deterministic_replay
w/o Relation Contract,IFACT-0e81632cfa36a99c677ac924,"[""IENT-7add0cced6c3e79aaf3d6309"", ""IENT-da1d0ae6b750ec7bf5c7eb74"", ""unknown"", """", ""relation_location"", """", ""contextual""]","[""IENT-7add0cced6c3e79aaf3d6309"", ""IENT-da1d0ae6b750ec7bf5c7eb74"", ""unknown"", """", ""relation_location"", """", ""strict_semantic""]",deterministic_replay
w/o Relation Contract,IFACT-0e8a48fe38f9986569980fb1,"[""ITOPIC-b3d7f27f6f1a69fe20b82f23"", ""ITOPIC-18a0d9083875ca4c873b5737"", ""unknown"", """", ""unknown"", """", ""contextual""]","[""ITOPIC-b3d7f27f6f1a69fe20b82f23"", ""ITOPIC-18a0d9083875ca4c873b5737"", ""unknown"", """", ""unknown"", """", ""strict_semantic""]",deterministic_replay
w/o Role-owner Closure,IFACT-0ed0d7fb20556445418fe85a,"[""IENT-fa9c4e6994fbcf270da3a767"", ""IENTREPAIR-6a6b58a1a9a41a8b0aa797b8"", ""relation_validity"", """", ""relation_location"", """", ""unresolved""]","[""IENT-fa9c4e6994fbcf270da3a767"", ""IENTREPAIR-6a6b58a1a9a41a8b0aa797b8"", ""event_occurrence"", ""IENT-fa9c4e6994fbcf270da3a767"", ""event_location"", ""IENT-fa9c4e6994fbcf270da3a767"", ""unresolved""]",deterministic_replay
w/o Role-owner Closure,IFACT-0f8228bcedf0b8d347c5b1ae,"[""IENT-6b47cb8e592ae377c6ee8d34"", ""IENT-f14dc97d7e76734496871809"", ""context_time"", """", ""context_location"", """", ""contextual""]","[""IENT-6b47cb8e592ae377c6ee8d34"", ""IENT-f14dc97d7e76734496871809"", ""context_time"", """", ""event_location"", ""IENT-6b47cb8e592ae377c6ee8d34"", ""contextual""]",deterministic_replay
w/o Role-owner Closure,IFACT-10416a7ed82d736c969e5efc,"[""IENT-6268343d766df507737ce3e7"", ""IENT-9867946bc60465ab7c32de37"", ""unknown"", """", ""context_location"", """", ""unresolved""]","[""IENT-6268343d766df507737ce3e7"", ""IENT-9867946bc60465ab7c32de37"", ""unknown"", """", ""event_location"", ""IENT-6268343d766df507737ce3e7"", ""unresolved""]",deterministic_replay
w/o Role-owner Closure,IFACT-107a8a15485a65ebe6b06900,"[""IENT-89615d27458ad1ffa17b64ac"", ""IENTREPAIR-0db954be0fc2ad333b758eb5"", ""event_occurrence"", ""IENT-89615d27458ad1ffa17b64ac"", ""event_location"", ""IENT-89615d27458ad1ffa17b64ac"", ""unresolved""]","[""IENT-89615d27458ad1ffa17b64ac"", ""IENTREPAIR-0db954be0fc2ad333b758eb5"", ""unknown"", """", ""event_location"", ""IENT-89615d27458ad1ffa17b64ac"", ""unresolved""]",deterministic_replay
w/o Role-owner Closure,IFACT-10ad16edc517913143d34184,"[""IENT-4147164f0f6fe9290c301591"", ""IENT-5ae4eee38da0dc5a72f50e11"", ""context_time"", """", ""context_location"", """", ""unresolved""]","[""IENT-4147164f0f6fe9290c301591"", ""IENT-5ae4eee38da0dc5a72f50e11"", ""context_time"", """", ""event_location"", ""IENT-4147164f0f6fe9290c301591"", ""unresolved""]",deterministic_replay
w/o Role-owner Closure,IFACT-1255d697d41e18f91f56c25f,"[""IENT-4147164f0f6fe9290c301591"", ""IENTREPAIR-6a6b58a1a9a41a8b0aa797b8"", ""relation_validity"", """", ""relation_location"", """", ""unresolved""]","[""IENT-4147164f0f6fe9290c301591"", ""IENTREPAIR-6a6b58a1a9a41a8b0aa797b8"", ""event_occurrence"", ""IENT-4147164f0f6fe9290c301591"", ""event_location"", ""IENT-4147164f0f6fe9290c301591"", ""unresolved""]",deterministic_replay
w/o Role-owner Closure,IFACT-1267667ae2136c20b6a9998d,"[""IENT-e4425c2e8a04bd8b78267112"", ""IENT-349f451f9ab3c0bb88000af9"", ""event_occurrence"", ""IENT-e4425c2e8a04bd8b78267112"", ""event_location"", ""IENT-e4425c2e8a04bd8b78267112"", ""unresolved""]","[""IENT-e4425c2e8a04bd8b78267112"", ""IENT-349f451f9ab3c0bb88000af9"", ""unknown"", """", ""event_location"", ""IENT-e4425c2e8a04bd8b78267112"", ""unresolved""]",deterministic_replay
w/o Role-owner Closure,IFACT-13abe24e1134117015864d4d,"[""IENT-225eafb111e5780e43992edc"", ""IENT-851de1f67e7c00762f5018a9"", ""unknown"", """", ""context_location"", """", ""unresolved""]","[""IENT-225eafb111e5780e43992edc"", ""IENT-851de1f67e7c00762f5018a9"", ""unknown"", """", ""event_location"", ""IENT-851de1f67e7c00762f5018a9"", ""unresolved""]",deterministic_replay
w/o Role-owner Closure,IFACT-13ee19a3e16abb803befdebd,"[""IENT-a3b049308ee26831f1c8128c"", ""IENTREPAIR-6a6b58a1a9a41a8b0aa797b8"", ""unknown"", """", ""context_location"", """", ""contextual""]","[""IENT-a3b049308ee26831f1c8128c"", ""IENTREPAIR-6a6b58a1a9a41a8b0aa797b8"", ""unknown"", """", ""event_location"", ""IENT-a3b049308ee26831f1c8128c"", ""contextual""]",deterministic_replay
w/o Role-owner Closure,IFACT-14022bc9aa03af410b5f84e0,"[""IENT-e10e50225bde49f647630168"", ""IENT-648eb1069084f719ec66acfd"", ""unknown"", """", ""unknown"", """", ""unresolved""]","[""IENT-e10e50225bde49f647630168"", ""IENT-648eb1069084f719ec66acfd"", ""unknown"", """", ""relation_location"", """", ""unresolved""]",deterministic_replay
w/o Role-owner Closure,IFACT-14ccf49651f0415fe7df3b4c,"[""IENT-ff6719f2ef2e053c48af5162"", ""IENTREPAIR-6648e0f373b29eecdd6d16c0"", ""unknown"", """", ""unknown"", """", ""unresolved""]","[""IENT-ff6719f2ef2e053c48af5162"", ""IENTREPAIR-6648e0f373b29eecdd6d16c0"", ""unknown"", """", ""context_location"", """", ""unresolved""]",deterministic_replay
w/o Role-owner Closure,IFACT-15416ecb6780dbe768926375,"[""IENT-e4425c2e8a04bd8b78267112"", ""IENT-864580049bee54c94a016ae4"", ""event_occurrence"", ""IENT-e4425c2e8a04bd8b78267112"", ""event_location"", ""IENT-e4425c2e8a04bd8b78267112"", ""unresolved""]","[""IENT-e4425c2e8a04bd8b78267112"", ""IENT-864580049bee54c94a016ae4"", ""unknown"", """", ""event_location"", ""IENT-e4425c2e8a04bd8b78267112"", ""unresolved""]",deterministic_replay
w/o Role-owner Closure,IFACT-18e483030aa313598fa65a3e,"[""IENT-991ec08090ab52f4212e3d15"", ""IENT-b3827ad442f7764e6d97ebc2"", ""relation_validity"", """", ""relation_location"", """", ""unresolved""]","[""IENT-991ec08090ab52f4212e3d15"", ""IENT-b3827ad442f7764e6d97ebc2"", ""event_occurrence"", ""IENT-991ec08090ab52f4212e3d15"", ""event_location"", ""IENT-991ec08090ab52f4212e3d15"", ""unresolved""]",deterministic_replay
w/o Role-owner Closure,IFACT-1970b95060602fe96647eae4,"[""IENT-3ba2e76d1be0f0a44f391476"", ""IENT-f6a8b0116474f2f084fb3530"", ""event_occurrence"", ""IENT-3ba2e76d1be0f0a44f391476"", ""event_location"", ""IENT-3ba2e76d1be0f0a44f391476"", ""unresolved""]","[""IENT-3ba2e76d1be0f0a44f391476"", ""IENT-f6a8b0116474f2f084fb3530"", ""unknown"", """", ""event_location"", ""IENT-3ba2e76d1be0f0a44f391476"", ""unresolved""]",deterministic_replay
w/o Role-owner Closure,IFACT-1af018b9fb761da402a728e4,"[""IENT-c72ea1b2bde8b44d2cda742f"", ""IENT-851de1f67e7c00762f5018a9"", ""unknown"", """", ""context_location"", """", ""unresolved""]","[""IENT-c72ea1b2bde8b44d2cda742f"", ""IENT-851de1f67e7c00762f5018a9"", ""unknown"", """", ""event_location"", ""IENT-851de1f67e7c00762f5018a9"", ""unresolved""]",deterministic_replay
w/o Role-owner Closure,IFACT-1bda92e2fd2fe77c05e48e7d,"[""IENT-c878f956a1057033d1b08d4e"", ""IENT-5fb51b3ec039146b23a0c2f6"", ""event_occurrence"", ""IENT-c878f956a1057033d1b08d4e"", ""event_location"", ""IENT-c878f956a1057033d1b08d4e"", ""unresolved""]","[""IENT-c878f956a1057033d1b08d4e"", ""IENT-5fb51b3ec039146b23a0c2f6"", ""unknown"", """", ""event_location"", ""IENT-c878f956a1057033d1b08d4e"", ""unresolved""]",deterministic_replay
w/o Role-owner Closure,IFACT-1c1a37ed74c1afed4337070d,"[""IENT-4147164f0f6fe9290c301591"", ""IENT-59f7f15a416dadb67625b283"", ""relation_validity"", """", ""relation_location"", """", ""unresolved""]","[""IENT-4147164f0f6fe9290c301591"", ""IENT-59f7f15a416dadb67625b283"", ""event_occurrence"", ""IENT-4147164f0f6fe9290c301591"", ""event_location"", ""IENT-4147164f0f6fe9290c301591"", ""unresolved""]",deterministic_replay
w/o Role-owner Closure,IFACT-1c6168766a1365d619331ea7,"[""IENT-d7471afb888130b1b0265d1d"", ""IENT-114374ca6f370ec468485511"", ""event_occurrence"", ""IENT-d7471afb888130b1b0265d1d"", ""event_location"", ""IENT-d7471afb888130b1b0265d1d"", ""unresolved""]","[""IENT-d7471afb888130b1b0265d1d"", ""IENT-114374ca6f370ec468485511"", ""unknown"", """", ""event_location"", ""IENT-d7471afb888130b1b0265d1d"", ""unresolved""]",deterministic_replay
w/o Role-owner Closure,IFACT-1cedc1e9bdd960957d6b38d2,"[""IENT-e4425c2e8a04bd8b78267112"", ""IENT-5da15083f977de7b5033c21f"", ""event_occurrence"", ""IENT-e4425c2e8a04bd8b78267112"", ""event_location"", ""IENT-e4425c2e8a04bd8b78267112"", ""unresolved""]","[""IENT-e4425c2e8a04bd8b78267112"", ""IENT-5da15083f977de7b5033c21f"", ""unknown"", """", ""event_location"", ""IENT-e4425c2e8a04bd8b78267112"", ""unresolved""]",deterministic_replay
w/o Role-owner Closure,IFACT-1d0016d17402f4523dc37cbd,"[""IENT-6b952797257fc2d15dc002b3"", ""ITOPIC-581afa236679c6868842bd89"", ""unknown"", """", ""context_location"", """", ""contextual""]","[""IENT-6b952797257fc2d15dc002b3"", ""ITOPIC-581afa236679c6868842bd89"", ""unknown"", """", ""event_location"", ""IENT-6b952797257fc2d15dc002b3"", ""contextual""]",deterministic_replay
w/o Role-owner Closure,IFACT-1e46c313417d40a4e9ca5c20,"[""IENT-e4425c2e8a04bd8b78267112"", ""IENT-c5de48ce32004b7cbc44a8ea"", ""event_occurrence"", ""IENT-e4425c2e8a04bd8b78267112"", ""event_location"", ""IENT-e4425c2e8a04bd8b78267112"", ""unresolved""]","[""IENT-e4425c2e8a04bd8b78267112"", ""IENT-c5de48ce32004b7cbc44a8ea"", ""unknown"", """", ""event_location"", ""IENT-e4425c2e8a04bd8b78267112"", ""unresolved""]",deterministic_replay
w/o Role-owner Closure,IFACT-20cd8160e56a46af31bcd3c7,"[""IENT-64b02b5bac9d6092a64324a1"", ""IENT-a5a564383aa14b09b056064f"", ""context_time"", """", ""context_location"", """", ""unresolved""]","[""IENT-64b02b5bac9d6092a64324a1"", ""IENT-a5a564383aa14b09b056064f"", ""biographical"", ""IENT-64b02b5bac9d6092a64324a1"", ""context_location"", """", ""unresolved""]",deterministic_replay
w/o Role-owner Closure,IFACT-24b3e13a97f5084245259510,"[""IENT-89615d27458ad1ffa17b64ac"", ""IENTREPAIR-03d2ed46b186571657668c9c"", ""event_occurrence"", ""IENT-89615d27458ad1ffa17b64ac"", ""event_location"", ""IENT-89615d27458ad1ffa17b64ac"", ""unresolved""]","[""IENT-89615d27458ad1ffa17b64ac"", ""IENTREPAIR-03d2ed46b186571657668c9c"", ""unknown"", """", ""event_location"", ""IENT-89615d27458ad1ffa17b64ac"", ""unresolved""]",deterministic_replay
w/o Role-owner Closure,IFACT-2593657cb34f799c1ebabb28,"[""IENT-6268343d766df507737ce3e7"", ""IENT-8e0cecf463d8bd282852da03"", ""unknown"", """", ""context_location"", """", ""unresolved""]","[""IENT-6268343d766df507737ce3e7"", ""IENT-8e0cecf463d8bd282852da03"", ""unknown"", """", ""event_location"", ""IENT-6268343d766df507737ce3e7"", ""unresolved""]",deterministic_replay
w/o Role-owner Closure,IFACT-27f873a5b9b89d5118c8ad1c,"[""IENT-d206f8869ccd5b87857d6692"", ""IENT-afd1f5f54c985dd881318923"", ""context_time"", """", ""relation_location"", """", ""contextual""]","[""IENT-d206f8869ccd5b87857d6692"", ""IENT-afd1f5f54c985dd881318923"", ""context_time"", """", ""event_location"", ""IENT-d206f8869ccd5b87857d6692"", ""contextual""]",deterministic_replay
w/o Role-owner Closure,IFACT-2af553747932fc762c505e18,"[""IENT-0dde93dbdebfaa3b2603cb10"", ""IENT-8261bf79b227b4e72c84464a"", ""context_time"", """", ""unknown"", """", ""unresolved""]","[""IENT-0dde93dbdebfaa3b2603cb10"", ""IENT-8261bf79b227b4e72c84464a"", ""biographical"", ""IENT-8261bf79b227b4e72c84464a"", ""unknown"", """", ""unresolved""]",deterministic_replay
w/o Role-owner Closure,IFACT-2b1c3e0c801ad8f2ed997c2b,"[""IENT-a37d29bc523c33dae4eaf883"", ""IENT-8a99394d2179a7d9582dcad7"", ""context_time"", """", ""context_location"", """", ""unresolved""]","[""IENT-a37d29bc523c33dae4eaf883"", ""IENT-8a99394d2179a7d9582dcad7"", ""context_time"", """", ""event_location"", ""IENT-a37d29bc523c33dae4eaf883"", ""unresolved""]",deterministic_replay
w/o Role-owner Closure,IFACT-2b67cb8dcaa4b7ceefe629c1,"[""IENT-d7471afb888130b1b0265d1d"", ""IENT-62a11e844438c83459a16130"", ""event_occurrence"", ""IENT-d7471afb888130b1b0265d1d"", ""event_location"", ""IENT-d7471afb888130b1b0265d1d"", ""unresolved""]","[""IENT-d7471afb888130b1b0265d1d"", ""IENT-62a11e844438c83459a16130"", ""unknown"", """", ""event_location"", ""IENT-d7471afb888130b1b0265d1d"", ""unresolved""]",deterministic_replay
w/o Role-owner Closure,IFACT-2d3063b56157a6395b109265,"[""IENT-991ec08090ab52f4212e3d15"", ""IENT-9ce7ccbffacb3e2059a706f1"", ""context_time"", """", ""context_location"", """", ""unresolved""]","[""IENT-991ec08090ab52f4212e3d15"", ""IENT-9ce7ccbffacb3e2059a706f1"", ""context_time"", """", ""event_location"", ""IENT-991ec08090ab52f4212e3d15"", ""unresolved""]",deterministic_replay
w/o Role-owner Closure,IFACT-2db109479c252a208ff85c7e,"[""IENT-6268343d766df507737ce3e7"", ""IENT-9e61b6ec8aa096397e0c93d0"", ""unknown"", """", ""context_location"", """", ""unresolved""]","[""IENT-6268343d766df507737ce3e7"", ""IENT-9e61b6ec8aa096397e0c93d0"", ""unknown"", """", ""event_location"", ""IENT-6268343d766df507737ce3e7"", ""unresolved""]",deterministic_replay
w/o Role-owner Closure,IFACT-2e66009a63d6531c3aa07f0b,"[""IENT-6b952797257fc2d15dc002b3"", ""IENT-f1f850a1863f5f397f6dad7f"", ""unknown"", """", ""context_location"", """", ""contextual""]","[""IENT-6b952797257fc2d15dc002b3"", ""IENT-f1f850a1863f5f397f6dad7f"", ""unknown"", """", ""event_location"", ""IENT-6b952797257fc2d15dc002b3"", ""contextual""]",deterministic_replay
w/o Role-owner Closure,IFACT-2f32c95c39ca6a9240b9c4db,"[""IENT-6516bbf8c2676cf549e68f8b"", ""IENT-cc8eeb635489c49ba5ee6bd6"", ""context_time"", """", ""context_location"", """", ""contextual""]","[""IENT-6516bbf8c2676cf549e68f8b"", ""IENT-cc8eeb635489c49ba5ee6bd6"", ""context_time"", """", ""event_location"", ""IENT-6516bbf8c2676cf549e68f8b"", ""contextual""]",deterministic_replay
w/o Role-owner Closure,IFACT-332fe69a927736a17cf8ceb4,"[""IENT-bae882059b82599804474b25"", ""IENT-45ef2aea18fdf2189a99a1b1"", ""context_time"", """", ""context_location"", """", ""contextual""]","[""IENT-bae882059b82599804474b25"", ""IENT-45ef2aea18fdf2189a99a1b1"", ""context_time"", """", ""event_location"", ""IENT-45ef2aea18fdf2189a99a1b1"", ""contextual""]",deterministic_replay
w/o Role-owner Closure,IFACT-34927765017499a33e72bc6d,"[""IENT-e4425c2e8a04bd8b78267112"", ""IENT-53ff98864e914199b4f3a23a"", ""event_occurrence"", ""IENT-e4425c2e8a04bd8b78267112"", ""event_location"", ""IENT-e4425c2e8a04bd8b78267112"", ""unresolved""]","[""IENT-e4425c2e8a04bd8b78267112"", ""IENT-53ff98864e914199b4f3a23a"", ""unknown"", """", ""event_location"", ""IENT-e4425c2e8a04bd8b78267112"", ""unresolved""]",deterministic_replay
w/o Role-owner Closure,IFACT-39732926a89460b5b92859ef,"[""IENT-8261bf79b227b4e72c84464a"", ""IENT-3f5f86250fb099d6b32eff2d"", ""context_time"", """", ""context_location"", """", ""unresolved""]","[""IENT-8261bf79b227b4e72c84464a"", ""IENT-3f5f86250fb099d6b32eff2d"", ""biographical"", ""IENT-8261bf79b227b4e72c84464a"", ""context_location"", """", ""unresolved""]",deterministic_replay
w/o Role-owner Closure,IFACT-3cb2abaf342bb1552e98c597,"[""IENT-0a4735384ce1374ee676e2aa"", ""IENT-d1e1c3b6b8fdcdd1b292fcff"", ""context_time"", """", ""unknown"", """", ""unresolved""]","[""IENT-0a4735384ce1374ee676e2aa"", ""IENT-d1e1c3b6b8fdcdd1b292fcff"", ""biographical"", ""IENT-0a4735384ce1374ee676e2aa"", ""unknown"", """", ""unresolved""]",deterministic_replay
w/o Role-owner Closure,IFACT-400b728d521318415bb498b6,"[""IENT-991ec08090ab52f4212e3d15"", ""IENT-864580049bee54c94a016ae4"", ""relation_validity"", """", ""relation_location"", """", ""unresolved""]","[""IENT-991ec08090ab52f4212e3d15"", ""IENT-864580049bee54c94a016ae4"", ""event_occurrence"", ""IENT-991ec08090ab52f4212e3d15"", ""event_location"", ""IENT-991ec08090ab52f4212e3d15"", ""unresolved""]",deterministic_replay
w/o Role-owner Closure,IFACT-42971247f9f868f8ad0d0e0c,"[""IENT-e4425c2e8a04bd8b78267112"", ""IENT-e1380488c05307a01c4239ba"", ""event_occurrence"", ""IENT-e4425c2e8a04bd8b78267112"", ""event_location"", ""IENT-e4425c2e8a04bd8b78267112"", ""unresolved""]","[""IENT-e4425c2e8a04bd8b78267112"", ""IENT-e1380488c05307a01c4239ba"", ""unknown"", """", ""event_location"", ""IENT-e4425c2e8a04bd8b78267112"", ""unresolved""]",deterministic_replay
w/o Role-owner Closure,IFACT-434cd9d7b441ea0723de3465,"[""IENT-242686441688416aa12fd735"", ""IENT-64164f14ee8f9fa2e2a12c8f"", ""unknown"", """", ""context_location"", """", ""contextual""]","[""IENT-242686441688416aa12fd735"", ""IENT-64164f14ee8f9fa2e2a12c8f"", ""unknown"", """", ""event_location"", ""IENT-64164f14ee8f9fa2e2a12c8f"", ""contextual""]",deterministic_replay
w/o Role-owner Closure,IFACT-44b7d09e17c24f5cadc21a41,"[""IENT-3ba2e76d1be0f0a44f391476"", ""IENT-8d0fe590c9d1495f5e607014"", ""event_occurrence"", ""IENT-3ba2e76d1be0f0a44f391476"", ""event_location"", ""IENT-3ba2e76d1be0f0a44f391476"", ""unresolved""]","[""IENT-3ba2e76d1be0f0a44f391476"", ""IENT-8d0fe590c9d1495f5e607014"", ""unknown"", """", ""event_location"", ""IENT-3ba2e76d1be0f0a44f391476"", ""unresolved""]",deterministic_replay
w/o Role-owner Closure,IFACT-474c38f593425c98d057a737,"[""IENT-85d01b2b8640123b1a22c8d0"", ""IENT-605c9f49ac50abead7e98394"", ""unknown"", """", ""context_location"", """", ""contextual""]","[""IENT-85d01b2b8640123b1a22c8d0"", ""IENT-605c9f49ac50abead7e98394"", ""unknown"", """", ""event_location"", ""IENT-605c9f49ac50abead7e98394"", ""contextual""]",deterministic_replay
w/o Role-owner Closure,IFACT-48e8673361079d1979bf72a8,"[""IENT-c6376e579f8b79595689f790"", ""IENT-76bbb80606538643430d1089"", ""event_occurrence"", ""IENT-c6376e579f8b79595689f790"", ""event_location"", ""IENT-c6376e579f8b79595689f790"", ""unresolved""]","[""IENT-c6376e579f8b79595689f790"", ""IENT-76bbb80606538643430d1089"", ""unknown"", """", ""event_location"", ""IENT-c6376e579f8b79595689f790"", ""unresolved""]",deterministic_replay
w/o Role-owner Closure,IFACT-48f976fbf83a6184a17160de,"[""IENT-60d739b318b281b5f6d8e0ea"", ""IENT-bc7da46bea91d5faeb64b094"", ""context_time"", """", ""context_location"", """", ""unresolved""]","[""IENT-60d739b318b281b5f6d8e0ea"", ""IENT-bc7da46bea91d5faeb64b094"", ""context_time"", """", ""event_location"", ""IENT-60d739b318b281b5f6d8e0ea"", ""unresolved""]",deterministic_replay
w/o Role-owner Closure,IFACT-491e22997a954e2caa9b7401,"[""IENT-991ec08090ab52f4212e3d15"", ""IENT-c7dcc91fe4f1f02e9d8fe9b3"", ""context_time"", """", ""context_location"", """", ""unresolved""]","[""IENT-991ec08090ab52f4212e3d15"", ""IENT-c7dcc91fe4f1f02e9d8fe9b3"", ""context_time"", """", ""event_location"", ""IENT-991ec08090ab52f4212e3d15"", ""unresolved""]",deterministic_replay
w/o Role-owner Closure,IFACT-4a8c8d673c0cd0f891285133,"[""IENT-e12bfd8799d29cd9eeded675"", ""IENT-f1a98c3061f25fe9d545c3c4"", ""unknown"", """", ""context_location"", """", ""contextual""]","[""IENT-e12bfd8799d29cd9eeded675"", ""IENT-f1a98c3061f25fe9d545c3c4"", ""unknown"", """", ""event_location"", ""IENT-e12bfd8799d29cd9eeded675"", ""contextual""]",deterministic_replay
w/o Role-owner Closure,IFACT-4b20e34fa38abcca2b1a8a00,"[""IENT-56c8858645c123a6fd3964d1"", ""IENT-851de1f67e7c00762f5018a9"", ""unknown"", """", ""context_location"", """", ""unresolved""]","[""IENT-56c8858645c123a6fd3964d1"", ""IENT-851de1f67e7c00762f5018a9"", ""unknown"", """", ""event_location"", ""IENT-851de1f67e7c00762f5018a9"", ""unresolved""]",deterministic_replay
w/o Role-owner Closure,IFACT-4b730c9ddcd7ef6ad17d2780,"[""IENT-6569dc31190cdd0edfff7018"", ""IENT-8da9235c7a7cfcf2f41d003c"", ""context_time"", """", ""context_location"", """", ""contextual""]","[""IENT-6569dc31190cdd0edfff7018"", ""IENT-8da9235c7a7cfcf2f41d003c"", ""context_time"", """", ""event_location"", ""IENT-6569dc31190cdd0edfff7018"", ""contextual""]",deterministic_replay
w/o Role-owner Closure,IFACT-4cff801f48ac4f87fa5c893a,"[""IENT-6b952797257fc2d15dc002b3"", ""ITOPIC-581afa236679c6868842bd89"", ""context_time"", """", ""context_location"", """", ""contextual""]","[""IENT-6b952797257fc2d15dc002b3"", ""ITOPIC-581afa236679c6868842bd89"", ""context_time"", """", ""event_location"", ""IENT-6b952797257fc2d15dc002b3"", ""contextual""]",deterministic_replay
w/o Role-owner Closure,IFACT-55320ba8b9b960e93257e526,"[""IENT-6268343d766df507737ce3e7"", ""IENT-766586fa1155bf1545b632e3"", ""context_time"", """", ""context_location"", """", ""unresolved""]","[""IENT-6268343d766df507737ce3e7"", ""IENT-766586fa1155bf1545b632e3"", ""context_time"", """", ""event_location"", ""IENT-6268343d766df507737ce3e7"", ""unresolved""]",deterministic_replay
w/o Role-owner Closure,IFACT-557f2af5d84fd542d77b8c6a,"[""IENT-6268343d766df507737ce3e7"", ""IENT-839443d5529669baefb1896a"", ""unknown"", """", ""context_location"", """", ""unresolved""]","[""IENT-6268343d766df507737ce3e7"", ""IENT-839443d5529669baefb1896a"", ""unknown"", """", ""event_location"", ""IENT-6268343d766df507737ce3e7"", ""unresolved""]",deterministic_replay
w/o Role-owner Closure,IFACT-56b361fa27a3ec3fc38a77a6,"[""IENT-618bbdb96873e2e27b481601"", ""IENT-9ce28e5bae11cc2be205adc7"", ""event_occurrence"", ""IENT-618bbdb96873e2e27b481601"", ""event_location"", ""IENT-618bbdb96873e2e27b481601"", ""unresolved""]","[""IENT-618bbdb96873e2e27b481601"", ""IENT-9ce28e5bae11cc2be205adc7"", ""unknown"", """", ""event_location"", ""IENT-618bbdb96873e2e27b481601"", ""unresolved""]",deterministic_replay
w/o Role-owner Closure,IFACT-5856d1b83962d0b34e87fdf3,"[""IENT-dfdd8f5cd01dee361f51bb18"", ""IENT-da1d76fded66a137059daac4"", ""relation_validity"", """", ""relation_location"", """", ""contextual""]","[""IENT-dfdd8f5cd01dee361f51bb18"", ""IENT-da1d76fded66a137059daac4"", ""source_document_time"", """", ""relation_location"", """", ""contextual""]",deterministic_replay
w/o Role-owner Closure,IFACT-593039da2da2d852d072275e,"[""IENT-6268343d766df507737ce3e7"", ""IENT-65d58a87c5abfbae333db76d"", ""context_time"", """", ""context_location"", """", ""unresolved""]","[""IENT-6268343d766df507737ce3e7"", ""IENT-65d58a87c5abfbae333db76d"", ""context_time"", """", ""event_location"", ""IENT-6268343d766df507737ce3e7"", ""unresolved""]",deterministic_replay
w/o Role-owner Closure,IFACT-5a8129384bdd07dd74342129,"[""IENT-1753fe09002bb02cba08abf4"", ""IENT-4033fb4bdb8efb845c0ab90d"", ""context_time"", """", ""context_location"", """", ""contextual""]","[""IENT-1753fe09002bb02cba08abf4"", ""IENT-4033fb4bdb8efb845c0ab90d"", ""context_time"", """", ""event_location"", ""IENT-1753fe09002bb02cba08abf4"", ""contextual""]",deterministic_replay
w/o Role-owner Closure,IFACT-5af810f9749a8059fd16da24,"[""IENT-5270180261818c57cd13ea25"", ""IENT-5cb14439340de4f6dbad85fb"", ""event_occurrence"", ""IENT-5270180261818c57cd13ea25"", ""event_location"", ""IENT-5270180261818c57cd13ea25"", ""unresolved""]","[""IENT-5270180261818c57cd13ea25"", ""IENT-5cb14439340de4f6dbad85fb"", ""unknown"", """", ""event_location"", ""IENT-5270180261818c57cd13ea25"", ""unresolved""]",deterministic_replay
w/o Role-owner Closure,IFACT-5bbe037f9df9750feb24e51a,"[""IENT-7d3d21e66b8189c08d0c43be"", ""IENT-5ea384c7e2dcb9d897ad2231"", ""context_time"", """", ""context_location"", """", ""contextual""]","[""IENT-7d3d21e66b8189c08d0c43be"", ""IENT-5ea384c7e2dcb9d897ad2231"", ""context_time"", """", ""event_location"", ""IENT-7d3d21e66b8189c08d0c43be"", ""contextual""]",deterministic_replay
w/o Role-owner Closure,IFACT-5cf654561088125ec9ac810b,"[""IENT-1a98574c842e563f6ed4ad93"", ""IENT-7ad5523232c39fe2ff6888f2"", ""relation_validity"", """", ""unknown"", """", ""unresolved""]","[""IENT-1a98574c842e563f6ed4ad93"", ""IENT-7ad5523232c39fe2ff6888f2"", ""event_occurrence"", ""IENT-1a98574c842e563f6ed4ad93"", ""unknown"", """", ""unresolved""]",deterministic_replay
w/o Role-owner Closure,IFACT-5d0211c79cfdac8795369cf1,"[""IENT-1a178c9ea9bc97454d322d54"", ""IENT-e9299784df3923e26dc81571"", ""event_occurrence"", ""IENT-1a178c9ea9bc97454d322d54"", ""event_location"", ""IENT-1a178c9ea9bc97454d322d54"", ""unresolved""]","[""IENT-1a178c9ea9bc97454d322d54"", ""IENT-e9299784df3923e26dc81571"", ""unknown"", """", ""event_location"", ""IENT-1a178c9ea9bc97454d322d54"", ""unresolved""]",deterministic_replay
w/o Role-owner Closure,IFACT-5e999aaba841afebba709e28,"[""IENT-f60fdf603ec73794377ce87a"", ""ITOPIC-581afa236679c6868842bd89"", ""context_time"", """", ""context_location"", """", ""contextual""]","[""IENT-f60fdf603ec73794377ce87a"", ""ITOPIC-581afa236679c6868842bd89"", ""context_time"", """", ""event_location"", ""IENT-f60fdf603ec73794377ce87a"", ""contextual""]",deterministic_replay
w/o Role-owner Closure,IFACT-5f8d1ebf9a1d69a45667755f,"[""IENT-49debef7cfe00ff77b1bea4c"", ""IENT-851de1f67e7c00762f5018a9"", ""unknown"", """", ""context_location"", """", ""unresolved""]","[""IENT-49debef7cfe00ff77b1bea4c"", ""IENT-851de1f67e7c00762f5018a9"", ""unknown"", """", ""event_location"", ""IENT-851de1f67e7c00762f5018a9"", ""unresolved""]",deterministic_replay
w/o Role-owner Closure,IFACT-609ae2feb2a606b311fe5946,"[""IENT-dc4604ad46e31c3cb53dbd66"", ""IENT-b6860b8c4f01a342e5d6c175"", ""context_time"", """", ""context_location"", """", ""unresolved""]","[""IENT-dc4604ad46e31c3cb53dbd66"", ""IENT-b6860b8c4f01a342e5d6c175"", ""biographical"", ""IENT-dc4604ad46e31c3cb53dbd66"", ""context_location"", """", ""unresolved""]",deterministic_replay
w/o Role-owner Closure,IFACT-61759e2adad44e3b8baf9e70,"[""IENT-06f4fa1dc50b2084562d3097"", ""IENT-35abfd1eb264f6f306a4b31c"", ""relation_validity"", """", ""relation_location"", """", ""unresolved""]","[""IENT-06f4fa1dc50b2084562d3097"", ""IENT-35abfd1eb264f6f306a4b31c"", ""event_occurrence"", ""IENT-06f4fa1dc50b2084562d3097"", ""event_location"", ""IENT-06f4fa1dc50b2084562d3097"", ""unresolved""]",deterministic_replay
w/o Role-owner Closure,IFACT-62866f97b3701fc4fd1ae63a,"[""IENT-1438028e5386bf7d0d313fe0"", ""IENT-2e017b6765d9211f2ef511d3"", ""context_time"", """", ""context_location"", """", ""unresolved""]","[""IENT-1438028e5386bf7d0d313fe0"", ""IENT-2e017b6765d9211f2ef511d3"", ""biographical"", ""IENT-2e017b6765d9211f2ef511d3"", ""context_location"", """", ""unresolved""]",deterministic_replay
w/o Role-owner Closure,IFACT-62e26a2c6f7c47d78afabeb1,"[""IENT-0f827edb05b38086a80c8e83"", ""IENT-93ef1d7df8a29e880db8a8de"", ""context_time"", """", ""context_location"", """", ""unresolved""]","[""IENT-0f827edb05b38086a80c8e83"", ""IENT-93ef1d7df8a29e880db8a8de"", ""biographical"", ""IENT-0f827edb05b38086a80c8e83"", ""context_location"", """", ""unresolved""]",deterministic_replay
w/o Role-owner Closure,IFACT-65c8ebb0d7ddd0efa8cf971a,"[""IENT-6268343d766df507737ce3e7"", ""IENT-6b09204aa77c4553777be601"", ""unknown"", """", ""context_location"", """", ""unresolved""]","[""IENT-6268343d766df507737ce3e7"", ""IENT-6b09204aa77c4553777be601"", ""unknown"", """", ""event_location"", ""IENT-6268343d766df507737ce3e7"", ""unresolved""]",deterministic_replay
w/o Role-owner Closure,IFACT-66f019c36f3065f1c8d4fc9e,"[""IENT-11b1256b15e10ae7f00303a4"", ""IENT-d4ad9d6f58459485452b6af0"", ""context_time"", """", ""context_location"", """", ""unresolved""]","[""IENT-11b1256b15e10ae7f00303a4"", ""IENT-d4ad9d6f58459485452b6af0"", ""biographical"", ""IENT-11b1256b15e10ae7f00303a4"", ""context_location"", """", ""unresolved""]",deterministic_replay
w/o Role-owner Closure,IFACT-673dc83d2aaf0c17f352f1bc,"[""IENT-69cdcb035c36c89a2073246b"", ""IENT-56cdfe59405cd611d94a812e"", ""biographical"", ""IENT-69cdcb035c36c89a2073246b"", ""context_location"", """", ""contextual""]","[""IENT-69cdcb035c36c89a2073246b"", ""IENT-56cdfe59405cd611d94a812e"", ""biographical"", ""IENT-69cdcb035c36c89a2073246b"", ""event_location"", ""IENT-56cdfe59405cd611d94a812e"", ""contextual""]",deterministic_replay
w/o Role-owner Closure,IFACT-6b11588f369423e052f2b584,"[""IENT-6b952797257fc2d15dc002b3"", ""IENTREPAIR-09feebbf7c8e912751abb1bc"", ""context_time"", """", ""context_location"", """", ""contextual""]","[""IENT-6b952797257fc2d15dc002b3"", ""IENTREPAIR-09feebbf7c8e912751abb1bc"", ""context_time"", """", ""event_location"", ""IENT-6b952797257fc2d15dc002b3"", ""contextual""]",deterministic_replay
w/o Role-owner Closure,IFACT-6b27cb6e6ba89cce260ea95a,"[""IENT-051e6a88e22244e756171d77"", ""IENTREPAIR-069ead56a3ae256c9b1e2023"", ""event_occurrence"", ""IENT-051e6a88e22244e756171d77"", ""event_location"", ""IENT-051e6a88e22244e756171d77"", ""unresolved""]","[""IENT-051e6a88e22244e756171d77"", ""IENTREPAIR-069ead56a3ae256c9b1e2023"", ""unknown"", """", ""event_location"", ""IENT-051e6a88e22244e756171d77"", ""unresolved""]",deterministic_replay
w/o Role-owner Closure,IFACT-6d12d9f5db004e62fcb9fab0,"[""IENT-89615d27458ad1ffa17b64ac"", ""IENTREPAIR-428cfdf174467b8581b5d79c"", ""event_occurrence"", ""IENT-89615d27458ad1ffa17b64ac"", ""event_location"", ""IENT-89615d27458ad1ffa17b64ac"", ""unresolved""]","[""IENT-89615d27458ad1ffa17b64ac"", ""IENTREPAIR-428cfdf174467b8581b5d79c"", ""unknown"", """", ""event_location"", ""IENT-89615d27458ad1ffa17b64ac"", ""unresolved""]",deterministic_replay
w/o Role-owner Closure,IFACT-6fceb8b3af5b5bc3f3c8e7c5,"[""IENT-7a0b01f839a785e96798d2a2"", ""IENTREPAIR-03d2ed46b186571657668c9c"", ""event_occurrence"", ""IENT-7a0b01f839a785e96798d2a2"", ""event_location"", ""IENT-7a0b01f839a785e96798d2a2"", ""unresolved""]","[""IENT-7a0b01f839a785e96798d2a2"", ""IENTREPAIR-03d2ed46b186571657668c9c"", ""unknown"", """", ""event_location"", ""IENT-7a0b01f839a785e96798d2a2"", ""unresolved""]",deterministic_replay
w/o Role-owner Closure,IFACT-7035e6f7f4591c1fe10d8423,"[""IENT-991ec08090ab52f4212e3d15"", ""IENT-3098ceb11b547724a9a94697"", ""relation_validity"", """", ""relation_location"", """", ""unresolved""]","[""IENT-991ec08090ab52f4212e3d15"", ""IENT-3098ceb11b547724a9a94697"", ""event_occurrence"", ""IENT-991ec08090ab52f4212e3d15"", ""event_location"", ""IENT-991ec08090ab52f4212e3d15"", ""unresolved""]",deterministic_replay
w/o Role-owner Closure,IFACT-721c94f0cbc3f7da439c58a0,"[""IENT-991ec08090ab52f4212e3d15"", ""IENT-59fcb8c420094f6ef8ee7595"", ""relation_validity"", """", ""relation_location"", """", ""unresolved""]","[""IENT-991ec08090ab52f4212e3d15"", ""IENT-59fcb8c420094f6ef8ee7595"", ""event_occurrence"", ""IENT-991ec08090ab52f4212e3d15"", ""event_location"", ""IENT-991ec08090ab52f4212e3d15"", ""unresolved""]",deterministic_replay
w/o Role-owner Closure,IFACT-7389b2db29c64202fcaaf923,"[""IENT-e4425c2e8a04bd8b78267112"", ""IENTREPAIR-03d2ed46b186571657668c9c"", ""event_occurrence"", ""IENT-e4425c2e8a04bd8b78267112"", ""event_location"", ""IENT-e4425c2e8a04bd8b78267112"", ""unresolved""]","[""IENT-e4425c2e8a04bd8b78267112"", ""IENTREPAIR-03d2ed46b186571657668c9c"", ""unknown"", """", ""event_location"", ""IENT-e4425c2e8a04bd8b78267112"", ""unresolved""]",deterministic_replay
w/o Role-owner Closure,IFACT-73ce6229718c1a815a153576,"[""IENT-618bbdb96873e2e27b481601"", ""IENT-97adec19e2f0a3b74078f73a"", ""event_occurrence"", ""IENT-618bbdb96873e2e27b481601"", ""event_location"", ""IENT-618bbdb96873e2e27b481601"", ""unresolved""]","[""IENT-618bbdb96873e2e27b481601"", ""IENT-97adec19e2f0a3b74078f73a"", ""unknown"", """", ""event_location"", ""IENT-618bbdb96873e2e27b481601"", ""unresolved""]",deterministic_replay
w/o Role-owner Closure,IFACT-755871c49ddc4bc57976a293,"[""IENT-851de1f67e7c00762f5018a9"", ""IENT-e14586eccca9e52c2a67d1bb"", ""context_time"", """", ""context_location"", """", ""unresolved""]","[""IENT-851de1f67e7c00762f5018a9"", ""IENT-e14586eccca9e52c2a67d1bb"", ""context_time"", """", ""event_location"", ""IENT-851de1f67e7c00762f5018a9"", ""unresolved""]",deterministic_replay
w/o Role-owner Closure,IFACT-761eab296ad4d79d02bdfc93,"[""IENT-6268343d766df507737ce3e7"", ""IENT-362d82a5ce50259ae29d2cac"", ""unknown"", """", ""context_location"", """", ""unresolved""]","[""IENT-6268343d766df507737ce3e7"", ""IENT-362d82a5ce50259ae29d2cac"", ""unknown"", """", ""event_location"", ""IENT-6268343d766df507737ce3e7"", ""unresolved""]",deterministic_replay
w/o Role-owner Closure,IFACT-763cbc5da91f1d315b473bc6,"[""IENT-40b6efb631d1de4b045e851e"", ""IENT-9c97d81c206d91b7c4f7ce5a"", ""unknown"", """", ""relation_location"", """", ""contextual""]","[""IENT-40b6efb631d1de4b045e851e"", ""IENT-9c97d81c206d91b7c4f7ce5a"", ""unknown"", """", ""event_location"", ""IENT-40b6efb631d1de4b045e851e"", ""contextual""]",deterministic_replay
w/o Role-owner Closure,IFACT-7757a3da0c039c8543c99968,"[""ITOPIC-6ea85ccf96d599fb24867a58"", ""IENT-9c45446ff96e5a31e61d13eb"", ""unknown"", """", ""unknown"", """", ""unresolved""]","[""ITOPIC-6ea85ccf96d599fb24867a58"", ""IENT-9c45446ff96e5a31e61d13eb"", ""unknown"", """", ""context_location"", """", ""unresolved""]",deterministic_replay
w/o Role-owner Closure,IFACT-794a11af30345fc6eab66e93,"[""IENT-88ea7b32fe336a69dd645f81"", ""IENT-f246150c761098ae2b169426"", ""context_time"", """", ""context_location"", """", ""unresolved""]","[""IENT-88ea7b32fe336a69dd645f81"", ""IENT-f246150c761098ae2b169426"", ""context_time"", """", ""event_location"", ""IENT-88ea7b32fe336a69dd645f81"", ""unresolved""]",deterministic_replay
w/o Role-owner Closure,IFACT-7960bf2ac1b0d960355ef067,"[""IENT-6b952797257fc2d15dc002b3"", ""IENT-f91294e9d6a8653e89e52605"", ""context_time"", """", ""context_location"", """", ""contextual""]","[""IENT-6b952797257fc2d15dc002b3"", ""IENT-f91294e9d6a8653e89e52605"", ""context_time"", """", ""event_location"", ""IENT-6b952797257fc2d15dc002b3"", ""contextual""]",deterministic_replay
w/o Role-owner Closure,IFACT-79b03953a063cbc6cad3742e,"[""IENT-2581d65e53a70d49b5f88702"", ""IENT-66cb1e34f727f7d7b5899008"", ""context_time"", """", ""context_location"", """", ""unresolved""]","[""IENT-2581d65e53a70d49b5f88702"", ""IENT-66cb1e34f727f7d7b5899008"", ""biographical"", ""IENT-2581d65e53a70d49b5f88702"", ""context_location"", """", ""unresolved""]",deterministic_replay
w/o Role-owner Closure,IFACT-7ab1f796aaf6bf0d928cc1eb,"[""IENT-7a0b01f839a785e96798d2a2"", ""IENTREPAIR-09feebbf7c8e912751abb1bc"", ""event_occurrence"", ""IENT-7a0b01f839a785e96798d2a2"", ""event_location"", ""IENT-7a0b01f839a785e96798d2a2"", ""unresolved""]","[""IENT-7a0b01f839a785e96798d2a2"", ""IENTREPAIR-09feebbf7c8e912751abb1bc"", ""unknown"", """", ""event_location"", ""IENT-7a0b01f839a785e96798d2a2"", ""unresolved""]",deterministic_replay
w/o Role-owner Closure,IFACT-7b06b624b672e3dbe0bf1a63,"[""IENT-8b45c553fcccb9c792c80ba3"", ""IENT-851de1f67e7c00762f5018a9"", ""unknown"", """", ""context_location"", """", ""unresolved""]","[""IENT-8b45c553fcccb9c792c80ba3"", ""IENT-851de1f67e7c00762f5018a9"", ""unknown"", """", ""event_location"", ""IENT-851de1f67e7c00762f5018a9"", ""unresolved""]",deterministic_replay
w/o Role-owner Closure,IFACT-7d26b1c724f17e62bd6eeb1e,"[""IENT-41baf5ac6de15283d9e231fd"", ""IENT-11b24f723a07e1c25615a360"", ""unknown"", """", ""relation_location"", """", ""contextual""]","[""IENT-41baf5ac6de15283d9e231fd"", ""IENT-11b24f723a07e1c25615a360"", ""unknown"", """", ""event_location"", ""IENT-41baf5ac6de15283d9e231fd"", ""contextual""]",deterministic_replay
w/o Role-owner Closure,IFACT-7ddfaf8c6e796a8b7545af84,"[""IENT-6b952797257fc2d15dc002b3"", ""IENT-e9df2b8122db8a9cdedb8ffa"", ""context_time"", """", ""context_location"", """", ""contextual""]","[""IENT-6b952797257fc2d15dc002b3"", ""IENT-e9df2b8122db8a9cdedb8ffa"", ""context_time"", """", ""event_location"", ""IENT-6b952797257fc2d15dc002b3"", ""contextual""]",deterministic_replay
w/o Role-owner Closure,IFACT-8540db07f33f014b217f6faf,"[""IENT-573e4b7a5be995852905b841"", ""IENT-305c6b3e91876d0d8ce2a424"", ""event_occurrence"", ""IENT-573e4b7a5be995852905b841"", ""event_location"", ""IENT-573e4b7a5be995852905b841"", ""unresolved""]","[""IENT-573e4b7a5be995852905b841"", ""IENT-305c6b3e91876d0d8ce2a424"", ""unknown"", """", ""event_location"", ""IENT-573e4b7a5be995852905b841"", ""unresolved""]",deterministic_replay
w/o Role-owner Closure,IFACT-8666b6819e9e3353937372d6,"[""IENT-6228bbdc0276b31683bc7752"", ""IENT-cbe6e2e6aed51ad09c2ebcc4"", ""context_time"", """", ""context_location"", """", ""unresolved""]","[""IENT-6228bbdc0276b31683bc7752"", ""IENT-cbe6e2e6aed51ad09c2ebcc4"", ""biographical"", ""IENT-6228bbdc0276b31683bc7752"", ""context_location"", """", ""unresolved""]",deterministic_replay
w/o Role-owner Closure,IFACT-86df77c476edd861a0829f62,"[""IENT-fa9c4e6994fbcf270da3a767"", ""IENT-d55ac351f6f2b1a5a0bcdfc6"", ""relation_validity"", """", ""relation_location"", """", ""unresolved""]","[""IENT-fa9c4e6994fbcf270da3a767"", ""IENT-d55ac351f6f2b1a5a0bcdfc6"", ""event_occurrence"", ""IENT-fa9c4e6994fbcf270da3a767"", ""event_location"", ""IENT-fa9c4e6994fbcf270da3a767"", ""unresolved""]",deterministic_replay
w/o Role-owner Closure,IFACT-879987876ce114e122ff3119,"[""IENT-1a1ec989e78982cd46ae65db"", ""IENT-368c0ecc114cf1b9d0a60bd3"", ""context_time"", """", ""context_location"", """", ""unresolved""]","[""IENT-1a1ec989e78982cd46ae65db"", ""IENT-368c0ecc114cf1b9d0a60bd3"", ""context_time"", """", ""event_location"", ""IENT-1a1ec989e78982cd46ae65db"", ""unresolved""]",deterministic_replay
w/o Role-owner Closure,IFACT-8d01dd786efc2f73b1df9971,"[""IENT-e4425c2e8a04bd8b78267112"", ""IENT-00863f3b5824e427d7649256"", ""event_occurrence"", ""IENT-e4425c2e8a04bd8b78267112"", ""event_location"", ""IENT-e4425c2e8a04bd8b78267112"", ""unresolved""]","[""IENT-e4425c2e8a04bd8b78267112"", ""IENT-00863f3b5824e427d7649256"", ""unknown"", """", ""event_location"", ""IENT-e4425c2e8a04bd8b78267112"", ""unresolved""]",deterministic_replay
w/o Role-owner Closure,IFACT-8d98568aac282fc57491e4eb,"[""IENT-e4425c2e8a04bd8b78267112"", ""IENT-81b0b3827dc5830b2c6e9f56"", ""event_occurrence"", ""IENT-e4425c2e8a04bd8b78267112"", ""event_location"", ""IENT-e4425c2e8a04bd8b78267112"", ""unresolved""]","[""IENT-e4425c2e8a04bd8b78267112"", ""IENT-81b0b3827dc5830b2c6e9f56"", ""unknown"", """", ""event_location"", ""IENT-e4425c2e8a04bd8b78267112"", ""unresolved""]",deterministic_replay
w/o Role-owner Closure,IFACT-8e07f04820da9c3ad90a0edb,"[""IENT-5f87ae828b107e4658339c20"", ""IENT-851de1f67e7c00762f5018a9"", ""unknown"", """", ""context_location"", """", ""unresolved""]","[""IENT-5f87ae828b107e4658339c20"", ""IENT-851de1f67e7c00762f5018a9"", ""unknown"", """", ""event_location"", ""IENT-851de1f67e7c00762f5018a9"", ""unresolved""]",deterministic_replay
w/o Role-owner Closure,IFACT-8e7a441573cd69b41c73afea,"[""IENT-928f7f11b9658da5bd299533"", ""IENT-76a9863c26e32433e666c910"", ""context_time"", """", ""context_location"", """", ""contextual""]","[""IENT-928f7f11b9658da5bd299533"", ""IENT-76a9863c26e32433e666c910"", ""context_time"", """", ""event_location"", ""IENT-928f7f11b9658da5bd299533"", ""contextual""]",deterministic_replay
w/o Role-owner Closure,IFACT-8e9be5369a422887a0899849,"[""IENT-6b952797257fc2d15dc002b3"", ""IENT-5fe264e2ac1419e99da649ea"", ""unknown"", """", ""context_location"", """", ""contextual""]","[""IENT-6b952797257fc2d15dc002b3"", ""IENT-5fe264e2ac1419e99da649ea"", ""unknown"", """", ""event_location"", ""IENT-6b952797257fc2d15dc002b3"", ""contextual""]",deterministic_replay
w/o Role-owner Closure,IFACT-9039462ef9b20c7d75818a24,"[""IENT-6868bb0c35921c22b1b739fe"", ""IENT-8d779729091ad498e0ccec94"", ""context_time"", """", ""context_location"", """", ""unresolved""]","[""IENT-6868bb0c35921c22b1b739fe"", ""IENT-8d779729091ad498e0ccec94"", ""context_time"", """", ""event_location"", ""IENT-6868bb0c35921c22b1b739fe"", ""unresolved""]",deterministic_replay
w/o Role-owner Closure,IFACT-90dd388076789b3912343add,"[""IENT-21c14ab884b82b1e5a7b8428"", ""IENT-851de1f67e7c00762f5018a9"", ""unknown"", """", ""context_location"", """", ""unresolved""]","[""IENT-21c14ab884b82b1e5a7b8428"", ""IENT-851de1f67e7c00762f5018a9"", ""unknown"", """", ""event_location"", ""IENT-851de1f67e7c00762f5018a9"", ""unresolved""]",deterministic_replay
w/o Role-owner Closure,IFACT-91405b447b764d8bc3ce6361,"[""IENT-fdc16ade4353f0b2a1fe214b"", ""IENT-4147164f0f6fe9290c301591"", ""context_time"", """", ""context_location"", """", ""unresolved""]","[""IENT-fdc16ade4353f0b2a1fe214b"", ""IENT-4147164f0f6fe9290c301591"", ""context_time"", """", ""event_location"", ""IENT-4147164f0f6fe9290c301591"", ""unresolved""]",deterministic_replay
w/o Role-owner Closure,IFACT-91626dc51c717c20d296777a,"[""IENT-e4425c2e8a04bd8b78267112"", ""IENT-1e74442bf4c82521defaeaff"", ""event_occurrence"", ""IENT-e4425c2e8a04bd8b78267112"", ""event_location"", ""IENT-e4425c2e8a04bd8b78267112"", ""unresolved""]","[""IENT-e4425c2e8a04bd8b78267112"", ""IENT-1e74442bf4c82521defaeaff"", ""unknown"", """", ""event_location"", ""IENT-e4425c2e8a04bd8b78267112"", ""unresolved""]",deterministic_replay
w/o Role-owner Closure,IFACT-91a4b09c7adf4af126228a14,"[""IENT-60d739b318b281b5f6d8e0ea"", ""IENT-d403635fdb4a8c7c28f97f9f"", ""context_time"", """", ""context_location"", """", ""unresolved""]","[""IENT-60d739b318b281b5f6d8e0ea"", ""IENT-d403635fdb4a8c7c28f97f9f"", ""context_time"", """", ""event_location"", ""IENT-60d739b318b281b5f6d8e0ea"", ""unresolved""]",deterministic_replay
w/o Role-owner Closure,IFACT-93c8fc639293c254d3cc544a,"[""IENT-e4425c2e8a04bd8b78267112"", ""IENT-02d292c89da190e00128aefa"", ""event_occurrence"", ""IENT-e4425c2e8a04bd8b78267112"", ""unknown"", """", ""unresolved""]","[""IENT-e4425c2e8a04bd8b78267112"", ""IENT-02d292c89da190e00128aefa"", ""unknown"", """", ""unknown"", """", ""unresolved""]",deterministic_replay
w/o Role-owner Closure,IFACT-94359608c8ae34fe88ee0e53,"[""IENT-991ec08090ab52f4212e3d15"", ""IENT-78b1cbdad5b9da7e6fe4cce6"", ""context_time"", """", ""context_location"", """", ""unresolved""]","[""IENT-991ec08090ab52f4212e3d15"", ""IENT-78b1cbdad5b9da7e6fe4cce6"", ""context_time"", """", ""event_location"", ""IENT-991ec08090ab52f4212e3d15"", ""unresolved""]",deterministic_replay
w/o Role-owner Closure,IFACT-9511fdced9c5b7191c1fcb25,"[""IENT-2e017b6765d9211f2ef511d3"", ""IENT-52aebe6a062cb2e65a29b925"", ""context_time"", """", ""context_location"", """", ""unresolved""]","[""IENT-2e017b6765d9211f2ef511d3"", ""IENT-52aebe6a062cb2e65a29b925"", ""biographical"", ""IENT-2e017b6765d9211f2ef511d3"", ""context_location"", """", ""unresolved""]",deterministic_replay
w/o Role-owner Closure,IFACT-9857dbce8c67b2acc9acd263,"[""IENT-6268343d766df507737ce3e7"", ""IENT-45d6976c985e66699ac75be4"", ""unknown"", """", ""context_location"", """", ""unresolved""]","[""IENT-6268343d766df507737ce3e7"", ""IENT-45d6976c985e66699ac75be4"", ""unknown"", """", ""event_location"", ""IENT-6268343d766df507737ce3e7"", ""unresolved""]",deterministic_replay
w/o Role-owner Closure,IFACT-997daee9b6754d8c8a082df9,"[""IENT-844b5f4b7e3ae5c761104f90"", ""IENT-8642b0d65b4ba579745d85ba"", ""event_occurrence"", ""IENT-844b5f4b7e3ae5c761104f90"", ""event_location"", ""IENT-844b5f4b7e3ae5c761104f90"", ""unresolved""]","[""IENT-844b5f4b7e3ae5c761104f90"", ""IENT-8642b0d65b4ba579745d85ba"", ""unknown"", """", ""event_location"", ""IENT-844b5f4b7e3ae5c761104f90"", ""unresolved""]",deterministic_replay
w/o Role-owner Closure,IFACT-9a02cd4a61b28592fe79e06c,"[""IENT-3fec41b9a0dfb192feb583ee"", ""IENT-153112359014676c35b3af5e"", ""unknown"", """", ""context_location"", """", ""contextual""]","[""IENT-3fec41b9a0dfb192feb583ee"", ""IENT-153112359014676c35b3af5e"", ""unknown"", """", ""event_location"", ""IENT-3fec41b9a0dfb192feb583ee"", ""contextual""]",deterministic_replay
w/o Role-owner Closure,IFACT-9a1ed54443175d75f60a936b,"[""IENT-3ba2e76d1be0f0a44f391476"", ""IENT-7a9c48be2160f1d09ca7c409"", ""event_occurrence"", ""IENT-3ba2e76d1be0f0a44f391476"", ""event_location"", ""IENT-3ba2e76d1be0f0a44f391476"", ""unresolved""]","[""IENT-3ba2e76d1be0f0a44f391476"", ""IENT-7a9c48be2160f1d09ca7c409"", ""unknown"", """", ""event_location"", ""IENT-3ba2e76d1be0f0a44f391476"", ""unresolved""]",deterministic_replay
w/o Role-owner Closure,IFACT-9a676a4969b50b5bcb150685,"[""IENT-955ad12ae50ebb83619f9de6"", ""IENT-851de1f67e7c00762f5018a9"", ""unknown"", """", ""context_location"", """", ""unresolved""]","[""IENT-955ad12ae50ebb83619f9de6"", ""IENT-851de1f67e7c00762f5018a9"", ""unknown"", """", ""event_location"", ""IENT-851de1f67e7c00762f5018a9"", ""unresolved""]",deterministic_replay
w/o Role-owner Closure,IFACT-9b1c615e6ba08a50ae93cc7d,"[""IENT-fa9c4e6994fbcf270da3a767"", ""IENT-e8f22bf33f5831261033905d"", ""relation_validity"", """", ""relation_location"", """", ""unresolved""]","[""IENT-fa9c4e6994fbcf270da3a767"", ""IENT-e8f22bf33f5831261033905d"", ""event_occurrence"", ""IENT-fa9c4e6994fbcf270da3a767"", ""event_location"", ""IENT-fa9c4e6994fbcf270da3a767"", ""unresolved""]",deterministic_replay
w/o Role-owner Closure,IFACT-9cdb49b0641a865c1cc35fc3,"[""IENT-9aaaaa3fdfabd6e3295822a0"", ""IENT-11b1256b15e10ae7f00303a4"", ""context_time"", """", ""context_location"", """", ""unresolved""]","[""IENT-9aaaaa3fdfabd6e3295822a0"", ""IENT-11b1256b15e10ae7f00303a4"", ""biographical"", ""IENT-11b1256b15e10ae7f00303a4"", ""context_location"", """", ""unresolved""]",deterministic_replay
w/o Role-owner Closure,IFACT-9d230cda8273ce41b5ec7856,"[""IENT-e4425c2e8a04bd8b78267112"", ""IENT-30cca7231ccf197e8c3d423d"", ""event_occurrence"", ""IENT-e4425c2e8a04bd8b78267112"", ""event_location"", ""IENT-e4425c2e8a04bd8b78267112"", ""unresolved""]","[""IENT-e4425c2e8a04bd8b78267112"", ""IENT-30cca7231ccf197e8c3d423d"", ""unknown"", """", ""event_location"", ""IENT-e4425c2e8a04bd8b78267112"", ""unresolved""]",deterministic_replay
w/o Role-owner Closure,IFACT-9d23c5e8589852417142a2bd,"[""IENT-a37d29bc523c33dae4eaf883"", ""IENT-be51fecc6355c24caa47a8cc"", ""context_time"", """", ""context_location"", """", ""unresolved""]","[""IENT-a37d29bc523c33dae4eaf883"", ""IENT-be51fecc6355c24caa47a8cc"", ""context_time"", """", ""event_location"", ""IENT-a37d29bc523c33dae4eaf883"", ""unresolved""]",deterministic_replay
w/o Role-owner Closure,IFACT-9d4769f502f88873ed6f54d0,"[""IENT-f04f01b55e77688d33c72f0d"", ""IENT-b482dd7141a375d1ea8355be"", ""unknown"", """", ""unknown"", """", ""unresolved""]","[""IENT-f04f01b55e77688d33c72f0d"", ""IENT-b482dd7141a375d1ea8355be"", ""unknown"", """", ""context_location"", """", ""unresolved""]",deterministic_replay
w/o Role-owner Closure,IFACT-9e259c6a1aa117e52f31671c,"[""IENT-5a22477ea959a86ed168e142"", ""IENT-851de1f67e7c00762f5018a9"", ""unknown"", """", ""context_location"", """", ""unresolved""]","[""IENT-5a22477ea959a86ed168e142"", ""IENT-851de1f67e7c00762f5018a9"", ""unknown"", """", ""event_location"", ""IENT-851de1f67e7c00762f5018a9"", ""unresolved""]",deterministic_replay
w/o Role-owner Closure,IFACT-9e304b2d04358f4e32eb4391,"[""IENT-88a58d00a5314a4541a5b65a"", ""IENT-5c9dca4f2cb3602567a3455f"", ""context_time"", """", ""unknown"", """", ""unresolved""]","[""IENT-88a58d00a5314a4541a5b65a"", ""IENT-5c9dca4f2cb3602567a3455f"", ""biographical"", ""IENT-88a58d00a5314a4541a5b65a"", ""unknown"", """", ""unresolved""]",deterministic_replay
w/o Role-owner Closure,IFACT-a02bb63e5bbc29f2fc77fea3,"[""IENT-89615d27458ad1ffa17b64ac"", ""IENT-d912bc09fa9180dea99b5005"", ""event_occurrence"", ""IENT-89615d27458ad1ffa17b64ac"", ""event_location"", ""IENT-89615d27458ad1ffa17b64ac"", ""unresolved""]","[""IENT-89615d27458ad1ffa17b64ac"", ""IENT-d912bc09fa9180dea99b5005"", ""unknown"", """", ""event_location"", ""IENT-89615d27458ad1ffa17b64ac"", ""unresolved""]",deterministic_replay
w/o Role-owner Closure,IFACT-a0a616de6ff37aa748aedce7,"[""IENT-851de1f67e7c00762f5018a9"", ""IENT-2d79b4e05952686a761ec891"", ""unknown"", """", ""context_location"", """", ""unresolved""]","[""IENT-851de1f67e7c00762f5018a9"", ""IENT-2d79b4e05952686a761ec891"", ""unknown"", """", ""event_location"", ""IENT-851de1f67e7c00762f5018a9"", ""unresolved""]",deterministic_replay
w/o Role-owner Closure,IFACT-a2a0ed7963151e07b0f018aa,"[""IENT-00a1c3922ebb40a9da03ee6a"", ""IENT-a37d29bc523c33dae4eaf883"", ""context_time"", """", ""context_location"", """", ""unresolved""]","[""IENT-00a1c3922ebb40a9da03ee6a"", ""IENT-a37d29bc523c33dae4eaf883"", ""context_time"", """", ""event_location"", ""IENT-a37d29bc523c33dae4eaf883"", ""unresolved""]",deterministic_replay
w/o Role-owner Closure,IFACT-a3e9e980d9dd4938bb5b3f2f,"[""IENT-ff6719f2ef2e053c48af5162"", ""IENTREPAIR-89cb7da51cfdd4360eb637b6"", ""unknown"", """", ""unknown"", """", ""contextual""]","[""IENT-ff6719f2ef2e053c48af5162"", ""IENTREPAIR-89cb7da51cfdd4360eb637b6"", ""unknown"", """", ""context_location"", """", ""contextual""]",deterministic_replay
w/o Role-owner Closure,IFACT-a3f3ca632fbd7c47224062bc,"[""IENT-8068a97d5d4379942b32e34f"", ""IENT-ea07e13ec7b15edd43fb0faf"", ""event_occurrence"", ""IENT-8068a97d5d4379942b32e34f"", ""unknown"", """", ""unresolved""]","[""IENT-8068a97d5d4379942b32e34f"", ""IENT-ea07e13ec7b15edd43fb0faf"", ""unknown"", """", ""unknown"", """", ""unresolved""]",deterministic_replay
w/o Role-owner Closure,IFACT-a625c68a4b868fe1b39541d7,"[""IENT-da9ecb0a27ee73c728cedecb"", ""IENTREPAIR-0e6970ff902ae5ccdba5fcba"", ""event_occurrence"", ""IENT-da9ecb0a27ee73c728cedecb"", ""event_location"", ""IENT-da9ecb0a27ee73c728cedecb"", ""unresolved""]","[""IENT-da9ecb0a27ee73c728cedecb"", ""IENTREPAIR-0e6970ff902ae5ccdba5fcba"", ""unknown"", """", ""event_location"", ""IENT-da9ecb0a27ee73c728cedecb"", ""unresolved""]",deterministic_replay
w/o Role-owner Closure,IFACT-a76430f4915971f0fccd669c,"[""IENT-63895611c8b1d8e02e244f8b"", ""IENT-851de1f67e7c00762f5018a9"", ""unknown"", """", ""context_location"", """", ""unresolved""]","[""IENT-63895611c8b1d8e02e244f8b"", ""IENT-851de1f67e7c00762f5018a9"", ""unknown"", """", ""event_location"", ""IENT-851de1f67e7c00762f5018a9"", ""unresolved""]",deterministic_replay
w/o Role-owner Closure,IFACT-a852f8dd3319e31943aa207b,"[""IENT-a418155e4dccaeb83d71f33e"", ""IENT-80516045d0e2f378af7b8ef7"", ""unknown"", """", ""context_location"", """", ""contextual""]","[""IENT-a418155e4dccaeb83d71f33e"", ""IENT-80516045d0e2f378af7b8ef7"", ""unknown"", """", ""event_location"", ""IENT-a418155e4dccaeb83d71f33e"", ""contextual""]",deterministic_replay
w/o Role-owner Closure,IFACT-a9e4437ed243bc1e6d1365de,"[""IENT-d7471afb888130b1b0265d1d"", ""IENTREPAIR-09feebbf7c8e912751abb1bc"", ""event_occurrence"", ""IENT-d7471afb888130b1b0265d1d"", ""event_location"", ""IENT-d7471afb888130b1b0265d1d"", ""unresolved""]","[""IENT-d7471afb888130b1b0265d1d"", ""IENTREPAIR-09feebbf7c8e912751abb1bc"", ""unknown"", """", ""event_location"", ""IENT-d7471afb888130b1b0265d1d"", ""unresolved""]",deterministic_replay
w/o Role-owner Closure,IFACT-abb6e6ac3e2ad1c5e5b86816,"[""IENT-1b81224c5d220167e05bdc53"", ""IENT-0294c16a99b65806c0f40452"", ""unknown"", """", ""context_location"", """", ""unresolved""]","[""IENT-1b81224c5d220167e05bdc53"", ""IENT-0294c16a99b65806c0f40452"", ""unknown"", """", ""event_location"", ""IENT-0294c16a99b65806c0f40452"", ""unresolved""]",deterministic_replay
w/o Role-owner Closure,IFACT-adc75f42bb78a774b1d168df,"[""IENT-a62d86952b3558727f58b24a"", ""IENTREPAIR-09feebbf7c8e912751abb1bc"", ""relation_validity"", """", ""relation_location"", """", ""contextual""]","[""IENT-a62d86952b3558727f58b24a"", ""IENTREPAIR-09feebbf7c8e912751abb1bc"", ""event_occurrence"", ""IENT-a62d86952b3558727f58b24a"", ""event_location"", ""IENT-a62d86952b3558727f58b24a"", ""contextual""]",deterministic_replay
w/o Role-owner Closure,IFACT-ae1f8d52c255767cb861544b,"[""IENT-89615d27458ad1ffa17b64ac"", ""IENT-ea07e13ec7b15edd43fb0faf"", ""event_occurrence"", ""IENT-89615d27458ad1ffa17b64ac"", ""unknown"", """", ""unresolved""]","[""IENT-89615d27458ad1ffa17b64ac"", ""IENT-ea07e13ec7b15edd43fb0faf"", ""unknown"", """", ""unknown"", """", ""unresolved""]",deterministic_replay
w/o Role-owner Closure,IFACT-ae967d3d03b0af5f84369ff2,"[""IENT-9bcf9f6162eb730d6063f3a9"", ""IENT-ec2644a56b708023112aef67"", ""event_occurrence"", ""IENT-9bcf9f6162eb730d6063f3a9"", ""event_location"", ""IENT-9bcf9f6162eb730d6063f3a9"", ""unresolved""]","[""IENT-9bcf9f6162eb730d6063f3a9"", ""IENT-ec2644a56b708023112aef67"", ""unknown"", """", ""event_location"", ""IENT-9bcf9f6162eb730d6063f3a9"", ""unresolved""]",deterministic_replay
w/o Role-owner Closure,IFACT-af31b6dc29b2f5883bcbbf22,"[""IENT-051e6a88e22244e756171d77"", ""IENTREPAIR-09feebbf7c8e912751abb1bc"", ""event_occurrence"", ""IENT-051e6a88e22244e756171d77"", ""event_location"", ""IENT-051e6a88e22244e756171d77"", ""unresolved""]","[""IENT-051e6a88e22244e756171d77"", ""IENTREPAIR-09feebbf7c8e912751abb1bc"", ""unknown"", """", ""event_location"", ""IENT-051e6a88e22244e756171d77"", ""unresolved""]",deterministic_replay
w/o Role-owner Closure,IFACT-af82101944c6b204cc3bb9f3,"[""IENT-d306fba703f4065dbfb9c74d"", ""IENT-e1380488c05307a01c4239ba"", ""context_time"", """", ""context_location"", """", ""unresolved""]","[""IENT-d306fba703f4065dbfb9c74d"", ""IENT-e1380488c05307a01c4239ba"", ""context_time"", """", ""event_location"", ""IENT-d306fba703f4065dbfb9c74d"", ""unresolved""]",deterministic_replay
w/o Role-owner Closure,IFACT-b39124e07615055bbdaedff2,"[""IENT-a37d29bc523c33dae4eaf883"", ""ITOPIC-581afa236679c6868842bd89"", ""relation_validity"", """", ""relation_location"", """", ""unresolved""]","[""IENT-a37d29bc523c33dae4eaf883"", ""ITOPIC-581afa236679c6868842bd89"", ""event_occurrence"", ""IENT-a37d29bc523c33dae4eaf883"", ""event_location"", ""IENT-a37d29bc523c33dae4eaf883"", ""unresolved""]",deterministic_replay
w/o Role-owner Closure,IFACT-b6214e4447a4499414ece9ca,"[""IENT-7d3d21e66b8189c08d0c43be"", ""IENT-ca5ac132715e9cf53811946c"", ""context_time"", """", ""context_location"", """", ""contextual""]","[""IENT-7d3d21e66b8189c08d0c43be"", ""IENT-ca5ac132715e9cf53811946c"", ""context_time"", """", ""event_location"", ""IENT-7d3d21e66b8189c08d0c43be"", ""contextual""]",deterministic_replay
w/o Role-owner Closure,IFACT-b7184f251d4c99074b9f66cd,"[""IENT-c52dfdf3ed620080f8adb79c"", ""IENTREPAIR-09feebbf7c8e912751abb1bc"", ""context_time"", """", ""context_location"", """", ""unresolved""]","[""IENT-c52dfdf3ed620080f8adb79c"", ""IENTREPAIR-09feebbf7c8e912751abb1bc"", ""biographical"", ""IENT-c52dfdf3ed620080f8adb79c"", ""context_location"", """", ""unresolved""]",deterministic_replay
w/o Role-owner Closure,IFACT-b74897c868dff61f653e7535,"[""IENT-64b02b5bac9d6092a64324a1"", ""IENT-b29ad3fa50bd292478f435da"", ""context_time"", """", ""context_location"", """", ""unresolved""]","[""IENT-64b02b5bac9d6092a64324a1"", ""IENT-b29ad3fa50bd292478f435da"", ""biographical"", ""IENT-64b02b5bac9d6092a64324a1"", ""context_location"", """", ""unresolved""]",deterministic_replay
w/o Role-owner Closure,IFACT-b7545de80ae467c6dcd7e8e0,"[""IENT-991ec08090ab52f4212e3d15"", ""IENT-a175f0a6db4581f60629e4de"", ""relation_validity"", """", ""unknown"", """", ""unresolved""]","[""IENT-991ec08090ab52f4212e3d15"", ""IENT-a175f0a6db4581f60629e4de"", ""event_occurrence"", ""IENT-991ec08090ab52f4212e3d15"", ""unknown"", """", ""unresolved""]",deterministic_replay
w/o Role-owner Closure,IFACT-b9afa019f28d07e8c52652fa,"[""IENT-a37d29bc523c33dae4eaf883"", ""IENT-a185ae16b4345929fd46cd0e"", ""context_time"", """", ""context_location"", """", ""unresolved""]","[""IENT-a37d29bc523c33dae4eaf883"", ""IENT-a185ae16b4345929fd46cd0e"", ""context_time"", """", ""event_location"", ""IENT-a37d29bc523c33dae4eaf883"", ""unresolved""]",deterministic_replay
w/o Role-owner Closure,IFACT-bc7b16839e85036523081838,"[""IENT-627834101ce565f0c7cc9b4d"", ""IENT-086f0b0df139d2920107d0fe"", ""context_time"", """", ""context_location"", """", ""unresolved""]","[""IENT-627834101ce565f0c7cc9b4d"", ""IENT-086f0b0df139d2920107d0fe"", ""context_time"", """", ""event_location"", ""IENT-627834101ce565f0c7cc9b4d"", ""unresolved""]",deterministic_replay
w/o Role-owner Closure,IFACT-bc87b7b7e9088e06f1fd7ab9,"[""IENT-2581d65e53a70d49b5f88702"", ""IENT-78cee507086396d7269a39cd"", ""context_time"", """", ""context_location"", """", ""unresolved""]","[""IENT-2581d65e53a70d49b5f88702"", ""IENT-78cee507086396d7269a39cd"", ""biographical"", ""IENT-2581d65e53a70d49b5f88702"", ""context_location"", """", ""unresolved""]",deterministic_replay
w/o Role-owner Closure,IFACT-bcf762c4b513fc89ec62602a,"[""IENT-051e6a88e22244e756171d77"", ""IENT-2f0b2ecd51d17bc8026d8135"", ""event_occurrence"", ""IENT-051e6a88e22244e756171d77"", ""event_location"", ""IENT-051e6a88e22244e756171d77"", ""unresolved""]","[""IENT-051e6a88e22244e756171d77"", ""IENT-2f0b2ecd51d17bc8026d8135"", ""unknown"", """", ""event_location"", ""IENT-051e6a88e22244e756171d77"", ""unresolved""]",deterministic_replay
w/o Role-owner Closure,IFACT-bd8df63ebbf8a4dd97f56b14,"[""IENT-d6a336a28298ac517644eb38"", ""IENT-a10e53507f6db256c6f3b388"", ""unknown"", """", ""context_location"", """", ""unresolved""]","[""IENT-d6a336a28298ac517644eb38"", ""IENT-a10e53507f6db256c6f3b388"", ""unknown"", """", ""event_location"", ""IENT-d6a336a28298ac517644eb38"", ""unresolved""]",deterministic_replay
w/o Role-owner Closure,IFACT-bdc8ab3448a4cc5e161bc918,"[""IENT-85b0a66810727a736c481379"", ""IENT-5c9dca4f2cb3602567a3455f"", ""context_time"", """", ""unknown"", """", ""unresolved""]","[""IENT-85b0a66810727a736c481379"", ""IENT-5c9dca4f2cb3602567a3455f"", ""biographical"", ""IENT-85b0a66810727a736c481379"", ""unknown"", """", ""unresolved""]",deterministic_replay
w/o Role-owner Closure,IFACT-c006a30aa956dc6df25adc3e,"[""IENT-7c3695df4d7e72221c1ffe4a"", ""IENT-03b8bb39acf28d8b03710424"", ""context_time"", """", ""context_location"", """", ""contextual""]","[""IENT-7c3695df4d7e72221c1ffe4a"", ""IENT-03b8bb39acf28d8b03710424"", ""context_time"", """", ""event_location"", ""IENT-7c3695df4d7e72221c1ffe4a"", ""contextual""]",deterministic_replay
w/o Role-owner Closure,IFACT-c3b78be879c299bc5b6e8a56,"[""IENT-f60fdf603ec73794377ce87a"", ""ITOPIC-581afa236679c6868842bd89"", ""context_time"", """", ""context_location"", """", ""contextual""]","[""IENT-f60fdf603ec73794377ce87a"", ""ITOPIC-581afa236679c6868842bd89"", ""context_time"", """", ""event_location"", ""IENT-f60fdf603ec73794377ce87a"", ""contextual""]",deterministic_replay
w/o Role-owner Closure,IFACT-c41b8374fd519f3b616b8821,"[""IENT-e4425c2e8a04bd8b78267112"", ""IENT-8f9f0c2fd2b87e69123f51ff"", ""event_occurrence"", ""IENT-e4425c2e8a04bd8b78267112"", ""event_location"", ""IENT-e4425c2e8a04bd8b78267112"", ""unresolved""]","[""IENT-e4425c2e8a04bd8b78267112"", ""IENT-8f9f0c2fd2b87e69123f51ff"", ""unknown"", """", ""event_location"", ""IENT-e4425c2e8a04bd8b78267112"", ""unresolved""]",deterministic_replay
w/o Role-owner Closure,IFACT-c46ee539aae17cb19cff2bf7,"[""IENT-7697577ebc5ebed9d06539f6"", ""IENT-cd1e542ccef32355f45a9fb2"", ""context_time"", """", ""context_location"", """", ""contextual""]","[""IENT-7697577ebc5ebed9d06539f6"", ""IENT-cd1e542ccef32355f45a9fb2"", ""context_time"", """", ""event_location"", ""IENT-7697577ebc5ebed9d06539f6"", ""contextual""]",deterministic_replay
w/o Role-owner Closure,IFACT-c59aeb95775074a76a5fc714,"[""IENT-10ce547e326141fcd87a7d3b"", ""IENT-ec5963d54b8b5ed75e78aa9b"", ""unknown"", """", ""context_location"", """", ""unresolved""]","[""IENT-10ce547e326141fcd87a7d3b"", ""IENT-ec5963d54b8b5ed75e78aa9b"", ""unknown"", """", ""event_location"", ""IENT-10ce547e326141fcd87a7d3b"", ""unresolved""]",deterministic_replay
w/o Role-owner Closure,IFACT-c6a7a55666e10d5a18ab4864,"[""IENT-f2673e42fc7a65fa4810ab24"", ""IENTREPAIR-a26c6262b7503a967eb4afe3"", ""unknown"", """", ""context_location"", """", ""contextual""]","[""IENT-f2673e42fc7a65fa4810ab24"", ""IENTREPAIR-a26c6262b7503a967eb4afe3"", ""unknown"", """", ""event_location"", ""IENT-f2673e42fc7a65fa4810ab24"", ""contextual""]",deterministic_replay
w/o Role-owner Closure,IFACT-c815fd91fb05e7e6f101e018,"[""IENT-28153b198f52953f6250e77e"", ""IENT-832d55dbaebb3c2462a86490"", ""relation_validity"", """", ""unknown"", """", ""strict_semantic""]","[""IENT-28153b198f52953f6250e77e"", ""IENT-832d55dbaebb3c2462a86490"", ""relation_validity"", """", ""relation_location"", """", ""strict_semantic""]",deterministic_replay
w/o Role-owner Closure,IFACT-c87b7d59ef4a6bb115d79b1e,"[""IENTREPAIR-679b5913d68de30a6582081f"", ""IENT-f60fdf603ec73794377ce87a"", ""context_time"", """", ""context_location"", """", ""contextual""]","[""IENTREPAIR-679b5913d68de30a6582081f"", ""IENT-f60fdf603ec73794377ce87a"", ""context_time"", """", ""event_location"", ""IENT-f60fdf603ec73794377ce87a"", ""contextual""]",deterministic_replay
w/o Role-owner Closure,IFACT-cc42845a61ffe1a9c3aa0258,"[""IENT-851de1f67e7c00762f5018a9"", ""IENT-610fa236210932d54f412844"", ""unknown"", """", ""context_location"", """", ""unresolved""]","[""IENT-851de1f67e7c00762f5018a9"", ""IENT-610fa236210932d54f412844"", ""unknown"", """", ""event_location"", ""IENT-851de1f67e7c00762f5018a9"", ""unresolved""]",deterministic_replay
w/o Role-owner Closure,IFACT-cdbf4e8c07ebc55a6de817c2,"[""IENT-991ec08090ab52f4212e3d15"", ""IENT-649c27ed3c9c14e362d0c633"", ""context_time"", """", ""context_location"", """", ""unresolved""]","[""IENT-991ec08090ab52f4212e3d15"", ""IENT-649c27ed3c9c14e362d0c633"", ""context_time"", """", ""event_location"", ""IENT-991ec08090ab52f4212e3d15"", ""unresolved""]",deterministic_replay
w/o Role-owner Closure,IFACT-ced5335661e520d4419c8950,"[""IENT-991ec08090ab52f4212e3d15"", ""IENT-ffc8d27da06b757feb5d3dc8"", ""unknown"", """", ""relation_location"", """", ""unresolved""]","[""IENT-991ec08090ab52f4212e3d15"", ""IENT-ffc8d27da06b757feb5d3dc8"", ""unknown"", """", ""event_location"", ""IENT-991ec08090ab52f4212e3d15"", ""unresolved""]",deterministic_replay
w/o Role-owner Closure,IFACT-cf9a8c0b086f8829d2661e15,"[""IENT-805ca6ac560e4831ae4455ec"", ""IENT-5fc708934d07089fd1d4cc94"", ""event_occurrence"", ""IENT-805ca6ac560e4831ae4455ec"", ""event_location"", ""IENT-805ca6ac560e4831ae4455ec"", ""unresolved""]","[""IENT-805ca6ac560e4831ae4455ec"", ""IENT-5fc708934d07089fd1d4cc94"", ""unknown"", """", ""event_location"", ""IENT-805ca6ac560e4831ae4455ec"", ""unresolved""]",deterministic_replay
w/o Role-owner Closure,IFACT-d0ad4be3dc5bb5b07a334685,"[""IENT-c703342da1b776129e2c1ea0"", ""IENTREPAIR-428cfdf174467b8581b5d79c"", ""event_occurrence"", ""IENT-c703342da1b776129e2c1ea0"", ""event_location"", ""IENT-c703342da1b776129e2c1ea0"", ""unresolved""]","[""IENT-c703342da1b776129e2c1ea0"", ""IENTREPAIR-428cfdf174467b8581b5d79c"", ""unknown"", """", ""event_location"", ""IENT-c703342da1b776129e2c1ea0"", ""unresolved""]",deterministic_replay
w/o Role-owner Closure,IFACT-d20cdcd0193e761728314ed0,"[""IENT-d7471afb888130b1b0265d1d"", ""IENT-59ef4947169d4d1a276e7612"", ""event_occurrence"", ""IENT-d7471afb888130b1b0265d1d"", ""event_location"", ""IENT-d7471afb888130b1b0265d1d"", ""unresolved""]","[""IENT-d7471afb888130b1b0265d1d"", ""IENT-59ef4947169d4d1a276e7612"", ""unknown"", """", ""event_location"", ""IENT-d7471afb888130b1b0265d1d"", ""unresolved""]",deterministic_replay
w/o Role-owner Closure,IFACT-d46b169ab76ba211d28d1a16,"[""IENT-f9003951b227feb1713b1f70"", ""IENT-816c800f6a6c6dbfe4984a9a"", ""relation_validity"", """", ""unknown"", """", ""unresolved""]","[""IENT-f9003951b227feb1713b1f70"", ""IENT-816c800f6a6c6dbfe4984a9a"", ""relation_validity"", """", ""relation_location"", """", ""unresolved""]",deterministic_replay
w/o Role-owner Closure,IFACT-d4c67cb27b80127d8474b6f7,"[""IENT-991ec08090ab52f4212e3d15"", ""IENT-f58a08f4d0359940cb966708"", ""context_time"", """", ""context_location"", """", ""unresolved""]","[""IENT-991ec08090ab52f4212e3d15"", ""IENT-f58a08f4d0359940cb966708"", ""context_time"", """", ""event_location"", ""IENT-991ec08090ab52f4212e3d15"", ""unresolved""]",deterministic_replay
w/o Role-owner Closure,IFACT-d687baf6d5e6585e4c27dcaa,"[""IENT-4147164f0f6fe9290c301591"", ""IENT-33d136787115486629302e59"", ""relation_validity"", """", ""relation_location"", """", ""unresolved""]","[""IENT-4147164f0f6fe9290c301591"", ""IENT-33d136787115486629302e59"", ""event_occurrence"", ""IENT-4147164f0f6fe9290c301591"", ""event_location"", ""IENT-4147164f0f6fe9290c301591"", ""unresolved""]",deterministic_replay
w/o Role-owner Closure,IFACT-d79a49206c7580934119eb4f,"[""IENT-2e017b6765d9211f2ef511d3"", ""IENT-89d9c3aad4ddf84d019b1099"", ""context_time"", """", ""context_location"", """", ""unresolved""]","[""IENT-2e017b6765d9211f2ef511d3"", ""IENT-89d9c3aad4ddf84d019b1099"", ""biographical"", ""IENT-2e017b6765d9211f2ef511d3"", ""context_location"", """", ""unresolved""]",deterministic_replay
w/o Role-owner Closure,IFACT-d85a1d1a95273078e36f6130,"[""IENT-b602136751d9937e3d60d108"", ""IENT-851de1f67e7c00762f5018a9"", ""unknown"", """", ""context_location"", """", ""unresolved""]","[""IENT-b602136751d9937e3d60d108"", ""IENT-851de1f67e7c00762f5018a9"", ""unknown"", """", ""event_location"", ""IENT-851de1f67e7c00762f5018a9"", ""unresolved""]",deterministic_replay
w/o Role-owner Closure,IFACT-db2214f7fcf7b788db04182f,"[""IENT-e4425c2e8a04bd8b78267112"", ""IENTREPAIR-a26c6262b7503a967eb4afe3"", ""event_occurrence"", ""IENT-e4425c2e8a04bd8b78267112"", ""event_location"", ""IENT-e4425c2e8a04bd8b78267112"", ""unresolved""]","[""IENT-e4425c2e8a04bd8b78267112"", ""IENTREPAIR-a26c6262b7503a967eb4afe3"", ""unknown"", """", ""event_location"", ""IENT-e4425c2e8a04bd8b78267112"", ""unresolved""]",deterministic_replay
w/o Role-owner Closure,IFACT-db934aa105535e5f9b93a104,"[""IENT-2e017b6765d9211f2ef511d3"", ""IENT-5921040832206d83c0f73fbe"", ""context_time"", """", ""context_location"", """", ""unresolved""]","[""IENT-2e017b6765d9211f2ef511d3"", ""IENT-5921040832206d83c0f73fbe"", ""biographical"", ""IENT-2e017b6765d9211f2ef511d3"", ""context_location"", """", ""unresolved""]",deterministic_replay
w/o Role-owner Closure,IFACT-dbe1d32d64d1a08bca22b1fb,"[""IENT-6268343d766df507737ce3e7"", ""IENT-f91294e9d6a8653e89e52605"", ""context_time"", """", ""context_location"", """", ""unresolved""]","[""IENT-6268343d766df507737ce3e7"", ""IENT-f91294e9d6a8653e89e52605"", ""context_time"", """", ""event_location"", ""IENT-6268343d766df507737ce3e7"", ""unresolved""]",deterministic_replay
w/o Role-owner Closure,IFACT-dc10d5fecd35e92655cd81d1,"[""IENT-c703342da1b776129e2c1ea0"", ""IENT-04efa34493f8ed68cbf44668"", ""event_occurrence"", ""IENT-c703342da1b776129e2c1ea0"", ""event_location"", ""IENT-c703342da1b776129e2c1ea0"", ""unresolved""]","[""IENT-c703342da1b776129e2c1ea0"", ""IENT-04efa34493f8ed68cbf44668"", ""unknown"", """", ""event_location"", ""IENT-c703342da1b776129e2c1ea0"", ""unresolved""]",deterministic_replay
w/o Role-owner Closure,IFACT-dcf31436ba3a7970e44f8d09,"[""IENT-791bfe0722eff6da9cf8bd67"", ""IENT-4147164f0f6fe9290c301591"", ""context_time"", """", ""context_location"", """", ""unresolved""]","[""IENT-791bfe0722eff6da9cf8bd67"", ""IENT-4147164f0f6fe9290c301591"", ""context_time"", """", ""event_location"", ""IENT-4147164f0f6fe9290c301591"", ""unresolved""]",deterministic_replay
w/o Role-owner Closure,IFACT-dd1db1162411c0d5362687a0,"[""IENT-175bef80732ac020a1369704"", ""IENT-c5aa19d58f351a70303d8077"", ""context_time"", """", ""context_location"", """", ""unresolved""]","[""IENT-175bef80732ac020a1369704"", ""IENT-c5aa19d58f351a70303d8077"", ""biographical"", ""IENT-175bef80732ac020a1369704"", ""context_location"", """", ""unresolved""]",deterministic_replay
w/o Role-owner Closure,IFACT-deab7c243899b1e80ae28050,"[""IENT-fa9c4e6994fbcf270da3a767"", ""IENTREPAIR-f47625f027b2d2e8e6a137df"", ""relation_validity"", """", ""relation_location"", """", ""unresolved""]","[""IENT-fa9c4e6994fbcf270da3a767"", ""IENTREPAIR-f47625f027b2d2e8e6a137df"", ""event_occurrence"", ""IENT-fa9c4e6994fbcf270da3a767"", ""event_location"", ""IENT-fa9c4e6994fbcf270da3a767"", ""unresolved""]",deterministic_replay
w/o Role-owner Closure,IFACT-ded395aebbae610f5efb42b3,"[""IENT-e4425c2e8a04bd8b78267112"", ""IENT-9e61e6fdc75bbd041269e3e9"", ""event_occurrence"", ""IENT-e4425c2e8a04bd8b78267112"", ""event_location"", ""IENT-e4425c2e8a04bd8b78267112"", ""unresolved""]","[""IENT-e4425c2e8a04bd8b78267112"", ""IENT-9e61e6fdc75bbd041269e3e9"", ""unknown"", """", ""event_location"", ""IENT-e4425c2e8a04bd8b78267112"", ""unresolved""]",deterministic_replay
w/o Role-owner Closure,IFACT-e0da80c259048e8cb27df770,"[""IENT-d2f23494897ea228bf7fb730"", ""IENT-ebda17ffe6ace4e5a6fc4e14"", ""context_time"", """", ""context_location"", """", ""unresolved""]","[""IENT-d2f23494897ea228bf7fb730"", ""IENT-ebda17ffe6ace4e5a6fc4e14"", ""biographical"", ""IENT-d2f23494897ea228bf7fb730"", ""context_location"", """", ""unresolved""]",deterministic_replay
w/o Role-owner Closure,IFACT-e206b3acdfe7ebdbe9d0f657,"[""IENT-e4425c2e8a04bd8b78267112"", ""IENT-d55ac351f6f2b1a5a0bcdfc6"", ""event_occurrence"", ""IENT-e4425c2e8a04bd8b78267112"", ""event_location"", ""IENT-e4425c2e8a04bd8b78267112"", ""unresolved""]","[""IENT-e4425c2e8a04bd8b78267112"", ""IENT-d55ac351f6f2b1a5a0bcdfc6"", ""unknown"", """", ""event_location"", ""IENT-e4425c2e8a04bd8b78267112"", ""unresolved""]",deterministic_replay
w/o Role-owner Closure,IFACT-e4332b803d8d9cad42a2cc08,"[""IENT-db6a4c33836bf2a57ce593f6"", ""IENT-851de1f67e7c00762f5018a9"", ""unknown"", """", ""context_location"", """", ""unresolved""]","[""IENT-db6a4c33836bf2a57ce593f6"", ""IENT-851de1f67e7c00762f5018a9"", ""unknown"", """", ""event_location"", ""IENT-851de1f67e7c00762f5018a9"", ""unresolved""]",deterministic_replay
w/o Role-owner Closure,IFACT-e4d89012c5d8197c1489d382,"[""IENT-e12bfd8799d29cd9eeded675"", ""IENTREPAIR-14be8286b02597c14005cf2d"", ""unknown"", """", ""context_location"", """", ""contextual""]","[""IENT-e12bfd8799d29cd9eeded675"", ""IENTREPAIR-14be8286b02597c14005cf2d"", ""unknown"", """", ""event_location"", ""IENT-e12bfd8799d29cd9eeded675"", ""contextual""]",deterministic_replay
w/o Role-owner Closure,IFACT-e5499a407f6343100cbbfeb7,"[""IENT-051e6a88e22244e756171d77"", ""IENT-81c16d189f227baa334ce069"", ""event_occurrence"", ""IENT-051e6a88e22244e756171d77"", ""event_location"", ""IENT-051e6a88e22244e756171d77"", ""unresolved""]","[""IENT-051e6a88e22244e756171d77"", ""IENT-81c16d189f227baa334ce069"", ""unknown"", """", ""event_location"", ""IENT-051e6a88e22244e756171d77"", ""unresolved""]",deterministic_replay
w/o Role-owner Closure,IFACT-e720e6a1e7caaf929df02b84,"[""IENT-d7471afb888130b1b0265d1d"", ""IENTREPAIR-5f2c3052846243cd7fa77a56"", ""event_occurrence"", ""IENT-d7471afb888130b1b0265d1d"", ""unknown"", """", ""unresolved""]","[""IENT-d7471afb888130b1b0265d1d"", ""IENTREPAIR-5f2c3052846243cd7fa77a56"", ""unknown"", """", ""unknown"", """", ""unresolved""]",deterministic_replay
w/o Role-owner Closure,IFACT-e82f91a00987c4bc9caf8259,"[""IENT-851de1f67e7c00762f5018a9"", ""IENT-0276c5077300a72897d69bcb"", ""context_time"", """", ""context_location"", """", ""unresolved""]","[""IENT-851de1f67e7c00762f5018a9"", ""IENT-0276c5077300a72897d69bcb"", ""context_time"", """", ""event_location"", ""IENT-851de1f67e7c00762f5018a9"", ""unresolved""]",deterministic_replay
w/o Role-owner Closure,IFACT-e86d52dfb6b67f7053d7ad86,"[""IENT-89615d27458ad1ffa17b64ac"", ""IENT-d912bc09fa9180dea99b5005"", ""event_occurrence"", ""IENT-89615d27458ad1ffa17b64ac"", ""event_location"", ""IENT-89615d27458ad1ffa17b64ac"", ""unresolved""]","[""IENT-89615d27458ad1ffa17b64ac"", ""IENT-d912bc09fa9180dea99b5005"", ""unknown"", """", ""event_location"", ""IENT-89615d27458ad1ffa17b64ac"", ""unresolved""]",deterministic_replay
w/o Role-owner Closure,IFACT-e86e4073c09d7dc5948559a6,"[""IENT-991ec08090ab52f4212e3d15"", ""IENT-ffc8d27da06b757feb5d3dc8"", ""relation_validity"", """", ""relation_location"", """", ""unresolved""]","[""IENT-991ec08090ab52f4212e3d15"", ""IENT-ffc8d27da06b757feb5d3dc8"", ""event_occurrence"", ""IENT-991ec08090ab52f4212e3d15"", ""event_location"", ""IENT-991ec08090ab52f4212e3d15"", ""unresolved""]",deterministic_replay
w/o Role-owner Closure,IFACT-e97d39df34d4f55bc6406dae,"[""IENT-3c69513bb9b1257baf9a9c15"", ""IENT-33d136787115486629302e59"", ""event_occurrence"", ""IENT-3c69513bb9b1257baf9a9c15"", ""event_location"", ""IENT-3c69513bb9b1257baf9a9c15"", ""unresolved""]","[""IENT-3c69513bb9b1257baf9a9c15"", ""IENT-33d136787115486629302e59"", ""unknown"", """", ""event_location"", ""IENT-3c69513bb9b1257baf9a9c15"", ""unresolved""]",deterministic_replay
w/o Role-owner Closure,IFACT-ebd73415e3741b2bd5691032,"[""IENT-4b3d1047535f506fcb9c6459"", ""IENTREPAIR-377f7d7cefe2df2e175430d3"", ""context_time"", """", ""context_location"", """", ""unresolved""]","[""IENT-4b3d1047535f506fcb9c6459"", ""IENTREPAIR-377f7d7cefe2df2e175430d3"", ""context_time"", """", ""event_location"", ""IENT-4b3d1047535f506fcb9c6459"", ""unresolved""]",deterministic_replay
w/o Role-owner Closure,IFACT-ed931f2fe6413bb20b72bd70,"[""IENT-7002645f9569331d89acab42"", ""IENT-0b86b9494015da2314b95a2b"", ""context_time"", """", ""context_location"", """", ""contextual""]","[""IENT-7002645f9569331d89acab42"", ""IENT-0b86b9494015da2314b95a2b"", ""context_time"", """", ""event_location"", ""IENT-7002645f9569331d89acab42"", ""contextual""]",deterministic_replay
w/o Role-owner Closure,IFACT-edcbc008f35f9fce70e1f87a,"[""IENT-6f69ba59c2be4581282e42bf"", ""IENT-851de1f67e7c00762f5018a9"", ""unknown"", """", ""context_location"", """", ""unresolved""]","[""IENT-6f69ba59c2be4581282e42bf"", ""IENT-851de1f67e7c00762f5018a9"", ""unknown"", """", ""event_location"", ""IENT-851de1f67e7c00762f5018a9"", ""unresolved""]",deterministic_replay
w/o Role-owner Closure,IFACT-edd1545a49261f93a278fdd8,"[""IENT-6268343d766df507737ce3e7"", ""IENT-8e0d68589052903f62d3446c"", ""unknown"", """", ""context_location"", """", ""unresolved""]","[""IENT-6268343d766df507737ce3e7"", ""IENT-8e0d68589052903f62d3446c"", ""unknown"", """", ""event_location"", ""IENT-6268343d766df507737ce3e7"", ""unresolved""]",deterministic_replay
w/o Role-owner Closure,IFACT-efca8880b5c54bd35a924227,"[""IENT-2581d65e53a70d49b5f88702"", ""IENT-c61936ae751e64b5bae2bb23"", ""context_time"", """", ""context_location"", """", ""unresolved""]","[""IENT-2581d65e53a70d49b5f88702"", ""IENT-c61936ae751e64b5bae2bb23"", ""biographical"", ""IENT-2581d65e53a70d49b5f88702"", ""context_location"", """", ""unresolved""]",deterministic_replay
w/o Role-owner Closure,IFACT-f1447ebaa637f64e721553ed,"[""IENT-e4425c2e8a04bd8b78267112"", ""IENT-e94795bd20aef3f3d473a345"", ""event_occurrence"", ""IENT-e4425c2e8a04bd8b78267112"", ""event_location"", ""IENT-e4425c2e8a04bd8b78267112"", ""unresolved""]","[""IENT-e4425c2e8a04bd8b78267112"", ""IENT-e94795bd20aef3f3d473a345"", ""unknown"", """", ""event_location"", ""IENT-e4425c2e8a04bd8b78267112"", ""unresolved""]",deterministic_replay
w/o Role-owner Closure,IFACT-f3479813b9dc036f86fb7715,"[""IENT-fa9c4e6994fbcf270da3a767"", ""IENTREPAIR-326bb55a0bc4a353fded9b58"", ""context_time"", """", ""context_location"", """", ""unresolved""]","[""IENT-fa9c4e6994fbcf270da3a767"", ""IENTREPAIR-326bb55a0bc4a353fded9b58"", ""context_time"", """", ""event_location"", ""IENT-fa9c4e6994fbcf270da3a767"", ""unresolved""]",deterministic_replay
