task_id,fact_id,sample_role,matched_to,books,n_evidence_blocks,evidence_sha,first_source
RSEM-0001,IFACT-369deb60c501f6ef7835a773,changed,,['衡山党史资料  第1辑_11441719'],3,b96dbb6c7827bdde,衡山党史资料  第1辑_11441719
RSEM-0002,IFACT-8feef0680f5142b883afbfd8,changed,,"['中共党史人物传  第20卷', '中共党史人物传  第28卷']",2,aeac3362620a3be0,中共党史人物传  第28卷
RSEM-0003,IFACT-23009934d524f34c2a856d86,changed,,['中国共产党编年史1930年卷'],1,722dc8c27938fc28,中国共产党编年史1930年卷
RSEM-0004,IFACT-6ec5c54ecbca1d9400a93888,changed,,['荆门党史资料汇编  第1集_11449310'],1,d89a7dd55a41edd5,荆门党史资料汇编  第1集_11449310
RSEM-0005,IFACT-1f35a0f54a9ad467aecd515f,control,IFACT-75d4801ed4036ed5cf20a2dd,[''],1,cbecee4efcdb08c5,
RSEM-0006,IFACT-b4f4bb5f87b4d7f9b7bda4df,control,IFACT-67e7dd547cf6b0cf068857c2,['威信春晖_12008328'],1,db9ae48ec1609697,威信春晖_12008328
RSEM-0007,IFACT-7c5c152ed8a4884069a47508,control,IFACT-e5b45e93b8afd00379185ee5,"['曲靖党史资料  第3辑  新民主主义革命时期统战工作史料选编_11441834', '涟水党史资料  第1辑_11449719', '越都风云录_11449555']",3,e0cbee8fcff5f1ac,涟水党史资料  第1辑_11449719
RSEM-0008,IFACT-e54f9c7e6f56ec7730a22691,control,IFACT-a431dca7f1426c18c5db2eb0,['中共党史人物传第33卷'],3,97884697eca3bd00,中共党史人物传第33卷
RSEM-0009,IFACT-79162ad14e7d4cadf5456da0,control,IFACT-259dd8eaf46990540471c344,['中共南昌城工部史料汇编  订正本'],1,e5f3097ec32de4c6,中共南昌城工部史料汇编  订正本
RSEM-0010,IFACT-4f11dff7dc0632f93e7d8123,control,IFACT-7c04265757f9df324109e148,['六盘水党史资料  1  民主革命时期党在六盘水的革命活动_13312137'],3,eef3fb9fc5764db5,六盘水党史资料  1  民主革命时期党在六盘水的革命活动_13312137
RSEM-0011,IFACT-32aae8ca79edc70ab38e8a55,control,IFACT-a014a7eab56af521147a8974,"['铜梁党史资料汇编  第1集  1922-1949_14069475', '铜梁党史资料汇编  第1集  1922-1949_14069475 (2)']",2,4f92b24ca673f8e1,铜梁党史资料汇编  第1集  1922-1949_14069475 (2)
RSEM-0012,IFACT-0964d52dc48a71af75e215ee,changed,,['鄂豫陕边的记忆  1934-1937_11795160'],1,0f387e64b11c1428,鄂豫陕边的记忆  1934-1937_11795160
RSEM-0013,IFACT-cc9192cd9e9c74044cf47e17,changed,,['毕节地区党史资料丛书  1  中国共产党毕节地区党史大事记  修正稿  1933年-1949年_12918012'],1,d22e6d01dc853cf6,毕节地区党史资料丛书  1  中国共产党毕节地区党史大事记  修正稿  1933年-1949年_12918012
RSEM-0014,IFACT-867a623e7ac577af419bd527,changed,,['中共党史人物传  第21卷'],1,d73bd3a7c6ac5833,中共党史人物传  第21卷
RSEM-0015,IFACT-247c272fd3600d9f139ec8c1,control,IFACT-f406d233dfe90a691143753c,"['中华人民共和国史长编 第七卷 人物卷_12601694', '中华人民共和国史长编 第三卷 1966—1978_12601696']",2,0808c68c1d6c6a74,中华人民共和国史长编 第七卷 人物卷_12601694
RSEM-0016,IFACT-b52d73c03c14f60dfd707f71,changed,,['阜阳地区党史资料  第17期  纪念抗日战争胜利四十周年专辑_12005809'],1,ac7725d5852d00ec,阜阳地区党史资料  第17期  纪念抗日战争胜利四十周年专辑_12005809
RSEM-0017,IFACT-0bf64b16438a7fe21c3a445c,changed,,['云南师范大学解放战争时期党史资料文集_12007614'],1,e6f3782fdbc670cb,云南师范大学解放战争时期党史资料文集_12007614
RSEM-0018,IFACT-054b7daaa360a99f4d352a7f,control,IFACT-a1519717efeb9f0e5d393fbd,"['中共仁寿县党史资料选编  （1928～1949）_12049644', '曲靖党史资料  第4辑  新民主主义革命时期学生运动史料选编_11441835']",2,890875eca3f26166,中共仁寿县党史资料选编  （1928～1949）_12049644
RSEM-0019,IFACT-97086bff5333fb217b842974,control,IFACT-51a2f6b03c351acb04a81283,"['8', '“四个现代化”战略目标  第八卷  第一册', '中共仁寿县党史资料选编  （1928～1949）_12049644']",3,036dcebfa87f895c,中共仁寿县党史资料选编  （1928～1949）_12049644
RSEM-0020,IFACT-0e61583777aec9f2ca1f9076,control,IFACT-508707c6549c8f9491867af2,"['梁平党史资料汇编  第2辑  梁山英烈_11449171', '梁平党史资料汇编  第2辑  梁山英烈_11449171 (2)']",2,f11e7bd4c3eb2720,梁平党史资料汇编  第2辑  梁山英烈_11449171 (2)
RSEM-0021,IFACT-ed5c58ec2d8d0b3c31f7939b,changed,,['中共党史人物传  第49卷'],1,a28d9575cd89d515,中共党史人物传  第49卷
RSEM-0022,IFACT-40b8109ae17817245fa93a72,control,IFACT-73ff39ebf322c9cce4bb5bd4,"['云南师范大学解放战争时期党史资料文集_12007614', '昆明党史资料 昆明解放  从昆明起义到军事接管_13203040']",3,108144fe505f71da,云南师范大学解放战争时期党史资料文集_12007614
RSEM-0023,IFACT-3a1d6648c414facede87c57b,control,IFACT-479e0c5e3dbfcb70ba8c87db,"['蜀都中学党史资料汇编_12010780', '蜀都中学党史资料汇编_12010780 (2)']",3,c8a8ee7b8c4382ed,蜀都中学党史资料汇编_12010780
RSEM-0024,IFACT-81adfb04efcb263d6a73fc55,control,IFACT-db411794b24f1c604e9cf88a,['毕节地区党史资料丛书  15  乌蒙磅礴_12926429'],2,ea064aee20fb64bf,毕节地区党史资料丛书  15  乌蒙磅礴_12926429
RSEM-0025,IFACT-6d3078c0283f36baee727e90,changed,,"['中共元江县党史资料  民主革命时期  1945-1950.2_12000305', '中共楚雄党史资料  第3集  彝州忠魂_11441829', '中共泸西县党史资料  第1辑  新民主主义革命时期_14237315']",3,380bf4481d039c0e,中共泸西县党史资料  第1辑  新民主主义革命时期_14237315
RSEM-0026,IFACT-1fcb145e84403093e935fb93,changed,,['仁怀县党史资料_12485140'],3,17055ae6013adf60,仁怀县党史资料_12485140
RSEM-0027,IFACT-129f15389f2c06a36f60fc86,changed,,['建国头七年贵阳党史资料_11441779'],1,28047ae59ce5bb12,建国头七年贵阳党史资料_11441779
RSEM-0028,IFACT-d17399f7f310ba8788e9ae95,control,IFACT-c5976f1c0beb840d0adda6bc,"['中共党史人物传  第35卷', '中共党史人物传第36卷', '中国共产党编年史1935年卷']",3,dedf2951cb19cd20,中共党史人物传第36卷
RSEM-0029,IFACT-82b516a064c8b2ef62ced60b,changed,,"['宜春地区史志资料  党史资料专辑  第一集_12021732', '淮北党史资料  第3辑_10273534']",3,6192327d3f13f0c5,淮北党史资料  第3辑_10273534
RSEM-0030,IFACT-db411794b24f1c604e9cf88a,changed,,"['江津县党史资料选辑_11449501', '江津县党史资料选辑_11449501 (2)']",2,e0925f845f1a254f,江津县党史资料选辑_11449501 (2)
RSEM-0031,IFACT-e5b45e93b8afd00379185ee5,changed,,"['中共上饶市党史资料_13657489', '中共綦江县党史资料汇编  第1辑_11449486', '涟源党史资料汇编  第一辑_12021344']",3,7e971a632a99094c,涟源党史资料汇编  第一辑_12021344
RSEM-0032,IFACT-60b901634ea0c439915f841b,control,IFACT-cb681ff5e0ea9c62c274c36d,['中华人民共和国史长编 第四卷 1978—1991_12596358'],1,8f27a4fa08ae478d,中华人民共和国史长编 第四卷 1978—1991_12596358
RSEM-0033,IFACT-696f6fbd4759e60e8fb059a8,control,IFACT-ed5c58ec2d8d0b3c31f7939b,"['7', '中共党史人物传  1--50卷  索引']",3,af799801f2418bb4,中共党史人物传  1--50卷  索引
RSEM-0034,IFACT-77e5b6df6237412044d3811c,control,IFACT-f33ac1c42bf0d26771d39ce6,"['中共潼南县党史资料汇编  第1辑_11449490', '中国共产党遂宁市党史资料汇编  1926-1949_11449200']",3,c2c48d1f38fd1a70,中共潼南县党史资料汇编  第1辑_11449490
RSEM-0035,IFACT-fc77e9af427c5b41b67f04d5,changed,,"['中共党史人物传  第07卷', '中共党史人物传  第38卷', '中共吉安党史资料  1']",3,ecdadbb93ca9c485,中共吉安党史资料  1
RSEM-0036,IFACT-5cf9500860a21bd9553d1cec,control,IFACT-7b8bac7758fb14cc06ffe2c4,['中共党史人物传  第26卷'],1,5ceaee5674908187,中共党史人物传  第26卷
RSEM-0037,IFACT-655442c536087f08ad46e88d,control,IFACT-2e402ef347d113c48e36df08,"['中共党史人物传  第22卷', '大方党史资料  第1辑  红军在大方_11449968']",3,32a299cbd9315369,大方党史资料  第1辑  红军在大方_11449968
RSEM-0038,IFACT-c0d0ab6f706b1092939b5d16,control,IFACT-3097ebe7eb0b40f6cf9249ba,['毕节地区党史资料丛书  6  地下党在黔西北的革命活动_14027693'],1,967247a231c7d97b,毕节地区党史资料丛书  6  地下党在黔西北的革命活动_14027693
RSEM-0039,IFACT-1286308acdcd0630468564c5,control,IFACT-be27d133b87b03f4da6e0b8f,"['1', '“四个现代化”战略目标  第八卷  第一册', '中共万年党史资料_12020867']",3,7e7b29ff9865fd0e,“四个现代化”战略目标  第八卷  第一册
RSEM-0040,IFACT-230ebc3da25fba8e71a7411b,control,IFACT-8f6c3e9525a11e328088e3ff,[''],1,72db19583c885521,
RSEM-0041,IFACT-b1ecbac6ff15d100f4d2c6d1,control,IFACT-0bf64b16438a7fe21c3a445c,['云南师范大学解放战争时期党史资料文集_12007614'],1,c2608dbebdcecccb,云南师范大学解放战争时期党史资料文集_12007614
RSEM-0042,IFACT-536b9e56a6280fa32030fbd1,changed,,['昭通地区党史资料  2  学生运动史料选编  民主革命时期_11441830'],1,d60f6d049b95f0f8,昭通地区党史资料  2  学生运动史料选编  民主革命时期_11441830
RSEM-0043,IFACT-5df0db4010d5780164d2c8a3,control,IFACT-b352f3f1e2dcea41fd8be07b,['红二、六军团长征过云南'],1,c128dd9456bead57,红二、六军团长征过云南
RSEM-0044,IFACT-0bc9364cb0f459cce518383d,control,IFACT-bc80a399796b7f83992f3b9f,['湄潭解放  1_13449487'],3,3045f31641335f2d,湄潭解放  1_13449487
RSEM-0045,IFACT-6fcec31a07b2fa9898628241,changed,,['毕节地区党史资料丛书  27  红色足迹：毕节地区革命遗址简介_13404492'],1,b107b3607b2aaad6,毕节地区党史资料丛书  27  红色足迹：毕节地区革命遗址简介_13404492
RSEM-0046,IFACT-9f3264aef8fc54c1a5fba608,control,IFACT-978a1151bae2ffd5b151086d,['郎岱风云  六枝党史资料丛书第3辑_12926483'],1,bf4d06754707ace1,郎岱风云  六枝党史资料丛书第3辑_12926483
RSEM-0047,IFACT-ab2e463b3185d2839a2093c4,control,IFACT-b325523d1bd652d815fa470c,"['安顺地区党史资料  2  安顺星火：记地下党在安顺地区的活动  1934-1949_11449985', '滇桂黔边区罗盘区党史资料_11441580']",3,d919520de897dc0e,滇桂黔边区罗盘区党史资料_11441580
RSEM-0048,IFACT-f26c1c4d44b18ddab76e3322,changed,,"['中共三台县地方党史资料丛书  梓州忠魂_12049649', '成都党史资料  新华日报成都营业分处史稿_11483242']",3,61657c281195d787,成都党史资料  新华日报成都营业分处史稿_11483242
RSEM-0049,IFACT-e56580af9fed7a2be3bcd68b,control,IFACT-ac16bcd55a70b40b1c5f703b,"['中共上饶市党史资料_13657489', '中国共产党编年史1933年卷']",2,44b03699e6df2e8e,中共上饶市党史资料_13657489
RSEM-0050,IFACT-31a2a8de104e481ea5702bb9,changed,,['中共元江县党史资料  民主革命时期  1945-1950.2_12000305'],2,fb10915b1e708714,中共元江县党史资料  民主革命时期  1945-1950.2_12000305
RSEM-0051,IFACT-e44396dcf0472dab0bf81026,control,IFACT-4bbfd77bad43a771557c163d,"['中共衢县党史资料  1919.5-1949.5_11449569', '昭通地区党史资料  2  学生运动史料选编  民主革命时期_11441830', '琼湖怒涛——沅江县党史资料选编_12060252']",3,6946b9cacfde64f9,中共衢县党史资料  1919.5-1949.5_11449569
RSEM-0052,IFACT-58d3b515e22861ce656284f8,control,IFACT-6ca8b618a01e7b0c9aca2e0f,"['北碚党史资料汇编  第4辑_12010686', '北碚党史资料汇编  第4辑_12010686 (2)', '赣州市党史资料汇编 1919-1949_13198516']",3,b0ba675df52114de,赣州市党史资料汇编 1919-1949_13198516
RSEM-0053,IFACT-994f4be76a2db8d395a10af4,changed,,['湘潭县党史资料  第3辑_11441681'],2,040227d7ff43bfea,湘潭县党史资料  第3辑_11441681
RSEM-0054,IFACT-e81cdb055195b146dd86bd1b,control,IFACT-4edddbf094717e82245441e4,['“四个现代化”战略目标  第八卷  第四册'],1,2f4de91b1caeeec5,“四个现代化”战略目标  第八卷  第四册
RSEM-0055,IFACT-46b3f09379fbabde63fbb35b,changed,,"['花溪党史资料  第1辑_13309293', '花溪党史资料  第3辑_13312138']",3,ca70a2d14cdab286,花溪党史资料  第3辑_13312138
RSEM-0056,IFACT-94149d96101aa8478d4d7a82,control,IFACT-5a361467ef9d827c4dfa05df,"['中共綦江县党史资料汇编  第2辑_11449487 (2)', '中共綦江县党史资料汇编  第3辑_11449488', '中共綦江县党史资料汇编  第3辑_11449488 (2)']",3,8d7dcc6cd978fce1,中共綦江县党史资料汇编  第3辑_11449488 (2)
RSEM-0057,IFACT-978a1151bae2ffd5b151086d,changed,,['中国共产党编年史1931年卷'],1,be00920c8cad2929,中国共产党编年史1931年卷
RSEM-0058,IFACT-e1c6d0362ea76720e129c89d,control,IFACT-ba43846f56109862397b3138,['昭通地区党史资料  2  学生运动史料选编  民主革命时期_11441830'],1,d60f6d049b95f0f8,昭通地区党史资料  2  学生运动史料选编  民主革命时期_11441830
RSEM-0059,IFACT-cb681ff5e0ea9c62c274c36d,changed,,['曲靖党史资料  第5辑  中共曲靖地区党史大事记  1926.7-1950.3_11441812'],1,88593b148d2ddfdb,曲靖党史资料  第5辑  中共曲靖地区党史大事记  1926.7-1950.3_11441812
RSEM-0060,IFACT-72164857a3fc38fdb38d7944,control,IFACT-e841c371af4e6fcf1f2007bf,['中共潼南县党史资料汇编  第1辑_11449490'],3,3eddc7c699ea6488,中共潼南县党史资料汇编  第1辑_11449490
RSEM-0061,IFACT-4ef5aadabd49cb1bd669e240,control,IFACT-58c70e21176b1df71b309724,"['滇桂黔边区罗盘区党史资料_11441580', '郎岱风云  六枝党史资料丛书第3辑_12926483']",3,6402348e7ddf3128,滇桂黔边区罗盘区党史资料_11441580
RSEM-0062,IFACT-788535c7777115edbf5bb55f,control,IFACT-2e5081669a853685b32d1d23,['中共零陵历史资料  回忆录  第1辑'],1,44140c756a19d5c5,中共零陵历史资料  回忆录  第1辑
RSEM-0063,IFACT-bda4c39cdc57c27f8e0cb0a3,control,IFACT-bdb90a5bb97acabd8de0302d,"['中国共产党荣昌县地方党史资料选集  第一集  1926-1949_12020859', '中国共产党荣昌县地方党史资料选集  第一集  1926-1949_12020859 (2)']",3,64c704f4be36e028,中国共产党荣昌县地方党史资料选集  第一集  1926-1949_12020859 (2)
RSEM-0064,IFACT-ba43846f56109862397b3138,changed,,['解放战争时期  党在邵阳的活动_12021341'],1,3cf82e03c3e09f2c,解放战争时期  党在邵阳的活动_12021341
RSEM-0065,IFACT-1cecad0d520a554b5a7f58bc,changed,,['亳州党史资料  第3辑_11448118'],1,d25220265c42f498,亳州党史资料  第3辑_11448118
RSEM-0066,IFACT-c60f5d6d63ef9f5299172126,control,IFACT-0e2a1059a2e33316457dfcb7,"['蜀都中学党史资料汇编_12010780', '蜀都中学党史资料汇编_12010780 (2)', '黔东纵队_13449471']",3,c0e658813bfa0e20,黔东纵队_13449471
RSEM-0067,IFACT-2b2f763ca8c7095a7dffaf17,control,IFACT-fe00b024b544037dc0520d84,[''],1,e55ce93dfc2625a5,
RSEM-0068,IFACT-cda9a73f0314d8938317d0d2,control,IFACT-079fe010de374d81e8d0381e,"['中共早期关于武装斗争的认识与革命道路的探索  第三卷  第四册', '红军长征三过盘县  盘县党史资料  第1集_11441769']",2,07e1953fc38f4616,中共早期关于武装斗争的认识与革命道路的探索  第三卷  第四册
RSEM-0069,IFACT-cd5638e463e8d7fa97948c63,changed,,"['红军在贵州资料汇辑  第2辑_12313590', '红军在贵州资料汇辑  第3辑_10383739']",3,0b256296480964a6,红军在贵州资料汇辑  第3辑_10383739
RSEM-0070,IFACT-a55721c0643acd19120d0c14,changed,,['南京党史资料  7_13022477'],1,d286d8c757ed2c37,南京党史资料  7_13022477
RSEM-0071,IFACT-911c2134c2530aa3f499c082,changed,,"['7', '中共党史人物传  第07卷', '中共党史人物传  第16卷']",3,9075faa186957ba8,中共党史人物传  第07卷
RSEM-0072,IFACT-d56cee4a800c3cc4b50ae41c,control,IFACT-4cc022ce183748f0f754471b,"['中共党史人物传  第15卷', '中共党史人物传  第40卷', '中共党史人物传  第49卷']",3,10a2bfcafca5f809,中共党史人物传  第15卷
RSEM-0073,IFACT-f2675458205511890737ad4b,changed,,['中共党史人物传  第34卷'],1,0d3228af39650dc5,中共党史人物传  第34卷
RSEM-0074,IFACT-cd35d8a7e656df5610af7138,control,IFACT-ecdd864d20b2a24eecf3996e,['洪城南廓谱春秋：中共南昌县党史资料_11442003'],3,67629be7efc969b6,洪城南廓谱春秋：中共南昌县党史资料_11442003
RSEM-0075,IFACT-9b8118ada9677d31d44d452b,changed,,['泗洪党史资料  第六辑 泗南泗东党史资料专辑_12020502'],1,92020eb69d814477,泗洪党史资料  第六辑 泗南泗东党史资料专辑_12020502
RSEM-0076,IFACT-bd72c9ea0cddcd4d240ee37a,control,IFACT-a3edbc3ba7daf60a20b63a52,"['中共上饶市党史资料_13657489', '中共开化党史资料_13702933']",2,64d40ea36b2f5a1f,中共上饶市党史资料_13657489
RSEM-0077,IFACT-f808254b21bfd8d452498f28,control,IFACT-0bd4577b75792dedf980a11b,['凯里市党史资料  第1辑_12010403'],3,f6afe11b22140827,凯里市党史资料  第1辑_12010403
RSEM-0078,IFACT-5ae49f5c9c7c016c96bb9335,changed,,['中共党史人物传  第40卷'],1,f49c236de0cab6f1,中共党史人物传  第40卷
RSEM-0079,IFACT-6d0a051bf7f9690ffdeb0a02,control,IFACT-d514f23df84abf8cb5260de4,"['中共党史人物传  1--50卷  索引', '中共党史人物传  第31卷']",3,6095a65b339c0f2e,中共党史人物传  1--50卷  索引
RSEM-0080,IFACT-3206e2bc01675734494ba73e,control,IFACT-544240e5793c0070d6080ea9,"['江北县党史资料汇编  第3辑（1919.5—1937.7）', '江北县党史资料汇编  第3辑（1919.5—1937.7） (2)']",3,a71436fa96904563,江北县党史资料汇编  第3辑（1919.5—1937.7）
RSEM-0081,IFACT-ffe3e73417013b9ae0d99751,control,IFACT-bed9b6f27fd0c424a2722608,"['中共党史人物传  第24卷', '中共党史人物传  第38卷', '中共党史人物传第17卷']",3,9e5488846438eb19,中共党史人物传  第24卷
RSEM-0082,IFACT-12482a199e875aca72bf2417,changed,,['淮阴党史资料  第18辑'],1,a121a1af9132b9e9,淮阴党史资料  第18辑
RSEM-0083,IFACT-0d2615340266cba530c0a4a9,changed,,['中共党史人物传  第25卷'],1,3a05f28499803f3f,中共党史人物传  第25卷
RSEM-0084,IFACT-7d0846da939b79548ef21f68,control,IFACT-65d7f048c37d1bf7df6ffbde,['黔南州党史资料  5  黔南英烈_11448276'],1,ee87e9fa3589b39b,黔南州党史资料  5  黔南英烈_11448276
RSEM-0085,IFACT-97083d94b6cc573413d19784,changed,,['中共楚雄党史资料  第1集  红军长征过楚雄_12005849'],1,cbbc7ea9695f9c0a,中共楚雄党史资料  第1集  红军长征过楚雄_12005849
RSEM-0086,IFACT-9e0ee1024ad9749c5b470d85,control,IFACT-8dae7971ec76438b1140e98f,"['中共党史人物传  第01卷', '中共党史人物传  第48卷', '赣北党史资料  南昌起义前夕  九江庐山会议史探选编_13203333']",3,d68eca3d9cbaf8e9,赣北党史资料  南昌起义前夕  九江庐山会议史探选编_13203333
RSEM-0087,IFACT-b352f3f1e2dcea41fd8be07b,changed,,['云南师范大学解放战争时期党史资料文集_12007614'],1,29ef2c814ce7a221,云南师范大学解放战争时期党史资料文集_12007614
RSEM-0088,IFACT-e509adbf6341523975dc3a9d,control,IFACT-f5a46e2876ac3255f76f7c36,"['昭通地区党史资料  1  昭通地区党史资料选编  1927年-1950年3月_12886736', '昭通地区党史资料  2  学生运动史料选编  民主革命时期_11441830']",3,8d20de22280bab6b,昭通地区党史资料  2  学生运动史料选编  民主革命时期_11441830
RSEM-0089,IFACT-9bd5ea007cc331daca668a26,changed,,"['中共党史人物传  第50卷', '中共党史人物传  第51卷']",2,339538c577b8a105,中共党史人物传  第50卷
RSEM-0090,IFACT-159b76735ed9b511360064b3,control,IFACT-38fcb8e4211fd1bffd2cafba,"['中共仁寿县党史资料选编  （1928～1949）_12049644', '中共党史人物传  第08卷', '中华人民共和国史长编 第三卷 1966—1978_12601696']",3,4f5e866b76a445ab,中共仁寿县党史资料选编  （1928～1949）_12049644
RSEM-0091,IFACT-f80f9c81e1c2eae9580afad1,changed,,['南漳党史资料选编_12010378'],1,038034e44d190e6c,南漳党史资料选编_12010378
RSEM-0092,IFACT-f6437a920d29688f94c35704,changed,,['忠魂集_11999498'],1,5dcf45309fa7984f,忠魂集_11999498
RSEM-0093,IFACT-0e81632cfa36a99c677ac924,changed,,"['中共党史人物传  第06卷', '中共党史人物传  第26卷', '中共党史人物传  第27卷']",3,354f06ee0b6f34ae,中共党史人物传  第26卷
RSEM-0094,IFACT-432a72b49eb5d3bef0dfe264,changed,,"['中共党史人物传  第44卷', '中共党史人物传  第48卷', '中华人民共和国史长编 第七卷 人物卷_12601694']",3,a5d72d95e9669164,中共党史人物传  第48卷
RSEM-0095,IFACT-0be3b819a9b04d309626ad60,control,IFACT-ef6ed8952b2d0a995efbb611,['灿烂的岁月  闵行党史资料文集  3_11814523'],1,bd166bec7e4c41a7,灿烂的岁月  闵行党史资料文集  3_11814523
RSEM-0096,IFACT-15d085d57fb3c27531f095dc,control,IFACT-86074573f15a93f17f5e49cc,"['中共党史人物传  第13卷', '中共党史人物传  第20卷', '中共党史人物传  第51卷']",3,d6fbbdc9df8830d9,中共党史人物传  第51卷
RSEM-0097,IFACT-4404741283fd5d6c709b41ee,changed,,"['中共党史人物传  第47卷', '中共党史人物传  第48卷', '大后方的建设和民主运动的开展  第七卷  第五册']",3,5b161665a73d1291,大后方的建设和民主运动的开展  第七卷  第五册
RSEM-0098,IFACT-e6f36bfd0c3c66df182a5baf,changed,,"['南京党史资料  15_14094938', '大后方的建设和民主运动的开展  第七卷  第五册', '成都党史资料  接管成都_11571764']",3,a4c5d36d79b70f1d,南京党史资料  15_14094938
RSEM-0099,IFACT-c2dd781e01dee1e758836097,control,IFACT-7c730afc98aa20bc9a613059,"['中共党史人物传  第01卷', '中共党史人物传  第22卷', '中共南昌城工部史料汇编  订正本']",3,70e1308e30a69fc4,中共党史人物传  第01卷
RSEM-0100,IFACT-a66308080e3344f3a2f3a220,control,IFACT-0d2615340266cba530c0a4a9,"['蜀都中学党史资料汇编_12010780', '蜀都中学党史资料汇编_12010780 (2)']",3,d1d58c3f32f1ce53,蜀都中学党史资料汇编_12010780 (2)
RSEM-0101,IFACT-054ac78c2abb605fc7db6d96,changed,,"['中共宜都县党史资料汇编  1921-1949_11449396', '仁怀县党史资料_12485140', '毕节地区党史资料丛书  6  地下党在黔西北的革命活动_14027693']",3,5235940d31d8ba72,中共宜都县党史资料汇编  1921-1949_11449396
RSEM-0102,IFACT-84fc79980a5bb4f4264895af,changed,,['中共上饶市党史资料_13657489'],1,4dee747ffc4e2e73,中共上饶市党史资料_13657489
RSEM-0103,IFACT-66de5565bd8f505b767ff567,changed,,"['大方党史资料  第2辑  大方人民的怀念  纪念中华苏维埃人民共和国川滇黔省革命委员会成立五十周年活动专辑_11449980', '红军在酉阳  酉阳县党史资料  总第1期_13980129', '红军在酉阳  酉阳县党史资料  总第1期_13980129 (2)']",3,dfbe068cf3a171a3,红军在酉阳  酉阳县党史资料  总第1期_13980129
RSEM-0104,IFACT-897b00f0dc488df8143a327d,changed,,['华蓥山游击队_10835974'],3,0a13963d2bcf191f,华蓥山游击队_10835974
RSEM-0105,IFACT-0e66d3754fc943761dbd6f75,changed,,['毕节地区党史资料丛书  6  地下党在黔西北的革命活动_14027693'],1,b05f3ae62cc54a42,毕节地区党史资料丛书  6  地下党在黔西北的革命活动_14027693
RSEM-0106,IFACT-130b62dd204a194a1dcd6674,changed,,['滇桂黔边区罗盘区党史资料_11441580'],1,9a71a76fee8591bf,滇桂黔边区罗盘区党史资料_11441580
RSEM-0107,IFACT-4be1cbb930d7d941cf8ab20f,control,IFACT-09e3905209d7b6497db0d4ef,['中共开化党史资料_13702933'],1,5726816700a940ff,中共开化党史资料_13702933
RSEM-0108,IFACT-2b2e5fce4cc4c8da97c05d7d,control,IFACT-d7dad0fe8742c8f87bf4d971,['中共余干党史资料'],3,3336295be9dc9a0f,中共余干党史资料
RSEM-0109,IFACT-da8f0735fb4394ad762b3179,control,IFACT-ecd38d008f8607a4b06e845b,"['威信春晖_12008328', '阿坝州党史研究资料  第8期  红军长征过马尔康_10509681']",3,66b68890c7620d85,威信春晖_12008328
RSEM-0110,IFACT-c4eb30ee9a9bc2b1d3c26800,changed,,['中共三台县地方党史资料丛书  梓州忠魂_12049649'],2,98f9585f22b27c21,中共三台县地方党史资料丛书  梓州忠魂_12049649
RSEM-0111,IFACT-bbd68b998fff0990eb10cbe6,control,IFACT-d35f55e9daa0ed45a11e2354,['中共党史人物传  第51卷'],3,1bdc3c0bf4c34606,中共党史人物传  第51卷
RSEM-0112,IFACT-f4623efe9bbc3ab5681d08bd,control,IFACT-13488a2a554c0eb89a114cda,"['中共党史人物传  第42卷', '中共党史人物传第39卷', '湘潭县党史资料  第3辑_11441681']",3,e5f8769aaca9eafa,湘潭县党史资料  第3辑_11441681
RSEM-0113,IFACT-6d60354e3e14991d9cc39615,changed,,"['红军在黎平  资料汇集_13955220', '黔南州党史资料  6  中共黔南州历史大事记  1930-1989_11449410']",3,be02c74b54d3a342,红军在黎平  资料汇集_13955220
RSEM-0114,IFACT-df8783108526af7fcbf647bc,changed,,['毕节地区党史资料丛书  6  地下党在黔西北的革命活动_14027693'],1,d50b9b52fed82606,毕节地区党史资料丛书  6  地下党在黔西北的革命活动_14027693
RSEM-0115,IFACT-e78f767a662d7e24680bb040,control,IFACT-601cdf6bc6331eca0739c604,['中共泸西县党史资料  第1辑  新民主主义革命时期_14237315'],1,2280d2b54ad0aadc,中共泸西县党史资料  第1辑  新民主主义革命时期_14237315
RSEM-0116,IFACT-be3adb077899b64138c4af64,control,IFACT-28b28b67544a90a69eab75b7,"['凯里市党史资料  第2辑_13449472', '凯里市党史资料  第4辑  土地改革_12926469', '凯里市党史资料  第5辑_14047351']",3,d684e6023bbe0aa8,凯里市党史资料  第5辑_14047351
RSEM-0117,IFACT-158eaa37e310b6386732e674,control,IFACT-e2a036eda2e97267665fc888,"['中共泸西县党史资料  第2辑 （1950-1956年）', '盘江烽火_13403083', '红河州党史资料  武装斗争专辑  下_11441843']",3,ffb551efed35b3c9,红河州党史资料  武装斗争专辑  下_11441843
RSEM-0118,IFACT-5c748d3e2673c92e0e559463,changed,,"['成都党史资料  新华日报成都营业分处史稿_11483242', '蜀都中学党史资料汇编_12010780', '蜀都中学党史资料汇编_12010780 (2)']",3,a9b8c3f53798392f,蜀都中学党史资料汇编_12010780
RSEM-0119,IFACT-525f9cdc84d6112e470dccc5,control,IFACT-f6437a920d29688f94c35704,['中共党史人物传  第32卷'],3,4c7e24f3bd43ac97,中共党史人物传  第32卷
RSEM-0120,IFACT-320064ced7a8d4f2297df3ef,changed,,"['中共党史人物传  第19卷', '中共泸西县党史资料  第1辑  新民主主义革命时期_14237315', '安宁县党史资料  第一辑  1927.2—1950.4_12021591']",3,f7a50da9c43c43e2,中共党史人物传  第19卷
RSEM-0121,IFACT-414dec6152b2d2201a0f7a80,changed,,"['中共党史人物传  第34卷', '涪陵地区党史资料  总第1期  专辑  湘鄂川黔革命根据地历史资料  四川部分_12021631', '涪陵地区党史资料  总第1期  专辑  湘鄂川黔革命根据地历史资料  四川部分_12021631 (2)']",3,bc9c58c9d5f0ec4c,涪陵地区党史资料  总第1期  专辑  湘鄂川黔革命根据地历史资料  四川部分_12021631
RSEM-0122,IFACT-34bcf6df404e8bfbe14cc9c6,changed,,"['江北县党史资料汇编  第2辑  解放战争时期_12000849', '江北县党史资料汇编  第2辑  解放战争时期_12000849 (2)']",2,018bf1e41653575b,江北县党史资料汇编  第2辑  解放战争时期_12000849
RSEM-0123,IFACT-b37c1c502aebbe6823cd8ff8,control,IFACT-6db6f459ab6912eb0ff9c453,"['中共党史人物传  第24卷', '中共党史人物传  第25卷']",3,1c3ab703f6e68c52,中共党史人物传  第24卷
RSEM-0124,IFACT-fc800487b854513dceb9dda8,control,IFACT-b83beda602ab84aa02162b39,['武汉城工史料  中共鄂豫三地委城工部史料专辑_12277272'],3,6bfa276cea1b0379,武汉城工史料  中共鄂豫三地委城工部史料专辑_12277272
RSEM-0125,IFACT-4cf69056afbe8fa303d76c04,control,IFACT-e640155606d309056e1811a8,"['中国共产党编年史1932年卷', '巴中县党史资料  第1辑_12021136', '旺苍党史资料  红军在旺苍  第3辑_11999518']",3,e1a9aa6edc808f19,中国共产党编年史1932年卷
RSEM-0126,IFACT-5326c39fa78ade3c09214ff4,control,IFACT-5d7908bfa55ec27db3f9cc33,"['中共党史人物传  第06卷', '中国共产党编年史1930年卷']",3,6a5a12bb05f35960,中共党史人物传  第06卷
RSEM-0127,IFACT-1a5520876108edcaa73c9e00,control,IFACT-178741c7064a8a94f677e7ec,['中共蒙自县党史资料  第2辑_11441837'],1,be8ed6d3103ca38d,中共蒙自县党史资料  第2辑_11441837
RSEM-0128,IFACT-fe00b024b544037dc0520d84,changed,,['中共南昌城工部史料汇编  订正本'],1,e5f3097ec32de4c6,中共南昌城工部史料汇编  订正本
RSEM-0129,IFACT-259dd8eaf46990540471c344,changed,,['中共南溪县地方党史资料汇编  1921-1949_11441788'],1,cb97c9d5bf7ff2c5,中共南溪县地方党史资料汇编  1921-1949_11441788
RSEM-0130,IFACT-abf977f3d4aff35738e69028,control,IFACT-0f1da5ce5fe4a13f104e12d2,"['怀化党史资料 第1辑  怀化剿匪史_11448558', '芷江剿匪_11448540', '黔阳党史资料 2 中共黔阳党史大事年表_11448553']",3,8d398f7d1db11ac3,怀化党史资料 第1辑  怀化剿匪史_11448558
RSEM-0131,IFACT-9b4ef3403c28f2e86bfacc65,changed,,['仁怀县党史资料_12485140'],1,de202e32a220eba8,仁怀县党史资料_12485140
RSEM-0132,IFACT-9b836bc48dddef1187768c8c,control,IFACT-cc812751343d057cfbc41e35,['贵阳党史资料专辑  抗战胜利四十周年_11441776'],1,9c6cb835f5a2050b,贵阳党史资料专辑  抗战胜利四十周年_11441776
RSEM-0133,IFACT-86074573f15a93f17f5e49cc,changed,,"['中共党史人物传  第20卷', '中华人民共和国史长编 第三卷 1966—1978_12601696', '株洲党史资料  民主革命时期  第1辑_11441688']",3,b9f4b8fc5dd2fcb5,株洲党史资料  民主革命时期  第1辑_11441688
RSEM-0134,IFACT-165928ee40d8c5c9c219846f,control,IFACT-f7e46c83bd320ca27d955bfa,"['中共綦江县党史资料汇编  第1辑_11449486', '中共綦江县党史资料汇编  第1辑_11449486 (2)']",3,fba13e57d4f91a7a,中共綦江县党史资料汇编  第1辑_11449486
RSEM-0135,IFACT-040b575dc2dbfd09147fb1c3,control,IFACT-00ecc131e889ca3d318361df,['平武党史资料汇编  第一辑_12021021'],2,ce33ff1d8101ea3c,平武党史资料汇编  第一辑_12021021
RSEM-0136,IFACT-bf8b9ef4247b97b85e9d90d9,changed,,"['中国共产党编年史1939年卷', '北碚党史资料汇编  第4辑_12010686', '北碚党史资料汇编  第4辑_12010686 (2)']",3,cd4f073b00416781,北碚党史资料汇编  第4辑_12010686 (2)
RSEM-0137,IFACT-ea0e9bba2e561b771c41c9b2,control,IFACT-84fc79980a5bb4f4264895af,['中共横峰党史资料'],2,66cdf76414477a20,中共横峰党史资料
RSEM-0138,IFACT-7db8613f870c395e15ecfca8,changed,,"['中共党史人物传  第47卷', '巴中县党史资料  第7辑_12010793']",2,1960e7d29c38f73a,巴中县党史资料  第7辑_12010793
RSEM-0139,IFACT-7f53ca3756cc075668cb6e42,changed,,['新民主主义革命时期  宣威党史资料  2  统战工作专辑_11441825'],1,b1b14a93d1c44940,新民主主义革命时期  宣威党史资料  2  统战工作专辑_11441825
RSEM-0140,IFACT-f6bfbdf4ca98bf3568bc1bda,changed,,"['中国共产党编年史1938年卷', '长宁区英烈志_10394374']",3,dfe78f5edf8f8677,中国共产党编年史1938年卷
RSEM-0141,IFACT-c8b8d941fd760acff0e39017,changed,,"['曲靖党史资料  第5辑  中共曲靖地区党史大事记  1926.7-1950.3_11441812', '滇桂黔边区罗盘区党史资料_11441580']",2,2268ce9fc52d36f6,曲靖党史资料  第5辑  中共曲靖地区党史大事记  1926.7-1950.3_11441812
RSEM-0142,IFACT-5a50c50e3a7e8bd31468adad,control,IFACT-15ca4ce9548e1e1ea0e14ec7,"['中共龙陵县地方党史资料汇编  1925—1950.3_12021126', '中国共产党滇西工委滇西北地委史料选编  上_11441575', '保山地区党史资料选编  第1辑  1925-1950.3_11441810']",3,863b0606d7914663,中国共产党滇西工委滇西北地委史料选编  上_11441575
RSEM-0143,IFACT-4e801991025793c452ae6474,changed,,"['中共党史人物传  第12卷', '大后方的建设和民主运动的开展  第七卷  第五册']",3,fd9a49c4d69d19a7,大后方的建设和民主运动的开展  第七卷  第五册
RSEM-0144,IFACT-cf34ed01bae9f110033413c8,control,IFACT-c09713e60845fd8199a018fe,"['中共党史人物传   第04卷', '中共南溪县地方党史资料汇编  1921-1949_11441788']",2,aa375cc8c181a730,中共党史人物传   第04卷
RSEM-0145,IFACT-120764e90812d2b43046ba4e,changed,,"['北碚党史资料汇编  第7辑_12010685', '北碚党史资料汇编  第7辑_12010685 (2)']",2,b14f07fead4a6ca9,北碚党史资料汇编  第7辑_12010685
RSEM-0146,IFACT-51797d040754afd0bbff7e66,control,IFACT-037dec674d49fd4e905f80d3,"['六盘水党史资料  1  民主革命时期党在六盘水的革命活动_13312137', '郎岱风云  六枝党史资料丛书第3辑_12926483']",3,64207cd476b86f55,六盘水党史资料  1  民主革命时期党在六盘水的革命活动_13312137
RSEM-0147,IFACT-66b3c4514172254d13dbeaf9,changed,,['曲靖党史资料  第5辑  中共曲靖地区党史大事记  1926.7-1950.3_11441812'],1,61d124bc28530eac,曲靖党史资料  第5辑  中共曲靖地区党史大事记  1926.7-1950.3_11441812
RSEM-0148,IFACT-0b8e1be9be9ec293275e3cbf,control,IFACT-b6c5e56e4e79d17b4d35c96f,[''],1,a83f6a9f1f3dbcd5,
RSEM-0149,IFACT-f7e46c83bd320ca27d955bfa,changed,,"['中共党史人物传  第05卷', '中共党史人物传  第07卷', '中共党史人物传  第48卷']",3,8974b1027cb09b91,中共党史人物传  第48卷
RSEM-0150,IFACT-f0b9bbbe814ff689050f491e,control,IFACT-a55721c0643acd19120d0c14,"['中共德宏州党史资料选编  第2辑_10330284', '中国共产党滇西工委滇西北地委史料选编  上_11441575', '保山地区党史资料选编  第1辑  1925-1950.3_11441810']",3,8b43b1e086bbd6a4,保山地区党史资料选编  第1辑  1925-1950.3_11441810
RSEM-0151,IFACT-10c48dc2dd25e52549f5324d,changed,,"['中共党史人物传  第48卷', '湘潭县党史资料  第2辑_11441682', '衡山党史资料  第1辑_11441719']",3,0163f5266d1449c3,湘潭县党史资料  第2辑_11441682
RSEM-0152,IFACT-ef6ed8952b2d0a995efbb611,changed,,['云南师范大学解放战争时期党史资料文集_12007614'],1,4f9b264937e2860e,云南师范大学解放战争时期党史资料文集_12007614
RSEM-0153,IFACT-f7977433a8a9c9c035a50a3b,changed,,['红军长征过禄劝  中共禄劝彝族苗族自治县委党史资料专辑_12020639'],1,69d6323cc1b09455,红军长征过禄劝  中共禄劝彝族苗族自治县委党史资料专辑_12020639
RSEM-0154,IFACT-4b72ed8c21cd9eeb3c0372f4,control,IFACT-0e81632cfa36a99c677ac924,"['中共党史人物传  第26卷', '中共党史人物传  第32卷']",3,7b6c4b165588d8f0,中共党史人物传  第32卷
RSEM-0155,IFACT-33b4b0a608bcb47ef251fa88,changed,,"['江津县党史资料选辑_11449501', '江津县党史资料选辑_11449501 (2)']",2,05b50e4fb1e785d3,江津县党史资料选辑_11449501 (2)
RSEM-0156,IFACT-faf323bc63ccda7beccf12e4,control,IFACT-7ca5b045d53c12434831b6a9,['毕节地区党史资料丛书  14  撼地惊天  毕节地区土地改革运动_13305518'],1,6540269ad157b627,毕节地区党史资料丛书  14  撼地惊天  毕节地区土地改革运动_13305518
RSEM-0157,IFACT-3024c19465de92add5c9f8f0,changed,,['华蓥山游击队_10835974'],1,c82d425f35240632,华蓥山游击队_10835974
RSEM-0158,IFACT-51a2f6b03c351acb04a81283,changed,,"['中共党史人物传  第05卷', '中共党史人物传  第21卷', '中共党史人物传  第50卷']",3,c2dc0f069a238168,中共党史人物传  第21卷
RSEM-0159,IFACT-16bbea0349ebe98a5f66d793,control,IFACT-c3e5d10a5e08f9160cb9defb,"['铜梁党史资料汇编  第1集  1922-1949_14069475', '铜梁党史资料汇编  第1集  1922-1949_14069475 (2)']",3,30a22f39d85ad6f4,铜梁党史资料汇编  第1集  1922-1949_14069475
RSEM-0160,IFACT-ce1d60e942c0f1338e6b0cf3,changed,,['云南师范大学解放战争时期党史资料文集_12007614'],1,c2608dbebdcecccb,云南师范大学解放战争时期党史资料文集_12007614
RSEM-0161,IFACT-c5c032b8b935f49ba7b28810,control,IFACT-d189f242ff91f360542bdb4c,['黔东南的解放和剿匪斗争_1335538'],1,07e4d0c59f1325ad,黔东南的解放和剿匪斗争_1335538
RSEM-0162,IFACT-7a7764e10ade857336b91ba9,changed,,['中共横峰党史资料'],2,d13f6ba85e8b697d,中共横峰党史资料
RSEM-0163,IFACT-41caa0b9b70195afff246a54,changed,,"['中共党史人物传第39卷', '泰州党史资料  第1辑 一战二战时期革命文献_11449686', '鄂南党史文献资料  第1辑_11449301']",3,a1d624a24eb18804,中共党史人物传第39卷
RSEM-0164,IFACT-8649e7b03f785561261767d5,control,IFACT-f943c0263800e71e16c8661b,"['中共党史人物传  第28卷', '中共宜昌地区党史专题汇编  1921-1949_10273535', '中共早期关于武装斗争的认识与革命道路的探索  第三卷  第四册']",3,36d1795f5c957f3c,中共早期关于武装斗争的认识与革命道路的探索  第三卷  第四册
RSEM-0165,IFACT-5107efdbb8693401eb4c6359,control,IFACT-5f44afd6eda46fcf1aa9353e,"['沭阳县党史资料  第1辑  沭水东流_11449124', '沭阳县党史资料  第4辑  沭水东流_11449127']",2,2e4b4c12d59e3543,沭阳县党史资料  第4辑  沭水东流_11449127
RSEM-0166,IFACT-dce05bceb1d68c3073029c8a,control,IFACT-8131577b0ab235c74535a4b5,['休宁党史资料选编  1919-1949_11449656'],1,e5dd1cbda101e4a8,休宁党史资料选编  1919-1949_11449656
RSEM-0167,IFACT-ff3182c748161a0da0e8819b,control,IFACT-3024c19465de92add5c9f8f0,['中共党史人物传  1--50卷  索引'],1,9d923ef4f0802d68,中共党史人物传  1--50卷  索引
RSEM-0168,IFACT-223e92784c6d6373fa59c34b,control,IFACT-c3e20b106d435a8a342b882a,['安县党史资料汇编  1927-1949_11999515'],3,fb3438396e638ad4,安县党史资料汇编  1927-1949_11999515
RSEM-0169,IFACT-c5a1d11688d01fdc3093e4d6,control,IFACT-2b917f7de69186e884304f8a,"['国防和军队建设  第十二卷  第一册', '大方党史资料  第3辑  大方解放初期的斗争_11449969', '大方县党史参考资料  第11辑  大方县解放斗争史座谈会资料之二  大方县解放斗争回忆录  上_11450115']",3,21e2adc6ec922ab2,大方县党史参考资料  第11辑  大方县解放斗争史座谈会资料之二  大方县解放斗争回忆录  上_11450115
RSEM-0170,IFACT-8b9f928c3e9693c34b1086a4,changed,,['赣州市党史资料汇编 1919-1949_13198516'],1,61d788efdec5cd03,赣州市党史资料汇编 1919-1949_13198516
RSEM-0171,IFACT-39170e10841fa09217f91315,changed,,"['中共党史人物传  第35卷', '中共党史人物传第36卷']",2,4419dd2d6a087106,中共党史人物传  第35卷
RSEM-0172,IFACT-0544525fd8c6ef7a46965d08,changed,,"['万里风云  十三集团军史料选编_11796989', '中共党史人物传  第42卷']",2,8f6d8b9e67116a6b,万里风云  十三集团军史料选编_11796989
RSEM-0173,IFACT-9f144b1cafcc371293665da1,control,IFACT-8105790e5b5f84594b628a8e,"['江北县党史资料汇编  第2辑  解放战争时期_12000849', '江北县党史资料汇编  第2辑  解放战争时期_12000849 (2)']",2,a8c03e65d2f3f22e,江北县党史资料汇编  第2辑  解放战争时期_12000849 (2)
RSEM-0174,IFACT-849abf93ace82836d309f677,changed,,['昭通地区党史资料  2  学生运动史料选编  民主革命时期_11441830'],1,d60f6d049b95f0f8,昭通地区党史资料  2  学生运动史料选编  民主革命时期_11441830
RSEM-0175,IFACT-0fec550cbd315702e472a985,control,IFACT-47aeadbfbc258afe1ed3f049,"['中共元谋县党史资料  第一辑  1935.5—1950.3_12020638', '中共党史人物传  第22卷', '中共江川县党史资料  第1辑_11441811']",3,654641a767006602,中共元谋县党史资料  第一辑  1935.5—1950.3_12020638
RSEM-0176,IFACT-1ab572cf07e3811c78bec13f,changed,,"['中共党史人物传  第40卷', '中共芜湖地方史资料丛书 中江烽火_11448723']",3,a5a1982f88826d2f,中共党史人物传  第40卷
RSEM-0177,IFACT-cac3c9f5025ae9a580e4094d,changed,,"['中共党史人物传  第18卷', '中共党史人物传  第41卷']",3,bab0b55c54ee8636,中共党史人物传  第18卷
RSEM-0178,IFACT-f992404d1896a1b8a936c21e,changed,,['中共党史人物传  第22卷'],2,241e04a2060ce472,中共党史人物传  第22卷
RSEM-0179,IFACT-b6c5e56e4e79d17b4d35c96f,changed,,['云南师范大学解放战争时期党史资料文集_12007614'],1,bf871676b3c93952,云南师范大学解放战争时期党史资料文集_12007614
RSEM-0180,IFACT-c43c442403c17d3a373fd109,changed,,"['中共党史人物传  第01卷', '中共党史人物传  第35卷', '中共党史人物传第36卷']",3,f1e47b82728a6d5a,中共党史人物传  第35卷
RSEM-0181,IFACT-0034d707c4e13c33b56b345e,control,IFACT-1f2e5e97616a669dba8bf4b5,['安顺地区党史资料  3  回顾安顺解放  1949-1956_11449986'],1,be8463f35ebf32a1,安顺地区党史资料  3  回顾安顺解放  1949-1956_11449986
RSEM-0182,IFACT-68beb486040f08522396b639,control,IFACT-be6b733e0543241d62acf2dd,['曲靖党史资料  第4辑  新民主主义革命时期学生运动史料选编_11441835'],1,2e3ad4f2b5351a34,曲靖党史资料  第4辑  新民主主义革命时期学生运动史料选编_11441835
RSEM-0183,IFACT-fe3b272c1606972d9f17fb8f,changed,,"['中共党史人物传  第50卷', '中共党史人物传  第51卷', '为历史转折作准备  第十六卷  第二册']",3,0609a1f331f9db42,为历史转折作准备  第十六卷  第二册
RSEM-0184,IFACT-ab4c39f09309436d63691ea2,changed,,['中共党史人物传  第50卷'],1,d170012cdc17d264,中共党史人物传  第50卷
RSEM-0185,IFACT-7d1fca21abd6f8778f480c0e,changed,,['旺苍党史资料  红军在旺苍  第3辑_11999518'],1,5f537469b0d5ad2a,旺苍党史资料  红军在旺苍  第3辑_11999518
RSEM-0186,IFACT-21f7b46ee3b4bae257071adc,control,IFACT-cc6ccdef890f85e2e29e41f3,['中共西双版纳傣族自治州党史资料  解放战争时期  第1辑_11449370'],1,7486654a87ba7cdd,中共西双版纳傣族自治州党史资料  解放战争时期  第1辑_11449370
RSEM-0187,IFACT-31590bceccb35c4e68f6b75c,changed,,"['中国共产党清江县党史资料  第1辑_13198535', '樟树党史资料_11448145']",2,27b91f4f16e73197,樟树党史资料_11448145
RSEM-0188,IFACT-0bd4577b75792dedf980a11b,changed,,"['中国共产党毕节地区历史资料征编研大事记  1981.2.18-1999.1.12_13312116', '毕节地区党史资料丛书  17  中国共产党毕节地区历史资料征编研大事记  1981.2.18-1999.1.12_13312116']",2,3c96b3c59fb4f642,毕节地区党史资料丛书  17  中国共产党毕节地区历史资料征编研大事记  1981.2.18-1999.1.12_13312116
RSEM-0189,IFACT-7d16c557aae76b8bb5a0e4ff,changed,,['青海省革命遗址通览(1)'],3,038bb0e77af75eb0,青海省革命遗址通览(1)
RSEM-0190,IFACT-e530b0843978df7fb4ad509e,control,IFACT-d922fa42bbafdcfc42110d1b,"['中共上饶市党史资料_13657489', '中共党史人物传  第06卷', '中共潼南县党史资料汇编  第1辑_11449490']",3,da3fb700eccfe818,中共党史人物传  第06卷
RSEM-0191,IFACT-4a3ad73d05f0fe7a44dad7e5,control,IFACT-078a2276c5ccfc7c0ad0319d,"['中国共产党编年史1943年卷', '滇桂黔边区罗盘区党史资料_11441580', '衡山党史资料  第1辑_11441719']",3,d119497a86d9a637,中国共产党编年史1943年卷
RSEM-0192,IFACT-7875aecb93b55eb0b24f84b6,control,IFACT-de704b00cdda85e0f500a758,[''],1,d957ac23f6f52589,
RSEM-0193,IFACT-078a2276c5ccfc7c0ad0319d,changed,,['回顾黔东南解放  第2辑_11449403'],1,406b2f9c4c4282aa,回顾黔东南解放  第2辑_11449403
RSEM-0194,IFACT-aad172f950d1dc44a89e65f8,control,IFACT-911c2134c2530aa3f499c082,"['中共党史人物传  第18卷', '中共党史人物传  第28卷', '中共党史人物传  第50卷']",3,b27cea83c2a5c6ce,中共党史人物传  第28卷
RSEM-0195,IFACT-32c6b8f0fe76af5d94b4361f,changed,,"['中共党史人物传  第49卷', '中华人民共和国史长编 第七卷 人物卷_12601694', '中国共产党编年史1927年卷']",3,a9068b2de538764a,中国共产党编年史1927年卷
RSEM-0196,IFACT-8131577b0ab235c74535a4b5,changed,,"['中共綦江县党史资料汇编  第3辑_11449488', '中共綦江县党史资料汇编  第3辑_11449488 (2)']",2,480d353209ee8150,中共綦江县党史资料汇编  第3辑_11449488
RSEM-0197,IFACT-a3c939c0319c47baba82a82b,changed,,"['中国共产党编年史1941年卷', '红军在酉阳  酉阳县党史资料  总第1期_13980129', '红军在酉阳  酉阳县党史资料  总第1期_13980129 (2)']",3,ed466166d7d9c4f3,红军在酉阳  酉阳县党史资料  总第1期_13980129
RSEM-0198,IFACT-9cf1e7cbdbbad929ca2a2732,control,IFACT-9c69f0a106197b01dbe1f486,['中共党史人物传  第46卷'],1,944f00d1b9576045,中共党史人物传  第46卷
RSEM-0199,IFACT-b551dc4a1bf820def6a4eb26,control,IFACT-320fc6990b44ba4c911834c4,"['中国共产党编年史1947年卷', '光辉的足迹：闵行党史资料文集_11448247', '怀宁党史资料选编  1919-1949_11449664']",3,17c561525c1bce63,光辉的足迹：闵行党史资料文集_11448247
RSEM-0200,IFACT-7f96ef0c5d37c7dfe2b4cc32,control,IFACT-4e801991025793c452ae6474,"['中华人民共和国史长编 第七卷 人物卷_12601694', '大后方的建设和民主运动的开展  第七卷  第二册', '泰州党史资料  第2辑 抗日战争时期革命文献_11449687']",3,83f05486136fa8fd,中华人民共和国史长编 第七卷 人物卷_12601694
RSEM-0201,IFACT-d35f55e9daa0ed45a11e2354,changed,,['中国共产党荣昌县地方党史资料选集  第一集  1926-1949_12020859'],1,675b32fe96935027,中国共产党荣昌县地方党史资料选集  第一集  1926-1949_12020859
RSEM-0202,IFACT-fb242d4e6c6dd1f96607890e,changed,,['南京党史资料  5_13022475'],1,bef485f1f0da20ca,南京党史资料  5_13022475
RSEM-0203,IFACT-5878d7dd31da5550f27c79a3,changed,,[''],1,a832c2858a2a10b6,
RSEM-0204,IFACT-6b332123327ad9024c42deca,changed,,['曲靖党史资料  第6辑  曲靖地区党史人物烈士传略_12007613'],1,705b0c23226b3dae,曲靖党史资料  第6辑  曲靖地区党史人物烈士传略_12007613
RSEM-0205,IFACT-a67b07233b30b5e4e5c24574,control,IFACT-130b62dd204a194a1dcd6674,"['中共党史人物传  第29卷', '南京党史资料  3_13022472', '抗日民族统一战线的推进与全名族抗战  第五卷  第四册']",3,ddf0b920bba2242d,抗日民族统一战线的推进与全名族抗战  第五卷  第四册
RSEM-0206,IFACT-5604a7d5e98b99abd1f7a3b5,control,IFACT-f1f661295ea51a755f72687f,"['中共宿蒙县南坪区党史资料征求意见稿  1943.12-1949.3', '中共綦江县党史资料汇编  第1辑_11449486 (2)', '中共綦江县党史资料汇编  第3辑_11449488']",3,6c131306f4956ab0,中共宿蒙县南坪区党史资料征求意见稿  1943.12-1949.3
RSEM-0207,IFACT-a83df9fb8ef3cb0bc3d9e206,changed,,['中共党史人物传  第30卷'],1,6685d24992fdd3e6,中共党史人物传  第30卷
RSEM-0208,IFACT-f55286955958db9c5c64d210,control,IFACT-66e3f33675cb08c240dad231,"['中共党史人物传  第06卷', '中共党史人物传  第49卷', '中国共产党编年史1930年卷']",3,2d80220c46619868,中共党史人物传  第49卷
RSEM-0209,IFACT-856c089edb5662b7a7e6deda,changed,,['泗洪党史资料  第四辑_12020978'],1,c581c9694436b890,泗洪党史资料  第四辑_12020978
RSEM-0210,IFACT-2790f6e0564a030884674dae,control,IFACT-fce4269b651413d0afb86c07,"['中共党史人物传  第25卷', '中共党史人物传  第46卷', '中共党史人物传  第49卷']",3,1dbe28c998b79b19,中共党史人物传  第25卷
RSEM-0211,IFACT-994099e1629d0422dac9097a,changed,,['中国共产党丰都县党史资料汇编  1  激流涌进_11449167'],1,6ae8eda9ac9410d8,中国共产党丰都县党史资料汇编  1  激流涌进_11449167
RSEM-0212,IFACT-0cc2798f7f67dc2ddc51907c,changed,,['南京党史资料  15_14094938'],1,0c6293cd735adc10,南京党史资料  15_14094938
RSEM-0213,IFACT-195b53aa66b7604cb680b525,control,IFACT-f9d1fdc5f483c91eb0276f9a,['濉溪党史资料  1  1919-1949_11999514'],3,aa1a7c3c5a4836ce,濉溪党史资料  1  1919-1949_11999514
RSEM-0214,IFACT-f597fa8739bd33382b77fd35,changed,,['中国共产党编年史1932年卷'],1,4dc3839e49987d91,中国共产党编年史1932年卷
RSEM-0215,IFACT-7d06342635331b77bf822967,changed,,"['中国共产党丰都县党史资料汇编  1  激流涌进_11449167', '中国共产党丰都县党史资料汇编  1  激流涌进_11449167 (2)', '中国共产党编年史1942年卷']",3,d84fc141730f6d0c,中国共产党丰都县党史资料汇编  1  激流涌进_11449167 (2)
RSEM-0216,IFACT-037dec674d49fd4e905f80d3,changed,,"['江北县党史资料汇编  第3辑（1919.5—1937.7）', '江北县党史资料汇编  第3辑（1919.5—1937.7） (2)']",2,6255cf2e6b26a6ac,江北县党史资料汇编  第3辑（1919.5—1937.7）
RSEM-0217,IFACT-0609bb8a30ccad77cce40d53,changed,,['中共党史人物传  第25卷'],3,0529c58299c68825,中共党史人物传  第25卷
RSEM-0218,IFACT-945cc273e9eef984523440c8,changed,,"['大方党史资料  第4辑  大方解放初期的斗争  续集_14027690', '毕节地区党史资料丛书  乌蒙伏虎-毕节地区清匪反霸史料汇编  讨论稿  上_12926328']",2,6d928abea0ddff33,毕节地区党史资料丛书  乌蒙伏虎-毕节地区清匪反霸史料汇编  讨论稿  上_12926328
RSEM-0219,IFACT-3097ebe7eb0b40f6cf9249ba,changed,,['回顾黔东南解放  第2辑_11449403'],1,e7c658d515510a2c,回顾黔东南解放  第2辑_11449403
RSEM-0220,IFACT-54a422d5808e7ccec67109e8,control,IFACT-178c1c6aedb18c1dfbb4c6a6,"['湘南起义文献集_14468654', '祁山丰碑 民主革命时期祁阳党史资料汇编', '雷公山地区合围']",3,a6c46d98fb230708,祁山丰碑 民主革命时期祁阳党史资料汇编
RSEM-0221,IFACT-9ede0726c0b0a2e6e7b3e5e3,control,IFACT-369deb60c501f6ef7835a773,"['中共党史人物传  第05卷', '中共党史人物传  第08卷', '黔西南州党史资料  第三辑_12918044']",3,b0719c90bff39739,中共党史人物传  第08卷
RSEM-0222,IFACT-99f336995ec089c7805dd382,changed,,"['安顺地区党史资料  2  安顺星火：记地下党在安顺地区的活动  1934-1949_11449985', '紫云党史资料  2  中共地下党在紫云活动史料_11449971']",2,5f83fc2f45660ffd,紫云党史资料  2  中共地下党在紫云活动史料_11449971
RSEM-0223,IFACT-30b3c25bd2d16da1dfd9c788,changed,,['中国共产党编年史1940年卷'],1,d45d4a95e82e9913,中国共产党编年史1940年卷
RSEM-0224,IFACT-b405ce64278ab4d44585c29b,control,IFACT-3ca68c988ca2114c5857f47b,"['1', '中共早期关于武装斗争的认识与革命道路的探索  第三卷  第一册', '中国共产党编年史1939年卷']",3,c50b9265ff5d8bdd,1
RSEM-0225,IFACT-6613bb124a80ba38dc48dc15,changed,,"['中共党史人物传  第20卷', '中共党史人物传  第22卷', '中共党史人物传  第42卷']",3,bcdd4c81d177f305,中共党史人物传  第22卷
RSEM-0226,IFACT-b5c5488cc620b53a059bfe46,control,IFACT-203775fb1c8327198d0ccdde,"['中共元江县党史资料  民主革命时期  1945-1950.2_12000305', '血染的土地  纪念鹤峰苏区创建六十周年_10227365']",3,97d2b775a89265f6,血染的土地  纪念鹤峰苏区创建六十周年_10227365
RSEM-0227,IFACT-55d517571799de31ce307391,changed,,"['中共党史人物传  第09卷', '桃江党史资料  第一辑_12060253', '赫章县党史资料丛书  7  席大明烈士传略']",3,c9afd1ef57c28b5e,中共党史人物传  第09卷
RSEM-0228,IFACT-a85411b1f0eef99482c13cff,changed,,"['中共綦江县党史资料汇编  第1辑_11449486', '中共綦江县党史资料汇编  第1辑_11449486 (2)']",2,2d1d1e29657369e8,中共綦江县党史资料汇编  第1辑_11449486 (2)
RSEM-0229,IFACT-4958c488e9f6c04b3f40cee7,changed,,['战斗的天长  抗日史料专辑_11448720'],1,d07ab1020039347e,战斗的天长  抗日史料专辑_11448720
RSEM-0230,IFACT-32ec541ebce7cbe56d1401e8,control,IFACT-b194f6f72d029a762b99ea69,['中国共产党遂宁市党史资料汇编  1926-1949_11449200'],3,230dec4b7f949873,中国共产党遂宁市党史资料汇编  1926-1949_11449200
RSEM-0231,IFACT-c0e1846d4d8fe53af3382fc4,control,IFACT-0609bb8a30ccad77cce40d53,"['中共綦江县党史资料汇编  第3辑_11449488', '中共綦江县党史资料汇编  第3辑_11449488 (2)']",2,6dcce5e3a7cc6a40,中共綦江县党史资料汇编  第3辑_11449488
RSEM-0232,IFACT-ba3c77ded1e05d484609d26d,changed,,['曲靖党史资料  第6辑  曲靖地区党史人物烈士传略_12007613'],1,89b226146b32fb55,曲靖党史资料  第6辑  曲靖地区党史人物烈士传略_12007613
RSEM-0233,IFACT-6e82a21118c3fda9be6f42ef,control,IFACT-9e7f909505bcd015b6dfd193,['武汉城工史料  中共鄂豫三地委城工部史料专辑_12277272'],1,c68aa4e698212983,武汉城工史料  中共鄂豫三地委城工部史料专辑_12277272
RSEM-0234,IFACT-f2439caa4186d8254d2a8854,control,IFACT-0779571562e24d671072fe95,"['中共上饶市党史资料_13657489', '中共开化党史资料_13702933', '黄山红旗_11448363']",3,7f05670f37a1a95f,中共上饶市党史资料_13657489
RSEM-0235,IFACT-3f34172941e954637e38723b,control,IFACT-414dec6152b2d2201a0f7a80,"['毕节地区党史资料丛书  1  中国共产党毕节地区党史大事记  修正稿  1933年-1949年_12918012', '毕节地区党史资料丛书  26  龙腾乌蒙山  潮涌黔西北_13404493', '毕节地区党史资料丛书  33  毕节地区党史人物传略_13404495']",3,f105dd3f2d2283a4,毕节地区党史资料丛书  33  毕节地区党史人物传略_13404495
RSEM-0236,IFACT-f74df9b32cf0f56d9794436e,control,IFACT-897b00f0dc488df8143a327d,['武汉城工史料  中共鄂豫三地委城工部史料专辑_12277272'],1,90b20960aeaace0a,武汉城工史料  中共鄂豫三地委城工部史料专辑_12277272
RSEM-0237,IFACT-0573b83d087145a163465330,control,IFACT-6e31486fb4d418dc65b36456,"['中共威远县地方党史资料汇编  1920年-1949年  第1辑_11449185', '中共潼南县党史资料汇编  第1辑_11449490', '中共潼南县党史资料汇编  第1辑_11449490 (2)']",3,c7020f715352b9e3,中共潼南县党史资料汇编  第1辑_11449490 (2)
RSEM-0238,IFACT-e05376e107bf925430262204,control,IFACT-aca69df8bd83ec72d9b6ab7d,"['中华人民共和国史长编 第一卷 1949—1956_12601361', '南漳党史资料选编_12010378']",3,404abbf2a629c872,中华人民共和国史长编 第一卷 1949—1956_12601361
RSEM-0239,IFACT-1001de91cf1d9dea68824e99,control,IFACT-b26dd65bff47cc87f0d8ab6c,"['中共党史人物传  第29卷', '铜山党史资料  第8辑  铜北风云录_11449121']",2,7b2163b4d0656500,中共党史人物传  第29卷
RSEM-0240,IFACT-41e09a02da526a6cc9951de9,changed,,['中共南溪县地方党史资料汇编  1921-1949_11441788'],1,ec19f9fdedda98cc,中共南溪县地方党史资料汇编  1921-1949_11441788
RSEM-0241,IFACT-e763ecded30bc66c0bc0cd87,control,IFACT-3aae1fb982e6b53594e2bd99,"['蚌埠党史资料  第3辑_12005917', '蚌埠党史资料  第6辑_11448703', '蚌埠党史资料  第8辑_11448705']",3,ff50835ef4199b8e,蚌埠党史资料  第6辑_11448703
RSEM-0242,IFACT-2b917f7de69186e884304f8a,changed,,['中共元江县党史资料  民主革命时期  1945-1950.2_12000305'],1,18eafe26f4c8967d,中共元江县党史资料  民主革命时期  1945-1950.2_12000305
RSEM-0243,IFACT-f28d6971e4ce299d92edb502,control,IFACT-f2af2b6323d66ecd14b46a88,"['中共党史人物传  第50卷', '中国向何处去的战略抉择  第九卷  第一册']",3,a3b23af7b00dbb23,中国向何处去的战略抉择  第九卷  第一册
RSEM-0244,IFACT-67e7dd547cf6b0cf068857c2,changed,,"['中共綦江县党史资料汇编  第4辑_11449489', '中共綦江县党史资料汇编  第4辑_11449489 (2)', '北碚党史资料汇编-纪念中国共产党成立80周年 (2)']",3,8f960841e472f8bf,中共綦江县党史资料汇编  第4辑_11449489
RSEM-0245,IFACT-d3c39164c36e8040aac8f0cf,control,IFACT-2cb3eda24721bad93d8b0a28,['中央红军过仁怀_12440966'],1,d42ce23b98db16ee,中央红军过仁怀_12440966
RSEM-0246,IFACT-320fc6990b44ba4c911834c4,changed,,"['中共党史人物传  第23卷', '中共党史人物传  第24卷']",3,b0c6a1339a6afd3b,中共党史人物传  第24卷
RSEM-0247,IFACT-d136a79ebd5f949c1bbfce0d,changed,,"['中共上饶市党史资料_13657489', '中共党史人物传  第42卷']",3,8d897e71b33b0809,中共党史人物传  第42卷
RSEM-0248,IFACT-172b276f4a77895b82dfb253,changed,,"['东安党史资料选辑  第1辑_11175194', '中共党史人物传  第35卷', '乐安党史资料选辑  第1辑_11448783']",3,b91e919e8347cad3,中共党史人物传  第35卷
RSEM-0249,IFACT-48b290c4d5ce3911ba67423e,changed,,['固镇党史资料  第4辑_11486754'],1,1b9bea4c46e6c8f2,固镇党史资料  第4辑_11486754
RSEM-0250,IFACT-b1ab3f2fd5aaa08fdd66fc41,control,IFACT-4b7c59d4d10825082d0bfe49,"['北碚党史资料汇编  第7辑_12010685', '北碚党史资料汇编  第7辑_12010685 (2)']",3,75695d4edc5225a1,北碚党史资料汇编  第7辑_12010685
RSEM-0251,IFACT-a119ca2844bf0d3dfbc6ba84,control,IFACT-79886c9615ba74c74d44a6db,['黔东纵队_13449471'],3,31ca03c015802b3e,黔东纵队_13449471
RSEM-0252,IFACT-5d57231496023f2f6b33e8b2,control,IFACT-6ec5c54ecbca1d9400a93888,['何功伟烈士纪念文集_11795162'],3,3da181a9b300090d,何功伟烈士纪念文集_11795162
RSEM-0253,IFACT-6f5759819b95f692a9603723,control,IFACT-2b2efabacf9b1a077f878bd7,"['中共党史人物传  第20卷', '中共党史人物传  第25卷', '中共党史人物传  第26卷']",3,8074e442db91d0d7,中共党史人物传  第25卷
RSEM-0254,IFACT-d588dddb1acf3af26d12ad02,changed,,"['中共党史人物传  第30卷', '中共党史人物传  第47卷', '新干党史资料  第2辑']",3,376f12f720d18180,新干党史资料  第2辑
RSEM-0255,IFACT-a77fb491a404c9d80e305795,control,IFACT-856c089edb5662b7a7e6deda,['沅陵党史资料 辰州烽火_11448552'],3,5cc64a2496bf3d3f,沅陵党史资料 辰州烽火_11448552
RSEM-0256,IFACT-c3a63c6533a9cb63fd4da576,control,IFACT-a81edef76d8a956614b2a68b,"['中共元江县党史资料  民主革命时期  1945-1950.2_12000305', '中共威远县地方党史资料汇编  1920年-1949年  第1辑_11449185']",2,a16829c9eae5e416,中共威远县地方党史资料汇编  1920年-1949年  第1辑_11449185
RSEM-0257,IFACT-dbd76b42f2eb7e74ceed9aa6,changed,,"['南京党史资料  11_12010798', '南京党史资料  15_14094938']",3,48947f6a661ad32d,南京党史资料  11_12010798
RSEM-0258,IFACT-84d1e12bbac76b386ebc0560,control,IFACT-a85411b1f0eef99482c13cff,['中共宜都县党史资料汇编  1921-1949_11449396'],1,37f5548e90aafa1f,中共宜都县党史资料汇编  1921-1949_11449396
RSEM-0259,IFACT-5ca5da4feb74c3c579d9e08d,changed,,"['中国工农红军长征经过芦山征访资料汇编  第1辑  各级苏维埃政权建政情况_12179469', '安顺县党史资料  1  红军长征在安顺县_11449966']",3,e327f515a6d3fcbd,安顺县党史资料  1  红军长征在安顺县_11449966
RSEM-0260,IFACT-544240e5793c0070d6080ea9,changed,,"['中共宜昌地区党史专题汇编  1921-1949_10273535', '中共宜都县党史资料汇编  1921-1949_11449396']",3,56890433c9681ec1,中共宜昌地区党史专题汇编  1921-1949_10273535
RSEM-0261,IFACT-7d2f8a527f2c67f0d4708640,control,IFACT-4404741283fd5d6c709b41ee,"['中共党史人物传  第26卷', '中国共产党编年史1949年卷', '沙市党史资料丛书  第一册  总第十一辑_12021012']",3,9600f4f0d34f8145,中国共产党编年史1949年卷
RSEM-0262,IFACT-2aa9d1d5f99bfd3d68d60c34,changed,,"['北碚党史资料汇编  第4辑_12010686', '北碚党史资料汇编  第4辑_12010686 (2)']",3,9cf9f7661453e5bd,北碚党史资料汇编  第4辑_12010686 (2)
RSEM-0263,IFACT-e640155606d309056e1811a8,changed,,"['涟水党史资料  第1辑_11449719', '淮阴党史资料  第18辑']",3,760d12b5ef38487e,淮阴党史资料  第18辑
RSEM-0264,IFACT-5f561115451a75640ac70829,changed,,"['中共党史人物传  第25卷', '中共党史人物传  第43卷', '中共党史人物传  第44卷']",3,79eb7a983742e69e,中共党史人物传  第43卷
RSEM-0265,IFACT-bac44c13d68425d43e255a46,control,IFACT-58adb7c19ba4c9fa6f8b34e2,"['中共仁寿县党史资料选编  （1928～1949）_12049644', '桂溪春雷：接管垫江_11449170', '桂溪春雷：接管垫江_11449170 (2)']",3,66fda1e0e8a36b93,桂溪春雷：接管垫江_11449170
RSEM-0266,IFACT-5a5bc73a5db92ae5efe21ba4,control,IFACT-d5abcca3d12ea5ad8e9a3c6c,['安顺地区党史资料  1  红军长征在安顺_11449984'],1,e7cb08ce3e1912c9,安顺地区党史资料  1  红军长征在安顺_11449984
RSEM-0267,IFACT-23e5fb38c257adeeda3fb8bc,changed,,"['中共党史人物传   第04卷', '中共婺源党史资料']",3,0e29deff7e307692,中共党史人物传   第04卷
RSEM-0268,IFACT-f46a097706ab0af3706691eb,control,IFACT-6f16a0ee2973c40b1a46ac08,"['中共元谋县党史资料  第一辑  1935.5—1950.3_12020638', '安顺地区党史资料  1  红军长征在安顺_11449984', '道县党史资料丛书  工农红军过道州']",3,90f4fced4c9cc0e0,中共元谋县党史资料  第一辑  1935.5—1950.3_12020638
RSEM-0269,IFACT-0949f7baa892f7f2c3043d0a,control,IFACT-b32ed7707a85941fabb03e23,['“四个现代化”战略目标  第八卷  第一册'],1,c2684d1ba90968ac,“四个现代化”战略目标  第八卷  第一册
RSEM-0270,IFACT-079fe010de374d81e8d0381e,changed,,['安顺地区党史资料  4  解放初期的安顺  1949-1956_11449987'],1,6fe7a0e3457a3954,安顺地区党史资料  4  解放初期的安顺  1949-1956_11449987
RSEM-0271,IFACT-f429d5278ea63f432cf1ab5e,control,IFACT-01bd60fc989347fda2eaf1c5,"['东安党史资料选辑  第1辑_11175194', '中共党史人物传  第12卷', '涟源党史资料汇编  第一辑_12021344']",3,264f4c75121c8fdb,中共党史人物传  第12卷
RSEM-0272,IFACT-324233f4d9c60e0437d85e4f,control,IFACT-095a91a578d421ecd7b82893,"['中国共产党编年史1949年卷', '曲靖党史资料  第5辑  中共曲靖地区党史大事记  1926.7-1950.3_11441812', '江口党史资料  江口的解放_11449975']",3,da020b0929912fc1,江口党史资料  江口的解放_11449975
RSEM-0273,IFACT-f8a6790d11f1f8a8078abb7b,changed,,['中共郫县党史资料  第一辑  1927-1949  雄壮史诗_12020874'],1,c2f2339e3831ded5,中共郫县党史资料  第一辑  1927-1949  雄壮史诗_12020874
RSEM-0274,IFACT-f74f4d9e0da8239093f10e18,changed,,['中共威远县地方党史资料汇编  1920年-1949年  第1辑_11449185'],1,dddd7732c688c60e,中共威远县地方党史资料汇编  1920年-1949年  第1辑_11449185
RSEM-0275,IFACT-15ca4ce9548e1e1ea0e14ec7,changed,,"['江津县党史资料选辑_11449501', '江津县党史资料选辑_11449501 (2)']",3,5ce3efcbeb47c8e7,江津县党史资料选辑_11449501 (2)
RSEM-0276,IFACT-5cd649bc144426cdaacf2252,control,IFACT-d8ecf857cc998b54ec751829,[''],1,ebbb8af77b209244,
RSEM-0277,IFACT-96c70cfae0a2f51488bc5ab8,control,IFACT-3d567f340e8dccc45642a054,"['中共德宏州党史资料选编  第2辑_10330284', '中共龙陵县地方党史资料汇编  1925—1950.3_12021126', '中国共产党滇西工委滇西北地委史料选编  上_11441575']",3,386ad5efe4a711dd,中共德宏州党史资料选编  第2辑_10330284
RSEM-0278,IFACT-f5a46e2876ac3255f76f7c36,changed,,['成都党史资料  新华日报成都营业分处史稿_11483242'],1,987a2f09babf7232,成都党史资料  新华日报成都营业分处史稿_11483242
RSEM-0279,IFACT-1a834d439f4f1cbc8610c582,control,IFACT-c440170ecd45972603919646,"['中共龙陵县地方党史资料汇编  1925—1950.3_12021126', '中国共产党滇西工委滇西北地委史料选编  上_11441575', '保山地区党史资料选编  第1辑  1925-1950.3_11441810']",3,02916e438945661c,保山地区党史资料选编  第1辑  1925-1950.3_11441810
RSEM-0280,IFACT-e9899f85dd30d30d1e0dc62e,control,IFACT-914efdd951c8473928416e82,['中共江川县党史资料  第1辑_11441811'],3,419172c9b01da7fe,中共江川县党史资料  第1辑_11441811
RSEM-0281,IFACT-62afde223475f87f3185eff3,changed,,['中共宜昌地区党史专题汇编  1921-1949_10273535'],1,4975fb36636e6c1f,中共宜昌地区党史专题汇编  1921-1949_10273535
RSEM-0282,IFACT-769d33dfbb6e01df26af6e65,changed,,"['中国共产党丰都县党史资料汇编  1  激流涌进_11449167', '中国共产党丰都县党史资料汇编  1  激流涌进_11449167 (2)']",3,52b11917ae34d79b,中国共产党丰都县党史资料汇编  1  激流涌进_11449167
RSEM-0283,IFACT-bed9b6f27fd0c424a2722608,changed,,['中共党史人物传  第13卷'],2,870f54133473a371,中共党史人物传  第13卷
RSEM-0284,IFACT-c85d0743fad7b3ff24f4d67d,control,IFACT-994f4be76a2db8d395a10af4,['新干党史资料  第1辑'],1,341b42c183999900,新干党史资料  第1辑
RSEM-0285,IFACT-c495acbf730797413b6ed600,changed,,['中国共产党滇西工委滇西北地委史料选编  上_11441575'],1,0a3fc538ca4463f7,中国共产党滇西工委滇西北地委史料选编  上_11441575
RSEM-0286,IFACT-b3808d8b756e3eef7f4f352d,control,IFACT-c8495bfa96b6bf0f8d526407,"['中共党史人物传   第04卷', '中共党史人物传  第27卷', '中共党史人物传  第38卷']",3,c5b2353f82960f37,中共党史人物传   第04卷
RSEM-0287,IFACT-2f1d18179ebc243158ba51f9,control,IFACT-399fff9ee2ae14d771c7c807,[''],1,e829ebbecbad44a7,
RSEM-0288,IFACT-d027d57fc8de30c2efec8d88,changed,,"['中共党史人物传  第43卷', '中共党史人物传  第50卷', '桃江党史资料  第一辑_12060253']",3,1307220c6d32d529,中共党史人物传  第43卷
RSEM-0289,IFACT-4b585b1fd01c150fa978da05,control,IFACT-9bc7fa3f79033b33ed6c4d3a,['中国共产党编年史1928年卷'],1,09cab14b0c98ea5d,中国共产党编年史1928年卷
RSEM-0290,IFACT-f2af2b6323d66ecd14b46a88,changed,,"['中共党史人物传  第09卷', '中共党史人物传  第50卷', '中共南昌城工部史料汇编  订正本']",3,4c87190be8d3fa56,中共党史人物传  第09卷
RSEM-0291,IFACT-cc6ccdef890f85e2e29e41f3,changed,,"['北碚党史资料汇编-纪念中国共产党成立80周年', '北碚党史资料汇编-纪念中国共产党成立80周年 (2)']",3,33359f849800cc5e,北碚党史资料汇编-纪念中国共产党成立80周年
RSEM-0292,IFACT-6e31486fb4d418dc65b36456,changed,,['房县党史资料  第1集_11795043'],1,17eec8115a28afe7,房县党史资料  第1集_11795043
RSEM-0293,IFACT-cca8647690de9213afa00414,changed,,"['中共党史人物传  第28卷', '中共灌县地方党史资料长编_11449183']",3,a8a0c13ade9d54ae,中共党史人物传  第28卷
RSEM-0294,IFACT-f64c6b33774cee35916947b0,changed,,['中共衢县党史资料  1919.5-1949.5_11449569'],1,d6d2fabd34ed1b51,中共衢县党史资料  1919.5-1949.5_11449569
RSEM-0295,IFACT-0e950172b784c5e5ba28e9d5,changed,,['毕节地区党史资料丛书  26  龙腾乌蒙山  潮涌黔西北_13404493'],1,076c988b632614bf,毕节地区党史资料丛书  26  龙腾乌蒙山  潮涌黔西北_13404493
RSEM-0296,IFACT-bf5fe4c415f1fddd1129adf0,control,IFACT-6b8a5ba5199772e1d88dd128,['中共党史人物传  第14卷'],2,aaab81620eb9be28,中共党史人物传  第14卷
RSEM-0297,IFACT-993afd1aaa60b57f498cc832,control,IFACT-4d149e058a34d7cd59c580a7,"['中国共产党荣昌县地方党史资料选集  第一集  1926-1949_12020859', '中国共产党荣昌县地方党史资料选集  第一集  1926-1949_12020859 (2)']",3,cc922ccea119297d,中国共产党荣昌县地方党史资料选集  第一集  1926-1949_12020859 (2)
RSEM-0298,IFACT-86cc5a36b59320424a406625,control,IFACT-5ae84e23f4df398ef837ab2c,"['丹寨县党史资料  1  四顾丹寨解放_12271782', '回顾丹寨解放_12010404']",3,5b56f8d878e3fa6c,丹寨县党史资料  1  四顾丹寨解放_12271782
RSEM-0299,IFACT-3d567f340e8dccc45642a054,changed,,"['中共党史人物传  第01卷', '中共党史人物传  第25卷', '赣南党史资料  第13辑  红土魂_12021658']",3,d9f1f9256f4e6cb4,中共党史人物传  第01卷
RSEM-0300,IFACT-4ef546b94e04d4e3e32527c7,changed,,['思南地下党的回忆_13449480'],3,f9efebfdfde2f3bb,思南地下党的回忆_13449480
RSEM-0301,IFACT-a6198c84b2f98bf854079508,changed,,"['中共党史人物传  第35卷', '中共党史人物传第36卷']",3,c5b927ab383c8e5a,中共党史人物传第36卷
RSEM-0302,IFACT-005634d7f1d5a99ebf6ba6d9,changed,,['中国共产党玉溪地区历史资料  第三辑  峨山中学革命斗争史料_12020926'],1,d94097bd6175b0eb,中国共产党玉溪地区历史资料  第三辑  峨山中学革命斗争史料_12020926
RSEM-0303,IFACT-546e8f408c2651c9baa85c3a,changed,,['云南师范大学解放战争时期党史资料文集_12007614'],1,e5d2c361414855ef,云南师范大学解放战争时期党史资料文集_12007614
RSEM-0304,IFACT-92e78af604752b4cd0675caa,control,IFACT-48b290c4d5ce3911ba67423e,['湘潭县党史资料  第2辑_11441682'],3,1a4a12cde77cfa7b,湘潭县党史资料  第2辑_11441682
RSEM-0305,IFACT-ba85bf196ffc188b63f09120,control,IFACT-31590bceccb35c4e68f6b75c,['昭通地区党史资料  2  学生运动史料选编  民主革命时期_11441830'],1,30ff12e5f9a7a4ae,昭通地区党史资料  2  学生运动史料选编  民主革命时期_11441830
RSEM-0306,IFACT-e841c371af4e6fcf1f2007bf,changed,,"['沙坪坝区党史资料汇编  第1辑_12218457', '沙坪坝区党史资料汇编  第1辑_12218457 (2)']",3,8a3de68de712bdd6,沙坪坝区党史资料汇编  第1辑_12218457
RSEM-0307,IFACT-2a02a0b398fec505f61599dd,control,IFACT-536b9e56a6280fa32030fbd1,['解放战争时期  党在邵阳的活动_12021341'],1,4a5375f41c1be345,解放战争时期  党在邵阳的活动_12021341
RSEM-0308,IFACT-d3d27a1220f10dc01fbbce84,control,IFACT-abdb36611fa44ed953dc7fcc,"['中共余干党史资料', '中共党史人物传  第11卷', '中共党史人物传  第29卷']",3,43579cac62547da3,中共党史人物传  第29卷
RSEM-0309,IFACT-2ab47b4c05e1b18acfd745f6,control,IFACT-2a2fdd45c186d7253818f7f3,"['中共綦江县党史资料汇编  第4辑_11449489', '中共綦江县党史资料汇编  第4辑_11449489 (2)']",2,2f622f1301e1beb6,中共綦江县党史资料汇编  第4辑_11449489
RSEM-0310,IFACT-4b7c59d4d10825082d0bfe49,changed,,"['泰州党史资料  第2辑 抗日战争时期革命文献_11449687', '泰州党史资料  第4辑 专题辑要_11449689']",2,81400e82e063f331,泰州党史资料  第2辑 抗日战争时期革命文献_11449687
RSEM-0311,IFACT-c92a99a7c1dd289ca8a9369c,changed,,['中共党史人物传  第50卷'],1,d170012cdc17d264,中共党史人物传  第50卷
RSEM-0312,IFACT-81bea9e14b6ee80f24b5639b,control,IFACT-ca9b3f17308b4455a44d011e,"['中共綦江县党史资料汇编  第2辑_11449487', '中共綦江县党史资料汇编  第2辑_11449487 (2)']",3,1b29202956d0ffde,中共綦江县党史资料汇编  第2辑_11449487
RSEM-0313,IFACT-95e7ec24b6b83c9fb600d94b,control,IFACT-c92a99a7c1dd289ca8a9369c,['思南地下党的回忆_13449480'],1,f8a86ab75330dd38,思南地下党的回忆_13449480
RSEM-0314,IFACT-6ceb6eeec9eb95c20f5d7383,control,IFACT-0544525fd8c6ef7a46965d08,['阜阳地区党史资料  第17期  纪念抗日战争胜利四十周年专辑_12005809'],1,020a2d2ea70dc0a3,阜阳地区党史资料  第17期  纪念抗日战争胜利四十周年专辑_12005809
RSEM-0315,IFACT-3dc86d93d1b0f79daeabce56,changed,,['武汉党史资料汇编  2_12277183'],2,c2958aacb20380b5,武汉党史资料汇编  2_12277183
RSEM-0316,IFACT-d8ecf857cc998b54ec751829,changed,,['镇远地下党_11449431'],1,396f6b7606697d9b,镇远地下党_11449431
RSEM-0317,IFACT-3e8b7863fdc5b55a62f02772,changed,,"['丽江地区党史资料  第4辑_11441841', '纪念中国工农红军长征胜利五十周年  1936-1986  红军长征过丽江_11441809']",3,54d2da4a7c4aac17,丽江地区党史资料  第4辑_11441841
RSEM-0318,IFACT-4cc022ce183748f0f754471b,changed,,['中共党史人物传  第28卷'],3,e1d9a757dd59e62f,中共党史人物传  第28卷
RSEM-0319,IFACT-3fd3b561b7ae88fbb7c7a46d,control,IFACT-cb9757834982f6aa105df4cd,"['“三反”“五反”运动 青海卷', '“三反”“五反”运动 青海卷 (2)', '中共党史人物传  第32卷']",3,f8009d74d6076594,“三反”“五反”运动 青海卷 (2)
RSEM-0320,IFACT-e35fed50dc6463881b91e20a,changed,,['国防和军队建设  第十二卷  第一册'],3,77f577784c2be7c6,国防和军队建设  第十二卷  第一册
RSEM-0321,IFACT-8fb86d95517ac10871929855,control,IFACT-fad1151165fd23c3d07ef1c7,['黔西南州党史资料专辑二  红军长征在黔西南_11452161'],1,474659d3ef3e64f4,黔西南州党史资料专辑二  红军长征在黔西南_11452161
RSEM-0322,IFACT-3edd0909bbcafa2dcf5d77f9,control,IFACT-dbd76b42f2eb7e74ceed9aa6,['武汉城工史料  中共鄂豫三地委城工部史料专辑_12277272'],2,b74cff371210e471,武汉城工史料  中共鄂豫三地委城工部史料专辑_12277272
RSEM-0323,IFACT-3d42af4a329ebb69b7f61417,changed,,"['1', '中共泸西县党史资料  第1辑  新民主主义革命时期_14237315']",2,4953235992829897,中共泸西县党史资料  第1辑  新民主主义革命时期_14237315
RSEM-0324,IFACT-548adef30d4fe32be3c21e3b,control,IFACT-6d60354e3e14991d9cc39615,"['“四个现代化”战略目标  第八卷  第四册', '中共三台县地方党史资料丛书  梓州忠魂_12049649', '中共五华区党史资料  第5辑_11688162']",3,7eb0e6fb80d8f011,“四个现代化”战略目标  第八卷  第四册
RSEM-0325,IFACT-fad1151165fd23c3d07ef1c7,changed,,"['中共党史人物传  第06卷', '中共党史人物传  第28卷', '中共党史资料选编  1949-1984_10273058']",3,f6f814b164cdb58c,中共党史资料选编  1949-1984_10273058
RSEM-0326,IFACT-8105790e5b5f84594b628a8e,changed,,['湄潭党史资料  地下党专辑_13449499'],1,9ef50322a85558c1,湄潭党史资料  地下党专辑_13449499
RSEM-0327,IFACT-e4fb49c0554188f3740ba565,control,IFACT-abaacc1694b33ecfc70224f4,['中共党史人物传  第27卷'],1,45d9c885831b4a89,中共党史人物传  第27卷
RSEM-0328,IFACT-65736bb58f2a863e4c15237a,control,IFACT-5878d7dd31da5550f27c79a3,[''],1,17fd63f4f386225d,
RSEM-0329,IFACT-60d244b6db09c86c60d922ee,control,IFACT-ca72828374de970048add9d2,"['中共党史人物传  第02卷', '国防和军队建设  第十二卷  第一册', '成都党史资料  接管成都_11571764']",3,39bbe092a731500f,国防和军队建设  第十二卷  第一册
RSEM-0330,IFACT-cf5710c5029adaa7d3b9b6dd,control,IFACT-3e7f42a45d14d761bf727021,['怀宁党史资料选编  1919-1949_11449664'],3,dfbdc98ffe9d55da,怀宁党史资料选编  1919-1949_11449664
RSEM-0331,IFACT-8cf6e95a1597ba29feb01c62,control,IFACT-3cb3a81907434a6d7330158e,['中共党史人物传  第15卷'],2,37116a4001605949,中共党史人物传  第15卷
RSEM-0332,IFACT-214b4ec624446cd3b7c3f9b8,control,IFACT-3d42af4a329ebb69b7f61417,"['中共党史人物传  第03卷', '中共綦江县党史资料汇编  第1辑_11449486 (2)', '中国共产党编年史1928年卷']",3,2dfb59bee7b8f173,中共党史人物传  第03卷
RSEM-0333,IFACT-ac163cc5d1cb7adb70cad121,control,IFACT-e8dc054167ff484a9cbacb31,['武汉城工史料  中共鄂豫三地委城工部史料专辑_12277272'],3,6bfa276cea1b0379,武汉城工史料  中共鄂豫三地委城工部史料专辑_12277272
RSEM-0334,IFACT-9b21ed49588d5394353a45e2,changed,,['长征火种  1935年遵义县革命委员会_11441774'],1,b8a34af73f9aa488,长征火种  1935年遵义县革命委员会_11441774
RSEM-0335,IFACT-f2911cc35d3283c00f9ef1b2,control,IFACT-054ac78c2abb605fc7db6d96,['武汉党史资料汇编  2_12277183'],1,148490ade09010a3,武汉党史资料汇编  2_12277183
RSEM-0336,IFACT-2050646c4123060ac8c286ce,control,IFACT-10c48dc2dd25e52549f5324d,"['六盘水党史资料  1  民主革命时期党在六盘水的革命活动_13312137', '郎岱风云  六枝党史资料丛书第3辑_12926483']",3,78190da92234d149,郎岱风云  六枝党史资料丛书第3辑_12926483
RSEM-0337,IFACT-f3648a1071219e6858fc9380,control,IFACT-4d51e29ce6c0d8581e9f1bea,"['中共上饶县党史资料_13657495', '中共横峰党史资料']",3,919f3f23e3a01d6b,中共上饶县党史资料_13657495
RSEM-0338,IFACT-dc8c617ca361531aecc5054f,changed,,"['蚌埠党史资料  第4辑_11448701', '蚌埠党史资料  第8辑_11448705']",2,4f490435d4f6c285,蚌埠党史资料  第8辑_11448705
RSEM-0339,IFACT-b7b291426131ea7b7863cf06,control,IFACT-df8783108526af7fcbf647bc,"['中共邵武党史资料汇编  资料之三_12990576', '赣南党史资料  第12辑  中央苏区史研究文集_10381124']",3,7ccf482294b13a86,赣南党史资料  第12辑  中央苏区史研究文集_10381124
RSEM-0340,IFACT-7981c31779b4329d8690bfc4,control,IFACT-1fcb145e84403093e935fb93,['亳州党史资料  第2辑_11448698'],1,3cfc43e74c8d36a3,亳州党史资料  第2辑_11448698
RSEM-0341,IFACT-a81edef76d8a956614b2a68b,changed,,"['怀化党史资料 第1辑  怀化剿匪史_11448558', '毕节地区党史资料丛书  7  回顾毕节解放斗争']",3,608eeacc5a00b9e2,毕节地区党史资料丛书  7  回顾毕节解放斗争
RSEM-0342,IFACT-4652f45120792e339fb5801d,control,IFACT-dab6b95b63c737d483781ef2,"['中共楚雄党史资料  第3集  彝州忠魂_11441829', '昆明党史资料 昆明解放  从昆明起义到军事接管_13203040']",3,03e6065ccfe7eae4,昆明党史资料 昆明解放  从昆明起义到军事接管_13203040
RSEM-0343,IFACT-c3e20b106d435a8a342b882a,changed,,['中共南溪县地方党史资料汇编  1921-1949_11441788'],1,2e528b3de028019d,中共南溪县地方党史资料汇编  1921-1949_11441788
RSEM-0344,IFACT-cd2883f76671610bd6f90ffd,control,IFACT-ff95995a8fb6d6340df700f9,['中华人民共和国史长编 第三卷 1966—1978_12601696'],1,0457dcdfe285c2f2,中华人民共和国史长编 第三卷 1966—1978_12601696
RSEM-0345,IFACT-5a361467ef9d827c4dfa05df,changed,,"['涡阳党史资料  第2辑_11508551', '灵璧县党史资料选编_11448688']",3,0e4ea638a70199e4,涡阳党史资料  第2辑_11508551
RSEM-0346,IFACT-0569cf7e146a8b8450336ea3,control,IFACT-0615b51e6b14fdaae80d91c6,"['奉节党史资料  第4辑_11449176', '铜梁党史资料汇编  第1集  1922-1949_14069475', '铜梁党史资料汇编  第1集  1922-1949_14069475 (2)']",3,1fbf5fa517a99633,奉节党史资料  第4辑_11449176
RSEM-0347,IFACT-a2592f9dbb693f478867e33b,control,IFACT-7d2d6779e60ed69eb73ceab7,['赣南党史资料  第13辑  红土魂_12021658'],3,024bb3ec29704eb8,赣南党史资料  第13辑  红土魂_12021658
RSEM-0348,IFACT-3f7aface6882ad14ccee4f81,changed,,['湄潭解放  1_13449487'],1,b41186b7ed87b090,湄潭解放  1_13449487
RSEM-0349,IFACT-8c4a5c5bfb481713478da816,control,IFACT-f7977433a8a9c9c035a50a3b,['中共党史人物传  第21卷'],1,e952fdf45a7a4c9c,中共党史人物传  第21卷
RSEM-0350,IFACT-4edddbf094717e82245441e4,changed,,"['东安党史资料选辑  第1辑_11175194', '中共党史人物传第39卷']",2,c0064bc852234692,东安党史资料选辑  第1辑_11175194
RSEM-0351,IFACT-523d2f9962a0fa2caf1d9e42,control,IFACT-0c0727de63c9d9ca468442f9,"['铜梁党史资料汇编  第1集  1922-1949_14069475', '铜梁党史资料汇编  第1集  1922-1949_14069475 (2)']",3,4dff81af64cbff29,铜梁党史资料汇编  第1集  1922-1949_14069475 (2)
RSEM-0352,IFACT-ca9b3f17308b4455a44d011e,changed,,['思南地下党的回忆_13449480'],3,7bcec1fd56e2c6d6,思南地下党的回忆_13449480
RSEM-0353,IFACT-6a61706ca15e7c0f52d72d4c,changed,,['中共泸西县党史资料  第1辑  新民主主义革命时期_14237315'],1,4e8b127094406b81,中共泸西县党史资料  第1辑  新民主主义革命时期_14237315
RSEM-0354,IFACT-f415797b69d6265700b65204,control,IFACT-2aa9d1d5f99bfd3d68d60c34,"['中共南昌城工部史料汇编  订正本', '曲靖党史资料  第4辑  新民主主义革命时期学生运动史料选编_11441835', '曲靖党史资料  第5辑  中共曲靖地区党史大事记  1926.7-1950.3_11441812']",3,22a325d6f064dd9b,中共南昌城工部史料汇编  订正本
RSEM-0355,IFACT-ac16bcd55a70b40b1c5f703b,changed,,"['中共党史人物传  第32卷', '中共党史人物传第17卷', '南京党史资料  14  中共中央南京局、中共代表团资料专辑_12010447']",3,3d3fe8159d306447,中共党史人物传  第32卷
RSEM-0356,IFACT-62f3ac076b394d8477f79023,control,IFACT-98147f90ccf98b0ca62e2cde,['中共党史人物传  第28卷'],1,c2d40ff46924737d,中共党史人物传  第28卷
RSEM-0357,IFACT-5c533b8a6bb18ed9be9ca178,control,IFACT-ab4c39f09309436d63691ea2,['中华人民共和国史长编 第七卷 人物卷_12601694'],1,1e6d9a3698891bc0,中华人民共和国史长编 第七卷 人物卷_12601694
RSEM-0358,IFACT-45deedefdac0b92730a1c39f,control,IFACT-c4da68f49f4e8e1b81f0cdda,"['中共党史人物传  第32卷', '武汉城工史料  中共鄂豫三地委城工部史料专辑_12277272']",3,6dbccfe47410b88f,武汉城工史料  中共鄂豫三地委城工部史料专辑_12277272
RSEM-0359,IFACT-3bc2fbb0ffe9a8ec3c052624,control,IFACT-31a2a8de104e481ea5702bb9,['中共龙陵县地方党史资料汇编  1925—1950.3_12021126'],3,a7eb965cc7dd7c34,中共龙陵县地方党史资料汇编  1925—1950.3_12021126
RSEM-0360,IFACT-83fc947f5e5f4f6ab3c0b67d,changed,,"['安顺地区党史资料  2  安顺星火：记地下党在安顺地区的活动  1934-1949_11449985', '梁平党史资料汇编  第1辑_11449172', '梁平党史资料汇编  第1辑_11449172 (2)']",3,73e254df387ef40f,安顺地区党史资料  2  安顺星火：记地下党在安顺地区的活动  1934-1949_11449985
RSEM-0361,IFACT-8c431c4b15a92288debe4a3d,control,IFACT-d3aa03b4977ab824bdbb4ebd,['铜山党史资料  第7辑  纪念淮海战役铜山解放四十周年专辑_11449118'],1,7d69180e1b973301,铜山党史资料  第7辑  纪念淮海战役铜山解放四十周年专辑_11449118
RSEM-0362,IFACT-195dd414cd470bded2670ee2,control,IFACT-2bdf02d47b59ad2a4b9b9c56,"['淮北党史资料  第3辑_10273534', '灵璧县党史资料选编_11448688', '铜山党史资料  第4辑_11449115']",3,e5b68ab8c230897b,铜山党史资料  第4辑_11449115
RSEM-0363,IFACT-4bbfd77bad43a771557c163d,changed,,"['中共党史人物传  第28卷', '成都党史资料  新华日报成都营业分处史稿_11483242']",2,f8ad5d0c3bad9535,中共党史人物传  第28卷
RSEM-0364,IFACT-c440170ecd45972603919646,changed,,"['中共党史人物传  第08卷', '中共党史人物传第36卷']",3,c46e8c3d4bb70493,中共党史人物传  第08卷
RSEM-0365,IFACT-699a1e3a576459d18c6f0146,control,IFACT-9e75d9dc1fddb2b505eae85d,"['东川党史资料  第1辑_11441823', '昆明党史资料  威逼昆明  巧渡金沙_13430709', '红军长征过禄劝  中共禄劝彝族苗族自治县委党史资料专辑_12020639']",3,834407b972305523,东川党史资料  第1辑_11441823
RSEM-0366,IFACT-857cd81e2c7153d7ac2176e7,control,IFACT-83fc947f5e5f4f6ab3c0b67d,"['新干党史资料  第1辑', '新干党史资料  第2辑', '樟树党史资料_11448145']",3,2750323f9c2c3e9b,樟树党史资料_11448145
RSEM-0367,IFACT-e4477a7823d0a2d4841d2bb8,control,IFACT-45fbe5258c0facf26bb76cc5,['安宁县党史资料  第一辑  1927.2—1950.4_12021591'],3,d5d172cf9bb0444f,安宁县党史资料  第一辑  1927.2—1950.4_12021591
RSEM-0368,IFACT-b83beda602ab84aa02162b39,changed,,['仁怀县党史资料_12485140'],1,0234f48208646860,仁怀县党史资料_12485140
RSEM-0369,IFACT-740320210317eee7878c400f,control,IFACT-7f53ca3756cc075668cb6e42,['中共南昌城工部史料汇编  订正本'],1,b441d06b1e85ff9e,中共南昌城工部史料汇编  订正本
RSEM-0370,IFACT-a1519717efeb9f0e5d393fbd,changed,,"['中共党史人物传  第41卷', '中国共产党编年史1945年卷', '成都党史资料  新华日报成都营业分处史稿_11483242']",3,55e3b333b3353601,中共党史人物传  第41卷
RSEM-0371,IFACT-c6dceafa11bed4e8cc785df0,changed,,"['北碚党史资料汇编  第4辑_12010686', '北碚党史资料汇编  第4辑_12010686 (2)']",2,7f8aa0c643285da9,北碚党史资料汇编  第4辑_12010686 (2)
RSEM-0372,IFACT-5e8a3afa1a3ad15b5ad0d3e7,changed,,"['中共党史人物传  第50卷', '中共党史人物传  第51卷']",2,dd3013ab2d63750e,中共党史人物传  第50卷
RSEM-0373,IFACT-cb9757834982f6aa105df4cd,changed,,"['宝应县党史资料  第9辑_12005854', '泰州党史资料  第3辑 革命回忆录_11449688', '长兴党史资料  第20期_12005882']",3,64e63d23d3cab40d,泰州党史资料  第3辑 革命回忆录_11449688
RSEM-0374,IFACT-1a6104096599e09ad69176c5,control,IFACT-76df00983076cbacfdd713d8,"['中共党史人物传  第20卷', '中共潼南县党史资料汇编  第1辑_11449490']",3,96369c8e7fc04d9a,中共党史人物传  第20卷
RSEM-0375,IFACT-b7f98df9a94e6681896e5649,control,IFACT-9b4ef3403c28f2e86bfacc65,['中共邵武党史资料汇编  资料之三_12990576'],3,d9afe787960d6d71,中共邵武党史资料汇编  资料之三_12990576
RSEM-0376,IFACT-00ecc131e889ca3d318361df,changed,,['皖西党史资料辑要  第1册_14130839'],1,c573ae4216c32ecd,皖西党史资料辑要  第1册_14130839
RSEM-0377,IFACT-13db029438bdd3236e0cbc4d,control,IFACT-cce436baf533f472eb4a2023,['广丰英烈选辑_13703285'],1,4b3ad7a2401d36b1,广丰英烈选辑_13703285
RSEM-0378,IFACT-7db71e160239896f7256a5da,control,IFACT-cd6fca0b990e0f487a1faebe,['中国共产党玉溪地区历史资料  第三辑  峨山中学革命斗争史料_12020926'],1,5e37c08028275c79,中国共产党玉溪地区历史资料  第三辑  峨山中学革命斗争史料_12020926
RSEM-0379,IFACT-41e6c2162a4457a65ca9bb59,changed,,"['中国共产党编年史1932年卷', '威信春晖_12008328', '毕节地区党史资料丛书  30  谢正发文稿选编  直把千山作玉川_12917999']",3,ddf3347bba22a63e,威信春晖_12008328
RSEM-0380,IFACT-ff95995a8fb6d6340df700f9,changed,,['中共党史人物传  第38卷'],1,e56a2dffcf847e5d,中共党史人物传  第38卷
RSEM-0381,IFACT-6367650c979541b4185bd555,changed,,['中国共产党遂宁市党史资料汇编  1926-1949_11449200'],1,e29067eb500ba85d,中国共产党遂宁市党史资料汇编  1926-1949_11449200
RSEM-0382,IFACT-cc812751343d057cfbc41e35,changed,,['大后方的建设和民主运动的开展  第七卷  第六册'],1,c0e435ac75e287ad,大后方的建设和民主运动的开展  第七卷  第六册
RSEM-0383,IFACT-fa52fae9b1024f76251993bc,changed,,"['中共党史人物传  第16卷', '中共党史人物传  第18卷', '中共党史人物传  第45卷']",3,b2e1101186e4fcb8,中共党史人物传  第18卷
RSEM-0384,IFACT-992fd339ba8f779b9c745ff9,control,IFACT-91d8e6b54a56c6cf228051e0,['中共元江县党史资料  民主革命时期  1945-1950.2_12000305'],1,97df47124b28b014,中共元江县党史资料  民主革命时期  1945-1950.2_12000305
RSEM-0385,IFACT-844686d0b7d43e5fd65b3597,control,IFACT-945cc273e9eef984523440c8,['黔西南州党史资料  第三辑_12918044'],1,a911d36ba6e2d85c,黔西南州党史资料  第三辑_12918044
RSEM-0386,IFACT-f76c037af633e29e05196bc2,changed,,['中共仁寿县党史资料选编  （1928～1949）_12049644'],1,256fbd51e007b6d2,中共仁寿县党史资料选编  （1928～1949）_12049644
RSEM-0387,IFACT-a014a7eab56af521147a8974,changed,,"['中共党史人物传  第25卷', '中国共产党编年史1930年卷', '皖西党史资料辑要  第1册_14130839']",3,569392a830117fea,皖西党史资料辑要  第1册_14130839
RSEM-0388,IFACT-3d1c0169ed9ebfe8c9eea561,changed,,"['桃江党史资料  第一辑_12060253', '毕节地区党史资料丛书  26  龙腾乌蒙山  潮涌黔西北_13404493']",3,dba2359b77fd524a,毕节地区党史资料丛书  26  龙腾乌蒙山  潮涌黔西北_13404493
RSEM-0389,IFACT-aca69df8bd83ec72d9b6ab7d,changed,,"['中共宜昌地区党史专题汇编  1921-1949_10273535', '南漳党史资料选编_12010378']",3,9d719525668033d0,南漳党史资料选编_12010378
RSEM-0390,IFACT-2b2efabacf9b1a077f878bd7,changed,,['淮北党史资料  第3辑_10273534'],1,d55323bda6214800,淮北党史资料  第3辑_10273534
RSEM-0391,IFACT-ecd38d008f8607a4b06e845b,changed,,['巴中县党史资料  第1辑_12021136'],1,e9876fe36e679378,巴中县党史资料  第1辑_12021136
RSEM-0392,IFACT-b8c594af14bc4638e5a4f886,control,IFACT-b9551b38af71188f9487a3da,['蜀都中学党史资料汇编_12010780 (2)'],2,1b7b43484c463f6d,蜀都中学党史资料汇编_12010780 (2)
RSEM-0393,IFACT-abaacc1694b33ecfc70224f4,changed,,['武汉城工史料  中共襄南地委城工部史料专辑_12279638'],1,dfd35a498be625de,武汉城工史料  中共襄南地委城工部史料专辑_12279638
RSEM-0394,IFACT-e2a036eda2e97267665fc888,changed,,['中共早期关于武装斗争的认识与革命道路的探索  第三卷  第四册'],1,6d036093d704a2a0,中共早期关于武装斗争的认识与革命道路的探索  第三卷  第四册
RSEM-0395,IFACT-b0dfda7b98f0b50216a4ec55,control,IFACT-6fcec31a07b2fa9898628241,"['大方党史资料  第3辑  大方解放初期的斗争_11449969', '大方党史资料  第6辑 中国共产党大方县历史大事记  1935.4-1966.4_13395630']",2,6c35b1577b4d709e,大方党史资料  第3辑  大方解放初期的斗争_11449969
RSEM-0396,IFACT-fd4395af95bd2ddbfd85c0f7,control,IFACT-f2675458205511890737ad4b,['蚌埠党史资料  第2辑_12005916'],1,381f9a2a08d1b41e,蚌埠党史资料  第2辑_12005916
RSEM-0397,IFACT-e9f21d6dcb168c2553c51a5c,changed,,['中共党史人物传  第47卷'],1,c442c5e282647111,中共党史人物传  第47卷
RSEM-0398,IFACT-76df00983076cbacfdd713d8,changed,,['毕节地区党史资料丛书  7  回顾毕节解放斗争'],1,1455279558cf4801,毕节地区党史资料丛书  7  回顾毕节解放斗争
RSEM-0399,IFACT-601cdf6bc6331eca0739c604,changed,,"['青海省革命遗址通览(1)', '青海省革命遗址通览(2)']",3,17e44f9f248e8234,青海省革命遗址通览(2)
RSEM-0400,IFACT-f33d89cfae4f61ef47f1d8ae,changed,,"['中国共产党毕节地区历史资料征编研大事记  1981.2.18-1999.1.12_13312116', '毕节地区党史资料丛书  17  中国共产党毕节地区历史资料征编研大事记  1981.2.18-1999.1.12_13312116']",3,e1d3f6e4dbb04709,毕节地区党史资料丛书  17  中国共产党毕节地区历史资料征编研大事记  1981.2.18-1999.1.12_13312116
RSEM-0401,IFACT-c09713e60845fd8199a018fe,changed,,['中共党史人物传  第26卷'],2,fb44e655a48f6e10,中共党史人物传  第26卷
RSEM-0402,IFACT-0600b6c4f44782b59c287a6a,control,IFACT-32c6b8f0fe76af5d94b4361f,['中国共产党澜沧县历史资料汇编_11441827'],1,683434f4b398b65c,中国共产党澜沧县历史资料汇编_11441827
RSEM-0403,IFACT-7025bf1196ab665e5a06dfac,control,IFACT-fe3b272c1606972d9f17fb8f,[''],1,8bc63ec1715d8b79,
RSEM-0404,IFACT-e2938c73b6f7755142448e89,changed,,['请水寨暴动_11449662'],2,e1546ca4717c0361,请水寨暴动_11449662
RSEM-0405,IFACT-a951987a6ef61d1134be2297,control,IFACT-c9f18d6fd581491d9fe51d0d,"['中共威远县地方党史资料汇编  1920年-1949年  第1辑_11449185', '仁怀县党史资料_12485140']",3,d2489e899add58de,中共威远县地方党史资料汇编  1920年-1949年  第1辑_11449185
RSEM-0406,IFACT-f4c7d1cd712b13f97d028c3e,changed,,"['文山壮族苗族自治州  党史资料  第1辑_11449369', '赣南党史资料  第12辑  中央苏区史研究文集_10381124', '黔南布依族苗族自治州党史资料汇编  1  红军在黔南_11449401']",3,ab37337e3cf4513e,文山壮族苗族自治州  党史资料  第1辑_11449369
RSEM-0407,IFACT-30a9a62923f0209817013c6c,changed,,"['大方县党史参考资料  第11辑  大方县解放斗争史座谈会资料之二  大方县解放斗争回忆录  上_11450115', '毕节地区党史资料丛书  27  红色足迹：毕节地区革命遗址简介_13404492', '毕节地区党史资料丛书  33  毕节地区党史人物传略_13404495']",3,120c0e7bd5347aa1,毕节地区党史资料丛书  33  毕节地区党史人物传略_13404495
RSEM-0408,IFACT-f68728bdef49f21c3e6c7589,changed,,"['中共党史人物传  第42卷', '淮北党史资料  第3辑_10273534']",2,cd55dc41ec5e8e9a,中共党史人物传  第42卷
RSEM-0409,IFACT-09c0010fb430b584fde203a7,changed,,['曲靖党史资料  第5辑  中共曲靖地区党史大事记  1926.7-1950.3_11441812'],1,bae0ab48341c5400,曲靖党史资料  第5辑  中共曲靖地区党史大事记  1926.7-1950.3_11441812
RSEM-0410,IFACT-ca7b3786dfef8b5e2b0c8168,control,IFACT-53f53882fc7353b11f633cc4,[''],2,018c75abd1978d78,
RSEM-0411,IFACT-35db8a9fee1fc88bdf212ce8,control,IFACT-7838d6cb2fa96164374978d0,[''],1,beed83f3a3436dad,
RSEM-0412,IFACT-5d7908bfa55ec27db3f9cc33,changed,,['六盘水党史资料  1  民主革命时期党在六盘水的革命活动_13312137'],1,d328a3b00cf8b17a,六盘水党史资料  1  民主革命时期党在六盘水的革命活动_13312137
RSEM-0413,IFACT-e6cb5dce5c180eaffdb97a68,control,IFACT-5ca5da4feb74c3c579d9e08d,"['中共党史人物传  第03卷', '永州党史资料丛书  永州星火', '黔东英烈传  第1集']",3,3a3f3df2df2d20c9,永州党史资料丛书  永州星火
RSEM-0414,IFACT-cd6fca0b990e0f487a1faebe,changed,,"['中国共产党荣昌县地方党史资料选集  第一集  1926-1949_12020859', '中国共产党荣昌县地方党史资料选集  第一集  1926-1949_12020859 (2)', '北碚党史资料汇编  第2辑_12010770']",3,9b4840b73712df75,北碚党史资料汇编  第2辑_12010770
RSEM-0415,IFACT-a4ffadd702816844f4e804e3,changed,,"['中共党史人物传  第06卷', '中共党史人物传  第46卷', '中共南昌城工部史料汇编  订正本']",3,24d2e31b8e32af4e,中共党史人物传  第46卷
RSEM-0416,IFACT-4b10157eb98f32a6315e6a66,changed,,"['武汉党史资料汇编  1_12021660', '武汉城工史料  中共江汉区党委城工部史料专辑_12273060']",3,76e68c712eac7907,武汉城工史料  中共江汉区党委城工部史料专辑_12273060
RSEM-0417,IFACT-ffecd15905be489081bd508b,changed,,"['中国共产党编年史1938年卷', '沅陵党史资料 辰州烽火_11448552', '湘潭县党史资料  第2辑_11441682']",3,c884267980d32018,湘潭县党史资料  第2辑_11441682
RSEM-0418,IFACT-54edf33f0c9e13e1057bf621,control,IFACT-8f873a2a2647e3ec7344e2b5,"['中共上饶县党史资料_13657495', '中共广丰党史资料']",3,24829a516db9908c,中共广丰党史资料
RSEM-0419,IFACT-a925021830ed0278cad32c06,control,IFACT-824498b6e72d97faeef97914,"['中共泸西县党史资料  第1辑  新民主主义革命时期_14237315', '盘江烽火_13403083']",3,29455b6e7926b527,盘江烽火_13403083
RSEM-0420,IFACT-1f2e5e97616a669dba8bf4b5,changed,,"['北碚党史资料汇编  第4辑_12010686', '大后方的建设和民主运动的开展  第七卷  第五册', '长宁区英烈志_10394374']",3,09936ae7e591060d,北碚党史资料汇编  第4辑_12010686
RSEM-0421,IFACT-21aed8934a7c2a4cbee85956,control,IFACT-a8831139a5fe9fd8ebff5057,"['为历史转折作准备  第十六卷  第一册', '铜仁党史资料  红军在黔东_11449983', '革命的种子  红军长征过镇宁_12461730']",3,4750c79db8838cb1,革命的种子  红军长征过镇宁_12461730
RSEM-0422,IFACT-abdb36611fa44ed953dc7fcc,changed,,"['仁怀县党史资料_12485140', '湄潭党史资料  地下党专辑_13449499', '郎岱风云  六枝党史资料丛书第3辑_12926483']",3,e81500af657ad4e6,郎岱风云  六枝党史资料丛书第3辑_12926483
RSEM-0423,IFACT-291a6da12bea4c7de19c50cc,changed,,['中共蒙自县党史资料  第2辑_11441837'],1,739655bed374ac9c,中共蒙自县党史资料  第2辑_11441837
RSEM-0424,IFACT-5d508c8d762e52e62e349d3a,control,IFACT-fa52fae9b1024f76251993bc,"['中共党史人物传  第50卷', '黔东南党史资料  1986年第4期_12010358']",3,69a7984e82df7448,黔东南党史资料  1986年第4期_12010358
RSEM-0425,IFACT-b7de796559560735a3f8df49,changed,,"['中共党史人物传  第50卷', '成都党史资料  新华日报成都营业分处史稿_11483242']",3,de601f1d26f4651f,成都党史资料  新华日报成都营业分处史稿_11483242
RSEM-0426,IFACT-a946f25dc7840d60f247b0ea,control,IFACT-152729cd0537484601e65430,['中共三台县地方党史资料丛书  梓州忠魂_12049649'],3,6a312748da81837f,中共三台县地方党史资料丛书  梓州忠魂_12049649
RSEM-0427,IFACT-e3afac6c8924dbc6b06d0238,changed,,"['巴中县党史资料  第3辑_12021137', '旺苍党史资料  红军在旺苍  第3辑_11999518']",3,f106a04d0bdb37e5,巴中县党史资料  第3辑_12021137
RSEM-0428,IFACT-5fd86791004eecabac5a975d,changed,,"['中共简阳县地方党史资料汇编  1929年-1949年  第1辑', '成都党史资料  新华日报成都营业分处史稿_11483242']",3,ac10a34b6cd9d9a3,成都党史资料  新华日报成都营业分处史稿_11483242
RSEM-0429,IFACT-65e8b09fbaa25a9dbbce00e5,control,IFACT-85019d3106a44571b15dd0d5,"['“三反”“五反”运动 青海卷', '中共党史人物传  第18卷', '中共党史人物传  第20卷']",3,db36da8323a7e555,中共党史人物传  第20卷
RSEM-0430,IFACT-1be9312d71352f9c832d4fc5,control,IFACT-d8e85866b56ad69f94ae48f6,['淮阴党史资料  第21辑'],1,9b4508203a59d45f,淮阴党史资料  第21辑
RSEM-0431,IFACT-aaf2eee7d4ed12e547ebb172,control,IFACT-a24e429ff5b1e90212b304ac,"['沙坪坝区党史资料汇编  第1辑_12218457', '沙坪坝区党史资料汇编  第1辑_12218457 (2)']",2,1eb29d9a98ef4e34,沙坪坝区党史资料汇编  第1辑_12218457 (2)
RSEM-0432,IFACT-449f06a64993bea2d6895f29,control,IFACT-cca8647690de9213afa00414,['安宁县党史资料  第一辑  1927.2—1950.4_12021591'],3,fe0d84bb9132b204,安宁县党史资料  第一辑  1927.2—1950.4_12021591
RSEM-0433,IFACT-c47fde1735a40b9beea2589a,changed,,['毕节地区党史资料丛书  7  回顾毕节解放斗争'],1,1455279558cf4801,毕节地区党史资料丛书  7  回顾毕节解放斗争
RSEM-0434,IFACT-2bdf02d47b59ad2a4b9b9c56,changed,,"['大方党史资料  第2辑  大方人民的怀念  纪念中华苏维埃人民共和国川滇黔省革命委员会成立五十周年活动专辑_11449980', '大方党史资料  第7辑 中国共产党大方县历史大事记  1966.5-1992.12_13395629']",3,ec88408806fd860b,大方党史资料  第2辑  大方人民的怀念  纪念中华苏维埃人民共和国川滇黔省革命委员会成立五十周年活动专辑_11449980
RSEM-0435,IFACT-6c0dccc4073b40b37c5cf23e,control,IFACT-1ebb12a2533e1258522dce0c,"['中共党史人物传  第22卷', '中共党史人物传  第24卷', '贵池党史资料选编  1919-1937_11449655']",3,85d342acfc7fc3db,中共党史人物传  第22卷
RSEM-0436,IFACT-9de98ee70c3c684424b0cf9c,changed,,['中共郫县党史资料  第一辑  1927-1949  雄壮史诗_12020874'],2,3ab9522099f32379,中共郫县党史资料  第一辑  1927-1949  雄壮史诗_12020874
RSEM-0437,IFACT-4cf9941e7942236813052e49,changed,,"['桂溪春雷：接管垫江_11449170', '桂溪春雷：接管垫江_11449170 (2)']",2,6e5fe1eecac97485,桂溪春雷：接管垫江_11449170 (2)
RSEM-0438,IFACT-6b8a5ba5199772e1d88dd128,changed,,"['中共党史人物传  第07卷', '洪城南廓谱春秋：中共南昌县党史资料_11442003']",3,f3bd540986dc17a1,中共党史人物传  第07卷
RSEM-0439,IFACT-5f44afd6eda46fcf1aa9353e,changed,,['中共党史人物传  第50卷'],1,d170012cdc17d264,中共党史人物传  第50卷
RSEM-0440,IFACT-53f53882fc7353b11f633cc4,changed,,[''],1,ffb7d7a318f6c666,
RSEM-0441,IFACT-58adb7c19ba4c9fa6f8b34e2,changed,,['蚌埠党史资料  第8辑_11448705'],1,cf78a033678a7586,蚌埠党史资料  第8辑_11448705
RSEM-0442,IFACT-53105af1f300dced2760a480,control,IFACT-d88e22b80fe053f976d4d401,['中国共产党编年史1947年卷'],1,383079c531deff01,中国共产党编年史1947年卷
RSEM-0443,IFACT-fd868a106be9f0300a90c5cc,changed,,['中共党史人物传  第14卷'],1,443be4ddc4390458,中共党史人物传  第14卷
RSEM-0444,IFACT-7c04265757f9df324109e148,changed,,"['中共党史人物传  第28卷', '中共党史人物传  第43卷']",3,93b520d8cc7fd996,中共党史人物传  第43卷
RSEM-0445,IFACT-b504fa1b6c24f0a7471c7530,changed,,"['红军在酉阳  酉阳县党史资料  总第1期_13980129', '红军在酉阳  酉阳县党史资料  总第1期_13980129 (2)', '红叶灿灿_11441701']",3,cc61d8fb09f5a289,红军在酉阳  酉阳县党史资料  总第1期_13980129
RSEM-0446,IFACT-6f16a0ee2973c40b1a46ac08,changed,,"['战斗的天长  抗日史料专辑_11448720', '沿河县党史资料汇编_12010359', '赣南党史资料  第13辑  红土魂_12021658']",3,6a32915d52ce022e,战斗的天长  抗日史料专辑_11448720
RSEM-0447,IFACT-e8dc054167ff484a9cbacb31,changed,,"['中国共产党荣昌县地方党史资料选集  第一集  1926-1949_12020859', '中国共产党荣昌县地方党史资料选集  第一集  1926-1949_12020859 (2)']",3,5f7c2f720e5749db,中国共产党荣昌县地方党史资料选集  第一集  1926-1949_12020859 (2)
RSEM-0448,IFACT-38fcb8e4211fd1bffd2cafba,changed,,"['党史资料丛书之二  昭通市解放前学生运动史资料_12886716', '昭通地区党史资料  2  学生运动史料选编  民主革命时期_11441830']",3,080db9360732b529,昭通地区党史资料  2  学生运动史料选编  民主革命时期_11441830
RSEM-0449,IFACT-a98bb2af30c2f395d6a886cb,changed,,"['铜梁党史资料汇编  第1集  1922-1949_14069475', '铜梁党史资料汇编  第1集  1922-1949_14069475 (2)']",2,17ecf0c31705e4aa,铜梁党史资料汇编  第1集  1922-1949_14069475 (2)
RSEM-0450,IFACT-2ffc627e23fc634dc28ed666,changed,,"['中共党史人物传  第10卷', '中共党史人物传  第12卷', '南京党史资料  3_13022472']",3,abf30a47fbd4296d,中共党史人物传  第10卷
RSEM-0451,IFACT-8dae7971ec76438b1140e98f,changed,,"['江津县党史资料选辑_11449501', '江津县党史资料选辑_11449501 (2)']",3,86f833321b60732a,江津县党史资料选辑_11449501
RSEM-0452,IFACT-a24e429ff5b1e90212b304ac,changed,,['昆明党史资料 昆明解放  从昆明起义到军事接管_13203040'],1,ca77ac122318cd53,昆明党史资料 昆明解放  从昆明起义到军事接管_13203040
RSEM-0453,IFACT-bc6a3d362469452379d4d4cf,changed,,['武汉城工史料  中共襄南地委城工部史料专辑_12279638'],3,62976d9afc15a81e,武汉城工史料  中共襄南地委城工部史料专辑_12279638
RSEM-0454,IFACT-35a216a4cb1b74d5a3d17791,control,IFACT-f89737e4cde541b3ab6be711,"['中共党史人物传  第22卷', '华容党史资料选辑  第1辑_11449375', '株洲党史资料  民主革命时期  第1辑_11441688']",3,a57cd6b0040d83b0,华容党史资料选辑  第1辑_11449375
RSEM-0455,IFACT-27da85b28d052c427cea3316,control,IFACT-f597fa8739bd33382b77fd35,['黔东南的解放和剿匪斗争_1335538'],1,377c640069dcac12,黔东南的解放和剿匪斗争_1335538
RSEM-0456,IFACT-a3fafc3de1ddb79269282598,changed,,"['中共党史人物传  第11卷', '中共党史人物传  第35卷', '新干党史资料  第1辑']",3,87232b89c05fe056,新干党史资料  第1辑
RSEM-0457,IFACT-d514f23df84abf8cb5260de4,changed,,"['江津县党史资料选辑_11449501', '江津县党史资料选辑_11449501 (2)']",2,5cb522adfb410f92,江津县党史资料选辑_11449501
RSEM-0458,IFACT-2b2355c1de03278c995335b5,control,IFACT-5e8a3afa1a3ad15b5ad0d3e7,['中国共产党编年史1929年卷'],1,1679a95c3dfbaf2a,中国共产党编年史1929年卷
RSEM-0459,IFACT-3aae1fb982e6b53594e2bd99,changed,,"['沅陵党史资料 辰州烽火_11448552', '湘潭县党史资料  第2辑_11441682']",3,b847fc93c155081f,沅陵党史资料 辰州烽火_11448552
RSEM-0460,IFACT-2383ed8bf5297c32c7f2f07e,changed,,['桃江党史资料  第一辑_12060253'],1,815041c9332eae5a,桃江党史资料  第一辑_12060253
RSEM-0461,IFACT-1dbdf6114716950010a49f4c,changed,,['何功伟烈士纪念文集_11795162'],1,4e814ed75bd51774,何功伟烈士纪念文集_11795162
RSEM-0462,IFACT-950867d220d954378fe5b9dc,control,IFACT-bb78e7b656ac420bba1da3b4,['毕节地区党史资料丛书  33  毕节地区党史人物传略_13404495'],1,2c22a95deea45665,毕节地区党史资料丛书  33  毕节地区党史人物传略_13404495
RSEM-0463,IFACT-4709ae9542faae93a6cbd055,changed,,['中国共产党的成立是开天辟地的大事变  第一卷  第三册'],2,a04589461681e1b9,中国共产党的成立是开天辟地的大事变  第一卷  第三册
RSEM-0464,IFACT-5f9837e238ce2d28d1ce51f1,control,IFACT-0c87d98b3e0b666bee0df321,"['中共綦江县党史资料汇编  第2辑_11449487', '中共綦江县党史资料汇编  第2辑_11449487 (2)']",2,de9e876509183973,中共綦江县党史资料汇编  第2辑_11449487 (2)
RSEM-0465,IFACT-96b985773cafc9544f26a7cc,control,IFACT-1cecad0d520a554b5a7f58bc,"['中共仁寿县党史资料选编  （1928～1949）_12049644', '中华人民共和国史长编 第二卷 1956—1966_12601695', '中江县地方党史资料汇编  2  抗日战争、解放战争时期_12025828']",3,3c82bd31f0421586,中华人民共和国史长编 第二卷 1956—1966_12601695
RSEM-0466,IFACT-91d8e6b54a56c6cf228051e0,changed,,['中国共产党清江县党史资料  第1辑_13198535'],1,1e06fff2a94188d0,中国共产党清江县党史资料  第1辑_13198535
RSEM-0467,IFACT-58c70e21176b1df71b309724,changed,,"['从江辉史  第1辑_11449424', '黔东南党史资料  1987年第3-4期  总第32-33期_14049694', '黔东南的解放和剿匪斗争_1335538']",3,df3d86786eea7e6c,黔东南党史资料  1987年第3-4期  总第32-33期_14049694
RSEM-0468,IFACT-f943c0263800e71e16c8661b,changed,,"['“四个现代化”战略目标  第八卷  第三册', '中共党史人物传  第09卷', '中共早期关于武装斗争的认识与革命道路的探索  第三卷  第五册']",3,4e772353f20c3030,中共早期关于武装斗争的认识与革命道路的探索  第三卷  第五册
RSEM-0469,IFACT-94d25f842975a0e7495ec5f7,control,IFACT-867a623e7ac577af419bd527,['中共党史人物传  第16卷'],1,893363fcf9d0199a,中共党史人物传  第16卷
RSEM-0470,IFACT-0f1da5ce5fe4a13f104e12d2,changed,,['中共党史人物传  第11卷'],1,d41e162acc2107b2,中共党史人物传  第11卷
RSEM-0471,IFACT-914efdd951c8473928416e82,changed,,['新田党史资料  第1辑'],1,d2cbdaec3a1f0879,新田党史资料  第1辑
RSEM-0472,IFACT-bed3b9e31e4c7da13598ce2b,control,IFACT-1f4dcae35ab2c7b6eab0a13a,"['中共楚雄党史资料  第3集  彝州忠魂_11441829', '党史资料丛书之二  昭通市解放前学生运动史资料_12886716']",3,80b733f7ca32326a,党史资料丛书之二  昭通市解放前学生运动史资料_12886716
RSEM-0473,IFACT-66f9f9e9d799d072be991354,control,IFACT-d588dddb1acf3af26d12ad02,['中共楚雄党史资料  第3集  彝州忠魂_11441829'],1,0e48fff8bb7e6078,中共楚雄党史资料  第3集  彝州忠魂_11441829
RSEM-0474,IFACT-65d7f048c37d1bf7df6ffbde,changed,,['镇远地下党_11449431'],1,bcdbe0b8daf9d66d,镇远地下党_11449431
RSEM-0475,IFACT-cc9f5dfc64c31032f49abd0c,control,IFACT-c47fde1735a40b9beea2589a,"['中共党史人物传  第40卷', '中共綦江县党史资料汇编  第2辑_11449487']",3,357423ba63d83b33,中共綦江县党史资料汇编  第2辑_11449487
RSEM-0476,IFACT-8a4223d5534dfd6f5f8f1471,control,IFACT-94c813550ba66ab5a2b2d189,['中共江川县党史资料  第1辑_11441811'],1,410985d3bfffaf18,中共江川县党史资料  第1辑_11441811
RSEM-0477,IFACT-01bd60fc989347fda2eaf1c5,changed,,['湘潭县党史资料  第2辑_11441682'],1,99cf28e5557ca35d,湘潭县党史资料  第2辑_11441682
RSEM-0478,IFACT-9e75d9dc1fddb2b505eae85d,changed,,"['泗洪党史资料  第六辑 泗南泗东党史资料专辑_12020502', '泗洪党史资料  第四辑_12020978', '淮北党史资料  第3辑_10273534']",3,d47216b36ef51a83,泗洪党史资料  第四辑_12020978
RSEM-0479,IFACT-106cf2985a53d7ec4374348a,control,IFACT-9005798b3b621b6fc738744b,['武汉城工史料  中共鄂豫三地委城工部史料专辑_12277272'],3,ede6cc2d266da272,武汉城工史料  中共鄂豫三地委城工部史料专辑_12277272
RSEM-0480,IFACT-d5ac4a2123eac0e27d694802,control,IFACT-cd5638e463e8d7fa97948c63,['纪念中国工农红军长征胜利五十周年  1936-1986  红军长征过丽江_11441809'],3,1d8369d7adb55abd,纪念中国工农红军长征胜利五十周年  1936-1986  红军长征过丽江_11441809
RSEM-0481,IFACT-9498b8e9672cbefe1f7ac274,changed,,"['中共党史人物传  第14卷', '中共党史人物传  第25卷', '中共泸西县党史资料  第1辑  新民主主义革命时期_14237315']",3,d5716bf6322a625d,中共党史人物传  第25卷
RSEM-0482,IFACT-0c0727de63c9d9ca468442f9,changed,,['红河州党史资料  武装斗争专辑  上_11441842'],2,757a2a7a865ba7bf,红河州党史资料  武装斗争专辑  上_11441842
RSEM-0483,IFACT-9013d5ff55628c9aa521572f,control,IFACT-546e8f408c2651c9baa85c3a,[''],1,17e586615aa850be,
RSEM-0484,IFACT-b32ed7707a85941fabb03e23,changed,,"['中共党史人物传  第01卷', '中共党史人物传  第32卷']",3,a6af1f92d4cd0fb1,中共党史人物传  第32卷
RSEM-0485,IFACT-f9a8ea3e5c7e540a97396c4e,control,IFACT-30b3c25bd2d16da1dfd9c788,['中华人民共和国史长编 第四卷 1978—1991_12596358'],1,0cc4193e3b45a8f1,中华人民共和国史长编 第四卷 1978—1991_12596358
RSEM-0486,IFACT-0c87d98b3e0b666bee0df321,changed,,['中共党史人物传  第05卷'],1,830de7592e8e61ef,中共党史人物传  第05卷
RSEM-0487,IFACT-4958f45c925f6ae382e8bd6d,changed,,"['中共吉安党史资料  1', '中共楚雄党史资料  第1集  红军长征过楚雄_12005849', '中共楚雄党史资料  第3集  彝州忠魂_11441829']",3,6e75c05777c76646,中共楚雄党史资料  第3集  彝州忠魂_11441829
RSEM-0488,IFACT-4c9ec64c1e2827430b9d0b35,changed,,"['江北县党史资料汇编  第2辑  解放战争时期_12000849', '江北县党史资料汇编  第2辑  解放战争时期_12000849 (2)']",2,9f059ddec7c9d9f1,江北县党史资料汇编  第2辑  解放战争时期_12000849
RSEM-0489,IFACT-9cb85cc5b4b4fcd2be7928b8,control,IFACT-0c5b4f734235f8fe5e3d899b,['中共早期关于武装斗争的认识与革命道路的探索  第三卷  第四册'],1,2a274321116fe325,中共早期关于武装斗争的认识与革命道路的探索  第三卷  第四册
RSEM-0490,IFACT-8d4a05a13c922191033024c1,changed,,"['中共党史人物传  第29卷', '中共早期关于武装斗争的认识与革命道路的探索  第三卷  第三册', '休宁党史资料选编  1919-1949_11449656']",3,b3b4d07a0ad3ef9f,中共早期关于武装斗争的认识与革命道路的探索  第三卷  第三册
RSEM-0491,IFACT-9d993a9138ad04378784139a,changed,,"['中共宜昌地区党史专题汇编  1921-1949_10273535', '中共宜都县党史资料汇编  1921-1949_11449396']",2,d6521761d732ab77,中共宜都县党史资料汇编  1921-1949_11449396
RSEM-0492,IFACT-09c54e51804756b3d8ac6a8e,control,IFACT-74b54323bae466308e83ebbb,"['中国共产党编年史1930年卷', '旺苍党史资料  红军在旺苍  第3辑_11999518']",3,761e2a489c00c362,中国共产党编年史1930年卷
RSEM-0493,IFACT-0ef4f1b27122c2bb4705adcd,changed,,['毕节地区党史资料丛书  1  中国共产党毕节地区党史大事记  修正稿  1933年-1949年_12918012'],1,d22e6d01dc853cf6,毕节地区党史资料丛书  1  中国共产党毕节地区党史大事记  修正稿  1933年-1949年_12918012
RSEM-0494,IFACT-99c7fff49e1a6f64ee564ecd,control,IFACT-98bbdcd76d0562ac9e46c04f,"['中华人民共和国史长编 第七卷 人物卷_12601694', '中华人民共和国成立  第一卷  第三册', '黔东南的解放和剿匪斗争_1335538']",3,a0f6bf6085dcbd46,中华人民共和国史长编 第七卷 人物卷_12601694
RSEM-0495,IFACT-d8e85866b56ad69f94ae48f6,changed,,"['淮阴党史资料  第18辑', '淮阴党史资料  第21辑']",2,26f0b71c8e6dcaa3,淮阴党史资料  第18辑
RSEM-0496,IFACT-4d149e058a34d7cd59c580a7,changed,,['凯里市党史资料  第1辑_12010403'],1,d01f70af23b90f4d,凯里市党史资料  第1辑_12010403
RSEM-0497,IFACT-08562a28e271ffb3f7133c8e,control,IFACT-64a1b7527d749d316f37e10e,['中共横峰党史资料'],2,5baa0161d7c23aa8,中共横峰党史资料
RSEM-0498,IFACT-674619e130181397fd4765d8,control,IFACT-73c2fa1a2545b1da3abb4da9,['中共南溪县地方党史资料汇编  1921-1949_11441788'],2,731c29ad778c43d7,中共南溪县地方党史资料汇编  1921-1949_11441788
RSEM-0499,IFACT-1b6bc56bb5fc37d5525860bb,control,IFACT-30a9a62923f0209817013c6c,"['六盘水党史资料  1  民主革命时期党在六盘水的革命活动_13312137', '曲靖党史资料  第5辑  中共曲靖地区党史大事记  1926.7-1950.3_11441812']",3,66431045e4e66738,六盘水党史资料  1  民主革命时期党在六盘水的革命活动_13312137
RSEM-0500,IFACT-fce4269b651413d0afb86c07,changed,,"['中共綦江县党史资料汇编  第1辑_11449486', '中共綦江县党史资料汇编  第1辑_11449486 (2)']",2,e5b5480fd22e29e8,中共綦江县党史资料汇编  第1辑_11449486 (2)
RSEM-0501,IFACT-cf3da3982f94a118596f40f8,control,IFACT-4ef546b94e04d4e3e32527c7,"['中共党史人物传  第37卷', '中共泸西县党史资料  第1辑  新民主主义革命时期_14237315', '毕节地区党史资料丛书  1  中国共产党毕节地区党史大事记  修正稿  1933年-1949年_12918012']",3,1c6ef03c14a16878,毕节地区党史资料丛书  1  中国共产党毕节地区党史大事记  修正稿  1933年-1949年_12918012
RSEM-0502,IFACT-8a0efda61cf300bd16e3c88b,control,IFACT-4958c488e9f6c04b3f40cee7,['曲靖党史资料  第4辑  新民主主义革命时期学生运动史料选编_11441835'],1,e814531c34369675,曲靖党史资料  第4辑  新民主主义革命时期学生运动史料选编_11441835
RSEM-0503,IFACT-28b28b67544a90a69eab75b7,changed,,"['合川党史资料汇编  第1辑_12010790', '合川党史资料汇编  第1辑_12010790 (2)']",2,7c20b16436e2f339,合川党史资料汇编  第1辑_12010790
RSEM-0504,IFACT-c4aa858a385dba6b81ceef21,control,IFACT-f68728bdef49f21c3e6c7589,"['中共党史人物传  1--50卷  索引', '黔南州党史资料  5  黔南英烈_11448276']",3,8a8b7d8d8a3ad686,黔南州党史资料  5  黔南英烈_11448276
RSEM-0505,IFACT-f7cad6387b7b39611198fa4c,control,IFACT-c79a9f8f1609d26cab03a1ce,"['中共泸西县党史资料  第1辑  新民主主义革命时期_14237315', '江北县党史资料汇编  第2辑  解放战争时期_12000849', '江北县党史资料汇编  第2辑  解放战争时期_12000849 (2)']",3,be9af0a790d3723d,江北县党史资料汇编  第2辑  解放战争时期_12000849 (2)
RSEM-0506,IFACT-b390e9302fb9ce553d9336f1,changed,,"['北碚党史资料汇编  第7辑_12010685', '北碚党史资料汇编  第7辑_12010685 (2)']",2,a40d3f5f41a661fa,北碚党史资料汇编  第7辑_12010685
RSEM-0507,IFACT-3d57b0070df437c6b457c6be,control,IFACT-fb242d4e6c6dd1f96607890e,['武汉城工史料  中共鄂豫三地委城工部史料专辑_12277272'],3,34ca1b7e498b526c,武汉城工史料  中共鄂豫三地委城工部史料专辑_12277272
RSEM-0508,IFACT-b6241527d16a0c29d9f41933,control,IFACT-9de98ee70c3c684424b0cf9c,['请水寨暴动_11449662'],1,c3cd2b08cc72e1e5,请水寨暴动_11449662
RSEM-0509,IFACT-5370fc8f94c5a9f3fcf6c420,control,IFACT-1ab572cf07e3811c78bec13f,['红河州党史资料  武装斗争专辑  下_11441843'],2,965df89d35a6e761,红河州党史资料  武装斗争专辑  下_11441843
RSEM-0510,IFACT-98147f90ccf98b0ca62e2cde,changed,,['中共党史人物传  第34卷'],2,970e8b5088f8a812,中共党史人物传  第34卷
RSEM-0511,IFACT-bac558a34d912ad7d9814336,control,IFACT-2ffc627e23fc634dc28ed666,"['中共上饶市党史资料_13657489', '中华人民共和国史长编 第五卷 1992—2002_12601363', '安顺县党史资料  3  万水千山为人民_11449963']",3,e76fd293c7e38495,中共上饶市党史资料_13657489
RSEM-0512,IFACT-7b8bac7758fb14cc06ffe2c4,changed,,"['中共党史人物传  第12卷', '中共党史人物传  第24卷', '中华人民共和国史长编 第七卷 人物卷_12601694']",3,b5c234513bbd2290,中共党史人物传  第12卷
RSEM-0513,IFACT-755afa9c40f701f9e0186932,control,IFACT-6367650c979541b4185bd555,['中华人民共和国史长编 第七卷 人物卷_12601694'],1,5c0542b7aacc575c,中华人民共和国史长编 第七卷 人物卷_12601694
RSEM-0514,IFACT-40a1e2eda6257108353d9147,control,IFACT-769d33dfbb6e01df26af6e65,"['中共上饶市党史资料_13657489', '中共党史人物传  第03卷', '中共党史人物传  第18卷']",3,e433424bf33b48c2,中共党史人物传  第03卷
RSEM-0515,IFACT-5710df51a76248fcc2d362c8,control,IFACT-647d7f7b11c841e5ef8b43d5,"['中共三台县地方党史资料丛书  梓州忠魂_12049649', '中共党史人物传  第08卷', '中共党史人物传  第46卷']",3,0d3b91f4e9141407,中共三台县地方党史资料丛书  梓州忠魂_12049649
RSEM-0516,IFACT-62314ae9ba903ee785ac72fe,control,IFACT-a83df9fb8ef3cb0bc3d9e206,"['中共党史人物传  第19卷', '桃江党史资料  第一辑_12060253', '桃源星火  新民主主义革命时期_12021082']",3,82aa5e70430fe3b3,桃江党史资料  第一辑_12060253
RSEM-0517,IFACT-b45a112045165f26638fdf83,control,IFACT-9bd5ea007cc331daca668a26,"['中共党史人物传  第35卷', '中共党史人物传第36卷']",3,9aa2e71269b5be57,中共党史人物传  第35卷
RSEM-0518,IFACT-77809cdd33f5799905f2b446,changed,,['中国共产党澜沧县历史资料汇编_11441827'],1,d4d8126e87744500,中国共产党澜沧县历史资料汇编_11441827
RSEM-0519,IFACT-b29e507a734c5ec70e0d5ba8,changed,,['中共龙陵县地方党史资料汇编  1925—1950.3_12021126'],1,4a82f56993b46a97,中共龙陵县地方党史资料汇编  1925—1950.3_12021126
RSEM-0520,IFACT-40115f5181a79bb3e976e27c,control,IFACT-9b21ed49588d5394353a45e2,"['中共党史人物传   第04卷', '中国共产党编年史1921年卷', '中国共产党编年史1923年卷']",3,cb5bdf7cb108ccde,中共党史人物传   第04卷
RSEM-0521,IFACT-94c813550ba66ab5a2b2d189,changed,,['昭通地区党史资料  1  昭通地区党史资料选编  1927年-1950年3月_12886736'],1,4a9a27662edbab64,昭通地区党史资料  1  昭通地区党史资料选编  1927年-1950年3月_12886736
RSEM-0522,IFACT-dcf3838e1af200f101ed10ee,control,IFACT-d0ce447eb1f3018234d10f0f,"['中共党史人物传  第29卷', '中共綦江县党史资料汇编  第2辑_11449487']",3,ee8463af0562a470,中共綦江县党史资料汇编  第2辑_11449487
RSEM-0523,IFACT-aa93f998d80c3f46f8a8f2dc,control,IFACT-f6648f8482a34461c4d3dc71,"['中共党史人物传  第02卷', '华蓥山游击队_10835974']",2,e0962fba705bfdc9,中共党史人物传  第02卷
RSEM-0524,IFACT-d4121242a61c0510b4bcf3aa,control,IFACT-a80fe9809f7725a8bbf579ed,"['中共綦江县党史资料汇编  第2辑_11449487 (2)', '忠州风云：忠县党史资料汇编  第1辑_11449177', '忠州风云：忠县党史资料汇编  第1辑_11449177 (2)']",3,6feba56f5decf8d7,忠州风云：忠县党史资料汇编  第1辑_11449177 (2)
RSEM-0525,IFACT-c7a0963bce04b817f28278c6,control,IFACT-5c748d3e2673c92e0e559463,['赣南党史资料  第13辑  红土魂_12021658'],1,c9bfe6b004232a6a,赣南党史资料  第13辑  红土魂_12021658
RSEM-0526,IFACT-2fbb3b52469bf6da36b240c2,control,IFACT-6f5904a594c18943dc5ca87c,"['中共上饶市党史资料_13657489', '中共党史人物传  第21卷', '中共南溪县地方党史资料汇编  1921-1949_11441788']",3,2cd21049d8b7b9d2,中共上饶市党史资料_13657489
RSEM-0527,IFACT-9bc7fa3f79033b33ed6c4d3a,changed,,"['中共党史人物传  第29卷', '大方党史资料  第13辑  红军在大方', '血染的土地  纪念鹤峰苏区创建六十周年_10227365']",3,626d2263081fd215,大方党史资料  第13辑  红军在大方
RSEM-0528,IFACT-2e5081669a853685b32d1d23,changed,,['奋笔战山城：抗日战争时期革命新闻工作者回忆录_11449377'],2,48cdf652fd85c1f4,奋笔战山城：抗日战争时期革命新闻工作者回忆录_11449377
RSEM-0529,IFACT-c5976f1c0beb840d0adda6bc,changed,,['中国共产党编年史1930年卷'],1,722dc8c27938fc28,中国共产党编年史1930年卷
RSEM-0530,IFACT-885a0f17e7eae057e37345fe,control,IFACT-4958f45c925f6ae382e8bd6d,['南京党史资料 33-34_12010354'],1,019e571895bda11e,南京党史资料 33-34_12010354
RSEM-0531,IFACT-1dc866f126511271eb20ef34,changed,,"['中共南溪县地方党史资料汇编  1921-1949_11441788', '中国共产党丰都县党史资料汇编  1  激流涌进_11449167 (2)', '湘潭县党史资料  第3辑_11441681']",3,2b1a069e6e043b00,中共南溪县地方党史资料汇编  1921-1949_11441788
RSEM-0532,IFACT-c9786532e1beb54e52b6b4df,control,IFACT-1f65fa5c3f1ece919db0c07f,['中共党史人物传  第20卷'],1,85c694ba26dc89a2,中共党史人物传  第20卷
RSEM-0533,IFACT-f6e31eb4ea62a3ee69e03645,control,IFACT-9d993a9138ad04378784139a,"['中共党史人物传  第51卷', '中共楚雄党史资料  第3集  彝州忠魂_11441829']",2,120bedacf04b7c08,中共楚雄党史资料  第3集  彝州忠魂_11441829
RSEM-0534,IFACT-c422710df4f111bbc7ab114c,control,IFACT-a4ffadd702816844f4e804e3,"['“四个现代化”战略目标  第八卷  第四册', '中共党史人物传第39卷']",2,b9ce194631b1081d,中共党史人物传第39卷
RSEM-0535,IFACT-f406d233dfe90a691143753c,changed,,['中共党史人物传  第06卷'],1,ad949f2cf939793b,中共党史人物传  第06卷
RSEM-0536,IFACT-fea4f1dc12e12a6dbcb07a63,control,IFACT-b7de796559560735a3f8df49,['中国共产党编年史1946年卷'],3,e4f17d92db0fd3d0,中国共产党编年史1946年卷
RSEM-0537,IFACT-bebfd9752296449a67b86d0a,control,IFACT-f76c037af633e29e05196bc2,['中国共产党遂宁市党史资料汇编  1926-1949_11449200'],1,3a8a3b41d571dba1,中国共产党遂宁市党史资料汇编  1926-1949_11449200
RSEM-0538,IFACT-d7dad0fe8742c8f87bf4d971,changed,,"['中共綦江县党史资料汇编  第3辑_11449488', '中共綦江县党史资料汇编  第3辑_11449488 (2)', '中国共产党荣昌县地方党史资料选集  第一集  1926-1949_12020859']",3,5bfc766d8ba98090,中国共产党荣昌县地方党史资料选集  第一集  1926-1949_12020859
RSEM-0539,IFACT-23d4a7a91540b9d5621e722a,control,IFACT-f26c1c4d44b18ddab76e3322,"['梁平党史资料汇编  第1辑_11449172', '梁平党史资料汇编  第2辑  梁山英烈_11449171', '梁平党史资料汇编  第2辑  梁山英烈_11449171 (2)']",3,8edae515fd663e2b,梁平党史资料汇编  第2辑  梁山英烈_11449171 (2)
RSEM-0540,IFACT-57d72d833033dd8dd9189c81,changed,,['战斗的天长  抗日史料专辑_11448720'],1,531bdc043ec13394,战斗的天长  抗日史料专辑_11448720
RSEM-0541,IFACT-152729cd0537484601e65430,changed,,['思南地下党的回忆_13449480'],1,ed941a6c4988b8f5,思南地下党的回忆_13449480
RSEM-0542,IFACT-87269f17dbc0b822b4d4fcdb,control,IFACT-129f15389f2c06a36f60fc86,['何功伟烈士纪念文集_11795162'],1,1ffdb676517599e5,何功伟烈士纪念文集_11795162
RSEM-0543,IFACT-7e98c844f89a4bc94272b4de,changed,,['中共党史人物传  第21卷'],1,6a53f40adf9159e7,中共党史人物传  第21卷
RSEM-0544,IFACT-a3edbc3ba7daf60a20b63a52,changed,,['中共党史人物传  第14卷'],1,e390e1ac5d6c4a80,中共党史人物传  第14卷
RSEM-0545,IFACT-479e0c5e3dbfcb70ba8c87db,changed,,['曲靖党史资料  第3辑  新民主主义革命时期统战工作史料选编_11441834'],1,dfb4a22a13e82861,曲靖党史资料  第3辑  新民主主义革命时期统战工作史料选编_11441834
RSEM-0546,IFACT-1ebb12a2533e1258522dce0c,changed,,"['中共常宁党史资料汇编  1921-1949_12020908', '湘南起义文献集_14468654', '茶陵党史丛书  第三辑_12021101']",3,117d2da5078eb85d,茶陵党史丛书  第三辑_12021101
RSEM-0547,IFACT-cce436baf533f472eb4a2023,changed,,"['中共党史人物传  第14卷', '中共龙陵县地方党史资料汇编  1925—1950.3_12021126']",3,9b85b2520a6f636a,中共龙陵县地方党史资料汇编  1925—1950.3_12021126
RSEM-0548,IFACT-4d51e29ce6c0d8581e9f1bea,changed,,"['休宁党史资料选编  1919-1949_11449656', '新四军在浙西', '资江烽火  新民主主义革命时期益阳县党史资料汇编_11449376']",3,4cc99b3cc953e465,新四军在浙西
RSEM-0549,IFACT-85019d3106a44571b15dd0d5,changed,,"['中共党史人物传  第01卷', '中共党史人物传  第38卷', '中共党史人物传  第41卷']",3,8d9e1991c2ef86e5,中共党史人物传  第38卷
RSEM-0550,IFACT-0b2a2e9a878bc79c3c151646,control,IFACT-d8db390556f181654f61200f,['解放青海'],1,5ea6048920ab61b8,解放青海
RSEM-0551,IFACT-2ee759b8a879bfdaec2f7589,control,IFACT-2383ed8bf5297c32c7f2f07e,['濉溪党史资料  1  1919-1949_11999514'],3,aa1a7c3c5a4836ce,濉溪党史资料  1  1919-1949_11999514
RSEM-0552,IFACT-2a86ccbe708fb32df04ddcc1,control,IFACT-994099e1629d0422dac9097a,['中国共产党丰都县党史资料汇编  1  激流涌进_11449167 (2)'],1,04725eba4b9c90d8,中国共产党丰都县党史资料汇编  1  激流涌进_11449167 (2)
RSEM-0553,IFACT-a719ea22c696ca94f69a387c,control,IFACT-46964a7305727cb5bfbf840d,"['中共南溪县地方党史资料汇编  1921-1949_11441788', '中共泸西县党史资料  第2辑 （1950-1956年）', '中华人民共和国史长编 第七卷 人物卷_12601694']",3,7f508c73a38e7a9f,中共泸西县党史资料  第2辑 （1950-1956年）
RSEM-0554,IFACT-8bcb18bd73fe407515ab0c64,control,IFACT-c6b25f207e41e2cff8d26cf3,['南京党史资料  28_12021715'],2,44340180b0333f89,南京党史资料  28_12021715
RSEM-0555,IFACT-d9d7e46a35e4b732b6620fcc,changed,,['大方党史资料  第4辑  大方解放初期的斗争  续集_14027690'],1,93d0fc5eb2f0cd19,大方党史资料  第4辑  大方解放初期的斗争  续集_14027690
RSEM-0556,IFACT-2167b7a1405ca4afbf42e594,control,IFACT-8ac3aa8fda36456222b4a488,['中共党史人物传  第44卷'],2,31545bdfabeee1ab,中共党史人物传  第44卷
RSEM-0557,IFACT-b325523d1bd652d815fa470c,changed,,['中共威远县地方党史资料汇编  1920年-1949年  第1辑_11449185'],2,aba8bf3214dd4053,中共威远县地方党史资料汇编  1920年-1949年  第1辑_11449185
RSEM-0558,IFACT-1b40d5145b98f5f0cff55cba,control,IFACT-6d3078c0283f36baee727e90,"['中共党史人物传  第23卷', '中共党史人物传  第28卷']",2,7c8f7c6d0e93885d,中共党史人物传  第28卷
RSEM-0559,IFACT-d89b50f1158cbd694fc9ff1f,control,IFACT-8368d2735f89008d0b419aec,['宜春地区史志资料  党史资料专辑  第一集_12021732'],1,c9a3aa50ef7fb58c,宜春地区史志资料  党史资料专辑  第一集_12021732
RSEM-0560,IFACT-f33ac1c42bf0d26771d39ce6,changed,,"['中共党史人物传  第11卷', '中共党史人物传  第25卷', '中共党史人物传第39卷']",3,7dc042babd282ca6,中共党史人物传  第11卷
RSEM-0561,IFACT-16987e7f493cc239a8071ae2,control,IFACT-c43c442403c17d3a373fd109,['中共党史人物传  第38卷'],1,3cbf30b22527fd1b,中共党史人物传  第38卷
RSEM-0562,IFACT-56e341e37114c0bee415beff,control,IFACT-82b516a064c8b2ef62ced60b,"['青海省革命遗址通览(1)', '青海省革命遗址通览(2)']",3,b22f9e143615ae97,青海省革命遗址通览(1)
RSEM-0563,IFACT-b9551b38af71188f9487a3da,changed,,['蜀都中学党史资料汇编_12010780'],1,ee3a8df5886875d0,蜀都中学党史资料汇编_12010780
RSEM-0564,IFACT-605f1ad2c7435b5427295905,control,IFACT-c8b8d941fd760acff0e39017,"['“四个现代化”战略目标  第八卷  第四册', '中共党史人物传  第20卷', '九江县党史资料  第一集_12020535']",3,4068d4d0d133c162,九江县党史资料  第一集_12020535
RSEM-0565,IFACT-031b8e95aa9c918386357e29,control,IFACT-aeb6755c78c5cb2f4440c793,['中国共产党滇西工委滇西北地委史料选编  上_11441575'],3,f5128fc71f7a9ead,中国共产党滇西工委滇西北地委史料选编  上_11441575
RSEM-0566,IFACT-6f9c18e7b87ef13fb87b666c,control,IFACT-6613bb124a80ba38dc48dc15,['大方党史资料  第8辑  大方党史人物传_13395620'],1,ee8671b666882c2b,大方党史资料  第8辑  大方党史人物传_13395620
RSEM-0567,IFACT-064224020ac3c8fa8d0cb148,control,IFACT-ce1d60e942c0f1338e6b0cf3,['蜀都中学党史资料汇编_12010780'],2,1a79115a0506c969,蜀都中学党史资料汇编_12010780
RSEM-0568,IFACT-a8831139a5fe9fd8ebff5057,changed,,"['中共党史人物传  第34卷', '中共党史人物传第39卷']",2,b3c75ea10d28bbb9,中共党史人物传第39卷
RSEM-0569,IFACT-824498b6e72d97faeef97914,changed,,"['中共綦江县党史资料汇编  第1辑_11449486', '中共綦江县党史资料汇编  第1辑_11449486 (2)']",3,b6135da4f7f26b41,中共綦江县党史资料汇编  第1辑_11449486
RSEM-0570,IFACT-bc381a07040b3d4e4e38395f,control,IFACT-77809cdd33f5799905f2b446,"['江北县党史资料汇编  第1辑  抗日战争时期_11509459', '江北县党史资料汇编  第1辑  抗日战争时期_11509459 (2)']",3,9bde38ab6008043d,江北县党史资料汇编  第1辑  抗日战争时期_11509459
RSEM-0571,IFACT-c4da68f49f4e8e1b81f0cdda,changed,,"['中共党史人物传  第05卷', '中共党史人物传  第40卷', '武汉城工史料  中共襄南地委城工部史料专辑_12279638']",3,b4bc9d59d3f1f9f4,中共党史人物传  第05卷
RSEM-0572,IFACT-b26dd65bff47cc87f0d8ab6c,changed,,"['红军在黎平  资料汇集_13955220', '黔南州党史资料  6  中共黔南州历史大事记  1930-1989_11449410', '黔南布依族苗族自治州党史资料汇编  1  红军在黔南_11449401']",3,b947360f8976de69,黔南州党史资料  6  中共黔南州历史大事记  1930-1989_11449410
RSEM-0573,IFACT-d66ee78ecad6e5441705a99c,changed,,"['北碚党史资料汇编  第4辑_12010686 (2)', '北碚党史资料汇编-纪念中国共产党成立80周年']",3,02f088d5d31358d8,北碚党史资料汇编  第4辑_12010686 (2)
RSEM-0574,IFACT-76c8e6bfbc5364d42f7c8a3f,control,IFACT-0c815d3abd26e9360b6a130f,"['中共上饶县党史资料_13657495', '血染的土地  纪念鹤峰苏区创建六十周年_10227365', '铜仁党史资料  红军在黔东_11449983']",3,88ae040f0290d376,中共上饶县党史资料_13657495
RSEM-0575,IFACT-0bc55aabdbeea34cff9bd200,control,IFACT-3f7aface6882ad14ccee4f81,['红二、六军团长征过云南'],3,119b41e5b88469d6,红二、六军团长征过云南
RSEM-0576,IFACT-46964a7305727cb5bfbf840d,changed,,['中共余干党史资料'],1,9b036e548516b022,中共余干党史资料
RSEM-0577,IFACT-b71f906b04e71334c8402500,control,IFACT-fc77e9af427c5b41b67f04d5,['巴中县党史资料  第7辑_12010793'],1,7f2fc3c1f409a13b,巴中县党史资料  第7辑_12010793
RSEM-0578,IFACT-8f873a2a2647e3ec7344e2b5,changed,,['成都党史资料  新华日报成都营业分处史稿_11483242'],2,bb372859045a918d,成都党史资料  新华日报成都营业分处史稿_11483242
RSEM-0579,IFACT-3fda3c67f27644e9ca22b50b,control,IFACT-9c6018c46d7de40a0dd23269,"['东安党史资料选辑  第1辑_11175194', '中共党史人物传第17卷']",2,e1cbe4145af99bd1,东安党史资料选辑  第1辑_11175194
RSEM-0580,IFACT-877dea1577769cde4855dde3,control,IFACT-e3afac6c8924dbc6b06d0238,['株洲党史资料  民主革命时期  第1辑_11441688'],1,39a47acd7bcd4a3d,株洲党史资料  民主革命时期  第1辑_11441688
RSEM-0581,IFACT-6773318b9c676b5a9205a7b0,control,IFACT-41e6c2162a4457a65ca9bb59,"['中国共产党编年史1929年卷', '中国共产党编年史1931年卷', '茶陵党史丛书  第三辑_12021101']",3,ef4cd68bfe139c5e,茶陵党史丛书  第三辑_12021101
RSEM-0582,IFACT-56539ec27e2890a9aa32f2d6,control,IFACT-4cf9941e7942236813052e49,['濉溪党史资料  1  1919-1949_11999514'],3,aa1a7c3c5a4836ce,濉溪党史资料  1  1919-1949_11999514
RSEM-0583,IFACT-e25f7c6259accc9d9a511ac8,changed,,['中共党史人物传  第50卷'],1,d170012cdc17d264,中共党史人物传  第50卷
RSEM-0584,IFACT-73c2fa1a2545b1da3abb4da9,changed,,"['曲靖党史资料  第4辑  新民主主义革命时期学生运动史料选编_11441835', '滇桂黔边区罗盘区党史资料_11441580']",2,48ff5feaf511ff89,曲靖党史资料  第4辑  新民主主义革命时期学生运动史料选编_11441835
RSEM-0585,IFACT-4933224243086d96da112564,changed,,['江北县党史资料汇编  第1辑  抗日战争时期_11509459 (2)'],1,1daffab3f42d6571,江北县党史资料汇编  第1辑  抗日战争时期_11509459 (2)
RSEM-0586,IFACT-6fd26cc4f56b3ca1384765d4,control,IFACT-3dc86d93d1b0f79daeabce56,"['中共党史人物传  第29卷', '中国共产党编年史1925年卷', '南京党史资料  11_12010798']",3,a41dee287154fa31,南京党史资料  11_12010798
RSEM-0587,IFACT-949558cbdfea2a3717b45c76,control,IFACT-b29e507a734c5ec70e0d5ba8,"['中共党史人物传  第22卷', '中共南昌城工部史料汇编  订正本', '忠魂集_11999498']",3,c076ad87fe516c70,中共南昌城工部史料汇编  订正本
RSEM-0588,IFACT-d0ce447eb1f3018234d10f0f,changed,,['万里风云  十三集团军史料选编_11796989'],1,5311209f8dc30785,万里风云  十三集团军史料选编_11796989
RSEM-0589,IFACT-774dbcbbd0c022d9b1a78ddb,control,IFACT-cac3c9f5025ae9a580e4094d,['怀宁党史资料选编  1919-1949_11449664'],2,d0f7f94ce090c004,怀宁党史资料选编  1919-1949_11449664
RSEM-0590,IFACT-8f6c3e9525a11e328088e3ff,changed,,['蜀都中学党史资料汇编_12010780 (2)'],1,a6242037b51baf07,蜀都中学党史资料汇编_12010780 (2)
RSEM-0591,IFACT-5dbd065dde5bdcfcc7bfbe24,control,IFACT-0a4fa252fe6797871ae569e4,['中共西双版纳傣族自治州党史资料  解放战争时期  第1辑_11449370'],1,53add539ccf47604,中共西双版纳傣族自治州党史资料  解放战争时期  第1辑_11449370
RSEM-0592,IFACT-1f4dcae35ab2c7b6eab0a13a,changed,,['洪江党史资料 第1辑 建国前洪江党史资料_11448559'],1,3775fd2277837a32,洪江党史资料 第1辑 建国前洪江党史资料_11448559
RSEM-0593,IFACT-7f2671ac64b645edb52759b4,changed,,"['乔光鉴烈士专辑_12010357', '安顺地区党史资料  2  安顺星火：记地下党在安顺地区的活动  1934-1949_11449985', '紫云党史资料  2  中共地下党在紫云活动史料_11449971']",3,777c9e7b808de262,乔光鉴烈士专辑_12010357
RSEM-0594,IFACT-9d4982e8cd8a85edbf3bcb30,control,IFACT-b52d73c03c14f60dfd707f71,['昭通地区党史资料  2  学生运动史料选编  民主革命时期_11441830'],1,3adf42912c05d2ef,昭通地区党史资料  2  学生运动史料选编  民主革命时期_11441830
RSEM-0595,IFACT-6ca8b618a01e7b0c9aca2e0f,changed,,['淮北党史资料  第3辑_10273534'],1,10696f0b7f732365,淮北党史资料  第3辑_10273534
RSEM-0596,IFACT-2a04745db2b8e3e743ac8ab9,control,IFACT-dc8c617ca361531aecc5054f,['赣北党史资料  南昌起义前夕  九江庐山会议史探选编_13203333'],3,bdc3efbd024b7d32,赣北党史资料  南昌起义前夕  九江庐山会议史探选编_13203333
RSEM-0597,IFACT-cc7992ab9e796d90de1fa2ef,control,IFACT-94b1ea17af498830534782ae,"['中共党史人物传  第46卷', '中国共产党编年史1947年卷', '自力更生、发愤图强  第十一卷  第三册']",3,bc23bf3140718385,自力更生、发愤图强  第十一卷  第三册
RSEM-0598,IFACT-d88e22b80fe053f976d4d401,changed,,['中共南昌城工部史料汇编  订正本'],2,4614ca905946ffba,中共南昌城工部史料汇编  订正本
RSEM-0599,IFACT-73ff39ebf322c9cce4bb5bd4,changed,,"['涪陵地区党史资料  总第1期  专辑  湘鄂川黔革命根据地历史资料  四川部分_12021631', '涪陵地区党史资料  总第1期  专辑  湘鄂川黔革命根据地历史资料  四川部分_12021631 (2)', '红军在贵州资料汇辑  第3辑_10383739']",3,76065f80a1f63702,涪陵地区党史资料  总第1期  专辑  湘鄂川黔革命根据地历史资料  四川部分_12021631 (2)
RSEM-0600,IFACT-d922fa42bbafdcfc42110d1b,changed,,['南京党史资料  24-26  纪念南京解放40周年专辑_12941246'],1,9cee93ad77fa4840,南京党史资料  24-26  纪念南京解放40周年专辑_12941246
RSEM-0601,IFACT-d189f242ff91f360542bdb4c,changed,,['中共党史人物传  第48卷'],1,07a38eb5a842c77f,中共党史人物传  第48卷
RSEM-0602,IFACT-21016376e9f6094f85944256,control,IFACT-62afde223475f87f3185eff3,"['大方党史资料  第3辑  大方解放初期的斗争_11449969', '大方县党史参考资料  第11辑  大方县解放斗争史座谈会资料之二  大方县解放斗争回忆录  上_11450115']",3,453d94ce1181d6c0,大方县党史参考资料  第11辑  大方县解放斗争史座谈会资料之二  大方县解放斗争回忆录  上_11450115
RSEM-0603,IFACT-fc2aa7da7e0003018d6f160d,control,IFACT-8d4a05a13c922191033024c1,"['中共党史人物传  第11卷', '中共党史人物传  第20卷']",3,39cb393cacfc06fc,中共党史人物传  第11卷
RSEM-0604,IFACT-2ff8cd3dc7549bcf9cf51877,control,IFACT-7a7764e10ade857336b91ba9,['旺苍党史资料  红军在旺苍  第3辑_11999518'],1,d2722be84d67641b,旺苍党史资料  红军在旺苍  第3辑_11999518
RSEM-0605,IFACT-0a4fa252fe6797871ae569e4,changed,,"['中共仁寿县党史资料选编  （1928～1949）_12049644', '中共党史人物传  第27卷']",2,25e434c4b58adfcc,中共仁寿县党史资料选编  （1928～1949）_12049644
RSEM-0606,IFACT-fd21bb1a195a679d35f7358e,changed,,"['沿河县党史资料汇编_12010359', '铜仁党史资料  红军在黔东_11449983']",2,1652f5b1d614d3d8,铜仁党史资料  红军在黔东_11449983
RSEM-0607,IFACT-dfc881652f5dd8c4b0e1ad8c,control,IFACT-fd868a106be9f0300a90c5cc,['中共宜昌地区党史专题汇编  1921-1949_10273535'],2,4f71e5b00c840c9c,中共宜昌地区党史专题汇编  1921-1949_10273535
RSEM-0608,IFACT-f50b8bc0aca64b7ce76db464,changed,,"['中共早期关于武装斗争的认识与革命道路的探索  第三卷  第三册', '中国共产党编年史1923年卷', '洪城南廓谱春秋：中共南昌县党史资料_11442003']",3,8311cacf50ec05e1,中国共产党编年史1923年卷
RSEM-0609,IFACT-7109a4f91c2eb9f1486e6708,control,IFACT-5f561115451a75640ac70829,['安宁县党史资料  第一辑  1927.2—1950.4_12021591'],2,8edabef779898978,安宁县党史资料  第一辑  1927.2—1950.4_12021591
RSEM-0610,IFACT-9c69f0a106197b01dbe1f486,changed,,"['中共党史人物传  第12卷', '中共南昌城工部史料汇编  订正本', '合川党史资料汇编  第1辑_12010790 (2)']",3,b74f8e6443787f3f,中共南昌城工部史料汇编  订正本
RSEM-0611,IFACT-bc80a399796b7f83992f3b9f,changed,,"['中共党史人物传  第15卷', '中共党史人物传  第26卷', '中华人民共和国史长编 第一卷 1949—1956_12601361']",3,8754d07cb207a79d,中华人民共和国史长编 第一卷 1949—1956_12601361
RSEM-0612,IFACT-d79d185098f026d132c98028,control,IFACT-7e98c844f89a4bc94272b4de,"['中共党史人物传  第12卷', '中共党史人物传  第14卷', '中共党史人物传  第19卷']",3,27b8be1e58364a55,中共党史人物传  第12卷
RSEM-0613,IFACT-9ade04aba56c05aa06d231ae,control,IFACT-1dc866f126511271eb20ef34,"['中华人民共和国史长编 第七卷 人物卷_12601694', '泰州党史资料  第1辑 一战二战时期革命文献_11449686', '罗登贤 - 维基百科，自由的百科全书']",3,d5085121caeebb45,泰州党史资料  第1辑 一战二战时期革命文献_11449686
RSEM-0614,IFACT-8a59ab28ed21433f19f6050d,control,IFACT-12482a199e875aca72bf2417,"['中共党史人物传  第02卷', '中国共产党编年史1931年卷']",2,161dc0d83af4e417,中共党史人物传  第02卷
RSEM-0615,IFACT-508707c6549c8f9491867af2,changed,,"['蚌埠党史资料  第2辑_12005916', '蚌埠党史资料  第3辑_12005917']",2,28fc25efd9a29554,蚌埠党史资料  第2辑_12005916
RSEM-0616,IFACT-54f55ab3077d2b19c16b1d45,control,IFACT-c6dceafa11bed4e8cc785df0,"['中共党史人物传  第15卷', '中共党史人物传  第32卷']",3,3438bb51614be345,中共党史人物传  第32卷
RSEM-0617,IFACT-ea0776c3546f61696fb465ef,control,IFACT-4933224243086d96da112564,['中江县地方党史资料汇编  1  土地革命战争时期_12025827'],1,a7941ca1fe6af24f,中江县地方党史资料汇编  1  土地革命战争时期_12025827
RSEM-0618,IFACT-13488a2a554c0eb89a114cda,changed,,"['中共党史人物传  第50卷', '中共党史人物传第33卷', '人民政协和统一战线的理论与实践  第五卷  第五册']",3,4c794461b49ac0cd,中共党史人物传第33卷
RSEM-0619,IFACT-c6b25f207e41e2cff8d26cf3,changed,,['中共党史人物传  第47卷'],1,1955c7f7fe821b5b,中共党史人物传  第47卷
RSEM-0620,IFACT-c46f9f1a79be2e0b6749eeb8,control,IFACT-4c9ec64c1e2827430b9d0b35,"['中共綦江县党史资料汇编  第3辑_11449488', '中共綦江县党史资料汇编  第3辑_11449488 (2)']",2,3c45408f7e7962f8,中共綦江县党史资料汇编  第3辑_11449488 (2)
RSEM-0621,IFACT-3f5ca3db05dd6a39b0ba1ebe,control,IFACT-c495acbf730797413b6ed600,"['中共党史人物传  第50卷', '湘潭县党史资料  第2辑_11441682', '湘潭县党史资料  第3辑_11441681']",3,beebd0148e270f2b,湘潭县党史资料  第3辑_11441681
RSEM-0622,IFACT-22330a7d2f9fcbe84d3755c7,control,IFACT-13636761a619827bcfe2130a,"['中共党史人物传  第11卷', '江华党史资料  第1辑']",2,7f1af8ad31d0b3b5,中共党史人物传  第11卷
RSEM-0623,IFACT-d3aa03b4977ab824bdbb4ebd,changed,,"['中共党史人物传  第18卷', '中共常宁党史资料汇编  1921-1949_12020908']",3,1357b392a223cb71,中共常宁党史资料汇编  1921-1949_12020908
RSEM-0624,IFACT-730fbd2afef9d6aacf863042,control,IFACT-c4eb30ee9a9bc2b1d3c26800,"['中共党史人物传  第19卷', '濉溪党史资料  2']",2,ca677cb628d93ec2,中共党史人物传  第19卷
RSEM-0625,IFACT-cfde1b06baf5a897b8772875,control,IFACT-39170e10841fa09217f91315,"['昭通地区党史资料  1  昭通地区党史资料选编  1927年-1950年3月_12886736', '昭通地区党史资料  2  学生运动史料选编  民主革命时期_11441830']",3,c235fb013b411cb3,昭通地区党史资料  1  昭通地区党史资料选编  1927年-1950年3月_12886736
RSEM-0626,IFACT-578d39f9a71c48096d3205e1,changed,,"['中共泸西县党史资料  第1辑  新民主主义革命时期_14237315', '昆明党史资料 昆明解放  从昆明起义到军事接管_13203040']",3,6832df9995fd5e43,中共泸西县党史资料  第1辑  新民主主义革命时期_14237315
RSEM-0627,IFACT-79db6e10fbcf81fd6512c7ef,control,IFACT-cc9192cd9e9c74044cf47e17,"['中国共产党编年史1934年卷', '热血春秋_11449667', '红色鹞落坪：岳西县美丽乡党史资料选编_11449669']",3,812a026ae1e441e8,热血春秋_11449667
RSEM-0628,IFACT-7b822537b5595f7faa2f8f89,control,IFACT-f74f4d9e0da8239093f10e18,"['中共党史人物传  第20卷', '中共党史人物传  第25卷', '邳县史志  第2辑_11787191']",3,3676211e85eb4137,中共党史人物传  第25卷
RSEM-0629,IFACT-0615b51e6b14fdaae80d91c6,changed,,"['中共上饶市党史资料_13657489', '中共党史人物传  第31卷', '中共宿蒙县南坪区党史资料征求意见稿  1943.12-1949.3']",3,dc30f2aa39b4aaab,中共宿蒙县南坪区党史资料征求意见稿  1943.12-1949.3
RSEM-0630,IFACT-9190eb818d7cc6dd9a2a809e,control,IFACT-b504fa1b6c24f0a7471c7530,"['中国共产党编年史1927年卷', '祁山丰碑 民主革命时期祁阳党史资料汇编']",2,4ffdf45c0c07f28f,中国共产党编年史1927年卷
RSEM-0631,IFACT-c90ad88f137986e02844af5e,control,IFACT-4b10157eb98f32a6315e6a66,"['安顺地区党史资料  2  安顺星火：记地下党在安顺地区的活动  1934-1949_11449985', '安顺地区党史资料  5  安顺英烈_11449988']",2,e9d9d9ec6297a4ea,安顺地区党史资料  2  安顺星火：记地下党在安顺地区的活动  1934-1949_11449985
RSEM-0632,IFACT-a8bc4dcc8a5ffffb6ed86e28,control,IFACT-4eba136e7cddd0bb158cfb47,['株洲党史资料  民主革命时期  第1辑_11441688'],3,85d7e399dbee17cd,株洲党史资料  民主革命时期  第1辑_11441688
RSEM-0633,IFACT-47aeadbfbc258afe1ed3f049,changed,,"['大方县党史参考资料  第14辑_11450113', '毕节地区党史资料丛书  1  中国共产党毕节地区党史大事记  修正稿  1933年-1949年_12918012', '毕节地区党史资料丛书  6  地下党在黔西北的革命活动_14027693']",3,c1b94194ca3ada20,毕节地区党史资料丛书  6  地下党在黔西北的革命活动_14027693
RSEM-0634,IFACT-bdb90a5bb97acabd8de0302d,changed,,"['中共党史人物传  第40卷', '中共党史人物传  第41卷', '贵阳党史资料专辑  抗战胜利四十周年_11441776']",3,a4bbade83687bcd3,贵阳党史资料专辑  抗战胜利四十周年_11441776
RSEM-0635,IFACT-ca0abc6657fed9ace48f0072,control,IFACT-3d1c0169ed9ebfe8c9eea561,"['中共永州历史资料  回忆录  第2辑', '宁远党史资料选辑  第1辑_11441703']",2,ff808614bfb3ca63,中共永州历史资料  回忆录  第2辑
RSEM-0636,IFACT-fa4961af7ca0a14921b1ce9b,changed,,['中共江川县党史资料  第1辑_11441811'],1,f7bbc0315d23d9a7,中共江川县党史资料  第1辑_11441811
RSEM-0637,IFACT-399fff9ee2ae14d771c7c807,changed,,"['中共党史人物传  第11卷', '中共党史人物传  第37卷', '中共党史人物传  第47卷']",3,dc1ac79e1fdeb047,中共党史人物传  第47卷
RSEM-0638,IFACT-c9f18d6fd581491d9fe51d0d,changed,,"['中共广丰党史资料', '中华人民共和国史长编 第五卷 1992—2002_12601363']",3,1fc740909710291c,中共广丰党史资料
RSEM-0639,IFACT-dab6b95b63c737d483781ef2,changed,,"['中共党史人物传  第06卷', '中共党史人物传  第26卷', '中共党史人物传  第27卷']",3,354f06ee0b6f34ae,中共党史人物传  第26卷
RSEM-0640,IFACT-0779571562e24d671072fe95,changed,,['淮阴党史资料  第18辑'],1,5c8f69c66d10a1b8,淮阴党史资料  第18辑
RSEM-0641,IFACT-a104eeee94fab41d1633a371,control,IFACT-55d517571799de31ce307391,"['中共五华区党史资料  第5辑_11688162', '中共仁寿县党史资料选编  （1928～1949）_12049644', '中共党史人物传  1--50卷  索引']",3,13bcb6487ce1a825,中共五华区党史资料  第5辑_11688162
RSEM-0642,IFACT-3cb3a81907434a6d7330158e,changed,,"['梁平党史资料汇编  第2辑  梁山英烈_11449171', '梁平党史资料汇编  第2辑  梁山英烈_11449171 (2)', '黔东英烈传  第1集']",3,f442930b7f36f6c8,梁平党史资料汇编  第2辑  梁山英烈_11449171 (2)
RSEM-0643,IFACT-61f7fb289b75243ffaa9c67f,control,IFACT-23e5fb38c257adeeda3fb8bc,['江北县党史资料汇编  第3辑（1919.5—1937.7） (2)'],1,360b48a7e4cf9686,江北县党史资料汇编  第3辑（1919.5—1937.7） (2)
RSEM-0644,IFACT-b6a3e9bb99d4095768506aac,control,IFACT-dd769e8efee25096fb9d5605,['中共婺源党史资料'],1,76a028a6c2560758,中共婺源党史资料
RSEM-0645,IFACT-859528fb148bc6bdf7cb89fc,control,IFACT-291a6da12bea4c7de19c50cc,"['万里风云  十三集团军史料选编_11796989', '中共党史人物传第33卷', '铜仁党史资料  红军在黔东_11449983']",3,292eed97e4313cbc,万里风云  十三集团军史料选编_11796989
RSEM-0646,IFACT-2a2fdd45c186d7253818f7f3,changed,,['中共党史人物传  第31卷'],3,343dab955cf05dc2,中共党史人物传  第31卷
RSEM-0647,IFACT-7035e6f7f4591c1fe10d8423,control,IFACT-7d1fca21abd6f8778f480c0e,"['中共横峰党史资料', '中共綦江县党史资料汇编  第1辑_11449486 (2)', '中共綦江县党史资料汇编  第3辑_11449488']",3,f8df02c52fbeb68e,中共横峰党史资料
RSEM-0648,IFACT-4eba136e7cddd0bb158cfb47,changed,,['请水寨暴动_11449662'],1,b25cc138999aa720,请水寨暴动_11449662
RSEM-0649,IFACT-42f5dd338af47e9d5f847335,control,IFACT-b390e9302fb9ce553d9336f1,"['曲靖党史资料  第6辑  曲靖地区党史人物烈士传略_12007613', '滇桂黔边区罗盘区党史资料_11441580', '盘江烽火_13403083']",3,17e3dc3ffc96a72d,盘江烽火_13403083
RSEM-0650,IFACT-a64980a394aa90c7463641bf,control,IFACT-f33d89cfae4f61ef47f1d8ae,"['中国共产党编年史1921年卷', '桃江党史资料  第一辑_12060253']",3,9de8fe737cdc0a5b,桃江党史资料  第一辑_12060253
RSEM-0651,IFACT-a431dca7f1426c18c5db2eb0,changed,,['中国共产党遂宁市党史资料汇编  1926-1949_11449200'],1,69a3aa430b1dc099,中国共产党遂宁市党史资料汇编  1926-1949_11449200
RSEM-0652,IFACT-aeb6755c78c5cb2f4440c793,changed,,['中共党史人物传  第13卷'],3,973662d4d29c9c22,中共党史人物传  第13卷
RSEM-0653,IFACT-9005798b3b621b6fc738744b,changed,,['贵池党史资料选编  1919-1937_11449655'],3,0d0d1c177b2db048,贵池党史资料选编  1919-1937_11449655
RSEM-0654,IFACT-64d1669a95964a5bd01ac12d,control,IFACT-1b2ccb981bf5ca614baefa89,"['北碚党史资料汇编  第2辑_12010770', '北碚党史资料汇编  第2辑_12010770 (2)']",2,0bebf03c1997405a,北碚党史资料汇编  第2辑_12010770 (2)
RSEM-0655,IFACT-5f6ed8d2eba98cde4c43ea5c,control,IFACT-5fd86791004eecabac5a975d,"['中共仁寿县党史资料选编  （1928～1949）_12049644', '中共党史人物传  第38卷', '中共南昌城工部史料汇编  订正本']",3,02d1f75774c0aca4,中共南昌城工部史料汇编  订正本
RSEM-0656,IFACT-b1a55d33d797217b548a6db1,control,IFACT-f3303d968225aec03b451bcc,['中国共产党遂宁市党史资料汇编  1926-1949_11449200'],1,50b62b6abfad9546,中国共产党遂宁市党史资料汇编  1926-1949_11449200
RSEM-0657,IFACT-03e58c576f9adbfec601ed99,control,IFACT-41e09a02da526a6cc9951de9,['中华人民共和国史长编 第三卷 1966—1978_12601696'],1,e117eb29b4945752,中华人民共和国史长编 第三卷 1966—1978_12601696
RSEM-0658,IFACT-087139b5026ee1c4d124cc08,control,IFACT-34bcf6df404e8bfbe14cc9c6,"['中共余干党史资料', '中共开化党史资料_13702933', '中共横峰党史资料']",3,106aeab05a73df2b,中共横峰党史资料
RSEM-0659,IFACT-2e402ef347d113c48e36df08,changed,,['蚌埠党史资料  第4辑_11448701'],1,b20d4b2e8d6dd141,蚌埠党史资料  第4辑_11448701
RSEM-0660,IFACT-0c815d3abd26e9360b6a130f,changed,,"['合川党史资料汇编  第1辑_12010790', '合川党史资料汇编  第1辑_12010790 (2)']",2,ef4237af1eeeb31f,合川党史资料汇编  第1辑_12010790
RSEM-0661,IFACT-ae0c48202b34c6d725cefe00,control,IFACT-a98bb2af30c2f395d6a886cb,['苏中四分区反“清乡”斗争史料选辑 江海奔腾  第3辑_11449753'],1,c95443b840f1d565,苏中四分区反“清乡”斗争史料选辑 江海奔腾  第3辑_11449753
RSEM-0662,IFACT-67c28d5dfb2149ab32d11eda,control,IFACT-e6f36bfd0c3c66df182a5baf,"['南京党史资料  13_13022480', '徐州党史资料  第5辑_11351939']",3,efe02cb4d3e69d1f,南京党史资料  13_13022480
RSEM-0663,IFACT-647d7f7b11c841e5ef8b43d5,changed,,"['涟水党史资料  第1辑_11449719', '淮阴党史资料  第18辑']",3,79823343813e5d3c,淮阴党史资料  第18辑
RSEM-0664,IFACT-178c1c6aedb18c1dfbb4c6a6,changed,,"['3', '“三反”“五反”运动 青海卷', '“三反”“五反”运动 青海卷 (1)']",3,62fc1ba9baa114e4,3
RSEM-0665,IFACT-ecdd864d20b2a24eecf3996e,changed,,"['中共党史人物传  第01卷', '中共党史人物传  第03卷']",2,f22039dcbe7c8f35,中共党史人物传  第03卷
RSEM-0666,IFACT-a426ea886f4fe737841d4abb,control,IFACT-f80f9c81e1c2eae9580afad1,['华容党史资料选辑  第1辑_11449375'],2,2677bc297143dce6,华容党史资料选辑  第1辑_11449375
RSEM-0667,IFACT-5ae84e23f4df398ef837ab2c,changed,,['忠魂集_11999498'],1,013261f421ffd33b,忠魂集_11999498
RSEM-0668,IFACT-251216dfeeadef114659faab,control,IFACT-d136a79ebd5f949c1bbfce0d,"['中共党史人物传  第19卷', '中共党史人物传  第48卷', '中共党史人物传  第50卷']",3,3bdfcfd69c2b419c,中共党史人物传  第48卷
RSEM-0669,IFACT-9a0e42c1cdf3e5dc7d1bef77,changed,,"['中国共产党毕节地区历史资料征编研大事记  1981.2.18-1999.1.12_13312116', '毕节地区党史资料丛书  17  中国共产党毕节地区历史资料征编研大事记  1981.2.18-1999.1.12_13312116']",3,e1d3f6e4dbb04709,毕节地区党史资料丛书  17  中国共产党毕节地区历史资料征编研大事记  1981.2.18-1999.1.12_13312116
RSEM-0670,IFACT-74b54323bae466308e83ebbb,changed,,"['泗洪党史资料  第六辑 泗南泗东党史资料专辑_12020502', '泗洪党史资料  第四辑_12020978']",3,2ed9632e1183d895,泗洪党史资料  第六辑 泗南泗东党史资料专辑_12020502
RSEM-0671,IFACT-b194f6f72d029a762b99ea69,changed,,"['沅陵党史资料 辰州烽火_11448552', '湘潭县党史资料  第2辑_11441682', '湘潭县党史资料  第3辑_11441681']",3,58f43d3338d7fbdd,沅陵党史资料 辰州烽火_11448552
RSEM-0672,IFACT-de704b00cdda85e0f500a758,changed,,['中国共产党编年史1944年卷'],1,b0037f3f7906372b,中国共产党编年史1944年卷
RSEM-0673,IFACT-79886c9615ba74c74d44a6db,changed,,"['东安党史资料选辑  第1辑_11175194', '乐安党史资料选辑  第1辑_11448783']",3,0d874999edbd0ae3,乐安党史资料选辑  第1辑_11448783
RSEM-0674,IFACT-c79a9f8f1609d26cab03a1ce,changed,,['昭通地区党史资料  2  学生运动史料选编  民主革命时期_11441830'],2,f2ac3fd9b0e7d175,昭通地区党史资料  2  学生运动史料选编  民主革命时期_11441830
RSEM-0675,IFACT-a52c90c7e2a504a63b513845,control,IFACT-a3fafc3de1ddb79269282598,"['中共党史人物传   第04卷', '中共綦江县党史资料汇编  第1辑_11449486']",3,9d1d8ee0582aa73d,中共綦江县党史资料汇编  第1辑_11449486
RSEM-0676,IFACT-12b8abc0be8cf4e8e41cba49,control,IFACT-e2938c73b6f7755142448e89,['中共党史人物传  第44卷'],2,82e48da1a133034d,中共党史人物传  第44卷
RSEM-0677,IFACT-7907aa8f74a325820398a5ca,control,IFACT-97083d94b6cc573413d19784,"['合川党史资料汇编  第1辑_12010790', '合川党史资料汇编  第1辑_12010790 (2)']",2,35d72fed63941f49,合川党史资料汇编  第1辑_12010790 (2)
RSEM-0678,IFACT-8ab771f7236b2ab657f65685,control,IFACT-bc6a3d362469452379d4d4cf,"['中共简阳县地方党史资料汇编  1929年-1949年  第1辑', '中共綦江县党史资料汇编  第1辑_11449486', '中共綦江县党史资料汇编  第1辑_11449486 (2)']",3,b9b4cd356871b8a8,中共简阳县地方党史资料汇编  1929年-1949年  第1辑
RSEM-0679,IFACT-c8f701c25a2f8247d260f3cf,control,IFACT-4709ae9542faae93a6cbd055,"['回顾黔东南解放  第1辑_11449404', '黔东南党史资料  1986年第4期_12010358', '黔东南的解放和剿匪斗争_1335538']",3,948d95e5c7d6121b,黔东南的解放和剿匪斗争_1335538
RSEM-0680,IFACT-ec718c080a764e0c376f475e,control,IFACT-99f336995ec089c7805dd382,"['毕节地区党史资料丛书  20  革命老区黔西北_13395586', '毕节地区党史资料丛书  26  龙腾乌蒙山  潮涌黔西北_13404493']",3,23724224fd53e390,毕节地区党史资料丛书  20  革命老区黔西北_13395586
RSEM-0681,IFACT-858a74e79ef9d606af83be85,control,IFACT-5106dc8748ebc73e8c26bab9,['湘潭县党史资料  第2辑_11441682'],3,8e6130ea2c4e61be,湘潭县党史资料  第2辑_11441682
RSEM-0682,IFACT-faa68421811bbe82d8454a10,changed,,"['中共党史人物传  第46卷', '中共党史人物传第33卷', '毕节地区党史资料丛书  20  革命老区黔西北_13395586']",3,30d8c4dff8deef1a,毕节地区党史资料丛书  20  革命老区黔西北_13395586
RSEM-0683,IFACT-9e7f909505bcd015b6dfd193,changed,,['中共常宁党史资料汇编  1921-1949_12020908'],1,6e6ceef8b8aa928b,中共常宁党史资料汇编  1921-1949_12020908
RSEM-0684,IFACT-f6648f8482a34461c4d3dc71,changed,,['中共横峰党史资料'],1,127513ff715697ee,中共横峰党史资料
RSEM-0685,IFACT-f3303d968225aec03b451bcc,changed,,['中江县地方党史资料汇编  2  抗日战争、解放战争时期_12025828'],3,fa7155612eb4bda7,中江县地方党史资料汇编  2  抗日战争、解放战争时期_12025828
RSEM-0686,IFACT-f9d1fdc5f483c91eb0276f9a,changed,,"['中共党史人物传  第41卷', '中共党史人物传  第44卷', '中共广丰党史资料']",3,60e4c9967dcd8fe9,中共广丰党史资料
RSEM-0687,IFACT-45fbe5258c0facf26bb76cc5,changed,,['中共仁寿县党史资料选编  （1928～1949）_12049644'],1,ba6ca6e599d326bd,中共仁寿县党史资料选编  （1928～1949）_12049644
RSEM-0688,IFACT-0c5b4f734235f8fe5e3d899b,changed,,"['中共党史人物传  第21卷', '铜仁党史资料  红军在黔东_11449983']",2,872eff8e49ddf1c6,铜仁党史资料  红军在黔东_11449983
RSEM-0689,IFACT-09e3905209d7b6497db0d4ef,changed,,"['中共党史人物传  第25卷', '中国共产党编年史1930年卷', '皖西党史资料辑要  第1册_14130839']",3,cc5fa9e27280f461,中国共产党编年史1930年卷
RSEM-0690,IFACT-dce473d8e362d7c99823e509,control,IFACT-0e950172b784c5e5ba28e9d5,"['中共綦江县党史资料汇编  第1辑_11449486', '中共綦江县党史资料汇编  第1辑_11449486 (2)', '中国共产党编年史1928年卷']",3,72abd8e19042e535,中共綦江县党史资料汇编  第1辑_11449486 (2)
RSEM-0691,IFACT-3aa8cd09d9df089d3f2cfc04,control,IFACT-f992404d1896a1b8a936c21e,['中共党史人物传  第02卷'],2,068e410b110daf7e,中共党史人物传  第02卷
RSEM-0692,IFACT-b57e507a166dd7732825235e,control,IFACT-578d39f9a71c48096d3205e1,"['中共蒙自县党史资料  第1辑_11441836', '中华人民共和国史长编 第二卷 1956—1966_12601695', '黔南州党史资料  5  黔南英烈_11448276']",3,a0a63e59682851e1,中共蒙自县党史资料  第1辑_11441836
RSEM-0693,IFACT-be27d133b87b03f4da6e0b8f,changed,,"['中共党史人物传  第21卷', '中共党史人物传  第50卷']",3,a6fdbee3cf4d5b27,中共党史人物传  第21卷
RSEM-0694,IFACT-b86f6ed0e145618187140e86,control,IFACT-7d16c557aae76b8bb5a0e4ff,"['华蓥山游击队_10835974', '江北县党史资料汇编  第2辑  解放战争时期_12000849', '江北县党史资料汇编  第2辑  解放战争时期_12000849 (2)']",3,6121f5080f65e252,江北县党史资料汇编  第2辑  解放战争时期_12000849
RSEM-0695,IFACT-2c8d2325fdcf8ce77d94f936,control,IFACT-46b3f09379fbabde63fbb35b,['中共早期关于武装斗争的认识与革命道路的探索  第三卷  第四册'],1,2a274321116fe325,中共早期关于武装斗争的认识与革命道路的探索  第三卷  第四册
RSEM-0696,IFACT-b807863d71ded2092dda3d7f,control,IFACT-d83a0c10f943e0f3e71ce4fc,"['成都党史资料  接管成都_11571764', '毕节地区党史资料丛书  33  毕节地区党史人物传略_13404495']",3,8309b48bd45dfcc7,成都党史资料  接管成都_11571764
RSEM-0697,IFACT-ebb3ea6fb3d58eba7c8be91d,changed,,"['8', '中共党史人物传  第02卷', '中共党史人物传第33卷']",3,5d31710c1ef60390,8
RSEM-0698,IFACT-6db6f459ab6912eb0ff9c453,changed,,['中共党史人物传  第50卷'],1,d170012cdc17d264,中共党史人物传  第50卷
RSEM-0699,IFACT-7b31f2f22cd4e2d36bbca385,control,IFACT-d66ee78ecad6e5441705a99c,['中华人民共和国史长编 第一卷 1949—1956_12601361'],2,a186a0e2c70b604a,中华人民共和国史长编 第一卷 1949—1956_12601361
RSEM-0700,IFACT-bb78e7b656ac420bba1da3b4,changed,,['长征火种  1935年遵义县革命委员会_11441774'],1,b8a34af73f9aa488,长征火种  1935年遵义县革命委员会_11441774
RSEM-0701,IFACT-5106dc8748ebc73e8c26bab9,changed,,"['中共南昌城工部史料汇编  订正本', '大方党史资料  第4辑  大方解放初期的斗争  续集_14027690', '桂溪春雷：接管垫江_11449170']",3,410989f48867d050,大方党史资料  第4辑  大方解放初期的斗争  续集_14027690
RSEM-0702,IFACT-bf5980e4c31ad4d87f9a2fc6,control,IFACT-f6bfbdf4ca98bf3568bc1bda,"['合川党史资料汇编  第1辑_12010790', '合川党史资料汇编  第1辑_12010790 (2)']",2,037b8d713acbd3da,合川党史资料汇编  第1辑_12010790 (2)
RSEM-0703,IFACT-94b1ea17af498830534782ae,changed,,"['中共党史人物传  第15卷', '中共党史人物传  第28卷', '中共党史人物传  第38卷']",3,943c9bdb8477da0e,中共党史人物传  第28卷
RSEM-0704,IFACT-4ec7045bfae3236962460677,control,IFACT-b4463d2ad9a15097b6c8021a,['江津县党史资料选辑_11449501'],1,84a4c9e133876332,江津县党史资料选辑_11449501
RSEM-0705,IFACT-f4722922f96780984755a346,control,IFACT-8feef0680f5142b883afbfd8,['中共党史人物传  第12卷'],2,3ab37a94a83a4ae8,中共党史人物传  第12卷
RSEM-0706,IFACT-f50e679c757f8460b017685e,control,IFACT-3a159e15e9ee652ad81ca67a,"['中共党史人物传  第51卷', '濉溪党史资料  四铺区专辑  5', '知识分子政策和教育科学文化建设  第十卷  第一册']",3,e5bc68ec3449f297,中共党史人物传  第51卷
RSEM-0707,IFACT-64a1b7527d749d316f37e10e,changed,,['安县党史资料汇编  1927-1949_11999515'],2,69dff949a2c8bc08,安县党史资料汇编  1927-1949_11999515
RSEM-0708,IFACT-fdac70cb235b9b676b72bb05,control,IFACT-8b9f928c3e9693c34b1086a4,"['中共上饶市党史资料_13657489', '中共党史人物传  第22卷', '中共党史人物传  第32卷']",3,5c987231d08a65ac,中共党史人物传  第22卷
RSEM-0709,IFACT-67db82eb22385a8725825322,control,IFACT-ebb3ea6fb3d58eba7c8be91d,['淮阴党史资料  第21辑'],1,2d5f063e9977092c,淮阴党史资料  第21辑
RSEM-0710,IFACT-6d82ed68d6f0050b8fc081ac,control,IFACT-6807debe45f447302a0c9df5,"['中共党史人物传  第41卷', '中共党史人物传  第46卷', '中共灌县地方党史资料长编_11449183']",3,847de168f25f36aa,中共党史人物传  第46卷
RSEM-0711,IFACT-d9dfa87782765a0d8197995a,control,IFACT-1dbdf6114716950010a49f4c,['徐州党史资料  第6辑'],1,fd3d03b875dc7472,徐州党史资料  第6辑
RSEM-0712,IFACT-6b959d5d6f864f2c5c9b70fa,control,IFACT-f4c7d1cd712b13f97d028c3e,"['中共三台县地方党史资料丛书  梓州忠魂_12049649', '中国共产党遂宁市党史资料汇编  1926-1949_11449200']",3,0eb41a8a399ef6c8,中国共产党遂宁市党史资料汇编  1926-1949_11449200
RSEM-0713,IFACT-eeecefe6de0c216b06038bfa,control,IFACT-e9f21d6dcb168c2553c51a5c,"['东安党史资料选辑  第1辑_11175194', '中共五华区党史资料  第5辑_11688162', '中共早期关于武装斗争的认识与革命道路的探索  第三卷  第一册']",3,d68f9b4cf0ba8a61,中共早期关于武装斗争的认识与革命道路的探索  第三卷  第一册
RSEM-0714,IFACT-ecc66b45d4c5bbcb6e02a6f2,changed,,['云南师范大学解放战争时期党史资料文集_12007614'],1,53e3473a45a4a925,云南师范大学解放战争时期党史资料文集_12007614
RSEM-0715,IFACT-3c26a1c19a69705a3da28935,changed,,['毕节地区党史资料丛书  15  乌蒙磅礴_12926429'],1,5f81fb41f2c84ca7,毕节地区党史资料丛书  15  乌蒙磅礴_12926429
RSEM-0716,IFACT-b6368fa3aaf768eb5a730814,control,IFACT-7f2671ac64b645edb52759b4,['涟水党史资料  第1辑_11449719'],2,94c789ddaaeaec60,涟水党史资料  第1辑_11449719
RSEM-0717,IFACT-b26cb56e0558c2f2babb1397,control,IFACT-7d06342635331b77bf822967,"['“三反”“五反”运动 青海卷', '“三反”“五反”运动 青海卷 (1)', '“三反”“五反”运动 青海卷 (2)']",3,8afb30dd367c8a21,“三反”“五反”运动 青海卷 (1)
RSEM-0718,IFACT-083c40cf462b2d6fccee8c34,control,IFACT-a6198c84b2f98bf854079508,[''],1,36590c36b99250c1,
RSEM-0719,IFACT-8368d2735f89008d0b419aec,changed,,"['忠州风云：忠县党史资料汇编  第1辑_11449177', '忠州风云：忠县党史资料汇编  第1辑_11449177 (2)']",2,6a856b7715ea2a6b,忠州风云：忠县党史资料汇编  第1辑_11449177
RSEM-0720,IFACT-06de7a7d391dc003c20a5a7a,control,IFACT-6a61706ca15e7c0f52d72d4c,[''],2,6380e05e4046327e,
RSEM-0721,IFACT-a18861c789bc3d56257675ba,control,IFACT-57d72d833033dd8dd9189c81,"['中共党史人物传  第29卷', '中共党史人物传  第41卷', '中华人民共和国史长编 第三卷 1966—1978_12601696']",3,e6232e548918a90d,中华人民共和国史长编 第三卷 1966—1978_12601696
RSEM-0722,IFACT-1f65fa5c3f1ece919db0c07f,changed,,"['中共党史人物传  第11卷', '创建""改造社"" 播撒共产主义思想种子', '深圳精视诚视觉科技有限公司']",3,b2a5040952e71d55,深圳精视诚视觉科技有限公司
RSEM-0723,IFACT-1d64d76bccb0db086a5dd6b8,control,IFACT-0ef4f1b27122c2bb4705adcd,['中共党史人物传  第07卷'],2,1c68007b700042b1,中共党史人物传  第07卷
RSEM-0724,IFACT-74bfa0c80f556a9c7ef141cc,control,IFACT-9b8118ada9677d31d44d452b,['涟源党史资料汇编  第一辑_12021344'],1,3ef5bc8ce7dd4e07,涟源党史资料汇编  第一辑_12021344
RSEM-0725,IFACT-d9cc69e51375765060fee1fe,changed,,"['仁怀县党史资料_12485140', '南京党史资料  15_14094938', '成都党史资料  接管成都_11571764']",3,56170d72c9399748,成都党史资料  接管成都_11571764
RSEM-0726,IFACT-bb5f876c703238359cfb8e1e,control,IFACT-23009934d524f34c2a856d86,"['中共党史人物传  第32卷', '昆明党史资料  威逼昆明  巧渡金沙_13430709', '红军在贵州资料汇辑  第2辑_12313590']",3,922d68aebbb5d430,中共党史人物传  第32卷
RSEM-0727,IFACT-7956e5478f29c18320336edf,control,IFACT-ce703fdb4171ef2cba01ea4b,"['中共仁寿县党史资料选编  （1928～1949）_12049644', '中共常宁党史资料汇编  1921-1949_12020908']",3,a2bc185c49143077,中共仁寿县党史资料选编  （1928～1949）_12049644
RSEM-0728,IFACT-5656e4490d7af4f3bff7a437,control,IFACT-33b4b0a608bcb47ef251fa88,"['中共党史人物传  第47卷', '曲靖党史资料  第4辑  新民主主义革命时期学生运动史料选编_11441835']",3,1dfea37a186e3454,中共党史人物传  第47卷
RSEM-0729,IFACT-adc3cc3e7fb3e324894670de,control,IFACT-5ae49f5c9c7c016c96bb9335,['中共南昌城工部史料汇编  订正本'],1,fd3b98538ef9b240,中共南昌城工部史料汇编  订正本
RSEM-0730,IFACT-e8cd58ee76888c97c46e22ca,control,IFACT-f64c6b33774cee35916947b0,['中共万年党史资料_12020867'],1,1219bbc4954f0655,中共万年党史资料_12020867
RSEM-0731,IFACT-178741c7064a8a94f677e7ec,changed,,['武汉城工史料  中共江汉区党委城工部史料专辑_12273060'],2,7321829a6e7e0c35,武汉城工史料  中共江汉区党委城工部史料专辑_12273060
RSEM-0732,IFACT-66e3f33675cb08c240dad231,changed,,['建国前芷江党史资料_11448568'],1,28d6f48e8b341143,建国前芷江党史资料_11448568
RSEM-0733,IFACT-e6f9eb81bf29357e4ecd59a8,control,IFACT-320064ced7a8d4f2297df3ef,"['中共党史人物传  第22卷', '毕节地区党史资料丛书  15  乌蒙磅礴_12926429', '红军在贵州资料汇辑  第2辑_12313590']",3,0b37fc017458540a,中共党史人物传  第22卷
RSEM-0734,IFACT-6bb24c6a931dd943c4589d1c,control,IFACT-e25f7c6259accc9d9a511ac8,"['中共党史人物传   第04卷', '中国共产党编年史1921年卷']",3,41a84658799fe105,中国共产党编年史1921年卷
RSEM-0735,IFACT-f63fada36936b3cef686514a,control,IFACT-005634d7f1d5a99ebf6ba6d9,['中华人民共和国史长编 第七卷 人物卷_12601694'],1,41428c9dfc383f78,中华人民共和国史长编 第七卷 人物卷_12601694
RSEM-0736,IFACT-13636761a619827bcfe2130a,changed,,"['中共潼南县党史资料汇编  第1辑_11449490', '中共潼南县党史资料汇编  第1辑_11449490 (2)', '中共龙陵县地方党史资料汇编  1925—1950.3_12021126']",3,d837afe59a24aeb4,中共潼南县党史资料汇编  第1辑_11449490
RSEM-0737,IFACT-00af2325865636d989c91d04,control,IFACT-9a0e42c1cdf3e5dc7d1bef77,"['“三反”“五反”运动 青海卷', '“三反”“五反”运动 青海卷 (1)', '铜梁党史资料汇编  第1集  1922-1949_14069475 (2)']",3,48543f0f6548d937,“三反”“五反”运动 青海卷 (1)
RSEM-0738,IFACT-7ca5b045d53c12434831b6a9,changed,,['旺苍党史资料  红军在旺苍  第3辑_11999518'],1,2845a9c6d4dc09f4,旺苍党史资料  红军在旺苍  第3辑_11999518
RSEM-0739,IFACT-9ec0c83ded4e2741ba66d80e,control,IFACT-c8d38bde524ed75fa3cfc404,"['曲靖党史资料  第3辑  新民主主义革命时期统战工作史料选编_11441834', '曲靖党史资料  第4辑  新民主主义革命时期学生运动史料选编_11441835', '曲靖党史资料  第6辑  曲靖地区党史人物烈士传略_12007613']",3,addebcbd43c701d1,曲靖党史资料  第3辑  新民主主义革命时期统战工作史料选编_11441834
RSEM-0740,IFACT-1b2ccb981bf5ca614baefa89,changed,,"['中共党史人物传  第49卷', '中国共产党编年史1938年卷', '中国共产党编年史1946年卷']",3,0b1abef8a32c213a,中国共产党编年史1946年卷
RSEM-0741,IFACT-d8db390556f181654f61200f,changed,,"['中共党史人物传  第11卷', '中共党史人物传  第37卷', '中共党史人物传  第47卷']",3,d353844eecf05180,中共党史人物传  第47卷
RSEM-0742,IFACT-75d4801ed4036ed5cf20a2dd,changed,,"['中共党史人物传  第43卷', '中共党史人物传  第50卷', '桃江党史资料  第一辑_12060253']",3,aa8d3178e353677f,桃江党史资料  第一辑_12060253
RSEM-0743,IFACT-85adddd2b660f4858ebba928,control,IFACT-41caa0b9b70195afff246a54,"['中共党史人物传  第47卷', '中国共产党的成立是开天辟地的大事变  第一卷  第一册', '中国共产党编年史1932年卷']",3,0317cb7a7acd0b9b,中共党史人物传  第47卷
RSEM-0744,IFACT-3e7f42a45d14d761bf727021,changed,,['华容党史资料选辑  第1辑_11449375'],2,f879a8b020a612d7,华容党史资料选辑  第1辑_11449375
RSEM-0745,IFACT-d83a0c10f943e0f3e71ce4fc,changed,,"['中共党史人物传第39卷', '中共西双版纳傣族自治州党史资料  解放战争时期  第1辑_11449370', '战时外交/贸易战还是政治斗争？——倾销引起的反美运动 - 中国抗战 - 抗日战争纪念网']",3,31e68dabd367548b,中共党史人物传第39卷
RSEM-0746,IFACT-96cd65d522f30138b33b17cb,control,IFACT-432a72b49eb5d3bef0dfe264,['中国共产党编年史1941年卷'],1,f96900c7e068720b,中国共产党编年史1941年卷
RSEM-0747,IFACT-0e2a1059a2e33316457dfcb7,changed,,"['江津县党史资料选辑_11449501', '江津县党史资料选辑_11449501 (2)']",2,64621a011e6ff9be,江津县党史资料选辑_11449501 (2)
RSEM-0748,IFACT-203775fb1c8327198d0ccdde,changed,,"['新田党史资料  第1辑', '毕节地区党史资料丛书  15  乌蒙磅礴_12926429', '祁山丰碑 民主革命时期祁阳党史资料汇编']",3,8288c79e0bd8d553,新田党史资料  第1辑
RSEM-0749,IFACT-dd769e8efee25096fb9d5605,changed,,['中共党史人物传  第34卷'],1,db68ac907df5f1f3,中共党史人物传  第34卷
RSEM-0750,IFACT-d5abcca3d12ea5ad8e9a3c6c,changed,,['雷公山地区合围'],1,774733d791cbd6e4,雷公山地区合围
RSEM-0751,IFACT-ca72828374de970048add9d2,changed,,['中华人民共和国史长编 第三卷 1966—1978_12601696'],1,7387a4a2a6a7ff49,中华人民共和国史长编 第三卷 1966—1978_12601696
RSEM-0752,IFACT-f1f661295ea51a755f72687f,changed,,"['中共党史人物传  第28卷', '中共楚雄党史资料  第3集  彝州忠魂_11441829']",2,e479a948bcf3e20b,中共党史人物传  第28卷
RSEM-0753,IFACT-35f4c8dcf869018c5899f7a8,control,IFACT-d9d7e46a35e4b732b6620fcc,['江北县党史资料汇编  第1辑  抗日战争时期_11509459 (2)'],1,12c033d8ea460b47,江北县党史资料汇编  第1辑  抗日战争时期_11509459 (2)
RSEM-0754,IFACT-2cb3eda24721bad93d8b0a28,changed,,['淮阴党史资料  第18辑'],3,7b6ef47db0a0ff72,淮阴党史资料  第18辑
RSEM-0755,IFACT-820b9b9d4979a6b75b325dbb,control,IFACT-3e8b7863fdc5b55a62f02772,['红河州党史资料  武装斗争专辑  上_11441842'],1,50087b8b9baafb40,红河州党史资料  武装斗争专辑  上_11441842
RSEM-0756,IFACT-f89737e4cde541b3ab6be711,changed,,"['中共党史人物传  第29卷', '中江县地方党史资料汇编  2  抗日战争、解放战争时期_12025828', '成都党史资料  新华日报成都营业分处史稿_11483242']",3,4b70088a41a4901c,中江县地方党史资料汇编  2  抗日战争、解放战争时期_12025828
RSEM-0757,IFACT-bae63ad94ff2a3e29bd36990,control,IFACT-ffecd15905be489081bd508b,"['中共党史人物传  第05卷', '中共党史人物传  第16卷', '中共党史人物传  第35卷']",3,0093569cdeff53c3,中共党史人物传  第35卷
RSEM-0758,IFACT-d3f898849af8083412a9f00a,control,IFACT-e35fed50dc6463881b91e20a,"['中共上饶市党史资料_13657489', '中共党史人物传  第26卷', '中共楚雄党史资料  第3集  彝州忠魂_11441829']",3,fa69c7562345e93a,中共楚雄党史资料  第3集  彝州忠魂_11441829
RSEM-0759,IFACT-7c730afc98aa20bc9a613059,changed,,"['红军在酉阳  酉阳县党史资料  总第1期_13980129', '铜仁党史资料  红军在黔东_11449983']",3,6d42a8cde98da786,铜仁党史资料  红军在黔东_11449983
RSEM-0760,IFACT-e0cadd0b61ba387a6456f1ee,control,IFACT-d9cc69e51375765060fee1fe,"['中共党史人物传  第43卷', '中共党史人物传  第44卷', '中华人民共和国史长编 第七卷 人物卷_12601694']",3,8a2502903fccc3fb,中共党史人物传  第44卷
RSEM-0761,IFACT-15dcdc627dcae5ce3df670b2,control,IFACT-bf8b9ef4247b97b85e9d90d9,['湘南起义文献集_14468654'],3,e20e16ee957dac48,湘南起义文献集_14468654
RSEM-0762,IFACT-9c6018c46d7de40a0dd23269,changed,,['衡山党史资料  第1辑_11441719'],2,e66b9c4e1b1e0da0,衡山党史资料  第1辑_11441719
RSEM-0763,IFACT-d51c3d0bf2dcd71d8d19fbe1,control,IFACT-7db8613f870c395e15ecfca8,"['中共上饶市党史资料_13657489', '中共党史人物传  第11卷']",3,b109904fbb2bb0dc,中共上饶市党史资料_13657489
RSEM-0764,IFACT-98bbdcd76d0562ac9e46c04f,changed,,['怀宁党史资料选编  1919-1949_11449664'],1,6eab7d62466f3a57,怀宁党史资料选编  1919-1949_11449664
RSEM-0765,IFACT-7d2d6779e60ed69eb73ceab7,changed,,"['桃江党史资料  第一辑_12060253', '毕节地区党史资料丛书  26  龙腾乌蒙山  潮涌黔西北_13404493']",3,dba2359b77fd524a,毕节地区党史资料丛书  26  龙腾乌蒙山  潮涌黔西北_13404493
RSEM-0766,IFACT-c8495bfa96b6bf0f8d526407,changed,,"['中共党史人物传  第50卷', '中共党史资料选编  1949-1984_10273058', '华容党史资料选辑  第1辑_11449375']",3,aa254882cfc97058,中共党史人物传  第50卷
RSEM-0767,IFACT-a80fe9809f7725a8bbf579ed,changed,,['曲靖党史资料  第5辑  中共曲靖地区党史大事记  1926.7-1950.3_11441812'],1,0d71c43af301a42a,曲靖党史资料  第5辑  中共曲靖地区党史大事记  1926.7-1950.3_11441812
RSEM-0768,IFACT-617d03ee91a2b52b37dc87c5,control,IFACT-0964d52dc48a71af75e215ee,['中共上饶市党史资料_13657489'],1,b2a704a028189698,中共上饶市党史资料_13657489
RSEM-0769,IFACT-7054fb31029f2a5f7b81b034,control,IFACT-172b276f4a77895b82dfb253,"['中共党史人物传   第04卷', '中共党史人物传  第12卷', '中共党史人物传  第37卷']",3,e5c66ad3ae11059b,中共党史人物传  第37卷
RSEM-0770,IFACT-4db8d40eeb68752c4531560c,control,IFACT-faa68421811bbe82d8454a10,"['中共党史人物传  第47卷', '湘南起义文献集_14468654']",3,7f3959eb3942447a,湘南起义文献集_14468654
RSEM-0771,IFACT-0246a54928e2eef47ceebac2,control,IFACT-fd21bb1a195a679d35f7358e,"['东安党史资料选辑  第1辑_11175194', '涡北区党史资料汇编  第1辑', '贵州贵定地区党史资料_12926463']",3,d8f63b1315751bdd,涡北区党史资料汇编  第1辑
RSEM-0772,IFACT-b3b31f23f745690d9d7f4277,control,IFACT-f8a6790d11f1f8a8078abb7b,['中共宜都县党史资料汇编  1921-1949_11449396'],1,2492f2a7880f4351,中共宜都县党史资料汇编  1921-1949_11449396
RSEM-0773,IFACT-9540940fcb049438cb720236,control,IFACT-0e66d3754fc943761dbd6f75,"['中共綦江县党史资料汇编  第2辑_11449487', '中共綦江县党史资料汇编  第2辑_11449487 (2)']",3,17a1f9b9877007e5,中共綦江县党史资料汇编  第2辑_11449487 (2)
RSEM-0774,IFACT-ce703fdb4171ef2cba01ea4b,changed,,['湘潭县党史资料  第3辑_11441681'],1,1bd0f78edb552bc9,湘潭县党史资料  第3辑_11441681
RSEM-0775,IFACT-6f5904a594c18943dc5ca87c,changed,,"['中华人民共和国史长编 第八卷 大事记卷Ⅰ(1949—1978)_12601364', '中国人从此站立起来了  第二卷  第六册', '中国人从此站立起来了  第二卷  第四册']",3,15ccb7ee2305b9a0,中国人从此站立起来了  第二卷  第六册
RSEM-0776,IFACT-7e2e5e3d18385fb078d20abc,control,IFACT-ba3c77ded1e05d484609d26d,"['昭通地区党史资料  1  昭通地区党史资料选编  1927年-1950年3月_12886736', '昭通地区党史资料  2  学生运动史料选编  民主革命时期_11441830']",3,a791ff04d86eaa8d,昭通地区党史资料  2  学生运动史料选编  民主革命时期_11441830
RSEM-0777,IFACT-bda9209f5c35747cb074e094,control,IFACT-3c26a1c19a69705a3da28935,"['中共党史人物传  第47卷', '中共泸西县党史资料  第1辑  新民主主义革命时期_14237315', '中共濉溪县双堆区委党史资料  第3集']",3,6111c06e45d8f49c,中共党史人物传  第47卷
RSEM-0778,IFACT-3a159e15e9ee652ad81ca67a,changed,,"['中共党史人物传  第02卷', '中共党史人物传  第12卷', '中国人民解放军第二野战军 _ 百科']",3,0a938e7ee52c495c,中共党史人物传  第12卷
RSEM-0779,IFACT-8451b0496e61434021d65bf6,control,IFACT-9498b8e9672cbefe1f7ac274,['泰州党史资料  第1辑 一战二战时期革命文献_11449686'],3,ce9d1a2001e45ccc,泰州党史资料  第1辑 一战二战时期革命文献_11449686
RSEM-0780,IFACT-b9c7118b2d5a185e18539c84,control,IFACT-66b3c4514172254d13dbeaf9,['中共楚雄党史资料  第1集  红军长征过楚雄_12005849'],1,200002c9ab7e008b,中共楚雄党史资料  第1集  红军长征过楚雄_12005849
RSEM-0781,IFACT-8ac3aa8fda36456222b4a488,changed,,['溧水党史资料  第3辑  苏南反顽战役专辑  下_12010416'],1,c1d59cf9697d2b2e,溧水党史资料  第3辑  苏南反顽战役专辑  下_12010416
RSEM-0782,IFACT-e3034790c1d7faa99884b888,control,IFACT-0cc2798f7f67dc2ddc51907c,['中国共产党编年史1924年卷'],1,e48103ac520cd267,中国共产党编年史1924年卷
RSEM-0783,IFACT-3ca68c988ca2114c5857f47b,changed,,['中共党史人物传  第19卷'],2,6595c4bf4905ef16,中共党史人物传  第19卷
RSEM-0784,IFACT-11965117c69406d4428a853e,control,IFACT-09c0010fb430b584fde203a7,['赫章县党史资料丛书  6  回顾赫章解放'],1,5484c4bbdb1aa964,赫章县党史资料丛书  6  回顾赫章解放
RSEM-0785,IFACT-dfe2a19771eb732d9b7e737a,control,IFACT-120764e90812d2b43046ba4e,"['中共党史人物传  第37卷', '中国共产党编年史1939年卷', '肥东党史资料选辑  第2辑_11448687']",3,571b29e364b63e67,中国共产党编年史1939年卷
RSEM-0786,IFACT-095a91a578d421ecd7b82893,changed,,['中共简阳县地方党史资料汇编  1929年-1949年  第1辑'],1,9bd4377adf4d3f0a,中共简阳县地方党史资料汇编  1929年-1949年  第1辑
RSEM-0787,IFACT-1d1095a18e69b61f96673b77,control,IFACT-849abf93ace82836d309f677,['曲靖党史资料  第4辑  新民主主义革命时期学生运动史料选编_11441835'],1,e814531c34369675,曲靖党史资料  第4辑  新民主主义革命时期学生运动史料选编_11441835
RSEM-0788,IFACT-fa3c5809258d40a9b8e0e7e1,control,IFACT-fa4961af7ca0a14921b1ce9b,['毕节地区党史资料丛书  14  撼地惊天  毕节地区土地改革运动_13305518'],1,a75ace1e189bd231,毕节地区党史资料丛书  14  撼地惊天  毕节地区土地改革运动_13305518
RSEM-0789,IFACT-346650fecbb63ce35cc82f5d,control,IFACT-66de5565bd8f505b767ff567,['中共元谋县党史资料  第一辑  1935.5—1950.3_12020638'],1,978db80cc5e577fa,中共元谋县党史资料  第一辑  1935.5—1950.3_12020638
RSEM-0790,IFACT-7838d6cb2fa96164374978d0,changed,,['中国共产党编年史1942年卷'],1,041b171bdaaff0c0,中国共产党编年史1942年卷
RSEM-0791,IFACT-6807debe45f447302a0c9df5,changed,,"['中共党史人物传  第37卷', '中共党史人物传  第41卷', '梁平党史资料汇编  第1辑_11449172 (2)']",3,0b6137ca5c0df761,梁平党史资料汇编  第1辑_11449172 (2)
RSEM-0792,IFACT-e51433ce82805556f4281775,control,IFACT-f50b8bc0aca64b7ce76db464,"['中共党史人物传  第07卷', '中共横峰党史资料']",3,c32aa0254fe1ff6e,中共横峰党史资料
RSEM-0793,IFACT-be6b733e0543241d62acf2dd,changed,,['昭通地区党史资料  2  学生运动史料选编  民主革命时期_11441830'],1,3bccbe9390d42e7a,昭通地区党史资料  2  学生运动史料选编  民主革命时期_11441830
RSEM-0794,IFACT-54d68c7519026fa371b5e0c0,control,IFACT-d027d57fc8de30c2efec8d88,['解放战争时期  党在邵阳的活动_12021341'],3,7782e4618f79df5d,解放战争时期  党在邵阳的活动_12021341
RSEM-0795,IFACT-baaeb2a0aee9e834bee6f1db,control,IFACT-a3c939c0319c47baba82a82b,"['中共党史人物传  第38卷', '中国共产党丰都县党史资料汇编  1  激流涌进_11449167']",3,df8da7756c1539e8,中国共产党丰都县党史资料汇编  1  激流涌进_11449167
RSEM-0796,IFACT-4ec20e86f05cc617126889b8,control,IFACT-6b332123327ad9024c42deca,"['中共党史人物传  第25卷', '中共横峰党史资料']",3,5a4e7dca722bc5ec,中共横峰党史资料
RSEM-0797,IFACT-c3e5d10a5e08f9160cb9defb,changed,,"['中共党史人物传  第23卷', '中共党史人物传  第51卷', '湘南起义文献集_14468654']",3,fbe192dbae1a5815,中共党史人物传  第51卷
RSEM-0798,IFACT-b4463d2ad9a15097b6c8021a,changed,,[''],1,7c3901df2d8093ec,
RSEM-0799,IFACT-c8d38bde524ed75fa3cfc404,changed,,['资江烽火  新民主主义革命时期益阳县党史资料汇编_11449376'],1,42ed816c35c484fd,资江烽火  新民主主义革命时期益阳县党史资料汇编_11449376
RSEM-0800,IFACT-f24db73cb6f27b525b703014,control,IFACT-ecc66b45d4c5bbcb6e02a6f2,[''],1,99f97d51a31d2121,
