task_type,task_id,sample_id,reference_label,imcr_label,imcr_label_decoded,consensus_tier,n_valid_votes,winning_votes,vote_distribution,judges,dry_run
entity_type,ETV3-0001,ETV3-0001,Place,Place,Place,strong_consensus,3,3,"{""Place"": 3}",A;B;C,False
entity_type,ETV3-0002,ETV3-0002,AdministrativeRegion,AdministrativeRegion,AdministrativeRegion,strong_consensus,3,3,"{""AdministrativeRegion"": 3}",A;B;C,False
entity_type,ETV3-0003,ETV3-0003,AdministrativeRegion,AdministrativeRegion,AdministrativeRegion,strong_consensus,3,3,"{""AdministrativeRegion"": 3}",A;B;C,False
entity_type,ETV3-0004,ETV3-0004,AdministrativeRegion,AdministrativeRegion,AdministrativeRegion,weak_consensus,3,2,"{""AdministrativeRegion"": 2, ""Place"": 1}",A;B;C,False
entity_type,ETV3-0005,ETV3-0005,Place,Place,Place,strong_consensus,3,3,"{""Place"": 3}",A;B;C,False
entity_type,ETV3-0006,ETV3-0006,AdministrativeRegion,AdministrativeRegion,AdministrativeRegion,strong_consensus,3,3,"{""AdministrativeRegion"": 3}",A;B;C,False
entity_type,ETV3-0007,ETV3-0007,Place,Place,Place,strong_consensus,3,3,"{""Place"": 3}",A;B;C,False
entity_type,ETV3-0008,ETV3-0008,AdministrativeRegion,AdministrativeRegion,AdministrativeRegion,weak_consensus,3,2,"{""AdministrativeRegion"": 2, ""Place"": 1}",A;B;C,False
entity_type,ETV3-0009,ETV3-0009,AdministrativeRegion,AdministrativeRegion,AdministrativeRegion,weak_consensus,3,2,"{""AdministrativeRegion"": 2, ""Place"": 1}",A;B;C,False
entity_type,ETV3-0010,ETV3-0010,AdministrativeRegion,AdministrativeRegion,AdministrativeRegion,strong_consensus,3,3,"{""AdministrativeRegion"": 3}",A;B;C,False
entity_type,ETV3-0011,ETV3-0011,Document,Document,Document,strong_consensus,3,3,"{""Document"": 3}",A;B;C,False
entity_type,ETV3-0012,ETV3-0012,Document,Document,Document,strong_consensus,3,3,"{""Document"": 3}",A;B;C,False
entity_type,ETV3-0013,ETV3-0013,Artifact,Artifact,Artifact,strong_consensus,3,3,"{""Artifact"": 3}",A;B;C,False
entity_type,ETV3-0014,ETV3-0014,Document,Document,Document,strong_consensus,3,3,"{""Document"": 3}",A;B;C,False
entity_type,ETV3-0015,ETV3-0015,Organization,Organization,Organization,strong_consensus,3,3,"{""Organization"": 3}",A;B;C,False
entity_type,ETV3-0016,ETV3-0016,Organization,Organization,Organization,strong_consensus,3,3,"{""Organization"": 3}",A;B;C,False
entity_type,ETV3-0017,ETV3-0017,Artifact,Artifact,Artifact,strong_consensus,3,3,"{""Artifact"": 3}",A;B;C,False
entity_type,ETV3-0018,ETV3-0018,Organization,Organization,Organization,strong_consensus,3,3,"{""Organization"": 3}",A;B;C,False
entity_type,ETV3-0019,ETV3-0019,CulturalSite,CulturalSite,CulturalSite,strong_consensus,3,3,"{""CulturalSite"": 3}",A;B;C,False
entity_type,ETV3-0020,ETV3-0020,Organization,Organization,Organization,strong_consensus,3,3,"{""Organization"": 3}",A;B;C,False
entity_type,ETV3-0021,ETV3-0021,SocialGroup,SocialGroup,SocialGroup,strong_consensus,3,3,"{""SocialGroup"": 3}",A;B;C,False
entity_type,ETV3-0022,ETV3-0022,Concept,Concept,Concept,weak_consensus,3,2,"{""Artifact"": 1, ""Concept"": 2}",A;B;C,False
entity_type,ETV3-0023,ETV3-0023,Concept,Concept,Concept,strong_consensus,3,3,"{""Concept"": 3}",A;B;C,False
entity_type,ETV3-0024,ETV3-0024,Place,Place,Place,strong_consensus,3,3,"{""Place"": 3}",A;B;C,False
entity_type,ETV3-0025,ETV3-0025,Organization,Organization,Organization,strong_consensus,3,3,"{""Organization"": 3}",A;B;C,False
entity_type,ETV3-0026,ETV3-0026,Organization,Organization,Organization,strong_consensus,3,3,"{""Organization"": 3}",A;B;C,False
entity_type,ETV3-0027,ETV3-0027,Organization,Organization,Organization,strong_consensus,3,3,"{""Organization"": 3}",A;B;C,False
entity_type,ETV3-0028,ETV3-0028,Event,Event,Event,strong_consensus,3,3,"{""Event"": 3}",A;B;C,False
entity_type,ETV3-0029,ETV3-0029,Artifact,Artifact,Artifact,strong_consensus,3,3,"{""Artifact"": 3}",A;B;C,False
entity_type,ETV3-0030,ETV3-0030,Event,Event,Event,strong_consensus,3,3,"{""Event"": 3}",A;B;C,False
entity_type,ETV3-0031,ETV3-0031,Organization,Organization,Organization,weak_consensus,3,2,"{""Concept"": 1, ""Organization"": 2}",A;B;C,False
entity_type,ETV3-0033,ETV3-0033,CreativeWork,CreativeWork,CreativeWork,weak_consensus,3,2,"{""Artifact"": 1, ""CreativeWork"": 2}",A;B;C,False
entity_type,ETV3-0034,ETV3-0034,Concept,Concept,Concept,weak_consensus,3,2,"{""Concept"": 2, ""CulturalSite"": 1}",A;B;C,False
entity_type,ETV3-0035,ETV3-0035,Document,Document,Document,strong_consensus,3,3,"{""Document"": 3}",A;B;C,False
entity_type,ETV3-0036,ETV3-0036,SocialGroup,SocialGroup,SocialGroup,strong_consensus,3,3,"{""SocialGroup"": 3}",A;B;C,False
entity_type,ETV3-0037,ETV3-0037,Place,Place,Place,strong_consensus,3,3,"{""Place"": 3}",A;B;C,False
entity_type,ETV3-0038,ETV3-0038,Artifact,Artifact,Artifact,weak_consensus,3,2,"{""Artifact"": 2, ""Organization"": 1}",A;B;C,False
entity_type,ETV3-0039,ETV3-0039,Concept,Concept,Concept,strong_consensus,3,3,"{""Concept"": 3}",A;B;C,False
entity_type,ETV3-0040,ETV3-0040,Concept,Concept,Concept,strong_consensus,3,3,"{""Concept"": 3}",A;B;C,False
entity_type,ETV3-0041,ETV3-0041,Artifact,Artifact,Artifact,strong_consensus,3,3,"{""Artifact"": 3}",A;B;C,False
entity_type,ETV3-0042,ETV3-0042,Document,Document,Document,strong_consensus,3,3,"{""Document"": 3}",A;B;C,False
entity_type,ETV3-0043,ETV3-0043,Spirit,Spirit,Spirit,strong_consensus,3,3,"{""Spirit"": 3}",A;B;C,False
entity_type,ETV3-0044,ETV3-0044,Organization,Organization,Organization,strong_consensus,3,3,"{""Organization"": 3}",A;B;C,False
entity_type,ETV3-0045,ETV3-0045,Concept,Concept,Concept,strong_consensus,3,3,"{""Concept"": 3}",A;B;C,False
entity_type,ETV3-0046,ETV3-0046,Artifact,Artifact,Artifact,weak_consensus,3,2,"{""Artifact"": 2, ""OTHER"": 1}",A;B;C,False
entity_type,ETV3-0047,ETV3-0047,SocialGroup,SocialGroup,SocialGroup,strong_consensus,3,3,"{""SocialGroup"": 3}",A;B;C,False
entity_type,ETV3-0049,ETV3-0049,Artifact,Artifact,Artifact,weak_consensus,3,2,"{""Artifact"": 2, ""Document"": 1}",A;B;C,False
entity_type,ETV3-0050,ETV3-0050,Artifact,Artifact,Artifact,weak_consensus,3,2,"{""Artifact"": 2, ""OTHER"": 1}",A;B;C,False
entity_type,ETV3-0052,ETV3-0052,SocialGroup,SocialGroup,SocialGroup,strong_consensus,3,3,"{""SocialGroup"": 3}",A;B;C,False
entity_type,ETV3-0053,ETV3-0053,Artifact,Artifact,Artifact,strong_consensus,3,3,"{""Artifact"": 3}",A;B;C,False
entity_type,ETV3-0054,ETV3-0054,Artifact,Artifact,Artifact,weak_consensus,3,2,"{""Artifact"": 2, ""Concept"": 1}",A;B;C,False
entity_type,ETV3-0055,ETV3-0055,Organization,Organization,Organization,weak_consensus,3,2,"{""Institution"": 1, ""Organization"": 2}",A;B;C,False
entity_type,ETV3-0056,ETV3-0056,OTHER,OTHER,OTHER,strong_consensus,3,3,"{""OTHER"": 3}",A;B;C,False
entity_type,ETV3-0057,ETV3-0057,Artifact,Artifact,Artifact,strong_consensus,3,3,"{""Artifact"": 3}",A;B;C,False
entity_type,ETV3-0058,ETV3-0058,SocialGroup,SocialGroup,SocialGroup,strong_consensus,3,3,"{""SocialGroup"": 3}",A;B;C,False
entity_type,ETV3-0059,ETV3-0059,Concept,Concept,Concept,strong_consensus,3,3,"{""Concept"": 3}",A;B;C,False
entity_type,ETV3-0060,ETV3-0060,Event,Event,Event,strong_consensus,3,3,"{""Event"": 3}",A;B;C,False
entity_type,ETV3-0061,ETV3-0061,Concept,Concept,Concept,strong_consensus,3,3,"{""Concept"": 3}",A;B;C,False
entity_type,ETV3-0062,ETV3-0062,SocialGroup,SocialGroup,SocialGroup,strong_consensus,3,3,"{""SocialGroup"": 3}",A;B;C,False
entity_type,ETV3-0063,ETV3-0063,OTHER,OTHER,OTHER,weak_consensus,3,2,"{""Artifact"": 1, ""OTHER"": 2}",A;B;C,False
entity_type,ETV3-0064,ETV3-0064,SocialGroup,SocialGroup,SocialGroup,strong_consensus,3,3,"{""SocialGroup"": 3}",A;B;C,False
entity_type,ETV3-0066,ETV3-0066,CulturalSite,CulturalSite,CulturalSite,weak_consensus,3,2,"{""Artifact"": 1, ""CulturalSite"": 2}",A;B;C,False
entity_type,ETV3-0067,ETV3-0067,CreativeWork,CreativeWork,CreativeWork,strong_consensus,3,3,"{""CreativeWork"": 3}",A;B;C,False
entity_type,ETV3-0068,ETV3-0068,CreativeWork,CreativeWork,CreativeWork,strong_consensus,3,3,"{""CreativeWork"": 3}",A;B;C,False
entity_type,ETV3-0069,ETV3-0069,CreativeWork,CreativeWork,CreativeWork,strong_consensus,3,3,"{""CreativeWork"": 3}",A;B;C,False
entity_type,ETV3-0070,ETV3-0070,CulturalSite,CulturalSite,CulturalSite,weak_consensus,3,2,"{""CreativeWork"": 1, ""CulturalSite"": 2}",A;B;C,False
entity_type,ETV3-0071,ETV3-0071,CreativeWork,CreativeWork,CreativeWork,weak_consensus,3,2,"{""Concept"": 1, ""CreativeWork"": 2}",A;B;C,False
entity_type,ETV3-0072,ETV3-0072,Document,Document,Document,strong_consensus,3,3,"{""Document"": 3}",A;B;C,False
entity_type,ETV3-0073,ETV3-0073,CreativeWork,CreativeWork,CreativeWork,strong_consensus,3,3,"{""CreativeWork"": 3}",A;B;C,False
entity_type,ETV3-0074,ETV3-0074,Institution,Institution,Institution,weak_consensus,3,2,"{""Document"": 1, ""Institution"": 2}",A;B;C,False
entity_type,ETV3-0075,ETV3-0075,Event,Event,Event,strong_consensus,3,3,"{""Event"": 3}",A;B;C,False
entity_type,ETV3-0076,ETV3-0076,CreativeWork,CreativeWork,CreativeWork,strong_consensus,3,3,"{""CreativeWork"": 3}",A;B;C,False
entity_type,ETV3-0077,ETV3-0077,CulturalSite,CulturalSite,CulturalSite,strong_consensus,3,3,"{""CulturalSite"": 3}",A;B;C,False
entity_type,ETV3-0078,ETV3-0078,CulturalSite,CulturalSite,CulturalSite,strong_consensus,3,3,"{""CulturalSite"": 3}",A;B;C,False
entity_type,ETV3-0079,ETV3-0079,CulturalSite,CulturalSite,CulturalSite,strong_consensus,3,3,"{""CulturalSite"": 3}",A;B;C,False
entity_type,ETV3-0080,ETV3-0080,CulturalSite,CulturalSite,CulturalSite,strong_consensus,3,3,"{""CulturalSite"": 3}",A;B;C,False
entity_type,ETV3-0081,ETV3-0081,CulturalSite,CulturalSite,CulturalSite,strong_consensus,3,3,"{""CulturalSite"": 3}",A;B;C,False
entity_type,ETV3-0082,ETV3-0082,CulturalSite,CulturalSite,CulturalSite,strong_consensus,3,3,"{""CulturalSite"": 3}",A;B;C,False
entity_type,ETV3-0083,ETV3-0083,CulturalSite,CulturalSite,CulturalSite,strong_consensus,3,3,"{""CulturalSite"": 3}",A;B;C,False
entity_type,ETV3-0084,ETV3-0084,CulturalSite,CulturalSite,CulturalSite,strong_consensus,3,3,"{""CulturalSite"": 3}",A;B;C,False
entity_type,ETV3-0085,ETV3-0085,CulturalSite,CulturalSite,CulturalSite,strong_consensus,3,3,"{""CulturalSite"": 3}",A;B;C,False
entity_type,ETV3-0086,ETV3-0086,CulturalSite,CulturalSite,CulturalSite,strong_consensus,3,3,"{""CulturalSite"": 3}",A;B;C,False
entity_type,ETV3-0087,ETV3-0087,Document,Document,Document,strong_consensus,3,3,"{""Document"": 3}",A;B;C,False
entity_type,ETV3-0088,ETV3-0088,Document,Document,Document,strong_consensus,3,3,"{""Document"": 3}",A;B;C,False
entity_type,ETV3-0089,ETV3-0089,Document,Document,Document,strong_consensus,3,3,"{""Document"": 3}",A;B;C,False
entity_type,ETV3-0090,ETV3-0090,Artifact,Artifact,Artifact,strong_consensus,3,3,"{""Artifact"": 3}",A;B;C,False
entity_type,ETV3-0091,ETV3-0091,Document,Document,Document,strong_consensus,3,3,"{""Document"": 3}",A;B;C,False
entity_type,ETV3-0092,ETV3-0092,Document,Document,Document,strong_consensus,3,3,"{""Document"": 3}",A;B;C,False
entity_type,ETV3-0093,ETV3-0093,Document,Document,Document,strong_consensus,3,3,"{""Document"": 3}",A;B;C,False
entity_type,ETV3-0094,ETV3-0094,Document,Document,Document,weak_consensus,3,2,"{""Artifact"": 1, ""Document"": 2}",A;B;C,False
entity_type,ETV3-0095,ETV3-0095,Document,Document,Document,strong_consensus,3,3,"{""Document"": 3}",A;B;C,False
entity_type,ETV3-0096,ETV3-0096,Artifact,Artifact,Artifact,weak_consensus,3,2,"{""Artifact"": 2, ""Concept"": 1}",A;B;C,False
entity_type,ETV3-0097,ETV3-0097,Organization,Organization,Organization,strong_consensus,3,3,"{""Organization"": 3}",A;B;C,False
entity_type,ETV3-0098,ETV3-0098,Artifact,Artifact,Artifact,strong_consensus,3,3,"{""Artifact"": 3}",A;B;C,False
entity_type,ETV3-0099,ETV3-0099,Event,Event,Event,strong_consensus,3,3,"{""Event"": 3}",A;B;C,False
entity_type,ETV3-0100,ETV3-0100,Event,Event,Event,strong_consensus,3,3,"{""Event"": 3}",A;B;C,False
entity_type,ETV3-0101,ETV3-0101,Concept,Concept,Concept,strong_consensus,3,3,"{""Concept"": 3}",A;B;C,False
entity_type,ETV3-0102,ETV3-0102,Event,Event,Event,strong_consensus,3,3,"{""Event"": 3}",A;B;C,False
entity_type,ETV3-0103,ETV3-0103,Organization,Organization,Organization,strong_consensus,3,3,"{""Organization"": 3}",A;B;C,False
entity_type,ETV3-0104,ETV3-0104,Document,Document,Document,strong_consensus,3,3,"{""Document"": 3}",A;B;C,False
entity_type,ETV3-0105,ETV3-0105,Event,Event,Event,strong_consensus,3,3,"{""Event"": 3}",A;B;C,False
entity_type,ETV3-0106,ETV3-0106,Event,Event,Event,strong_consensus,3,3,"{""Event"": 3}",A;B;C,False
entity_type,ETV3-0107,ETV3-0107,OTHER,OTHER,OTHER,strong_consensus,3,3,"{""OTHER"": 3}",A;B;C,False
entity_type,ETV3-0108,ETV3-0108,Organization,Organization,Organization,strong_consensus,3,3,"{""Organization"": 3}",A;B;C,False
entity_type,ETV3-0109,ETV3-0109,Organization,Organization,Organization,strong_consensus,3,3,"{""Organization"": 3}",A;B;C,False
entity_type,ETV3-0110,ETV3-0110,Organization,Organization,Organization,strong_consensus,3,3,"{""Organization"": 3}",A;B;C,False
entity_type,ETV3-0111,ETV3-0111,Event,Event,Event,weak_consensus,3,2,"{""Event"": 2, ""OTHER"": 1}",A;B;C,False
entity_type,ETV3-0112,ETV3-0112,Organization,Organization,Organization,weak_consensus,3,2,"{""Institution"": 1, ""Organization"": 2}",A;B;C,False
entity_type,ETV3-0113,ETV3-0113,Event,Event,Event,strong_consensus,3,3,"{""Event"": 3}",A;B;C,False
entity_type,ETV3-0114,ETV3-0114,Document,Document,Document,strong_consensus,3,3,"{""Document"": 3}",A;B;C,False
entity_type,ETV3-0115,ETV3-0115,Event,Event,Event,strong_consensus,3,3,"{""Event"": 3}",A;B;C,False
entity_type,ETV3-0116,ETV3-0116,Event,Event,Event,strong_consensus,3,3,"{""Event"": 3}",A;B;C,False
entity_type,ETV3-0117,ETV3-0117,Event,Event,Event,strong_consensus,3,3,"{""Event"": 3}",A;B;C,False
entity_type,ETV3-0118,ETV3-0118,Event,Event,Event,strong_consensus,3,3,"{""Event"": 3}",A;B;C,False
entity_type,ETV3-0119,ETV3-0119,Organization,Organization,Organization,strong_consensus,3,3,"{""Organization"": 3}",A;B;C,False
entity_type,ETV3-0120,ETV3-0120,Event,Event,Event,strong_consensus,3,3,"{""Event"": 3}",A;B;C,False
entity_type,ETV3-0121,ETV3-0121,Event,Event,Event,strong_consensus,3,3,"{""Event"": 3}",A;B;C,False
entity_type,ETV3-0122,ETV3-0122,Event,Event,Event,weak_consensus,3,2,"{""Event"": 2, ""Place"": 1}",A;B;C,False
entity_type,ETV3-0123,ETV3-0123,Event,Event,Event,weak_consensus,3,2,"{""Event"": 2, ""OTHER"": 1}",A;B;C,False
entity_type,ETV3-0124,ETV3-0124,Event,Event,Event,strong_consensus,3,3,"{""Event"": 3}",A;B;C,False
entity_type,ETV3-0125,ETV3-0125,Event,Event,Event,strong_consensus,3,3,"{""Event"": 3}",A;B;C,False
entity_type,ETV3-0126,ETV3-0126,Organization,Organization,Organization,strong_consensus,3,3,"{""Organization"": 3}",A;B;C,False
entity_type,ETV3-0127,ETV3-0127,Event,Event,Event,strong_consensus,3,3,"{""Event"": 3}",A;B;C,False
entity_type,ETV3-0128,ETV3-0128,Event,Event,Event,strong_consensus,3,3,"{""Event"": 3}",A;B;C,False
entity_type,ETV3-0129,ETV3-0129,Organization,Organization,Organization,strong_consensus,3,3,"{""Organization"": 3}",A;B;C,False
entity_type,ETV3-0130,ETV3-0130,Event,Event,Event,strong_consensus,3,3,"{""Event"": 3}",A;B;C,False
entity_type,ETV3-0131,ETV3-0131,Event,Event,Event,strong_consensus,3,3,"{""Event"": 3}",A;B;C,False
entity_type,ETV3-0132,ETV3-0132,Event,Event,Event,strong_consensus,3,3,"{""Event"": 3}",A;B;C,False
entity_type,ETV3-0133,ETV3-0133,Organization,Organization,Organization,strong_consensus,3,3,"{""Organization"": 3}",A;B;C,False
entity_type,ETV3-0134,ETV3-0134,Organization,Organization,Organization,strong_consensus,3,3,"{""Organization"": 3}",A;B;C,False
entity_type,ETV3-0135,ETV3-0135,Event,Event,Event,strong_consensus,3,3,"{""Event"": 3}",A;B;C,False
entity_type,ETV3-0136,ETV3-0136,Event,Event,Event,strong_consensus,3,3,"{""Event"": 3}",A;B;C,False
entity_type,ETV3-0137,ETV3-0137,OTHER,OTHER,OTHER,weak_consensus,3,2,"{""Event"": 1, ""OTHER"": 2}",A;B;C,False
entity_type,ETV3-0139,ETV3-0139,Organization,Organization,Organization,strong_consensus,3,3,"{""Organization"": 3}",A;B;C,False
entity_type,ETV3-0140,ETV3-0140,Organization,Organization,Organization,weak_consensus,3,2,"{""Institution"": 1, ""Organization"": 2}",A;B;C,False
entity_type,ETV3-0141,ETV3-0141,Event,Event,Event,strong_consensus,3,3,"{""Event"": 3}",A;B;C,False
entity_type,ETV3-0142,ETV3-0142,Document,Document,Document,strong_consensus,3,3,"{""Document"": 3}",A;B;C,False
entity_type,ETV3-0143,ETV3-0143,Event,Event,Event,strong_consensus,3,3,"{""Event"": 3}",A;B;C,False
entity_type,ETV3-0144,ETV3-0144,Event,Event,Event,strong_consensus,3,3,"{""Event"": 3}",A;B;C,False
entity_type,ETV3-0145,ETV3-0145,SocialGroup,SocialGroup,SocialGroup,strong_consensus,3,3,"{""SocialGroup"": 3}",A;B;C,False
entity_type,ETV3-0146,ETV3-0146,Event,Event,Event,weak_consensus,3,2,"{""Event"": 2, ""OTHER"": 1}",A;B;C,False
entity_type,ETV3-0147,ETV3-0147,Organization,Organization,Organization,strong_consensus,3,3,"{""Organization"": 3}",A;B;C,False
entity_type,ETV3-0148,ETV3-0148,Event,Event,Event,strong_consensus,3,3,"{""Event"": 3}",A;B;C,False
entity_type,ETV3-0149,ETV3-0149,Event,Event,Event,strong_consensus,3,3,"{""Event"": 3}",A;B;C,False
entity_type,ETV3-0150,ETV3-0150,Organization,Organization,Organization,weak_consensus,3,2,"{""OTHER"": 1, ""Organization"": 2}",A;B;C,False
entity_type,ETV3-0152,ETV3-0152,Event,Event,Event,strong_consensus,3,3,"{""Event"": 3}",A;B;C,False
entity_type,ETV3-0153,ETV3-0153,Event,Event,Event,strong_consensus,3,3,"{""Event"": 3}",A;B;C,False
entity_type,ETV3-0154,ETV3-0154,Event,Event,Event,strong_consensus,3,3,"{""Event"": 3}",A;B;C,False
entity_type,ETV3-0155,ETV3-0155,Document,Document,Document,strong_consensus,3,3,"{""Document"": 3}",A;B;C,False
entity_type,ETV3-0156,ETV3-0156,Institution,Institution,Institution,strong_consensus,3,3,"{""Institution"": 3}",A;B;C,False
entity_type,ETV3-0157,ETV3-0157,Institution,Institution,Institution,strong_consensus,3,3,"{""Institution"": 3}",A;B;C,False
entity_type,ETV3-0158,ETV3-0158,Institution,Institution,Institution,weak_consensus,3,2,"{""Institution"": 2, ""Organization"": 1}",A;B;C,False
entity_type,ETV3-0159,ETV3-0159,Organization,Organization,Organization,weak_consensus,3,2,"{""Institution"": 1, ""Organization"": 2}",A;B;C,False
entity_type,ETV3-0160,ETV3-0160,Institution,Institution,Institution,strong_consensus,3,3,"{""Institution"": 3}",A;B;C,False
entity_type,ETV3-0161,ETV3-0161,Institution,Institution,Institution,strong_consensus,3,3,"{""Institution"": 3}",A;B;C,False
entity_type,ETV3-0162,ETV3-0162,Place,Place,Place,weak_consensus,3,2,"{""Organization"": 1, ""Place"": 2}",A;B;C,False
entity_type,ETV3-0163,ETV3-0163,Place,Place,Place,weak_consensus,3,2,"{""Institution"": 1, ""Place"": 2}",A;B;C,False
entity_type,ETV3-0165,ETV3-0165,Institution,Institution,Institution,strong_consensus,3,3,"{""Institution"": 3}",A;B;C,False
entity_type,ETV3-0166,ETV3-0166,SocialGroup,SocialGroup,SocialGroup,strong_consensus,3,3,"{""SocialGroup"": 3}",A;B;C,False
entity_type,ETV3-0167,ETV3-0167,Event,Event,Event,strong_consensus,3,3,"{""Event"": 3}",A;B;C,False
entity_type,ETV3-0168,ETV3-0168,Organization,Organization,Organization,strong_consensus,3,3,"{""Organization"": 3}",A;B;C,False
entity_type,ETV3-0169,ETV3-0169,Document,Document,Document,strong_consensus,3,3,"{""Document"": 3}",A;B;C,False
entity_type,ETV3-0170,ETV3-0170,Organization,Organization,Organization,strong_consensus,3,3,"{""Organization"": 3}",A;B;C,False
entity_type,ETV3-0171,ETV3-0171,CulturalSite,CulturalSite,CulturalSite,strong_consensus,3,3,"{""CulturalSite"": 3}",A;B;C,False
entity_type,ETV3-0172,ETV3-0172,CulturalSite,CulturalSite,CulturalSite,strong_consensus,3,3,"{""CulturalSite"": 3}",A;B;C,False
entity_type,ETV3-0173,ETV3-0173,Organization,Organization,Organization,strong_consensus,3,3,"{""Organization"": 3}",A;B;C,False
entity_type,ETV3-0174,ETV3-0174,Event,Event,Event,strong_consensus,3,3,"{""Event"": 3}",A;B;C,False
entity_type,ETV3-0175,ETV3-0175,SocialGroup,SocialGroup,SocialGroup,strong_consensus,3,3,"{""SocialGroup"": 3}",A;B;C,False
entity_type,ETV3-0177,ETV3-0177,SocialGroup,SocialGroup,SocialGroup,strong_consensus,3,3,"{""SocialGroup"": 3}",A;B;C,False
entity_type,ETV3-0178,ETV3-0178,Document,Document,Document,strong_consensus,3,3,"{""Document"": 3}",A;B;C,False
entity_type,ETV3-0179,ETV3-0179,Artifact,Artifact,Artifact,strong_consensus,3,3,"{""Artifact"": 3}",A;B;C,False
entity_type,ETV3-0180,ETV3-0180,Document,Document,Document,weak_consensus,3,2,"{""Document"": 2, ""Institution"": 1}",A;B;C,False
entity_type,ETV3-0181,ETV3-0181,OTHER,OTHER,OTHER,weak_consensus,3,2,"{""Concept"": 1, ""OTHER"": 2}",A;B;C,False
entity_type,ETV3-0182,ETV3-0182,Organization,Organization,Organization,strong_consensus,3,3,"{""Organization"": 3}",A;B;C,False
entity_type,ETV3-0183,ETV3-0183,Organization,Organization,Organization,strong_consensus,3,3,"{""Organization"": 3}",A;B;C,False
entity_type,ETV3-0184,ETV3-0184,Organization,Organization,Organization,strong_consensus,3,3,"{""Organization"": 3}",A;B;C,False
entity_type,ETV3-0185,ETV3-0185,Concept,Concept,Concept,weak_consensus,3,2,"{""Concept"": 2, ""Event"": 1}",A;B;C,False
entity_type,ETV3-0186,ETV3-0186,Organization,Organization,Organization,strong_consensus,3,3,"{""Organization"": 3}",A;B;C,False
entity_type,ETV3-0187,ETV3-0187,Organization,Organization,Organization,strong_consensus,3,3,"{""Organization"": 3}",A;B;C,False
entity_type,ETV3-0188,ETV3-0188,Organization,Organization,Organization,strong_consensus,3,3,"{""Organization"": 3}",A;B;C,False
entity_type,ETV3-0189,ETV3-0189,Organization,Organization,Organization,strong_consensus,3,3,"{""Organization"": 3}",A;B;C,False
entity_type,ETV3-0190,ETV3-0190,Organization,Organization,Organization,strong_consensus,3,3,"{""Organization"": 3}",A;B;C,False
entity_type,ETV3-0191,ETV3-0191,OTHER,OTHER,OTHER,strong_consensus,3,3,"{""OTHER"": 3}",A;B;C,False
entity_type,ETV3-0192,ETV3-0192,Event,Event,Event,strong_consensus,3,3,"{""Event"": 3}",A;B;C,False
entity_type,ETV3-0193,ETV3-0193,Organization,Organization,Organization,weak_consensus,3,2,"{""Institution"": 1, ""Organization"": 2}",A;B;C,False
entity_type,ETV3-0194,ETV3-0194,Organization,Organization,Organization,strong_consensus,3,3,"{""Organization"": 3}",A;B;C,False
entity_type,ETV3-0195,ETV3-0195,Organization,Organization,Organization,strong_consensus,3,3,"{""Organization"": 3}",A;B;C,False
entity_type,ETV3-0196,ETV3-0196,Organization,Organization,Organization,strong_consensus,3,3,"{""Organization"": 3}",A;B;C,False
entity_type,ETV3-0197,ETV3-0197,Person,Person,Person,strong_consensus,3,3,"{""Person"": 3}",A;B;C,False
entity_type,ETV3-0198,ETV3-0198,Organization,Organization,Organization,weak_consensus,3,2,"{""Institution"": 1, ""Organization"": 2}",A;B;C,False
entity_type,ETV3-0199,ETV3-0199,Organization,Organization,Organization,weak_consensus,3,2,"{""Institution"": 1, ""Organization"": 2}",A;B;C,False
entity_type,ETV3-0200,ETV3-0200,Document,Document,Document,strong_consensus,3,3,"{""Document"": 3}",A;B;C,False
entity_type,ETV3-0201,ETV3-0201,CreativeWork,CreativeWork,CreativeWork,strong_consensus,3,3,"{""CreativeWork"": 3}",A;B;C,False
entity_type,ETV3-0202,ETV3-0202,Event,Event,Event,weak_consensus,3,2,"{""Event"": 2, ""Organization"": 1}",A;B;C,False
entity_type,ETV3-0203,ETV3-0203,CreativeWork,CreativeWork,CreativeWork,strong_consensus,3,3,"{""CreativeWork"": 3}",A;B;C,False
entity_type,ETV3-0204,ETV3-0204,Organization,Organization,Organization,strong_consensus,3,3,"{""Organization"": 3}",A;B;C,False
entity_type,ETV3-0205,ETV3-0205,Organization,Organization,Organization,strong_consensus,3,3,"{""Organization"": 3}",A;B;C,False
entity_type,ETV3-0206,ETV3-0206,Organization,Organization,Organization,strong_consensus,3,3,"{""Organization"": 3}",A;B;C,False
entity_type,ETV3-0207,ETV3-0207,Artifact,Artifact,Artifact,strong_consensus,3,3,"{""Artifact"": 3}",A;B;C,False
entity_type,ETV3-0209,ETV3-0209,Organization,Organization,Organization,weak_consensus,3,2,"{""Institution"": 1, ""Organization"": 2}",A;B;C,False
entity_type,ETV3-0210,ETV3-0210,AdministrativeRegion,AdministrativeRegion,AdministrativeRegion,weak_consensus,3,2,"{""AdministrativeRegion"": 2, ""Place"": 1}",A;B;C,False
entity_type,ETV3-0211,ETV3-0211,Concept,Concept,Concept,strong_consensus,3,3,"{""Concept"": 3}",A;B;C,False
entity_type,ETV3-0212,ETV3-0212,SocialGroup,SocialGroup,SocialGroup,strong_consensus,3,3,"{""SocialGroup"": 3}",A;B;C,False
entity_type,ETV3-0213,ETV3-0213,Organization,Organization,Organization,weak_consensus,3,2,"{""Organization"": 2, ""SocialGroup"": 1}",A;B;C,False
entity_type,ETV3-0214,ETV3-0214,Institution,Institution,Institution,weak_consensus,3,2,"{""Institution"": 2, ""Organization"": 1}",A;B;C,False
entity_type,ETV3-0215,ETV3-0215,Institution,Institution,Institution,strong_consensus,3,3,"{""Institution"": 3}",A;B;C,False
entity_type,ETV3-0216,ETV3-0216,Organization,Organization,Organization,strong_consensus,3,3,"{""Organization"": 3}",A;B;C,False
entity_type,ETV3-0217,ETV3-0217,Event,Event,Event,strong_consensus,3,3,"{""Event"": 3}",A;B;C,False
entity_type,ETV3-0218,ETV3-0218,Organization,Organization,Organization,strong_consensus,3,3,"{""Organization"": 3}",A;B;C,False
entity_type,ETV3-0219,ETV3-0219,Position,Position,Position,weak_consensus,3,2,"{""Position"": 2, ""SocialGroup"": 1}",A;B;C,False
entity_type,ETV3-0220,ETV3-0220,Organization,Organization,Organization,strong_consensus,3,3,"{""Organization"": 3}",A;B;C,False
entity_type,ETV3-0221,ETV3-0221,SocialGroup,SocialGroup,SocialGroup,weak_consensus,3,2,"{""Position"": 1, ""SocialGroup"": 2}",A;B;C,False
entity_type,ETV3-0222,ETV3-0222,SocialGroup,SocialGroup,SocialGroup,weak_consensus,3,2,"{""Person"": 1, ""SocialGroup"": 2}",A;B;C,False
entity_type,ETV3-0223,ETV3-0223,Organization,Organization,Organization,strong_consensus,3,3,"{""Organization"": 3}",A;B;C,False
entity_type,ETV3-0224,ETV3-0224,Organization,Organization,Organization,strong_consensus,3,3,"{""Organization"": 3}",A;B;C,False
entity_type,ETV3-0225,ETV3-0225,Organization,Organization,Organization,weak_consensus,3,2,"{""OTHER"": 1, ""Organization"": 2}",A;B;C,False
entity_type,ETV3-0226,ETV3-0226,Event,Event,Event,strong_consensus,3,3,"{""Event"": 3}",A;B;C,False
entity_type,ETV3-0227,ETV3-0227,Person,Person,Person,weak_consensus,3,2,"{""Person"": 2, ""SocialGroup"": 1}",A;B;C,False
entity_type,ETV3-0228,ETV3-0228,Organization,Organization,Organization,weak_consensus,3,2,"{""Institution"": 1, ""Organization"": 2}",A;B;C,False
entity_type,ETV3-0229,ETV3-0229,SocialGroup,SocialGroup,SocialGroup,strong_consensus,3,3,"{""SocialGroup"": 3}",A;B;C,False
entity_type,ETV3-0230,ETV3-0230,Organization,Organization,Organization,strong_consensus,3,3,"{""Organization"": 3}",A;B;C,False
entity_type,ETV3-0231,ETV3-0231,Person,Person,Person,strong_consensus,3,3,"{""Person"": 3}",A;B;C,False
entity_type,ETV3-0232,ETV3-0232,Position,Position,Position,strong_consensus,3,3,"{""Position"": 3}",A;B;C,False
entity_type,ETV3-0233,ETV3-0233,Organization,Organization,Organization,strong_consensus,3,3,"{""Organization"": 3}",A;B;C,False
entity_type,ETV3-0234,ETV3-0234,Organization,Organization,Organization,strong_consensus,3,3,"{""Organization"": 3}",A;B;C,False
entity_type,ETV3-0235,ETV3-0235,Organization,Organization,Organization,strong_consensus,3,3,"{""Organization"": 3}",A;B;C,False
entity_type,ETV3-0236,ETV3-0236,Organization,Organization,Organization,strong_consensus,3,3,"{""Organization"": 3}",A;B;C,False
entity_type,ETV3-0237,ETV3-0237,Position,Position,Position,strong_consensus,3,3,"{""Position"": 3}",A;B;C,False
entity_type,ETV3-0238,ETV3-0238,Organization,Organization,Organization,weak_consensus,3,2,"{""Institution"": 1, ""Organization"": 2}",A;B;C,False
entity_type,ETV3-0239,ETV3-0239,Organization,Organization,Organization,strong_consensus,3,3,"{""Organization"": 3}",A;B;C,False
entity_type,ETV3-0240,ETV3-0240,SocialGroup,SocialGroup,SocialGroup,strong_consensus,3,3,"{""SocialGroup"": 3}",A;B;C,False
entity_type,ETV3-0241,ETV3-0241,Organization,Organization,Organization,strong_consensus,3,3,"{""Organization"": 3}",A;B;C,False
entity_type,ETV3-0242,ETV3-0242,Organization,Organization,Organization,strong_consensus,3,3,"{""Organization"": 3}",A;B;C,False
entity_type,ETV3-0243,ETV3-0243,Organization,Organization,Organization,strong_consensus,3,3,"{""Organization"": 3}",A;B;C,False
entity_type,ETV3-0244,ETV3-0244,Organization,Organization,Organization,strong_consensus,3,3,"{""Organization"": 3}",A;B;C,False
entity_type,ETV3-0245,ETV3-0245,Document,Document,Document,strong_consensus,3,3,"{""Document"": 3}",A;B;C,False
entity_type,ETV3-0246,ETV3-0246,Organization,Organization,Organization,weak_consensus,3,2,"{""Institution"": 1, ""Organization"": 2}",A;B;C,False
entity_type,ETV3-0247,ETV3-0247,SocialGroup,SocialGroup,SocialGroup,strong_consensus,3,3,"{""SocialGroup"": 3}",A;B;C,False
entity_type,ETV3-0248,ETV3-0248,SocialGroup,SocialGroup,SocialGroup,weak_consensus,3,2,"{""OTHER"": 1, ""SocialGroup"": 2}",A;B;C,False
entity_type,ETV3-0250,ETV3-0250,SocialGroup,SocialGroup,SocialGroup,strong_consensus,3,3,"{""SocialGroup"": 3}",A;B;C,False
entity_type,ETV3-0251,ETV3-0251,SocialGroup,SocialGroup,SocialGroup,strong_consensus,3,3,"{""SocialGroup"": 3}",A;B;C,False
entity_type,ETV3-0252,ETV3-0252,Organization,Organization,Organization,strong_consensus,3,3,"{""Organization"": 3}",A;B;C,False
entity_type,ETV3-0253,ETV3-0253,Person,Person,Person,strong_consensus,3,3,"{""Person"": 3}",A;B;C,False
entity_type,ETV3-0254,ETV3-0254,Person,Person,Person,strong_consensus,3,3,"{""Person"": 3}",A;B;C,False
entity_type,ETV3-0255,ETV3-0255,Person,Person,Person,weak_consensus,3,2,"{""OTHER"": 1, ""Person"": 2}",A;B;C,False
entity_type,ETV3-0256,ETV3-0256,Place,Place,Place,strong_consensus,3,3,"{""Place"": 3}",A;B;C,False
entity_type,ETV3-0257,ETV3-0257,Organization,Organization,Organization,strong_consensus,3,3,"{""Organization"": 3}",A;B;C,False
entity_type,ETV3-0258,ETV3-0258,Organization,Organization,Organization,strong_consensus,3,3,"{""Organization"": 3}",A;B;C,False
entity_type,ETV3-0259,ETV3-0259,Organization,Organization,Organization,strong_consensus,3,3,"{""Organization"": 3}",A;B;C,False
entity_type,ETV3-0260,ETV3-0260,OTHER,OTHER,OTHER,strong_consensus,3,3,"{""OTHER"": 3}",A;B;C,False
entity_type,ETV3-0261,ETV3-0261,Event,Event,Event,strong_consensus,3,3,"{""Event"": 3}",A;B;C,False
entity_type,ETV3-0262,ETV3-0262,Person,Person,Person,strong_consensus,3,3,"{""Person"": 3}",A;B;C,False
entity_type,ETV3-0263,ETV3-0263,Organization,Organization,Organization,strong_consensus,3,3,"{""Organization"": 3}",A;B;C,False
entity_type,ETV3-0264,ETV3-0264,OTHER,OTHER,OTHER,weak_consensus,3,2,"{""OTHER"": 2, ""Person"": 1}",A;B;C,False
entity_type,ETV3-0265,ETV3-0265,Person,Person,Person,strong_consensus,3,3,"{""Person"": 3}",A;B;C,False
entity_type,ETV3-0266,ETV3-0266,SocialGroup,SocialGroup,SocialGroup,strong_consensus,3,3,"{""SocialGroup"": 3}",A;B;C,False
entity_type,ETV3-0267,ETV3-0267,Person,Person,Person,strong_consensus,3,3,"{""Person"": 3}",A;B;C,False
entity_type,ETV3-0268,ETV3-0268,Person,Person,Person,strong_consensus,3,3,"{""Person"": 3}",A;B;C,False
entity_type,ETV3-0269,ETV3-0269,SocialGroup,SocialGroup,SocialGroup,strong_consensus,3,3,"{""SocialGroup"": 3}",A;B;C,False
entity_type,ETV3-0270,ETV3-0270,SocialGroup,SocialGroup,SocialGroup,strong_consensus,3,3,"{""SocialGroup"": 3}",A;B;C,False
entity_type,ETV3-0271,ETV3-0271,Person,Person,Person,strong_consensus,3,3,"{""Person"": 3}",A;B;C,False
entity_type,ETV3-0272,ETV3-0272,OTHER,OTHER,OTHER,weak_consensus,3,2,"{""OTHER"": 2, ""Person"": 1}",A;B;C,False
entity_type,ETV3-0273,ETV3-0273,Organization,Organization,Organization,weak_consensus,3,2,"{""Organization"": 2, ""SocialGroup"": 1}",A;B;C,False
entity_type,ETV3-0274,ETV3-0274,Person,Person,Person,strong_consensus,3,3,"{""Person"": 3}",A;B;C,False
entity_type,ETV3-0275,ETV3-0275,Position,Position,Position,strong_consensus,3,3,"{""Position"": 3}",A;B;C,False
entity_type,ETV3-0276,ETV3-0276,Position,Position,Position,strong_consensus,3,3,"{""Position"": 3}",A;B;C,False
entity_type,ETV3-0277,ETV3-0277,Person,Person,Person,strong_consensus,3,3,"{""Person"": 3}",A;B;C,False
entity_type,ETV3-0278,ETV3-0278,Event,Event,Event,strong_consensus,3,3,"{""Event"": 3}",A;B;C,False
entity_type,ETV3-0279,ETV3-0279,CulturalSite,CulturalSite,CulturalSite,strong_consensus,3,3,"{""CulturalSite"": 3}",A;B;C,False
entity_type,ETV3-0280,ETV3-0280,Institution,Institution,Institution,weak_consensus,3,2,"{""Institution"": 2, ""Organization"": 1}",A;B;C,False
entity_type,ETV3-0281,ETV3-0281,CulturalSite,CulturalSite,CulturalSite,strong_consensus,3,3,"{""CulturalSite"": 3}",A;B;C,False
entity_type,ETV3-0282,ETV3-0282,Place,Place,Place,weak_consensus,3,2,"{""CulturalSite"": 1, ""Place"": 2}",A;B;C,False
entity_type,ETV3-0283,ETV3-0283,CulturalSite,CulturalSite,CulturalSite,strong_consensus,3,3,"{""CulturalSite"": 3}",A;B;C,False
entity_type,ETV3-0284,ETV3-0284,CulturalSite,CulturalSite,CulturalSite,strong_consensus,3,3,"{""CulturalSite"": 3}",A;B;C,False
entity_type,ETV3-0285,ETV3-0285,CulturalSite,CulturalSite,CulturalSite,strong_consensus,3,3,"{""CulturalSite"": 3}",A;B;C,False
entity_type,ETV3-0286,ETV3-0286,CulturalSite,CulturalSite,CulturalSite,strong_consensus,3,3,"{""CulturalSite"": 3}",A;B;C,False
entity_type,ETV3-0287,ETV3-0287,CulturalSite,CulturalSite,CulturalSite,weak_consensus,3,2,"{""CulturalSite"": 2, ""Place"": 1}",A;B;C,False
entity_type,ETV3-0288,ETV3-0288,AdministrativeRegion,AdministrativeRegion,AdministrativeRegion,weak_consensus,3,2,"{""AdministrativeRegion"": 2, ""Place"": 1}",A;B;C,False
entity_type,ETV3-0290,ETV3-0290,AdministrativeRegion,AdministrativeRegion,AdministrativeRegion,weak_consensus,3,2,"{""AdministrativeRegion"": 2, ""Place"": 1}",A;B;C,False
entity_type,ETV3-0291,ETV3-0291,AdministrativeRegion,AdministrativeRegion,AdministrativeRegion,weak_consensus,3,2,"{""AdministrativeRegion"": 2, ""Place"": 1}",A;B;C,False
entity_type,ETV3-0292,ETV3-0292,Place,Place,Place,strong_consensus,3,3,"{""Place"": 3}",A;B;C,False
entity_type,ETV3-0293,ETV3-0293,Place,Place,Place,weak_consensus,3,2,"{""CulturalSite"": 1, ""Place"": 2}",A;B;C,False
entity_type,ETV3-0294,ETV3-0294,Place,Place,Place,weak_consensus,3,2,"{""Person"": 1, ""Place"": 2}",A;B;C,False
entity_type,ETV3-0295,ETV3-0295,Place,Place,Place,weak_consensus,3,2,"{""AdministrativeRegion"": 1, ""Place"": 2}",A;B;C,False
entity_type,ETV3-0296,ETV3-0296,AdministrativeRegion,AdministrativeRegion,AdministrativeRegion,strong_consensus,3,3,"{""AdministrativeRegion"": 3}",A;B;C,False
entity_type,ETV3-0297,ETV3-0297,Place,Place,Place,strong_consensus,3,3,"{""Place"": 3}",A;B;C,False
entity_type,ETV3-0298,ETV3-0298,CulturalSite,CulturalSite,CulturalSite,strong_consensus,3,3,"{""CulturalSite"": 3}",A;B;C,False
entity_type,ETV3-0299,ETV3-0299,CulturalSite,CulturalSite,CulturalSite,strong_consensus,3,3,"{""CulturalSite"": 3}",A;B;C,False
entity_type,ETV3-0301,ETV3-0301,Place,Place,Place,strong_consensus,3,3,"{""Place"": 3}",A;B;C,False
entity_type,ETV3-0302,ETV3-0302,AdministrativeRegion,AdministrativeRegion,AdministrativeRegion,weak_consensus,3,2,"{""AdministrativeRegion"": 2, ""Place"": 1}",A;B;C,False
entity_type,ETV3-0303,ETV3-0303,AdministrativeRegion,AdministrativeRegion,AdministrativeRegion,strong_consensus,3,3,"{""AdministrativeRegion"": 3}",A;B;C,False
entity_type,ETV3-0304,ETV3-0304,AdministrativeRegion,AdministrativeRegion,AdministrativeRegion,weak_consensus,3,2,"{""AdministrativeRegion"": 2, ""Place"": 1}",A;B;C,False
entity_type,ETV3-0305,ETV3-0305,Place,Place,Place,weak_consensus,3,2,"{""Event"": 1, ""Place"": 2}",A;B;C,False
entity_type,ETV3-0306,ETV3-0306,Organization,Organization,Organization,weak_consensus,3,2,"{""AdministrativeRegion"": 1, ""Organization"": 2}",A;B;C,False
entity_type,ETV3-0307,ETV3-0307,Place,Place,Place,strong_consensus,3,3,"{""Place"": 3}",A;B;C,False
entity_type,ETV3-0309,ETV3-0309,AdministrativeRegion,AdministrativeRegion,AdministrativeRegion,weak_consensus,3,2,"{""AdministrativeRegion"": 2, ""Place"": 1}",A;B;C,False
entity_type,ETV3-0310,ETV3-0310,Place,Place,Place,weak_consensus,3,2,"{""OTHER"": 1, ""Place"": 2}",A;B;C,False
entity_type,ETV3-0312,ETV3-0312,AdministrativeRegion,AdministrativeRegion,AdministrativeRegion,strong_consensus,3,3,"{""AdministrativeRegion"": 3}",A;B;C,False
entity_type,ETV3-0313,ETV3-0313,Institution,Institution,Institution,weak_consensus,3,2,"{""Institution"": 2, ""Place"": 1}",A;B;C,False
entity_type,ETV3-0315,ETV3-0315,Place,Place,Place,strong_consensus,3,3,"{""Place"": 3}",A;B;C,False
entity_type,ETV3-0316,ETV3-0316,AdministrativeRegion,AdministrativeRegion,AdministrativeRegion,strong_consensus,3,3,"{""AdministrativeRegion"": 3}",A;B;C,False
entity_type,ETV3-0317,ETV3-0317,AdministrativeRegion,AdministrativeRegion,AdministrativeRegion,strong_consensus,3,3,"{""AdministrativeRegion"": 3}",A;B;C,False
entity_type,ETV3-0318,ETV3-0318,Place,Place,Place,strong_consensus,3,3,"{""Place"": 3}",A;B;C,False
entity_type,ETV3-0319,ETV3-0319,Place,Place,Place,strong_consensus,3,3,"{""Place"": 3}",A;B;C,False
entity_type,ETV3-0320,ETV3-0320,Place,Place,Place,weak_consensus,3,2,"{""CulturalSite"": 1, ""Place"": 2}",A;B;C,False
entity_type,ETV3-0321,ETV3-0321,Document,Document,Document,strong_consensus,3,3,"{""Document"": 3}",A;B;C,False
entity_type,ETV3-0322,ETV3-0322,Event,Event,Event,weak_consensus,3,2,"{""Event"": 2, ""Place"": 1}",A;B;C,False
entity_type,ETV3-0323,ETV3-0323,AdministrativeRegion,AdministrativeRegion,AdministrativeRegion,strong_consensus,3,3,"{""AdministrativeRegion"": 3}",A;B;C,False
entity_type,ETV3-0324,ETV3-0324,AdministrativeRegion,AdministrativeRegion,AdministrativeRegion,weak_consensus,3,2,"{""AdministrativeRegion"": 2, ""OTHER"": 1}",A;B;C,False
entity_type,ETV3-0325,ETV3-0325,Event,Event,Event,strong_consensus,3,3,"{""Event"": 3}",A;B;C,False
entity_type,ETV3-0326,ETV3-0326,Place,Place,Place,weak_consensus,3,2,"{""CulturalSite"": 1, ""Place"": 2}",A;B;C,False
entity_type,ETV3-0327,ETV3-0327,AdministrativeRegion,AdministrativeRegion,AdministrativeRegion,weak_consensus,3,2,"{""AdministrativeRegion"": 2, ""Place"": 1}",A;B;C,False
entity_type,ETV3-0328,ETV3-0328,Place,Place,Place,weak_consensus,3,2,"{""Artifact"": 1, ""Place"": 2}",A;B;C,False
entity_type,ETV3-0329,ETV3-0329,AdministrativeRegion,AdministrativeRegion,AdministrativeRegion,strong_consensus,3,3,"{""AdministrativeRegion"": 3}",A;B;C,False
entity_type,ETV3-0330,ETV3-0330,Event,Event,Event,weak_consensus,3,2,"{""Event"": 2, ""OTHER"": 1}",A;B;C,False
entity_type,ETV3-0331,ETV3-0331,Person,Person,Person,strong_consensus,3,3,"{""Person"": 3}",A;B;C,False
entity_type,ETV3-0332,ETV3-0332,Place,Place,Place,weak_consensus,3,2,"{""Person"": 1, ""Place"": 2}",A;B;C,False
entity_type,ETV3-0333,ETV3-0333,Person,Person,Person,weak_consensus,3,2,"{""Person"": 2, ""Position"": 1}",A;B;C,False
entity_type,ETV3-0335,ETV3-0335,Position,Position,Position,strong_consensus,3,3,"{""Position"": 3}",A;B;C,False
entity_type,ETV3-0336,ETV3-0336,Position,Position,Position,strong_consensus,3,3,"{""Position"": 3}",A;B;C,False
entity_type,ETV3-0337,ETV3-0337,Position,Position,Position,strong_consensus,3,3,"{""Position"": 3}",A;B;C,False
entity_type,ETV3-0338,ETV3-0338,Position,Position,Position,strong_consensus,3,3,"{""Position"": 3}",A;B;C,False
entity_type,ETV3-0339,ETV3-0339,Position,Position,Position,strong_consensus,3,3,"{""Position"": 3}",A;B;C,False
entity_type,ETV3-0340,ETV3-0340,Position,Position,Position,strong_consensus,3,3,"{""Position"": 3}",A;B;C,False
entity_type,ETV3-0341,ETV3-0341,Position,Position,Position,strong_consensus,3,3,"{""Position"": 3}",A;B;C,False
entity_type,ETV3-0342,ETV3-0342,Position,Position,Position,strong_consensus,3,3,"{""Position"": 3}",A;B;C,False
entity_type,ETV3-0343,ETV3-0343,SocialGroup,SocialGroup,SocialGroup,strong_consensus,3,3,"{""SocialGroup"": 3}",A;B;C,False
entity_type,ETV3-0344,ETV3-0344,SocialGroup,SocialGroup,SocialGroup,strong_consensus,3,3,"{""SocialGroup"": 3}",A;B;C,False
entity_type,ETV3-0345,ETV3-0345,SocialGroup,SocialGroup,SocialGroup,strong_consensus,3,3,"{""SocialGroup"": 3}",A;B;C,False
entity_type,ETV3-0346,ETV3-0346,SocialGroup,SocialGroup,SocialGroup,strong_consensus,3,3,"{""SocialGroup"": 3}",A;B;C,False
entity_type,ETV3-0347,ETV3-0347,Organization,Organization,Organization,weak_consensus,3,2,"{""Organization"": 2, ""SocialGroup"": 1}",A;B;C,False
entity_type,ETV3-0348,ETV3-0348,SocialGroup,SocialGroup,SocialGroup,strong_consensus,3,3,"{""SocialGroup"": 3}",A;B;C,False
entity_type,ETV3-0349,ETV3-0349,SocialGroup,SocialGroup,SocialGroup,strong_consensus,3,3,"{""SocialGroup"": 3}",A;B;C,False
entity_type,ETV3-0350,ETV3-0350,SocialGroup,SocialGroup,SocialGroup,strong_consensus,3,3,"{""SocialGroup"": 3}",A;B;C,False
entity_type,ETV3-0351,ETV3-0351,SocialGroup,SocialGroup,SocialGroup,strong_consensus,3,3,"{""SocialGroup"": 3}",A;B;C,False
entity_type,ETV3-0352,ETV3-0352,Organization,Organization,Organization,weak_consensus,3,2,"{""OTHER"": 1, ""Organization"": 2}",A;B;C,False
entity_type,ETV3-0353,ETV3-0353,Concept,Concept,Concept,strong_consensus,3,3,"{""Concept"": 3}",A;B;C,False
entity_type,ETV3-0354,ETV3-0354,Organization,Organization,Organization,weak_consensus,3,2,"{""Concept"": 1, ""Organization"": 2}",A;B;C,False
entity_type,ETV3-0355,ETV3-0355,Concept,Concept,Concept,strong_consensus,3,3,"{""Concept"": 3}",A;B;C,False
entity_type,ETV3-0356,ETV3-0356,Concept,Concept,Concept,strong_consensus,3,3,"{""Concept"": 3}",A;B;C,False
entity_type,ETV3-0357,ETV3-0357,Event,Event,Event,strong_consensus,3,3,"{""Event"": 3}",A;B;C,False
entity_type,ETV3-0358,ETV3-0358,Concept,Concept,Concept,strong_consensus,3,3,"{""Concept"": 3}",A;B;C,False
entity_type,ETV3-0359,ETV3-0359,Concept,Concept,Concept,strong_consensus,3,3,"{""Concept"": 3}",A;B;C,False
entity_type,ETV3-0360,ETV3-0360,Concept,Concept,Concept,strong_consensus,3,3,"{""Concept"": 3}",A;B;C,False
entity_type,ETV3-0361,ETV3-0361,Event,Event,Event,strong_consensus,3,3,"{""Event"": 3}",A;B;C,False
entity_type,ETV3-0362,ETV3-0362,Concept,Concept,Concept,strong_consensus,3,3,"{""Concept"": 3}",A;B;C,False
entity_type,ETV3-0363,ETV3-0363,Document,Document,Document,strong_consensus,3,3,"{""Document"": 3}",A;B;C,False
entity_type,ETV3-0364,ETV3-0364,Event,Event,Event,strong_consensus,3,3,"{""Event"": 3}",A;B;C,False
entity_type,ETV3-0365,ETV3-0365,TimePeriod,TimePeriod,TimePeriod,strong_consensus,3,3,"{""TimePeriod"": 3}",A;B;C,False
entity_type,ETV3-0366,ETV3-0366,TimePeriod,TimePeriod,TimePeriod,weak_consensus,3,2,"{""OTHER"": 1, ""TimePeriod"": 2}",A;B;C,False
entity_type,ETV3-0367,ETV3-0367,OTHER,OTHER,OTHER,weak_consensus,3,2,"{""Event"": 1, ""OTHER"": 2}",A;B;C,False
entity_type,ETV3-0368,ETV3-0368,TimePeriod,TimePeriod,TimePeriod,weak_consensus,3,2,"{""OTHER"": 1, ""TimePeriod"": 2}",A;B;C,False
entity_type,ETV3-0369,ETV3-0369,TimePeriod,TimePeriod,TimePeriod,strong_consensus,3,3,"{""TimePeriod"": 3}",A;B;C,False
entity_type,ETV3-0370,ETV3-0370,TimePeriod,TimePeriod,TimePeriod,strong_consensus,3,3,"{""TimePeriod"": 3}",A;B;C,False
entity_type,ETV3-0371,ETV3-0371,TimePeriod,TimePeriod,TimePeriod,strong_consensus,3,3,"{""TimePeriod"": 3}",A;B;C,False
entity_type,ETV3-0372,ETV3-0372,TimePeriod,TimePeriod,TimePeriod,strong_consensus,3,3,"{""TimePeriod"": 3}",A;B;C,False
entity_type,ETV3-0373,ETV3-0373,ValueFacet,ValueFacet,ValueFacet,weak_consensus,3,2,"{""Concept"": 1, ""ValueFacet"": 2}",A;B;C,False
entity_type,ETV3-0374,ETV3-0374,Concept,Concept,Concept,strong_consensus,3,3,"{""Concept"": 3}",A;B;C,False
entity_type,ETV3-0375,ETV3-0375,ValueFacet,ValueFacet,ValueFacet,strong_consensus,3,3,"{""ValueFacet"": 3}",A;B;C,False
entity_type,ETV3-0376,ETV3-0376,ValueFacet,ValueFacet,ValueFacet,strong_consensus,3,3,"{""ValueFacet"": 3}",A;B;C,False
entity_type,ETV3-0377,ETV3-0377,Event,Event,Event,strong_consensus,3,3,"{""Event"": 3}",A;B;C,False
entity_type,ETV3-0378,ETV3-0378,ValueFacet,ValueFacet,ValueFacet,weak_consensus,3,2,"{""Concept"": 1, ""ValueFacet"": 2}",A;B;C,False
entity_type,ETV3-0379,ETV3-0379,ValueFacet,ValueFacet,ValueFacet,strong_consensus,3,3,"{""ValueFacet"": 3}",A;B;C,False
entity_type,ETV3-0380,ETV3-0380,ValueFacet,ValueFacet,ValueFacet,strong_consensus,3,3,"{""ValueFacet"": 3}",A;B;C,False
entity_type,ETV3-0381,ETV3-0381,Concept,Concept,Concept,weak_consensus,3,2,"{""Concept"": 2, ""ValueFacet"": 1}",A;B;C,False
entity_type,ETV3-0382,ETV3-0382,ValueFacet,ValueFacet,ValueFacet,strong_consensus,3,3,"{""ValueFacet"": 3}",A;B;C,False
relation_contract,RC-C-0001,RC-C-0001,context_only,context_only,context_only,weak_consensus,3,2,"{""context_only"": 2, ""insufficient_evidence"": 1}",A;B;C,False
relation_contract,RC-C-0002,RC-C-0002,context_only,context_only,context_only,weak_consensus,3,2,"{""context_only"": 2, ""invalid"": 1}",A;B;C,False
relation_contract,RC-C-0003,RC-C-0003,context_only,context_only,context_only,weak_consensus,3,2,"{""context_only"": 2, ""insufficient_evidence"": 1}",A;B;C,False
relation_contract,RC-C-0004,RC-C-0004,insufficient_evidence,insufficient_evidence,insufficient_evidence,weak_consensus,3,2,"{""context_only"": 1, ""insufficient_evidence"": 2}",A;B;C,False
relation_contract,RC-C-0005,RC-C-0005,insufficient_evidence,insufficient_evidence,insufficient_evidence,weak_consensus,3,2,"{""context_only"": 1, ""insufficient_evidence"": 2}",A;B;C,False
relation_contract,RC-C-0006,RC-C-0006,insufficient_evidence,insufficient_evidence,insufficient_evidence,weak_consensus,3,2,"{""context_only"": 1, ""insufficient_evidence"": 2}",A;B;C,False
relation_contract,RC-C-0007,RC-C-0007,insufficient_evidence,insufficient_evidence,insufficient_evidence,weak_consensus,3,2,"{""context_only"": 1, ""insufficient_evidence"": 2}",A;B;C,False
relation_contract,RC-C-0008,RC-C-0008,insufficient_evidence,insufficient_evidence,insufficient_evidence,weak_consensus,3,2,"{""context_only"": 1, ""insufficient_evidence"": 2}",A;B;C,False
relation_contract,RC-C-0009,RC-C-0009,insufficient_evidence,insufficient_evidence,insufficient_evidence,weak_consensus,3,2,"{""context_only"": 1, ""insufficient_evidence"": 2}",A;B;C,False
relation_contract,RC-C-0010,RC-C-0010,insufficient_evidence,insufficient_evidence,insufficient_evidence,weak_consensus,3,2,"{""context_only"": 1, ""insufficient_evidence"": 2}",A;B;C,False
relation_contract,RC-C-0011,RC-C-0011,insufficient_evidence,insufficient_evidence,insufficient_evidence,weak_consensus,3,2,"{""context_only"": 1, ""insufficient_evidence"": 2}",A;B;C,False
relation_contract,RC-C-0012,RC-C-0012,context_only,context_only,context_only,weak_consensus,3,2,"{""context_only"": 2, ""insufficient_evidence"": 1}",A;B;C,False
relation_contract,RC-C-0013,RC-C-0013,insufficient_evidence,insufficient_evidence,insufficient_evidence,strong_consensus,3,3,"{""insufficient_evidence"": 3}",A;B;C,False
relation_contract,RC-C-0014,RC-C-0014,insufficient_evidence,insufficient_evidence,insufficient_evidence,weak_consensus,3,2,"{""context_only"": 1, ""insufficient_evidence"": 2}",A;B;C,False
relation_contract,RC-C-0015,RC-C-0015,context_only,context_only,context_only,weak_consensus,3,2,"{""context_only"": 2, ""insufficient_evidence"": 1}",A;B;C,False
relation_contract,RC-C-0016,RC-C-0016,insufficient_evidence,insufficient_evidence,insufficient_evidence,weak_consensus,3,2,"{""context_only"": 1, ""insufficient_evidence"": 2}",A;B;C,False
relation_contract,RC-C-0017,RC-C-0017,context_only,context_only,context_only,weak_consensus,3,2,"{""context_only"": 2, ""insufficient_evidence"": 1}",A;B;C,False
relation_contract,RC-C-0018,RC-C-0018,context_only,context_only,context_only,weak_consensus,3,2,"{""context_only"": 2, ""insufficient_evidence"": 1}",A;B;C,False
relation_contract,RC-C-0019,RC-C-0019,context_only,context_only,context_only,weak_consensus,3,2,"{""context_only"": 2, ""insufficient_evidence"": 1}",A;B;C,False
relation_contract,RC-C-0020,RC-C-0020,insufficient_evidence,insufficient_evidence,insufficient_evidence,weak_consensus,3,2,"{""context_only"": 1, ""insufficient_evidence"": 2}",A;B;C,False
relation_contract,RC-C-0021,RC-C-0021,context_only,context_only,context_only,weak_consensus,3,2,"{""context_only"": 2, ""insufficient_evidence"": 1}",A;B;C,False
relation_contract,RC-C-0022,RC-C-0022,invalid,invalid,invalid,strong_consensus,3,3,"{""invalid"": 3}",A;B;C,False
relation_contract,RC-C-0023,RC-C-0023,context_only,context_only,context_only,weak_consensus,3,2,"{""context_only"": 2, ""insufficient_evidence"": 1}",A;B;C,False
relation_contract,RC-C-0025,RC-C-0025,insufficient_evidence,insufficient_evidence,insufficient_evidence,strong_consensus,3,3,"{""insufficient_evidence"": 3}",A;B;C,False
relation_contract,RC-C-0026,RC-C-0026,context_only,context_only,context_only,weak_consensus,3,2,"{""context_only"": 2, ""insufficient_evidence"": 1}",A;B;C,False
relation_contract,RC-C-0027,RC-C-0027,insufficient_evidence,insufficient_evidence,insufficient_evidence,weak_consensus,3,2,"{""context_only"": 1, ""insufficient_evidence"": 2}",A;B;C,False
relation_contract,RC-C-0028,RC-C-0028,context_only,context_only,context_only,weak_consensus,3,2,"{""context_only"": 2, ""insufficient_evidence"": 1}",A;B;C,False
relation_contract,RC-C-0029,RC-C-0029,insufficient_evidence,insufficient_evidence,insufficient_evidence,weak_consensus,3,2,"{""context_only"": 1, ""insufficient_evidence"": 2}",A;B;C,False
relation_contract,RC-C-0030,RC-C-0030,insufficient_evidence,insufficient_evidence,insufficient_evidence,weak_consensus,3,2,"{""context_only"": 1, ""insufficient_evidence"": 2}",A;B;C,False
relation_contract,RC-C-0031,RC-C-0031,context_only,context_only,context_only,weak_consensus,3,2,"{""context_only"": 2, ""insufficient_evidence"": 1}",A;B;C,False
relation_contract,RC-C-0032,RC-C-0032,insufficient_evidence,insufficient_evidence,insufficient_evidence,weak_consensus,3,2,"{""context_only"": 1, ""insufficient_evidence"": 2}",A;B;C,False
relation_contract,RC-C-0033,RC-C-0033,insufficient_evidence,insufficient_evidence,insufficient_evidence,weak_consensus,3,2,"{""context_only"": 1, ""insufficient_evidence"": 2}",A;B;C,False
relation_contract,RC-C-0034,RC-C-0034,insufficient_evidence,insufficient_evidence,insufficient_evidence,weak_consensus,3,2,"{""context_only"": 1, ""insufficient_evidence"": 2}",A;B;C,False
relation_contract,RC-C-0035,RC-C-0035,insufficient_evidence,insufficient_evidence,insufficient_evidence,weak_consensus,3,2,"{""context_only"": 1, ""insufficient_evidence"": 2}",A;B;C,False
relation_contract,RC-C-0036,RC-C-0036,insufficient_evidence,insufficient_evidence,insufficient_evidence,weak_consensus,3,2,"{""context_only"": 1, ""insufficient_evidence"": 2}",A;B;C,False
relation_contract,RC-C-0037,RC-C-0037,valid,valid,valid,weak_consensus,3,2,"{""insufficient_evidence"": 1, ""valid"": 2}",A;B;C,False
relation_contract,RC-C-0038,RC-C-0038,invalid,invalid,invalid,weak_consensus,3,2,"{""insufficient_evidence"": 1, ""invalid"": 2}",A;B;C,False
relation_contract,RC-C-0040,RC-C-0040,invalid,invalid,invalid,strong_consensus,3,3,"{""invalid"": 3}",A;B;C,False
relation_contract,RC-C-0041,RC-C-0041,invalid,invalid,invalid,weak_consensus,3,2,"{""insufficient_evidence"": 1, ""invalid"": 2}",A;B;C,False
relation_contract,RC-C-0042,RC-C-0042,context_only,context_only,context_only,weak_consensus,3,2,"{""context_only"": 2, ""insufficient_evidence"": 1}",A;B;C,False
relation_contract,RC-C-0043,RC-C-0043,insufficient_evidence,insufficient_evidence,insufficient_evidence,weak_consensus,3,2,"{""context_only"": 1, ""insufficient_evidence"": 2}",A;B;C,False
relation_contract,RC-C-0044,RC-C-0044,context_only,context_only,context_only,weak_consensus,3,2,"{""context_only"": 2, ""insufficient_evidence"": 1}",A;B;C,False
relation_contract,RC-C-0045,RC-C-0045,invalid,invalid,invalid,weak_consensus,3,2,"{""insufficient_evidence"": 1, ""invalid"": 2}",A;B;C,False
relation_contract,RC-C-0047,RC-C-0047,context_only,context_only,context_only,weak_consensus,3,2,"{""context_only"": 2, ""insufficient_evidence"": 1}",A;B;C,False
relation_contract,RC-C-0049,RC-C-0049,insufficient_evidence,insufficient_evidence,insufficient_evidence,weak_consensus,3,2,"{""context_only"": 1, ""insufficient_evidence"": 2}",A;B;C,False
relation_contract,RC-C-0050,RC-C-0050,context_only,context_only,context_only,weak_consensus,3,2,"{""context_only"": 2, ""insufficient_evidence"": 1}",A;B;C,False
relation_contract,RC-C-0051,RC-C-0051,context_only,context_only,context_only,strong_consensus,3,3,"{""context_only"": 3}",A;B;C,False
relation_contract,RC-C-0053,RC-C-0053,context_only,context_only,context_only,strong_consensus,3,3,"{""context_only"": 3}",A;B;C,False
relation_contract,RC-C-0054,RC-C-0054,context_only,context_only,context_only,weak_consensus,3,2,"{""context_only"": 2, ""insufficient_evidence"": 1}",A;B;C,False
relation_contract,RC-C-0055,RC-C-0055,context_only,context_only,context_only,weak_consensus,3,2,"{""context_only"": 2, ""valid"": 1}",A;B;C,False
relation_contract,RC-C-0056,RC-C-0056,context_only,context_only,context_only,strong_consensus,3,3,"{""context_only"": 3}",A;B;C,False
relation_contract,RC-C-0057,RC-C-0057,context_only,context_only,context_only,strong_consensus,3,3,"{""context_only"": 3}",A;B;C,False
relation_contract,RC-C-0058,RC-C-0058,context_only,context_only,context_only,weak_consensus,3,2,"{""context_only"": 2, ""insufficient_evidence"": 1}",A;B;C,False
relation_contract,RC-C-0059,RC-C-0059,context_only,context_only,context_only,weak_consensus,3,2,"{""context_only"": 2, ""insufficient_evidence"": 1}",A;B;C,False
relation_contract,RC-C-0060,RC-C-0060,context_only,context_only,context_only,strong_consensus,3,3,"{""context_only"": 3}",A;B;C,False
relation_contract,RC-C-0062,RC-C-0062,invalid,invalid,invalid,strong_consensus,3,3,"{""invalid"": 3}",A;B;C,False
relation_contract,RC-C-0063,RC-C-0063,invalid,invalid,invalid,weak_consensus,3,2,"{""context_only"": 1, ""invalid"": 2}",A;B;C,False
relation_contract,RC-C-0064,RC-C-0064,context_only,context_only,context_only,weak_consensus,3,2,"{""context_only"": 2, ""insufficient_evidence"": 1}",A;B;C,False
relation_contract,RC-C-0065,RC-C-0065,insufficient_evidence,insufficient_evidence,insufficient_evidence,strong_consensus,3,3,"{""insufficient_evidence"": 3}",A;B;C,False
relation_contract,RC-C-0066,RC-C-0066,insufficient_evidence,insufficient_evidence,insufficient_evidence,weak_consensus,3,2,"{""context_only"": 1, ""insufficient_evidence"": 2}",A;B;C,False
relation_contract,RC-C-0067,RC-C-0067,context_only,context_only,context_only,weak_consensus,3,2,"{""context_only"": 2, ""insufficient_evidence"": 1}",A;B;C,False
relation_contract,RC-C-0068,RC-C-0068,context_only,context_only,context_only,weak_consensus,3,2,"{""context_only"": 2, ""insufficient_evidence"": 1}",A;B;C,False
relation_contract,RC-C-0069,RC-C-0069,insufficient_evidence,insufficient_evidence,insufficient_evidence,strong_consensus,3,3,"{""insufficient_evidence"": 3}",A;B;C,False
relation_contract,RC-C-0070,RC-C-0070,context_only,context_only,context_only,weak_consensus,3,2,"{""context_only"": 2, ""insufficient_evidence"": 1}",A;B;C,False
relation_contract,RC-C-0072,RC-C-0072,insufficient_evidence,insufficient_evidence,insufficient_evidence,weak_consensus,3,2,"{""context_only"": 1, ""insufficient_evidence"": 2}",A;B;C,False
relation_contract,RC-C-0073,RC-C-0073,context_only,context_only,context_only,weak_consensus,3,2,"{""context_only"": 2, ""insufficient_evidence"": 1}",A;B;C,False
relation_contract,RC-C-0074,RC-C-0074,insufficient_evidence,insufficient_evidence,insufficient_evidence,strong_consensus,3,3,"{""insufficient_evidence"": 3}",A;B;C,False
relation_contract,RC-C-0075,RC-C-0075,insufficient_evidence,insufficient_evidence,insufficient_evidence,weak_consensus,3,2,"{""context_only"": 1, ""insufficient_evidence"": 2}",A;B;C,False
relation_contract,RC-C-0076,RC-C-0076,insufficient_evidence,insufficient_evidence,insufficient_evidence,weak_consensus,3,2,"{""context_only"": 1, ""insufficient_evidence"": 2}",A;B;C,False
relation_contract,RC-C-0077,RC-C-0077,insufficient_evidence,insufficient_evidence,insufficient_evidence,weak_consensus,3,2,"{""context_only"": 1, ""insufficient_evidence"": 2}",A;B;C,False
relation_contract,RC-C-0078,RC-C-0078,context_only,context_only,context_only,weak_consensus,3,2,"{""context_only"": 2, ""insufficient_evidence"": 1}",A;B;C,False
relation_contract,RC-C-0079,RC-C-0079,insufficient_evidence,insufficient_evidence,insufficient_evidence,weak_consensus,3,2,"{""context_only"": 1, ""insufficient_evidence"": 2}",A;B;C,False
relation_contract,RC-C-0080,RC-C-0080,context_only,context_only,context_only,weak_consensus,3,2,"{""context_only"": 2, ""insufficient_evidence"": 1}",A;B;C,False
relation_contract,RC-C-0081,RC-C-0081,context_only,context_only,context_only,weak_consensus,3,2,"{""context_only"": 2, ""insufficient_evidence"": 1}",A;B;C,False
relation_contract,RC-C-0082,RC-C-0082,insufficient_evidence,insufficient_evidence,insufficient_evidence,weak_consensus,3,2,"{""context_only"": 1, ""insufficient_evidence"": 2}",A;B;C,False
relation_contract,RC-C-0083,RC-C-0083,invalid,invalid,invalid,weak_consensus,3,2,"{""context_only"": 1, ""invalid"": 2}",A;B;C,False
relation_contract,RC-C-0084,RC-C-0084,context_only,context_only,context_only,weak_consensus,3,2,"{""context_only"": 2, ""insufficient_evidence"": 1}",A;B;C,False
relation_contract,RC-C-0085,RC-C-0085,context_only,context_only,context_only,weak_consensus,3,2,"{""context_only"": 2, ""insufficient_evidence"": 1}",A;B;C,False
relation_contract,RC-C-0086,RC-C-0086,insufficient_evidence,insufficient_evidence,insufficient_evidence,weak_consensus,3,2,"{""context_only"": 1, ""insufficient_evidence"": 2}",A;B;C,False
relation_contract,RC-C-0087,RC-C-0087,insufficient_evidence,insufficient_evidence,insufficient_evidence,weak_consensus,3,2,"{""insufficient_evidence"": 2, ""invalid"": 1}",A;B;C,False
relation_contract,RC-C-0088,RC-C-0088,context_only,context_only,context_only,weak_consensus,3,2,"{""context_only"": 2, ""insufficient_evidence"": 1}",A;B;C,False
relation_contract,RC-C-0089,RC-C-0089,context_only,context_only,context_only,weak_consensus,3,2,"{""context_only"": 2, ""insufficient_evidence"": 1}",A;B;C,False
relation_contract,RC-C-0092,RC-C-0092,invalid,invalid,invalid,weak_consensus,3,2,"{""context_only"": 1, ""invalid"": 2}",A;B;C,False
relation_contract,RC-C-0093,RC-C-0093,context_only,context_only,context_only,weak_consensus,3,2,"{""context_only"": 2, ""insufficient_evidence"": 1}",A;B;C,False
relation_contract,RC-C-0094,RC-C-0094,insufficient_evidence,insufficient_evidence,insufficient_evidence,weak_consensus,3,2,"{""insufficient_evidence"": 2, ""invalid"": 1}",A;B;C,False
relation_contract,RC-C-0095,RC-C-0095,context_only,context_only,context_only,weak_consensus,3,2,"{""context_only"": 2, ""insufficient_evidence"": 1}",A;B;C,False
relation_contract,RC-C-0096,RC-C-0096,context_only,context_only,context_only,weak_consensus,3,2,"{""context_only"": 2, ""insufficient_evidence"": 1}",A;B;C,False
relation_contract,RC-C-0097,RC-C-0097,insufficient_evidence,insufficient_evidence,insufficient_evidence,strong_consensus,3,3,"{""insufficient_evidence"": 3}",A;B;C,False
relation_contract,RC-C-0098,RC-C-0098,insufficient_evidence,insufficient_evidence,insufficient_evidence,weak_consensus,3,2,"{""context_only"": 1, ""insufficient_evidence"": 2}",A;B;C,False
relation_contract,RC-C-0099,RC-C-0099,context_only,context_only,context_only,weak_consensus,3,2,"{""context_only"": 2, ""invalid"": 1}",A;B;C,False
relation_contract,RC-C-0100,RC-C-0100,context_only,context_only,context_only,weak_consensus,3,2,"{""context_only"": 2, ""invalid"": 1}",A;B;C,False
relation_contract,RC-C-0101,RC-C-0101,invalid,invalid,invalid,strong_consensus,3,3,"{""invalid"": 3}",A;B;C,False
relation_contract,RC-C-0102,RC-C-0102,invalid,invalid,invalid,weak_consensus,3,2,"{""context_only"": 1, ""invalid"": 2}",A;B;C,False
relation_contract,RC-C-0103,RC-C-0103,context_only,context_only,context_only,weak_consensus,3,2,"{""context_only"": 2, ""insufficient_evidence"": 1}",A;B;C,False
relation_contract,RC-C-0104,RC-C-0104,invalid,invalid,invalid,weak_consensus,3,2,"{""context_only"": 1, ""invalid"": 2}",A;B;C,False
relation_contract,RC-C-0105,RC-C-0105,context_only,context_only,context_only,weak_consensus,3,2,"{""context_only"": 2, ""invalid"": 1}",A;B;C,False
relation_contract,RC-C-0106,RC-C-0106,invalid,invalid,invalid,weak_consensus,3,2,"{""context_only"": 1, ""invalid"": 2}",A;B;C,False
relation_contract,RC-C-0108,RC-C-0108,invalid,invalid,invalid,weak_consensus,3,2,"{""context_only"": 1, ""invalid"": 2}",A;B;C,False
relation_contract,RC-C-0109,RC-C-0109,context_only,context_only,context_only,weak_consensus,3,2,"{""context_only"": 2, ""invalid"": 1}",A;B;C,False
relation_contract,RC-C-0110,RC-C-0110,invalid,invalid,invalid,weak_consensus,3,2,"{""context_only"": 1, ""invalid"": 2}",A;B;C,False
relation_contract,RC-C-0111,RC-C-0111,context_only,context_only,context_only,weak_consensus,3,2,"{""context_only"": 2, ""invalid"": 1}",A;B;C,False
relation_contract,RC-C-0114,RC-C-0114,invalid,invalid,invalid,weak_consensus,3,2,"{""context_only"": 1, ""invalid"": 2}",A;B;C,False
relation_contract,RC-C-0116,RC-C-0116,context_only,context_only,context_only,weak_consensus,3,2,"{""context_only"": 2, ""insufficient_evidence"": 1}",A;B;C,False
relation_contract,RC-C-0118,RC-C-0118,invalid,invalid,invalid,weak_consensus,3,2,"{""context_only"": 1, ""invalid"": 2}",A;B;C,False
relation_contract,RC-C-0119,RC-C-0119,context_only,context_only,context_only,weak_consensus,3,2,"{""context_only"": 2, ""invalid"": 1}",A;B;C,False
relation_contract,RC-C-0120,RC-C-0120,context_only,context_only,context_only,weak_consensus,3,2,"{""context_only"": 2, ""invalid"": 1}",A;B;C,False
relation_contract,RC-C-0121,RC-C-0121,invalid,invalid,invalid,weak_consensus,3,2,"{""context_only"": 1, ""invalid"": 2}",A;B;C,False
relation_contract,RC-C-0122,RC-C-0122,invalid,invalid,invalid,weak_consensus,3,2,"{""insufficient_evidence"": 1, ""invalid"": 2}",A;B;C,False
relation_contract,RC-C-0123,RC-C-0123,invalid,invalid,invalid,weak_consensus,3,2,"{""context_only"": 1, ""invalid"": 2}",A;B;C,False
relation_contract,RC-C-0125,RC-C-0125,invalid,invalid,invalid,weak_consensus,3,2,"{""context_only"": 1, ""invalid"": 2}",A;B;C,False
relation_contract,RC-C-0126,RC-C-0126,invalid,invalid,invalid,strong_consensus,3,3,"{""invalid"": 3}",A;B;C,False
relation_contract,RC-C-0127,RC-C-0127,invalid,invalid,invalid,weak_consensus,3,2,"{""context_only"": 1, ""invalid"": 2}",A;B;C,False
relation_contract,RC-C-0128,RC-C-0128,invalid,invalid,invalid,weak_consensus,3,2,"{""context_only"": 1, ""invalid"": 2}",A;B;C,False
relation_contract,RC-C-0129,RC-C-0129,invalid,invalid,invalid,weak_consensus,3,2,"{""insufficient_evidence"": 1, ""invalid"": 2}",A;B;C,False
relation_contract,RC-C-0130,RC-C-0130,invalid,invalid,invalid,strong_consensus,3,3,"{""invalid"": 3}",A;B;C,False
relation_contract,RC-C-0132,RC-C-0132,context_only,context_only,context_only,weak_consensus,3,2,"{""context_only"": 2, ""invalid"": 1}",A;B;C,False
relation_contract,RC-C-0133,RC-C-0133,context_only,context_only,context_only,weak_consensus,3,2,"{""context_only"": 2, ""invalid"": 1}",A;B;C,False
relation_contract,RC-C-0134,RC-C-0134,invalid,invalid,invalid,weak_consensus,3,2,"{""context_only"": 1, ""invalid"": 2}",A;B;C,False
relation_contract,RC-C-0136,RC-C-0136,context_only,context_only,context_only,weak_consensus,3,2,"{""context_only"": 2, ""insufficient_evidence"": 1}",A;B;C,False
relation_contract,RC-C-0137,RC-C-0137,insufficient_evidence,insufficient_evidence,insufficient_evidence,weak_consensus,3,2,"{""context_only"": 1, ""insufficient_evidence"": 2}",A;B;C,False
relation_contract,RC-C-0138,RC-C-0138,invalid,invalid,invalid,weak_consensus,3,2,"{""context_only"": 1, ""invalid"": 2}",A;B;C,False
relation_contract,RC-C-0139,RC-C-0139,invalid,invalid,invalid,weak_consensus,3,2,"{""context_only"": 1, ""invalid"": 2}",A;B;C,False
relation_contract,RC-C-0140,RC-C-0140,context_only,context_only,context_only,weak_consensus,3,2,"{""context_only"": 2, ""insufficient_evidence"": 1}",A;B;C,False
relation_contract,RC-C-0144,RC-C-0144,insufficient_evidence,insufficient_evidence,insufficient_evidence,weak_consensus,3,2,"{""context_only"": 1, ""insufficient_evidence"": 2}",A;B;C,False
relation_contract,RC-C-0145,RC-C-0145,insufficient_evidence,insufficient_evidence,insufficient_evidence,weak_consensus,3,2,"{""context_only"": 1, ""insufficient_evidence"": 2}",A;B;C,False
relation_contract,RC-C-0147,RC-C-0147,insufficient_evidence,insufficient_evidence,insufficient_evidence,weak_consensus,3,2,"{""context_only"": 1, ""insufficient_evidence"": 2}",A;B;C,False
relation_contract,RC-C-0148,RC-C-0148,context_only,context_only,context_only,weak_consensus,3,2,"{""context_only"": 2, ""insufficient_evidence"": 1}",A;B;C,False
relation_contract,RC-C-0149,RC-C-0149,context_only,context_only,context_only,weak_consensus,3,2,"{""context_only"": 2, ""insufficient_evidence"": 1}",A;B;C,False
relation_contract,RC-C-0150,RC-C-0150,insufficient_evidence,insufficient_evidence,insufficient_evidence,weak_consensus,3,2,"{""insufficient_evidence"": 2, ""invalid"": 1}",A;B;C,False
relation_contract,RC-C-0151,RC-C-0151,context_only,context_only,context_only,weak_consensus,3,2,"{""context_only"": 2, ""insufficient_evidence"": 1}",A;B;C,False
relation_contract,RC-C-0152,RC-C-0152,context_only,context_only,context_only,weak_consensus,3,2,"{""context_only"": 2, ""insufficient_evidence"": 1}",A;B;C,False
relation_contract,RC-C-0153,RC-C-0153,context_only,context_only,context_only,weak_consensus,3,2,"{""context_only"": 2, ""insufficient_evidence"": 1}",A;B;C,False
relation_contract,RC-C-0154,RC-C-0154,insufficient_evidence,insufficient_evidence,insufficient_evidence,weak_consensus,3,2,"{""context_only"": 1, ""insufficient_evidence"": 2}",A;B;C,False
relation_contract,RC-C-0155,RC-C-0155,invalid,invalid,invalid,weak_consensus,3,2,"{""context_only"": 1, ""invalid"": 2}",A;B;C,False
relation_contract,RC-C-0156,RC-C-0156,invalid,invalid,invalid,weak_consensus,3,2,"{""context_only"": 1, ""invalid"": 2}",A;B;C,False
relation_contract,RC-C-0157,RC-C-0157,invalid,invalid,invalid,strong_consensus,3,3,"{""invalid"": 3}",A;B;C,False
relation_contract,RC-C-0158,RC-C-0158,invalid,invalid,invalid,strong_consensus,3,3,"{""invalid"": 3}",A;B;C,False
relation_contract,RC-C-0159,RC-C-0159,invalid,invalid,invalid,weak_consensus,3,2,"{""context_only"": 1, ""invalid"": 2}",A;B;C,False
relation_contract,RC-C-0160,RC-C-0160,invalid,invalid,invalid,weak_consensus,3,2,"{""context_only"": 1, ""invalid"": 2}",A;B;C,False
relation_contract,RC-C-0161,RC-C-0161,invalid,invalid,invalid,weak_consensus,3,2,"{""context_only"": 1, ""invalid"": 2}",A;B;C,False
relation_contract,RC-C-0162,RC-C-0162,invalid,invalid,invalid,weak_consensus,3,2,"{""context_only"": 1, ""invalid"": 2}",A;B;C,False
relation_contract,RC-C-0164,RC-C-0164,invalid,invalid,invalid,weak_consensus,3,2,"{""context_only"": 1, ""invalid"": 2}",A;B;C,False
relation_contract,RC-C-0165,RC-C-0165,invalid,invalid,invalid,weak_consensus,3,2,"{""context_only"": 1, ""invalid"": 2}",A;B;C,False
relation_contract,RC-C-0166,RC-C-0166,invalid,invalid,invalid,weak_consensus,3,2,"{""context_only"": 1, ""invalid"": 2}",A;B;C,False
relation_contract,RC-C-0167,RC-C-0167,invalid,invalid,invalid,strong_consensus,3,3,"{""invalid"": 3}",A;B;C,False
relation_contract,RC-C-0168,RC-C-0168,insufficient_evidence,insufficient_evidence,insufficient_evidence,weak_consensus,3,2,"{""insufficient_evidence"": 2, ""invalid"": 1}",A;B;C,False
relation_contract,RC-C-0169,RC-C-0169,invalid,invalid,invalid,weak_consensus,3,2,"{""insufficient_evidence"": 1, ""invalid"": 2}",A;B;C,False
relation_contract,RC-C-0170,RC-C-0170,invalid,invalid,invalid,strong_consensus,3,3,"{""invalid"": 3}",A;B;C,False
relation_contract,RC-C-0171,RC-C-0171,invalid,invalid,invalid,weak_consensus,3,2,"{""context_only"": 1, ""invalid"": 2}",A;B;C,False
relation_contract,RC-C-0172,RC-C-0172,invalid,invalid,invalid,strong_consensus,3,3,"{""invalid"": 3}",A;B;C,False
relation_contract,RC-C-0173,RC-C-0173,invalid,invalid,invalid,weak_consensus,3,2,"{""context_only"": 1, ""invalid"": 2}",A;B;C,False
relation_contract,RC-C-0174,RC-C-0174,context_only,context_only,context_only,weak_consensus,3,2,"{""context_only"": 2, ""insufficient_evidence"": 1}",A;B;C,False
relation_contract,RC-C-0175,RC-C-0175,invalid,invalid,invalid,weak_consensus,3,2,"{""context_only"": 1, ""invalid"": 2}",A;B;C,False
relation_contract,RC-C-0176,RC-C-0176,invalid,invalid,invalid,weak_consensus,3,2,"{""context_only"": 1, ""invalid"": 2}",A;B;C,False
relation_contract,RC-C-0177,RC-C-0177,invalid,invalid,invalid,strong_consensus,3,3,"{""invalid"": 3}",A;B;C,False
relation_contract,RC-C-0178,RC-C-0178,invalid,invalid,invalid,weak_consensus,3,2,"{""insufficient_evidence"": 1, ""invalid"": 2}",A;B;C,False
relation_contract,RC-C-0179,RC-C-0179,invalid,invalid,invalid,weak_consensus,3,2,"{""context_only"": 1, ""invalid"": 2}",A;B;C,False
relation_contract,RC-C-0180,RC-C-0180,invalid,invalid,invalid,weak_consensus,3,2,"{""context_only"": 1, ""invalid"": 2}",A;B;C,False
relation_contract,RC-C-0181,RC-C-0181,invalid,invalid,invalid,weak_consensus,3,2,"{""context_only"": 1, ""invalid"": 2}",A;B;C,False
relation_contract,RC-C-0182,RC-C-0182,invalid,invalid,invalid,weak_consensus,3,2,"{""insufficient_evidence"": 1, ""invalid"": 2}",A;B;C,False
relation_contract,RC-C-0183,RC-C-0183,invalid,invalid,invalid,weak_consensus,3,2,"{""context_only"": 1, ""invalid"": 2}",A;B;C,False
relation_contract,RC-C-0184,RC-C-0184,invalid,invalid,invalid,weak_consensus,3,2,"{""context_only"": 1, ""invalid"": 2}",A;B;C,False
relation_contract,RC-C-0185,RC-C-0185,invalid,invalid,invalid,weak_consensus,3,2,"{""insufficient_evidence"": 1, ""invalid"": 2}",A;B;C,False
relation_contract,RC-C-0186,RC-C-0186,invalid,invalid,invalid,strong_consensus,3,3,"{""invalid"": 3}",A;B;C,False
relation_contract,RC-C-0187,RC-C-0187,invalid,invalid,invalid,weak_consensus,3,2,"{""context_only"": 1, ""invalid"": 2}",A;B;C,False
relation_contract,RC-C-0188,RC-C-0188,invalid,invalid,invalid,weak_consensus,3,2,"{""context_only"": 1, ""invalid"": 2}",A;B;C,False
relation_contract,RC-C-0189,RC-C-0189,invalid,invalid,invalid,strong_consensus,3,3,"{""invalid"": 3}",A;B;C,False
relation_contract,RC-C-0190,RC-C-0190,invalid,invalid,invalid,weak_consensus,3,2,"{""context_only"": 1, ""invalid"": 2}",A;B;C,False
relation_contract,RC-C-0191,RC-C-0191,invalid,invalid,invalid,weak_consensus,3,2,"{""context_only"": 1, ""invalid"": 2}",A;B;C,False
relation_contract,RC-C-0192,RC-C-0192,invalid,invalid,invalid,weak_consensus,3,2,"{""context_only"": 1, ""invalid"": 2}",A;B;C,False
relation_contract,RC-C-0193,RC-C-0193,invalid,invalid,invalid,weak_consensus,3,2,"{""insufficient_evidence"": 1, ""invalid"": 2}",A;B;C,False
relation_contract,RC-C-0194,RC-C-0194,invalid,invalid,invalid,weak_consensus,3,2,"{""context_only"": 1, ""invalid"": 2}",A;B;C,False
relation_contract,RC-C-0195,RC-C-0195,invalid,invalid,invalid,strong_consensus,3,3,"{""invalid"": 3}",A;B;C,False
relation_contract,RC-C-0196,RC-C-0196,invalid,invalid,invalid,weak_consensus,3,2,"{""context_only"": 1, ""invalid"": 2}",A;B;C,False
relation_contract,RC-C-0198,RC-C-0198,invalid,invalid,invalid,weak_consensus,3,2,"{""context_only"": 1, ""invalid"": 2}",A;B;C,False
relation_contract,RC-C-0199,RC-C-0199,invalid,invalid,invalid,weak_consensus,3,2,"{""context_only"": 1, ""invalid"": 2}",A;B;C,False
relation_contract,RC-C-0200,RC-C-0200,invalid,invalid,invalid,strong_consensus,3,3,"{""invalid"": 3}",A;B;C,False
relation_contract,RC-C-0201,RC-C-0201,context_only,context_only,context_only,weak_consensus,3,2,"{""context_only"": 2, ""insufficient_evidence"": 1}",A;B;C,False
relation_contract,RC-C-0202,RC-C-0202,insufficient_evidence,insufficient_evidence,insufficient_evidence,weak_consensus,3,2,"{""context_only"": 1, ""insufficient_evidence"": 2}",A;B;C,False
relation_contract,RC-C-0203,RC-C-0203,invalid,invalid,invalid,weak_consensus,3,2,"{""context_only"": 1, ""invalid"": 2}",A;B;C,False
relation_contract,RC-C-0204,RC-C-0204,invalid,invalid,invalid,strong_consensus,3,3,"{""invalid"": 3}",A;B;C,False
relation_contract,RC-C-0205,RC-C-0205,insufficient_evidence,insufficient_evidence,insufficient_evidence,weak_consensus,3,2,"{""context_only"": 1, ""insufficient_evidence"": 2}",A;B;C,False
relation_contract,RC-C-0206,RC-C-0206,context_only,context_only,context_only,weak_consensus,3,2,"{""context_only"": 2, ""insufficient_evidence"": 1}",A;B;C,False
relation_contract,RC-C-0207,RC-C-0207,insufficient_evidence,insufficient_evidence,insufficient_evidence,weak_consensus,3,2,"{""context_only"": 1, ""insufficient_evidence"": 2}",A;B;C,False
relation_contract,RC-C-0208,RC-C-0208,insufficient_evidence,insufficient_evidence,insufficient_evidence,weak_consensus,3,2,"{""context_only"": 1, ""insufficient_evidence"": 2}",A;B;C,False
relation_contract,RC-C-0211,RC-C-0211,context_only,context_only,context_only,weak_consensus,3,2,"{""context_only"": 2, ""invalid"": 1}",A;B;C,False
relation_contract,RC-C-0212,RC-C-0212,invalid,invalid,invalid,weak_consensus,3,2,"{""context_only"": 1, ""invalid"": 2}",A;B;C,False
relation_contract,RC-C-0213,RC-C-0213,insufficient_evidence,insufficient_evidence,insufficient_evidence,weak_consensus,3,2,"{""context_only"": 1, ""insufficient_evidence"": 2}",A;B;C,False
relation_contract,RC-C-0214,RC-C-0214,insufficient_evidence,insufficient_evidence,insufficient_evidence,weak_consensus,3,2,"{""context_only"": 1, ""insufficient_evidence"": 2}",A;B;C,False
relation_contract,RC-C-0216,RC-C-0216,context_only,context_only,context_only,weak_consensus,3,2,"{""context_only"": 2, ""insufficient_evidence"": 1}",A;B;C,False
relation_contract,RC-C-0217,RC-C-0217,insufficient_evidence,insufficient_evidence,insufficient_evidence,weak_consensus,3,2,"{""context_only"": 1, ""insufficient_evidence"": 2}",A;B;C,False
relation_contract,RC-C-0218,RC-C-0218,insufficient_evidence,insufficient_evidence,insufficient_evidence,weak_consensus,3,2,"{""context_only"": 1, ""insufficient_evidence"": 2}",A;B;C,False
relation_contract,RC-C-0219,RC-C-0219,context_only,context_only,context_only,weak_consensus,3,2,"{""context_only"": 2, ""insufficient_evidence"": 1}",A;B;C,False
relation_contract,RC-C-0220,RC-C-0220,context_only,context_only,context_only,weak_consensus,3,2,"{""context_only"": 2, ""insufficient_evidence"": 1}",A;B;C,False
relation_contract,RC-C-0221,RC-C-0221,insufficient_evidence,insufficient_evidence,insufficient_evidence,weak_consensus,3,2,"{""insufficient_evidence"": 2, ""invalid"": 1}",A;B;C,False
relation_contract,RC-C-0222,RC-C-0222,insufficient_evidence,insufficient_evidence,insufficient_evidence,strong_consensus,3,3,"{""insufficient_evidence"": 3}",A;B;C,False
relation_contract,RC-C-0223,RC-C-0223,insufficient_evidence,insufficient_evidence,insufficient_evidence,weak_consensus,3,2,"{""insufficient_evidence"": 2, ""invalid"": 1}",A;B;C,False
relation_contract,RC-C-0224,RC-C-0224,insufficient_evidence,insufficient_evidence,insufficient_evidence,weak_consensus,3,2,"{""insufficient_evidence"": 2, ""invalid"": 1}",A;B;C,False
relation_contract,RC-C-0225,RC-C-0225,insufficient_evidence,insufficient_evidence,insufficient_evidence,weak_consensus,3,2,"{""context_only"": 1, ""insufficient_evidence"": 2}",A;B;C,False
relation_contract,RC-C-0227,RC-C-0227,insufficient_evidence,insufficient_evidence,insufficient_evidence,weak_consensus,3,2,"{""context_only"": 1, ""insufficient_evidence"": 2}",A;B;C,False
relation_contract,RC-C-0228,RC-C-0228,invalid,invalid,invalid,weak_consensus,3,2,"{""context_only"": 1, ""invalid"": 2}",A;B;C,False
relation_contract,RC-C-0229,RC-C-0229,context_only,context_only,context_only,weak_consensus,3,2,"{""context_only"": 2, ""insufficient_evidence"": 1}",A;B;C,False
relation_contract,RC-C-0230,RC-C-0230,insufficient_evidence,insufficient_evidence,insufficient_evidence,weak_consensus,3,2,"{""context_only"": 1, ""insufficient_evidence"": 2}",A;B;C,False
relation_contract,RC-C-0231,RC-C-0231,insufficient_evidence,insufficient_evidence,insufficient_evidence,weak_consensus,3,2,"{""context_only"": 1, ""insufficient_evidence"": 2}",A;B;C,False
relation_contract,RC-C-0232,RC-C-0232,insufficient_evidence,insufficient_evidence,insufficient_evidence,weak_consensus,3,2,"{""context_only"": 1, ""insufficient_evidence"": 2}",A;B;C,False
relation_contract,RC-C-0233,RC-C-0233,insufficient_evidence,insufficient_evidence,insufficient_evidence,weak_consensus,3,2,"{""context_only"": 1, ""insufficient_evidence"": 2}",A;B;C,False
relation_contract,RC-C-0234,RC-C-0234,invalid,invalid,invalid,weak_consensus,3,2,"{""insufficient_evidence"": 1, ""invalid"": 2}",A;B;C,False
relation_contract,RC-C-0235,RC-C-0235,insufficient_evidence,insufficient_evidence,insufficient_evidence,weak_consensus,3,2,"{""context_only"": 1, ""insufficient_evidence"": 2}",A;B;C,False
relation_contract,RC-C-0236,RC-C-0236,context_only,context_only,context_only,weak_consensus,3,2,"{""context_only"": 2, ""insufficient_evidence"": 1}",A;B;C,False
relation_contract,RC-C-0237,RC-C-0237,insufficient_evidence,insufficient_evidence,insufficient_evidence,weak_consensus,3,2,"{""context_only"": 1, ""insufficient_evidence"": 2}",A;B;C,False
relation_contract,RC-C-0238,RC-C-0238,insufficient_evidence,insufficient_evidence,insufficient_evidence,weak_consensus,3,2,"{""context_only"": 1, ""insufficient_evidence"": 2}",A;B;C,False
relation_contract,RC-C-0239,RC-C-0239,context_only,context_only,context_only,weak_consensus,3,2,"{""context_only"": 2, ""insufficient_evidence"": 1}",A;B;C,False
relation_contract,RC-C-0240,RC-C-0240,insufficient_evidence,insufficient_evidence,insufficient_evidence,strong_consensus,3,3,"{""insufficient_evidence"": 3}",A;B;C,False
relation_contract,RC-C-0241,RC-C-0241,insufficient_evidence,insufficient_evidence,insufficient_evidence,weak_consensus,3,2,"{""context_only"": 1, ""insufficient_evidence"": 2}",A;B;C,False
relation_contract,RC-C-0242,RC-C-0242,insufficient_evidence,insufficient_evidence,insufficient_evidence,weak_consensus,3,2,"{""context_only"": 1, ""insufficient_evidence"": 2}",A;B;C,False
relation_contract,RC-C-0244,RC-C-0244,insufficient_evidence,insufficient_evidence,insufficient_evidence,weak_consensus,3,2,"{""context_only"": 1, ""insufficient_evidence"": 2}",A;B;C,False
relation_contract,RC-C-0245,RC-C-0245,insufficient_evidence,insufficient_evidence,insufficient_evidence,weak_consensus,3,2,"{""context_only"": 1, ""insufficient_evidence"": 2}",A;B;C,False
relation_contract,RC-C-0246,RC-C-0246,insufficient_evidence,insufficient_evidence,insufficient_evidence,weak_consensus,3,2,"{""context_only"": 1, ""insufficient_evidence"": 2}",A;B;C,False
relation_contract,RC-C-0247,RC-C-0247,insufficient_evidence,insufficient_evidence,insufficient_evidence,weak_consensus,3,2,"{""context_only"": 1, ""insufficient_evidence"": 2}",A;B;C,False
relation_contract,RC-C-0248,RC-C-0248,insufficient_evidence,insufficient_evidence,insufficient_evidence,strong_consensus,3,3,"{""insufficient_evidence"": 3}",A;B;C,False
relation_contract,RC-C-0249,RC-C-0249,insufficient_evidence,insufficient_evidence,insufficient_evidence,weak_consensus,3,2,"{""context_only"": 1, ""insufficient_evidence"": 2}",A;B;C,False
relation_contract,RC-C-0250,RC-C-0250,insufficient_evidence,insufficient_evidence,insufficient_evidence,weak_consensus,3,2,"{""context_only"": 1, ""insufficient_evidence"": 2}",A;B;C,False
relation_contract,RC-C-0251,RC-C-0251,context_only,context_only,context_only,weak_consensus,3,2,"{""context_only"": 2, ""insufficient_evidence"": 1}",A;B;C,False
relation_contract,RC-C-0252,RC-C-0252,insufficient_evidence,insufficient_evidence,insufficient_evidence,weak_consensus,3,2,"{""context_only"": 1, ""insufficient_evidence"": 2}",A;B;C,False
relation_contract,RC-C-0253,RC-C-0253,insufficient_evidence,insufficient_evidence,insufficient_evidence,weak_consensus,3,2,"{""context_only"": 1, ""insufficient_evidence"": 2}",A;B;C,False
relation_contract,RC-C-0254,RC-C-0254,insufficient_evidence,insufficient_evidence,insufficient_evidence,weak_consensus,3,2,"{""context_only"": 1, ""insufficient_evidence"": 2}",A;B;C,False
relation_contract,RC-C-0255,RC-C-0255,context_only,context_only,context_only,weak_consensus,3,2,"{""context_only"": 2, ""insufficient_evidence"": 1}",A;B;C,False
relation_contract,RC-C-0256,RC-C-0256,insufficient_evidence,insufficient_evidence,insufficient_evidence,weak_consensus,3,2,"{""context_only"": 1, ""insufficient_evidence"": 2}",A;B;C,False
relation_contract,RC-C-0257,RC-C-0257,insufficient_evidence,insufficient_evidence,insufficient_evidence,weak_consensus,3,2,"{""context_only"": 1, ""insufficient_evidence"": 2}",A;B;C,False
relation_contract,RC-C-0258,RC-C-0258,insufficient_evidence,insufficient_evidence,insufficient_evidence,strong_consensus,3,3,"{""insufficient_evidence"": 3}",A;B;C,False
relation_contract,RC-C-0259,RC-C-0259,context_only,context_only,context_only,weak_consensus,3,2,"{""context_only"": 2, ""invalid"": 1}",A;B;C,False
relation_contract,RC-C-0260,RC-C-0260,context_only,context_only,context_only,weak_consensus,3,2,"{""context_only"": 2, ""insufficient_evidence"": 1}",A;B;C,False
relation_contract,RC-C-0261,RC-C-0261,insufficient_evidence,insufficient_evidence,insufficient_evidence,weak_consensus,3,2,"{""context_only"": 1, ""insufficient_evidence"": 2}",A;B;C,False
relation_contract,RC-C-0263,RC-C-0263,insufficient_evidence,insufficient_evidence,insufficient_evidence,weak_consensus,3,2,"{""context_only"": 1, ""insufficient_evidence"": 2}",A;B;C,False
relation_contract,RC-C-0264,RC-C-0264,insufficient_evidence,insufficient_evidence,insufficient_evidence,weak_consensus,3,2,"{""context_only"": 1, ""insufficient_evidence"": 2}",A;B;C,False
relation_contract,RC-C-0265,RC-C-0265,insufficient_evidence,insufficient_evidence,insufficient_evidence,weak_consensus,3,2,"{""context_only"": 1, ""insufficient_evidence"": 2}",A;B;C,False
relation_contract,RC-C-0266,RC-C-0266,context_only,context_only,context_only,weak_consensus,3,2,"{""context_only"": 2, ""insufficient_evidence"": 1}",A;B;C,False
relation_contract,RC-C-0267,RC-C-0267,context_only,context_only,context_only,weak_consensus,3,2,"{""context_only"": 2, ""insufficient_evidence"": 1}",A;B;C,False
relation_contract,RC-C-0268,RC-C-0268,context_only,context_only,context_only,weak_consensus,3,2,"{""context_only"": 2, ""insufficient_evidence"": 1}",A;B;C,False
relation_contract,RC-C-0269,RC-C-0269,context_only,context_only,context_only,weak_consensus,3,2,"{""context_only"": 2, ""insufficient_evidence"": 1}",A;B;C,False
relation_contract,RC-C-0270,RC-C-0270,context_only,context_only,context_only,weak_consensus,3,2,"{""context_only"": 2, ""insufficient_evidence"": 1}",A;B;C,False
relation_contract,RC-C-0271,RC-C-0271,insufficient_evidence,insufficient_evidence,insufficient_evidence,weak_consensus,3,2,"{""context_only"": 1, ""insufficient_evidence"": 2}",A;B;C,False
relation_contract,RC-C-0272,RC-C-0272,insufficient_evidence,insufficient_evidence,insufficient_evidence,weak_consensus,3,2,"{""context_only"": 1, ""insufficient_evidence"": 2}",A;B;C,False
relation_contract,RC-C-0273,RC-C-0273,insufficient_evidence,insufficient_evidence,insufficient_evidence,strong_consensus,3,3,"{""insufficient_evidence"": 3}",A;B;C,False
relation_contract,RC-C-0274,RC-C-0274,insufficient_evidence,insufficient_evidence,insufficient_evidence,weak_consensus,3,2,"{""context_only"": 1, ""insufficient_evidence"": 2}",A;B;C,False
relation_contract,RC-C-0275,RC-C-0275,insufficient_evidence,insufficient_evidence,insufficient_evidence,weak_consensus,3,2,"{""context_only"": 1, ""insufficient_evidence"": 2}",A;B;C,False
relation_contract,RC-C-0276,RC-C-0276,context_only,context_only,context_only,weak_consensus,3,2,"{""context_only"": 2, ""insufficient_evidence"": 1}",A;B;C,False
relation_contract,RC-C-0277,RC-C-0277,insufficient_evidence,insufficient_evidence,insufficient_evidence,weak_consensus,3,2,"{""context_only"": 1, ""insufficient_evidence"": 2}",A;B;C,False
relation_contract,RC-C-0278,RC-C-0278,context_only,context_only,context_only,weak_consensus,3,2,"{""context_only"": 2, ""insufficient_evidence"": 1}",A;B;C,False
relation_contract,RC-C-0279,RC-C-0279,context_only,context_only,context_only,weak_consensus,3,2,"{""context_only"": 2, ""insufficient_evidence"": 1}",A;B;C,False
relation_contract,RC-C-0280,RC-C-0280,context_only,context_only,context_only,weak_consensus,3,2,"{""context_only"": 2, ""insufficient_evidence"": 1}",A;B;C,False
relation_contract,RC-C-0281,RC-C-0281,insufficient_evidence,insufficient_evidence,insufficient_evidence,weak_consensus,3,2,"{""context_only"": 1, ""insufficient_evidence"": 2}",A;B;C,False
relation_contract,RC-C-0283,RC-C-0283,insufficient_evidence,insufficient_evidence,insufficient_evidence,weak_consensus,3,2,"{""context_only"": 1, ""insufficient_evidence"": 2}",A;B;C,False
relation_contract,RC-C-0284,RC-C-0284,insufficient_evidence,insufficient_evidence,insufficient_evidence,weak_consensus,3,2,"{""context_only"": 1, ""insufficient_evidence"": 2}",A;B;C,False
relation_contract,RC-C-0285,RC-C-0285,context_only,context_only,context_only,weak_consensus,3,2,"{""context_only"": 2, ""insufficient_evidence"": 1}",A;B;C,False
relation_contract,RC-C-0286,RC-C-0286,context_only,context_only,context_only,weak_consensus,3,2,"{""context_only"": 2, ""insufficient_evidence"": 1}",A;B;C,False
relation_contract,RC-C-0288,RC-C-0288,insufficient_evidence,insufficient_evidence,insufficient_evidence,weak_consensus,3,2,"{""context_only"": 1, ""insufficient_evidence"": 2}",A;B;C,False
relation_contract,RC-C-0289,RC-C-0289,valid,valid,valid,weak_consensus,3,2,"{""context_only"": 1, ""valid"": 2}",A;B;C,False
relation_contract,RC-C-0290,RC-C-0290,insufficient_evidence,insufficient_evidence,insufficient_evidence,weak_consensus,3,2,"{""context_only"": 1, ""insufficient_evidence"": 2}",A;B;C,False
relation_contract,RC-C-0291,RC-C-0291,insufficient_evidence,insufficient_evidence,insufficient_evidence,weak_consensus,3,2,"{""context_only"": 1, ""insufficient_evidence"": 2}",A;B;C,False
relation_contract,RC-C-0292,RC-C-0292,context_only,context_only,context_only,weak_consensus,3,2,"{""context_only"": 2, ""insufficient_evidence"": 1}",A;B;C,False
relation_contract,RC-C-0293,RC-C-0293,insufficient_evidence,insufficient_evidence,insufficient_evidence,weak_consensus,3,2,"{""context_only"": 1, ""insufficient_evidence"": 2}",A;B;C,False
relation_contract,RC-C-0294,RC-C-0294,context_only,context_only,context_only,weak_consensus,3,2,"{""context_only"": 2, ""insufficient_evidence"": 1}",A;B;C,False
relation_contract,RC-C-0295,RC-C-0295,insufficient_evidence,insufficient_evidence,insufficient_evidence,weak_consensus,3,2,"{""context_only"": 1, ""insufficient_evidence"": 2}",A;B;C,False
relation_contract,RC-C-0296,RC-C-0296,insufficient_evidence,insufficient_evidence,insufficient_evidence,strong_consensus,3,3,"{""insufficient_evidence"": 3}",A;B;C,False
relation_contract,RC-C-0297,RC-C-0297,insufficient_evidence,insufficient_evidence,insufficient_evidence,weak_consensus,3,2,"{""context_only"": 1, ""insufficient_evidence"": 2}",A;B;C,False
relation_contract,RC-C-0298,RC-C-0298,context_only,context_only,context_only,weak_consensus,3,2,"{""context_only"": 2, ""insufficient_evidence"": 1}",A;B;C,False
relation_contract,RC-C-0299,RC-C-0299,context_only,context_only,context_only,weak_consensus,3,2,"{""context_only"": 2, ""insufficient_evidence"": 1}",A;B;C,False
relation_contract,RC-C-0300,RC-C-0300,context_only,context_only,context_only,weak_consensus,3,2,"{""context_only"": 2, ""insufficient_evidence"": 1}",A;B;C,False
relation_contract,RC-C-0302,RC-C-0302,insufficient_evidence,insufficient_evidence,insufficient_evidence,weak_consensus,3,2,"{""context_only"": 1, ""insufficient_evidence"": 2}",A;B;C,False
relation_contract,RC-C-0303,RC-C-0303,context_only,context_only,context_only,weak_consensus,3,2,"{""context_only"": 2, ""insufficient_evidence"": 1}",A;B;C,False
relation_contract,RC-C-0304,RC-C-0304,context_only,context_only,context_only,weak_consensus,3,2,"{""context_only"": 2, ""insufficient_evidence"": 1}",A;B;C,False
relation_contract,RC-C-0305,RC-C-0305,context_only,context_only,context_only,weak_consensus,3,2,"{""context_only"": 2, ""insufficient_evidence"": 1}",A;B;C,False
relation_contract,RC-C-0306,RC-C-0306,insufficient_evidence,insufficient_evidence,insufficient_evidence,strong_consensus,3,3,"{""insufficient_evidence"": 3}",A;B;C,False
relation_contract,RC-C-0307,RC-C-0307,insufficient_evidence,insufficient_evidence,insufficient_evidence,weak_consensus,3,2,"{""context_only"": 1, ""insufficient_evidence"": 2}",A;B;C,False
relation_contract,RC-C-0308,RC-C-0308,insufficient_evidence,insufficient_evidence,insufficient_evidence,weak_consensus,3,2,"{""context_only"": 1, ""insufficient_evidence"": 2}",A;B;C,False
relation_contract,RC-C-0309,RC-C-0309,insufficient_evidence,insufficient_evidence,insufficient_evidence,strong_consensus,3,3,"{""insufficient_evidence"": 3}",A;B;C,False
relation_contract,RC-C-0310,RC-C-0310,insufficient_evidence,insufficient_evidence,insufficient_evidence,weak_consensus,3,2,"{""context_only"": 1, ""insufficient_evidence"": 2}",A;B;C,False
relation_contract,RC-C-0311,RC-C-0311,insufficient_evidence,insufficient_evidence,insufficient_evidence,weak_consensus,3,2,"{""context_only"": 1, ""insufficient_evidence"": 2}",A;B;C,False
relation_contract,RC-C-0312,RC-C-0312,insufficient_evidence,insufficient_evidence,insufficient_evidence,strong_consensus,3,3,"{""insufficient_evidence"": 3}",A;B;C,False
relation_contract,RC-C-0313,RC-C-0313,context_only,context_only,context_only,weak_consensus,3,2,"{""context_only"": 2, ""insufficient_evidence"": 1}",A;B;C,False
relation_contract,RC-C-0315,RC-C-0315,context_only,context_only,context_only,weak_consensus,3,2,"{""context_only"": 2, ""insufficient_evidence"": 1}",A;B;C,False
relation_contract,RC-C-0316,RC-C-0316,context_only,context_only,context_only,weak_consensus,3,2,"{""context_only"": 2, ""insufficient_evidence"": 1}",A;B;C,False
relation_contract,RC-C-0317,RC-C-0317,insufficient_evidence,insufficient_evidence,insufficient_evidence,weak_consensus,3,2,"{""context_only"": 1, ""insufficient_evidence"": 2}",A;B;C,False
relation_contract,RC-C-0318,RC-C-0318,insufficient_evidence,insufficient_evidence,insufficient_evidence,strong_consensus,3,3,"{""insufficient_evidence"": 3}",A;B;C,False
relation_contract,RC-C-0319,RC-C-0319,insufficient_evidence,insufficient_evidence,insufficient_evidence,weak_consensus,3,2,"{""context_only"": 1, ""insufficient_evidence"": 2}",A;B;C,False
relation_contract,RC-C-0320,RC-C-0320,insufficient_evidence,insufficient_evidence,insufficient_evidence,strong_consensus,3,3,"{""insufficient_evidence"": 3}",A;B;C,False
relation_contract,RC-S-0002,RC-S-0002,context_only,context_only,context_only,weak_consensus,3,2,"{""context_only"": 2, ""insufficient_evidence"": 1}",A;B;C,False
relation_contract,RC-S-0003,RC-S-0003,context_only,context_only,context_only,weak_consensus,3,2,"{""context_only"": 2, ""insufficient_evidence"": 1}",A;B;C,False
relation_contract,RC-S-0004,RC-S-0004,context_only,context_only,context_only,weak_consensus,3,2,"{""context_only"": 2, ""insufficient_evidence"": 1}",A;B;C,False
relation_contract,RC-S-0005,RC-S-0005,insufficient_evidence,insufficient_evidence,insufficient_evidence,weak_consensus,3,2,"{""context_only"": 1, ""insufficient_evidence"": 2}",A;B;C,False
relation_contract,RC-S-0006,RC-S-0006,context_only,context_only,context_only,weak_consensus,3,2,"{""context_only"": 2, ""insufficient_evidence"": 1}",A;B;C,False
relation_contract,RC-S-0007,RC-S-0007,insufficient_evidence,insufficient_evidence,insufficient_evidence,weak_consensus,3,2,"{""context_only"": 1, ""insufficient_evidence"": 2}",A;B;C,False
relation_contract,RC-S-0008,RC-S-0008,context_only,context_only,context_only,weak_consensus,3,2,"{""context_only"": 2, ""insufficient_evidence"": 1}",A;B;C,False
relation_contract,RC-S-0009,RC-S-0009,insufficient_evidence,insufficient_evidence,insufficient_evidence,weak_consensus,3,2,"{""context_only"": 1, ""insufficient_evidence"": 2}",A;B;C,False
relation_contract,RC-S-0010,RC-S-0010,insufficient_evidence,insufficient_evidence,insufficient_evidence,weak_consensus,3,2,"{""context_only"": 1, ""insufficient_evidence"": 2}",A;B;C,False
relation_contract,RC-S-0011,RC-S-0011,insufficient_evidence,insufficient_evidence,insufficient_evidence,weak_consensus,3,2,"{""context_only"": 1, ""insufficient_evidence"": 2}",A;B;C,False
relation_contract,RC-S-0012,RC-S-0012,context_only,context_only,context_only,weak_consensus,3,2,"{""context_only"": 2, ""insufficient_evidence"": 1}",A;B;C,False
relation_contract,RC-S-0013,RC-S-0013,insufficient_evidence,insufficient_evidence,insufficient_evidence,weak_consensus,3,2,"{""context_only"": 1, ""insufficient_evidence"": 2}",A;B;C,False
relation_contract,RC-S-0014,RC-S-0014,insufficient_evidence,insufficient_evidence,insufficient_evidence,weak_consensus,3,2,"{""context_only"": 1, ""insufficient_evidence"": 2}",A;B;C,False
relation_contract,RC-S-0015,RC-S-0015,insufficient_evidence,insufficient_evidence,insufficient_evidence,weak_consensus,3,2,"{""context_only"": 1, ""insufficient_evidence"": 2}",A;B;C,False
relation_contract,RC-S-0016,RC-S-0016,context_only,context_only,context_only,weak_consensus,3,2,"{""context_only"": 2, ""insufficient_evidence"": 1}",A;B;C,False
relation_contract,RC-S-0017,RC-S-0017,insufficient_evidence,insufficient_evidence,insufficient_evidence,weak_consensus,3,2,"{""context_only"": 1, ""insufficient_evidence"": 2}",A;B;C,False
relation_contract,RC-S-0019,RC-S-0019,insufficient_evidence,insufficient_evidence,insufficient_evidence,weak_consensus,3,2,"{""context_only"": 1, ""insufficient_evidence"": 2}",A;B;C,False
relation_contract,RC-S-0021,RC-S-0021,context_only,context_only,context_only,weak_consensus,3,2,"{""context_only"": 2, ""insufficient_evidence"": 1}",A;B;C,False
relation_contract,RC-S-0022,RC-S-0022,insufficient_evidence,insufficient_evidence,insufficient_evidence,weak_consensus,3,2,"{""context_only"": 1, ""insufficient_evidence"": 2}",A;B;C,False
relation_contract,RC-S-0023,RC-S-0023,insufficient_evidence,insufficient_evidence,insufficient_evidence,weak_consensus,3,2,"{""context_only"": 1, ""insufficient_evidence"": 2}",A;B;C,False
relation_contract,RC-S-0024,RC-S-0024,context_only,context_only,context_only,weak_consensus,3,2,"{""context_only"": 2, ""insufficient_evidence"": 1}",A;B;C,False
relation_contract,RC-S-0027,RC-S-0027,insufficient_evidence,insufficient_evidence,insufficient_evidence,weak_consensus,3,2,"{""context_only"": 1, ""insufficient_evidence"": 2}",A;B;C,False
relation_contract,RC-S-0028,RC-S-0028,context_only,context_only,context_only,weak_consensus,3,2,"{""context_only"": 2, ""insufficient_evidence"": 1}",A;B;C,False
relation_contract,RC-S-0029,RC-S-0029,context_only,context_only,context_only,weak_consensus,3,2,"{""context_only"": 2, ""insufficient_evidence"": 1}",A;B;C,False
relation_contract,RC-S-0030,RC-S-0030,insufficient_evidence,insufficient_evidence,insufficient_evidence,weak_consensus,3,2,"{""insufficient_evidence"": 2, ""invalid"": 1}",A;B;C,False
relation_contract,RC-S-0031,RC-S-0031,insufficient_evidence,insufficient_evidence,insufficient_evidence,weak_consensus,3,2,"{""insufficient_evidence"": 2, ""invalid"": 1}",A;B;C,False
relation_contract,RC-S-0032,RC-S-0032,invalid,invalid,invalid,weak_consensus,3,2,"{""context_only"": 1, ""invalid"": 2}",A;B;C,False
relation_contract,RC-S-0033,RC-S-0033,insufficient_evidence,insufficient_evidence,insufficient_evidence,weak_consensus,3,2,"{""insufficient_evidence"": 2, ""invalid"": 1}",A;B;C,False
relation_contract,RC-S-0034,RC-S-0034,invalid,invalid,invalid,strong_consensus,3,3,"{""invalid"": 3}",A;B;C,False
relation_contract,RC-S-0035,RC-S-0035,invalid,invalid,invalid,weak_consensus,3,2,"{""context_only"": 1, ""invalid"": 2}",A;B;C,False
relation_contract,RC-S-0036,RC-S-0036,insufficient_evidence,insufficient_evidence,insufficient_evidence,weak_consensus,3,2,"{""context_only"": 1, ""insufficient_evidence"": 2}",A;B;C,False
relation_contract,RC-S-0037,RC-S-0037,invalid,invalid,invalid,strong_consensus,3,3,"{""invalid"": 3}",A;B;C,False
relation_contract,RC-S-0038,RC-S-0038,invalid,invalid,invalid,weak_consensus,3,2,"{""insufficient_evidence"": 1, ""invalid"": 2}",A;B;C,False
relation_contract,RC-S-0039,RC-S-0039,invalid,invalid,invalid,weak_consensus,3,2,"{""context_only"": 1, ""invalid"": 2}",A;B;C,False
relation_contract,RC-S-0041,RC-S-0041,invalid,invalid,invalid,weak_consensus,3,2,"{""context_only"": 1, ""invalid"": 2}",A;B;C,False
relation_contract,RC-S-0042,RC-S-0042,invalid,invalid,invalid,strong_consensus,3,3,"{""invalid"": 3}",A;B;C,False
relation_contract,RC-S-0043,RC-S-0043,invalid,invalid,invalid,strong_consensus,3,3,"{""invalid"": 3}",A;B;C,False
relation_contract,RC-S-0044,RC-S-0044,context_only,context_only,context_only,weak_consensus,3,2,"{""context_only"": 2, ""insufficient_evidence"": 1}",A;B;C,False
relation_contract,RC-S-0045,RC-S-0045,context_only,context_only,context_only,weak_consensus,3,2,"{""context_only"": 2, ""insufficient_evidence"": 1}",A;B;C,False
relation_contract,RC-S-0046,RC-S-0046,context_only,context_only,context_only,weak_consensus,3,2,"{""context_only"": 2, ""insufficient_evidence"": 1}",A;B;C,False
relation_contract,RC-S-0047,RC-S-0047,invalid,invalid,invalid,weak_consensus,3,2,"{""context_only"": 1, ""invalid"": 2}",A;B;C,False
relation_contract,RC-S-0048,RC-S-0048,context_only,context_only,context_only,weak_consensus,3,2,"{""context_only"": 2, ""insufficient_evidence"": 1}",A;B;C,False
relation_contract,RC-S-0050,RC-S-0050,invalid,invalid,invalid,strong_consensus,3,3,"{""invalid"": 3}",A;B;C,False
relation_contract,RC-S-0051,RC-S-0051,context_only,context_only,context_only,weak_consensus,3,2,"{""context_only"": 2, ""insufficient_evidence"": 1}",A;B;C,False
relation_contract,RC-S-0052,RC-S-0052,context_only,context_only,context_only,weak_consensus,3,2,"{""context_only"": 2, ""insufficient_evidence"": 1}",A;B;C,False
relation_contract,RC-S-0053,RC-S-0053,context_only,context_only,context_only,weak_consensus,3,2,"{""context_only"": 2, ""valid"": 1}",A;B;C,False
relation_contract,RC-S-0055,RC-S-0055,invalid,invalid,invalid,weak_consensus,3,2,"{""context_only"": 1, ""invalid"": 2}",A;B;C,False
relation_contract,RC-S-0056,RC-S-0056,context_only,context_only,context_only,weak_consensus,3,2,"{""context_only"": 2, ""invalid"": 1}",A;B;C,False
relation_contract,RC-S-0057,RC-S-0057,invalid,invalid,invalid,strong_consensus,3,3,"{""invalid"": 3}",A;B;C,False
relation_contract,RC-S-0058,RC-S-0058,invalid,invalid,invalid,strong_consensus,3,3,"{""invalid"": 3}",A;B;C,False
relation_contract,RC-S-0059,RC-S-0059,context_only,context_only,context_only,strong_consensus,3,3,"{""context_only"": 3}",A;B;C,False
relation_contract,RC-S-0060,RC-S-0060,context_only,context_only,context_only,weak_consensus,3,2,"{""context_only"": 2, ""insufficient_evidence"": 1}",A;B;C,False
relation_contract,RC-S-0061,RC-S-0061,insufficient_evidence,insufficient_evidence,insufficient_evidence,weak_consensus,3,2,"{""insufficient_evidence"": 2, ""invalid"": 1}",A;B;C,False
relation_contract,RC-S-0062,RC-S-0062,invalid,invalid,invalid,strong_consensus,3,3,"{""invalid"": 3}",A;B;C,False
relation_contract,RC-S-0063,RC-S-0063,invalid,invalid,invalid,weak_consensus,3,2,"{""context_only"": 1, ""invalid"": 2}",A;B;C,False
relation_contract,RC-S-0064,RC-S-0064,insufficient_evidence,insufficient_evidence,insufficient_evidence,weak_consensus,3,2,"{""context_only"": 1, ""insufficient_evidence"": 2}",A;B;C,False
relation_contract,RC-S-0065,RC-S-0065,context_only,context_only,context_only,weak_consensus,3,2,"{""context_only"": 2, ""invalid"": 1}",A;B;C,False
relation_contract,RC-S-0067,RC-S-0067,context_only,context_only,context_only,weak_consensus,3,2,"{""context_only"": 2, ""invalid"": 1}",A;B;C,False
relation_contract,RC-S-0068,RC-S-0068,insufficient_evidence,insufficient_evidence,insufficient_evidence,weak_consensus,3,2,"{""insufficient_evidence"": 2, ""invalid"": 1}",A;B;C,False
relation_contract,RC-S-0069,RC-S-0069,context_only,context_only,context_only,weak_consensus,3,2,"{""context_only"": 2, ""insufficient_evidence"": 1}",A;B;C,False
relation_contract,RC-S-0070,RC-S-0070,insufficient_evidence,insufficient_evidence,insufficient_evidence,weak_consensus,3,2,"{""context_only"": 1, ""insufficient_evidence"": 2}",A;B;C,False
relation_contract,RC-S-0072,RC-S-0072,insufficient_evidence,insufficient_evidence,insufficient_evidence,weak_consensus,3,2,"{""insufficient_evidence"": 2, ""invalid"": 1}",A;B;C,False
relation_contract,RC-S-0073,RC-S-0073,context_only,context_only,context_only,weak_consensus,3,2,"{""context_only"": 2, ""invalid"": 1}",A;B;C,False
relation_contract,RC-S-0076,RC-S-0076,insufficient_evidence,insufficient_evidence,insufficient_evidence,weak_consensus,3,2,"{""context_only"": 1, ""insufficient_evidence"": 2}",A;B;C,False
relation_contract,RC-S-0078,RC-S-0078,context_only,context_only,context_only,weak_consensus,3,2,"{""context_only"": 2, ""insufficient_evidence"": 1}",A;B;C,False
relation_contract,RC-S-0079,RC-S-0079,invalid,invalid,invalid,strong_consensus,3,3,"{""invalid"": 3}",A;B;C,False
relation_contract,RC-S-0080,RC-S-0080,invalid,invalid,invalid,weak_consensus,3,2,"{""insufficient_evidence"": 1, ""invalid"": 2}",A;B;C,False
relation_contract,RC-S-0081,RC-S-0081,context_only,context_only,context_only,weak_consensus,3,2,"{""context_only"": 2, ""insufficient_evidence"": 1}",A;B;C,False
relation_contract,RC-S-0082,RC-S-0082,invalid,invalid,invalid,weak_consensus,3,2,"{""context_only"": 1, ""invalid"": 2}",A;B;C,False
relation_contract,RC-S-0083,RC-S-0083,invalid,invalid,invalid,weak_consensus,3,2,"{""insufficient_evidence"": 1, ""invalid"": 2}",A;B;C,False
relation_contract,RC-S-0084,RC-S-0084,context_only,context_only,context_only,weak_consensus,3,2,"{""context_only"": 2, ""invalid"": 1}",A;B;C,False
relation_contract,RC-S-0085,RC-S-0085,invalid,invalid,invalid,weak_consensus,3,2,"{""context_only"": 1, ""invalid"": 2}",A;B;C,False
relation_contract,RC-S-0086,RC-S-0086,context_only,context_only,context_only,weak_consensus,3,2,"{""context_only"": 2, ""invalid"": 1}",A;B;C,False
relation_contract,RC-S-0087,RC-S-0087,invalid,invalid,invalid,weak_consensus,3,2,"{""context_only"": 1, ""invalid"": 2}",A;B;C,False
relation_contract,RC-S-0088,RC-S-0088,insufficient_evidence,insufficient_evidence,insufficient_evidence,weak_consensus,3,2,"{""context_only"": 1, ""insufficient_evidence"": 2}",A;B;C,False
relation_contract,RC-S-0089,RC-S-0089,invalid,invalid,invalid,weak_consensus,3,2,"{""insufficient_evidence"": 1, ""invalid"": 2}",A;B;C,False
relation_contract,RC-S-0090,RC-S-0090,invalid,invalid,invalid,weak_consensus,3,2,"{""insufficient_evidence"": 1, ""invalid"": 2}",A;B;C,False
relation_contract,RC-S-0091,RC-S-0091,insufficient_evidence,insufficient_evidence,insufficient_evidence,weak_consensus,3,2,"{""insufficient_evidence"": 2, ""invalid"": 1}",A;B;C,False
relation_contract,RC-S-0092,RC-S-0092,context_only,context_only,context_only,weak_consensus,3,2,"{""context_only"": 2, ""invalid"": 1}",A;B;C,False
relation_contract,RC-S-0093,RC-S-0093,invalid,invalid,invalid,weak_consensus,3,2,"{""context_only"": 1, ""invalid"": 2}",A;B;C,False
relation_contract,RC-S-0094,RC-S-0094,invalid,invalid,invalid,weak_consensus,3,2,"{""context_only"": 1, ""invalid"": 2}",A;B;C,False
relation_contract,RC-S-0095,RC-S-0095,invalid,invalid,invalid,strong_consensus,3,3,"{""invalid"": 3}",A;B;C,False
relation_contract,RC-S-0096,RC-S-0096,invalid,invalid,invalid,weak_consensus,3,2,"{""context_only"": 1, ""invalid"": 2}",A;B;C,False
relation_contract,RC-S-0097,RC-S-0097,invalid,invalid,invalid,weak_consensus,3,2,"{""context_only"": 1, ""invalid"": 2}",A;B;C,False
relation_contract,RC-S-0098,RC-S-0098,invalid,invalid,invalid,weak_consensus,3,2,"{""insufficient_evidence"": 1, ""invalid"": 2}",A;B;C,False
relation_contract,RC-S-0100,RC-S-0100,invalid,invalid,invalid,weak_consensus,3,2,"{""context_only"": 1, ""invalid"": 2}",A;B;C,False
relation_contract,RC-S-0101,RC-S-0101,invalid,invalid,invalid,weak_consensus,3,2,"{""insufficient_evidence"": 1, ""invalid"": 2}",A;B;C,False
relation_contract,RC-S-0104,RC-S-0104,invalid,invalid,invalid,weak_consensus,3,2,"{""context_only"": 1, ""invalid"": 2}",A;B;C,False
relation_contract,RC-S-0105,RC-S-0105,invalid,invalid,invalid,weak_consensus,3,2,"{""context_only"": 1, ""invalid"": 2}",A;B;C,False
relation_contract,RC-S-0106,RC-S-0106,context_only,context_only,context_only,weak_consensus,3,2,"{""context_only"": 2, ""invalid"": 1}",A;B;C,False
relation_contract,RC-S-0107,RC-S-0107,invalid,invalid,invalid,weak_consensus,3,2,"{""context_only"": 1, ""invalid"": 2}",A;B;C,False
relation_contract,RC-S-0108,RC-S-0108,invalid,invalid,invalid,weak_consensus,3,2,"{""insufficient_evidence"": 1, ""invalid"": 2}",A;B;C,False
relation_contract,RC-S-0109,RC-S-0109,invalid,invalid,invalid,weak_consensus,3,2,"{""context_only"": 1, ""invalid"": 2}",A;B;C,False
relation_contract,RC-S-0110,RC-S-0110,context_only,context_only,context_only,weak_consensus,3,2,"{""context_only"": 2, ""invalid"": 1}",A;B;C,False
relation_contract,RC-S-0111,RC-S-0111,invalid,invalid,invalid,weak_consensus,3,2,"{""context_only"": 1, ""invalid"": 2}",A;B;C,False
relation_contract,RC-S-0113,RC-S-0113,context_only,context_only,context_only,weak_consensus,3,2,"{""context_only"": 2, ""invalid"": 1}",A;B;C,False
relation_contract,RC-S-0114,RC-S-0114,invalid,invalid,invalid,weak_consensus,3,2,"{""context_only"": 1, ""invalid"": 2}",A;B;C,False
relation_contract,RC-S-0115,RC-S-0115,invalid,invalid,invalid,weak_consensus,3,2,"{""context_only"": 1, ""invalid"": 2}",A;B;C,False
relation_contract,RC-S-0116,RC-S-0116,invalid,invalid,invalid,weak_consensus,3,2,"{""context_only"": 1, ""invalid"": 2}",A;B;C,False
relation_contract,RC-S-0117,RC-S-0117,invalid,invalid,invalid,weak_consensus,3,2,"{""insufficient_evidence"": 1, ""invalid"": 2}",A;B;C,False
relation_contract,RC-S-0118,RC-S-0118,invalid,invalid,invalid,weak_consensus,3,2,"{""context_only"": 1, ""invalid"": 2}",A;B;C,False
relation_contract,RC-S-0119,RC-S-0119,invalid,invalid,invalid,weak_consensus,3,2,"{""context_only"": 1, ""invalid"": 2}",A;B;C,False
relation_contract,RC-S-0120,RC-S-0120,context_only,context_only,context_only,weak_consensus,3,2,"{""context_only"": 2, ""invalid"": 1}",A;B;C,False
relation_contract,RC-S-0121,RC-S-0121,invalid,invalid,invalid,strong_consensus,3,3,"{""invalid"": 3}",A;B;C,False
relation_contract,RC-S-0122,RC-S-0122,insufficient_evidence,insufficient_evidence,insufficient_evidence,weak_consensus,3,2,"{""context_only"": 1, ""insufficient_evidence"": 2}",A;B;C,False
relation_contract,RC-S-0123,RC-S-0123,invalid,invalid,invalid,weak_consensus,3,2,"{""context_only"": 1, ""invalid"": 2}",A;B;C,False
relation_contract,RC-S-0124,RC-S-0124,invalid,invalid,invalid,weak_consensus,3,2,"{""context_only"": 1, ""invalid"": 2}",A;B;C,False
relation_contract,RC-S-0125,RC-S-0125,invalid,invalid,invalid,strong_consensus,3,3,"{""invalid"": 3}",A;B;C,False
relation_contract,RC-S-0126,RC-S-0126,context_only,context_only,context_only,weak_consensus,3,2,"{""context_only"": 2, ""invalid"": 1}",A;B;C,False
relation_contract,RC-S-0127,RC-S-0127,invalid,invalid,invalid,weak_consensus,3,2,"{""context_only"": 1, ""invalid"": 2}",A;B;C,False
relation_contract,RC-S-0129,RC-S-0129,context_only,context_only,context_only,weak_consensus,3,2,"{""context_only"": 2, ""invalid"": 1}",A;B;C,False
relation_contract,RC-S-0131,RC-S-0131,invalid,invalid,invalid,weak_consensus,3,2,"{""context_only"": 1, ""invalid"": 2}",A;B;C,False
relation_contract,RC-S-0133,RC-S-0133,insufficient_evidence,insufficient_evidence,insufficient_evidence,weak_consensus,3,2,"{""insufficient_evidence"": 2, ""invalid"": 1}",A;B;C,False
relation_contract,RC-S-0135,RC-S-0135,insufficient_evidence,insufficient_evidence,insufficient_evidence,weak_consensus,3,2,"{""context_only"": 1, ""insufficient_evidence"": 2}",A;B;C,False
relation_contract,RC-S-0136,RC-S-0136,context_only,context_only,context_only,weak_consensus,3,2,"{""context_only"": 2, ""invalid"": 1}",A;B;C,False
relation_contract,RC-S-0138,RC-S-0138,invalid,invalid,invalid,strong_consensus,3,3,"{""invalid"": 3}",A;B;C,False
relation_contract,RC-S-0141,RC-S-0141,invalid,invalid,invalid,weak_consensus,3,2,"{""context_only"": 1, ""invalid"": 2}",A;B;C,False
relation_contract,RC-S-0143,RC-S-0143,invalid,invalid,invalid,weak_consensus,3,2,"{""insufficient_evidence"": 1, ""invalid"": 2}",A;B;C,False
relation_contract,RC-S-0144,RC-S-0144,context_only,context_only,context_only,weak_consensus,3,2,"{""context_only"": 2, ""insufficient_evidence"": 1}",A;B;C,False
relation_contract,RC-S-0145,RC-S-0145,context_only,context_only,context_only,weak_consensus,3,2,"{""context_only"": 2, ""insufficient_evidence"": 1}",A;B;C,False
relation_contract,RC-S-0148,RC-S-0148,insufficient_evidence,insufficient_evidence,insufficient_evidence,weak_consensus,3,2,"{""context_only"": 1, ""insufficient_evidence"": 2}",A;B;C,False
relation_contract,RC-S-0149,RC-S-0149,context_only,context_only,context_only,weak_consensus,3,2,"{""context_only"": 2, ""insufficient_evidence"": 1}",A;B;C,False
relation_contract,RC-S-0150,RC-S-0150,context_only,context_only,context_only,weak_consensus,3,2,"{""context_only"": 2, ""insufficient_evidence"": 1}",A;B;C,False
relation_contract,RC-S-0151,RC-S-0151,invalid,invalid,invalid,strong_consensus,3,3,"{""invalid"": 3}",A;B;C,False
relation_contract,RC-S-0152,RC-S-0152,invalid,invalid,invalid,strong_consensus,3,3,"{""invalid"": 3}",A;B;C,False
relation_contract,RC-S-0153,RC-S-0153,context_only,context_only,context_only,weak_consensus,3,2,"{""context_only"": 2, ""invalid"": 1}",A;B;C,False
relation_contract,RC-S-0154,RC-S-0154,invalid,invalid,invalid,weak_consensus,3,2,"{""context_only"": 1, ""invalid"": 2}",A;B;C,False
relation_contract,RC-S-0155,RC-S-0155,context_only,context_only,context_only,weak_consensus,3,2,"{""context_only"": 2, ""invalid"": 1}",A;B;C,False
relation_contract,RC-S-0156,RC-S-0156,invalid,invalid,invalid,weak_consensus,3,2,"{""context_only"": 1, ""invalid"": 2}",A;B;C,False
relation_contract,RC-S-0158,RC-S-0158,invalid,invalid,invalid,weak_consensus,3,2,"{""context_only"": 1, ""invalid"": 2}",A;B;C,False
relation_contract,RC-S-0159,RC-S-0159,invalid,invalid,invalid,weak_consensus,3,2,"{""context_only"": 1, ""invalid"": 2}",A;B;C,False
relation_contract,RC-S-0160,RC-S-0160,invalid,invalid,invalid,weak_consensus,3,2,"{""context_only"": 1, ""invalid"": 2}",A;B;C,False
relation_contract,RC-S-0162,RC-S-0162,invalid,invalid,invalid,weak_consensus,3,2,"{""context_only"": 1, ""invalid"": 2}",A;B;C,False
relation_contract,RC-S-0163,RC-S-0163,context_only,context_only,context_only,weak_consensus,3,2,"{""context_only"": 2, ""insufficient_evidence"": 1}",A;B;C,False
relation_contract,RC-S-0164,RC-S-0164,invalid,invalid,invalid,weak_consensus,3,2,"{""context_only"": 1, ""invalid"": 2}",A;B;C,False
relation_contract,RC-S-0165,RC-S-0165,invalid,invalid,invalid,weak_consensus,3,2,"{""context_only"": 1, ""invalid"": 2}",A;B;C,False
relation_contract,RC-S-0166,RC-S-0166,invalid,invalid,invalid,weak_consensus,3,2,"{""insufficient_evidence"": 1, ""invalid"": 2}",A;B;C,False
relation_contract,RC-S-0167,RC-S-0167,invalid,invalid,invalid,strong_consensus,3,3,"{""invalid"": 3}",A;B;C,False
relation_contract,RC-S-0168,RC-S-0168,invalid,invalid,invalid,weak_consensus,3,2,"{""context_only"": 1, ""invalid"": 2}",A;B;C,False
relation_contract,RC-S-0169,RC-S-0169,invalid,invalid,invalid,weak_consensus,3,2,"{""context_only"": 1, ""invalid"": 2}",A;B;C,False
relation_contract,RC-S-0172,RC-S-0172,invalid,invalid,invalid,weak_consensus,3,2,"{""insufficient_evidence"": 1, ""invalid"": 2}",A;B;C,False
relation_contract,RC-S-0173,RC-S-0173,invalid,invalid,invalid,weak_consensus,3,2,"{""context_only"": 1, ""invalid"": 2}",A;B;C,False
relation_contract,RC-S-0174,RC-S-0174,invalid,invalid,invalid,weak_consensus,3,2,"{""context_only"": 1, ""invalid"": 2}",A;B;C,False
relation_contract,RC-S-0175,RC-S-0175,invalid,invalid,invalid,weak_consensus,3,2,"{""context_only"": 1, ""invalid"": 2}",A;B;C,False
relation_contract,RC-S-0176,RC-S-0176,context_only,context_only,context_only,weak_consensus,3,2,"{""context_only"": 2, ""invalid"": 1}",A;B;C,False
relation_contract,RC-S-0177,RC-S-0177,context_only,context_only,context_only,weak_consensus,3,2,"{""context_only"": 2, ""invalid"": 1}",A;B;C,False
relation_contract,RC-S-0178,RC-S-0178,invalid,invalid,invalid,weak_consensus,3,2,"{""context_only"": 1, ""invalid"": 2}",A;B;C,False
relation_contract,RC-S-0179,RC-S-0179,insufficient_evidence,insufficient_evidence,insufficient_evidence,weak_consensus,3,2,"{""insufficient_evidence"": 2, ""invalid"": 1}",A;B;C,False
relation_contract,RC-S-0180,RC-S-0180,invalid,invalid,invalid,weak_consensus,3,2,"{""context_only"": 1, ""invalid"": 2}",A;B;C,False
relation_contract,RC-S-0181,RC-S-0181,invalid,invalid,invalid,weak_consensus,3,2,"{""context_only"": 1, ""invalid"": 2}",A;B;C,False
relation_contract,RC-S-0182,RC-S-0182,invalid,invalid,invalid,strong_consensus,3,3,"{""invalid"": 3}",A;B;C,False
relation_contract,RC-S-0183,RC-S-0183,invalid,invalid,invalid,weak_consensus,3,2,"{""context_only"": 1, ""invalid"": 2}",A;B;C,False
relation_contract,RC-S-0184,RC-S-0184,invalid,invalid,invalid,weak_consensus,3,2,"{""context_only"": 1, ""invalid"": 2}",A;B;C,False
relation_contract,RC-S-0185,RC-S-0185,context_only,context_only,context_only,weak_consensus,3,2,"{""context_only"": 2, ""invalid"": 1}",A;B;C,False
relation_contract,RC-S-0186,RC-S-0186,invalid,invalid,invalid,weak_consensus,3,2,"{""context_only"": 1, ""invalid"": 2}",A;B;C,False
relation_contract,RC-S-0187,RC-S-0187,invalid,invalid,invalid,weak_consensus,3,2,"{""context_only"": 1, ""invalid"": 2}",A;B;C,False
relation_contract,RC-S-0188,RC-S-0188,invalid,invalid,invalid,weak_consensus,3,2,"{""context_only"": 1, ""invalid"": 2}",A;B;C,False
relation_contract,RC-S-0189,RC-S-0189,invalid,invalid,invalid,weak_consensus,3,2,"{""context_only"": 1, ""invalid"": 2}",A;B;C,False
relation_contract,RC-S-0192,RC-S-0192,invalid,invalid,invalid,weak_consensus,3,2,"{""context_only"": 1, ""invalid"": 2}",A;B;C,False
relation_contract,RC-S-0193,RC-S-0193,invalid,invalid,invalid,weak_consensus,3,2,"{""context_only"": 1, ""invalid"": 2}",A;B;C,False
relation_contract,RC-S-0194,RC-S-0194,invalid,invalid,invalid,weak_consensus,3,2,"{""context_only"": 1, ""invalid"": 2}",A;B;C,False
relation_contract,RC-S-0195,RC-S-0195,invalid,invalid,invalid,weak_consensus,3,2,"{""context_only"": 1, ""invalid"": 2}",A;B;C,False
relation_contract,RC-S-0196,RC-S-0196,invalid,invalid,invalid,weak_consensus,3,2,"{""context_only"": 1, ""invalid"": 2}",A;B;C,False
relation_contract,RC-S-0197,RC-S-0197,invalid,invalid,invalid,weak_consensus,3,2,"{""context_only"": 1, ""invalid"": 2}",A;B;C,False
relation_contract,RC-S-0198,RC-S-0198,invalid,invalid,invalid,weak_consensus,3,2,"{""context_only"": 1, ""invalid"": 2}",A;B;C,False
relation_contract,RC-S-0199,RC-S-0199,invalid,invalid,invalid,weak_consensus,3,2,"{""context_only"": 1, ""invalid"": 2}",A;B;C,False
relation_contract,RC-S-0200,RC-S-0200,context_only,context_only,context_only,weak_consensus,3,2,"{""context_only"": 2, ""invalid"": 1}",A;B;C,False
relation_contract,RC-S-0201,RC-S-0201,invalid,invalid,invalid,weak_consensus,3,2,"{""invalid"": 2, ""valid"": 1}",A;B;C,False
relation_contract,RC-S-0202,RC-S-0202,invalid,invalid,invalid,weak_consensus,3,2,"{""context_only"": 1, ""invalid"": 2}",A;B;C,False
relation_contract,RC-S-0203,RC-S-0203,invalid,invalid,invalid,strong_consensus,3,3,"{""invalid"": 3}",A;B;C,False
relation_contract,RC-S-0204,RC-S-0204,invalid,invalid,invalid,weak_consensus,3,2,"{""insufficient_evidence"": 1, ""invalid"": 2}",A;B;C,False
relation_contract,RC-S-0205,RC-S-0205,invalid,invalid,invalid,weak_consensus,3,2,"{""context_only"": 1, ""invalid"": 2}",A;B;C,False
relation_contract,RC-S-0206,RC-S-0206,context_only,context_only,context_only,weak_consensus,3,2,"{""context_only"": 2, ""insufficient_evidence"": 1}",A;B;C,False
relation_contract,RC-S-0207,RC-S-0207,invalid,invalid,invalid,weak_consensus,3,2,"{""context_only"": 1, ""invalid"": 2}",A;B;C,False
relation_contract,RC-S-0209,RC-S-0209,invalid,invalid,invalid,weak_consensus,3,2,"{""context_only"": 1, ""invalid"": 2}",A;B;C,False
relation_contract,RC-S-0210,RC-S-0210,insufficient_evidence,insufficient_evidence,insufficient_evidence,weak_consensus,3,2,"{""insufficient_evidence"": 2, ""invalid"": 1}",A;B;C,False
relation_contract,RC-S-0211,RC-S-0211,invalid,invalid,invalid,weak_consensus,3,2,"{""context_only"": 1, ""invalid"": 2}",A;B;C,False
relation_contract,RC-S-0212,RC-S-0212,invalid,invalid,invalid,weak_consensus,3,2,"{""context_only"": 1, ""invalid"": 2}",A;B;C,False
relation_contract,RC-S-0213,RC-S-0213,invalid,invalid,invalid,weak_consensus,3,2,"{""context_only"": 1, ""invalid"": 2}",A;B;C,False
relation_contract,RC-S-0216,RC-S-0216,invalid,invalid,invalid,weak_consensus,3,2,"{""insufficient_evidence"": 1, ""invalid"": 2}",A;B;C,False
relation_contract,RC-S-0217,RC-S-0217,invalid,invalid,invalid,weak_consensus,3,2,"{""insufficient_evidence"": 1, ""invalid"": 2}",A;B;C,False
relation_contract,RC-S-0218,RC-S-0218,invalid,invalid,invalid,weak_consensus,3,2,"{""context_only"": 1, ""invalid"": 2}",A;B;C,False
relation_contract,RC-S-0219,RC-S-0219,invalid,invalid,invalid,weak_consensus,3,2,"{""context_only"": 1, ""invalid"": 2}",A;B;C,False
relation_contract,RC-S-0220,RC-S-0220,insufficient_evidence,insufficient_evidence,insufficient_evidence,weak_consensus,3,2,"{""insufficient_evidence"": 2, ""invalid"": 1}",A;B;C,False
relation_contract,RC-S-0221,RC-S-0221,insufficient_evidence,insufficient_evidence,insufficient_evidence,weak_consensus,3,2,"{""insufficient_evidence"": 2, ""invalid"": 1}",A;B;C,False
relation_contract,RC-S-0222,RC-S-0222,insufficient_evidence,insufficient_evidence,insufficient_evidence,weak_consensus,3,2,"{""context_only"": 1, ""insufficient_evidence"": 2}",A;B;C,False
relation_contract,RC-S-0223,RC-S-0223,context_only,context_only,context_only,weak_consensus,3,2,"{""context_only"": 2, ""insufficient_evidence"": 1}",A;B;C,False
relation_contract,RC-S-0224,RC-S-0224,context_only,context_only,context_only,weak_consensus,3,2,"{""context_only"": 2, ""insufficient_evidence"": 1}",A;B;C,False
relation_contract,RC-S-0225,RC-S-0225,insufficient_evidence,insufficient_evidence,insufficient_evidence,weak_consensus,3,2,"{""context_only"": 1, ""insufficient_evidence"": 2}",A;B;C,False
relation_contract,RC-S-0226,RC-S-0226,invalid,invalid,invalid,weak_consensus,3,2,"{""insufficient_evidence"": 1, ""invalid"": 2}",A;B;C,False
relation_contract,RC-S-0228,RC-S-0228,insufficient_evidence,insufficient_evidence,insufficient_evidence,strong_consensus,3,3,"{""insufficient_evidence"": 3}",A;B;C,False
relation_contract,RC-S-0229,RC-S-0229,insufficient_evidence,insufficient_evidence,insufficient_evidence,weak_consensus,3,2,"{""insufficient_evidence"": 2, ""invalid"": 1}",A;B;C,False
relation_contract,RC-S-0230,RC-S-0230,insufficient_evidence,insufficient_evidence,insufficient_evidence,weak_consensus,3,2,"{""context_only"": 1, ""insufficient_evidence"": 2}",A;B;C,False
relation_contract,RC-S-0233,RC-S-0233,context_only,context_only,context_only,weak_consensus,3,2,"{""context_only"": 2, ""invalid"": 1}",A;B;C,False
relation_contract,RC-S-0235,RC-S-0235,insufficient_evidence,insufficient_evidence,insufficient_evidence,weak_consensus,3,2,"{""context_only"": 1, ""insufficient_evidence"": 2}",A;B;C,False
relation_contract,RC-S-0236,RC-S-0236,context_only,context_only,context_only,weak_consensus,3,2,"{""context_only"": 2, ""insufficient_evidence"": 1}",A;B;C,False
relation_contract,RC-S-0237,RC-S-0237,insufficient_evidence,insufficient_evidence,insufficient_evidence,strong_consensus,3,3,"{""insufficient_evidence"": 3}",A;B;C,False
relation_contract,RC-S-0238,RC-S-0238,context_only,context_only,context_only,weak_consensus,3,2,"{""context_only"": 2, ""invalid"": 1}",A;B;C,False
relation_contract,RC-S-0239,RC-S-0239,insufficient_evidence,insufficient_evidence,insufficient_evidence,weak_consensus,3,2,"{""context_only"": 1, ""insufficient_evidence"": 2}",A;B;C,False
relation_contract,RC-S-0240,RC-S-0240,insufficient_evidence,insufficient_evidence,insufficient_evidence,weak_consensus,3,2,"{""context_only"": 1, ""insufficient_evidence"": 2}",A;B;C,False
relation_contract,RC-S-0242,RC-S-0242,context_only,context_only,context_only,weak_consensus,3,2,"{""context_only"": 2, ""invalid"": 1}",A;B;C,False
relation_contract,RC-S-0243,RC-S-0243,context_only,context_only,context_only,weak_consensus,3,2,"{""context_only"": 2, ""insufficient_evidence"": 1}",A;B;C,False
relation_contract,RC-S-0244,RC-S-0244,context_only,context_only,context_only,weak_consensus,3,2,"{""context_only"": 2, ""insufficient_evidence"": 1}",A;B;C,False
relation_contract,RC-S-0245,RC-S-0245,invalid,invalid,invalid,weak_consensus,3,2,"{""context_only"": 1, ""invalid"": 2}",A;B;C,False
relation_contract,RC-S-0246,RC-S-0246,insufficient_evidence,insufficient_evidence,insufficient_evidence,strong_consensus,3,3,"{""insufficient_evidence"": 3}",A;B;C,False
relation_contract,RC-S-0248,RC-S-0248,insufficient_evidence,insufficient_evidence,insufficient_evidence,weak_consensus,3,2,"{""context_only"": 1, ""insufficient_evidence"": 2}",A;B;C,False
relation_contract,RC-S-0249,RC-S-0249,context_only,context_only,context_only,weak_consensus,3,2,"{""context_only"": 2, ""insufficient_evidence"": 1}",A;B;C,False
relation_contract,RC-S-0250,RC-S-0250,context_only,context_only,context_only,weak_consensus,3,2,"{""context_only"": 2, ""invalid"": 1}",A;B;C,False
relation_contract,RC-S-0251,RC-S-0251,insufficient_evidence,insufficient_evidence,insufficient_evidence,weak_consensus,3,2,"{""context_only"": 1, ""insufficient_evidence"": 2}",A;B;C,False
relation_contract,RC-S-0252,RC-S-0252,insufficient_evidence,insufficient_evidence,insufficient_evidence,weak_consensus,3,2,"{""context_only"": 1, ""insufficient_evidence"": 2}",A;B;C,False
relation_contract,RC-S-0253,RC-S-0253,insufficient_evidence,insufficient_evidence,insufficient_evidence,weak_consensus,3,2,"{""context_only"": 1, ""insufficient_evidence"": 2}",A;B;C,False
relation_contract,RC-S-0254,RC-S-0254,insufficient_evidence,insufficient_evidence,insufficient_evidence,strong_consensus,3,3,"{""insufficient_evidence"": 3}",A;B;C,False
relation_contract,RC-S-0256,RC-S-0256,insufficient_evidence,insufficient_evidence,insufficient_evidence,weak_consensus,3,2,"{""insufficient_evidence"": 2, ""invalid"": 1}",A;B;C,False
relation_contract,RC-S-0257,RC-S-0257,insufficient_evidence,insufficient_evidence,insufficient_evidence,weak_consensus,3,2,"{""context_only"": 1, ""insufficient_evidence"": 2}",A;B;C,False
relation_contract,RC-S-0259,RC-S-0259,insufficient_evidence,insufficient_evidence,insufficient_evidence,weak_consensus,3,2,"{""context_only"": 1, ""insufficient_evidence"": 2}",A;B;C,False
relation_contract,RC-S-0260,RC-S-0260,insufficient_evidence,insufficient_evidence,insufficient_evidence,weak_consensus,3,2,"{""context_only"": 1, ""insufficient_evidence"": 2}",A;B;C,False
relation_contract,RC-S-0262,RC-S-0262,invalid,invalid,invalid,weak_consensus,3,2,"{""context_only"": 1, ""invalid"": 2}",A;B;C,False
relation_contract,RC-S-0263,RC-S-0263,context_only,context_only,context_only,weak_consensus,3,2,"{""context_only"": 2, ""insufficient_evidence"": 1}",A;B;C,False
relation_contract,RC-S-0264,RC-S-0264,insufficient_evidence,insufficient_evidence,insufficient_evidence,strong_consensus,3,3,"{""insufficient_evidence"": 3}",A;B;C,False
relation_contract,RC-S-0265,RC-S-0265,context_only,context_only,context_only,weak_consensus,3,2,"{""context_only"": 2, ""invalid"": 1}",A;B;C,False
relation_contract,RC-S-0266,RC-S-0266,insufficient_evidence,insufficient_evidence,insufficient_evidence,weak_consensus,3,2,"{""context_only"": 1, ""insufficient_evidence"": 2}",A;B;C,False
relation_contract,RC-S-0267,RC-S-0267,insufficient_evidence,insufficient_evidence,insufficient_evidence,weak_consensus,3,2,"{""context_only"": 1, ""insufficient_evidence"": 2}",A;B;C,False
relation_contract,RC-S-0269,RC-S-0269,context_only,context_only,context_only,weak_consensus,3,2,"{""context_only"": 2, ""insufficient_evidence"": 1}",A;B;C,False
relation_contract,RC-S-0270,RC-S-0270,insufficient_evidence,insufficient_evidence,insufficient_evidence,weak_consensus,3,2,"{""context_only"": 1, ""insufficient_evidence"": 2}",A;B;C,False
relation_contract,RC-S-0271,RC-S-0271,insufficient_evidence,insufficient_evidence,insufficient_evidence,weak_consensus,3,2,"{""context_only"": 1, ""insufficient_evidence"": 2}",A;B;C,False
relation_contract,RC-S-0273,RC-S-0273,context_only,context_only,context_only,weak_consensus,3,2,"{""context_only"": 2, ""invalid"": 1}",A;B;C,False
relation_contract,RC-S-0274,RC-S-0274,insufficient_evidence,insufficient_evidence,insufficient_evidence,weak_consensus,3,2,"{""insufficient_evidence"": 2, ""invalid"": 1}",A;B;C,False
relation_contract,RC-S-0275,RC-S-0275,insufficient_evidence,insufficient_evidence,insufficient_evidence,strong_consensus,3,3,"{""insufficient_evidence"": 3}",A;B;C,False
relation_contract,RC-S-0278,RC-S-0278,insufficient_evidence,insufficient_evidence,insufficient_evidence,weak_consensus,3,2,"{""context_only"": 1, ""insufficient_evidence"": 2}",A;B;C,False
relation_contract,RC-S-0279,RC-S-0279,insufficient_evidence,insufficient_evidence,insufficient_evidence,weak_consensus,3,2,"{""insufficient_evidence"": 2, ""invalid"": 1}",A;B;C,False
relation_contract,RC-S-0280,RC-S-0280,insufficient_evidence,insufficient_evidence,insufficient_evidence,weak_consensus,3,2,"{""context_only"": 1, ""insufficient_evidence"": 2}",A;B;C,False
relation_contract,RC-S-0281,RC-S-0281,context_only,context_only,context_only,weak_consensus,3,2,"{""context_only"": 2, ""invalid"": 1}",A;B;C,False
relation_contract,RC-S-0283,RC-S-0283,context_only,context_only,context_only,weak_consensus,3,2,"{""context_only"": 2, ""invalid"": 1}",A;B;C,False
relation_contract,RC-S-0284,RC-S-0284,insufficient_evidence,insufficient_evidence,insufficient_evidence,weak_consensus,3,2,"{""context_only"": 1, ""insufficient_evidence"": 2}",A;B;C,False
relation_contract,RC-S-0285,RC-S-0285,context_only,context_only,context_only,weak_consensus,3,2,"{""context_only"": 2, ""invalid"": 1}",A;B;C,False
relation_contract,RC-S-0287,RC-S-0287,invalid,invalid,invalid,weak_consensus,3,2,"{""insufficient_evidence"": 1, ""invalid"": 2}",A;B;C,False
relation_contract,RC-S-0288,RC-S-0288,insufficient_evidence,insufficient_evidence,insufficient_evidence,weak_consensus,3,2,"{""context_only"": 1, ""insufficient_evidence"": 2}",A;B;C,False
relation_contract,RC-S-0289,RC-S-0289,context_only,context_only,context_only,weak_consensus,3,2,"{""context_only"": 2, ""invalid"": 1}",A;B;C,False
relation_contract,RC-S-0290,RC-S-0290,insufficient_evidence,insufficient_evidence,insufficient_evidence,weak_consensus,3,2,"{""context_only"": 1, ""insufficient_evidence"": 2}",A;B;C,False
relation_contract,RC-S-0291,RC-S-0291,context_only,context_only,context_only,weak_consensus,3,2,"{""context_only"": 2, ""invalid"": 1}",A;B;C,False
relation_contract,RC-S-0292,RC-S-0292,insufficient_evidence,insufficient_evidence,insufficient_evidence,strong_consensus,3,3,"{""insufficient_evidence"": 3}",A;B;C,False
relation_contract,RC-S-0293,RC-S-0293,insufficient_evidence,insufficient_evidence,insufficient_evidence,weak_consensus,3,2,"{""context_only"": 1, ""insufficient_evidence"": 2}",A;B;C,False
relation_contract,RC-S-0294,RC-S-0294,invalid,invalid,invalid,weak_consensus,3,2,"{""context_only"": 1, ""invalid"": 2}",A;B;C,False
relation_contract,RC-S-0295,RC-S-0295,insufficient_evidence,insufficient_evidence,insufficient_evidence,weak_consensus,3,2,"{""context_only"": 1, ""insufficient_evidence"": 2}",A;B;C,False
relation_contract,RC-S-0296,RC-S-0296,context_only,context_only,context_only,weak_consensus,3,2,"{""context_only"": 2, ""invalid"": 1}",A;B;C,False
relation_contract,RC-S-0297,RC-S-0297,context_only,context_only,context_only,weak_consensus,3,2,"{""context_only"": 2, ""invalid"": 1}",A;B;C,False
relation_contract,RC-S-0298,RC-S-0298,context_only,context_only,context_only,weak_consensus,3,2,"{""context_only"": 2, ""invalid"": 1}",A;B;C,False
relation_contract,RC-S-0299,RC-S-0299,context_only,context_only,context_only,weak_consensus,3,2,"{""context_only"": 2, ""insufficient_evidence"": 1}",A;B;C,False
relation_contract,RC-S-0300,RC-S-0300,context_only,context_only,context_only,weak_consensus,3,2,"{""context_only"": 2, ""invalid"": 1}",A;B;C,False
relation_contract,RC-S-0301,RC-S-0301,invalid,invalid,invalid,weak_consensus,3,2,"{""insufficient_evidence"": 1, ""invalid"": 2}",A;B;C,False
relation_contract,RC-S-0302,RC-S-0302,insufficient_evidence,insufficient_evidence,insufficient_evidence,weak_consensus,3,2,"{""insufficient_evidence"": 2, ""invalid"": 1}",A;B;C,False
relation_contract,RC-S-0303,RC-S-0303,context_only,context_only,context_only,weak_consensus,3,2,"{""context_only"": 2, ""invalid"": 1}",A;B;C,False
relation_contract,RC-S-0304,RC-S-0304,context_only,context_only,context_only,weak_consensus,3,2,"{""context_only"": 2, ""invalid"": 1}",A;B;C,False
relation_contract,RC-S-0305,RC-S-0305,context_only,context_only,context_only,weak_consensus,3,2,"{""context_only"": 2, ""invalid"": 1}",A;B;C,False
relation_contract,RC-S-0306,RC-S-0306,insufficient_evidence,insufficient_evidence,insufficient_evidence,weak_consensus,3,2,"{""insufficient_evidence"": 2, ""invalid"": 1}",A;B;C,False
relation_contract,RC-S-0308,RC-S-0308,invalid,invalid,invalid,weak_consensus,3,2,"{""insufficient_evidence"": 1, ""invalid"": 2}",A;B;C,False
relation_contract,RC-S-0310,RC-S-0310,invalid,invalid,invalid,strong_consensus,3,3,"{""invalid"": 3}",A;B;C,False
relation_contract,RC-S-0311,RC-S-0311,context_only,context_only,context_only,weak_consensus,3,2,"{""context_only"": 2, ""invalid"": 1}",A;B;C,False
relation_contract,RC-S-0312,RC-S-0312,context_only,context_only,context_only,weak_consensus,3,2,"{""context_only"": 2, ""invalid"": 1}",A;B;C,False
relation_contract,RC-S-0313,RC-S-0313,invalid,invalid,invalid,weak_consensus,3,2,"{""insufficient_evidence"": 1, ""invalid"": 2}",A;B;C,False
relation_contract,RC-S-0316,RC-S-0316,context_only,context_only,context_only,weak_consensus,3,2,"{""context_only"": 2, ""insufficient_evidence"": 1}",A;B;C,False
relation_contract,RC-S-0317,RC-S-0317,context_only,context_only,context_only,weak_consensus,3,2,"{""context_only"": 2, ""insufficient_evidence"": 1}",A;B;C,False
relation_contract,RC-S-0318,RC-S-0318,insufficient_evidence,insufficient_evidence,insufficient_evidence,weak_consensus,3,2,"{""context_only"": 1, ""insufficient_evidence"": 2}",A;B;C,False
relation_contract,RC-S-0319,RC-S-0319,invalid,invalid,invalid,weak_consensus,3,2,"{""context_only"": 1, ""invalid"": 2}",A;B;C,False
relation_contract,RC-S-0320,RC-S-0320,insufficient_evidence,insufficient_evidence,insufficient_evidence,weak_consensus,3,2,"{""insufficient_evidence"": 2, ""invalid"": 1}",A;B;C,False
scope_adjustment,SA-0001,SA-0001,BEFORE_BETTER,A_BETTER,BEFORE_BETTER,weak_consensus,3,2,"{""A_BETTER"": 2, ""B_BETTER"": 1}",A;B;C,False
scope_adjustment,SA-0002,SA-0002,BEFORE_BETTER,B_BETTER,BEFORE_BETTER,weak_consensus,3,2,"{""B_BETTER"": 2, ""INSUFFICIENT_EVIDENCE"": 1}",A;B;C,False
scope_adjustment,SA-0003,SA-0003,AFTER_BETTER,B_BETTER,AFTER_BETTER,strong_consensus,3,3,"{""B_BETTER"": 3}",A;B;C,False
scope_adjustment,SA-0004,SA-0004,AFTER_BETTER,A_BETTER,AFTER_BETTER,strong_consensus,3,3,"{""A_BETTER"": 3}",A;B;C,False
scope_adjustment,SA-0006,SA-0006,BEFORE_BETTER,A_BETTER,BEFORE_BETTER,strong_consensus,3,3,"{""A_BETTER"": 3}",A;B;C,False
scope_adjustment,SA-0007,SA-0007,AFTER_BETTER,B_BETTER,AFTER_BETTER,strong_consensus,3,3,"{""B_BETTER"": 3}",A;B;C,False
scope_adjustment,SA-0008,SA-0008,AFTER_BETTER,A_BETTER,AFTER_BETTER,weak_consensus,3,2,"{""A_BETTER"": 2, ""B_BETTER"": 1}",A;B;C,False
scope_adjustment,SA-0009,SA-0009,AFTER_BETTER,A_BETTER,AFTER_BETTER,strong_consensus,3,3,"{""A_BETTER"": 3}",A;B;C,False
scope_adjustment,SA-0010,SA-0010,INSUFFICIENT_EVIDENCE,INSUFFICIENT_EVIDENCE,INSUFFICIENT_EVIDENCE,weak_consensus,3,2,"{""A_BETTER"": 1, ""INSUFFICIENT_EVIDENCE"": 2}",A;B;C,False
scope_adjustment,SA-0013,SA-0013,AFTER_BETTER,B_BETTER,AFTER_BETTER,weak_consensus,3,2,"{""BOTH_WRONG"": 1, ""B_BETTER"": 2}",A;B;C,False
scope_adjustment,SA-0014,SA-0014,AFTER_BETTER,B_BETTER,AFTER_BETTER,strong_consensus,3,3,"{""B_BETTER"": 3}",A;B;C,False
scope_adjustment,SA-0015,SA-0015,AFTER_BETTER,A_BETTER,AFTER_BETTER,strong_consensus,3,3,"{""A_BETTER"": 3}",A;B;C,False
scope_adjustment,SA-0016,SA-0016,BEFORE_BETTER,A_BETTER,BEFORE_BETTER,weak_consensus,3,2,"{""A_BETTER"": 2, ""B_BETTER"": 1}",A;B;C,False
scope_adjustment,SA-0017,SA-0017,BEFORE_BETTER,B_BETTER,BEFORE_BETTER,strong_consensus,3,3,"{""B_BETTER"": 3}",A;B;C,False
scope_adjustment,SA-0018,SA-0018,BEFORE_BETTER,B_BETTER,BEFORE_BETTER,strong_consensus,3,3,"{""B_BETTER"": 3}",A;B;C,False
scope_adjustment,SA-0019,SA-0019,AFTER_BETTER,A_BETTER,AFTER_BETTER,strong_consensus,3,3,"{""A_BETTER"": 3}",A;B;C,False
scope_adjustment,SA-0020,SA-0020,BEFORE_BETTER,B_BETTER,BEFORE_BETTER,weak_consensus,3,2,"{""A_BETTER"": 1, ""B_BETTER"": 2}",A;B;C,False
scope_adjustment,SA-0021,SA-0021,BEFORE_BETTER,B_BETTER,BEFORE_BETTER,weak_consensus,3,2,"{""A_BETTER"": 1, ""B_BETTER"": 2}",A;B;C,False
scope_adjustment,SA-0022,SA-0022,AFTER_BETTER,A_BETTER,AFTER_BETTER,strong_consensus,3,3,"{""A_BETTER"": 3}",A;B;C,False
scope_adjustment,SA-0023,SA-0023,BEFORE_BETTER,B_BETTER,BEFORE_BETTER,strong_consensus,3,3,"{""B_BETTER"": 3}",A;B;C,False
scope_adjustment,SA-0024,SA-0024,BEFORE_BETTER,A_BETTER,BEFORE_BETTER,strong_consensus,3,3,"{""A_BETTER"": 3}",A;B;C,False
scope_adjustment,SA-0025,SA-0025,BEFORE_BETTER,A_BETTER,BEFORE_BETTER,strong_consensus,3,3,"{""A_BETTER"": 3}",A;B;C,False
scope_adjustment,SA-0026,SA-0026,INSUFFICIENT_EVIDENCE,INSUFFICIENT_EVIDENCE,INSUFFICIENT_EVIDENCE,strong_consensus,3,3,"{""INSUFFICIENT_EVIDENCE"": 3}",A;B;C,False
scope_adjustment,SA-0027,SA-0027,AFTER_BETTER,B_BETTER,AFTER_BETTER,weak_consensus,3,2,"{""A_BETTER"": 1, ""B_BETTER"": 2}",A;B;C,False
scope_adjustment,SA-0028,SA-0028,AFTER_BETTER,B_BETTER,AFTER_BETTER,weak_consensus,3,2,"{""B_BETTER"": 2, ""INSUFFICIENT_EVIDENCE"": 1}",A;B;C,False
scope_adjustment,SA-0029,SA-0029,AFTER_BETTER,B_BETTER,AFTER_BETTER,weak_consensus,3,2,"{""A_BETTER"": 1, ""B_BETTER"": 2}",A;B;C,False
scope_adjustment,SA-0030,SA-0030,INSUFFICIENT_EVIDENCE,INSUFFICIENT_EVIDENCE,INSUFFICIENT_EVIDENCE,weak_consensus,3,2,"{""A_BETTER"": 1, ""INSUFFICIENT_EVIDENCE"": 2}",A;B;C,False
scope_adjustment,SA-0031,SA-0031,AFTER_BETTER,A_BETTER,AFTER_BETTER,strong_consensus,3,3,"{""A_BETTER"": 3}",A;B;C,False
scope_adjustment,SA-0032,SA-0032,BEFORE_BETTER,A_BETTER,BEFORE_BETTER,strong_consensus,3,3,"{""A_BETTER"": 3}",A;B;C,False
scope_adjustment,SA-0033,SA-0033,AFTER_BETTER,A_BETTER,AFTER_BETTER,strong_consensus,3,3,"{""A_BETTER"": 3}",A;B;C,False
scope_adjustment,SA-0034,SA-0034,AFTER_BETTER,A_BETTER,AFTER_BETTER,strong_consensus,3,3,"{""A_BETTER"": 3}",A;B;C,False
scope_adjustment,SA-0035,SA-0035,BEFORE_BETTER,A_BETTER,BEFORE_BETTER,strong_consensus,3,3,"{""A_BETTER"": 3}",A;B;C,False
scope_adjustment,SA-0036,SA-0036,AFTER_BETTER,B_BETTER,AFTER_BETTER,strong_consensus,3,3,"{""B_BETTER"": 3}",A;B;C,False
scope_adjustment,SA-0038,SA-0038,AFTER_BETTER,B_BETTER,AFTER_BETTER,weak_consensus,3,2,"{""B_BETTER"": 2, ""INSUFFICIENT_EVIDENCE"": 1}",A;B;C,False
scope_adjustment,SA-0039,SA-0039,BEFORE_BETTER,A_BETTER,BEFORE_BETTER,weak_consensus,3,2,"{""A_BETTER"": 2, ""INSUFFICIENT_EVIDENCE"": 1}",A;B;C,False
scope_adjustment,SA-0041,SA-0041,AFTER_BETTER,B_BETTER,AFTER_BETTER,strong_consensus,3,3,"{""B_BETTER"": 3}",A;B;C,False
scope_adjustment,SA-0042,SA-0042,BEFORE_BETTER,A_BETTER,BEFORE_BETTER,strong_consensus,3,3,"{""A_BETTER"": 3}",A;B;C,False
scope_adjustment,SA-0043,SA-0043,AFTER_BETTER,B_BETTER,AFTER_BETTER,strong_consensus,3,3,"{""B_BETTER"": 3}",A;B;C,False
scope_adjustment,SA-0044,SA-0044,BEFORE_BETTER,A_BETTER,BEFORE_BETTER,strong_consensus,3,3,"{""A_BETTER"": 3}",A;B;C,False
scope_adjustment,SA-0045,SA-0045,BEFORE_BETTER,B_BETTER,BEFORE_BETTER,strong_consensus,3,3,"{""B_BETTER"": 3}",A;B;C,False
scope_adjustment,SA-0046,SA-0046,BEFORE_BETTER,B_BETTER,BEFORE_BETTER,weak_consensus,3,2,"{""B_BETTER"": 2, ""INSUFFICIENT_EVIDENCE"": 1}",A;B;C,False
scope_adjustment,SA-0047,SA-0047,BEFORE_BETTER,B_BETTER,BEFORE_BETTER,weak_consensus,3,2,"{""BOTH_WRONG"": 1, ""B_BETTER"": 2}",A;B;C,False
scope_adjustment,SA-0049,SA-0049,AFTER_BETTER,B_BETTER,AFTER_BETTER,strong_consensus,3,3,"{""B_BETTER"": 3}",A;B;C,False
scope_adjustment,SA-0050,SA-0050,AFTER_BETTER,B_BETTER,AFTER_BETTER,weak_consensus,3,2,"{""BOTH_WRONG"": 1, ""B_BETTER"": 2}",A;B;C,False
scope_adjustment,SA-0052,SA-0052,BEFORE_BETTER,B_BETTER,BEFORE_BETTER,weak_consensus,3,2,"{""B_BETTER"": 2, ""INSUFFICIENT_EVIDENCE"": 1}",A;B;C,False
scope_adjustment,SA-0053,SA-0053,AFTER_BETTER,B_BETTER,AFTER_BETTER,strong_consensus,3,3,"{""B_BETTER"": 3}",A;B;C,False
scope_adjustment,SA-0054,SA-0054,BEFORE_BETTER,B_BETTER,BEFORE_BETTER,weak_consensus,3,2,"{""B_BETTER"": 2, ""INSUFFICIENT_EVIDENCE"": 1}",A;B;C,False
scope_adjustment,SA-0055,SA-0055,AFTER_BETTER,B_BETTER,AFTER_BETTER,strong_consensus,3,3,"{""B_BETTER"": 3}",A;B;C,False
scope_adjustment,SA-0056,SA-0056,BEFORE_BETTER,A_BETTER,BEFORE_BETTER,weak_consensus,3,2,"{""A_BETTER"": 2, ""B_BETTER"": 1}",A;B;C,False
scope_adjustment,SA-0057,SA-0057,AFTER_BETTER,A_BETTER,AFTER_BETTER,weak_consensus,3,2,"{""A_BETTER"": 2, ""INSUFFICIENT_EVIDENCE"": 1}",A;B;C,False
scope_adjustment,SA-0058,SA-0058,BEFORE_BETTER,A_BETTER,BEFORE_BETTER,weak_consensus,3,2,"{""A_BETTER"": 2, ""B_BETTER"": 1}",A;B;C,False
scope_adjustment,SA-0059,SA-0059,BEFORE_BETTER,A_BETTER,BEFORE_BETTER,strong_consensus,3,3,"{""A_BETTER"": 3}",A;B;C,False
scope_adjustment,SA-0060,SA-0060,BEFORE_BETTER,B_BETTER,BEFORE_BETTER,strong_consensus,3,3,"{""B_BETTER"": 3}",A;B;C,False
scope_adjustment,SA-0061,SA-0061,BEFORE_BETTER,A_BETTER,BEFORE_BETTER,weak_consensus,3,2,"{""A_BETTER"": 2, ""B_BETTER"": 1}",A;B;C,False
scope_adjustment,SA-0062,SA-0062,BEFORE_BETTER,B_BETTER,BEFORE_BETTER,weak_consensus,3,2,"{""B_BETTER"": 2, ""INSUFFICIENT_EVIDENCE"": 1}",A;B;C,False
scope_adjustment,SA-0064,SA-0064,BEFORE_BETTER,A_BETTER,BEFORE_BETTER,strong_consensus,3,3,"{""A_BETTER"": 3}",A;B;C,False
scope_adjustment,SA-0065,SA-0065,BEFORE_BETTER,B_BETTER,BEFORE_BETTER,weak_consensus,3,2,"{""BOTH_WRONG"": 1, ""B_BETTER"": 2}",A;B;C,False
scope_adjustment,SA-0066,SA-0066,AFTER_BETTER,B_BETTER,AFTER_BETTER,strong_consensus,3,3,"{""B_BETTER"": 3}",A;B;C,False
scope_adjustment,SA-0067,SA-0067,AFTER_BETTER,A_BETTER,AFTER_BETTER,strong_consensus,3,3,"{""A_BETTER"": 3}",A;B;C,False
scope_adjustment,SA-0068,SA-0068,BEFORE_BETTER,A_BETTER,BEFORE_BETTER,weak_consensus,3,2,"{""A_BETTER"": 2, ""INSUFFICIENT_EVIDENCE"": 1}",A;B;C,False
scope_adjustment,SA-0069,SA-0069,BEFORE_BETTER,A_BETTER,BEFORE_BETTER,strong_consensus,3,3,"{""A_BETTER"": 3}",A;B;C,False
scope_adjustment,SA-0070,SA-0070,AFTER_BETTER,B_BETTER,AFTER_BETTER,strong_consensus,3,3,"{""B_BETTER"": 3}",A;B;C,False
scope_adjustment,SA-0071,SA-0071,BEFORE_BETTER,B_BETTER,BEFORE_BETTER,weak_consensus,3,2,"{""A_BETTER"": 1, ""B_BETTER"": 2}",A;B;C,False
scope_adjustment,SA-0072,SA-0072,INSUFFICIENT_EVIDENCE,INSUFFICIENT_EVIDENCE,INSUFFICIENT_EVIDENCE,strong_consensus,3,3,"{""INSUFFICIENT_EVIDENCE"": 3}",A;B;C,False
scope_adjustment,SA-0074,SA-0074,BEFORE_BETTER,A_BETTER,BEFORE_BETTER,strong_consensus,3,3,"{""A_BETTER"": 3}",A;B;C,False
scope_adjustment,SA-0075,SA-0075,BEFORE_BETTER,B_BETTER,BEFORE_BETTER,strong_consensus,3,3,"{""B_BETTER"": 3}",A;B;C,False
scope_adjustment,SA-0078,SA-0078,AFTER_BETTER,A_BETTER,AFTER_BETTER,strong_consensus,3,3,"{""A_BETTER"": 3}",A;B;C,False
scope_adjustment,SA-0080,SA-0080,BEFORE_BETTER,B_BETTER,BEFORE_BETTER,strong_consensus,3,3,"{""B_BETTER"": 3}",A;B;C,False
scope_adjustment,SA-0081,SA-0081,AFTER_BETTER,B_BETTER,AFTER_BETTER,weak_consensus,3,2,"{""BOTH_WRONG"": 1, ""B_BETTER"": 2}",A;B;C,False
scope_adjustment,SA-0082,SA-0082,BEFORE_BETTER,A_BETTER,BEFORE_BETTER,strong_consensus,3,3,"{""A_BETTER"": 3}",A;B;C,False
scope_adjustment,SA-0083,SA-0083,BEFORE_BETTER,A_BETTER,BEFORE_BETTER,strong_consensus,3,3,"{""A_BETTER"": 3}",A;B;C,False
scope_adjustment,SA-0084,SA-0084,AFTER_BETTER,A_BETTER,AFTER_BETTER,strong_consensus,3,3,"{""A_BETTER"": 3}",A;B;C,False
scope_adjustment,SA-0085,SA-0085,AFTER_BETTER,A_BETTER,AFTER_BETTER,strong_consensus,3,3,"{""A_BETTER"": 3}",A;B;C,False
scope_adjustment,SA-0086,SA-0086,AFTER_BETTER,A_BETTER,AFTER_BETTER,weak_consensus,3,2,"{""A_BETTER"": 2, ""B_BETTER"": 1}",A;B;C,False
scope_adjustment,SA-0087,SA-0087,BEFORE_BETTER,A_BETTER,BEFORE_BETTER,strong_consensus,3,3,"{""A_BETTER"": 3}",A;B;C,False
scope_adjustment,SA-0088,SA-0088,BEFORE_BETTER,B_BETTER,BEFORE_BETTER,strong_consensus,3,3,"{""B_BETTER"": 3}",A;B;C,False
scope_adjustment,SA-0089,SA-0089,AFTER_BETTER,B_BETTER,AFTER_BETTER,strong_consensus,3,3,"{""B_BETTER"": 3}",A;B;C,False
scope_adjustment,SA-0090,SA-0090,AFTER_BETTER,A_BETTER,AFTER_BETTER,strong_consensus,3,3,"{""A_BETTER"": 3}",A;B;C,False
scope_adjustment,SA-0092,SA-0092,BEFORE_BETTER,B_BETTER,BEFORE_BETTER,strong_consensus,3,3,"{""B_BETTER"": 3}",A;B;C,False
scope_adjustment,SA-0093,SA-0093,INSUFFICIENT_EVIDENCE,INSUFFICIENT_EVIDENCE,INSUFFICIENT_EVIDENCE,weak_consensus,3,2,"{""A_BETTER"": 1, ""INSUFFICIENT_EVIDENCE"": 2}",A;B;C,False
scope_adjustment,SA-0094,SA-0094,INSUFFICIENT_EVIDENCE,INSUFFICIENT_EVIDENCE,INSUFFICIENT_EVIDENCE,weak_consensus,3,2,"{""B_BETTER"": 1, ""INSUFFICIENT_EVIDENCE"": 2}",A;B;C,False
scope_adjustment,SA-0095,SA-0095,BEFORE_BETTER,B_BETTER,BEFORE_BETTER,strong_consensus,3,3,"{""B_BETTER"": 3}",A;B;C,False
scope_adjustment,SA-0096,SA-0096,BEFORE_BETTER,A_BETTER,BEFORE_BETTER,strong_consensus,3,3,"{""A_BETTER"": 3}",A;B;C,False
scope_adjustment,SA-0097,SA-0097,AFTER_BETTER,B_BETTER,AFTER_BETTER,strong_consensus,3,3,"{""B_BETTER"": 3}",A;B;C,False
scope_adjustment,SA-0098,SA-0098,AFTER_BETTER,B_BETTER,AFTER_BETTER,strong_consensus,3,3,"{""B_BETTER"": 3}",A;B;C,False
scope_adjustment,SA-0099,SA-0099,BEFORE_BETTER,B_BETTER,BEFORE_BETTER,strong_consensus,3,3,"{""B_BETTER"": 3}",A;B;C,False
scope_adjustment,SA-0100,SA-0100,BEFORE_BETTER,B_BETTER,BEFORE_BETTER,strong_consensus,3,3,"{""B_BETTER"": 3}",A;B;C,False
scope_adjustment,SA-0101,SA-0101,BEFORE_BETTER,A_BETTER,BEFORE_BETTER,weak_consensus,3,2,"{""A_BETTER"": 2, ""B_BETTER"": 1}",A;B;C,False
scope_adjustment,SA-0102,SA-0102,AFTER_BETTER,A_BETTER,AFTER_BETTER,strong_consensus,3,3,"{""A_BETTER"": 3}",A;B;C,False
scope_adjustment,SA-0103,SA-0103,INSUFFICIENT_EVIDENCE,INSUFFICIENT_EVIDENCE,INSUFFICIENT_EVIDENCE,weak_consensus,3,2,"{""B_BETTER"": 1, ""INSUFFICIENT_EVIDENCE"": 2}",A;B;C,False
scope_adjustment,SA-0105,SA-0105,BEFORE_BETTER,A_BETTER,BEFORE_BETTER,weak_consensus,3,2,"{""A_BETTER"": 2, ""INSUFFICIENT_EVIDENCE"": 1}",A;B;C,False
scope_adjustment,SA-0106,SA-0106,AFTER_BETTER,B_BETTER,AFTER_BETTER,weak_consensus,3,2,"{""B_BETTER"": 2, ""INSUFFICIENT_EVIDENCE"": 1}",A;B;C,False
scope_adjustment,SA-0107,SA-0107,AFTER_BETTER,B_BETTER,AFTER_BETTER,strong_consensus,3,3,"{""B_BETTER"": 3}",A;B;C,False
scope_adjustment,SA-0108,SA-0108,BEFORE_BETTER,A_BETTER,BEFORE_BETTER,strong_consensus,3,3,"{""A_BETTER"": 3}",A;B;C,False
scope_adjustment,SA-0109,SA-0109,BEFORE_BETTER,A_BETTER,BEFORE_BETTER,weak_consensus,3,2,"{""A_BETTER"": 2, ""INSUFFICIENT_EVIDENCE"": 1}",A;B;C,False
scope_adjustment,SA-0110,SA-0110,BEFORE_BETTER,A_BETTER,BEFORE_BETTER,strong_consensus,3,3,"{""A_BETTER"": 3}",A;B;C,False
scope_adjustment,SA-0111,SA-0111,INSUFFICIENT_EVIDENCE,INSUFFICIENT_EVIDENCE,INSUFFICIENT_EVIDENCE,weak_consensus,3,2,"{""A_BETTER"": 1, ""INSUFFICIENT_EVIDENCE"": 2}",A;B;C,False
scope_adjustment,SA-0112,SA-0112,BEFORE_BETTER,A_BETTER,BEFORE_BETTER,strong_consensus,3,3,"{""A_BETTER"": 3}",A;B;C,False
scope_adjustment,SA-0113,SA-0113,BEFORE_BETTER,A_BETTER,BEFORE_BETTER,weak_consensus,3,2,"{""A_BETTER"": 2, ""B_BETTER"": 1}",A;B;C,False
scope_adjustment,SA-0114,SA-0114,AFTER_BETTER,B_BETTER,AFTER_BETTER,strong_consensus,3,3,"{""B_BETTER"": 3}",A;B;C,False
scope_adjustment,SA-0115,SA-0115,BEFORE_BETTER,B_BETTER,BEFORE_BETTER,strong_consensus,3,3,"{""B_BETTER"": 3}",A;B;C,False
scope_adjustment,SA-0116,SA-0116,AFTER_BETTER,B_BETTER,AFTER_BETTER,strong_consensus,3,3,"{""B_BETTER"": 3}",A;B;C,False
scope_adjustment,SA-0117,SA-0117,BEFORE_BETTER,B_BETTER,BEFORE_BETTER,strong_consensus,3,3,"{""B_BETTER"": 3}",A;B;C,False
scope_adjustment,SA-0118,SA-0118,AFTER_BETTER,B_BETTER,AFTER_BETTER,weak_consensus,3,2,"{""B_BETTER"": 2, ""INSUFFICIENT_EVIDENCE"": 1}",A;B;C,False
scope_adjustment,SA-0119,SA-0119,BEFORE_BETTER,B_BETTER,BEFORE_BETTER,weak_consensus,3,2,"{""B_BETTER"": 2, ""INSUFFICIENT_EVIDENCE"": 1}",A;B;C,False
scope_adjustment,SA-0120,SA-0120,AFTER_BETTER,A_BETTER,AFTER_BETTER,weak_consensus,3,2,"{""A_BETTER"": 2, ""INSUFFICIENT_EVIDENCE"": 1}",A;B;C,False
scope_adjustment,SA-0121,SA-0121,INSUFFICIENT_EVIDENCE,INSUFFICIENT_EVIDENCE,INSUFFICIENT_EVIDENCE,weak_consensus,3,2,"{""B_BETTER"": 1, ""INSUFFICIENT_EVIDENCE"": 2}",A;B;C,False
scope_adjustment,SA-0122,SA-0122,AFTER_BETTER,B_BETTER,AFTER_BETTER,weak_consensus,3,2,"{""A_BETTER"": 1, ""B_BETTER"": 2}",A;B;C,False
scope_adjustment,SA-0124,SA-0124,BEFORE_BETTER,B_BETTER,BEFORE_BETTER,weak_consensus,3,2,"{""A_BETTER"": 1, ""B_BETTER"": 2}",A;B;C,False
scope_adjustment,SA-0125,SA-0125,AFTER_BETTER,A_BETTER,AFTER_BETTER,weak_consensus,3,2,"{""A_BETTER"": 2, ""BOTH_WRONG"": 1}",A;B;C,False
scope_adjustment,SA-0126,SA-0126,AFTER_BETTER,B_BETTER,AFTER_BETTER,strong_consensus,3,3,"{""B_BETTER"": 3}",A;B;C,False
scope_adjustment,SA-0127,SA-0127,BEFORE_BETTER,A_BETTER,BEFORE_BETTER,strong_consensus,3,3,"{""A_BETTER"": 3}",A;B;C,False
scope_adjustment,SA-0129,SA-0129,BEFORE_BETTER,B_BETTER,BEFORE_BETTER,weak_consensus,3,2,"{""B_BETTER"": 2, ""INSUFFICIENT_EVIDENCE"": 1}",A;B;C,False
scope_adjustment,SA-0131,SA-0131,AFTER_BETTER,A_BETTER,AFTER_BETTER,weak_consensus,3,2,"{""A_BETTER"": 2, ""INSUFFICIENT_EVIDENCE"": 1}",A;B;C,False
scope_adjustment,SA-0132,SA-0132,BEFORE_BETTER,A_BETTER,BEFORE_BETTER,weak_consensus,3,2,"{""A_BETTER"": 2, ""INSUFFICIENT_EVIDENCE"": 1}",A;B;C,False
scope_adjustment,SA-0133,SA-0133,BEFORE_BETTER,A_BETTER,BEFORE_BETTER,weak_consensus,3,2,"{""A_BETTER"": 2, ""B_BETTER"": 1}",A;B;C,False
scope_adjustment,SA-0134,SA-0134,INSUFFICIENT_EVIDENCE,INSUFFICIENT_EVIDENCE,INSUFFICIENT_EVIDENCE,weak_consensus,3,2,"{""B_BETTER"": 1, ""INSUFFICIENT_EVIDENCE"": 2}",A;B;C,False
scope_adjustment,SA-0135,SA-0135,AFTER_BETTER,B_BETTER,AFTER_BETTER,strong_consensus,3,3,"{""B_BETTER"": 3}",A;B;C,False
scope_adjustment,SA-0136,SA-0136,AFTER_BETTER,A_BETTER,AFTER_BETTER,strong_consensus,3,3,"{""A_BETTER"": 3}",A;B;C,False
scope_adjustment,SA-0137,SA-0137,BEFORE_BETTER,B_BETTER,BEFORE_BETTER,strong_consensus,3,3,"{""B_BETTER"": 3}",A;B;C,False
scope_adjustment,SA-0138,SA-0138,BEFORE_BETTER,B_BETTER,BEFORE_BETTER,strong_consensus,3,3,"{""B_BETTER"": 3}",A;B;C,False
scope_adjustment,SA-0139,SA-0139,AFTER_BETTER,B_BETTER,AFTER_BETTER,strong_consensus,3,3,"{""B_BETTER"": 3}",A;B;C,False
scope_adjustment,SA-0140,SA-0140,BEFORE_BETTER,A_BETTER,BEFORE_BETTER,strong_consensus,3,3,"{""A_BETTER"": 3}",A;B;C,False
scope_adjustment,SA-0141,SA-0141,BEFORE_BETTER,B_BETTER,BEFORE_BETTER,strong_consensus,3,3,"{""B_BETTER"": 3}",A;B;C,False
scope_adjustment,SA-0142,SA-0142,AFTER_BETTER,A_BETTER,AFTER_BETTER,strong_consensus,3,3,"{""A_BETTER"": 3}",A;B;C,False
scope_adjustment,SA-0143,SA-0143,AFTER_BETTER,B_BETTER,AFTER_BETTER,strong_consensus,3,3,"{""B_BETTER"": 3}",A;B;C,False
scope_adjustment,SA-0144,SA-0144,AFTER_BETTER,A_BETTER,AFTER_BETTER,strong_consensus,3,3,"{""A_BETTER"": 3}",A;B;C,False
scope_adjustment,SA-0145,SA-0145,BEFORE_BETTER,B_BETTER,BEFORE_BETTER,strong_consensus,3,3,"{""B_BETTER"": 3}",A;B;C,False
scope_adjustment,SA-0146,SA-0146,BEFORE_BETTER,A_BETTER,BEFORE_BETTER,strong_consensus,3,3,"{""A_BETTER"": 3}",A;B;C,False
scope_adjustment,SA-0147,SA-0147,BEFORE_BETTER,B_BETTER,BEFORE_BETTER,strong_consensus,3,3,"{""B_BETTER"": 3}",A;B;C,False
scope_adjustment,SA-0148,SA-0148,BEFORE_BETTER,B_BETTER,BEFORE_BETTER,weak_consensus,3,2,"{""BOTH_WRONG"": 1, ""B_BETTER"": 2}",A;B;C,False
scope_adjustment,SA-0150,SA-0150,BEFORE_BETTER,A_BETTER,BEFORE_BETTER,strong_consensus,3,3,"{""A_BETTER"": 3}",A;B;C,False
scope_adjustment,SA-0151,SA-0151,BEFORE_BETTER,A_BETTER,BEFORE_BETTER,strong_consensus,3,3,"{""A_BETTER"": 3}",A;B;C,False
scope_adjustment,SA-0152,SA-0152,BEFORE_BETTER,A_BETTER,BEFORE_BETTER,strong_consensus,3,3,"{""A_BETTER"": 3}",A;B;C,False
scope_adjustment,SA-0154,SA-0154,AFTER_BETTER,A_BETTER,AFTER_BETTER,strong_consensus,3,3,"{""A_BETTER"": 3}",A;B;C,False
scope_adjustment,SA-0155,SA-0155,BEFORE_BETTER,B_BETTER,BEFORE_BETTER,strong_consensus,3,3,"{""B_BETTER"": 3}",A;B;C,False
scope_adjustment,SA-0156,SA-0156,INSUFFICIENT_EVIDENCE,INSUFFICIENT_EVIDENCE,INSUFFICIENT_EVIDENCE,weak_consensus,3,2,"{""B_BETTER"": 1, ""INSUFFICIENT_EVIDENCE"": 2}",A;B;C,False
scope_adjustment,SA-0157,SA-0157,BEFORE_BETTER,B_BETTER,BEFORE_BETTER,weak_consensus,3,2,"{""A_BETTER"": 1, ""B_BETTER"": 2}",A;B;C,False
scope_adjustment,SA-0158,SA-0158,BEFORE_BETTER,A_BETTER,BEFORE_BETTER,strong_consensus,3,3,"{""A_BETTER"": 3}",A;B;C,False
scope_adjustment,SA-0159,SA-0159,AFTER_BETTER,A_BETTER,AFTER_BETTER,strong_consensus,3,3,"{""A_BETTER"": 3}",A;B;C,False
scope_adjustment,SA-0160,SA-0160,BEFORE_BETTER,A_BETTER,BEFORE_BETTER,weak_consensus,3,2,"{""A_BETTER"": 2, ""INSUFFICIENT_EVIDENCE"": 1}",A;B;C,False
scope_adjustment,SA-0161,SA-0161,BEFORE_BETTER,B_BETTER,BEFORE_BETTER,strong_consensus,3,3,"{""B_BETTER"": 3}",A;B;C,False
scope_adjustment,SA-0162,SA-0162,BEFORE_BETTER,A_BETTER,BEFORE_BETTER,weak_consensus,3,2,"{""A_BETTER"": 2, ""B_BETTER"": 1}",A;B;C,False
scope_adjustment,SA-0163,SA-0163,INSUFFICIENT_EVIDENCE,INSUFFICIENT_EVIDENCE,INSUFFICIENT_EVIDENCE,weak_consensus,3,2,"{""EQUIVALENT"": 1, ""INSUFFICIENT_EVIDENCE"": 2}",A;B;C,False
scope_adjustment,SA-0164,SA-0164,AFTER_BETTER,A_BETTER,AFTER_BETTER,strong_consensus,3,3,"{""A_BETTER"": 3}",A;B;C,False
scope_adjustment,SA-0165,SA-0165,INSUFFICIENT_EVIDENCE,INSUFFICIENT_EVIDENCE,INSUFFICIENT_EVIDENCE,weak_consensus,3,2,"{""A_BETTER"": 1, ""INSUFFICIENT_EVIDENCE"": 2}",A;B;C,False
scope_adjustment,SA-0167,SA-0167,BEFORE_BETTER,A_BETTER,BEFORE_BETTER,strong_consensus,3,3,"{""A_BETTER"": 3}",A;B;C,False
scope_adjustment,SA-0168,SA-0168,AFTER_BETTER,A_BETTER,AFTER_BETTER,strong_consensus,3,3,"{""A_BETTER"": 3}",A;B;C,False
scope_adjustment,SA-0170,SA-0170,AFTER_BETTER,A_BETTER,AFTER_BETTER,strong_consensus,3,3,"{""A_BETTER"": 3}",A;B;C,False
scope_adjustment,SA-0171,SA-0171,BEFORE_BETTER,B_BETTER,BEFORE_BETTER,weak_consensus,3,2,"{""B_BETTER"": 2, ""INSUFFICIENT_EVIDENCE"": 1}",A;B;C,False
scope_adjustment,SA-0172,SA-0172,BEFORE_BETTER,A_BETTER,BEFORE_BETTER,strong_consensus,3,3,"{""A_BETTER"": 3}",A;B;C,False
scope_adjustment,SA-0173,SA-0173,BEFORE_BETTER,A_BETTER,BEFORE_BETTER,strong_consensus,3,3,"{""A_BETTER"": 3}",A;B;C,False
scope_adjustment,SA-0174,SA-0174,INSUFFICIENT_EVIDENCE,INSUFFICIENT_EVIDENCE,INSUFFICIENT_EVIDENCE,weak_consensus,3,2,"{""B_BETTER"": 1, ""INSUFFICIENT_EVIDENCE"": 2}",A;B;C,False
scope_adjustment,SA-0175,SA-0175,BEFORE_BETTER,B_BETTER,BEFORE_BETTER,strong_consensus,3,3,"{""B_BETTER"": 3}",A;B;C,False
scope_adjustment,SA-0176,SA-0176,AFTER_BETTER,B_BETTER,AFTER_BETTER,strong_consensus,3,3,"{""B_BETTER"": 3}",A;B;C,False
scope_adjustment,SA-0179,SA-0179,BEFORE_BETTER,B_BETTER,BEFORE_BETTER,weak_consensus,3,2,"{""A_BETTER"": 1, ""B_BETTER"": 2}",A;B;C,False
scope_adjustment,SA-0180,SA-0180,BEFORE_BETTER,A_BETTER,BEFORE_BETTER,strong_consensus,3,3,"{""A_BETTER"": 3}",A;B;C,False
scope_adjustment,SA-0181,SA-0181,AFTER_BETTER,B_BETTER,AFTER_BETTER,weak_consensus,3,2,"{""BOTH_WRONG"": 1, ""B_BETTER"": 2}",A;B;C,False
scope_adjustment,SA-0182,SA-0182,BEFORE_BETTER,B_BETTER,BEFORE_BETTER,weak_consensus,3,2,"{""B_BETTER"": 2, ""INSUFFICIENT_EVIDENCE"": 1}",A;B;C,False
scope_adjustment,SA-0183,SA-0183,AFTER_BETTER,B_BETTER,AFTER_BETTER,strong_consensus,3,3,"{""B_BETTER"": 3}",A;B;C,False
scope_adjustment,SA-0184,SA-0184,BOTH_WRONG,BOTH_WRONG,BOTH_WRONG,weak_consensus,3,2,"{""A_BETTER"": 1, ""BOTH_WRONG"": 2}",A;B;C,False
scope_adjustment,SA-0185,SA-0185,AFTER_BETTER,B_BETTER,AFTER_BETTER,strong_consensus,3,3,"{""B_BETTER"": 3}",A;B;C,False
scope_adjustment,SA-0186,SA-0186,BEFORE_BETTER,A_BETTER,BEFORE_BETTER,strong_consensus,3,3,"{""A_BETTER"": 3}",A;B;C,False
scope_adjustment,SA-0187,SA-0187,BEFORE_BETTER,B_BETTER,BEFORE_BETTER,strong_consensus,3,3,"{""B_BETTER"": 3}",A;B;C,False
scope_adjustment,SA-0188,SA-0188,AFTER_BETTER,B_BETTER,AFTER_BETTER,strong_consensus,3,3,"{""B_BETTER"": 3}",A;B;C,False
scope_adjustment,SA-0189,SA-0189,AFTER_BETTER,A_BETTER,AFTER_BETTER,strong_consensus,3,3,"{""A_BETTER"": 3}",A;B;C,False
scope_adjustment,SA-0190,SA-0190,AFTER_BETTER,A_BETTER,AFTER_BETTER,strong_consensus,3,3,"{""A_BETTER"": 3}",A;B;C,False
scope_adjustment,SA-0191,SA-0191,INSUFFICIENT_EVIDENCE,INSUFFICIENT_EVIDENCE,INSUFFICIENT_EVIDENCE,weak_consensus,3,2,"{""A_BETTER"": 1, ""INSUFFICIENT_EVIDENCE"": 2}",A;B;C,False
scope_adjustment,SA-0192,SA-0192,BEFORE_BETTER,B_BETTER,BEFORE_BETTER,weak_consensus,3,2,"{""A_BETTER"": 1, ""B_BETTER"": 2}",A;B;C,False
scope_adjustment,SA-0194,SA-0194,BEFORE_BETTER,A_BETTER,BEFORE_BETTER,strong_consensus,3,3,"{""A_BETTER"": 3}",A;B;C,False
scope_adjustment,SA-0195,SA-0195,BEFORE_BETTER,A_BETTER,BEFORE_BETTER,strong_consensus,3,3,"{""A_BETTER"": 3}",A;B;C,False
scope_adjustment,SA-0196,SA-0196,BEFORE_BETTER,A_BETTER,BEFORE_BETTER,strong_consensus,3,3,"{""A_BETTER"": 3}",A;B;C,False
scope_adjustment,SA-0197,SA-0197,BEFORE_BETTER,A_BETTER,BEFORE_BETTER,weak_consensus,3,2,"{""A_BETTER"": 2, ""INSUFFICIENT_EVIDENCE"": 1}",A;B;C,False
scope_adjustment,SA-0198,SA-0198,AFTER_BETTER,B_BETTER,AFTER_BETTER,weak_consensus,3,2,"{""BOTH_WRONG"": 1, ""B_BETTER"": 2}",A;B;C,False
scope_adjustment,SA-0199,SA-0199,AFTER_BETTER,A_BETTER,AFTER_BETTER,strong_consensus,3,3,"{""A_BETTER"": 3}",A;B;C,False
scope_adjustment,SA-0200,SA-0200,BEFORE_BETTER,A_BETTER,BEFORE_BETTER,weak_consensus,3,2,"{""A_BETTER"": 2, ""INSUFFICIENT_EVIDENCE"": 1}",A;B;C,False
scope_adjustment,SA-0201,SA-0201,BEFORE_BETTER,B_BETTER,BEFORE_BETTER,weak_consensus,3,2,"{""B_BETTER"": 2, ""INSUFFICIENT_EVIDENCE"": 1}",A;B;C,False
scope_adjustment,SA-0202,SA-0202,AFTER_BETTER,B_BETTER,AFTER_BETTER,weak_consensus,3,2,"{""B_BETTER"": 2, ""INSUFFICIENT_EVIDENCE"": 1}",A;B;C,False
scope_adjustment,SA-0203,SA-0203,AFTER_BETTER,A_BETTER,AFTER_BETTER,strong_consensus,3,3,"{""A_BETTER"": 3}",A;B;C,False
scope_adjustment,SA-0204,SA-0204,BEFORE_BETTER,B_BETTER,BEFORE_BETTER,weak_consensus,3,2,"{""A_BETTER"": 1, ""B_BETTER"": 2}",A;B;C,False
scope_adjustment,SA-0205,SA-0205,BEFORE_BETTER,B_BETTER,BEFORE_BETTER,strong_consensus,3,3,"{""B_BETTER"": 3}",A;B;C,False
scope_adjustment,SA-0206,SA-0206,BEFORE_BETTER,A_BETTER,BEFORE_BETTER,weak_consensus,3,2,"{""A_BETTER"": 2, ""INSUFFICIENT_EVIDENCE"": 1}",A;B;C,False
scope_adjustment,SA-0207,SA-0207,BEFORE_BETTER,B_BETTER,BEFORE_BETTER,strong_consensus,3,3,"{""B_BETTER"": 3}",A;B;C,False
scope_adjustment,SA-0208,SA-0208,INSUFFICIENT_EVIDENCE,INSUFFICIENT_EVIDENCE,INSUFFICIENT_EVIDENCE,weak_consensus,3,2,"{""A_BETTER"": 1, ""INSUFFICIENT_EVIDENCE"": 2}",A;B;C,False
identity_pair,IDP3-0001,IDP3-0001,same_entity,same_entity,same_entity,weak_consensus,3,2,"{""insufficient_evidence"": 1, ""same_entity"": 2}",A;B;C,False
identity_pair,IDP3-0002,IDP3-0002,same_entity,same_entity,same_entity,strong_consensus,3,3,"{""same_entity"": 3}",A;B;C,False
identity_pair,IDP3-0003,IDP3-0003,insufficient_evidence,insufficient_evidence,insufficient_evidence,weak_consensus,3,2,"{""insufficient_evidence"": 2, ""same_entity"": 1}",A;B;C,False
identity_pair,IDP3-0004,IDP3-0004,same_entity,same_entity,same_entity,strong_consensus,3,3,"{""same_entity"": 3}",A;B;C,False
identity_pair,IDP3-0005,IDP3-0005,same_entity,same_entity,same_entity,strong_consensus,3,3,"{""same_entity"": 3}",A;B;C,False
identity_pair,IDP3-0006,IDP3-0006,same_entity,same_entity,same_entity,strong_consensus,3,3,"{""same_entity"": 3}",A;B;C,False
identity_pair,IDP3-0007,IDP3-0007,same_entity,same_entity,same_entity,strong_consensus,3,3,"{""same_entity"": 3}",A;B;C,False
identity_pair,IDP3-0008,IDP3-0008,same_entity,same_entity,same_entity,strong_consensus,3,3,"{""same_entity"": 3}",A;B;C,False
identity_pair,IDP3-0009,IDP3-0009,same_entity,same_entity,same_entity,strong_consensus,3,3,"{""same_entity"": 3}",A;B;C,False
identity_pair,IDP3-0010,IDP3-0010,same_entity,same_entity,same_entity,strong_consensus,3,3,"{""same_entity"": 3}",A;B;C,False
identity_pair,IDP3-0011,IDP3-0011,same_entity,same_entity,same_entity,strong_consensus,3,3,"{""same_entity"": 3}",A;B;C,False
identity_pair,IDP3-0012,IDP3-0012,same_entity,same_entity,same_entity,strong_consensus,3,3,"{""same_entity"": 3}",A;B;C,False
identity_pair,IDP3-0013,IDP3-0013,same_entity,same_entity,same_entity,weak_consensus,3,2,"{""different_entity"": 1, ""same_entity"": 2}",A;B;C,False
identity_pair,IDP3-0014,IDP3-0014,same_entity,same_entity,same_entity,weak_consensus,3,2,"{""insufficient_evidence"": 1, ""same_entity"": 2}",A;B;C,False
identity_pair,IDP3-0015,IDP3-0015,same_entity,same_entity,same_entity,weak_consensus,3,2,"{""insufficient_evidence"": 1, ""same_entity"": 2}",A;B;C,False
identity_pair,IDP3-0016,IDP3-0016,same_entity,same_entity,same_entity,strong_consensus,3,3,"{""same_entity"": 3}",A;B;C,False
identity_pair,IDP3-0017,IDP3-0017,same_entity,same_entity,same_entity,weak_consensus,3,2,"{""different_entity"": 1, ""same_entity"": 2}",A;B;C,False
identity_pair,IDP3-0018,IDP3-0018,same_entity,same_entity,same_entity,strong_consensus,3,3,"{""same_entity"": 3}",A;B;C,False
identity_pair,IDP3-0019,IDP3-0019,same_entity,same_entity,same_entity,strong_consensus,3,3,"{""same_entity"": 3}",A;B;C,False
identity_pair,IDP3-0020,IDP3-0020,same_entity,same_entity,same_entity,strong_consensus,3,3,"{""same_entity"": 3}",A;B;C,False
identity_pair,IDP3-0021,IDP3-0021,same_entity,same_entity,same_entity,strong_consensus,3,3,"{""same_entity"": 3}",A;B;C,False
identity_pair,IDP3-0022,IDP3-0022,same_entity,same_entity,same_entity,strong_consensus,3,3,"{""same_entity"": 3}",A;B;C,False
identity_pair,IDP3-0023,IDP3-0023,same_entity,same_entity,same_entity,strong_consensus,3,3,"{""same_entity"": 3}",A;B;C,False
identity_pair,IDP3-0024,IDP3-0024,same_entity,same_entity,same_entity,strong_consensus,3,3,"{""same_entity"": 3}",A;B;C,False
identity_pair,IDP3-0025,IDP3-0025,same_entity,same_entity,same_entity,strong_consensus,3,3,"{""same_entity"": 3}",A;B;C,False
identity_pair,IDP3-0026,IDP3-0026,same_entity,same_entity,same_entity,weak_consensus,3,2,"{""insufficient_evidence"": 1, ""same_entity"": 2}",A;B;C,False
identity_pair,IDP3-0027,IDP3-0027,same_entity,same_entity,same_entity,strong_consensus,3,3,"{""same_entity"": 3}",A;B;C,False
identity_pair,IDP3-0028,IDP3-0028,same_entity,same_entity,same_entity,strong_consensus,3,3,"{""same_entity"": 3}",A;B;C,False
identity_pair,IDP3-0029,IDP3-0029,same_entity,same_entity,same_entity,strong_consensus,3,3,"{""same_entity"": 3}",A;B;C,False
identity_pair,IDP3-0030,IDP3-0030,same_entity,same_entity,same_entity,weak_consensus,3,2,"{""insufficient_evidence"": 1, ""same_entity"": 2}",A;B;C,False
identity_pair,IDP3-0031,IDP3-0031,same_entity,same_entity,same_entity,strong_consensus,3,3,"{""same_entity"": 3}",A;B;C,False
identity_pair,IDP3-0032,IDP3-0032,same_entity,same_entity,same_entity,strong_consensus,3,3,"{""same_entity"": 3}",A;B;C,False
identity_pair,IDP3-0033,IDP3-0033,same_entity,same_entity,same_entity,weak_consensus,3,2,"{""insufficient_evidence"": 1, ""same_entity"": 2}",A;B;C,False
identity_pair,IDP3-0034,IDP3-0034,same_entity,same_entity,same_entity,weak_consensus,3,2,"{""insufficient_evidence"": 1, ""same_entity"": 2}",A;B;C,False
identity_pair,IDP3-0035,IDP3-0035,insufficient_evidence,insufficient_evidence,insufficient_evidence,weak_consensus,3,2,"{""insufficient_evidence"": 2, ""same_entity"": 1}",A;B;C,False
identity_pair,IDP3-0036,IDP3-0036,same_entity,same_entity,same_entity,strong_consensus,3,3,"{""same_entity"": 3}",A;B;C,False
identity_pair,IDP3-0037,IDP3-0037,same_entity,same_entity,same_entity,strong_consensus,3,3,"{""same_entity"": 3}",A;B;C,False
identity_pair,IDP3-0038,IDP3-0038,same_entity,same_entity,same_entity,strong_consensus,3,3,"{""same_entity"": 3}",A;B;C,False
identity_pair,IDP3-0039,IDP3-0039,same_entity,same_entity,same_entity,strong_consensus,3,3,"{""same_entity"": 3}",A;B;C,False
identity_pair,IDP3-0040,IDP3-0040,same_entity,same_entity,same_entity,strong_consensus,3,3,"{""same_entity"": 3}",A;B;C,False
identity_pair,IDP3-0041,IDP3-0041,same_entity,same_entity,same_entity,weak_consensus,3,2,"{""insufficient_evidence"": 1, ""same_entity"": 2}",A;B;C,False
identity_pair,IDP3-0042,IDP3-0042,same_entity,same_entity,same_entity,weak_consensus,3,2,"{""insufficient_evidence"": 1, ""same_entity"": 2}",A;B;C,False
identity_pair,IDP3-0043,IDP3-0043,same_entity,same_entity,same_entity,weak_consensus,3,2,"{""insufficient_evidence"": 1, ""same_entity"": 2}",A;B;C,False
identity_pair,IDP3-0044,IDP3-0044,same_entity,same_entity,same_entity,strong_consensus,3,3,"{""same_entity"": 3}",A;B;C,False
identity_pair,IDP3-0045,IDP3-0045,same_entity,same_entity,same_entity,strong_consensus,3,3,"{""same_entity"": 3}",A;B;C,False
identity_pair,IDP3-0046,IDP3-0046,same_entity,same_entity,same_entity,strong_consensus,3,3,"{""same_entity"": 3}",A;B;C,False
identity_pair,IDP3-0047,IDP3-0047,same_entity,same_entity,same_entity,strong_consensus,3,3,"{""same_entity"": 3}",A;B;C,False
identity_pair,IDP3-0048,IDP3-0048,same_entity,same_entity,same_entity,weak_consensus,3,2,"{""different_entity"": 1, ""same_entity"": 2}",A;B;C,False
identity_pair,IDP3-0049,IDP3-0049,insufficient_evidence,insufficient_evidence,insufficient_evidence,weak_consensus,3,2,"{""insufficient_evidence"": 2, ""same_entity"": 1}",A;B;C,False
identity_pair,IDP3-0050,IDP3-0050,same_entity,same_entity,same_entity,strong_consensus,3,3,"{""same_entity"": 3}",A;B;C,False
identity_pair,IDP3-0051,IDP3-0051,same_entity,same_entity,same_entity,weak_consensus,3,2,"{""insufficient_evidence"": 1, ""same_entity"": 2}",A;B;C,False
identity_pair,IDP3-0052,IDP3-0052,same_entity,same_entity,same_entity,weak_consensus,3,2,"{""insufficient_evidence"": 1, ""same_entity"": 2}",A;B;C,False
identity_pair,IDP3-0053,IDP3-0053,insufficient_evidence,insufficient_evidence,insufficient_evidence,weak_consensus,3,2,"{""insufficient_evidence"": 2, ""same_entity"": 1}",A;B;C,False
identity_pair,IDP3-0054,IDP3-0054,same_entity,same_entity,same_entity,strong_consensus,3,3,"{""same_entity"": 3}",A;B;C,False
identity_pair,IDP3-0055,IDP3-0055,same_entity,same_entity,same_entity,strong_consensus,3,3,"{""same_entity"": 3}",A;B;C,False
identity_pair,IDP3-0056,IDP3-0056,same_entity,same_entity,same_entity,strong_consensus,3,3,"{""same_entity"": 3}",A;B;C,False
identity_pair,IDP3-0057,IDP3-0057,same_entity,same_entity,same_entity,strong_consensus,3,3,"{""same_entity"": 3}",A;B;C,False
identity_pair,IDP3-0058,IDP3-0058,same_entity,same_entity,same_entity,strong_consensus,3,3,"{""same_entity"": 3}",A;B;C,False
identity_pair,IDP3-0059,IDP3-0059,same_entity,same_entity,same_entity,strong_consensus,3,3,"{""same_entity"": 3}",A;B;C,False
identity_pair,IDP3-0060,IDP3-0060,same_entity,same_entity,same_entity,strong_consensus,3,3,"{""same_entity"": 3}",A;B;C,False
identity_pair,IDP3-0061,IDP3-0061,same_entity,same_entity,same_entity,strong_consensus,3,3,"{""same_entity"": 3}",A;B;C,False
identity_pair,IDP3-0062,IDP3-0062,same_entity,same_entity,same_entity,strong_consensus,3,3,"{""same_entity"": 3}",A;B;C,False
identity_pair,IDP3-0063,IDP3-0063,same_entity,same_entity,same_entity,strong_consensus,3,3,"{""same_entity"": 3}",A;B;C,False
identity_pair,IDP3-0064,IDP3-0064,same_entity,same_entity,same_entity,strong_consensus,3,3,"{""same_entity"": 3}",A;B;C,False
identity_pair,IDP3-0065,IDP3-0065,same_entity,same_entity,same_entity,strong_consensus,3,3,"{""same_entity"": 3}",A;B;C,False
identity_pair,IDP3-0066,IDP3-0066,same_entity,same_entity,same_entity,strong_consensus,3,3,"{""same_entity"": 3}",A;B;C,False
identity_pair,IDP3-0067,IDP3-0067,same_entity,same_entity,same_entity,strong_consensus,3,3,"{""same_entity"": 3}",A;B;C,False
identity_pair,IDP3-0068,IDP3-0068,same_entity,same_entity,same_entity,weak_consensus,3,2,"{""insufficient_evidence"": 1, ""same_entity"": 2}",A;B;C,False
identity_pair,IDP3-0070,IDP3-0070,same_entity,same_entity,same_entity,strong_consensus,3,3,"{""same_entity"": 3}",A;B;C,False
identity_pair,IDP3-0071,IDP3-0071,same_entity,same_entity,same_entity,strong_consensus,3,3,"{""same_entity"": 3}",A;B;C,False
identity_pair,IDP3-0072,IDP3-0072,same_entity,same_entity,same_entity,strong_consensus,3,3,"{""same_entity"": 3}",A;B;C,False
identity_pair,IDP3-0073,IDP3-0073,same_entity,same_entity,same_entity,strong_consensus,3,3,"{""same_entity"": 3}",A;B;C,False
identity_pair,IDP3-0074,IDP3-0074,same_entity,same_entity,same_entity,strong_consensus,3,3,"{""same_entity"": 3}",A;B;C,False
identity_pair,IDP3-0075,IDP3-0075,same_entity,same_entity,same_entity,strong_consensus,3,3,"{""same_entity"": 3}",A;B;C,False
identity_pair,IDP3-0077,IDP3-0077,same_entity,same_entity,same_entity,strong_consensus,3,3,"{""same_entity"": 3}",A;B;C,False
identity_pair,IDP3-0078,IDP3-0078,same_entity,same_entity,same_entity,strong_consensus,3,3,"{""same_entity"": 3}",A;B;C,False
identity_pair,IDP3-0079,IDP3-0079,same_entity,same_entity,same_entity,strong_consensus,3,3,"{""same_entity"": 3}",A;B;C,False
identity_pair,IDP3-0080,IDP3-0080,same_entity,same_entity,same_entity,strong_consensus,3,3,"{""same_entity"": 3}",A;B;C,False
identity_pair,IDP3-0081,IDP3-0081,same_entity,same_entity,same_entity,strong_consensus,3,3,"{""same_entity"": 3}",A;B;C,False
identity_pair,IDP3-0082,IDP3-0082,same_entity,same_entity,same_entity,strong_consensus,3,3,"{""same_entity"": 3}",A;B;C,False
identity_pair,IDP3-0083,IDP3-0083,same_entity,same_entity,same_entity,strong_consensus,3,3,"{""same_entity"": 3}",A;B;C,False
identity_pair,IDP3-0084,IDP3-0084,same_entity,same_entity,same_entity,strong_consensus,3,3,"{""same_entity"": 3}",A;B;C,False
identity_pair,IDP3-0086,IDP3-0086,same_entity,same_entity,same_entity,weak_consensus,3,2,"{""insufficient_evidence"": 1, ""same_entity"": 2}",A;B;C,False
identity_pair,IDP3-0087,IDP3-0087,same_entity,same_entity,same_entity,strong_consensus,3,3,"{""same_entity"": 3}",A;B;C,False
identity_pair,IDP3-0088,IDP3-0088,insufficient_evidence,insufficient_evidence,insufficient_evidence,weak_consensus,3,2,"{""insufficient_evidence"": 2, ""same_entity"": 1}",A;B;C,False
identity_pair,IDP3-0089,IDP3-0089,same_entity,same_entity,same_entity,strong_consensus,3,3,"{""same_entity"": 3}",A;B;C,False
identity_pair,IDP3-0090,IDP3-0090,same_entity,same_entity,same_entity,strong_consensus,3,3,"{""same_entity"": 3}",A;B;C,False
identity_pair,IDP3-0091,IDP3-0091,same_entity,same_entity,same_entity,strong_consensus,3,3,"{""same_entity"": 3}",A;B;C,False
identity_pair,IDP3-0092,IDP3-0092,same_entity,same_entity,same_entity,strong_consensus,3,3,"{""same_entity"": 3}",A;B;C,False
identity_pair,IDP3-0093,IDP3-0093,same_entity,same_entity,same_entity,strong_consensus,3,3,"{""same_entity"": 3}",A;B;C,False
identity_pair,IDP3-0094,IDP3-0094,same_entity,same_entity,same_entity,strong_consensus,3,3,"{""same_entity"": 3}",A;B;C,False
identity_pair,IDP3-0095,IDP3-0095,same_entity,same_entity,same_entity,strong_consensus,3,3,"{""same_entity"": 3}",A;B;C,False
identity_pair,IDP3-0096,IDP3-0096,same_entity,same_entity,same_entity,strong_consensus,3,3,"{""same_entity"": 3}",A;B;C,False
identity_pair,IDP3-0097,IDP3-0097,same_entity,same_entity,same_entity,strong_consensus,3,3,"{""same_entity"": 3}",A;B;C,False
identity_pair,IDP3-0098,IDP3-0098,same_entity,same_entity,same_entity,strong_consensus,3,3,"{""same_entity"": 3}",A;B;C,False
identity_pair,IDP3-0099,IDP3-0099,same_entity,same_entity,same_entity,strong_consensus,3,3,"{""same_entity"": 3}",A;B;C,False
identity_pair,IDP3-0100,IDP3-0100,same_entity,same_entity,same_entity,strong_consensus,3,3,"{""same_entity"": 3}",A;B;C,False
identity_pair,IDP3-0101,IDP3-0101,same_entity,same_entity,same_entity,strong_consensus,3,3,"{""same_entity"": 3}",A;B;C,False
identity_pair,IDP3-0102,IDP3-0102,same_entity,same_entity,same_entity,strong_consensus,3,3,"{""same_entity"": 3}",A;B;C,False
identity_pair,IDP3-0103,IDP3-0103,same_entity,same_entity,same_entity,strong_consensus,3,3,"{""same_entity"": 3}",A;B;C,False
identity_pair,IDP3-0104,IDP3-0104,same_entity,same_entity,same_entity,strong_consensus,3,3,"{""same_entity"": 3}",A;B;C,False
identity_pair,IDP3-0105,IDP3-0105,same_entity,same_entity,same_entity,strong_consensus,3,3,"{""same_entity"": 3}",A;B;C,False
identity_pair,IDP3-0106,IDP3-0106,same_entity,same_entity,same_entity,weak_consensus,3,2,"{""insufficient_evidence"": 1, ""same_entity"": 2}",A;B;C,False
identity_pair,IDP3-0107,IDP3-0107,same_entity,same_entity,same_entity,weak_consensus,3,2,"{""insufficient_evidence"": 1, ""same_entity"": 2}",A;B;C,False
identity_pair,IDP3-0108,IDP3-0108,same_entity,same_entity,same_entity,strong_consensus,3,3,"{""same_entity"": 3}",A;B;C,False
identity_pair,IDP3-0109,IDP3-0109,insufficient_evidence,insufficient_evidence,insufficient_evidence,weak_consensus,3,2,"{""insufficient_evidence"": 2, ""same_entity"": 1}",A;B;C,False
identity_pair,IDP3-0110,IDP3-0110,same_entity,same_entity,same_entity,strong_consensus,3,3,"{""same_entity"": 3}",A;B;C,False
identity_pair,IDP3-0111,IDP3-0111,same_entity,same_entity,same_entity,strong_consensus,3,3,"{""same_entity"": 3}",A;B;C,False
identity_pair,IDP3-0112,IDP3-0112,same_entity,same_entity,same_entity,strong_consensus,3,3,"{""same_entity"": 3}",A;B;C,False
identity_pair,IDP3-0113,IDP3-0113,same_entity,same_entity,same_entity,strong_consensus,3,3,"{""same_entity"": 3}",A;B;C,False
identity_pair,IDP3-0114,IDP3-0114,same_entity,same_entity,same_entity,strong_consensus,3,3,"{""same_entity"": 3}",A;B;C,False
identity_pair,IDP3-0115,IDP3-0115,same_entity,same_entity,same_entity,strong_consensus,3,3,"{""same_entity"": 3}",A;B;C,False
identity_pair,IDP3-0116,IDP3-0116,same_entity,same_entity,same_entity,strong_consensus,3,3,"{""same_entity"": 3}",A;B;C,False
identity_pair,IDP3-0117,IDP3-0117,same_entity,same_entity,same_entity,strong_consensus,3,3,"{""same_entity"": 3}",A;B;C,False
identity_pair,IDP3-0119,IDP3-0119,same_entity,same_entity,same_entity,strong_consensus,3,3,"{""same_entity"": 3}",A;B;C,False
identity_pair,IDP3-0120,IDP3-0120,same_entity,same_entity,same_entity,strong_consensus,3,3,"{""same_entity"": 3}",A;B;C,False
identity_pair,IDP3-0121,IDP3-0121,insufficient_evidence,insufficient_evidence,insufficient_evidence,strong_consensus,3,3,"{""insufficient_evidence"": 3}",A;B;C,False
identity_pair,IDP3-0122,IDP3-0122,same_entity,same_entity,same_entity,strong_consensus,3,3,"{""same_entity"": 3}",A;B;C,False
identity_pair,IDP3-0123,IDP3-0123,same_entity,same_entity,same_entity,strong_consensus,3,3,"{""same_entity"": 3}",A;B;C,False
identity_pair,IDP3-0124,IDP3-0124,same_entity,same_entity,same_entity,strong_consensus,3,3,"{""same_entity"": 3}",A;B;C,False
identity_pair,IDP3-0125,IDP3-0125,same_entity,same_entity,same_entity,strong_consensus,3,3,"{""same_entity"": 3}",A;B;C,False
identity_pair,IDP3-0126,IDP3-0126,same_entity,same_entity,same_entity,strong_consensus,3,3,"{""same_entity"": 3}",A;B;C,False
identity_pair,IDP3-0127,IDP3-0127,insufficient_evidence,insufficient_evidence,insufficient_evidence,weak_consensus,3,2,"{""insufficient_evidence"": 2, ""same_entity"": 1}",A;B;C,False
identity_pair,IDP3-0128,IDP3-0128,same_entity,same_entity,same_entity,strong_consensus,3,3,"{""same_entity"": 3}",A;B;C,False
identity_pair,IDP3-0129,IDP3-0129,same_entity,same_entity,same_entity,strong_consensus,3,3,"{""same_entity"": 3}",A;B;C,False
identity_pair,IDP3-0130,IDP3-0130,same_entity,same_entity,same_entity,strong_consensus,3,3,"{""same_entity"": 3}",A;B;C,False
identity_pair,IDP3-0131,IDP3-0131,same_entity,same_entity,same_entity,strong_consensus,3,3,"{""same_entity"": 3}",A;B;C,False
identity_pair,IDP3-0133,IDP3-0133,same_entity,same_entity,same_entity,weak_consensus,3,2,"{""insufficient_evidence"": 1, ""same_entity"": 2}",A;B;C,False
identity_pair,IDP3-0134,IDP3-0134,same_entity,same_entity,same_entity,strong_consensus,3,3,"{""same_entity"": 3}",A;B;C,False
identity_pair,IDP3-0135,IDP3-0135,same_entity,same_entity,same_entity,weak_consensus,3,2,"{""insufficient_evidence"": 1, ""same_entity"": 2}",A;B;C,False
identity_pair,IDP3-0136,IDP3-0136,same_entity,same_entity,same_entity,strong_consensus,3,3,"{""same_entity"": 3}",A;B;C,False
identity_pair,IDP3-0137,IDP3-0137,same_entity,same_entity,same_entity,strong_consensus,3,3,"{""same_entity"": 3}",A;B;C,False
identity_pair,IDP3-0138,IDP3-0138,same_entity,same_entity,same_entity,weak_consensus,3,2,"{""insufficient_evidence"": 1, ""same_entity"": 2}",A;B;C,False
identity_pair,IDP3-0140,IDP3-0140,same_entity,same_entity,same_entity,weak_consensus,3,2,"{""different_entity"": 1, ""same_entity"": 2}",A;B;C,False
identity_pair,IDP3-0141,IDP3-0141,same_entity,same_entity,same_entity,strong_consensus,3,3,"{""same_entity"": 3}",A;B;C,False
identity_pair,IDP3-0142,IDP3-0142,same_entity,same_entity,same_entity,weak_consensus,3,2,"{""insufficient_evidence"": 1, ""same_entity"": 2}",A;B;C,False
identity_pair,IDP3-0143,IDP3-0143,same_entity,same_entity,same_entity,strong_consensus,3,3,"{""same_entity"": 3}",A;B;C,False
identity_pair,IDP3-0144,IDP3-0144,same_entity,same_entity,same_entity,weak_consensus,3,2,"{""different_entity"": 1, ""same_entity"": 2}",A;B;C,False
identity_pair,IDP3-0145,IDP3-0145,same_entity,same_entity,same_entity,strong_consensus,3,3,"{""same_entity"": 3}",A;B;C,False
identity_pair,IDP3-0146,IDP3-0146,same_entity,same_entity,same_entity,strong_consensus,3,3,"{""same_entity"": 3}",A;B;C,False
identity_pair,IDP3-0147,IDP3-0147,insufficient_evidence,insufficient_evidence,insufficient_evidence,weak_consensus,3,2,"{""insufficient_evidence"": 2, ""same_entity"": 1}",A;B;C,False
identity_pair,IDP3-0148,IDP3-0148,same_entity,same_entity,same_entity,strong_consensus,3,3,"{""same_entity"": 3}",A;B;C,False
identity_pair,IDP3-0149,IDP3-0149,same_entity,same_entity,same_entity,strong_consensus,3,3,"{""same_entity"": 3}",A;B;C,False
identity_pair,IDP3-0150,IDP3-0150,same_entity,same_entity,same_entity,strong_consensus,3,3,"{""same_entity"": 3}",A;B;C,False
identity_pair,IDP3-0151,IDP3-0151,same_entity,same_entity,same_entity,strong_consensus,3,3,"{""same_entity"": 3}",A;B;C,False
identity_pair,IDP3-0152,IDP3-0152,same_entity,same_entity,same_entity,strong_consensus,3,3,"{""same_entity"": 3}",A;B;C,False
identity_pair,IDP3-0153,IDP3-0153,same_entity,same_entity,same_entity,strong_consensus,3,3,"{""same_entity"": 3}",A;B;C,False
identity_pair,IDP3-0154,IDP3-0154,same_entity,same_entity,same_entity,strong_consensus,3,3,"{""same_entity"": 3}",A;B;C,False
identity_pair,IDP3-0155,IDP3-0155,same_entity,same_entity,same_entity,weak_consensus,3,2,"{""insufficient_evidence"": 1, ""same_entity"": 2}",A;B;C,False
identity_pair,IDP3-0157,IDP3-0157,same_entity,same_entity,same_entity,weak_consensus,3,2,"{""insufficient_evidence"": 1, ""same_entity"": 2}",A;B;C,False
identity_pair,IDP3-0158,IDP3-0158,same_entity,same_entity,same_entity,weak_consensus,3,2,"{""insufficient_evidence"": 1, ""same_entity"": 2}",A;B;C,False
identity_pair,IDP3-0159,IDP3-0159,same_entity,same_entity,same_entity,weak_consensus,3,2,"{""insufficient_evidence"": 1, ""same_entity"": 2}",A;B;C,False
identity_pair,IDP3-0160,IDP3-0160,same_entity,same_entity,same_entity,strong_consensus,3,3,"{""same_entity"": 3}",A;B;C,False
identity_pair,IDP3-0161,IDP3-0161,same_entity,same_entity,same_entity,strong_consensus,3,3,"{""same_entity"": 3}",A;B;C,False
identity_pair,IDP3-0162,IDP3-0162,same_entity,same_entity,same_entity,strong_consensus,3,3,"{""same_entity"": 3}",A;B;C,False
identity_pair,IDP3-0163,IDP3-0163,same_entity,same_entity,same_entity,strong_consensus,3,3,"{""same_entity"": 3}",A;B;C,False
identity_pair,IDP3-0164,IDP3-0164,same_entity,same_entity,same_entity,strong_consensus,3,3,"{""same_entity"": 3}",A;B;C,False
identity_pair,IDP3-0165,IDP3-0165,insufficient_evidence,insufficient_evidence,insufficient_evidence,weak_consensus,3,2,"{""insufficient_evidence"": 2, ""same_entity"": 1}",A;B;C,False
identity_pair,IDP3-0166,IDP3-0166,same_entity,same_entity,same_entity,weak_consensus,3,2,"{""different_entity"": 1, ""same_entity"": 2}",A;B;C,False
identity_pair,IDP3-0167,IDP3-0167,same_entity,same_entity,same_entity,weak_consensus,3,2,"{""different_entity"": 1, ""same_entity"": 2}",A;B;C,False
identity_pair,IDP3-0169,IDP3-0169,same_entity,same_entity,same_entity,strong_consensus,3,3,"{""same_entity"": 3}",A;B;C,False
identity_pair,IDP3-0170,IDP3-0170,same_entity,same_entity,same_entity,strong_consensus,3,3,"{""same_entity"": 3}",A;B;C,False
identity_pair,IDP3-0171,IDP3-0171,same_entity,same_entity,same_entity,weak_consensus,3,2,"{""different_entity"": 1, ""same_entity"": 2}",A;B;C,False
identity_pair,IDP3-0172,IDP3-0172,same_entity,same_entity,same_entity,strong_consensus,3,3,"{""same_entity"": 3}",A;B;C,False
identity_pair,IDP3-0173,IDP3-0173,same_entity,same_entity,same_entity,strong_consensus,3,3,"{""same_entity"": 3}",A;B;C,False
identity_pair,IDP3-0174,IDP3-0174,same_entity,same_entity,same_entity,strong_consensus,3,3,"{""same_entity"": 3}",A;B;C,False
identity_pair,IDP3-0175,IDP3-0175,insufficient_evidence,insufficient_evidence,insufficient_evidence,weak_consensus,3,2,"{""insufficient_evidence"": 2, ""same_entity"": 1}",A;B;C,False
identity_pair,IDP3-0176,IDP3-0176,same_entity,same_entity,same_entity,weak_consensus,3,2,"{""insufficient_evidence"": 1, ""same_entity"": 2}",A;B;C,False
identity_pair,IDP3-0177,IDP3-0177,same_entity,same_entity,same_entity,strong_consensus,3,3,"{""same_entity"": 3}",A;B;C,False
identity_pair,IDP3-0178,IDP3-0178,same_entity,same_entity,same_entity,weak_consensus,3,2,"{""insufficient_evidence"": 1, ""same_entity"": 2}",A;B;C,False
identity_pair,IDP3-0179,IDP3-0179,same_entity,same_entity,same_entity,strong_consensus,3,3,"{""same_entity"": 3}",A;B;C,False
identity_pair,IDP3-0180,IDP3-0180,same_entity,same_entity,same_entity,strong_consensus,3,3,"{""same_entity"": 3}",A;B;C,False
identity_pair,IDP3-0181,IDP3-0181,same_entity,same_entity,same_entity,strong_consensus,3,3,"{""same_entity"": 3}",A;B;C,False
identity_pair,IDP3-0182,IDP3-0182,same_entity,same_entity,same_entity,strong_consensus,3,3,"{""same_entity"": 3}",A;B;C,False
identity_pair,IDP3-0183,IDP3-0183,same_entity,same_entity,same_entity,strong_consensus,3,3,"{""same_entity"": 3}",A;B;C,False
identity_pair,IDP3-0184,IDP3-0184,same_entity,same_entity,same_entity,strong_consensus,3,3,"{""same_entity"": 3}",A;B;C,False
identity_pair,IDP3-0185,IDP3-0185,same_entity,same_entity,same_entity,weak_consensus,3,2,"{""insufficient_evidence"": 1, ""same_entity"": 2}",A;B;C,False
identity_pair,IDP3-0186,IDP3-0186,same_entity,same_entity,same_entity,strong_consensus,3,3,"{""same_entity"": 3}",A;B;C,False
identity_pair,IDP3-0187,IDP3-0187,same_entity,same_entity,same_entity,weak_consensus,3,2,"{""insufficient_evidence"": 1, ""same_entity"": 2}",A;B;C,False
identity_pair,IDP3-0188,IDP3-0188,same_entity,same_entity,same_entity,strong_consensus,3,3,"{""same_entity"": 3}",A;B;C,False
identity_pair,IDP3-0189,IDP3-0189,same_entity,same_entity,same_entity,strong_consensus,3,3,"{""same_entity"": 3}",A;B;C,False
identity_pair,IDP3-0190,IDP3-0190,same_entity,same_entity,same_entity,weak_consensus,3,2,"{""insufficient_evidence"": 1, ""same_entity"": 2}",A;B;C,False
identity_pair,IDP3-0191,IDP3-0191,same_entity,same_entity,same_entity,strong_consensus,3,3,"{""same_entity"": 3}",A;B;C,False
identity_pair,IDP3-0192,IDP3-0192,same_entity,same_entity,same_entity,weak_consensus,3,2,"{""insufficient_evidence"": 1, ""same_entity"": 2}",A;B;C,False
identity_pair,IDP3-0193,IDP3-0193,same_entity,same_entity,same_entity,strong_consensus,3,3,"{""same_entity"": 3}",A;B;C,False
identity_pair,IDP3-0194,IDP3-0194,same_entity,same_entity,same_entity,weak_consensus,3,2,"{""insufficient_evidence"": 1, ""same_entity"": 2}",A;B;C,False
identity_pair,IDP3-0195,IDP3-0195,same_entity,same_entity,same_entity,weak_consensus,3,2,"{""different_entity"": 1, ""same_entity"": 2}",A;B;C,False
identity_pair,IDP3-0196,IDP3-0196,same_entity,same_entity,same_entity,strong_consensus,3,3,"{""same_entity"": 3}",A;B;C,False
identity_pair,IDP3-0197,IDP3-0197,insufficient_evidence,insufficient_evidence,insufficient_evidence,weak_consensus,3,2,"{""insufficient_evidence"": 2, ""same_entity"": 1}",A;B;C,False
identity_pair,IDP3-0198,IDP3-0198,same_entity,same_entity,same_entity,strong_consensus,3,3,"{""same_entity"": 3}",A;B;C,False
identity_pair,IDP3-0199,IDP3-0199,same_entity,same_entity,same_entity,strong_consensus,3,3,"{""same_entity"": 3}",A;B;C,False
identity_pair,IDP3-0200,IDP3-0200,same_entity,same_entity,same_entity,strong_consensus,3,3,"{""same_entity"": 3}",A;B;C,False
identity_pair,IDP3-0201,IDP3-0201,same_entity,same_entity,same_entity,strong_consensus,3,3,"{""same_entity"": 3}",A;B;C,False
identity_pair,IDP3-0202,IDP3-0202,same_entity,same_entity,same_entity,strong_consensus,3,3,"{""same_entity"": 3}",A;B;C,False
identity_pair,IDP3-0203,IDP3-0203,same_entity,same_entity,same_entity,strong_consensus,3,3,"{""same_entity"": 3}",A;B;C,False
identity_pair,IDP3-0204,IDP3-0204,same_entity,same_entity,same_entity,weak_consensus,3,2,"{""different_entity"": 1, ""same_entity"": 2}",A;B;C,False
identity_pair,IDP3-0205,IDP3-0205,same_entity,same_entity,same_entity,strong_consensus,3,3,"{""same_entity"": 3}",A;B;C,False
identity_pair,IDP3-0206,IDP3-0206,same_entity,same_entity,same_entity,strong_consensus,3,3,"{""same_entity"": 3}",A;B;C,False
identity_pair,IDP3-0207,IDP3-0207,same_entity,same_entity,same_entity,strong_consensus,3,3,"{""same_entity"": 3}",A;B;C,False
identity_pair,IDP3-0208,IDP3-0208,same_entity,same_entity,same_entity,strong_consensus,3,3,"{""same_entity"": 3}",A;B;C,False
identity_pair,IDP3-0209,IDP3-0209,same_entity,same_entity,same_entity,strong_consensus,3,3,"{""same_entity"": 3}",A;B;C,False
identity_pair,IDP3-0210,IDP3-0210,same_entity,same_entity,same_entity,strong_consensus,3,3,"{""same_entity"": 3}",A;B;C,False
identity_pair,IDP3-0211,IDP3-0211,same_entity,same_entity,same_entity,strong_consensus,3,3,"{""same_entity"": 3}",A;B;C,False
identity_pair,IDP3-0212,IDP3-0212,same_entity,same_entity,same_entity,weak_consensus,3,2,"{""different_entity"": 1, ""same_entity"": 2}",A;B;C,False
identity_pair,IDP3-0213,IDP3-0213,same_entity,same_entity,same_entity,strong_consensus,3,3,"{""same_entity"": 3}",A;B;C,False
identity_pair,IDP3-0214,IDP3-0214,same_entity,same_entity,same_entity,strong_consensus,3,3,"{""same_entity"": 3}",A;B;C,False
identity_pair,IDP3-0215,IDP3-0215,same_entity,same_entity,same_entity,strong_consensus,3,3,"{""same_entity"": 3}",A;B;C,False
identity_pair,IDP3-0216,IDP3-0216,same_entity,same_entity,same_entity,strong_consensus,3,3,"{""same_entity"": 3}",A;B;C,False
identity_pair,IDP3-0217,IDP3-0217,same_entity,same_entity,same_entity,strong_consensus,3,3,"{""same_entity"": 3}",A;B;C,False
identity_pair,IDP3-0218,IDP3-0218,same_entity,same_entity,same_entity,strong_consensus,3,3,"{""same_entity"": 3}",A;B;C,False
identity_pair,IDP3-0219,IDP3-0219,same_entity,same_entity,same_entity,strong_consensus,3,3,"{""same_entity"": 3}",A;B;C,False
identity_pair,IDP3-0220,IDP3-0220,same_entity,same_entity,same_entity,weak_consensus,3,2,"{""insufficient_evidence"": 1, ""same_entity"": 2}",A;B;C,False
identity_pair,IDP3-0221,IDP3-0221,same_entity,same_entity,same_entity,strong_consensus,3,3,"{""same_entity"": 3}",A;B;C,False
identity_pair,IDP3-0222,IDP3-0222,same_entity,same_entity,same_entity,strong_consensus,3,3,"{""same_entity"": 3}",A;B;C,False
identity_pair,IDP3-0223,IDP3-0223,same_entity,same_entity,same_entity,strong_consensus,3,3,"{""same_entity"": 3}",A;B;C,False
identity_pair,IDP3-0224,IDP3-0224,same_entity,same_entity,same_entity,weak_consensus,3,2,"{""insufficient_evidence"": 1, ""same_entity"": 2}",A;B;C,False
identity_pair,IDP3-0225,IDP3-0225,insufficient_evidence,insufficient_evidence,insufficient_evidence,weak_consensus,3,2,"{""insufficient_evidence"": 2, ""same_entity"": 1}",A;B;C,False
identity_pair,IDP3-0226,IDP3-0226,same_entity,same_entity,same_entity,strong_consensus,3,3,"{""same_entity"": 3}",A;B;C,False
identity_pair,IDP3-0227,IDP3-0227,same_entity,same_entity,same_entity,strong_consensus,3,3,"{""same_entity"": 3}",A;B;C,False
identity_pair,IDP3-0228,IDP3-0228,same_entity,same_entity,same_entity,strong_consensus,3,3,"{""same_entity"": 3}",A;B;C,False
identity_pair,IDP3-0229,IDP3-0229,same_entity,same_entity,same_entity,strong_consensus,3,3,"{""same_entity"": 3}",A;B;C,False
identity_pair,IDP3-0230,IDP3-0230,insufficient_evidence,insufficient_evidence,insufficient_evidence,weak_consensus,3,2,"{""insufficient_evidence"": 2, ""same_entity"": 1}",A;B;C,False
identity_pair,IDP3-0231,IDP3-0231,same_entity,same_entity,same_entity,strong_consensus,3,3,"{""same_entity"": 3}",A;B;C,False
identity_pair,IDP3-0232,IDP3-0232,same_entity,same_entity,same_entity,strong_consensus,3,3,"{""same_entity"": 3}",A;B;C,False
identity_pair,IDP3-0233,IDP3-0233,same_entity,same_entity,same_entity,strong_consensus,3,3,"{""same_entity"": 3}",A;B;C,False
identity_pair,IDP3-0234,IDP3-0234,same_entity,same_entity,same_entity,strong_consensus,3,3,"{""same_entity"": 3}",A;B;C,False
identity_pair,IDP3-0235,IDP3-0235,same_entity,same_entity,same_entity,strong_consensus,3,3,"{""same_entity"": 3}",A;B;C,False
identity_pair,IDP3-0236,IDP3-0236,same_entity,same_entity,same_entity,strong_consensus,3,3,"{""same_entity"": 3}",A;B;C,False
identity_pair,IDP3-0237,IDP3-0237,same_entity,same_entity,same_entity,weak_consensus,3,2,"{""insufficient_evidence"": 1, ""same_entity"": 2}",A;B;C,False
identity_pair,IDP3-0238,IDP3-0238,same_entity,same_entity,same_entity,strong_consensus,3,3,"{""same_entity"": 3}",A;B;C,False
identity_pair,IDP3-0239,IDP3-0239,same_entity,same_entity,same_entity,strong_consensus,3,3,"{""same_entity"": 3}",A;B;C,False
identity_pair,IDP3-0240,IDP3-0240,same_entity,same_entity,same_entity,strong_consensus,3,3,"{""same_entity"": 3}",A;B;C,False
identity_pair,IDP3-0241,IDP3-0241,same_entity,same_entity,same_entity,strong_consensus,3,3,"{""same_entity"": 3}",A;B;C,False
identity_pair,IDP3-0242,IDP3-0242,same_entity,same_entity,same_entity,strong_consensus,3,3,"{""same_entity"": 3}",A;B;C,False
identity_pair,IDP3-0243,IDP3-0243,same_entity,same_entity,same_entity,strong_consensus,3,3,"{""same_entity"": 3}",A;B;C,False
identity_pair,IDP3-0244,IDP3-0244,same_entity,same_entity,same_entity,strong_consensus,3,3,"{""same_entity"": 3}",A;B;C,False
identity_pair,IDP3-0245,IDP3-0245,same_entity,same_entity,same_entity,strong_consensus,3,3,"{""same_entity"": 3}",A;B;C,False
identity_pair,IDP3-0246,IDP3-0246,same_entity,same_entity,same_entity,strong_consensus,3,3,"{""same_entity"": 3}",A;B;C,False
identity_pair,IDP3-0247,IDP3-0247,same_entity,same_entity,same_entity,strong_consensus,3,3,"{""same_entity"": 3}",A;B;C,False
identity_pair,IDP3-0248,IDP3-0248,same_entity,same_entity,same_entity,weak_consensus,3,2,"{""insufficient_evidence"": 1, ""same_entity"": 2}",A;B;C,False
identity_pair,IDP3-0249,IDP3-0249,same_entity,same_entity,same_entity,strong_consensus,3,3,"{""same_entity"": 3}",A;B;C,False
identity_pair,IDP3-0250,IDP3-0250,same_entity,same_entity,same_entity,strong_consensus,3,3,"{""same_entity"": 3}",A;B;C,False
identity_pair,IDP3-0251,IDP3-0251,insufficient_evidence,insufficient_evidence,insufficient_evidence,weak_consensus,3,2,"{""insufficient_evidence"": 2, ""same_entity"": 1}",A;B;C,False
identity_pair,IDP3-0252,IDP3-0252,same_entity,same_entity,same_entity,strong_consensus,3,3,"{""same_entity"": 3}",A;B;C,False
identity_pair,IDP3-0254,IDP3-0254,same_entity,same_entity,same_entity,weak_consensus,3,2,"{""insufficient_evidence"": 1, ""same_entity"": 2}",A;B;C,False
identity_pair,IDP3-0255,IDP3-0255,same_entity,same_entity,same_entity,strong_consensus,3,3,"{""same_entity"": 3}",A;B;C,False
identity_pair,IDP3-0256,IDP3-0256,same_entity,same_entity,same_entity,strong_consensus,3,3,"{""same_entity"": 3}",A;B;C,False
identity_pair,IDP3-0257,IDP3-0257,same_entity,same_entity,same_entity,weak_consensus,3,2,"{""insufficient_evidence"": 1, ""same_entity"": 2}",A;B;C,False
identity_pair,IDP3-0258,IDP3-0258,same_entity,same_entity,same_entity,strong_consensus,3,3,"{""same_entity"": 3}",A;B;C,False
identity_pair,IDP3-0259,IDP3-0259,same_entity,same_entity,same_entity,strong_consensus,3,3,"{""same_entity"": 3}",A;B;C,False
identity_pair,IDP3-0260,IDP3-0260,same_entity,same_entity,same_entity,strong_consensus,3,3,"{""same_entity"": 3}",A;B;C,False
identity_pair,IDP3-0261,IDP3-0261,same_entity,same_entity,same_entity,strong_consensus,3,3,"{""same_entity"": 3}",A;B;C,False
identity_pair,IDP3-0262,IDP3-0262,same_entity,same_entity,same_entity,strong_consensus,3,3,"{""same_entity"": 3}",A;B;C,False
identity_pair,IDP3-0263,IDP3-0263,same_entity,same_entity,same_entity,strong_consensus,3,3,"{""same_entity"": 3}",A;B;C,False
identity_pair,IDP3-0264,IDP3-0264,same_entity,same_entity,same_entity,weak_consensus,3,2,"{""different_entity"": 1, ""same_entity"": 2}",A;B;C,False
identity_pair,IDP3-0265,IDP3-0265,same_entity,same_entity,same_entity,strong_consensus,3,3,"{""same_entity"": 3}",A;B;C,False
identity_pair,IDP3-0266,IDP3-0266,same_entity,same_entity,same_entity,weak_consensus,3,2,"{""insufficient_evidence"": 1, ""same_entity"": 2}",A;B;C,False
identity_pair,IDP3-0267,IDP3-0267,same_entity,same_entity,same_entity,strong_consensus,3,3,"{""same_entity"": 3}",A;B;C,False
identity_pair,IDP3-0268,IDP3-0268,same_entity,same_entity,same_entity,weak_consensus,3,2,"{""insufficient_evidence"": 1, ""same_entity"": 2}",A;B;C,False
identity_pair,IDP3-0269,IDP3-0269,same_entity,same_entity,same_entity,strong_consensus,3,3,"{""same_entity"": 3}",A;B;C,False
identity_pair,IDP3-0270,IDP3-0270,same_entity,same_entity,same_entity,weak_consensus,3,2,"{""insufficient_evidence"": 1, ""same_entity"": 2}",A;B;C,False
identity_pair,IDP3-0271,IDP3-0271,same_entity,same_entity,same_entity,strong_consensus,3,3,"{""same_entity"": 3}",A;B;C,False
identity_pair,IDP3-0272,IDP3-0272,same_entity,same_entity,same_entity,weak_consensus,3,2,"{""insufficient_evidence"": 1, ""same_entity"": 2}",A;B;C,False
identity_pair,IDP3-0273,IDP3-0273,insufficient_evidence,insufficient_evidence,insufficient_evidence,weak_consensus,3,2,"{""insufficient_evidence"": 2, ""same_entity"": 1}",A;B;C,False
identity_pair,IDP3-0274,IDP3-0274,same_entity,same_entity,same_entity,strong_consensus,3,3,"{""same_entity"": 3}",A;B;C,False
identity_pair,IDP3-0275,IDP3-0275,same_entity,same_entity,same_entity,strong_consensus,3,3,"{""same_entity"": 3}",A;B;C,False
identity_pair,IDP3-0276,IDP3-0276,same_entity,same_entity,same_entity,strong_consensus,3,3,"{""same_entity"": 3}",A;B;C,False
identity_pair,IDP3-0277,IDP3-0277,same_entity,same_entity,same_entity,strong_consensus,3,3,"{""same_entity"": 3}",A;B;C,False
identity_pair,IDP3-0278,IDP3-0278,same_entity,same_entity,same_entity,strong_consensus,3,3,"{""same_entity"": 3}",A;B;C,False
identity_pair,IDP3-0279,IDP3-0279,same_entity,same_entity,same_entity,weak_consensus,3,2,"{""insufficient_evidence"": 1, ""same_entity"": 2}",A;B;C,False
identity_pair,IDP3-0280,IDP3-0280,same_entity,same_entity,same_entity,strong_consensus,3,3,"{""same_entity"": 3}",A;B;C,False
identity_pair,IDP3-0281,IDP3-0281,same_entity,same_entity,same_entity,strong_consensus,3,3,"{""same_entity"": 3}",A;B;C,False
identity_pair,IDP3-0282,IDP3-0282,same_entity,same_entity,same_entity,weak_consensus,3,2,"{""insufficient_evidence"": 1, ""same_entity"": 2}",A;B;C,False
identity_pair,IDP3-0283,IDP3-0283,same_entity,same_entity,same_entity,strong_consensus,3,3,"{""same_entity"": 3}",A;B;C,False
identity_pair,IDP3-0284,IDP3-0284,same_entity,same_entity,same_entity,strong_consensus,3,3,"{""same_entity"": 3}",A;B;C,False
identity_pair,IDP3-0285,IDP3-0285,same_entity,same_entity,same_entity,strong_consensus,3,3,"{""same_entity"": 3}",A;B;C,False
identity_pair,IDP3-0286,IDP3-0286,same_entity,same_entity,same_entity,strong_consensus,3,3,"{""same_entity"": 3}",A;B;C,False
identity_pair,IDP3-0287,IDP3-0287,same_entity,same_entity,same_entity,strong_consensus,3,3,"{""same_entity"": 3}",A;B;C,False
identity_pair,IDP3-0288,IDP3-0288,same_entity,same_entity,same_entity,strong_consensus,3,3,"{""same_entity"": 3}",A;B;C,False
identity_pair,IDP3-0289,IDP3-0289,same_entity,same_entity,same_entity,strong_consensus,3,3,"{""same_entity"": 3}",A;B;C,False
identity_pair,IDP3-0290,IDP3-0290,same_entity,same_entity,same_entity,strong_consensus,3,3,"{""same_entity"": 3}",A;B;C,False
identity_pair,IDP3-0291,IDP3-0291,same_entity,same_entity,same_entity,strong_consensus,3,3,"{""same_entity"": 3}",A;B;C,False
identity_pair,IDP3-0292,IDP3-0292,same_entity,same_entity,same_entity,strong_consensus,3,3,"{""same_entity"": 3}",A;B;C,False
identity_pair,IDP3-0293,IDP3-0293,same_entity,same_entity,same_entity,strong_consensus,3,3,"{""same_entity"": 3}",A;B;C,False
identity_pair,IDP3-0294,IDP3-0294,same_entity,same_entity,same_entity,weak_consensus,3,2,"{""insufficient_evidence"": 1, ""same_entity"": 2}",A;B;C,False
identity_pair,IDP3-0295,IDP3-0295,same_entity,same_entity,same_entity,weak_consensus,3,2,"{""insufficient_evidence"": 1, ""same_entity"": 2}",A;B;C,False
identity_pair,IDP3-0296,IDP3-0296,same_entity,same_entity,same_entity,strong_consensus,3,3,"{""same_entity"": 3}",A;B;C,False
identity_pair,IDP3-0297,IDP3-0297,same_entity,same_entity,same_entity,strong_consensus,3,3,"{""same_entity"": 3}",A;B;C,False
identity_pair,IDP3-0298,IDP3-0298,same_entity,same_entity,same_entity,strong_consensus,3,3,"{""same_entity"": 3}",A;B;C,False
identity_pair,IDP3-0299,IDP3-0299,same_entity,same_entity,same_entity,strong_consensus,3,3,"{""same_entity"": 3}",A;B;C,False
identity_pair,IDP3-0300,IDP3-0300,same_entity,same_entity,same_entity,weak_consensus,3,2,"{""insufficient_evidence"": 1, ""same_entity"": 2}",A;B;C,False
identity_pair,IDP3-0301,IDP3-0301,same_entity,same_entity,same_entity,strong_consensus,3,3,"{""same_entity"": 3}",A;B;C,False
identity_pair,IDP3-0302,IDP3-0302,same_entity,same_entity,same_entity,weak_consensus,3,2,"{""insufficient_evidence"": 1, ""same_entity"": 2}",A;B;C,False
identity_pair,IDP3-0303,IDP3-0303,same_entity,same_entity,same_entity,strong_consensus,3,3,"{""same_entity"": 3}",A;B;C,False
identity_pair,IDP3-0304,IDP3-0304,same_entity,same_entity,same_entity,weak_consensus,3,2,"{""insufficient_evidence"": 1, ""same_entity"": 2}",A;B;C,False
identity_pair,IDP3-0305,IDP3-0305,same_entity,same_entity,same_entity,weak_consensus,3,2,"{""insufficient_evidence"": 1, ""same_entity"": 2}",A;B;C,False
identity_pair,IDP3-0306,IDP3-0306,same_entity,same_entity,same_entity,strong_consensus,3,3,"{""same_entity"": 3}",A;B;C,False
identity_pair,IDP3-0307,IDP3-0307,same_entity,same_entity,same_entity,strong_consensus,3,3,"{""same_entity"": 3}",A;B;C,False
identity_pair,IDP3-0308,IDP3-0308,same_entity,same_entity,same_entity,strong_consensus,3,3,"{""same_entity"": 3}",A;B;C,False
identity_pair,IDP3-0309,IDP3-0309,same_entity,same_entity,same_entity,strong_consensus,3,3,"{""same_entity"": 3}",A;B;C,False
identity_pair,IDP3-0310,IDP3-0310,same_entity,same_entity,same_entity,strong_consensus,3,3,"{""same_entity"": 3}",A;B;C,False
identity_pair,IDP3-0311,IDP3-0311,same_entity,same_entity,same_entity,strong_consensus,3,3,"{""same_entity"": 3}",A;B;C,False
identity_pair,IDP3-0312,IDP3-0312,same_entity,same_entity,same_entity,strong_consensus,3,3,"{""same_entity"": 3}",A;B;C,False
identity_pair,IDP3-0313,IDP3-0313,same_entity,same_entity,same_entity,strong_consensus,3,3,"{""same_entity"": 3}",A;B;C,False
identity_pair,IDP3-0314,IDP3-0314,insufficient_evidence,insufficient_evidence,insufficient_evidence,weak_consensus,3,2,"{""different_entity"": 1, ""insufficient_evidence"": 2}",A;B;C,False
identity_pair,IDP3-0315,IDP3-0315,same_entity,same_entity,same_entity,strong_consensus,3,3,"{""same_entity"": 3}",A;B;C,False
identity_pair,IDP3-0316,IDP3-0316,same_entity,same_entity,same_entity,strong_consensus,3,3,"{""same_entity"": 3}",A;B;C,False
identity_pair,IDP3-0317,IDP3-0317,same_entity,same_entity,same_entity,weak_consensus,3,2,"{""different_entity"": 1, ""same_entity"": 2}",A;B;C,False
identity_pair,IDP3-0318,IDP3-0318,same_entity,same_entity,same_entity,strong_consensus,3,3,"{""same_entity"": 3}",A;B;C,False
identity_pair,IDP3-0319,IDP3-0319,same_entity,same_entity,same_entity,strong_consensus,3,3,"{""same_entity"": 3}",A;B;C,False
identity_pair,IDP3-0320,IDP3-0320,same_entity,same_entity,same_entity,weak_consensus,3,2,"{""insufficient_evidence"": 1, ""same_entity"": 2}",A;B;C,False
identity_pair,IDP3-0321,IDP3-0321,same_entity,same_entity,same_entity,strong_consensus,3,3,"{""same_entity"": 3}",A;B;C,False
identity_pair,IDP3-0322,IDP3-0322,same_entity,same_entity,same_entity,weak_consensus,3,2,"{""insufficient_evidence"": 1, ""same_entity"": 2}",A;B;C,False
identity_pair,IDP3-0323,IDP3-0323,same_entity,same_entity,same_entity,strong_consensus,3,3,"{""same_entity"": 3}",A;B;C,False
identity_pair,IDP3-0324,IDP3-0324,same_entity,same_entity,same_entity,weak_consensus,3,2,"{""insufficient_evidence"": 1, ""same_entity"": 2}",A;B;C,False
identity_pair,IDP3-0325,IDP3-0325,same_entity,same_entity,same_entity,strong_consensus,3,3,"{""same_entity"": 3}",A;B;C,False
identity_pair,IDP3-0326,IDP3-0326,same_entity,same_entity,same_entity,strong_consensus,3,3,"{""same_entity"": 3}",A;B;C,False
identity_pair,IDP3-0327,IDP3-0327,same_entity,same_entity,same_entity,weak_consensus,3,2,"{""insufficient_evidence"": 1, ""same_entity"": 2}",A;B;C,False
identity_pair,IDP3-0328,IDP3-0328,same_entity,same_entity,same_entity,strong_consensus,3,3,"{""same_entity"": 3}",A;B;C,False
identity_pair,IDP3-0329,IDP3-0329,same_entity,same_entity,same_entity,weak_consensus,3,2,"{""insufficient_evidence"": 1, ""same_entity"": 2}",A;B;C,False
identity_pair,IDP3-0330,IDP3-0330,insufficient_evidence,insufficient_evidence,insufficient_evidence,weak_consensus,3,2,"{""insufficient_evidence"": 2, ""same_entity"": 1}",A;B;C,False
identity_pair,IDP3-0331,IDP3-0331,same_entity,same_entity,same_entity,strong_consensus,3,3,"{""same_entity"": 3}",A;B;C,False
identity_pair,IDP3-0332,IDP3-0332,same_entity,same_entity,same_entity,strong_consensus,3,3,"{""same_entity"": 3}",A;B;C,False
identity_pair,IDP3-0333,IDP3-0333,same_entity,same_entity,same_entity,strong_consensus,3,3,"{""same_entity"": 3}",A;B;C,False
identity_pair,IDP3-0334,IDP3-0334,same_entity,same_entity,same_entity,strong_consensus,3,3,"{""same_entity"": 3}",A;B;C,False
identity_pair,IDP3-0335,IDP3-0335,same_entity,same_entity,same_entity,strong_consensus,3,3,"{""same_entity"": 3}",A;B;C,False
identity_pair,IDP3-0336,IDP3-0336,same_entity,same_entity,same_entity,strong_consensus,3,3,"{""same_entity"": 3}",A;B;C,False
identity_pair,IDP3-0337,IDP3-0337,same_entity,same_entity,same_entity,strong_consensus,3,3,"{""same_entity"": 3}",A;B;C,False
identity_pair,IDP3-0338,IDP3-0338,same_entity,same_entity,same_entity,strong_consensus,3,3,"{""same_entity"": 3}",A;B;C,False
identity_pair,IDP3-0339,IDP3-0339,same_entity,same_entity,same_entity,strong_consensus,3,3,"{""same_entity"": 3}",A;B;C,False
identity_pair,IDP3-0340,IDP3-0340,same_entity,same_entity,same_entity,strong_consensus,3,3,"{""same_entity"": 3}",A;B;C,False
identity_pair,IDP3-0341,IDP3-0341,same_entity,same_entity,same_entity,strong_consensus,3,3,"{""same_entity"": 3}",A;B;C,False
identity_pair,IDP3-0342,IDP3-0342,same_entity,same_entity,same_entity,weak_consensus,3,2,"{""insufficient_evidence"": 1, ""same_entity"": 2}",A;B;C,False
identity_pair,IDP3-0343,IDP3-0343,same_entity,same_entity,same_entity,weak_consensus,3,2,"{""insufficient_evidence"": 1, ""same_entity"": 2}",A;B;C,False
identity_pair,IDP3-0344,IDP3-0344,same_entity,same_entity,same_entity,weak_consensus,3,2,"{""insufficient_evidence"": 1, ""same_entity"": 2}",A;B;C,False
identity_pair,IDP3-0345,IDP3-0345,insufficient_evidence,insufficient_evidence,insufficient_evidence,weak_consensus,3,2,"{""insufficient_evidence"": 2, ""same_entity"": 1}",A;B;C,False
identity_pair,IDP3-0346,IDP3-0346,same_entity,same_entity,same_entity,strong_consensus,3,3,"{""same_entity"": 3}",A;B;C,False
identity_pair,IDP3-0347,IDP3-0347,same_entity,same_entity,same_entity,strong_consensus,3,3,"{""same_entity"": 3}",A;B;C,False
identity_pair,IDP3-0348,IDP3-0348,same_entity,same_entity,same_entity,strong_consensus,3,3,"{""same_entity"": 3}",A;B;C,False
identity_pair,IDP3-0349,IDP3-0349,same_entity,same_entity,same_entity,strong_consensus,3,3,"{""same_entity"": 3}",A;B;C,False
identity_pair,IDP3-0350,IDP3-0350,same_entity,same_entity,same_entity,strong_consensus,3,3,"{""same_entity"": 3}",A;B;C,False
identity_pair,IDP3-0351,IDP3-0351,same_entity,same_entity,same_entity,weak_consensus,3,2,"{""insufficient_evidence"": 1, ""same_entity"": 2}",A;B;C,False
identity_pair,IDP3-0352,IDP3-0352,same_entity,same_entity,same_entity,strong_consensus,3,3,"{""same_entity"": 3}",A;B;C,False
identity_pair,IDP3-0353,IDP3-0353,same_entity,same_entity,same_entity,strong_consensus,3,3,"{""same_entity"": 3}",A;B;C,False
identity_pair,IDP3-0354,IDP3-0354,insufficient_evidence,insufficient_evidence,insufficient_evidence,weak_consensus,3,2,"{""insufficient_evidence"": 2, ""same_entity"": 1}",A;B;C,False
identity_pair,IDP3-0355,IDP3-0355,same_entity,same_entity,same_entity,strong_consensus,3,3,"{""same_entity"": 3}",A;B;C,False
identity_pair,IDP3-0356,IDP3-0356,same_entity,same_entity,same_entity,weak_consensus,3,2,"{""insufficient_evidence"": 1, ""same_entity"": 2}",A;B;C,False
identity_pair,IDP3-0357,IDP3-0357,same_entity,same_entity,same_entity,strong_consensus,3,3,"{""same_entity"": 3}",A;B;C,False
identity_pair,IDP3-0358,IDP3-0358,different_entity,different_entity,different_entity,weak_consensus,3,2,"{""different_entity"": 2, ""insufficient_evidence"": 1}",A;B;C,False
identity_pair,IDP3-0359,IDP3-0359,same_entity,same_entity,same_entity,strong_consensus,3,3,"{""same_entity"": 3}",A;B;C,False
identity_pair,IDP3-0360,IDP3-0360,same_entity,same_entity,same_entity,weak_consensus,3,2,"{""insufficient_evidence"": 1, ""same_entity"": 2}",A;B;C,False
identity_pair,IDP3-0361,IDP3-0361,same_entity,same_entity,same_entity,strong_consensus,3,3,"{""same_entity"": 3}",A;B;C,False
identity_pair,IDP3-0362,IDP3-0362,insufficient_evidence,insufficient_evidence,insufficient_evidence,weak_consensus,3,2,"{""insufficient_evidence"": 2, ""same_entity"": 1}",A;B;C,False
identity_pair,IDP3-0363,IDP3-0363,same_entity,same_entity,same_entity,weak_consensus,3,2,"{""insufficient_evidence"": 1, ""same_entity"": 2}",A;B;C,False
identity_pair,IDP3-0364,IDP3-0364,same_entity,same_entity,same_entity,strong_consensus,3,3,"{""same_entity"": 3}",A;B;C,False
identity_pair,IDP3-0365,IDP3-0365,insufficient_evidence,insufficient_evidence,insufficient_evidence,weak_consensus,3,2,"{""insufficient_evidence"": 2, ""same_entity"": 1}",A;B;C,False
identity_pair,IDP3-0367,IDP3-0367,same_entity,same_entity,same_entity,strong_consensus,3,3,"{""same_entity"": 3}",A;B;C,False
identity_pair,IDP3-0368,IDP3-0368,same_entity,same_entity,same_entity,strong_consensus,3,3,"{""same_entity"": 3}",A;B;C,False
identity_pair,IDP3-0369,IDP3-0369,insufficient_evidence,insufficient_evidence,insufficient_evidence,weak_consensus,3,2,"{""insufficient_evidence"": 2, ""same_entity"": 1}",A;B;C,False
identity_pair,IDP3-0371,IDP3-0371,same_entity,same_entity,same_entity,weak_consensus,3,2,"{""insufficient_evidence"": 1, ""same_entity"": 2}",A;B;C,False
identity_pair,IDP3-0372,IDP3-0372,insufficient_evidence,insufficient_evidence,insufficient_evidence,weak_consensus,3,2,"{""insufficient_evidence"": 2, ""same_entity"": 1}",A;B;C,False
identity_pair,IDP3-0373,IDP3-0373,different_entity,different_entity,different_entity,weak_consensus,3,2,"{""different_entity"": 2, ""insufficient_evidence"": 1}",A;B;C,False
identity_pair,IDP3-0374,IDP3-0374,insufficient_evidence,insufficient_evidence,insufficient_evidence,weak_consensus,3,2,"{""insufficient_evidence"": 2, ""same_entity"": 1}",A;B;C,False
identity_pair,IDP3-0375,IDP3-0375,same_entity,same_entity,same_entity,weak_consensus,3,2,"{""insufficient_evidence"": 1, ""same_entity"": 2}",A;B;C,False
identity_pair,IDP3-0376,IDP3-0376,same_entity,same_entity,same_entity,weak_consensus,3,2,"{""insufficient_evidence"": 1, ""same_entity"": 2}",A;B;C,False
identity_pair,IDP3-0377,IDP3-0377,same_entity,same_entity,same_entity,strong_consensus,3,3,"{""same_entity"": 3}",A;B;C,False
identity_pair,IDP3-0378,IDP3-0378,same_entity,same_entity,same_entity,weak_consensus,3,2,"{""insufficient_evidence"": 1, ""same_entity"": 2}",A;B;C,False
identity_pair,IDP3-0379,IDP3-0379,same_entity,same_entity,same_entity,weak_consensus,3,2,"{""insufficient_evidence"": 1, ""same_entity"": 2}",A;B;C,False
identity_pair,IDP3-0380,IDP3-0380,same_entity,same_entity,same_entity,strong_consensus,3,3,"{""same_entity"": 3}",A;B;C,False
identity_pair,IDP3-0381,IDP3-0381,same_entity,same_entity,same_entity,weak_consensus,3,2,"{""insufficient_evidence"": 1, ""same_entity"": 2}",A;B;C,False
identity_pair,IDP3-0382,IDP3-0382,same_entity,same_entity,same_entity,weak_consensus,3,2,"{""insufficient_evidence"": 1, ""same_entity"": 2}",A;B;C,False
identity_pair,IDP3-0383,IDP3-0383,same_entity,same_entity,same_entity,strong_consensus,3,3,"{""same_entity"": 3}",A;B;C,False
identity_pair,IDP3-0384,IDP3-0384,insufficient_evidence,insufficient_evidence,insufficient_evidence,weak_consensus,3,2,"{""insufficient_evidence"": 2, ""same_entity"": 1}",A;B;C,False
identity_pair,IDP3-0386,IDP3-0386,insufficient_evidence,insufficient_evidence,insufficient_evidence,weak_consensus,3,2,"{""insufficient_evidence"": 2, ""same_entity"": 1}",A;B;C,False
identity_pair,IDP3-0387,IDP3-0387,different_entity,different_entity,different_entity,weak_consensus,3,2,"{""different_entity"": 2, ""insufficient_evidence"": 1}",A;B;C,False
identity_pair,IDP3-0388,IDP3-0388,insufficient_evidence,insufficient_evidence,insufficient_evidence,weak_consensus,3,2,"{""insufficient_evidence"": 2, ""same_entity"": 1}",A;B;C,False
identity_pair,IDP3-0389,IDP3-0389,different_entity,different_entity,different_entity,weak_consensus,3,2,"{""different_entity"": 2, ""insufficient_evidence"": 1}",A;B;C,False
identity_pair,IDP3-0390,IDP3-0390,same_entity,same_entity,same_entity,weak_consensus,3,2,"{""insufficient_evidence"": 1, ""same_entity"": 2}",A;B;C,False
identity_pair,IDP3-0391,IDP3-0391,different_entity,different_entity,different_entity,strong_consensus,3,3,"{""different_entity"": 3}",A;B;C,False
identity_pair,IDP3-0392,IDP3-0392,same_entity,same_entity,same_entity,weak_consensus,3,2,"{""insufficient_evidence"": 1, ""same_entity"": 2}",A;B;C,False
identity_pair,IDP3-0393,IDP3-0393,different_entity,different_entity,different_entity,weak_consensus,3,2,"{""different_entity"": 2, ""insufficient_evidence"": 1}",A;B;C,False
identity_pair,IDP3-0394,IDP3-0394,insufficient_evidence,insufficient_evidence,insufficient_evidence,weak_consensus,3,2,"{""insufficient_evidence"": 2, ""same_entity"": 1}",A;B;C,False
identity_pair,IDP3-0395,IDP3-0395,insufficient_evidence,insufficient_evidence,insufficient_evidence,weak_consensus,3,2,"{""insufficient_evidence"": 2, ""same_entity"": 1}",A;B;C,False
identity_pair,IDP3-0396,IDP3-0396,same_entity,same_entity,same_entity,strong_consensus,3,3,"{""same_entity"": 3}",A;B;C,False
identity_pair,IDP3-0397,IDP3-0397,insufficient_evidence,insufficient_evidence,insufficient_evidence,weak_consensus,3,2,"{""insufficient_evidence"": 2, ""same_entity"": 1}",A;B;C,False
identity_pair,IDP3-0398,IDP3-0398,insufficient_evidence,insufficient_evidence,insufficient_evidence,weak_consensus,3,2,"{""different_entity"": 1, ""insufficient_evidence"": 2}",A;B;C,False
identity_pair,IDP3-0399,IDP3-0399,same_entity,same_entity,same_entity,weak_consensus,3,2,"{""insufficient_evidence"": 1, ""same_entity"": 2}",A;B;C,False
identity_pair,IDP3-0400,IDP3-0400,insufficient_evidence,insufficient_evidence,insufficient_evidence,weak_consensus,3,2,"{""insufficient_evidence"": 2, ""same_entity"": 1}",A;B;C,False
identity_pair,IDP3-0401,IDP3-0401,same_entity,same_entity,same_entity,weak_consensus,3,2,"{""insufficient_evidence"": 1, ""same_entity"": 2}",A;B;C,False
identity_pair,IDP3-0402,IDP3-0402,insufficient_evidence,insufficient_evidence,insufficient_evidence,weak_consensus,3,2,"{""insufficient_evidence"": 2, ""same_entity"": 1}",A;B;C,False
identity_pair,IDP3-0403,IDP3-0403,insufficient_evidence,insufficient_evidence,insufficient_evidence,weak_consensus,3,2,"{""insufficient_evidence"": 2, ""same_entity"": 1}",A;B;C,False
identity_pair,IDP3-0404,IDP3-0404,different_entity,different_entity,different_entity,weak_consensus,3,2,"{""different_entity"": 2, ""insufficient_evidence"": 1}",A;B;C,False
identity_pair,IDP3-0405,IDP3-0405,insufficient_evidence,insufficient_evidence,insufficient_evidence,weak_consensus,3,2,"{""different_entity"": 1, ""insufficient_evidence"": 2}",A;B;C,False
identity_pair,IDP3-0407,IDP3-0407,same_entity,same_entity,same_entity,weak_consensus,3,2,"{""insufficient_evidence"": 1, ""same_entity"": 2}",A;B;C,False
identity_pair,IDP3-0408,IDP3-0408,insufficient_evidence,insufficient_evidence,insufficient_evidence,weak_consensus,3,2,"{""insufficient_evidence"": 2, ""same_entity"": 1}",A;B;C,False
identity_pair,IDP3-0409,IDP3-0409,insufficient_evidence,insufficient_evidence,insufficient_evidence,weak_consensus,3,2,"{""insufficient_evidence"": 2, ""same_entity"": 1}",A;B;C,False
identity_pair,IDP3-0410,IDP3-0410,insufficient_evidence,insufficient_evidence,insufficient_evidence,weak_consensus,3,2,"{""insufficient_evidence"": 2, ""same_entity"": 1}",A;B;C,False
identity_pair,IDP3-0411,IDP3-0411,different_entity,different_entity,different_entity,strong_consensus,3,3,"{""different_entity"": 3}",A;B;C,False
identity_pair,IDP3-0412,IDP3-0412,different_entity,different_entity,different_entity,strong_consensus,3,3,"{""different_entity"": 3}",A;B;C,False
identity_pair,IDP3-0413,IDP3-0413,different_entity,different_entity,different_entity,strong_consensus,3,3,"{""different_entity"": 3}",A;B;C,False
identity_pair,IDP3-0414,IDP3-0414,different_entity,different_entity,different_entity,weak_consensus,3,2,"{""different_entity"": 2, ""insufficient_evidence"": 1}",A;B;C,False
identity_pair,IDP3-0415,IDP3-0415,different_entity,different_entity,different_entity,weak_consensus,3,2,"{""different_entity"": 2, ""insufficient_evidence"": 1}",A;B;C,False
identity_pair,IDP3-0416,IDP3-0416,different_entity,different_entity,different_entity,strong_consensus,3,3,"{""different_entity"": 3}",A;B;C,False
identity_pair,IDP3-0417,IDP3-0417,different_entity,different_entity,different_entity,strong_consensus,3,3,"{""different_entity"": 3}",A;B;C,False
identity_pair,IDP3-0418,IDP3-0418,different_entity,different_entity,different_entity,weak_consensus,3,2,"{""different_entity"": 2, ""insufficient_evidence"": 1}",A;B;C,False
identity_pair,IDP3-0419,IDP3-0419,different_entity,different_entity,different_entity,weak_consensus,3,2,"{""different_entity"": 2, ""insufficient_evidence"": 1}",A;B;C,False
identity_pair,IDP3-0420,IDP3-0420,different_entity,different_entity,different_entity,strong_consensus,3,3,"{""different_entity"": 3}",A;B;C,False
identity_pair,IDP3-0421,IDP3-0421,different_entity,different_entity,different_entity,strong_consensus,3,3,"{""different_entity"": 3}",A;B;C,False
identity_pair,IDP3-0422,IDP3-0422,different_entity,different_entity,different_entity,strong_consensus,3,3,"{""different_entity"": 3}",A;B;C,False
identity_pair,IDP3-0423,IDP3-0423,different_entity,different_entity,different_entity,weak_consensus,3,2,"{""different_entity"": 2, ""insufficient_evidence"": 1}",A;B;C,False
identity_pair,IDP3-0424,IDP3-0424,different_entity,different_entity,different_entity,strong_consensus,3,3,"{""different_entity"": 3}",A;B;C,False
identity_pair,IDP3-0425,IDP3-0425,different_entity,different_entity,different_entity,weak_consensus,3,2,"{""different_entity"": 2, ""insufficient_evidence"": 1}",A;B;C,False
identity_pair,IDP3-0426,IDP3-0426,different_entity,different_entity,different_entity,weak_consensus,3,2,"{""different_entity"": 2, ""insufficient_evidence"": 1}",A;B;C,False
identity_pair,IDP3-0427,IDP3-0427,different_entity,different_entity,different_entity,strong_consensus,3,3,"{""different_entity"": 3}",A;B;C,False
identity_pair,IDP3-0428,IDP3-0428,different_entity,different_entity,different_entity,strong_consensus,3,3,"{""different_entity"": 3}",A;B;C,False
identity_pair,IDP3-0429,IDP3-0429,different_entity,different_entity,different_entity,strong_consensus,3,3,"{""different_entity"": 3}",A;B;C,False
identity_pair,IDP3-0430,IDP3-0430,insufficient_evidence,insufficient_evidence,insufficient_evidence,weak_consensus,3,2,"{""different_entity"": 1, ""insufficient_evidence"": 2}",A;B;C,False
identity_pair,IDP3-0431,IDP3-0431,different_entity,different_entity,different_entity,strong_consensus,3,3,"{""different_entity"": 3}",A;B;C,False
identity_pair,IDP3-0432,IDP3-0432,different_entity,different_entity,different_entity,strong_consensus,3,3,"{""different_entity"": 3}",A;B;C,False
identity_pair,IDP3-0433,IDP3-0433,different_entity,different_entity,different_entity,strong_consensus,3,3,"{""different_entity"": 3}",A;B;C,False
identity_pair,IDP3-0434,IDP3-0434,different_entity,different_entity,different_entity,weak_consensus,3,2,"{""different_entity"": 2, ""insufficient_evidence"": 1}",A;B;C,False
identity_pair,IDP3-0435,IDP3-0435,different_entity,different_entity,different_entity,strong_consensus,3,3,"{""different_entity"": 3}",A;B;C,False
identity_pair,IDP3-0436,IDP3-0436,different_entity,different_entity,different_entity,strong_consensus,3,3,"{""different_entity"": 3}",A;B;C,False
identity_pair,IDP3-0437,IDP3-0437,different_entity,different_entity,different_entity,weak_consensus,3,2,"{""different_entity"": 2, ""insufficient_evidence"": 1}",A;B;C,False
identity_pair,IDP3-0438,IDP3-0438,different_entity,different_entity,different_entity,strong_consensus,3,3,"{""different_entity"": 3}",A;B;C,False
identity_pair,IDP3-0439,IDP3-0439,different_entity,different_entity,different_entity,strong_consensus,3,3,"{""different_entity"": 3}",A;B;C,False
identity_pair,IDP3-0440,IDP3-0440,different_entity,different_entity,different_entity,strong_consensus,3,3,"{""different_entity"": 3}",A;B;C,False
identity_pair,IDP3-0441,IDP3-0441,different_entity,different_entity,different_entity,strong_consensus,3,3,"{""different_entity"": 3}",A;B;C,False
identity_pair,IDP3-0442,IDP3-0442,different_entity,different_entity,different_entity,strong_consensus,3,3,"{""different_entity"": 3}",A;B;C,False
identity_pair,IDP3-0443,IDP3-0443,different_entity,different_entity,different_entity,strong_consensus,3,3,"{""different_entity"": 3}",A;B;C,False
identity_pair,IDP3-0444,IDP3-0444,different_entity,different_entity,different_entity,strong_consensus,3,3,"{""different_entity"": 3}",A;B;C,False
identity_pair,IDP3-0445,IDP3-0445,different_entity,different_entity,different_entity,weak_consensus,3,2,"{""different_entity"": 2, ""insufficient_evidence"": 1}",A;B;C,False
identity_pair,IDP3-0446,IDP3-0446,different_entity,different_entity,different_entity,weak_consensus,3,2,"{""different_entity"": 2, ""insufficient_evidence"": 1}",A;B;C,False
identity_pair,IDP3-0447,IDP3-0447,different_entity,different_entity,different_entity,strong_consensus,3,3,"{""different_entity"": 3}",A;B;C,False
identity_pair,IDP3-0448,IDP3-0448,insufficient_evidence,insufficient_evidence,insufficient_evidence,weak_consensus,3,2,"{""different_entity"": 1, ""insufficient_evidence"": 2}",A;B;C,False
identity_pair,IDP3-0449,IDP3-0449,different_entity,different_entity,different_entity,strong_consensus,3,3,"{""different_entity"": 3}",A;B;C,False
identity_pair,IDP3-0450,IDP3-0450,different_entity,different_entity,different_entity,weak_consensus,3,2,"{""different_entity"": 2, ""insufficient_evidence"": 1}",A;B;C,False
identity_pair,IDP3-0451,IDP3-0451,different_entity,different_entity,different_entity,weak_consensus,3,2,"{""different_entity"": 2, ""insufficient_evidence"": 1}",A;B;C,False
identity_pair,IDP3-0452,IDP3-0452,different_entity,different_entity,different_entity,strong_consensus,3,3,"{""different_entity"": 3}",A;B;C,False
identity_pair,IDP3-0453,IDP3-0453,different_entity,different_entity,different_entity,strong_consensus,3,3,"{""different_entity"": 3}",A;B;C,False
identity_pair,IDP3-0454,IDP3-0454,different_entity,different_entity,different_entity,strong_consensus,3,3,"{""different_entity"": 3}",A;B;C,False
identity_pair,IDP3-0455,IDP3-0455,different_entity,different_entity,different_entity,strong_consensus,3,3,"{""different_entity"": 3}",A;B;C,False
identity_pair,IDP3-0456,IDP3-0456,different_entity,different_entity,different_entity,strong_consensus,3,3,"{""different_entity"": 3}",A;B;C,False
identity_pair,IDP3-0457,IDP3-0457,insufficient_evidence,insufficient_evidence,insufficient_evidence,weak_consensus,3,2,"{""different_entity"": 1, ""insufficient_evidence"": 2}",A;B;C,False
identity_pair,IDP3-0458,IDP3-0458,different_entity,different_entity,different_entity,strong_consensus,3,3,"{""different_entity"": 3}",A;B;C,False
identity_pair,IDP3-0459,IDP3-0459,different_entity,different_entity,different_entity,strong_consensus,3,3,"{""different_entity"": 3}",A;B;C,False
identity_pair,IDP3-0460,IDP3-0460,different_entity,different_entity,different_entity,strong_consensus,3,3,"{""different_entity"": 3}",A;B;C,False
identity_pair,IDP3-0461,IDP3-0461,same_entity,same_entity,same_entity,weak_consensus,3,2,"{""insufficient_evidence"": 1, ""same_entity"": 2}",A;B;C,False
identity_pair,IDP3-0462,IDP3-0462,different_entity,different_entity,different_entity,weak_consensus,3,2,"{""different_entity"": 2, ""insufficient_evidence"": 1}",A;B;C,False
identity_pair,IDP3-0463,IDP3-0463,same_entity,same_entity,same_entity,strong_consensus,3,3,"{""same_entity"": 3}",A;B;C,False
identity_pair,IDP3-0464,IDP3-0464,different_entity,different_entity,different_entity,weak_consensus,3,2,"{""different_entity"": 2, ""same_entity"": 1}",A;B;C,False
identity_pair,IDP3-0465,IDP3-0465,same_entity,same_entity,same_entity,strong_consensus,3,3,"{""same_entity"": 3}",A;B;C,False
identity_pair,IDP3-0466,IDP3-0466,same_entity,same_entity,same_entity,strong_consensus,3,3,"{""same_entity"": 3}",A;B;C,False
identity_pair,IDP3-0467,IDP3-0467,same_entity,same_entity,same_entity,strong_consensus,3,3,"{""same_entity"": 3}",A;B;C,False
identity_pair,IDP3-0468,IDP3-0468,same_entity,same_entity,same_entity,strong_consensus,3,3,"{""same_entity"": 3}",A;B;C,False
identity_pair,IDP3-0469,IDP3-0469,same_entity,same_entity,same_entity,strong_consensus,3,3,"{""same_entity"": 3}",A;B;C,False
identity_pair,IDP3-0470,IDP3-0470,same_entity,same_entity,same_entity,strong_consensus,3,3,"{""same_entity"": 3}",A;B;C,False
identity_pair,IDP3-0471,IDP3-0471,same_entity,same_entity,same_entity,strong_consensus,3,3,"{""same_entity"": 3}",A;B;C,False
identity_pair,IDP3-0472,IDP3-0472,different_entity,different_entity,different_entity,strong_consensus,3,3,"{""different_entity"": 3}",A;B;C,False
identity_pair,IDP3-0473,IDP3-0473,same_entity,same_entity,same_entity,weak_consensus,3,2,"{""different_entity"": 1, ""same_entity"": 2}",A;B;C,False
identity_pair,IDP3-0474,IDP3-0474,same_entity,same_entity,same_entity,weak_consensus,3,2,"{""different_entity"": 1, ""same_entity"": 2}",A;B;C,False
identity_pair,IDP3-0475,IDP3-0475,same_entity,same_entity,same_entity,strong_consensus,3,3,"{""same_entity"": 3}",A;B;C,False
identity_pair,IDP3-0476,IDP3-0476,same_entity,same_entity,same_entity,weak_consensus,3,2,"{""different_entity"": 1, ""same_entity"": 2}",A;B;C,False
identity_pair,IDP3-0477,IDP3-0477,same_entity,same_entity,same_entity,strong_consensus,3,3,"{""same_entity"": 3}",A;B;C,False
identity_pair,IDP3-0478,IDP3-0478,insufficient_evidence,insufficient_evidence,insufficient_evidence,weak_consensus,3,2,"{""different_entity"": 1, ""insufficient_evidence"": 2}",A;B;C,False
identity_pair,IDP3-0479,IDP3-0479,same_entity,same_entity,same_entity,weak_consensus,3,2,"{""insufficient_evidence"": 1, ""same_entity"": 2}",A;B;C,False
identity_pair,IDP3-0480,IDP3-0480,same_entity,same_entity,same_entity,strong_consensus,3,3,"{""same_entity"": 3}",A;B;C,False
identity_pair,IDP3-0481,IDP3-0481,same_entity,same_entity,same_entity,strong_consensus,3,3,"{""same_entity"": 3}",A;B;C,False
identity_pair,IDP3-0482,IDP3-0482,same_entity,same_entity,same_entity,strong_consensus,3,3,"{""same_entity"": 3}",A;B;C,False
identity_pair,IDP3-0483,IDP3-0483,same_entity,same_entity,same_entity,strong_consensus,3,3,"{""same_entity"": 3}",A;B;C,False
identity_pair,IDP3-0484,IDP3-0484,same_entity,same_entity,same_entity,strong_consensus,3,3,"{""same_entity"": 3}",A;B;C,False
identity_pair,IDP3-0485,IDP3-0485,same_entity,same_entity,same_entity,strong_consensus,3,3,"{""same_entity"": 3}",A;B;C,False
identity_pair,IDP3-0486,IDP3-0486,same_entity,same_entity,same_entity,weak_consensus,3,2,"{""insufficient_evidence"": 1, ""same_entity"": 2}",A;B;C,False
identity_pair,IDP3-0487,IDP3-0487,same_entity,same_entity,same_entity,strong_consensus,3,3,"{""same_entity"": 3}",A;B;C,False
identity_pair,IDP3-0488,IDP3-0488,same_entity,same_entity,same_entity,strong_consensus,3,3,"{""same_entity"": 3}",A;B;C,False
identity_pair,IDP3-0489,IDP3-0489,same_entity,same_entity,same_entity,weak_consensus,3,2,"{""different_entity"": 1, ""same_entity"": 2}",A;B;C,False
identity_pair,IDP3-0490,IDP3-0490,same_entity,same_entity,same_entity,strong_consensus,3,3,"{""same_entity"": 3}",A;B;C,False
identity_pair,IDP3-0491,IDP3-0491,same_entity,same_entity,same_entity,strong_consensus,3,3,"{""same_entity"": 3}",A;B;C,False
identity_pair,IDP3-0492,IDP3-0492,same_entity,same_entity,same_entity,strong_consensus,3,3,"{""same_entity"": 3}",A;B;C,False
identity_pair,IDP3-0493,IDP3-0493,same_entity,same_entity,same_entity,strong_consensus,3,3,"{""same_entity"": 3}",A;B;C,False
identity_pair,IDP3-0494,IDP3-0494,same_entity,same_entity,same_entity,strong_consensus,3,3,"{""same_entity"": 3}",A;B;C,False
identity_pair,IDP3-0495,IDP3-0495,same_entity,same_entity,same_entity,strong_consensus,3,3,"{""same_entity"": 3}",A;B;C,False
identity_pair,IDP3-0496,IDP3-0496,same_entity,same_entity,same_entity,strong_consensus,3,3,"{""same_entity"": 3}",A;B;C,False
identity_pair,IDP3-0497,IDP3-0497,same_entity,same_entity,same_entity,strong_consensus,3,3,"{""same_entity"": 3}",A;B;C,False
identity_pair,IDP3-0498,IDP3-0498,same_entity,same_entity,same_entity,strong_consensus,3,3,"{""same_entity"": 3}",A;B;C,False
identity_pair,IDP3-0499,IDP3-0499,same_entity,same_entity,same_entity,strong_consensus,3,3,"{""same_entity"": 3}",A;B;C,False
identity_pair,IDP3-0500,IDP3-0500,same_entity,same_entity,same_entity,strong_consensus,3,3,"{""same_entity"": 3}",A;B;C,False
identity_pair,IDP3-0501,IDP3-0501,same_entity,same_entity,same_entity,strong_consensus,3,3,"{""same_entity"": 3}",A;B;C,False
identity_pair,IDP3-0502,IDP3-0502,insufficient_evidence,insufficient_evidence,insufficient_evidence,strong_consensus,3,3,"{""insufficient_evidence"": 3}",A;B;C,False
identity_pair,IDP3-0503,IDP3-0503,same_entity,same_entity,same_entity,strong_consensus,3,3,"{""same_entity"": 3}",A;B;C,False
identity_pair,IDP3-0504,IDP3-0504,same_entity,same_entity,same_entity,strong_consensus,3,3,"{""same_entity"": 3}",A;B;C,False
identity_pair,IDP3-0505,IDP3-0505,same_entity,same_entity,same_entity,strong_consensus,3,3,"{""same_entity"": 3}",A;B;C,False
identity_pair,IDP3-0506,IDP3-0506,same_entity,same_entity,same_entity,strong_consensus,3,3,"{""same_entity"": 3}",A;B;C,False
identity_pair,IDP3-0507,IDP3-0507,same_entity,same_entity,same_entity,strong_consensus,3,3,"{""same_entity"": 3}",A;B;C,False
identity_pair,IDP3-0508,IDP3-0508,same_entity,same_entity,same_entity,weak_consensus,3,2,"{""insufficient_evidence"": 1, ""same_entity"": 2}",A;B;C,False
identity_pair,IDP3-0509,IDP3-0509,same_entity,same_entity,same_entity,strong_consensus,3,3,"{""same_entity"": 3}",A;B;C,False
identity_pair,IDP3-0510,IDP3-0510,same_entity,same_entity,same_entity,weak_consensus,3,2,"{""different_entity"": 1, ""same_entity"": 2}",A;B;C,False
identity_pair,IDP3-0511,IDP3-0511,same_entity,same_entity,same_entity,strong_consensus,3,3,"{""same_entity"": 3}",A;B;C,False
identity_pair,IDP3-0512,IDP3-0512,different_entity,different_entity,different_entity,weak_consensus,3,2,"{""different_entity"": 2, ""insufficient_evidence"": 1}",A;B;C,False
identity_pair,IDP3-0513,IDP3-0513,same_entity,same_entity,same_entity,strong_consensus,3,3,"{""same_entity"": 3}",A;B;C,False
identity_pair,IDP3-0514,IDP3-0514,same_entity,same_entity,same_entity,strong_consensus,3,3,"{""same_entity"": 3}",A;B;C,False
identity_pair,IDP3-0515,IDP3-0515,same_entity,same_entity,same_entity,strong_consensus,3,3,"{""same_entity"": 3}",A;B;C,False
identity_pair,IDP3-0516,IDP3-0516,same_entity,same_entity,same_entity,strong_consensus,3,3,"{""same_entity"": 3}",A;B;C,False
identity_pair,IDP3-0517,IDP3-0517,same_entity,same_entity,same_entity,strong_consensus,3,3,"{""same_entity"": 3}",A;B;C,False
identity_pair,IDP3-0518,IDP3-0518,same_entity,same_entity,same_entity,strong_consensus,3,3,"{""same_entity"": 3}",A;B;C,False
identity_pair,IDP3-0519,IDP3-0519,same_entity,same_entity,same_entity,weak_consensus,3,2,"{""different_entity"": 1, ""same_entity"": 2}",A;B;C,False
identity_pair,IDP3-0520,IDP3-0520,same_entity,same_entity,same_entity,strong_consensus,3,3,"{""same_entity"": 3}",A;B;C,False
identity_pair,IDP3-0521,IDP3-0521,same_entity,same_entity,same_entity,strong_consensus,3,3,"{""same_entity"": 3}",A;B;C,False
identity_pair,IDP3-0522,IDP3-0522,same_entity,same_entity,same_entity,weak_consensus,3,2,"{""insufficient_evidence"": 1, ""same_entity"": 2}",A;B;C,False
identity_pair,IDP3-0523,IDP3-0523,same_entity,same_entity,same_entity,weak_consensus,3,2,"{""different_entity"": 1, ""same_entity"": 2}",A;B;C,False
identity_pair,IDP3-0524,IDP3-0524,same_entity,same_entity,same_entity,strong_consensus,3,3,"{""same_entity"": 3}",A;B;C,False
identity_pair,IDP3-0525,IDP3-0525,same_entity,same_entity,same_entity,strong_consensus,3,3,"{""same_entity"": 3}",A;B;C,False
identity_pair,IDP3-0526,IDP3-0526,different_entity,different_entity,different_entity,weak_consensus,3,2,"{""different_entity"": 2, ""insufficient_evidence"": 1}",A;B;C,False
identity_pair,IDP3-0527,IDP3-0527,same_entity,same_entity,same_entity,strong_consensus,3,3,"{""same_entity"": 3}",A;B;C,False
identity_pair,IDP3-0528,IDP3-0528,same_entity,same_entity,same_entity,strong_consensus,3,3,"{""same_entity"": 3}",A;B;C,False
identity_pair,IDP3-0529,IDP3-0529,same_entity,same_entity,same_entity,weak_consensus,3,2,"{""insufficient_evidence"": 1, ""same_entity"": 2}",A;B;C,False
identity_pair,IDP3-0530,IDP3-0530,same_entity,same_entity,same_entity,weak_consensus,3,2,"{""insufficient_evidence"": 1, ""same_entity"": 2}",A;B;C,False
identity_pair,IDP3-0531,IDP3-0531,same_entity,same_entity,same_entity,weak_consensus,3,2,"{""insufficient_evidence"": 1, ""same_entity"": 2}",A;B;C,False
identity_pair,IDP3-0532,IDP3-0532,same_entity,same_entity,same_entity,weak_consensus,3,2,"{""different_entity"": 1, ""same_entity"": 2}",A;B;C,False
identity_pair,IDP3-0533,IDP3-0533,same_entity,same_entity,same_entity,weak_consensus,3,2,"{""different_entity"": 1, ""same_entity"": 2}",A;B;C,False
identity_pair,IDP3-0534,IDP3-0534,insufficient_evidence,insufficient_evidence,insufficient_evidence,weak_consensus,3,2,"{""insufficient_evidence"": 2, ""same_entity"": 1}",A;B;C,False
identity_pair,IDP3-0535,IDP3-0535,same_entity,same_entity,same_entity,strong_consensus,3,3,"{""same_entity"": 3}",A;B;C,False
identity_pair,IDP3-0536,IDP3-0536,insufficient_evidence,insufficient_evidence,insufficient_evidence,weak_consensus,3,2,"{""different_entity"": 1, ""insufficient_evidence"": 2}",A;B;C,False
identity_pair,IDP3-0537,IDP3-0537,same_entity,same_entity,same_entity,strong_consensus,3,3,"{""same_entity"": 3}",A;B;C,False
identity_pair,IDP3-0539,IDP3-0539,same_entity,same_entity,same_entity,strong_consensus,3,3,"{""same_entity"": 3}",A;B;C,False
identity_pair,IDP3-0540,IDP3-0540,same_entity,same_entity,same_entity,strong_consensus,3,3,"{""same_entity"": 3}",A;B;C,False
identity_pair,IDP3-0541,IDP3-0541,same_entity,same_entity,same_entity,strong_consensus,3,3,"{""same_entity"": 3}",A;B;C,False
identity_pair,IDP3-0542,IDP3-0542,same_entity,same_entity,same_entity,strong_consensus,3,3,"{""same_entity"": 3}",A;B;C,False
identity_pair,IDP3-0543,IDP3-0543,same_entity,same_entity,same_entity,strong_consensus,3,3,"{""same_entity"": 3}",A;B;C,False
identity_pair,IDP3-0544,IDP3-0544,same_entity,same_entity,same_entity,strong_consensus,3,3,"{""same_entity"": 3}",A;B;C,False
identity_pair,IDP3-0545,IDP3-0545,same_entity,same_entity,same_entity,strong_consensus,3,3,"{""same_entity"": 3}",A;B;C,False
identity_pair,IDP3-0546,IDP3-0546,insufficient_evidence,insufficient_evidence,insufficient_evidence,weak_consensus,3,2,"{""different_entity"": 1, ""insufficient_evidence"": 2}",A;B;C,False
identity_pair,IDP3-0547,IDP3-0547,same_entity,same_entity,same_entity,strong_consensus,3,3,"{""same_entity"": 3}",A;B;C,False
identity_pair,IDP3-0548,IDP3-0548,same_entity,same_entity,same_entity,strong_consensus,3,3,"{""same_entity"": 3}",A;B;C,False
identity_pair,IDP3-0549,IDP3-0549,same_entity,same_entity,same_entity,strong_consensus,3,3,"{""same_entity"": 3}",A;B;C,False
identity_pair,IDP3-0550,IDP3-0550,same_entity,same_entity,same_entity,strong_consensus,3,3,"{""same_entity"": 3}",A;B;C,False
identity_pair,IDP3-0551,IDP3-0551,same_entity,same_entity,same_entity,strong_consensus,3,3,"{""same_entity"": 3}",A;B;C,False
identity_pair,IDP3-0552,IDP3-0552,same_entity,same_entity,same_entity,strong_consensus,3,3,"{""same_entity"": 3}",A;B;C,False
identity_pair,IDP3-0553,IDP3-0553,same_entity,same_entity,same_entity,strong_consensus,3,3,"{""same_entity"": 3}",A;B;C,False
identity_pair,IDP3-0554,IDP3-0554,same_entity,same_entity,same_entity,strong_consensus,3,3,"{""same_entity"": 3}",A;B;C,False
identity_pair,IDP3-0555,IDP3-0555,same_entity,same_entity,same_entity,strong_consensus,3,3,"{""same_entity"": 3}",A;B;C,False
identity_pair,IDP3-0556,IDP3-0556,insufficient_evidence,insufficient_evidence,insufficient_evidence,weak_consensus,3,2,"{""insufficient_evidence"": 2, ""same_entity"": 1}",A;B;C,False
identity_pair,IDP3-0557,IDP3-0557,same_entity,same_entity,same_entity,strong_consensus,3,3,"{""same_entity"": 3}",A;B;C,False
identity_pair,IDP3-0558,IDP3-0558,same_entity,same_entity,same_entity,strong_consensus,3,3,"{""same_entity"": 3}",A;B;C,False
identity_pair,IDP3-0559,IDP3-0559,same_entity,same_entity,same_entity,weak_consensus,3,2,"{""insufficient_evidence"": 1, ""same_entity"": 2}",A;B;C,False
identity_pair,IDP3-0560,IDP3-0560,same_entity,same_entity,same_entity,weak_consensus,3,2,"{""insufficient_evidence"": 1, ""same_entity"": 2}",A;B;C,False
identity_pair,IDP3-0561,IDP3-0561,different_entity,different_entity,different_entity,weak_consensus,3,2,"{""different_entity"": 2, ""same_entity"": 1}",A;B;C,False
identity_pair,IDP3-0562,IDP3-0562,same_entity,same_entity,same_entity,strong_consensus,3,3,"{""same_entity"": 3}",A;B;C,False
identity_pair,IDP3-0563,IDP3-0563,same_entity,same_entity,same_entity,strong_consensus,3,3,"{""same_entity"": 3}",A;B;C,False
identity_pair,IDP3-0564,IDP3-0564,different_entity,different_entity,different_entity,weak_consensus,3,2,"{""different_entity"": 2, ""same_entity"": 1}",A;B;C,False
identity_pair,IDP3-0565,IDP3-0565,different_entity,different_entity,different_entity,strong_consensus,3,3,"{""different_entity"": 3}",A;B;C,False
identity_pair,IDP3-0566,IDP3-0566,same_entity,same_entity,same_entity,weak_consensus,3,2,"{""different_entity"": 1, ""same_entity"": 2}",A;B;C,False
identity_pair,IDP3-0567,IDP3-0567,same_entity,same_entity,same_entity,strong_consensus,3,3,"{""same_entity"": 3}",A;B;C,False
identity_pair,IDP3-0568,IDP3-0568,same_entity,same_entity,same_entity,strong_consensus,3,3,"{""same_entity"": 3}",A;B;C,False
identity_pair,IDP3-0569,IDP3-0569,same_entity,same_entity,same_entity,weak_consensus,3,2,"{""different_entity"": 1, ""same_entity"": 2}",A;B;C,False
identity_pair,IDP3-0570,IDP3-0570,same_entity,same_entity,same_entity,strong_consensus,3,3,"{""same_entity"": 3}",A;B;C,False
identity_pair,IDP3-0571,IDP3-0571,same_entity,same_entity,same_entity,strong_consensus,3,3,"{""same_entity"": 3}",A;B;C,False
identity_pair,IDP3-0572,IDP3-0572,same_entity,same_entity,same_entity,strong_consensus,3,3,"{""same_entity"": 3}",A;B;C,False
identity_pair,IDP3-0573,IDP3-0573,same_entity,same_entity,same_entity,weak_consensus,3,2,"{""different_entity"": 1, ""same_entity"": 2}",A;B;C,False
identity_pair,IDP3-0574,IDP3-0574,same_entity,same_entity,same_entity,strong_consensus,3,3,"{""same_entity"": 3}",A;B;C,False
identity_pair,IDP3-0575,IDP3-0575,different_entity,different_entity,different_entity,strong_consensus,3,3,"{""different_entity"": 3}",A;B;C,False
identity_pair,IDP3-0576,IDP3-0576,same_entity,same_entity,same_entity,strong_consensus,3,3,"{""same_entity"": 3}",A;B;C,False
identity_pair,IDP3-0577,IDP3-0577,same_entity,same_entity,same_entity,strong_consensus,3,3,"{""same_entity"": 3}",A;B;C,False
identity_pair,IDP3-0578,IDP3-0578,same_entity,same_entity,same_entity,weak_consensus,3,2,"{""different_entity"": 1, ""same_entity"": 2}",A;B;C,False
identity_pair,IDP3-0579,IDP3-0579,different_entity,different_entity,different_entity,weak_consensus,3,2,"{""different_entity"": 2, ""same_entity"": 1}",A;B;C,False
identity_pair,IDP3-0580,IDP3-0580,same_entity,same_entity,same_entity,strong_consensus,3,3,"{""same_entity"": 3}",A;B;C,False
identity_pair,IDP3-0581,IDP3-0581,same_entity,same_entity,same_entity,strong_consensus,3,3,"{""same_entity"": 3}",A;B;C,False
identity_pair,IDP3-0582,IDP3-0582,same_entity,same_entity,same_entity,strong_consensus,3,3,"{""same_entity"": 3}",A;B;C,False
identity_pair,IDP3-0583,IDP3-0583,same_entity,same_entity,same_entity,strong_consensus,3,3,"{""same_entity"": 3}",A;B;C,False
identity_pair,IDP3-0584,IDP3-0584,same_entity,same_entity,same_entity,strong_consensus,3,3,"{""same_entity"": 3}",A;B;C,False
identity_pair,IDP3-0585,IDP3-0585,same_entity,same_entity,same_entity,strong_consensus,3,3,"{""same_entity"": 3}",A;B;C,False
identity_pair,IDP3-0586,IDP3-0586,insufficient_evidence,insufficient_evidence,insufficient_evidence,weak_consensus,3,2,"{""insufficient_evidence"": 2, ""same_entity"": 1}",A;B;C,False
identity_pair,IDP3-0587,IDP3-0587,same_entity,same_entity,same_entity,weak_consensus,3,2,"{""different_entity"": 1, ""same_entity"": 2}",A;B;C,False
identity_pair,IDP3-0588,IDP3-0588,same_entity,same_entity,same_entity,strong_consensus,3,3,"{""same_entity"": 3}",A;B;C,False
identity_pair,IDP3-0589,IDP3-0589,different_entity,different_entity,different_entity,strong_consensus,3,3,"{""different_entity"": 3}",A;B;C,False
identity_pair,IDP3-0590,IDP3-0590,same_entity,same_entity,same_entity,weak_consensus,3,2,"{""insufficient_evidence"": 1, ""same_entity"": 2}",A;B;C,False
identity_pair,IDP3-0591,IDP3-0591,different_entity,different_entity,different_entity,strong_consensus,3,3,"{""different_entity"": 3}",A;B;C,False
identity_pair,IDP3-0592,IDP3-0592,different_entity,different_entity,different_entity,strong_consensus,3,3,"{""different_entity"": 3}",A;B;C,False
identity_pair,IDP3-0593,IDP3-0593,same_entity,same_entity,same_entity,strong_consensus,3,3,"{""same_entity"": 3}",A;B;C,False
identity_pair,IDP3-0594,IDP3-0594,same_entity,same_entity,same_entity,strong_consensus,3,3,"{""same_entity"": 3}",A;B;C,False
identity_pair,IDP3-0595,IDP3-0595,different_entity,different_entity,different_entity,weak_consensus,3,2,"{""different_entity"": 2, ""same_entity"": 1}",A;B;C,False
identity_pair,IDP3-0596,IDP3-0596,same_entity,same_entity,same_entity,strong_consensus,3,3,"{""same_entity"": 3}",A;B;C,False
identity_pair,IDP3-0597,IDP3-0597,different_entity,different_entity,different_entity,weak_consensus,3,2,"{""different_entity"": 2, ""same_entity"": 1}",A;B;C,False
identity_pair,IDP3-0598,IDP3-0598,same_entity,same_entity,same_entity,strong_consensus,3,3,"{""same_entity"": 3}",A;B;C,False
identity_pair,IDP3-0599,IDP3-0599,same_entity,same_entity,same_entity,weak_consensus,3,2,"{""different_entity"": 1, ""same_entity"": 2}",A;B;C,False
identity_pair,IDP3-0600,IDP3-0600,same_entity,same_entity,same_entity,strong_consensus,3,3,"{""same_entity"": 3}",A;B;C,False
provenance_support,PRV3-0002,PRV3-0002,insufficient_evidence,insufficient_evidence,insufficient_evidence,weak_consensus,3,2,"{""insufficient_evidence"": 2, ""unsupported"": 1}",A;B;C,False
provenance_support,PRV3-0003,PRV3-0003,partially_supported,partially_supported,partially_supported,strong_consensus,3,3,"{""partially_supported"": 3}",A;B;C,False
provenance_support,PRV3-0004,PRV3-0004,fully_supported,fully_supported,fully_supported,strong_consensus,3,3,"{""fully_supported"": 3}",A;B;C,False
provenance_support,PRV3-0005,PRV3-0005,fully_supported,fully_supported,fully_supported,weak_consensus,3,2,"{""fully_supported"": 2, ""partially_supported"": 1}",A;B;C,False
provenance_support,PRV3-0006,PRV3-0006,partially_supported,partially_supported,partially_supported,strong_consensus,3,3,"{""partially_supported"": 3}",A;B;C,False
provenance_support,PRV3-0007,PRV3-0007,partially_supported,partially_supported,partially_supported,weak_consensus,3,2,"{""fully_supported"": 1, ""partially_supported"": 2}",A;B;C,False
provenance_support,PRV3-0008,PRV3-0008,fully_supported,fully_supported,fully_supported,strong_consensus,3,3,"{""fully_supported"": 3}",A;B;C,False
provenance_support,PRV3-0009,PRV3-0009,contradicted,contradicted,contradicted,weak_consensus,3,2,"{""contradicted"": 2, ""partially_supported"": 1}",A;B;C,False
provenance_support,PRV3-0010,PRV3-0010,unsupported,unsupported,unsupported,weak_consensus,3,2,"{""partially_supported"": 1, ""unsupported"": 2}",A;B;C,False
provenance_support,PRV3-0011,PRV3-0011,unsupported,unsupported,unsupported,weak_consensus,3,2,"{""partially_supported"": 1, ""unsupported"": 2}",A;B;C,False
provenance_support,PRV3-0012,PRV3-0012,partially_supported,partially_supported,partially_supported,weak_consensus,3,2,"{""partially_supported"": 2, ""unsupported"": 1}",A;B;C,False
provenance_support,PRV3-0013,PRV3-0013,unsupported,unsupported,unsupported,weak_consensus,3,2,"{""insufficient_evidence"": 1, ""unsupported"": 2}",A;B;C,False
provenance_support,PRV3-0014,PRV3-0014,partially_supported,partially_supported,partially_supported,weak_consensus,3,2,"{""contradicted"": 1, ""partially_supported"": 2}",A;B;C,False
provenance_support,PRV3-0015,PRV3-0015,fully_supported,fully_supported,fully_supported,strong_consensus,3,3,"{""fully_supported"": 3}",A;B;C,False
provenance_support,PRV3-0017,PRV3-0017,partially_supported,partially_supported,partially_supported,strong_consensus,3,3,"{""partially_supported"": 3}",A;B;C,False
provenance_support,PRV3-0018,PRV3-0018,unsupported,unsupported,unsupported,weak_consensus,3,2,"{""partially_supported"": 1, ""unsupported"": 2}",A;B;C,False
provenance_support,PRV3-0019,PRV3-0019,unsupported,unsupported,unsupported,weak_consensus,3,2,"{""insufficient_evidence"": 1, ""unsupported"": 2}",A;B;C,False
provenance_support,PRV3-0020,PRV3-0020,unsupported,unsupported,unsupported,weak_consensus,3,2,"{""partially_supported"": 1, ""unsupported"": 2}",A;B;C,False
provenance_support,PRV3-0021,PRV3-0021,fully_supported,fully_supported,fully_supported,strong_consensus,3,3,"{""fully_supported"": 3}",A;B;C,False
provenance_support,PRV3-0022,PRV3-0022,unsupported,unsupported,unsupported,strong_consensus,3,3,"{""unsupported"": 3}",A;B;C,False
provenance_support,PRV3-0023,PRV3-0023,unsupported,unsupported,unsupported,strong_consensus,3,3,"{""unsupported"": 3}",A;B;C,False
provenance_support,PRV3-0025,PRV3-0025,unsupported,unsupported,unsupported,strong_consensus,3,3,"{""unsupported"": 3}",A;B;C,False
provenance_support,PRV3-0026,PRV3-0026,partially_supported,partially_supported,partially_supported,weak_consensus,3,2,"{""fully_supported"": 1, ""partially_supported"": 2}",A;B;C,False
provenance_support,PRV3-0027,PRV3-0027,fully_supported,fully_supported,fully_supported,strong_consensus,3,3,"{""fully_supported"": 3}",A;B;C,False
provenance_support,PRV3-0028,PRV3-0028,unsupported,unsupported,unsupported,weak_consensus,3,2,"{""insufficient_evidence"": 1, ""unsupported"": 2}",A;B;C,False
provenance_support,PRV3-0029,PRV3-0029,unsupported,unsupported,unsupported,weak_consensus,3,2,"{""partially_supported"": 1, ""unsupported"": 2}",A;B;C,False
provenance_support,PRV3-0030,PRV3-0030,fully_supported,fully_supported,fully_supported,weak_consensus,3,2,"{""fully_supported"": 2, ""partially_supported"": 1}",A;B;C,False
provenance_support,PRV3-0031,PRV3-0031,partially_supported,partially_supported,partially_supported,strong_consensus,3,3,"{""partially_supported"": 3}",A;B;C,False
provenance_support,PRV3-0032,PRV3-0032,fully_supported,fully_supported,fully_supported,strong_consensus,3,3,"{""fully_supported"": 3}",A;B;C,False
provenance_support,PRV3-0033,PRV3-0033,partially_supported,partially_supported,partially_supported,strong_consensus,3,3,"{""partially_supported"": 3}",A;B;C,False
provenance_support,PRV3-0034,PRV3-0034,partially_supported,partially_supported,partially_supported,weak_consensus,3,2,"{""insufficient_evidence"": 1, ""partially_supported"": 2}",A;B;C,False
provenance_support,PRV3-0035,PRV3-0035,unsupported,unsupported,unsupported,weak_consensus,2,2,"{""unsupported"": 2}",A;B;C,False
provenance_support,PRV3-0036,PRV3-0036,fully_supported,fully_supported,fully_supported,weak_consensus,2,2,"{""fully_supported"": 2}",A;B;C,False
provenance_support,PRV3-0037,PRV3-0037,fully_supported,fully_supported,fully_supported,strong_consensus,3,3,"{""fully_supported"": 3}",A;B;C,False
provenance_support,PRV3-0038,PRV3-0038,unsupported,unsupported,unsupported,weak_consensus,3,2,"{""partially_supported"": 1, ""unsupported"": 2}",A;B;C,False
provenance_support,PRV3-0039,PRV3-0039,partially_supported,partially_supported,partially_supported,strong_consensus,3,3,"{""partially_supported"": 3}",A;B;C,False
provenance_support,PRV3-0040,PRV3-0040,fully_supported,fully_supported,fully_supported,strong_consensus,3,3,"{""fully_supported"": 3}",A;B;C,False
provenance_support,PRV3-0041,PRV3-0041,fully_supported,fully_supported,fully_supported,weak_consensus,3,2,"{""fully_supported"": 2, ""partially_supported"": 1}",A;B;C,False
provenance_support,PRV3-0042,PRV3-0042,fully_supported,fully_supported,fully_supported,weak_consensus,3,2,"{""fully_supported"": 2, ""partially_supported"": 1}",A;B;C,False
provenance_support,PRV3-0043,PRV3-0043,unsupported,unsupported,unsupported,weak_consensus,3,2,"{""partially_supported"": 1, ""unsupported"": 2}",A;B;C,False
provenance_support,PRV3-0044,PRV3-0044,partially_supported,partially_supported,partially_supported,strong_consensus,3,3,"{""partially_supported"": 3}",A;B;C,False
provenance_support,PRV3-0045,PRV3-0045,unsupported,unsupported,unsupported,strong_consensus,3,3,"{""unsupported"": 3}",A;B;C,False
provenance_support,PRV3-0046,PRV3-0046,unsupported,unsupported,unsupported,strong_consensus,3,3,"{""unsupported"": 3}",A;B;C,False
provenance_support,PRV3-0047,PRV3-0047,fully_supported,fully_supported,fully_supported,strong_consensus,3,3,"{""fully_supported"": 3}",A;B;C,False
provenance_support,PRV3-0048,PRV3-0048,fully_supported,fully_supported,fully_supported,weak_consensus,3,2,"{""fully_supported"": 2, ""partially_supported"": 1}",A;B;C,False
provenance_support,PRV3-0050,PRV3-0050,unsupported,unsupported,unsupported,strong_consensus,3,3,"{""unsupported"": 3}",A;B;C,False
provenance_support,PRV3-0051,PRV3-0051,fully_supported,fully_supported,fully_supported,weak_consensus,2,2,"{""fully_supported"": 2}",A;B;C,False
provenance_support,PRV3-0052,PRV3-0052,unsupported,unsupported,unsupported,strong_consensus,3,3,"{""unsupported"": 3}",A;B;C,False
provenance_support,PRV3-0053,PRV3-0053,unsupported,unsupported,unsupported,strong_consensus,3,3,"{""unsupported"": 3}",A;B;C,False
provenance_support,PRV3-0054,PRV3-0054,fully_supported,fully_supported,fully_supported,strong_consensus,3,3,"{""fully_supported"": 3}",A;B;C,False
provenance_support,PRV3-0055,PRV3-0055,partially_supported,partially_supported,partially_supported,weak_consensus,3,2,"{""fully_supported"": 1, ""partially_supported"": 2}",A;B;C,False
provenance_support,PRV3-0056,PRV3-0056,partially_supported,partially_supported,partially_supported,strong_consensus,3,3,"{""partially_supported"": 3}",A;B;C,False
provenance_support,PRV3-0057,PRV3-0057,partially_supported,partially_supported,partially_supported,weak_consensus,3,2,"{""fully_supported"": 1, ""partially_supported"": 2}",A;B;C,False
provenance_support,PRV3-0058,PRV3-0058,fully_supported,fully_supported,fully_supported,weak_consensus,3,2,"{""fully_supported"": 2, ""partially_supported"": 1}",A;B;C,False
provenance_support,PRV3-0059,PRV3-0059,partially_supported,partially_supported,partially_supported,weak_consensus,3,2,"{""contradicted"": 1, ""partially_supported"": 2}",A;B;C,False
provenance_support,PRV3-0060,PRV3-0060,fully_supported,fully_supported,fully_supported,strong_consensus,3,3,"{""fully_supported"": 3}",A;B;C,False
provenance_support,PRV3-0061,PRV3-0061,partially_supported,partially_supported,partially_supported,weak_consensus,3,2,"{""contradicted"": 1, ""partially_supported"": 2}",A;B;C,False
provenance_support,PRV3-0062,PRV3-0062,unsupported,unsupported,unsupported,weak_consensus,3,2,"{""partially_supported"": 1, ""unsupported"": 2}",A;B;C,False
provenance_support,PRV3-0063,PRV3-0063,contradicted,contradicted,contradicted,weak_consensus,3,2,"{""contradicted"": 2, ""partially_supported"": 1}",A;B;C,False
provenance_support,PRV3-0064,PRV3-0064,unsupported,unsupported,unsupported,strong_consensus,3,3,"{""unsupported"": 3}",A;B;C,False
provenance_support,PRV3-0065,PRV3-0065,partially_supported,partially_supported,partially_supported,weak_consensus,3,2,"{""partially_supported"": 2, ""unsupported"": 1}",A;B;C,False
provenance_support,PRV3-0066,PRV3-0066,fully_supported,fully_supported,fully_supported,strong_consensus,3,3,"{""fully_supported"": 3}",A;B;C,False
provenance_support,PRV3-0067,PRV3-0067,insufficient_evidence,insufficient_evidence,insufficient_evidence,weak_consensus,3,2,"{""insufficient_evidence"": 2, ""partially_supported"": 1}",A;B;C,False
provenance_support,PRV3-0068,PRV3-0068,unsupported,unsupported,unsupported,weak_consensus,3,2,"{""insufficient_evidence"": 1, ""unsupported"": 2}",A;B;C,False
provenance_support,PRV3-0070,PRV3-0070,fully_supported,fully_supported,fully_supported,strong_consensus,3,3,"{""fully_supported"": 3}",A;B;C,False
provenance_support,PRV3-0071,PRV3-0071,unsupported,unsupported,unsupported,weak_consensus,3,2,"{""partially_supported"": 1, ""unsupported"": 2}",A;B;C,False
provenance_support,PRV3-0072,PRV3-0072,fully_supported,fully_supported,fully_supported,weak_consensus,3,2,"{""fully_supported"": 2, ""partially_supported"": 1}",A;B;C,False
provenance_support,PRV3-0073,PRV3-0073,fully_supported,fully_supported,fully_supported,strong_consensus,3,3,"{""fully_supported"": 3}",A;B;C,False
provenance_support,PRV3-0074,PRV3-0074,unsupported,unsupported,unsupported,weak_consensus,2,2,"{""unsupported"": 2}",A;B;C,False
provenance_support,PRV3-0075,PRV3-0075,fully_supported,fully_supported,fully_supported,weak_consensus,3,2,"{""fully_supported"": 2, ""partially_supported"": 1}",A;B;C,False
provenance_support,PRV3-0076,PRV3-0076,unsupported,unsupported,unsupported,weak_consensus,3,2,"{""partially_supported"": 1, ""unsupported"": 2}",A;B;C,False
provenance_support,PRV3-0077,PRV3-0077,fully_supported,fully_supported,fully_supported,strong_consensus,3,3,"{""fully_supported"": 3}",A;B;C,False
provenance_support,PRV3-0078,PRV3-0078,unsupported,unsupported,unsupported,weak_consensus,3,2,"{""partially_supported"": 1, ""unsupported"": 2}",A;B;C,False
provenance_support,PRV3-0079,PRV3-0079,fully_supported,fully_supported,fully_supported,weak_consensus,3,2,"{""fully_supported"": 2, ""partially_supported"": 1}",A;B;C,False
provenance_support,PRV3-0080,PRV3-0080,fully_supported,fully_supported,fully_supported,strong_consensus,3,3,"{""fully_supported"": 3}",A;B;C,False
provenance_support,PRV3-0081,PRV3-0081,unsupported,unsupported,unsupported,strong_consensus,3,3,"{""unsupported"": 3}",A;B;C,False
provenance_support,PRV3-0083,PRV3-0083,fully_supported,fully_supported,fully_supported,weak_consensus,3,2,"{""fully_supported"": 2, ""partially_supported"": 1}",A;B;C,False
provenance_support,PRV3-0084,PRV3-0084,unsupported,unsupported,unsupported,strong_consensus,3,3,"{""unsupported"": 3}",A;B;C,False
provenance_support,PRV3-0085,PRV3-0085,partially_supported,partially_supported,partially_supported,weak_consensus,3,2,"{""fully_supported"": 1, ""partially_supported"": 2}",A;B;C,False
provenance_support,PRV3-0087,PRV3-0087,fully_supported,fully_supported,fully_supported,weak_consensus,3,2,"{""fully_supported"": 2, ""partially_supported"": 1}",A;B;C,False
provenance_support,PRV3-0088,PRV3-0088,unsupported,unsupported,unsupported,strong_consensus,3,3,"{""unsupported"": 3}",A;B;C,False
provenance_support,PRV3-0089,PRV3-0089,partially_supported,partially_supported,partially_supported,weak_consensus,3,2,"{""fully_supported"": 1, ""partially_supported"": 2}",A;B;C,False
provenance_support,PRV3-0090,PRV3-0090,fully_supported,fully_supported,fully_supported,strong_consensus,3,3,"{""fully_supported"": 3}",A;B;C,False
provenance_support,PRV3-0091,PRV3-0091,partially_supported,partially_supported,partially_supported,strong_consensus,3,3,"{""partially_supported"": 3}",A;B;C,False
provenance_support,PRV3-0092,PRV3-0092,fully_supported,fully_supported,fully_supported,weak_consensus,3,2,"{""fully_supported"": 2, ""partially_supported"": 1}",A;B;C,False
provenance_support,PRV3-0093,PRV3-0093,fully_supported,fully_supported,fully_supported,strong_consensus,3,3,"{""fully_supported"": 3}",A;B;C,False
provenance_support,PRV3-0094,PRV3-0094,fully_supported,fully_supported,fully_supported,strong_consensus,3,3,"{""fully_supported"": 3}",A;B;C,False
provenance_support,PRV3-0095,PRV3-0095,partially_supported,partially_supported,partially_supported,weak_consensus,3,2,"{""fully_supported"": 1, ""partially_supported"": 2}",A;B;C,False
provenance_support,PRV3-0096,PRV3-0096,unsupported,unsupported,unsupported,strong_consensus,3,3,"{""unsupported"": 3}",A;B;C,False
provenance_support,PRV3-0097,PRV3-0097,partially_supported,partially_supported,partially_supported,strong_consensus,3,3,"{""partially_supported"": 3}",A;B;C,False
provenance_support,PRV3-0098,PRV3-0098,fully_supported,fully_supported,fully_supported,weak_consensus,3,2,"{""fully_supported"": 2, ""partially_supported"": 1}",A;B;C,False
provenance_support,PRV3-0099,PRV3-0099,fully_supported,fully_supported,fully_supported,strong_consensus,3,3,"{""fully_supported"": 3}",A;B;C,False
provenance_support,PRV3-0100,PRV3-0100,partially_supported,partially_supported,partially_supported,weak_consensus,3,2,"{""fully_supported"": 1, ""partially_supported"": 2}",A;B;C,False
provenance_support,PRV3-0101,PRV3-0101,unsupported,unsupported,unsupported,strong_consensus,3,3,"{""unsupported"": 3}",A;B;C,False
provenance_support,PRV3-0102,PRV3-0102,unsupported,unsupported,unsupported,strong_consensus,3,3,"{""unsupported"": 3}",A;B;C,False
provenance_support,PRV3-0103,PRV3-0103,fully_supported,fully_supported,fully_supported,strong_consensus,3,3,"{""fully_supported"": 3}",A;B;C,False
provenance_support,PRV3-0104,PRV3-0104,unsupported,unsupported,unsupported,strong_consensus,3,3,"{""unsupported"": 3}",A;B;C,False
provenance_support,PRV3-0105,PRV3-0105,partially_supported,partially_supported,partially_supported,weak_consensus,3,2,"{""partially_supported"": 2, ""unsupported"": 1}",A;B;C,False
provenance_support,PRV3-0106,PRV3-0106,partially_supported,partially_supported,partially_supported,weak_consensus,2,2,"{""partially_supported"": 2}",A;B;C,False
provenance_support,PRV3-0107,PRV3-0107,fully_supported,fully_supported,fully_supported,strong_consensus,3,3,"{""fully_supported"": 3}",A;B;C,False
provenance_support,PRV3-0108,PRV3-0108,unsupported,unsupported,unsupported,weak_consensus,3,2,"{""partially_supported"": 1, ""unsupported"": 2}",A;B;C,False
provenance_support,PRV3-0109,PRV3-0109,fully_supported,fully_supported,fully_supported,weak_consensus,3,2,"{""fully_supported"": 2, ""partially_supported"": 1}",A;B;C,False
provenance_support,PRV3-0111,PRV3-0111,partially_supported,partially_supported,partially_supported,strong_consensus,3,3,"{""partially_supported"": 3}",A;B;C,False
provenance_support,PRV3-0112,PRV3-0112,unsupported,unsupported,unsupported,strong_consensus,3,3,"{""unsupported"": 3}",A;B;C,False
provenance_support,PRV3-0113,PRV3-0113,unsupported,unsupported,unsupported,strong_consensus,3,3,"{""unsupported"": 3}",A;B;C,False
provenance_support,PRV3-0115,PRV3-0115,unsupported,unsupported,unsupported,weak_consensus,3,2,"{""insufficient_evidence"": 1, ""unsupported"": 2}",A;B;C,False
provenance_support,PRV3-0116,PRV3-0116,insufficient_evidence,insufficient_evidence,insufficient_evidence,strong_consensus,3,3,"{""insufficient_evidence"": 3}",A;B;C,False
provenance_support,PRV3-0117,PRV3-0117,unsupported,unsupported,unsupported,strong_consensus,3,3,"{""unsupported"": 3}",A;B;C,False
provenance_support,PRV3-0118,PRV3-0118,fully_supported,fully_supported,fully_supported,weak_consensus,3,2,"{""fully_supported"": 2, ""partially_supported"": 1}",A;B;C,False
provenance_support,PRV3-0119,PRV3-0119,unsupported,unsupported,unsupported,weak_consensus,3,2,"{""partially_supported"": 1, ""unsupported"": 2}",A;B;C,False
provenance_support,PRV3-0120,PRV3-0120,fully_supported,fully_supported,fully_supported,strong_consensus,3,3,"{""fully_supported"": 3}",A;B;C,False
provenance_support,PRV3-0121,PRV3-0121,unsupported,unsupported,unsupported,weak_consensus,3,2,"{""insufficient_evidence"": 1, ""unsupported"": 2}",A;B;C,False
provenance_support,PRV3-0122,PRV3-0122,fully_supported,fully_supported,fully_supported,weak_consensus,3,2,"{""fully_supported"": 2, ""partially_supported"": 1}",A;B;C,False
provenance_support,PRV3-0123,PRV3-0123,fully_supported,fully_supported,fully_supported,strong_consensus,3,3,"{""fully_supported"": 3}",A;B;C,False
provenance_support,PRV3-0124,PRV3-0124,fully_supported,fully_supported,fully_supported,strong_consensus,3,3,"{""fully_supported"": 3}",A;B;C,False
provenance_support,PRV3-0125,PRV3-0125,contradicted,contradicted,contradicted,strong_consensus,3,3,"{""contradicted"": 3}",A;B;C,False
provenance_support,PRV3-0126,PRV3-0126,fully_supported,fully_supported,fully_supported,weak_consensus,3,2,"{""fully_supported"": 2, ""partially_supported"": 1}",A;B;C,False
provenance_support,PRV3-0127,PRV3-0127,fully_supported,fully_supported,fully_supported,weak_consensus,2,2,"{""fully_supported"": 2}",A;B;C,False
provenance_support,PRV3-0128,PRV3-0128,unsupported,unsupported,unsupported,weak_consensus,3,2,"{""contradicted"": 1, ""unsupported"": 2}",A;B;C,False
provenance_support,PRV3-0129,PRV3-0129,fully_supported,fully_supported,fully_supported,strong_consensus,3,3,"{""fully_supported"": 3}",A;B;C,False
provenance_support,PRV3-0130,PRV3-0130,fully_supported,fully_supported,fully_supported,strong_consensus,3,3,"{""fully_supported"": 3}",A;B;C,False
provenance_support,PRV3-0131,PRV3-0131,fully_supported,fully_supported,fully_supported,strong_consensus,3,3,"{""fully_supported"": 3}",A;B;C,False
provenance_support,PRV3-0132,PRV3-0132,partially_supported,partially_supported,partially_supported,weak_consensus,3,2,"{""insufficient_evidence"": 1, ""partially_supported"": 2}",A;B;C,False
provenance_support,PRV3-0133,PRV3-0133,fully_supported,fully_supported,fully_supported,weak_consensus,3,2,"{""fully_supported"": 2, ""partially_supported"": 1}",A;B;C,False
provenance_support,PRV3-0134,PRV3-0134,unsupported,unsupported,unsupported,weak_consensus,3,2,"{""partially_supported"": 1, ""unsupported"": 2}",A;B;C,False
provenance_support,PRV3-0135,PRV3-0135,partially_supported,partially_supported,partially_supported,strong_consensus,3,3,"{""partially_supported"": 3}",A;B;C,False
provenance_support,PRV3-0136,PRV3-0136,unsupported,unsupported,unsupported,weak_consensus,3,2,"{""insufficient_evidence"": 1, ""unsupported"": 2}",A;B;C,False
provenance_support,PRV3-0137,PRV3-0137,unsupported,unsupported,unsupported,strong_consensus,3,3,"{""unsupported"": 3}",A;B;C,False
provenance_support,PRV3-0138,PRV3-0138,unsupported,unsupported,unsupported,strong_consensus,3,3,"{""unsupported"": 3}",A;B;C,False
provenance_support,PRV3-0139,PRV3-0139,fully_supported,fully_supported,fully_supported,weak_consensus,3,2,"{""fully_supported"": 2, ""partially_supported"": 1}",A;B;C,False
provenance_support,PRV3-0140,PRV3-0140,partially_supported,partially_supported,partially_supported,weak_consensus,3,2,"{""insufficient_evidence"": 1, ""partially_supported"": 2}",A;B;C,False
provenance_support,PRV3-0141,PRV3-0141,unsupported,unsupported,unsupported,strong_consensus,3,3,"{""unsupported"": 3}",A;B;C,False
provenance_support,PRV3-0142,PRV3-0142,unsupported,unsupported,unsupported,strong_consensus,3,3,"{""unsupported"": 3}",A;B;C,False
provenance_support,PRV3-0143,PRV3-0143,partially_supported,partially_supported,partially_supported,weak_consensus,3,2,"{""fully_supported"": 1, ""partially_supported"": 2}",A;B;C,False
provenance_support,PRV3-0144,PRV3-0144,insufficient_evidence,insufficient_evidence,insufficient_evidence,weak_consensus,3,2,"{""insufficient_evidence"": 2, ""unsupported"": 1}",A;B;C,False
provenance_support,PRV3-0145,PRV3-0145,unsupported,unsupported,unsupported,weak_consensus,3,2,"{""partially_supported"": 1, ""unsupported"": 2}",A;B;C,False
provenance_support,PRV3-0146,PRV3-0146,partially_supported,partially_supported,partially_supported,weak_consensus,3,2,"{""partially_supported"": 2, ""unsupported"": 1}",A;B;C,False
provenance_support,PRV3-0147,PRV3-0147,unsupported,unsupported,unsupported,strong_consensus,3,3,"{""unsupported"": 3}",A;B;C,False
provenance_support,PRV3-0148,PRV3-0148,unsupported,unsupported,unsupported,strong_consensus,3,3,"{""unsupported"": 3}",A;B;C,False
provenance_support,PRV3-0149,PRV3-0149,fully_supported,fully_supported,fully_supported,strong_consensus,3,3,"{""fully_supported"": 3}",A;B;C,False
provenance_support,PRV3-0150,PRV3-0150,insufficient_evidence,insufficient_evidence,insufficient_evidence,weak_consensus,3,2,"{""insufficient_evidence"": 2, ""unsupported"": 1}",A;B;C,False
provenance_support,PRV3-0152,PRV3-0152,partially_supported,partially_supported,partially_supported,strong_consensus,3,3,"{""partially_supported"": 3}",A;B;C,False
provenance_support,PRV3-0153,PRV3-0153,unsupported,unsupported,unsupported,strong_consensus,3,3,"{""unsupported"": 3}",A;B;C,False
provenance_support,PRV3-0154,PRV3-0154,fully_supported,fully_supported,fully_supported,weak_consensus,2,2,"{""fully_supported"": 2}",A;B;C,False
provenance_support,PRV3-0155,PRV3-0155,partially_supported,partially_supported,partially_supported,weak_consensus,3,2,"{""fully_supported"": 1, ""partially_supported"": 2}",A;B;C,False
provenance_support,PRV3-0156,PRV3-0156,unsupported,unsupported,unsupported,strong_consensus,3,3,"{""unsupported"": 3}",A;B;C,False
provenance_support,PRV3-0157,PRV3-0157,fully_supported,fully_supported,fully_supported,weak_consensus,3,2,"{""fully_supported"": 2, ""partially_supported"": 1}",A;B;C,False
provenance_support,PRV3-0158,PRV3-0158,fully_supported,fully_supported,fully_supported,strong_consensus,3,3,"{""fully_supported"": 3}",A;B;C,False
provenance_support,PRV3-0159,PRV3-0159,fully_supported,fully_supported,fully_supported,strong_consensus,3,3,"{""fully_supported"": 3}",A;B;C,False
provenance_support,PRV3-0160,PRV3-0160,fully_supported,fully_supported,fully_supported,weak_consensus,3,2,"{""fully_supported"": 2, ""partially_supported"": 1}",A;B;C,False
provenance_support,PRV3-0161,PRV3-0161,partially_supported,partially_supported,partially_supported,weak_consensus,3,2,"{""fully_supported"": 1, ""partially_supported"": 2}",A;B;C,False
provenance_support,PRV3-0162,PRV3-0162,partially_supported,partially_supported,partially_supported,weak_consensus,3,2,"{""fully_supported"": 1, ""partially_supported"": 2}",A;B;C,False
provenance_support,PRV3-0163,PRV3-0163,partially_supported,partially_supported,partially_supported,strong_consensus,3,3,"{""partially_supported"": 3}",A;B;C,False
provenance_support,PRV3-0164,PRV3-0164,fully_supported,fully_supported,fully_supported,weak_consensus,3,2,"{""fully_supported"": 2, ""partially_supported"": 1}",A;B;C,False
provenance_support,PRV3-0165,PRV3-0165,partially_supported,partially_supported,partially_supported,weak_consensus,3,2,"{""contradicted"": 1, ""partially_supported"": 2}",A;B;C,False
provenance_support,PRV3-0167,PRV3-0167,partially_supported,partially_supported,partially_supported,weak_consensus,3,2,"{""partially_supported"": 2, ""unsupported"": 1}",A;B;C,False
provenance_support,PRV3-0168,PRV3-0168,unsupported,unsupported,unsupported,strong_consensus,3,3,"{""unsupported"": 3}",A;B;C,False
provenance_support,PRV3-0170,PRV3-0170,unsupported,unsupported,unsupported,strong_consensus,3,3,"{""unsupported"": 3}",A;B;C,False
provenance_support,PRV3-0171,PRV3-0171,partially_supported,partially_supported,partially_supported,weak_consensus,3,2,"{""contradicted"": 1, ""partially_supported"": 2}",A;B;C,False
provenance_support,PRV3-0172,PRV3-0172,fully_supported,fully_supported,fully_supported,strong_consensus,3,3,"{""fully_supported"": 3}",A;B;C,False
provenance_support,PRV3-0173,PRV3-0173,fully_supported,fully_supported,fully_supported,weak_consensus,3,2,"{""fully_supported"": 2, ""partially_supported"": 1}",A;B;C,False
provenance_support,PRV3-0174,PRV3-0174,unsupported,unsupported,unsupported,weak_consensus,3,2,"{""partially_supported"": 1, ""unsupported"": 2}",A;B;C,False
provenance_support,PRV3-0175,PRV3-0175,fully_supported,fully_supported,fully_supported,weak_consensus,2,2,"{""fully_supported"": 2}",A;B;C,False
provenance_support,PRV3-0176,PRV3-0176,unsupported,unsupported,unsupported,weak_consensus,3,2,"{""insufficient_evidence"": 1, ""unsupported"": 2}",A;B;C,False
provenance_support,PRV3-0177,PRV3-0177,fully_supported,fully_supported,fully_supported,weak_consensus,3,2,"{""fully_supported"": 2, ""partially_supported"": 1}",A;B;C,False
provenance_support,PRV3-0179,PRV3-0179,partially_supported,partially_supported,partially_supported,strong_consensus,3,3,"{""partially_supported"": 3}",A;B;C,False
provenance_support,PRV3-0181,PRV3-0181,fully_supported,fully_supported,fully_supported,strong_consensus,3,3,"{""fully_supported"": 3}",A;B;C,False
provenance_support,PRV3-0182,PRV3-0182,fully_supported,fully_supported,fully_supported,strong_consensus,3,3,"{""fully_supported"": 3}",A;B;C,False
provenance_support,PRV3-0184,PRV3-0184,fully_supported,fully_supported,fully_supported,strong_consensus,3,3,"{""fully_supported"": 3}",A;B;C,False
provenance_support,PRV3-0185,PRV3-0185,partially_supported,partially_supported,partially_supported,weak_consensus,3,2,"{""fully_supported"": 1, ""partially_supported"": 2}",A;B;C,False
provenance_support,PRV3-0186,PRV3-0186,unsupported,unsupported,unsupported,strong_consensus,3,3,"{""unsupported"": 3}",A;B;C,False
provenance_support,PRV3-0187,PRV3-0187,partially_supported,partially_supported,partially_supported,strong_consensus,3,3,"{""partially_supported"": 3}",A;B;C,False
provenance_support,PRV3-0188,PRV3-0188,insufficient_evidence,insufficient_evidence,insufficient_evidence,weak_consensus,3,2,"{""insufficient_evidence"": 2, ""unsupported"": 1}",A;B;C,False
provenance_support,PRV3-0189,PRV3-0189,unsupported,unsupported,unsupported,strong_consensus,3,3,"{""unsupported"": 3}",A;B;C,False
provenance_support,PRV3-0190,PRV3-0190,partially_supported,partially_supported,partially_supported,weak_consensus,3,2,"{""fully_supported"": 1, ""partially_supported"": 2}",A;B;C,False
provenance_support,PRV3-0191,PRV3-0191,fully_supported,fully_supported,fully_supported,weak_consensus,3,2,"{""fully_supported"": 2, ""partially_supported"": 1}",A;B;C,False
provenance_support,PRV3-0192,PRV3-0192,partially_supported,partially_supported,partially_supported,weak_consensus,3,2,"{""fully_supported"": 1, ""partially_supported"": 2}",A;B;C,False
provenance_support,PRV3-0193,PRV3-0193,fully_supported,fully_supported,fully_supported,strong_consensus,3,3,"{""fully_supported"": 3}",A;B;C,False
provenance_support,PRV3-0194,PRV3-0194,contradicted,contradicted,contradicted,weak_consensus,3,2,"{""contradicted"": 2, ""partially_supported"": 1}",A;B;C,False
provenance_support,PRV3-0195,PRV3-0195,fully_supported,fully_supported,fully_supported,weak_consensus,2,2,"{""fully_supported"": 2}",A;B;C,False
provenance_support,PRV3-0196,PRV3-0196,partially_supported,partially_supported,partially_supported,strong_consensus,3,3,"{""partially_supported"": 3}",A;B;C,False
provenance_support,PRV3-0197,PRV3-0197,partially_supported,partially_supported,partially_supported,weak_consensus,3,2,"{""partially_supported"": 2, ""unsupported"": 1}",A;B;C,False
provenance_support,PRV3-0198,PRV3-0198,partially_supported,partially_supported,partially_supported,strong_consensus,3,3,"{""partially_supported"": 3}",A;B;C,False
provenance_support,PRV3-0199,PRV3-0199,unsupported,unsupported,unsupported,weak_consensus,3,2,"{""partially_supported"": 1, ""unsupported"": 2}",A;B;C,False
provenance_support,PRV3-0200,PRV3-0200,fully_supported,fully_supported,fully_supported,weak_consensus,3,2,"{""fully_supported"": 2, ""partially_supported"": 1}",A;B;C,False
provenance_support,PRV3-0201,PRV3-0201,unsupported,unsupported,unsupported,weak_consensus,3,2,"{""partially_supported"": 1, ""unsupported"": 2}",A;B;C,False
provenance_support,PRV3-0202,PRV3-0202,partially_supported,partially_supported,partially_supported,weak_consensus,3,2,"{""fully_supported"": 1, ""partially_supported"": 2}",A;B;C,False
provenance_support,PRV3-0204,PRV3-0204,fully_supported,fully_supported,fully_supported,strong_consensus,3,3,"{""fully_supported"": 3}",A;B;C,False
provenance_support,PRV3-0205,PRV3-0205,fully_supported,fully_supported,fully_supported,weak_consensus,3,2,"{""fully_supported"": 2, ""partially_supported"": 1}",A;B;C,False
provenance_support,PRV3-0206,PRV3-0206,unsupported,unsupported,unsupported,strong_consensus,3,3,"{""unsupported"": 3}",A;B;C,False
provenance_support,PRV3-0207,PRV3-0207,partially_supported,partially_supported,partially_supported,weak_consensus,3,2,"{""insufficient_evidence"": 1, ""partially_supported"": 2}",A;B;C,False
provenance_support,PRV3-0208,PRV3-0208,unsupported,unsupported,unsupported,weak_consensus,3,2,"{""insufficient_evidence"": 1, ""unsupported"": 2}",A;B;C,False
provenance_support,PRV3-0209,PRV3-0209,fully_supported,fully_supported,fully_supported,strong_consensus,3,3,"{""fully_supported"": 3}",A;B;C,False
provenance_support,PRV3-0210,PRV3-0210,fully_supported,fully_supported,fully_supported,strong_consensus,3,3,"{""fully_supported"": 3}",A;B;C,False
provenance_support,PRV3-0211,PRV3-0211,partially_supported,partially_supported,partially_supported,weak_consensus,3,2,"{""fully_supported"": 1, ""partially_supported"": 2}",A;B;C,False
provenance_support,PRV3-0212,PRV3-0212,partially_supported,partially_supported,partially_supported,strong_consensus,3,3,"{""partially_supported"": 3}",A;B;C,False
provenance_support,PRV3-0213,PRV3-0213,fully_supported,fully_supported,fully_supported,strong_consensus,3,3,"{""fully_supported"": 3}",A;B;C,False
provenance_support,PRV3-0214,PRV3-0214,partially_supported,partially_supported,partially_supported,strong_consensus,3,3,"{""partially_supported"": 3}",A;B;C,False
provenance_support,PRV3-0215,PRV3-0215,fully_supported,fully_supported,fully_supported,weak_consensus,3,2,"{""fully_supported"": 2, ""partially_supported"": 1}",A;B;C,False
provenance_support,PRV3-0216,PRV3-0216,fully_supported,fully_supported,fully_supported,weak_consensus,3,2,"{""fully_supported"": 2, ""partially_supported"": 1}",A;B;C,False
provenance_support,PRV3-0217,PRV3-0217,partially_supported,partially_supported,partially_supported,weak_consensus,3,2,"{""contradicted"": 1, ""partially_supported"": 2}",A;B;C,False
provenance_support,PRV3-0218,PRV3-0218,partially_supported,partially_supported,partially_supported,strong_consensus,3,3,"{""partially_supported"": 3}",A;B;C,False
provenance_support,PRV3-0219,PRV3-0219,fully_supported,fully_supported,fully_supported,strong_consensus,3,3,"{""fully_supported"": 3}",A;B;C,False
provenance_support,PRV3-0220,PRV3-0220,fully_supported,fully_supported,fully_supported,weak_consensus,3,2,"{""fully_supported"": 2, ""partially_supported"": 1}",A;B;C,False
provenance_support,PRV3-0221,PRV3-0221,partially_supported,partially_supported,partially_supported,weak_consensus,3,2,"{""contradicted"": 1, ""partially_supported"": 2}",A;B;C,False
provenance_support,PRV3-0222,PRV3-0222,fully_supported,fully_supported,fully_supported,strong_consensus,3,3,"{""fully_supported"": 3}",A;B;C,False
provenance_support,PRV3-0223,PRV3-0223,unsupported,unsupported,unsupported,strong_consensus,3,3,"{""unsupported"": 3}",A;B;C,False
provenance_support,PRV3-0224,PRV3-0224,contradicted,contradicted,contradicted,weak_consensus,3,2,"{""contradicted"": 2, ""partially_supported"": 1}",A;B;C,False
provenance_support,PRV3-0225,PRV3-0225,unsupported,unsupported,unsupported,weak_consensus,3,2,"{""insufficient_evidence"": 1, ""unsupported"": 2}",A;B;C,False
provenance_support,PRV3-0226,PRV3-0226,partially_supported,partially_supported,partially_supported,strong_consensus,3,3,"{""partially_supported"": 3}",A;B;C,False
provenance_support,PRV3-0227,PRV3-0227,unsupported,unsupported,unsupported,strong_consensus,3,3,"{""unsupported"": 3}",A;B;C,False
provenance_support,PRV3-0228,PRV3-0228,fully_supported,fully_supported,fully_supported,strong_consensus,3,3,"{""fully_supported"": 3}",A;B;C,False
provenance_support,PRV3-0229,PRV3-0229,fully_supported,fully_supported,fully_supported,weak_consensus,3,2,"{""fully_supported"": 2, ""partially_supported"": 1}",A;B;C,False
provenance_support,PRV3-0230,PRV3-0230,partially_supported,partially_supported,partially_supported,weak_consensus,3,2,"{""fully_supported"": 1, ""partially_supported"": 2}",A;B;C,False
provenance_support,PRV3-0231,PRV3-0231,fully_supported,fully_supported,fully_supported,strong_consensus,3,3,"{""fully_supported"": 3}",A;B;C,False
provenance_support,PRV3-0232,PRV3-0232,fully_supported,fully_supported,fully_supported,strong_consensus,3,3,"{""fully_supported"": 3}",A;B;C,False
provenance_support,PRV3-0233,PRV3-0233,unsupported,unsupported,unsupported,strong_consensus,3,3,"{""unsupported"": 3}",A;B;C,False
provenance_support,PRV3-0234,PRV3-0234,partially_supported,partially_supported,partially_supported,strong_consensus,3,3,"{""partially_supported"": 3}",A;B;C,False
provenance_support,PRV3-0235,PRV3-0235,partially_supported,partially_supported,partially_supported,weak_consensus,3,2,"{""contradicted"": 1, ""partially_supported"": 2}",A;B;C,False
provenance_support,PRV3-0236,PRV3-0236,unsupported,unsupported,unsupported,strong_consensus,3,3,"{""unsupported"": 3}",A;B;C,False
provenance_support,PRV3-0237,PRV3-0237,fully_supported,fully_supported,fully_supported,weak_consensus,3,2,"{""fully_supported"": 2, ""partially_supported"": 1}",A;B;C,False
provenance_support,PRV3-0238,PRV3-0238,fully_supported,fully_supported,fully_supported,strong_consensus,3,3,"{""fully_supported"": 3}",A;B;C,False
provenance_support,PRV3-0239,PRV3-0239,partially_supported,partially_supported,partially_supported,weak_consensus,3,2,"{""fully_supported"": 1, ""partially_supported"": 2}",A;B;C,False
provenance_support,PRV3-0240,PRV3-0240,fully_supported,fully_supported,fully_supported,weak_consensus,3,2,"{""fully_supported"": 2, ""unsupported"": 1}",A;B;C,False
provenance_support,PRV3-0241,PRV3-0241,fully_supported,fully_supported,fully_supported,weak_consensus,3,2,"{""fully_supported"": 2, ""partially_supported"": 1}",A;B;C,False
provenance_support,PRV3-0242,PRV3-0242,partially_supported,partially_supported,partially_supported,weak_consensus,3,2,"{""insufficient_evidence"": 1, ""partially_supported"": 2}",A;B;C,False
provenance_support,PRV3-0244,PRV3-0244,unsupported,unsupported,unsupported,strong_consensus,3,3,"{""unsupported"": 3}",A;B;C,False
provenance_support,PRV3-0245,PRV3-0245,fully_supported,fully_supported,fully_supported,strong_consensus,3,3,"{""fully_supported"": 3}",A;B;C,False
provenance_support,PRV3-0246,PRV3-0246,fully_supported,fully_supported,fully_supported,strong_consensus,3,3,"{""fully_supported"": 3}",A;B;C,False
provenance_support,PRV3-0247,PRV3-0247,fully_supported,fully_supported,fully_supported,strong_consensus,3,3,"{""fully_supported"": 3}",A;B;C,False
provenance_support,PRV3-0248,PRV3-0248,insufficient_evidence,insufficient_evidence,insufficient_evidence,strong_consensus,3,3,"{""insufficient_evidence"": 3}",A;B;C,False
provenance_support,PRV3-0249,PRV3-0249,unsupported,unsupported,unsupported,strong_consensus,3,3,"{""unsupported"": 3}",A;B;C,False
provenance_support,PRV3-0250,PRV3-0250,partially_supported,partially_supported,partially_supported,weak_consensus,3,2,"{""fully_supported"": 1, ""partially_supported"": 2}",A;B;C,False
provenance_support,PRV3-0251,PRV3-0251,fully_supported,fully_supported,fully_supported,strong_consensus,3,3,"{""fully_supported"": 3}",A;B;C,False
provenance_support,PRV3-0252,PRV3-0252,unsupported,unsupported,unsupported,weak_consensus,3,2,"{""partially_supported"": 1, ""unsupported"": 2}",A;B;C,False
provenance_support,PRV3-0254,PRV3-0254,partially_supported,partially_supported,partially_supported,weak_consensus,3,2,"{""insufficient_evidence"": 1, ""partially_supported"": 2}",A;B;C,False
provenance_support,PRV3-0255,PRV3-0255,unsupported,unsupported,unsupported,strong_consensus,3,3,"{""unsupported"": 3}",A;B;C,False
provenance_support,PRV3-0256,PRV3-0256,fully_supported,fully_supported,fully_supported,strong_consensus,3,3,"{""fully_supported"": 3}",A;B;C,False
provenance_support,PRV3-0257,PRV3-0257,partially_supported,partially_supported,partially_supported,strong_consensus,3,3,"{""partially_supported"": 3}",A;B;C,False
provenance_support,PRV3-0258,PRV3-0258,unsupported,unsupported,unsupported,strong_consensus,3,3,"{""unsupported"": 3}",A;B;C,False
provenance_support,PRV3-0259,PRV3-0259,fully_supported,fully_supported,fully_supported,weak_consensus,3,2,"{""fully_supported"": 2, ""partially_supported"": 1}",A;B;C,False
provenance_support,PRV3-0260,PRV3-0260,fully_supported,fully_supported,fully_supported,strong_consensus,3,3,"{""fully_supported"": 3}",A;B;C,False
provenance_support,PRV3-0261,PRV3-0261,fully_supported,fully_supported,fully_supported,weak_consensus,3,2,"{""fully_supported"": 2, ""partially_supported"": 1}",A;B;C,False
provenance_support,PRV3-0262,PRV3-0262,fully_supported,fully_supported,fully_supported,strong_consensus,3,3,"{""fully_supported"": 3}",A;B;C,False
provenance_support,PRV3-0263,PRV3-0263,fully_supported,fully_supported,fully_supported,weak_consensus,3,2,"{""fully_supported"": 2, ""partially_supported"": 1}",A;B;C,False
provenance_support,PRV3-0265,PRV3-0265,partially_supported,partially_supported,partially_supported,weak_consensus,3,2,"{""partially_supported"": 2, ""unsupported"": 1}",A;B;C,False
provenance_support,PRV3-0266,PRV3-0266,partially_supported,partially_supported,partially_supported,weak_consensus,3,2,"{""partially_supported"": 2, ""unsupported"": 1}",A;B;C,False
provenance_support,PRV3-0267,PRV3-0267,unsupported,unsupported,unsupported,weak_consensus,3,2,"{""insufficient_evidence"": 1, ""unsupported"": 2}",A;B;C,False
provenance_support,PRV3-0268,PRV3-0268,fully_supported,fully_supported,fully_supported,weak_consensus,2,2,"{""fully_supported"": 2}",A;B;C,False
provenance_support,PRV3-0269,PRV3-0269,partially_supported,partially_supported,partially_supported,weak_consensus,3,2,"{""insufficient_evidence"": 1, ""partially_supported"": 2}",A;B;C,False
provenance_support,PRV3-0270,PRV3-0270,fully_supported,fully_supported,fully_supported,strong_consensus,3,3,"{""fully_supported"": 3}",A;B;C,False
provenance_support,PRV3-0272,PRV3-0272,partially_supported,partially_supported,partially_supported,weak_consensus,3,2,"{""fully_supported"": 1, ""partially_supported"": 2}",A;B;C,False
provenance_support,PRV3-0273,PRV3-0273,fully_supported,fully_supported,fully_supported,strong_consensus,3,3,"{""fully_supported"": 3}",A;B;C,False
provenance_support,PRV3-0274,PRV3-0274,unsupported,unsupported,unsupported,weak_consensus,3,2,"{""partially_supported"": 1, ""unsupported"": 2}",A;B;C,False
provenance_support,PRV3-0275,PRV3-0275,unsupported,unsupported,unsupported,weak_consensus,3,2,"{""insufficient_evidence"": 1, ""unsupported"": 2}",A;B;C,False
provenance_support,PRV3-0276,PRV3-0276,partially_supported,partially_supported,partially_supported,strong_consensus,3,3,"{""partially_supported"": 3}",A;B;C,False
provenance_support,PRV3-0277,PRV3-0277,partially_supported,partially_supported,partially_supported,weak_consensus,3,2,"{""fully_supported"": 1, ""partially_supported"": 2}",A;B;C,False
provenance_support,PRV3-0278,PRV3-0278,partially_supported,partially_supported,partially_supported,weak_consensus,3,2,"{""fully_supported"": 1, ""partially_supported"": 2}",A;B;C,False
provenance_support,PRV3-0279,PRV3-0279,fully_supported,fully_supported,fully_supported,weak_consensus,3,2,"{""fully_supported"": 2, ""partially_supported"": 1}",A;B;C,False
provenance_support,PRV3-0280,PRV3-0280,fully_supported,fully_supported,fully_supported,weak_consensus,3,2,"{""fully_supported"": 2, ""partially_supported"": 1}",A;B;C,False
provenance_support,PRV3-0281,PRV3-0281,unsupported,unsupported,unsupported,strong_consensus,3,3,"{""unsupported"": 3}",A;B;C,False
provenance_support,PRV3-0282,PRV3-0282,partially_supported,partially_supported,partially_supported,weak_consensus,3,2,"{""fully_supported"": 1, ""partially_supported"": 2}",A;B;C,False
provenance_support,PRV3-0283,PRV3-0283,partially_supported,partially_supported,partially_supported,weak_consensus,3,2,"{""contradicted"": 1, ""partially_supported"": 2}",A;B;C,False
provenance_support,PRV3-0284,PRV3-0284,partially_supported,partially_supported,partially_supported,weak_consensus,3,2,"{""fully_supported"": 1, ""partially_supported"": 2}",A;B;C,False
provenance_support,PRV3-0285,PRV3-0285,partially_supported,partially_supported,partially_supported,strong_consensus,3,3,"{""partially_supported"": 3}",A;B;C,False
provenance_support,PRV3-0286,PRV3-0286,partially_supported,partially_supported,partially_supported,strong_consensus,3,3,"{""partially_supported"": 3}",A;B;C,False
provenance_support,PRV3-0287,PRV3-0287,unsupported,unsupported,unsupported,strong_consensus,3,3,"{""unsupported"": 3}",A;B;C,False
provenance_support,PRV3-0288,PRV3-0288,fully_supported,fully_supported,fully_supported,weak_consensus,3,2,"{""fully_supported"": 2, ""partially_supported"": 1}",A;B;C,False
provenance_support,PRV3-0289,PRV3-0289,partially_supported,partially_supported,partially_supported,weak_consensus,3,2,"{""partially_supported"": 2, ""unsupported"": 1}",A;B;C,False
provenance_support,PRV3-0290,PRV3-0290,unsupported,unsupported,unsupported,strong_consensus,3,3,"{""unsupported"": 3}",A;B;C,False
provenance_support,PRV3-0291,PRV3-0291,partially_supported,partially_supported,partially_supported,weak_consensus,3,2,"{""fully_supported"": 1, ""partially_supported"": 2}",A;B;C,False
provenance_support,PRV3-0292,PRV3-0292,fully_supported,fully_supported,fully_supported,weak_consensus,3,2,"{""fully_supported"": 2, ""partially_supported"": 1}",A;B;C,False
provenance_support,PRV3-0293,PRV3-0293,unsupported,unsupported,unsupported,strong_consensus,3,3,"{""unsupported"": 3}",A;B;C,False
provenance_support,PRV3-0294,PRV3-0294,fully_supported,fully_supported,fully_supported,strong_consensus,3,3,"{""fully_supported"": 3}",A;B;C,False
provenance_support,PRV3-0295,PRV3-0295,fully_supported,fully_supported,fully_supported,strong_consensus,3,3,"{""fully_supported"": 3}",A;B;C,False
provenance_support,PRV3-0296,PRV3-0296,unsupported,unsupported,unsupported,strong_consensus,3,3,"{""unsupported"": 3}",A;B;C,False
provenance_support,PRV3-0297,PRV3-0297,fully_supported,fully_supported,fully_supported,strong_consensus,3,3,"{""fully_supported"": 3}",A;B;C,False
provenance_support,PRV3-0298,PRV3-0298,fully_supported,fully_supported,fully_supported,strong_consensus,3,3,"{""fully_supported"": 3}",A;B;C,False
provenance_support,PRV3-0299,PRV3-0299,fully_supported,fully_supported,fully_supported,weak_consensus,3,2,"{""fully_supported"": 2, ""partially_supported"": 1}",A;B;C,False
provenance_support,PRV3-0300,PRV3-0300,fully_supported,fully_supported,fully_supported,strong_consensus,3,3,"{""fully_supported"": 3}",A;B;C,False
provenance_support,PRV3-0301,PRV3-0301,partially_supported,partially_supported,partially_supported,weak_consensus,3,2,"{""partially_supported"": 2, ""unsupported"": 1}",A;B;C,False
provenance_support,PRV3-0302,PRV3-0302,fully_supported,fully_supported,fully_supported,weak_consensus,3,2,"{""fully_supported"": 2, ""partially_supported"": 1}",A;B;C,False
provenance_support,PRV3-0303,PRV3-0303,fully_supported,fully_supported,fully_supported,strong_consensus,3,3,"{""fully_supported"": 3}",A;B;C,False
provenance_support,PRV3-0304,PRV3-0304,partially_supported,partially_supported,partially_supported,weak_consensus,3,2,"{""fully_supported"": 1, ""partially_supported"": 2}",A;B;C,False
provenance_support,PRV3-0305,PRV3-0305,unsupported,unsupported,unsupported,strong_consensus,3,3,"{""unsupported"": 3}",A;B;C,False
provenance_support,PRV3-0306,PRV3-0306,partially_supported,partially_supported,partially_supported,weak_consensus,3,2,"{""fully_supported"": 1, ""partially_supported"": 2}",A;B;C,False
provenance_support,PRV3-0307,PRV3-0307,unsupported,unsupported,unsupported,strong_consensus,3,3,"{""unsupported"": 3}",A;B;C,False
provenance_support,PRV3-0309,PRV3-0309,fully_supported,fully_supported,fully_supported,strong_consensus,3,3,"{""fully_supported"": 3}",A;B;C,False
provenance_support,PRV3-0310,PRV3-0310,contradicted,contradicted,contradicted,weak_consensus,3,2,"{""contradicted"": 2, ""partially_supported"": 1}",A;B;C,False
provenance_support,PRV3-0311,PRV3-0311,fully_supported,fully_supported,fully_supported,strong_consensus,3,3,"{""fully_supported"": 3}",A;B;C,False
provenance_support,PRV3-0312,PRV3-0312,partially_supported,partially_supported,partially_supported,strong_consensus,3,3,"{""partially_supported"": 3}",A;B;C,False
provenance_support,PRV3-0313,PRV3-0313,partially_supported,partially_supported,partially_supported,weak_consensus,3,2,"{""fully_supported"": 1, ""partially_supported"": 2}",A;B;C,False
provenance_support,PRV3-0314,PRV3-0314,partially_supported,partially_supported,partially_supported,strong_consensus,3,3,"{""partially_supported"": 3}",A;B;C,False
provenance_support,PRV3-0315,PRV3-0315,fully_supported,fully_supported,fully_supported,weak_consensus,3,2,"{""fully_supported"": 2, ""unsupported"": 1}",A;B;C,False
provenance_support,PRV3-0316,PRV3-0316,fully_supported,fully_supported,fully_supported,weak_consensus,2,2,"{""fully_supported"": 2}",A;B;C,False
provenance_support,PRV3-0317,PRV3-0317,unsupported,unsupported,unsupported,weak_consensus,3,2,"{""partially_supported"": 1, ""unsupported"": 2}",A;B;C,False
provenance_support,PRV3-0320,PRV3-0320,partially_supported,partially_supported,partially_supported,weak_consensus,3,2,"{""partially_supported"": 2, ""unsupported"": 1}",A;B;C,False
provenance_support,PRV3-0321,PRV3-0321,unsupported,unsupported,unsupported,weak_consensus,3,2,"{""insufficient_evidence"": 1, ""unsupported"": 2}",A;B;C,False
provenance_support,PRV3-0322,PRV3-0322,partially_supported,partially_supported,partially_supported,strong_consensus,3,3,"{""partially_supported"": 3}",A;B;C,False
provenance_support,PRV3-0323,PRV3-0323,fully_supported,fully_supported,fully_supported,weak_consensus,2,2,"{""fully_supported"": 2}",A;B;C,False
provenance_support,PRV3-0324,PRV3-0324,partially_supported,partially_supported,partially_supported,weak_consensus,3,2,"{""fully_supported"": 1, ""partially_supported"": 2}",A;B;C,False
provenance_support,PRV3-0325,PRV3-0325,fully_supported,fully_supported,fully_supported,weak_consensus,3,2,"{""fully_supported"": 2, ""partially_supported"": 1}",A;B;C,False
provenance_support,PRV3-0326,PRV3-0326,fully_supported,fully_supported,fully_supported,strong_consensus,3,3,"{""fully_supported"": 3}",A;B;C,False
provenance_support,PRV3-0327,PRV3-0327,fully_supported,fully_supported,fully_supported,weak_consensus,3,2,"{""fully_supported"": 2, ""partially_supported"": 1}",A;B;C,False
provenance_support,PRV3-0329,PRV3-0329,unsupported,unsupported,unsupported,weak_consensus,3,2,"{""insufficient_evidence"": 1, ""unsupported"": 2}",A;B;C,False
provenance_support,PRV3-0330,PRV3-0330,fully_supported,fully_supported,fully_supported,strong_consensus,3,3,"{""fully_supported"": 3}",A;B;C,False
provenance_support,PRV3-0331,PRV3-0331,unsupported,unsupported,unsupported,strong_consensus,3,3,"{""unsupported"": 3}",A;B;C,False
provenance_support,PRV3-0332,PRV3-0332,insufficient_evidence,insufficient_evidence,insufficient_evidence,weak_consensus,3,2,"{""insufficient_evidence"": 2, ""unsupported"": 1}",A;B;C,False
provenance_support,PRV3-0333,PRV3-0333,unsupported,unsupported,unsupported,strong_consensus,3,3,"{""unsupported"": 3}",A;B;C,False
provenance_support,PRV3-0334,PRV3-0334,fully_supported,fully_supported,fully_supported,weak_consensus,3,2,"{""fully_supported"": 2, ""partially_supported"": 1}",A;B;C,False
provenance_support,PRV3-0335,PRV3-0335,unsupported,unsupported,unsupported,strong_consensus,3,3,"{""unsupported"": 3}",A;B;C,False
provenance_support,PRV3-0336,PRV3-0336,partially_supported,partially_supported,partially_supported,weak_consensus,3,2,"{""fully_supported"": 1, ""partially_supported"": 2}",A;B;C,False
provenance_support,PRV3-0337,PRV3-0337,unsupported,unsupported,unsupported,strong_consensus,3,3,"{""unsupported"": 3}",A;B;C,False
provenance_support,PRV3-0338,PRV3-0338,unsupported,unsupported,unsupported,strong_consensus,3,3,"{""unsupported"": 3}",A;B;C,False
provenance_support,PRV3-0339,PRV3-0339,partially_supported,partially_supported,partially_supported,strong_consensus,3,3,"{""partially_supported"": 3}",A;B;C,False
provenance_support,PRV3-0340,PRV3-0340,unsupported,unsupported,unsupported,strong_consensus,3,3,"{""unsupported"": 3}",A;B;C,False
provenance_support,PRV3-0341,PRV3-0341,fully_supported,fully_supported,fully_supported,weak_consensus,3,2,"{""fully_supported"": 2, ""partially_supported"": 1}",A;B;C,False
provenance_support,PRV3-0342,PRV3-0342,unsupported,unsupported,unsupported,weak_consensus,3,2,"{""insufficient_evidence"": 1, ""unsupported"": 2}",A;B;C,False
provenance_support,PRV3-0343,PRV3-0343,partially_supported,partially_supported,partially_supported,weak_consensus,3,2,"{""partially_supported"": 2, ""unsupported"": 1}",A;B;C,False
provenance_support,PRV3-0344,PRV3-0344,fully_supported,fully_supported,fully_supported,strong_consensus,3,3,"{""fully_supported"": 3}",A;B;C,False
provenance_support,PRV3-0345,PRV3-0345,fully_supported,fully_supported,fully_supported,weak_consensus,2,2,"{""fully_supported"": 2}",A;B;C,False
provenance_support,PRV3-0346,PRV3-0346,unsupported,unsupported,unsupported,weak_consensus,3,2,"{""partially_supported"": 1, ""unsupported"": 2}",A;B;C,False
provenance_support,PRV3-0347,PRV3-0347,fully_supported,fully_supported,fully_supported,strong_consensus,3,3,"{""fully_supported"": 3}",A;B;C,False
provenance_support,PRV3-0348,PRV3-0348,unsupported,unsupported,unsupported,weak_consensus,3,2,"{""partially_supported"": 1, ""unsupported"": 2}",A;B;C,False
provenance_support,PRV3-0349,PRV3-0349,contradicted,contradicted,contradicted,weak_consensus,3,2,"{""contradicted"": 2, ""partially_supported"": 1}",A;B;C,False
provenance_support,PRV3-0350,PRV3-0350,partially_supported,partially_supported,partially_supported,weak_consensus,3,2,"{""fully_supported"": 1, ""partially_supported"": 2}",A;B;C,False
provenance_support,PRV3-0351,PRV3-0351,partially_supported,partially_supported,partially_supported,weak_consensus,3,2,"{""fully_supported"": 1, ""partially_supported"": 2}",A;B;C,False
provenance_support,PRV3-0352,PRV3-0352,unsupported,unsupported,unsupported,strong_consensus,3,3,"{""unsupported"": 3}",A;B;C,False
provenance_support,PRV3-0353,PRV3-0353,unsupported,unsupported,unsupported,weak_consensus,3,2,"{""partially_supported"": 1, ""unsupported"": 2}",A;B;C,False
provenance_support,PRV3-0355,PRV3-0355,partially_supported,partially_supported,partially_supported,weak_consensus,2,2,"{""partially_supported"": 2}",A;B;C,False
provenance_support,PRV3-0356,PRV3-0356,unsupported,unsupported,unsupported,weak_consensus,3,2,"{""partially_supported"": 1, ""unsupported"": 2}",A;B;C,False
provenance_support,PRV3-0358,PRV3-0358,fully_supported,fully_supported,fully_supported,strong_consensus,3,3,"{""fully_supported"": 3}",A;B;C,False
provenance_support,PRV3-0359,PRV3-0359,contradicted,contradicted,contradicted,weak_consensus,3,2,"{""contradicted"": 2, ""partially_supported"": 1}",A;B;C,False
provenance_support,PRV3-0360,PRV3-0360,fully_supported,fully_supported,fully_supported,weak_consensus,3,2,"{""fully_supported"": 2, ""partially_supported"": 1}",A;B;C,False
provenance_support,PRV3-0362,PRV3-0362,partially_supported,partially_supported,partially_supported,weak_consensus,3,2,"{""fully_supported"": 1, ""partially_supported"": 2}",A;B;C,False
provenance_support,PRV3-0363,PRV3-0363,partially_supported,partially_supported,partially_supported,strong_consensus,3,3,"{""partially_supported"": 3}",A;B;C,False
provenance_support,PRV3-0364,PRV3-0364,fully_supported,fully_supported,fully_supported,strong_consensus,3,3,"{""fully_supported"": 3}",A;B;C,False
provenance_support,PRV3-0365,PRV3-0365,unsupported,unsupported,unsupported,weak_consensus,3,2,"{""insufficient_evidence"": 1, ""unsupported"": 2}",A;B;C,False
provenance_support,PRV3-0366,PRV3-0366,contradicted,contradicted,contradicted,weak_consensus,3,2,"{""contradicted"": 2, ""partially_supported"": 1}",A;B;C,False
provenance_support,PRV3-0367,PRV3-0367,partially_supported,partially_supported,partially_supported,weak_consensus,3,2,"{""partially_supported"": 2, ""unsupported"": 1}",A;B;C,False
provenance_support,PRV3-0368,PRV3-0368,unsupported,unsupported,unsupported,strong_consensus,3,3,"{""unsupported"": 3}",A;B;C,False
provenance_support,PRV3-0369,PRV3-0369,partially_supported,partially_supported,partially_supported,strong_consensus,3,3,"{""partially_supported"": 3}",A;B;C,False
provenance_support,PRV3-0370,PRV3-0370,fully_supported,fully_supported,fully_supported,weak_consensus,3,2,"{""fully_supported"": 2, ""partially_supported"": 1}",A;B;C,False
provenance_support,PRV3-0371,PRV3-0371,fully_supported,fully_supported,fully_supported,strong_consensus,3,3,"{""fully_supported"": 3}",A;B;C,False
provenance_support,PRV3-0372,PRV3-0372,fully_supported,fully_supported,fully_supported,strong_consensus,3,3,"{""fully_supported"": 3}",A;B;C,False
provenance_support,PRV3-0373,PRV3-0373,partially_supported,partially_supported,partially_supported,weak_consensus,3,2,"{""partially_supported"": 2, ""unsupported"": 1}",A;B;C,False
provenance_support,PRV3-0374,PRV3-0374,partially_supported,partially_supported,partially_supported,weak_consensus,3,2,"{""fully_supported"": 1, ""partially_supported"": 2}",A;B;C,False
provenance_support,PRV3-0375,PRV3-0375,partially_supported,partially_supported,partially_supported,strong_consensus,3,3,"{""partially_supported"": 3}",A;B;C,False
provenance_support,PRV3-0376,PRV3-0376,fully_supported,fully_supported,fully_supported,strong_consensus,3,3,"{""fully_supported"": 3}",A;B;C,False
provenance_support,PRV3-0377,PRV3-0377,fully_supported,fully_supported,fully_supported,strong_consensus,3,3,"{""fully_supported"": 3}",A;B;C,False
provenance_support,PRV3-0378,PRV3-0378,partially_supported,partially_supported,partially_supported,weak_consensus,3,2,"{""fully_supported"": 1, ""partially_supported"": 2}",A;B;C,False
provenance_support,PRV3-0379,PRV3-0379,fully_supported,fully_supported,fully_supported,strong_consensus,3,3,"{""fully_supported"": 3}",A;B;C,False
provenance_support,PRV3-0380,PRV3-0380,fully_supported,fully_supported,fully_supported,weak_consensus,3,2,"{""fully_supported"": 2, ""partially_supported"": 1}",A;B;C,False
provenance_support,PRV3-0381,PRV3-0381,partially_supported,partially_supported,partially_supported,strong_consensus,3,3,"{""partially_supported"": 3}",A;B;C,False
provenance_support,PRV3-0382,PRV3-0382,fully_supported,fully_supported,fully_supported,strong_consensus,3,3,"{""fully_supported"": 3}",A;B;C,False
provenance_support,PRV3-0383,PRV3-0383,unsupported,unsupported,unsupported,strong_consensus,3,3,"{""unsupported"": 3}",A;B;C,False
provenance_support,PRV3-0384,PRV3-0384,contradicted,contradicted,contradicted,strong_consensus,3,3,"{""contradicted"": 3}",A;B;C,False
provenance_support,PRV3-0385,PRV3-0385,unsupported,unsupported,unsupported,weak_consensus,3,2,"{""insufficient_evidence"": 1, ""unsupported"": 2}",A;B;C,False
provenance_support,PRV3-0386,PRV3-0386,fully_supported,fully_supported,fully_supported,weak_consensus,3,2,"{""fully_supported"": 2, ""partially_supported"": 1}",A;B;C,False
provenance_support,PRV3-0387,PRV3-0387,fully_supported,fully_supported,fully_supported,strong_consensus,3,3,"{""fully_supported"": 3}",A;B;C,False
provenance_support,PRV3-0388,PRV3-0388,unsupported,unsupported,unsupported,strong_consensus,3,3,"{""unsupported"": 3}",A;B;C,False
provenance_support,PRV3-0389,PRV3-0389,fully_supported,fully_supported,fully_supported,weak_consensus,3,2,"{""fully_supported"": 2, ""partially_supported"": 1}",A;B;C,False
provenance_support,PRV3-0390,PRV3-0390,fully_supported,fully_supported,fully_supported,strong_consensus,3,3,"{""fully_supported"": 3}",A;B;C,False
provenance_support,PRV3-0391,PRV3-0391,fully_supported,fully_supported,fully_supported,weak_consensus,3,2,"{""fully_supported"": 2, ""partially_supported"": 1}",A;B;C,False
provenance_support,PRV3-0392,PRV3-0392,contradicted,contradicted,contradicted,weak_consensus,3,2,"{""contradicted"": 2, ""partially_supported"": 1}",A;B;C,False
provenance_support,PRV3-0393,PRV3-0393,insufficient_evidence,insufficient_evidence,insufficient_evidence,strong_consensus,3,3,"{""insufficient_evidence"": 3}",A;B;C,False
provenance_support,PRV3-0394,PRV3-0394,partially_supported,partially_supported,partially_supported,weak_consensus,3,2,"{""fully_supported"": 1, ""partially_supported"": 2}",A;B;C,False
provenance_support,PRV3-0395,PRV3-0395,fully_supported,fully_supported,fully_supported,strong_consensus,3,3,"{""fully_supported"": 3}",A;B;C,False
provenance_support,PRV3-0396,PRV3-0396,fully_supported,fully_supported,fully_supported,weak_consensus,3,2,"{""fully_supported"": 2, ""partially_supported"": 1}",A;B;C,False
provenance_support,PRV3-0397,PRV3-0397,partially_supported,partially_supported,partially_supported,strong_consensus,3,3,"{""partially_supported"": 3}",A;B;C,False
provenance_support,PRV3-0398,PRV3-0398,partially_supported,partially_supported,partially_supported,strong_consensus,3,3,"{""partially_supported"": 3}",A;B;C,False
provenance_support,PRV3-0399,PRV3-0399,partially_supported,partially_supported,partially_supported,weak_consensus,3,2,"{""contradicted"": 1, ""partially_supported"": 2}",A;B;C,False
provenance_support,PRV3-0400,PRV3-0400,unsupported,unsupported,unsupported,strong_consensus,3,3,"{""unsupported"": 3}",A;B;C,False
provenance_support,PRV3-0401,PRV3-0401,unsupported,unsupported,unsupported,weak_consensus,3,2,"{""insufficient_evidence"": 1, ""unsupported"": 2}",A;B;C,False
provenance_support,PRV3-0402,PRV3-0402,fully_supported,fully_supported,fully_supported,weak_consensus,3,2,"{""fully_supported"": 2, ""partially_supported"": 1}",A;B;C,False
provenance_support,PRV3-0403,PRV3-0403,unsupported,unsupported,unsupported,strong_consensus,3,3,"{""unsupported"": 3}",A;B;C,False
provenance_support,PRV3-0405,PRV3-0405,fully_supported,fully_supported,fully_supported,weak_consensus,3,2,"{""fully_supported"": 2, ""partially_supported"": 1}",A;B;C,False
provenance_support,PRV3-0407,PRV3-0407,fully_supported,fully_supported,fully_supported,weak_consensus,3,2,"{""fully_supported"": 2, ""partially_supported"": 1}",A;B;C,False
provenance_support,PRV3-0408,PRV3-0408,unsupported,unsupported,unsupported,weak_consensus,3,2,"{""insufficient_evidence"": 1, ""unsupported"": 2}",A;B;C,False
provenance_support,PRV3-0409,PRV3-0409,unsupported,unsupported,unsupported,strong_consensus,3,3,"{""unsupported"": 3}",A;B;C,False
provenance_support,PRV3-0410,PRV3-0410,partially_supported,partially_supported,partially_supported,weak_consensus,3,2,"{""fully_supported"": 1, ""partially_supported"": 2}",A;B;C,False
provenance_support,PRV3-0411,PRV3-0411,fully_supported,fully_supported,fully_supported,strong_consensus,3,3,"{""fully_supported"": 3}",A;B;C,False
provenance_support,PRV3-0412,PRV3-0412,partially_supported,partially_supported,partially_supported,weak_consensus,3,2,"{""fully_supported"": 1, ""partially_supported"": 2}",A;B;C,False
provenance_support,PRV3-0413,PRV3-0413,partially_supported,partially_supported,partially_supported,weak_consensus,3,2,"{""insufficient_evidence"": 1, ""partially_supported"": 2}",A;B;C,False
provenance_support,PRV3-0414,PRV3-0414,unsupported,unsupported,unsupported,strong_consensus,3,3,"{""unsupported"": 3}",A;B;C,False
provenance_support,PRV3-0416,PRV3-0416,fully_supported,fully_supported,fully_supported,strong_consensus,3,3,"{""fully_supported"": 3}",A;B;C,False
provenance_support,PRV3-0417,PRV3-0417,fully_supported,fully_supported,fully_supported,weak_consensus,3,2,"{""fully_supported"": 2, ""partially_supported"": 1}",A;B;C,False
provenance_support,PRV3-0418,PRV3-0418,unsupported,unsupported,unsupported,strong_consensus,3,3,"{""unsupported"": 3}",A;B;C,False
provenance_support,PRV3-0419,PRV3-0419,partially_supported,partially_supported,partially_supported,weak_consensus,3,2,"{""insufficient_evidence"": 1, ""partially_supported"": 2}",A;B;C,False
provenance_support,PRV3-0420,PRV3-0420,partially_supported,partially_supported,partially_supported,strong_consensus,3,3,"{""partially_supported"": 3}",A;B;C,False
provenance_support,PRV3-0421,PRV3-0421,unsupported,unsupported,unsupported,weak_consensus,3,2,"{""insufficient_evidence"": 1, ""unsupported"": 2}",A;B;C,False
provenance_support,PRV3-0422,PRV3-0422,fully_supported,fully_supported,fully_supported,strong_consensus,3,3,"{""fully_supported"": 3}",A;B;C,False
provenance_support,PRV3-0423,PRV3-0423,partially_supported,partially_supported,partially_supported,weak_consensus,3,2,"{""partially_supported"": 2, ""unsupported"": 1}",A;B;C,False
provenance_support,PRV3-0424,PRV3-0424,partially_supported,partially_supported,partially_supported,weak_consensus,3,2,"{""partially_supported"": 2, ""unsupported"": 1}",A;B;C,False
provenance_support,PRV3-0425,PRV3-0425,partially_supported,partially_supported,partially_supported,weak_consensus,3,2,"{""partially_supported"": 2, ""unsupported"": 1}",A;B;C,False
provenance_support,PRV3-0426,PRV3-0426,fully_supported,fully_supported,fully_supported,weak_consensus,3,2,"{""fully_supported"": 2, ""partially_supported"": 1}",A;B;C,False
provenance_support,PRV3-0427,PRV3-0427,partially_supported,partially_supported,partially_supported,weak_consensus,3,2,"{""fully_supported"": 1, ""partially_supported"": 2}",A;B;C,False
provenance_support,PRV3-0428,PRV3-0428,unsupported,unsupported,unsupported,weak_consensus,3,2,"{""insufficient_evidence"": 1, ""unsupported"": 2}",A;B;C,False
provenance_support,PRV3-0429,PRV3-0429,partially_supported,partially_supported,partially_supported,weak_consensus,3,2,"{""partially_supported"": 2, ""unsupported"": 1}",A;B;C,False
provenance_support,PRV3-0430,PRV3-0430,unsupported,unsupported,unsupported,weak_consensus,3,2,"{""insufficient_evidence"": 1, ""unsupported"": 2}",A;B;C,False
provenance_support,PRV3-0431,PRV3-0431,unsupported,unsupported,unsupported,weak_consensus,3,2,"{""insufficient_evidence"": 1, ""unsupported"": 2}",A;B;C,False
provenance_support,PRV3-0432,PRV3-0432,fully_supported,fully_supported,fully_supported,weak_consensus,3,2,"{""fully_supported"": 2, ""partially_supported"": 1}",A;B;C,False
provenance_support,PRV3-0433,PRV3-0433,partially_supported,partially_supported,partially_supported,weak_consensus,3,2,"{""contradicted"": 1, ""partially_supported"": 2}",A;B;C,False
provenance_support,PRV3-0434,PRV3-0434,partially_supported,partially_supported,partially_supported,weak_consensus,3,2,"{""fully_supported"": 1, ""partially_supported"": 2}",A;B;C,False
provenance_support,PRV3-0435,PRV3-0435,unsupported,unsupported,unsupported,weak_consensus,3,2,"{""insufficient_evidence"": 1, ""unsupported"": 2}",A;B;C,False
provenance_support,PRV3-0436,PRV3-0436,fully_supported,fully_supported,fully_supported,weak_consensus,3,2,"{""fully_supported"": 2, ""partially_supported"": 1}",A;B;C,False
provenance_support,PRV3-0437,PRV3-0437,partially_supported,partially_supported,partially_supported,weak_consensus,3,2,"{""fully_supported"": 1, ""partially_supported"": 2}",A;B;C,False
provenance_support,PRV3-0438,PRV3-0438,partially_supported,partially_supported,partially_supported,strong_consensus,3,3,"{""partially_supported"": 3}",A;B;C,False
provenance_support,PRV3-0439,PRV3-0439,partially_supported,partially_supported,partially_supported,strong_consensus,3,3,"{""partially_supported"": 3}",A;B;C,False
provenance_support,PRV3-0441,PRV3-0441,fully_supported,fully_supported,fully_supported,weak_consensus,2,2,"{""fully_supported"": 2}",A;B;C,False
provenance_support,PRV3-0442,PRV3-0442,fully_supported,fully_supported,fully_supported,weak_consensus,3,2,"{""fully_supported"": 2, ""partially_supported"": 1}",A;B;C,False
provenance_support,PRV3-0443,PRV3-0443,fully_supported,fully_supported,fully_supported,weak_consensus,3,2,"{""fully_supported"": 2, ""partially_supported"": 1}",A;B;C,False
provenance_support,PRV3-0444,PRV3-0444,unsupported,unsupported,unsupported,strong_consensus,3,3,"{""unsupported"": 3}",A;B;C,False
provenance_support,PRV3-0445,PRV3-0445,partially_supported,partially_supported,partially_supported,strong_consensus,3,3,"{""partially_supported"": 3}",A;B;C,False
provenance_support,PRV3-0448,PRV3-0448,partially_supported,partially_supported,partially_supported,weak_consensus,3,2,"{""fully_supported"": 1, ""partially_supported"": 2}",A;B;C,False
provenance_support,PRV3-0449,PRV3-0449,fully_supported,fully_supported,fully_supported,weak_consensus,3,2,"{""fully_supported"": 2, ""partially_supported"": 1}",A;B;C,False
provenance_support,PRV3-0450,PRV3-0450,unsupported,unsupported,unsupported,strong_consensus,3,3,"{""unsupported"": 3}",A;B;C,False
provenance_support,PRV3-0451,PRV3-0451,unsupported,unsupported,unsupported,weak_consensus,3,2,"{""partially_supported"": 1, ""unsupported"": 2}",A;B;C,False
provenance_support,PRV3-0452,PRV3-0452,fully_supported,fully_supported,fully_supported,weak_consensus,3,2,"{""fully_supported"": 2, ""partially_supported"": 1}",A;B;C,False
provenance_support,PRV3-0453,PRV3-0453,unsupported,unsupported,unsupported,weak_consensus,3,2,"{""partially_supported"": 1, ""unsupported"": 2}",A;B;C,False
provenance_support,PRV3-0454,PRV3-0454,partially_supported,partially_supported,partially_supported,weak_consensus,3,2,"{""partially_supported"": 2, ""unsupported"": 1}",A;B;C,False
provenance_support,PRV3-0455,PRV3-0455,unsupported,unsupported,unsupported,weak_consensus,3,2,"{""insufficient_evidence"": 1, ""unsupported"": 2}",A;B;C,False
provenance_support,PRV3-0456,PRV3-0456,unsupported,unsupported,unsupported,weak_consensus,3,2,"{""insufficient_evidence"": 1, ""unsupported"": 2}",A;B;C,False
provenance_support,PRV3-0457,PRV3-0457,partially_supported,partially_supported,partially_supported,strong_consensus,3,3,"{""partially_supported"": 3}",A;B;C,False
provenance_support,PRV3-0458,PRV3-0458,fully_supported,fully_supported,fully_supported,strong_consensus,3,3,"{""fully_supported"": 3}",A;B;C,False
provenance_support,PRV3-0459,PRV3-0459,unsupported,unsupported,unsupported,strong_consensus,3,3,"{""unsupported"": 3}",A;B;C,False
provenance_support,PRV3-0460,PRV3-0460,partially_supported,partially_supported,partially_supported,strong_consensus,3,3,"{""partially_supported"": 3}",A;B;C,False
provenance_support,PRV3-0461,PRV3-0461,fully_supported,fully_supported,fully_supported,weak_consensus,3,2,"{""fully_supported"": 2, ""partially_supported"": 1}",A;B;C,False
provenance_support,PRV3-0462,PRV3-0462,contradicted,contradicted,contradicted,weak_consensus,3,2,"{""contradicted"": 2, ""unsupported"": 1}",A;B;C,False
provenance_support,PRV3-0463,PRV3-0463,partially_supported,partially_supported,partially_supported,strong_consensus,3,3,"{""partially_supported"": 3}",A;B;C,False
provenance_support,PRV3-0464,PRV3-0464,partially_supported,partially_supported,partially_supported,strong_consensus,3,3,"{""partially_supported"": 3}",A;B;C,False
provenance_support,PRV3-0465,PRV3-0465,partially_supported,partially_supported,partially_supported,weak_consensus,2,2,"{""partially_supported"": 2}",A;B;C,False
provenance_support,PRV3-0466,PRV3-0466,unsupported,unsupported,unsupported,strong_consensus,3,3,"{""unsupported"": 3}",A;B;C,False
provenance_support,PRV3-0467,PRV3-0467,unsupported,unsupported,unsupported,strong_consensus,3,3,"{""unsupported"": 3}",A;B;C,False
provenance_support,PRV3-0468,PRV3-0468,fully_supported,fully_supported,fully_supported,strong_consensus,3,3,"{""fully_supported"": 3}",A;B;C,False
provenance_support,PRV3-0469,PRV3-0469,unsupported,unsupported,unsupported,weak_consensus,3,2,"{""insufficient_evidence"": 1, ""unsupported"": 2}",A;B;C,False
provenance_support,PRV3-0470,PRV3-0470,partially_supported,partially_supported,partially_supported,weak_consensus,3,2,"{""fully_supported"": 1, ""partially_supported"": 2}",A;B;C,False
provenance_support,PRV3-0471,PRV3-0471,unsupported,unsupported,unsupported,weak_consensus,3,2,"{""partially_supported"": 1, ""unsupported"": 2}",A;B;C,False
provenance_support,PRV3-0472,PRV3-0472,unsupported,unsupported,unsupported,weak_consensus,3,2,"{""partially_supported"": 1, ""unsupported"": 2}",A;B;C,False
provenance_support,PRV3-0473,PRV3-0473,partially_supported,partially_supported,partially_supported,weak_consensus,3,2,"{""fully_supported"": 1, ""partially_supported"": 2}",A;B;C,False
provenance_support,PRV3-0475,PRV3-0475,unsupported,unsupported,unsupported,strong_consensus,3,3,"{""unsupported"": 3}",A;B;C,False
provenance_support,PRV3-0476,PRV3-0476,partially_supported,partially_supported,partially_supported,weak_consensus,3,2,"{""insufficient_evidence"": 1, ""partially_supported"": 2}",A;B;C,False
provenance_support,PRV3-0477,PRV3-0477,unsupported,unsupported,unsupported,strong_consensus,3,3,"{""unsupported"": 3}",A;B;C,False
provenance_support,PRV3-0478,PRV3-0478,partially_supported,partially_supported,partially_supported,weak_consensus,3,2,"{""partially_supported"": 2, ""unsupported"": 1}",A;B;C,False
provenance_support,PRV3-0479,PRV3-0479,fully_supported,fully_supported,fully_supported,weak_consensus,2,2,"{""fully_supported"": 2}",A;B;C,False
provenance_support,PRV3-0480,PRV3-0480,fully_supported,fully_supported,fully_supported,strong_consensus,3,3,"{""fully_supported"": 3}",A;B;C,False
provenance_support,PRV3-0481,PRV3-0481,fully_supported,fully_supported,fully_supported,strong_consensus,3,3,"{""fully_supported"": 3}",A;B;C,False
provenance_support,PRV3-0482,PRV3-0482,unsupported,unsupported,unsupported,strong_consensus,3,3,"{""unsupported"": 3}",A;B;C,False
provenance_support,PRV3-0483,PRV3-0483,unsupported,unsupported,unsupported,strong_consensus,3,3,"{""unsupported"": 3}",A;B;C,False
provenance_support,PRV3-0485,PRV3-0485,unsupported,unsupported,unsupported,strong_consensus,3,3,"{""unsupported"": 3}",A;B;C,False
provenance_support,PRV3-0486,PRV3-0486,unsupported,unsupported,unsupported,strong_consensus,3,3,"{""unsupported"": 3}",A;B;C,False
provenance_support,PRV3-0487,PRV3-0487,fully_supported,fully_supported,fully_supported,strong_consensus,3,3,"{""fully_supported"": 3}",A;B;C,False
provenance_support,PRV3-0488,PRV3-0488,unsupported,unsupported,unsupported,weak_consensus,3,2,"{""insufficient_evidence"": 1, ""unsupported"": 2}",A;B;C,False
provenance_support,PRV3-0489,PRV3-0489,unsupported,unsupported,unsupported,weak_consensus,3,2,"{""insufficient_evidence"": 1, ""unsupported"": 2}",A;B;C,False
provenance_support,PRV3-0490,PRV3-0490,partially_supported,partially_supported,partially_supported,strong_consensus,3,3,"{""partially_supported"": 3}",A;B;C,False
provenance_support,PRV3-0491,PRV3-0491,partially_supported,partially_supported,partially_supported,strong_consensus,3,3,"{""partially_supported"": 3}",A;B;C,False
provenance_support,PRV3-0492,PRV3-0492,partially_supported,partially_supported,partially_supported,strong_consensus,3,3,"{""partially_supported"": 3}",A;B;C,False
provenance_support,PRV3-0493,PRV3-0493,fully_supported,fully_supported,fully_supported,weak_consensus,3,2,"{""fully_supported"": 2, ""partially_supported"": 1}",A;B;C,False
provenance_support,PRV3-0495,PRV3-0495,insufficient_evidence,insufficient_evidence,insufficient_evidence,weak_consensus,3,2,"{""insufficient_evidence"": 2, ""unsupported"": 1}",A;B;C,False
provenance_support,PRV3-0496,PRV3-0496,partially_supported,partially_supported,partially_supported,weak_consensus,3,2,"{""fully_supported"": 1, ""partially_supported"": 2}",A;B;C,False
provenance_support,PRV3-0497,PRV3-0497,unsupported,unsupported,unsupported,strong_consensus,3,3,"{""unsupported"": 3}",A;B;C,False
provenance_support,PRV3-0498,PRV3-0498,partially_supported,partially_supported,partially_supported,weak_consensus,3,2,"{""fully_supported"": 1, ""partially_supported"": 2}",A;B;C,False
provenance_support,PRV3-0499,PRV3-0499,partially_supported,partially_supported,partially_supported,strong_consensus,3,3,"{""partially_supported"": 3}",A;B;C,False
provenance_support,PRV3-0500,PRV3-0500,unsupported,unsupported,unsupported,weak_consensus,3,2,"{""insufficient_evidence"": 1, ""unsupported"": 2}",A;B;C,False
provenance_support,PRV3-0501,PRV3-0501,unsupported,unsupported,unsupported,weak_consensus,3,2,"{""partially_supported"": 1, ""unsupported"": 2}",A;B;C,False
provenance_support,PRV3-0502,PRV3-0502,partially_supported,partially_supported,partially_supported,weak_consensus,3,2,"{""insufficient_evidence"": 1, ""partially_supported"": 2}",A;B;C,False
provenance_support,PRV3-0503,PRV3-0503,fully_supported,fully_supported,fully_supported,strong_consensus,3,3,"{""fully_supported"": 3}",A;B;C,False
provenance_support,PRV3-0504,PRV3-0504,fully_supported,fully_supported,fully_supported,weak_consensus,3,2,"{""fully_supported"": 2, ""partially_supported"": 1}",A;B;C,False
provenance_support,PRV3-0505,PRV3-0505,insufficient_evidence,insufficient_evidence,insufficient_evidence,strong_consensus,3,3,"{""insufficient_evidence"": 3}",A;B;C,False
provenance_support,PRV3-0506,PRV3-0506,unsupported,unsupported,unsupported,strong_consensus,3,3,"{""unsupported"": 3}",A;B;C,False
provenance_support,PRV3-0507,PRV3-0507,unsupported,unsupported,unsupported,weak_consensus,3,2,"{""partially_supported"": 1, ""unsupported"": 2}",A;B;C,False
provenance_support,PRV3-0508,PRV3-0508,unsupported,unsupported,unsupported,strong_consensus,3,3,"{""unsupported"": 3}",A;B;C,False
provenance_support,PRV3-0509,PRV3-0509,partially_supported,partially_supported,partially_supported,weak_consensus,3,2,"{""fully_supported"": 1, ""partially_supported"": 2}",A;B;C,False
provenance_support,PRV3-0510,PRV3-0510,partially_supported,partially_supported,partially_supported,strong_consensus,3,3,"{""partially_supported"": 3}",A;B;C,False
provenance_support,PRV3-0511,PRV3-0511,fully_supported,fully_supported,fully_supported,strong_consensus,3,3,"{""fully_supported"": 3}",A;B;C,False
provenance_support,PRV3-0512,PRV3-0512,partially_supported,partially_supported,partially_supported,weak_consensus,3,2,"{""fully_supported"": 1, ""partially_supported"": 2}",A;B;C,False
provenance_support,PRV3-0514,PRV3-0514,unsupported,unsupported,unsupported,weak_consensus,3,2,"{""partially_supported"": 1, ""unsupported"": 2}",A;B;C,False
provenance_support,PRV3-0515,PRV3-0515,unsupported,unsupported,unsupported,weak_consensus,3,2,"{""insufficient_evidence"": 1, ""unsupported"": 2}",A;B;C,False
provenance_support,PRV3-0516,PRV3-0516,partially_supported,partially_supported,partially_supported,strong_consensus,3,3,"{""partially_supported"": 3}",A;B;C,False
provenance_support,PRV3-0517,PRV3-0517,unsupported,unsupported,unsupported,weak_consensus,3,2,"{""insufficient_evidence"": 1, ""unsupported"": 2}",A;B;C,False
provenance_support,PRV3-0518,PRV3-0518,unsupported,unsupported,unsupported,strong_consensus,3,3,"{""unsupported"": 3}",A;B;C,False
provenance_support,PRV3-0519,PRV3-0519,fully_supported,fully_supported,fully_supported,weak_consensus,3,2,"{""fully_supported"": 2, ""partially_supported"": 1}",A;B;C,False
provenance_support,PRV3-0520,PRV3-0520,fully_supported,fully_supported,fully_supported,weak_consensus,3,2,"{""fully_supported"": 2, ""partially_supported"": 1}",A;B;C,False
provenance_support,PRV3-0522,PRV3-0522,fully_supported,fully_supported,fully_supported,weak_consensus,3,2,"{""fully_supported"": 2, ""partially_supported"": 1}",A;B;C,False
provenance_support,PRV3-0523,PRV3-0523,partially_supported,partially_supported,partially_supported,weak_consensus,3,2,"{""fully_supported"": 1, ""partially_supported"": 2}",A;B;C,False
provenance_support,PRV3-0524,PRV3-0524,partially_supported,partially_supported,partially_supported,weak_consensus,3,2,"{""fully_supported"": 1, ""partially_supported"": 2}",A;B;C,False
provenance_support,PRV3-0525,PRV3-0525,fully_supported,fully_supported,fully_supported,weak_consensus,3,2,"{""fully_supported"": 2, ""partially_supported"": 1}",A;B;C,False
provenance_support,PRV3-0526,PRV3-0526,partially_supported,partially_supported,partially_supported,strong_consensus,3,3,"{""partially_supported"": 3}",A;B;C,False
provenance_support,PRV3-0527,PRV3-0527,partially_supported,partially_supported,partially_supported,weak_consensus,3,2,"{""insufficient_evidence"": 1, ""partially_supported"": 2}",A;B;C,False
provenance_support,PRV3-0528,PRV3-0528,unsupported,unsupported,unsupported,strong_consensus,3,3,"{""unsupported"": 3}",A;B;C,False
provenance_support,PRV3-0529,PRV3-0529,partially_supported,partially_supported,partially_supported,strong_consensus,3,3,"{""partially_supported"": 3}",A;B;C,False
provenance_support,PRV3-0531,PRV3-0531,partially_supported,partially_supported,partially_supported,weak_consensus,3,2,"{""fully_supported"": 1, ""partially_supported"": 2}",A;B;C,False
provenance_support,PRV3-0532,PRV3-0532,partially_supported,partially_supported,partially_supported,strong_consensus,3,3,"{""partially_supported"": 3}",A;B;C,False
provenance_support,PRV3-0533,PRV3-0533,fully_supported,fully_supported,fully_supported,strong_consensus,3,3,"{""fully_supported"": 3}",A;B;C,False
provenance_support,PRV3-0534,PRV3-0534,partially_supported,partially_supported,partially_supported,strong_consensus,3,3,"{""partially_supported"": 3}",A;B;C,False
provenance_support,PRV3-0536,PRV3-0536,partially_supported,partially_supported,partially_supported,strong_consensus,3,3,"{""partially_supported"": 3}",A;B;C,False
provenance_support,PRV3-0537,PRV3-0537,unsupported,unsupported,unsupported,strong_consensus,3,3,"{""unsupported"": 3}",A;B;C,False
provenance_support,PRV3-0538,PRV3-0538,partially_supported,partially_supported,partially_supported,weak_consensus,3,2,"{""insufficient_evidence"": 1, ""partially_supported"": 2}",A;B;C,False
provenance_support,PRV3-0539,PRV3-0539,fully_supported,fully_supported,fully_supported,weak_consensus,2,2,"{""fully_supported"": 2}",A;B;C,False
provenance_support,PRV3-0540,PRV3-0540,fully_supported,fully_supported,fully_supported,weak_consensus,3,2,"{""fully_supported"": 2, ""partially_supported"": 1}",A;B;C,False
provenance_support,PRV3-0542,PRV3-0542,partially_supported,partially_supported,partially_supported,weak_consensus,3,2,"{""fully_supported"": 1, ""partially_supported"": 2}",A;B;C,False
provenance_support,PRV3-0543,PRV3-0543,unsupported,unsupported,unsupported,weak_consensus,3,2,"{""partially_supported"": 1, ""unsupported"": 2}",A;B;C,False
provenance_support,PRV3-0544,PRV3-0544,partially_supported,partially_supported,partially_supported,weak_consensus,3,2,"{""fully_supported"": 1, ""partially_supported"": 2}",A;B;C,False
provenance_support,PRV3-0545,PRV3-0545,partially_supported,partially_supported,partially_supported,weak_consensus,3,2,"{""insufficient_evidence"": 1, ""partially_supported"": 2}",A;B;C,False
provenance_support,PRV3-0546,PRV3-0546,partially_supported,partially_supported,partially_supported,weak_consensus,3,2,"{""partially_supported"": 2, ""unsupported"": 1}",A;B;C,False
provenance_support,PRV3-0547,PRV3-0547,partially_supported,partially_supported,partially_supported,weak_consensus,3,2,"{""fully_supported"": 1, ""partially_supported"": 2}",A;B;C,False
provenance_support,PRV3-0548,PRV3-0548,unsupported,unsupported,unsupported,strong_consensus,3,3,"{""unsupported"": 3}",A;B;C,False
provenance_support,PRV3-0549,PRV3-0549,fully_supported,fully_supported,fully_supported,weak_consensus,3,2,"{""fully_supported"": 2, ""partially_supported"": 1}",A;B;C,False
provenance_support,PRV3-0550,PRV3-0550,partially_supported,partially_supported,partially_supported,weak_consensus,2,2,"{""partially_supported"": 2}",A;B;C,False
provenance_support,PRV3-0552,PRV3-0552,partially_supported,partially_supported,partially_supported,weak_consensus,3,2,"{""fully_supported"": 1, ""partially_supported"": 2}",A;B;C,False
provenance_support,PRV3-0553,PRV3-0553,partially_supported,partially_supported,partially_supported,weak_consensus,3,2,"{""fully_supported"": 1, ""partially_supported"": 2}",A;B;C,False
provenance_support,PRV3-0554,PRV3-0554,unsupported,unsupported,unsupported,weak_consensus,3,2,"{""insufficient_evidence"": 1, ""unsupported"": 2}",A;B;C,False
provenance_support,PRV3-0555,PRV3-0555,unsupported,unsupported,unsupported,strong_consensus,3,3,"{""unsupported"": 3}",A;B;C,False
provenance_support,PRV3-0556,PRV3-0556,unsupported,unsupported,unsupported,strong_consensus,3,3,"{""unsupported"": 3}",A;B;C,False
provenance_support,PRV3-0557,PRV3-0557,unsupported,unsupported,unsupported,strong_consensus,3,3,"{""unsupported"": 3}",A;B;C,False
provenance_support,PRV3-0558,PRV3-0558,unsupported,unsupported,unsupported,strong_consensus,3,3,"{""unsupported"": 3}",A;B;C,False
provenance_support,PRV3-0559,PRV3-0559,fully_supported,fully_supported,fully_supported,strong_consensus,3,3,"{""fully_supported"": 3}",A;B;C,False
provenance_support,PRV3-0560,PRV3-0560,fully_supported,fully_supported,fully_supported,weak_consensus,3,2,"{""fully_supported"": 2, ""partially_supported"": 1}",A;B;C,False
provenance_support,PRV3-0561,PRV3-0561,partially_supported,partially_supported,partially_supported,strong_consensus,3,3,"{""partially_supported"": 3}",A;B;C,False
provenance_support,PRV3-0562,PRV3-0562,partially_supported,partially_supported,partially_supported,strong_consensus,3,3,"{""partially_supported"": 3}",A;B;C,False
provenance_support,PRV3-0563,PRV3-0563,fully_supported,fully_supported,fully_supported,weak_consensus,3,2,"{""fully_supported"": 2, ""partially_supported"": 1}",A;B;C,False
provenance_support,PRV3-0564,PRV3-0564,partially_supported,partially_supported,partially_supported,weak_consensus,3,2,"{""fully_supported"": 1, ""partially_supported"": 2}",A;B;C,False
provenance_support,PRV3-0566,PRV3-0566,partially_supported,partially_supported,partially_supported,weak_consensus,3,2,"{""fully_supported"": 1, ""partially_supported"": 2}",A;B;C,False
provenance_support,PRV3-0568,PRV3-0568,unsupported,unsupported,unsupported,strong_consensus,3,3,"{""unsupported"": 3}",A;B;C,False
provenance_support,PRV3-0570,PRV3-0570,unsupported,unsupported,unsupported,strong_consensus,3,3,"{""unsupported"": 3}",A;B;C,False
provenance_support,PRV3-0571,PRV3-0571,partially_supported,partially_supported,partially_supported,weak_consensus,2,2,"{""partially_supported"": 2}",A;B;C,False
provenance_support,PRV3-0572,PRV3-0572,partially_supported,partially_supported,partially_supported,weak_consensus,3,2,"{""insufficient_evidence"": 1, ""partially_supported"": 2}",A;B;C,False
provenance_support,PRV3-0573,PRV3-0573,partially_supported,partially_supported,partially_supported,strong_consensus,3,3,"{""partially_supported"": 3}",A;B;C,False
provenance_support,PRV3-0574,PRV3-0574,partially_supported,partially_supported,partially_supported,weak_consensus,3,2,"{""fully_supported"": 1, ""partially_supported"": 2}",A;B;C,False
provenance_support,PRV3-0575,PRV3-0575,fully_supported,fully_supported,fully_supported,strong_consensus,3,3,"{""fully_supported"": 3}",A;B;C,False
provenance_support,PRV3-0576,PRV3-0576,fully_supported,fully_supported,fully_supported,strong_consensus,3,3,"{""fully_supported"": 3}",A;B;C,False
provenance_support,PRV3-0577,PRV3-0577,fully_supported,fully_supported,fully_supported,strong_consensus,3,3,"{""fully_supported"": 3}",A;B;C,False
provenance_support,PRV3-0578,PRV3-0578,partially_supported,partially_supported,partially_supported,weak_consensus,3,2,"{""fully_supported"": 1, ""partially_supported"": 2}",A;B;C,False
provenance_support,PRV3-0579,PRV3-0579,fully_supported,fully_supported,fully_supported,weak_consensus,2,2,"{""fully_supported"": 2}",A;B;C,False
provenance_support,PRV3-0580,PRV3-0580,partially_supported,partially_supported,partially_supported,strong_consensus,3,3,"{""partially_supported"": 3}",A;B;C,False
provenance_support,PRV3-0581,PRV3-0581,fully_supported,fully_supported,fully_supported,weak_consensus,3,2,"{""fully_supported"": 2, ""unsupported"": 1}",A;B;C,False
provenance_support,PRV3-0582,PRV3-0582,partially_supported,partially_supported,partially_supported,weak_consensus,3,2,"{""fully_supported"": 1, ""partially_supported"": 2}",A;B;C,False
provenance_support,PRV3-0583,PRV3-0583,fully_supported,fully_supported,fully_supported,strong_consensus,3,3,"{""fully_supported"": 3}",A;B;C,False
provenance_support,PRV3-0584,PRV3-0584,unsupported,unsupported,unsupported,strong_consensus,3,3,"{""unsupported"": 3}",A;B;C,False
provenance_support,PRV3-0585,PRV3-0585,fully_supported,fully_supported,fully_supported,strong_consensus,3,3,"{""fully_supported"": 3}",A;B;C,False
provenance_support,PRV3-0586,PRV3-0586,unsupported,unsupported,unsupported,strong_consensus,3,3,"{""unsupported"": 3}",A;B;C,False
provenance_support,PRV3-0587,PRV3-0587,unsupported,unsupported,unsupported,strong_consensus,3,3,"{""unsupported"": 3}",A;B;C,False
provenance_support,PRV3-0588,PRV3-0588,unsupported,unsupported,unsupported,strong_consensus,3,3,"{""unsupported"": 3}",A;B;C,False
provenance_support,PRV3-0589,PRV3-0589,partially_supported,partially_supported,partially_supported,weak_consensus,3,2,"{""fully_supported"": 1, ""partially_supported"": 2}",A;B;C,False
provenance_support,PRV3-0591,PRV3-0591,unsupported,unsupported,unsupported,strong_consensus,3,3,"{""unsupported"": 3}",A;B;C,False
provenance_support,PRV3-0592,PRV3-0592,partially_supported,partially_supported,partially_supported,strong_consensus,3,3,"{""partially_supported"": 3}",A;B;C,False
provenance_support,PRV3-0593,PRV3-0593,partially_supported,partially_supported,partially_supported,strong_consensus,3,3,"{""partially_supported"": 3}",A;B;C,False
provenance_support,PRV3-0594,PRV3-0594,unsupported,unsupported,unsupported,strong_consensus,3,3,"{""unsupported"": 3}",A;B;C,False
provenance_support,PRV3-0595,PRV3-0595,contradicted,contradicted,contradicted,weak_consensus,3,2,"{""contradicted"": 2, ""partially_supported"": 1}",A;B;C,False
provenance_support,PRV3-0596,PRV3-0596,fully_supported,fully_supported,fully_supported,weak_consensus,3,2,"{""fully_supported"": 2, ""partially_supported"": 1}",A;B;C,False
provenance_support,PRV3-0597,PRV3-0597,fully_supported,fully_supported,fully_supported,weak_consensus,3,2,"{""fully_supported"": 2, ""partially_supported"": 1}",A;B;C,False
provenance_support,PRV3-0599,PRV3-0599,partially_supported,partially_supported,partially_supported,weak_consensus,3,2,"{""fully_supported"": 1, ""partially_supported"": 2}",A;B;C,False
provenance_support,PRV3-0602,PRV3-0602,unsupported,unsupported,unsupported,weak_consensus,3,2,"{""insufficient_evidence"": 1, ""unsupported"": 2}",A;B;C,False
provenance_support,PRV3-0603,PRV3-0603,partially_supported,partially_supported,partially_supported,strong_consensus,3,3,"{""partially_supported"": 3}",A;B;C,False
provenance_support,PRV3-0604,PRV3-0604,fully_supported,fully_supported,fully_supported,strong_consensus,3,3,"{""fully_supported"": 3}",A;B;C,False
provenance_support,PRV3-0605,PRV3-0605,unsupported,unsupported,unsupported,strong_consensus,3,3,"{""unsupported"": 3}",A;B;C,False
provenance_support,PRV3-0606,PRV3-0606,unsupported,unsupported,unsupported,strong_consensus,3,3,"{""unsupported"": 3}",A;B;C,False
provenance_support,PRV3-0608,PRV3-0608,unsupported,unsupported,unsupported,strong_consensus,3,3,"{""unsupported"": 3}",A;B;C,False
provenance_support,PRV3-0609,PRV3-0609,fully_supported,fully_supported,fully_supported,weak_consensus,3,2,"{""fully_supported"": 2, ""partially_supported"": 1}",A;B;C,False
provenance_support,PRV3-0610,PRV3-0610,partially_supported,partially_supported,partially_supported,weak_consensus,3,2,"{""fully_supported"": 1, ""partially_supported"": 2}",A;B;C,False
provenance_support,PRV3-0611,PRV3-0611,partially_supported,partially_supported,partially_supported,weak_consensus,3,2,"{""partially_supported"": 2, ""unsupported"": 1}",A;B;C,False
provenance_support,PRV3-0612,PRV3-0612,fully_supported,fully_supported,fully_supported,strong_consensus,3,3,"{""fully_supported"": 3}",A;B;C,False
provenance_support,PRV3-0613,PRV3-0613,fully_supported,fully_supported,fully_supported,strong_consensus,3,3,"{""fully_supported"": 3}",A;B;C,False
provenance_support,PRV3-0616,PRV3-0616,partially_supported,partially_supported,partially_supported,strong_consensus,3,3,"{""partially_supported"": 3}",A;B;C,False
provenance_support,PRV3-0617,PRV3-0617,fully_supported,fully_supported,fully_supported,weak_consensus,3,2,"{""fully_supported"": 2, ""partially_supported"": 1}",A;B;C,False
provenance_support,PRV3-0618,PRV3-0618,unsupported,unsupported,unsupported,strong_consensus,3,3,"{""unsupported"": 3}",A;B;C,False
provenance_support,PRV3-0620,PRV3-0620,unsupported,unsupported,unsupported,strong_consensus,3,3,"{""unsupported"": 3}",A;B;C,False
provenance_support,PRV3-0621,PRV3-0621,insufficient_evidence,insufficient_evidence,insufficient_evidence,strong_consensus,3,3,"{""insufficient_evidence"": 3}",A;B;C,False
provenance_support,PRV3-0622,PRV3-0622,insufficient_evidence,insufficient_evidence,insufficient_evidence,weak_consensus,3,2,"{""insufficient_evidence"": 2, ""unsupported"": 1}",A;B;C,False
provenance_support,PRV3-0624,PRV3-0624,fully_supported,fully_supported,fully_supported,weak_consensus,3,2,"{""fully_supported"": 2, ""partially_supported"": 1}",A;B;C,False
provenance_support,PRV3-0625,PRV3-0625,fully_supported,fully_supported,fully_supported,strong_consensus,3,3,"{""fully_supported"": 3}",A;B;C,False
provenance_support,PRV3-0626,PRV3-0626,unsupported,unsupported,unsupported,strong_consensus,3,3,"{""unsupported"": 3}",A;B;C,False
provenance_support,PRV3-0627,PRV3-0627,partially_supported,partially_supported,partially_supported,weak_consensus,3,2,"{""partially_supported"": 2, ""unsupported"": 1}",A;B;C,False
provenance_support,PRV3-0628,PRV3-0628,partially_supported,partially_supported,partially_supported,weak_consensus,3,2,"{""fully_supported"": 1, ""partially_supported"": 2}",A;B;C,False
provenance_support,PRV3-0629,PRV3-0629,partially_supported,partially_supported,partially_supported,weak_consensus,3,2,"{""fully_supported"": 1, ""partially_supported"": 2}",A;B;C,False
provenance_support,PRV3-0630,PRV3-0630,unsupported,unsupported,unsupported,strong_consensus,3,3,"{""unsupported"": 3}",A;B;C,False
provenance_support,PRV3-0631,PRV3-0631,partially_supported,partially_supported,partially_supported,weak_consensus,3,2,"{""fully_supported"": 1, ""partially_supported"": 2}",A;B;C,False
provenance_support,PRV3-0632,PRV3-0632,partially_supported,partially_supported,partially_supported,weak_consensus,3,2,"{""fully_supported"": 1, ""partially_supported"": 2}",A;B;C,False
provenance_support,PRV3-0633,PRV3-0633,partially_supported,partially_supported,partially_supported,strong_consensus,3,3,"{""partially_supported"": 3}",A;B;C,False
provenance_support,PRV3-0635,PRV3-0635,fully_supported,fully_supported,fully_supported,weak_consensus,3,2,"{""fully_supported"": 2, ""partially_supported"": 1}",A;B;C,False
provenance_support,PRV3-0636,PRV3-0636,unsupported,unsupported,unsupported,strong_consensus,3,3,"{""unsupported"": 3}",A;B;C,False
provenance_support,PRV3-0637,PRV3-0637,fully_supported,fully_supported,fully_supported,strong_consensus,3,3,"{""fully_supported"": 3}",A;B;C,False
provenance_support,PRV3-0639,PRV3-0639,fully_supported,fully_supported,fully_supported,weak_consensus,3,2,"{""fully_supported"": 2, ""partially_supported"": 1}",A;B;C,False
provenance_support,PRV3-0640,PRV3-0640,partially_supported,partially_supported,partially_supported,weak_consensus,3,2,"{""partially_supported"": 2, ""unsupported"": 1}",A;B;C,False
provenance_support,PRV3-0641,PRV3-0641,fully_supported,fully_supported,fully_supported,weak_consensus,3,2,"{""fully_supported"": 2, ""partially_supported"": 1}",A;B;C,False
provenance_support,PRV3-0642,PRV3-0642,fully_supported,fully_supported,fully_supported,strong_consensus,3,3,"{""fully_supported"": 3}",A;B;C,False
provenance_support,PRV3-0643,PRV3-0643,partially_supported,partially_supported,partially_supported,strong_consensus,3,3,"{""partially_supported"": 3}",A;B;C,False
provenance_support,PRV3-0645,PRV3-0645,fully_supported,fully_supported,fully_supported,weak_consensus,3,2,"{""fully_supported"": 2, ""partially_supported"": 1}",A;B;C,False
provenance_support,PRV3-0646,PRV3-0646,partially_supported,partially_supported,partially_supported,strong_consensus,3,3,"{""partially_supported"": 3}",A;B;C,False
provenance_support,PRV3-0647,PRV3-0647,unsupported,unsupported,unsupported,strong_consensus,3,3,"{""unsupported"": 3}",A;B;C,False
provenance_support,PRV3-0648,PRV3-0648,partially_supported,partially_supported,partially_supported,weak_consensus,3,2,"{""partially_supported"": 2, ""unsupported"": 1}",A;B;C,False
provenance_support,PRV3-0649,PRV3-0649,fully_supported,fully_supported,fully_supported,weak_consensus,3,2,"{""fully_supported"": 2, ""partially_supported"": 1}",A;B;C,False
provenance_support,PRV3-0651,PRV3-0651,partially_supported,partially_supported,partially_supported,strong_consensus,3,3,"{""partially_supported"": 3}",A;B;C,False
provenance_support,PRV3-0652,PRV3-0652,unsupported,unsupported,unsupported,weak_consensus,3,2,"{""contradicted"": 1, ""unsupported"": 2}",A;B;C,False
provenance_support,PRV3-0653,PRV3-0653,partially_supported,partially_supported,partially_supported,weak_consensus,3,2,"{""fully_supported"": 1, ""partially_supported"": 2}",A;B;C,False
provenance_support,PRV3-0654,PRV3-0654,partially_supported,partially_supported,partially_supported,strong_consensus,3,3,"{""partially_supported"": 3}",A;B;C,False
provenance_support,PRV3-0655,PRV3-0655,fully_supported,fully_supported,fully_supported,weak_consensus,3,2,"{""contradicted"": 1, ""fully_supported"": 2}",A;B;C,False
provenance_support,PRV3-0657,PRV3-0657,fully_supported,fully_supported,fully_supported,weak_consensus,3,2,"{""fully_supported"": 2, ""partially_supported"": 1}",A;B;C,False
provenance_support,PRV3-0658,PRV3-0658,insufficient_evidence,insufficient_evidence,insufficient_evidence,strong_consensus,3,3,"{""insufficient_evidence"": 3}",A;B;C,False
provenance_support,PRV3-0659,PRV3-0659,unsupported,unsupported,unsupported,weak_consensus,3,2,"{""partially_supported"": 1, ""unsupported"": 2}",A;B;C,False
provenance_support,PRV3-0660,PRV3-0660,partially_supported,partially_supported,partially_supported,weak_consensus,3,2,"{""fully_supported"": 1, ""partially_supported"": 2}",A;B;C,False
provenance_support,PRV3-0661,PRV3-0661,contradicted,contradicted,contradicted,weak_consensus,3,2,"{""contradicted"": 2, ""partially_supported"": 1}",A;B;C,False
provenance_support,PRV3-0662,PRV3-0662,partially_supported,partially_supported,partially_supported,weak_consensus,3,2,"{""fully_supported"": 1, ""partially_supported"": 2}",A;B;C,False
provenance_support,PRV3-0663,PRV3-0663,unsupported,unsupported,unsupported,weak_consensus,2,2,"{""unsupported"": 2}",A;B;C,False
provenance_support,PRV3-0664,PRV3-0664,fully_supported,fully_supported,fully_supported,weak_consensus,3,2,"{""fully_supported"": 2, ""partially_supported"": 1}",A;B;C,False
provenance_support,PRV3-0665,PRV3-0665,unsupported,unsupported,unsupported,strong_consensus,3,3,"{""unsupported"": 3}",A;B;C,False
provenance_support,PRV3-0666,PRV3-0666,partially_supported,partially_supported,partially_supported,weak_consensus,3,2,"{""contradicted"": 1, ""partially_supported"": 2}",A;B;C,False
provenance_support,PRV3-0667,PRV3-0667,fully_supported,fully_supported,fully_supported,weak_consensus,3,2,"{""fully_supported"": 2, ""partially_supported"": 1}",A;B;C,False
provenance_support,PRV3-0668,PRV3-0668,unsupported,unsupported,unsupported,weak_consensus,3,2,"{""insufficient_evidence"": 1, ""unsupported"": 2}",A;B;C,False
provenance_support,PRV3-0669,PRV3-0669,unsupported,unsupported,unsupported,weak_consensus,3,2,"{""partially_supported"": 1, ""unsupported"": 2}",A;B;C,False
provenance_support,PRV3-0670,PRV3-0670,partially_supported,partially_supported,partially_supported,weak_consensus,3,2,"{""fully_supported"": 1, ""partially_supported"": 2}",A;B;C,False
provenance_support,PRV3-0671,PRV3-0671,partially_supported,partially_supported,partially_supported,strong_consensus,3,3,"{""partially_supported"": 3}",A;B;C,False
provenance_support,PRV3-0672,PRV3-0672,unsupported,unsupported,unsupported,weak_consensus,3,2,"{""partially_supported"": 1, ""unsupported"": 2}",A;B;C,False
provenance_support,PRV3-0673,PRV3-0673,partially_supported,partially_supported,partially_supported,weak_consensus,3,2,"{""fully_supported"": 1, ""partially_supported"": 2}",A;B;C,False
provenance_support,PRV3-0675,PRV3-0675,partially_supported,partially_supported,partially_supported,strong_consensus,3,3,"{""partially_supported"": 3}",A;B;C,False
provenance_support,PRV3-0676,PRV3-0676,partially_supported,partially_supported,partially_supported,weak_consensus,3,2,"{""fully_supported"": 1, ""partially_supported"": 2}",A;B;C,False
provenance_support,PRV3-0677,PRV3-0677,partially_supported,partially_supported,partially_supported,weak_consensus,3,2,"{""contradicted"": 1, ""partially_supported"": 2}",A;B;C,False
provenance_support,PRV3-0678,PRV3-0678,fully_supported,fully_supported,fully_supported,strong_consensus,3,3,"{""fully_supported"": 3}",A;B;C,False
provenance_support,PRV3-0679,PRV3-0679,partially_supported,partially_supported,partially_supported,strong_consensus,3,3,"{""partially_supported"": 3}",A;B;C,False
provenance_support,PRV3-0680,PRV3-0680,fully_supported,fully_supported,fully_supported,weak_consensus,3,2,"{""contradicted"": 1, ""fully_supported"": 2}",A;B;C,False
provenance_support,PRV3-0681,PRV3-0681,fully_supported,fully_supported,fully_supported,strong_consensus,3,3,"{""fully_supported"": 3}",A;B;C,False
provenance_support,PRV3-0682,PRV3-0682,fully_supported,fully_supported,fully_supported,strong_consensus,3,3,"{""fully_supported"": 3}",A;B;C,False
provenance_support,PRV3-0683,PRV3-0683,partially_supported,partially_supported,partially_supported,strong_consensus,3,3,"{""partially_supported"": 3}",A;B;C,False
provenance_support,PRV3-0684,PRV3-0684,unsupported,unsupported,unsupported,weak_consensus,3,2,"{""partially_supported"": 1, ""unsupported"": 2}",A;B;C,False
provenance_support,PRV3-0685,PRV3-0685,unsupported,unsupported,unsupported,strong_consensus,3,3,"{""unsupported"": 3}",A;B;C,False
provenance_support,PRV3-0686,PRV3-0686,contradicted,contradicted,contradicted,weak_consensus,3,2,"{""contradicted"": 2, ""partially_supported"": 1}",A;B;C,False
provenance_support,PRV3-0687,PRV3-0687,partially_supported,partially_supported,partially_supported,strong_consensus,3,3,"{""partially_supported"": 3}",A;B;C,False
provenance_support,PRV3-0688,PRV3-0688,partially_supported,partially_supported,partially_supported,weak_consensus,3,2,"{""partially_supported"": 2, ""unsupported"": 1}",A;B;C,False
provenance_support,PRV3-0689,PRV3-0689,fully_supported,fully_supported,fully_supported,strong_consensus,3,3,"{""fully_supported"": 3}",A;B;C,False
provenance_support,PRV3-0691,PRV3-0691,fully_supported,fully_supported,fully_supported,weak_consensus,3,2,"{""fully_supported"": 2, ""partially_supported"": 1}",A;B;C,False
provenance_support,PRV3-0692,PRV3-0692,unsupported,unsupported,unsupported,strong_consensus,3,3,"{""unsupported"": 3}",A;B;C,False
provenance_support,PRV3-0693,PRV3-0693,unsupported,unsupported,unsupported,weak_consensus,3,2,"{""partially_supported"": 1, ""unsupported"": 2}",A;B;C,False
provenance_support,PRV3-0694,PRV3-0694,unsupported,unsupported,unsupported,strong_consensus,3,3,"{""unsupported"": 3}",A;B;C,False
provenance_support,PRV3-0695,PRV3-0695,unsupported,unsupported,unsupported,weak_consensus,3,2,"{""insufficient_evidence"": 1, ""unsupported"": 2}",A;B;C,False
provenance_support,PRV3-0696,PRV3-0696,fully_supported,fully_supported,fully_supported,weak_consensus,3,2,"{""fully_supported"": 2, ""partially_supported"": 1}",A;B;C,False
provenance_support,PRV3-0697,PRV3-0697,unsupported,unsupported,unsupported,weak_consensus,3,2,"{""insufficient_evidence"": 1, ""unsupported"": 2}",A;B;C,False
provenance_support,PRV3-0698,PRV3-0698,partially_supported,partially_supported,partially_supported,strong_consensus,3,3,"{""partially_supported"": 3}",A;B;C,False
provenance_support,PRV3-0699,PRV3-0699,fully_supported,fully_supported,fully_supported,strong_consensus,3,3,"{""fully_supported"": 3}",A;B;C,False
provenance_support,PRV3-0700,PRV3-0700,fully_supported,fully_supported,fully_supported,strong_consensus,3,3,"{""fully_supported"": 3}",A;B;C,False
provenance_support,PRV3-0701,PRV3-0701,partially_supported,partially_supported,partially_supported,weak_consensus,3,2,"{""fully_supported"": 1, ""partially_supported"": 2}",A;B;C,False
provenance_support,PRV3-0702,PRV3-0702,fully_supported,fully_supported,fully_supported,weak_consensus,3,2,"{""fully_supported"": 2, ""partially_supported"": 1}",A;B;C,False
provenance_support,PRV3-0703,PRV3-0703,partially_supported,partially_supported,partially_supported,weak_consensus,3,2,"{""fully_supported"": 1, ""partially_supported"": 2}",A;B;C,False
provenance_support,PRV3-0704,PRV3-0704,fully_supported,fully_supported,fully_supported,weak_consensus,3,2,"{""fully_supported"": 2, ""unsupported"": 1}",A;B;C,False
provenance_support,PRV3-0705,PRV3-0705,fully_supported,fully_supported,fully_supported,weak_consensus,3,2,"{""fully_supported"": 2, ""partially_supported"": 1}",A;B;C,False
provenance_support,PRV3-0706,PRV3-0706,partially_supported,partially_supported,partially_supported,strong_consensus,3,3,"{""partially_supported"": 3}",A;B;C,False
provenance_support,PRV3-0707,PRV3-0707,partially_supported,partially_supported,partially_supported,weak_consensus,3,2,"{""contradicted"": 1, ""partially_supported"": 2}",A;B;C,False
provenance_support,PRV3-0708,PRV3-0708,partially_supported,partially_supported,partially_supported,strong_consensus,3,3,"{""partially_supported"": 3}",A;B;C,False
provenance_support,PRV3-0709,PRV3-0709,unsupported,unsupported,unsupported,weak_consensus,3,2,"{""partially_supported"": 1, ""unsupported"": 2}",A;B;C,False
provenance_support,PRV3-0710,PRV3-0710,partially_supported,partially_supported,partially_supported,weak_consensus,3,2,"{""fully_supported"": 1, ""partially_supported"": 2}",A;B;C,False
provenance_support,PRV3-0711,PRV3-0711,fully_supported,fully_supported,fully_supported,strong_consensus,3,3,"{""fully_supported"": 3}",A;B;C,False
provenance_support,PRV3-0712,PRV3-0712,unsupported,unsupported,unsupported,strong_consensus,3,3,"{""unsupported"": 3}",A;B;C,False
provenance_support,PRV3-0713,PRV3-0713,unsupported,unsupported,unsupported,weak_consensus,3,2,"{""insufficient_evidence"": 1, ""unsupported"": 2}",A;B;C,False
provenance_support,PRV3-0714,PRV3-0714,unsupported,unsupported,unsupported,strong_consensus,3,3,"{""unsupported"": 3}",A;B;C,False
provenance_support,PRV3-0715,PRV3-0715,fully_supported,fully_supported,fully_supported,weak_consensus,3,2,"{""fully_supported"": 2, ""partially_supported"": 1}",A;B;C,False
provenance_support,PRV3-0716,PRV3-0716,unsupported,unsupported,unsupported,weak_consensus,2,2,"{""unsupported"": 2}",A;B;C,False
provenance_support,PRV3-0717,PRV3-0717,partially_supported,partially_supported,partially_supported,weak_consensus,3,2,"{""insufficient_evidence"": 1, ""partially_supported"": 2}",A;B;C,False
provenance_support,PRV3-0718,PRV3-0718,fully_supported,fully_supported,fully_supported,weak_consensus,3,2,"{""fully_supported"": 2, ""partially_supported"": 1}",A;B;C,False
provenance_support,PRV3-0719,PRV3-0719,fully_supported,fully_supported,fully_supported,weak_consensus,3,2,"{""fully_supported"": 2, ""partially_supported"": 1}",A;B;C,False
provenance_support,PRV3-0720,PRV3-0720,partially_supported,partially_supported,partially_supported,weak_consensus,3,2,"{""partially_supported"": 2, ""unsupported"": 1}",A;B;C,False
provenance_support,PRV3-0721,PRV3-0721,fully_supported,fully_supported,fully_supported,strong_consensus,3,3,"{""fully_supported"": 3}",A;B;C,False
provenance_support,PRV3-0722,PRV3-0722,unsupported,unsupported,unsupported,strong_consensus,3,3,"{""unsupported"": 3}",A;B;C,False
provenance_support,PRV3-0723,PRV3-0723,unsupported,unsupported,unsupported,weak_consensus,3,2,"{""insufficient_evidence"": 1, ""unsupported"": 2}",A;B;C,False
provenance_support,PRV3-0724,PRV3-0724,unsupported,unsupported,unsupported,strong_consensus,3,3,"{""unsupported"": 3}",A;B;C,False
provenance_support,PRV3-0725,PRV3-0725,fully_supported,fully_supported,fully_supported,weak_consensus,3,2,"{""fully_supported"": 2, ""partially_supported"": 1}",A;B;C,False
provenance_support,PRV3-0726,PRV3-0726,partially_supported,partially_supported,partially_supported,weak_consensus,3,2,"{""partially_supported"": 2, ""unsupported"": 1}",A;B;C,False
provenance_support,PRV3-0728,PRV3-0728,fully_supported,fully_supported,fully_supported,weak_consensus,3,2,"{""fully_supported"": 2, ""partially_supported"": 1}",A;B;C,False
provenance_support,PRV3-0729,PRV3-0729,partially_supported,partially_supported,partially_supported,weak_consensus,3,2,"{""insufficient_evidence"": 1, ""partially_supported"": 2}",A;B;C,False
provenance_support,PRV3-0731,PRV3-0731,unsupported,unsupported,unsupported,weak_consensus,3,2,"{""partially_supported"": 1, ""unsupported"": 2}",A;B;C,False
provenance_support,PRV3-0732,PRV3-0732,unsupported,unsupported,unsupported,strong_consensus,3,3,"{""unsupported"": 3}",A;B;C,False
provenance_support,PRV3-0733,PRV3-0733,unsupported,unsupported,unsupported,strong_consensus,3,3,"{""unsupported"": 3}",A;B;C,False
provenance_support,PRV3-0735,PRV3-0735,partially_supported,partially_supported,partially_supported,weak_consensus,3,2,"{""contradicted"": 1, ""partially_supported"": 2}",A;B;C,False
provenance_support,PRV3-0736,PRV3-0736,unsupported,unsupported,unsupported,strong_consensus,3,3,"{""unsupported"": 3}",A;B;C,False
provenance_support,PRV3-0737,PRV3-0737,fully_supported,fully_supported,fully_supported,strong_consensus,3,3,"{""fully_supported"": 3}",A;B;C,False
provenance_support,PRV3-0738,PRV3-0738,partially_supported,partially_supported,partially_supported,weak_consensus,3,2,"{""partially_supported"": 2, ""unsupported"": 1}",A;B;C,False
provenance_support,PRV3-0739,PRV3-0739,partially_supported,partially_supported,partially_supported,strong_consensus,3,3,"{""partially_supported"": 3}",A;B;C,False
provenance_support,PRV3-0740,PRV3-0740,partially_supported,partially_supported,partially_supported,weak_consensus,3,2,"{""partially_supported"": 2, ""unsupported"": 1}",A;B;C,False
provenance_support,PRV3-0741,PRV3-0741,fully_supported,fully_supported,fully_supported,strong_consensus,3,3,"{""fully_supported"": 3}",A;B;C,False
provenance_support,PRV3-0742,PRV3-0742,partially_supported,partially_supported,partially_supported,weak_consensus,3,2,"{""contradicted"": 1, ""partially_supported"": 2}",A;B;C,False
provenance_support,PRV3-0743,PRV3-0743,unsupported,unsupported,unsupported,strong_consensus,3,3,"{""unsupported"": 3}",A;B;C,False
provenance_support,PRV3-0744,PRV3-0744,partially_supported,partially_supported,partially_supported,weak_consensus,3,2,"{""partially_supported"": 2, ""unsupported"": 1}",A;B;C,False
provenance_support,PRV3-0745,PRV3-0745,fully_supported,fully_supported,fully_supported,weak_consensus,3,2,"{""fully_supported"": 2, ""partially_supported"": 1}",A;B;C,False
provenance_support,PRV3-0746,PRV3-0746,fully_supported,fully_supported,fully_supported,strong_consensus,3,3,"{""fully_supported"": 3}",A;B;C,False
provenance_support,PRV3-0747,PRV3-0747,unsupported,unsupported,unsupported,weak_consensus,3,2,"{""partially_supported"": 1, ""unsupported"": 2}",A;B;C,False
provenance_support,PRV3-0748,PRV3-0748,unsupported,unsupported,unsupported,strong_consensus,3,3,"{""unsupported"": 3}",A;B;C,False
provenance_support,PRV3-0749,PRV3-0749,partially_supported,partially_supported,partially_supported,weak_consensus,3,2,"{""fully_supported"": 1, ""partially_supported"": 2}",A;B;C,False
provenance_support,PRV3-0750,PRV3-0750,partially_supported,partially_supported,partially_supported,weak_consensus,3,2,"{""fully_supported"": 1, ""partially_supported"": 2}",A;B;C,False
provenance_support,PRV3-0752,PRV3-0752,partially_supported,partially_supported,partially_supported,weak_consensus,3,2,"{""fully_supported"": 1, ""partially_supported"": 2}",A;B;C,False
provenance_support,PRV3-0753,PRV3-0753,fully_supported,fully_supported,fully_supported,weak_consensus,3,2,"{""fully_supported"": 2, ""unsupported"": 1}",A;B;C,False
provenance_support,PRV3-0754,PRV3-0754,partially_supported,partially_supported,partially_supported,weak_consensus,3,2,"{""partially_supported"": 2, ""unsupported"": 1}",A;B;C,False
provenance_support,PRV3-0755,PRV3-0755,fully_supported,fully_supported,fully_supported,strong_consensus,3,3,"{""fully_supported"": 3}",A;B;C,False
provenance_support,PRV3-0756,PRV3-0756,partially_supported,partially_supported,partially_supported,weak_consensus,3,2,"{""partially_supported"": 2, ""unsupported"": 1}",A;B;C,False
provenance_support,PRV3-0757,PRV3-0757,partially_supported,partially_supported,partially_supported,weak_consensus,3,2,"{""fully_supported"": 1, ""partially_supported"": 2}",A;B;C,False
provenance_support,PRV3-0758,PRV3-0758,insufficient_evidence,insufficient_evidence,insufficient_evidence,weak_consensus,3,2,"{""insufficient_evidence"": 2, ""partially_supported"": 1}",A;B;C,False
provenance_support,PRV3-0759,PRV3-0759,unsupported,unsupported,unsupported,weak_consensus,3,2,"{""insufficient_evidence"": 1, ""unsupported"": 2}",A;B;C,False
provenance_support,PRV3-0760,PRV3-0760,partially_supported,partially_supported,partially_supported,weak_consensus,3,2,"{""partially_supported"": 2, ""unsupported"": 1}",A;B;C,False
provenance_support,PRV3-0761,PRV3-0761,insufficient_evidence,insufficient_evidence,insufficient_evidence,weak_consensus,3,2,"{""insufficient_evidence"": 2, ""unsupported"": 1}",A;B;C,False
provenance_support,PRV3-0762,PRV3-0762,unsupported,unsupported,unsupported,weak_consensus,3,2,"{""insufficient_evidence"": 1, ""unsupported"": 2}",A;B;C,False
provenance_support,PRV3-0764,PRV3-0764,unsupported,unsupported,unsupported,strong_consensus,3,3,"{""unsupported"": 3}",A;B;C,False
provenance_support,PRV3-0765,PRV3-0765,partially_supported,partially_supported,partially_supported,weak_consensus,3,2,"{""insufficient_evidence"": 1, ""partially_supported"": 2}",A;B;C,False
provenance_support,PRV3-0766,PRV3-0766,unsupported,unsupported,unsupported,weak_consensus,3,2,"{""insufficient_evidence"": 1, ""unsupported"": 2}",A;B;C,False
provenance_support,PRV3-0767,PRV3-0767,unsupported,unsupported,unsupported,strong_consensus,3,3,"{""unsupported"": 3}",A;B;C,False
provenance_support,PRV3-0768,PRV3-0768,partially_supported,partially_supported,partially_supported,weak_consensus,3,2,"{""partially_supported"": 2, ""unsupported"": 1}",A;B;C,False
provenance_support,PRV3-0769,PRV3-0769,partially_supported,partially_supported,partially_supported,strong_consensus,3,3,"{""partially_supported"": 3}",A;B;C,False
provenance_support,PRV3-0770,PRV3-0770,insufficient_evidence,insufficient_evidence,insufficient_evidence,weak_consensus,3,2,"{""insufficient_evidence"": 2, ""unsupported"": 1}",A;B;C,False
provenance_support,PRV3-0771,PRV3-0771,fully_supported,fully_supported,fully_supported,weak_consensus,3,2,"{""fully_supported"": 2, ""partially_supported"": 1}",A;B;C,False
provenance_support,PRV3-0773,PRV3-0773,fully_supported,fully_supported,fully_supported,strong_consensus,3,3,"{""fully_supported"": 3}",A;B;C,False
provenance_support,PRV3-0774,PRV3-0774,fully_supported,fully_supported,fully_supported,strong_consensus,3,3,"{""fully_supported"": 3}",A;B;C,False
provenance_support,PRV3-0775,PRV3-0775,partially_supported,partially_supported,partially_supported,weak_consensus,3,2,"{""fully_supported"": 1, ""partially_supported"": 2}",A;B;C,False
provenance_support,PRV3-0776,PRV3-0776,partially_supported,partially_supported,partially_supported,weak_consensus,3,2,"{""partially_supported"": 2, ""unsupported"": 1}",A;B;C,False
provenance_support,PRV3-0777,PRV3-0777,unsupported,unsupported,unsupported,weak_consensus,3,2,"{""insufficient_evidence"": 1, ""unsupported"": 2}",A;B;C,False
provenance_support,PRV3-0778,PRV3-0778,partially_supported,partially_supported,partially_supported,weak_consensus,3,2,"{""fully_supported"": 1, ""partially_supported"": 2}",A;B;C,False
provenance_support,PRV3-0779,PRV3-0779,partially_supported,partially_supported,partially_supported,weak_consensus,3,2,"{""insufficient_evidence"": 1, ""partially_supported"": 2}",A;B;C,False
provenance_support,PRV3-0780,PRV3-0780,unsupported,unsupported,unsupported,strong_consensus,3,3,"{""unsupported"": 3}",A;B;C,False
provenance_support,PRV3-0781,PRV3-0781,unsupported,unsupported,unsupported,strong_consensus,3,3,"{""unsupported"": 3}",A;B;C,False
provenance_support,PRV3-0782,PRV3-0782,fully_supported,fully_supported,fully_supported,strong_consensus,3,3,"{""fully_supported"": 3}",A;B;C,False
provenance_support,PRV3-0783,PRV3-0783,insufficient_evidence,insufficient_evidence,insufficient_evidence,strong_consensus,3,3,"{""insufficient_evidence"": 3}",A;B;C,False
provenance_support,PRV3-0784,PRV3-0784,insufficient_evidence,insufficient_evidence,insufficient_evidence,strong_consensus,3,3,"{""insufficient_evidence"": 3}",A;B;C,False
provenance_support,PRV3-0785,PRV3-0785,partially_supported,partially_supported,partially_supported,weak_consensus,3,2,"{""fully_supported"": 1, ""partially_supported"": 2}",A;B;C,False
provenance_support,PRV3-0786,PRV3-0786,fully_supported,fully_supported,fully_supported,weak_consensus,3,2,"{""fully_supported"": 2, ""partially_supported"": 1}",A;B;C,False
provenance_support,PRV3-0787,PRV3-0787,unsupported,unsupported,unsupported,strong_consensus,3,3,"{""unsupported"": 3}",A;B;C,False
provenance_support,PRV3-0788,PRV3-0788,unsupported,unsupported,unsupported,strong_consensus,3,3,"{""unsupported"": 3}",A;B;C,False
provenance_support,PRV3-0789,PRV3-0789,unsupported,unsupported,unsupported,weak_consensus,3,2,"{""insufficient_evidence"": 1, ""unsupported"": 2}",A;B;C,False
provenance_support,PRV3-0790,PRV3-0790,fully_supported,fully_supported,fully_supported,weak_consensus,3,2,"{""fully_supported"": 2, ""partially_supported"": 1}",A;B;C,False
provenance_support,PRV3-0792,PRV3-0792,fully_supported,fully_supported,fully_supported,weak_consensus,3,2,"{""fully_supported"": 2, ""partially_supported"": 1}",A;B;C,False
provenance_support,PRV3-0793,PRV3-0793,partially_supported,partially_supported,partially_supported,weak_consensus,3,2,"{""partially_supported"": 2, ""unsupported"": 1}",A;B;C,False
provenance_support,PRV3-0795,PRV3-0795,partially_supported,partially_supported,partially_supported,weak_consensus,3,2,"{""fully_supported"": 1, ""partially_supported"": 2}",A;B;C,False
provenance_support,PRV3-0796,PRV3-0796,partially_supported,partially_supported,partially_supported,weak_consensus,3,2,"{""fully_supported"": 1, ""partially_supported"": 2}",A;B;C,False
provenance_support,PRV3-0797,PRV3-0797,unsupported,unsupported,unsupported,strong_consensus,3,3,"{""unsupported"": 3}",A;B;C,False
provenance_support,PRV3-0798,PRV3-0798,fully_supported,fully_supported,fully_supported,weak_consensus,3,2,"{""fully_supported"": 2, ""partially_supported"": 1}",A;B;C,False
provenance_support,PRV3-0799,PRV3-0799,fully_supported,fully_supported,fully_supported,strong_consensus,3,3,"{""fully_supported"": 3}",A;B;C,False
provenance_support,PRV3-0800,PRV3-0800,fully_supported,fully_supported,fully_supported,weak_consensus,3,2,"{""fully_supported"": 2, ""partially_supported"": 1}",A;B;C,False
provenance_support,PRV3-0801,PRV3-0801,fully_supported,fully_supported,fully_supported,weak_consensus,3,2,"{""fully_supported"": 2, ""partially_supported"": 1}",A;B;C,False
provenance_support,PRV3-0802,PRV3-0802,unsupported,unsupported,unsupported,strong_consensus,3,3,"{""unsupported"": 3}",A;B;C,False
provenance_support,PRV3-0803,PRV3-0803,partially_supported,partially_supported,partially_supported,weak_consensus,3,2,"{""partially_supported"": 2, ""unsupported"": 1}",A;B;C,False
provenance_support,PRV3-0804,PRV3-0804,fully_supported,fully_supported,fully_supported,strong_consensus,3,3,"{""fully_supported"": 3}",A;B;C,False
provenance_support,PRV3-0805,PRV3-0805,fully_supported,fully_supported,fully_supported,weak_consensus,3,2,"{""fully_supported"": 2, ""partially_supported"": 1}",A;B;C,False
provenance_support,PRV3-0806,PRV3-0806,unsupported,unsupported,unsupported,weak_consensus,3,2,"{""insufficient_evidence"": 1, ""unsupported"": 2}",A;B;C,False
provenance_support,PRV3-0807,PRV3-0807,fully_supported,fully_supported,fully_supported,weak_consensus,3,2,"{""fully_supported"": 2, ""insufficient_evidence"": 1}",A;B;C,False
provenance_support,PRV3-0808,PRV3-0808,partially_supported,partially_supported,partially_supported,weak_consensus,3,2,"{""insufficient_evidence"": 1, ""partially_supported"": 2}",A;B;C,False
provenance_support,PRV3-0809,PRV3-0809,partially_supported,partially_supported,partially_supported,strong_consensus,3,3,"{""partially_supported"": 3}",A;B;C,False
provenance_support,PRV3-0810,PRV3-0810,fully_supported,fully_supported,fully_supported,weak_consensus,3,2,"{""fully_supported"": 2, ""partially_supported"": 1}",A;B;C,False
provenance_support,PRV3-0811,PRV3-0811,unsupported,unsupported,unsupported,strong_consensus,3,3,"{""unsupported"": 3}",A;B;C,False
provenance_support,PRV3-0812,PRV3-0812,partially_supported,partially_supported,partially_supported,weak_consensus,3,2,"{""fully_supported"": 1, ""partially_supported"": 2}",A;B;C,False
provenance_support,PRV3-0813,PRV3-0813,unsupported,unsupported,unsupported,strong_consensus,3,3,"{""unsupported"": 3}",A;B;C,False
provenance_support,PRV3-0814,PRV3-0814,partially_supported,partially_supported,partially_supported,weak_consensus,3,2,"{""fully_supported"": 1, ""partially_supported"": 2}",A;B;C,False
provenance_support,PRV3-0815,PRV3-0815,unsupported,unsupported,unsupported,strong_consensus,3,3,"{""unsupported"": 3}",A;B;C,False
provenance_support,PRV3-0816,PRV3-0816,fully_supported,fully_supported,fully_supported,weak_consensus,3,2,"{""fully_supported"": 2, ""insufficient_evidence"": 1}",A;B;C,False
provenance_support,PRV3-0817,PRV3-0817,insufficient_evidence,insufficient_evidence,insufficient_evidence,weak_consensus,3,2,"{""insufficient_evidence"": 2, ""unsupported"": 1}",A;B;C,False
provenance_support,PRV3-0818,PRV3-0818,partially_supported,partially_supported,partially_supported,strong_consensus,3,3,"{""partially_supported"": 3}",A;B;C,False
provenance_support,PRV3-0819,PRV3-0819,fully_supported,fully_supported,fully_supported,weak_consensus,3,2,"{""fully_supported"": 2, ""partially_supported"": 1}",A;B;C,False
provenance_support,PRV3-0820,PRV3-0820,partially_supported,partially_supported,partially_supported,weak_consensus,3,2,"{""fully_supported"": 1, ""partially_supported"": 2}",A;B;C,False
provenance_support,PRV3-0821,PRV3-0821,fully_supported,fully_supported,fully_supported,strong_consensus,3,3,"{""fully_supported"": 3}",A;B;C,False
provenance_support,PRV3-0824,PRV3-0824,partially_supported,partially_supported,partially_supported,weak_consensus,3,2,"{""partially_supported"": 2, ""unsupported"": 1}",A;B;C,False
provenance_support,PRV3-0825,PRV3-0825,fully_supported,fully_supported,fully_supported,strong_consensus,3,3,"{""fully_supported"": 3}",A;B;C,False
provenance_support,PRV3-0826,PRV3-0826,partially_supported,partially_supported,partially_supported,weak_consensus,3,2,"{""partially_supported"": 2, ""unsupported"": 1}",A;B;C,False
provenance_support,PRV3-0827,PRV3-0827,fully_supported,fully_supported,fully_supported,strong_consensus,3,3,"{""fully_supported"": 3}",A;B;C,False
provenance_support,PRV3-0828,PRV3-0828,unsupported,unsupported,unsupported,strong_consensus,3,3,"{""unsupported"": 3}",A;B;C,False
provenance_support,PRV3-0829,PRV3-0829,partially_supported,partially_supported,partially_supported,weak_consensus,3,2,"{""insufficient_evidence"": 1, ""partially_supported"": 2}",A;B;C,False
provenance_support,PRV3-0830,PRV3-0830,unsupported,unsupported,unsupported,weak_consensus,3,2,"{""insufficient_evidence"": 1, ""unsupported"": 2}",A;B;C,False
provenance_support,PRV3-0831,PRV3-0831,fully_supported,fully_supported,fully_supported,weak_consensus,3,2,"{""fully_supported"": 2, ""partially_supported"": 1}",A;B;C,False
provenance_support,PRV3-0833,PRV3-0833,unsupported,unsupported,unsupported,weak_consensus,3,2,"{""insufficient_evidence"": 1, ""unsupported"": 2}",A;B;C,False
provenance_support,PRV3-0834,PRV3-0834,fully_supported,fully_supported,fully_supported,weak_consensus,3,2,"{""fully_supported"": 2, ""partially_supported"": 1}",A;B;C,False
provenance_support,PRV3-0835,PRV3-0835,unsupported,unsupported,unsupported,strong_consensus,3,3,"{""unsupported"": 3}",A;B;C,False
provenance_support,PRV3-0836,PRV3-0836,fully_supported,fully_supported,fully_supported,strong_consensus,3,3,"{""fully_supported"": 3}",A;B;C,False
provenance_support,PRV3-0837,PRV3-0837,contradicted,contradicted,contradicted,weak_consensus,3,2,"{""contradicted"": 2, ""fully_supported"": 1}",A;B;C,False
provenance_support,PRV3-0838,PRV3-0838,partially_supported,partially_supported,partially_supported,weak_consensus,3,2,"{""partially_supported"": 2, ""unsupported"": 1}",A;B;C,False
provenance_support,PRV3-0839,PRV3-0839,partially_supported,partially_supported,partially_supported,strong_consensus,3,3,"{""partially_supported"": 3}",A;B;C,False
provenance_support,PRV3-0841,PRV3-0841,insufficient_evidence,insufficient_evidence,insufficient_evidence,weak_consensus,3,2,"{""insufficient_evidence"": 2, ""unsupported"": 1}",A;B;C,False
provenance_support,PRV3-0842,PRV3-0842,unsupported,unsupported,unsupported,strong_consensus,3,3,"{""unsupported"": 3}",A;B;C,False
provenance_support,PRV3-0843,PRV3-0843,fully_supported,fully_supported,fully_supported,strong_consensus,3,3,"{""fully_supported"": 3}",A;B;C,False
provenance_support,PRV3-0844,PRV3-0844,unsupported,unsupported,unsupported,weak_consensus,3,2,"{""insufficient_evidence"": 1, ""unsupported"": 2}",A;B;C,False
provenance_support,PRV3-0845,PRV3-0845,contradicted,contradicted,contradicted,weak_consensus,3,2,"{""contradicted"": 2, ""partially_supported"": 1}",A;B;C,False
provenance_support,PRV3-0846,PRV3-0846,partially_supported,partially_supported,partially_supported,weak_consensus,3,2,"{""fully_supported"": 1, ""partially_supported"": 2}",A;B;C,False
provenance_support,PRV3-0847,PRV3-0847,fully_supported,fully_supported,fully_supported,weak_consensus,3,2,"{""fully_supported"": 2, ""partially_supported"": 1}",A;B;C,False
provenance_support,PRV3-0848,PRV3-0848,unsupported,unsupported,unsupported,weak_consensus,3,2,"{""insufficient_evidence"": 1, ""unsupported"": 2}",A;B;C,False
provenance_support,PRV3-0849,PRV3-0849,insufficient_evidence,insufficient_evidence,insufficient_evidence,weak_consensus,3,2,"{""insufficient_evidence"": 2, ""partially_supported"": 1}",A;B;C,False
provenance_support,PRV3-0850,PRV3-0850,partially_supported,partially_supported,partially_supported,strong_consensus,3,3,"{""partially_supported"": 3}",A;B;C,False
provenance_support,PRV3-0851,PRV3-0851,fully_supported,fully_supported,fully_supported,strong_consensus,3,3,"{""fully_supported"": 3}",A;B;C,False
provenance_support,PRV3-0852,PRV3-0852,partially_supported,partially_supported,partially_supported,weak_consensus,3,2,"{""fully_supported"": 1, ""partially_supported"": 2}",A;B;C,False
provenance_support,PRV3-0853,PRV3-0853,fully_supported,fully_supported,fully_supported,weak_consensus,3,2,"{""fully_supported"": 2, ""partially_supported"": 1}",A;B;C,False
provenance_support,PRV3-0855,PRV3-0855,unsupported,unsupported,unsupported,strong_consensus,3,3,"{""unsupported"": 3}",A;B;C,False
provenance_support,PRV3-0856,PRV3-0856,unsupported,unsupported,unsupported,strong_consensus,3,3,"{""unsupported"": 3}",A;B;C,False
provenance_support,PRV3-0857,PRV3-0857,fully_supported,fully_supported,fully_supported,weak_consensus,3,2,"{""fully_supported"": 2, ""insufficient_evidence"": 1}",A;B;C,False
provenance_support,PRV3-0859,PRV3-0859,partially_supported,partially_supported,partially_supported,weak_consensus,3,2,"{""partially_supported"": 2, ""unsupported"": 1}",A;B;C,False
provenance_support,PRV3-0860,PRV3-0860,fully_supported,fully_supported,fully_supported,strong_consensus,3,3,"{""fully_supported"": 3}",A;B;C,False
provenance_support,PRV3-0861,PRV3-0861,partially_supported,partially_supported,partially_supported,weak_consensus,3,2,"{""fully_supported"": 1, ""partially_supported"": 2}",A;B;C,False
provenance_support,PRV3-0862,PRV3-0862,partially_supported,partially_supported,partially_supported,weak_consensus,3,2,"{""fully_supported"": 1, ""partially_supported"": 2}",A;B;C,False
provenance_support,PRV3-0863,PRV3-0863,unsupported,unsupported,unsupported,weak_consensus,3,2,"{""insufficient_evidence"": 1, ""unsupported"": 2}",A;B;C,False
provenance_support,PRV3-0864,PRV3-0864,unsupported,unsupported,unsupported,weak_consensus,3,2,"{""insufficient_evidence"": 1, ""unsupported"": 2}",A;B;C,False
provenance_support,PRV3-0865,PRV3-0865,partially_supported,partially_supported,partially_supported,weak_consensus,3,2,"{""partially_supported"": 2, ""unsupported"": 1}",A;B;C,False
provenance_support,PRV3-0866,PRV3-0866,partially_supported,partially_supported,partially_supported,weak_consensus,3,2,"{""insufficient_evidence"": 1, ""partially_supported"": 2}",A;B;C,False
provenance_support,PRV3-0867,PRV3-0867,unsupported,unsupported,unsupported,weak_consensus,3,2,"{""insufficient_evidence"": 1, ""unsupported"": 2}",A;B;C,False
provenance_support,PRV3-0868,PRV3-0868,unsupported,unsupported,unsupported,weak_consensus,3,2,"{""insufficient_evidence"": 1, ""unsupported"": 2}",A;B;C,False
provenance_support,PRV3-0869,PRV3-0869,partially_supported,partially_supported,partially_supported,weak_consensus,3,2,"{""partially_supported"": 2, ""unsupported"": 1}",A;B;C,False
provenance_support,PRV3-0870,PRV3-0870,unsupported,unsupported,unsupported,strong_consensus,3,3,"{""unsupported"": 3}",A;B;C,False
provenance_support,PRV3-0871,PRV3-0871,unsupported,unsupported,unsupported,weak_consensus,3,2,"{""insufficient_evidence"": 1, ""unsupported"": 2}",A;B;C,False
provenance_support,PRV3-0872,PRV3-0872,unsupported,unsupported,unsupported,strong_consensus,3,3,"{""unsupported"": 3}",A;B;C,False
provenance_support,PRV3-0873,PRV3-0873,unsupported,unsupported,unsupported,weak_consensus,3,2,"{""partially_supported"": 1, ""unsupported"": 2}",A;B;C,False
provenance_support,PRV3-0874,PRV3-0874,unsupported,unsupported,unsupported,strong_consensus,3,3,"{""unsupported"": 3}",A;B;C,False
provenance_support,PRV3-0875,PRV3-0875,fully_supported,fully_supported,fully_supported,weak_consensus,3,2,"{""fully_supported"": 2, ""insufficient_evidence"": 1}",A;B;C,False
provenance_support,PRV3-0876,PRV3-0876,partially_supported,partially_supported,partially_supported,strong_consensus,3,3,"{""partially_supported"": 3}",A;B;C,False
provenance_support,PRV3-0878,PRV3-0878,unsupported,unsupported,unsupported,strong_consensus,3,3,"{""unsupported"": 3}",A;B;C,False
provenance_support,PRV3-0880,PRV3-0880,unsupported,unsupported,unsupported,strong_consensus,3,3,"{""unsupported"": 3}",A;B;C,False
provenance_support,PRV3-0882,PRV3-0882,partially_supported,partially_supported,partially_supported,weak_consensus,3,2,"{""partially_supported"": 2, ""unsupported"": 1}",A;B;C,False
provenance_support,PRV3-0883,PRV3-0883,partially_supported,partially_supported,partially_supported,weak_consensus,3,2,"{""partially_supported"": 2, ""unsupported"": 1}",A;B;C,False
provenance_support,PRV3-0885,PRV3-0885,unsupported,unsupported,unsupported,weak_consensus,3,2,"{""partially_supported"": 1, ""unsupported"": 2}",A;B;C,False
provenance_support,PRV3-0886,PRV3-0886,partially_supported,partially_supported,partially_supported,weak_consensus,3,2,"{""fully_supported"": 1, ""partially_supported"": 2}",A;B;C,False
provenance_support,PRV3-0887,PRV3-0887,fully_supported,fully_supported,fully_supported,weak_consensus,3,2,"{""fully_supported"": 2, ""partially_supported"": 1}",A;B;C,False
provenance_support,PRV3-0888,PRV3-0888,fully_supported,fully_supported,fully_supported,weak_consensus,3,2,"{""fully_supported"": 2, ""partially_supported"": 1}",A;B;C,False
provenance_support,PRV3-0889,PRV3-0889,partially_supported,partially_supported,partially_supported,weak_consensus,3,2,"{""fully_supported"": 1, ""partially_supported"": 2}",A;B;C,False
provenance_support,PRV3-0890,PRV3-0890,unsupported,unsupported,unsupported,weak_consensus,3,2,"{""insufficient_evidence"": 1, ""unsupported"": 2}",A;B;C,False
provenance_support,PRV3-0891,PRV3-0891,partially_supported,partially_supported,partially_supported,weak_consensus,3,2,"{""fully_supported"": 1, ""partially_supported"": 2}",A;B;C,False
provenance_support,PRV3-0892,PRV3-0892,unsupported,unsupported,unsupported,weak_consensus,3,2,"{""partially_supported"": 1, ""unsupported"": 2}",A;B;C,False
provenance_support,PRV3-0893,PRV3-0893,fully_supported,fully_supported,fully_supported,strong_consensus,3,3,"{""fully_supported"": 3}",A;B;C,False
provenance_support,PRV3-0894,PRV3-0894,partially_supported,partially_supported,partially_supported,strong_consensus,3,3,"{""partially_supported"": 3}",A;B;C,False
provenance_support,PRV3-0895,PRV3-0895,fully_supported,fully_supported,fully_supported,weak_consensus,2,2,"{""fully_supported"": 2}",A;B;C,False
provenance_support,PRV3-0896,PRV3-0896,partially_supported,partially_supported,partially_supported,weak_consensus,3,2,"{""fully_supported"": 1, ""partially_supported"": 2}",A;B;C,False
provenance_support,PRV3-0897,PRV3-0897,unsupported,unsupported,unsupported,weak_consensus,3,2,"{""insufficient_evidence"": 1, ""unsupported"": 2}",A;B;C,False
provenance_support,PRV3-0898,PRV3-0898,fully_supported,fully_supported,fully_supported,strong_consensus,3,3,"{""fully_supported"": 3}",A;B;C,False
provenance_support,PRV3-0899,PRV3-0899,fully_supported,fully_supported,fully_supported,weak_consensus,3,2,"{""fully_supported"": 2, ""unsupported"": 1}",A;B;C,False
provenance_support,PRV3-0900,PRV3-0900,unsupported,unsupported,unsupported,strong_consensus,3,3,"{""unsupported"": 3}",A;B;C,False
provenance_support,PRV3-0901,PRV3-0901,partially_supported,partially_supported,partially_supported,weak_consensus,3,2,"{""partially_supported"": 2, ""unsupported"": 1}",A;B;C,False
provenance_support,PRV3-0902,PRV3-0902,partially_supported,partially_supported,partially_supported,strong_consensus,3,3,"{""partially_supported"": 3}",A;B;C,False
provenance_support,PRV3-0903,PRV3-0903,unsupported,unsupported,unsupported,weak_consensus,3,2,"{""partially_supported"": 1, ""unsupported"": 2}",A;B;C,False
provenance_support,PRV3-0906,PRV3-0906,partially_supported,partially_supported,partially_supported,strong_consensus,3,3,"{""partially_supported"": 3}",A;B;C,False
provenance_support,PRV3-0907,PRV3-0907,partially_supported,partially_supported,partially_supported,weak_consensus,3,2,"{""partially_supported"": 2, ""unsupported"": 1}",A;B;C,False
provenance_support,PRV3-0908,PRV3-0908,partially_supported,partially_supported,partially_supported,weak_consensus,3,2,"{""insufficient_evidence"": 1, ""partially_supported"": 2}",A;B;C,False
provenance_support,PRV3-0909,PRV3-0909,partially_supported,partially_supported,partially_supported,strong_consensus,3,3,"{""partially_supported"": 3}",A;B;C,False
provenance_support,PRV3-0910,PRV3-0910,partially_supported,partially_supported,partially_supported,weak_consensus,3,2,"{""fully_supported"": 1, ""partially_supported"": 2}",A;B;C,False
provenance_support,PRV3-0911,PRV3-0911,fully_supported,fully_supported,fully_supported,strong_consensus,3,3,"{""fully_supported"": 3}",A;B;C,False
provenance_support,PRV3-0912,PRV3-0912,partially_supported,partially_supported,partially_supported,weak_consensus,3,2,"{""fully_supported"": 1, ""partially_supported"": 2}",A;B;C,False
provenance_support,PRV3-0913,PRV3-0913,unsupported,unsupported,unsupported,strong_consensus,3,3,"{""unsupported"": 3}",A;B;C,False
provenance_support,PRV3-0914,PRV3-0914,unsupported,unsupported,unsupported,strong_consensus,3,3,"{""unsupported"": 3}",A;B;C,False
provenance_support,PRV3-0915,PRV3-0915,unsupported,unsupported,unsupported,strong_consensus,3,3,"{""unsupported"": 3}",A;B;C,False
provenance_support,PRV3-0916,PRV3-0916,fully_supported,fully_supported,fully_supported,weak_consensus,3,2,"{""fully_supported"": 2, ""partially_supported"": 1}",A;B;C,False
provenance_support,PRV3-0917,PRV3-0917,partially_supported,partially_supported,partially_supported,weak_consensus,3,2,"{""fully_supported"": 1, ""partially_supported"": 2}",A;B;C,False
provenance_support,PRV3-0920,PRV3-0920,unsupported,unsupported,unsupported,weak_consensus,3,2,"{""partially_supported"": 1, ""unsupported"": 2}",A;B;C,False
provenance_support,PRV3-0921,PRV3-0921,partially_supported,partially_supported,partially_supported,weak_consensus,3,2,"{""partially_supported"": 2, ""unsupported"": 1}",A;B;C,False
provenance_support,PRV3-0922,PRV3-0922,unsupported,unsupported,unsupported,strong_consensus,3,3,"{""unsupported"": 3}",A;B;C,False
provenance_support,PRV3-0923,PRV3-0923,partially_supported,partially_supported,partially_supported,strong_consensus,3,3,"{""partially_supported"": 3}",A;B;C,False
provenance_support,PRV3-0925,PRV3-0925,partially_supported,partially_supported,partially_supported,weak_consensus,3,2,"{""fully_supported"": 1, ""partially_supported"": 2}",A;B;C,False
provenance_support,PRV3-0926,PRV3-0926,partially_supported,partially_supported,partially_supported,weak_consensus,3,2,"{""fully_supported"": 1, ""partially_supported"": 2}",A;B;C,False
provenance_support,PRV3-0928,PRV3-0928,partially_supported,partially_supported,partially_supported,weak_consensus,3,2,"{""partially_supported"": 2, ""unsupported"": 1}",A;B;C,False
provenance_support,PRV3-0929,PRV3-0929,partially_supported,partially_supported,partially_supported,weak_consensus,3,2,"{""insufficient_evidence"": 1, ""partially_supported"": 2}",A;B;C,False
provenance_support,PRV3-0930,PRV3-0930,unsupported,unsupported,unsupported,weak_consensus,3,2,"{""insufficient_evidence"": 1, ""unsupported"": 2}",A;B;C,False
provenance_support,PRV3-0931,PRV3-0931,partially_supported,partially_supported,partially_supported,weak_consensus,3,2,"{""insufficient_evidence"": 1, ""partially_supported"": 2}",A;B;C,False
provenance_support,PRV3-0932,PRV3-0932,unsupported,unsupported,unsupported,strong_consensus,3,3,"{""unsupported"": 3}",A;B;C,False
provenance_support,PRV3-0933,PRV3-0933,unsupported,unsupported,unsupported,strong_consensus,3,3,"{""unsupported"": 3}",A;B;C,False
provenance_support,PRV3-0936,PRV3-0936,unsupported,unsupported,unsupported,weak_consensus,3,2,"{""insufficient_evidence"": 1, ""unsupported"": 2}",A;B;C,False
provenance_support,PRV3-0937,PRV3-0937,fully_supported,fully_supported,fully_supported,strong_consensus,3,3,"{""fully_supported"": 3}",A;B;C,False
provenance_support,PRV3-0938,PRV3-0938,unsupported,unsupported,unsupported,strong_consensus,3,3,"{""unsupported"": 3}",A;B;C,False
provenance_support,PRV3-0939,PRV3-0939,unsupported,unsupported,unsupported,strong_consensus,3,3,"{""unsupported"": 3}",A;B;C,False
provenance_support,PRV3-0940,PRV3-0940,partially_supported,partially_supported,partially_supported,weak_consensus,3,2,"{""fully_supported"": 1, ""partially_supported"": 2}",A;B;C,False
provenance_support,PRV3-0943,PRV3-0943,partially_supported,partially_supported,partially_supported,strong_consensus,3,3,"{""partially_supported"": 3}",A;B;C,False
provenance_support,PRV3-0945,PRV3-0945,fully_supported,fully_supported,fully_supported,weak_consensus,3,2,"{""fully_supported"": 2, ""partially_supported"": 1}",A;B;C,False
provenance_support,PRV3-0946,PRV3-0946,fully_supported,fully_supported,fully_supported,weak_consensus,3,2,"{""fully_supported"": 2, ""partially_supported"": 1}",A;B;C,False
provenance_support,PRV3-0947,PRV3-0947,unsupported,unsupported,unsupported,weak_consensus,3,2,"{""insufficient_evidence"": 1, ""unsupported"": 2}",A;B;C,False
provenance_support,PRV3-0949,PRV3-0949,fully_supported,fully_supported,fully_supported,strong_consensus,3,3,"{""fully_supported"": 3}",A;B;C,False
provenance_support,PRV3-0950,PRV3-0950,partially_supported,partially_supported,partially_supported,strong_consensus,3,3,"{""partially_supported"": 3}",A;B;C,False
provenance_support,PRV3-0951,PRV3-0951,partially_supported,partially_supported,partially_supported,weak_consensus,3,2,"{""fully_supported"": 1, ""partially_supported"": 2}",A;B;C,False
provenance_support,PRV3-0952,PRV3-0952,partially_supported,partially_supported,partially_supported,strong_consensus,3,3,"{""partially_supported"": 3}",A;B;C,False
provenance_support,PRV3-0953,PRV3-0953,unsupported,unsupported,unsupported,strong_consensus,3,3,"{""unsupported"": 3}",A;B;C,False
provenance_support,PRV3-0954,PRV3-0954,insufficient_evidence,insufficient_evidence,insufficient_evidence,strong_consensus,3,3,"{""insufficient_evidence"": 3}",A;B;C,False
provenance_support,PRV3-0956,PRV3-0956,partially_supported,partially_supported,partially_supported,weak_consensus,3,2,"{""insufficient_evidence"": 1, ""partially_supported"": 2}",A;B;C,False
provenance_support,PRV3-0957,PRV3-0957,partially_supported,partially_supported,partially_supported,weak_consensus,3,2,"{""contradicted"": 1, ""partially_supported"": 2}",A;B;C,False
provenance_support,PRV3-0958,PRV3-0958,partially_supported,partially_supported,partially_supported,weak_consensus,3,2,"{""insufficient_evidence"": 1, ""partially_supported"": 2}",A;B;C,False
provenance_support,PRV3-0959,PRV3-0959,unsupported,unsupported,unsupported,weak_consensus,3,2,"{""contradicted"": 1, ""unsupported"": 2}",A;B;C,False
provenance_support,PRV3-0960,PRV3-0960,partially_supported,partially_supported,partially_supported,weak_consensus,3,2,"{""partially_supported"": 2, ""unsupported"": 1}",A;B;C,False
provenance_support,PRV3-0961,PRV3-0961,partially_supported,partially_supported,partially_supported,weak_consensus,3,2,"{""fully_supported"": 1, ""partially_supported"": 2}",A;B;C,False
provenance_support,PRV3-0962,PRV3-0962,partially_supported,partially_supported,partially_supported,strong_consensus,3,3,"{""partially_supported"": 3}",A;B;C,False
provenance_support,PRV3-0963,PRV3-0963,partially_supported,partially_supported,partially_supported,weak_consensus,3,2,"{""fully_supported"": 1, ""partially_supported"": 2}",A;B;C,False
provenance_support,PRV3-0964,PRV3-0964,partially_supported,partially_supported,partially_supported,strong_consensus,3,3,"{""partially_supported"": 3}",A;B;C,False
provenance_support,PRV3-0965,PRV3-0965,partially_supported,partially_supported,partially_supported,strong_consensus,3,3,"{""partially_supported"": 3}",A;B;C,False
provenance_support,PRV3-0966,PRV3-0966,insufficient_evidence,insufficient_evidence,insufficient_evidence,weak_consensus,3,2,"{""insufficient_evidence"": 2, ""partially_supported"": 1}",A;B;C,False
provenance_support,PRV3-0968,PRV3-0968,fully_supported,fully_supported,fully_supported,weak_consensus,3,2,"{""fully_supported"": 2, ""partially_supported"": 1}",A;B;C,False
provenance_support,PRV3-0969,PRV3-0969,partially_supported,partially_supported,partially_supported,weak_consensus,3,2,"{""fully_supported"": 1, ""partially_supported"": 2}",A;B;C,False
provenance_support,PRV3-0970,PRV3-0970,partially_supported,partially_supported,partially_supported,strong_consensus,3,3,"{""partially_supported"": 3}",A;B;C,False
provenance_support,PRV3-0971,PRV3-0971,fully_supported,fully_supported,fully_supported,weak_consensus,3,2,"{""fully_supported"": 2, ""partially_supported"": 1}",A;B;C,False
provenance_support,PRV3-0972,PRV3-0972,fully_supported,fully_supported,fully_supported,weak_consensus,3,2,"{""fully_supported"": 2, ""partially_supported"": 1}",A;B;C,False
provenance_support,PRV3-0973,PRV3-0973,fully_supported,fully_supported,fully_supported,weak_consensus,2,2,"{""fully_supported"": 2}",A;B;C,False
provenance_support,PRV3-0974,PRV3-0974,fully_supported,fully_supported,fully_supported,strong_consensus,3,3,"{""fully_supported"": 3}",A;B;C,False
provenance_support,PRV3-0975,PRV3-0975,fully_supported,fully_supported,fully_supported,weak_consensus,3,2,"{""fully_supported"": 2, ""partially_supported"": 1}",A;B;C,False
provenance_support,PRV3-0976,PRV3-0976,partially_supported,partially_supported,partially_supported,weak_consensus,3,2,"{""insufficient_evidence"": 1, ""partially_supported"": 2}",A;B;C,False
provenance_support,PRV3-0977,PRV3-0977,fully_supported,fully_supported,fully_supported,weak_consensus,3,2,"{""fully_supported"": 2, ""insufficient_evidence"": 1}",A;B;C,False
provenance_support,PRV3-0978,PRV3-0978,unsupported,unsupported,unsupported,strong_consensus,3,3,"{""unsupported"": 3}",A;B;C,False
provenance_support,PRV3-0980,PRV3-0980,fully_supported,fully_supported,fully_supported,strong_consensus,3,3,"{""fully_supported"": 3}",A;B;C,False
provenance_support,PRV3-0981,PRV3-0981,unsupported,unsupported,unsupported,strong_consensus,3,3,"{""unsupported"": 3}",A;B;C,False
provenance_support,PRV3-0982,PRV3-0982,unsupported,unsupported,unsupported,strong_consensus,3,3,"{""unsupported"": 3}",A;B;C,False
provenance_support,PRV3-0983,PRV3-0983,insufficient_evidence,insufficient_evidence,insufficient_evidence,weak_consensus,3,2,"{""insufficient_evidence"": 2, ""unsupported"": 1}",A;B;C,False
provenance_support,PRV3-0984,PRV3-0984,contradicted,contradicted,contradicted,weak_consensus,3,2,"{""contradicted"": 2, ""unsupported"": 1}",A;B;C,False
provenance_support,PRV3-0985,PRV3-0985,unsupported,unsupported,unsupported,strong_consensus,3,3,"{""unsupported"": 3}",A;B;C,False
provenance_support,PRV3-0987,PRV3-0987,fully_supported,fully_supported,fully_supported,weak_consensus,3,2,"{""fully_supported"": 2, ""partially_supported"": 1}",A;B;C,False
provenance_support,PRV3-0988,PRV3-0988,fully_supported,fully_supported,fully_supported,strong_consensus,3,3,"{""fully_supported"": 3}",A;B;C,False
provenance_support,PRV3-0989,PRV3-0989,unsupported,unsupported,unsupported,weak_consensus,3,2,"{""insufficient_evidence"": 1, ""unsupported"": 2}",A;B;C,False
provenance_support,PRV3-0990,PRV3-0990,partially_supported,partially_supported,partially_supported,weak_consensus,3,2,"{""fully_supported"": 1, ""partially_supported"": 2}",A;B;C,False
provenance_support,PRV3-0991,PRV3-0991,unsupported,unsupported,unsupported,weak_consensus,3,2,"{""insufficient_evidence"": 1, ""unsupported"": 2}",A;B;C,False
provenance_support,PRV3-0992,PRV3-0992,unsupported,unsupported,unsupported,strong_consensus,3,3,"{""unsupported"": 3}",A;B;C,False
provenance_support,PRV3-0993,PRV3-0993,unsupported,unsupported,unsupported,weak_consensus,3,2,"{""partially_supported"": 1, ""unsupported"": 2}",A;B;C,False
provenance_support,PRV3-0994,PRV3-0994,insufficient_evidence,insufficient_evidence,insufficient_evidence,strong_consensus,3,3,"{""insufficient_evidence"": 3}",A;B;C,False
provenance_support,PRV3-0995,PRV3-0995,unsupported,unsupported,unsupported,strong_consensus,3,3,"{""unsupported"": 3}",A;B;C,False
provenance_support,PRV3-0996,PRV3-0996,partially_supported,partially_supported,partially_supported,weak_consensus,3,2,"{""partially_supported"": 2, ""unsupported"": 1}",A;B;C,False
provenance_support,PRV3-0997,PRV3-0997,unsupported,unsupported,unsupported,strong_consensus,3,3,"{""unsupported"": 3}",A;B;C,False
provenance_support,PRV3-0998,PRV3-0998,fully_supported,fully_supported,fully_supported,weak_consensus,2,2,"{""fully_supported"": 2}",A;B;C,False
provenance_support,PRV3-0999,PRV3-0999,insufficient_evidence,insufficient_evidence,insufficient_evidence,weak_consensus,3,2,"{""insufficient_evidence"": 2, ""unsupported"": 1}",A;B;C,False
provenance_support,PRV3-1000,PRV3-1000,fully_supported,fully_supported,fully_supported,strong_consensus,3,3,"{""fully_supported"": 3}",A;B;C,False
