谓词,断言数,是否原始形式(raw:)
raw:关联,69149,1
raw:发生于,53979,1
participated_in,23506,0
led,21992,0
raw:participated_in,18539,1
raw:led,13736,1
active_at,10921,0
occurred_at,9941,0
raw:member_of,7648,1
organized,7328,0
influenced,5223,0
member_of,5079,0
raw:organized,4901,1
raw:held_position_in,4739,1
held_position_in,4663,0
raw:active_at,3083,1
raw:革命,2660,1
raw:发生地,2536,1
commanded,2493,0
raw:见于证据记录,2197,1
raw:embodied_in_event,2117,1
raw:事件发生地,1990,1
supported,1985,0
mentioned_in,1900,0
guided,1735,0
raw:关联人物,1727,1
fought_at,1613,0
raw:关系待定,1572,1
has_value_facet,1532,0
stationed_at,1513,0
raw:发展,1474,1
raw:disseminates,1466,1
raw:mentioned_in,1458,1
carried_out,1454,0
raw:时间关联,1356,1
worked_at,1319,0
raw:通信,1209,1
raw:隶属,1198,1
raw:supported,1181,1
raw:牺牲于,1166,1
contacted,1057,0
created,1046,0
opposed,996,0
raw:隶属关系,986,1
raw:战争,985,1
governed,956,0
raw:originated_at,950,1
raw:influenced,947,1
raw:起义,922,1
raw:发起,909,1
collaborated_with,891,0
traveled_to,876,0
raw:地理关联,870,1
raw:转移,863,1
dispatched,854,0
raw:commanded,835,1
raw:组织关系,828,1
raw:关联事件,756,1
captured,755,0
raw:事件-地点,745,1
raw:教育,728,1
raw:镇压,711,1
raw:liberated,709,1
raw:籍贯,706,1
raw:guided,693,1
raw:领导关系,675,1
responsible_for,673,0
raw:关联地点,644,1
raw:人物-事件,623,1
raw:进攻,622,1
raw:事件关联,608,1
located_in,603,0
raw:关联组织,599,1
raw:地点关联,583,1
raw:部署,573,1
raw:carried_out,572,1
died_at,567,0
liberated,555,0
raw:authored,554,1
raw:created,551,1
raw:组成,506,1
raw:held_position,502,1
raw:被捕,486,1
raw:军事行动,485,1
raw:活动关联,454,1
raw:embodied_by_person,445,1
raw:改编,427,1
raw:支援,424,1
raw:collaborated_with,414,1
raw:相关,414,1
raw:commemorates,387,1
raw:保卫,381,1
killed,376,0
imprisoned_at,363,0
raw:studied_at,359,1
introduced,345,0
raw:报告,345,1
raw:关联区域,344,1
raw:影响范围,343,1
raw:依托,339,1
raw:组织成员,339,1
arrested_at,334,0
raw:captured,317,1
raw:对抗,317,1
raw:防守,311,1
raw:作战区域,305,1
raw:体现于地域,302,1
raw:地点,301,1
recruited,296,0
colleague_of,292,0
raw:建设,292,1
raw:主持,287,1
raw:组织-成员,286,1
appointed,283,0
raw:发生地点,281,1
raw:任职地,277,1
raw:occurred_at,276,1
raw:实施,274,1
reported_to,272,0
raw:动员,271,1
raw:冲突,270,1
raw:讨论,266,1
raw:contacted,263,1
raw:组织者,263,1
raw:组织-事件,262,1
raw:成立,261,1
raw:决策,256,1
raw:涉及,253,1
raw:used_artifact,251,1
raw:推动,251,1
raw:组建,251,1
born_at,248,0
met_with,246,0
raw:决定,245,1
raw:研究,244,1
raw:演讲,243,1
raw:事,238,1
raw:人物-地点,234,1
raw:参与事件,231,1
raw:创建者,229,1
raw:responsible_for,227,1
raw:投降,227,1
raw:负责人,222,1
raw:相关人物,221,1
raw:发布,219,1
raw:组织关联,217,1
raw:出版,212,1
raw:进驻,208,1
raw:统一,207,1
raw:命令,206,1
raw:改革,206,1
raw:运输,204,1
raw:开展,203,1
raw:事件-人物,202,1
raw:地域关联,200,1
raw:因果关系,198,1
protected,193,0
raw:事件地点,192,1
raw:破坏,192,1
raw:advocated,191,1
raw:途经,191,1
raw:worked_at,190,1
raw:任职地点,190,1
raw:响应,188,1
raw:宣传,187,1
raw:组织隶属,187,1
raw:人物-组织,186,1
raw:影响事件,186,1
raw:edited,185,1
raw:情报传递,184,1
raw:撰写,184,1
raw:引发,183,1
raw:设立,182,1
trained,182,0
raw:关联地,180,1
raw:事-地,179,1
raw:创办者,179,1
studied_at,177,0
raw:召开,176,1
raw:会师,175,1
visited,175,0
raw:背景,174,1
raw:行动,174,1
raw:体现,173,1
raw:组织-人物,173,1
used_artifact,173,0
raw:属于,171,1
family_of,168,0
raw:活动场所,168,1
raw:fought_at,165,1
raw:发动,165,1
raw:遇害地点,165,1
raw:斗争对象,163,1
raw:籍贯关联,162,1
raw:组织-地点,162,1
raw:stationed_at,160,1
raw:包含,160,1
raw:参与关系,159,1
raw:相关事件,158,1
raw:领导活动,157,1
raw:关联地区,156,1
raw:牺牲,156,1
raw:联系人,156,1
raw:转移路线,155,1
raw:行动区域,154,1
raw:领导与被领导,154,1
raw:参与地点,153,1
raw:指挥关系,153,1
authored,152,0
raw:recruited,151,1
raw:率领,151,1
raw:统战关系,151,1
raw:执行者-事件,148,1
raw:formulated,147,1
raw:支援关系,147,1
raw:攻击目标,147,1
raw:组织活动,147,1
rescued,147,0
raw:killed,146,1
raw:记录,146,1
raw:转移路径,146,1
raw:located_in,144,1
raw:事件,144,1
raw:接管,144,1
raw:经历,144,1
raw:发起人,143,1
raw:导致,143,1
raw:就学,143,1
raw:歼灭,143,1
raw:牺牲地,143,1
raw:指导者,141,1
raw:opposed,139,1
raw:转移至,139,1
embodied_in_event,138,0
raw:事件发生地点,138,1
raw:参与人物,138,1
raw:争取,137,1
raw:出席,137,1
raw:dispatched,136,1
raw:作战,136,1
raw:成立地点,136,1
raw:创办,134,1
raw:协同,133,1
raw:策反,133,1
implemented,132,0
raw:行动地点,129,1
raw:掩护,128,1
raw:参与者,127,1
raw:工作,127,1
raw:编纂,127,1
raw:负责区域,127,1
raw:目标,126,1
raw:联络点,125,1
raw:驻地,125,1
raw:学习地点,124,1
raw:行动路线,122,1
raw:归属,121,1
raw:指挥参与,121,1
raw:斗争,121,1
raw:评价,121,1
part_of,119,0
raw:传播媒介,119,1
raw:传达,119,1
raw:关联事件地点,119,1
raw:组织者-事件,119,1
raw:发生地关联,116,1
raw:会合,115,1
raw:对抗关系,114,1
raw:protected,113,1
raw:据点,112,1
raw:控制,112,1
raw:生产,112,1
raw:人物与地点关联,111,1
raw:介绍入党,111,1
raw:攻击,111,1
raw:同属,110,1
raw:工作关系,110,1
raw:打击对象,110,1
comrade_of,109,0
raw:工作地,109,1
raw:影响关系,109,1
raw:执行者,109,1
raw:决策者,108,1
raw:加入,108,1
raw:参加,108,1
raw:指挥战斗,108,1
raw:领导参与,108,1
raw:任职关系,106,1
raw:安葬地,106,1
raw:袭击,106,1
formulated,105,0
raw:影响对象,105,1
raw:侦查,104,1
raw:入党,104,1
raw:组织事件,104,1
depicts,103,0
raw:活动范围,103,1
raw:关联机构,102,1
escorted,101,0
raw:主体-事件,101,1
raw:escorted,100,1
raw:人物关联,100,1
raw:关联地点-人物,100,1
raw:成员关系,100,1
raw:掩护关系,100,1
raw:独立,100,1
raw:联络地点,100,1
criticized,99,0
raw:收复,99,1
raw:行军路线,99,1
raw:活动据点,98,1
advocated,97,0
raw:died_at,97,1
raw:策反对象,97,1
raw:imprisoned_at,94,1
raw:人物与地点关系,94,1
raw:战斗,93,1
raw:所属,93,1
raw:入党介绍人,91,1
raw:工作单位,91,1
raw:依托地,90,1
edited,89,0
raw:governed,88,1
raw:伏击,88,1
raw:支援对象,86,1
occurred_during,85,0
raw:实施地,85,1
raw:symbolized_by,80,1
raw:打击,80,1
raw:参与地,78,1
raw:part_of,77,1
raw:traveled_to,76,1
raw:推广,76,1
raw:开辟,75,1
raw:编入,75,1
spouse_of,74,0
raw:documents,73,1
raw:领导-地点,73,1
raw:提供,72,1
raw:攻打,72,1
raw:策划,72,1
raw:调动,71,1
raw:相关地点,70,1
raw:人物-人物,69,1
raw:管理,68,1
raw:地点-事件,66,1
raw:释放,66,1
raw:参与方,65,1
embodied_by_person,64,0
raw:领导/参与,64,1
raw:围剿,63,1
raw:应对,63,1
raw:结果,63,1
raw:发生时间,62,1
raw:慰问,62,1
raw:指导关系,62,1
raw:传递,61,1
raw:逮捕,61,1
raw:遭遇,61,1
raw:支撑,60,1
raw:appointed,59,1
raw:经过,59,1
raw:缴获,59,1
raw:阻击,59,1
raw:reported_to,58,1
raw:trained,58,1
raw:依据,58,1
raw:作战地点,57,1
raw:贯彻,57,1
raw:arrested_at,56,1
raw:保障,55,1
raw:包围,55,1
raw:统战对象,55,1
raw:载体,55,1
raw:成果,54,1
raw:迫害,54,1
raw:声明,53,1
raw:抓捕,53,1
raw:目的,53,1
raw:关联事件与地点,52,1
raw:参与组织,52,1
raw:推行,52,1
raw:转战,52,1
raw:introduced,51,1
raw:传播载体,51,1
raw:作战对象,51,1
raw:坚持,51,1
raw:开展工作,51,1
raw:接待,51,1
raw:继承,51,1
raw:追击,51,1
raw:地,50,1
raw:对抗对象,50,1
raw:指挥/参与,50,1
raw:叛变,49,1
raw:援助,49,1
raw:组织联系,49,1
raw:协同作战,48,1
raw:工作联系,48,1
raw:路径,48,1
raw:践行,48,1
raw:促成,47,1
raw:合并,47,1
raw:帮助,47,1
raw:指挥-地点,47,1
raw:联络关系,47,1
raw:见证,47,1
raw:针对,47,1
raw:下辖,46,1
raw:互动,46,1
raw:围攻,46,1
raw:实施于,46,1
raw:总结,46,1
raw:批准,46,1
used_in_event,46,0
raw:关联事件-地点,45,1
raw:号召,45,1
raw:安置,45,1
raw:统战,45,1
raw:谈判,45,1
raw:主导,44,1
raw:侦察,44,1
raw:盘踞,44,1
commemorates,43,0
raw:人-地,43,1
raw:回忆,43,1
raw:战略目标,43,1
raw:战略部署,43,1
raw:派出,43,1
raw:镇压对象,43,1
raw:防御,43,1
raw:历史关联,42,1
raw:战斗发生地,42,1
raw:整编,42,1
raw:任职单位,41,1
raw:俘虏,41,1
raw:保护对象,41,1
raw:带领,41,1
raw:活捉,41,1
raw:突破,41,1
raw:赠送,41,1
raw:进攻目标,41,1
raw:事件地点关联,40,1
raw:勾结,40,1
raw:担任书记,40,1
raw:行动关联,40,1
raw:举办地,39,1
raw:会议地点,39,1
raw:传达指示,39,1
raw:实践,39,1
raw:策应,39,1
raw:覆盖,39,1
raw:贡献,39,1
raw:关联地点-事件,38,1
raw:协作,38,1
raw:安葬,38,1
raw:策反关系,38,1
raw:组织-活动,38,1
raw:记录者,38,1
raw:领导区域,38,1
administratively_in,37,0
raw:人物与事件,37,1
raw:条约,37,1
raw:演变,37,1
raw:策动,37,1
raw:路线,37,1
raw:代表,36,1
raw:历史背景,36,1
raw:发表,36,1
raw:地点-人物,36,1
raw:场所,36,1
raw:实施区域,36,1
raw:改编为,36,1
raw:组建于,36,1
raw:背景事件,36,1
raw:转移地点,36,1
raw:领导活动区域,36,1
raw:交涉,35,1
raw:人物,35,1
raw:出卖,35,1
raw:围歼,35,1
raw:宣言,35,1
raw:工作关联,35,1
raw:战斗关联,35,1
raw:派往,35,1
raw:组成关系,35,1
raw:组织发展,35,1
raw:统战工作,35,1
raw:联合,35,1
raw:选举,35,1
raw:originated_from_event,34,1
raw:书写,34,1
raw:事件参与者,34,1
raw:打入,34,1
raw:执行主体,34,1
raw:改编关系,34,1
raw:组织者-组织,34,1
raw:行为,34,1
raw:输送,34,1
raw:领导于,34,1
raw:人-事,33,1
raw:从事,33,1
raw:作战目标,33,1
raw:发布者,33,1
raw:清剿,33,1
raw:组织-下属,33,1
raw:调任,33,1
raw:转战于,33,1
raw:迎接,33,1
raw:通过,33,1
raw:举办,32,1
raw:关联文献,32,1
raw:发展对象,32,1
raw:工作区域,32,1
raw:接收,32,1
raw:收录,32,1
raw:组织-事,32,1
raw:继任,32,1
raw:职务关系,32,1
raw:资助,32,1
raw:进入,32,1
raw:争取对象,31,1
raw:人,31,1
raw:人物与地点,31,1
raw:关联物,31,1
raw:击毙,31,1
raw:劝降,31,1
raw:反映,31,1
raw:取得,31,1
raw:坚守,31,1
raw:战略转移,31,1
raw:揭露,31,1
raw:支持者,31,1
raw:管辖范围,31,1
raw:纠正,31,1
raw:经过地,31,1
raw:联络对象,31,1
raw:embodied_by_organization,30,1
raw:决策关联,30,1
raw:击溃,30,1
raw:发起者,30,1
raw:战役关联,30,1
raw:战略关联,30,1
raw:执行任务,30,1
raw:涉及区域,30,1
raw:组织地点,30,1
raw:通知,30,1
raw:颁布,30,1
embodied_by_organization,29,0
raw:任务指派,29,1
raw:任教,29,1
raw:任职关联,29,1
raw:传播地,29,1
raw:分配,29,1
raw:制定者,29,1
raw:参与活动,29,1
raw:地理隶属,29,1
raw:实施主体,29,1
raw:建立于,29,1
raw:战略区域,29,1
raw:指挥地点,29,1
raw:渗透,29,1
raw:物资支援,29,1
raw:组织-执行,29,1
raw:组织演变,29,1
disseminates,28,0
raw:传递情报,28,1
raw:军事对抗,28,1
raw:发生地-人物,28,1
raw:因果,28,1
raw:夺取,28,1
raw:安排,28,1
raw:工作场所,28,1
raw:接应,28,1
raw:撤离,28,1
raw:整理,28,1
raw:背景关联,28,1
raw:要求,28,1
raw:讲话,28,1
raw:领导地点,28,1
raw:交通路线,27,1
raw:会师于,27,1
raw:关联地点与人物,27,1
raw:居住地,27,1
raw:建议,27,1
raw:职务关联,27,1
raw:阅读,27,1
raw:主办,26,1
raw:产物,26,1
raw:关联事件与人物,26,1
raw:出发地,26,1
raw:发行,26,1
raw:居住,26,1
raw:开展于,26,1
raw:所属单位,26,1
raw:指挥于,26,1
raw:指挥作战,26,1
raw:挺进,26,1
raw:提供情报,26,1
raw:支持关系,26,1
raw:行动方向,26,1
raw:行动目标,26,1
raw:转移方向,26,1
raw:进军,26,1
raw:rescued,25,1
raw:依托关系,25,1
raw:宣布,25,1
raw:建立者,25,1
raw:战斗对象,25,1
raw:战略要地,25,1
raw:所属关系,25,1
raw:留下,25,1
raw:继任关系,25,1
raw:题词,25,1
raw:事件-发生于,24,1
raw:事件时间,24,1
raw:交战,24,1
raw:倡导,24,1
raw:声援,24,1
raw:实行,24,1
raw:当选,24,1
raw:报道,24,1
raw:指示来源,24,1
raw:改组,24,1
raw:服务对象,24,1
raw:活动-地点,24,1
raw:消灭,24,1
raw:监视,24,1
raw:行进路线,24,1
raw:见证者,24,1
raw:调查,24,1
raw:领导斗争,24,1
active_during,23,0
raw:剿灭,23,1
raw:协作关系,23,1
raw:发展为,23,1
raw:发布地,23,1
raw:工作交接,23,1
raw:战略决策,23,1
raw:抓获,23,1
raw:投诚,23,1
raw:指示对象,23,1
raw:接受,23,1
raw:渡河,23,1
raw:率部,23,1
raw:精神传承,23,1
raw:组织形式,23,1
raw:组织行为,23,1
raw:行政区划隶属,23,1
raw:表彰,23,1
raw:事件-精神,22,1
raw:任务,22,1
raw:传唱,22,1
raw:关联人物事件,22,1
raw:军事部署,22,1
raw:发源地,22,1
raw:处理,22,1
raw:工作对象,22,1
raw:工作调动,22,1
raw:张贴,22,1
raw:战斗区域,22,1
raw:持有,22,1
raw:指示关系,22,1
raw:控制区域,22,1
raw:政权建设,22,1
raw:物资支持,22,1
raw:粉碎,22,1
raw:翻越,22,1
raw:获得,22,1
raw:行动路径,22,1
raw:运用,22,1
raw:革命活动,22,1
raw:事件-对象,21,1
raw:事件-组织,21,1
raw:传承,21,1
raw:体现于,21,1
raw:作报告,21,1
raw:信息来源,21,1
raw:关联地域,21,1
raw:冲突对象,21,1
raw:准备,21,1
raw:分工,21,1
raw:协助建立,21,1
raw:反击,21,1
raw:发出,21,1
raw:发扬,21,1
raw:受害者,21,1
raw:威胁,21,1
raw:学习经历,21,1
raw:寻找,21,1
raw:巩固,21,1
raw:建立关系,21,1
raw:建立据点,21,1
raw:恢复,21,1
raw:指导思想,21,1
raw:指挥中心,21,1
raw:掌握,21,1
raw:渡江,21,1
raw:精神内核,21,1
raw:组织者-地点,21,1
raw:资助者,21,1
raw:转入,21,1
raw:遭受,21,1
raw:配合行动,21,1
created_at,20,0
raw:关怀,20,1
raw:击退,20,1
raw:包含关系,20,1
raw:反抗,20,1
raw:后于,20,1
raw:增援,20,1
raw:审判,20,1
raw:工作安排,20,1
raw:开办,20,1
raw:抵达,20,1
raw:指挥行动,20,1
raw:授予,20,1
raw:接见,20,1
raw:推荐,20,1
raw:推进,20,1
raw:掩护场所,20,1
raw:沦陷,20,1
raw:派遣关系,20,1
raw:筹建,20,1
raw:籍贯/活动地,20,1
raw:纪念地关联,20,1
raw:藏匿,20,1
raw:论述,20,1
raw:迁移,20,1
raw:颁发,20,1
raw:born_at,19,1
raw:inherited_from,19,1
raw:下令,19,1
raw:人物与组织,19,1
raw:人物关系,19,1
raw:信息传递,19,1
raw:军事打击,19,1
raw:召开会议,19,1
raw:合围,19,1
raw:地理范围,19,1
raw:安葬地点,19,1
raw:成员-组织,19,1
raw:指派,19,1
raw:掩护地点,19,1
raw:撤退路线,19,1
raw:改造,19,1
raw:时间先后,19,1
raw:服务于,19,1
raw:欢迎,19,1
raw:确立,19,1
raw:移交,19,1
raw:统计,19,1
raw:调查对象,19,1
raw:象征,19,1
raw:资金支持,19,1
raw:运输路线,19,1
raw:采用,19,1
raw:administratively_in,18,1
raw:下达,18,1
raw:事-事,18,1
raw:作为,18,1
raw:保存,18,1
raw:关联-地点,18,1
raw:关联关系,18,1
raw:军事冲突,18,1
raw:军事围剿,18,1
raw:军事指挥,18,1
raw:创作主体,18,1
raw:创作关联,18,1
raw:剥削,18,1
raw:协助者,18,1
raw:发起方,18,1
raw:呈报,18,1
raw:地-人,18,1
raw:奔袭,18,1
raw:宣传工具,18,1
raw:悼念,18,1
raw:指向,18,1
raw:指挥者,18,1
raw:摧毁,18,1
raw:攻击对象,18,1
raw:时间-事件,18,1
raw:波及,18,1
raw:涉及地点,18,1
raw:突袭,18,1
raw:策动起义,18,1
raw:组建者,18,1
raw:组织-负责人,18,1
raw:组织领导,18,1
raw:结合,18,1
raw:编写,18,1
raw:袭击目标,18,1
raw:请求,18,1
raw:领导事件,18,1
raw:驻扎于,18,1
raw:主持入党,17,1
raw:举行,17,1
raw:事件-结果,17,1
raw:人物活动,17,1
raw:人物籍贯,17,1
raw:传播者,17,1
raw:体现精神,17,1
raw:使用工具,17,1
raw:俘获,17,1
raw:关联场所,17,1
raw:决策依据,17,1
raw:区域,17,1
raw:印发,17,1
raw:参与编写,17,1
raw:审判对象,17,1
raw:巡视,17,1
raw:带路,17,1
raw:影响区域,17,1
raw:情报联络,17,1
raw:投奔,17,1
raw:投靠,17,1
raw:抢占,17,1
raw:撤退,17,1
raw:求学地点,17,1
raw:涉及人物,17,1
raw:目标区域,17,1
raw:相邻,17,1
raw:组织中心,17,1
raw:行动地,17,1
raw:被捕关联,17,1
raw:覆盖范围,17,1
raw:设伏,17,1
raw:设立于,17,1
raw:设立地点,17,1
raw:输送人员,17,1
raw:disseminated_at,16,1
raw:事件主体,16,1
raw:人物-参与,16,1
raw:人物-领导,16,1
raw:供应,16,1
raw:依靠,16,1
raw:全歼,16,1
raw:关联人物与事件,16,1
raw:关联实体,16,1
raw:内容,16,1
raw:决定成立,16,1
raw:分析,16,1
raw:占据,16,1
raw:参与主体,16,1
raw:发展区域,16,1
raw:处决地点,16,1
raw:对象,16,1
raw:屠杀,16,1
raw:开展地,16,1
raw:引用,16,1
raw:强调,16,1
raw:战略方向,16,1
raw:批判,16,1
raw:指挥攻击,16,1
raw:整顿,16,1
raw:活动中心,16,1
raw:物资来源,16,1
raw:牵制,16,1
raw:相关事件与地点,16,1
raw:突围,16,1
raw:组织参与,16,1
raw:组织机构,16,1
raw:编印,16,1
raw:规定,16,1
raw:追剿,16,1
raw:追捕,16,1
raw:隐蔽地点,16,1
raw:领导-被领导,16,1
raw:领导地,16,1
raw:领导活动地点,16,1
raw:驻防地,16,1
raw:depicts,15,1
raw:下属,15,1
raw:主体-行动,15,1
raw:主持者,15,1
raw:产出,15,1
raw:人物-机构,15,1
raw:促进,15,1
raw:军事占领,15,1
raw:合击,15,1
raw:同行,15,1
raw:地-地,15,1
raw:宣讲,15,1
raw:对抗方,15,1
raw:就读,15,1
raw:延续,15,1
raw:截击,15,1
raw:手段,15,1
raw:指出,15,1
raw:指挥区域,15,1
raw:捕获,15,1
raw:授课,15,1
raw:接替,15,1
raw:提议,15,1
raw:搜捕,15,1
raw:撤退至,15,1
raw:支援行动,15,1
raw:收编,15,1
raw:收缴,15,1
raw:救助,15,1
raw:服务,15,1
raw:构筑工事,15,1
raw:核心区域,15,1
raw:涵盖,15,1
raw:物,15,1
raw:筹备,15,1
raw:联合行动,15,1
raw:肯定,15,1
raw:覆盖区域,15,1
raw:规划,15,1
raw:视察,15,1
raw:讲述,15,1
raw:说服,15,1
raw:进犯,15,1
raw:追剿区域,15,1
raw:配合作战,15,1
raw:镇压者,15,1
raw:隐蔽于,15,1
raw:领导关联,15,1
documents,14,0
raw:争取关系,14,1
raw:事-人,14,1
raw:事件-事件,14,1
raw:人物与事件关联,14,1
raw:传播内容,14,1
raw:作战行动,14,1
raw:作用,14,1
raw:军事行动关联,14,1
raw:决策机构,14,1
raw:决策者-事件,14,1
raw:势力-事件,14,1
raw:压迫,14,1
raw:参与建立,14,1
raw:参与行动,14,1
raw:发展党员关系,14,1
raw:发起地,14,1
raw:嘉奖,14,1
raw:地点-组织,14,1
raw:地理,14,1
raw:奠定,14,1
raw:布置,14,1
raw:庆祝,14,1
raw:所属区域,14,1
raw:抗击,14,1
raw:抗议,14,1
raw:拒绝,14,1
raw:拥护,14,1
raw:指挥地,14,1
raw:接任,14,1
raw:掩护身份,14,1
raw:擒获,14,1
raw:支持对象,14,1
raw:求学,14,1
raw:没收,14,1
raw:演出,14,1
raw:激战,14,1
raw:用于,14,1
raw:组织单位,14,1
raw:组织建立,14,1
raw:结局,14,1
raw:联动,14,1
raw:联络站,14,1
raw:谈话,14,1
raw:转移关系,14,1
raw:达成,14,1
raw:追认,14,1
raw:领导-区域,14,1
raw:领导机构,14,1
raw:领导者,14,1
raw:鼓舞,14,1
preserved_at,13,0
raw:criticized,13,1
raw:family_of,13,1
raw:举办地点,13,1
raw:事/地,13,1
raw:会师地点,13,1
raw:传递信息,13,1
raw:保管,13,1
raw:修建,13,1
raw:关联单位,13,1
raw:写信,13,1
raw:创建者-组织,13,1
raw:创立,13,1
raw:制作,13,1
raw:劝说,13,1
raw:办公地点,13,1
raw:加入组织,13,1
raw:协同关系,13,1
raw:历史事件,13,1
raw:参与人员,13,1
raw:参与创建,13,1
raw:参与战斗,13,1
raw:发生,13,1
raw:围困,13,1
raw:地理路径,13,1
raw:场所关联,13,1
raw:培训,13,1
raw:处理对象,13,1
raw:夜袭,13,1
raw:实现,13,1
raw:宣传内容,13,1
raw:情报支援,13,1
raw:战斗指挥,13,1
raw:战术配合,13,1
raw:承担,13,1
raw:指定,13,1
raw:政治关联,13,1
raw:汇合,13,1
raw:渡江行动,13,1
raw:渡河地点,13,1
raw:演变关系,13,1
raw:照顾,13,1
raw:签发,13,1
raw:精神体现,13,1
raw:纪念对象,13,1
raw:组织活动地点,13,1
raw:统治,13,1
raw:缴械,13,1
raw:职能,13,1
raw:联系地点,13,1
raw:背叛,13,1
raw:获取,13,1
raw:行动对象,13,1
raw:被杀害,13,1
raw:见证者-事件,13,1
raw:跟随,13,1
raw:配合关系,13,1
raw:针对对象,13,1
raw:隐蔽,13,1
raw:created_at,12,1
raw:occurred_during,12,1
raw:published_by,12,1
raw:事件-主体,12,1
raw:事件发生地-人物,12,1
raw:事件结果,12,1
raw:会师区域,12,1
raw:会议,12,1
raw:传阅,12,1
raw:依托区域,12,1
raw:依托场所,12,1
raw:关联地理,12,1
raw:军事支援,12,1
raw:冲突关系,12,1
raw:创作者,12,1
raw:剿匪行动,12,1
raw:参与单位,12,1
raw:参与者-事件,12,1
raw:反抗对象,12,1
raw:发展入党,12,1
raw:召开地点,12,1
raw:召集,12,1
raw:团结,12,1
raw:地域,12,1
raw:培养对象,12,1
raw:基础,12,1
raw:委托,12,1
raw:完成,12,1
raw:审讯,12,1
raw:就读于,12,1
raw:居住于,12,1
raw:开展活动,12,1
raw:引导,12,1
raw:弘扬,12,1
raw:战略指导,12,1
raw:所属地,12,1
raw:执行-事件,12,1
raw:执行任务地点,12,1
raw:护送路线,12,1
raw:报道对象,12,1
raw:抵制,12,1
raw:指令,12,1
raw:指导方针,12,1
raw:指挥关联,12,1
raw:指示者,12,1
raw:接头人,12,1
raw:接触,12,1
raw:控告,12,1
raw:支持事件,12,1
raw:时间,12,1
raw:时间背景,12,1
raw:求援,12,1
raw:电令,12,1
raw:监督,12,1
raw:确认,12,1
raw:策动关系,12,1
raw:籍贯地,12,1
raw:组织-机构,12,1
raw:组织建设,12,1
raw:组织归属,12,1
raw:组织行动,12,1
raw:经营,12,1
raw:结识,12,1
raw:维护,12,1
raw:编制,12,1
raw:考察,12,1
raw:联系关系,12,1
raw:触发事件,12,1
raw:起草,12,1
raw:起草者,12,1
raw:转移目的地,12,1
raw:返回,12,1
raw:连接,12,1
raw:途经地,12,1
raw:针对区域,12,1
raw:集结,12,1
raw:主讲,11,1
raw:书记,11,1
raw:争夺,11,1
raw:亲历,11,1
raw:传播范围,11,1
raw:关联事件-组织,11,1
raw:关联物证,11,1
raw:冲突事件,11,1
raw:决议,11,1
raw:出发,11,1
raw:分布,11,1
raw:创作地点,11,1
raw:协助关系,11,1
raw:印证,11,1
raw:参军,11,1
raw:反映区域,11,1
raw:发布机构,11,1
raw:发放,11,1
raw:发生地-事件,11,1
raw:吸收,11,1
raw:学习内容,11,1
raw:实践地,11,1
raw:宣告,11,1
raw:宣布成立,11,1
raw:封锁,11,1
raw:工作范围,11,1
raw:布防,11,1
raw:并列,11,1
raw:强攻,11,1
raw:情报提供,11,1
raw:情报支持,11,1
raw:战役发生地,11,1
raw:战斗对抗,11,1
raw:执行地点,11,1
raw:指挥与被指挥,11,1
raw:控制关系,11,1
raw:提供资料,11,1
raw:携带,11,1
raw:政策依据,11,1
raw:教育关系,11,1
raw:整编为,11,1
raw:斗争关系,11,1
raw:智擒,11,1
raw:来源,11,1
raw:构成,11,1
raw:构筑,11,1
raw:活动发生地,11,1
raw:活动地域,11,1
raw:涉及地区,11,1
raw:渡河行动,11,1
raw:组织-组织,11,1
raw:组织成立,11,1
raw:致电,11,1
raw:被俘,11,1
raw:被捕关系,11,1
raw:规范,11,1
raw:解决,11,1
raw:计划,11,1
raw:调整,11,1
raw:谈判对象,11,1
raw:跨越,11,1
raw:转移目标,11,1
raw:轰炸,11,1
raw:运送,11,1
raw:进剿,11,1
raw:连克,11,1
raw:遵守,11,1
raw:邀请,11,1
raw:任,10,1
raw:任务关联,10,1
raw:作战于,10,1
raw:关心,10,1
raw:关注,10,1
raw:关系,10,1
raw:关联事件-人物,10,1
raw:内应,10,1
raw:军事关联,10,1
raw:分粮,10,1
raw:创建根据地,10,1
raw:到达,10,1
raw:制造,10,1
raw:区域关联,10,1
raw:协商,10,1
raw:博弈,10,1
raw:参与-事件,10,1
raw:参与创作,10,1
raw:参与对象,10,1
raw:发现,10,1
raw:受害,10,1
raw:后续人员,10,1
raw:回忆者,10,1
raw:地点与事件,10,1
raw:培养关系,10,1
raw:学习材料,10,1
raw:安葬于,10,1
raw:宣传地点,10,1
raw:宣传对象,10,1
raw:引发事件,10,1
raw:形成,10,1
raw:征集,10,1
raw:怀念,10,1
raw:惩处,10,1
raw:战役地点,10,1
raw:战术关联,10,1
raw:战略行动,10,1
raw:所在地,10,1
raw:批示,10,1
raw:担任队长,10,1
raw:捐献,10,1
raw:掩护者,10,1
raw:撰稿和誊写员,10,1
raw:政策实施,10,1
raw:救助关系,10,1
raw:时间顺序,10,1
raw:更名,10,1
raw:架设,10,1
raw:查封,10,1
raw:武装冲突,10,1
raw:汇报关系,10,1
raw:活动路线,10,1
raw:派,10,1
raw:牺牲事件,10,1
raw:牺牲关联,10,1
raw:珍藏,10,1
raw:目的地,10,1
raw:相关人物与事件,10,1
raw:策反工作,10,1
raw:管辖关系,10,1
raw:精神驱动,10,1
raw:纪念地,10,1
raw:组织区域,10,1
raw:统战联络,10,1
raw:职务任命,10,1
raw:职责,10,1
raw:职责关联,10,1
raw:联系对象,10,1
raw:致信,10,1
raw:藏匿地点,10,1
raw:衍生,10,1
raw:被害,10,1
raw:被镇压,10,1
raw:讲授,10,1
raw:设于,10,1
raw:询问,10,1
raw:请求支援,10,1
raw:谈判代表,10,1
raw:路线关联,10,1
raw:遗留,10,1
raw:配合解放,10,1
raw:革命联系,10,1
raw:领导-组织,10,1
raw:驻地关系,10,1
raw:驻地关联,10,1
raw:met_with,9,1
raw:事件发生时间,9,1
raw:互动对象,9,1
raw:交朋友,9,1
raw:人物与组织关系,9,1
raw:会合地点,9,1
raw:传播对象,9,1
raw:传播工具,9,1
raw:作者,9,1
raw:使用物,9,1
raw:侦察行动,9,1
raw:偷袭,9,1
raw:内容关联,9,1
raw:决策-行动,9,1
raw:分管,9,1
raw:创建关系,9,1
raw:制服,9,1
raw:参与斗争,9,1
raw:参观,9,1
raw:反动势力,9,1
raw:反思,9,1
raw:发起组织,9,1
raw:合编,9,1
raw:告密,9,1
raw:围捕,9,1
raw:地属关系,9,1
raw:坚持斗争,9,1
raw:埋伏,9,1
raw:处置,9,1
raw:夹击,9,1
raw:媒介,9,1
raw:守卫,9,1
raw:安置区域,9,1
raw:属地,9,1
raw:巡视指导,9,1
raw:工具,9,1
raw:归属关系,9,1
raw:征收,9,1
raw:思想指导,9,1
raw:成立地,9,1
raw:战役,9,1
raw:战略通道,9,1
raw:抗议对象,9,1
raw:抢劫,9,1
raw:担任职务,9,1
raw:指挥机构,9,1
raw:指示传达,9,1
raw:据点关联,9,1
raw:据点负责人,9,1
raw:推动者,9,1
raw:推进/围剿,9,1
raw:揭露对象,9,1
raw:撰写者,9,1
raw:支持行动,9,1
raw:教唱,9,1
raw:时空关联,9,1
raw:智取,9,1
raw:检查,9,1
raw:求学经历,9,1
raw:深入,9,1
raw:潜伏,9,1
raw:瓦解,9,1
raw:研究对象,9,1
raw:破坏目标,9,1
raw:筹款,9,1
raw:筹集,9,1
raw:签署,9,1
raw:管理关系,9,1
raw:纪念关联,9,1
raw:组织-精神,9,1
raw:组织与事件,9,1
raw:组织依托,9,1
raw:组织依托地,9,1
raw:组织动员,9,1
raw:组织者-场所,9,1
raw:组织载体,9,1
raw:经济支持,9,1
raw:统计范围,9,1
raw:联络地,9,1
raw:肃清,9,1
raw:训练,9,1
raw:记录于,9,1
raw:记录机构,9,1
raw:证实,9,1
raw:调派,9,1
raw:调研,9,1
raw:负责人-区域,9,1
raw:购买,9,1
raw:赠予,9,1
raw:进行,9,1
raw:进行宣传,9,1
raw:遵循,9,1
raw:配合对象,9,1
raw:配备,9,1
raw:镇压行动,9,1
raw:阐述,9,1
raw:领导工作,9,1
raw:领导行动,9,1
raw:题字,9,1
raw:驻于,9,1
raw:鼓励,9,1
symbolized_by,9,0
held_position,8,0
originated_at,8,0
raw:implemented,8,1
raw:上下级,8,1
raw:事件-行动,8,1
raw:事件相关,8,1
raw:交接,8,1
raw:任务布置,8,1
raw:依赖,8,1
raw:保卫对象,8,1
raw:修筑,8,1
raw:入党地点,8,1
raw:关联-区域,8,1
raw:关联专题候选,8,1
raw:关联事件人物,8,1
raw:关联事件发生地,8,1
raw:军事行动-目标,8,1
raw:军事行动区域,8,1
raw:冲锋,8,1
raw:决定建立,8,1
raw:击杀,8,1
raw:击败,8,1
raw:分工关系,8,1
raw:创作来源,8,1
raw:创作背景,8,1
raw:利用关系,8,1
raw:协助转移,8,1
raw:参与-地点,8,1
raw:参与建设,8,1
raw:反对对象,8,1
raw:发展为实践社社员,8,1
raw:叛变关联,8,1
raw:召开于,8,1
raw:召开会议地点,8,1
raw:周旋,8,1
raw:呼应,8,1
raw:响应/带头,8,1
raw:响应事件,8,1
raw:商议,8,1
raw:场所-人物,8,1
raw:壮烈牺牲,8,1
raw:奇袭,8,1
raw:奠基,8,1
raw:守护,8,1
raw:宗旨,8,1
raw:实践载体,8,1
raw:审阅,8,1
raw:宣传载体,8,1
raw:开展活动于,8,1
raw:开辟区域,8,1
raw:情报联系,8,1
raw:成立时间,8,1
raw:战场,8,1
raw:所属组织,8,1
raw:抗争,8,1
raw:担任团长,8,1
raw:指导地点,8,1
raw:指挥/执行,8,1
raw:推动建立,8,1
raw:推翻,8,1
raw:推选,8,1
raw:提供线索,8,1
raw:支援者,8,1
raw:收缴对象,8,1
raw:改善,8,1
raw:政治工作,8,1
raw:政策指导,8,1
raw:救护,8,1
raw:治疗,8,1
raw:活动参与者,8,1
raw:派员,8,1
raw:渡江地点,8,1
raw:渡过,8,1
raw:演讲者,8,1
raw:潜入,8,1
raw:烧毁,8,1
raw:生擒,8,1
raw:监视对象,8,1
raw:盘踞于,8,1
raw:确定,8,1
raw:离开,8,1
raw:窜扰,8,1
raw:策略,8,1
raw:管辖区域,8,1
raw:组建关系,8,1
raw:组织-人员,8,1
raw:组织-区域,8,1
raw:组织-武装,8,1
raw:组织-行动,8,1
raw:组织对象,8,1
raw:组织来源,8,1
raw:组织调整,8,1
raw:缅怀,8,1
raw:联络人,8,1
raw:联络员,8,1
raw:营救行动,8,1
raw:落实,8,1
raw:行军,8,1
raw:被俘对象,8,1
raw:装备,8,1
raw:请示,8,1
raw:调研地点,8,1
raw:负伤,8,1
raw:贡献者,8,1
raw:资金来源,8,1
raw:起义地点,8,1
raw:逃往,8,1
raw:通报,8,1
raw:遗物关联,8,1
raw:部署于,8,1
raw:采取,8,1
raw:重视,8,1
raw:铺垫,8,1
raw:阻碍,8,1
raw:集结区域,8,1
raw:集结地,8,1
raw:领导/指导,8,1
raw:领导组织,8,1
raw:题写,8,1
raw:下属机构,7,1
raw:下设,7,1
raw:串联,7,1
raw:主体,7,1
raw:主攻,7,1
raw:举办方,7,1
raw:事件-参与者,7,1
raw:事件与地点,7,1
raw:事件与地点关联,7,1
raw:事件影响,7,1
raw:事件背景,7,1
raw:人物活动地点,7,1
raw:会议参与,7,1
raw:传达者,7,1
raw:作,7,1
raw:作战单位,7,1
raw:作战范围,7,1
raw:供出,7,1
raw:倡导者,7,1
raw:关联地点-组织,7,1
raw:关联地点与事件,7,1
raw:关联方,7,1
raw:关键节点,7,1
raw:军事行动-目标区域,7,1
raw:军事行动地点,7,1
raw:军事追剿,7,1
raw:决策主体,7,1
raw:分给,7,1
raw:创办者-机构,7,1
raw:创立者,7,1
raw:劝阻,7,1
raw:功能,7,1
raw:加强,7,1
raw:压制,7,1
raw:压迫对象,7,1
raw:参与/领导,7,1
raw:参与编辑,7,1
raw:反应,7,1
raw:发生地点-人物,7,1
raw:发言,7,1
raw:合影,7,1
raw:同伙,7,1
raw:同案犯,7,1
raw:吸收为党员,7,1
raw:地-事,7,1
raw:地点与事件关联,7,1
raw:地点归属,7,1
raw:地理支撑,7,1
raw:培养发展,7,1
raw:处决对象,7,1
raw:委派,7,1
raw:实施对象,7,1
raw:实施范围,7,1
raw:实践区域,7,1
raw:审讯对象,7,1
raw:尊重,7,1
raw:就义于,7,1
raw:尾追,7,1
raw:工作指导,7,1
raw:工作方法,7,1
raw:工作部署,7,1
raw:布置任务,7,1
raw:带动,7,1
raw:平息,7,1
raw:建立地点,7,1
raw:建立组织,7,1
raw:开始,7,1
raw:开展地点,7,1
raw:开设,7,1
raw:引领,7,1
raw:思想来源,7,1
raw:成为,7,1
raw:成立于,7,1
raw:战斗关系,7,1
raw:战术,7,1
raw:战略支点,7,1
raw:战略配合,7,1
raw:所属地区,7,1
raw:扩大,7,1
raw:扶持,7,1
raw:抚恤,7,1
raw:抢渡,7,1
raw:抽调,7,1
raw:担任主席,7,1
raw:担任区长,7,1
raw:担任大队长,7,1
raw:拍摄,7,1
raw:指导原则,7,1
raw:指引,7,1
raw:指挥-战场,7,1
raw:指挥-被指挥,7,1
raw:推动事件,7,1
raw:掩护对象,7,1
raw:提升,7,1
raw:支撑关系,7,1
raw:收留,7,1
raw:收藏,7,1
raw:政策关联,7,1
raw:救治,7,1
raw:救济,7,1
raw:教学,7,1
raw:教育场所,7,1
raw:教育者,7,1
raw:散发,7,1
raw:整编关系,7,1
raw:整训,7,1
raw:斗争区域,7,1
raw:时间延续,7,1
raw:标志,7,1
raw:核心,7,1
raw:武装斗争,7,1
raw:歼灭对象,7,1
raw:流传于,7,1
raw:流散地点,7,1
raw:渡江作战,7,1
raw:演讲地点,7,1
raw:炸毁,7,1
raw:父子,7,1
raw:物资供应,7,1
raw:理论依据,7,1
raw:申请,7,1
raw:破获,7,1
raw:窜入,7,1
raw:立功,7,1
raw:精神实践,7,1
raw:精神指导,7,1
raw:组织-关联,7,1
raw:组织-领导,7,1
raw:组织委员,7,1
raw:组织成果,7,1
raw:组织所在地,7,1
raw:经历事件,7,1
raw:编辑关系,7,1
raw:署名,7,1
raw:翻印,7,1
raw:考入,7,1
raw:考证,7,1
raw:肃反迫害,7,1
raw:行政区划,7,1
raw:补充,7,1
raw:被俘地点,7,1
raw:被捕于,7,1
raw:被歼灭,7,1
raw:触发,7,1
raw:讲解,7,1
raw:调查地点,7,1
raw:质问,7,1
raw:赠礼,7,1
raw:起始地,7,1
raw:躲藏,7,1
raw:转移活动,7,1
raw:进军路线,7,1
raw:进逼,7,1
raw:追歼,7,1
raw:逮捕行动,7,1
raw:逼近,7,1
raw:采购,7,1
raw:防堵,7,1
raw:防御对象,7,1
raw:限制,7,1
raw:集结出发地,7,1
raw:领导-活动区域,7,1
raw:领导与成员,7,1
raw:领导指导,7,1
raw:领导指挥,7,1
raw:领导暴动,7,1
raw:领导活动地,7,1
raw:领导职务,7,1
raw:题词关联,7,1
raw:驱逐,7,1
raw:驻军,7,1
raw:colleague_of,6,1
raw:died_during,6,1
raw:上下级关系,6,1
raw:上交,6,1
raw:中心区域,6,1
raw:事件与人物关联,6,1
raw:事件关联地,6,1
raw:事迹,6,1
raw:互动关系,6,1
raw:交通节点,6,1
raw:人-物,6,1
raw:人员调配,6,1
raw:人物-分布于,6,1
raw:人物-执行,6,1
raw:人物-物,6,1
raw:人物与事件关系,6,1
raw:任书记,6,1
raw:任教人员,6,1
raw:任教地点,6,1
raw:企图,6,1
raw:伏击歼灭,6,1
raw:会合/东窜,6,1
raw:传播者-载体,6,1
raw:传播路径,6,1
raw:佐证,6,1
raw:作出,6,1
raw:佯攻,6,1
raw:保护者,6,1
raw:保护行动,6,1
raw:信仰,6,1
raw:信息传播,6,1
raw:修复,6,1
raw:做工作,6,1
raw:公审,6,1
raw:公布,6,1
raw:关联地区人物,6,1
raw:军事目标,6,1
raw:决策支持,6,1
raw:出击,6,1
raw:出版物,6,1
raw:分发粮食,6,1
raw:创建者-根据地,6,1
raw:创造/参与,6,1
raw:制定依据,6,1
raw:劝降对象,6,1
raw:协助对象,6,1
raw:单线联系,6,1
raw:历史回顾,6,1
raw:参与制作,6,1
raw:参与机构,6,1
raw:参与领导,6,1
raw:发展为党员,6,1
raw:发展组织,6,1
raw:发布指示,6,1
raw:召集/部署,6,1
raw:合并关系,6,1
raw:同乡关系,6,1
raw:同属活动区域,6,1
raw:同意,6,1
raw:启蒙,6,1
raw:呼吁,6,1
raw:嘱托,6,1
raw:地-地关联,6,1
raw:地点-机构,6,1
raw:地理依托,6,1
raw:场所-事件,6,1
raw:委任,6,1
raw:安排工作,6,1
raw:安置地点,6,1
raw:实施地点,6,1
raw:实施者,6,1
raw:对立,6,1
raw:导火索,6,1
raw:射击,6,1
raw:工作据点,6,1
raw:工作重心,6,1
raw:应用,6,1
raw:建立联系,6,1
raw:开会,6,1
raw:形成于,6,1
raw:思想影响,6,1
raw:情报关联,6,1
raw:情报网络,6,1
raw:战利品,6,1
raw:战役对抗,6,1
raw:战斗事件,6,1
raw:战斗地,6,1
raw:战略核心,6,1
raw:打击目标,6,1
raw:打破,6,1
raw:扣留,6,1
raw:执行地,6,1
raw:批准入党,6,1
raw:批准成立,6,1
raw:抓捕对象,6,1
raw:抢修,6,1
raw:抵抗,6,1
raw:指导员,6,1
raw:指导工作,6,1
raw:指挥对象,6,1
raw:指控,6,1
raw:挖掘,6,1
raw:探望,6,1
raw:接上关系,6,1
raw:接受任务,6,1
raw:接受领导,6,1
raw:控制对象,6,1
raw:搜查,6,1
raw:撰稿,6,1
raw:撰稿人,6,1
raw:收买,6,1
raw:收养,6,1
raw:攻占目标,6,1
raw:放弃,6,1
raw:政治争取,6,1
raw:政治动员,6,1
raw:政策宣传,6,1
raw:教授,6,1
raw:教育对象,6,1
raw:教育机构,6,1
raw:教育经历,6,1
raw:时,6,1
raw:时间-地点,6,1
raw:机构-事件,6,1
raw:机构-地点,6,1
raw:架桥,6,1
raw:核心成员,6,1
raw:检举,6,1
raw:毗邻,6,1
raw:汇报对象,6,1
raw:活动轨迹,6,1
raw:活动转移,6,1
raw:爆破,6,1
raw:物品关联,6,1
raw:物资供给,6,1
raw:物资转运,6,1
raw:牺牲时间,6,1
raw:生俘,6,1
raw:突围出发地,6,1
raw:策反目标,6,1
raw:策反联系,6,1
raw:策反行动,6,1
raw:管理机构,6,1
raw:精神来源,6,1
raw:精神象征,6,1
raw:纪念活动,6,1
raw:组织-成果,6,1
raw:组织-文物,6,1
raw:组织-活动范围,6,1
raw:组织主体,6,1
raw:组织创建,6,1
raw:组织架构,6,1
raw:组织派遣,6,1
raw:组织者-参与者,6,1
raw:组织者-被组织者,6,1
raw:组织职务,6,1
raw:经济政策实施区域,6,1
raw:结束,6,1
raw:编入关系,6,1
raw:编组,6,1
raw:职务行动,6,1
raw:职务身份,6,1
raw:联系点,6,1
raw:联络节点,6,1
raw:致词,6,1
raw:英勇就义,6,1
raw:英勇牺牲,6,1
raw:营救对象,6,1
raw:落脚,6,1
raw:行为关联,6,1
raw:行军/筹粮,6,1
raw:行动-地点,6,1
raw:行动发生地,6,1
raw:被捕同案,6,1
raw:被斗争,6,1
raw:被歼,6,1
raw:认同,6,1
raw:认定,6,1
raw:设置,6,1
raw:访问记录,6,1
raw:评价者,6,1
raw:识破,6,1
raw:诉求对象,6,1
raw:诬陷,6,1
raw:请愿,6,1
raw:调解,6,1
raw:象征物,6,1
raw:负责联系,6,1
raw:赔偿,6,1
raw:赞扬,6,1
raw:赴,6,1
raw:起义投诚,6,1
raw:路线节点,6,1
raw:转化,6,1
raw:转移行动,6,1
raw:辩护,6,1
raw:迁址,6,1
raw:迂回,6,1
raw:进军/解放,6,1
raw:进攻路线,6,1
raw:退守,6,1
raw:送别,6,1
raw:逃窜,6,1
raw:通信联系,6,1
raw:通缉,6,1
raw:遇害,6,1
raw:重创,6,1
raw:长征,6,1
raw:防务,6,1
raw:集中,6,1
raw:集结于,6,1
raw:面临,6,1
raw:领导-参与者,6,1
raw:领导-成员,6,1
raw:领导/开展,6,1
raw:领导/配合,6,1
raw:领导与执行,6,1
raw:领导建立,6,1
raw:领导指示,6,1
raw:驰援,6,1
raw:驻守地,6,1
raw:高呼,6,1
published_by,5,0
raw:active_during,5,1
raw:visited,5,1
raw:下达命令,5,1
raw:争取工作,5,1
raw:争论,5,1
raw:事-物,5,1
raw:事件-内容,5,1
raw:事件-背景,5,1
raw:事件形式,5,1
raw:交战于,5,1
raw:交易,5,1
raw:交涉对象,5,1
raw:交通联络,5,1
raw:交通连接,5,1
raw:人物-导致,5,1
raw:人物-行为,5,1
raw:人物与地域关联,5,1
raw:介绍/联络,5,1
raw:介绍工作,5,1
raw:任务交接,5,1
raw:任务分配,5,1
raw:任务指示,5,1
raw:任职地域,5,1
raw:任职机构,5,1
raw:休整,5,1
raw:休整地,5,1
raw:会合地,5,1
raw:会议召开地,5,1
raw:传递者,5,1
raw:伪装身份,5,1
raw:作业区域,5,1
raw:作工作,5,1
raw:作战关联,5,1
raw:作战物资,5,1
raw:供给,5,1
raw:依托组织,5,1
raw:促使,5,1
raw:保护/营救,5,1
raw:保证,5,1
raw:保释,5,1
raw:军事协作,5,1
raw:军事协同,5,1
raw:军事指挥关系,5,1
raw:军事行动发生地,5,1
raw:军事行动目标,5,1
raw:军事解放,5,1
raw:军事进攻,5,1
raw:冲击,5,1
raw:决策事件,5,1
raw:出卖者,5,1
raw:出发于,5,1
raw:分布于,5,1
raw:刊登,5,1
raw:划分,5,1
raw:创办人,5,1
raw:办理,5,1
raw:加强领导,5,1
raw:区域-人物,5,1
raw:协作单位,5,1
raw:协调,5,1
raw:印刷,5,1
raw:原则,5,1
raw:参与会议,5,1
raw:参与创办,5,1
raw:参与成立,5,1
raw:参与指挥,5,1
raw:参考,5,1
raw:反扑,5,1
raw:反攻,5,1
raw:反映对象,5,1
raw:发动对象,5,1
raw:发动群众,5,1
raw:发动群众组织游击武装,5,1
raw:发展为农协会员,5,1
raw:发布载体,5,1
raw:发生于/安葬于,5,1
raw:发行地,5,1
raw:发起人-组织,5,1
raw:叛变破坏,5,1
raw:叛徒,5,1
raw:口述,5,1
raw:召见,5,1
raw:合作单位,5,1
raw:后续,5,1
raw:后续行动,5,1
raw:向导,5,1
raw:告密关系,5,1
raw:地区-特征,5,1
raw:培育,5,1
raw:培训来源,5,1
raw:处置对象,5,1
raw:奖励,5,1
raw:奠定基础,5,1
raw:威慑,5,1
raw:存在,5,1
raw:学习/活动场所,5,1
raw:学习对象,5,1
raw:实施场所,5,1
raw:审定,5,1
raw:审批,5,1
raw:审查,5,1
raw:宣传教育,5,1
raw:对抗-对象,5,1
raw:对比,5,1
raw:对象-事件,5,1
raw:导致被捕,5,1
raw:工作指示,5,1
raw:师生关系,5,1
raw:带路关系,5,1
raw:带队,5,1
raw:带领宣传,5,1
raw:并列关系,5,1
raw:并行,5,1
raw:建立关联,5,1
raw:建立根据地,5,1
raw:建设者,5,1
raw:开创,5,1
raw:开展斗争,5,1
raw:征集对象,5,1
raw:总结于,5,1
raw:恢复联系,5,1
raw:悼念与继承,5,1
raw:情报来源,5,1
raw:情报泄露,5,1
raw:成果关联,5,1
raw:战斗于,5,1
raw:战斗参与,5,1
raw:战斗目标,5,1
raw:战术手段,5,1
raw:战果,5,1
raw:战略支撑,5,1
raw:截获,5,1
raw:所属部队,5,1
raw:打开,5,1
raw:打通,5,1
raw:执教,5,1
raw:执笔,5,1
raw:批复,5,1
raw:抓捕行动,5,1
raw:投敌,5,1
raw:护卫,5,1
raw:报告对象,5,1
raw:担任主任,5,1
raw:担任师长,5,1
raw:担任校长,5,1
raw:指令下达,5,1
raw:指使,5,1
raw:指导/领导,5,1
raw:指导对象,5,1
raw:指挥-执行,5,1
raw:指挥/牺牲,5,1
raw:指挥决策,5,1
raw:指挥攻坚,5,1
raw:指挥者-事件,5,1
raw:指挥部署,5,1
raw:指控关系,5,1
raw:捉拿,5,1
raw:捐赠,5,1
raw:接头地点,5,1
raw:推进/布防,5,1
raw:掩伏,5,1
raw:掩埋,5,1
raw:掩护行动,5,1
raw:提炼,5,1
raw:揭发,5,1
raw:搏斗,5,1
raw:撤职,5,1
raw:操作,5,1
raw:支持单位,5,1
raw:支援地点,5,1
raw:收留关系,5,1
raw:收缴武器,5,1
raw:改称,5,1
raw:改造对象,5,1
raw:攻坚,5,1
raw:政治斗争,5,1
raw:政治谈判,5,1
raw:救治地点,5,1
raw:教学关系,5,1
raw:数据来源,5,1
raw:斗争目标,5,1
raw:时间范围,5,1
raw:暗杀,5,1
raw:机关驻地,5,1
raw:机构-执行,5,1
raw:构成关系,5,1
raw:枪决,5,1
raw:查看,5,1
raw:核心人物,5,1
raw:根据地,5,1
raw:武器装备,5,1
raw:死亡地点,5,1
raw:求助,5,1
raw:没收财产,5,1
raw:活动基地,5,1
raw:派遣-被派遣,5,1
raw:派遣者,5,1
raw:渗透关系,5,1
raw:游击区域,5,1
raw:潜伏于,5,1
raw:潜伏地点,5,1
raw:激励,5,1
raw:照料,5,1
raw:照料物资,5,1
raw:煽动,5,1
raw:父子关系,5,1
raw:物资,5,1
raw:物资输送,5,1
raw:物资运输,5,1
raw:瓦解对象,5,1
raw:盘剥,5,1
raw:目击,5,1
raw:目击者,5,1
raw:相关事件发生地,5,1
raw:相关人物与地点,5,1
raw:相关区域,5,1
raw:相关机构,5,1
raw:破坏对象,5,1
raw:移交关系,5,1
raw:移至,5,1
raw:突破目标,5,1
raw:筹粮,5,1
raw:籍贯/活动区域,5,1
raw:纪念关系,5,1
raw:组建地,5,1
raw:组织-产物,5,1
raw:组织-人员关联,5,1
raw:组织-据点,5,1
raw:组织/指挥,5,1
raw:组织与地点,5,1
raw:组织升级,5,1
raw:组织变更,5,1
raw:组织合并,5,1
raw:组织指导,5,1
raw:组织据点,5,1
raw:组织管理,5,1
raw:组织者-活动,5,1
raw:统率,5,1
raw:继承关系,5,1
raw:编制隶属,5,1
raw:编纂/审阅,5,1
raw:缴获物,5,1
raw:群众工作,5,1
raw:群众运动,5,1
raw:联系地区,5,1
raw:联络中心,5,1
raw:联络单位,5,1
raw:背景-事件,5,1
raw:藏匿地,5,1
raw:行军/转移,5,1
raw:行动-结果,5,1
raw:行动指向,5,1
raw:行政管辖,5,1
raw:行进方向,5,1
raw:衍生关系,5,1
raw:被俘虏,5,1
raw:被处决,5,1
raw:被捕关押,5,1
raw:被捕审讯,5,1
raw:袭占,5,1
raw:解释,5,1
raw:训令,5,1
raw:记录主体,5,1
raw:记录者-事件,5,1
raw:设在,5,1
raw:设立者,5,1
raw:访问,5,1
raw:调入,5,1
raw:调离,5,1
raw:调配,5,1
raw:谈判参与方,5,1
raw:负伤于,5,1
raw:负责人-组织,5,1
raw:贯彻期,5,1
raw:路线经过,5,1
raw:躲避地点,5,1
raw:转战区域,5,1
raw:迁移关系,5,1
raw:运输通道,5,1
raw:进军方向,5,1
raw:进抵,5,1
raw:进攻行动,5,1
raw:追捕对象,5,1
raw:适用,5,1
raw:途经区域,5,1
raw:通信对象,5,1
raw:通知转移,5,1
raw:遇难者,5,1
raw:避难地,5,1
raw:酝酿,5,1
raw:针对目标,5,1
raw:钳制,5,1
raw:防御区域,5,1
raw:防御目标,5,1
raw:防御阵地,5,1
raw:震慑,5,1
raw:领导/指挥,5,1
raw:领导/支持,5,1
raw:领导/组织,5,1
raw:领导/被领导,5,1
raw:领导创建,5,1
raw:题写者,5,1
created_during,4,0
formed_during,4,0
originated_from_event,4,0
raw:documented_in,4,1
raw:formed_during,4,1
raw:上级组织,4,1
raw:中心,4,1
raw:主持/致词,4,1
raw:主持人,4,1
raw:主持成立,4,1
raw:事/地关联,4,1
raw:事件-人物关联,4,1
raw:事件-物,4,1
raw:事件-生成,4,1
raw:事件-目的,4,1
raw:事件与组织,4,1
raw:事件人物关联,4,1
raw:事件发生地关联,4,1
raw:交代,4,1
raw:交出,4,1
raw:交往,4,1
raw:交流,4,1
raw:交涉/部署,4,1
raw:交谈,4,1
raw:交通员,4,1
raw:交通线,4,1
raw:交通联系,4,1
raw:产出物资,4,1
raw:产生,4,1
raw:人-人,4,1
raw:人/事,4,1
raw:人事关联,4,1
raw:人员输送,4,1
raw:人物-场所,4,1
raw:人物-打击,4,1
raw:人物-行动,4,1
raw:人物与组织关联,4,1
raw:人物事件关联,4,1
raw:介绍加入组织,4,1
raw:代理,4,1
raw:代销关系,4,1
raw:任教于,4,1
raw:任职地-人物,4,1
raw:优待,4,1
raw:会师关系,4,1
raw:会师地,4,1
raw:会议场所,4,1
raw:会谈商定,4,1
raw:传播关系,4,1
raw:传播渠道,4,1
raw:传播者-媒介,4,1
raw:传递关系,4,1
raw:传递物,4,1
raw:伴随,4,1
raw:作序,4,1
raw:作战路线,4,1
raw:作用于,4,1
raw:使用场所,4,1
raw:使用物品,4,1
raw:供应联系,4,1
raw:依托于,4,1
raw:依据文件,4,1
raw:侦察目标,4,1
raw:侦查行动,4,1
raw:侵占,4,1
raw:保护对象-负责人,4,1
raw:信念,4,1
raw:信息提供者,4,1
raw:偷渡,4,1
raw:入党关系,4,1
raw:关怀对象,4,1
raw:关联事件与地域,4,1
raw:关联事件与纪念物,4,1
raw:关联任务,4,1
raw:关联地-组织,4,1
raw:关联地点人物,4,1
raw:关联活动,4,1
raw:关键,4,1
raw:冒名顶替,4,1
raw:写标语,4,1
raw:军事包围,4,1
raw:军事应对,4,1
raw:军事控制,4,1
raw:军民情谊,4,1
raw:农民协会成立大会,4,1
raw:冲突关联,4,1
raw:决策-事件,4,1
raw:决策参与者,4,1
raw:出发地点,4,1
raw:出版单位,4,1
raw:出生地/活动地,4,1
raw:出谷,4,1
raw:击破,4,1
raw:分兵,4,1
raw:分化,4,1
raw:分布区域,4,1
raw:创作/传播,4,1
raw:创办者-作品,4,1
raw:创建于,4,1
raw:创建领导,4,1
raw:判处,4,1
raw:制定政策,4,1
raw:刺杀,4,1
raw:剥削/压迫,4,1
raw:剿匪,4,1
raw:劝导,4,1
raw:劝导关系,4,1
raw:劝降关系,4,1
raw:加入中国共产党,4,1
raw:动员对象,4,1
raw:劫掠,4,1
raw:势力范围,4,1
raw:勉励,4,1
raw:北撤,4,1
raw:区域-关联,4,1
raw:医治,4,1
raw:升级,4,1
raw:南下,4,1
raw:参与/牺牲,4,1
raw:参与保护,4,1
raw:参与筹备,4,1
raw:反抗斗争,4,1
raw:发出号召,4,1
raw:发展者,4,1
raw:发布地点,4,1
raw:发布方,4,1
raw:发生在,4,1
raw:发表于,4,1
raw:发起单位,4,1
raw:取消,4,1
raw:受审,4,1
raw:受审于,4,1
raw:叛变投敌,4,1
raw:召开会议于,4,1
raw:史料编纂,4,1
raw:同学关系,4,1
raw:同战斗经历,4,1
raw:同窗,4,1
raw:同窗关系,4,1
raw:同类事件,4,1
raw:后勤保障,4,1
raw:命名,4,1
raw:回应,4,1
raw:固守,4,1
raw:地区-开展,4,1
raw:地形关联,4,1
raw:地点-人物关联,4,1
raw:地点关系,4,1
raw:地理位置关联,4,1
raw:培养教育,4,1
raw:奉命,4,1
raw:威胁关系,4,1
raw:威胁对象,4,1
raw:威逼,4,1
raw:存放,4,1
raw:实践体现,4,1
raw:宣传关系,4,1
raw:宣传发动,4,1
raw:宣讲者,4,1
raw:家庭关系,4,1
raw:寄送,4,1
raw:密报,4,1
raw:察看地形,4,1
raw:对抗事件,4,1
raw:对抗冲突,4,1
raw:对抗势力,4,1
raw:对抗者,4,1
raw:导向,4,1
raw:导致失败,4,1
raw:就义,4,1
raw:就义地,4,1
raw:就义地点,4,1
raw:就学地点,4,1
raw:展现,4,1
raw:展示,4,1
raw:展示对象,4,1
raw:巡视地点,4,1
raw:工作分工,4,1
raw:工作重点,4,1
raw:带路支援,4,1
raw:平定,4,1
raw:应对事件,4,1
raw:应对策略,4,1
raw:废除,4,1
raw:座谈,4,1
raw:延伸,4,1
raw:延续关系,4,1
raw:建成,4,1
raw:开展区域,4,1
raw:开展地下工作,4,1
raw:开展游击,4,1
raw:开展策反于,4,1
raw:开赴,4,1
raw:开辟根据地区域,4,1
raw:强化,4,1
raw:归顺,4,1
raw:彰显,4,1
raw:征购区域,4,1
raw:征集区域,4,1
raw:态度,4,1
raw:思想传播,4,1
raw:恢复党籍,4,1
raw:恢复关系,4,1
raw:情报传递者,4,1
raw:情报提供者,4,1
raw:情报获取,4,1
raw:意见分歧,4,1
raw:慰劳,4,1
raw:慰问对象,4,1
raw:战斗相关,4,1
raw:战术应对,4,1
raw:战术支撑,4,1
raw:战术部署,4,1
raw:战略,4,1
raw:战略背景,4,1
raw:打土豪,4,1
raw:托付,4,1
raw:执行/协助,4,1
raw:执行与开拓,4,1
raw:执行区域,4,1
raw:执行单位,4,1
raw:执行命令,4,1
raw:扩展区域,4,1
raw:扩建,4,1
raw:扩编,4,1
raw:扫荡,4,1
raw:批判对象,4,1
raw:找到,4,1
raw:把持,4,1
raw:投诚地点,4,1
raw:抢救,4,1
raw:报道来源,4,1
raw:担任委员,4,1
raw:担任领导,4,1
raw:拉拢,4,1
raw:拔除,4,1
raw:拨款,4,1
raw:指导-被指导,4,1
raw:指导事件,4,1
raw:指导文件,4,1
raw:指导来源,4,1
raw:指导者-组织,4,1
raw:指挥-被俘虏,4,1
raw:指挥作战于,4,1
raw:指挥对抗,4,1
raw:指挥打击,4,1
raw:指挥者-地点,4,1
raw:指示下达者,4,1
raw:指示建立,4,1
raw:指示转移,4,1
raw:捕杀,4,1
raw:据点分布,4,1
raw:掌控,4,1
raw:接洽,4,1
raw:接见/商谈,4,1
raw:接运,4,1
raw:控制武器,4,1
raw:推举,4,1
raw:描述对象,4,1
raw:提供关系,4,1
raw:摆渡,4,1
raw:摆脱,4,1
raw:撤离至,4,1
raw:撤退地点,4,1
raw:撤退方向,4,1
raw:擒拿,4,1
raw:支持者-事件,4,1
raw:支援区域,4,1
raw:收录于,4,1
raw:收编关系,4,1
raw:收集,4,1
raw:改编地点,4,1
raw:改编对象,4,1
raw:政权交接,4,1
raw:政治行动,4,1
raw:政治身份,4,1
raw:政策宣讲,4,1
raw:政策执行,4,1
raw:救灾行动,4,1
raw:教导,4,1
raw:教师,4,1
raw:教育载体,4,1
raw:教育释放,4,1
raw:整改范围,4,1
raw:文献关联,4,1
raw:文献来源,4,1
raw:斗争地点,4,1
raw:方法,4,1
raw:施压,4,1
raw:晋升,4,1
raw:机关所在地,4,1
raw:机构-人物,4,1
raw:构成部分,4,1
raw:查处,4,1
raw:横扫,4,1
raw:欺骗,4,1
raw:武装力量联系,4,1
raw:武装行动,4,1
raw:殉难地,4,1
raw:汇报地点,4,1
raw:没收分配,4,1
raw:油印员,4,1
raw:治理,4,1
raw:泄密,4,1
raw:活动-事件,4,1
raw:活动/部署,4,1
raw:活动主体,4,1
raw:活动区域-组织,4,1
raw:涉及对象,4,1
raw:深入宣传,4,1
raw:混入,4,1
raw:清算对象,4,1
raw:游行路线,4,1
raw:演说,4,1
raw:潜入者,4,1
raw:物证关联,4,1
raw:物资救济,4,1
raw:物资调配,4,1
raw:牺牲者,4,1
raw:猛攻,4,1
raw:献出生命,4,1
raw:理论支撑,4,1
raw:痛剿/逐出,4,1
raw:登记,4,1
raw:目标地点,4,1
raw:相关物,4,1
raw:研读,4,1
raw:破坏行动,4,1
raw:禁止,4,1
raw:离开/组建,4,1
raw:秘密据点,4,1
raw:稳定,4,1
raw:突入,4,1
raw:策划/建立,4,1
raw:策划地,4,1
raw:策动投诚,4,1
raw:筹划,4,1
raw:筹粮区域,4,1
raw:精神,4,1
raw:精神关联,4,1
raw:精神内涵,4,1
raw:精神支撑,4,1
raw:纪律约束,4,1
raw:纪念场所,4,1
raw:组建地点,4,1
raw:组织-下属机构,4,1
raw:组织-创建,4,1
raw:组织-地,4,1
raw:组织-场所,4,1
raw:组织-开展,4,1
raw:组织-物,4,1
raw:组织-策略,4,1
raw:组织与参与,4,1
raw:组织与成员,4,1
raw:组织保障,4,1
raw:组织发起,4,1
raw:组织场所,4,1
raw:组织学习,4,1
raw:组织安排,4,1
raw:组织平台,4,1
raw:组织指挥,4,1
raw:组织活动区域,4,1
raw:组织管辖,4,1
raw:组织部署,4,1
raw:绘制,4,1
raw:给予,4,1
raw:统辖,4,1
raw:编撰,4,1
raw:缝制,4,1
raw:群众关系,4,1
raw:群众支援,4,1
raw:群体-事件,4,1
raw:翻译,4,1
raw:职务任职,4,1
raw:职务兼任,4,1
raw:职务更替,4,1
raw:联合组织,4,1
raw:联络/掩护,4,1
raw:联络网络,4,1
raw:联络者,4,1
raw:聚焦,4,1
raw:背叛关系,4,1
raw:舆论支持,4,1
raw:著作,4,1
raw:著述,4,1
raw:行军途经,4,1
raw:行动主体,4,1
raw:行动转移,4,1
raw:表扬,4,1
raw:表示,4,1
raw:表达,4,1
raw:被击毙于,4,1
raw:被押解至,4,1
raw:被指控,4,1
raw:被捕地,4,1
raw:被捕对象,4,1
raw:被捕牺牲,4,1
raw:被收编,4,1
raw:被杀者,4,1
raw:被诬陷,4,1
raw:规避,4,1
raw:视察活动,4,1
raw:解放对象,4,1
raw:警告,4,1
raw:记载对象,4,1
raw:设立地,4,1
raw:访问地点,4,1
raw:诉求,4,1
raw:诬告,4,1
raw:诱捕,4,1
raw:诱骗,4,1
raw:调令,4,1
raw:调往,4,1
raw:调查关系,4,1
raw:调集,4,1
raw:贯彻方针,4,1
raw:走访,4,1
raw:起义于,4,1
raw:起义关联,4,1
raw:路线连接,4,1
raw:躲避,4,1
raw:转发,4,1
raw:转移地,4,1
raw:转运,4,1
raw:转送,4,1
raw:输送对象,4,1
raw:辖区,4,1
raw:迁入,4,1
raw:迁址地,4,1
raw:迁驻,4,1
raw:迎击,4,1
raw:运营,4,1
raw:运营者,4,1
raw:进军至,4,1
raw:进剿/击退,4,1
raw:进占,4,1
raw:进攻方向,4,1
raw:进驻/出击,4,1
raw:进驻埋伏,4,1
raw:追捕行动,4,1
raw:退出,4,1
raw:选举产生,4,1
raw:途径,4,1
raw:通牒,4,1
raw:造成,4,1
raw:遇害地,4,1
raw:遭遇地点,4,1
raw:避开,4,1
raw:避难地点,4,1
raw:部队-途经地,4,1
raw:配合单位,4,1
raw:配套,4,1
raw:防区,4,1
raw:防御工事,4,1
raw:防御手段,4,1
raw:阻截,4,1
raw:随军,4,1
raw:集会,4,1
raw:雇佣,4,1
raw:需求,4,1
raw:革命关联,4,1
raw:革命实践,4,1
raw:革命根据地,4,1
raw:革命活动区域,4,1
raw:顾问,4,1
raw:领导/执行,4,1
raw:领导与参与,4,1
raw:领导与叛徒,4,1
raw:领导联系,4,1
raw:题词纪念,4,1
raw:驳斥,4,1
inherited_from,3,0
raw:adapted_from,3,1
raw:used_in_event,3,1
raw:下发,3,1
raw:下属关系,3,1
raw:下属单位,3,1
raw:业务中心,3,1
raw:主办者,3,1
raw:主导/参与,3,1
raw:主持于,3,1
raw:举办场所,3,1
raw:书写标语,3,1
raw:争取起义,3,1
raw:争夺于,3,1
raw:争议,3,1
raw:事件-关联,3,1
raw:事件-原因,3,1
raw:事件-成果,3,1
raw:事件与事件关系,3,1
raw:事件关联区域,3,1
raw:事件参与,3,1
raw:事迹关联,3,1
raw:交待,3,1
raw:产地,3,1
raw:亲历者,3,1
raw:亲属关联,3,1
raw:人-组织,3,1
raw:人/人,3,1
raw:人员关联,3,1
raw:人员归属,3,1
raw:人员流动,3,1
raw:人才培养,3,1
raw:人物-体现,3,1
raw:人物-参与事件,3,1
raw:人物-地点关联,3,1
raw:人物-指挥,3,1
raw:人物-推行,3,1
raw:人物-文物,3,1
raw:人物-活动地,3,1
raw:人物-流落地,3,1
raw:人物-精神,3,1
raw:人物-职位,3,1
raw:人物-职务,3,1
raw:人物与地区关联,3,1
raw:人物所属,3,1
raw:人物活动关联,3,1
raw:人物职务,3,1
raw:介绍入社,3,1
raw:介绍关系,3,1
raw:介绍加入,3,1
raw:付钱,3,1
raw:代购,3,1
raw:以,3,1
raw:任务-主体,3,1
raw:任务执行地,3,1
raw:会剿,3,1
raw:会合于,3,1
raw:会晤,3,1
raw:会议主持,3,1
raw:会谈,3,1
raw:传授,3,1
raw:传播区域,3,1
raw:传播地点,3,1
raw:传播地点-内容,3,1
raw:传播物,3,1
raw:传达精神,3,1
raw:传递对象,3,1
raw:传递文件,3,1
raw:伪装渗透,3,1
raw:位置关系,3,1
raw:住所,3,1
raw:作战关系,3,1
raw:作战双方,3,1
raw:作战指挥,3,1
raw:作战部署,3,1
raw:作者-作品,3,1
raw:使用武器,3,1
raw:依托单位,3,1
raw:依托机构,3,1
raw:依靠力量,3,1
raw:侦察于,3,1
raw:侦察区域,3,1
raw:侦查对象,3,1
raw:侦破,3,1
raw:侧重,3,1
raw:侵犯,3,1
raw:保存地,3,1
raw:信息关联,3,1
raw:修改,3,1
raw:偷运,3,1
raw:催生,3,1
raw:先于,3,1
raw:克服,3,1
raw:党小组成员,3,1
raw:入据/过境,3,1
raw:公审处决,3,1
raw:共同参与,3,1
raw:关押/斗争,3,1
raw:关押于,3,1
raw:关联-事件,3,1
raw:关联事件-对象,3,1
raw:关联事件-根据地,3,1
raw:关联事件与人物籍贯,3,1
raw:关联事件与区域,3,1
raw:关联事件与反动势力,3,1
raw:关联事件与纪念设施,3,1
raw:关联事件与遗址,3,1
raw:关联事件区域,3,1
raw:关联人物与地点,3,1
raw:关联地-事件,3,1
raw:关联地人物,3,1
raw:关联地点-机构,3,1
raw:关联战役,3,1
raw:关联设施,3,1
raw:具备,3,1
raw:典范,3,1
raw:兼任书记,3,1
raw:内容载体,3,1
raw:写下,3,1
raw:军事,3,1
raw:军事力量,3,1
raw:军事威胁,3,1
raw:军事据点,3,1
raw:军事推进,3,1
raw:军事活动,3,1
raw:军事配合,3,1
raw:军事防御,3,1
raw:军事领导,3,1
raw:军民互动,3,1
raw:军民关系,3,1
raw:冲出,3,1
raw:冲突地点,3,1
raw:决定攻打,3,1
raw:决定组织,3,1
raw:决策-区域,3,1
raw:决策参与,3,1
raw:决策地,3,1
raw:决策对象,3,1
raw:决策来源,3,1
raw:决策目标,3,1
raw:出卖关系,3,1
raw:出卖对象,3,1
raw:出发地关联,3,1
raw:出土地,3,1
raw:击伤,3,1
raw:分化瓦解,3,1
raw:分发,3,1
raw:分析形势,3,1
raw:分歧,3,1
raw:分管区域,3,1
raw:分设关系,3,1
raw:划归,3,1
raw:创作参与,3,1
raw:创作成果,3,1
raw:创作者-作品,3,1
raw:创办于,3,1
raw:创建者-事件,3,1
raw:创造,3,1
raw:到访,3,1
raw:制定方针,3,1
raw:制止,3,1
raw:前导,3,1
raw:前身,3,1
raw:前进,3,1
raw:副书记,3,1
raw:副指挥,3,1
raw:剿匪对象,3,1
raw:剿匪战斗,3,1
raw:剿匪斗争,3,1
raw:加剧,3,1
raw:劫持,3,1
raw:包含事件,3,1
raw:包围杀害,3,1
raw:化名关系,3,1
raw:化装,3,1
raw:化装为,3,1
raw:北上,3,1
raw:区域联动,3,1
raw:协助保护,3,1
raw:协助行动,3,1
raw:协助通行,3,1
raw:协同执行,3,1
raw:占领地点,3,1
raw:历史事件关联,3,1
raw:历史见证,3,1
raw:历史阶段,3,1
raw:压迫关系,3,1
raw:压迫者,3,1
raw:原书记,3,1
raw:参与-领导,3,1
raw:参与制定,3,1
raw:参与剿匪,3,1
raw:参与处理,3,1
raw:参与工作,3,1
raw:参与恢复组织,3,1
raw:参与执行,3,1
raw:参与接管,3,1
raw:参与筹建,3,1
raw:参与营救,3,1
raw:参与逮捕,3,1
raw:参军地点,3,1
raw:参战,3,1
raw:反特斗争,3,1
raw:反馈,3,1
raw:发动斗争,3,1
raw:发动组建,3,1
raw:发展于,3,1
raw:发展方向,3,1
raw:发布者-文件,3,1
raw:发挥,3,1
raw:发生单位,3,1
raw:发表平台,3,1
raw:发表文章,3,1
raw:发表载体,3,1
raw:发起反对,3,1
raw:受击区域,3,1
raw:受启发,3,1
raw:受害与牺牲,3,1
raw:受接见,3,1
raw:叛变关系,3,1
raw:叛徒关联,3,1
raw:叛徒出卖,3,1
raw:召开地,3,1
raw:合作关系,3,1
raw:合作对象,3,1
raw:同谋者,3,1
raw:名义,3,1
raw:后勤,3,1
raw:否定,3,1
raw:启发,3,1
raw:吸纳,3,1
raw:告密者,3,1
raw:告知,3,1
raw:命名来源,3,1
raw:商讨,3,1
raw:回,3,1
raw:回师,3,1
raw:回电,3,1
raw:因果-事件,3,1
raw:因果关联,3,1
raw:团结对象,3,1
raw:围剿地点,3,1
raw:围堵,3,1
raw:围堵于,3,1
raw:围绕,3,1
raw:在,3,1
raw:地区-执行,3,1
raw:地域-地点,3,1
raw:地点-工作,3,1
raw:地点-文物,3,1
raw:地点-时间,3,1
raw:地点-目标,3,1
raw:地点-设施,3,1
raw:地理-关联,3,1
raw:地理坐标,3,1
raw:地理屏障,3,1
raw:地理迁移,3,1
raw:地缘关联,3,1
raw:场所-活动,3,1
raw:场所-组织,3,1
raw:坚信,3,1
raw:坚持与守护,3,1
raw:埋伏于,3,1
raw:培养发展对象,3,1
raw:培养地-人物,3,1
raw:基地,3,1
raw:堵截,3,1
raw:壮烈牺牲于,3,1
raw:复电,3,1
raw:夺取任务,3,1
raw:奉献,3,1
raw:奉献于,3,1
raw:奔走,3,1
raw:委员,3,1
raw:存放地,3,1
raw:学习/活动地点,3,1
raw:安插,3,1
raw:定性,3,1
raw:实施关系,3,1
raw:实施手段,3,1
raw:实践关联,3,1
raw:实践场所,3,1
raw:实践者,3,1
raw:审理,3,1
raw:审讯者,3,1
raw:宣传/教育,3,1
raw:宣传关联,3,1
raw:宣传动员,3,1
raw:宣传委员,3,1
raw:宣传影响,3,1
raw:宣传材料,3,1
raw:宣判,3,1
raw:宿营/行军于,3,1
raw:宿营地,3,1
raw:密谋,3,1
raw:对应,3,1
raw:对抗斗争,3,1
raw:对抗目标,3,1
raw:导演,3,1
raw:导致破坏,3,1
raw:工作人员,3,1
raw:工作分配,3,1
raw:工作掩护,3,1
raw:工作联络,3,1
raw:带回,3,1
raw:带头,3,1
raw:带来,3,1
raw:带来枪支,3,1
raw:带路/参军,3,1
raw:帮扶,3,1
raw:干预,3,1
raw:平台/阵地,3,1
raw:幸存/牺牲于,3,1
raw:建制调整,3,1
raw:建立-组织,3,1
raw:建立/领导,3,1
raw:建造,3,1
raw:开展宣传,3,1
raw:开辟根据地,3,1
raw:开进,3,1
raw:强化清乡,3,1
raw:强占,3,1
raw:强渡,3,1
raw:归属地,3,1
raw:归案,3,1
raw:归还,3,1
raw:录音记录材料,3,1
raw:影响关联,3,1
raw:影响范围-传播地,3,1
raw:征调,3,1
raw:怀疑,3,1
raw:思想交流,3,1
raw:思想教育,3,1
raw:思想转变,3,1
raw:悼念对象,3,1
raw:情感,3,1
raw:情报,3,1
raw:情报工作,3,1
raw:惩办,3,1
raw:感动,3,1
raw:感受,3,1
raw:感恩,3,1
raw:成果体现,3,1
raw:战役参与,3,1
raw:战役影响,3,1
raw:战斗/转移,3,1
raw:战斗冲突,3,1
raw:战斗对手,3,1
raw:战斗行动,3,1
raw:战术对比,3,1
raw:战术目标,3,1
raw:战术行动,3,1
raw:战略依托,3,1
raw:战略分析,3,1
raw:战略屏障,3,1
raw:战略指挥,3,1
raw:战略方针,3,1
raw:战略连接,3,1
raw:截断,3,1
raw:打压,3,1
raw:打富济贫,3,1
raw:扣押,3,1
raw:执行机构,3,1
raw:执行机构-事件,3,1
raw:执行者-行动,3,1
raw:扩展,3,1
raw:批准建立,3,1
raw:扼堵/截剿,3,1
raw:抄家,3,1
raw:投弹,3,1
raw:投稿,3,1
raw:投诚对象,3,1
raw:抚养,3,1
raw:抢夺,3,1
raw:护校斗争,3,1
raw:护送转移,3,1
raw:报信,3,1
raw:报名,3,1
raw:报告人,3,1
raw:报告关系,3,1
raw:抨击,3,1
raw:担任营长,3,1
raw:担保,3,1
raw:拒收,3,1
raw:拘禁地点,3,1
raw:拜访,3,1
raw:拿出,3,1
raw:指令来源,3,1
raw:指导-事件,3,1
raw:指导区域,3,1
raw:指导单位,3,1
raw:指导方,3,1
raw:指挥-区域,3,1
raw:指挥-行动,3,1
raw:指挥-防御区域,3,1
raw:指挥/经历,3,1
raw:指挥/部署,3,1
raw:指挥/配合,3,1
raw:指挥/鼓舞,3,1
raw:指挥失误,3,1
raw:指挥执行,3,1
raw:指挥防御,3,1
raw:指示下达,3,1
raw:指责,3,1
raw:捣毁,3,1
raw:掉队/流落,3,1
raw:排挤,3,1
raw:探路/标记,3,1
raw:接头,3,1
raw:接头关系,3,1
raw:接应关系,3,1
raw:接应地点,3,1
raw:接替关系,3,1
raw:接管行动,3,1
raw:控诉,3,1
raw:推动发展,3,1
raw:推荐关系,3,1
raw:推进方向,3,1
raw:推进期,3,1
raw:推进至,3,1
raw:掩护协助,3,1
raw:掩护工作,3,1
raw:掩护据点,3,1
raw:掩盖,3,1
raw:措施,3,1
raw:描述,3,1
raw:提供支持,3,1
raw:提供材料,3,1
raw:提供者,3,1
raw:提出者,3,1
raw:提名,3,1
raw:提高,3,1
raw:揭露与清除,3,1
raw:搜剿,3,1
raw:搜获,3,1
raw:搜集,3,1
raw:携带枪支,3,1
raw:撤出,3,1
raw:操作者,3,1
raw:支书,3,1
raw:支持保障,3,1
raw:支持斗争,3,1
raw:支援于,3,1
raw:收编对象,3,1
raw:收译员,3,1
raw:改为,3,1
raw:改变,3,1
raw:改名,3,1
raw:改编来源,3,1
raw:攻克地点,3,1
raw:攻入,3,1
raw:政权-事件,3,1
raw:政权依托地,3,1
raw:政权关联,3,1
raw:政权建立,3,1
raw:政治关系,3,1
raw:政治委员,3,1
raw:政治宣传,3,1
raw:政治活动,3,1
raw:政治领导,3,1
raw:政策制定,3,1
raw:政策制定者,3,1
raw:政策实施区域,3,1
raw:政策实践,3,1
raw:政策感召,3,1
raw:政策调整,3,1
raw:政策贯彻,3,1
raw:救助掩护,3,1
raw:救护/保护,3,1
raw:教学内容,3,1
raw:教学地点,3,1
raw:教学活动,3,1
raw:教育关联,3,1
raw:教育引导,3,1
raw:教育改造,3,1
raw:教育者与学生,3,1
raw:教育背景,3,1
raw:教训,3,1
raw:整理者,3,1
raw:整编地点,3,1
raw:整编对象,3,1
raw:斗争手段,3,1
raw:施压对象,3,1
raw:时代传承,3,1
raw:时代背景,3,1
raw:时间-地点关联,3,1
raw:明确,3,1
raw:是,3,1
raw:智斗,3,1
raw:暗算,3,1
raw:暴行,3,1
raw:暴露,3,1
raw:服从,3,1
raw:服务关系,3,1
raw:杀害关系,3,1
raw:权力斗争,3,1
raw:来源关联,3,1
raw:来源地,3,1
raw:构筑封锁线,3,1
raw:枪杀,3,1
raw:核实,3,1
raw:核心精神,3,1
raw:根据地建设,3,1
raw:横渡,3,1
raw:歌颂,3,1
raw:武器支援,3,1
raw:武器来源,3,1
raw:武装叛乱,3,1
raw:武装来源,3,1
raw:歼敌,3,1
raw:水系关联,3,1
raw:汇报于,3,1
raw:沟通,3,1
raw:沿岸关系,3,1
raw:活动/牺牲,3,1
raw:活动区域-地点,3,1
raw:活动地区,3,1
raw:活动组织,3,1
raw:活动路径,3,1
raw:活动载体,3,1
raw:派任,3,1
raw:派入,3,1
raw:派遣人员,3,1
raw:派遣单位,3,1
raw:流传,3,1
raw:流窜于,3,1
raw:深入发动,3,1
raw:清乡,3,1
raw:清剿对象,3,1
raw:清理,3,1
raw:渡河地,3,1
raw:渡河通道,3,1
raw:溃窜,3,1
raw:溃逃,3,1
raw:演出内容,3,1
raw:演出场所,3,1
raw:演化,3,1
raw:演唱,3,1
raw:火攻,3,1
raw:父女,3,1
raw:物-事,3,1
raw:物品-魂,3,1
raw:物品归属,3,1
raw:物资与成果,3,1
raw:物资交换,3,1
raw:物资交接,3,1
raw:物资转移,3,1
raw:牵头人,3,1
raw:牺牲与负伤,3,1
raw:牺牲于战斗,3,1
raw:牺牲保护,3,1
raw:牺牲关系,3,1
raw:献出,3,1
raw:献身,3,1
raw:率部游击,3,1
raw:率队,3,1
raw:率领北上,3,1
raw:理论来源,3,1
raw:生产关系,3,1
raw:生活管理服务人员,3,1
raw:电告,3,1
raw:留守,3,1
raw:疏通关系,3,1
raw:目标关联,3,1
raw:目标对象,3,1
raw:目的关系,3,1
raw:直接掌握,3,1
raw:相关地,3,1
raw:相关文献,3,1
raw:看守,3,1
raw:督促,3,1
raw:瞻仰,3,1
raw:矛盾关系,3,1
raw:研判,3,1
raw:破坏于,3,1
raw:破坏活动,3,1
raw:秉持,3,1
raw:秘密机关,3,1
raw:称号,3,1
raw:穿插,3,1
raw:穿越,3,1
raw:突围于,3,1
raw:窜犯/转移,3,1
raw:窜至,3,1
raw:答复,3,1
raw:策划杀害,3,1
raw:策动叛变,3,1
raw:策反地点,3,1
raw:策反执行者,3,1
raw:策反联络,3,1
raw:策源地,3,1
raw:策略关联,3,1
raw:筹办,3,1
raw:筹措,3,1
raw:签署方,3,1
raw:精神引领,3,1
raw:纠集,3,1
raw:纪律,3,1
raw:纪律处分,3,1
raw:纪念场所关联,3,1
raw:纪念活动关联,3,1
raw:纪念物关联,3,1
raw:纪念者,3,1
raw:组成单位,3,1
raw:组成成员,3,1
raw:组织-任务,3,1
raw:组织-参与,3,1
raw:组织-参与者,3,1
raw:组织-地域,3,1
raw:组织-实体,3,1
raw:组织-对象,3,1
raw:组织-建立,3,1
raw:组织-成立地点,3,1
raw:组织-目标,3,1
raw:组织-组建,3,1
raw:组织-隶属,3,1
raw:组织/宣传,3,1
raw:组织与地点关系,3,1
raw:组织与宣传,3,1
raw:组织与活动区域,3,1
raw:组织于,3,1
raw:组织关系交由,3,1
raw:组织关系转移,3,1
raw:组织决策,3,1
raw:组织创建者,3,1
raw:组织发起方,3,1
raw:组织实施,3,1
raw:组织成员关系,3,1
raw:组织支持,3,1
raw:组织编纂,3,1
raw:组织群众行动,3,1
raw:组织者与参与者,3,1
raw:组织者与组织,3,1
raw:组织覆盖,3,1
raw:组织覆盖范围,3,1
raw:组织负责人,3,1
raw:组织驻地,3,1
raw:经济封锁,3,1
raw:经营主体,3,1
raw:经验交流,3,1
raw:经验总结,3,1
raw:结拜,3,1
raw:结论,3,1
raw:给,3,1
raw:统战合作,3,1
raw:统战工作对象,3,1
raw:统筹,3,1
raw:统领,3,1
raw:编写者,3,1
raw:编印者,3,1
raw:编纂地,3,1
raw:编者,3,1
raw:编辑/倡导,3,1
raw:编辑设计,3,1
raw:缴枪,3,1
raw:缴械行动,3,1
raw:缴获对象,3,1
raw:缺乏,3,1
raw:群众动员,3,1
raw:考察地点,3,1
raw:考验,3,1
raw:职务交接,3,1
raw:职务调整,3,1
raw:职务配合,3,1
raw:联合进攻,3,1
raw:联系人物,3,1
raw:联系单位,3,1
raw:联系机构,3,1
raw:联络人员,3,1
raw:联络指挥中心,3,1
raw:联络据点,3,1
raw:联络支持,3,1
raw:联络机构,3,1
raw:联络渠道,3,1
raw:联络负责人,3,1
raw:联络配合,3,1
raw:联防防堵,3,1
raw:聘请,3,1
raw:聘请关系,3,1
raw:聚集地,3,1
raw:致开幕词,3,1
raw:英雄事迹,3,1
raw:荣誉表彰,3,1
raw:获取于,3,1
raw:获取情报,3,1
raw:获悉,3,1
raw:获评,3,1
raw:行军路径,3,1
raw:行动-目标,3,1
raw:行动内容,3,1
raw:行动者,3,1
raw:行政区域,3,1
raw:行政接管,3,1
raw:行政隶属关系,3,1
raw:行经,3,1
raw:表现形式,3,1
raw:被争取,3,1
raw:被俘于,3,1
raw:被出卖者,3,1
raw:被击溃,3,1
raw:被围剿,3,1
raw:被威胁,3,1
raw:被害关系,3,1
raw:被扣押,3,1
raw:被捕事件,3,1
raw:被捕就义,3,1
raw:被控制,3,1
raw:被擒获,3,1
raw:被攻击,3,1
raw:被歼灭于,3,1
raw:被追捕,3,1
raw:被通缉,3,1
raw:被逮捕,3,1
raw:袭击对象,3,1
raw:袭扰,3,1
raw:西征,3,1
raw:要求承认,3,1
raw:见证者-地点,3,1
raw:规划于,3,1
raw:解放于,3,1
raw:解放行动,3,1
raw:解散,3,1
raw:解除武装,3,1
raw:誓师,3,1
raw:计划前往,3,1
raw:计划建立,3,1
raw:训练地点,3,1
raw:记载内容,3,1
raw:讲演,3,1
raw:讲话于,3,1
raw:讲述者-事件,3,1
raw:设立关系,3,1
raw:访问请教,3,1
raw:评价对象,3,1
raw:调兵,3,1
raw:调查了解,3,1
raw:调解者,3,1
raw:谈判地点,3,1
raw:负责地区,3,1
raw:负责对象,3,1
raw:负责清剿,3,1
raw:购书,3,1
raw:购置,3,1
raw:资金流向,3,1
raw:赞誉,3,1
raw:赠物,3,1
raw:起义谈判,3,1
raw:起源地,3,1
raw:跟踪,3,1
raw:跟踪追捕,3,1
raw:路径经过,3,1
raw:身份关联,3,1
raw:身份转变,3,1
raw:转交,3,1
raw:转交经费,3,1
raw:转变,3,1
raw:转向,3,1
raw:转折,3,1
raw:转移保护,3,1
raw:转移关押,3,1
raw:载体关联,3,1
raw:辐射,3,1
raw:输送方向,3,1
raw:输送路线,3,1
raw:辖,3,1
raw:辖区范围,3,1
raw:迁往,3,1
raw:迁至,3,1
raw:过境/作战,3,1
raw:过渡,3,1
raw:运输目的地,3,1
raw:进发,3,1
raw:进驻地点,3,1
raw:迫使,3,1
raw:迫害关系,3,1
raw:迫害者-受害者,3,1
raw:追击/阻击,3,1
raw:追击行动,3,1
raw:追忆,3,1
raw:送,3,1
raw:送子,3,1
raw:送情报,3,1
raw:送达,3,1
raw:逃亡,3,1
raw:逃亡路径,3,1
raw:选址,3,1
raw:选定为,3,1
raw:选拔,3,1
raw:选派,3,1
raw:递交,3,1
raw:递进,3,1
raw:途经/会师,3,1
raw:通令,3,1
raw:逮捕对象,3,1
raw:遇袭,3,1
raw:部署工作,3,1
raw:部署防堵,3,1
raw:配置,3,1
raw:配置于,3,1
raw:酝酿组织,3,1
raw:采购地,3,1
raw:里应外合,3,1
raw:重点清查,3,1
raw:重组,3,1
raw:销毁,3,1
raw:锻炼,3,1
raw:阅读对象,3,1
raw:阅读材料,3,1
raw:队长,3,1
raw:防堵于,3,1
raw:防守地点,3,1
raw:防御方,3,1
raw:防御部署,3,1
raw:阵亡,3,1
raw:阶级斗争,3,1
raw:阻击部署,3,1
raw:阻挠,3,1
raw:隐蔽身份,3,1
raw:集中主力于,3,1
raw:集中整编,3,1
raw:预警,3,1
raw:领导-单位,3,1
raw:领导-据点,3,1
raw:领导-根据地,3,1
raw:领导/联系,3,1
raw:领导与地点,3,1
raw:领导与活动区域,3,1
raw:领导中心,3,1
raw:领导关怀,3,1
raw:领导开展工作,3,1
raw:领导成员,3,1
raw:领导派遣,3,1
raw:领导配合,3,1
raw:领导隶属,3,1
raw:题字关联,3,1
raw:食用,3,1
raw:馈赠,3,1
raw:驱动,3,1
raw:驻,3,1
raw:驻扎地点,3,1
raw:驻防于,3,1
raw:高唱,3,1
raw:鼓动,3,1
died_during,2,0
raw:上升,2,1
raw:上升为,2,1
raw:上报,2,1
raw:上级-下级,2,1
raw:下令杀害,2,1
raw:下达任务,2,1
raw:下达指示,2,1
raw:下达训令,2,1
raw:不屈,2,1
raw:东进,2,1
raw:中断联系,2,1
raw:中队长,2,1
raw:临近,2,1
raw:主体-推动,2,1
raw:主体事件,2,1
raw:主办单位,2,1
raw:主导机构,2,1
raw:主导者-事件,2,1
raw:主张/马上暴动,2,1
raw:主持/参与,2,1
raw:主持/领导,2,1
raw:主持会议,2,1
raw:主持出版,2,1
raw:主持制定,2,1
raw:主持地点,2,1
raw:主演,2,1
raw:主管,2,1
raw:主讲人,2,1
raw:主讲者,2,1
raw:举办地点-人物,2,1
raw:举办训练班,2,1
raw:举办骨干培训班,2,1
raw:举报,2,1
raw:义务,2,1
raw:书写宣传,2,1
raw:争取/利用,2,1
raw:争取合作,2,1
raw:争取团结,2,1
raw:事/人,2,1
raw:事/物,2,1
raw:事件-决策,2,1
raw:事件-地点关联,2,1
raw:事件-应对,2,1
raw:事件-战斗,2,1
raw:事件-手段,2,1
raw:事件-政权,2,1
raw:事件-时间,2,1
raw:事件-目标,2,1
raw:事件-记录者,2,1
raw:事件与人物,2,1
raw:事件与组织关系,2,1
raw:事件与行动,2,1
raw:事件关系,2,1
raw:事件发展,2,1
raw:事件发生地-相关人物,2,1
raw:事件地点关系,2,1
raw:事件归属,2,1
raw:事件成果,2,1
raw:事件时间关联,2,1
raw:事件载体,2,1
raw:事迹发生地,2,1
raw:互助,2,1
raw:互助关系,2,1
raw:交予,2,1
raw:交付,2,1
raw:交待任务,2,1
raw:交战/追剿,2,1
raw:交械,2,1
raw:交涉于,2,1
raw:交纳,2,1
raw:交给,2,1
raw:交通线连接,2,1
raw:交通网络,2,1
raw:交通路径,2,1
raw:交通通道,2,1
raw:产业关联,2,1
raw:亲临,2,1
raw:亲属,2,1
raw:人事任命,2,1
raw:人事安排,2,1
raw:人员-组织,2,1
raw:人员调动,2,1
raw:人物-事件关联,2,1
raw:人物-任职,2,1
raw:人物-关联,2,1
raw:人物-决策,2,1
raw:人物-创建,2,1
raw:人物-反思,2,1
raw:人物-地域,2,1
raw:人物-总结,2,1
raw:人物-时间,2,1
raw:人物-籍贯/活动地,2,1
raw:人物-组成,2,1
raw:人物-身份,2,1
raw:人物与人物关联,2,1
raw:人物任职,2,1
raw:人物塑造,2,1
raw:人物组织关系,2,1
raw:仇视,2,1
raw:介绍/入党,2,1
raw:介绍/座谈,2,1
raw:代号,2,1
raw:代替,2,1
raw:代理区长,2,1
raw:代表与行动,2,1
raw:令,2,1
raw:任务交办,2,1
raw:任务地点,2,1
raw:任务完成,2,1
raw:任务指令,2,1
raw:任命/代行指挥,2,1
raw:任职与活动,2,1
raw:任职安排,2,1
raw:企图吞并,2,1
raw:企图夺取,2,1
raw:企图杀害,2,1
raw:伏击于,2,1
raw:伏击地点,2,1
raw:休养于,2,1
raw:休整于,2,1
raw:优待/教育,2,1
raw:会师组成,2,1
raw:传播者-作品,2,1
raw:传播者-场所,2,1
raw:传播者-接受者,2,1
raw:传播者-物,2,1
raw:传播者-组织,2,1
raw:传播者与媒介,2,1
raw:传达命令,2,1
raw:传达对象,2,1
raw:传递党组织关系,2,1
raw:传递路径,2,1
raw:传颂,2,1
raw:伴随事件,2,1
raw:作业,2,1
raw:作为代表参加,2,1
raw:作出于,2,1
raw:作战-地点,2,1
raw:作战/转移,2,1
raw:作战地,2,1
raw:作战成果,2,1
raw:作战扩大,2,1
raw:作战指令,2,1
raw:作战时间,2,1
raw:作战活动,2,1
raw:作战配合,2,1
raw:作者-事件,2,1
raw:使用关联,2,1
raw:使用对抗,2,1
raw:使用载体,2,1
raw:供出关系,2,1
raw:供应负责人,2,1
raw:供稿,2,1
raw:供认,2,1
raw:依据文献,2,1
raw:依赖关系,2,1
raw:依附,2,1
raw:侵占/进犯,2,1
raw:侵害,2,1
raw:侵扰区域,2,1
raw:侵扰对象,2,1
raw:俘虏关系,2,1
raw:俘虏对象,2,1
raw:保护/动员,2,1
raw:保护/支持,2,1
raw:保护文物,2,1
raw:保护转移,2,1
raw:保护重用,2,1
raw:保留,2,1
raw:保管关系,2,1
raw:保释关系,2,1
raw:保释对象,2,1
raw:保障对象,2,1
raw:信息中转,2,1
raw:信息传递者,2,1
raw:信息提供,2,1
raw:修理,2,1
raw:候补委员,2,1
raw:借宿,2,1
raw:借粮,2,1
raw:借鉴,2,1
raw:借阅,2,1
raw:倾向,2,1
raw:假投降,2,1
raw:兄弟,2,1
raw:兄弟关系,2,1
raw:充实,2,1
raw:先锋参与,2,1
raw:光复,2,1
raw:克服于,2,1
raw:入党介绍,2,1
raw:入党地,2,1
raw:入党批准,2,1
raw:入学,2,1
raw:公平交易,2,1
raw:公开身份,2,1
raw:共牺牲,2,1
raw:关于,2,1
raw:关心编写,2,1
raw:关怀与教育,2,1
raw:关联-被捕者,2,1
raw:关联/同属,2,1
raw:关联/引荐,2,1
raw:关联事件-事件,2,1
raw:关联事件与据点,2,1
raw:关联事件与组织,2,1
raw:关联人,2,1
raw:关联人员,2,1
raw:关联人物-事件,2,1
raw:关联内容,2,1
raw:关联地-人,2,1
raw:关联地区-人物,2,1
raw:关联地点-群体,2,1
raw:关联媒体,2,1
raw:关联措施,2,1
raw:关联线路,2,1
raw:关联背景,2,1
raw:关联行动,2,1
raw:关键人物,2,1
raw:兵临,2,1
raw:兵源,2,1
raw:兵源/活动,2,1
raw:养护,2,1
raw:兼任校长,2,1
raw:内部分裂,2,1
raw:冒充,2,1
raw:写信劝降,2,1
raw:军事-区域,2,1
raw:军事会合,2,1
raw:军事侦察,2,1
raw:军事关系,2,1
raw:军事包围-战略目标,2,1
raw:军事合围,2,1
raw:军事封锁,2,1
raw:军事布防,2,1
raw:军事挺进,2,1
raw:军事搜剿,2,1
raw:军事撤退,2,1
raw:军事支持,2,1
raw:军事清剿,2,1
raw:军事目标关联,2,1
raw:军事管辖,2,1
raw:军事联合,2,1
raw:军事联络,2,1
raw:军事胜利,2,1
raw:军事行动-地点,2,1
raw:军事行动-目标地,2,1
raw:军事行动影响区域,2,1
raw:军事行动路线,2,1
raw:军事谈判,2,1
raw:军事进剿,2,1
raw:军事镇压,2,1
raw:军事隶属,2,1
raw:农运活动,2,1
raw:冲破,2,1
raw:冲突双方,2,1
raw:冲突地,2,1
raw:冲突方,2,1
raw:决定开辟,2,1
raw:决定歼灭,2,1
raw:决定移交,2,1
raw:决定过江入,2,1
raw:决战,2,1
raw:决策-对象,2,1
raw:决策-执行,2,1
raw:决策与执行,2,1
raw:决策地点,2,1
raw:决策执行,2,1
raw:决策指导,2,1
raw:决策部署,2,1
raw:决裂,2,1
raw:准备于,2,1
raw:准备阶段,2,1
raw:出售,2,1
raw:出土于,2,1
raw:出席活动,2,1
raw:出版于/记录于,2,1
raw:出版地,2,1
raw:出版机构,2,1
raw:出版者,2,1
raw:出现,2,1
raw:出生关联,2,1
raw:出生地/活动区域,2,1
raw:出生地/活动地点,2,1
raw:出面维护,2,1
raw:分到,2,1
raw:分化打击,2,1
raw:分建,2,1
raw:分得,2,1
raw:分支-总机构,2,1
raw:分析对象,2,1
raw:分编,2,1
raw:分裂主义对抗,2,1
raw:分设,2,1
raw:分路执行,2,1
raw:分部,2,1
raw:切断,2,1
raw:刊载,2,1
raw:列为,2,1
raw:创作于,2,1
raw:创作传播,2,1
raw:创作作品,2,1
raw:创作关系,2,1
raw:创作内容,2,1
raw:创作反映,2,1
raw:创作地,2,1
raw:创作时间,2,1
raw:创作纪念,2,1
raw:创作表达,2,1
raw:创办/主持,2,1
raw:创办/迁址,2,1
raw:创办方,2,1
raw:创建/指挥,2,1
raw:创建根据地于,2,1
raw:创建组织,2,1
raw:创建者-地点,2,1
raw:创建者-场所,2,1
raw:创建者-机构,2,1
raw:创建者-被创建物,2,1
raw:创建者与作品,2,1
raw:创建者关系,2,1
raw:创造条件,2,1
raw:创造苏区,2,1
raw:判断,2,1
raw:利于,2,1
raw:别名,2,1
raw:制作/组织,2,1
raw:制作方,2,1
raw:制定-策略,2,1
raw:制定执行,2,1
raw:制定方案,2,1
raw:制定者-成果,2,1
raw:制度关联,2,1
raw:制度实践,2,1
raw:制度实践地,2,1
raw:制造匪患,2,1
raw:制造者,2,1
raw:刻印/赶印,2,1
raw:刻印地点,2,1
raw:前往地,2,1
raw:前提,2,1
raw:前置,2,1
raw:前置条件,2,1
raw:剥削关系,2,1
raw:剥削区域,2,1
raw:剪彩,2,1
raw:副队长,2,1
raw:剿匪于,2,1
raw:剿灭于,2,1
raw:剿灭关系,2,1
raw:剿灭对象,2,1
raw:剿灭目标,2,1
raw:劝说关系,2,1
raw:劝说对象,2,1
raw:劝谏,2,1
raw:劝阻者,2,1
raw:劝降失败,2,1
raw:办公地,2,1
raw:办公场所,2,1
raw:功能定位,2,1
raw:动向,2,1
raw:动员/安排,2,1
raw:动员关系,2,1
raw:动员升学,2,1
raw:动员者,2,1
raw:助力,2,1
raw:包围于,2,1
raw:包围区域,2,1
raw:包括,2,1
raw:化名,2,1
raw:医疗支持者,2,1
raw:医疗支援,2,1
raw:升华,2,1
raw:协助-地点,2,1
raw:协助开办,2,1
raw:协助抓捕,2,1
raw:协助攻克,2,1
raw:协助渡江,2,1
raw:协助者-事件,2,1
raw:协助解放,2,1
raw:协同解放,2,1
raw:协商结果,2,1
raw:占,2,1
raw:占据阵地,2,1
raw:占领地,2,1
raw:危害,2,1
raw:历史延续,2,1
raw:历史教训,2,1
raw:历史背景关联,2,1
raw:压制对象,2,1
raw:压迫与反抗,2,1
raw:原任职地,2,1
raw:原属关系,2,1
raw:参与/支持,2,1
raw:参与/牺牲于,2,1
raw:参与/见证,2,1
raw:参与/遇难于,2,1
raw:参与与被攻击,2,1
raw:参与于,2,1
raw:参与决策,2,1
raw:参与准备,2,1
raw:参与力量,2,1
raw:参与同一事件,2,1
raw:参与围剿,2,1
raw:参与地区,2,1
raw:参与实践,2,1
raw:参与开辟,2,1
raw:参与战役,2,1
raw:参与抓捕,2,1
raw:参与揭露,2,1
raw:参与攻克,2,1
raw:参与攻占,2,1
raw:参与活动地点,2,1
raw:参与牺牲,2,1
raw:参与组建,2,1
raw:参与编纂,2,1
raw:参与者-场所,2,1
raw:参与者-对象,2,1
raw:参与解放,2,1
raw:参与起草,2,1
raw:参会,2,1
raw:参会地点,2,1
raw:参军于,2,1
raw:参军对象,2,1
raw:参加工作会议于,2,1
raw:参战人员,2,1
raw:参战方,2,1
raw:参谋,2,1
raw:反围剿,2,1
raw:反间谍行动,2,1
raw:发出命令,2,1
raw:发动/强夺,2,1
raw:发动/成立,2,1
raw:发动/教育,2,1
raw:发动/组织,2,1
raw:发动关系,2,1
raw:发动叛乱,2,1
raw:发动者,2,1
raw:发展-下属组织,2,1
raw:发展入团,2,1
raw:发展团员,2,1
raw:发展地,2,1
raw:发展成果,2,1
raw:发展自,2,1
raw:发布主体,2,1
raw:发布关系,2,1
raw:发布命令于,2,1
raw:发布布告,2,1
raw:发布平台,2,1
raw:发布政策,2,1
raw:发布机构-事件,2,1
raw:发布物,2,1
raw:发布者-作品,2,1
raw:发布者-执行者,2,1
raw:发往地,2,1
raw:发现与培养,2,1
raw:发生地-时间,2,1
raw:发行者,2,1
raw:发表声明,2,1
raw:发表演说,2,1
raw:发表讲话,2,1
raw:发言者-事件,2,1
raw:发起与教学,2,1
raw:发起人-参与者,2,1
raw:发起成立,2,1
raw:发起者-组织,2,1
raw:取代,2,1
raw:取得联系,2,1
raw:取缔,2,1
raw:取道,2,1
raw:受伤,2,1
raw:受刑,2,1
raw:受助,2,1
raw:受害方,2,1
raw:受援地,2,1
raw:受益,2,1
raw:受益者,2,1
raw:受蛊惑叛变,2,1
raw:受迫害,2,1
raw:受领导于,2,1
raw:受鼓舞,2,1
raw:叛变出卖,2,1
raw:叛变导致破坏,2,1
raw:叛变影响,2,1
raw:叛变逮捕,2,1
raw:叛变镇压,2,1
raw:叛徒关系,2,1
raw:召开大会,2,1
raw:召开大会于,2,1
raw:合作方,2,1
raw:合作组织,2,1
raw:合兵,2,1
raw:合围/歼灭,2,1
raw:合围歼灭,2,1
raw:合围清剿,2,1
raw:合围进剿,2,1
raw:合并成立,2,1
raw:合并组建,2,1
raw:合编为,2,1
raw:同名,2,1
raw:同情,2,1
raw:同甘共苦,2,1
raw:同窗好友,2,1
raw:同谋,2,1
raw:听取,2,1
raw:启示,2,1
raw:吸引,2,1
raw:吸收成员,2,1
raw:吸纳对象,2,1
raw:吹响,2,1
raw:告发,2,1
raw:呼吁揭露,2,1
raw:命令剿灭,2,1
raw:命名/纪念,2,1
raw:和谈,2,1
raw:响应关系,2,1
raw:响应号召,2,1
raw:响应地区,2,1
raw:唤醒,2,1
raw:商定,2,1
raw:喊话,2,1
raw:嘱咐,2,1
raw:回乡,2,1
raw:回忆/证实,2,1
raw:回忆证实,2,1
raw:回报,2,1
raw:回答与指引,2,1
raw:回赠,2,1
raw:因,2,1
raw:团结互助,2,1
raw:团长/政委,2,1
raw:围击,2,1
raw:围剿/追击,2,1
raw:围剿/镇压,2,1
raw:围剿关系,2,1
raw:围剿对象,2,1
raw:围剿行动,2,1
raw:围点打援,2,1
raw:围追,2,1
raw:围追堵截,2,1
raw:地下工作,2,1
raw:地域-人物,2,1
raw:地域依托,2,1
raw:地域包含,2,1
raw:地域实践,2,1
raw:地点-单位,2,1
raw:地点-场所,2,1
raw:地点-活动,2,1
raw:地点-行动,2,1
raw:地点与地点关联,2,1
raw:地理关联-事件,2,1
raw:地理区域-事件,2,1
raw:地理归属,2,1
raw:地理联系,2,1
raw:地理连通,2,1
raw:场所-参与者,2,1
raw:场所-物,2,1
raw:坐镇,2,1
raw:坐镇指挥,2,1
raw:坚守抗击,2,1
raw:坚守阵地,2,1
raw:垄断,2,1
raw:埋伏地点,2,1
raw:埋葬,2,1
raw:培养-输送,2,1
raw:培训关系,2,1
raw:培训地点,2,1
raw:壮大,2,1
raw:壮烈执行,2,1
raw:声援关系,2,1
raw:声讨,2,1
raw:处决行动,2,1
raw:处分,2,1
raw:处分对象,2,1
raw:处置地点,2,1
raw:夹击/追剿,2,1
raw:夺取地点,2,1
raw:夺回,2,1
raw:奉令,2,1
raw:奔袭围歼,2,1
raw:奔赴,2,1
raw:委托培训,2,1
raw:媒介-事件,2,1
raw:存放位置,2,1
raw:存放物品,2,1
raw:学习/参与,2,1
raw:学习与活动地点,2,1
raw:学习关联,2,1
raw:学习地,2,1
raw:学习场所,2,1
raw:学习机构,2,1
raw:学习讨论,2,1
raw:学生,2,1
raw:学生骨干,2,1
raw:安慰,2,1
raw:安排接头,2,1
raw:安排隐蔽,2,1
raw:定居地,2,1
raw:实施内容,2,1
raw:实施暴行,2,1
raw:实现期,2,1
raw:实现目标,2,1
raw:实践主体,2,1
raw:实践依据,2,1
raw:实践内容,2,1
raw:实践场域,2,1
raw:实践成果,2,1
raw:实践来源,2,1
raw:实践案例,2,1
raw:审判关系,2,1
raw:审判参与者,2,1
raw:审判地点,2,1
raw:审判处决,2,1
raw:审讯地,2,1
raw:审讯机构,2,1
raw:审问,2,1
raw:宣传/分粮,2,1
raw:宣传/发动,2,1
raw:宣传争取,2,1
raw:宣传于,2,1
raw:宣传传播,2,1
raw:宣传地,2,1
raw:宣传媒介,2,1
raw:宣传工具-使用者,2,1
raw:宣传报道,2,1
raw:宣传政策,2,1
raw:宣传榜样,2,1
raw:宣传渗透,2,1
raw:宣传者与被宣传者,2,1
raw:宣传阵地,2,1
raw:宣判枪决,2,1
raw:宣布起义,2,1
raw:宣誓地点,2,1
raw:宿营,2,1
raw:寄语,2,1
raw:密授,2,1
raw:对峙,2,1
raw:对待,2,1
raw:对立关系,2,1
raw:寻找关系,2,1
raw:寻求,2,1
raw:导致停止,2,1
raw:导致解体,2,1
raw:封锁对象,2,1
raw:射击击毙,2,1
raw:尝试,2,1
raw:居住地关联,2,1
raw:展开,2,1
raw:履职,2,1
raw:巡视区域,2,1
raw:工作-参与者,2,1
raw:工作/被捕,2,1
raw:工作中心,2,1
raw:工作地点-人物,2,1
raw:工作布置,2,1
raw:工作延伸,2,1
raw:工作汇报,2,1
raw:工作隶属,2,1
raw:工具-事件,2,1
raw:工具使用,2,1
raw:布置工作,2,1
raw:带领至,2,1
raw:帮助与指导,2,1
raw:帮助关系,2,1
raw:帮助对象,2,1
raw:帮助改造,2,1
raw:平反,2,1
raw:并列推进,2,1
raw:庇护,2,1
raw:序幕,2,1
raw:应对措施,2,1
raw:应用于,2,1
raw:建党于,2,1
raw:建制管理,2,1
raw:建立/活动,2,1
raw:建立交通站,2,1
raw:建立单位,2,1
raw:建立机构,2,1
raw:建立运作,2,1
raw:建议区域,2,1
raw:建设关系,2,1
raw:开展工作地点,2,1
raw:开展游击战争,2,1
raw:开展群众工作,2,1
raw:开展运动,2,1
raw:开展革命活动,2,1
raw:开辟地区,2,1
raw:开除,2,1
raw:引导与响应,2,1
raw:引导关系,2,1
raw:引诱,2,1
raw:强令进攻,2,1
raw:形式,2,1
raw:影响与失败原因,2,1
raw:影响因素,2,1
raw:征粮,2,1
raw:征集商借,2,1
raw:得出,2,1
raw:怀念者,2,1
raw:思想启蒙,2,1
raw:思想引导,2,1
raw:总结推广,2,1
raw:总结教训,2,1
raw:恋爱关系,2,1
raw:恢复关系地点,2,1
raw:恢复组织关系,2,1
raw:恳请,2,1
raw:悬赏,2,1
raw:悼念关系,2,1
raw:悼念者,2,1
raw:情侣关系,2,1
raw:情报关系,2,1
raw:情报发布,2,1
raw:情报据点,2,1
raw:情报搜集,2,1
raw:情报搜集区域,2,1
raw:情报通报,2,1
raw:惩治,2,1
raw:惩治对象,2,1
raw:感激,2,1
raw:成员隶属,2,1
raw:成熟期,2,1
raw:成立/领导,2,1
raw:成立领导,2,1
raw:战前动员,2,1
raw:战役地点关联,2,1
raw:战役指挥,2,1
raw:战役目标,2,1
raw:战役结果,2,1
raw:战斗/行军,2,1
raw:战斗地点关联,2,1
raw:战斗指挥地,2,1
raw:战斗指挥者,2,1
raw:战斗活动,2,1
raw:战斗牺牲,2,1
raw:战斗结果,2,1
raw:战斗转移,2,1
raw:战斗部署,2,1
raw:战术与战果,2,1
raw:战术协同,2,1
raw:战术布置,2,1
raw:战术执行,2,1
raw:战术据点,2,1
raw:战术节点,2,1
raw:战术调整,2,1
raw:战死于,2,1
raw:战略会师,2,1
raw:战略制定,2,1
raw:战略协同,2,1
raw:战略延续,2,1
raw:战略建议,2,1
raw:战略意图,2,1
raw:战略据点,2,1
raw:战略推进,2,1
raw:战略支援,2,1
raw:战略节点,2,1
raw:战略要道,2,1
raw:战略调整,2,1
raw:战略转变,2,1
raw:战略转移路线,2,1
raw:战略重心,2,1
raw:所属机构,2,1
raw:手段-目标,2,1
raw:手稿记载,2,1
raw:扑向,2,1
raw:打入控制,2,1
raw:打入机构,2,1
raw:打出,2,1
raw:打垮,2,1
raw:打死,2,1
raw:打退,2,1
raw:执笔整理,2,1
raw:执行主体-事件,2,1
raw:执行于,2,1
raw:执行交接,2,1
raw:执行决策,2,1
raw:执行抓捕,2,1
raw:执行者-任务,2,1
raw:扩充,2,1
raw:扩军,2,1
raw:扩占勾结,2,1
raw:扩红,2,1
raw:扮演,2,1
raw:批准枪决,2,1
raw:批准设立,2,1
raw:批判关系,2,1
raw:扼守,2,1
raw:扼守于,2,1
raw:找,2,1
raw:承认,2,1
raw:承诺,2,1
raw:承载载体,2,1
raw:技术支持,2,1
raw:抄没,2,1
raw:抑制,2,1
raw:抒发,2,1
raw:抓住,2,1
raw:抓捕者与被捕者,2,1
raw:抓捕者与被逮捕者,2,1
raw:抓捕行动参与者,2,1
raw:抓获处决,2,1
raw:投案,2,1
raw:投考,2,1
raw:投身,2,1
raw:投递,2,1
raw:抗议于,2,1
raw:抚养关系,2,1
raw:护厂行动,2,1
raw:护送/联络,2,1
raw:报告者,2,1
raw:报道/谴责,2,1
raw:押送地点,2,1
raw:抽调组建,2,1
raw:担任副书记,2,1
raw:担任司令员,2,1
raw:担任局长,2,1
raw:担任支书,2,1
raw:担任政委,2,1
raw:担任正副主任,2,1
raw:担任经理,2,1
raw:担任负责人,2,1
raw:担任院长,2,1
raw:担保营救,2,1
raw:拘禁,2,1
raw:招聘,2,1
raw:拟制,2,1
raw:拟处,2,1
raw:拟定,2,1
raw:拟调往,2,1
raw:拦截,2,1
raw:拷问,2,1
raw:指定负责,2,1
raw:指导/支持,2,1
raw:指导于,2,1
raw:指导依据,2,1
raw:指导创办,2,1
raw:指导建立,2,1
raw:指导成立,2,1
raw:指导支持,2,1
raw:指导策略,2,1
raw:指挥-作战区域,2,1
raw:指挥-目标,2,1
raw:指挥/作战,2,1
raw:指挥/侦察,2,1
raw:指挥/决策,2,1
raw:指挥/联系,2,1
raw:指挥/防堵,2,1
raw:指挥保障,2,1
raw:指挥剿匪,2,1
raw:指挥反冲锋于,2,1
raw:指挥战场,2,1
raw:指挥战斗区域,2,1
raw:指挥战斗地点,2,1
raw:指挥所,2,1
raw:指挥攻取,2,1
raw:指挥活动,2,1
raw:指挥消灭,2,1
raw:指挥者与地点,2,1
raw:指挥解放,2,1
raw:指挥进攻,2,1
raw:指挥进攻于,2,1
raw:指挥部驻地,2,1
raw:指示下发,2,1
raw:指示于,2,1
raw:指示传达者,2,1
raw:指示关联,2,1
raw:指示剿灭,2,1
raw:指示工作,2,1
raw:指示开辟,2,1
raw:指示成立,2,1
raw:挑水,2,1
raw:挑选,2,1
raw:挫败,2,1
raw:挺身而出,2,1
raw:捐款,2,1
raw:捕捉,2,1
raw:损害,2,1
raw:据点控制,2,1
raw:据理力争,2,1
raw:授予称号,2,1
raw:授课/辅导,2,1
raw:授课者,2,1
raw:排演,2,1
raw:排练,2,1
raw:掠夺,2,1
raw:探望与营救,2,1
raw:探监,2,1
raw:接任领导,2,1
raw:接关系,2,1
raw:接受教育,2,1
raw:接回,2,1
raw:接头于,2,1
raw:接头点,2,1
raw:接头联系,2,1
raw:接应点,2,1
raw:接应行动,2,1
raw:接应起义,2,1
raw:接收方,2,1
raw:接济,2,1
raw:接管关系,2,1
raw:接管者,2,1
raw:接纳/考察,2,1
raw:接续,2,1
raw:接见/指导,2,1
raw:接见关系,2,1
raw:接见指示,2,1
raw:控制人物,2,1
raw:控制武装,2,1
raw:控诉对象,2,1
raw:推广期,2,1
raw:推行于,2,1
raw:掩护-人物,2,1
raw:掩护-被掩护者,2,1
raw:掩护支持,2,1
raw:掩护活动,2,1
raw:掩护组织,2,1
raw:掩护行动地点,2,1
raw:掩护转移,2,1
raw:掩藏地点,2,1
raw:描绘,2,1
raw:提交,2,1
raw:提供史料,2,1
raw:提供场所,2,1
raw:提供情报支持,2,1
raw:提供掩护,2,1
raw:提供支援,2,1
raw:提供条件,2,1
raw:提供武器,2,1
raw:提供物资,2,1
raw:提供职业掩护,2,1
raw:提出主张,2,1
raw:提出者-成果,2,1
raw:揭竿而起,2,1
raw:搜山,2,1
raw:搜查者-地点,2,1
raw:搭建,2,1
raw:携带者,2,1
raw:摘抄,2,1
raw:撤离于,2,1
raw:撤离指令,2,1
raw:撤离路线,2,1
raw:撤退路径,2,1
raw:撤退途经地,2,1
raw:撤销,2,1
raw:播下,2,1
raw:撰写文章,2,1
raw:撰稿对象,2,1
raw:操纵,2,1
raw:擒获击毙,2,1
raw:支持/推荐,2,1
raw:支持机构,2,1
raw:支持活动,2,1
raw:支持物,2,1
raw:支持者与被支持者,2,1
raw:支持设施,2,1
raw:支援-被支援,2,1
raw:支援力量,2,1
raw:支援单位,2,1
raw:支援地,2,1
raw:支援路线,2,1
raw:支援配合,2,1
raw:支撑事件,2,1
raw:支撑会师,2,1
raw:支撑体系,2,1
raw:支部书记,2,1
raw:收兑,2,1
raw:收养/保护,2,1
raw:收复/驻防,2,1
raw:收容,2,1
raw:收留/安葬,2,1
raw:收缴地点,2,1
raw:收购,2,1
raw:改善生活,2,1
raw:改编者,2,1
raw:改进,2,1
raw:攻克地,2,1
raw:攻击-目标,2,1
raw:攻击方,2,1
raw:攻击者,2,1
raw:攻占/击溃,2,1
raw:攻占行动,2,1
raw:政权机构,2,1
raw:政治事件,2,1
raw:政治利用,2,1
raw:政治处主任,2,1
raw:政治对话,2,1
raw:政治指导,2,1
raw:政治攻心,2,1
raw:政治联系,2,1
raw:政治联络,2,1
raw:政治选择,2,1
raw:政策传达者,2,1
raw:政策导向,2,1
raw:政策影响,2,1
raw:政策支持,2,1
raw:政策目标,2,1
raw:故乡,2,1
raw:效忠,2,1
raw:敌对策划,2,1
raw:敌方,2,1
raw:救助者,2,1
raw:救助行为,2,1
raw:救护关系,2,1
raw:救援,2,1
raw:救治关系,2,1
raw:救治地,2,1
raw:教,2,1
raw:教学/斗争场所,2,1
raw:教学人员,2,1
raw:教学场所,2,1
raw:教学点,2,1
raw:教材来源,2,1
raw:教育-组织,2,1
raw:教育主体,2,1
raw:教育争取,2,1
raw:教育感化,2,1
raw:教育支持,2,1
raw:整改,2,1
raw:整改记录,2,1
raw:整编/指挥,2,1
raw:整编区域,2,1
raw:文化载体,2,1
raw:文物保存地,2,1
raw:文物关联,2,1
raw:文物归属,2,1
raw:文物来源,2,1
raw:文献,2,1
raw:文献保存地,2,1
raw:斗争/牺牲,2,1
raw:斗争于,2,1
raw:斗争关联,2,1
raw:斗争形式,2,1
raw:斗争背景,2,1
raw:方向,2,1
raw:方针,2,1
raw:旧址,2,1
raw:时间-人物,2,1
raw:时间序列,2,1
raw:时间节点,2,1
raw:智取/威慑,2,1
raw:智骗,2,1
raw:暗中支持,2,1
raw:暴动,2,1
raw:曾任,2,1
raw:服务区域,2,1
raw:服役于,2,1
raw:朗诵,2,1
raw:机构,2,1
raw:机构-人员,2,1
raw:机构-实践,2,1
raw:机构-政策,2,1
raw:机构驻地,2,1
raw:杀害者与受害者,2,1
raw:杀死,2,1
raw:权委/收编,2,1
raw:来自,2,1
raw:构筑于,2,1
raw:查封事件,2,1
raw:查禁,2,1
raw:查阅,2,1
raw:标识,2,1
raw:标识物,2,1
raw:树立,2,1
raw:校长,2,1
raw:核心关联,2,1
raw:核心策略,2,1
raw:核心议题,2,1
raw:案例-事件,2,1
raw:模范,2,1
raw:模范履行,2,1
raw:欢送,2,1
raw:款待,2,1
raw:正式委员,2,1
raw:武器,2,1
raw:武器移交,2,1
raw:武器输送者,2,1
raw:武装,2,1
raw:武装反抗,2,1
raw:武装合作,2,1
raw:武装工具,2,1
raw:武装支援,2,1
raw:武装阻拦,2,1
raw:歼灭俘虏,2,1
raw:殉难,2,1
raw:残害,2,1
raw:母亲,2,1
raw:求学地,2,1
raw:汇合地点,2,1
raw:汇报工作,2,1
raw:没收对象,2,1
raw:没收粮食,2,1
raw:治疗休养,2,1
raw:治疗地点,2,1
raw:沿,2,1
raw:沿岸,2,1
raw:沿岸关联,2,1
raw:泅渡,2,1
raw:注意,2,1
raw:活动-场所,2,1
raw:活动-手段,2,1
raw:活动/奇袭,2,1
raw:活动/滋扰,2,1
raw:活动/策划,2,1
raw:活动/西进,2,1
raw:活动地点-人物,2,1
raw:活动地点关联,2,1
raw:活动对象,2,1
raw:活动形式,2,1
raw:活动目的地,2,1
raw:活动终点,2,1
raw:活动网络,2,1
raw:派出工作组,2,1
raw:派取经费,2,1
raw:派送,2,1
raw:派遣干部,2,1
raw:派驻,2,1
raw:流亡地点,2,1
raw:涉及事件,2,1
raw:涉案人员,2,1
raw:深入开辟,2,1
raw:清剿行动,2,1
raw:清匪建政,2,1
raw:清点,2,1
raw:渗透企图,2,1
raw:渗透对象,2,1
raw:渡江事件,2,1
raw:渡江目标,2,1
raw:渡河点,2,1
raw:游击,2,1
raw:游击于,2,1
raw:演进关系,2,1
raw:潜回,2,1
raw:潜逃,2,1
raw:澄清,2,1
raw:激化,2,1
raw:激发,2,1
raw:激战/突围,2,1
raw:激战于,2,1
raw:炮击,2,1
raw:炸开,2,1
raw:焚烧,2,1
raw:煮食,2,1
raw:爆破攻坚,2,1
raw:牢记,2,1
raw:物-人关联,2,1
raw:物-地,2,1
raw:物-地点,2,1
raw:物与事件,2,1
raw:物品,2,1
raw:物品传递,2,1
raw:物质与组织载体,2,1
raw:物资中转,2,1
raw:物资中转站,2,1
raw:物资传递,2,1
raw:物资保障,2,1
raw:物资来源地,2,1
raw:物资获取,2,1
raw:物资转运点,2,1
raw:牵回,2,1
raw:特务渗透,2,1
raw:牺牲-地点,2,1
raw:牺牲与镇压,2,1
raw:牺牲地关联,2,1
raw:牺牲对象,2,1
raw:犒劳,2,1
raw:犯罪行为关联,2,1
raw:献计,2,1
raw:率军摧毁,2,1
raw:率红军主力转移到,2,1
raw:率部回到,2,1
raw:率部清剿,2,1
raw:率部起义,2,1
raw:率部进攻,2,1
raw:率领红军集结于,2,1
raw:理论指导,2,1
raw:理论教育,2,1
raw:生产地-产品,2,1
raw:生产支援,2,1
raw:甩开,2,1
raw:由...成立,2,1
raw:由...组成,2,1
raw:申请入党,2,1
raw:电报联络,2,1
raw:留下装备,2,1
raw:痛击,2,1
raw:监听,2,1
raw:监督人,2,1
raw:监视/派员,2,1
raw:监视关系,2,1
raw:监视地点,2,1
raw:盘查,2,1
raw:盘踞/退守,2,1
raw:盘问,2,1
raw:目标-任务,2,1
raw:目标导向,2,1
raw:直插,2,1
raw:直逼,2,1
raw:相关事件与领导机构,2,1
raw:相关于,2,1
raw:相关地理,2,1
raw:相关地理环境,2,1
raw:相关记录,2,1
raw:看望,2,1
raw:督师,2,1
raw:瞻仰于,2,1
raw:研究于,2,1
raw:研究区域,2,1
raw:研讨,2,1
raw:砸碎,2,1
raw:示范,2,1
raw:示范带动于,2,1
raw:社会关系,2,1
raw:社长,2,1
raw:离别,2,1
raw:秘密发展,2,1
raw:秘密发展会员,2,1
raw:秘密联络点,2,1
raw:移交/支援,2,1
raw:移交方,2,1
raw:移防至,2,1
raw:移驻,2,1
raw:移驻/征发,2,1
raw:移驻于,2,1
raw:移驻地,2,1
raw:空前高涨,2,1
raw:穿过,2,1
raw:突击,2,1
raw:突围汇合,2,1
raw:突围目标,2,1
raw:突破地点,2,1
raw:窜扰于,2,1
raw:窜逃,2,1
raw:站立于,2,1
raw:章程起草,2,1
raw:策划于,2,1
raw:策划发动,2,1
raw:策划者,2,1
raw:策划谋杀,2,1
raw:策反者,2,1
raw:策略对抗,2,1
raw:筹划者,2,1
raw:筹办者,2,1
raw:筹建者,2,1
raw:签署人,2,1
raw:签署者,2,1
raw:签署者-文件,2,1
raw:签订协定,2,1
raw:管控,2,1
raw:管理关联,2,1
raw:管理对象,2,1
raw:管辖-区域,2,1
raw:籍贯/关联地,2,1
raw:籍贯/故乡,2,1
raw:籍贯/活动地点,2,1
raw:籍贯关系,2,1
raw:类比,2,1
raw:精神产物,2,1
raw:精神传播,2,1
raw:精神升华,2,1
raw:精神指引,2,1
raw:精神激励,2,1
raw:素材来源,2,1
raw:纠正对象,2,1
raw:纪念地点,2,1
raw:纪念场所-人物,2,1
raw:纪念物,2,1
raw:组建/合作,2,1
raw:组建/领导,2,1
raw:组建单位,2,1
raw:组建指挥,2,1
raw:组成人员,2,1
raw:组织-出版物,2,1
raw:组织-分支,2,1
raw:组织-创建物,2,1
raw:组织-媒介,2,1
raw:组织-实施区域,2,1
raw:组织-实施地区,2,1
raw:组织-群体,2,1
raw:组织-设施,2,1
raw:组织-载体,2,1
raw:组织-遵循,2,1
raw:组织/动员,2,1
raw:组织/强迫,2,1
raw:组织/指导,2,1
raw:组织/编撰,2,1
raw:组织/隶属,2,1
raw:组织与执行,2,1
raw:组织介绍,2,1
raw:组织传播,2,1
raw:组织关系接转,2,1
raw:组织分布,2,1
raw:组织协同,2,1
raw:组织单位-人物,2,1
raw:组织变革,2,1
raw:组织工作,2,1
raw:组织工具,2,1
raw:组织暴动,2,1
raw:组织机构-实体,2,1
raw:组织构成,2,1
raw:组织武装,2,1
raw:组织目标,2,1
raw:组织者-作品,2,1
raw:组织者-组织物,2,1
raw:组织联动,2,1
raw:组织联络,2,1
raw:组织节点,2,1
raw:组织调动,2,1
raw:组织起源,2,1
raw:组织转移,2,1
raw:组织阅读,2,1
raw:组织防御,2,1
raw:组织隶属关系,2,1
raw:终点,2,1
raw:终结,2,1
raw:经,2,1
raw:经历者,2,1
raw:经济关系,2,1
raw:经济建设,2,1
raw:经济控制,2,1
raw:经济支撑,2,1
raw:经济斗争,2,1
raw:经费拨付,2,1
raw:经验借鉴,2,1
raw:结合进行,2,1
raw:结婚,2,1
raw:统一指挥,2,1
raw:统一领导,2,1
raw:统办,2,1
raw:统战团结,2,1
raw:统战联系,2,1
raw:继承发扬,2,1
raw:维护者,2,1
raw:编创,2,1
raw:编唱,2,1
raw:编撰者,2,1
raw:编纂出版,2,1
raw:缴械投降,2,1
raw:缴获地点,2,1
raw:缴获武器,2,1
raw:群众纪律,2,1
raw:翻译张贴,2,1
raw:翻越地点,2,1
raw:翻越进入,2,1
raw:考察对象,2,1
raw:职务-人物,2,1
raw:职务代理,2,1
raw:职务隶属,2,1
raw:职责分配,2,1
raw:联动关系,2,1
raw:联合对象,2,1
raw:联合抓捕,2,1
raw:联系工作,2,1
raw:联系请求,2,1
raw:联络-对象,2,1
raw:联络/指示,2,1
raw:联络人-事件,2,1
raw:联络区域,2,1
raw:联络协助,2,1
raw:联络场所,2,1
raw:联络工作,2,1
raw:联络户,2,1
raw:联络指挥,2,1
raw:联络接洽,2,1
raw:联络枢纽,2,1
raw:联络点-地点,2,1
raw:联络点关联,2,1
raw:联络路线,2,1
raw:職務關係,2,1
raw:背叛/牺牲关系,2,1
raw:背叛行为,2,1
raw:背负,2,1
raw:胜利,2,1
raw:胜利因素,2,1
raw:脱险,2,1
raw:自首,2,1
raw:范围,2,1
raw:草签,2,1
raw:荣获,2,1
raw:获取信息,2,1
raw:获得表彰,2,1
raw:营救关联,2,1
raw:营救地点,2,1
raw:营救目标,2,1
raw:葬处,2,1
raw:藏匿于,2,1
raw:藏身,2,1
raw:行为者,2,1
raw:行使,2,1
raw:行军/战斗,2,1
raw:行军休整,2,1
raw:行军经过,2,1
raw:行动中心,2,1
raw:行动协调,2,1
raw:行动参与,2,1
raw:行动参与者,2,1
raw:行动执行者,2,1
raw:行动起点,2,1
raw:行动轨迹,2,1
raw:行政行动,2,1
raw:行进,2,1
raw:衔接,2,1
raw:补助,2,1
raw:表彰单位,2,1
raw:表演,2,1
raw:被处置,2,1
raw:被审判对象,2,1
raw:被审讯,2,1
raw:被带走,2,1
raw:被开除学籍,2,1
raw:被打击对象,2,1
raw:被批评,2,1
raw:被捕同案犯,2,1
raw:被捕处决,2,1
raw:被捕牵连,2,1
raw:被收买,2,1
raw:被改造,2,1
raw:被斗争对象,2,1
raw:被暗算,2,1
raw:被枪杀,2,1
raw:被查获,2,1
raw:被残忍杀害,2,1
raw:被清剿,2,1
raw:被破坏,2,1
raw:被绑架,2,1
raw:被迫,2,1
raw:被迫答应,2,1
raw:被追捕对象,2,1
raw:被镇压对象,2,1
raw:袭击事件,2,1
raw:袭击破坏,2,1
raw:西窜,2,1
raw:西窜/转移,2,1
raw:西窜至,2,1
raw:西进,2,1
raw:要求参加,2,1
raw:要求完成,2,1
raw:要求释放,2,1
raw:要求镇压,2,1
raw:规定保护,2,1
raw:解往,2,1
raw:解放时间,2,1
raw:誊写,2,1
raw:警戒,2,1
raw:计划创建,2,1
raw:计划发生在,2,1
raw:计划枪杀对象,2,1
raw:计划活动于,2,1
raw:计划渡越,2,1
raw:计划行动方向,2,1
raw:订阅,2,1
raw:认购于,2,1
raw:讨论内容,2,1
raw:训练/教育,2,1
raw:训练委员,2,1
raw:议论,2,1
raw:记录/考证,2,1
raw:记录对象,2,1
raw:记录载体,2,1
raw:记述,2,1
raw:讲解内容,2,1
raw:讲话/慰问,2,1
raw:讲话人,2,1
raw:设备来源,2,1
raw:设指挥部,2,1
raw:设立机构,2,1
raw:设防,2,1
raw:证明,2,1
raw:评价关系,2,1
raw:试办,2,1
raw:试点,2,1
raw:试点区域,2,1
raw:诞生于,2,1
raw:诞生地,2,1
raw:诬陷关系,2,1
raw:语言接触,2,1
raw:误判,2,1
raw:误认,2,1
raw:诱骗对象,2,1
raw:说情,2,1
raw:说明,2,1
raw:说服关系,2,1
raw:请医治疗,2,1
raw:请愿对象,2,1
raw:请援,2,1
raw:请示汇报,2,1
raw:调令/防堵,2,1
raw:调任地点,2,1
raw:调度,2,1
raw:调来,2,1
raw:调查区域,2,1
raw:调查处理,2,1
raw:调查访问,2,1
raw:调研-对象,2,1
raw:调遣,2,1
raw:调驻,2,1
raw:谈判参与者,2,1
raw:谈判合作,2,1
raw:象征关联,2,1
raw:负伤地点,2,1
raw:负责事件,2,1
raw:负责关系,2,1
raw:负责护送,2,1
raw:负责接管,2,1
raw:负责筹建,2,1
raw:负责训练,2,1
raw:负责领域,2,1
raw:责成,2,1
raw:质询,2,1
raw:质问对象,2,1
raw:贯彻于,2,1
raw:贸易路线,2,1
raw:资助关系,2,1
raw:资金转移,2,1
raw:赈济,2,1
raw:赞颂,2,1
raw:赠予物,2,1
raw:赠送物品,2,1
raw:赶走,2,1
raw:赶赴,2,1
raw:起义地,2,1
raw:起义支援,2,1
raw:起义联络,2,1
raw:起义解放,2,1
raw:起源,2,1
raw:起点,2,1
raw:起草人,2,1
raw:跟踪追击,2,1
raw:跟随/掉队,2,1
raw:路径关联,2,1
raw:路线影响,2,1
raw:跳入,2,1
raw:踊跃,2,1
raw:转为,2,1
raw:转化关系,2,1
raw:转化对象,2,1
raw:转告,2,1
raw:转战地区,2,1
raw:转战地点,2,1
raw:转折点,2,1
raw:转移/交接,2,1
raw:转移/战斗,2,1
raw:转移工作,2,1
raw:转运至,2,1
raw:软禁,2,1
raw:载体-事件,2,1
raw:载体-价值观,2,1
raw:载体关系,2,1
raw:输送干部,2,1
raw:辖属关系,2,1
raw:辨析,2,1
raw:迁就,2,1
raw:迁居历史地点,2,1
raw:迁居地,2,1
raw:迁徙地,2,1
raw:迁移关联,2,1
raw:迁移地点,2,1
raw:迁移路径,2,1
raw:迁葬地点,2,1
raw:过河地点,2,1
raw:迎头痛击,2,1
raw:迎接于,2,1
raw:运营主体,2,1
raw:运营地点,2,1
raw:运输对象,2,1
raw:运输组织,2,1
raw:运输路径,2,1
raw:运送至,2,1
raw:返乡,2,1
raw:返回地,2,1
raw:返回地点,2,1
raw:进入/架设,2,1
raw:进城,2,1
raw:进攻/登陆,2,1
raw:进攻方,2,1
raw:进攻计划,2,1
raw:进驻于,2,1
raw:进驻地,2,1
raw:远征,2,1
raw:连接区域,2,1
raw:连长,2,1
raw:追击于,2,1
raw:追击对象,2,1
raw:追击歼灭,2,1
raw:追剿/击溃,2,1
raw:追剿/夹击,2,1
raw:追剿对象,2,1
raw:追悼,2,1
raw:追捕者-人物,2,1
raw:追捕落网,2,1
raw:追歼活捉,2,1
raw:追缴,2,1
raw:追赶,2,1
raw:退却,2,1
raw:退守于,2,1
raw:送交,2,1
raw:送信,2,1
raw:送别关系,2,1
raw:送往,2,1
raw:送盐,2,1
raw:送粮,2,1
raw:送行,2,1
raw:逃亡路线,2,1
raw:选入,2,1
raw:选定,2,1
raw:透露,2,1
raw:递交备忘录,2,1
raw:通信关系,2,1
raw:通讯,2,1
raw:通道,2,1
raw:逼迫,2,1
raw:遇害于,2,1
raw:遇害关联,2,1
raw:遇难地点,2,1
raw:遗失-发现,2,1
raw:遗存-物资,2,1
raw:遗留物,2,1
raw:遭受剥削,2,1
raw:遭遇/战斗,2,1
raw:遭遇/抵抗,2,1
raw:遭遇与牺牲,2,1
raw:遭遇地,2,1
raw:遭遇战,2,1
raw:避难,2,1
raw:避难关联,2,1
raw:邀请/会见,2,1
raw:部署/联络,2,1
raw:部署接管,2,1
raw:配合-军事行动,2,1
raw:配合围剿,2,1
raw:配合支援,2,1
raw:配合方,2,1
raw:配套措施,2,1
raw:酝酿于,2,1
raw:采用策略,2,1
raw:采纳,2,1
raw:采访,2,1
raw:采访/记录,2,1
raw:重建,2,1
raw:重点区域,2,1
raw:重点部署,2,1
raw:重访题字,2,1
raw:重逢,2,1
raw:销售,2,1
raw:镇压-对象,2,1
raw:镇压关系,2,1
raw:问题,2,1
raw:防务接替,2,1
raw:防御行动,2,1
raw:阴谋,2,1
raw:阵地,2,1
raw:阻击战斗,2,1
raw:阻隔,2,1
raw:陈列,2,1
raw:随行,2,1
raw:隐匿,2,1
raw:隐蔽任教,2,1
raw:隐蔽地,2,1
raw:隐蔽活动,2,1
raw:隐蔽转移,2,1
raw:隐藏,2,1
raw:隶属关联,2,1
raw:集中于,2,1
raw:集会地点,2,1
raw:集会场所,2,1
raw:集结主力于,2,1
raw:雇佣/管理,2,1
raw:需要证据支持,2,1
raw:革命传承,2,1
raw:革命动员,2,1
raw:革命情谊,2,1
raw:革命指导,2,1
raw:革命教育,2,1
raw:革命斗争,2,1
raw:革命活动关联,2,1
raw:革命活动发生地,2,1
raw:革命英烈,2,1
raw:顽抗据守,2,1
raw:颁发机构,2,1
raw:颁布法规,2,1
raw:领导-事件,2,1
raw:领导-执行,2,1
raw:领导-配合,2,1
raw:领导/应对,2,1
raw:领导/控制,2,1
raw:领导/暴露,2,1
raw:领导/牺牲,2,1
raw:领导/隶属,2,1
raw:领导与恢复,2,1
raw:领导与执行者,2,1
raw:领导交接,2,1
raw:领导人,2,1
raw:领导人物,2,1
raw:领导决策,2,1
raw:领导学运于,2,1
raw:领导实践,2,1
raw:领导应对,2,1
raw:领导建设,2,1
raw:领导战斗,2,1
raw:领导执行,2,1
raw:领导据点,2,1
raw:领导改造,2,1
raw:领导机关,2,1
raw:领导权交接,2,1
raw:领导粉碎,2,1
raw:领导起义,2,1
raw:领导驱逐,2,1
raw:题写者-作品,2,1
raw:题词于,2,1
raw:题诗,2,1
raw:首领,2,1
raw:驱逐对象,2,1
raw:驻剿,2,1
raw:驻在,2,1
raw:驻地/出发地,2,1
raw:驻地转移,2,1
raw:驻扎/休养,2,1
raw:驻扎地-单位,2,1
raw:驻扎宣传,2,1
raw:验证,2,1
raw:骚扰,2,1
raw:高呼口号/压制,2,1
raw:魂,2,1
disseminated_at,1,0
prototype_for,1,0
raw:belongs_to_stage,1,1
raw:betrayed,1,1
raw:comrade_of,1,1
raw:controlled,1,1
raw:evolved_into,1,1
raw:exploited,1,1
raw:has_value_facet,1,1
raw:spouse_of,1,1
raw:transmitted_by,1,1
raw:within_basin,1,1
raw:一同被解往南京,1,1
raw:三渡,1,1
raw:上交黄金,1,1
raw:上报审批,1,1
raw:上级-事件,1,1
raw:上级/联系人,1,1
raw:上级部署,1,1
raw:上缴,1,1
raw:上街,1,1
raw:下乡绑票,1,1
raw:下令抓,1,1
raw:下令搜捕,1,1
raw:下令撤退,1,1
raw:下令斩断,1,1
raw:下令查办,1,1
raw:下令毁掉,1,1
raw:下令解散,1,1
raw:下令逮捕,1,1
raw:下令释放,1,1
raw:下发条例,1,1
raw:下属组织,1,1
raw:下放,1,1
raw:下设机构,1,1
raw:下达计划于,1,1
raw:下达进攻命令于,1,1
raw:不执行,1,1
raw:不拉夫,1,1
raw:不拿,1,1
raw:不敢,1,1
raw:不服从,1,1
raw:不熟悉,1,1
raw:不符,1,1
raw:不能击破,1,1
raw:专案处理,1,1
raw:专访,1,1
raw:业务关联,1,1
raw:业务合作,1,1
raw:业务行动,1,1
raw:东征路线,1,1
raw:东移至,1,1
raw:丢弃,1,1
raw:严令指挥,1,1
raw:严令防堵,1,1
raw:严刑拷打,1,1
raw:严守,1,1
raw:严惩,1,1
raw:严惩关系,1,1
raw:严斥/关注,1,1
raw:严格划分,1,1
raw:严格甄别,1,1
raw:严禁,1,1
raw:严禁窝藏,1,1
raw:个人-组织,1,1
raw:个人事迹,1,1
raw:个人负责,1,1
raw:中介,1,1
raw:中介地点,1,1
raw:中坚,1,1
raw:中弹,1,1
raw:中心任务,1,1
raw:中心区,1,1
raw:中止,1,1
raw:中转,1,1
raw:中转地,1,1
raw:中转地点,1,1
raw:中转掩护,1,1
raw:中转站,1,1
raw:中转站连接,1,1
raw:中转联系,1,1
raw:串联关系,1,1
raw:串联组织,1,1
raw:串连,1,1
raw:串连组织,1,1
raw:临危受命,1,1
raw:临岸,1,1
raw:临时书记,1,1
raw:临时指定,1,1
raw:临时联络人,1,1
raw:临时负责,1,1
raw:临时驻地,1,1
raw:临近关系,1,1
raw:主人公,1,1
raw:主任,1,1
raw:主体-决策,1,1
raw:主体-委托,1,1
raw:主体-客体,1,1
raw:主体-工具,1,1
raw:主体-开展,1,1
raw:主体-执行,1,1
raw:主体-指导,1,1
raw:主体-推广,1,1
raw:主体-政策,1,1
raw:主体-物,1,1
raw:主体-示范,1,1
raw:主体-组织,1,1
raw:主体-行为,1,1
raw:主体-部署,1,1
raw:主体关联,1,1
raw:主使逮捕,1,1
raw:主力,1,1
raw:主动投降,1,1
raw:主动放弃,1,1
raw:主导/说服,1,1
raw:主导创建,1,1
raw:主导制定,1,1
raw:主导思想,1,1
raw:主导执行,1,1
raw:主席-会议,1,1
raw:主席团成员,1,1
raw:主张-响应,1,1
raw:主张/反对过早发出,1,1
raw:主张/敌人不倒也要暴动,1,1
raw:主张反对,1,1
raw:主张回,1,1
raw:主张建立,1,1
raw:主张提出地,1,1
raw:主张提出者,1,1
raw:主张者,1,1
raw:主张进军,1,1
raw:主张通过,1,1
raw:主战场,1,1
raw:主持/决策,1,1
raw:主持/报告,1,1
raw:主持/检讨,1,1
raw:主持/致辞,1,1
raw:主持事件,1,1
raw:主持仪式,1,1
raw:主持修建,1,1
raw:主持刊物,1,1
raw:主持创建,1,1
raw:主持发行,1,1
raw:主持大会,1,1
raw:主持建立,1,1
raw:主持建设,1,1
raw:主持扩大会议于,1,1
raw:主持批评,1,1
raw:主持接管,1,1
raw:主持推动,1,1
raw:主持改组,1,1
raw:主持整训,1,1
raw:主持筹建,1,1
raw:主持讲话,1,1
raw:主持调解,1,1
raw:主攻作战,1,1
raw:主攻配合,1,1
raw:主祭者-仪式,1,1
raw:主笔,1,1
raw:主管单位,1,1
raw:主编-刊物,1,1
raw:主编/设计,1,1
raw:主要力量,1,1
raw:主要参与者,1,1
raw:主要发言者,1,1
raw:主要活动地,1,1
raw:主要领导人,1,1
raw:主讲课程,1,1
raw:主题,1,1
raw:举办于,1,1
raw:举办地-人物,1,1
raw:举办方-事件,1,1
raw:举办方-参与者,1,1
raw:举办者,1,1
raw:举报藏匿,1,1
raw:举枪,1,1
raw:举行于,1,1
raw:乘坐,1,1
raw:乘胜追击,1,1
raw:乘虚而入,1,1
raw:书信勉励,1,1
raw:书写/张贴,1,1
raw:书写于,1,1
raw:书写地点,1,1
raw:书写者,1,1
raw:书记/军长,1,1
raw:买到,1,1
raw:买卖公平,1,1
raw:买米,1,1
raw:买粮,1,1
raw:买草,1,1
raw:了解情况,1,1
raw:争做,1,1
raw:争取/教育,1,1
raw:争取/统战,1,1
raw:争取与合作,1,1
raw:争取中立,1,1
raw:争取加入,1,1
raw:争取周,1,1
raw:争取士绅,1,1
raw:争取干预,1,1
raw:争取廖,1,1
raw:争取投诚,1,1
raw:争取支持,1,1
raw:争取改造,1,1
raw:争取瓦解,1,1
raw:争取联合,1,1
raw:争取联系,1,1
raw:争取靠拢,1,1
raw:争当,1,1
raw:争抢,1,1
raw:争权,1,1
raw:争议对象,1,1
raw:争论对象,1,1
raw:事-传,1,1
raw:事-关联,1,1
raw:事-因,1,1
raw:事-机构,1,1
raw:事人关系,1,1
raw:事件-中心,1,1
raw:事件-价值,1,1
raw:事件-任务,1,1
raw:事件-会议,1,1
raw:事件-动作,1,1
raw:事件-参与方,1,1
raw:事件-参与者关联,1,1
raw:事件-后续,1,1
raw:事件-响应,1,1
raw:事件-响应对象,1,1
raw:事件-地域,1,1
raw:事件-地理,1,1
raw:事件-场所,1,1
raw:事件-基础,1,1
raw:事件-处理,1,1
raw:事件-影响,1,1
raw:事件-成效,1,1
raw:事件-战役,1,1
raw:事件-执行者,1,1
raw:事件-支持,1,1
raw:事件-政策,1,1
raw:事件-数据,1,1
raw:事件-文件,1,1
raw:事件-施动者,1,1
raw:事件-时期,1,1
raw:事件-机构,1,1
raw:事件-活动,1,1
raw:事件-物品,1,1
raw:事件-物资,1,1
raw:事件-相关人,1,1
raw:事件-相关方,1,1
raw:事件-策略,1,1
raw:事件-纪念地,1,1
raw:事件-纪念物,1,1
raw:事件-行为,1,1
raw:事件-载体,1,1
raw:事件-运动,1,1
raw:事件-配套措施,1,1
raw:事件与事件,1,1
raw:事件与事件关联,1,1
raw:事件与会议,1,1
raw:事件与区域关联,1,1
raw:事件与参与群体,1,1
raw:事件与地域关联,1,1
raw:事件与精神,1,1
raw:事件与组织关联,1,1
raw:事件与行为关联,1,1
raw:事件人物,1,1
raw:事件关联地区,1,1
raw:事件参与者-地点,1,1
raw:事件参与者-目标对象,1,1
raw:事件发生、目标地,1,1
raw:事件发生命,1,1
raw:事件发生地-目标人物,1,1
raw:事件发生地点与负责人,1,1
raw:事件发起机构,1,1
raw:事件发起者,1,1
raw:事件场所,1,1
raw:事件对象,1,1
raw:事件目的地,1,1
raw:事件类型,1,1
raw:事件行为,1,1
raw:事件表现,1,1
raw:事件触发,1,1
raw:事件记录,1,1
raw:事件起因,1,1
raw:事件路径,1,1
raw:事件转移,1,1
raw:事件驱动,1,1
raw:事务关联,1,1
raw:事变,1,1
raw:事物-策略,1,1
raw:事迹创作,1,1
raw:事迹讲述者,1,1
raw:云集,1,1
raw:互动/对抗,1,1
raw:互动关联,1,1
raw:互动地点,1,1
raw:互助对象,1,1
raw:互相尊重,1,1
raw:交予枪支,1,1
raw:交代任务,1,1
raw:交借,1,1
raw:交出武器,1,1
raw:交出物资,1,1
raw:交往关系,1,1
raw:交往对象,1,1
raw:交情关联,1,1
raw:交战/突破,1,1
raw:交战地点,1,1
raw:交战场,1,1
raw:交战方,1,1
raw:交接关系,1,1
raw:交接地点,1,1
raw:交接归建,1,1
raw:交接防务,1,1
raw:交易媒介,1,1
raw:交来,1,1
raw:交枪事件,1,1
raw:交枪投降,1,1
raw:交流稳定于,1,1
raw:交涉/拒绝,1,1
raw:交火,1,1
raw:交界区域,1,1
raw:交还,1,1
raw:交通,1,1
raw:交通-地点,1,1
raw:交通/地理,1,1
raw:交通/经济支援,1,1
raw:交通关联,1,1
raw:交通员关系,1,1
raw:交通往来,1,1
raw:交通站,1,1
raw:交通站关联,1,1
raw:交通站负责人,1,1
raw:交通线路,1,1
raw:交通要道,1,1
raw:交通设施,1,1
raw:交锋,1,1
raw:交集,1,1
raw:产业基础,1,1
raw:产出地,1,1
raw:产物关系,1,1
raw:产生于,1,1
raw:产生关系,1,1
raw:产生组织,1,1
raw:产生者,1,1
raw:亮出,1,1
raw:亲历/总结,1,1
raw:亲历与纪念,1,1
raw:亲历与记录,1,1
raw:亲历于,1,1
raw:亲历者-地点,1,1
raw:亲历记录,1,1
raw:亲属-影响,1,1
raw:亲属保护,1,1
raw:亲自交涉策反,1,1
raw:亲自接见,1,1
raw:亲自物色,1,1
raw:亲近,1,1
raw:人-职务,1,1
raw:人/地,1,1
raw:人/地关联,1,1
raw:人/魂,1,1
raw:人事任免,1,1
raw:人事关系,1,1
raw:人事调配,1,1
raw:人员-活动,1,1
raw:人员派遣,1,1
raw:人员评价,1,1
raw:人员转移,1,1
raw:人员转移路径,1,1
raw:人物-事,1,1
raw:人物-区域,1,1
raw:人物-单位,1,1
raw:人物-反馈,1,1
raw:人物-地域关联,1,1
raw:人物-对象,1,1
raw:人物-就读,1,1
raw:人物-建立,1,1
raw:人物-影响,1,1
raw:人物-情感,1,1
raw:人物-时代,1,1
raw:人物-活动,1,1
raw:人物-籍贯,1,1
raw:人物-组织关系,1,1
raw:人物-群体,1,1
raw:人物-记载,1,1
raw:人物-设施,1,1
raw:人物-遗物,1,1
raw:人物与历史时期,1,1
raw:人物与地域,1,1
raw:人物与场所,1,1
raw:人物与场所关联,1,1
raw:人物与媒体,1,1
raw:人物与文物关联,1,1
raw:人物与时间关联,1,1
raw:人物与机构,1,1
raw:人物与机构关联,1,1
raw:人物与职务关联,1,1
raw:人物互动,1,1
raw:人物作用,1,1
raw:人物参与事件,1,1
raw:人物地点关联,1,1
raw:人物所属组织,1,1
raw:人物机构关系,1,1
raw:人物活动场所,1,1
raw:人物行为,1,1
raw:人物行为关联,1,1
raw:人生选择,1,1
raw:人质关系,1,1
raw:人际关联,1,1
raw:仇人,1,1
raw:仇恨/斗争,1,1
raw:介绍与指导,1,1
raw:介绍人-被介绍人,1,1
raw:介绍任教,1,1
raw:介绍信传递,1,1
raw:介绍入职,1,1
raw:介绍加入党组织,1,1
raw:介绍招收,1,1
raw:介绍民先队员,1,1
raw:介绍特派员,1,1
raw:介绍路线,1,1
raw:从事革命于,1,1
raw:从事革命启蒙工作,1,1
raw:从属关系,1,1
raw:从工商户处拿到盒子枪,1,1
raw:付款,1,1
raw:代替与补充,1,1
raw:代理指挥,1,1
raw:代理秘书,1,1
raw:代理职务,1,1
raw:代管治疗,1,1
raw:代耕,1,1
raw:代表单位,1,1
raw:代表组织,1,1
raw:代表身份,1,1
raw:代销,1,1
raw:令转,1,1
raw:仪式场所,1,1
raw:价拨,1,1
raw:任务-目标,1,1
raw:任务下达-执行者,1,1
raw:任务交待,1,1
raw:任务传达,1,1
raw:任务关系,1,1
raw:任务区,1,1
raw:任务区域,1,1
raw:任务安排,1,1
raw:任务对象,1,1
raw:任务执行,1,1
raw:任务执行关系,1,1
raw:任务执行者,1,1
raw:任务指向,1,1
raw:任务目标,1,1
raw:任务目标-协助者,1,1
raw:任务联系,1,1
raw:任务行动,1,1
raw:任务调动,1,1
raw:任命-负责人,1,1
raw:任命/支持,1,1
raw:任命/改造,1,1
raw:任命前敌政委,1,1
raw:任庭长,1,1
raw:任教/隐蔽,1,1
raw:任教/领导,1,1
raw:任教单位,1,1
raw:任教发展组织,1,1
raw:任教宣传,1,1
raw:任教掩护,1,1
raw:任教者,1,1
raw:任班长,1,1
raw:任职-地点,1,1
raw:任职-组织,1,1
raw:任职/建立,1,1
raw:任职分配,1,1
raw:任职办学,1,1
raw:任职宣传,1,1
raw:任职店员,1,1
raw:任职时间,1,1
raw:任职活动,1,1
raw:任职组织,1,1
raw:任职经历,1,1
raw:任职领导,1,1
raw:任队长,1,1
raw:仿制,1,1
raw:企图兼并,1,1
raw:企图叛变,1,1
raw:企图围缴,1,1
raw:企图抓捕,1,1
raw:企图接管,1,1
raw:企图撤退,1,1
raw:企图汇合,1,1
raw:企图突破,1,1
raw:企图调遣,1,1
raw:企图越过,1,1
raw:企图逮捕,1,1
raw:伏击/追击,1,1
raw:伏击作战,1,1
raw:伏击全歼,1,1
raw:伏击受降,1,1
raw:伏击对象,1,1
raw:伏击杀害,1,1
raw:伏击歼灭战,1,1
raw:伏击牺牲,1,1
raw:伏击缴获,1,1
raw:伏击行动,1,1
raw:伏击阵地,1,1
raw:伏击阻击,1,1
raw:休养地点,1,1
raw:休息,1,1
raw:休整地点,1,1
raw:休整宣传,1,1
raw:优势上升,1,1
raw:优化,1,1
raw:优待于,1,1
raw:会合事件,1,1
raw:会合掩护,1,1
raw:会合目标,1,1
raw:会合行动,1,1
raw:会址,1,1
raw:会师/休整,1,1
raw:会师/整编,1,1
raw:会师/统一行动,1,1
raw:会师/联合,1,1
raw:会师/联欢,1,1
raw:会师事件,1,1
raw:会师关联,1,1
raw:会师合作,1,1
raw:会师对象,1,1
raw:会师配合,1,1
raw:会晤地点,1,1
raw:会编,1,1
raw:会见/赞扬,1,1
raw:会议-行为,1,1
raw:会议-部署,1,1
raw:会议/决策,1,1
raw:会议中心,1,1
raw:会议主持者,1,1
raw:会议举办地关联,1,1
raw:会议于,1,1
raw:会议地,1,1
raw:会议形式-事件,1,1
raw:会谈于,1,1
raw:会谈双方,1,1
raw:会面于,1,1
raw:会面地点,1,1
raw:传信,1,1
raw:传信/尊重,1,1
raw:传入,1,1
raw:传唱/动员,1,1
raw:传唱/启蒙,1,1
raw:传唱/宣传,1,1
raw:传唱/记录,1,1
raw:传承地,1,1
raw:传授思想于,1,1
raw:传播-单位,1,1
raw:传播-对象,1,1
raw:传播/信服,1,1
raw:传播/影响,1,1
raw:传播事件,1,1
raw:传播使用,1,1
raw:传播关联,1,1
raw:传播场所,1,1
raw:传播媒介-事件关联,1,1
raw:传播媒介-人物,1,1
raw:传播媒介-地点,1,1
raw:传播文献,1,1
raw:传播真理,1,1
raw:传播者-事件,1,1
raw:传播者-政策来源,1,1
raw:传播者-文件,1,1
raw:传播者-文献,1,1
raw:传播者-材料,1,1
raw:传播者-活动,1,1
raw:传播者与被传播者,1,1
raw:传播至,1,1
raw:传播革命思想,1,1
raw:传说,1,1
raw:传达/指示,1,1
raw:传达/迟缓,1,1
raw:传达/通知,1,1
raw:传达任务,1,1
raw:传达信息,1,1
raw:传达关于发展工作问题,1,1
raw:传达决定,1,1
raw:传达决策,1,1
raw:传达改组决定,1,1
raw:传达者-事件,1,1
raw:传达者-会议,1,1
raw:传达者-决议,1,1
raw:传达落实,1,1
raw:传达计划,1,1
raw:传递书籍,1,1
raw:传递内容,1,1
raw:传递媒介,1,1
raw:传递物品,1,1
raw:传递者-文件,1,1
raw:传递者-物品,1,1
raw:传遍,1,1
raw:伤亡事件,1,1
raw:伤员转运路线,1,1
raw:伪装,1,1
raw:伪装宣传,1,1
raw:伪装成,1,1
raw:伪装投降,1,1
raw:伪装脱险,1,1
raw:估计不足,1,1
raw:伴侣/战友,1,1
raw:佃农与地主,1,1
raw:位置,1,1
raw:住址,1,1
raw:住宿/写标语,1,1
raw:住宿/工作,1,1
raw:住宿/掩护,1,1
raw:住宿地,1,1
raw:住宿地点,1,1
raw:住过,1,1
raw:住进,1,1
raw:体现关系,1,1
raw:体现者,1,1
raw:体现觉悟,1,1
raw:体现载体,1,1
raw:作为基地开展,1,1
raw:作为对象,1,1
raw:作内线,1,1
raw:作出决定,1,1
raw:作出贡献,1,1
raw:作品,1,1
raw:作品展示,1,1
raw:作品类型,1,1
raw:作战-区域,1,1
raw:作战-追剿区域,1,1
raw:作战主体,1,1
raw:作战依托,1,1
raw:作战区域-指挥官,1,1
raw:作战区域关系,1,1
raw:作战区域关联,1,1
raw:作战单位-战场,1,1
raw:作战单位-根据地,1,1
raw:作战对抗,1,1
raw:作战手段,1,1
raw:作战支援,1,1
raw:作战方-对手,1,1
raw:作战方向,1,1
raw:作战方式,1,1
raw:作战水域,1,1
raw:作战转移,1,1
raw:作报告传达,1,1
raw:作案地点,1,1
raw:作案者,1,1
raw:作用分割,1,1
raw:作结论,1,1
raw:作者/分析者,1,1
raw:作者关联,1,1
raw:作词,1,1
raw:作重要发言,1,1
raw:作颂,1,1
raw:佯攻牵制,1,1
raw:使用-材料,1,1
raw:使用/遗留,1,1
raw:使用保管,1,1
raw:使用关系,1,1
raw:使用地,1,1
raw:使用场景,1,1
raw:使用对象,1,1
raw:使用期,1,1
raw:使用物资,1,1
raw:使用者-工具,1,1
raw:使用者-武器,1,1
raw:使用范围,1,1
raw:使用证据,1,1
raw:使用货币,1,1
raw:侄儿,1,1
raw:例证,1,1
raw:供奉纪念,1,1
raw:供应-需求,1,1
raw:供应关系,1,1
raw:供应来源,1,1
raw:供应者-使用者,1,1
raw:供情报,1,1
raw:供稿人,1,1
raw:供稿地,1,1
raw:供稿者,1,1
raw:供粮关系,1,1
raw:供给关系,1,1
raw:供职,1,1
raw:供词关联,1,1
raw:供餐场所,1,1
raw:依托体系,1,1
raw:依托地-武装力量,1,1
raw:依托地理,1,1
raw:依托对象,1,1
raw:依托水系,1,1
raw:依托设施,1,1
raw:依托资源,1,1
raw:依托载体,1,1
raw:依托阵地,1,1
raw:依据材料,1,1
raw:依赖于,1,1
raw:依附关系,1,1
raw:侦听,1,1
raw:侦察-目标,1,1
raw:侦察/接近,1,1
raw:侦察准备,1,1
raw:侦察地点,1,1
raw:侦察指挥,1,1
raw:侦察敌情,1,1
raw:侦察活动,1,1
raw:侦察联络,1,1
raw:侦悉,1,1
raw:侦报敌情,1,1
raw:侦捕,1,1
raw:侦查逮捕,1,1
raw:侦测,1,1
raw:侦破对象,1,1
raw:侵入,1,1
raw:侵害关系,1,1
raw:侵扰,1,1
raw:侵略,1,1
raw:侵略事件,1,1
raw:促成因素,1,1
raw:促成改名,1,1
raw:促成者,1,1
raw:促进建立,1,1
raw:俘毙,1,1
raw:俘虏/交涉,1,1
raw:保卫对象-地理区域,1,1
raw:保卫行动,1,1
raw:保存/保护,1,1
raw:保存/运营,1,1
raw:保存单位,1,1
raw:保存地点,1,1
raw:保存实力,1,1
raw:保存者与被保存物,1,1
raw:保存转移,1,1
raw:保护-对象,1,1
raw:保护/修缮,1,1
raw:保护/协助,1,1
raw:保护/宣传,1,1
raw:保护/平反,1,1
raw:保护/打击,1,1
raw:保护/接管,1,1
raw:保护/支前,1,1
raw:保护/斥退,1,1
raw:保护/转移,1,1
raw:保护/送别,1,1
raw:保护/领导,1,1
raw:保护对象-责任人,1,1
raw:保护对象与保护者,1,1
raw:保护政工队员,1,1
raw:保护机构,1,1
raw:保护目标,1,1
raw:保护维持,1,1
raw:保护者-组织,1,1
raw:保管与转移,1,1
raw:保管文件,1,1
raw:保管者-物品,1,1
raw:保粮据点,1,1
raw:保荐,1,1
raw:保送学习,1,1
raw:保释者,1,1
raw:保障关系,1,1
raw:保障安全,1,1
raw:信仰冲突,1,1
raw:信件转送,1,1
raw:信任/回家,1,1
raw:信任/接纳,1,1
raw:信息传播场所,1,1
raw:信息传播网络,1,1
raw:信息传播载体,1,1
raw:信息传递关联,1,1
raw:信息支持,1,1
raw:信息源,1,1
raw:信息联动,1,1
raw:信息联络,1,1
raw:信息获取,1,1
raw:信息输入,1,1
raw:修好,1,1
raw:修建/命名,1,1
raw:修建纪念碑,1,1
raw:修建者与建筑,1,1
raw:修正,1,1
raw:修正为,1,1
raw:修筑于,1,1
raw:修缮/保护,1,1
raw:修订,1,1
raw:修铺,1,1
raw:倒酒,1,1
raw:候选资格,1,1
raw:借,1,1
raw:借宿宣传,1,1
raw:借宿就餐,1,1
raw:借宿饮酒,1,1
raw:借得,1,1
raw:借枪,1,1
raw:借枪联络,1,1
raw:借枪请求,1,1
raw:借用,1,1
raw:借用/补偿,1,1
raw:借用归还,1,1
raw:借给,1,1
raw:借阅书籍,1,1
raw:倡议,1,1
raw:倡议筹备,1,1
raw:倾听,1,1
raw:倾诉,1,1
raw:假夫妻关系,1,1
raw:做内应,1,1
raw:做工,1,1
raw:做说客,1,1
raw:做鞋,1,1
raw:停办,1,1
raw:停留,1,1
raw:偶遇,1,1
raw:偷摸,1,1
raw:储存,1,1
raw:储粮地点,1,1
raw:充实改选,1,1
raw:充实调整,1,1
raw:充实领导,1,1
raw:先后,1,1
raw:先后两次进入,1,1
raw:先后步骤,1,1
raw:先后顺序,1,1
raw:先遣,1,1
raw:克复,1,1
raw:免去兼职,1,1
raw:免职,1,1
raw:党员,1,1
raw:党员关系,1,1
raw:党员学生,1,1
raw:党组织交接,1,1
raw:党组织关系,1,1
raw:党组织关系所在地,1,1
raw:党组织活动区域,1,1
raw:党组织联系,1,1
raw:入侵行动,1,1
raw:入党于,1,1
raw:入党介绍关系,1,1
raw:入党宣誓于,1,1
raw:入党对象,1,1
raw:入党批准机构,1,1
raw:入党时间,1,1
raw:入党请求,1,1
raw:入城,1,1
raw:入股,1,1
raw:入赣,1,1
raw:入闽,1,1
raw:入黔作战,1,1
raw:全俘,1,1
raw:全力支前,1,1
raw:全歼敌于,1,1
raw:公审枪决,1,1
raw:公开,1,1
raw:公开审判处决,1,1
raw:公捕判刑,1,1
raw:公推,1,1
raw:公祭,1,1
raw:共同下令,1,1
raw:共同建立党小组,1,1
raw:共同牺牲,1,1
raw:共同行动,1,1
raw:共同赴延安学习,1,1
raw:共同转移,1,1
raw:共同迎接,1,1
raw:共同领导者,1,1
raw:共商,1,1
raw:共存亡,1,1
raw:共犯关系,1,1
raw:共生,1,1
raw:关心补助,1,1
raw:关怀/照顾,1,1
raw:关怀/纪念,1,1
raw:关怀/鼓励,1,1
raw:关怀保护,1,1
raw:关怀安置,1,1
raw:关怀指导于,1,1
raw:关怀支持,1,1
raw:关押/宣传,1,1
raw:关押/牺牲,1,1
raw:关押与斗争,1,1
raw:关押关系,1,1
raw:关押关联,1,1
raw:关押同犯,1,1
raw:关押地-人物,1,1
raw:关注事件,1,1
raw:关爱,1,1
raw:关系传递,1,1
raw:关系保存者,1,1
raw:关系密切,1,1
raw:关系网络,1,1
raw:关系转移,1,1
raw:关联-同属,1,1
raw:关联-地区,1,1
raw:关联-地域,1,1
raw:关联-思想来源,1,1
raw:关联-战斗,1,1
raw:关联-据点,1,1
raw:关联-支持,1,1
raw:关联-根据地,1,1
raw:关联-精神,1,1
raw:关联-精神传承,1,1
raw:关联-群体,1,1
raw:关联-营救,1,1
raw:关联-设施,1,1
raw:关联-阵地,1,1
raw:关联主体,1,1
raw:关联主体与事件,1,1
raw:关联乡长与革命活动区域,1,1
raw:关联事,1,1
raw:关联事件-主体,1,1
raw:关联事件-产业支撑,1,1
raw:关联事件-军事行动,1,1
raw:关联事件-动员对象,1,1
raw:关联事件-区域,1,1
raw:关联事件-参与者,1,1
raw:关联事件-执行单位,1,1
raw:关联事件-指导者,1,1
raw:关联事件-政权建设,1,1
raw:关联事件-文献,1,1
raw:关联事件-机构,1,1
raw:关联事件-武装力量,1,1
raw:关联事件-汇合点,1,1
raw:关联事件-纪念场所,1,1
raw:关联事件-组织者,1,1
raw:关联事件-营救对象,1,1
raw:关联事件-落脚点,1,1
raw:关联事件-重建区域,1,1
raw:关联事件-隐蔽据点,1,1
raw:关联事件-领导人,1,1
raw:关联事件-领导机构,1,1
raw:关联事件与交涉对象,1,1
raw:关联事件与创作,1,1
raw:关联事件与参与力量,1,1
raw:关联事件与参与者,1,1
raw:关联事件与发生区域,1,1
raw:关联事件与名录,1,1
raw:关联事件与处决地点,1,1
raw:关联事件与对象,1,1
raw:关联事件与支援地域,1,1
raw:关联事件与文物,1,1
raw:关联事件与研究机构,1,1
raw:关联事件与纪念地,1,1
raw:关联事件与纪念场所,1,1
raw:关联事件与载体,1,1
raw:关联事件与驻地,1,1
raw:关联事件场所,1,1
raw:关联事件迁移,1,1
raw:关联于,1,1
raw:关联人-地点,1,1
raw:关联人物-人物,1,1
raw:关联人物-地区,1,1
raw:关联人物-地点,1,1
raw:关联人物-武装力量,1,1
raw:关联人物与案件,1,1
raw:关联人物与组织,1,1
raw:关联人物与部队,1,1
raw:关联人物与革命根据地,1,1
raw:关联人物与领导,1,1
raw:关联人物地点,1,1
raw:关联人物组织,1,1
raw:关联势力,1,1
raw:关联区域-人物,1,1
raw:关联区域-组织,1,1
raw:关联单位-事件,1,1
raw:关联历史背景,1,1
raw:关联团体,1,1
raw:关联地-事,1,1
raw:关联地-地,1,1
raw:关联地-物,1,1
raw:关联地-魂,1,1
raw:关联地区-学校,1,1
raw:关联地名,1,1
raw:关联地点-地点,1,1
raw:关联地点-时间,1,1
raw:关联地点-部队,1,1
raw:关联地点与组织,1,1
raw:关联地物,1,1
raw:关联地理环境,1,1
raw:关联地理范围,1,1
raw:关联场景,1,1
raw:关联实践,1,1
raw:关联对象,1,1
raw:关联属性,1,1
raw:关联建筑,1,1
raw:关联思想,1,1
raw:关联战场,1,1
raw:关联战役遗址,1,1
raw:关联战斗,1,1
raw:关联执行机构,1,1
raw:关联技术,1,1
raw:关联据点,1,1
raw:关联政策与区域,1,1
raw:关联时期,1,1
raw:关联机构与地点,1,1
raw:关联概念,1,1
raw:关联水域-部队,1,1
raw:关联物品,1,1
raw:关联组织-机构,1,1
raw:关联组织与事件,1,1
raw:关联经济-军事,1,1
raw:关联群体,1,1
raw:关联者,1,1
raw:关联能力,1,1
raw:关联计划,1,1
raw:关联记录,1,1
raw:关联路径,1,1
raw:关联路线,1,1
raw:关联镇压对象,1,1
raw:关联项目,1,1
raw:关键一役,1,1
raw:关键地形,1,1
raw:关键地点,1,1
raw:关键物资支撑,1,1
raw:关键目标,1,1
raw:关键行动,1,1
raw:兴建者,1,1
raw:兵分,1,1
raw:兵力统计,1,1
raw:兵运对象,1,1
raw:兵运工作,1,1
raw:兵运渗透,1,1
raw:具体事件,1,1
raw:具体参与者,1,1
raw:具体实践,1,1
raw:具体战役,1,1
raw:具体负责,1,1
raw:具保,1,1
raw:具有,1,1
raw:养伤于,1,1
raw:养伤地点,1,1
raw:养父子,1,1
raw:兼任关系,1,1
raw:兼任司令员,1,1
raw:兼任宣传委员,1,1
raw:兼任宣传部长,1,1
raw:兼任所长,1,1
raw:兼职教师,1,1
raw:内奸关系,1,1
raw:内容指导,1,1
raw:内容构成,1,1
raw:内容规定,1,1
raw:内容贡献关系,1,1
raw:内容贡献者,1,1
raw:内应配合,1,1
raw:内线联系,1,1
raw:内部人员,1,1
raw:内部斗争,1,1
raw:内部派系,1,1
raw:再调查核实,1,1
raw:冒险找,1,1
raw:写信于,1,1
raw:写信汇报,1,1
raw:写信规劝,1,1
raw:写进,1,1
raw:军事-地点,1,1
raw:军事-对抗,1,1
raw:军事-战役,1,1
raw:军事-支援,1,1
raw:军事-机构,1,1
raw:军事-金融,1,1
raw:军事与政治结合,1,1
raw:军事交锋,1,1
raw:军事伏击,1,1
raw:军事会剿于,1,1
raw:军事会师,1,1
raw:军事依托,1,1
raw:军事保障,1,1
raw:军事出击,1,1
raw:军事击溃,1,1
raw:军事分歧,1,1
raw:军事包围圈,1,1
raw:军事合作,1,1
raw:军事围攻,1,1
raw:军事基地,1,1
raw:军事堵截,1,1
raw:军事威慑,1,1
raw:军事威胁对象,1,1
raw:军事对峙,1,1
raw:军事封锁线,1,1
raw:军事平息,1,1
raw:军事强攻,1,1
raw:军事态势,1,1
raw:军事成果,1,1
raw:军事打击/肃清,1,1
raw:军事打击于,1,1
raw:军事打击对象,1,1
raw:军事打击目标,1,1
raw:军事抓捕,1,1
raw:军事接管,1,1
raw:军事改编,1,1
raw:军事攻坚,1,1
raw:军事政治成果,1,1
raw:军事政治攻势,1,1
raw:军事整编,1,1
raw:军事斗争,1,1
raw:军事歼灭,1,1
raw:军事活动-区域,1,1
raw:军事渗透,1,1
raw:军事溃逃,1,1
raw:军事物资,1,1
raw:军事理论争议,1,1
raw:军事突围,1,1
raw:军事策应,1,1
raw:军事策略,1,1
raw:军事联系,1,1
raw:军事背景,1,1
raw:军事行动-保卫对象,1,1
raw:军事行动-区域,1,1
raw:军事行动-参与部队,1,1
raw:军事行动-对象,1,1
raw:军事行动-战斗,1,1
raw:军事行动-战略目标,1,1
raw:军事行动-控制区域,1,1
raw:军事行动-根据地,1,1
raw:军事行动-目的地,1,1
raw:军事行动-突破防线,1,1
raw:军事行动-结果,1,1
raw:军事行动-路线,1,1
raw:军事行动-防御工事,1,1
raw:军事行动区域关联,1,1
raw:军事行动影响地,1,1
raw:军事行动背景,1,1
raw:军事行动路径,1,1
raw:军事训练,1,1
raw:军事调停,1,1
raw:军事调动,1,1
raw:军事负责人,1,1
raw:军事路线,1,1
raw:军事转战,1,1
raw:军事转移,1,1
raw:军事转移路线,1,1
raw:军事进军,1,1
raw:军事进驻,1,1
raw:军事追击,1,1
raw:军事部署关联,1,1
raw:军事防堵,1,1
raw:军事防守,1,1
raw:军事防御区域,1,1
raw:军事驻扎,1,1
raw:军政结合,1,1
raw:军民情深,1,1
raw:军民配合,1,1
raw:军民鱼水情,1,1
raw:军阀部署,1,1
raw:冤案平反,1,1
raw:冲散,1,1
raw:冲杀,1,1
raw:冲破/抵达,1,1
raw:冲突/交涉,1,1
raw:冲突/镇压,1,1
raw:冲突与和解,1,1
raw:冲过,1,1
raw:决定/组建,1,1
raw:决定/转移,1,1
raw:决定举行,1,1
raw:决定于,1,1
raw:决定使用,1,1
raw:决定准备,1,1
raw:决定发动,1,1
raw:决定发展,1,1
raw:决定召开,1,1
raw:决定展开根据地,1,1
raw:决定建立根据地于,1,1
raw:决定开火,1,1
raw:决定扩编,1,1
raw:决定放弃,1,1
raw:决定根据地,1,1
raw:决定歼灭敌军于,1,1
raw:决定派人参加,1,1
raw:决定清剿,1,1
raw:决定由赣东南苏区和闽西苏区组成于,1,1
raw:决定疏散,1,1
raw:决定组建,1,1
raw:决定调任,1,1
raw:决定转移,1,1
raw:决定除掉,1,1
raw:决定首战,1,1
raw:决定首战打,1,1
raw:决定首战攻击,1,1
raw:决心,1,1
raw:决心攻下,1,1
raw:决策-人物,1,1
raw:决策-实施区域,1,1
raw:决策-实践,1,1
raw:决策-方案,1,1
raw:决策/处置,1,1
raw:决策/指挥,1,1
raw:决策与创建,1,1
raw:决策与行动,1,1
raw:决策中心,1,1
raw:决策于,1,1
raw:决策关系,1,1
raw:决策内容,1,1
raw:决策制定,1,1
raw:决策处理,1,1
raw:决策实施区域,1,1
raw:决策指挥,1,1
raw:决策撤出,1,1
raw:决策机构-会议,1,1
raw:决策机构-对象,1,1
raw:决策活动,1,1
raw:决策结果,1,1
raw:决策者-政策,1,1
raw:决议-事件,1,1
raw:决议备案,1,1
raw:决议建立根据地,1,1
raw:决议执行地,1,1
raw:决议批判,1,1
raw:决议起草,1,1
raw:准予通缉,1,1
raw:准印,1,1
raw:准备会合,1,1
raw:准备关系,1,1
raw:准备去,1,1
raw:准备发动,1,1
raw:准备开展,1,1
raw:准备强渡,1,1
raw:准备攻城,1,1
raw:准备渡江,1,1
raw:准备过,1,1
raw:减租减息,1,1
raw:减租退押斗争,1,1
raw:减负,1,1
raw:减轻负担,1,1
raw:凝聚,1,1
raw:凭吊于,1,1
raw:凭证关系,1,1
raw:出任,1,1
raw:出兵,1,1
raw:出击击退,1,1
raw:出发点,1,1
raw:出土地点,1,1
raw:出席指导,1,1
raw:出席讲话,1,1
raw:出支,1,1
raw:出版关联,1,1
raw:出版内容,1,1
raw:出版发行,1,1
raw:出版地点,1,1
raw:出版平台,1,1
raw:出版方,1,1
raw:出生/工作,1,1
raw:出生/遇害地,1,1
raw:出生地关联,1,1
raw:出资保释,1,1
raw:出资出力,1,1
raw:出身,1,1
raw:出身地,1,1
raw:出面,1,1
raw:出面谈判,1,1
raw:击伤生擒,1,1
raw:击倒,1,1
raw:击毁,1,1
raw:击毙/俘获,1,1
raw:击毙对象,1,1
raw:击溃匪团,1,1
raw:击溃对象,1,1
raw:击落,1,1
raw:函索,1,1
raw:凿通,1,1
raw:刁难,1,1
raw:分两路,1,1
raw:分住,1,1
raw:分兵/行动,1,1
raw:分兵于,1,1
raw:分化控制关系,1,1
raw:分化收买,1,1
raw:分化瓦解敌人,1,1
raw:分化谈判,1,1
raw:分发对象,1,1
raw:分发渠道,1,1
raw:分发者,1,1
raw:分头行动,1,1
raw:分工与延续,1,1
raw:分工负责,1,1
raw:分批撤到,1,1
raw:分持,1,1
raw:分散游击,1,1
raw:分析于,1,1
raw:分析比对,1,1
raw:分析特点,1,1
raw:分析部署,1,1
raw:分派,1,1
raw:分派/训练,1,1
raw:分浮财,1,1
raw:分田,1,1
raw:分界线,1,1
raw:分稻谷,1,1
raw:分类处置,1,1
raw:分粮/写标语,1,1
raw:分粮/宣传,1,1
raw:分粮/道谢,1,1
raw:分粮食,1,1
raw:分肉,1,1
raw:分股隐蔽于,1,1
raw:分裂,1,1
raw:分裂行为,1,1
raw:分赃,1,1
raw:分路指向,1,1
raw:分路进入,1,1
raw:分路进逼,1,1
raw:分路连占,1,1
raw:分送,1,1
raw:分部所在地,1,1
raw:分配/审判,1,1
raw:分配任务,1,1
raw:分配到,1,1
raw:分配地点,1,1
raw:分配控制,1,1
raw:分配物资,1,1
raw:分配田地,1,1
raw:分配给,1,1
raw:分配至,1,1
raw:分配骨干,1,1
raw:分驻于,1,1
raw:切断线路,1,1
raw:刊登/社论,1,1
raw:刊登内容,1,1
raw:划入,1,1
raw:划出,1,1
raw:划分决策者,1,1
raw:划定,1,1
raw:划归调整,1,1
raw:划船,1,1
raw:划船渡江,1,1
raw:列,1,1
raw:列为文保,1,1
raw:列举,1,1
raw:列席会议,1,1
raw:创作/主办,1,1
raw:创作/参与,1,1
raw:创作/散发,1,1
raw:创作/演出,1,1
raw:创作与导演,1,1
raw:创作与抗争,1,1
raw:创作人员,1,1
raw:创作传播者,1,1
raw:创作原型,1,1
raw:创作发行,1,1
raw:创作指导,1,1
raw:创作物,1,1
raw:创作相关,1,1
raw:创作者-文献,1,1
raw:创作载体,1,1
raw:创办/任教,1,1
raw:创办/指导,1,1
raw:创办/管理,1,1
raw:创办/编排,1,1
raw:创办/领导,1,1
raw:创办与领导,1,1
raw:创办主体,1,1
raw:创办事件,1,1
raw:创办关联,1,1
raw:创办办学,1,1
raw:创办单位,1,1
raw:创办地点,1,1
raw:创办并担任,1,1
raw:创办指导,1,1
raw:创办据点,1,1
raw:创办管理,1,1
raw:创办者-事件,1,1
raw:创办者-企业,1,1
raw:创办者-教育机构,1,1
raw:创办者-物,1,1
raw:创办者与被创办物,1,1
raw:创办领导,1,1
raw:创始人,1,1
raw:创建/策应,1,1
raw:创建/编辑,1,1
raw:创建/领导,1,1
raw:创建与保卫,1,1
raw:创建事件,1,1
raw:创建人,1,1
raw:创建保卫,1,1
raw:创建区域,1,1
raw:创建单位,1,1
raw:创建地,1,1
raw:创建地点,1,1
raw:创建者-作品,1,1
raw:创建者-对象,1,1
raw:创建者-成果,1,1
raw:创建者-据点,1,1
raw:创建者-教育基地,1,1
raw:创建者-活动区域,1,1
raw:创建者与根据地,1,1
raw:创新,1,1
raw:删去,1,1
raw:判决,1,1
raw:判定关系,1,1
raw:利用/实施,1,1
raw:利用优势办报,1,1
raw:利用地形,1,1
raw:利用契机,1,1
raw:利用对象,1,1
raw:利用开展活动,1,1
raw:利用心理,1,1
raw:利用政策,1,1
raw:利用时机撤退,1,1
raw:利用矛盾,1,1
raw:利用设施,1,1
raw:利益关联,1,1
raw:利诱,1,1
raw:到达休整,1,1
raw:制作/书写,1,1
raw:制作并散发,1,1
raw:制作方-物品,1,1
raw:制定/发布,1,1
raw:制定/执行,1,1
raw:制定/推行,1,1
raw:制定主体-政策,1,1
raw:制定于,1,1
raw:制定单位,1,1
raw:制定原则,1,1
raw:制定发布,1,1
raw:制定实施,1,1
raw:制定对象,1,1
raw:制定方,1,1
raw:制定方-事件,1,1
raw:制定策略,1,1
raw:制定者-法规,1,1
raw:制定者-计划,1,1
raw:制度,1,1
raw:制度体现,1,1
raw:制度保障,1,1
raw:制度实践-中心,1,1
raw:制度确立者,1,1
raw:制度约束,1,1
raw:制服对象,1,1
raw:制服押解,1,1
raw:制止/扭倒,1,1
raw:制约,1,1
raw:制订,1,1
raw:制造恐怖,1,1
raw:刷写,1,1
raw:刺倒,1,1
raw:刺探,1,1
raw:刺探破坏,1,1
raw:刺死,1,1
raw:刻制,1,1
raw:刻印,1,1
raw:刻印与宣传,1,1
raw:刻印与散发,1,1
raw:刻印制作,1,1
raw:刻印据点负责人,1,1
raw:刻印者,1,1
raw:刻痕,1,1
raw:前任,1,1
raw:前后事件,1,1
raw:前因后果,1,1
raw:前序事件,1,1
raw:前往地点,1,1
raw:前往学习,1,1
raw:前往找党,1,1
raw:前往接管,1,1
raw:前往联络,1,1
raw:前身-组织,1,1
raw:前身关系,1,1
raw:前身基础,1,1
raw:前进方向,1,1
raw:前雇主关系,1,1
raw:剥削于,1,1
raw:剥削对象,1,1
raw:剥削网络,1,1
raw:剥削行为,1,1
raw:剥削迫害,1,1
raw:剪断,1,1
raw:副主任,1,1
raw:割头示众,1,1
raw:割据,1,1
raw:剿匪作战,1,1
raw:剿匪打击,1,1
raw:剿匪行动路线,1,1
raw:劈死,1,1
raw:力主,1,1
raw:劝告,1,1
raw:劝告-反叛,1,1
raw:劝告与警告,1,1
raw:劝告关系,1,1
raw:劝导对象,1,1
raw:劝导者,1,1
raw:劝慰,1,1
raw:劝服,1,1
raw:劝留,1,1
raw:劝诫,1,1
raw:劝诱/调离,1,1
raw:劝说者,1,1
raw:劝说起义,1,1
raw:劝说遣散宪兵,1,1
raw:劝谏对象,1,1
raw:劝返,1,1
raw:劝避,1,1
raw:劝阻关系,1,1
raw:劝阻行为,1,1
raw:劝降联络,1,1
raw:劝降行为,1,1
raw:办公于,1,1
raw:办学,1,1
raw:办学地点,1,1
raw:办学支持,1,1
raw:办校,1,1
raw:办运,1,1
raw:功能关联,1,1
raw:功能转变,1,1
raw:功能隶属,1,1
raw:加入中国共产党于,1,1
raw:加入关系,1,1
raw:加工,1,1
raw:加强保护,1,1
raw:加强者,1,1
raw:加紧,1,1
raw:加速,1,1
raw:劣势于,1,1
raw:动作,1,1
raw:动力,1,1
raw:动员/执行,1,1
raw:动员参军,1,1
raw:动员参军于,1,1
raw:动员堵截敌军去路,1,1
raw:动员归队,1,1
raw:动员搜查,1,1
raw:动摇,1,1
raw:努力,1,1
raw:劫夺,1,1
raw:劫夺目标,1,1
raw:劫扣,1,1
raw:劫狱,1,1
raw:劳动串连,1,1
raw:劳动宣传,1,1
raw:势力-势力,1,1
raw:势力伸展,1,1
raw:势力关联,1,1
raw:势力博弈,1,1
raw:勒令交银元,1,1
raw:勘察,1,1
raw:勘测施工,1,1
raw:募捐,1,1
raw:募捐支援,1,1
raw:募集,1,1
raw:勾引,1,1
raw:勾结/叛乱,1,1
raw:勾结关系,1,1
raw:勾结策划,1,1
raw:包办,1,1
raw:包办工作,1,1
raw:包围全歼,1,1
raw:包围地点,1,1
raw:包围清剿,1,1
raw:包围破坏,1,1
raw:包围突袭,1,1
raw:包围缴械,1,1
raw:包围缴获,1,1
raw:包干清剿,1,1
raw:包庇,1,1
raw:包庇关系,1,1
raw:包抄,1,1
raw:包抄作战,1,1
raw:化名使用,1,1
raw:化名掩护,1,1
raw:北上至,1,1
raw:北渡,1,1
raw:北渡进驻,1,1
raw:北移,1,1
raw:北进,1,1
raw:匪患关联,1,1
raw:区分,1,1
raw:区域-敌占区,1,1
raw:区域-机构,1,1
raw:区域-活动,1,1
raw:区域-组织,1,1
raw:区域与事件,1,1
raw:区域与组织关系,1,1
raw:区域关系,1,1
raw:区域扩展,1,1
raw:医务组长,1,1
raw:医治/嘱托,1,1
raw:医疗支持,1,1
raw:医疗救助,1,1
raw:医疗救治点,1,1
raw:医疗转运,1,1
raw:匿迹,1,1
raw:升格,1,1
raw:升起,1,1
raw:协作-事件,1,1
raw:协作/发展党员,1,1
raw:协作方,1,1
raw:协剿对象,1,1
raw:协助/同情,1,1
raw:协助/派遣,1,1
raw:协助举办,1,1
raw:协助人员,1,1
raw:协助作保,1,1
raw:协助保管,1,1
raw:协助入党,1,1
raw:协助创办,1,1
raw:协助制订,1,1
raw:协助剿匪,1,1
raw:协助单位,1,1
raw:协助发动兵暴,1,1
raw:协助处理,1,1
raw:协助安葬,1,1
raw:协助工作,1,1
raw:协助平息追查,1,1
raw:协助应对,1,1
raw:协助建立根据地,1,1
raw:协助开展,1,1
raw:协助恢复,1,1
raw:协助成立,1,1
raw:协助打击,1,1
raw:协助拟定,1,1
raw:协助指挥,1,1
raw:协助搜捕,1,1
raw:协助改装,1,1
raw:协助活捉,1,1
raw:协助渡河,1,1
raw:协助潜入,1,1
raw:协助澄清,1,1
raw:协助组织,1,1
raw:协助编辑,1,1
raw:协助者-组织,1,1
raw:协助者与指导者,1,1
raw:协助者与被协助者,1,1
raw:协助联系,1,1
raw:协助获释,1,1
raw:协助营救,1,1
raw:协助装配者,1,1
raw:协助通过关卡,1,1
raw:协助释放,1,1
raw:协同/作战,1,1
raw:协同力量,1,1
raw:协同单位,1,1
raw:协同建设,1,1
raw:协同攻占,1,1
raw:协同部署,1,1
raw:协缉,1,1
raw:协缉关系,1,1
raw:协调-防御点,1,1
raw:协调者,1,1
raw:协调解决,1,1
raw:协防,1,1
raw:单车赴任,1,1
raw:南下受挫于,1,1
raw:南下宣传,1,1
raw:南下至,1,1
raw:南下途经,1,1
raw:南北会师,1,1
raw:南进/截击,1,1
raw:占领-地点,1,1
raw:占领/巩固,1,1
raw:占领利用,1,1
raw:占领行动,1,1
raw:印信工具,1,1
raw:印制,1,1
raw:印制于,1,1
raw:印制地点,1,1
raw:印制对象,1,1
raw:印刷地,1,1
raw:印发宣传,1,1
raw:卷入,1,1
raw:历史与现实,1,1
raw:历史事件-人物,1,1
raw:历史人物关联,1,1
raw:历史作用,1,1
raw:历史因果,1,1
raw:历史地点,1,1
raw:历史场景,1,1
raw:历史定位,1,1
raw:历史定性,1,1
raw:历史实践,1,1
raw:历史对比,1,1
raw:历史影响,1,1
raw:历史总结,1,1
raw:历史意义,1,1
raw:历史成果,1,1
raw:历史沿革,1,1
raw:历史活动,1,1
raw:历史经历,1,1
raw:历史考据,1,1
raw:历史背景-人物,1,1
raw:历史见证者,1,1
raw:历史规律,1,1
raw:历史记载,1,1
raw:历史记载差异,1,1
raw:历史贡献,1,1
raw:历史起点,1,1
raw:历史足迹,1,1
raw:历史转折,1,1
raw:压下来,1,1
raw:压制关系,1,1
raw:压制破坏,1,1
raw:压制者,1,1
raw:压迫-地点,1,1
raw:压迫/剥削,1,1
raw:原关押地,1,1
raw:原则纠正,1,1
raw:原名,1,1
raw:原型人物,1,1
raw:原型关联,1,1
raw:原属,1,1
raw:原属组织,1,1
raw:原负责人,1,1
raw:原身份,1,1
raw:县委所在地,1,1
raw:参与-人物,1,1
raw:参与-军事行动,1,1
raw:参与-区域,1,1
raw:参与-回应,1,1
raw:参与-安排,1,1
raw:参与-建立,1,1
raw:参与-战斗,1,1
raw:参与-打击对象,1,1
raw:参与-案件,1,1
raw:参与-活动,1,1
raw:参与-组织,1,1
raw:参与-被参与,1,1
raw:参与-被通缉,1,1
raw:参与/会师,1,1
raw:参与/协助,1,1
raw:参与/回忆,1,1
raw:参与/失败,1,1
raw:参与/学习,1,1
raw:参与/影响,1,1
raw:参与/抓捕,1,1
raw:参与/掩护,1,1
raw:参与/擒获,1,1
raw:参与/演讲,1,1
raw:参与/筹备,1,1
raw:参与/组建,1,1
raw:参与/联系,1,1
raw:参与/被拘,1,1
raw:参与/践行,1,1
raw:参与人,1,1
raw:参与人员关联,1,1
raw:参与仪式,1,1
raw:参与作品,1,1
raw:参与作战,1,1
raw:参与修复,1,1
raw:参与创建与保卫,1,1
raw:参与创立,1,1
raw:参与制定方针,1,1
raw:参与协助,1,1
raw:参与协商,1,1
raw:参与单位-事件,1,1
raw:参与历史记载,1,1
raw:参与反对,1,1
raw:参与发动,1,1
raw:参与回忆,1,1
raw:参与声讨,1,1
raw:参与学习,1,1
raw:参与对抗,1,1
raw:参与平定叛乱,1,1
raw:参与并牺牲于,1,1
raw:参与应对,1,1
raw:参与建立与拥护,1,1
raw:参与惩治,1,1
raw:参与报道,1,1
raw:参与捕获,1,1
raw:参与掩护,1,1
raw:参与撰文,1,1
raw:参与救治,1,1
raw:参与方-战役,1,1
raw:参与清剿,1,1
raw:参与策动起义,1,1
raw:参与管理,1,1
raw:参与组织活动,1,1
raw:参与绘制,1,1
raw:参与统战工作,1,1
raw:参与统治,1,1
raw:参与编制,1,1
raw:参与罢工,1,1
raw:参与者-区域,1,1
raw:参与者-文献,1,1
raw:参与者-活动,1,1
raw:参与者/受政策影响者,1,1
raw:参与者与组织,1,1
raw:参与行为,1,1
raw:参与讨论,1,1
raw:参与训练,1,1
raw:参与设计,1,1
raw:参与调查,1,1
raw:参与调解,1,1
raw:参与谈判于,1,1
raw:参与起义,1,1
raw:参与追悼活动,1,1
raw:参与重建,1,1
raw:参与镇压,1,1
raw:参与阶段,1,1
raw:参与驱逐,1,1
raw:参会受奖,1,1
raw:参军关系,1,1
raw:参军参干,1,1
raw:参军组建,1,1
raw:参军编入,1,1
raw:参加/组建,1,1
raw:参加与指导,1,1
raw:参加典礼,1,1
raw:参加学习,1,1
raw:参加工作,1,1
raw:参加并入党,1,1
raw:参加革命,1,1
raw:参战力量,1,1
raw:参战地,1,1
raw:参战立功,1,1
raw:参战部队,1,1
raw:参演,1,1
raw:参观巡视,1,1
raw:参观教育,1,1
raw:参谋长,1,1
raw:参赛,1,1
raw:反共基地,1,1
raw:反共宣传,1,1
raw:反共活动,1,1
raw:反击行动,1,1
raw:反制,1,1
raw:反动分子-镇压地点,1,1
raw:反动势力-事件,1,1
raw:反动势力与革命力量,1,1
raw:反动势力斗争,1,1
raw:反动措施,1,1
raw:反动教材,1,1
raw:反动活动地点,1,1
raw:反动罪状指控,1,1
raw:反包围,1,1
raw:反包围歼灭,1,1
raw:反围剿作战,1,1
raw:反围剿斗争,1,1
raw:反对/不妥协,1,1
raw:反对/叛变,1,1
raw:反对者,1,1
raw:反工作关系,1,1
raw:反扫荡,1,1
raw:反抗与斗争,1,1
raw:反抗事件,1,1
raw:反掉,1,1
raw:反攻倒算,1,1
raw:反映于,1,1
raw:反映内容,1,1
raw:反映情况,1,1
raw:反清乡斗争,1,1
raw:反清剿,1,1
raw:反贪污斗争,1,1
raw:反间谍斗争,1,1
raw:反驳,1,1
raw:发信地,1,1
raw:发出命令于,1,1
raw:发出指示,1,1
raw:发出攻击令,1,1
raw:发出通告于,1,1
raw:发动-区域,1,1
raw:发动/宣传,1,1
raw:发动/援助,1,1
raw:发动/支援,1,1
raw:发动与组织,1,1
raw:发动地,1,1
raw:发动妇女服务,1,1
raw:发动带领,1,1
raw:发动攻势,1,1
raw:发动组织,1,1
raw:发动罢工,1,1
raw:发动群众组织,1,1
raw:发动联系,1,1
raw:发动起义,1,1
raw:发展-审查,1,1
raw:发展-改编,1,1
raw:发展-演变,1,1
raw:发展-转移,1,1
raw:发展/更名,1,1
raw:发展/演变,1,1
raw:发展为团员,1,1
raw:发展事件,1,1
raw:发展会员,1,1
raw:发展党员地,1,1
raw:发展党组织,1,1
raw:发展定位,1,1
raw:发展建立,1,1
raw:发展结果,1,1
raw:发展至,1,1
raw:发展阶段,1,1
raw:发布于,1,1
raw:发布动员令,1,1
raw:发布区域,1,1
raw:发布命令,1,1
raw:发布媒介,1,1
raw:发布宣言,1,1
raw:发布对象,1,1
raw:发布指令,1,1
raw:发布指导,1,1
raw:发布机构-媒体,1,1
raw:发布机构-执行单位,1,1
raw:发布机构-政策,1,1
raw:发布机构-文件,1,1
raw:发布机构-文献,1,1
raw:发布电报,1,1
raw:发布者-事件,1,1
raw:发布者-内容,1,1
raw:发布背景,1,1
raw:发布计划,1,1
raw:发布载体-时间,1,1
raw:发布通令,1,1
raw:发布通知,1,1
raw:发布通知要求准备于,1,1
raw:发布逮捕令,1,1
raw:发扬民主,1,1
raw:发扬精神于,1,1
raw:发报方-接收方,1,1
raw:发掘,1,1
raw:发文对象,1,1
raw:发明,1,1
raw:发来,1,1
raw:发炮炸毁,1,1
raw:发现于,1,1
raw:发现地点,1,1
raw:发现抓获,1,1
raw:发现者与被发现者,1,1
raw:发生事件于,1,1
raw:发生于/波及,1,1
raw:发生地-时期,1,1
raw:发生地-组织,1,1
raw:发生地-载体,1,1
raw:发生地点-针对对象,1,1
raw:发生地点关系,1,1
raw:发生地点关联,1,1
raw:发生领域,1,1
raw:发电,1,1
raw:发电报,1,1
raw:发稿,1,1
raw:发给,1,1
raw:发行-地域,1,1
raw:发行主体,1,1
raw:发行于,1,1
raw:发行人-刊物,1,1
raw:发行地关联,1,1
raw:发行机构,1,1
raw:发行机构-流通区域,1,1
raw:发行至,1,1
raw:发行范围,1,1
raw:发行负责人,1,1
raw:发表关系,1,1
raw:发表宣言,1,1
raw:发表报告,1,1
raw:发表报道,1,1
raw:发表者-刊物,1,1
raw:发表谈话,1,1
raw:发表辞职,1,1
raw:发起-事件,1,1
raw:发起-响应,1,1
raw:发起-活动,1,1
raw:发起/宣传,1,1
raw:发起人与组织,1,1
raw:发起关系,1,1
raw:发起冲锋,1,1
raw:发起参加,1,1
raw:发起战役,1,1
raw:发起攻击,1,1
raw:发起方-事件,1,1
raw:发起方-行动,1,1
raw:发起筹建,1,1
raw:发起者-事件,1,1
raw:发起者-活动场所,1,1
raw:发起者与组织,1,1
raw:发起负责,1,1
raw:发起起义,1,1
raw:发起进攻,1,1
raw:发送,1,1
raw:取,1,1
raw:取保,1,1
raw:取保释放,1,1
raw:取缔于,1,1
raw:取胜,1,1
raw:受,1,1
raw:受...影响,1,1
raw:受伤关联,1,1
raw:受伤逃脱,1,1
raw:受保护,1,1
raw:受保障于,1,1
raw:受到,1,1
raw:受到表扬,1,1
raw:受制于,1,1
raw:受助于,1,1
raw:受助对象,1,1
raw:受压迫,1,1
raw:受命,1,1
raw:受命于,1,1
raw:受困,1,1
raw:受处分,1,1
raw:受处置,1,1
raw:受害于,1,1
raw:受影响,1,1
raw:受思想影响,1,1
raw:受打击因,1,1
raw:受指导,1,1
raw:受挫于,1,1
raw:受挫导致,1,1
raw:受控制,1,1
raw:受教,1,1
raw:受教于,1,1
raw:受教唆者,1,1
raw:受教育,1,1
raw:受派,1,1
raw:受派工作,1,1
raw:受激励,1,1
raw:受熏陶,1,1
raw:受熏陶于,1,1
raw:受牵连,1,1
raw:受理,1,1
raw:受益于,1,1
raw:受益对象,1,1
raw:受益方,1,1
raw:受训于,1,1
raw:受训地点,1,1
raw:受赞扬者,1,1
raw:受赠关系,1,1
raw:受降,1,1
raw:受骗,1,1
raw:变更,1,1
raw:变更关系,1,1
raw:叛变事件,1,1
raw:叛变交出地点,1,1
raw:叛变合作者,1,1
raw:叛变地点,1,1
raw:叛变捕杀,1,1
raw:叛变杀害,1,1
raw:叛变活动区域,1,1
raw:叛变致死,1,1
raw:叛变袭击,1,1
raw:叛变通知,1,1
raw:叛徒供出,1,1
raw:叛徒网络,1,1
raw:叛投,1,1
raw:叛逃引诱,1,1
raw:叛逃目的地,1,1
raw:口号,1,1
raw:口述传承地,1,1
raw:召开/部署,1,1
raw:召开佃农会,1,1
raw:召开宣传,1,1
raw:召开座谈会,1,1
raw:召开扩大会议于,1,1
raw:召开方,1,1
raw:召集/参与,1,1
raw:召集关系,1,1
raw:召集动员大会,1,1
raw:召集群众,1,1
raw:召集负责人研究,1,1
raw:可能为,1,1
raw:史料印证,1,1
raw:史料推荐,1,1
raw:史料来源,1,1
raw:史料记载,1,1
raw:号召-响应,1,1
raw:号召参加,1,1
raw:号召学习,1,1
raw:号召消灭,1,1
raw:号召防匪,1,1
raw:司令,1,1
raw:司令员,1,1
raw:司令部,1,1
raw:司令部设于,1,1
raw:合伙,1,1
raw:合会,1,1
raw:合作/发展,1,1
raw:合作/支援,1,1
raw:合作与对抗,1,1
raw:合作关联,1,1
raw:合作办学,1,1
raw:合作提议,1,1
raw:合同关系,1,1
raw:合围/追击,1,1
raw:合围击溃,1,1
raw:合围处决,1,1
raw:合围打击,1,1
raw:合并-组织,1,1
raw:合并为,1,1
raw:合并升级,1,1
raw:合并发展,1,1
raw:合并对象,1,1
raw:合并整编,1,1
raw:合并来源,1,1
raw:合并重组,1,1
raw:合并领导,1,1
raw:合建,1,1
raw:合组,1,1
raw:合编关系,1,1
raw:合股,1,1
raw:合股策划,1,1
raw:合译者,1,1
raw:吊唁,1,1
raw:同,1,1
raw:同义,1,1
raw:同义关联,1,1
raw:同乡,1,1
raw:同乡-被求情者,1,1
raw:同乡/引荐人,1,1
raw:同乡/战友,1,1
raw:同乡/结识,1,1
raw:同享,1,1
raw:同伴,1,1
raw:同吃劳动,1,1
raw:同吃同住,1,1
raw:同命,1,1
raw:同学,1,1
raw:同就义,1,1
raw:同属中共领导人,1,1
raw:同属中队,1,1
raw:同属党组织,1,1
raw:同属根据地领导人,1,1
raw:同属湘鄂西苏区,1,1
raw:同属组织,1,1
raw:同属赣东北革命根据地,1,1
raw:同属长江流域革命活动,1,1
raw:同属革命群体,1,1
raw:同归于尽,1,1
raw:同情/介入,1,1
raw:同意撤离,1,1
raw:同意统一领导,1,1
raw:同日牺牲,1,1
raw:同时牺牲,1,1
raw:同期事件,1,1
raw:同期学习,1,1
raw:同期活动,1,1
raw:同案关联,1,1
raw:同案被捕,1,1
raw:同犯,1,1
raw:同狱,1,1
raw:同类,1,1
raw:同类事物,1,1
raw:同类地点关联,1,1
raw:同类组织,1,1
raw:同行者关系,1,1
raw:同被捕,1,1
raw:同遭迫害,1,1
raw:名义团长,1,1
raw:名誉主任,1,1
raw:名誉主席,1,1
raw:后勤支援,1,1
raw:后续事件,1,1
raw:后续人员(后叛变),1,1
raw:后续武装,1,1
raw:向,1,1
raw:向...集结,1,1
raw:向伪乡公所要了十多支枪,1,1
raw:向导关系,1,1
raw:向往,1,1
raw:向往聚集,1,1
raw:吞下,1,1
raw:吞没,1,1
raw:否定/取代,1,1
raw:否认,1,1
raw:听取介绍,1,1
raw:听取汇报/肯定,1,1
raw:听取汇报/认可,1,1
raw:听取汇报与总结,1,1
raw:听讲学,1,1
raw:听课,1,1
raw:听过,1,1
raw:听闻喜讯,1,1
raw:启动,1,1
raw:启发/送粮,1,1
raw:启发与接待,1,1
raw:启蒙作用,1,1
raw:启蒙教材,1,1
raw:启蒙教育,1,1
raw:启蒙者,1,1
raw:吸收为民警,1,1
raw:吸收入党,1,1
raw:吸收改编,1,1
raw:吸纳成员,1,1
raw:呈报/传达,1,1
raw:呈报/监控,1,1
raw:呈文控告,1,1
raw:呈现,1,1
raw:呈递,1,1
raw:呈递/阐述,1,1
raw:告密举报,1,1
raw:告密关联,1,1
raw:告密者-人物,1,1
raw:告对象,1,1
raw:告诫,1,1
raw:周旋/躲避,1,1
raw:周旋/麻痹,1,1
raw:周旋于,1,1
raw:呼吁/打开,1,1
raw:命,1,1
raw:命令/作战,1,1
raw:命令/坚守,1,1
raw:命令下达者,1,1
raw:命令占领,1,1
raw:命令巡查,1,1
raw:命令成立,1,1
raw:命令组成,1,1
raw:命名/创建,1,1
raw:命名关联,1,1
raw:命名纪念,1,1
raw:命题,1,1
raw:和平解放,1,1
raw:咏叹,1,1
raw:咨交,1,1
raw:咨询,1,1
raw:咨询对象,1,1
raw:咬住,1,1
raw:咬住歼灭于,1,1
raw:哀求,1,1
raw:品尝,1,1
raw:哄供,1,1
raw:响应/汇合,1,1
raw:响应关联,1,1
raw:响应区域,1,1
raw:响应政策,1,1
raw:响应者,1,1
raw:哗变关系,1,1
raw:哺育,1,1
raw:唆使,1,1
raw:售盐,1,1
raw:唱,1,1
raw:唱歌,1,1
raw:商业关系,1,1
raw:商置,1,1
raw:商讨确定干部调配,1,1
raw:商议决定,1,1
raw:商议坚守,1,1
raw:商议安排,1,1
raw:商议部队命名,1,1
raw:商量,1,1
raw:喊人包围,1,1
raw:喊话于,1,1
raw:喜爱,1,1
raw:喝止,1,1
raw:嘉奖对象,1,1
raw:嘉慰,1,1
raw:嘱咐保管,1,1
raw:嘱托传承,1,1
raw:器重,1,1
raw:囚禁地点,1,1
raw:四渡赤水,1,1
raw:回乡地点,1,1
raw:回乡活动,1,1
raw:回信震慑,1,1
raw:回击,1,1
raw:回国,1,1
raw:回复,1,1
raw:回师作战,1,1
raw:回师剿匪,1,1
raw:回师地点,1,1
raw:回归与接待,1,1
raw:回归领导,1,1
raw:回忆/见证,1,1
raw:回忆与歌颂,1,1
raw:回忆与证实,1,1
raw:回忆对象,1,1
raw:回忆往事,1,1
raw:回忆整理,1,1
raw:回忆材料提供者,1,1
raw:回忆者-事件,1,1
raw:回忆者与事件,1,1
raw:回忆者与被回忆者,1,1
raw:回忆见证,1,1
raw:回忆记录,1,1
raw:回忆评价,1,1
raw:回顾记载,1,1
raw:因势利导,1,1
raw:因果/背景,1,1
raw:团体组建,1,1
raw:团结/战斗,1,1
raw:团结与教育,1,1
raw:团结与斗争,1,1
raw:团结争取,1,1
raw:团结合作,1,1
raw:团结斗争,1,1
raw:围住打伤,1,1
raw:围击/防堵,1,1
raw:围剿-反击,1,1
raw:围剿与反围剿,1,1
raw:围剿于,1,1
raw:围剿净化,1,1
raw:围剿力量,1,1
raw:围剿目标,1,1
raw:围困与谈判,1,1
raw:围捕行动,1,1
raw:围攻于,1,1
raw:围攻对象,1,1
raw:围歼对象,1,1
raw:图渡,1,1
raw:圈筑,1,1
raw:土匪-军事行动,1,1
raw:土地纠纷,1,1
raw:土豪,1,1
raw:地-人关联,1,1
raw:地-人物,1,1
raw:地下联络,1,1
raw:地主关系,1,1
raw:地主对象,1,1
raw:地事关系,1,1
raw:地区-政策,1,1
raw:地区-政策评估,1,1
raw:地域-事件,1,1
raw:地域-活动,1,1
raw:地域划分,1,1
raw:地域坚守,1,1
raw:地域覆盖,1,1
raw:地域转化,1,1
raw:地形,1,1
raw:地形勘察,1,1
raw:地点-事件关联,1,1
raw:地点-事件发生地,1,1
raw:地点-任务,1,1
raw:地点-企业,1,1
raw:地点-关联,1,1
raw:地点-出版物,1,1
raw:地点-功能,1,1
raw:地点-势力,1,1
raw:地点-地点,1,1
raw:地点-地点关联,1,1
raw:地点-拘禁地,1,1
raw:地点-方针,1,1
raw:地点-时代,1,1
raw:地点-时期,1,1
raw:地点-活动场所,1,1
raw:地点-策略,1,1
raw:地点-缴获物,1,1
raw:地点-行动方案,1,1
raw:地点-载体,1,1
raw:地点-部队,1,1
raw:地点与事件关系,1,1
raw:地点与机构,1,1
raw:地点与组织,1,1
raw:地点与组织关联,1,1
raw:地点关联事件,1,1
raw:地点迁移,1,1
raw:地理-事件,1,1
raw:地理-区域,1,1
raw:地理-线路,1,1
raw:地理-经济,1,1
raw:地理-行军路线,1,1
raw:地理-路径,1,1
raw:地理从属,1,1
raw:地理位置-建筑,1,1
raw:地理依存,1,1
raw:地理关联-行军路线,1,1
raw:地理分界,1,1
raw:地理分界线,1,1
raw:地理标志,1,1
raw:地理特征,1,1
raw:地理相邻,1,1
raw:地理节点,1,1
raw:地理障碍,1,1
raw:场所-工作人员,1,1
raw:场所-文物,1,1
raw:场所-运动,1,1
raw:场所与事件,1,1
raw:场所使用,1,1
raw:场所提供,1,1
raw:坐落于,1,1
raw:坚决反击,1,1
raw:坚守/撤退,1,1
raw:坚守于,1,1
raw:坚守抵抗,1,1
raw:坚定,1,1
raw:坚持于,1,1
raw:坚持地,1,1
raw:坚持工作,1,1
raw:坚持至,1,1
raw:坚持调任,1,1
raw:坚持阵地,1,1
raw:坚贞不屈,1,1
raw:垫付,1,1
raw:埋葬地点,1,1
raw:埋葬烈士,1,1
raw:埋葬者,1,1
raw:埋藏地,1,1
raw:埋设,1,1
raw:培养/介绍,1,1
raw:培养/发展,1,1
raw:培养/发展党员,1,1
raw:培养/牺牲,1,1
raw:培养地,1,1
raw:培养帮助,1,1
raw:培养来源,1,1
raw:培养组织,1,1
raw:培养输送,1,1
raw:培植,1,1
raw:培育关系,1,1
raw:培育推广,1,1
raw:培训-机构,1,1
raw:培训关联,1,1
raw:培训基地,1,1
raw:培训对象,1,1
raw:培训机构,1,1
raw:培训经历,1,1
raw:基于,1,1
raw:基本方针,1,1
raw:基础关系,1,1
raw:基础力量,1,1
raw:基础组织,1,1
raw:堆坟,1,1
raw:堵击歼敌,1,1
raw:堵剿/请饷,1,1
raw:堵剿宣传,1,1
raw:塌台,1,1
raw:塑造,1,1
raw:增兵,1,1
raw:增多,1,1
raw:增强力量,1,1
raw:增强防线,1,1
raw:增拨,1,1
raw:增援/作战,1,1
raw:增援/防守,1,1
raw:增援作战,1,1
raw:增援部队,1,1
raw:增设,1,1
raw:增选,1,1
raw:壮大了,1,1
raw:壮烈,1,1
raw:声东,1,1
raw:声援/关联,1,1
raw:声援事件,1,1
raw:声援保护,1,1
raw:声援地点,1,1
raw:声援对象,1,1
raw:声援抗议,1,1
raw:声援斗争,1,1
raw:声援行动,1,1
raw:处决关系,1,1
raw:处决地,1,1
raw:处决地点关系,1,1
raw:处决时间,1,1
raw:处分处理,1,1
raw:处死,1,1
raw:处治,1,1
raw:处理主体,1,1
raw:处理事件,1,1
raw:处理地点,1,1
raw:处理方式,1,1
raw:处理机制,1,1
raw:处理机构,1,1
raw:处理结果,1,1
raw:处理者与被处理者,1,1
raw:处置者,1,1
raw:复仇,1,1
raw:复函,1,1
raw:复查认定,1,1
raw:复课于,1,1
raw:外部势力-事件,1,1
raw:多数行为,1,1
raw:夜翻,1,1
raw:夜行/不扰民,1,1
raw:夜袭目标,1,1
raw:大举进攻,1,1
raw:大会合,1,1
raw:大捷于,1,1
raw:大摆,1,1
raw:大本营,1,1
raw:大破,1,1
raw:大礼堂,1,1
raw:天然障碍/防堵,1,1
raw:夫妻关系,1,1
raw:失利地点,1,1
raw:失去联系,1,1
raw:失误,1,1
raw:失败,1,1
raw:夸奖,1,1
raw:夹击歼灭,1,1
raw:夹道迎送,1,1
raw:夺下,1,1
raw:夺取枪枝起义,1,1
raw:夺取目标,1,1
raw:夺得,1,1
raw:夺权,1,1
raw:夺枪,1,1
raw:夺枪行动,1,1
raw:夺获,1,1
raw:奇袭于,1,1
raw:奉命到,1,1
raw:奉命进剿,1,1
raw:奉指示,1,1
raw:奔袭全歼,1,1
raw:奔袭战斗,1,1
raw:奔袭解放,1,1
raw:奠基人,1,1
raw:妄图,1,1
raw:妥协,1,1
raw:姑息迁就,1,1
raw:委任/商讨,1,1
raw:委任/领导,1,1
raw:委托关系,1,1
raw:委托工作,1,1
raw:委托建立,1,1
raw:委托组织,1,1
raw:委派关系,1,1
raw:威吓,1,1
raw:威慑于,1,1
raw:威胁-镇压,1,1
raw:威胁来源,1,1
raw:威胁目标,1,1
raw:婉拒,1,1
raw:媒介-运动,1,1
raw:媒介传播,1,1
raw:媒体-事件,1,1
raw:媒体关联,1,1
raw:子女,1,1
raw:孕育地,1,1
raw:存在作风,1,1
raw:存枪械,1,1
raw:存续,1,1
raw:孤立瓦解,1,1
raw:孤胆追击,1,1
raw:学习-文献,1,1
raw:学习/任职地点,1,1
raw:学习/工作,1,1
raw:学习/工作调动,1,1
raw:学习/活动,1,1
raw:学习与传播,1,1
raw:学习与工作地点,1,1
raw:学习与影响,1,1
raw:学习与活动,1,1
raw:学习与活动场所,1,1
raw:学习依据,1,1
raw:学习关系,1,1
raw:学习单位,1,1
raw:学习和工作地点,1,1
raw:学习地点关联,1,1
raw:学习目的地,1,1
raw:学习者,1,1
raw:学习记录,1,1
raw:学习贯彻,1,1
raw:学习资料,1,1
raw:学习践行,1,1
raw:学习进步书籍,1,1
raw:学员,1,1
raw:学员来源,1,1
raw:学术关系,1,1
raw:学生自治会干事,1,1
raw:守住,1,1
raw:守土/责任,1,1
raw:安全,1,1
raw:安全保障,1,1
raw:安埋,1,1
raw:安抚/动员,1,1
raw:安抚于,1,1
raw:安排住宿,1,1
raw:安排关系,1,1
raw:安排布置,1,1
raw:安排者与执行者,1,1
raw:安排转移,1,1
raw:安插者,1,1
raw:安置关系,1,1
raw:安置就业,1,1
raw:安葬/建碑,1,1
raw:安葬/祭奠,1,1
raw:安葬/纪念,1,1
raw:安葬与纪念,1,1
raw:安葬与资助,1,1
raw:安葬地关联,1,1
raw:安葬地点-遗骸,1,1
raw:安葬场所,1,1
raw:安葬者,1,1
raw:宗教指导,1,1
raw:定位,1,1
raw:定型,1,1
raw:定居,1,1
raw:定稿,1,1
raw:定论,1,1
raw:实体-事件,1,1
raw:实体位置,1,1
raw:实体关联,1,1
raw:实地考察,1,1
raw:实施/防范,1,1
raw:实施主体-措施,1,1
raw:实施主体-政策,1,1
raw:实施地区,1,1
raw:实施对象-措施,1,1
raw:实施屠杀,1,1
raw:实施政策,1,1
raw:实施方式,1,1
raw:实施破坏,1,1
raw:实施策略,1,1
raw:实施者关联,1,1
raw:实施行为,1,1
raw:实施路径,1,1
raw:实施载体,1,1
raw:实施过程,1,1
raw:实现途径,1,1
raw:实行屠杀,1,1
raw:实践-目标,1,1
raw:实践与总结,1,1
raw:实践与理论,1,1
raw:实践基础,1,1
raw:实践工具,1,1
raw:实践形式,1,1
raw:实践目标,1,1
raw:实践结合,1,1
raw:实践领域,1,1
raw:实际行动,1,1
raw:审判与教育,1,1
raw:审判事件,1,1
raw:审判地,1,1
raw:审判执行,1,1
raw:审判机构,1,1
raw:审判枪决,1,1
raw:审判者-被审判者,1,1
raw:审判者与被审判者,1,1
raw:审批者,1,1
raw:审改,1,1
raw:审查于,1,1
raw:审查关系,1,1
raw:审查清理,1,1
raw:审校者,1,1
raw:审稿,1,1
raw:审签,1,1
raw:审计对象,1,1
raw:审议,1,1
raw:审讯-地点,1,1
raw:审讯-认罪,1,1
raw:审讯/施刑,1,1
raw:审讯地点,1,1
raw:审讯对象-审讯者,1,1
raw:审讯者与被捕者,1,1
raw:审阅指导,1,1
raw:审阅者-作品,1,1
raw:客观,1,1
raw:客观助长,1,1
raw:宣传/交易,1,1
raw:宣传/交流,1,1
raw:宣传/动员,1,1
raw:宣传/接触,1,1
raw:宣传/沟通,1,1
raw:宣传与抗争,1,1
raw:宣传事件,1,1
raw:宣传互动,1,1
raw:宣传场所,1,1
raw:宣传安抚,1,1
raw:宣传方式,1,1
raw:宣传活动,1,1
raw:宣传联动,1,1
raw:宣传范围,1,1
raw:宣传载体-斗争区域,1,1
raw:宣传革命道理,1,1
raw:宣传驻扎,1,1
raw:宣告/宣传,1,1
raw:宣布任命,1,1
raw:宣布关系,1,1
raw:宣布废除,1,1
raw:宣布建立,1,1
raw:宣布接管,1,1
raw:宣布改编,1,1
raw:宣布者,1,1
raw:宣扬,1,1
raw:宣称,1,1
raw:宣解,1,1
raw:宣誓,1,1
raw:宣誓就职,1,1
raw:宣讲/团结,1,1
raw:宣讲内容,1,1
raw:宣讲地点,1,1
raw:宣讲对象,1,1
raw:宣读贺电/作报告,1,1
raw:宴请,1,1
raw:家乡,1,1
raw:家属关联,1,1
raw:家庭关联,1,1
raw:家族传承,1,1
raw:宽恕,1,1
raw:寄养关系,1,1
raw:寄发警信,1,1
raw:寄回,1,1
raw:寄存关系,1,1
raw:寄来,1,1
raw:密令杀害,1,1
raw:密告,1,1
raw:密告关系,1,1
raw:密捕,1,1
raw:密查,1,1
raw:密电逮捕,1,1
raw:密码交接,1,1
raw:密议,1,1
raw:密谈,1,1
raw:密遣,1,1
raw:察觉,1,1
raw:对号,1,1
raw:对外名称,1,1
raw:对抗-事件,1,1
raw:对抗-人物,1,1
raw:对抗-地点,1,1
raw:对抗-敌人,1,1
raw:对抗-被镇压者,1,1
raw:对抗/投诚,1,1
raw:对抗于,1,1
raw:对抗方-事件,1,1
raw:对抗方-对象,1,1
raw:对抗武器,1,1
raw:对抗组织,1,1
raw:对歌,1,1
raw:对比关系,1,1
raw:对比分析,1,1
raw:对比印证,1,1
raw:对照分析,1,1
raw:对立面,1,1
raw:对话对象,1,1
raw:对话方,1,1
raw:对象关联,1,1
raw:对象群体,1,1
raw:对阵,1,1
raw:寻亲于,1,1
raw:寻找/宣传,1,1
raw:寻找党组织,1,1
raw:寻找地,1,1
raw:寻找对象,1,1
raw:寻找游击队,1,1
raw:寻找粮食,1,1
raw:寻求援助,1,1
raw:寻汇,1,1
raw:寻访/救济,1,1
raw:寻食,1,1
raw:导演指导,1,1
raw:导致/组建,1,1
raw:导致丧失,1,1
raw:导致事件,1,1
raw:导致关系,1,1
raw:导致削弱,1,1
raw:导致原因,1,1
raw:导致失联,1,1
raw:导致打击,1,1
raw:导致搜捕,1,1
raw:导致断绝,1,1
raw:导致混乱,1,1
raw:导致牺牲,1,1
raw:导致结果,1,1
raw:导致转变,1,1
raw:封官,1,1
raw:封锁于,1,1
raw:封锁者,1,1
raw:尊重/平等对待,1,1
raw:尊重/沟通,1,1
raw:尊重保护,1,1
raw:就任,1,1
raw:就学/任教,1,1
raw:就学于,1,1
raw:就学关联,1,1
raw:就职,1,1
raw:就读与参与,1,1
raw:就读学校,1,1
raw:就餐留钱,1,1
raw:尾击,1,1
raw:尾追截击,1,1
raw:尾随,1,1
raw:尾随袭击,1,1
raw:居住/开会于,1,1
raw:居住/提供情报,1,1
raw:居住/支援,1,1
raw:居住关系,1,1
raw:居住关联,1,1
raw:居住地点,1,1
raw:居住活动,1,1
raw:居所,1,1
raw:居所关联,1,1
raw:居留于,1,1
raw:屈服,1,1
raw:展示地,1,1
raw:属,1,1
raw:属地关系,1,1
raw:属地关联,1,1
raw:属地管辖,1,1
raw:屠杀/清剿,1,1
raw:屬於,1,1
raw:巡查,1,1
raw:巡视于,1,1
raw:巡视工作,1,1
raw:巡视检查,1,1
raw:巡视路线,1,1
raw:工作-对接,1,1
raw:工作/奉献,1,1
raw:工作/学习,1,1
raw:工作/牺牲,1,1
raw:工作/联系,1,1
raw:工作下沉,1,1
raw:工作内容,1,1
raw:工作分配关系,1,1
raw:工作反馈,1,1
raw:工作场所-人物,1,1
raw:工作建设,1,1
raw:工作成果,1,1
raw:工作指向,1,1
raw:工作搭档,1,1
raw:工作派遣,1,1
raw:工作环节,1,1
raw:工作移交,1,1
raw:工作经历,1,1
raw:工作结果,1,1
raw:工作肯定,1,1
raw:工作行为,1,1
raw:工作设备,1,1
raw:工作调动目的地,1,1
raw:工作进展,1,1
raw:工作阵地,1,1
raw:工作领导,1,1
raw:工具-对象,1,1
raw:工具-行为,1,1
raw:工具-运动,1,1
raw:工具关系,1,1
raw:工委书记,1,1
raw:巧渡,1,1
raw:巧用,1,1
raw:巩固/创造,1,1
raw:巩固发展,1,1
raw:巷战交火,1,1
raw:布告发布者,1,1
raw:布点单位,1,1
raw:布置于,1,1
raw:布置战斗,1,1
raw:布置接管,1,1
raw:布置清剿于,1,1
raw:布置警戒,1,1
raw:布阵于,1,1
raw:师徒,1,1
raw:师承/推荐,1,1
raw:师生,1,1
raw:希望,1,1
raw:带入关系,1,1
raw:带头响应,1,1
raw:带头报名,1,1
raw:带头支源于,1,1
raw:带头示范,1,1
raw:带头示范于,1,1
raw:带密令,1,1
raw:带来者,1,1
raw:带走,1,1
raw:带路/挑担,1,1
raw:带路/牺牲于,1,1
raw:带路/赠鞋,1,1
raw:带路协助,1,1
raw:带路向导,1,1
raw:带队进入,1,1
raw:带领前往,1,1
raw:带领寻找,1,1
raw:带领建立,1,1
raw:带领打败,1,1
raw:带领抢条子烧,1,1
raw:带领接受改编,1,1
raw:带领攀壁,1,1
raw:带领教唱,1,1
raw:带领活捉,1,1
raw:带领特务搜捕,1,1
raw:带领突击队冲入,1,1
raw:带领者,1,1
raw:带领肃清,1,1
raw:带领行动小组,1,1
raw:带领袭击,1,1
raw:帮助/关怀,1,1
raw:帮助/牺牲,1,1
raw:帮助于,1,1
raw:帮助建立,1,1
raw:帮助开展,1,1
raw:帮助成立,1,1
raw:帮助教育,1,1
raw:帮助生产,1,1
raw:帮助组建,1,1
raw:帮助组织,1,1
raw:帮工,1,1
raw:帮手,1,1
raw:帮打,1,1
raw:帮扶关系,1,1
raw:帮衬,1,1
raw:干扰,1,1
raw:干扰因素,1,1
raw:干扰因素-事件,1,1
raw:干流,1,1
raw:干部培养,1,1
raw:干部来源,1,1
raw:干预关系,1,1
raw:干预调解,1,1
raw:平反/昭雪,1,1
raw:平反昭雪,1,1
raw:平息事件,1,1
raw:平息对象,1,1
raw:平息者,1,1
raw:平毁,1,1
raw:平等对待,1,1
raw:并列于,1,1
raw:并肩战斗,1,1
raw:并重,1,1
raw:广泛开展,1,1
raw:庆祝与支援,1,1
raw:庆祝事件,1,1
raw:庇护关系,1,1
raw:庇护者,1,1
raw:序幕/引发,1,1
raw:应依据,1,1
raw:应办,1,1
raw:应对关系,1,1
raw:应对处置,1,1
raw:应对监视,1,1
raw:应对者,1,1
raw:应带头,1,1
raw:应开展,1,1
raw:应支援,1,1
raw:康复,1,1
raw:康复/道谢,1,1
raw:延续影响,1,1
raw:延续性,1,1
raw:建党,1,1
raw:建军原则,1,1
raw:建制,1,1
raw:建制隶属,1,1
raw:建政,1,1
raw:建立-地点,1,1
raw:建立-根据地,1,1
raw:建立/发展,1,1
raw:建立/抢劫,1,1
raw:建立/担任书记,1,1
raw:建立/支持,1,1
raw:建立/整顿,1,1
raw:建立/武装,1,1
raw:建立/组织,1,1
raw:建立/讲话,1,1
raw:建立与负责,1,1
raw:建立中心区域,1,1
raw:建立党支部,1,1
raw:建立合作,1,1
raw:建立后方医院,1,1
raw:建立地,1,1
raw:建立政权,1,1
raw:建立根据地于,1,1
raw:建立特支,1,1
raw:建立纵队,1,1
raw:建立组织于,1,1
raw:建立统一战线,1,1
raw:建立联系于,1,1
raw:建立联络站,1,1
raw:建立鱼水关系,1,1
raw:建筑关联,1,1
raw:建言,1,1
raw:建言献策,1,1
raw:建议-接受,1,1
raw:建议划区,1,1
raw:建议发行,1,1
raw:建议建立,1,1
raw:建议开办,1,1
raw:建议撤至,1,1
raw:建议支持,1,1
raw:建议组建,1,1
raw:建议者,1,1
raw:建议调动,1,1
raw:建设/管理,1,1
raw:建设/解放,1,1
raw:建设主体,1,1
raw:建设关联,1,1
raw:建设地,1,1
raw:建设推动,1,1
raw:建设目标,1,1
raw:建设者-工程,1,1
raw:建设范围,1,1
raw:建设贡献,1,1
raw:建设项目,1,1
raw:建造者,1,1
raw:开仓,1,1
raw:开仓发谷,1,1
raw:开仓济贫,1,1
raw:开会/宣誓,1,1
raw:开会/整纪,1,1
raw:开会于,1,1
raw:开具,1,1
raw:开具介绍信,1,1
raw:开凿,1,1
raw:开办训练班于,1,1
raw:开发,1,1
raw:开发/剥削,1,1
raw:开启,1,1
raw:开回,1,1
raw:开大会,1,1
raw:开学,1,1
raw:开展/实施,1,1
raw:开展/实践,1,1
raw:开展/经历,1,1
raw:开展争取,1,1
raw:开展兵运,1,1
raw:开展农运,1,1
raw:开展土地革命,1,1
raw:开展土地革命于,1,1
raw:开展地下活动,1,1
raw:开展学生运动,1,1
raw:开展工运于,1,1
raw:开展扩红于,1,1
raw:开展政治工作,1,1
raw:开展教育,1,1
raw:开展游击战,1,1
raw:开展演讲,1,1
raw:开展统战,1,1
raw:开展革命,1,1
raw:开展革命活动于,1,1
raw:开往,1,1
raw:开往整训,1,1
raw:开拓者,1,1
raw:开至,1,1
raw:开至集结于,1,1
raw:开设于,1,1
raw:开赴于,1,1
raw:开辟/领导,1,1
raw:开辟于,1,1
raw:开辟工作,1,1
raw:开辟建设,1,1
raw:开辟新区,1,1
raw:开辟新战场,1,1
raw:开除学籍,1,1
raw:弃城/南窜,1,1
raw:引上,1,1
raw:引入,1,1
raw:引发原因,1,1
raw:引向,1,1
raw:引导奔赴,1,1
raw:引导者-事件,1,1
raw:引导者-地点,1,1
raw:引导至,1,1
raw:引导认尸,1,1
raw:引导起义,1,1
raw:引开,1,1
raw:引敌/阴谋,1,1
raw:引用-依据,1,1
raw:引荐,1,1
raw:引见,1,1
raw:引起,1,1
raw:引起重视,1,1
raw:引路,1,1
raw:引领/参与,1,1
raw:引领于,1,1
raw:引领者,1,1
raw:弘扬对象,1,1
raw:弘扬者,1,1
raw:张罗,1,1
raw:张贴于,1,1
raw:张贴布告,1,1
raw:弯身,1,1
raw:强化控制,1,1
raw:强化者,1,1
raw:强占/剥削,1,1
raw:强征/修筑,1,1
raw:强收,1,1
raw:强攻/击溃,1,1
raw:强攻拔除,1,1
raw:强渡地点,1,1
raw:强行解散,1,1
raw:强袭,1,1
raw:强袭目标,1,1
raw:强调培养,1,1
raw:强调目标,1,1
raw:归...指挥,1,1
raw:归建,1,1
raw:归建整编,1,1
raw:归来,1,1
raw:归档地,1,1
raw:归结,1,1
raw:归还赔偿,1,1
raw:归队,1,1
raw:归队于,1,1
raw:当代,1,1
raw:当选主席,1,1
raw:录取,1,1
raw:形势宣传,1,1
raw:形成动因,1,1
raw:形成包围,1,1
raw:形成地点,1,1
raw:形成基础,1,1
raw:影响-事件,1,1
raw:影响-人物,1,1
raw:影响-关联,1,1
raw:影响-地区,1,1
raw:影响/路过,1,1
raw:影响事件-组织,1,1
raw:影响力范围,1,1
raw:影响地,1,1
raw:影响地区,1,1
raw:往返活动,1,1
raw:征召扎筏,1,1
raw:征战,1,1
raw:征收对象,1,1
raw:征服,1,1
raw:征用缝制,1,1
raw:征集与汇编,1,1
raw:径趋,1,1
raw:待命,1,1
raw:徒步采访,1,1
raw:得知,1,1
raw:得知真相,1,1
raw:忽视,1,1
raw:怀念对象,1,1
raw:怒斥,1,1
raw:思想,1,1
raw:思想-地点,1,1
raw:思想-行为,1,1
raw:思想传承,1,1
raw:思想传播者,1,1
raw:思想传播者-受教育者,1,1
raw:思想准备,1,1
raw:思想动员,1,1
raw:思想升华,1,1
raw:思想基础,1,1
raw:思想工作,1,1
raw:思想引领,1,1
raw:思想改造,1,1
raw:思想教育与改编,1,1
raw:思想根源,1,1
raw:思想武器,1,1
raw:思想演变,1,1
raw:思想灌输,1,1
raw:思想调和,1,1
raw:思想贯彻于,1,1
raw:思想问题,1,1
raw:急令,1,1
raw:急电调兵,1,1
raw:急行军赶回,1,1
raw:性质,1,1
raw:怨恨,1,1
raw:总攻歼灭,1,1
raw:总结/反思,1,1
raw:总结人,1,1
raw:总结分析,1,1
raw:总结反思,1,1
raw:总结反馈,1,1
raw:总结成果,1,1
raw:总结报告,1,1
raw:总结指导,1,1
raw:总结经验,1,1
raw:总结肯定,1,1
raw:总结规律,1,1
raw:总结部署,1,1
raw:总部,1,1
raw:总部地点,1,1
raw:总部设在,1,1
raw:恐吓,1,1
raw:恢复党组织,1,1
raw:恢复关联,1,1
raw:恢复和发展,1,1
raw:恢复工作,1,1
raw:恢复建立,1,1
raw:恢复番号于,1,1
raw:恢复组织,1,1
raw:恳请/成立,1,1
raw:患病,1,1
raw:悬赏通缉,1,1
raw:悲愤,1,1
raw:悲痛于,1,1
raw:悼念事件,1,1
raw:情感关系,1,1
raw:情感联结,1,1
raw:情报-联络,1,1
raw:情报-预警,1,1
raw:情报交接,1,1
raw:情报交锋,1,1
raw:情报传递点,1,1
raw:情报传递者与协助者,1,1
raw:情报侦察,1,1
raw:情报侦查,1,1
raw:情报博弈,1,1
raw:情报对抗,1,1
raw:情报对象,1,1
raw:情报工作对象,1,1
raw:情报工具,1,1
raw:情报成果,1,1
raw:情报报告,1,1
raw:情报提供关系,1,1
raw:情报支援/掩护,1,1
raw:情报收集,1,1
raw:情报收集地点,1,1
raw:情报斗争,1,1
raw:情报枢纽,1,1
raw:情报汇总,1,1
raw:情报汇报,1,1
raw:情报渗透,1,1
raw:情报监控,1,1
raw:情报联系人,1,1
raw:情报联络点,1,1
raw:情报节点,1,1
raw:情报载体,1,1
raw:情绪波动于,1,1
raw:惊慌,1,1
raw:惠及,1,1
raw:惨遭杀害,1,1
raw:惩办对象,1,1
raw:惩治叛徒,1,1
raw:惩治恶霸,1,1
raw:意义,1,1
raw:意图,1,1
raw:意图窜入,1,1
raw:意见,1,1
raw:感恩回馈,1,1
raw:感激与认同,1,1
raw:感谢,1,1
raw:感谢赠礼,1,1
raw:愤慨发声,1,1
raw:慰劳物,1,1
raw:慰问-支持,1,1
raw:慰问/赠送,1,1
raw:慰问指导,1,1
raw:慰问支援,1,1
raw:慰问活动,1,1
raw:成为中心,1,1
raw:成份,1,1
raw:成员-机构,1,1
raw:成员与组织,1,1
raw:成员转移,1,1
raw:成就,1,1
raw:成效,1,1
raw:成果-事件,1,1
raw:成果-人物,1,1
raw:成果上报,1,1
raw:成果产出,1,1
raw:成果产出者,1,1
raw:成果关系,1,1
raw:成立/任命,1,1
raw:成立/活动于,1,1
raw:成立依据,1,1
raw:成立关联,1,1
raw:成立匪部,1,1
raw:成立地点-组织,1,1
raw:成立政权,1,1
raw:成立者,1,1
raw:成立背景,1,1
raw:成长,1,1
raw:成长于,1,1
raw:成长关联,1,1
raw:成长地,1,1
raw:成长环境关联,1,1
raw:成长经历,1,1
raw:戒备/监视,1,1
raw:战于,1,1
raw:战友关系,1,1
raw:战后处理,1,1
raw:战场关联,1,1
raw:战场起义,1,1
raw:战役-结果,1,1
raw:战役促使,1,1
raw:战役区域,1,1
raw:战役对手,1,1
raw:战役对象,1,1
raw:战役归属,1,1
raw:战役战斗,1,1
raw:战役教训,1,1
raw:战役水域,1,1
raw:战役相关地点,1,1
raw:战役背景,1,1
raw:战役衔接,1,1
raw:战役评估,1,1
raw:战斗/围攻,1,1
raw:战斗/推进,1,1
raw:战斗/活动于,1,1
raw:战斗/筹款,1,1
raw:战斗/解放,1,1
raw:战斗位置,1,1
raw:战斗参与者,1,1
raw:战斗双方,1,1
raw:战斗地点-被歼灭者,1,1
raw:战斗场景,1,1
raw:战斗失误,1,1
raw:战斗夺取,1,1
raw:战斗指挥者-作战区域,1,1
raw:战斗支援,1,1
raw:战斗牺牲者,1,1
raw:战斗突破,1,1
raw:战斗行为,1,1
raw:战斗路线,1,1
raw:战斗遗址,1,1
raw:战时转移,1,1
raw:战术-目标,1,1
raw:战术主次,1,1
raw:战术依据,1,1
raw:战术保障,1,1
raw:战术关系,1,1
raw:战术决策,1,1
raw:战术准备,1,1
raw:战术动作,1,1
raw:战术包抄,1,1
raw:战术原则,1,1
raw:战术围堵,1,1
raw:战术埋伏,1,1
raw:战术基础,1,1
raw:战术定位,1,1
raw:战术对抗,1,1
raw:战术工具,1,1
raw:战术建议,1,1
raw:战术打击,1,1
raw:战术指导,1,1
raw:战术指挥,1,1
raw:战术物资,1,1
raw:战术突破,1,1
raw:战术突袭,1,1
raw:战术行动-目标城市,1,1
raw:战术行动与地理区域,1,1
raw:战术要点,1,1
raw:战术路线,1,1
raw:战术运用,1,1
raw:战果关联,1,1
raw:战略-区域,1,1
raw:战略中心,1,1
raw:战略价值,1,1
raw:战略任务,1,1
raw:战略位置,1,1
raw:战略佯动,1,1
raw:战略保障,1,1
raw:战略决策-军事行动,1,1
raw:战略决策地,1,1
raw:战略出击,1,1
raw:战略原则,1,1
raw:战略反思,1,1
raw:战略命令,1,1
raw:战略地点,1,1
raw:战略坚守,1,1
raw:战略威胁,1,1
raw:战略定义,1,1
raw:战略影响-组织建立,1,1
raw:战略成果,1,1
raw:战略手段-进军方向,1,1
raw:战略报告,1,1
raw:战略指向,1,1
raw:战略指导区域,1,1
raw:战略指引,1,1
raw:战略指示,1,1
raw:战略控制,1,1
raw:战略支撑点,1,1
raw:战略方针制定者,1,1
raw:战略构想,1,1
raw:战略滞留,1,1
raw:战略牵制,1,1
raw:战略突破,1,1
raw:战略突破-防御体系,1,1
raw:战略策应,1,1
raw:战略认知,1,1
raw:战略转向,1,1
raw:战略转折,1,1
raw:战略转移/汇合,1,1
raw:战略转移方向,1,1
raw:战略转移至,1,1
raw:战略转移路径,1,1
raw:战略部署被打乱,1,1
raw:战略防御,1,1
raw:战绩,1,1
raw:战胜,1,1
raw:截住,1,1
raw:截住并全歼敌军于,1,1
raw:截击/尾追,1,1
raw:截击于,1,1
raw:截坏,1,1
raw:截留,1,1
raw:截缴武器,1,1
raw:截获情报,1,1
raw:所在地-组织,1,1
raw:所属单位-成员,1,1
raw:所属团体,1,1
raw:所属地域,1,1
raw:手段与目标,1,1
raw:扎制,1,1
raw:扎根,1,1
raw:扒粮,1,1
raw:扒路支前,1,1
raw:打下,1,1
raw:打乱,1,1
raw:打乱平分,1,1
raw:打倒,1,1
raw:打入当地封建组织,1,1
raw:打入收集,1,1
raw:打击/支持斗争,1,1
raw:打击/警告,1,1
raw:打击剥削,1,1
raw:打击收粮人员,1,1
raw:打响,1,1
raw:打富济贫变,1,1
raw:打开/分粮,1,1
raw:打成一片,1,1
raw:打扫,1,1
raw:打招呼,1,1
raw:打掉,1,1
raw:打散,1,1
raw:打水,1,1
raw:打粮仓,1,1
raw:打粮户,1,1
raw:打进,1,1
raw:打通关系,1,1
raw:打造,1,1
raw:托付/保管,1,1
raw:托付任务,1,1
raw:托付后事,1,1
raw:扣住,1,1
raw:扣押/协商,1,1
raw:扣押与被扣押,1,1
raw:扣押风险,1,1
raw:执教于,1,1
raw:执法/处决,1,1
raw:执笔人,1,1
raw:执行-地点,1,1
raw:执行/不积极,1,1
raw:执行/作战,1,1
raw:执行/参与,1,1
raw:执行/战斗,1,1
raw:执行/记录,1,1
raw:执行事件,1,1
raw:执行偏差,1,1
raw:执行公告,1,1
raw:执行关系,1,1
raw:执行关联,1,1
raw:执行单位-事件,1,1
raw:执行处决,1,1
raw:执行指示,1,1
raw:执行接收,1,1
raw:执行政策,1,1
raw:执行方,1,1
raw:执行枪决,1,1
raw:执行查封,1,1
raw:执行牺牲,1,1
raw:执行管控,1,1
raw:执行者-参与者,1,1
raw:执行者-受害者,1,1
raw:执行者-对象,1,1
raw:执行者-指令,1,1
raw:执行者-政策,1,1
raw:执行者-组织,1,1
raw:执行者-行为,1,1
raw:执行者与对象,1,1
raw:执行落实,1,1
raw:执行行为,1,1
raw:执行起义,1,1
raw:执行逮捕,1,1
raw:扩军输送,1,1
raw:扩大化,1,1
raw:扩大根据地,1,1
raw:扩展关系,1,1
raw:扩展影响,1,1
raw:扩展范围,1,1
raw:扩红/宣传,1,1
raw:扩编指挥,1,1
raw:扫射,1,1
raw:扫稗粮,1,1
raw:扫荡对象,1,1
raw:扫除地主武装,1,1
raw:扬言攻打,1,1
raw:扭住抓获,1,1
raw:扭打,1,1
raw:扰敌工作,1,1
raw:扶助,1,1
raw:扶起/安抚,1,1
raw:批准/入党,1,1
raw:批准/召开,1,1
raw:批准入伍,1,1
raw:批准关系,1,1
raw:批准吸收,1,1
raw:批准处决,1,1
raw:批准恢复番号,1,1
raw:批准接关系,1,1
raw:批准改编,1,1
raw:批准者,1,1
raw:批准转正,1,1
raw:批准逮捕,1,1
raw:批准重建,1,1
raw:批判/指导,1,1
raw:批判领导方式,1,1
raw:批复关系,1,1
raw:批复认定,1,1
raw:批注,1,1
raw:批示对象,1,1
raw:批示更正,1,1
raw:批评/批准,1,1
raw:批评对象,1,1
raw:批评指导,1,1
raw:批评者,1,1
raw:扼要截击,1,1
raw:找到组织,1,1
raw:找水,1,1
raw:承受,1,1
raw:承担/支援,1,1
raw:承担任务,1,1
raw:承接,1,1
raw:承认/纠正,1,1
raw:承认失败,1,1
raw:承诺安全,1,1
raw:承诺宣传,1,1
raw:承载-精神,1,1
raw:承载关系,1,1
raw:承载情感,1,1
raw:技术引进,1,1
raw:技术指导,1,1
raw:技术贡献,1,1
raw:技术资料来源,1,1
raw:技术顾问,1,1
raw:抄写,1,1
raw:抄读,1,1
raw:抄走,1,1
raw:抉择,1,1
raw:把持于,1,1
raw:把握,1,1
raw:抒发与坚守,1,1
raw:抓回,1,1
raw:抓捕/处决,1,1
raw:抓捕与被俘虏,1,1
raw:抓捕者,1,1
raw:抓捕者-被俘者,1,1
raw:抓捕者-被捕者,1,1
raw:抓获枪决,1,1
raw:抓走,1,1
raw:投井,1,1
raw:投入,1,1
raw:投入活动,1,1
raw:投向,1,1
raw:投向革命于,1,1
raw:投掷,1,1
raw:投敌关联,1,1
raw:投稿者,1,1
raw:投笔从戎,1,1
raw:投诚关系,1,1
raw:投诚归顺,1,1
raw:投诚接收,1,1
raw:投诚者-接收方,1,1
raw:投诚革命,1,1
raw:投身革命,1,1
raw:投降-镇压,1,1
raw:投降事件关联,1,1
raw:投降交械,1,1
raw:投降关系,1,1
raw:投降地点,1,1
raw:投降对象,1,1
raw:投降带路,1,1
raw:投靠/任职,1,1
raw:投靠计划,1,1
raw:抗丁据点,1,1
raw:抗争对象,1,1
raw:抗击/围歼,1,1
raw:抗战,1,1
raw:抗拒运粮,1,1
raw:抗日斗争,1,1
raw:抗日活动地,1,1
raw:抗暴,1,1
raw:抗议-对峙,1,1
raw:抗议斗争,1,1
raw:抗议者,1,1
raw:抗议至,1,1
raw:抗议行动,1,1
raw:折回,1,1
raw:折窜,1,1
raw:抚养地,1,1
raw:抛尸/发现,1,1
raw:抢劫迫害,1,1
raw:抢占任务,1,1
raw:抢夺物资,1,1
raw:抢架,1,1
raw:抢渡突破,1,1
raw:抢船,1,1
raw:抢走,1,1
raw:抢跑,1,1
raw:护卫对象,1,1
raw:护厂工作关联,1,1
raw:护厂工作对象,1,1
raw:护守,1,1
raw:护校行动,1,1
raw:护理,1,1
raw:护理对象,1,1
raw:护理者,1,1
raw:护矿区域,1,1
raw:护矿负责人,1,1
raw:护红抗清,1,1
raw:护送/掩护,1,1
raw:护送于,1,1
raw:护送安葬,1,1
raw:护送情报,1,1
raw:护送目的地,1,1
raw:护送组织,1,1
raw:报名参军,1,1
raw:报告-地点,1,1
raw:报告关联,1,1
raw:报告分析,1,1
raw:报告归属,1,1
raw:报告敌情,1,1
raw:报告记载,1,1
raw:报复性烧杀,1,1
raw:报导,1,1
raw:报恩,1,1
raw:报捷慰问,1,1
raw:报请,1,1
raw:报道于,1,1
raw:报道关联,1,1
raw:报酬落实,1,1
raw:抨击对象,1,1
raw:披露者,1,1
raw:抬,1,1
raw:抬背,1,1
raw:抵制与斗争,1,1
raw:抵制对象,1,1
raw:抵制斗争,1,1
raw:抵制活动,1,1
raw:抵抗关系,1,1
raw:抵抗活动,1,1
raw:抵达/侦察,1,1
raw:抵达/视察,1,1
raw:抵达地,1,1
raw:抵达地点,1,1
raw:押回教训,1,1
raw:押至,1,1
raw:押解,1,1
raw:押解于,1,1
raw:押解至,1,1
raw:押运,1,1
raw:押运终点,1,1
raw:押送,1,1
raw:押送目的地,1,1
raw:押送至,1,1
raw:押送路线,1,1
raw:抽出组建,1,1
raw:抽絮做,1,1
raw:担任中队长,1,1
raw:担任主任于,1,1
raw:担任书记于,1,1
raw:担任代理市长,1,1
raw:担任会长,1,1
raw:担任军事主任,1,1
raw:担任军长,1,1
raw:担任副区长,1,1
raw:担任副职,1,1
raw:担任副队长,1,1
raw:担任司令,1,1
raw:担任名誉理事长,1,1
raw:担任向导,1,1
raw:担任妇委书记,1,1
raw:担任小组长于,1,1
raw:担任常委,1,1
raw:担任总司令,1,1
raw:担任总指挥,1,1
raw:担任总编辑,1,1
raw:担任总负责人,1,1
raw:担任指导员,1,1
raw:担任指挥长,1,1
raw:担任政治部主任,1,1
raw:担任教导员,1,1
raw:担任教练,1,1
raw:担任旅长,1,1
raw:担任社长,1,1
raw:担任联络员,1,1
raw:担任董事长,1,1
raw:担任要职,1,1
raw:担任警卫员,1,1
raw:担任连长,1,1
raw:担任领导于,1,1
raw:担保关系,1,1
raw:担负,1,1
raw:拆分,1,1
raw:拆毁,1,1
raw:拆除,1,1
raw:拉上关系,1,1
raw:拉出,1,1
raw:拉夫,1,1
raw:拉拢与防备,1,1
raw:拉拢利用,1,1
raw:拉拢团结,1,1
raw:拉拢限制,1,1
raw:拉歌,1,1
raw:拉队伍回,1,1
raw:拍摄于,1,1
raw:拒不出席,1,1
raw:拒交学生,1,1
raw:拒绝使用,1,1
raw:拒绝收编,1,1
raw:拒绝离开,1,1
raw:拒绝者,1,1
raw:拒绝联系,1,1
raw:拒绝贿赂,1,1
raw:拒降/牺牲,1,1
raw:拓展,1,1
raw:拓展于,1,1
raw:拔除据点,1,1
raw:拖住疲劳,1,1
raw:拖出,1,1
raw:拘押事件,1,1
raw:拘押地,1,1
raw:拘押地点,1,1
raw:拘押场所,1,1
raw:拘捕关系,1,1
raw:拘捕行动,1,1
raw:招兵,1,1
raw:招兵/指挥,1,1
raw:招募,1,1
raw:招待,1,1
raw:招收,1,1
raw:招生,1,1
raw:招聘引进,1,1
raw:拜认干父,1,1
raw:拟抽调,1,1
raw:拟稿,1,1
raw:拥军,1,1
raw:拥护关系,1,1
raw:拥护支持,1,1
raw:拥有,1,1
raw:拦截于,1,1
raw:拦截缴获,1,1
raw:拨付关系,1,1
raw:拨款新建,1,1
raw:拨款方,1,1
raw:拱倒,1,1
raw:拼凑,1,1
raw:拼凑纠集,1,1
raw:拼杀击毙,1,1
raw:拿下,1,1
raw:拿出步枪,1,1
raw:拿办,1,1
raw:拿去,1,1
raw:拿获,1,1
raw:持续至,1,1
raw:挂彩,1,1
raw:挂钩医疗,1,1
raw:指令/发展组织,1,1
raw:指令发出者,1,1
raw:指令拿获,1,1
raw:指使/利用,1,1
raw:指出/号召,1,1
raw:指出保存,1,1
raw:指出反对,1,1
raw:指出改正,1,1
raw:指出特点,1,1
raw:指定-根据地,1,1
raw:指定联系,1,1
raw:指导-关系,1,1
raw:指导-区域,1,1
raw:指导-文献,1,1
raw:指导-武装,1,1
raw:指导/传播,1,1
raw:指导/印发,1,1
raw:指导/建立,1,1
raw:指导/影响,1,1
raw:指导/管理,1,1
raw:指导/联络,1,1
raw:指导/赞扬,1,1
raw:指导/重审,1,1
raw:指导与推行,1,1
raw:指导与活动区域,1,1
raw:指导典型,1,1
raw:指导制定,1,1
raw:指导发展,1,1
raw:指导政策,1,1
raw:指导文献,1,1
raw:指导方-机构,1,1
raw:指导武装斗争,1,1
raw:指导理论,1,1
raw:指导监督,1,1
raw:指导策反,1,1
raw:指导筹建,1,1
raw:指导纠正于,1,1
raw:指导组织,1,1
raw:指导编写,1,1
raw:指导编辑,1,1
raw:指导群众运动,1,1
raw:指导者-参与者,1,1
raw:指导者-部队,1,1
raw:指导者与地点,1,1
raw:指导者与组织,1,1
raw:指导者与被指导对象,1,1
raw:指导范围,1,1
raw:指导设计,1,1
raw:指挥-发生地,1,1
raw:指挥-战斗地点,1,1
raw:指挥-打击对象,1,1
raw:指挥-投降谈判,1,1
raw:指挥-据点,1,1
raw:指挥-行动地,1,1
raw:指挥-解放地点,1,1
raw:指挥-转移,1,1
raw:指挥-部队,1,1
raw:指挥-配合,1,1
raw:指挥-阵地,1,1
raw:指挥/动员,1,1
raw:指挥/坚守,1,1
raw:指挥/战斗,1,1
raw:指挥/扫荡,1,1
raw:指挥/教育,1,1
raw:指挥/歼灭,1,1
raw:指挥/退缩,1,1
raw:指挥/防卫,1,1
raw:指挥不力,1,1
raw:指挥与执行,1,1
raw:指挥与改组,1,1
raw:指挥与被俘虏,1,1
raw:指挥交接,1,1
raw:指挥协同,1,1
raw:指挥单位,1,1
raw:指挥合围,1,1
raw:指挥围剿,1,1
raw:指挥围歼,1,1
raw:指挥处决,1,1
raw:指挥奔袭,1,1
raw:指挥平叛,1,1
raw:指挥总攻,1,1
raw:指挥战斗于,1,1
raw:指挥抄袭,1,1
raw:指挥抵抗,1,1
raw:指挥撤离,1,1
raw:指挥撤退,1,1
raw:指挥收缴,1,1
raw:指挥攻打,1,1
raw:指挥救火,1,1
raw:指挥整编,1,1
raw:指挥断后,1,1
raw:指挥暴行,1,1
raw:指挥机关转移,1,1
raw:指挥构筑,1,1
raw:指挥歼灭,1,1
raw:指挥清查,1,1
raw:指挥渡江,1,1
raw:指挥游击,1,1
raw:指挥游击队,1,1
raw:指挥火攻,1,1
raw:指挥破坏,1,1
raw:指挥管辖,1,1
raw:指挥翻越于,1,1
raw:指挥者-战场,1,1
raw:指挥者-行动,1,1
raw:指挥者-被攻击对象,1,1
raw:指挥者与事件关联,1,1
raw:指挥者与被指挥者,1,1
raw:指挥联络,1,1
raw:指挥范围,1,1
raw:指挥行动地,1,1
raw:指挥袭击,1,1
raw:指挥袭击于,1,1
raw:指挥解救,1,1
raw:指挥请求,1,1
raw:指挥调动,1,1
raw:指挥调度,1,1
raw:指挥转移,1,1
raw:指挥迎击,1,1
raw:指挥追击,1,1
raw:指挥通过,1,1
raw:指挥部,1,1
raw:指挥部和后勤部,1,1
raw:指挥部设在,1,1
raw:指控/杀害,1,1
raw:指控对象,1,1
raw:指明,1,1
raw:指明出路,1,1
raw:指派协助,1,1
raw:指示-执行,1,1
raw:指示/传达,1,1
raw:指示/筹款,1,1
raw:指示/领导,1,1
raw:指示与被指示,1,1
raw:指示事件,1,1
raw:指示保障,1,1
raw:指示信发出者-受文区域,1,1
raw:指示创办,1,1
raw:指示利用,1,1
raw:指示发布者,1,1
raw:指示地,1,1
raw:指示坚持,1,1
raw:指示处决,1,1
raw:指示处理,1,1
raw:指示安葬,1,1
raw:指示实施,1,1
raw:指示实施地,1,1
raw:指示应对,1,1
raw:指示恢复,1,1
raw:指示批示,1,1
raw:指示撤销,1,1
raw:指示方,1,1
raw:指示方-执行方,1,1
raw:指示方针,1,1
raw:指示照顾,1,1
raw:指示破坏,1,1
raw:指示组织,1,1
raw:指示者-事件,1,1
raw:指示者-执行者,1,1
raw:指示者-被指示对象,1,1
raw:指示联系,1,1
raw:指示联络,1,1
raw:指示调整,1,1
raw:指认,1,1
raw:指认于,1,1
raw:按兵不动导致,1,1
raw:挑动,1,1
raw:挑战,1,1
raw:挑拨,1,1
raw:挑拨分裂,1,1
raw:挑衅,1,1
raw:挑选成立,1,1
raw:挖开,1,1
raw:挖食,1,1
raw:挥动,1,1
raw:挨家串门,1,1
raw:挨户募捐,1,1
raw:挫伤,1,1
raw:挫折,1,1
raw:挺进/接管,1,1
raw:挺进区域,1,1
raw:挺进开辟,1,1
raw:挽救,1,1
raw:挽留,1,1
raw:挽留/送行,1,1
raw:捆绑,1,1
raw:捉住,1,1
raw:捉住吊打,1,1
raw:捉拿归案,1,1
raw:捉获,1,1
raw:捉送,1,1
raw:捐建,1,1
raw:捐款支持,1,1
raw:捐赠关系,1,1
raw:捐赠文献,1,1
raw:捕押,1,1
raw:捕押勒款,1,1
raw:捕获方,1,1
raw:捕获行动,1,1
raw:捞取,1,1
raw:损失,1,1
raw:换药,1,1
raw:换衣,1,1
raw:捣乱,1,1
raw:捣毁庄园,1,1
raw:据守,1,1
raw:据点-事件,1,1
raw:据点-活动,1,1
raw:据点-负责人,1,1
raw:据点建立,1,1
raw:据险防守,1,1
raw:掀起热潮,1,1
raw:授予烈士称号,1,1
raw:授予荣誉,1,1
raw:授旗,1,1
raw:授旗授印,1,1
raw:授权,1,1
raw:授权监督执行,1,1
raw:授课/布置,1,1
raw:授课关系,1,1
raw:授课关联,1,1
raw:掉队于,1,1
raw:掌控关系,1,1
raw:掌握主动权,1,1
raw:掌握金融,1,1
raw:掌握领导,1,1
raw:排斥,1,1
raw:探亲,1,1
raw:探明,1,1
raw:探望/赞誉,1,1
raw:探查,1,1
raw:探监地点,1,1
raw:探讨,1,1
raw:探询,1,1
raw:探路,1,1
raw:探进,1,1
raw:接上,1,1
raw:接上组织关系,1,1
raw:接任职务,1,1
raw:接办刊物,1,1
raw:接受指导,1,1
raw:接受支援,1,1
raw:接受者-载体,1,1
raw:接受采访,1,1
raw:接头地,1,1
raw:接头联络,1,1
raw:接应于,1,1
raw:接应指挥,1,1
raw:接应者,1,1
raw:接应转移,1,1
raw:接引,1,1
raw:接待/回忆,1,1
raw:接待/宣传,1,1
raw:接待人员,1,1
raw:接待关系,1,1
raw:接待对象,1,1
raw:接待教育,1,1
raw:接待者,1,1
raw:接待者-被接待对象,1,1
raw:接待配合,1,1
raw:接收为党员,1,1
raw:接收受降,1,1
raw:接收对象,1,1
raw:接收枪支,1,1
raw:接替护送,1,1
raw:接来,1,1
raw:接洽/指导,1,1
raw:接洽对象,1,1
raw:接洽试探,1,1
raw:接管任务,1,1
raw:接管区域,1,1
raw:接管改组,1,1
raw:接管改造,1,1
raw:接管登记,1,1
raw:接管负责人,1,1
raw:接纳,1,1
raw:接续人,1,1
raw:接见与资助,1,1
raw:接见地点,1,1
raw:接见批准,1,1
raw:接见答复,1,1
raw:接触于,1,1
raw:接近,1,1
raw:接近稳住,1,1
raw:接风,1,1
raw:接驳点,1,1
raw:控制地点,1,1
raw:控制工具,1,1
raw:控制手段,1,1
raw:控制扑灭,1,1
raw:控制机构,1,1
raw:控制点,1,1
raw:控制目标,1,1
raw:控制者,1,1
raw:控告对象,1,1
raw:控诉者,1,1
raw:推入河中,1,1
raw:推动-事件,1,1
raw:推动-被推动,1,1
raw:推动/决策,1,1
raw:推动/导致,1,1
raw:推动创办,1,1
raw:推动恢复,1,1
raw:推动成立,1,1
raw:推动设立,1,1
raw:推定为主席,1,1
raw:推广对象,1,1
raw:推广经验,1,1
raw:推派,1,1
raw:推翻-被推翻者,1,1
raw:推翻对象,1,1
raw:推荐/派遣,1,1
raw:推行区域,1,1
raw:推行战略,1,1
raw:推行普及,1,1
raw:推诿,1,1
raw:推辞/收下,1,1
raw:推销,1,1
raw:掩护-地点,1,1
raw:掩护-对象,1,1
raw:掩护/临时掩蔽,1,1
raw:掩护/协助,1,1
raw:掩护/印发,1,1
raw:掩护/安置,1,1
raw:掩护/据点,1,1
raw:掩护/撤退,1,1
raw:掩护/转移,1,1
raw:掩护与执行,1,1
raw:掩护与支援,1,1
raw:掩护于,1,1
raw:掩护单位,1,1
raw:掩护工具,1,1
raw:掩护手段,1,1
raw:掩护撤退于,1,1
raw:掩护救治,1,1
raw:掩护方式,1,1
raw:掩护机关,1,1
raw:掩护机构,1,1
raw:掩护活动场所,1,1
raw:掩护照料,1,1
raw:掩护突围,1,1
raw:掩护者-被掩护者,1,1
raw:掩护职业,1,1
raw:掩护脱险,1,1
raw:掩护身份-关联人物,1,1
raw:掩护过江,1,1
raw:掩蔽和帮助,1,1
raw:掩蔽牺牲,1,1
raw:措施-主体,1,1
raw:描写,1,1
raw:提交文献,1,1
raw:提交物,1,1
raw:提供军用地图,1,1
raw:提供口述,1,1
raw:提供回忆,1,1
raw:提供场地,1,1
raw:提供契机,1,1
raw:提供帮助,1,1
raw:提供庇护,1,1
raw:提供战术建议,1,1
raw:提供据点,1,1
raw:提供政治方向,1,1
raw:提供立足点,1,1
raw:提供者-物品,1,1
raw:提供者-物资,1,1
raw:提供者与物品,1,1
raw:提供装备,1,1
raw:提供证言,1,1
raw:提供阅读,1,1
raw:提倡,1,1
raw:提出创办,1,1
raw:提出加强,1,1
raw:提出口号,1,1
raw:提出思想,1,1
raw:提出战术,1,1
raw:提出战略,1,1
raw:提出报告,1,1
raw:提出政策,1,1
raw:提出方案,1,1
raw:提出方针,1,1
raw:提出期望,1,1
raw:提出疑异,1,1
raw:提出策略,1,1
raw:提出组建,1,1
raw:提出者-理论,1,1
raw:提出计划,1,1
raw:提出计划地,1,1
raw:提出诉求,1,1
raw:提出转兵贵州,1,1
raw:提前结束,1,1
raw:提升作用,1,1
raw:提及,1,1
raw:提及关系,1,1
raw:提拔任用,1,1
raw:提炼者,1,1
raw:提议召开,1,1
raw:提议安置,1,1
raw:提议建立,1,1
raw:提议转移,1,1
raw:提讯者,1,1
raw:提醒,1,1
raw:提防,1,1
raw:提高觉悟,1,1
raw:插入,1,1
raw:揭发对象,1,1
raw:揭发批评,1,1
raw:揭发者,1,1
raw:揭破,1,1
raw:揭露-对象,1,1
raw:揭露事件,1,1
raw:揭露关系,1,1
raw:揭露叛逃阴谋,1,1
raw:揭露抗议,1,1
raw:揭露腐败,1,1
raw:援助关系,1,1
raw:援助对象,1,1
raw:搀扶,1,1
raw:搀扶鼓励,1,1
raw:搂住,1,1
raw:搏斗牺牲,1,1
raw:搏杀,1,1
raw:搜取,1,1
raw:搜山合围,1,1
raw:搜山围困,1,1
raw:搜捕事件,1,1
raw:搜捕威胁,1,1
raw:搜捕行动,1,1
raw:搜查对象,1,1
raw:搜索追歼,1,1
raw:搜缴,1,1
raw:搜缴对象,1,1
raw:搞,1,1
raw:搞钱,1,1
raw:搬迁,1,1
raw:搬迁至,1,1
raw:搬运于,1,1
raw:搭档,1,1
raw:搭浮桥,1,1
raw:携带传播,1,1
raw:携带物,1,1
raw:摘录者-事件,1,1
raw:摧残,1,1
raw:摧毁对象,1,1
raw:摧毁政权,1,1
raw:摩擦,1,1
raw:撑船,1,1
raw:撕开,1,1
raw:撕毁,1,1
raw:撤到,1,1
raw:撤回,1,1
raw:撤并,1,1
raw:撤换,1,1
raw:撤离区域,1,1
raw:撤离协助,1,1
raw:撤离指示,1,1
raw:撤离通知,1,1
raw:撤离部署,1,1
raw:撤走,1,1
raw:撤退/南逃,1,1
raw:撤退安排,1,1
raw:撤退行动,1,1
raw:撤销于,1,1
raw:撤销并入,1,1
raw:撤销建制,1,1
raw:撤销移交,1,1
raw:撤销职务,1,1
raw:播响,1,1
raw:播撒,1,1
raw:撰写/控诉,1,1
raw:撰写/签署,1,1
raw:撰写发刊词,1,1
raw:撰写对象,1,1
raw:撰写总结,1,1
raw:撰写报告,1,1
raw:撰文,1,1
raw:撰文纪念,1,1
raw:撰稿者,1,1
raw:撵走,1,1
raw:擅自离队返回,1,1
raw:擅长,1,1
raw:操控,1,1
raw:操控关系,1,1
raw:操纵/伪造,1,1
raw:擒拿行动,1,1
raw:擒捕,1,1
raw:攀崖,1,1
raw:攀登,1,1
raw:支前支援,1,1
raw:支持-传播媒介,1,1
raw:支持-战役,1,1
raw:支持-提供,1,1
raw:支持-武装力量,1,1
raw:支持-被支持,1,1
raw:支持/支助,1,1
raw:支持/联系,1,1
raw:支持举办,1,1
raw:支持于,1,1
raw:支持体系,1,1
raw:支持修建,1,1
raw:支持军事主张,1,1
raw:支持出版,1,1
raw:支持力量,1,1
raw:支持参与,1,1
raw:支持发行,1,1
raw:支持地点,1,1
raw:支持工具,1,1
raw:支持态度,1,1
raw:支持手段,1,1
raw:支持推动,1,1
raw:支持方,1,1
raw:支持来源,1,1
raw:支持者-地点,1,1
raw:支持者-根据地,1,1
raw:支持者-组织,1,1
raw:支持者-行动,1,1
raw:支持者-被支持者,1,1
raw:支持者与领导者,1,1
raw:支援-作战区域,1,1
raw:支援-地点,1,1
raw:支援-战役,1,1
raw:支援-战斗地点,1,1
raw:支援-机构,1,1
raw:支援-组织,1,1
raw:支援-行动区域,1,1
raw:支援/搭建,1,1
raw:支援/筹款,1,1
raw:支援/赠送,1,1
raw:支援与关怀,1,1
raw:支援人员,1,1
raw:支援作战,1,1
raw:支援保障,1,1
raw:支援参与,1,1
raw:支援建设,1,1
raw:支援形式,1,1
raw:支援斗争,1,1
raw:支援方向,1,1
raw:支援来源,1,1
raw:支援物资,1,1
raw:支援目标,1,1
raw:支援联系,1,1
raw:支援革命活动,1,1
raw:支撑-事件,1,1
raw:支撑-成果,1,1
raw:支撑保障,1,1
raw:支撑地点,1,1
raw:支撑基础,1,1
raw:支撑手段,1,1
raw:支撑机制,1,1
raw:支撑活动,1,1
raw:支撑物,1,1
raw:支撑载体,1,1
raw:收买/操纵,1,1
raw:收买瓦解,1,1
raw:收信人,1,1
raw:收入,1,1
raw:收养关系,1,1
raw:收到,1,1
raw:收听,1,1
raw:收复地点,1,1
raw:收容地,1,1
raw:收容行动,1,1
raw:收尸安葬,1,1
raw:收录人物,1,1
raw:收录时间,1,1
raw:收徒,1,1
raw:收拢,1,1
raw:收捐关系,1,1
raw:收留/掩护,1,1
raw:收留/照料,1,1
raw:收留合作,1,1
raw:收留照护,1,1
raw:收税,1,1
raw:收编请求,1,1
raw:收缩集结,1,1
raw:收网,1,1
raw:收藏地,1,1
raw:收集保管,1,1
raw:改制,1,1
raw:改建为,1,1
raw:改派,1,1
raw:改称为,1,1
raw:改组为,1,1
raw:改组者,1,1
raw:改组领导,1,1
raw:改编/合并,1,1
raw:改编/整编,1,1
raw:改编/更名,1,1
raw:改编与被改编,1,1
raw:改编事件,1,1
raw:改编于,1,1
raw:改编地,1,1
raw:改编指令,1,1
raw:改编诉求,1,1
raw:改编集中,1,1
raw:改选,1,1
raw:改造关系,1,1
raw:改造工具,1,1
raw:改造整顿,1,1
raw:改造者,1,1
raw:改道,1,1
raw:改道地点,1,1
raw:改革方向,1,1
raw:攻下,1,1
raw:攻克/击溃,1,1
raw:攻克/歼灭,1,1
raw:攻克目标,1,1
raw:攻击-位置,1,1
raw:攻击-地点,1,1
raw:攻击-对象,1,1
raw:攻击-被击溃,1,1
raw:攻击关联,1,1
raw:攻击工具,1,1
raw:攻击执行者,1,1
raw:攻击方-被攻击方,1,1
raw:攻击方-防御区域,1,1
raw:攻击来源,1,1
raw:攻击行动,1,1
raw:攻剿,1,1
raw:攻势,1,1
raw:攻占伏击,1,1
raw:攻取,1,1
raw:攻取缴获,1,1
raw:攻城,1,1
raw:攻打/缴械,1,1
raw:攻打于,1,1
raw:攻打抢劫,1,1
raw:攻摸偷袭,1,1
raw:攻歼,1,1
raw:攻陷/劫掠,1,1
raw:攻陷/盘据,1,1
raw:放出,1,1
raw:放松,1,1
raw:放枪报警,1,1
raw:放走,1,1
raw:政委,1,1
raw:政府驻地,1,1
raw:政攻,1,1
raw:政权,1,1
raw:政权-建立,1,1
raw:政权-镇压,1,1
raw:政权与地点关联,1,1
raw:政权交涉,1,1
raw:政权建立地,1,1
raw:政权恢复,1,1
raw:政权更替,1,1
raw:政权构建关系,1,1
raw:政权类型,1,1
raw:政权职位,1,1
raw:政权角色,1,1
raw:政治,1,1
raw:政治中心,1,1
raw:政治中心关联,1,1
raw:政治互动,1,1
raw:政治交涉,1,1
raw:政治倾向,1,1
raw:政治劝降,1,1
raw:政治协商,1,1
raw:政治压迫,1,1
raw:政治回应,1,1
raw:政治属性,1,1
raw:政治平台,1,1
raw:政治影响,1,1
raw:政治感召,1,1
raw:政治成果,1,1
raw:政治打击,1,1
raw:政治承诺,1,1
raw:政治投靠,1,1
raw:政治招抚,1,1
raw:政治拥护,1,1
raw:政治支持,1,1
raw:政治教育,1,1
raw:政治整编,1,1
raw:政治瓦解,1,1
raw:政治监控,1,1
raw:政治目标,1,1
raw:政治继承,1,1
raw:政治联盟,1,1
raw:政治背景,1,1
raw:政治认同,1,1
raw:政治证明,1,1
raw:政治转折,1,1
raw:政治追求,1,1
raw:政治部主任,1,1
raw:政治阴谋,1,1
raw:政治鼓励,1,1
raw:政策,1,1
raw:政策-事件,1,1
raw:政策-制定者,1,1
raw:政策-区域,1,1
raw:政策-物证,1,1
raw:政策-组织,1,1
raw:政策下发,1,1
raw:政策争取,1,1
raw:政策传播,1,1
raw:政策功能,1,1
raw:政策原则,1,1
raw:政策发布,1,1
raw:政策实施对象,1,1
raw:政策宣讲对象,1,1
raw:政策引导,1,1
raw:政策感化,1,1
raw:政策执行者,1,1
raw:政策指示,1,1
raw:政策推动,1,1
raw:政策推广,1,1
raw:政策支撑,1,1
raw:政策攻心,1,1
raw:政策核心,1,1
raw:政策目的,1,1
raw:政策立场,1,1
raw:政策背景,1,1
raw:政策落实,1,1
raw:政策载体,1,1
raw:政策配套,1,1
raw:政策阐述,1,1
raw:效劳,1,1
raw:效忠关系,1,1
raw:敌人逃往方向,1,1
raw:敌军部署,1,1
raw:敌对,1,1
raw:敌对据点,1,1
raw:救,1,1
raw:救出收养,1,1
raw:救助/培养,1,1
raw:救助/开导,1,1
raw:救助/教育,1,1
raw:救助地,1,1
raw:救助对象,1,1
raw:救护/隐藏,1,1
raw:救援/救济,1,1
raw:救援关系,1,1
raw:救援关联,1,1
raw:救援牺牲,1,1
raw:救援行动,1,1
raw:救治/留任,1,1
raw:救治与传授,1,1
raw:救治与支援,1,1
raw:救治与藏匿,1,1
raw:救治保护,1,1
raw:救治安排,1,1
raw:救治行为,1,1
raw:救济/宣传,1,1
raw:救济安置,1,1
raw:救火,1,1
raw:救火/赔偿,1,1
raw:救赎关系,1,1
raw:教书入党,1,1
raw:教唆,1,1
raw:教唱歌曲,1,1
raw:教学/宣传,1,1
raw:教学与引导,1,1
raw:教学单位,1,1
raw:教学实践,1,1
raw:教学支持,1,1
raw:教学者,1,1
raw:教官,1,1
raw:教导主任,1,1
raw:教材-教育载体,1,1
raw:教练,1,1
raw:教育-群体,1,1
raw:教育/保护,1,1
raw:教育/发动,1,1
raw:教育/改造,1,1
raw:教育/辅导,1,1
raw:教育与宣传,1,1
raw:教育于,1,1
raw:教育使命,1,1
raw:教育利用,1,1
raw:教育团结,1,1
raw:教育场所-人物,1,1
raw:教育培养,1,1
raw:教育培训,1,1
raw:教育帮助,1,1
raw:教育引导于,1,1
raw:教育形式,1,1
raw:教育指导,1,1
raw:教育机构-活动区域,1,1
raw:教育机构关联,1,1
raw:教育者-被教育者,1,1
raw:教育者与被教育者,1,1
raw:教育训练,1,1
raw:教育阵地,1,1
raw:散发传单,1,1
raw:散发至,1,1
raw:散居工作,1,1
raw:散布,1,1
raw:敬仰,1,1
raw:敬佩,1,1
raw:敬畏与好奇,1,1
raw:敲诈勒索,1,1
raw:整改对象,1,1
raw:整治,1,1
raw:整理/审定,1,1
raw:整理供稿,1,1
raw:整理修订,1,1
raw:整理史料于,1,1
raw:整理机构,1,1
raw:整理者-事件,1,1
raw:整理者与被整理者,1,1
raw:整理资料,1,1
raw:整编/授权,1,1
raw:整编/活动于,1,1
raw:整编/隶属,1,1
raw:整编/领导,1,1
raw:整编事件,1,1
raw:整编成立,1,1
raw:整编方向,1,1
raw:整编来源,1,1
raw:整编移交,1,1
raw:整训/指挥,1,1
raw:整训于,1,1
raw:整训地点,1,1
raw:整顿/任命,1,1
raw:整顿/建支部,1,1
raw:整顿不力,1,1
raw:整顿关系,1,1
raw:整顿地点,1,1
raw:整顿对象,1,1
raw:整顿武装,1,1
raw:整顿者,1,1
raw:敷衍,1,1
raw:文书沟通,1,1
raw:文件保管,1,1
raw:文件审阅地,1,1
raw:文化关联,1,1
raw:文化创作,1,1
raw:文化收藏,1,1
raw:文化教育工作者,1,1
raw:文化活动,1,1
raw:文学创作,1,1
raw:文物-地点,1,1
raw:文物保存,1,1
raw:文物保护,1,1
raw:文物展览,1,1
raw:文献-事件,1,1
raw:文献-组织,1,1
raw:文献作者,1,1
raw:文献依据,1,1
raw:文献收录,1,1
raw:文献记载,1,1
raw:文艺宣传,1,1
raw:文艺载体,1,1
raw:斗争/揭露,1,1
raw:斗争/镇压,1,1
raw:斗争主体,1,1
raw:斗争事件,1,1
raw:斗争区域-据点,1,1
raw:斗争区域关联,1,1
raw:斗争发生地,1,1
raw:斗争地域,1,1
raw:斗争地点-敌方人物,1,1
raw:斗争场所,1,1
raw:斗争工具,1,1
raw:斗争成果,1,1
raw:斗争控诉,1,1
raw:斗争揭露,1,1
raw:斗争纲领,1,1
raw:斗争胜利,1,1
raw:斗争范围,1,1
raw:斗倒,1,1
raw:斗垮,1,1
raw:斡旋,1,1
raw:斥责,1,1
raw:断后,1,1
raw:断言,1,1
raw:方位,1,1
raw:方针指导,1,1
raw:施压停办,1,1
raw:施工,1,1
raw:施政/造福,1,1
raw:无,1,1
raw:时-事,1,1
raw:时代背景关联,1,1
raw:时代要求,1,1
raw:时序,1,1
raw:时机把握,1,1
raw:时空关系,1,1
raw:时间-组织,1,1
raw:时间与事件关联,1,1
raw:时间发展,1,1
raw:时间点,1,1
raw:时间线,1,1
raw:时间轴,1,1
raw:明确代管,1,1
raw:智勇歼敌,1,1
raw:智取/迷惑,1,1
raw:智取于,1,1
raw:智取处决,1,1
raw:智取突破于,1,1
raw:智引并壮烈牺牲,1,1
raw:智斗保护,1,1
raw:智歼,1,1
raw:智退/转移,1,1
raw:暂住安排,1,1
raw:暂居地,1,1
raw:暂留工作,1,1
raw:暗中往来,1,1
raw:暗中破坏,1,1
raw:暗地收买,1,1
raw:暗察,1,1
raw:暴乱,1,1
raw:暴动据点,1,1
raw:暴露对象,1,1
raw:曲解,1,1
raw:更名关系,1,1
raw:更正,1,1
raw:曾参与,1,1
raw:曾是成员,1,1
raw:替代,1,1
raw:替代关系,1,1
raw:替换,1,1
raw:替难,1,1
raw:最终安置地,1,1
raw:最终结局,1,1
raw:最终结果,1,1
raw:朋友,1,1
raw:朋友-关系,1,1
raw:朋友关系,1,1
raw:服从指挥,1,1
raw:服务/参与,1,1
raw:服务/领导,1,1
raw:服务单位,1,1
raw:服役,1,1
raw:服毒,1,1
raw:期盼,1,1
raw:未出席,1,1
raw:未参会,1,1
raw:未参战,1,1
raw:未受罪,1,1
raw:未能实施,1,1
raw:机关报,1,1
raw:机关设在此,1,1
raw:机关驻扎于,1,1
raw:机构-主体,1,1
raw:机构-人事,1,1
raw:机构-作品,1,1
raw:机构-决策,1,1
raw:机构-组织,1,1
raw:机构-负责人,1,1
raw:机构-部署,1,1
raw:机构与地点,1,1
raw:机构与地点关联,1,1
raw:机构任职关系,1,1
raw:机构关联,1,1
raw:机构归属,1,1
raw:机构职位,1,1
raw:机构设施,1,1
raw:机构设立地,1,1
raw:机构设置,1,1
raw:杀害报复,1,1
raw:杀害者,1,1
raw:杀开,1,1
raw:杀毙,1,1
raw:杀白马,1,1
raw:杀马后,1,1
raw:杀马救治,1,1
raw:权限获取,1,1
raw:条件-支持,1,1
raw:条件/准备,1,1
raw:来,1,1
raw:来到,1,1
raw:来源地-物资,1,1
raw:松绑,1,1
raw:构成要素,1,1
raw:析出,1,1
raw:枢纽,1,1
raw:枪决于,1,1
raw:枪击,1,1
raw:枪毙,1,1
raw:架好浮桥后爬上,1,1
raw:架浮桥,1,1
raw:架设准备,1,1
raw:架设浮桥,1,1
raw:架起机枪猛射,1,1
raw:架通,1,1
raw:染红,1,1
raw:查办/反坐,1,1
raw:查办/批评,1,1
raw:查办/澄清,1,1
raw:查勘,1,1
raw:查处对象,1,1
raw:查封关系,1,1
raw:查找,1,1
raw:查明,1,1
raw:查清/退还,1,1
raw:查缉,1,1
raw:查缉对象,1,1
raw:查获,1,1
raw:查获地点,1,1
raw:查获销毁,1,1
raw:查访,1,1
raw:标注区域,1,1
raw:校内关系,1,1
raw:校对者,1,1
raw:校正,1,1
raw:校长职位,1,1
raw:株连,1,1
raw:核实立史,1,1
raw:核心作用,1,1
raw:核心内容,1,1
raw:核心原则,1,1
raw:核心参与者,1,1
raw:核心口号,1,1
raw:核心支撑,1,1
raw:核心理念,1,1
raw:核心组织,1,1
raw:核心领导,1,1
raw:根据,1,1
raw:根据地-会师,1,1
raw:根据地依托,1,1
raw:根据地关联,1,1
raw:根据地扩展,1,1
raw:根据地范围,1,1
raw:根源,1,1
raw:案件移交,1,1
raw:案件转移,1,1
raw:案例,1,1
raw:案例来源,1,1
raw:档案保护,1,1
raw:检举关系,1,1
raw:检举揭发,1,1
raw:检查工作,1,1
raw:检查工作地点,1,1
raw:检讨改进,1,1
raw:检验,1,1
raw:概述,1,1
raw:榜样关系,1,1
raw:模仿自卫,1,1
raw:模范党员,1,1
raw:横向联系中断,1,1
raw:欢庆,1,1
raw:欢迎/迎接,1,1
raw:欺骗/收买,1,1
raw:歃血为盟,1,1
raw:歇脚,1,1
raw:正法,1,1
raw:步行,1,1
raw:武器交接,1,1
raw:武器转交,1,1
raw:武器转运点,1,1
raw:武装-地区,1,1
raw:武装交火,1,1
raw:武装保障,1,1
raw:武装力量,1,1
raw:武装力量-事件,1,1
raw:武装力量与地点关联,1,1
raw:武装动员,1,1
raw:武装北撤路线,1,1
raw:武装夺枪,1,1
raw:武装对抗,1,1
raw:武装平息,1,1
raw:武装接收,1,1
raw:武装接替,1,1
raw:武装控制,1,1
raw:武装攻打,1,1
raw:武装斗争关联,1,1
raw:武装暴乱,1,1
raw:武装杀害,1,1
raw:武装清剿,1,1
raw:武装组织,1,1
raw:武装群众,1,1
raw:武装袭击,1,1
raw:武装调配,1,1
raw:武装转移,1,1
raw:武装进驻,1,1
raw:武装配合,1,1
raw:死亡事件,1,1
raw:死亡关联,1,1
raw:死守,1,1
raw:歼匪自新,1,1
raw:歼灭/作战,1,1
raw:歼灭于,1,1
raw:歼灭战斗,1,1
raw:歼灭者,1,1
raw:歼灭行动,1,1
raw:殉职,1,1
raw:殉难于,1,1
raw:殉难地点,1,1
raw:残酷清剿,1,1
raw:殴打,1,1
raw:毕业,1,1
raw:毗邻于,1,1
raw:毙俘,1,1
raw:民主,1,1
raw:民主选举,1,1
raw:民族团结,1,1
raw:民族政策宣传,1,1
raw:民运组长,1,1
raw:水域关联,1,1
raw:水系,1,1
raw:水陆通道,1,1
raw:求和,1,1
raw:求学/入党,1,1
raw:求学与革命于,1,1
raw:求学于,1,1
raw:求学及加入组织地点,1,1
raw:求学工作地,1,1
raw:求教,1,1
raw:求防,1,1
raw:汇合地,1,1
raw:汇合点,1,1
raw:汇合组建,1,1
raw:汇总,1,1
raw:汇报-指示,1,1
raw:汇报与研究,1,1
raw:汇报人,1,1
raw:汇报地,1,1
raw:汇报联系,1,1
raw:汇款,1,1
raw:汇款表达敬仰,1,1
raw:汇编,1,1
raw:汇编整理,1,1
raw:汇聚,1,1
raw:沉尸地点,1,1
raw:沉放,1,1
raw:没收物,1,1
raw:没收盐店地点,1,1
raw:治伤地点,1,1
raw:治民/施政,1,1
raw:治理模式,1,1
raw:治理目标,1,1
raw:治疗关系,1,1
raw:治疗对象,1,1
raw:治疗恢复,1,1
raw:沿岸活动,1,1
raw:沿河,1,1
raw:沿用,1,1
raw:沿革,1,1
raw:泄露,1,1
raw:法律支持,1,1
raw:法规-政权,1,1
raw:波及于,1,1
raw:波及地,1,1
raw:波及范围,1,1
raw:注入,1,1
raw:注释关联,1,1
raw:洗劫,1,1
raw:洞察,1,1
raw:活动-准备,1,1
raw:活动-区域,1,1
raw:活动-参与,1,1
raw:活动-参与者,1,1
raw:活动-地域,1,1
raw:活动-对象,1,1
raw:活动-成果,1,1
raw:活动-组织者,1,1
raw:活动-载体,1,1
raw:活动/宣传,1,1
raw:活动/建设,1,1
raw:活动/指挥,1,1
raw:活动/斗争,1,1
raw:活动/残害,1,1
raw:活动/窜犯,1,1
raw:活动/转移,1,1
raw:活动/转移于,1,1
raw:活动、组织,1,1
raw:活动与事件,1,1
raw:活动中心-媒介,1,1
raw:活动中心-据点,1,1
raw:活动中心地区,1,1
raw:活动关系,1,1
raw:活动区域关联,1,1
raw:活动参与,1,1
raw:活动在,1,1
raw:活动地点-任务安排者,1,1
raw:活动地点-参与者,1,1
raw:活动地点-地点,1,1
raw:活动地点-组织,1,1
raw:活动地点-联系人,1,1
raw:活动地点-负责人,1,1
raw:活动场所-参与者,1,1
raw:活动场所-教育地点,1,1
raw:活动失慎,1,1
raw:活动延伸,1,1
raw:活动延伸地,1,1
raw:活动影响范围,1,1
raw:活动方向,1,1
raw:活动时期,1,1
raw:活动时间关联,1,1
raw:活动目标,1,1
raw:活动范围扩大至,1,1
raw:活动阶段,1,1
raw:活动领域,1,1
raw:活埋地点,1,1
raw:活捉对象,1,1
raw:派人,1,1
raw:派入掌握,1,1
raw:派兵增援,1,1
raw:派出人员,1,1
raw:派出单位,1,1
raw:派出地,1,1
raw:派出机构,1,1
raw:派员成立,1,1
raw:派回,1,1
raw:派干部加强领导,1,1
raw:派干部领导,1,1
raw:派往协助,1,1
raw:派往各地,1,1
raw:派往联系,1,1
raw:派打入,1,1
raw:派特务缉捕,1,1
raw:派系关系,1,1
raw:派进攻,1,1
raw:派遣-人员,1,1
raw:派遣-对象,1,1
raw:派遣-执行,1,1
raw:派遣-掩护,1,1
raw:派遣/任务,1,1
raw:派遣/接应,1,1
raw:派遣/政治工作,1,1
raw:派遣/通知,1,1
raw:派遣打入,1,1
raw:派遣接头,1,1
raw:派遣方,1,1
raw:派队进剿,1,1
raw:派驻党员,1,1
raw:派驻干部,1,1
raw:流亡,1,1
raw:流亡于,1,1
raw:流传地,1,1
raw:流向,1,1
raw:流域关联,1,1
raw:流散,1,1
raw:流散于,1,1
raw:流散地关联,1,1
raw:流窜,1,1
raw:流经,1,1
raw:流转于,1,1
raw:流通区域,1,1
raw:流通节点,1,1
raw:测绘,1,1
raw:测绘指示,1,1
raw:测绘范围,1,1
raw:消极行为,1,1
raw:消灭/打击,1,1
raw:消灭于,1,1
raw:消灭对象,1,1
raw:消灭目标,1,1
raw:消耗,1,1
raw:消费,1,1
raw:消除,1,1
raw:涉及内容,1,1
raw:涉及单位-事件,1,1
raw:涉及范围,1,1
raw:涉外事件,1,1
raw:涉案,1,1
raw:涌现于,1,1
raw:深入基层,1,1
raw:深入掌握,1,1
raw:深入调查,1,1
raw:深入重点于,1,1
raw:深层目的,1,1
raw:混入于,1,1
raw:清乡于,1,1
raw:清乡行动,1,1
raw:清乡迫害,1,1
raw:清党,1,1
raw:清剿于,1,1
raw:清剿部署,1,1
raw:清查,1,1
raw:清查/修碉,1,1
raw:清查搜缴,1,1
raw:清理恢复,1,1
raw:清算,1,1
raw:渗透于,1,1
raw:渗透人员,1,1
raw:渗透机构,1,1
raw:渗透组织,1,1
raw:渗透行动,1,1
raw:渡江区域,1,1
raw:渡江战役,1,1
raw:渡江指挥,1,1
raw:渡江点位,1,1
raw:渡河/损失,1,1
raw:渡河事件,1,1
raw:渡河作战,1,1
raw:渡河目标,1,1
raw:渡河集中,1,1
raw:渡送迎接,1,1
raw:游击/打土豪,1,1
raw:游击作战,1,1
raw:游击周旋,1,1
raw:游击战,1,1
raw:游击战争,1,1
raw:游击战场,1,1
raw:游行,1,1
raw:溃散,1,1
raw:溃窜/被击退,1,1
raw:溃败,1,1
raw:溃退,1,1
raw:溃退关联,1,1
raw:溃逃路线,1,1
raw:满足需求,1,1
raw:漏网,1,1
raw:演出于,1,1
raw:演出地点,1,1
raw:演出载体,1,1
raw:演化关系,1,1
raw:演变-组织,1,1
raw:演奏者,1,1
raw:演讲于,1,1
raw:演讲动员,1,1
raw:演讲场所,1,1
raw:演讲活动,1,1
raw:演讲组织者与听众,1,1
raw:潜伏人员-组织,1,1
raw:潜伏关系,1,1
raw:潜伏反共,1,1
raw:潜伏活动,1,1
raw:潜入-争取,1,1
raw:潜入侦察,1,1
raw:潜在告密风险,1,1
raw:潜往,1,1
raw:潜水,1,1
raw:潜涉,1,1
raw:潜藏,1,1
raw:潜逃/离职,1,1
raw:潜逃目的地,1,1
raw:潜逃至,1,1
raw:潜逃路径关联,1,1
raw:澄清还原,1,1
raw:激发仇恨,1,1
raw:激战/击退,1,1
raw:激战/歼敌,1,1
raw:激战击溃,1,1
raw:火力压制,1,1
raw:火力摧毁,1,1
raw:火熏歼灭,1,1
raw:炮击掩护,1,1
raw:炮击目标,1,1
raw:炸毙,1,1
raw:点燃,1,1
raw:烈士认证,1,1
raw:烈士证明,1,1
raw:烈士遗属关系,1,1
raw:烧掉,1,1
raw:烧毁于,1,1
raw:烧毁房屋,1,1
raw:照料于,1,1
raw:照顾/分担,1,1
raw:照顾关系,1,1
raw:煽动叛乱,1,1
raw:煽动威胁,1,1
raw:煽动逼迫,1,1
raw:熟人关系,1,1
raw:熟悉地形,1,1
raw:熬制,1,1
raw:爆发于,1,1
raw:爆破/炸崩,1,1
raw:爆破突击,1,1
raw:爬过,1,1
raw:爱好,1,1
raw:爱护与转运,1,1
raw:父亲-子女,1,1
raw:版面设计,1,1
raw:物-事关联,1,1
raw:物-人,1,1
raw:物-人物关联,1,1
raw:物-作用,1,1
raw:物-地关联,1,1
raw:物-来源,1,1
raw:物品-归属,1,1
raw:物证交接,1,1
raw:物质保障,1,1
raw:物质基础,1,1
raw:物资关联,1,1
raw:物资准备,1,1
raw:物资分发,1,1
raw:物资协作,1,1
raw:物资归属,1,1
raw:物资捐献,1,1
raw:物资提供,1,1
raw:物资提供者,1,1
raw:物资流向,1,1
raw:物资流通,1,1
raw:物资移交,1,1
raw:物资筹措,1,1
raw:物资联系,1,1
raw:物资补充,1,1
raw:物资补给,1,1
raw:物资资金支援,1,1
raw:物资转移路径,1,1
raw:物资转运节点,1,1
raw:物资转运路线,1,1
raw:物资运输路线,1,1
raw:物资需求,1,1
raw:牵制作战,1,1
raw:牵制威慑,1,1
raw:牵制目标,1,1
raw:牵连,1,1
raw:牵连破坏,1,1
raw:特务活动,1,1
raw:特赦,1,1
raw:牺牲-事件,1,1
raw:牺牲/被捕,1,1
raw:牺牲与处决关联,1,1
raw:牺牲人物,1,1
raw:牺牲原因,1,1
raw:牺牲地点关联,1,1
raw:牺牲对抗,1,1
raw:牺牲导致,1,1
raw:牺牲影响,1,1
raw:牺牲掩护,1,1
raw:牺牲造成,1,1
raw:犒赏,1,1
raw:犯,1,1
raw:犯错误,1,1
raw:状况,1,1
raw:状态,1,1
raw:狂炸,1,1
raw:狙击,1,1
raw:狠抓,1,1
raw:狱中互动,1,1
raw:狱中组织,1,1
raw:狱友关系,1,1
raw:狼狈逃回,1,1
raw:猎获,1,1
raw:猛扑,1,1
raw:猛烈开火,1,1
raw:献交,1,1
raw:献出生命于,1,1
raw:献给,1,1
raw:献花圈,1,1
raw:率先报道,1,1
raw:率兵投诚,1,1
raw:率军,1,1
raw:率军攻占,1,1
raw:率红一师打,1,1
raw:率部会合于,1,1
raw:率部开展,1,1
raw:率部执行,1,1
raw:率部抄袭,1,1
raw:率部挺进,1,1
raw:率部掩护,1,1
raw:率部撤离,1,1
raw:率部攻入,1,1
raw:率部攻打,1,1
raw:率部活动,1,1
raw:率部离开,1,1
raw:率部窜至,1,1
raw:率部经过,1,1
raw:率部转移,1,1
raw:率部迂回,1,1
raw:率部返回,1,1
raw:率部进入,1,1
raw:率部进击于,1,1
raw:率部进驻,1,1
raw:率领/指挥,1,1
raw:率领投诚,1,1
raw:率领指挥,1,1
raw:率领攻打,1,1
raw:率领暴动,1,1
raw:率领渡过,1,1
raw:率领起义,1,1
raw:现场勘查,1,1
raw:现存于,1,1
raw:现实指导,1,1
raw:理念支持,1,1
raw:理想实现,1,1
raw:理论奠基,1,1
raw:理论实践,1,1
raw:理论指导-实践,1,1
raw:理论渊源,1,1
raw:理论联系实际,1,1
raw:理论贡献,1,1
raw:理论阐述,1,1
raw:瓦解于,1,1
raw:瓦解关系,1,1
raw:瓮中捉鳖,1,1
raw:生产地点,1,1
raw:生产活动,1,1
raw:生产者-产品,1,1
raw:生命守护,1,1
raw:生存基础,1,1
raw:生成,1,1
raw:生活供给,1,1
raw:生育,1,1
raw:用于教育,1,1
raw:用途,1,1
raw:由...执行,1,1
raw:申诉人,1,1
raw:申请与领导,1,1
raw:申请调动,1,1
raw:申辩,1,1
raw:电令/严饬,1,1
raw:电令设立,1,1
raw:电催,1,1
raw:电勉,1,1
raw:电告/调兵,1,1
raw:电报,1,1
raw:电报策应,1,1
raw:电示,1,1
raw:畅通,1,1
raw:留下/工作,1,1
raw:留下标语,1,1
raw:留下遗书,1,1
raw:留在,1,1
raw:留存于,1,1
raw:留学,1,1
raw:留学地点,1,1
raw:留守坚持,1,1
raw:留居,1,1
raw:留影于,1,1
raw:留置,1,1
raw:疏散,1,1
raw:疏散地,1,1
raw:疏散地点,1,1
raw:疏散至,1,1
raw:疏散转移,1,1
raw:疏散隐蔽,1,1
raw:疏通,1,1
raw:疑似敌特,1,1
raw:病逝于,1,1
raw:痛剿,1,1
raw:痛剿/驱逐,1,1
raw:痛打,1,1
raw:痛斥劝降,1,1
raw:登城,1,1
raw:登记禁止,1,1
raw:登陆,1,1
raw:登陆地点,1,1
raw:登陆沦陷,1,1
raw:登陆点,1,1
raw:白刃格斗,1,1
raw:监战,1,1
raw:监控,1,1
raw:监控关系,1,1
raw:监督-审查,1,1
raw:监督与被监督,1,1
raw:监督关系,1,1
raw:监督执行命令,1,1
raw:监督整改,1,1
raw:监禁地点,1,1
raw:监视-对象,1,1
raw:监视/报告,1,1
raw:监视于,1,1
raw:监视关联,1,1
raw:监视据点,1,1
raw:监视跟踪,1,1
raw:盖房,1,1
raw:盘踞作乱,1,1
raw:盘踞压迫,1,1
raw:目击者-事件,1,1
raw:目标关系,1,1
raw:目标地,1,1
raw:目标成果,1,1
raw:目标方向,1,1
raw:目的关联,1,1
raw:目的培养,1,1
raw:目睹,1,1
raw:目睹红军飞夺泸定桥,1,1
raw:直取,1,1
raw:直属,1,1
raw:直指,1,1
raw:直捣,1,1
raw:直接指挥,1,1
raw:直接相关,1,1
raw:直接领导,1,1
raw:直管,1,1
raw:直辖,1,1
raw:相关事件与组织,1,1
raw:相关人员,1,1
raw:相关会议,1,1
raw:相关单位,1,1
raw:相关地区,1,1
raw:相关地理区域,1,1
raw:相关媒体,1,1
raw:相关方,1,1
raw:相关活动,1,1
raw:相关组织,1,1
raw:相关组织与事件,1,1
raw:相关部队与根据地,1,1
raw:相攻,1,1
raw:相认,1,1
raw:相识,1,1
raw:相识/敬佩,1,1
raw:相送,1,1
raw:相邻苏区,1,1
raw:盼,1,1
raw:看守身份,1,1
raw:看押,1,1
raw:眷恋,1,1
raw:着手,1,1
raw:督修,1,1
raw:督剿,1,1
raw:督导,1,1
raw:督战,1,1
raw:督率,1,1
raw:矛盾/合作,1,1
raw:矛盾斗争,1,1
raw:知心好友,1,1
raw:知情人,1,1
raw:知识传递者,1,1
raw:知道,1,1
raw:砍杀,1,1
raw:砍死,1,1
raw:研究-专家,1,1
raw:研究/编纂,1,1
raw:研究关系,1,1
raw:研究宣传,1,1
raw:研究者,1,1
raw:破击,1,1
raw:破坏-地点,1,1
raw:破坏事件,1,1
raw:破坏交通,1,1
raw:破坏地,1,1
raw:破坏者,1,1
raw:破坏行为,1,1
raw:破坏逮捕,1,1
raw:破获关系,1,1
raw:破获机关,1,1
raw:破获镇压,1,1
raw:砸击,1,1
raw:砸断,1,1
raw:砸死,1,1
raw:砸烂,1,1
raw:确保,1,1
raw:确定为中心区,1,1
raw:确定为重点,1,1
raw:确定方针,1,1
raw:确立职能,1,1
raw:确立领导,1,1
raw:确认合法性,1,1
raw:碰头地点,1,1
raw:示众,1,1
raw:示众场所,1,1
raw:示范作用,1,1
raw:社会关系利用,1,1
raw:社会关联,1,1
raw:社会动员,1,1
raw:社会运动,1,1
raw:社团-转型,1,1
raw:祝捷,1,1
raw:祝贺,1,1
raw:祭奠,1,1
raw:祭扫,1,1
raw:祭祀,1,1
raw:禀报,1,1
raw:禁书关系,1,1
raw:秘印赠送,1,1
raw:秘密串连,1,1
raw:秘密使用,1,1
raw:秘密出版,1,1
raw:秘密发行,1,1
raw:秘密工作,1,1
raw:秘密开展,1,1
raw:秘密推销,1,1
raw:秘密活动,1,1
raw:秘密组建,1,1
raw:秘密组织,1,1
raw:秘密结盟地,1,1
raw:秘密考察,1,1
raw:秘密联络,1,1
raw:秘密联络站,1,1
raw:秘密运输路线,1,1
raw:秘密进入,1,1
raw:秘密驻地,1,1
raw:租地关系,1,1
raw:积极响应,1,1
raw:称,1,1
raw:称号来源,1,1
raw:称快,1,1
raw:称赞,1,1
raw:移交处理,1,1
raw:移交武器,1,1
raw:移交管理,1,1
raw:移交计划,1,1
raw:移交领导权,1,1
raw:移向,1,1
raw:移居地点,1,1
raw:移葬,1,1
raw:移转兵力,1,1
raw:程序,1,1
raw:稳定局势,1,1
raw:空投接济,1,1
raw:空间关系,1,1
raw:空间关联,1,1
raw:穿,1,1
raw:穿插于,1,1
raw:穿插阻击,1,1
raw:穿着,1,1
raw:穿越路径,1,1
raw:突击攻坚,1,1
raw:突围会师,1,1
raw:突围至,1,1
raw:突围路径,1,1
raw:突围转战,1,1
raw:突围转移,1,1
raw:突然包围,1,1
raw:突然袭击,1,1
raw:突破/交战,1,1
raw:突破封锁线,1,1
raw:突破点,1,1
raw:突破行动,1,1
raw:突窜/潜袭,1,1
raw:突袭对象,1,1
raw:突袭目标,1,1
raw:突过,1,1
raw:突进打击于,1,1
raw:窃取计划,1,1
raw:窜动,1,1
raw:窜抵,1,1
raw:窜陷,1,1
raw:立下,1,1
raw:立场表现,1,1
raw:立志,1,1
raw:站在,1,1
raw:竞争,1,1
raw:竞购,1,1
raw:竞赛,1,1
raw:竞选,1,1
raw:笔战,1,1
raw:符合,1,1
raw:等同,1,1
raw:等待,1,1
raw:筑防,1,1
raw:答应,1,1
raw:答辩,1,1
raw:策任,1,1
raw:策划/叛乱,1,1
raw:策划内应,1,1
raw:策划吞并,1,1
raw:策划执行,1,1
raw:策划收缴枪枝,1,1
raw:策划攻击,1,1
raw:策划暗杀,1,1
raw:策划暗算,1,1
raw:策划暴乱,1,1
raw:策划暴动,1,1
raw:策划煽动,1,1
raw:策划行动,1,1
raw:策划起义,1,1
raw:策划逮捕,1,1
raw:策划阴谋,1,1
raw:策划除掉,1,1
raw:策动-地点,1,1
raw:策动/活动,1,1
raw:策动/起义,1,1
raw:策动加入,1,1
raw:策动地区,1,1
raw:策动对象,1,1
raw:策动方,1,1
raw:策动者,1,1
raw:策动联系,1,1
raw:策化工作,1,1
raw:策反/解放,1,1
raw:策反与叛变,1,1
raw:策反与教育,1,1
raw:策反中介,1,1
raw:策反关联,1,1
raw:策反区域,1,1
raw:策反夜巡队,1,1
raw:策反成果,1,1
raw:策反指导,1,1
raw:策反控制,1,1
raw:策反支持者,1,1
raw:策反活动,1,1
raw:策反活动参与者,1,1
raw:策反活动地点,1,1
raw:策反联系人,1,1
raw:策反联络人,1,1
raw:策反谈判,1,1
raw:策应作战,1,1
raw:策应对象,1,1
raw:策应行动,1,1
raw:策应起义,1,1
raw:策应配合,1,1
raw:策源,1,1
raw:策略-区域,1,1
raw:策略-方法,1,1
raw:策略分歧,1,1
raw:策略制定,1,1
raw:策略呼应,1,1
raw:策略支持,1,1
raw:策略支撑,1,1
raw:策略牵制,1,1
raw:策略转变,1,1
raw:筹划/决策,1,1
raw:筹划主持,1,1
raw:筹划创办,1,1
raw:筹划建立,1,1
raw:筹划者-组织,1,1
raw:筹备与成立,1,1
raw:筹备事件,1,1
raw:筹备地,1,1
raw:筹备地点,1,1
raw:筹备组织,1,1
raw:筹建于,1,1
raw:筹建区域,1,1
raw:筹建者-作品,1,1
raw:筹措地点,1,1
raw:筹措经费,1,1
raw:筹粮分粮,1,1
raw:筹粮地,1,1
raw:筹组,1,1
raw:筹防,1,1
raw:筹防/驻防,1,1
raw:筹集/动员,1,1
raw:签署发布,1,1
raw:签署日期,1,1
raw:签署降书,1,1
raw:签订协议,1,1
raw:签订地,1,1
raw:签订地点,1,1
raw:签订契约,1,1
raw:签订结果,1,1
raw:管控对象,1,1
raw:管理与教育,1,1
raw:管理后勤,1,1
raw:管理地,1,1
raw:管理者,1,1
raw:管理职能,1,1
raw:管训,1,1
raw:管辖/布局,1,1
raw:管辖与指挥,1,1
raw:管辖地,1,1
raw:管辖执行,1,1
raw:籍贯-地域,1,1
raw:籍贯-地域关联,1,1
raw:籍贯-地点,1,1
raw:籍贯-政党,1,1
raw:籍贯/关联,1,1
raw:籍贯/家庭所在地,1,1
raw:籍贯/抚养地,1,1
raw:籍贯/活动,1,1
raw:籍贯/牺牲地,1,1
raw:籍贯与归宿地,1,1
raw:籍贯与职务,1,1
raw:粉碎阴谋,1,1
raw:精神-事件,1,1
raw:精神-载体,1,1
raw:精神传达,1,1
raw:精神传颂,1,1
raw:精神属性,1,1
raw:精神影响,1,1
raw:精神感召,1,1
raw:精神支持,1,1
raw:精神淬炼地,1,1
raw:精神源头,1,1
raw:精神联系,1,1
raw:精神践行,1,1
raw:精神辐射,1,1
raw:精神追求,1,1
raw:精神遗产,1,1
raw:精神阐释,1,1
raw:索薪,1,1
raw:纠正关系,1,1
raw:约定,1,1
raw:约束,1,1
raw:约见,1,1
raw:约集谈话,1,1
raw:纪律宣传,1,1
raw:纪律执行,1,1
raw:纪律教育关系,1,1
raw:纪律示范,1,1
raw:纪念/教育,1,1
raw:纪念事件,1,1
raw:纪念品来源,1,1
raw:纪念活动举办地,1,1
raw:纪念题辞,1,1
raw:纯洁,1,1
raw:纲领,1,1
raw:纳入议事日程,1,1
raw:纵火,1,1
raw:纵火/密探,1,1
raw:组委,1,1
raw:组建/支援,1,1
raw:组建与领导,1,1
raw:组建参与,1,1
raw:组建执行,1,1
raw:组建扩编,1,1
raw:组建控制,1,1
raw:组建来源,1,1
raw:组建组织,1,1
raw:组建者-部队,1,1
raw:组建训练,1,1
raw:组成-下属,1,1
raw:组成/隶属,1,1
raw:组成于,1,1
raw:组成形式,1,1
raw:组成读书小组,1,1
raw:组成部分关系,1,1
raw:组织-下属单位,1,1
raw:组织-主力,1,1
raw:组织-书记,1,1
raw:组织-争取,1,1
raw:组织-人,1,1
raw:组织-会议,1,1
raw:组织-传播物,1,1
raw:组织-军事,1,1
raw:组织-军事力量,1,1
raw:组织-刊物,1,1
raw:组织-升级,1,1
raw:组织-协助对象,1,1
raw:组织-单位,1,1
raw:组织-参与单位,1,1
raw:组织-发展对象,1,1
raw:组织-发布,1,1
raw:组织-召开,1,1
raw:组织-培训基地,1,1
raw:组织-实施,1,1
raw:组织-实践,1,1
raw:组织-工具,1,1
raw:组织-工程,1,1
raw:组织-建设,1,1
raw:组织-形式,1,1
raw:组织-战役,1,1
raw:组织-战略,1,1
raw:组织-指挥,1,1
raw:组织-指示,1,1
raw:组织-措施,1,1
raw:组织-支持者,1,1
raw:组织-斗争地点,1,1
raw:组织-来源,1,1
raw:组织-武装力量,1,1
raw:组织-派遣人员,1,1
raw:组织-线路,1,1
raw:组织-群众,1,1
raw:组织-职位,1,1
raw:组织-联系,1,1
raw:组织-联系人,1,1
raw:组织-联系地,1,1
raw:组织-计划,1,1
raw:组织-路径,1,1
raw:组织-运动,1,1
raw:组织-集中地,1,1
raw:组织-领导人,1,1
raw:组织-驻地,1,1
raw:组织/参与,1,1
raw:组织/发展,1,1
raw:组织/引导,1,1
raw:组织/成员,1,1
raw:组织/落实,1,1
raw:组织/领导,1,1
raw:组织与上级关系,1,1
raw:组织与下属,1,1
raw:组织与事件关联,1,1
raw:组织与交涉,1,1
raw:组织与区域,1,1
raw:组织与地区关系,1,1
raw:组织与地域关联,1,1
raw:组织与思想传播,1,1
raw:组织与活动,1,1
raw:组织与组织,1,1
raw:组织与被组织,1,1
raw:组织与领导,1,1
raw:组织事件关联,1,1
raw:组织交接,1,1
raw:组织任命,1,1
raw:组织传达,1,1
raw:组织依托关系,1,1
raw:组织保护,1,1
raw:组织保管,1,1
raw:组织修建,1,1
raw:组织关系处理,1,1
raw:组织关系恢复,1,1
raw:组织关系接收者,1,1
raw:组织关系移交,1,1
raw:组织关系转交,1,1
raw:组织关系领导,1,1
raw:组织冲突,1,1
raw:组织准备,1,1
raw:组织分歧,1,1
raw:组织动员于,1,1
raw:组织协作,1,1
raw:组织发动,1,1
raw:组织发起地,1,1
raw:组织召集,1,1
raw:组织吸纳,1,1
raw:组织响应,1,1
raw:组织土匪,1,1
raw:组织地,1,1
raw:组织基础,1,1
raw:组织增援,1,1
raw:组织处理,1,1
raw:组织实践,1,1
raw:组织宣传,1,1
raw:组织延续,1,1
raw:组织建立关系,1,1
raw:组织建立地点,1,1
raw:组织建立者,1,1
raw:组织开发,1,1
raw:组织引导,1,1
raw:组织恢复,1,1
raw:组织成员关联,1,1
raw:组织成立地,1,1
raw:组织手段,1,1
raw:组织打击,1,1
raw:组织扣留大米行动,1,1
raw:组织扩展,1,1
raw:组织抗议,1,1
raw:组织护卫,1,1
raw:组织护守,1,1
raw:组织护校,1,1
raw:组织指示,1,1
raw:组织接头,1,1
raw:组织控制,1,1
raw:组织撤离,1,1
raw:组织撰写,1,1
raw:组织支前,1,1
raw:组织支撑,1,1
raw:组织改编,1,1
raw:组织整编,1,1
raw:组织方式,1,1
raw:组织机构关联,1,1
raw:组织核心,1,1
raw:组织活动于,1,1
raw:组织活动关系,1,1
raw:组织活动关联,1,1
raw:组织活动地,1,1
raw:组织活动场所,1,1
raw:组织活动范围,1,1
raw:组织渗透,1,1
raw:组织演出,1,1
raw:组织研究于,1,1
raw:组织策划,1,1
raw:组织筹备,1,1
raw:组织结构,1,1
raw:组织编研,1,1
raw:组织网络,1,1
raw:组织翻印,1,1
raw:组织者-机构,1,1
raw:组织者-武装集团,1,1
raw:组织者-行动,1,1
raw:组织者-被组织对象,1,1
raw:组织者-部队,1,1
raw:组织者与地点,1,1
raw:组织者与成员,1,1
raw:组织联络点,1,1
raw:组织背景,1,1
raw:组织营救,1,1
raw:组织规划,1,1
raw:组织读书会,1,1
raw:组织负责人-成员,1,1
raw:组织身份,1,1
raw:组织转接,1,1
raw:组织运输,1,1
raw:组织逮捕,1,1
raw:组织阵地,1,1
raw:组织阻击,1,1
raw:组织集会地点,1,1
raw:组长,1,1
raw:经争取减少破坏,1,1
raw:经办,1,1
raw:经办纪念,1,1
raw:经历/纪念,1,1
raw:经历地点,1,1
raw:经历者-事件,1,1
raw:经历苦战,1,1
raw:经济中心,1,1
raw:经济关联,1,1
raw:经济基础,1,1
raw:经济工作关系,1,1
raw:经济政策,1,1
raw:经济斗争对象,1,1
raw:经济活动,1,1
raw:经济统筹,1,1
raw:经济行为,1,1
raw:经济行动,1,1
raw:经济调控,1,1
raw:经由,1,1
raw:经由地,1,1
raw:经营/联络,1,1
raw:经营关系,1,1
raw:经营地点,1,1
raw:经营掩护,1,1
raw:经费发放,1,1
raw:经费支持,1,1
raw:经费来源,1,1
raw:经费筹措,1,1
raw:经过/安葬,1,1
raw:经过于,1,1
raw:经销,1,1
raw:经验传承,1,1
raw:经验传递-地点,1,1
raw:经验来源,1,1
raw:绑架/杀害,1,1
raw:结为同年朋友,1,1
raw:结交与发动,1,1
raw:结亲,1,1
raw:结局地,1,1
raw:结拜与密谈,1,1
raw:结拜兄弟,1,1
raw:结束地点,1,1
raw:结束统治,1,1
raw:结果-事件,1,1
raw:结果地,1,1
raw:结盟,1,1
raw:结算,1,1
raw:结识关系,1,1
raw:绕过,1,1
raw:绘制记录,1,1
raw:给予帮助,1,1
raw:给养补给,1,1
raw:统一建立,1,1
raw:统一战线工作,1,1
raw:统一编为,1,1
raw:统一行动,1,1
raw:统帅,1,1
raw:统帅于,1,1
raw:统战-对象,1,1
raw:统战与联络,1,1
raw:统战争取,1,1
raw:统战争取工作,1,1
raw:统战互动,1,1
raw:统战人士,1,1
raw:统战对象-协助人员,1,1
raw:统战对象转化,1,1
raw:统战工作关系,1,1
raw:统战工作地点,1,1
raw:统战据点,1,1
raw:统战教育,1,1
raw:统战行动,1,1
raw:统治于,1,1
raw:统治区域,1,1
raw:统治破坏,1,1
raw:统筹指挥,1,1
raw:统筹调度,1,1
raw:继任大队长,1,1
raw:继承/发展,1,1
raw:继承与发扬,1,1
raw:继承成份,1,1
raw:继承者,1,1
raw:继续与追认,1,1
raw:继续穷追,1,1
raw:继续策划,1,1
raw:绳降,1,1
raw:维修,1,1
raw:维护/治安,1,1
raw:维持,1,1
raw:维持秩序,1,1
raw:缅怀对象,1,1
raw:缅怀继承,1,1
raw:缅怀致敬,1,1
raw:缔造,1,1
raw:编为,1,1
raw:编入单位,1,1
raw:编入建制,1,1
raw:编入起义队伍,1,1
raw:编写前言,1,1
raw:编写指导,1,1
raw:编制关系,1,1
raw:编制者,1,1
raw:编制调整,1,1
raw:编发者,1,1
raw:编委,1,1
raw:编审者,1,1
raw:编导,1,1
raw:编成,1,1
raw:编排内容,1,1
raw:编排指导,1,1
raw:编校,1,1
raw:编歌传颂,1,1
raw:编源于,1,1
raw:编研,1,1
raw:编纂-地点,1,1
raw:编纂/出版,1,1
raw:编纂主体,1,1
raw:编纂于,1,1
raw:编纂关系,1,1
raw:编纂对象,1,1
raw:编纂记录,1,1
raw:编练,1,1
raw:编组于,1,1
raw:编组领导人,1,1
raw:编绘,1,1
raw:编著,1,1
raw:编词纪念,1,1
raw:编辑出版,1,1
raw:编辑地点,1,1
raw:编辑者,1,1
raw:编选,1,1
raw:缩编为,1,1
raw:缴械/投诚,1,1
raw:缴械与被缴械,1,1
raw:缴械对抗,1,1
raw:缴械对象,1,1
raw:缴械投诚,1,1
raw:缴粮关系,1,1
raw:缴纳,1,1
raw:缴获/搞到,1,1
raw:缴获关系,1,1
raw:缴获关联,1,1
raw:缴获装备,1,1
raw:缺失,1,1
raw:罢工发起者,1,1
raw:罢课,1,1
raw:罪行,1,1
raw:罹难,1,1
raw:羁押,1,1
raw:群众互动,1,1
raw:群众保护,1,1
raw:群众协助擒拿,1,1
raw:群众基础,1,1
raw:群众支持,1,1
raw:群众斗争,1,1
raw:群众监督,1,1
raw:群众联系,1,1
raw:群体-魂,1,1
raw:群体成员,1,1
raw:翻印分发,1,1
raw:翻山越岭,1,1
raw:翻译与研究,1,1
raw:翻译投送,1,1
raw:翻译来源,1,1
raw:翻译者-作品,1,1
raw:翻越后,1,1
raw:翻越地,1,1
raw:翻越避难,1,1
raw:考察/发展,1,1
raw:考察关系,1,1
raw:考察地点关联,1,1
raw:考察联系,1,1
raw:考查,1,1
raw:考核,1,1
raw:考证修正,1,1
raw:考证澄清,1,1
raw:耕种支援,1,1
raw:聆听,1,1
raw:聆听演讲,1,1
raw:聆听讲演,1,1
raw:职业,1,1
raw:职业关联,1,1
raw:职业经历,1,1
raw:职位与事件,1,1
raw:职位关联,1,1
raw:职务任免,1,1
raw:职务侵占,1,1
raw:职务冲突,1,1
raw:职务变动,1,1
raw:职务变更,1,1
raw:职能归属,1,1
raw:职责分工,1,1
raw:职责角色,1,1
raw:联合/号召,1,1
raw:联合作战,1,1
raw:联合力量,1,1
raw:联合势力,1,1
raw:联合反蒋,1,1
raw:联合发表宣言,1,1
raw:联合叛乱,1,1
raw:联合和帮助,1,1
raw:联合孤立,1,1
raw:联合执行,1,1
raw:联合排斥,1,1
raw:联合援助,1,1
raw:联合收编,1,1
raw:联名,1,1
raw:联名抗议,1,1
raw:联名申请,1,1
raw:联欢,1,1
raw:联系-区域,1,1
raw:联系-地点,1,1
raw:联系-武装力量,1,1
raw:联系/输送,1,1
raw:联系与被联系,1,1
raw:联系中断,1,1
raw:联系人-人物,1,1
raw:联系会师,1,1
raw:联系区域,1,1
raw:联系组织,1,1
raw:联系者,1,1
raw:联系节点,1,1
raw:联系贯通,1,1
raw:联系领域,1,1
raw:联系领导,1,1
raw:联系高校,1,1
raw:联络(军事)委员,1,1
raw:联络-传递,1,1
raw:联络-协作,1,1
raw:联络-地点,1,1
raw:联络-接头对象,1,1
raw:联络/会合,1,1
raw:联络/指导,1,1
raw:联络/策动,1,1
raw:联络/策反,1,1
raw:联络/被联络,1,1
raw:联络与打通,1,1
raw:联络与被捕关联,1,1
raw:联络人-场所,1,1
raw:联络任务,1,1
raw:联络关系-机构,1,1
raw:联络关联,1,1
raw:联络协调,1,1
raw:联络土匪,1,1
raw:联络实施,1,1
raw:联络尝试,1,1
raw:联络工具,1,1
raw:联络指导关系,1,1
raw:联络支援,1,1
raw:联络方式,1,1
raw:联络机关,1,1
raw:联络点-人员,1,1
raw:联络点建立者,1,1
raw:联络目标,1,1
raw:联络站建立者,1,1
raw:联络职责,1,1
raw:联络解决困难,1,1
raw:联络通道,1,1
raw:联防协作,1,1
raw:聘用,1,1
raw:聘请职位,1,1
raw:聚众,1,1
raw:聚居地,1,1
raw:聚歼于,1,1
raw:肃反事件,1,1
raw:肃反对象,1,1
raw:股东,1,1
raw:肯定/鼓励,1,1
raw:肯定与嘉奖,1,1
raw:肯定工作,1,1
raw:肯定指示,1,1
raw:胁迫,1,1
raw:背叛/镇压,1,1
raw:背叛与反制,1,1
raw:背叛关联,1,1
raw:背回/救助,1,1
raw:背景-主体,1,1
raw:背景支持,1,1
raw:背运碾米,1,1
raw:胜利会师,1,1
raw:脱离,1,1
raw:脱险地,1,1
raw:腐败对象,1,1
raw:腾让,1,1
raw:自,1,1
raw:自发,1,1
raw:自我批评,1,1
raw:自杀,1,1
raw:自编自印,1,1
raw:自首出卖,1,1
raw:致书谈判,1,1
raw:致信报告,1,1
raw:致信求助,1,1
raw:致信请示,1,1
raw:致函,1,1
raw:致力于恢复,1,1
raw:致电查办,1,1
raw:致词于,1,1
raw:致谢,1,1
raw:致谢/赠银,1,1
raw:致谢于,1,1
raw:致贺电,1,1
raw:致辞,1,1
raw:致辞者,1,1
raw:舆论传播,1,1
raw:舆论引导,1,1
raw:舆论影响,1,1
raw:航线,1,1
raw:艰苦奋战,1,1
raw:节点,1,1
raw:苏区创建,1,1
raw:苏区扩展,1,1
raw:英勇,1,1
raw:英勇作战于,1,1
raw:英勇就义于,1,1
raw:英勇抵抗,1,1
raw:英勇杀敌,1,1
raw:英勇牺牲于,1,1
raw:英勇践行,1,1
raw:英勇阻击,1,1
raw:荣立,1,1
raw:荣誉,1,1
raw:荣誉关联,1,1
raw:荣誉授予,1,1
raw:荣誉称号授予,1,1
raw:药品运输,1,1
raw:药材来源,1,1
raw:获,1,1
raw:获取地,1,1
raw:获取工具,1,1
raw:获取来源,1,1
raw:获取武器,1,1
raw:获取物资,1,1
raw:获取资料,1,1
raw:获得支援于,1,1
raw:获得果实,1,1
raw:获得武器,1,1
raw:获得称号,1,1
raw:获得荣誉,1,1
raw:获得认可,1,1
raw:获悉情报,1,1
raw:获授,1,1
raw:获救于,1,1
raw:获评价,1,1
raw:获赠,1,1
raw:萌发,1,1
raw:营救事件,1,1
raw:营救保障,1,1
raw:营救地,1,1
raw:营救尝试,1,1
raw:营救活动,1,1
raw:营救者,1,1
raw:营救联络,1,1
raw:营救请求,1,1
raw:营长,1,1
raw:落入,1,1
raw:落实政策,1,1
raw:落户,1,1
raw:落脚于,1,1
raw:落脚点,1,1
raw:落脚隐蔽,1,1
raw:著作者,1,1
raw:著录,1,1
raw:董事,1,1
raw:董事长,1,1
raw:蔑称,1,1
raw:藏匿救治,1,1
raw:藏匿点,1,1
raw:藏有,1,1
raw:藏起,1,1
raw:藏身地,1,1
raw:虚张声势,1,1
raw:虚惊,1,1
raw:蛊惑,1,1
raw:融入,1,1
raw:行、交通路线,1,1
raw:行为-结果,1,1
raw:行为主体,1,1
raw:行为对象,1,1
raw:行使职能,1,1
raw:行军/会合,1,1
raw:行军/充饥,1,1
raw:行军/增援,1,1
raw:行军/经过,1,1
raw:行军/群众工作,1,1
raw:行军于,1,1
raw:行军区域,1,1
raw:行军地,1,1
raw:行军引导者,1,1
raw:行军方向,1,1
raw:行刑地点,1,1
raw:行动-主体,1,1
raw:行动-人物,1,1
raw:行动-区域,1,1
raw:行动-地理,1,1
raw:行动-地理环境,1,1
raw:行动-目的,1,1
raw:行动-组织,1,1
raw:行动-转移,1,1
raw:行动/牺牲,1,1
raw:行动主体-参与者,1,1
raw:行动于,1,1
raw:行动依据,1,1
raw:行动协同,1,1
raw:行动参与地,1,1
raw:行动参与者-对象,1,1
raw:行动场所,1,1
raw:行动实施,1,1
raw:行动延伸,1,1
raw:行动意向,1,1
raw:行动指导,1,1
raw:行动指引,1,1
raw:行动指挥者,1,1
raw:行动据点,1,1
raw:行动支持,1,1
raw:行动方式,1,1
raw:行动点,1,1
raw:行动目的地,1,1
raw:行动策略,1,1
raw:行动节点,1,1
raw:行动范围,1,1
raw:行动计划第一步,1,1
raw:行动计划第二步,1,1
raw:行动载体,1,1
raw:行政中心,1,1
raw:行政关系,1,1
raw:行政关联,1,1
raw:行政区划包含,1,1
raw:行政区划变更,1,1
raw:行政区划调整,1,1
raw:行政命令,1,1
raw:行政建制,1,1
raw:行政管理,1,1
raw:行政职务,1,1
raw:行政调整,1,1
raw:行程关联,1,1
raw:行程路线,1,1
raw:行进/等待,1,1
raw:行进支援,1,1
raw:衍生行动,1,1
raw:补发,1,1
raw:补正,1,1
raw:表彰关系,1,1
raw:表彰方,1,1
raw:表彰部署,1,1
raw:表态,1,1
raw:表明,1,1
raw:表演者,1,1
raw:表现为,1,1
raw:表现对象,1,1
raw:表示敬意,1,1
raw:表达与遭遇,1,1
raw:表露,1,1
raw:表面接受,1,1
raw:袒护,1,1
raw:被,1,1
raw:被争取对象,1,1
raw:被优待,1,1
raw:被俘-敌人,1,1
raw:被俘/牺牲,1,1
raw:被俘与领导关系,1,1
raw:被俘牺牲,1,1
raw:被公审人物,1,1
raw:被关押于,1,1
raw:被冲散,1,1
raw:被出卖,1,1
raw:被出卖对象,1,1
raw:被击伤,1,1
raw:被击毙,1,1
raw:被击溃于,1,1
raw:被击溃对象,1,1
raw:被击败者,1,1
raw:被击退,1,1
raw:被分割,1,1
raw:被利用,1,1
raw:被制服,1,1
raw:被制止,1,1
raw:被刺杀,1,1
raw:被剥削,1,1
raw:被剥削关系,1,1
raw:被劝说/劝导,1,1
raw:被劝降对象,1,1
raw:被动员对象,1,1
raw:被压迫,1,1
raw:被压迫对象,1,1
raw:被发展对象,1,1
raw:被发现,1,1
raw:被叛徒交出,1,1
raw:被告密,1,1
raw:被困于,1,1
raw:被围困,1,1
raw:被围歼,1,1
raw:被垄断,1,1
raw:被处决地点,1,1
raw:被处理对象,1,1
raw:被处置对象,1,1
raw:被夹击,1,1
raw:被委聘,1,1
raw:被威胁治疗,1,1
raw:被嫉恨,1,1
raw:被审判/处决,1,1
raw:被审查,1,1
raw:被审问者与审问者,1,1
raw:被害于,1,1
raw:被害对象,1,1
raw:被害者,1,1
raw:被害者与主谋,1,1
raw:被带领者-带领者,1,1
raw:被幽禁者,1,1
raw:被开除学生,1,1
raw:被征,1,1
raw:被怀疑策动起义,1,1
raw:被惩,1,1
raw:被惩处,1,1
raw:被截断,1,1
raw:被扑灭于,1,1
raw:被打败,1,1
raw:被扣押地点,1,1
raw:被扣押对象,1,1
raw:被扣押对象-事件,1,1
raw:被扣留地点,1,1
raw:被批判,1,1
raw:被批评/撤销职务,1,1
raw:被抓获,1,1
raw:被护送,1,1
raw:被押入/囚禁,1,1
raw:被押往,1,1
raw:被押解于,1,1
raw:被押送至,1,1
raw:被拉拢,1,1
raw:被拒,1,1
raw:被拘地点,1,1
raw:被拘押,1,1
raw:被拘捕,1,1
raw:被拥护,1,1
raw:被指控关联,1,1
raw:被指责,1,1
raw:被捕-施害者,1,1
raw:被捕-追捕,1,1
raw:被捕-镇压,1,1
raw:被捕入狱,1,1
raw:被捕冲突,1,1
raw:被捕原因,1,1
raw:被捕同伙,1,1
raw:被捕同案人,1,1
raw:被捕同犯,1,1
raw:被捕同狱,1,1
raw:被捕处决地点,1,1
raw:被捕审讯关系,1,1
raw:被捕审问,1,1
raw:被捕就义于,1,1
raw:被捕殉难,1,1
raw:被捕牵连关系,1,1
raw:被捕牺牲地,1,1
raw:被捕监禁,1,1
raw:被捕策划者,1,1
raw:被捕者-审讯者,1,1
raw:被捕者与叛徒,1,1
raw:被捕获,1,1
raw:被捕路径,1,1
raw:被捕追捕关系,1,1
raw:被捕避难地,1,1
raw:被捕释放,1,1
raw:被排开,1,1
raw:被排斥,1,1
raw:被接纳,1,1
raw:被掩护,1,1
raw:被搜查,1,1
raw:被撤职,1,1
raw:被擒,1,1
raw:被收留于,1,1
raw:被收编对象,1,1
raw:被改编,1,1
raw:被敌杀害地点,1,1
raw:被救地点,1,1
raw:被杀,1,1
raw:被杀害地点,1,1
raw:被杀害对象,1,1
raw:被查封,1,1
raw:被歼灭对象,1,1
raw:被没收财产者,1,1
raw:被活埋,1,1
raw:被活捉于,1,1
raw:被清除,1,1
raw:被牵连人物,1,1
raw:被留任,1,1
raw:被监视,1,1
raw:被称赞,1,1
raw:被组织,1,1
raw:被绑架地点,1,1
raw:被绞死于,1,1
raw:被背叛者/叛徒,1,1
raw:被表扬,1,1
raw:被袭击,1,1
raw:被要求严办对象,1,1
raw:被解职,1,1
raw:被解聘对象,1,1
raw:被誉为,1,1
raw:被记录,1,1
raw:被记载,1,1
raw:被评为,1,1
raw:被评价对象,1,1
raw:被评定,1,1
raw:被诬告于,1,1
raw:被诬蔑为,1,1
raw:被诱捕,1,1
raw:被请领导,1,1
raw:被调入,1,1
raw:被调解,1,1
raw:被谈话对象,1,1
raw:被跟踪抓捕,1,1
raw:被转押至,1,1
raw:被转移,1,1
raw:被软禁,1,1
raw:被辨认者与辨认者,1,1
raw:被迎接对象,1,1
raw:被迷惑,1,1
raw:被追捕关系,1,1
raw:被追捕地,1,1
raw:被追认为,1,1
raw:被送医,1,1
raw:被送医治疗,1,1
raw:被选送单位,1,1
raw:被逮捕对象,1,1
raw:被逮捕杀害,1,1
raw:被释放,1,1
raw:被铭记,1,1
raw:被错误处理,1,1
raw:被镇压者与镇压者,1,1
raw:被阻击,1,1
raw:被陷害对象,1,1
raw:被驱逐,1,1
raw:袭击包围,1,1
raw:袭击行动,1,1
raw:袭坏,1,1
raw:袭扰消耗,1,1
raw:装备支持,1,1
raw:装备来源,1,1
raw:西渡未成,1,1
raw:西迁,1,1
raw:西进攻击,1,1
raw:要人,1,1
raw:要求举办,1,1
raw:要求停止攻击,1,1
raw:要求停止检查,1,1
raw:要求发展,1,1
raw:要求合围,1,1
raw:要求实行,1,1
raw:要求巩固,1,1
raw:要求建立,1,1
raw:要求归还,1,1
raw:要求答话,1,1
raw:要求肃清,1,1
raw:要求调查,1,1
raw:要求部署,1,1
raw:覆灭,1,1
raw:见证-事件,1,1
raw:见证/覆盖,1,1
raw:见证人,1,1
raw:见证关系,1,1
raw:见证者-物品,1,1
raw:观后,1,1
raw:观察,1,1
raw:观看,1,1
raw:规划目标,1,1
raw:规则-分配,1,1
raw:规劝,1,1
raw:规劝/缴械,1,1
raw:规定不分地境,1,1
raw:规定不分田,1,1
raw:规定奖励,1,1
raw:规定归属,1,1
raw:规定政策,1,1
raw:规定没收,1,1
raw:规范-事件,1,1
raw:视为更准确依据,1,1
raw:视察关联,1,1
raw:视察地,1,1
raw:视察者,1,1
raw:角色定位,1,1
raw:解决后转移,1,1
raw:解决困难,1,1
raw:解围,1,1
raw:解围支援,1,1
raw:解放事件,1,1
raw:解放关联,1,1
raw:解放地点,1,1
raw:解放目标,1,1
raw:解救,1,1
raw:解散关系,1,1
raw:解答,1,1
raw:解职,1,1
raw:解聘,1,1
raw:解送,1,1
raw:解除职务,1,1
raw:触发因素-事件,1,1
raw:触发者,1,1
raw:誓言,1,1
raw:警卫员关系,1,1
raw:警卫服务,1,1
raw:警告保护,1,1
raw:警告信,1,1
raw:警告对象,1,1
raw:警备-地点,1,1
raw:警惕与观察,1,1
raw:警戒/防御,1,1
raw:警示,1,1
raw:计划会合地,1,1
raw:计划割据,1,1
raw:计划发展,1,1
raw:计划夺取,1,1
raw:计划消灭,1,1
raw:计划目标,1,1
raw:计划策动起义,1,1
raw:计划编印,1,1
raw:计划联络,1,1
raw:计划行动,1,1
raw:计划行动地,1,1
raw:计划解放,1,1
raw:计划设立,1,1
raw:计划进入,1,1
raw:计算确认,1,1
raw:订正,1,1
raw:订立,1,1
raw:订阅关系,1,1
raw:认出,1,1
raw:认可改编,1,1
raw:认定为中心工作,1,1
raw:认识到,1,1
raw:讨伐,1,1
raw:讨伐目标,1,1
raw:讨论地点,1,1
raw:讨论场所,1,1
raw:讨论对象,1,1
raw:讨论抗日活动,1,1
raw:讨论认定,1,1
raw:让马,1,1
raw:训令/告诫,1,1
raw:训令/要求,1,1
raw:训令编组,1,1
raw:训练于,1,1
raw:训练场所,1,1
raw:训练基地,1,1
raw:讯办地,1,1
raw:记录-人物,1,1
raw:记录反映,1,1
raw:记录整理者,1,1
raw:记录时间,1,1
raw:记录殉难,1,1
raw:记录考证,1,1
raw:记录者-活动主体,1,1
raw:记录者-被记录人,1,1
raw:记录者-被记录对象,1,1
raw:记录者与地点,1,1
raw:记载事迹,1,1
raw:记载依据,1,1
raw:记载内容地,1,1
raw:记载地,1,1
raw:记述于,1,1
raw:讲学地点,1,1
raw:讲授与撤离,1,1
raw:讲授者,1,1
raw:讲演者,1,1
raw:讲理,1,1
raw:讲解者,1,1
raw:讲话/推动,1,1
raw:讲话传达,1,1
raw:讲话动员,1,1
raw:讲话地点,1,1
raw:讲话对象,1,1
raw:讲话指导,1,1
raw:讲话阐述,1,1
raw:讲课,1,1
raw:讲述/传承,1,1
raw:讲述/寄托,1,1
raw:讲述事件,1,1
raw:讲述于,1,1
raw:讲述内容,1,1
raw:讲述地点,1,1
raw:讲述相关事件,1,1
raw:讲述者-地点,1,1
raw:讲述者与被讲述者,1,1
raw:设,1,1
raw:设伏擒匪,1,1
raw:设伏杀害,1,1
raw:设伏歼敌,1,1
raw:设卡,1,1
raw:设卡抓获,1,1
raw:设卡搜捕,1,1
raw:设址,1,1
raw:设址关联,1,1
raw:设宴,1,1
raw:设宴/阴谋,1,1
raw:设岗,1,1
raw:设法转送,1,1
raw:设点,1,1
raw:设立-地区,1,1
raw:设立/颁布,1,1
raw:设立分社,1,1
raw:设立单位,1,1
raw:设立发行点,1,1
raw:设立机关,1,1
raw:设立联络站于,1,1
raw:设符号,1,1
raw:设职,1,1
raw:设计,1,1
raw:设计制造,1,1
raw:设计者,1,1
raw:设计者与作品,1,1
raw:设计陷害,1,1
raw:设防扼守,1,1
raw:设院,1,1
raw:访谈地点,1,1
raw:访贫问苦,1,1
raw:访问关系,1,1
raw:访问学习,1,1
raw:访问整理材料,1,1
raw:证伪,1,1
raw:证实/回忆,1,1
raw:证实未过,1,1
raw:证据关联,1,1
raw:证明材料,1,1
raw:评价/提及,1,1
raw:评价与指导,1,1
raw:评价关联,1,1
raw:评价时间,1,1
raw:评价来源,1,1
raw:评比,1,1
raw:评比对象,1,1
raw:评论,1,1
raw:识别点,1,1
raw:识破策反,1,1
raw:诉求关联,1,1
raw:试图联系,1,1
raw:试探,1,1
raw:试探/比武,1,1
raw:试点于,1,1
raw:试点单位,1,1
raw:诗相酬,1,1
raw:诗词唱和,1,1
raw:诞生,1,1
raw:询问/退还,1,1
raw:询问伤势,1,1
raw:询问带路,1,1
raw:语言沟通,1,1
raw:误会,1,1
raw:误会于,1,1
raw:误判敌情,1,1
raw:误杀,1,1
raw:误用-被误用者,1,1
raw:诱回,1,1
raw:诱因,1,1
raw:诱捕惩处,1,1
raw:诱敌自残,1,1
raw:诱歼,1,1
raw:诱饵,1,1
raw:诱骗投敌,1,1
raw:请功,1,1
raw:请取,1,1
raw:请带路,1,1
raw:请愿/呼吁,1,1
raw:请战,1,1
raw:请捕,1,1
raw:请教,1,1
raw:请教/念读,1,1
raw:请来,1,1
raw:请求-回应,1,1
raw:请求/扭打,1,1
raw:请求协助,1,1
raw:请求协调,1,1
raw:请求协防,1,1
raw:请求回湘,1,1
raw:请求坚守,1,1
raw:请求夹击,1,1
raw:请求帮助,1,1
raw:请求收编,1,1
raw:请求领导,1,1
raw:请示工作于,1,1
raw:请示撤离,1,1
raw:请饭付费,1,1
raw:读者,1,1
raw:调任-地点,1,1
raw:调任关系,1,1
raw:调任地,1,1
raw:调任师长,1,1
raw:调任方向,1,1
raw:调停,1,1
raw:调回,1,1
raw:调开,1,1
raw:调往工作,1,1
raw:调拨,1,1
raw:调整加强,1,1
raw:调整期,1,1
raw:调整疏散,1,1
raw:调整部署,1,1
raw:调查事件,1,1
raw:调查任务关系,1,1
raw:调查对象关系,1,1
raw:调查核实,1,1
raw:调查行动,1,1
raw:调查认定,1,1
raw:调查走访,1,1
raw:调查防治,1,1
raw:调派/改造,1,1
raw:调济,1,1
raw:调研对象,1,1
raw:调研考察,1,1
raw:调解教育,1,1
raw:调走,1,1
raw:调运,1,1
raw:调运/稳价,1,1
raw:调遣至,1,1
raw:调配地点,1,1
raw:调防,1,1
raw:调防至,1,1
raw:调集兵力杀回马枪,1,1
raw:谈判主体-对方代表,1,1
raw:谈判交枪,1,1
raw:谈判劝降,1,1
raw:谈判协商,1,1
raw:谈判协议,1,1
raw:谈判参与,1,1
raw:谈判对手,1,1
raw:谈判改编,1,1
raw:谈判斗争,1,1
raw:谈判缴械,1,1
raw:谈判起义,1,1
raw:谈心,1,1
raw:谈心/动员,1,1
raw:谈话地点,1,1
raw:谋划,1,1
raw:谋利益,1,1
raw:谋害,1,1
raw:谢绝,1,1
raw:谴责,1,1
raw:象征-对象,1,1
raw:象征行为,1,1
raw:负伤流散于,1,1
raw:负伤留驻,1,1
raw:负担,1,1
raw:负责/开展,1,1
raw:负责/组建,1,1
raw:负责于,1,1
raw:负责人-事件,1,1
raw:负责保管,1,1
raw:负责刊物,1,1
raw:负责同志,1,1
raw:负责地点,1,1
raw:负责学习,1,1
raw:负责实施,1,1
raw:负责宣传部,1,1
raw:负责工作,1,1
raw:负责工作于,1,1
raw:负责征粮,1,1
raw:负责恢复,1,1
raw:负责指挥,1,1
raw:负责收集,1,1
raw:负责教学,1,1
raw:负责整理组织,1,1
raw:负责机构,1,1
raw:负责架设,1,1
raw:负责歼灭,1,1
raw:负责社会教育,1,1
raw:负责秘密工作,1,1
raw:负责筹备,1,1
raw:负责筹粮,1,1
raw:负责筹组,1,1
raw:负责组织,1,1
raw:负责统战工作,1,1
raw:负责编辑,1,1
raw:负责联络,1,1
raw:负责联络和印刷,1,1
raw:负责范围,1,1
raw:负责解决,1,1
raw:负责选址,1,1
raw:负责部署,1,1
raw:负责领导,1,1
raw:贡献关系,1,1
raw:贡献者-地点,1,1
raw:责令释放,1,1
raw:责任关系,1,1
raw:责任关联,1,1
raw:责打,1,1
raw:败逃,1,1
raw:货币发行,1,1
raw:货币发行区域,1,1
raw:质问于,1,1
raw:质问者,1,1
raw:贩卖,1,1
raw:贪污,1,1
raw:贪污事件,1,1
raw:购买/补给,1,1
raw:贯彻落实,1,1
raw:贯通,1,1
raw:贴出,1,1
raw:贴标语,1,1
raw:贸易关联,1,1
raw:贸易联系,1,1
raw:贺电表扬,1,1
raw:贿赂关系,1,1
raw:资产落地,1,1
raw:资助/送别,1,1
raw:资助与培养,1,1
raw:资助与指引,1,1
raw:资助对象,1,1
raw:资助方,1,1
raw:资助行为发生地,1,1
raw:资料征集,1,1
raw:资料征集者,1,1
raw:资料来源,1,1
raw:资料来源地,1,1
raw:资本集中地,1,1
raw:资源关联,1,1
raw:资源来源,1,1
raw:资金传递,1,1
raw:资金往来,1,1
raw:资金捐献,1,1
raw:资金支援,1,1
raw:赈灾,1,1
raw:赋予,1,1
raw:赋予权利,1,1
raw:赔偿/关怀,1,1
raw:赔偿/教育,1,1
raw:赔礼/赔偿,1,1
raw:赞助,1,1
raw:赞同,1,1
raw:赞赏,1,1
raw:赠,1,1
raw:赠与,1,1
raw:赠书与信任,1,1
raw:赠书赠枪,1,1
raw:赠予与拒收,1,1
raw:赠予者,1,1
raw:赠别/送行,1,1
raw:赠款,1,1
raw:赠灯告别,1,1
raw:赠物关怀,1,1
raw:赠物关系,1,1
raw:赠礼/感谢,1,1
raw:赠衣致谢,1,1
raw:赠诗,1,1
raw:赠诗纪念,1,1
raw:赠送/同情,1,1
raw:赠送/慰问,1,1
raw:赠马,1,1
raw:走入,1,1
raw:走出,1,1
raw:走到,1,1
raw:走在最前头,1,1
raw:走完全程,1,1
raw:走访/支持,1,1
raw:走访核实,1,1
raw:走访核查,1,1
raw:走访调查,1,1
raw:赴法勤工俭学同志,1,1
raw:赴约,1,1
raw:赶到,1,1
raw:赶跑,1,1
raw:起义事件,1,1
raw:起义关系,1,1
raw:起义关联地,1,1
raw:起义协助,1,1
raw:起义协商,1,1
raw:起义合作,1,1
raw:起义接头,1,1
raw:起义支持,1,1
raw:起义移交,1,1
raw:起义策动,1,1
raw:起义编入,1,1
raw:起义联系,1,1
raw:起义行动,1,1
raw:起义路线,1,1
raw:起义转化,1,1
raw:起义阻击,1,1
raw:起到,1,1
raw:起始事件,1,1
raw:起始于,1,1
raw:起始地点,1,1
raw:起始点,1,1
raw:起源于,1,1
raw:起着,1,1
raw:起草/指导,1,1
raw:起草决议案,1,1
raw:起草参与,1,1
raw:起草发出,1,1
raw:起草和颁布,1,1
raw:起草指示,1,1
raw:起草章程,1,1
raw:起草者-作品,1,1
raw:起草者-文件,1,1
raw:起點,1,1
raw:超额完成,1,1
raw:越水,1,1
raw:越省追捕,1,1
raw:趋势于,1,1
raw:跃出战壕冲过,1,1
raw:跟着,1,1
raw:跟踪行动,1,1
raw:跟进,1,1
raw:跟随于,1,1
raw:跟随保障,1,1
raw:跟随行动,1,1
raw:跨区追剿,1,1
raw:路径-活动,1,1
raw:路径-目标,1,1
raw:路径节点,1,1
raw:路线-地点,1,1
raw:路线-目标地点,1,1
raw:路线/目标,1,1
raw:路过,1,1
raw:路过驻扎,1,1
raw:跳出,1,1
raw:跳墙,1,1
raw:跳江牺牲,1,1
raw:践行/维护,1,1
raw:践行与奉献,1,1
raw:践行主体,1,1
raw:践行精神,1,1
raw:踏上,1,1
raw:蹂躏/劫掠,1,1
raw:蹂躏/盘据,1,1
raw:身份关系,1,1
raw:身份掩护,1,1
raw:身份标识,1,1
raw:身份确认,1,1
raw:身份证明,1,1
raw:身份转换,1,1
raw:身份辨识,1,1
raw:躲过检查,1,1
raw:转交/协助,1,1
raw:转令布防,1,1
raw:转入坚持,1,1
raw:转入坚持斗争,1,1
raw:转关系,1,1
raw:转化于,1,1
raw:转变立场于,1,1
raw:转咨,1,1
raw:转型,1,1
raw:转学,1,1
raw:转学去向,1,1
raw:转学目的地关联,1,1
raw:转寄方,1,1
raw:转战/宣传,1,1
raw:转战至,1,1
raw:转战行动,1,1
raw:转抄,1,1
raw:转折于,1,1
raw:转报,1,1
raw:转押地点,1,1
raw:转接,1,1
raw:转接关系,1,1
raw:转派工作,1,1
raw:转移/牺牲,1,1
raw:转移/组织,1,1
raw:转移于,1,1
raw:转移会师,1,1
raw:转移到,1,1
raw:转移学习,1,1
raw:转移安置,1,1
raw:转移建立,1,1
raw:转移指挥,1,1
raw:转移指示,1,1
raw:转移接关系,1,1
raw:转移掩护,1,1
raw:转移来源,1,1
raw:转移终点,1,1
raw:转移联系,1,1
raw:转移联络,1,1
raw:转移节点,1,1
raw:转移计划,1,1
raw:转移避难,1,1
raw:转移隐蔽,1,1
raw:转至,1,1
raw:转解地点,1,1
raw:转载,1,1
raw:转辗至,1,1
raw:转运路线,1,1
raw:转送关系,1,1
raw:转防,1,1
raw:转隶,1,1
raw:转饬,1,1
raw:轮训改造,1,1
raw:轰散,1,1
raw:载体-主体,1,1
raw:载体-依托,1,1
raw:载体-内容,1,1
raw:载体归属,1,1
raw:载体形式,1,1
raw:载入,1,1
raw:辅助,1,1
raw:辅助工具,1,1
raw:辅导,1,1
raw:输入,1,1
raw:输送-培养机构,1,1
raw:输送人才至,1,1
raw:输送关系,1,1
raw:输送兵员,1,1
raw:输送兵源,1,1
raw:输送情报,1,1
raw:输送武器,1,1
raw:输送至,1,1
raw:输送革命力量,1,1
raw:辖于,1,1
raw:辖属,1,1
raw:辖有,1,1
raw:辛勤工作,1,1
raw:辞去,1,1
raw:辞去军长职,1,1
raw:辞职/批评,1,1
raw:辟谣,1,1
raw:辩论,1,1
raw:辩论对象,1,1
raw:辩证看待,1,1
raw:辩驳,1,1
raw:边界,1,1
raw:迁厂指令接收方,1,1
raw:迁址地点,1,1
raw:迁居,1,1
raw:迁徙方向,1,1
raw:迁徙至,1,1
raw:迁徙路径,1,1
raw:迁校,1,1
raw:迁移地,1,1
raw:迁移计划,1,1
raw:迁移责任人,1,1
raw:迁移路线,1,1
raw:迁葬,1,1
raw:迁都,1,1
raw:迁都地点,1,1
raw:迁驻地,1,1
raw:迂回截击,1,1
raw:迂回攻击,1,1
raw:迂回穿插,1,1
raw:迂回穿插路线,1,1
raw:过境区域,1,1
raw:过江,1,1
raw:过江地点,1,1
raw:过河,1,1
raw:迎头堵击,1,1
raw:迎接对象,1,1
raw:迎接带路,1,1
raw:迎接支援,1,1
raw:迎接行动,1,1
raw:迎接解放,1,1
raw:迎送,1,1
raw:运动-参与者,1,1
raw:运动指导,1,1
raw:运动目标,1,1
raw:运用于,1,1
raw:运用战术,1,1
raw:运用战术攻打,1,1
raw:运粮支援,1,1
raw:运输/配合,1,1
raw:运输任务,1,1
raw:运输支持,1,1
raw:运输枪支至,1,1
raw:运输者,1,1
raw:运输者-物品,1,1
raw:返回-地点,1,1
raw:返回于,1,1
raw:返回重建,1,1
raw:还击,1,1
raw:还原,1,1
raw:进入/开辟,1,1
raw:进入/递交,1,1
raw:进入地点,1,1
raw:进军/攻打,1,1
raw:进军/营救,1,1
raw:进军于,1,1
raw:进军目标,1,1
raw:进军行动,1,1
raw:进击,1,1
raw:进击于,1,1
raw:进到,1,1
raw:进剿关系,1,1
raw:进占宣传,1,1
raw:进城宣传,1,1
raw:进攻/占领,1,1
raw:进攻/威吓,1,1
raw:进攻/攻克,1,1
raw:进攻/突破,1,1
raw:进攻/部署,1,1
raw:进攻于,1,1
raw:进攻关系,1,1
raw:进攻地点,1,1
raw:进至,1,1
raw:进行战斗,1,1
raw:进行武装斗争,1,1
raw:进逼/监视,1,1
raw:进逼/退却,1,1
raw:进逼急剿,1,1
raw:进驻/指挥,1,1
raw:进驻/活动,1,1
raw:进驻修筑,1,1
raw:进驻关系,1,1
raw:进驻行动,1,1
raw:远征行动,1,1
raw:远祖原籍,1,1
raw:违抗,1,1
raw:违纪,1,1
raw:违纪人员,1,1
raw:连夜进发攻击,1,1
raw:连结,1,1
raw:连载,1,1
raw:连长/投敌,1,1
raw:迟到,1,1
raw:迫使投诚,1,1
raw:迫使缴械,1,1
raw:迫使转移,1,1
raw:迫害/杀害,1,1
raw:迫害地,1,1
raw:迫害抗议,1,1
raw:迷惑,1,1
raw:追击-地点,1,1
raw:追击全歼,1,1
raw:追击关系,1,1
raw:追击击溃,1,1
raw:追击劝降,1,1
raw:追击抓获,1,1
raw:追击捉拿,1,1
raw:追击路线,1,1
raw:追剿/截击,1,1
raw:追剿/推进,1,1
raw:追剿地点,1,1
raw:追剿行动,1,1
raw:追堵,1,1
raw:追找,1,1
raw:追捕关系,1,1
raw:追捕者-被追捕者,1,1
raw:追捕解散,1,1
raw:追捕逮捕,1,1
raw:追授纪念,1,1
raw:追查关系,1,1
raw:追歼关系,1,1
raw:追歼叛匪,1,1
raw:追求,1,1
raw:追缴对象,1,1
raw:追认为,1,1
raw:追认公布,1,1
raw:追认关系,1,1
raw:追认机构,1,1
raw:追认烈士,1,1
raw:追讨,1,1
raw:追赶抓获,1,1
raw:追踪,1,1
raw:追逼,1,1
raw:追随者,1,1
raw:退却至,1,1
raw:退赔,1,1
raw:退踞,1,1
raw:送信至,1,1
raw:送信被杀,1,1
raw:送医,1,1
raw:送大洋/承诺,1,1
raw:送子参军,1,1
raw:送来,1,1
raw:送枪地点,1,1
raw:送药送粮,1,1
raw:送还,1,1
raw:送郎参军,1,1
raw:送鞋,1,1
raw:送饭/理发,1,1
raw:送饭至,1,1
raw:适应,1,1
raw:适用区域,1,1
raw:适用范围,1,1
raw:逃亡地,1,1
raw:逃到,1,1
raw:逃匿,1,1
raw:逃命目标,1,1
raw:逃往地点,1,1
raw:逃窜于,1,1
raw:逃窜至,1,1
raw:逃窜路径,1,1
raw:逃脱,1,1
raw:逃脱地点,1,1
raw:逃跑,1,1
raw:逃难,1,1
raw:选举/任命,1,1
raw:选举为主席,1,1
raw:选举成立,1,1
raw:选入常委,1,1
raw:选出,1,1
raw:选址参与者,1,1
raw:选定召开全国一苏大会于,1,1
raw:选择于,1,1
raw:选教,1,1
raw:选用教材,1,1
raw:选编,1,1
raw:选送,1,1
raw:选送学习,1,1
raw:透露情报,1,1
raw:透露消息,1,1
raw:递交抗议书,1,1
raw:递增,1,1
raw:递进于,1,1
raw:递送,1,1
raw:途經,1,1
raw:途经/影响,1,1
raw:途经/未占领,1,1
raw:途经/革命活动,1,1
raw:途经/驻扎,1,1
raw:途经于,1,1
raw:途经关系,1,1
raw:途经地点,1,1
raw:途经被捕,1,1
raw:通令饬缉,1,1
raw:通信联络,1,1
raw:通告,1,1
raw:通报批评,1,1
raw:通敌,1,1
raw:通电,1,1
raw:通电起义,1,1
raw:通知/撤离,1,1
raw:通知规范,1,1
raw:通缉关系,1,1
raw:通行凭证,1,1
raw:通行证获取,1,1
raw:通讯地,1,1
raw:通讯支援,1,1
raw:通讯网络,1,1
raw:通讯联系,1,1
raw:通达,1,1
raw:通过于,1,1
raw:通过铁丝网摸到,1,1
raw:通风报信,1,1
raw:造枪,1,1
raw:造谣,1,1
raw:造谣轰炸,1,1
raw:逮捕令,1,1
raw:逮捕机构,1,1
raw:逮捕杀害,1,1
raw:逼,1,1
raw:逼写血书,1,1
raw:逼婚,1,1
raw:逼抢,1,1
raw:逼米征税,1,1
raw:逼索,1,1
raw:逼退,1,1
raw:逼降,1,1
raw:遇伏于,1,1
raw:遇害事件,1,1
raw:遇害关系,1,1
raw:遇害路线,1,1
raw:遍及,1,1
raw:遍设,1,1
raw:道歉,1,1
raw:遗书传递地点,1,1
raw:遗嘱嘱托,1,1
raw:遗址,1,1
raw:遗存于,1,1
raw:遗愿地点,1,1
raw:遗物保存地,1,1
raw:遗物归属,1,1
raw:遗留/信仰,1,1
raw:遗留/发放,1,1
raw:遗留关联,1,1
raw:遗留物关联,1,1
raw:遗留物品,1,1
raw:遗骸安葬地,1,1
raw:遣散,1,1
raw:遣送对象,1,1
raw:遥控指挥,1,1
raw:遭受酷刑,1,1
raw:遭围牺牲,1,1
raw:遭截击,1,1
raw:遭蹂躏,1,1
raw:遭遇/冲突,1,1
raw:遭遇事件,1,1
raw:遭遇于,1,1
raw:遭遇围剿,1,1
raw:遭镇压,1,1
raw:遵循原则,1,1
raw:遵循规范,1,1
raw:遵照指示,1,1
raw:避免,1,1
raw:避险,1,1
raw:避险地点,1,1
raw:避难区域,1,1
raw:邀,1,1
raw:邀请关系,1,1
raw:邀请讲话,1,1
raw:邮寄,1,1
raw:邻近,1,1
raw:邻近区域,1,1
raw:郊迎,1,1
raw:部分具备,1,1
raw:部署/修筑,1,1
raw:部署/堵截,1,1
raw:部署/备战,1,1
raw:部署/抓捕,1,1
raw:部署/破坏交通,1,1
raw:部署作战于,1,1
raw:部署依据,1,1
raw:部署关系,1,1
raw:部署军事,1,1
raw:部署剿匪于,1,1
raw:部署剿灭,1,1
raw:部署围剿,1,1
raw:部署对象,1,1
raw:部署应变,1,1
raw:部署开展,1,1
raw:部署战役,1,1
raw:部署执行,1,1
raw:部署搜捕,1,1
raw:部署撤离,1,1
raw:部署追捕,1,1
raw:部队-地点,1,1
raw:部队-战役,1,1
raw:部队-行为,1,1
raw:部队会师,1,1
raw:部队编制,1,1
raw:部队调动,1,1
raw:配乐,1,1
raw:配合-力量,1,1
raw:配合/拔除,1,1
raw:配合/策应,1,1
raw:配合/转移,1,1
raw:配合事件,1,1
raw:配合于,1,1
raw:配合会剿于,1,1
raw:配合剿匪,1,1
raw:配合力量,1,1
raw:配合发展,1,1
raw:配合宣传,1,1
raw:配合打击敌人,1,1
raw:配合接管,1,1
raw:配合斗争,1,1
raw:配合者,1,1
raw:配合肃清,1,1
raw:配合进军,1,1
raw:配合阻击,1,1
raw:配套于,1,1
raw:配套机构,1,1
raw:配套行动,1,1
raw:配属,1,1
raw:酝酿与决定,1,1
raw:酝酿与延续,1,1
raw:酬谢,1,1
raw:酬谢馈赠,1,1
raw:酷刑逼降,1,1
raw:采用-方法,1,1
raw:采用方式,1,1
raw:采纳/部署,1,1
raw:采访对象,1,1
raw:采访报道,1,1
raw:采购/改善,1,1
raw:采购地点,1,1
raw:采集,1,1
raw:释放救济,1,1
raw:重建关系,1,1
raw:重建协助,1,1
raw:重建领导,1,1
raw:重心,1,1
raw:重点,1,1
raw:重点围捕,1,1
raw:重点开展于,1,1
raw:重点打击于,1,1
raw:重点管辖,1,1
raw:重申,1,1
raw:重租,1,1
raw:重组于,1,1
raw:重组反扑,1,1
raw:重要人物,1,1
raw:重要商埠,1,1
raw:重要节点,1,1
raw:重访调研,1,1
raw:金融服务点,1,1
raw:鏖破,1,1
raw:针对地点,1,1
raw:钻入,1,1
raw:钻研,1,1
raw:铲除,1,1
raw:铸就,1,1
raw:锄奸,1,1
raw:错误主张,1,1
raw:错误处理,1,1
raw:错误审判,1,1
raw:错误领导,1,1
raw:镇压-实施者,1,1
raw:镇压/分配,1,1
raw:镇压/枪决,1,1
raw:镇压/枪杀,1,1
raw:镇压于,1,1
raw:镇压地点,1,1
raw:镇压处置,1,1
raw:镇压威胁,1,1
raw:镇压恶霸,1,1
raw:镇压执行,1,1
raw:镇压方-事件,1,1
raw:镇压杀害,1,1
raw:镇压活动,1,1
raw:镇压者-地点,1,1
raw:镇压行为,1,1
raw:镇压追赃,1,1
raw:长征史料编纂,1,1
raw:长征经过,1,1
raw:长期跟随支援,1,1
raw:问责关系,1,1
raw:闯过,1,1
raw:间接指挥,1,1
raw:闹饷,1,1
raw:阅改,1,1
raw:阅读内容,1,1
raw:阐明,1,1
raw:阐明方针地,1,1
raw:阐述于,1,1
raw:防堵/激战,1,1
raw:防堵/请饷,1,1
raw:防堵/追剿,1,1
raw:防堵部署,1,1
raw:防守/抗击,1,1
raw:防守/指挥,1,1
raw:防守与求援,1,1
raw:防守区域,1,1
raw:防守反击,1,1
raw:防御-地点,1,1
raw:防御/击退,1,1
raw:防御主体,1,1
raw:防御体系,1,1
raw:防御依托,1,1
raw:防御关联,1,1
raw:防御反击,1,1
raw:防御地点,1,1
raw:防御工具,1,1
raw:防御指挥,1,1
raw:防御据点,1,1
raw:防御纵深,1,1
raw:防御节点,1,1
raw:防御范围,1,1
raw:防御设施,1,1
raw:防御重点,1,1
raw:防御阵地-指挥者,1,1
raw:防止/防备,1,1
raw:防范,1,1
raw:防范对象,1,1
raw:阴谋暴动,1,1
raw:阵亡于,1,1
raw:阵地掩护,1,1
raw:阶层分化,1,1
raw:阶段递进,1,1
raw:阶级压迫,1,1
raw:阶级敌人,1,1
raw:阶级策略,1,1
raw:阻击于,1,1
raw:阻击作战,1,1
raw:阻击失败,1,1
raw:阻击对象,1,1
raw:阻击掩护,1,1
raw:阻击歼敌,1,1
raw:阻击行动,1,1
raw:阻击阵地,1,1
raw:阻拦,1,1
raw:阻断,1,1
raw:阻止镇压,1,1
raw:阻滞,1,1
raw:阻碍/推动,1,1
raw:阻碍者,1,1
raw:附刊,1,1
raw:附属设施,1,1
raw:陈列于,1,1
raw:陈述,1,1
raw:降为,1,1
raw:降职,1,1
raw:限制与迫害,1,1
raw:限制对象,1,1
raw:限制活动,1,1
raw:除奸,1,1
raw:除害,1,1
raw:除恶对象,1,1
raw:陪同,1,1
raw:陷入,1,1
raw:陷害,1,1
raw:陷害关系,1,1
raw:陷踞,1,1
raw:随,1,1
raw:随军离开地点,1,1
raw:随同行动,1,1
raw:隐匿地点,1,1
raw:隐居地,1,1
raw:隐居地点,1,1
raw:隐护关系,1,1
raw:隐蔽与工作安排,1,1
raw:隐蔽住宿,1,1
raw:隐蔽关系,1,1
raw:隐蔽坚持,1,1
raw:隐蔽安置,1,1
raw:隐蔽战线,1,1
raw:隐蔽指挥,1,1
raw:隐蔽点,1,1
raw:隐蔽行为,1,1
raw:隐藏地点,1,1
raw:隐藏救治,1,1
raw:隶属-上级党组织,1,1
raw:隶属-处置,1,1
raw:隶属-组织,1,1
raw:隶属/关联,1,1
raw:隶属/参与,1,1
raw:隶属/处分,1,1
raw:隶属/联系,1,1
raw:隶属/调整,1,1
raw:隶属变更,1,1
raw:隶属工作,1,1
raw:隶属组织,1,1
raw:难友互助,1,1
raw:集中兵力,1,1
raw:集中兵力攻打,1,1
raw:集中力量/建立,1,1
raw:集中动员于,1,1
raw:集中消灭,1,1
raw:集中领队,1,1
raw:集体,1,1
raw:集体决策,1,1
raw:集体商议,1,1
raw:集体研究,1,1
raw:集合,1,1
raw:集合编成,1,1
raw:集结/进攻,1,1
raw:集结兵力,1,1
raw:集结整编,1,1
raw:集结点,1,1
raw:集结迟缓,1,1
raw:雇佣/剥削,1,1
raw:雇佣关系,1,1
raw:需要,1,1
raw:需要人工映射,1,1
raw:需要核实,1,1
raw:需要证据支持的具体关系,1,1
raw:震撼,1,1
raw:靠近,1,1
raw:面对,1,1
raw:面授,1,1
raw:面见,1,1
raw:革命争取,1,1
raw:革命人物关联,1,1
raw:革命传统地区,1,1
raw:革命传统延续,1,1
raw:革命区域,1,1
raw:革命友谊,1,1
raw:革命启蒙,1,1
raw:革命实践关联,1,1
raw:革命对象,1,1
raw:革命影响,1,1
raw:革命摇篮,1,1
raw:革命教导,1,1
raw:革命教育者,1,1
raw:革命斗争关联,1,1
raw:革命根据地关联,1,1
raw:革命活动于,1,1
raw:革命活动地点,1,1
raw:革命活动范围,1,1
raw:革命牺牲,1,1
raw:革命者,1,1
raw:革命联络,1,1
raw:革命行动,1,1
raw:鞠躬告别,1,1
raw:音乐创作,1,1
raw:颁布地,1,1
raw:颁布机构,1,1
raw:颁布章程,1,1
raw:颁示,1,1
raw:颂扬与记录,1,1
raw:预伏,1,1
raw:预备于,1,1
raw:预料,1,1
raw:预示,1,1
raw:预见,1,1
raw:预警信息,1,1
raw:预防,1,1
raw:领取,1,1
raw:领导-下属,1,1
raw:领导-人物,1,1
raw:领导-参与,1,1
raw:领导-发生地,1,1
raw:领导-地区,1,1
raw:领导-媒体,1,1
raw:领导-实践,1,1
raw:领导-实践区域,1,1
raw:领导-掩护,1,1
raw:领导-统战对象,1,1
raw:领导-谈判对象,1,1
raw:领导/保护,1,1
raw:领导/关联,1,1
raw:领导/动员,1,1
raw:领导/发动,1,1
raw:领导/发展,1,1
raw:领导/发展关系,1,1
raw:领导/发起,1,1
raw:领导/合作,1,1
raw:领导/响应,1,1
raw:领导/失误,1,1
raw:领导/宣传,1,1
raw:领导/工作,1,1
raw:领导/工作关系,1,1
raw:领导/成员,1,1
raw:领导/成立,1,1
raw:领导/指示,1,1
raw:领导/撤职,1,1
raw:领导/离开,1,1
raw:领导/筹办,1,1
raw:领导/纪念,1,1
raw:领导/考验,1,1
raw:领导/联系人,1,1
raw:领导/著述,1,1
raw:领导/部署,1,1
raw:领导与代表,1,1
raw:领导与创建,1,1
raw:领导与创造,1,1
raw:领导与协助关系,1,1
raw:领导与参与者,1,1
raw:领导与叛变,1,1
raw:领导与培养,1,1
raw:领导与批判,1,1
raw:领导与斗争对象,1,1
raw:领导与牺牲,1,1
raw:领导与群众,1,1
raw:领导与被争取,1,1
raw:领导与被保护,1,1
raw:领导与被捕,1,1
raw:领导与被调查,1,1
raw:领导与配合,1,1
raw:领导交棒,1,1
raw:领导介绍,1,1
raw:领导修建,1,1
raw:领导农运,1,1
raw:领导农运于,1,1
raw:领导剿匪行动,1,1
raw:领导协助,1,1
raw:领导单位,1,1
raw:领导响应,1,1
raw:领导对象,1,1
raw:领导工运于,1,1
raw:领导平乱,1,1
raw:领导抢修,1,1
raw:领导抵抗,1,1
raw:领导接应,1,1
raw:领导支持,1,1
raw:领导整顿,1,1
raw:领导整风,1,1
raw:领导斗争于,1,1
raw:领导暴动于,1,1
raw:领导机构-事件,1,1
raw:领导核心,1,1
raw:领导监督,1,1
raw:领导确立,1,1
raw:领导组建,1,1
raw:领导维护,1,1
raw:领导群众运动,1,1
raw:领导翻身,1,1
raw:领导者-事件,1,1
raw:领导者-组织,1,1
raw:领导者-被领导,1,1
raw:领导调整,1,1
raw:领导调研,1,1
raw:领导运动,1,1
raw:领导部署,1,1
raw:领悟,1,1
raw:题写/参与,1,1
raw:题写/宣传,1,1
raw:题写关系,1,1
raw:题写者-被题写者,1,1
raw:题名,1,1
raw:题咏对象,1,1
raw:题字者,1,1
raw:题词/鼓励,1,1
raw:题词人,1,1
raw:题词对象,1,1
raw:题词支持,1,1
raw:题词留念,1,1
raw:题词者,1,1
raw:题诗赞颂,1,1
raw:题诗赠予,1,1
raw:题赠,1,1
raw:飞抵,1,1
raw:食宿关系,1,1
raw:饲养,1,1
raw:驰骋于,1,1
raw:驰骋斗争,1,1
raw:驱赶,1,1
raw:驱逐行动,1,1
raw:驻军行军,1,1
raw:驻剿教育,1,1
raw:驻在地,1,1
raw:驻地-部队,1,1
raw:驻地守卫,1,1
raw:驻地机构,1,1
raw:驻地迁移至,1,1
raw:驻址,1,1
raw:驻守于,1,1
raw:驻守关系,1,1
raw:驻守地点,1,1
raw:驻守建设,1,1
raw:驻守部队,1,1
raw:驻扎/休整,1,1
raw:驻扎/作战,1,1
raw:驻扎/牺牲,1,1
raw:驻扎与赠礼,1,1
raw:驻扎办公,1,1
raw:驻扎守卫,1,1
raw:驻点剿匪,1,1
raw:驻留,1,1
raw:驻留地,1,1
raw:驻节,1,1
raw:驻训,1,1
raw:驻跸于,1,1
raw:驻防/勒索,1,1
raw:驻防作战于,1,1
raw:驻防剿匪,1,1
raw:驻防区域,1,1
raw:驻防地点,1,1
raw:骑乘,1,1
raw:骗取,1,1
raw:骨干,1,1
raw:高举,1,1
raw:高呼口号,1,1
raw:高呼口号抗议,1,1
raw:高喊,1,1
raw:高度评价,1,1
raw:鱼水情,1,1
raw:鸣枪助威,1,1
raw:默许,1,1
raw:鼓动拉走武器,1,1
raw:鼓动起义,1,1
raw:鼓动邻近群众前去支援,1,1
raw:鼓励者-被鼓励者,1,1
raw:鼓吹,1,1
raw:鼓舞作用,1,1
raw:鼓舞斗志,1,1
raw:鼠窜,1,1
transmitted_by,1,0
