原始谓词,规范谓词,断言数
weak:关联,raw:关联,70595
raw:发生于,raw:发生于,54309
participated_in,participated_in,31452
led,led,27771
participated_in,raw:participated_in,22920
led,raw:led,16247
active_at,active_at,10454
member_of,raw:member_of,7831
organized,organized,6990
held_position_in,raw:held_position_in,6192
held_position_in,held_position_in,5995
influenced,influenced,5366
organized,raw:organized,5159
raw:发生于,occurred_at,4973
member_of,member_of,4706
raw:发生地,occurred_at,3123
active_at,raw:active_at,3092
raw:革命,raw:革命,2661
raw:发生地,raw:发生地,2546
,has_value_facet,2349
,raw:见于证据记录,2197
embodied_in_event,raw:embodied_in_event,2119
commanded,commanded,2076
raw:事件发生地,raw:事件发生地,2011
,mentioned_in,1947
occurred_at,occurred_at,1785
,raw:关联人物,1727
supported,supported,1714
raw:发展,raw:发展,1595
raw:need_review,raw:关系待定,1555
,raw:mentioned_in,1536
disseminates,raw:disseminates,1511
raw:时间关联,raw:时间关联,1499
guided,guided,1447
raw:牺牲于,raw:牺牲于,1236
raw:通信,raw:通信,1210
supported,raw:supported,1210
worked_at,worked_at,1200
raw:隶属,raw:隶属,1198
raw:隶属关系,raw:隶属关系,986
raw:战争,raw:战争,985
influenced,raw:influenced,971
originated_at,raw:originated_at,950
raw:发起,raw:发起,942
dispatched,dispatched,938
raw:起义,raw:起义,927
captured,captured,922
raw:转移,raw:转移,910
raw:地理关联,raw:地理关联,871
commanded,raw:commanded,835
raw:组织关系,raw:组织关系,829
raw:籍贯,raw:籍贯,827
carried_out,carried_out,814
raw:部署,raw:部署,762
raw:教育,raw:教育,757
raw:镇压,raw:镇压,757
,raw:关联事件,756
raw:人物-事件,raw:人物-事件,752
raw:事件-地点,raw:事件-地点,745
authored,raw:authored,720
guided,raw:guided,720
liberated,raw:liberated,720
raw:组织者,organized,709
stationed_at,stationed_at,693
raw:发生地点,occurred_at,688
raw:领导关系,raw:领导关系,676
contacted,contacted,662
,raw:关联地点,644
raw:进攻,raw:进攻,631
responsible_for,responsible_for,623
raw:事件关联,raw:事件关联,608
,raw:关联组织,599
raw:地点关联,raw:地点关联,583
carried_out,raw:carried_out,572
raw:组成,raw:组成,572
liberated,liberated,562
created,raw:created,554
raw:活动关联,raw:活动关联,528
collaborated_with,collaborated_with,522
raw:被捕,raw:被捕,507
held_position,raw:held_position,502
fought_at,fought_at,489
raw:军事行动,raw:军事行动,488
raw:改编,raw:改编,473
raw:依托,raw:依托,456
embodied_by_person,raw:embodied_by_person,445
created,created,440
commemorates,raw:commemorates,439
raw:隶属关系,member_of,430
raw:保卫,raw:保卫,429
collaborated_with,raw:collaborated_with,427
raw:支援,raw:支援,425
governed,governed,414
weak:相关,raw:相关,414
raw:隶属,member_of,410
traveled_to,traveled_to,410
raw:影响范围,raw:影响范围,404
studied_at,raw:studied_at,396
located_in,located_in,392
imprisoned_at,imprisoned_at,384
raw:参与者,participated_in,378
opposed,opposed,369
raw:事件发生地,occurred_at,360
raw:作战区域,raw:作战区域,360
died_at,died_at,356
recruited,recruited,351
killed,killed,347
raw:报告,raw:报告,347
raw:参与事件,participated_in,346
raw:关联区域,raw:关联区域,344
raw:活动场所,active_at,343
captured,raw:captured,341
raw:对抗,opposed,341
raw:组织成员,raw:组织成员,339
used_artifact,raw:used_artifact,323
raw:防守,raw:防守,318
raw:对抗,raw:对抗,317
raw:冲突,raw:冲突,315
raw:决定,raw:决定,315
raw:动员,raw:动员,305
,raw:体现于地域,302
raw:地点,raw:地点,301
raw:发布,raw:发布,297
raw:建设,raw:建设,296
raw:主持,raw:主持,288
raw:组织-成员,raw:组织-成员,286
raw:发生地点,raw:发生地点,282
raw:负责人,raw:负责人,281
occurred_at,raw:occurred_at,278
raw:任职地,raw:任职地,277
raw:实施,raw:实施,274
raw:情报传递,raw:情报传递,272
raw:讨论,raw:讨论,268
introduced,introduced,264
contacted,raw:contacted,263
raw:组织者,raw:组织者,263
arrested_at,arrested_at,262
raw:组织-事件,raw:组织-事件,262
raw:成立,raw:成立,261
raw:破坏,raw:破坏,258
raw:决策,raw:决策,257
appointed,appointed,256
raw:事件-人物,raw:事件-人物,253
raw:因果关系,raw:因果关系,253
raw:涉及,raw:涉及,253
raw:进驻,raw:进驻,252
raw:推动,raw:推动,251
raw:组建,raw:组建,251
advocated,raw:advocated,249
raw:研究,raw:研究,247
raw:撰写,raw:撰写,246
raw:领导关系,led,245
raw:引发,raw:引发,244
raw:演讲,raw:演讲,244
raw:响应,raw:响应,241
raw:人物-组织,raw:人物-组织,239
raw:事,raw:事,238
raw:战斗发生地,fought_at,236
raw:人物-地点,raw:人物-地点,234
raw:设立,raw:设立,233
raw:参与事件,raw:参与事件,231
raw:背景,raw:背景,231
edited,raw:edited,230
raw:创办者,raw:创办者,230
raw:创建者,raw:创建者,230
raw:投降,raw:投降,229
raw:事件地点,raw:事件地点,228
colleague_of,colleague_of,227
responsible_for,raw:responsible_for,227
raw:召开,raw:召开,224
raw:地域关联,raw:地域关联,224
born_at,born_at,223
raw:途经,raw:途经,223
raw:相关人物,raw:相关人物,222
raw:影响事件,raw:影响事件,221
raw:统战关系,raw:统战关系,220
raw:会师,raw:会师,218
raw:组织关联,raw:组织关联,217
raw:出版,raw:出版,216
family_of,family_of,215
raw:命令,raw:命令,213
raw:发起,organized,211
raw:开展,carried_out,211
raw:事-地,raw:事-地,209
raw:运输,raw:运输,209
raw:统一,raw:统一,207
raw:改革,raw:改革,206
raw:牺牲,raw:牺牲,205
raw:转移路线,raw:转移路线,205
raw:领导活动,raw:领导活动,205
raw:开展,raw:开展,203
raw:转移路径,raw:转移路径,198
recruited,raw:recruited,196
raw:策反,raw:策反,192
raw:行动区域,raw:行动区域,192
used_artifact,used_artifact,192
raw:参与关系,raw:参与关系,191
raw:就学,raw:就学,191
raw:支援,supported,191
raw:组织活动,raw:组织活动,191
worked_at,raw:worked_at,191
,created,190
raw:任职地点,raw:任职地点,190
raw:争取,raw:争取,187
raw:宣传,raw:宣传,187
raw:支援关系,raw:支援关系,187
raw:组织-事件,organized,187
raw:组织隶属,raw:组织隶属,187
stationed_at,raw:stationed_at,182
raw:主导,led,180
raw:关联地,raw:关联地,180
raw:事件,raw:事件,177
authored,authored,176
raw:遇害地点,raw:遇害地点,176
killed,raw:killed,175
raw:成立地点,raw:成立地点,175
raw:负责区域,raw:负责区域,175
raw:行动,raw:行动,174
reported_to,reported_to,174
raw:体现,raw:体现,173
raw:组织-人物,raw:组织-人物,173
studied_at,studied_at,173
raw:事件发生地点,raw:事件发生地点,172
raw:关联地区,raw:关联地区,172
raw:属于,raw:属于,172
raw:学习地点,raw:学习地点,171
raw:联系人,raw:联系人,171
raw:评价,raw:评价,169
raw:活动场所,raw:活动场所,168
raw:接管,raw:接管,167
fought_at,raw:fought_at,165
raw:发动,raw:发动,165
raw:目标,raw:目标,165
raw:编纂,raw:编纂,164
raw:驻地,stationed_at,164
raw:斗争对象,raw:斗争对象,163
raw:行动路线,raw:行动路线,163
raw:传达,raw:传达,162
raw:籍贯关联,raw:籍贯关联,162
raw:组织-地点,raw:组织-地点,162
raw:包含,raw:包含,160
raw:相关事件,raw:相关事件,159
raw:协同,raw:协同,158
raw:归属,raw:归属,158
dispatched,raw:dispatched,157
raw:介绍入党,raw:介绍入党,157
raw:安葬地,raw:安葬地,157
raw:作战,raw:作战,156
raw:执行者-事件,raw:执行者-事件,156
raw:指导者,raw:指导者,155
raw:领导与被领导,raw:领导与被领导,154
raw:参与地点,raw:参与地点,153
raw:指挥关系,raw:指挥关系,153
raw:据点,raw:据点,151
raw:率领,raw:率领,151
raw:发起人,raw:发起人,150
raw:指挥战斗,raw:指挥战斗,150
raw:参与人物,raw:参与人物,148
formulated,raw:formulated,147
raw:出席,raw:出席,147
raw:掩护关系,raw:掩护关系,147
raw:攻击目标,raw:攻击目标,147
opposed,raw:opposed,146
raw:组织-成员,member_of,146
raw:组织事件,raw:组织事件,146
raw:记录,raw:记录,146
raw:联络地点,raw:联络地点,145
located_in,raw:located_in,144
raw:导致,raw:导致,144
raw:工作,raw:工作,144
raw:经历,raw:经历,144
raw:决策者,raw:决策者,143
raw:歼灭,raw:歼灭,143
raw:牺牲地,raw:牺牲地,143
raw:策反对象,raw:策反对象,142
raw:会合,raw:会合,139
raw:转移至,raw:转移至,139
raw:领导关系,governed,137
raw:入党介绍人,raw:入党介绍人,136
raw:关联事件地点,raw:关联事件地点,136
raw:创办,raw:创办,135
raw:人物与地点关系,raw:人物与地点关系,134
raw:成员关系,raw:成员关系,133
raw:行动地点,raw:行动地点,130
raw:掩护,raw:掩护,129
raw:地点-事件,occurred_at,128
raw:参与者,raw:参与者,127
raw:影响关系,raw:影响关系,127
raw:作战区域,fought_at,126
raw:组织者-事件,raw:组织者-事件,126
raw:联络点,raw:联络点,125
raw:驻地,raw:驻地,125
raw:发生地关联,raw:发生地关联,124
raw:关联机构,raw:关联机构,121
raw:发动,organized,121
raw:指挥参与,raw:指挥参与,121
raw:斗争,raw:斗争,121
raw:传播媒介,raw:传播媒介,120
raw:执行者,raw:执行者,120
raw:策划,organized,119
raw:组织成员,member_of,119
raw:人物关联,raw:人物关联,116
raw:对抗关系,raw:对抗关系,115
raw:工作地,raw:工作地,115
raw:影响对象,raw:影响对象,115
raw:活动据点,raw:活动据点,115
raw:生产,raw:生产,114
edited,edited,113
protected,raw:protected,113
raw:同属,raw:同属,113
raw:控制,raw:控制,112
protected,protected,111
raw:人物与地点关联,raw:人物与地点关联,111
raw:攻击,fought_at,111
raw:攻击,raw:攻击,111
escorted,raw:escorted,110
raw:工作关系,raw:工作关系,110
raw:打击对象,raw:打击对象,110
raw:入党,raw:入党,109
raw:参与方,participated_in,109
raw:指挥者,commanded,109
raw:领导参与,raw:领导参与,109
raw:加入,raw:加入,108
raw:参加,raw:参加,108
raw:工作区域,stationed_at,108
part_of,part_of,107
met_with,met_with,106
raw:任职关系,raw:任职关系,106
raw:袭击,raw:袭击,106
imprisoned_at,raw:imprisoned_at,105
raw:侦查,raw:侦查,105
raw:成立,created,104
raw:活动范围,raw:活动范围,103
mentioned_in,mentioned_in,102
,depicts,101
part_of,raw:part_of,101
raw:主体-事件,raw:主体-事件,101
raw:关联地点-人物,raw:关联地点-人物,100
raw:独立,raw:独立,100
raw:行军路线,raw:行军路线,100
raw:收复,raw:收复,99
raw:作战地点,fought_at,98
raw:实施,carried_out,98
died_at,raw:died_at,97
raw:发起者,organized,95
trained,trained,94
visited,visited,94
raw:对抗关系,opposed,93
raw:战斗,raw:战斗,93
raw:所属,raw:所属,93
raw:参与战斗,fought_at,92
escorted,escorted,91
raw:工作单位,raw:工作单位,91
raw:体现,embodied_in_event,90
raw:依托地,raw:依托地,90
governed,raw:governed,88
raw:伏击,raw:伏击,88
raw:协作,collaborated_with,87
raw:联络关系,contacted,87
raw:支援对象,raw:支援对象,86
raw:创建者,created,85
raw:参加,participated_in,85
raw:实施地,raw:实施地,85
raw:领导者,led,85
raw:行军路线,traveled_to,84
raw:执行者-事件,carried_out,81
raw:行动区域,stationed_at,81
traveled_to,raw:traveled_to,81
raw:打击,raw:打击,80
raw:支持者,supported,80
symbolized_by,raw:symbolized_by,80
raw:组织联系,contacted,79
raw:参与地,raw:参与地,78
raw:管理,governed,78
raw:经过,traveled_to,78
raw:协作关系,collaborated_with,77
rescued,rescued,77
raw:推广,raw:推广,76
raw:开辟,raw:开辟,75
raw:指导关系,guided,75
raw:编入,raw:编入,75
raw:同属,colleague_of,74
raw:指挥关系,commanded,74
documents,raw:documents,73
raw:人物-人物,raw:人物-人物,73
raw:率领,led,73
raw:领导-地点,raw:领导-地点,73
raw:提供,raw:提供,72
raw:攻打,raw:攻打,72
raw:策划,raw:策划,72
raw:调动,raw:调动,71
raw:相关地点,raw:相关地点,70
appointed,raw:appointed,69
raw:慰问,raw:慰问,69
raw:释放,raw:释放,69
raw:管理,raw:管理,68
raw:斗争对象,opposed,67
raw:进驻,stationed_at,67
raw:参与方,raw:参与方,66
raw:地点-事件,raw:地点-事件,66
raw:活动地域,active_at,65
raw:领导/参与,raw:领导/参与,64
raw:事件地点,occurred_at,63
raw:发生地-事件,occurred_at,63
raw:围剿,raw:围剿,63
raw:应对,raw:应对,63
raw:结果,raw:结果,63
raw:发生时间,raw:发生时间,62
raw:指导关系,raw:指导关系,62
raw:传递,raw:传递,61
raw:逮捕,raw:逮捕,61
raw:遭遇,raw:遭遇,61
raw:支撑,raw:支撑,60
raw:联系人,contacted,60
raw:接待,raw:接待,59
raw:组织事件,organized,59
raw:经过,raw:经过,59
raw:缴获,raw:缴获,59
raw:阻击,raw:阻击,59
raw:依据,raw:依据,58
raw:指导者,guided,58
reported_to,raw:reported_to,58
trained,raw:trained,58
criticized,criticized,57
raw:作战地点,raw:作战地点,57
raw:贯彻,raw:贯彻,57
arrested_at,raw:arrested_at,56
raw:参与人物,participated_in,56
raw:战斗,fought_at,56
raw:控制,governed,56
raw:遇害地点,died_at,56
raw:保障,raw:保障,55
raw:包围,raw:包围,55
raw:牺牲于,died_at,55
raw:统战对象,raw:统战对象,55
raw:继承,raw:继承,55
raw:载体,raw:载体,55
raw:成果,raw:成果,54
raw:迫害,raw:迫害,54
raw:声明,raw:声明,53
raw:执行者,carried_out,53
raw:抓捕,raw:抓捕,53
raw:推行,raw:推行,53
raw:目的,raw:目的,53
raw:关联事件与地点,raw:关联事件与地点,52
raw:参与组织,raw:参与组织,52
raw:发生于,occurred_during,52
raw:转战,raw:转战,52
raw:进攻,fought_at,52
introduced,raw:introduced,51
raw:传播载体,raw:传播载体,51
raw:作战对象,raw:作战对象,51
raw:坚持,raw:坚持,51
raw:开展工作,raw:开展工作,51
raw:追击,raw:追击,51
advocated,advocated,50
raw:任职关系,held_position_in,50
raw:地,raw:地,50
raw:对抗对象,raw:对抗对象,50
raw:指挥/参与,raw:指挥/参与,50
raw:掩护,protected,50
raw:援助,raw:援助,50
raw:支持关系,supported,50
raw:组建,organized,50
raw:组织者-事件,organized,50
raw:组织隶属,member_of,50
raw:叛变,raw:叛变,49
raw:组织联系,raw:组织联系,49
raw:协同作战,raw:协同作战,48
raw:工作联系,raw:工作联系,48
raw:路径,raw:路径,48
raw:践行,raw:践行,48
raw:促成,raw:促成,47
raw:合并,raw:合并,47
raw:帮助,raw:帮助,47
raw:指挥-地点,raw:指挥-地点,47
raw:联络关系,raw:联络关系,47
raw:见证,raw:见证,47
raw:转移,traveled_to,47
raw:针对,raw:针对,47
raw:下辖,raw:下辖,46
raw:互动,raw:互动,46
raw:围攻,raw:围攻,46
raw:实施于,raw:实施于,46
raw:总结,raw:总结,46
raw:批准,raw:批准,46
raw:活动场所,occurred_at,46
raw:关联事件-地点,raw:关联事件-地点,45
raw:号召,raw:号召,45
raw:安置,raw:安置,45
raw:统战,raw:统战,45
raw:谈判,raw:谈判,45
raw:主导,raw:主导,44
raw:举办地,occurred_at,44
raw:体现,embodied_by_person,44
raw:作战区域,occurred_at,44
raw:侦察,raw:侦察,44
raw:盘踞,raw:盘踞,44
raw:人-地,raw:人-地,43
raw:回忆,raw:回忆,43
raw:影响事件,influenced,43
raw:战略目标,raw:战略目标,43
raw:战略部署,raw:战略部署,43
raw:派出,raw:派出,43
raw:镇压对象,raw:镇压对象,43
raw:防御,raw:防御,43
raw:作战,fought_at,42
raw:历史关联,raw:历史关联,42
raw:战斗发生地,raw:战斗发生地,42
raw:整编,raw:整编,42
raw:任职单位,raw:任职单位,41
raw:俘虏,raw:俘虏,41
raw:保护对象,raw:保护对象,41
raw:协助关系,collaborated_with,41
raw:带领,raw:带领,41
raw:活捉,raw:活捉,41
raw:突破,raw:突破,41
raw:赠送,raw:赠送,41
raw:进攻目标,raw:进攻目标,41
raw:事件地点关联,raw:事件地点关联,40
raw:勾结,raw:勾结,40
raw:协同,collaborated_with,40
raw:参与关系,participated_in,40
raw:担任书记,raw:担任书记,40
raw:行动关联,raw:行动关联,40
commemorates,commemorates,39
raw:举办地,raw:举办地,39
raw:会议地点,raw:会议地点,39
raw:传达指示,raw:传达指示,39
raw:实施,implemented,39
raw:实践,raw:实践,39
raw:策应,raw:策应,39
raw:覆盖,raw:覆盖,39
raw:贡献,raw:贡献,39
raw:介绍关系,introduced,38
raw:会合,met_with,38
raw:关联地点-事件,raw:关联地点-事件,38
raw:协作,raw:协作,38
raw:安葬,raw:安葬,38
raw:实施地,occurred_at,38
raw:策反关系,raw:策反关系,38
raw:组织-活动,raw:组织-活动,38
raw:记录者,raw:记录者,38
raw:领导区域,raw:领导区域,38
spouse_of,spouse_of,38
comrade_of,comrade_of,37
formulated,formulated,37
mentioned_in,raw:mentioned_in,37
raw:人物与事件,raw:人物与事件,37
raw:条约,raw:条约,37
raw:演变,raw:演变,37
raw:策动,raw:策动,37
raw:路线,raw:路线,37
administratively_in,administratively_in,36
raw:代表,raw:代表,36
raw:历史背景,raw:历史背景,36
raw:发表,raw:发表,36
raw:发起人,organized,36
raw:地点-人物,raw:地点-人物,36
raw:场所,raw:场所,36
raw:实施区域,raw:实施区域,36
raw:改编为,raw:改编为,36
raw:组建于,raw:组建于,36
raw:背景事件,raw:背景事件,36
raw:转移地点,raw:转移地点,36
raw:领导活动区域,raw:领导活动区域,36
raw:交涉,raw:交涉,35
raw:人物,raw:人物,35
raw:出卖,raw:出卖,35
raw:围歼,raw:围歼,35
raw:宣言,raw:宣言,35
raw:导致,influenced,35
raw:工作关联,raw:工作关联,35
raw:影响关系,influenced,35
raw:战斗关联,raw:战斗关联,35
raw:派往,raw:派往,35
raw:组成关系,raw:组成关系,35
raw:组织发展,raw:组织发展,35
raw:统战工作,raw:统战工作,35
raw:联合,raw:联合,35
raw:选举,raw:选举,35
originated_from_event,raw:originated_from_event,34
raw:书写,raw:书写,34
raw:事件参与者,raw:事件参与者,34
raw:参与者-事件,participated_in,34
raw:打入,raw:打入,34
raw:执行主体,raw:执行主体,34
raw:改编关系,raw:改编关系,34
raw:策划者,organized,34
raw:组织者-组织,raw:组织者-组织,34
raw:行为,raw:行为,34
raw:输送,raw:输送,34
raw:领导于,raw:领导于,34
raw:人-事,raw:人-事,33
raw:从事,raw:从事,33
raw:作战目标,raw:作战目标,33
raw:发布者,raw:发布者,33
raw:战斗发生地,occurred_at,33
raw:清剿,raw:清剿,33
raw:组织-下属,raw:组织-下属,33
raw:调任,raw:调任,33
raw:转战于,raw:转战于,33
raw:迎接,raw:迎接,33
raw:通过,raw:通过,33
raw:领导事件,led,33
raw:举办,raw:举办,32
raw:会师,met_with,32
raw:关联文献,raw:关联文献,32
raw:劝降,raw:劝降,32
raw:发展对象,raw:发展对象,32
raw:工作区域,raw:工作区域,32
raw:接收,raw:接收,32
raw:收录,raw:收录,32
raw:活动据点,stationed_at,32
raw:组织-事,raw:组织-事,32
raw:组织-执行,carried_out,32
raw:继任,raw:继任,32
raw:职务关系,raw:职务关系,32
raw:资助,raw:资助,32
raw:进入,raw:进入,32
raw:争取对象,raw:争取对象,31
raw:人,raw:人,31
raw:人物与地点,raw:人物与地点,31
raw:关联物,raw:关联物,31
raw:击毙,raw:击毙,31
raw:反映,raw:反映,31
raw:取得,raw:取得,31
raw:命令,commanded,31
raw:坚守,raw:坚守,31
raw:影响范围,influenced,31
raw:战略转移,raw:战略转移,31
raw:指挥者-事件,commanded,31
raw:揭露,raw:揭露,31
raw:支持者,raw:支持者,31
raw:管辖范围,raw:管辖范围,31
raw:纠正,raw:纠正,31
raw:经过地,raw:经过地,31
raw:联络对象,raw:联络对象,31
embodied_by_organization,raw:embodied_by_organization,30
raw:任教,raw:任教,30
raw:决策关联,raw:决策关联,30
raw:击溃,raw:击溃,30
raw:发起者,raw:发起者,30
raw:情报联络,contacted,30
raw:战役关联,raw:战役关联,30
raw:战略关联,raw:战略关联,30
raw:执行任务,raw:执行任务,30
raw:活动场所,stationed_at,30
raw:涉及区域,raw:涉及区域,30
raw:组织地点,raw:组织地点,30
raw:设立于,located_in,30
raw:通知,raw:通知,30
raw:颁布,raw:颁布,30
raw:任务指派,raw:任务指派,29
raw:任职关联,raw:任职关联,29
raw:会师于,raw:会师于,29
raw:传播地,raw:传播地,29
raw:出席,participated_in,29
raw:分配,raw:分配,29
raw:制定者,raw:制定者,29
raw:参与活动,raw:参与活动,29
raw:参加,member_of,29
raw:因果,influenced,29
raw:地理隶属,raw:地理隶属,29
raw:实施主体,raw:实施主体,29
raw:实施区域,occurred_at,29
raw:工作单位,worked_at,29
raw:工作地,worked_at,29
raw:建立于,raw:建立于,29
raw:战斗区域,fought_at,29
raw:战略区域,raw:战略区域,29
raw:指挥地点,raw:指挥地点,29
raw:活动地点-人物,active_at,29
raw:渗透,raw:渗透,29
raw:物资支援,raw:物资支援,29
raw:组织-执行,raw:组织-执行,29
raw:组织演变,raw:组织演变,29
raw:进入,traveled_to,29
raw:传递情报,raw:传递情报,28
raw:军事对抗,raw:军事对抗,28
raw:发生地-人物,raw:发生地-人物,28
raw:因果,raw:因果,28
raw:夺取,raw:夺取,28
raw:安排,raw:安排,28
raw:工作场所,raw:工作场所,28
raw:接应,raw:接应,28
raw:撤离,raw:撤离,28
raw:整理,raw:整理,28
raw:组成,member_of,28
raw:背景关联,raw:背景关联,28
raw:被捕关押,arrested_at,28
raw:要求,raw:要求,28
raw:讲话,raw:讲话,28
raw:领导地点,raw:领导地点,28
disseminates,disseminates,27
raw:交通路线,raw:交通路线,27
raw:关联事件与人物,raw:关联事件与人物,27
raw:关联地点与人物,raw:关联地点与人物,27
raw:发行,raw:发行,27
raw:召开,organized,27
raw:居住地,raw:居住地,27
raw:建议,raw:建议,27
raw:担任书记,held_position_in,27
raw:支援关系,supported,27
raw:职务关联,raw:职务关联,27
raw:阅读,raw:阅读,27
raw:主办,raw:主办,26
raw:主导者,led,26
raw:产物,raw:产物,26
raw:出发地,raw:出发地,26
raw:加入,member_of,26
raw:居住,raw:居住,26
raw:开展于,raw:开展于,26
raw:所属单位,raw:所属单位,26
raw:指挥于,raw:指挥于,26
raw:指挥作战,raw:指挥作战,26
raw:挺进,raw:挺进,26
raw:提供情报,raw:提供情报,26
raw:支持关系,raw:支持关系,26
raw:活动中心,active_at,26
raw:联络对象,contacted,26
raw:行动方向,raw:行动方向,26
raw:行动目标,raw:行动目标,26
raw:设立,created,26
raw:转移方向,raw:转移方向,26
raw:进军,raw:进军,26
raw:依托关系,raw:依托关系,25
raw:宣布,raw:宣布,25
raw:建立者,raw:建立者,25
raw:战斗对象,raw:战斗对象,25
raw:战略要地,raw:战略要地,25
raw:所属关系,raw:所属关系,25
raw:派遣关系,dispatched,25
raw:留下,raw:留下,25
raw:继任关系,raw:继任关系,25
raw:领导/指导,guided,25
raw:题词,raw:题词,25
rescued,raw:rescued,25
raw:事件-发生于,raw:事件-发生于,24
raw:事件时间,raw:事件时间,24
raw:交战,raw:交战,24
raw:体现于,embodied_in_event,24
raw:倡导,raw:倡导,24
raw:协助建立,raw:协助建立,24
raw:声援,raw:声援,24
raw:实行,raw:实行,24
raw:引导,guided,24
raw:当选,raw:当选,24
raw:影响对象,influenced,24
raw:报道,raw:报道,24
raw:指示来源,raw:指示来源,24
raw:收复,liberated,24
raw:改组,raw:改组,24
raw:服务对象,raw:服务对象,24
raw:活动-地点,raw:活动-地点,24
raw:消灭,raw:消灭,24
raw:率部,raw:率部,24
raw:监视,raw:监视,24
raw:组成,part_of,24
raw:行进路线,raw:行进路线,24
raw:见证者,raw:见证者,24
raw:调查,raw:调查,24
raw:领导斗争,raw:领导斗争,24
raw:剿灭,raw:剿灭,23
raw:协作关系,raw:协作关系,23
raw:发展为,raw:发展为,23
raw:发布地,raw:发布地,23
raw:培养关系,trained,23
raw:工作交接,raw:工作交接,23
raw:战略决策,raw:战略决策,23
raw:抓获,raw:抓获,23
raw:投诚,raw:投诚,23
raw:指示对象,raw:指示对象,23
raw:接受,raw:接受,23
raw:渡河,raw:渡河,23
raw:管辖区域,governed,23
raw:管辖范围,governed,23
raw:精神传承,raw:精神传承,23
raw:组织形式,raw:组织形式,23
raw:组织活动,organized,23
raw:组织活动地点,active_at,23
raw:组织行为,raw:组织行为,23
raw:行政区划隶属,raw:行政区划隶属,23
raw:表彰,raw:表彰,23
raw:负责人,held_position_in,23
raw:事件-精神,raw:事件-精神,22
raw:任务,raw:任务,22
raw:传唱,raw:传唱,22
raw:体现,embodied_by_organization,22
raw:关联人物事件,raw:关联人物事件,22
raw:军事部署,raw:军事部署,22
raw:发扬,raw:发扬,22
raw:发源地,raw:发源地,22
raw:处理,raw:处理,22
raw:工作对象,raw:工作对象,22
raw:工作调动,raw:工作调动,22
raw:张贴,raw:张贴,22
raw:战斗区域,raw:战斗区域,22
raw:所属,member_of,22
raw:持有,raw:持有,22
raw:指挥区域,governed,22
raw:指示关系,raw:指示关系,22
raw:控制区域,raw:控制区域,22
raw:政权建设,raw:政权建设,22
raw:渡过,traveled_to,22
raw:物资支持,raw:物资支持,22
raw:粉碎,raw:粉碎,22
raw:翻越,raw:翻越,22
raw:获得,raw:获得,22
raw:行动路径,raw:行动路径,22
raw:覆盖,occurred_at,22
raw:运用,raw:运用,22
raw:革命活动,raw:革命活动,22
raw:事件-对象,raw:事件-对象,21
raw:事件-组织,raw:事件-组织,21
raw:传承,raw:传承,21
raw:体现于,raw:体现于,21
raw:作报告,raw:作报告,21
raw:信息来源,raw:信息来源,21
raw:关联地域,raw:关联地域,21
raw:冲突对象,raw:冲突对象,21
raw:准备,raw:准备,21
raw:分工,raw:分工,21
raw:反击,raw:反击,21
raw:发出,raw:发出,21
raw:受害者,raw:受害者,21
raw:地理位置,located_in,21
raw:威胁,raw:威胁,21
raw:学习经历,raw:学习经历,21
raw:寻找,raw:寻找,21
raw:巩固,raw:巩固,21
raw:建立关系,raw:建立关系,21
raw:建立据点,raw:建立据点,21
raw:恢复,raw:恢复,21
raw:指导思想,raw:指导思想,21
raw:指挥中心,raw:指挥中心,21
raw:掌握,raw:掌握,21
raw:推动,organized,21
raw:渡江,raw:渡江,21
raw:精神内核,raw:精神内核,21
raw:组织者-地点,raw:组织者-地点,21
raw:论述,raw:论述,21
raw:资助者,raw:资助者,21
raw:转入,raw:转入,21
raw:遭受,raw:遭受,21
raw:配合行动,raw:配合行动,21
raw:作战于,fought_at,20
raw:关怀,raw:关怀,20
raw:击退,raw:击退,20
raw:包含关系,raw:包含关系,20
raw:参观,visited,20
raw:反抗,raw:反抗,20
raw:后于,raw:后于,20
raw:增援,raw:增援,20
raw:安葬地点,raw:安葬地点,20
raw:审判,raw:审判,20
raw:工作安排,raw:工作安排,20
raw:开办,raw:开办,20
raw:抵达,raw:抵达,20
raw:指挥行动,raw:指挥行动,20
raw:指派,appointed,20
raw:授予,raw:授予,20
raw:接见,raw:接见,20
raw:推荐,raw:推荐,20
raw:推进,raw:推进,20
raw:掩护场所,raw:掩护场所,20
raw:沦陷,raw:沦陷,20
raw:派遣关系,raw:派遣关系,20
raw:策划,formulated,20
raw:筹建,raw:筹建,20
raw:籍贯/活动地,raw:籍贯/活动地,20
raw:纪念地关联,raw:纪念地关联,20
raw:藏匿,raw:藏匿,20
raw:迁移,raw:迁移,20
raw:颁发,raw:颁发,20
raw:领导参与,commanded,20
born_at,raw:born_at,19
inherited_from,raw:inherited_from,19
raw:下令,raw:下令,19
raw:人物-组织,member_of,19
raw:人物与组织,raw:人物与组织,19
raw:人物关系,raw:人物关系,19
raw:介绍人-被介绍人,introduced,19
raw:任职单位,worked_at,19
raw:信息传递,raw:信息传递,19
raw:关押于,imprisoned_at,19
raw:军事打击,raw:军事打击,19
raw:召开会议,raw:召开会议,19
raw:合围,raw:合围,19
raw:地理范围,raw:地理范围,19
raw:实施地点,occurred_at,19
raw:带领,led,19
raw:成员-组织,raw:成员-组织,19
raw:指派,raw:指派,19
raw:掩护地点,raw:掩护地点,19
raw:撤退路线,raw:撤退路线,19
raw:改造,raw:改造,19
raw:时间先后,raw:时间先后,19
raw:服务于,raw:服务于,19
raw:欢迎,raw:欢迎,19
raw:汇报关系,reported_to,19
raw:确立,raw:确立,19
raw:移交,raw:移交,19
raw:结合,raw:结合,19
raw:统计,raw:统计,19
raw:调查对象,raw:调查对象,19
raw:象征,raw:象征,19
raw:资金支持,raw:资金支持,19
raw:转移至,stationed_at,19
raw:运输路线,raw:运输路线,19
raw:采用,raw:采用,19
administratively_in,raw:administratively_in,18
raw:下达,raw:下达,18
raw:事-事,raw:事-事,18
raw:作为,raw:作为,18
raw:保存,raw:保存,18
raw:关联-地点,raw:关联-地点,18
raw:关联关系,raw:关联关系,18
raw:军事冲突,raw:军事冲突,18
raw:军事围剿,raw:军事围剿,18
raw:军事指挥,raw:军事指挥,18
raw:军事部署,stationed_at,18
raw:决策依据,raw:决策依据,18
raw:创作主体,raw:创作主体,18
raw:创作关联,raw:创作关联,18
raw:剥削,raw:剥削,18
raw:协助者,raw:协助者,18
raw:发起方,organized,18
raw:发起方,raw:发起方,18
raw:呈报,raw:呈报,18
raw:地-人,raw:地-人,18
raw:奔袭,raw:奔袭,18
raw:宣传工具,raw:宣传工具,18
raw:影响者,influenced,18
raw:悼念,raw:悼念,18
raw:战友关系,comrade_of,18
raw:战斗于,fought_at,18
raw:执行主体,carried_out,18
raw:指向,raw:指向,18
raw:指挥者,raw:指挥者,18
raw:摧毁,raw:摧毁,18
raw:攻击对象,raw:攻击对象,18
raw:时间-事件,raw:时间-事件,18
raw:波及,raw:波及,18
raw:涉及地点,raw:涉及地点,18
raw:突袭,raw:突袭,18
raw:策动起义,raw:策动起义,18
raw:组建者,raw:组建者,18
raw:组织-负责人,raw:组织-负责人,18
raw:组织领导,raw:组织领导,18
raw:编写,raw:编写,18
raw:袭击目标,raw:袭击目标,18
raw:请求,raw:请求,18
raw:践行,carried_out,18
raw:部署,stationed_at,18
raw:领导事件,raw:领导事件,18
raw:驻扎于,raw:驻扎于,18
family_of,raw:family_of,17
raw:主持入党,raw:主持入党,17
raw:举行,raw:举行,17
raw:事件-结果,raw:事件-结果,17
raw:人物活动,raw:人物活动,17
raw:人物籍贯,raw:人物籍贯,17
raw:传播者,raw:传播者,17
raw:体现精神,raw:体现精神,17
raw:使用工具,raw:使用工具,17
raw:俘获,raw:俘获,17
raw:关联场所,raw:关联场所,17
raw:创办者,created,17
raw:区域,raw:区域,17
raw:印发,raw:印发,17
raw:参与组织,member_of,17
raw:参与编写,raw:参与编写,17
raw:审判对象,raw:审判对象,17
raw:属于,member_of,17
raw:巡视,raw:巡视,17
raw:工作部署,dispatched,17
raw:带路,raw:带路,17
raw:影响区域,raw:影响区域,17
raw:情报联络,raw:情报联络,17
raw:投奔,raw:投奔,17
raw:投靠,raw:投靠,17
raw:抢占,raw:抢占,17
raw:撤退,raw:撤退,17
raw:死亡地点,died_at,17
raw:求学地点,raw:求学地点,17
raw:活动范围,stationed_at,17
raw:涉及人物,raw:涉及人物,17
raw:目标区域,raw:目标区域,17
raw:相邻,raw:相邻,17
raw:组织中心,raw:组织中心,17
raw:行军,traveled_to,17
raw:行动地,raw:行动地,17
raw:被捕关联,raw:被捕关联,17
raw:覆盖范围,raw:覆盖范围,17
raw:设伏,raw:设伏,17
raw:设立于,raw:设立于,17
raw:设立地点,raw:设立地点,17
raw:输送人员,raw:输送人员,17
raw:隐蔽地点,raw:隐蔽地点,17
disseminated_at,raw:disseminated_at,16
raw:下令,commanded,16
raw:事件主体,raw:事件主体,16
raw:亲历,participated_in,16
raw:人物-参与,raw:人物-参与,16
raw:人物-领导,raw:人物-领导,16
raw:人物活动地点,active_at,16
raw:体现精神,embodied_by_person,16
raw:供应,raw:供应,16
raw:依靠,raw:依靠,16
raw:全歼,raw:全歼,16
raw:关联人物与事件,raw:关联人物与事件,16
raw:关联实体,raw:关联实体,16
raw:内容,raw:内容,16
raw:决定成立,raw:决定成立,16
raw:分析,raw:分析,16
raw:占据,raw:占据,16
raw:参与主体,raw:参与主体,16
raw:发展区域,raw:发展区域,16
raw:处决地点,raw:处决地点,16
raw:对抗对象,opposed,16
raw:对象,raw:对象,16
raw:屠杀,raw:屠杀,16
raw:开展地,raw:开展地,16
raw:引用,raw:引用,16
raw:强调,raw:强调,16
raw:战略方向,raw:战略方向,16
raw:所属区域,located_in,16
raw:批判,raw:批判,16
raw:指挥攻击,raw:指挥攻击,16
raw:控制区域,governed,16
raw:整顿,raw:整顿,16
raw:活动中心,raw:活动中心,16
raw:物资来源,raw:物资来源,16
raw:牵制,raw:牵制,16
raw:相关事件与地点,raw:相关事件与地点,16
raw:突围,raw:突围,16
raw:组织参与,raw:组织参与,16
raw:组织机构,raw:组织机构,16
raw:编印,raw:编印,16
raw:被捕于,arrested_at,16
raw:被杀害,killed,16
raw:规定,raw:规定,16
raw:说服,raw:说服,16
raw:追剿,raw:追剿,16
raw:追捕,raw:追捕,16
raw:通信,contacted,16
raw:部署,implemented,16
raw:革命同志,comrade_of,16
raw:领导-被领导,raw:领导-被领导,16
raw:领导地,raw:领导地,16
raw:领导活动地点,raw:领导活动地点,16
raw:驻防地,raw:驻防地,16
depicts,raw:depicts,15
documents,documents,15
raw:下属,raw:下属,15
raw:主体-行动,raw:主体-行动,15
raw:主持者,raw:主持者,15
raw:事-地,occurred_at,15
raw:产出,raw:产出,15
raw:人物-机构,raw:人物-机构,15
raw:促进,influenced,15
raw:促进,raw:促进,15
raw:军事占领,raw:军事占领,15
raw:创办,created,15
raw:合作对象,collaborated_with,15
raw:合击,raw:合击,15
raw:同行,raw:同行,15
raw:地-地,raw:地-地,15
raw:宣讲,raw:宣讲,15
raw:家庭关系,family_of,15
raw:对抗方,raw:对抗方,15
raw:就读,raw:就读,15
raw:延续,raw:延续,15
raw:强渡,fought_at,15
raw:战役地点,occurred_at,15
raw:战斗参与,fought_at,15
raw:截击,raw:截击,15
raw:手段,raw:手段,15
raw:指出,raw:指出,15
raw:指挥区域,raw:指挥区域,15
raw:捕获,raw:捕获,15
raw:授课,raw:授课,15
raw:接替,raw:接替,15
raw:提议,raw:提议,15
raw:搜捕,raw:搜捕,15
raw:撤退至,raw:撤退至,15
raw:支援行动,raw:支援行动,15
raw:收编,raw:收编,15
raw:收缴,raw:收缴,15
raw:救助,raw:救助,15
raw:救助,rescued,15
raw:服务,raw:服务,15
raw:构筑工事,raw:构筑工事,15
raw:核心区域,raw:核心区域,15
raw:涵盖,raw:涵盖,15
raw:物,raw:物,15
raw:筹备,raw:筹备,15
raw:管辖关系,governed,15
raw:联合行动,raw:联合行动,15
raw:肯定,raw:肯定,15
raw:被捕地,arrested_at,15
raw:覆盖区域,raw:覆盖区域,15
raw:规划,raw:规划,15
raw:视察,raw:视察,15
raw:讲述,raw:讲述,15
raw:转移路径,traveled_to,15
raw:进军,traveled_to,15
raw:进犯,raw:进犯,15
raw:追剿区域,raw:追剿区域,15
raw:途经地,traveled_to,15
raw:配合作战,raw:配合作战,15
raw:镇压者,raw:镇压者,15
raw:隐蔽于,raw:隐蔽于,15
raw:领导关联,raw:领导关联,15
raw:争取关系,raw:争取关系,14
raw:事-人,raw:事-人,14
raw:事件-事件,raw:事件-事件,14
raw:亲属,family_of,14
raw:人物与事件关联,raw:人物与事件关联,14
raw:传播内容,raw:传播内容,14
raw:作战行动,raw:作战行动,14
raw:作用,raw:作用,14
raw:军事行动关联,raw:军事行动关联,14
raw:决策机构,raw:决策机构,14
raw:决策者-事件,raw:决策者-事件,14
raw:击毙,killed,14
raw:势力-事件,raw:势力-事件,14
raw:压迫,raw:压迫,14
raw:参与建立,raw:参与建立,14
raw:参与战斗,raw:参与战斗,14
raw:参与行动,raw:参与行动,14
raw:参与领导,led,14
raw:发展党员关系,raw:发展党员关系,14
raw:发起地,raw:发起地,14
raw:召集,organized,14
raw:嘉奖,raw:嘉奖,14
raw:地点-组织,raw:地点-组织,14
raw:地理,raw:地理,14
raw:奠定,raw:奠定,14
raw:委托,raw:委托,14
raw:就义地点,died_at,14
raw:布置,raw:布置,14
raw:带路,guided,14
raw:庆祝,raw:庆祝,14
raw:思想影响,influenced,14
raw:成员关系,member_of,14
raw:战斗行动,fought_at,14
raw:所属区域,raw:所属区域,14
raw:所属单位,member_of,14
raw:抗击,raw:抗击,14
raw:抗议,raw:抗议,14
raw:拒绝,raw:拒绝,14
raw:拥护,raw:拥护,14
raw:指挥地,raw:指挥地,14
raw:接任,raw:接任,14
raw:接触,contacted,14
raw:掩护身份,raw:掩护身份,14
raw:擒获,raw:擒获,14
raw:支持对象,raw:支持对象,14
raw:求学,raw:求学,14
raw:没收,raw:没收,14
raw:活动时期,active_during,14
raw:演出,raw:演出,14
raw:激战,raw:激战,14
raw:用于,raw:用于,14
raw:组织单位,raw:组织单位,14
raw:组织建立,raw:组织建立,14
raw:结局,raw:结局,14
raw:联动,raw:联动,14
raw:联络站,raw:联络站,14
raw:谈话,raw:谈话,14
raw:转移关系,raw:转移关系,14
raw:达成,raw:达成,14
raw:追认,raw:追认,14
raw:防守,stationed_at,14
raw:领导-区域,raw:领导-区域,14
raw:领导机构,raw:领导机构,14
raw:领导者,raw:领导者,14
raw:鼓舞,raw:鼓舞,14
created_at,raw:created_at,13
criticized,raw:criticized,13
occurred_during,raw:occurred_during,13
raw:举办地点,raw:举办地点,13
raw:事/地,raw:事/地,13
raw:会师地点,raw:会师地点,13
raw:传递信息,raw:传递信息,13
raw:保管,raw:保管,13
raw:修建,raw:修建,13
raw:关联单位,raw:关联单位,13
raw:写信,raw:写信,13
raw:创建者-组织,raw:创建者-组织,13
raw:创立,raw:创立,13
raw:制作,raw:制作,13
raw:劝说,raw:劝说,13
raw:办公地点,raw:办公地点,13
raw:加入组织,raw:加入组织,13
raw:协同关系,raw:协同关系,13
raw:历史事件,raw:历史事件,13
raw:参与人员,raw:参与人员,13
raw:参与创建,raw:参与创建,13
raw:发生,raw:发生,13
raw:发起者,created,13
raw:同事关系,colleague_of,13
raw:同志关系,comrade_of,13
raw:围困,raw:围困,13
raw:地理路径,raw:地理路径,13
raw:场所关联,raw:场所关联,13
raw:培训,raw:培训,13
raw:处理对象,raw:处理对象,13
raw:夜袭,raw:夜袭,13
raw:委任,appointed,13
raw:实现,raw:实现,13
raw:宣传内容,raw:宣传内容,13
raw:情报支援,raw:情报支援,13
raw:战役发生地,fought_at,13
raw:战斗指挥,raw:战斗指挥,13
raw:战术配合,raw:战术配合,13
raw:战略指导,raw:战略指导,13
raw:承担,raw:承担,13
raw:担任主席,held_position_in,13
raw:指定,raw:指定,13
raw:政治关联,raw:政治关联,13
raw:汇合,raw:汇合,13
raw:渡江行动,raw:渡江行动,13
raw:渡河地点,raw:渡河地点,13
raw:演变关系,raw:演变关系,13
raw:照顾,raw:照顾,13
raw:签发,raw:签发,13
raw:精神体现,raw:精神体现,13
raw:纪念对象,raw:纪念对象,13
raw:组织活动地点,raw:组织活动地点,13
raw:统治,raw:统治,13
raw:缴械,raw:缴械,13
raw:职能,raw:职能,13
raw:联系地点,raw:联系地点,13
raw:背叛,raw:背叛,13
raw:获取,raw:获取,13
raw:行动对象,raw:行动对象,13
raw:被杀害,raw:被杀害,13
raw:见证者-事件,raw:见证者-事件,13
raw:跟随,raw:跟随,13
raw:配合关系,raw:配合关系,13
raw:针对对象,raw:针对对象,13
raw:隐蔽,raw:隐蔽,13
published_by,raw:published_by,12
raw:主导者-事件,led,12
raw:书记,held_position_in,12
raw:事件-主体,raw:事件-主体,12
raw:事件发生地-人物,raw:事件发生地-人物,12
raw:事件结果,raw:事件结果,12
raw:人物-活动地,active_at,12
raw:会师区域,raw:会师区域,12
raw:会议,raw:会议,12
raw:传阅,raw:传阅,12
raw:依托区域,raw:依托区域,12
raw:依托场所,raw:依托场所,12
raw:关联地理,raw:关联地理,12
raw:军事支援,raw:军事支援,12
raw:冲突关系,raw:冲突关系,12
raw:出生地关联,born_at,12
raw:创作者,raw:创作者,12
raw:到达,traveled_to,12
raw:剿匪行动,raw:剿匪行动,12
raw:参与单位,raw:参与单位,12
raw:参与者-事件,raw:参与者-事件,12
raw:反抗对象,raw:反抗对象,12
raw:发展入党,raw:发展入党,12
raw:召开地点,occurred_at,12
raw:召开地点,raw:召开地点,12
raw:召集,raw:召集,12
raw:合作关系,collaborated_with,12
raw:团结,raw:团结,12
raw:地域,raw:地域,12
raw:培养对象,raw:培养对象,12
raw:基础,raw:基础,12
raw:委派,appointed,12
raw:安排,appointed,12
raw:完成,raw:完成,12
raw:审讯,raw:审讯,12
raw:就义于,died_at,12
raw:就读于,raw:就读于,12
raw:居住于,raw:居住于,12
raw:工作场所,worked_at,12
raw:开展,implemented,12
raw:开展活动,raw:开展活动,12
raw:引导,raw:引导,12
raw:弘扬,raw:弘扬,12
raw:强攻,raw:强攻,12
raw:所属地,raw:所属地,12
raw:执行-事件,raw:执行-事件,12
raw:执行任务地点,raw:执行任务地点,12
raw:护送路线,raw:护送路线,12
raw:报道对象,raw:报道对象,12
raw:抵制,raw:抵制,12
raw:指令,raw:指令,12
raw:指导方针,raw:指导方针,12
raw:指挥关联,raw:指挥关联,12
raw:指示者,raw:指示者,12
raw:接头人,raw:接头人,12
raw:接管,governed,12
raw:接见,met_with,12
raw:接触,raw:接触,12
raw:控告,raw:控告,12
raw:支持事件,raw:支持事件,12
raw:救助关系,rescued,12
raw:时间,raw:时间,12
raw:时间背景,raw:时间背景,12
raw:求援,raw:求援,12
raw:用于,used_in_event,12
raw:电令,raw:电令,12
raw:监督,raw:监督,12
raw:确认,raw:确认,12
raw:策动关系,raw:策动关系,12
raw:籍贯地,raw:籍贯地,12
raw:组织-机构,raw:组织-机构,12
raw:组织参与,participated_in,12
raw:组织建设,raw:组织建设,12
raw:组织归属,raw:组织归属,12
raw:组织行动,raw:组织行动,12
raw:经营,raw:经营,12
raw:结识,raw:结识,12
raw:维护,raw:维护,12
raw:编制,raw:编制,12
raw:考察,raw:考察,12
raw:联合行动,collaborated_with,12
raw:联系关系,raw:联系关系,12
raw:触发事件,raw:触发事件,12
raw:起草,raw:起草,12
raw:起草者,raw:起草者,12
raw:转移目的地,raw:转移目的地,12
raw:返回,raw:返回,12
raw:连接,raw:连接,12
raw:途经地,raw:途经地,12
raw:遇害地,died_at,12
raw:针对区域,raw:针对区域,12
raw:阻击,fought_at,12
raw:集结,raw:集结,12
raw:领导-事件,led,12
raw:领导与被领导,led,12
raw:主讲,raw:主讲,11
raw:书记,raw:书记,11
raw:争夺,raw:争夺,11
raw:事件-参与者,participated_in,11
raw:亲历,raw:亲历,11
raw:传播范围,raw:传播范围,11
raw:体现精神,embodied_in_event,11
raw:作战地点,occurred_at,11
raw:使用工具,used_artifact,11
raw:共事,colleague_of,11
raw:关联事件-组织,raw:关联事件-组织,11
raw:关联物证,raw:关联物证,11
raw:冲突事件,raw:冲突事件,11
raw:决议,raw:决议,11
raw:出发,raw:出发,11
raw:分布,raw:分布,11
raw:创作地点,raw:创作地点,11
raw:协助关系,raw:协助关系,11
raw:印证,raw:印证,11
raw:参与主体,participated_in,11
raw:参军,raw:参军,11
raw:反映区域,raw:反映区域,11
raw:发布机构,raw:发布机构,11
raw:发放,raw:发放,11
raw:发生地-事件,raw:发生地-事件,11
raw:吸收,raw:吸收,11
raw:夫妻关系,spouse_of,11
raw:学习内容,raw:学习内容,11
raw:实践地,raw:实践地,11
raw:宣告,raw:宣告,11
raw:宣布成立,raw:宣布成立,11
raw:对立面,opposed,11
raw:封锁,raw:封锁,11
raw:工作,worked_at,11
raw:工作范围,raw:工作范围,11
raw:布防,raw:布防,11
raw:带头,led,11
raw:并列,raw:并列,11
raw:引发,organized,11
raw:思想引导,guided,11
raw:情报提供,raw:情报提供,11
raw:情报支持,raw:情报支持,11
raw:战役发生地,raw:战役发生地,11
raw:战斗对抗,raw:战斗对抗,11
raw:战略指导,guided,11
raw:所在地,located_in,11
raw:执行地点,raw:执行地点,11
raw:护送关系,escorted,11
raw:抵达,traveled_to,11
raw:指挥与被指挥,raw:指挥与被指挥,11
raw:接头联系,contacted,11
raw:控制关系,raw:控制关系,11
raw:提供资料,raw:提供资料,11
raw:携带,raw:携带,11
raw:政策依据,raw:政策依据,11
raw:教育关系,raw:教育关系,11
raw:整编为,raw:整编为,11
raw:斗争关系,raw:斗争关系,11
raw:智擒,raw:智擒,11
raw:来源,raw:来源,11
raw:构成,raw:构成,11
raw:构筑,raw:构筑,11
raw:根据地,stationed_at,11
raw:活动发生地,raw:活动发生地,11
raw:活动地域,raw:活动地域,11
raw:涉及地区,raw:涉及地区,11
raw:渡河行动,raw:渡河行动,11
raw:组织-活动,organized,11
raw:组织-组织,raw:组织-组织,11
raw:组织成立,raw:组织成立,11
raw:组织领导,organized,11
raw:经历,participated_in,11
raw:经过地,traveled_to,11
raw:职务关系,held_position_in,11
raw:致电,raw:致电,11
raw:被俘,raw:被俘,11
raw:被捕关系,raw:被捕关系,11
raw:规范,raw:规范,11
raw:解决,raw:解决,11
raw:计划,raw:计划,11
raw:调整,raw:调整,11
raw:谈判对象,raw:谈判对象,11
raw:跨越,raw:跨越,11
raw:转移目标,raw:转移目标,11
raw:轰炸,raw:轰炸,11
raw:运送,raw:运送,11
raw:进剿,raw:进剿,11
raw:连克,raw:连克,11
raw:遵守,raw:遵守,11
raw:邀请,raw:邀请,11
occurred_during,occurred_during,10
raw:下达,commanded,10
raw:任,raw:任,10
raw:任务关联,raw:任务关联,10
raw:传播对象,raw:传播对象,10
raw:作战于,raw:作战于,10
raw:关心,raw:关心,10
raw:关注,raw:关注,10
raw:关系,raw:关系,10
raw:关联事件-人物,raw:关联事件-人物,10
raw:内应,raw:内应,10
raw:军事关联,raw:军事关联,10
raw:军事对抗,opposed,10
raw:分粮,raw:分粮,10
raw:创建根据地,raw:创建根据地,10
raw:到达,raw:到达,10
raw:制造,carried_out,10
raw:制造,raw:制造,10
raw:区域关联,raw:区域关联,10
raw:协商,raw:协商,10
raw:博弈,raw:博弈,10
raw:参与-事件,participated_in,10
raw:参与-事件,raw:参与-事件,10
raw:参与创作,raw:参与创作,10
raw:参与对象,raw:参与对象,10
raw:参与指挥,commanded,10
raw:参与活动,participated_in,10
raw:发现,raw:发现,10
raw:受害,raw:受害,10
raw:召开于,occurred_at,10
raw:号召,advocated,10
raw:后续人员,raw:后续人员,10
raw:回忆者,raw:回忆者,10
raw:地点与事件,raw:地点与事件,10
raw:培养关系,raw:培养关系,10
raw:婚姻关系,spouse_of,10
raw:学习材料,raw:学习材料,10
raw:安葬于,raw:安葬于,10
raw:宣传地点,raw:宣传地点,10
raw:宣传对象,raw:宣传对象,10
raw:宿营,stationed_at,10
raw:工具,used_in_event,10
raw:引发事件,raw:引发事件,10
raw:形成,raw:形成,10
raw:征集,raw:征集,10
raw:怀念,raw:怀念,10
raw:惩处,raw:惩处,10
raw:战役发生地,occurred_at,10
raw:战役地点,raw:战役地点,10
raw:战术关联,raw:战术关联,10
raw:战略行动,raw:战略行动,10
raw:所在地,raw:所在地,10
raw:执行任务,carried_out,10
raw:批判,criticized,10
raw:批示,raw:批示,10
raw:担任队长,raw:担任队长,10
raw:捐献,raw:捐献,10
raw:据点,stationed_at,10
raw:控制关系,governed,10
raw:掩护者,raw:掩护者,10
raw:撰稿和誊写员,raw:撰稿和誊写员,10
raw:政策实施,raw:政策实施,10
raw:救助关系,raw:救助关系,10
raw:时间顺序,raw:时间顺序,10
raw:更名,raw:更名,10
raw:架设,raw:架设,10
raw:查封,raw:查封,10
raw:武装冲突,raw:武装冲突,10
raw:汇报关系,raw:汇报关系,10
raw:活动路线,raw:活动路线,10
raw:派,raw:派,10
raw:牺牲事件,raw:牺牲事件,10
raw:牺牲关联,raw:牺牲关联,10
raw:珍藏,raw:珍藏,10
raw:目标地点,occurred_at,10
raw:目的地,raw:目的地,10
raw:相关人物与事件,raw:相关人物与事件,10
raw:策反工作,raw:策反工作,10
raw:管辖关系,raw:管辖关系,10
raw:精神驱动,raw:精神驱动,10
raw:纪念地,raw:纪念地,10
raw:组织区域,raw:组织区域,10
raw:组织发起,organized,10
raw:统战联络,raw:统战联络,10
raw:职务任命,raw:职务任命,10
raw:职责,raw:职责,10
raw:职责关联,raw:职责关联,10
raw:联系对象,raw:联系对象,10
raw:致信,raw:致信,10
raw:藏匿地点,raw:藏匿地点,10
raw:衍生,raw:衍生,10
raw:被害,raw:被害,10
raw:被害关系,killed,10
raw:被捕,arrested_at,10
raw:被镇压,raw:被镇压,10
raw:解放行动,liberated,10
raw:讲授,raw:讲授,10
raw:设于,raw:设于,10
raw:询问,raw:询问,10
raw:请求支援,raw:请求支援,10
raw:谈判代表,raw:谈判代表,10
raw:路线关联,raw:路线关联,10
raw:遗留,raw:遗留,10
raw:部署,dispatched,10
raw:配偶关系,spouse_of,10
raw:配合解放,raw:配合解放,10
raw:革命联系,raw:革命联系,10
raw:领导-组织,raw:领导-组织,10
raw:领导地区,governed,10
raw:领导指导,guided,10
raw:驻地关系,raw:驻地关系,10
raw:驻地关联,raw:驻地关联,10
met_with,raw:met_with,9
raw:举办,organized,9
raw:事件发生时间,raw:事件发生时间,9
raw:互动对象,raw:互动对象,9
raw:交朋友,raw:交朋友,9
raw:人物-参与事件,participated_in,9
raw:人物与组织关系,raw:人物与组织关系,9
raw:会合地点,raw:会合地点,9
raw:传播工具,raw:传播工具,9
raw:作战行动,fought_at,9
raw:作者,raw:作者,9
raw:使用物,raw:使用物,9
raw:侦察行动,raw:侦察行动,9
raw:偷袭,raw:偷袭,9
raw:内容关联,raw:内容关联,9
raw:决策-行动,raw:决策-行动,9
raw:决策影响,influenced,9
raw:分管,raw:分管,9
raw:创建关系,raw:创建关系,9
raw:到访,visited,9
raw:制服,raw:制服,9
raw:参与斗争,raw:参与斗争,9
raw:参观,raw:参观,9
raw:反动势力,raw:反动势力,9
raw:反对对象,opposed,9
raw:反思,raw:反思,9
raw:发起组织,raw:发起组织,9
raw:合编,raw:合编,9
raw:同为领导人,colleague_of,9
raw:同事/战友,comrade_of,9
raw:告密,raw:告密,9
raw:围捕,raw:围捕,9
raw:地属关系,raw:地属关系,9
raw:地点-组织,located_in,9
raw:坚持斗争,raw:坚持斗争,9
raw:埋伏,raw:埋伏,9
raw:处决对象,killed,9
raw:处置,raw:处置,9
raw:夹击,raw:夹击,9
raw:媒介,raw:媒介,9
raw:守卫,raw:守卫,9
raw:安置区域,raw:安置区域,9
raw:属地,raw:属地,9
raw:巡视指导,raw:巡视指导,9
raw:工作据点,stationed_at,9
raw:工具,raw:工具,9
raw:布防,stationed_at,9
raw:归属关系,raw:归属关系,9
raw:征收,raw:征收,9
raw:思想指导,raw:思想指导,9
raw:成立地,raw:成立地,9
raw:战役,raw:战役,9
raw:战略通道,raw:战略通道,9
raw:抗议对象,raw:抗议对象,9
raw:抢劫,raw:抢劫,9
raw:担任职务,held_position_in,9
raw:担任职务,raw:担任职务,9
raw:指挥机构,raw:指挥机构,9
raw:指示传达,raw:指示传达,9
raw:据点关联,raw:据点关联,9
raw:据点负责人,raw:据点负责人,9
raw:推动者,raw:推动者,9
raw:推进/围剿,raw:推进/围剿,9
raw:揭露对象,raw:揭露对象,9
raw:撰写者,raw:撰写者,9
raw:支持行动,raw:支持行动,9
raw:支援对象,supported,9
raw:救治,rescued,9
raw:教唱,raw:教唱,9
raw:时空关联,raw:时空关联,9
raw:智取,raw:智取,9
raw:检查,raw:检查,9
raw:求学经历,raw:求学经历,9
raw:深入,raw:深入,9
raw:潜伏,raw:潜伏,9
raw:瓦解,raw:瓦解,9
raw:研究对象,raw:研究对象,9
raw:破坏目标,raw:破坏目标,9
raw:筹款,raw:筹款,9
raw:筹集,raw:筹集,9
raw:签署,raw:签署,9
raw:管理关系,raw:管理关系,9
raw:纪念关联,raw:纪念关联,9
raw:组织-精神,raw:组织-精神,9
raw:组织与事件,raw:组织与事件,9
raw:组织依托,raw:组织依托,9
raw:组织依托地,raw:组织依托地,9
raw:组织动员,raw:组织动员,9
raw:组织者-场所,raw:组织者-场所,9
raw:组织载体,raw:组织载体,9
raw:经济支持,raw:经济支持,9
raw:统计范围,raw:统计范围,9
raw:联络地,raw:联络地,9
raw:肃清,raw:肃清,9
raw:训练,raw:训练,9
raw:记录于,raw:记录于,9
raw:记录机构,raw:记录机构,9
raw:设立地点,located_in,9
raw:证实,raw:证实,9
raw:调派,raw:调派,9
raw:调研,raw:调研,9
raw:负责人-区域,raw:负责人-区域,9
raw:负责地区,governed,9
raw:购买,raw:购买,9
raw:赠予,raw:赠予,9
raw:转移目的地,traveled_to,9
raw:进行,raw:进行,9
raw:进行宣传,raw:进行宣传,9
raw:通信联系,contacted,9
raw:遵循,raw:遵循,9
raw:配合对象,raw:配合对象,9
raw:配备,raw:配备,9
raw:镇压行动,raw:镇压行动,9
raw:阐述,raw:阐述,9
raw:领导工作,raw:领导工作,9
raw:领导行动,raw:领导行动,9
raw:题字,raw:题字,9
raw:驻于,raw:驻于,9
raw:驻于,stationed_at,9
raw:驻扎于,stationed_at,9
raw:驻扎地点,stationed_at,9
raw:鼓励,raw:鼓励,9
,raw:关联专题候选,8
embodied_in_event,embodied_in_event,8
held_position,held_position,8
implemented,raw:implemented,8
raw:上下级,raw:上下级,8
raw:事件-行动,raw:事件-行动,8
raw:事件与地点关联,raw:事件与地点关联,8
raw:事件相关,raw:事件相关,8
raw:交接,raw:交接,8
raw:任务布置,raw:任务布置,8
raw:依赖,raw:依赖,8
raw:保卫对象,raw:保卫对象,8
raw:修筑,raw:修筑,8
raw:入党地点,raw:入党地点,8
raw:关联-区域,raw:关联-区域,8
raw:关联事件人物,raw:关联事件人物,8
raw:关联事件发生地,raw:关联事件发生地,8
raw:军事行动-目标,raw:军事行动-目标,8
raw:军事行动区域,raw:军事行动区域,8
raw:冲锋,raw:冲锋,8
raw:决定建立,raw:决定建立,8
raw:决定成立,created,8
raw:击杀,raw:击杀,8
raw:击败,raw:击败,8
raw:分工关系,raw:分工关系,8
raw:分布于,located_in,8
raw:创作来源,raw:创作来源,8
raw:创作背景,raw:创作背景,8
raw:利用关系,raw:利用关系,8
raw:制作,created,8
raw:协助转移,raw:协助转移,8
raw:参与-地点,raw:参与-地点,8
raw:参与决策,participated_in,8
raw:参与对象,participated_in,8
raw:参与建设,raw:参与建设,8
raw:反对对象,raw:反对对象,8
raw:发展为实践社社员,raw:发展为实践社社员,8
raw:叛变关联,raw:叛变关联,8
raw:召开于,raw:召开于,8
raw:召开会议地点,raw:召开会议地点,8
raw:周旋,raw:周旋,8
raw:呼应,raw:呼应,8
raw:响应/带头,raw:响应/带头,8
raw:响应事件,raw:响应事件,8
raw:商议,raw:商议,8
raw:场所-人物,raw:场所-人物,8
raw:培训,trained,8
raw:壮烈牺牲,raw:壮烈牺牲,8
raw:奇袭,raw:奇袭,8
raw:奠基,raw:奠基,8
raw:守护,raw:守护,8
raw:宗旨,raw:宗旨,8
raw:实践载体,raw:实践载体,8
raw:审阅,raw:审阅,8
raw:宣传载体,raw:宣传载体,8
raw:对立,opposed,8
raw:建议,advocated,8
raw:开展活动于,raw:开展活动于,8
raw:开辟区域,raw:开辟区域,8
raw:情报联系,raw:情报联系,8
raw:成立时间,raw:成立时间,8
raw:战场,raw:战场,8
raw:战役地点,fought_at,8
raw:战斗过,fought_at,8
raw:所属组织,raw:所属组织,8
raw:抗争,raw:抗争,8
raw:担任团长,raw:担任团长,8
raw:指导地点,raw:指导地点,8
raw:指挥/执行,raw:指挥/执行,8
raw:接头,contacted,8
raw:推动建立,raw:推动建立,8
raw:推翻,raw:推翻,8
raw:推行区域,governed,8
raw:推选,raw:推选,8
raw:掩护-对象,protected,8
raw:提供线索,raw:提供线索,8
raw:支援者,raw:支援者,8
raw:收缴对象,raw:收缴对象,8
raw:改善,raw:改善,8
raw:政治工作,raw:政治工作,8
raw:政策指导,raw:政策指导,8
raw:救护,raw:救护,8
raw:暗杀,killed,8
raw:汇合,met_with,8
raw:治疗,raw:治疗,8
raw:活动-地点,active_at,8
raw:活动参与者,raw:活动参与者,8
raw:派员,raw:派员,8
raw:渡江地点,raw:渡江地点,8
raw:渡过,raw:渡过,8
raw:演讲者,raw:演讲者,8
raw:潜入,raw:潜入,8
raw:烧毁,raw:烧毁,8
raw:率部,led,8
raw:理论指导,guided,8
raw:生擒,raw:生擒,8
raw:监视对象,raw:监视对象,8
raw:盘踞于,raw:盘踞于,8
raw:确定,raw:确定,8
raw:离开,raw:离开,8
raw:窜扰,raw:窜扰,8
raw:策略,raw:策略,8
raw:管辖区域,raw:管辖区域,8
raw:组建,created,8
raw:组建关系,raw:组建关系,8
raw:组成关系,part_of,8
raw:组织-人员,raw:组织-人员,8
raw:组织-区域,located_in,8
raw:组织-区域,raw:组织-区域,8
raw:组织-武装,raw:组织-武装,8
raw:组织-行动,raw:组织-行动,8
raw:组织对象,raw:组织对象,8
raw:组织来源,raw:组织来源,8
raw:组织调整,raw:组织调整,8
raw:缅怀,raw:缅怀,8
raw:联络人,raw:联络人,8
raw:联络员,raw:联络员,8
raw:聘请,recruited,8
raw:营救行动,raw:营救行动,8
raw:落实,raw:落实,8
raw:行军,raw:行军,8
raw:被俘对象,raw:被俘对象,8
raw:装备,raw:装备,8
raw:请示,raw:请示,8
raw:请示,reported_to,8
raw:调研地点,raw:调研地点,8
raw:负伤,raw:负伤,8
raw:贡献者,raw:贡献者,8
raw:资金来源,raw:资金来源,8
raw:起义地点,raw:起义地点,8
raw:逃往,raw:逃往,8
raw:通报,raw:通报,8
raw:遗物关联,raw:遗物关联,8
raw:部署于,raw:部署于,8
raw:采取,raw:采取,8
raw:重视,raw:重视,8
raw:铺垫,raw:铺垫,8
raw:阻碍,raw:阻碍,8
raw:集结区域,raw:集结区域,8
raw:集结地,raw:集结地,8
raw:领导/指导,raw:领导/指导,8
raw:领导指挥,commanded,8
raw:领导机构,led,8
raw:领导组织,raw:领导组织,8
raw:题写,raw:题写,8
raw:驻地关联,stationed_at,8
raw:下属机构,raw:下属机构,7
raw:下设,raw:下设,7
raw:串联,raw:串联,7
raw:主体,raw:主体,7
raw:主攻,raw:主攻,7
raw:举办方,raw:举办方,7
raw:事件-参与者,raw:事件-参与者,7
raw:事件与地点,raw:事件与地点,7
raw:事件影响,influenced,7
raw:事件影响,raw:事件影响,7
raw:事件背景,raw:事件背景,7
raw:人物活动地点,raw:人物活动地点,7
raw:任书记,held_position_in,7
raw:会议参与,raw:会议参与,7
raw:传达者,raw:传达者,7
raw:作,raw:作,7
raw:作战区域,stationed_at,7
raw:作战单位,raw:作战单位,7
raw:作战范围,raw:作战范围,7
raw:使用工具,used_in_event,7
raw:供出,raw:供出,7
raw:保卫,protected,7
raw:倡导者,raw:倡导者,7
raw:关联事件发生地,occurred_at,7
raw:关联地点-组织,raw:关联地点-组织,7
raw:关联地点与事件,raw:关联地点与事件,7
raw:关联方,raw:关联方,7
raw:关键节点,raw:关键节点,7
raw:军事行动-目标区域,raw:军事行动-目标区域,7
raw:军事行动地点,fought_at,7
raw:军事行动地点,raw:军事行动地点,7
raw:军事追剿,raw:军事追剿,7
raw:决策主体,raw:决策主体,7
raw:分给,raw:分给,7
raw:创办者-机构,raw:创办者-机构,7
raw:创立者,raw:创立者,7
raw:前往地点,traveled_to,7
raw:剿灭,killed,7
raw:劝阻,raw:劝阻,7
raw:功能,raw:功能,7
raw:加强,raw:加强,7
raw:压制,raw:压制,7
raw:压迫对象,raw:压迫对象,7
raw:参与/领导,raw:参与/领导,7
raw:参与编辑,raw:参与编辑,7
raw:参战,participated_in,7
raw:反对者,opposed,7
raw:反应,raw:反应,7
raw:发生地点-人物,raw:发生地点-人物,7
raw:发言,raw:发言,7
raw:召开地,occurred_at,7
raw:合影,raw:合影,7
raw:同伙,raw:同伙,7
raw:同案犯,raw:同案犯,7
raw:启发,influenced,7
raw:吸收为党员,raw:吸收为党员,7
raw:地-事,raw:地-事,7
raw:地域-事件,occurred_at,7
raw:地点与事件关联,raw:地点与事件关联,7
raw:地点归属,raw:地点归属,7
raw:地理支撑,raw:地理支撑,7
raw:培养发展,raw:培养发展,7
raw:培养对象,trained,7
raw:处决对象,raw:处决对象,7
raw:委派,raw:委派,7
raw:实施对象,raw:实施对象,7
raw:实施范围,raw:实施范围,7
raw:实践区域,raw:实践区域,7
raw:审讯对象,raw:审讯对象,7
raw:宣布,created,7
raw:宣布成立,created,7
raw:对抗方,opposed,7
raw:尊重,raw:尊重,7
raw:就义于,raw:就义于,7
raw:尾追,raw:尾追,7
raw:属地,located_in,7
raw:工作指导,guided,7
raw:工作指导,raw:工作指导,7
raw:工作方法,raw:工作方法,7
raw:工作部署,raw:工作部署,7
raw:布置,implemented,7
raw:布置,organized,7
raw:布置任务,raw:布置任务,7
raw:带动,raw:带动,7
raw:平息,raw:平息,7
raw:建立地点,raw:建立地点,7
raw:建立政权,governed,7
raw:建立组织,raw:建立组织,7
raw:建立者,created,7
raw:开始,raw:开始,7
raw:开展地点,raw:开展地点,7
raw:开展活动,active_at,7
raw:开设,raw:开设,7
raw:引领,raw:引领,7
raw:影响区域,occurred_at,7
raw:思想来源,raw:思想来源,7
raw:成为,raw:成为,7
raw:成立于,raw:成立于,7
raw:战斗关系,raw:战斗关系,7
raw:战斗区域,occurred_at,7
raw:战斗地,fought_at,7
raw:战术,raw:战术,7
raw:战略支点,raw:战略支点,7
raw:战略配合,raw:战略配合,7
raw:所属地区,raw:所属地区,7
raw:执行单位,carried_out,7
raw:扩大,raw:扩大,7
raw:扶持,raw:扶持,7
raw:投奔,member_of,7
raw:抚恤,raw:抚恤,7
raw:抢渡,raw:抢渡,7
raw:押送,escorted,7
raw:抽调,raw:抽调,7
raw:担任主席,raw:担任主席,7
raw:担任区长,raw:担任区长,7
raw:担任大队长,raw:担任大队长,7
raw:拍摄,raw:拍摄,7
raw:指导原则,raw:指导原则,7
raw:指引,raw:指引,7
raw:指挥-战场,raw:指挥-战场,7
raw:指挥-被指挥,raw:指挥-被指挥,7
raw:指挥作战,commanded,7
raw:推动事件,raw:推动事件,7
raw:推行,implemented,7
raw:掩护对象,raw:掩护对象,7
raw:提升,raw:提升,7
raw:支撑关系,raw:支撑关系,7
raw:收留,raw:收留,7
raw:收藏,raw:收藏,7
raw:政委,held_position_in,7
raw:政策关联,raw:政策关联,7
raw:救治,raw:救治,7
raw:救济,raw:救济,7
raw:教学,raw:教学,7
raw:教育场所,raw:教育场所,7
raw:教育者,raw:教育者,7
raw:散发,raw:散发,7
raw:整编,organized,7
raw:整编关系,raw:整编关系,7
raw:整训,raw:整训,7
raw:斗争区域,raw:斗争区域,7
raw:时间延续,raw:时间延续,7
raw:标志,raw:标志,7
raw:核心,raw:核心,7
raw:武装斗争,raw:武装斗争,7
raw:歼灭对象,raw:歼灭对象,7
raw:汇报对象,reported_to,7
raw:派出,dispatched,7
raw:流传于,raw:流传于,7
raw:流散地点,raw:流散地点,7
raw:渡江作战,raw:渡江作战,7
raw:演讲地点,raw:演讲地点,7
raw:炸毁,raw:炸毁,7
raw:父子,raw:父子,7
raw:物资供应,raw:物资供应,7
raw:物资支持,supported,7
raw:理论依据,raw:理论依据,7
raw:申请,raw:申请,7
raw:破获,raw:破获,7
raw:窜入,raw:窜入,7
raw:立功,raw:立功,7
raw:筹备,organized,7
raw:精神实践,raw:精神实践,7
raw:精神指导,raw:精神指导,7
raw:组织-关联,raw:组织-关联,7
raw:组织-行动,carried_out,7
raw:组织-领导,raw:组织-领导,7
raw:组织委员,raw:组织委员,7
raw:组织成果,raw:组织成果,7
raw:组织所在地,raw:组织所在地,7
raw:经历事件,raw:经历事件,7
raw:经过地点,traveled_to,7
raw:编辑关系,raw:编辑关系,7
raw:署名,raw:署名,7
raw:翻印,raw:翻印,7
raw:考入,raw:考入,7
raw:考证,raw:考证,7
raw:联合,collaborated_with,7
raw:肃反迫害,raw:肃反迫害,7
raw:行动部署,dispatched,7
raw:行政区划,raw:行政区划,7
raw:行进路线,traveled_to,7
raw:补充,raw:补充,7
raw:被俘地点,raw:被俘地点,7
raw:被捕于,raw:被捕于,7
raw:被歼灭,raw:被歼灭,7
raw:视察地点,visited,7
raw:触发,raw:触发,7
raw:讲解,raw:讲解,7
raw:调查地点,raw:调查地点,7
raw:质问,raw:质问,7
raw:赠礼,raw:赠礼,7
raw:起始地,raw:起始地,7
raw:躲藏,raw:躲藏,7
raw:转移活动,raw:转移活动,7
raw:进军路线,raw:进军路线,7
raw:进逼,raw:进逼,7
raw:追歼,raw:追歼,7
raw:途经地点,traveled_to,7
raw:逮捕行动,raw:逮捕行动,7
raw:逼近,raw:逼近,7
raw:采购,raw:采购,7
raw:防堵,raw:防堵,7
raw:防御对象,raw:防御对象,7
raw:防御部署,stationed_at,7
raw:限制,raw:限制,7
raw:集结出发地,raw:集结出发地,7
raw:领导-地区,governed,7
raw:领导-活动区域,raw:领导-活动区域,7
raw:领导/配合,raw:领导/配合,7
raw:领导与成员,raw:领导与成员,7
raw:领导决策,led,7
raw:领导指导,raw:领导指导,7
raw:领导指挥,raw:领导指挥,7
raw:领导暴动,raw:领导暴动,7
raw:领导活动地,raw:领导活动地,7
raw:领导者-事件,led,7
raw:领导职务,raw:领导职务,7
raw:题词关联,raw:题词关联,7
raw:驱逐,raw:驱逐,7
raw:驻军,raw:驻军,7
raw:驻防于,stationed_at,7
active_during,active_during,6
colleague_of,raw:colleague_of,6
died_during,raw:died_during,6
raw:上下级关系,raw:上下级关系,6
raw:上交,raw:上交,6
raw:中心区域,raw:中心区域,6
raw:主导事件,led,6
raw:举办地点,occurred_at,6
raw:事件-发生于,occurred_at,6
raw:事件与人物关联,raw:事件与人物关联,6
raw:事件关联地,raw:事件关联地,6
raw:事迹,raw:事迹,6
raw:互动关系,raw:互动关系,6
raw:交通节点,raw:交通节点,6
raw:人-物,raw:人-物,6
raw:人员调配,raw:人员调配,6
raw:人物-分布于,raw:人物-分布于,6
raw:人物-参与,participated_in,6
raw:人物-执行,raw:人物-执行,6
raw:人物-物,raw:人物-物,6
raw:人物与事件关系,raw:人物与事件关系,6
raw:介绍者,introduced,6
raw:任书记,raw:任书记,6
raw:任命关系,appointed,6
raw:任教人员,raw:任教人员,6
raw:任教地点,raw:任教地点,6
raw:企图,raw:企图,6
raw:伏击歼灭,raw:伏击歼灭,6
raw:会合/东窜,raw:会合/东窜,6
raw:会议地点,occurred_at,6
raw:传播者-载体,raw:传播者-载体,6
raw:传播路径,raw:传播路径,6
raw:佐证,raw:佐证,6
raw:作出,raw:作出,6
raw:佯攻,raw:佯攻,6
raw:保护者,raw:保护者,6
raw:保护行动,raw:保护行动,6
raw:信仰,raw:信仰,6
raw:信息传播,raw:信息传播,6
raw:修复,raw:修复,6
raw:做工作,raw:做工作,6
raw:公审,raw:公审,6
raw:公布,raw:公布,6
raw:关联地区人物,raw:关联地区人物,6
raw:军事目标,raw:军事目标,6
raw:军事行动区域,active_at,6
raw:决策支持,raw:决策支持,6
raw:出击,raw:出击,6
raw:出版物,raw:出版物,6
raw:分发粮食,raw:分发粮食,6
raw:创建者-根据地,raw:创建者-根据地,6
raw:创造/参与,raw:创造/参与,6
raw:制定依据,raw:制定依据,6
raw:制造,created,6
raw:劝降对象,raw:劝降对象,6
raw:协助对象,raw:协助对象,6
raw:单线联系,raw:单线联系,6
raw:历史回顾,raw:历史回顾,6
raw:参与人员,participated_in,6
raw:参与制作,raw:参与制作,6
raw:参与机构,raw:参与机构,6
raw:参与领导,raw:参与领导,6
raw:发展为党员,raw:发展为党员,6
raw:发展组织,raw:发展组织,6
raw:发布指示,raw:发布指示,6
raw:发起者-事件,led,6
raw:召集/部署,raw:召集/部署,6
raw:合并关系,raw:合并关系,6
raw:同乡关系,raw:同乡关系,6
raw:同僚,colleague_of,6
raw:同属活动区域,raw:同属活动区域,6
raw:同意,raw:同意,6
raw:向导,guided,6
raw:启蒙,raw:启蒙,6
raw:呼吁,raw:呼吁,6
raw:嘱托,raw:嘱托,6
raw:地-地关联,raw:地-地关联,6
raw:地点-机构,raw:地点-机构,6
raw:地理依托,raw:地理依托,6
raw:场所-事件,raw:场所-事件,6
raw:声援,supported,6
raw:委任,raw:委任,6
raw:安排,organized,6
raw:安排工作,raw:安排工作,6
raw:安置地点,raw:安置地点,6
raw:实施地点,raw:实施地点,6
raw:实施者,carried_out,6
raw:实施者,raw:实施者,6
raw:对立,raw:对立,6
raw:导火索,raw:导火索,6
raw:射击,raw:射击,6
raw:工作据点,raw:工作据点,6
raw:工作重心,raw:工作重心,6
raw:带队,led,6
raw:应用,raw:应用,6
raw:建立根据地,stationed_at,6
raw:建立联系,raw:建立联系,6
raw:开会,raw:开会,6
raw:归属,located_in,6
raw:形成于,raw:形成于,6
raw:思想影响,raw:思想影响,6
raw:情报关联,raw:情报关联,6
raw:情报协作,collaborated_with,6
raw:情报网络,raw:情报网络,6
raw:成立于,located_in,6
raw:战利品,raw:战利品,6
raw:战役对抗,raw:战役对抗,6
raw:战斗事件,raw:战斗事件,6
raw:战斗地,raw:战斗地,6
raw:战略核心,raw:战略核心,6
raw:所属,located_in,6
raw:打击目标,raw:打击目标,6
raw:打破,raw:打破,6
raw:扣留,raw:扣留,6
raw:执行地,raw:执行地,6
raw:批准入党,raw:批准入党,6
raw:批准成立,raw:批准成立,6
raw:抓捕对象,raw:抓捕对象,6
raw:投身,participated_in,6
raw:抢修,raw:抢修,6
raw:报告,reported_to,6
raw:抵抗,raw:抵抗,6
raw:指导员,raw:指导员,6
raw:指导工作,raw:指导工作,6
raw:指挥-战斗地点,fought_at,6
raw:指挥事件,commanded,6
raw:指挥对抗,opposed,6
raw:指挥对象,raw:指挥对象,6
raw:指控,raw:指控,6
raw:挖掘,raw:挖掘,6
raw:探望,raw:探望,6
raw:接上关系,raw:接上关系,6
raw:接受任务,raw:接受任务,6
raw:接受领导,raw:接受领导,6
raw:控制对象,raw:控制对象,6
raw:推动,influenced,6
raw:搜查,raw:搜查,6
raw:撰稿,raw:撰稿,6
raw:撰稿人,raw:撰稿人,6
raw:支援者,supported,6
raw:收买,raw:收买,6
raw:收养,raw:收养,6
raw:攻占目标,raw:攻占目标,6
raw:放弃,raw:放弃,6
raw:政治争取,raw:政治争取,6
raw:政治动员,raw:政治动员,6
raw:政策宣传,raw:政策宣传,6
raw:教授,raw:教授,6
raw:教育对象,raw:教育对象,6
raw:教育机构,raw:教育机构,6
raw:教育经历,raw:教育经历,6
raw:时,raw:时,6
raw:时间-地点,raw:时间-地点,6
raw:机构-事件,raw:机构-事件,6
raw:机构-地点,raw:机构-地点,6
raw:架桥,raw:架桥,6
raw:核心成员,raw:核心成员,6
raw:检举,raw:检举,6
raw:毗邻,raw:毗邻,6
raw:汇报对象,raw:汇报对象,6
raw:汇报工作,reported_to,6
raw:活动场所-人物,active_at,6
raw:活动轨迹,raw:活动轨迹,6
raw:活动转移,raw:活动转移,6
raw:爆破,raw:爆破,6
raw:物品关联,raw:物品关联,6
raw:物资供给,raw:物资供给,6
raw:物资转运,raw:物资转运,6
raw:牺牲时间,raw:牺牲时间,6
raw:生俘,raw:生俘,6
raw:目的地,traveled_to,6
raw:突围出发地,raw:突围出发地,6
raw:策反目标,raw:策反目标,6
raw:策反联系,raw:策反联系,6
raw:策反行动,raw:策反行动,6
raw:管理关系,governed,6
raw:管理机构,raw:管理机构,6
raw:精神来源,raw:精神来源,6
raw:精神象征,raw:精神象征,6
raw:纪念活动,raw:纪念活动,6
raw:组织-成果,raw:组织-成果,6
raw:组织-文物,raw:组织-文物,6
raw:组织-活动范围,raw:组织-活动范围,6
raw:组织与事件,organized,6
raw:组织主体,raw:组织主体,6
raw:组织创建,raw:组织创建,6
raw:组织架构,raw:组织架构,6
raw:组织活动地点,stationed_at,6
raw:组织派遣,raw:组织派遣,6
raw:组织者-参与者,raw:组织者-参与者,6
raw:组织者-被组织者,raw:组织者-被组织者,6
raw:组织职务,raw:组织职务,6
raw:经济政策实施区域,raw:经济政策实施区域,6
raw:结束,raw:结束,6
raw:编入关系,raw:编入关系,6
raw:编组,raw:编组,6
raw:职务行动,raw:职务行动,6
raw:职务身份,raw:职务身份,6
raw:联系点,raw:联系点,6
raw:联络节点,raw:联络节点,6
raw:致词,raw:致词,6
raw:英勇就义,raw:英勇就义,6
raw:英勇牺牲,raw:英勇牺牲,6
raw:营救对象,raw:营救对象,6
raw:落脚,raw:落脚,6
raw:行为关联,raw:行为关联,6
raw:行军/筹粮,raw:行军/筹粮,6
raw:行动-地点,raw:行动-地点,6
raw:行动发生地,raw:行动发生地,6
raw:行动路径,traveled_to,6
raw:被关押于,imprisoned_at,6
raw:被捕同案,raw:被捕同案,6
raw:被斗争,raw:被斗争,6
raw:被歼,raw:被歼,6
raw:视察,visited,6
raw:认同,raw:认同,6
raw:认定,raw:认定,6
raw:设置,raw:设置,6
raw:访问记录,raw:访问记录,6
raw:评价者,raw:评价者,6
raw:识破,raw:识破,6
raw:诉求对象,raw:诉求对象,6
raw:诬陷,raw:诬陷,6
raw:请愿,raw:请愿,6
raw:调往,dispatched,6
raw:调解,raw:调解,6
raw:象征物,raw:象征物,6
raw:负责联系,raw:负责联系,6
raw:赔偿,raw:赔偿,6
raw:赞扬,raw:赞扬,6
raw:赴,raw:赴,6
raw:起义投诚,raw:起义投诚,6
raw:路线节点,raw:路线节点,6
raw:转化,raw:转化,6
raw:转移行动,raw:转移行动,6
raw:辩护,raw:辩护,6
raw:迁址,raw:迁址,6
raw:迂回,raw:迂回,6
raw:进军/解放,raw:进军/解放,6
raw:进攻路线,raw:进攻路线,6
raw:退守,raw:退守,6
raw:送别,raw:送别,6
raw:逃窜,raw:逃窜,6
raw:通信联系,raw:通信联系,6
raw:通缉,raw:通缉,6
raw:遇害,raw:遇害,6
raw:部署于,stationed_at,6
raw:重创,raw:重创,6
raw:长征,raw:长征,6
raw:防务,raw:防务,6
raw:集中,raw:集中,6
raw:集结于,raw:集结于,6
raw:需要重判为schema关系,raw:关系待定,6
raw:面临,raw:面临,6
raw:领导-参与者,raw:领导-参与者,6
raw:领导-成员,raw:领导-成员,6
raw:领导/开展,raw:领导/开展,6
raw:领导与执行,raw:领导与执行,6
raw:领导建立,raw:领导建立,6
raw:领导指示,raw:领导指示,6
raw:领导机构,organized,6
raw:领导活动,led,6
raw:驰援,raw:驰援,6
raw:驻守地,raw:驻守地,6
raw:高呼,raw:高呼,6
active_during,raw:active_during,5
published_by,published_by,5
raw:下达命令,raw:下达命令,5
raw:争取工作,raw:争取工作,5
raw:争论,raw:争论,5
raw:事-物,raw:事-物,5
raw:事件-内容,raw:事件-内容,5
raw:事件-背景,raw:事件-背景,5
raw:事件形式,raw:事件形式,5
raw:交战于,raw:交战于,5
raw:交易,raw:交易,5
raw:交涉对象,raw:交涉对象,5
raw:交通联络,raw:交通联络,5
raw:交通连接,raw:交通连接,5
raw:亲临指挥,commanded,5
raw:人物-导致,raw:人物-导致,5
raw:人物-行为,raw:人物-行为,5
raw:人物与地域关联,raw:人物与地域关联,5
raw:介绍/联络,raw:介绍/联络,5
raw:介绍工作,raw:介绍工作,5
raw:任,held_position_in,5
raw:任务交接,raw:任务交接,5
raw:任务分配,raw:任务分配,5
raw:任务指示,raw:任务指示,5
raw:任务派遣,dispatched,5
raw:任教,worked_at,5
raw:任职地域,raw:任职地域,5
raw:任职机构,raw:任职机构,5
raw:伏击于,fought_at,5
raw:休整,raw:休整,5
raw:休整地,raw:休整地,5
raw:会合地,raw:会合地,5
raw:会议召开地,raw:会议召开地,5
raw:传递者,raw:传递者,5
raw:伪装身份,raw:伪装身份,5
raw:作业区域,raw:作业区域,5
raw:作工作,raw:作工作,5
raw:作战关联,raw:作战关联,5
raw:作战物资,raw:作战物资,5
raw:使用对象,used_artifact,5
raw:供给,raw:供给,5
raw:依托组织,raw:依托组织,5
raw:促使,raw:促使,5
raw:保护/营救,raw:保护/营救,5
raw:保护对象,protected,5
raw:保证,raw:保证,5
raw:保释,raw:保释,5
raw:军事协作,raw:军事协作,5
raw:军事协同,raw:军事协同,5
raw:军事指挥,commanded,5
raw:军事指挥关系,raw:军事指挥关系,5
raw:军事行动-地点,occurred_at,5
raw:军事行动发生地,raw:军事行动发生地,5
raw:军事行动目标,raw:军事行动目标,5
raw:军事解放,raw:军事解放,5
raw:军事进攻,raw:军事进攻,5
raw:冲击,raw:冲击,5
raw:冲锋,fought_at,5
raw:决策事件,raw:决策事件,5
raw:出卖者,raw:出卖者,5
raw:出发于,raw:出发于,5
raw:出生于,born_at,5
raw:击杀,killed,5
raw:分布于,raw:分布于,5
raw:刊登,raw:刊登,5
raw:划分,raw:划分,5
raw:创办人,raw:创办人,5
raw:创建者-组织,created,5
raw:办理,raw:办理,5
raw:加强领导,raw:加强领导,5
raw:北上,traveled_to,5
raw:区域-人物,raw:区域-人物,5
raw:协作单位,raw:协作单位,5
raw:协调,raw:协调,5
raw:印刷,raw:印刷,5
raw:原则,raw:原则,5
raw:参与会议,raw:参与会议,5
raw:参与关联,participated_in,5
raw:参与创办,raw:参与创办,5
raw:参与成立,raw:参与成立,5
raw:参与指挥,raw:参与指挥,5
raw:参考,raw:参考,5
raw:反扑,raw:反扑,5
raw:反抗对象,opposed,5
raw:反攻,raw:反攻,5
raw:反映对象,raw:反映对象,5
raw:发动对象,raw:发动对象,5
raw:发动群众,raw:发动群众,5
raw:发动群众组织游击武装,raw:发动群众组织游击武装,5
raw:发展为农协会员,raw:发展为农协会员,5
raw:发布载体,raw:发布载体,5
raw:发生于/安葬于,raw:发生于/安葬于,5
raw:发生在,occurred_at,5
raw:发行地,raw:发行地,5
raw:发起人-组织,raw:发起人-组织,5
raw:叛变破坏,raw:叛变破坏,5
raw:叛徒,raw:叛徒,5
raw:口述,raw:口述,5
raw:召见,raw:召见,5
raw:合作单位,raw:合作单位,5
raw:后续,raw:后续,5
raw:后续行动,raw:后续行动,5
raw:向导,raw:向导,5
raw:告密关系,raw:告密关系,5
raw:地区-特征,raw:地区-特征,5
raw:地理归属,located_in,5
raw:培养教育,trained,5
raw:培育,raw:培育,5
raw:培训来源,raw:培训来源,5
raw:处置对象,raw:处置对象,5
raw:夫妻,spouse_of,5
raw:奖励,raw:奖励,5
raw:奠定基础,raw:奠定基础,5
raw:委员,member_of,5
raw:威慑,raw:威慑,5
raw:存在,raw:存在,5
raw:学习/活动场所,raw:学习/活动场所,5
raw:学习对象,raw:学习对象,5
raw:完成,carried_out,5
raw:实施主体,carried_out,5
raw:实施场所,raw:实施场所,5
raw:实践,carried_out,5
raw:审定,raw:审定,5
raw:审批,raw:审批,5
raw:审查,raw:审查,5
raw:宣传教育,raw:宣传教育,5
raw:对抗-对象,raw:对抗-对象,5
raw:对比,raw:对比,5
raw:对象-事件,raw:对象-事件,5
raw:导致被捕,raw:导致被捕,5
raw:就义,died_at,5
raw:工作分配,stationed_at,5
raw:工作对象,worked_at,5
raw:工作指示,raw:工作指示,5
raw:师生关系,raw:师生关系,5
raw:带路关系,raw:带路关系,5
raw:带队,raw:带队,5
raw:带领宣传,raw:带领宣传,5
raw:并列关系,raw:并列关系,5
raw:并行,raw:并行,5
raw:建立关联,raw:建立关联,5
raw:建立根据地,raw:建立根据地,5
raw:建设者,raw:建设者,5
raw:开创,raw:开创,5
raw:开展斗争,raw:开展斗争,5
raw:征集对象,raw:征集对象,5
raw:总结于,raw:总结于,5
raw:恢复联系,raw:恢复联系,5
raw:悼念与继承,raw:悼念与继承,5
raw:情报来源,raw:情报来源,5
raw:情报泄露,raw:情报泄露,5
raw:成员-组织,member_of,5
raw:成果关联,raw:成果关联,5
raw:战斗于,raw:战斗于,5
raw:战斗参与,raw:战斗参与,5
raw:战斗目标,raw:战斗目标,5
raw:战术手段,raw:战术手段,5
raw:战果,raw:战果,5
raw:战略支撑,raw:战略支撑,5
raw:截获,raw:截获,5
raw:所属地,located_in,5
raw:所属部队,raw:所属部队,5
raw:打开,raw:打开,5
raw:打通,raw:打通,5
raw:执教,raw:执教,5
raw:执笔,raw:执笔,5
raw:执行地,occurred_at,5
raw:执行地点,occurred_at,5
raw:批复,raw:批复,5
raw:抓捕行动,raw:抓捕行动,5
raw:投敌,raw:投敌,5
raw:护卫,raw:护卫,5
raw:报告对象,raw:报告对象,5
raw:抵制,opposed,5
raw:抵抗,opposed,5
raw:担任主任,raw:担任主任,5
raw:担任师长,raw:担任师长,5
raw:担任校长,raw:担任校长,5
raw:拒绝,opposed,5
raw:拥护,supported,5
raw:指令下达,raw:指令下达,5
raw:指使,raw:指使,5
raw:指导/领导,raw:指导/领导,5
raw:指导对象,raw:指导对象,5
raw:指挥-执行,raw:指挥-执行,5
raw:指挥/牺牲,raw:指挥/牺牲,5
raw:指挥/部署,commanded,5
raw:指挥决策,commanded,5
raw:指挥决策,raw:指挥决策,5
raw:指挥攻坚,raw:指挥攻坚,5
raw:指挥者-事件,raw:指挥者-事件,5
raw:指挥部署,raw:指挥部署,5
raw:指控关系,raw:指控关系,5
raw:捉拿,raw:捉拿,5
raw:捐赠,raw:捐赠,5
raw:掌握政权,governed,5
raw:接头地点,raw:接头地点,5
raw:接洽,contacted,5
raw:控制,commanded,5
raw:推广,advocated,5
raw:推进/布防,raw:推进/布防,5
raw:掩伏,raw:掩伏,5
raw:掩埋,raw:掩埋,5
raw:掩护行动,raw:掩护行动,5
raw:提出主张,raw:提出主张,5
raw:提炼,raw:提炼,5
raw:揭发,raw:揭发,5
raw:搏斗,raw:搏斗,5
raw:撤职,raw:撤职,5
raw:操作,raw:操作,5
raw:支持单位,raw:支持单位,5
raw:支援地点,raw:支援地点,5
raw:收留关系,raw:收留关系,5
raw:收缴武器,raw:收缴武器,5
raw:改称,raw:改称,5
raw:改造对象,raw:改造对象,5
raw:攻坚,raw:攻坚,5
raw:政治斗争,raw:政治斗争,5
raw:政治谈判,raw:政治谈判,5
raw:救治地点,raw:救治地点,5
raw:教学关系,raw:教学关系,5
raw:教育指导,guided,5
raw:数据来源,raw:数据来源,5
raw:斗争目标,raw:斗争目标,5
raw:时间-事件,occurred_during,5
raw:时间范围,raw:时间范围,5
raw:暗杀,raw:暗杀,5
raw:机关驻地,raw:机关驻地,5
raw:机构-执行,raw:机构-执行,5
raw:构成关系,raw:构成关系,5
raw:枪决,raw:枪决,5
raw:查看,raw:查看,5
raw:核心人物,raw:核心人物,5
raw:根据地,raw:根据地,5
raw:武器装备,raw:武器装备,5
raw:死亡地点,raw:死亡地点,5
raw:殉难地,died_at,5
raw:求助,raw:求助,5
raw:没收财产,raw:没收财产,5
raw:活动地域,occurred_at,5
raw:活动基地,raw:活动基地,5
raw:活动基地,stationed_at,5
raw:派遣-被派遣,raw:派遣-被派遣,5
raw:派遣者,dispatched,5
raw:派遣者,raw:派遣者,5
raw:涉及地点,active_at,5
raw:渗透关系,raw:渗透关系,5
raw:游击区域,raw:游击区域,5
raw:潜伏于,raw:潜伏于,5
raw:潜伏地点,raw:潜伏地点,5
raw:激励,raw:激励,5
raw:照料,raw:照料,5
raw:照料物资,raw:照料物资,5
raw:煽动,raw:煽动,5
raw:父子关系,raw:父子关系,5
raw:物资,raw:物资,5
raw:物资输送,raw:物资输送,5
raw:物资运输,raw:物资运输,5
raw:瓦解对象,raw:瓦解对象,5
raw:留守,stationed_at,5
raw:盘剥,raw:盘剥,5
raw:目击,raw:目击,5
raw:目击者,raw:目击者,5
raw:相关事件发生地,raw:相关事件发生地,5
raw:相关人物与地点,raw:相关人物与地点,5
raw:相关区域,raw:相关区域,5
raw:相关机构,raw:相关机构,5
raw:破坏对象,raw:破坏对象,5
raw:移交关系,raw:移交关系,5
raw:移至,raw:移至,5
raw:突破目标,raw:突破目标,5
raw:筹办,organized,5
raw:筹粮,raw:筹粮,5
raw:管理,held_position_in,5
raw:管理者,governed,5
raw:籍贯/活动区域,raw:籍贯/活动区域,5
raw:精神指引,influenced,5
raw:纪念关系,raw:纪念关系,5
raw:组建地,raw:组建地,5
raw:组织-产物,raw:组织-产物,5
raw:组织-人员关联,raw:组织-人员关联,5
raw:组织-据点,raw:组织-据点,5
raw:组织/指挥,raw:组织/指挥,5
raw:组织/领导,led,5
raw:组织与地点,raw:组织与地点,5
raw:组织升级,raw:组织升级,5
raw:组织变更,raw:组织变更,5
raw:组织合并,raw:组织合并,5
raw:组织地点,occurred_at,5
raw:组织建立,created,5
raw:组织成员关系,member_of,5
raw:组织所在地,located_in,5
raw:组织指导,raw:组织指导,5
raw:组织据点,raw:组织据点,5
raw:组织管理,raw:组织管理,5
raw:组织者-活动,organized,5
raw:组织者-活动,raw:组织者-活动,5
raw:组织联络,contacted,5
raw:组织领导,led,5
raw:统一指挥,commanded,5
raw:统率,raw:统率,5
raw:继承关系,raw:继承关系,5
raw:编制隶属,raw:编制隶属,5
raw:编纂/审阅,raw:编纂/审阅,5
raw:缴获物,raw:缴获物,5
raw:群众工作,raw:群众工作,5
raw:群众运动,raw:群众运动,5
raw:联系地区,raw:联系地区,5
raw:联络中心,raw:联络中心,5
raw:联络单位,raw:联络单位,5
raw:联络点,contacted,5
raw:背景-事件,raw:背景-事件,5
raw:营救行动,rescued,5
raw:藏匿地,raw:藏匿地,5
raw:行军/转移,raw:行军/转移,5
raw:行动-结果,raw:行动-结果,5
raw:行动指向,raw:行动指向,5
raw:行政管辖,raw:行政管辖,5
raw:行进方向,raw:行进方向,5
raw:衍生关系,raw:衍生关系,5
raw:被俘虏,raw:被俘虏,5
raw:被处决,raw:被处决,5
raw:被捕关押,raw:被捕关押,5
raw:被捕审讯,raw:被捕审讯,5
raw:袭占,raw:袭占,5
raw:解释,raw:解释,5
raw:训令,raw:训令,5
raw:记录主体,raw:记录主体,5
raw:记录者-事件,raw:记录者-事件,5
raw:设在,raw:设在,5
raw:设立者,raw:设立者,5
raw:访问,raw:访问,5
raw:调入,raw:调入,5
raw:调离,raw:调离,5
raw:调配,raw:调配,5
raw:谈判关系,met_with,5
raw:谈判参与方,raw:谈判参与方,5
raw:象征,symbolized_by,5
raw:负伤于,raw:负伤于,5
raw:负责人-组织,raw:负责人-组织,5
raw:贯彻期,raw:贯彻期,5
raw:路线经过,raw:路线经过,5
raw:躲避地点,raw:躲避地点,5
raw:转战区域,raw:转战区域,5
raw:辖属,governed,5
raw:迁移关系,raw:迁移关系,5
raw:过境,traveled_to,5
raw:运输通道,raw:运输通道,5
raw:进军方向,raw:进军方向,5
raw:进抵,raw:进抵,5
raw:进攻行动,raw:进攻行动,5
raw:进驻地点,stationed_at,5
raw:追捕对象,raw:追捕对象,5
raw:适用,raw:适用,5
raw:途经区域,raw:途经区域,5
raw:通信对象,raw:通信对象,5
raw:通知转移,raw:通知转移,5
raw:遇难者,raw:遇难者,5
raw:避难地,raw:避难地,5
raw:酝酿,raw:酝酿,5
raw:针对目标,raw:针对目标,5
raw:钳制,raw:钳制,5
raw:防御区域,raw:防御区域,5
raw:防御目标,raw:防御目标,5
raw:防御阵地,raw:防御阵地,5
raw:震慑,raw:震慑,5
raw:革命协作,collaborated_with,5
raw:革命同志关系,comrade_of,5
raw:领导-被领导,reported_to,5
raw:领导/协作,colleague_of,5
raw:领导/指挥,raw:领导/指挥,5
raw:领导/支持,raw:领导/支持,5
raw:领导/组织,raw:领导/组织,5
raw:领导/被领导,raw:领导/被领导,5
raw:领导创建,raw:领导创建,5
raw:领导建立,created,5
raw:题写者,raw:题写者,5
visited,raw:visited,5
documented_in,raw:documented_in,4
formed_during,raw:formed_during,4
raw:上级组织,raw:上级组织,4
raw:中心,raw:中心,4
raw:主持/致词,raw:主持/致词,4
raw:主持人,raw:主持人,4
raw:主持成立,raw:主持成立,4
raw:事/地关联,raw:事/地关联,4
raw:事件-人物关联,raw:事件-人物关联,4
raw:事件-影响,influenced,4
raw:事件-时间,occurred_during,4
raw:事件-物,raw:事件-物,4
raw:事件-生成,raw:事件-生成,4
raw:事件-目的,raw:事件-目的,4
raw:事件与组织,raw:事件与组织,4
raw:事件人物关联,raw:事件人物关联,4
raw:事件发生地关联,raw:事件发生地关联,4
raw:交代,raw:交代,4
raw:交出,raw:交出,4
raw:交往,raw:交往,4
raw:交流,raw:交流,4
raw:交涉/部署,raw:交涉/部署,4
raw:交谈,raw:交谈,4
raw:交通员,raw:交通员,4
raw:交通线,raw:交通线,4
raw:交通联系,raw:交通联系,4
raw:产出物资,raw:产出物资,4
raw:产生,raw:产生,4
raw:人-人,raw:人-人,4
raw:人/事,raw:人/事,4
raw:人事关联,raw:人事关联,4
raw:人员输送,raw:人员输送,4
raw:人物-场所,raw:人物-场所,4
raw:人物-实践,carried_out,4
raw:人物-打击,raw:人物-打击,4
raw:人物-行动,raw:人物-行动,4
raw:人物与组织关联,raw:人物与组织关联,4
raw:人物事件关联,raw:人物事件关联,4
raw:介绍加入组织,raw:介绍加入组织,4
raw:介绍者-被介绍者,introduced,4
raw:代理,raw:代理,4
raw:代销关系,raw:代销关系,4
raw:任教于,raw:任教于,4
raw:任职地-人物,raw:任职地-人物,4
raw:任职机构,worked_at,4
raw:伏击,fought_at,4
raw:休整于,stationed_at,4
raw:优待,raw:优待,4
raw:会址,located_in,4
raw:会师关系,raw:会师关系,4
raw:会师地,raw:会师地,4
raw:会议场所,raw:会议场所,4
raw:会谈商定,raw:会谈商定,4
raw:传播关系,raw:传播关系,4
raw:传播渠道,raw:传播渠道,4
raw:传播者-媒介,raw:传播者-媒介,4
raw:传递关系,raw:传递关系,4
raw:传递物,raw:传递物,4
raw:伴随,raw:伴随,4
raw:体现精神,embodied_by_organization,4
raw:作序,raw:作序,4
raw:作战关联,fought_at,4
raw:作战路线,raw:作战路线,4
raw:作用于,raw:作用于,4
raw:使用场所,raw:使用场所,4
raw:使用武器,used_artifact,4
raw:使用物品,raw:使用物品,4
raw:使用者-武器,used_artifact,4
raw:供应联系,raw:供应联系,4
raw:依托于,raw:依托于,4
raw:依据文件,raw:依据文件,4
raw:侦察目标,raw:侦察目标,4
raw:侦查行动,raw:侦查行动,4
raw:侵占,raw:侵占,4
raw:保护对象-负责人,raw:保护对象-负责人,4
raw:信念,raw:信念,4
raw:信息提供者,raw:信息提供者,4
raw:偷渡,raw:偷渡,4
raw:入党关系,raw:入党关系,4
raw:关怀对象,raw:关怀对象,4
raw:关押场所,imprisoned_at,4
raw:关联事件与地域,raw:关联事件与地域,4
raw:关联事件与纪念物,raw:关联事件与纪念物,4
raw:关联任务,raw:关联任务,4
raw:关联地-组织,raw:关联地-组织,4
raw:关联地点人物,raw:关联地点人物,4
raw:关联活动,raw:关联活动,4
raw:关键,raw:关键,4
raw:冒名顶替,raw:冒名顶替,4
raw:写标语,raw:写标语,4
raw:军事包围,raw:军事包围,4
raw:军事应对,raw:军事应对,4
raw:军事控制,raw:军事控制,4
raw:军事联络,contacted,4
raw:军事行动-地点,fought_at,4
raw:军民情谊,raw:军民情谊,4
raw:农民协会成立大会,raw:农民协会成立大会,4
raw:冲突关联,raw:冲突关联,4
raw:决策-事件,raw:决策-事件,4
raw:决策参与者,raw:决策参与者,4
raw:出发地点,raw:出发地点,4
raw:出版单位,raw:出版单位,4
raw:出生地/活动地,raw:出生地/活动地,4
raw:出谷,raw:出谷,4
raw:击破,raw:击破,4
raw:分兵,raw:分兵,4
raw:分化,raw:分化,4
raw:分布区域,raw:分布区域,4
raw:创作/传播,raw:创作/传播,4
raw:创办者-作品,raw:创办者-作品,4
raw:创建于,raw:创建于,4
raw:创建领导,raw:创建领导,4
raw:创立者,created,4
raw:判处,raw:判处,4
raw:制定政策,raw:制定政策,4
raw:制定者,formulated,4
raw:刺杀,killed,4
raw:刺杀,raw:刺杀,4
raw:剥削/压迫,raw:剥削/压迫,4
raw:剿匪,raw:剿匪,4
raw:劝导,raw:劝导,4
raw:劝导关系,raw:劝导关系,4
raw:劝降关系,raw:劝降关系,4
raw:加入中国共产党,raw:加入中国共产党,4
raw:动员对象,raw:动员对象,4
raw:劫掠,raw:劫掠,4
raw:势力范围,raw:势力范围,4
raw:勉励,raw:勉励,4
raw:北撤,raw:北撤,4
raw:区域-关联,raw:区域-关联,4
raw:医治,raw:医治,4
raw:升级,raw:升级,4
raw:南下,raw:南下,4
raw:南下,traveled_to,4
raw:参与/牺牲,raw:参与/牺牲,4
raw:参与保护,raw:参与保护,4
raw:参与处决,killed,4
raw:参与对抗,opposed,4
raw:参与战斗,participated_in,4
raw:参与执行,participated_in,4
raw:参与筹备,raw:参与筹备,4
raw:参与记录,participated_in,4
raw:参军,member_of,4
raw:反抗斗争,raw:反抗斗争,4
raw:发出号召,raw:发出号召,4
raw:发展者,raw:发展者,4
raw:发布地点,raw:发布地点,4
raw:发布方,raw:发布方,4
raw:发生在,raw:发生在,4
raw:发表于,raw:发表于,4
raw:发起单位,raw:发起单位,4
raw:发起组织,organized,4
raw:取消,raw:取消,4
raw:受审,raw:受审,4
raw:受审于,raw:受审于,4
raw:叛变投敌,raw:叛变投敌,4
raw:召开会议于,raw:召开会议于,4
raw:史料编纂,raw:史料编纂,4
raw:同学关系,raw:同学关系,4
raw:同战斗经历,raw:同战斗经历,4
raw:同窗,raw:同窗,4
raw:同窗关系,raw:同窗关系,4
raw:同类事件,raw:同类事件,4
raw:同行者,colleague_of,4
raw:后勤保障,raw:后勤保障,4
raw:命名,raw:命名,4
raw:和平解放,liberated,4
raw:回应,raw:回应,4
raw:固守,raw:固守,4
raw:地区-开展,raw:地区-开展,4
raw:地形关联,raw:地形关联,4
raw:地点-人物关联,raw:地点-人物关联,4
raw:地点关系,raw:地点关系,4
raw:地理位置关联,raw:地理位置关联,4
raw:培养/指导,trained,4
raw:培养教育,raw:培养教育,4
raw:奉命,raw:奉命,4
raw:威胁关系,raw:威胁关系,4
raw:威胁对象,raw:威胁对象,4
raw:威逼,raw:威逼,4
raw:存放,raw:存放,4
raw:实行,implemented,4
raw:实践体现,raw:实践体现,4
raw:宣传关系,raw:宣传关系,4
raw:宣传发动,raw:宣传发动,4
raw:宣讲者,raw:宣讲者,4
raw:家庭关系,raw:家庭关系,4
raw:宿营地,stationed_at,4
raw:寄送,raw:寄送,4
raw:密报,raw:密报,4
raw:察看地形,raw:察看地形,4
raw:对抗事件,raw:对抗事件,4
raw:对抗冲突,raw:对抗冲突,4
raw:对抗势力,raw:对抗势力,4
raw:对抗者,raw:对抗者,4
raw:导向,raw:导向,4
raw:导致失败,raw:导致失败,4
raw:就义,raw:就义,4
raw:就义地,raw:就义地,4
raw:就义地点,raw:就义地点,4
raw:就学地点,raw:就学地点,4
raw:展现,raw:展现,4
raw:展示,raw:展示,4
raw:展示对象,raw:展示对象,4
raw:巡视地点,raw:巡视地点,4
raw:工作分工,raw:工作分工,4
raw:工作重点,raw:工作重点,4
raw:带头参加,led,4
raw:带路支援,raw:带路支援,4
raw:帮助,supported,4
raw:平定,raw:平定,4
raw:应对事件,raw:应对事件,4
raw:应对策略,raw:应对策略,4
raw:废除,raw:废除,4
raw:座谈,raw:座谈,4
raw:延伸,raw:延伸,4
raw:延续关系,raw:延续关系,4
raw:建成,raw:建成,4
raw:开展,active_at,4
raw:开展区域,raw:开展区域,4
raw:开展地下工作,raw:开展地下工作,4
raw:开展游击,raw:开展游击,4
raw:开展策反于,raw:开展策反于,4
raw:开赴,raw:开赴,4
raw:开辟根据地区域,raw:开辟根据地区域,4
raw:引导关系,guided,4
raw:引导者,guided,4
raw:强化,raw:强化,4
raw:归顺,raw:归顺,4
raw:彰显,raw:彰显,4
raw:影响区域,influenced,4
raw:征购区域,raw:征购区域,4
raw:征集区域,raw:征集区域,4
raw:态度,raw:态度,4
raw:思想传播,raw:思想传播,4
raw:恢复党籍,raw:恢复党籍,4
raw:恢复关系,raw:恢复关系,4
raw:情报传递者,raw:情报传递者,4
raw:情报提供者,raw:情报提供者,4
raw:情报获取,raw:情报获取,4
raw:意见分歧,raw:意见分歧,4
raw:慰劳,raw:慰劳,4
raw:慰问对象,raw:慰问对象,4
raw:战役指挥,commanded,4
raw:战斗相关,raw:战斗相关,4
raw:战术应对,raw:战术应对,4
raw:战术支撑,raw:战术支撑,4
raw:战术部署,raw:战术部署,4
raw:战略,raw:战略,4
raw:战略背景,raw:战略背景,4
raw:所属关系,located_in,4
raw:打土豪,raw:打土豪,4
raw:托付,raw:托付,4
raw:执行/协助,raw:执行/协助,4
raw:执行与开拓,raw:执行与开拓,4
raw:执行区域,raw:执行区域,4
raw:执行单位,raw:执行单位,4
raw:执行命令,raw:执行命令,4
raw:扩展区域,raw:扩展区域,4
raw:扩建,raw:扩建,4
raw:扩编,raw:扩编,4
raw:扫荡,raw:扫荡,4
raw:批判对象,raw:批判对象,4
raw:找到,raw:找到,4
raw:把持,raw:把持,4
raw:投诚地点,raw:投诚地点,4
raw:抢救,raw:抢救,4
raw:报道来源,raw:报道来源,4
raw:担任主任,held_position_in,4
raw:担任委员,raw:担任委员,4
raw:担任领导,held_position_in,4
raw:担任领导,raw:担任领导,4
raw:拉拢,raw:拉拢,4
raw:拔除,raw:拔除,4
raw:拨款,raw:拨款,4
raw:指令,commanded,4
raw:指导-被指导,raw:指导-被指导,4
raw:指导事件,raw:指导事件,4
raw:指导建立,guided,4
raw:指导思想,guided,4
raw:指导文件,raw:指导文件,4
raw:指导来源,raw:指导来源,4
raw:指导者-组织,raw:指导者-组织,4
raw:指导者-被指导者,guided,4
raw:指引,guided,4
raw:指挥-被俘虏,raw:指挥-被俘虏,4
raw:指挥于,commanded,4
raw:指挥作战于,raw:指挥作战于,4
raw:指挥对抗,raw:指挥对抗,4
raw:指挥打击,raw:指挥打击,4
raw:指挥者-地点,raw:指挥者-地点,4
raw:指挥行动,commanded,4
raw:指示下达者,raw:指示下达者,4
raw:指示建立,raw:指示建立,4
raw:指示转移,raw:指示转移,4
raw:捕杀,raw:捕杀,4
raw:据点分布,raw:据点分布,4
raw:掌控,commanded,4
raw:掌控,raw:掌控,4
raw:接洽,raw:接洽,4
raw:接见/商谈,raw:接见/商谈,4
raw:接运,raw:接运,4
raw:控制武器,raw:控制武器,4
raw:推举,raw:推举,4
raw:描述对象,raw:描述对象,4
raw:提供关系,raw:提供关系,4
raw:摆渡,raw:摆渡,4
raw:摆脱,raw:摆脱,4
raw:撤离至,raw:撤离至,4
raw:撤退地点,raw:撤退地点,4
raw:撤退方向,raw:撤退方向,4
raw:擒拿,raw:擒拿,4
raw:支持者-事件,raw:支持者-事件,4
raw:支援区域,raw:支援区域,4
raw:支撑,supported,4
raw:收录于,raw:收录于,4
raw:收编关系,raw:收编关系,4
raw:收集,raw:收集,4
raw:改编地点,raw:改编地点,4
raw:改编对象,raw:改编对象,4
raw:政权交接,raw:政权交接,4
raw:政治行动,raw:政治行动,4
raw:政治身份,raw:政治身份,4
raw:政策宣讲,raw:政策宣讲,4
raw:政策执行,raw:政策执行,4
raw:救灾行动,raw:救灾行动,4
raw:教导,raw:教导,4
raw:教师,raw:教师,4
raw:教育场所,studied_at,4
raw:教育载体,raw:教育载体,4
raw:教育释放,raw:教育释放,4
raw:整改范围,raw:整改范围,4
raw:文献关联,raw:文献关联,4
raw:文献来源,raw:文献来源,4
raw:斗争地点,raw:斗争地点,4
raw:方法,raw:方法,4
raw:施压,raw:施压,4
raw:晋升,raw:晋升,4
raw:机关所在地,raw:机关所在地,4
raw:机关驻地,stationed_at,4
raw:机构-人物,raw:机构-人物,4
raw:杀害关系,killed,4
raw:构成部分,raw:构成部分,4
raw:枪杀,killed,4
raw:枪毙,killed,4
raw:查处,raw:查处,4
raw:横扫,raw:横扫,4
raw:欺骗,raw:欺骗,4
raw:武装力量联系,raw:武装力量联系,4
raw:武装行动,raw:武装行动,4
raw:殉难地,raw:殉难地,4
raw:汇报地点,raw:汇报地点,4
raw:没收分配,raw:没收分配,4
raw:油印员,raw:油印员,4
raw:治理,raw:治理,4
raw:泄密,raw:泄密,4
raw:活动-事件,raw:活动-事件,4
raw:活动/部署,raw:活动/部署,4
raw:活动主体,raw:活动主体,4
raw:活动区域-组织,raw:活动区域-组织,4
raw:活动地区,active_at,4
raw:派遣人员,dispatched,4
raw:涉及对象,raw:涉及对象,4
raw:深入宣传,raw:深入宣传,4
raw:混入,raw:混入,4
raw:清算对象,raw:清算对象,4
raw:游行路线,raw:游行路线,4
raw:演出地点,occurred_at,4
raw:演说,raw:演说,4
raw:潜入者,raw:潜入者,4
raw:激发,influenced,4
raw:激战于,fought_at,4
raw:物证关联,raw:物证关联,4
raw:物资救济,raw:物资救济,4
raw:物资调配,raw:物资调配,4
raw:牺牲者,raw:牺牲者,4
raw:狱中结识,met_with,4
raw:猛攻,raw:猛攻,4
raw:献出生命,raw:献出生命,4
raw:理论支撑,raw:理论支撑,4
raw:痛剿/逐出,raw:痛剿/逐出,4
raw:登记,raw:登记,4
raw:目标地点,raw:目标地点,4
raw:目标城市,fought_at,4
raw:相关物,raw:相关物,4
raw:研读,raw:研读,4
raw:破坏行动,raw:破坏行动,4
raw:禁止,raw:禁止,4
raw:离开/组建,raw:离开/组建,4
raw:秘密据点,raw:秘密据点,4
raw:稳定,raw:稳定,4
raw:突入,raw:突入,4
raw:策划/建立,raw:策划/建立,4
raw:策划地,raw:策划地,4
raw:策动投诚,raw:策动投诚,4
raw:筹划,raw:筹划,4
raw:筹建,created,4
raw:筹粮区域,raw:筹粮区域,4
raw:管理,responsible_for,4
raw:精神,raw:精神,4
raw:精神关联,raw:精神关联,4
raw:精神内涵,raw:精神内涵,4
raw:精神支撑,raw:精神支撑,4
raw:纪律约束,raw:纪律约束,4
raw:纪念场所,raw:纪念场所,4
raw:组建关系,organized,4
raw:组建地点,raw:组建地点,4
raw:组成关系,member_of,4
raw:组织-下属机构,raw:组织-下属机构,4
raw:组织-创建,raw:组织-创建,4
raw:组织-地,raw:组织-地,4
raw:组织-场所,raw:组织-场所,4
raw:组织-开展,raw:组织-开展,4
raw:组织-物,raw:组织-物,4
raw:组织-策略,raw:组织-策略,4
raw:组织与参与,raw:组织与参与,4
raw:组织与成员,raw:组织与成员,4
raw:组织保障,raw:组织保障,4
raw:组织发起,raw:组织发起,4
raw:组织地点,stationed_at,4
raw:组织场所,raw:组织场所,4
raw:组织学习,raw:组织学习,4
raw:组织安排,raw:组织安排,4
raw:组织平台,raw:组织平台,4
raw:组织指挥,raw:组织指挥,4
raw:组织活动区域,raw:组织活动区域,4
raw:组织管辖,raw:组织管辖,4
raw:组织群众行动,raw:组织群众行动,4
raw:组织者-组织,organized,4
raw:组织部署,raw:组织部署,4
raw:经过地,occurred_at,4
raw:绘制,created,4
raw:绘制,raw:绘制,4
raw:给予,raw:给予,4
raw:统治,governed,4
raw:统治于,governed,4
raw:统辖,raw:统辖,4
raw:编撰,raw:编撰,4
raw:缝制,raw:缝制,4
raw:群众关系,raw:群众关系,4
raw:群众支援,raw:群众支援,4
raw:群体-事件,raw:群体-事件,4
raw:翻译,raw:翻译,4
raw:职务任命,appointed,4
raw:职务任职,raw:职务任职,4
raw:职务兼任,raw:职务兼任,4
raw:职务更替,raw:职务更替,4
raw:职责,held_position_in,4
raw:职责,responsible_for,4
raw:联合组织,raw:联合组织,4
raw:联络/掩护,raw:联络/掩护,4
raw:联络协助,collaborated_with,4
raw:联络网络,raw:联络网络,4
raw:联络者,raw:联络者,4
raw:聚焦,raw:聚焦,4
raw:背叛关系,raw:背叛关系,4
raw:舆论支持,raw:舆论支持,4
raw:营救者,rescued,4
raw:著作,raw:著作,4
raw:著述,raw:著述,4
raw:行军途经,raw:行军途经,4
raw:行动-地点,stationed_at,4
raw:行动主体,raw:行动主体,4
raw:行动转移,raw:行动转移,4
raw:行政管辖,governed,4
raw:表扬,raw:表扬,4
raw:表示,raw:表示,4
raw:表达,raw:表达,4
raw:被击毙于,raw:被击毙于,4
raw:被害地点,died_at,4
raw:被押解至,raw:被押解至,4
raw:被指控,raw:被指控,4
raw:被捕地,raw:被捕地,4
raw:被捕对象,raw:被捕对象,4
raw:被捕牺牲,raw:被捕牺牲,4
raw:被收编,raw:被收编,4
raw:被杀者,raw:被杀者,4
raw:被诬陷,raw:被诬陷,4
raw:规避,raw:规避,4
raw:视察活动,raw:视察活动,4
raw:解放对象,raw:解放对象,4
raw:警告,raw:警告,4
raw:记载对象,raw:记载对象,4
raw:设立地,raw:设立地,4
raw:访问地点,raw:访问地点,4
raw:诉求,raw:诉求,4
raw:诬告,raw:诬告,4
raw:诱捕,raw:诱捕,4
raw:诱骗,raw:诱骗,4
raw:调令,raw:调令,4
raw:调往,raw:调往,4
raw:调查关系,raw:调查关系,4
raw:调集,raw:调集,4
raw:负责工作,responsible_for,4
raw:负责接管,governed,4
raw:负责筹备,organized,4
raw:贯彻方针,raw:贯彻方针,4
raw:走访,raw:走访,4
raw:起义于,raw:起义于,4
raw:起义关联,raw:起义关联,4
raw:路线连接,raw:路线连接,4
raw:躲避,raw:躲避,4
raw:转发,raw:转发,4
raw:转移地,raw:转移地,4
raw:转运,raw:转运,4
raw:转送,raw:转送,4
raw:输送对象,raw:输送对象,4
raw:辖区,raw:辖区,4
raw:迁入,raw:迁入,4
raw:迁址地,raw:迁址地,4
raw:迁驻,raw:迁驻,4
raw:迎击,raw:迎击,4
raw:运营,raw:运营,4
raw:运营者,raw:运营者,4
raw:进军至,raw:进军至,4
raw:进剿/击退,raw:进剿/击退,4
raw:进占,raw:进占,4
raw:进发,traveled_to,4
raw:进攻方向,raw:进攻方向,4
raw:进行,carried_out,4
raw:进驻/出击,raw:进驻/出击,4
raw:进驻埋伏,raw:进驻埋伏,4
raw:追捕行动,raw:追捕行动,4
raw:退出,raw:退出,4
raw:选举产生,raw:选举产生,4
raw:途径,raw:途径,4
raw:通牒,raw:通牒,4
raw:造成,raw:造成,4
raw:遇害地,raw:遇害地,4
raw:遭遇地点,raw:遭遇地点,4
raw:避开,raw:避开,4
raw:避难地点,raw:避难地点,4
raw:部队-执行事件,carried_out,4
raw:部队-活动地,stationed_at,4
raw:部队-途经地,raw:部队-途经地,4
raw:配合单位,raw:配合单位,4
raw:配套,raw:配套,4
raw:防区,raw:防区,4
raw:防御作战,fought_at,4
raw:防御工事,raw:防御工事,4
raw:防御手段,raw:防御手段,4
raw:阻截,raw:阻截,4
raw:阻碍,opposed,4
raw:随军,raw:随军,4
raw:集中主力于,raw:集中主力于,4
raw:集会,raw:集会,4
raw:雇佣,raw:雇佣,4
raw:需求,raw:需求,4
raw:需要重判,raw:关系待定,4
raw:革命关联,raw:革命关联,4
raw:革命实践,raw:革命实践,4
raw:革命根据地,raw:革命根据地,4
raw:革命活动区域,raw:革命活动区域,4
raw:顾问,raw:顾问,4
raw:颁布,formulated,4
raw:领导-下属,reported_to,4
raw:领导/执行,raw:领导/执行,4
raw:领导与参与,raw:领导与参与,4
raw:领导与叛徒,raw:领导与叛徒,4
raw:领导实施,led,4
raw:领导机构,governed,4
raw:领导联系,raw:领导联系,4
raw:题词纪念,raw:题词纪念,4
raw:驳斥,raw:驳斥,4
raw:驻守地点,stationed_at,4
adapted_from,raw:adapted_from,3
created_at,created_at,3
raw:下令/指挥,commanded,3
raw:下发,raw:下发,3
raw:下属关系,raw:下属关系,3
raw:下属单位,raw:下属单位,3
raw:业务中心,raw:业务中心,3
raw:主办者,raw:主办者,3
raw:主导/参与,raw:主导/参与,3
raw:主导决策,led,3
raw:主持/领导,led,3
raw:主持于,raw:主持于,3
raw:主持成立,created,3
raw:举办场所,raw:举办场所,3
raw:书写标语,raw:书写标语,3
raw:争取对象,recruited,3
raw:争取起义,raw:争取起义,3
raw:争夺于,raw:争夺于,3
raw:争议,raw:争议,3
raw:事-地,located_in,3
raw:事件-关联,raw:事件-关联,3
raw:事件-区域,occurred_at,3
raw:事件-原因,raw:事件-原因,3
raw:事件-发生地,occurred_at,3
raw:事件-成果,raw:事件-成果,3
raw:事件-指挥者,commanded,3
raw:事件与事件关系,raw:事件与事件关系,3
raw:事件关联区域,raw:事件关联区域,3
raw:事件参与,participated_in,3
raw:事件参与,raw:事件参与,3
raw:事迹关联,raw:事迹关联,3
raw:交待,raw:交待,3
raw:产地,raw:产地,3
raw:亲历者,raw:亲历者,3
raw:亲属关联,raw:亲属关联,3
raw:人-组织,raw:人-组织,3
raw:人/人,raw:人/人,3
raw:人事任命,appointed,3
raw:人员关联,raw:人员关联,3
raw:人员归属,raw:人员归属,3
raw:人员流动,raw:人员流动,3
raw:人才培养,raw:人才培养,3
raw:人物-主持,organized,3
raw:人物-体现,raw:人物-体现,3
raw:人物-出席,participated_in,3
raw:人物-参与事件,raw:人物-参与事件,3
raw:人物-地点关联,raw:人物-地点关联,3
raw:人物-实施,carried_out,3
raw:人物-指挥,raw:人物-指挥,3
raw:人物-推行,raw:人物-推行,3
raw:人物-文物,raw:人物-文物,3
raw:人物-活动区域,active_at,3
raw:人物-活动地,raw:人物-活动地,3
raw:人物-流落地,raw:人物-流落地,3
raw:人物-精神,raw:人物-精神,3
raw:人物-职位,raw:人物-职位,3
raw:人物-职务,raw:人物-职务,3
raw:人物-行动,carried_out,3
raw:人物与地区关联,raw:人物与地区关联,3
raw:人物参与事件,participated_in,3
raw:人物所属,raw:人物所属,3
raw:人物活动关联,raw:人物活动关联,3
raw:人物活动区域,active_at,3
raw:人物活动地,active_at,3
raw:人物职务,raw:人物职务,3
raw:介绍入团,introduced,3
raw:介绍入社,raw:介绍入社,3
raw:介绍关系,raw:介绍关系,3
raw:介绍加入,raw:介绍加入,3
raw:付钱,raw:付钱,3
raw:代理书记,held_position_in,3
raw:代购,raw:代购,3
raw:以,raw:以,3
raw:任务-主体,raw:任务-主体,3
raw:任务委托,appointed,3
raw:任务执行地,raw:任务执行地,3
raw:任务部署,dispatched,3
raw:会剿,raw:会剿,3
raw:会合于,raw:会合于,3
raw:会晤,raw:会晤,3
raw:会议主持,raw:会议主持,3
raw:会谈,raw:会谈,3
raw:传授,raw:传授,3
raw:传播区域,raw:传播区域,3
raw:传播地点,raw:传播地点,3
raw:传播地点-内容,raw:传播地点-内容,3
raw:传播物,raw:传播物,3
raw:传达精神,raw:传达精神,3
raw:传递对象,raw:传递对象,3
raw:传递文件,raw:传递文件,3
raw:伪装渗透,raw:伪装渗透,3
raw:伴侣,spouse_of,3
raw:位置关系,raw:位置关系,3
raw:住所,raw:住所,3
raw:作战关系,raw:作战关系,3
raw:作战双方,raw:作战双方,3
raw:作战指挥,raw:作战指挥,3
raw:作战活动,fought_at,3
raw:作战部署,raw:作战部署,3
raw:作者-作品,raw:作者-作品,3
raw:使用武器,raw:使用武器,3
raw:依托区域,stationed_at,3
raw:依托单位,raw:依托单位,3
raw:依托机构,raw:依托机构,3
raw:依靠力量,raw:依靠力量,3
raw:侦察于,raw:侦察于,3
raw:侦察区域,raw:侦察区域,3
raw:侦查对象,raw:侦查对象,3
raw:侦破,raw:侦破,3
raw:侧重,raw:侧重,3
raw:侵犯,raw:侵犯,3
raw:保存,preserved_at,3
raw:保存地,raw:保存地,3
raw:保护者,protected,3
raw:信息关联,raw:信息关联,3
raw:修改,raw:修改,3
raw:倡导,advocated,3
raw:偷运,raw:偷运,3
raw:催生,raw:催生,3
raw:先于,raw:先于,3
raw:克服,raw:克服,3
raw:党员,member_of,3
raw:党小组成员,raw:党小组成员,3
raw:入据/过境,raw:入据/过境,3
raw:入黔,traveled_to,3
raw:公审处决,raw:公审处决,3
raw:共同参与,raw:共同参与,3
raw:共同工作,colleague_of,3
raw:共同战斗,collaborated_with,3
raw:关押/斗争,raw:关押/斗争,3
raw:关押于,raw:关押于,3
raw:关联-事件,raw:关联-事件,3
raw:关联事件-对象,raw:关联事件-对象,3
raw:关联事件-根据地,raw:关联事件-根据地,3
raw:关联事件与人物籍贯,raw:关联事件与人物籍贯,3
raw:关联事件与区域,raw:关联事件与区域,3
raw:关联事件与反动势力,raw:关联事件与反动势力,3
raw:关联事件与纪念设施,raw:关联事件与纪念设施,3
raw:关联事件与遗址,raw:关联事件与遗址,3
raw:关联事件区域,raw:关联事件区域,3
raw:关联人物与地点,raw:关联人物与地点,3
raw:关联地-事件,raw:关联地-事件,3
raw:关联地人物,raw:关联地人物,3
raw:关联地点-机构,raw:关联地点-机构,3
raw:关联战役,raw:关联战役,3
raw:关联设施,raw:关联设施,3
raw:具备,raw:具备,3
raw:典范,raw:典范,3
raw:兼任书记,raw:兼任书记,3
raw:内容载体,raw:内容载体,3
raw:写下,raw:写下,3
raw:军事,raw:军事,3
raw:军事力量,raw:军事力量,3
raw:军事协作,collaborated_with,3
raw:军事协同,collaborated_with,3
raw:军事威胁,raw:军事威胁,3
raw:军事据点,raw:军事据点,3
raw:军事推进,raw:军事推进,3
raw:军事汇报,reported_to,3
raw:军事活动,raw:军事活动,3
raw:军事活动区域,stationed_at,3
raw:军事行动发生地,fought_at,3
raw:军事行动发生地,occurred_at,3
raw:军事进攻,fought_at,3
raw:军事配合,raw:军事配合,3
raw:军事防御,raw:军事防御,3
raw:军事领导,raw:军事领导,3
raw:军民互动,raw:军民互动,3
raw:军民关系,raw:军民关系,3
raw:冲出,raw:冲出,3
raw:冲突地点,raw:冲突地点,3
raw:决定攻打,raw:决定攻打,3
raw:决定组织,raw:决定组织,3
raw:决策-区域,raw:决策-区域,3
raw:决策于,led,3
raw:决策于,occurred_at,3
raw:决策参与,participated_in,3
raw:决策参与,raw:决策参与,3
raw:决策地,raw:决策地,3
raw:决策对象,raw:决策对象,3
raw:决策指导,guided,3
raw:决策来源,raw:决策来源,3
raw:决策目标,raw:决策目标,3
raw:出卖关系,raw:出卖关系,3
raw:出卖对象,raw:出卖对象,3
raw:出发地关联,raw:出发地关联,3
raw:出土地,raw:出土地,3
raw:击伤,raw:击伤,3
raw:分化瓦解,raw:分化瓦解,3
raw:分发,raw:分发,3
raw:分析形势,raw:分析形势,3
raw:分歧,raw:分歧,3
raw:分管,responsible_for,3
raw:分管区域,raw:分管区域,3
raw:分设关系,raw:分设关系,3
raw:划归,raw:划归,3
raw:创作参与,raw:创作参与,3
raw:创作成果,raw:创作成果,3
raw:创作者-作品,raw:创作者-作品,3
raw:创办于,raw:创办于,3
raw:创办者-机构,created,3
raw:创建者,organized,3
raw:创建者-事件,raw:创建者-事件,3
raw:创立,created,3
raw:创造,raw:创造,3
raw:到访,raw:到访,3
raw:制定方针,raw:制定方针,3
raw:制止,raw:制止,3
raw:制造者,carried_out,3
raw:前导,raw:前导,3
raw:前往学习,studied_at,3
raw:前身,raw:前身,3
raw:前进,raw:前进,3
raw:副书记,held_position_in,3
raw:副书记,raw:副书记,3
raw:副指挥,raw:副指挥,3
raw:剿匪对象,raw:剿匪对象,3
raw:剿匪战斗,raw:剿匪战斗,3
raw:剿匪斗争,raw:剿匪斗争,3
raw:加剧,raw:加剧,3
raw:动员对象,recruited,3
raw:劫持,raw:劫持,3
raw:包含事件,raw:包含事件,3
raw:包围杀害,raw:包围杀害,3
raw:化名关系,raw:化名关系,3
raw:化装,raw:化装,3
raw:化装为,raw:化装为,3
raw:北上,raw:北上,3
raw:区域联动,raw:区域联动,3
raw:协助保护,raw:协助保护,3
raw:协助行动,raw:协助行动,3
raw:协助通行,raw:协助通行,3
raw:协同作战,collaborated_with,3
raw:协同执行,raw:协同执行,3
raw:占领地点,raw:占领地点,3
raw:历史事件关联,raw:历史事件关联,3
raw:历史见证,raw:历史见证,3
raw:历史阶段,raw:历史阶段,3
raw:压迫关系,raw:压迫关系,3
raw:压迫者,raw:压迫者,3
raw:原书记,raw:原书记,3
raw:参与-领导,raw:参与-领导,3
raw:参与/执行,participated_in,3
raw:参与制定,raw:参与制定,3
raw:参与剿匪,raw:参与剿匪,3
raw:参与处理,raw:参与处理,3
raw:参与工作,raw:参与工作,3
raw:参与恢复组织,raw:参与恢复组织,3
raw:参与战役,participated_in,3
raw:参与执行,raw:参与执行,3
raw:参与接管,raw:参与接管,3
raw:参与策划,participated_in,3
raw:参与筹建,raw:参与筹建,3
raw:参与营救,raw:参与营救,3
raw:参与逮捕,raw:参与逮捕,3
raw:参军地点,raw:参军地点,3
raw:参战,raw:参战,3
raw:参谋长,held_position_in,3
raw:反特斗争,raw:反特斗争,3
raw:反馈,raw:反馈,3
raw:发动斗争,raw:发动斗争,3
raw:发动组建,raw:发动组建,3
raw:发展于,raw:发展于,3
raw:发展方向,raw:发展方向,3
raw:发布者-文件,raw:发布者-文件,3
raw:发挥,raw:发挥,3
raw:发生单位,raw:发生单位,3
raw:发生地-地点,occurred_at,3
raw:发生时间,occurred_during,3
raw:发表平台,raw:发表平台,3
raw:发表文章,raw:发表文章,3
raw:发表载体,raw:发表载体,3
raw:发起反对,raw:发起反对,3
raw:受击区域,raw:受击区域,3
raw:受启发,raw:受启发,3
raw:受命于,reported_to,3
raw:受害与牺牲,raw:受害与牺牲,3
raw:受指导,guided,3
raw:受接见,raw:受接见,3
raw:叛变关系,raw:叛变关系,3
raw:叛徒关联,raw:叛徒关联,3
raw:叛徒出卖,raw:叛徒出卖,3
raw:召开,occurred_at,3
raw:召开地,raw:召开地,3
raw:合作关系,raw:合作关系,3
raw:合作对象,raw:合作对象,3
raw:同谋者,raw:同谋者,3
raw:名义,raw:名义,3
raw:后勤,raw:后勤,3
raw:否定,raw:否定,3
raw:启发,raw:启发,3
raw:吸纳,raw:吸纳,3
raw:吸纳,recruited,3
raw:呈报,reported_to,3
raw:告密者,raw:告密者,3
raw:告知,raw:告知,3
raw:命名,created,3
raw:命名来源,raw:命名来源,3
raw:商讨,raw:商讨,3
raw:回,raw:回,3
raw:回师,raw:回师,3
raw:回电,raw:回电,3
raw:因果-事件,raw:因果-事件,3
raw:因果关联,raw:因果关联,3
raw:团结对象,raw:团结对象,3
raw:围剿地点,raw:围剿地点,3
raw:围堵,raw:围堵,3
raw:围堵于,raw:围堵于,3
raw:围绕,raw:围绕,3
raw:在,raw:在,3
raw:地-事,stationed_at,3
raw:地区-执行,raw:地区-执行,3
raw:地域-地点,raw:地域-地点,3
raw:地域-组织,located_in,3
raw:地属关系,located_in,3
raw:地点-工作,raw:地点-工作,3
raw:地点-文物,raw:地点-文物,3
raw:地点-时间,raw:地点-时间,3
raw:地点-机构,located_in,3
raw:地点-目标,raw:地点-目标,3
raw:地点-设施,raw:地点-设施,3
raw:地理-关联,raw:地理-关联,3
raw:地理坐标,raw:地理坐标,3
raw:地理屏障,raw:地理屏障,3
raw:地理迁移,raw:地理迁移,3
raw:地缘关联,raw:地缘关联,3
raw:场所-活动,raw:场所-活动,3
raw:场所-组织,raw:场所-组织,3
raw:坚信,raw:坚信,3
raw:坚持与守护,raw:坚持与守护,3
raw:埋伏于,raw:埋伏于,3
raw:培养发展对象,raw:培养发展对象,3
raw:培养地-人物,raw:培养地-人物,3
raw:基地,raw:基地,3
raw:堵截,raw:堵截,3
raw:壮烈牺牲于,raw:壮烈牺牲于,3
raw:声讨,criticized,3
raw:复电,raw:复电,3
raw:夺取任务,raw:夺取任务,3
raw:奉献,raw:奉献,3
raw:奉献于,raw:奉献于,3
raw:奔走,raw:奔走,3
raw:奠基,organized,3
raw:委员,raw:委员,3
raw:委托,appointed,3
raw:婚姻,spouse_of,3
raw:存放地,raw:存放地,3
raw:学习/活动地点,raw:学习/活动地点,3
raw:安插,raw:安插,3
raw:定性,raw:定性,3
raw:实施主体,implemented,3
raw:实施关系,raw:实施关系,3
raw:实施手段,raw:实施手段,3
raw:实施机构,carried_out,3
raw:实施破坏,carried_out,3
raw:实践关联,raw:实践关联,3
raw:实践地点,occurred_at,3
raw:实践场所,raw:实践场所,3
raw:实践者,raw:实践者,3
raw:审理,raw:审理,3
raw:审讯者,raw:审讯者,3
raw:客观影响,influenced,3
raw:宣传/教育,raw:宣传/教育,3
raw:宣传关联,raw:宣传关联,3
raw:宣传动员,raw:宣传动员,3
raw:宣传委员,raw:宣传委员,3
raw:宣传影响,raw:宣传影响,3
raw:宣传材料,raw:宣传材料,3
raw:宣判,raw:宣判,3
raw:宿营/行军于,raw:宿营/行军于,3
raw:宿营地,raw:宿营地,3
raw:密报,reported_to,3
raw:密谋,raw:密谋,3
raw:对峙,opposed,3
raw:对应,raw:对应,3
raw:对抗-地点,fought_at,3
raw:对抗斗争,raw:对抗斗争,3
raw:对抗目标,raw:对抗目标,3
raw:对抗行动,opposed,3
raw:对立关系,opposed,3
raw:导演,raw:导演,3
raw:导致破坏,raw:导致破坏,3
raw:工作人员,raw:工作人员,3
raw:工作分配,raw:工作分配,3
raw:工作掩护,raw:工作掩护,3
raw:工作汇报,reported_to,3
raw:工作联络,raw:工作联络,3
raw:工作配合,collaborated_with,3
raw:工具-事件,used_in_event,3
raw:师徒关系,trained,3
raw:带回,raw:带回,3
raw:带头,raw:带头,3
raw:带来,raw:带来,3
raw:带来枪支,raw:带来枪支,3
raw:带路/参军,raw:带路/参军,3
raw:帮扶,raw:帮扶,3
raw:干预,raw:干预,3
raw:平台/阵地,raw:平台/阵地,3
raw:并肩作战,collaborated_with,3
raw:幸存/牺牲于,raw:幸存/牺牲于,3
raw:建制调整,raw:建制调整,3
raw:建立-组织,raw:建立-组织,3
raw:建立/领导,raw:建立/领导,3
raw:建造,raw:建造,3
raw:开展宣传,raw:开展宣传,3
raw:开展工作,active_at,3
raw:开展工作地点,worked_at,3
raw:开展活动于,active_at,3
raw:开辟根据地,raw:开辟根据地,3
raw:开进,raw:开进,3
raw:引导者-被引导者,guided,3
raw:强化期,formed_during,3
raw:强化清乡,raw:强化清乡,3
raw:强占,raw:强占,3
raw:强渡,raw:强渡,3
raw:归属地,raw:归属地,3
raw:归案,raw:归案,3
raw:归还,raw:归还,3
raw:当选/领导,led,3
raw:录音记录材料,raw:录音记录材料,3
raw:影响关联,raw:影响关联,3
raw:影响范围-传播地,raw:影响范围-传播地,3
raw:征调,raw:征调,3
raw:怀疑,raw:怀疑,3
raw:思想交流,raw:思想交流,3
raw:思想指导,guided,3
raw:思想教育,raw:思想教育,3
raw:思想转变,raw:思想转变,3
raw:悼念对象,raw:悼念对象,3
raw:情感,raw:情感,3
raw:情报,raw:情报,3
raw:情报工作,raw:情报工作,3
raw:惩办,raw:惩办,3
raw:感动,raw:感动,3
raw:感受,raw:感受,3
raw:感恩,raw:感恩,3
raw:成果体现,raw:成果体现,3
raw:战役参与,raw:战役参与,3
raw:战役影响,raw:战役影响,3
raw:战斗/转移,raw:战斗/转移,3
raw:战斗冲突,raw:战斗冲突,3
raw:战斗对手,raw:战斗对手,3
raw:战斗行动,raw:战斗行动,3
raw:战术对比,raw:战术对比,3
raw:战术目标,raw:战术目标,3
raw:战术行动,raw:战术行动,3
raw:战略依托,raw:战略依托,3
raw:战略分析,raw:战略分析,3
raw:战略屏障,raw:战略屏障,3
raw:战略指挥,raw:战略指挥,3
raw:战略方针,raw:战略方针,3
raw:战略连接,raw:战略连接,3
raw:截断,raw:截断,3
raw:打击,opposed,3
raw:打压,raw:打压,3
raw:打富济贫,raw:打富济贫,3
raw:扣押,raw:扣押,3
raw:执行主体-事件,carried_out,3
raw:执行任务于,stationed_at,3
raw:执行机构,raw:执行机构,3
raw:执行机构-事件,raw:执行机构-事件,3
raw:执行者-任务,carried_out,3
raw:执行者-行动,raw:执行者-行动,3
raw:扩展,raw:扩展,3
raw:批准建立,raw:批准建立,3
raw:扼堵/截剿,raw:扼堵/截剿,3
raw:抄家,raw:抄家,3
raw:投弹,raw:投弹,3
raw:投稿,raw:投稿,3
raw:投诚对象,raw:投诚对象,3
raw:抗争,opposed,3
raw:抗议对象,opposed,3
raw:抚养,raw:抚养,3
raw:抢夺,raw:抢夺,3
raw:护校斗争,raw:护校斗争,3
raw:护送对象,escorted,3
raw:护送转移,raw:护送转移,3
raw:报信,raw:报信,3
raw:报名,raw:报名,3
raw:报告人,raw:报告人,3
raw:报告关系,raw:报告关系,3
raw:抨击,raw:抨击,3
raw:担任副书记,held_position_in,3
raw:担任营长,raw:担任营长,3
raw:担保,raw:担保,3
raw:拒收,raw:拒收,3
raw:拘禁地点,raw:拘禁地点,3
raw:拜访,raw:拜访,3
raw:拿出,raw:拿出,3
raw:指令来源,raw:指令来源,3
raw:指导-事件,guided,3
raw:指导-事件,raw:指导-事件,3
raw:指导区域,raw:指导区域,3
raw:指导单位,raw:指导单位,3
raw:指导对象,guided,3
raw:指导工作,guided,3
raw:指导方,raw:指导方,3
raw:指导者与被指导者,guided,3
raw:指挥-区域,raw:指挥-区域,3
raw:指挥-攻击,fought_at,3
raw:指挥-行动,raw:指挥-行动,3
raw:指挥-防御区域,raw:指挥-防御区域,3
raw:指挥/组织,organized,3
raw:指挥/经历,raw:指挥/经历,3
raw:指挥/部署,raw:指挥/部署,3
raw:指挥/配合,raw:指挥/配合,3
raw:指挥/鼓舞,raw:指挥/鼓舞,3
raw:指挥失误,raw:指挥失误,3
raw:指挥战斗,commanded,3
raw:指挥执行,raw:指挥执行,3
raw:指挥清剿,commanded,3
raw:指挥监督,commanded,3
raw:指挥者-行动,commanded,3
raw:指挥者与事件,commanded,3
raw:指挥防御,raw:指挥防御,3
raw:指派/信任,appointed,3
raw:指示下达,raw:指示下达,3
raw:指示工作,raw:指示工作,3
raw:指责,raw:指责,3
raw:捣毁,raw:捣毁,3
raw:掉队/流落,raw:掉队/流落,3
raw:排挤,raw:排挤,3
raw:排斥,opposed,3
raw:探路/标记,raw:探路/标记,3
raw:接头,raw:接头,3
raw:接头关系,raw:接头关系,3
raw:接应关系,raw:接应关系,3
raw:接应地点,raw:接应地点,3
raw:接替关系,raw:接替关系,3
raw:接管对象,governed,3
raw:接管行动,raw:接管行动,3
raw:控诉,criticized,3
raw:控诉,raw:控诉,3
raw:推动发展,raw:推动发展,3
raw:推荐关系,raw:推荐关系,3
raw:推进方向,raw:推进方向,3
raw:推进期,raw:推进期,3
raw:推进至,raw:推进至,3
raw:掩护协助,raw:掩护协助,3
raw:掩护工作,raw:掩护工作,3
raw:掩护据点,raw:掩护据点,3
raw:掩盖,raw:掩盖,3
raw:措施,raw:措施,3
raw:描述,raw:描述,3
raw:提供支持,raw:提供支持,3
raw:提供材料,raw:提供材料,3
raw:提供者,raw:提供者,3
raw:提出者,formulated,3
raw:提出者,raw:提出者,3
raw:提名,raw:提名,3
raw:提议,formulated,3
raw:提高,raw:提高,3
raw:揭露与清除,raw:揭露与清除,3
raw:搜剿,raw:搜剿,3
raw:搜获,raw:搜获,3
raw:搜集,raw:搜集,3
raw:携带枪支,raw:携带枪支,3
raw:撤出,raw:撤出,3
raw:操作者,raw:操作者,3
raw:支书,raw:支书,3
raw:支持保障,raw:支持保障,3
raw:支持对象,supported,3
raw:支持斗争,raw:支持斗争,3
raw:支持者-事件,supported,3
raw:支援于,raw:支援于,3
raw:收编对象,raw:收编对象,3
raw:收译员,raw:收译员,3
raw:改为,raw:改为,3
raw:改变,raw:改变,3
raw:改名,raw:改名,3
raw:改编来源,raw:改编来源,3
raw:攻克地点,raw:攻克地点,3
raw:攻入,raw:攻入,3
raw:政权-事件,raw:政权-事件,3
raw:政权依托地,raw:政权依托地,3
raw:政权关联,raw:政权关联,3
raw:政权建立,raw:政权建立,3
raw:政治关系,raw:政治关系,3
raw:政治委员,raw:政治委员,3
raw:政治宣传,raw:政治宣传,3
raw:政治活动,raw:政治活动,3
raw:政治领导,raw:政治领导,3
raw:政策制定,raw:政策制定,3
raw:政策制定者,raw:政策制定者,3
raw:政策实施,implemented,3
raw:政策实施区域,occurred_at,3
raw:政策实施区域,raw:政策实施区域,3
raw:政策实践,raw:政策实践,3
raw:政策感召,raw:政策感召,3
raw:政策调整,raw:政策调整,3
raw:政策贯彻,raw:政策贯彻,3
raw:救助掩护,raw:救助掩护,3
raw:救护/保护,raw:救护/保护,3
raw:救援关系,rescued,3
raw:救济对象,supported,3
raw:教学内容,raw:教学内容,3
raw:教学地点,raw:教学地点,3
raw:教学活动,raw:教学活动,3
raw:教导,trained,3
raw:教育关联,raw:教育关联,3
raw:教育引导,raw:教育引导,3
raw:教育改造,raw:教育改造,3
raw:教育者与学生,raw:教育者与学生,3
raw:教育背景,raw:教育背景,3
raw:教训,raw:教训,3
raw:整理者,raw:整理者,3
raw:整编地点,raw:整编地点,3
raw:整编对象,raw:整编对象,3
raw:斗争手段,raw:斗争手段,3
raw:施压对象,raw:施压对象,3
raw:时代传承,raw:时代传承,3
raw:时代背景,raw:时代背景,3
raw:时间-地点关联,raw:时间-地点关联,3
raw:明确,raw:明确,3
raw:是,raw:是,3
raw:智斗,raw:智斗,3
raw:暗算,raw:暗算,3
raw:暴行,raw:暴行,3
raw:暴露,raw:暴露,3
raw:服从,raw:服从,3
raw:服务关系,raw:服务关系,3
raw:机关所在地,located_in,3
raw:机构-地点,stationed_at,3
raw:机构驻地,stationed_at,3
raw:杀害关系,raw:杀害关系,3
raw:权力斗争,raw:权力斗争,3
raw:来源关联,raw:来源关联,3
raw:来源地,raw:来源地,3
raw:构筑封锁线,raw:构筑封锁线,3
raw:枪杀,raw:枪杀,3
raw:核实,raw:核实,3
raw:核心精神,raw:核心精神,3
raw:根据地建设,raw:根据地建设,3
raw:横渡,raw:横渡,3
raw:歌颂,raw:歌颂,3
raw:武器支援,raw:武器支援,3
raw:武器来源,raw:武器来源,3
raw:武装叛乱,raw:武装叛乱,3
raw:武装来源,raw:武装来源,3
raw:歼敌,raw:歼敌,3
raw:水系关联,raw:水系关联,3
raw:汇报于,raw:汇报于,3
raw:沟通,raw:沟通,3
raw:沿岸关系,raw:沿岸关系,3
raw:活动-地点,occurred_at,3
raw:活动/牺牲,raw:活动/牺牲,3
raw:活动区域-地点,raw:活动区域-地点,3
raw:活动地区,raw:活动地区,3
raw:活动组织,raw:活动组织,3
raw:活动路径,raw:活动路径,3
raw:活动载体,raw:活动载体,3
raw:派任,raw:派任,3
raw:派入,raw:派入,3
raw:派遣人员,raw:派遣人员,3
raw:派遣任务,dispatched,3
raw:派遣单位,dispatched,3
raw:派遣单位,raw:派遣单位,3
raw:派遣至,dispatched,3
raw:流传,raw:流传,3
raw:流窜于,raw:流窜于,3
raw:深入发动,raw:深入发动,3
raw:混入者,member_of,3
raw:清乡,raw:清乡,3
raw:清剿对象,raw:清剿对象,3
raw:清理,raw:清理,3
raw:渡河地,raw:渡河地,3
raw:渡河通道,raw:渡河通道,3
raw:溃窜,raw:溃窜,3
raw:溃逃,raw:溃逃,3
raw:演出内容,raw:演出内容,3
raw:演出场所,raw:演出场所,3
raw:演化,raw:演化,3
raw:演唱,raw:演唱,3
raw:激战,fought_at,3
raw:火攻,raw:火攻,3
raw:父女,raw:父女,3
raw:物-事,raw:物-事,3
raw:物品-魂,raw:物品-魂,3
raw:物品归属,raw:物品归属,3
raw:物资与成果,raw:物资与成果,3
raw:物资交换,raw:物资交换,3
raw:物资交接,raw:物资交接,3
raw:物资转移,raw:物资转移,3
raw:牵头人,raw:牵头人,3
raw:牺牲与负伤,raw:牺牲与负伤,3
raw:牺牲于战斗,raw:牺牲于战斗,3
raw:牺牲保护,raw:牺牲保护,3
raw:牺牲关系,raw:牺牲关系,3
raw:牺牲地,died_at,3
raw:献出,raw:献出,3
raw:献身,raw:献身,3
raw:率部游击,raw:率部游击,3
raw:率部进攻,raw:率部进攻,3
raw:率队,raw:率队,3
raw:率领于,commanded,3
raw:率领北上,raw:率领北上,3
raw:理论来源,raw:理论来源,3
raw:生产关系,raw:生产关系,3
raw:生活管理服务人员,raw:生活管理服务人员,3
raw:电令,dispatched,3
raw:电告,raw:电告,3
raw:留守,raw:留守,3
raw:留驻,stationed_at,3
raw:疏通关系,raw:疏通关系,3
raw:目标关联,raw:目标关联,3
raw:目标对象,raw:目标对象,3
raw:目的关系,raw:目的关系,3
raw:直接掌握,raw:直接掌握,3
raw:相关地,raw:相关地,3
raw:相关文献,raw:相关文献,3
raw:看守,raw:看守,3
raw:督促,raw:督促,3
raw:瞻仰,raw:瞻仰,3
raw:矛盾,opposed,3
raw:矛盾关系,raw:矛盾关系,3
raw:研判,raw:研判,3
raw:破坏于,raw:破坏于,3
raw:破坏活动,raw:破坏活动,3
raw:秉持,raw:秉持,3
raw:秘密机关,raw:秘密机关,3
raw:称号,raw:称号,3
raw:穿插,raw:穿插,3
raw:穿越,raw:穿越,3
raw:突围于,raw:突围于,3
raw:窜犯/转移,raw:窜犯/转移,3
raw:窜至,raw:窜至,3
raw:答复,raw:答复,3
raw:策划杀害,raw:策划杀害,3
raw:策划者-事件,organized,3
raw:策动,organized,3
raw:策动叛变,raw:策动叛变,3
raw:策反地点,raw:策反地点,3
raw:策反执行者,raw:策反执行者,3
raw:策反联络,raw:策反联络,3
raw:策源地,raw:策源地,3
raw:策略关联,raw:策略关联,3
raw:筹办,raw:筹办,3
raw:筹措,raw:筹措,3
raw:签署方,raw:签署方,3
raw:管控,governed,3
raw:管辖地,governed,3
raw:籍贯-人物,born_at,3
raw:精神引领,raw:精神引领,3
raw:纠集,raw:纠集,3
raw:纪律,raw:纪律,3
raw:纪律处分,raw:纪律处分,3
raw:纪念场所关联,raw:纪念场所关联,3
raw:纪念活动关联,raw:纪念活动关联,3
raw:纪念物,commemorates,3
raw:纪念物关联,raw:纪念物关联,3
raw:纪念者,raw:纪念者,3
raw:纪念载体,commemorates,3
raw:组建者,created,3
raw:组成单位,raw:组成单位,3
raw:组成成员,raw:组成成员,3
raw:组织-任务,raw:组织-任务,3
raw:组织-参与,raw:组织-参与,3
raw:组织-参与者,raw:组织-参与者,3
raw:组织-地,active_at,3
raw:组织-地域,raw:组织-地域,3
raw:组织-实体,raw:组织-实体,3
raw:组织-对象,raw:组织-对象,3
raw:组织-建立,raw:组织-建立,3
raw:组织-开展,organized,3
raw:组织-成立地点,raw:组织-成立地点,3
raw:组织-目标,raw:组织-目标,3
raw:组织-组建,raw:组织-组建,3
raw:组织-负责人,held_position_in,3
raw:组织-隶属,raw:组织-隶属,3
raw:组织/宣传,raw:组织/宣传,3
raw:组织与地点关系,raw:组织与地点关系,3
raw:组织与宣传,raw:组织与宣传,3
raw:组织与活动区域,raw:组织与活动区域,3
raw:组织于,raw:组织于,3
raw:组织依托地,stationed_at,3
raw:组织关系交由,raw:组织关系交由,3
raw:组织关系转移,raw:组织关系转移,3
raw:组织决策,raw:组织决策,3
raw:组织创建,created,3
raw:组织创建者,raw:组织创建者,3
raw:组织单位-人物,member_of,3
raw:组织发起方,organized,3
raw:组织发起方,raw:组织发起方,3
raw:组织实施,raw:组织实施,3
raw:组织成员关系,raw:组织成员关系,3
raw:组织接头,met_with,3
raw:组织支持,raw:组织支持,3
raw:组织支持,supported,3
raw:组织构成,organized,3
raw:组织活动区域,occurred_at,3
raw:组织编纂,raw:组织编纂,3
raw:组织者与参与者,raw:组织者与参与者,3
raw:组织者与组织,raw:组织者与组织,3
raw:组织行动,organized,3
raw:组织覆盖,raw:组织覆盖,3
raw:组织覆盖范围,raw:组织覆盖范围,3
raw:组织负责人,raw:组织负责人,3
raw:组织驻地,raw:组织驻地,3
raw:经历/开展,participated_in,3
raw:经济封锁,raw:经济封锁,3
raw:经营主体,raw:经营主体,3
raw:经验交流,raw:经验交流,3
raw:经验总结,raw:经验总结,3
raw:结拜,raw:结拜,3
raw:结果地,occurred_at,3
raw:结盟,collaborated_with,3
raw:结论,raw:结论,3
raw:给,raw:给,3
raw:统战合作,raw:统战合作,3
raw:统战工作对象,raw:统战工作对象,3
raw:统筹,raw:统筹,3
raw:统领,raw:统领,3
raw:编写者,raw:编写者,3
raw:编制,formulated,3
raw:编印者,raw:编印者,3
raw:编撰,created,3
raw:编纂地,raw:编纂地,3
raw:编者,raw:编者,3
raw:编辑/倡导,raw:编辑/倡导,3
raw:编辑设计,raw:编辑设计,3
raw:缴枪,raw:缴枪,3
raw:缴械行动,raw:缴械行动,3
raw:缴获对象,raw:缴获对象,3
raw:缺乏,raw:缺乏,3
raw:群众动员,raw:群众动员,3
raw:考察地点,raw:考察地点,3
raw:考验,raw:考验,3
raw:职务交接,raw:职务交接,3
raw:职务所在地,stationed_at,3
raw:职务调整,raw:职务调整,3
raw:职务配合,raw:职务配合,3
raw:联合进攻,raw:联合进攻,3
raw:联系人物,raw:联系人物,3
raw:联系单位,raw:联系单位,3
raw:联系和指导,guided,3
raw:联系机构,raw:联系机构,3
raw:联络/合作,collaborated_with,3
raw:联络人员,raw:联络人员,3
raw:联络协作,collaborated_with,3
raw:联络指挥中心,raw:联络指挥中心,3
raw:联络据点,raw:联络据点,3
raw:联络支持,raw:联络支持,3
raw:联络机构,raw:联络机构,3
raw:联络渠道,raw:联络渠道,3
raw:联络站,stationed_at,3
raw:联络负责人,raw:联络负责人,3
raw:联络配合,raw:联络配合,3
raw:联防防堵,raw:联防防堵,3
raw:聘请,raw:聘请,3
raw:聘请关系,raw:聘请关系,3
raw:聚集地,raw:聚集地,3
raw:致开幕词,raw:致开幕词,3
raw:英雄事迹,raw:英雄事迹,3
raw:荣誉表彰,raw:荣誉表彰,3
raw:获取于,raw:获取于,3
raw:获取情报,raw:获取情报,3
raw:获悉,raw:获悉,3
raw:获评,raw:获评,3
raw:行军于,traveled_to,3
raw:行军路径,raw:行军路径,3
raw:行动-目标,raw:行动-目标,3
raw:行动内容,raw:行动内容,3
raw:行动指向,occurred_at,3
raw:行动者,raw:行动者,3
raw:行政区域,raw:行政区域,3
raw:行政接管,raw:行政接管,3
raw:行政隶属关系,raw:行政隶属关系,3
raw:行经,raw:行经,3
raw:行进方向,traveled_to,3
raw:表现形式,raw:表现形式,3
raw:被争取,raw:被争取,3
raw:被俘于,captured,3
raw:被俘于,raw:被俘于,3
raw:被出卖者,raw:被出卖者,3
raw:被击溃,raw:被击溃,3
raw:被围剿,raw:被围剿,3
raw:被威胁,raw:被威胁,3
raw:被害关系,raw:被害关系,3
raw:被扣押,raw:被扣押,3
raw:被捕事件,arrested_at,3
raw:被捕事件,raw:被捕事件,3
raw:被捕关押地,imprisoned_at,3
raw:被捕就义,raw:被捕就义,3
raw:被控制,raw:被控制,3
raw:被擒获,raw:被擒获,3
raw:被攻击,raw:被攻击,3
raw:被歼灭于,raw:被歼灭于,3
raw:被追捕,raw:被追捕,3
raw:被通缉,raw:被通缉,3
raw:被逮捕,raw:被逮捕,3
raw:袭击对象,raw:袭击对象,3
raw:袭扰,raw:袭扰,3
raw:西征,raw:西征,3
raw:西进,traveled_to,3
raw:要求承认,raw:要求承认,3
raw:见证者-地点,raw:见证者-地点,3
raw:规划于,raw:规划于,3
raw:视察指导,visited,3
raw:解放于,raw:解放于,3
raw:解放组织,liberated,3
raw:解放行动,raw:解放行动,3
raw:解救,rescued,3
raw:解散,raw:解散,3
raw:解除武装,raw:解除武装,3
raw:誓师,raw:誓师,3
raw:计划,formulated,3
raw:计划前往,raw:计划前往,3
raw:计划建立,raw:计划建立,3
raw:训练地点,raw:训练地点,3
raw:记载内容,raw:记载内容,3
raw:讲演,raw:讲演,3
raw:讲话于,raw:讲话于,3
raw:讲述者-事件,raw:讲述者-事件,3
raw:设伏地点,fought_at,3
raw:设立关系,raw:设立关系,3
raw:访问,visited,3
raw:访问地点,visited,3
raw:访问请教,raw:访问请教,3
raw:评价对象,raw:评价对象,3
raw:调兵,raw:调兵,3
raw:调整,implemented,3
raw:调查了解,raw:调查了解,3
raw:调解者,raw:调解者,3
raw:调遣,dispatched,3
raw:谈判双方,met_with,3
raw:谈判地点,raw:谈判地点,3
raw:负责地区,raw:负责地区,3
raw:负责地点,stationed_at,3
raw:负责对象,raw:负责对象,3
raw:负责清剿,raw:负责清剿,3
raw:购书,raw:购书,3
raw:购置,raw:购置,3
raw:资助,supported,3
raw:资金流向,raw:资金流向,3
raw:赞誉,raw:赞誉,3
raw:赠物,raw:赠物,3
raw:起义谈判,raw:起义谈判,3
raw:起源地,raw:起源地,3
raw:跟踪,raw:跟踪,3
raw:跟踪追捕,raw:跟踪追捕,3
raw:路径经过,raw:路径经过,3
raw:践行,implemented,3
raw:身份关联,raw:身份关联,3
raw:身份转变,raw:身份转变,3
raw:转交,raw:转交,3
raw:转交经费,raw:转交经费,3
raw:转变,raw:转变,3
raw:转向,raw:转向,3
raw:转战路线,traveled_to,3
raw:转折,raw:转折,3
raw:转移保护,raw:转移保护,3
raw:转移关押,raw:转移关押,3
raw:转移至,member_of,3
raw:载体关联,raw:载体关联,3
raw:辐射,raw:辐射,3
raw:输送方向,raw:输送方向,3
raw:输送路线,raw:输送路线,3
raw:辖,raw:辖,3
raw:辖区范围,raw:辖区范围,3
raw:辗转,traveled_to,3
raw:迁往,raw:迁往,3
raw:迁至,raw:迁至,3
raw:迁驻,stationed_at,3
raw:过境/作战,raw:过境/作战,3
raw:过渡,raw:过渡,3
raw:迎击,opposed,3
raw:运输目的地,raw:运输目的地,3
raw:进入于,traveled_to,3
raw:进发,raw:进发,3
raw:进至,traveled_to,3
raw:进行,participated_in,3
raw:进驻地点,raw:进驻地点,3
raw:迫使,raw:迫使,3
raw:迫害关系,raw:迫害关系,3
raw:迫害者-受害者,raw:迫害者-受害者,3
raw:追击/阻击,raw:追击/阻击,3
raw:追击行动,raw:追击行动,3
raw:追忆,raw:追忆,3
raw:送,raw:送,3
raw:送子,raw:送子,3
raw:送情报,raw:送情报,3
raw:送达,raw:送达,3
raw:逃亡,raw:逃亡,3
raw:逃亡路径,raw:逃亡路径,3
raw:选址,raw:选址,3
raw:选定为,raw:选定为,3
raw:选拔,raw:选拔,3
raw:选派,raw:选派,3
raw:递交,raw:递交,3
raw:递进,raw:递进,3
raw:途经/会师,raw:途经/会师,3
raw:途经路线,traveled_to,3
raw:通令,raw:通令,3
raw:逮捕对象,raw:逮捕对象,3
raw:遇袭,raw:遇袭,3
raw:部署/指导,guided,3
raw:部署任务,dispatched,3
raw:部署工作,raw:部署工作,3
raw:部署防堵,raw:部署防堵,3
raw:配合行动,collaborated_with,3
raw:配置,raw:配置,3
raw:配置于,raw:配置于,3
raw:酝酿组织,raw:酝酿组织,3
raw:采用,implemented,3
raw:采购地,raw:采购地,3
raw:里应外合,raw:里应外合,3
raw:重建,created,3
raw:重点清查,raw:重点清查,3
raw:重组,raw:重组,3
raw:销毁,raw:销毁,3
raw:锻炼,raw:锻炼,3
raw:阅读对象,raw:阅读对象,3
raw:阅读材料,raw:阅读材料,3
raw:队长,raw:队长,3
raw:防堵,opposed,3
raw:防堵于,raw:防堵于,3
raw:防守地点,raw:防守地点,3
raw:防御方,raw:防御方,3
raw:防御部署,raw:防御部署,3
raw:阵亡,raw:阵亡,3
raw:阵亡地点,died_at,3
raw:阶级斗争,raw:阶级斗争,3
raw:阻击,opposed,3
raw:阻击敌军,fought_at,3
raw:阻击部署,raw:阻击部署,3
raw:阻挠,raw:阻挠,3
raw:随行,escorted,3
raw:隐蔽身份,raw:隐蔽身份,3
raw:集中整编,raw:集中整编,3
raw:革命伴侣,spouse_of,3
raw:预警,raw:预警,3
raw:领导-单位,raw:领导-单位,3
raw:领导-据点,raw:领导-据点,3
raw:领导-根据地,raw:领导-根据地,3
raw:领导-活动区域,active_at,3
raw:领导/宣布,led,3
raw:领导/开展,led,3
raw:领导/联系,raw:领导/联系,3
raw:领导与地点,raw:领导与地点,3
raw:领导与指导,guided,3
raw:领导与活动区域,raw:领导与活动区域,3
raw:领导与被领导,commanded,3
raw:领导与被领导,governed,3
raw:领导中心,raw:领导中心,3
raw:领导主体,led,3
raw:领导于,governed,3
raw:领导人物,led,3
raw:领导关怀,raw:领导关怀,3
raw:领导实践,raw:领导实践,3
raw:领导开展工作,raw:领导开展工作,3
raw:领导成员,raw:领导成员,3
raw:领导斗争,led,3
raw:领导活动于,active_at,3
raw:领导派遣,raw:领导派遣,3
raw:领导配合,raw:领导配合,3
raw:领导隶属,raw:领导隶属,3
raw:题字关联,raw:题字关联,3
raw:食用,raw:食用,3
raw:馈赠,raw:馈赠,3
raw:驱动,influenced,3
raw:驱动,raw:驱动,3
raw:驻,raw:驻,3
raw:驻地关系,stationed_at,3
raw:驻扎地点,raw:驻扎地点,3
raw:驻留,stationed_at,3
raw:驻防于,raw:驻防于,3
raw:高唱,raw:高唱,3
raw:鼓动,raw:鼓动,3
used_in_event,raw:used_in_event,3
depicts,depicts,2
died_during,died_during,2
inherited_from,inherited_from,2
raw:上升,raw:上升,2
raw:上升为,raw:上升为,2
raw:上报,raw:上报,2
raw:上级-下级,raw:上级-下级,2
raw:下令杀害,raw:下令杀害,2
raw:下属,member_of,2
raw:下达任务,dispatched,2
raw:下达任务,raw:下达任务,2
raw:下达指示,raw:下达指示,2
raw:下达训令,raw:下达训令,2
raw:不屈,raw:不屈,2
raw:东进,raw:东进,2
raw:中断联系,raw:中断联系,2
raw:中队长,raw:中队长,2
raw:临近,raw:临近,2
raw:主体-推动,raw:主体-推动,2
raw:主体事件,raw:主体事件,2
raw:主办单位,raw:主办单位,2
raw:主导,authored,2
raw:主导机构,raw:主导机构,2
raw:主导者-事件,raw:主导者-事件,2
raw:主张/马上暴动,raw:主张/马上暴动,2
raw:主持/参与,raw:主持/参与,2
raw:主持/发言,led,2
raw:主持/领导,raw:主持/领导,2
raw:主持于,led,2
raw:主持人,organized,2
raw:主持会议,raw:主持会议,2
raw:主持出版,raw:主持出版,2
raw:主持制定,raw:主持制定,2
raw:主持召开,organized,2
raw:主持地点,raw:主持地点,2
raw:主演,raw:主演,2
raw:主管,raw:主管,2
raw:主要活动地,active_at,2
raw:主讲人,raw:主讲人,2
raw:主讲者,raw:主讲者,2
raw:举办地点-人物,raw:举办地点-人物,2
raw:举办者,organized,2
raw:举办训练班,raw:举办训练班,2
raw:举办骨干培训班,raw:举办骨干培训班,2
raw:举报,raw:举报,2
raw:举行于,occurred_at,2
raw:义务,raw:义务,2
raw:书写宣传,raw:书写宣传,2
raw:争取/利用,raw:争取/利用,2
raw:争取合作,raw:争取合作,2
raw:争取团结,raw:争取团结,2
raw:事/人,raw:事/人,2
raw:事/物,raw:事/物,2
raw:事件-主体,participated_in,2
raw:事件-决策,raw:事件-决策,2
raw:事件-地点关联,raw:事件-地点关联,2
raw:事件-应对,raw:事件-应对,2
raw:事件-战斗,raw:事件-战斗,2
raw:事件-手段,raw:事件-手段,2
raw:事件-政权,raw:事件-政权,2
raw:事件-时间,raw:事件-时间,2
raw:事件-目标,raw:事件-目标,2
raw:事件-记录者,raw:事件-记录者,2
raw:事件与人物,raw:事件与人物,2
raw:事件与组织关系,raw:事件与组织关系,2
raw:事件与行动,raw:事件与行动,2
raw:事件关系,raw:事件关系,2
raw:事件关联地区,raw:事件关联地区,2
raw:事件发展,raw:事件发展,2
raw:事件发生地-相关人物,raw:事件发生地-相关人物,2
raw:事件发生地点,occurred_at,2
raw:事件发起者,organized,2
raw:事件地点关系,raw:事件地点关系,2
raw:事件归属,raw:事件归属,2
raw:事件成果,raw:事件成果,2
raw:事件时间关联,raw:事件时间关联,2
raw:事件载体,raw:事件载体,2
raw:事迹发生地,raw:事迹发生地,2
raw:互助,raw:互助,2
raw:互助关系,raw:互助关系,2
raw:交予,raw:交予,2
raw:交付,raw:交付,2
raw:交待任务,raw:交待任务,2
raw:交战/追剿,raw:交战/追剿,2
raw:交战地点,fought_at,2
raw:交械,raw:交械,2
raw:交涉于,raw:交涉于,2
raw:交涉对象,met_with,2
raw:交纳,raw:交纳,2
raw:交给,raw:交给,2
raw:交通线连接,raw:交通线连接,2
raw:交通网络,raw:交通网络,2
raw:交通路径,raw:交通路径,2
raw:交通通道,raw:交通通道,2
raw:产业关联,raw:产业关联,2
raw:产物,used_in_event,2
raw:亲临,raw:亲临,2
raw:亲属,raw:亲属,2
raw:人事任命,raw:人事任命,2
raw:人事安排,raw:人事安排,2
raw:人员-组织,raw:人员-组织,2
raw:人员调动,raw:人员调动,2
raw:人物-事件关联,raw:人物-事件关联,2
raw:人物-任职,raw:人物-任职,2
raw:人物-关联,raw:人物-关联,2
raw:人物-决策,raw:人物-决策,2
raw:人物-创建,raw:人物-创建,2
raw:人物-反思,raw:人物-反思,2
raw:人物-地域,raw:人物-地域,2
raw:人物-总结,raw:人物-总结,2
raw:人物-执行,carried_out,2
raw:人物-执行事件,carried_out,2
raw:人物-时间,raw:人物-时间,2
raw:人物-活动,participated_in,2
raw:人物-牺牲地,died_at,2
raw:人物-籍贯/活动地,raw:人物-籍贯/活动地,2
raw:人物-组成,raw:人物-组成,2
raw:人物-身份,raw:人物-身份,2
raw:人物-领导事件,led,2
raw:人物与人物关联,raw:人物与人物关联,2
raw:人物任职,held_position_in,2
raw:人物任职,raw:人物任职,2
raw:人物塑造,raw:人物塑造,2
raw:人物活动场所,active_at,2
raw:人物组织关系,raw:人物组织关系,2
raw:仇视,raw:仇视,2
raw:介绍/入党,raw:介绍/入党,2
raw:介绍/座谈,raw:介绍/座谈,2
raw:介绍人与被介绍人,introduced,2
raw:介绍人关系,introduced,2
raw:从事活动地点,active_at,2
raw:代号,raw:代号,2
raw:代替,raw:代替,2
raw:代理区长,raw:代理区长,2
raw:代表与行动,raw:代表与行动,2
raw:令,raw:令,2
raw:任务下达者,appointed,2
raw:任务交办,raw:任务交办,2
raw:任务地点,raw:任务地点,2
raw:任务完成,raw:任务完成,2
raw:任务执行,responsible_for,2
raw:任务指令,raw:任务指令,2
raw:任务指示,dispatched,2
raw:任命/代行指挥,raw:任命/代行指挥,2
raw:任用,appointed,2
raw:任职-地点,stationed_at,2
raw:任职与活动,raw:任职与活动,2
raw:任职安排,raw:任职安排,2
raw:任职管辖,governed,2
raw:企图吞并,raw:企图吞并,2
raw:企图夺取,raw:企图夺取,2
raw:企图杀害,raw:企图杀害,2
raw:伏击于,raw:伏击于,2
raw:伏击地点,fought_at,2
raw:伏击地点,raw:伏击地点,2
raw:休养于,raw:休养于,2
raw:休整,stationed_at,2
raw:休整于,raw:休整于,2
raw:休整地点,stationed_at,2
raw:优待/教育,raw:优待/教育,2
raw:会合过程,met_with,2
raw:会师于,met_with,2
raw:会师组成,raw:会师组成,2
raw:会议举办地,occurred_at,2
raw:会谈,met_with,2
raw:传授,trained,2
raw:传播者-作品,raw:传播者-作品,2
raw:传播者-场所,raw:传播者-场所,2
raw:传播者-接受者,raw:传播者-接受者,2
raw:传播者-物,raw:传播者-物,2
raw:传播者-组织,raw:传播者-组织,2
raw:传播者与媒介,raw:传播者与媒介,2
raw:传达,disseminates,2
raw:传达命令,raw:传达命令,2
raw:传达对象,raw:传达对象,2
raw:传递党组织关系,raw:传递党组织关系,2
raw:传递路径,raw:传递路径,2
raw:传颂,raw:传颂,2
raw:伴随事件,raw:伴随事件,2
raw:住宿,stationed_at,2
raw:作业,raw:作业,2
raw:作为代表参加,raw:作为代表参加,2
raw:作出于,raw:作出于,2
raw:作战-地点,raw:作战-地点,2
raw:作战/转移,raw:作战/转移,2
raw:作战单位-事件,carried_out,2
raw:作战地,raw:作战地,2
raw:作战对抗,opposed,2
raw:作战成果,raw:作战成果,2
raw:作战扩大,raw:作战扩大,2
raw:作战指令,raw:作战指令,2
raw:作战时间,raw:作战时间,2
raw:作战活动,raw:作战活动,2
raw:作战配合,raw:作战配合,2
raw:作者-事件,raw:作者-事件,2
raw:作风形成地,originated_at,2
raw:使用关系,used_artifact,2
raw:使用关联,raw:使用关联,2
raw:使用对抗,raw:使用对抗,2
raw:使用载体,raw:使用载体,2
raw:供出关系,raw:供出关系,2
raw:供应负责人,raw:供应负责人,2
raw:供稿,raw:供稿,2
raw:供认,raw:供认,2
raw:依据文献,raw:依据文献,2
raw:依赖关系,raw:依赖关系,2
raw:依附,raw:依附,2
raw:侵占/进犯,raw:侵占/进犯,2
raw:侵害,raw:侵害,2
raw:侵扰区域,raw:侵扰区域,2
raw:侵扰对象,raw:侵扰对象,2
raw:促成,influenced,2
raw:俘虏关系,raw:俘虏关系,2
raw:俘虏对象,raw:俘虏对象,2
raw:保卫对象,protected,2
raw:保护/动员,raw:保护/动员,2
raw:保护/支持,raw:保护/支持,2
raw:保护文物,raw:保护文物,2
raw:保护转移,raw:保护转移,2
raw:保护重用,raw:保护重用,2
raw:保持联系,contacted,2
raw:保留,raw:保留,2
raw:保管关系,raw:保管关系,2
raw:保释关系,raw:保释关系,2
raw:保释对象,raw:保释对象,2
raw:保障对象,raw:保障对象,2
raw:信息中转,raw:信息中转,2
raw:信息传递者,raw:信息传递者,2
raw:信息提供,raw:信息提供,2
raw:修理,raw:修理,2
raw:候补委员,raw:候补委员,2
raw:借宿,raw:借宿,2
raw:借粮,raw:借粮,2
raw:借鉴,raw:借鉴,2
raw:借阅,raw:借阅,2
raw:倾向,raw:倾向,2
raw:假投降,raw:假投降,2
raw:兄弟,raw:兄弟,2
raw:兄弟关系,raw:兄弟关系,2
raw:充实,raw:充实,2
raw:先锋参与,raw:先锋参与,2
raw:光复,raw:光复,2
raw:克服于,raw:克服于,2
raw:入党介绍,raw:入党介绍,2
raw:入党地,raw:入党地,2
raw:入党批准,raw:入党批准,2
raw:入学,raw:入学,2
raw:公审处决,killed,2
raw:公平交易,raw:公平交易,2
raw:公开身份,raw:公开身份,2
raw:共牺牲,raw:共牺牲,2
raw:关于,raw:关于,2
raw:关心编写,raw:关心编写,2
raw:关怀与教育,raw:关怀与教育,2
raw:关联-被捕者,raw:关联-被捕者,2
raw:关联/同属,raw:关联/同属,2
raw:关联/引荐,raw:关联/引荐,2
raw:关联事件-事件,raw:关联事件-事件,2
raw:关联事件与据点,raw:关联事件与据点,2
raw:关联事件与组织,raw:关联事件与组织,2
raw:关联人,raw:关联人,2
raw:关联人员,raw:关联人员,2
raw:关联人物-事件,raw:关联人物-事件,2
raw:关联内容,raw:关联内容,2
raw:关联地-人,raw:关联地-人,2
raw:关联地区-人物,raw:关联地区-人物,2
raw:关联地点-群体,raw:关联地点-群体,2
raw:关联媒体,raw:关联媒体,2
raw:关联措施,raw:关联措施,2
raw:关联线路,raw:关联线路,2
raw:关联背景,raw:关联背景,2
raw:关联行动,raw:关联行动,2
raw:关键人物,raw:关键人物,2
raw:兵临,raw:兵临,2
raw:兵源,raw:兵源,2
raw:兵源/活动,raw:兵源/活动,2
raw:养护,raw:养护,2
raw:兼任校长,held_position_in,2
raw:兼任校长,raw:兼任校长,2
raw:内部分裂,raw:内部分裂,2
raw:冒充,raw:冒充,2
raw:写信劝降,raw:写信劝降,2
raw:军事-区域,raw:军事-区域,2
raw:军事会合,raw:军事会合,2
raw:军事侦察,raw:军事侦察,2
raw:军事关系,raw:军事关系,2
raw:军事包围-战略目标,raw:军事包围-战略目标,2
raw:军事合作,collaborated_with,2
raw:军事合围,raw:军事合围,2
raw:军事封锁,raw:军事封锁,2
raw:军事布防,raw:军事布防,2
raw:军事影响,influenced,2
raw:军事挺进,raw:军事挺进,2
raw:军事搜剿,raw:军事搜剿,2
raw:军事撤退,raw:军事撤退,2
raw:军事支持,raw:军事支持,2
raw:军事清剿,raw:军事清剿,2
raw:军事目标关联,raw:军事目标关联,2
raw:军事管辖,raw:军事管辖,2
raw:军事联合,raw:军事联合,2
raw:军事联络,raw:军事联络,2
raw:军事胜利,raw:军事胜利,2
raw:军事行动-地点,raw:军事行动-地点,2
raw:军事行动-目标地,raw:军事行动-目标地,2
raw:军事行动区域,occurred_at,2
raw:军事行动影响区域,raw:军事行动影响区域,2
raw:军事行动路线,raw:军事行动路线,2
raw:军事谈判,raw:军事谈判,2
raw:军事进剿,raw:军事进剿,2
raw:军事镇压,raw:军事镇压,2
raw:军事隶属,raw:军事隶属,2
raw:农运活动,raw:农运活动,2
raw:冲破,raw:冲破,2
raw:冲突双方,raw:冲突双方,2
raw:冲突地,raw:冲突地,2
raw:冲突方,raw:冲突方,2
raw:决定发动,organized,2
raw:决定开辟,raw:决定开辟,2
raw:决定歼灭,raw:决定歼灭,2
raw:决定派,appointed,2
raw:决定移交,raw:决定移交,2
raw:决定过江入,raw:决定过江入,2
raw:决战,raw:决战,2
raw:决策-对象,raw:决策-对象,2
raw:决策-执行,raw:决策-执行,2
raw:决策与执行,raw:决策与执行,2
raw:决策地点,raw:决策地点,2
raw:决策执行,raw:决策执行,2
raw:决策指导,raw:决策指导,2
raw:决策部署,raw:决策部署,2
raw:决裂,raw:决裂,2
raw:准备于,raw:准备于,2
raw:准备阶段,raw:准备阶段,2
raw:出售,raw:出售,2
raw:出土于,raw:出土于,2
raw:出席人物,participated_in,2
raw:出席活动,raw:出席活动,2
raw:出席者,participated_in,2
raw:出版于/记录于,raw:出版于/记录于,2
raw:出版地,created_at,2
raw:出版地,raw:出版地,2
raw:出版机构,raw:出版机构,2
raw:出版者,raw:出版者,2
raw:出现,raw:出现,2
raw:出生关联,raw:出生关联,2
raw:出生地/活动区域,raw:出生地/活动区域,2
raw:出生地/活动地点,raw:出生地/活动地点,2
raw:出面维护,raw:出面维护,2
raw:击杀者,killed,2
raw:分到,raw:分到,2
raw:分化打击,raw:分化打击,2
raw:分建,raw:分建,2
raw:分得,raw:分得,2
raw:分支-总机构,raw:分支-总机构,2
raw:分析对象,raw:分析对象,2
raw:分编,raw:分编,2
raw:分裂主义对抗,raw:分裂主义对抗,2
raw:分设,raw:分设,2
raw:分路执行,raw:分路执行,2
raw:分部,raw:分部,2
raw:切断,raw:切断,2
raw:刊载,raw:刊载,2
raw:列为,raw:列为,2
raw:列席,participated_in,2
raw:创作于,created_at,2
raw:创作于,raw:创作于,2
raw:创作传播,raw:创作传播,2
raw:创作作品,raw:创作作品,2
raw:创作关系,raw:创作关系,2
raw:创作内容,raw:创作内容,2
raw:创作反映,raw:创作反映,2
raw:创作地,raw:创作地,2
raw:创作时间,raw:创作时间,2
raw:创作纪念,raw:创作纪念,2
raw:创作表达,raw:创作表达,2
raw:创办/主持,raw:创办/主持,2
raw:创办/迁址,raw:创办/迁址,2
raw:创办人,created,2
raw:创办方,raw:创办方,2
raw:创建/指挥,raw:创建/指挥,2
raw:创建根据地于,raw:创建根据地于,2
raw:创建组织,raw:创建组织,2
raw:创建者-地点,raw:创建者-地点,2
raw:创建者-场所,raw:创建者-场所,2
raw:创建者-机构,raw:创建者-机构,2
raw:创建者-被创建物,raw:创建者-被创建物,2
raw:创建者与作品,raw:创建者与作品,2
raw:创建者关系,raw:创建者关系,2
raw:创造条件,raw:创造条件,2
raw:创造苏区,raw:创造苏区,2
raw:判断,raw:判断,2
raw:利于,raw:利于,2
raw:别名,raw:别名,2
raw:到达地点,traveled_to,2
raw:制作/组织,raw:制作/组织,2
raw:制作于,created,2
raw:制作方,raw:制作方,2
raw:制定-策略,raw:制定-策略,2
raw:制定执行,raw:制定执行,2
raw:制定方案,raw:制定方案,2
raw:制定者-事件,formulated,2
raw:制定者-成果,raw:制定者-成果,2
raw:制度关联,raw:制度关联,2
raw:制度实践,raw:制度实践,2
raw:制度实践地,raw:制度实践地,2
raw:制造匪患,raw:制造匪患,2
raw:制造者,raw:制造者,2
raw:刺杀目标,killed,2
raw:刻印/赶印,raw:刻印/赶印,2
raw:刻印地点,raw:刻印地点,2
raw:前往地,raw:前往地,2
raw:前往地,traveled_to,2
raw:前提,raw:前提,2
raw:前置,raw:前置,2
raw:前置条件,raw:前置条件,2
raw:剥削关系,raw:剥削关系,2
raw:剥削区域,raw:剥削区域,2
raw:剪彩,raw:剪彩,2
raw:副队长,raw:副队长,2
raw:剿匪于,raw:剿匪于,2
raw:剿灭于,raw:剿灭于,2
raw:剿灭关系,raw:剿灭关系,2
raw:剿灭对象,raw:剿灭对象,2
raw:剿灭目标,raw:剿灭目标,2
raw:劝说关系,raw:劝说关系,2
raw:劝说对象,raw:劝说对象,2
raw:劝谏,raw:劝谏,2
raw:劝阻者,raw:劝阻者,2
raw:劝降失败,raw:劝降失败,2
raw:办公地,raw:办公地,2
raw:办公地,stationed_at,2
raw:办公场所,raw:办公场所,2
raw:办学地点,located_in,2
raw:功能定位,raw:功能定位,2
raw:加入组织,member_of,2
raw:动向,raw:动向,2
raw:动员/安排,raw:动员/安排,2
raw:动员关系,raw:动员关系,2
raw:动员升学,raw:动员升学,2
raw:动员者,raw:动员者,2
raw:助力,raw:助力,2
raw:包围于,raw:包围于,2
raw:包围区域,raw:包围区域,2
raw:包括,raw:包括,2
raw:化名,raw:化名,2
raw:北渡于,traveled_to,2
raw:区域-地点,located_in,2
raw:医疗支持者,raw:医疗支持者,2
raw:医疗支援,raw:医疗支援,2
raw:升华,raw:升华,2
raw:协助-地点,raw:协助-地点,2
raw:协助人员,collaborated_with,2
raw:协助开办,raw:协助开办,2
raw:协助抓捕,raw:协助抓捕,2
raw:协助攻克,raw:协助攻克,2
raw:协助渡江,raw:协助渡江,2
raw:协助者-事件,raw:协助者-事件,2
raw:协助解放,raw:协助解放,2
raw:协同工作,collaborated_with,2
raw:协同指挥,collaborated_with,2
raw:协同解放,raw:协同解放,2
raw:协同配合,collaborated_with,2
raw:协商结果,raw:协商结果,2
raw:占,raw:占,2
raw:占据阵地,raw:占据阵地,2
raw:占领地,raw:占领地,2
raw:危害,raw:危害,2
raw:历史延续,raw:历史延续,2
raw:历史教训,raw:历史教训,2
raw:历史背景关联,raw:历史背景关联,2
raw:压制对象,raw:压制对象,2
raw:压迫与反抗,raw:压迫与反抗,2
raw:原任职地,raw:原任职地,2
raw:原属关系,raw:原属关系,2
raw:参与/协助,collaborated_with,2
raw:参与/指挥,commanded,2
raw:参与/支持,raw:参与/支持,2
raw:参与/牺牲于,raw:参与/牺牲于,2
raw:参与/见证,raw:参与/见证,2
raw:参与/遇难于,raw:参与/遇难于,2
raw:参与与被攻击,raw:参与与被攻击,2
raw:参与于,raw:参与于,2
raw:参与人,participated_in,2
raw:参与人员-事件,participated_in,2
raw:参与决策,raw:参与决策,2
raw:参与准备,raw:参与准备,2
raw:参与力量,raw:参与力量,2
raw:参与同一事件,raw:参与同一事件,2
raw:参与围剿,raw:参与围剿,2
raw:参与地,occurred_at,2
raw:参与地区,raw:参与地区,2
raw:参与学习,participated_in,2
raw:参与实施,participated_in,2
raw:参与实践,raw:参与实践,2
raw:参与开辟,raw:参与开辟,2
raw:参与战役,raw:参与战役,2
raw:参与抓捕,raw:参与抓捕,2
raw:参与指导,guided,2
raw:参与揭露,raw:参与揭露,2
raw:参与攻克,raw:参与攻克,2
raw:参与攻占,raw:参与攻占,2
raw:参与机构,participated_in,2
raw:参与活动地点,raw:参与活动地点,2
raw:参与牺牲,raw:参与牺牲,2
raw:参与筹建,organized,2
raw:参与组建,raw:参与组建,2
raw:参与编纂,raw:参与编纂,2
raw:参与者-场所,raw:参与者-场所,2
raw:参与者-对象,raw:参与者-对象,2
raw:参与者与事件,participated_in,2
raw:参与解放,raw:参与解放,2
raw:参与起草,raw:参与起草,2
raw:参会,raw:参会,2
raw:参会地点,raw:参会地点,2
raw:参军于,raw:参军于,2
raw:参军入伍,member_of,2
raw:参军对象,raw:参军对象,2
raw:参加工作会议于,raw:参加工作会议于,2
raw:参战人员,raw:参战人员,2
raw:参战方,raw:参战方,2
raw:参观学习,visited,2
raw:参观巡视,visited,2
raw:参谋,raw:参谋,2
raw:反围剿,raw:反围剿,2
raw:反对者-事件,opposed,2
raw:反抗,opposed,2
raw:反间谍行动,raw:反间谍行动,2
raw:反驳,opposed,2
raw:发出命令,raw:发出命令,2
raw:发动/强夺,raw:发动/强夺,2
raw:发动/成立,raw:发动/成立,2
raw:发动/教育,raw:发动/教育,2
raw:发动/组织,raw:发动/组织,2
raw:发动关系,raw:发动关系,2
raw:发动叛乱,raw:发动叛乱,2
raw:发动对象,organized,2
raw:发动者,raw:发动者,2
raw:发展-下属组织,raw:发展-下属组织,2
raw:发展入党,member_of,2
raw:发展入团,raw:发展入团,2
raw:发展团员,raw:发展团员,2
raw:发展地,raw:发展地,2
raw:发展成果,raw:发展成果,2
raw:发展自,raw:发展自,2
raw:发布主体,raw:发布主体,2
raw:发布关系,raw:发布关系,2
raw:发布命令,commanded,2
raw:发布命令于,raw:发布命令于,2
raw:发布地点,created_at,2
raw:发布布告,raw:发布布告,2
raw:发布平台,raw:发布平台,2
raw:发布政策,raw:发布政策,2
raw:发布机构-事件,raw:发布机构-事件,2
raw:发布物,raw:发布物,2
raw:发布者-作品,raw:发布者-作品,2
raw:发布者-执行者,raw:发布者-执行者,2
raw:发往地,raw:发往地,2
raw:发扬,disseminates,2
raw:发源地,originated_at,2
raw:发现与培养,raw:发现与培养,2
raw:发生,occurred_at,2
raw:发生地-时间,raw:发生地-时间,2
raw:发生地点-事件,occurred_at,2
raw:发行者,raw:发行者,2
raw:发表声明,raw:发表声明,2
raw:发表演说,raw:发表演说,2
raw:发表讲话,raw:发表讲话,2
raw:发言参与,participated_in,2
raw:发言者-事件,raw:发言者-事件,2
raw:发起,created,2
raw:发起与教学,raw:发起与教学,2
raw:发起人-参与者,raw:发起人-参与者,2
raw:发起单位,organized,2
raw:发起成立,raw:发起成立,2
raw:发起机构,organized,2
raw:发起者-事件,organized,2
raw:发起者-组织,raw:发起者-组织,2
raw:取代,raw:取代,2
raw:取得联系,contacted,2
raw:取得联系,raw:取得联系,2
raw:取缔,raw:取缔,2
raw:取道,raw:取道,2
raw:受伤,raw:受伤,2
raw:受刑,raw:受刑,2
raw:受助,raw:受助,2
raw:受害方,raw:受害方,2
raw:受援地,raw:受援地,2
raw:受益,raw:受益,2
raw:受益者,raw:受益者,2
raw:受蛊惑叛变,raw:受蛊惑叛变,2
raw:受迫害,raw:受迫害,2
raw:受领导,reported_to,2
raw:受领导于,raw:受领导于,2
raw:受鼓舞,raw:受鼓舞,2
raw:叛变出卖,raw:叛变出卖,2
raw:叛变导致破坏,raw:叛变导致破坏,2
raw:叛变影响,raw:叛变影响,2
raw:叛变逮捕,raw:叛变逮捕,2
raw:叛变镇压,raw:叛变镇压,2
raw:叛徒关系,raw:叛徒关系,2
raw:召开大会,raw:召开大会,2
raw:召开大会于,raw:召开大会于,2
raw:号召,led,2
raw:合作方,raw:合作方,2
raw:合作组织,raw:合作组织,2
raw:合作者,collaborated_with,2
raw:合兵,raw:合兵,2
raw:合围/歼灭,raw:合围/歼灭,2
raw:合围歼灭,raw:合围歼灭,2
raw:合围清剿,raw:合围清剿,2
raw:合围进剿,raw:合围进剿,2
raw:合并成立,raw:合并成立,2
raw:合并组建,raw:合并组建,2
raw:合编为,raw:合编为,2
raw:合队,collaborated_with,2
raw:同为革命者,comrade_of,2
raw:同僚关系,colleague_of,2
raw:同名,raw:同名,2
raw:同属中共党员,comrade_of,2
raw:同情,raw:同情,2
raw:同狱战友,comrade_of,2
raw:同甘共苦,raw:同甘共苦,2
raw:同窗好友,raw:同窗好友,2
raw:同谋,raw:同谋,2
raw:听取,raw:听取,2
raw:启示,raw:启示,2
raw:启蒙教育者,trained,2
raw:吸引,raw:吸引,2
raw:吸收成员,raw:吸收成员,2
raw:吸纳对象,raw:吸纳对象,2
raw:吹响,raw:吹响,2
raw:告发,raw:告发,2
raw:呼吁揭露,raw:呼吁揭露,2
raw:命令剿灭,raw:命令剿灭,2
raw:命名/纪念,raw:命名/纪念,2
raw:和谈,raw:和谈,2
raw:响应关系,raw:响应关系,2
raw:响应号召,raw:响应号召,2
raw:响应地区,raw:响应地区,2
raw:唤醒,raw:唤醒,2
raw:商定,raw:商定,2
raw:商谈,met_with,2
raw:喊话,raw:喊话,2
raw:嘱咐,raw:嘱咐,2
raw:回乡,raw:回乡,2
raw:回忆/证实,raw:回忆/证实,2
raw:回忆证实,raw:回忆证实,2
raw:回报,raw:回报,2
raw:回答与指引,raw:回答与指引,2
raw:回赠,raw:回赠,2
raw:因,raw:因,2
raw:团结互助,raw:团结互助,2
raw:团长/政委,raw:团长/政委,2
raw:围击,opposed,2
raw:围击,raw:围击,2
raw:围剿/追击,raw:围剿/追击,2
raw:围剿/镇压,raw:围剿/镇压,2
raw:围剿关系,raw:围剿关系,2
raw:围剿对象,raw:围剿对象,2
raw:围剿行动,raw:围剿行动,2
raw:围点打援,raw:围点打援,2
raw:围追,raw:围追,2
raw:围追堵截,raw:围追堵截,2
raw:在...领导下,led,2
raw:地下工作,raw:地下工作,2
raw:地域-人物,raw:地域-人物,2
raw:地域依托,raw:地域依托,2
raw:地域包含,raw:地域包含,2
raw:地域实践,raw:地域实践,2
raw:地点-单位,raw:地点-单位,2
raw:地点-单位,stationed_at,2
raw:地点-发生,occurred_at,2
raw:地点-场所,raw:地点-场所,2
raw:地点-活动,occurred_at,2
raw:地点-活动,raw:地点-活动,2
raw:地点-行动,raw:地点-行动,2
raw:地点与地点关联,raw:地点与地点关联,2
raw:地理关联-事件,raw:地理关联-事件,2
raw:地理区域-事件,raw:地理区域-事件,2
raw:地理归属,raw:地理归属,2
raw:地理联系,raw:地理联系,2
raw:地理连通,raw:地理连通,2
raw:场所-参与者,raw:场所-参与者,2
raw:场所-物,raw:场所-物,2
raw:场所归属,located_in,2
raw:坐镇,raw:坐镇,2
raw:坐镇指挥,raw:坐镇指挥,2
raw:坚守于,stationed_at,2
raw:坚守抗击,raw:坚守抗击,2
raw:坚守阵地,raw:坚守阵地,2
raw:坚持斗争,fought_at,2
raw:垄断,raw:垄断,2
raw:埋伏作战,fought_at,2
raw:埋伏地点,raw:埋伏地点,2
raw:埋葬,raw:埋葬,2
raw:培养-被培养,trained,2
raw:培养-输送,raw:培养-输送,2
raw:培养指导,trained,2
raw:培养者,trained,2
raw:培训关系,raw:培训关系,2
raw:培训地点,raw:培训地点,2
raw:堵截,opposed,2
raw:壮大,raw:壮大,2
raw:壮烈执行,raw:壮烈执行,2
raw:声援关系,raw:声援关系,2
raw:声讨,raw:声讨,2
raw:处决者,killed,2
raw:处决行动,raw:处决行动,2
raw:处分,raw:处分,2
raw:处分对象,raw:处分对象,2
raw:处理,governed,2
raw:处置地点,raw:处置地点,2
raw:夹击/追剿,raw:夹击/追剿,2
raw:夺取地点,raw:夺取地点,2
raw:夺回,raw:夺回,2
raw:奉令,raw:奉令,2
raw:奔袭围歼,raw:奔袭围歼,2
raw:奔赴,raw:奔赴,2
raw:委托培训,raw:委托培训,2
raw:委派任务,appointed,2
raw:媒介-事件,raw:媒介-事件,2
raw:存放于,preserved_at,2
raw:存放位置,raw:存放位置,2
raw:存放物品,raw:存放物品,2
raw:学习/参与,raw:学习/参与,2
raw:学习与活动地点,raw:学习与活动地点,2
raw:学习关联,raw:学习关联,2
raw:学习地,raw:学习地,2
raw:学习场所,raw:学习场所,2
raw:学习场所,studied_at,2
raw:学习机构,raw:学习机构,2
raw:学习讨论,raw:学习讨论,2
raw:学生,raw:学生,2
raw:学生骨干,raw:学生骨干,2
raw:安慰,raw:安慰,2
raw:安排接头,raw:安排接头,2
raw:安排隐蔽,raw:安排隐蔽,2
raw:完成于,occurred_during,2
raw:定居地,raw:定居地,2
raw:实施主体,occurred_at,2
raw:实施内容,raw:实施内容,2
raw:实施暴行,raw:实施暴行,2
raw:实施行为,implemented,2
raw:实现期,raw:实现期,2
raw:实现目标,raw:实现目标,2
raw:实践主体,raw:实践主体,2
raw:实践依据,raw:实践依据,2
raw:实践内容,raw:实践内容,2
raw:实践场域,raw:实践场域,2
raw:实践成果,raw:实践成果,2
raw:实践来源,raw:实践来源,2
raw:实践案例,raw:实践案例,2
raw:审判关系,raw:审判关系,2
raw:审判参与者,raw:审判参与者,2
raw:审判地点,raw:审判地点,2
raw:审判处决,raw:审判处决,2
raw:审讯地,raw:审讯地,2
raw:审讯机构,raw:审讯机构,2
raw:审问,raw:审问,2
raw:宣传/分粮,raw:宣传/分粮,2
raw:宣传/发动,raw:宣传/发动,2
raw:宣传争取,raw:宣传争取,2
raw:宣传于,raw:宣传于,2
raw:宣传传播,raw:宣传传播,2
raw:宣传地,raw:宣传地,2
raw:宣传媒介,raw:宣传媒介,2
raw:宣传工具-使用者,raw:宣传工具-使用者,2
raw:宣传报道,raw:宣传报道,2
raw:宣传政策,raw:宣传政策,2
raw:宣传榜样,raw:宣传榜样,2
raw:宣传渗透,raw:宣传渗透,2
raw:宣传者与被宣传者,raw:宣传者与被宣传者,2
raw:宣传阵地,raw:宣传阵地,2
raw:宣判枪决,raw:宣判枪决,2
raw:宣布起义,raw:宣布起义,2
raw:宣誓地点,raw:宣誓地点,2
raw:家族关系,family_of,2
raw:宿营,raw:宿营,2
raw:宿营于,stationed_at,2
raw:寄语,raw:寄语,2
raw:密授,raw:密授,2
raw:察勘于,visited,2
raw:对峙,raw:对峙,2
raw:对待,raw:对待,2
raw:对抗者,opposed,2
raw:对立关系,raw:对立关系,2
raw:寻找关系,raw:寻找关系,2
raw:寻求,raw:寻求,2
raw:导致停止,raw:导致停止,2
raw:导致解体,raw:导致解体,2
raw:封锁对象,raw:封锁对象,2
raw:射击击毙,raw:射击击毙,2
raw:尝试,raw:尝试,2
raw:居住地关联,raw:居住地关联,2
raw:展开,raw:展开,2
raw:属地关系,located_in,2
raw:履职,raw:履职,2
raw:巡视,visited,2
raw:巡视区域,raw:巡视区域,2
raw:工作-参与者,raw:工作-参与者,2
raw:工作/被捕,raw:工作/被捕,2
raw:工作中心,raw:工作中心,2
raw:工作协作,collaborated_with,2
raw:工作协同,collaborated_with,2
raw:工作地,stationed_at,2
raw:工作地点-人物,raw:工作地点-人物,2
raw:工作地点关联,worked_at,2
raw:工作布置,raw:工作布置,2
raw:工作延伸,raw:工作延伸,2
raw:工作据点,worked_at,2
raw:工作汇报,raw:工作汇报,2
raw:工作隶属,raw:工作隶属,2
raw:工具-事件,raw:工具-事件,2
raw:工具使用,raw:工具使用,2
raw:布置,formulated,2
raw:布置,stationed_at,2
raw:布置工作,raw:布置工作,2
raw:师傅与徒弟,trained,2
raw:带路支援,supported,2
raw:带领至,raw:带领至,2
raw:帮助与指导,raw:帮助与指导,2
raw:帮助关系,raw:帮助关系,2
raw:帮助对象,raw:帮助对象,2
raw:帮助改造,raw:帮助改造,2
raw:平反,raw:平反,2
raw:并列推进,raw:并列推进,2
raw:庇护,raw:庇护,2
raw:序幕,raw:序幕,2
raw:应对措施,raw:应对措施,2
raw:应用于,raw:应用于,2
raw:建党于,raw:建党于,2
raw:建制管理,raw:建制管理,2
raw:建立/活动,raw:建立/活动,2
raw:建立于,created_at,2
raw:建立于,occurred_at,2
raw:建立交通站,raw:建立交通站,2
raw:建立单位,raw:建立单位,2
raw:建立政权于,governed,2
raw:建立机构,raw:建立机构,2
raw:建立运作,raw:建立运作,2
raw:建议区域,raw:建议区域,2
raw:建设关系,raw:建设关系,2
raw:开展于,active_at,2
raw:开展于,occurred_at,2
raw:开展地,occurred_at,2
raw:开展工作地点,raw:开展工作地点,2
raw:开展活动,carried_out,2
raw:开展游击战争,raw:开展游击战争,2
raw:开展群众工作,raw:开展群众工作,2
raw:开展运动,raw:开展运动,2
raw:开展革命活动,raw:开展革命活动,2
raw:开辟,occurred_at,2
raw:开辟地区,raw:开辟地区,2
raw:开除,raw:开除,2
raw:引发,influenced,2
raw:引导与响应,raw:引导与响应,2
raw:引导关系,raw:引导关系,2
raw:引荐,introduced,2
raw:引诱,raw:引诱,2
raw:引路人,guided,2
raw:强令进攻,raw:强令进攻,2
raw:形式,raw:形式,2
raw:形成,formulated,2
raw:影响-事件,influenced,2
raw:影响与失败原因,raw:影响与失败原因,2
raw:影响关联,influenced,2
raw:影响因素,raw:影响因素,2
raw:影响地,occurred_at,2
raw:影响来源,influenced,2
raw:征战,participated_in,2
raw:征收,implemented,2
raw:征粮,raw:征粮,2
raw:征集商借,raw:征集商借,2
raw:得出,raw:得出,2
raw:怀念者,raw:怀念者,2
raw:思想启蒙,raw:思想启蒙,2
raw:思想引导,raw:思想引导,2
raw:思想指导,influenced,2
raw:总结推广,raw:总结推广,2
raw:总结教训,raw:总结教训,2
raw:恋爱关系,raw:恋爱关系,2
raw:恢复,liberated,2
raw:恢复关系地点,raw:恢复关系地点,2
raw:恢复组织关系,raw:恢复组织关系,2
raw:恳请,raw:恳请,2
raw:悬赏,raw:悬赏,2
raw:悼念关系,raw:悼念关系,2
raw:悼念者,raw:悼念者,2
raw:情侣关系,raw:情侣关系,2
raw:情报关系,raw:情报关系,2
raw:情报发布,raw:情报发布,2
raw:情报据点,raw:情报据点,2
raw:情报搜集,raw:情报搜集,2
raw:情报搜集区域,raw:情报搜集区域,2
raw:情报支持,supported,2
raw:情报通报,raw:情报通报,2
raw:惩治,raw:惩治,2
raw:惩治对象,raw:惩治对象,2
raw:感激,raw:感激,2
raw:成员隶属,raw:成员隶属,2
raw:成熟期,raw:成熟期,2
raw:成立/领导,raw:成立/领导,2
raw:成立领导,raw:成立领导,2
raw:战前动员,raw:战前动员,2
raw:战役参与,participated_in,2
raw:战役地点关联,raw:战役地点关联,2
raw:战役战斗,fought_at,2
raw:战役指挥,raw:战役指挥,2
raw:战役目标,raw:战役目标,2
raw:战役结果,raw:战役结果,2
raw:战斗-地点,fought_at,2
raw:战斗/行军,raw:战斗/行军,2
raw:战斗冲突,fought_at,2
raw:战斗地点-敌方将领,fought_at,2
raw:战斗地点关联,raw:战斗地点关联,2
raw:战斗对抗,opposed,2
raw:战斗指挥地,raw:战斗指挥地,2
raw:战斗指挥者,raw:战斗指挥者,2
raw:战斗活动,raw:战斗活动,2
raw:战斗牺牲,raw:战斗牺牲,2
raw:战斗结果,raw:战斗结果,2
raw:战斗转移,raw:战斗转移,2
raw:战斗部署,raw:战斗部署,2
raw:战术与战果,raw:战术与战果,2
raw:战术协同,raw:战术协同,2
raw:战术布置,raw:战术布置,2
raw:战术执行,raw:战术执行,2
raw:战术据点,raw:战术据点,2
raw:战术节点,raw:战术节点,2
raw:战术调整,raw:战术调整,2
raw:战死于,raw:战死于,2
raw:战略会师,raw:战略会师,2
raw:战略制定,raw:战略制定,2
raw:战略协同,raw:战略协同,2
raw:战略延续,raw:战略延续,2
raw:战略建议,raw:战略建议,2
raw:战略意图,raw:战略意图,2
raw:战略据点,raw:战略据点,2
raw:战略推进,raw:战略推进,2
raw:战略支援,raw:战略支援,2
raw:战略节点,raw:战略节点,2
raw:战略要道,raw:战略要道,2
raw:战略调整,raw:战略调整,2
raw:战略转变,raw:战略转变,2
raw:战略转移路线,raw:战略转移路线,2
raw:战略重心,raw:战略重心,2
raw:所属机构,member_of,2
raw:所属机构,raw:所属机构,2
raw:手段-目标,raw:手段-目标,2
raw:手稿记载,raw:手稿记载,2
raw:扑向,raw:扑向,2
raw:打入控制,raw:打入控制,2
raw:打入机构,raw:打入机构,2
raw:打出,organized,2
raw:打出,raw:打出,2
raw:打击对象,opposed,2
raw:打垮,raw:打垮,2
raw:打死,raw:打死,2
raw:打退,raw:打退,2
raw:执笔整理,raw:执笔整理,2
raw:执行主体-事件,raw:执行主体-事件,2
raw:执行事件,carried_out,2
raw:执行于,raw:执行于,2
raw:执行交接,raw:执行交接,2
raw:执行任务区域,stationed_at,2
raw:执行决策,raw:执行决策,2
raw:执行地,stationed_at,2
raw:执行抓捕,raw:执行抓捕,2
raw:执行方,carried_out,2
raw:执行时间,occurred_during,2
raw:执行枪决,killed,2
raw:执行者-任务,raw:执行者-任务,2
raw:执行者-受害者,killed,2
raw:扩充,raw:扩充,2
raw:扩军,raw:扩军,2
raw:扩占勾结,raw:扩占勾结,2
raw:扩红,raw:扩红,2
raw:扮演,raw:扮演,2
raw:批准枪决,raw:批准枪决,2
raw:批准设立,raw:批准设立,2
raw:批判关系,raw:批判关系,2
raw:批评教育,criticized,2
raw:扼守,raw:扼守,2
raw:扼守于,raw:扼守于,2
raw:找,raw:找,2
raw:承认,raw:承认,2
raw:承诺,raw:承诺,2
raw:承载载体,raw:承载载体,2
raw:技术支持,raw:技术支持,2
raw:抄没,raw:抄没,2
raw:抑制,raw:抑制,2
raw:抒发,raw:抒发,2
raw:抓住,raw:抓住,2
raw:抓捕者与被捕者,raw:抓捕者与被捕者,2
raw:抓捕者与被逮捕者,raw:抓捕者与被逮捕者,2
raw:抓捕行动参与者,raw:抓捕行动参与者,2
raw:抓获处决,raw:抓获处决,2
raw:投案,raw:投案,2
raw:投考,raw:投考,2
raw:投身,raw:投身,2
raw:投递,raw:投递,2
raw:抗拒,opposed,2
raw:抗议于,raw:抗议于,2
raw:抚养关系,raw:抚养关系,2
raw:抢救,rescued,2
raw:护厂行动,raw:护厂行动,2
raw:护送/联络,raw:护送/联络,2
raw:报告者,raw:报告者,2
raw:报道/谴责,raw:报道/谴责,2
raw:抵达于,traveled_to,2
raw:押送地点,raw:押送地点,2
raw:抽调组建,raw:抽调组建,2
raw:担任会长,held_position_in,2
raw:担任军长,held_position_in,2
raw:担任副书记,raw:担任副书记,2
raw:担任副司令员,held_position_in,2
raw:担任司令员,held_position_in,2
raw:担任司令员,raw:担任司令员,2
raw:担任团长,held_position_in,2
raw:担任局长,raw:担任局长,2
raw:担任市长,held_position_in,2
raw:担任支书,raw:担任支书,2
raw:担任政委,raw:担任政委,2
raw:担任正副主任,raw:担任正副主任,2
raw:担任经理,raw:担任经理,2
raw:担任负责人,raw:担任负责人,2
raw:担任队长,held_position_in,2
raw:担任院长,raw:担任院长,2
raw:担保营救,raw:担保营救,2
raw:拍板兴建,implemented,2
raw:拘禁,raw:拘禁,2
raw:招聘,raw:招聘,2
raw:拟制,raw:拟制,2
raw:拟处,raw:拟处,2
raw:拟定,raw:拟定,2
raw:拟调往,raw:拟调往,2
raw:拦截,raw:拦截,2
raw:拷问,raw:拷问,2
raw:指定负责,raw:指定负责,2
raw:指导-组织,guided,2
raw:指导/支持,raw:指导/支持,2
raw:指导与被指导,guided,2
raw:指导事件,guided,2
raw:指导于,raw:指导于,2
raw:指导依据,raw:指导依据,2
raw:指导创办,raw:指导创办,2
raw:指导单位,guided,2
raw:指导建立,raw:指导建立,2
raw:指导成立,raw:指导成立,2
raw:指导支持,raw:指导支持,2
raw:指导方,guided,2
raw:指导机构,guided,2
raw:指导策略,raw:指导策略,2
raw:指挥-事件,commanded,2
raw:指挥-作战区域,raw:指挥-作战区域,2
raw:指挥-目标,raw:指挥-目标,2
raw:指挥/作战,commanded,2
raw:指挥/作战,raw:指挥/作战,2
raw:指挥/侦察,raw:指挥/侦察,2
raw:指挥/决策,raw:指挥/决策,2
raw:指挥/联系,raw:指挥/联系,2
raw:指挥/防堵,raw:指挥/防堵,2
raw:指挥与执行,commanded,2
raw:指挥保障,raw:指挥保障,2
raw:指挥剿匪,raw:指挥剿匪,2
raw:指挥反冲锋于,raw:指挥反冲锋于,2
raw:指挥战场,raw:指挥战场,2
raw:指挥战斗于,fought_at,2
raw:指挥战斗区域,raw:指挥战斗区域,2
raw:指挥战斗地点,raw:指挥战斗地点,2
raw:指挥所,raw:指挥所,2
raw:指挥攻取,raw:指挥攻取,2
raw:指挥方,commanded,2
raw:指挥汇报,reported_to,2
raw:指挥活动,raw:指挥活动,2
raw:指挥消灭,raw:指挥消灭,2
raw:指挥管辖,governed,2
raw:指挥者与地点,raw:指挥者与地点,2
raw:指挥解放,raw:指挥解放,2
raw:指挥进攻,raw:指挥进攻,2
raw:指挥进攻于,raw:指挥进攻于,2
raw:指挥部驻地,raw:指挥部驻地,2
raw:指派任务,dispatched,2
raw:指示/部署,dispatched,2
raw:指示下发,raw:指示下发,2
raw:指示于,commanded,2
raw:指示于,raw:指示于,2
raw:指示传达者,raw:指示传达者,2
raw:指示关联,raw:指示关联,2
raw:指示剿灭,raw:指示剿灭,2
raw:指示开辟,raw:指示开辟,2
raw:指示成立,raw:指示成立,2
raw:挑水,raw:挑水,2
raw:挑选,raw:挑选,2
raw:挫败,raw:挫败,2
raw:挺身而出,raw:挺身而出,2
raw:捐款,raw:捐款,2
raw:捕捉,raw:捕捉,2
raw:损害,raw:损害,2
raw:据点关系,stationed_at,2
raw:据点控制,raw:据点控制,2
raw:据理力争,raw:据理力争,2
raw:授予称号,raw:授予称号,2
raw:授课,trained,2
raw:授课/辅导,raw:授课/辅导,2
raw:授课者,raw:授课者,2
raw:掌控,governed,2
raw:排演,raw:排演,2
raw:排练,raw:排练,2
raw:掠夺,raw:掠夺,2
raw:探望与营救,raw:探望与营救,2
raw:探监,raw:探监,2
raw:接任领导,raw:接任领导,2
raw:接关系,raw:接关系,2
raw:接受教育,raw:接受教育,2
raw:接回,raw:接回,2
raw:接头,met_with,2
raw:接头于,raw:接头于,2
raw:接头点,raw:接头点,2
raw:接头联系,raw:接头联系,2
raw:接头联络,contacted,2
raw:接应点,raw:接应点,2
raw:接应行动,raw:接应行动,2
raw:接应起义,raw:接应起义,2
raw:接收方,raw:接收方,2
raw:接收目标,occurred_at,2
raw:接济,raw:接济,2
raw:接管关系,raw:接管关系,2
raw:接管者,raw:接管者,2
raw:接纳/考察,raw:接纳/考察,2
raw:接续,raw:接续,2
raw:接见/指导,raw:接见/指导,2
raw:接见关系,raw:接见关系,2
raw:接见指示,raw:接见指示,2
raw:控制于,governed,2
raw:控制人物,raw:控制人物,2
raw:控制地,governed,2
raw:控制对象,governed,2
raw:控制武装,raw:控制武装,2
raw:控诉对象,raw:控诉对象,2
raw:推广期,raw:推广期,2
raw:推行于,raw:推行于,2
raw:掩护-人物,raw:掩护-人物,2
raw:掩护-被掩护者,raw:掩护-被掩护者,2
raw:掩护支持,raw:掩护支持,2
raw:掩护活动,raw:掩护活动,2
raw:掩护组织,raw:掩护组织,2
raw:掩护行动地点,raw:掩护行动地点,2
raw:掩护转移,raw:掩护转移,2
raw:掩藏地点,raw:掩藏地点,2
raw:描绘,raw:描绘,2
raw:提交,raw:提交,2
raw:提供史料,raw:提供史料,2
raw:提供场所,raw:提供场所,2
raw:提供情报支持,raw:提供情报支持,2
raw:提供掩护,raw:提供掩护,2
raw:提供支持,supported,2
raw:提供支援,raw:提供支援,2
raw:提供条件,raw:提供条件,2
raw:提供武器,raw:提供武器,2
raw:提供物资,raw:提供物资,2
raw:提供职业掩护,raw:提供职业掩护,2
raw:提倡,advocated,2
raw:提出/指导,guided,2
raw:提出者-成果,raw:提出者-成果,2
raw:揭竿而起,raw:揭竿而起,2
raw:搜山,raw:搜山,2
raw:搜查者-地点,raw:搜查者-地点,2
raw:搭建,raw:搭建,2
raw:携带者,raw:携带者,2
raw:摘抄,raw:摘抄,2
raw:撤离于,raw:撤离于,2
raw:撤离指令,raw:撤离指令,2
raw:撤离路线,raw:撤离路线,2
raw:撤退路径,raw:撤退路径,2
raw:撤退途经地,raw:撤退途经地,2
raw:撤销,raw:撤销,2
raw:播下,raw:播下,2
raw:撰写文章,raw:撰写文章,2
raw:撰稿对象,raw:撰稿对象,2
raw:操纵,raw:操纵,2
raw:擒获击毙,raw:擒获击毙,2
raw:支前,supported,2
raw:支持-事件,supported,2
raw:支持/推荐,raw:支持/推荐,2
raw:支持事件,supported,2
raw:支持机构,raw:支持机构,2
raw:支持机构,supported,2
raw:支持活动,raw:支持活动,2
raw:支持物,raw:支持物,2
raw:支持者与被支持者,raw:支持者与被支持者,2
raw:支持设施,raw:支持设施,2
raw:支援-被支援,raw:支援-被支援,2
raw:支援/领导,led,2
raw:支援力量,raw:支援力量,2
raw:支援协助,supported,2
raw:支援单位,raw:支援单位,2
raw:支援地,raw:支援地,2
raw:支援方,supported,2
raw:支援者-事件,supported,2
raw:支援行动,supported,2
raw:支援路线,raw:支援路线,2
raw:支援配合,raw:支援配合,2
raw:支撑事件,raw:支撑事件,2
raw:支撑会师,raw:支撑会师,2
raw:支撑体系,raw:支撑体系,2
raw:支部书记,raw:支部书记,2
raw:收兑,raw:收兑,2
raw:收养/保护,raw:收养/保护,2
raw:收复/驻防,raw:收复/驻防,2
raw:收容,raw:收容,2
raw:收留/安葬,raw:收留/安葬,2
raw:收编,recruited,2
raw:收编关系,recruited,2
raw:收缴地点,raw:收缴地点,2
raw:收购,raw:收购,2
raw:改善生活,raw:改善生活,2
raw:改编者,raw:改编者,2
raw:改进,raw:改进,2
raw:攻克地,raw:攻克地,2
raw:攻击-目标,fought_at,2
raw:攻击-目标,raw:攻击-目标,2
raw:攻击方,raw:攻击方,2
raw:攻击者,raw:攻击者,2
raw:攻占/击溃,raw:攻占/击溃,2
raw:攻占行动,raw:攻占行动,2
raw:政权控制,governed,2
raw:政权机构,raw:政权机构,2
raw:政治中心,governed,2
raw:政治事件,raw:政治事件,2
raw:政治利用,raw:政治利用,2
raw:政治处主任,raw:政治处主任,2
raw:政治对话,raw:政治对话,2
raw:政治指导,raw:政治指导,2
raw:政治攻心,raw:政治攻心,2
raw:政治联系,raw:政治联系,2
raw:政治联络,raw:政治联络,2
raw:政治选择,raw:政治选择,2
raw:政策传达者,raw:政策传达者,2
raw:政策实施地点,occurred_at,2
raw:政策导向,raw:政策导向,2
raw:政策影响,raw:政策影响,2
raw:政策支持,raw:政策支持,2
raw:政策目标,raw:政策目标,2
raw:故乡,raw:故乡,2
raw:效忠,raw:效忠,2
raw:敌对策划,raw:敌对策划,2
raw:敌方,raw:敌方,2
raw:救助对象,rescued,2
raw:救助者,raw:救助者,2
raw:救助行为,raw:救助行为,2
raw:救护,rescued,2
raw:救护关系,raw:救护关系,2
raw:救援,raw:救援,2
raw:救治关系,raw:救治关系,2
raw:救治地,raw:救治地,2
raw:教,raw:教,2
raw:教学/斗争场所,raw:教学/斗争场所,2
raw:教学人员,raw:教学人员,2
raw:教学场所,raw:教学场所,2
raw:教学点,raw:教学点,2
raw:教导关系,trained,2
raw:教材来源,raw:教材来源,2
raw:教育-组织,raw:教育-组织,2
raw:教育/影响,influenced,2
raw:教育主体,raw:教育主体,2
raw:教育争取,raw:教育争取,2
raw:教育引导,guided,2
raw:教育影响,influenced,2
raw:教育感化,raw:教育感化,2
raw:教育支持,raw:教育支持,2
raw:教育者与被教育者,trained,2
raw:整改,raw:整改,2
raw:整改记录,raw:整改记录,2
raw:整编/指挥,raw:整编/指挥,2
raw:整编区域,raw:整编区域,2
raw:整顿,organized,2
raw:文化载体,raw:文化载体,2
raw:文物保存地,raw:文物保存地,2
raw:文物关联,raw:文物关联,2
raw:文物归属,raw:文物归属,2
raw:文物来源,raw:文物来源,2
raw:文献,raw:文献,2
raw:文献保存地,raw:文献保存地,2
raw:斗争/牺牲,raw:斗争/牺牲,2
raw:斗争于,fought_at,2
raw:斗争于,raw:斗争于,2
raw:斗争关联,raw:斗争关联,2
raw:斗争区域,fought_at,2
raw:斗争地点,fought_at,2
raw:斗争形式,raw:斗争形式,2
raw:斗争背景,raw:斗争背景,2
raw:斥责,criticized,2
raw:方向,raw:方向,2
raw:方针,raw:方针,2
raw:旧址,raw:旧址,2
raw:时间-人物,raw:时间-人物,2
raw:时间序列,raw:时间序列,2
raw:时间节点,raw:时间节点,2
raw:智取/威慑,raw:智取/威慑,2
raw:智骗,raw:智骗,2
raw:暂居地,stationed_at,2
raw:暗中支持,raw:暗中支持,2
raw:暴动,raw:暴动,2
raw:曾任,raw:曾任,2
raw:服从,reported_to,2
raw:服务区域,raw:服务区域,2
raw:服役于,raw:服役于,2
raw:朗诵,raw:朗诵,2
raw:机构,raw:机构,2
raw:机构-人员,raw:机构-人员,2
raw:机构-实践,raw:机构-实践,2
raw:机构-政策,raw:机构-政策,2
raw:机构所在地,located_in,2
raw:机构驻地,raw:机构驻地,2
raw:杀害者与受害者,raw:杀害者与受害者,2
raw:杀死,raw:杀死,2
raw:权委/收编,raw:权委/收编,2
raw:来自,raw:来自,2
raw:构成,part_of,2
raw:构筑于,raw:构筑于,2
raw:枪决,killed,2
raw:查封事件,raw:查封事件,2
raw:查禁,raw:查禁,2
raw:查阅,raw:查阅,2
raw:标识,raw:标识,2
raw:标识物,raw:标识物,2
raw:树立,raw:树立,2
raw:校长,raw:校长,2
raw:核心人物,member_of,2
raw:核心关联,raw:核心关联,2
raw:核心参与者,participated_in,2
raw:核心策略,raw:核心策略,2
raw:核心议题,raw:核心议题,2
raw:案例-事件,raw:案例-事件,2
raw:检讨,criticized,2
raw:模范,raw:模范,2
raw:模范履行,raw:模范履行,2
raw:欢送,raw:欢送,2
raw:款待,raw:款待,2
raw:正式委员,raw:正式委员,2
raw:武器,raw:武器,2
raw:武器移交,raw:武器移交,2
raw:武器输送者,raw:武器输送者,2
raw:武装,raw:武装,2
raw:武装反抗,raw:武装反抗,2
raw:武装合作,raw:武装合作,2
raw:武装工具,raw:武装工具,2
raw:武装支援,raw:武装支援,2
raw:武装阻拦,raw:武装阻拦,2
raw:歼灭俘虏,raw:歼灭俘虏,2
raw:殉难,died_at,2
raw:殉难,raw:殉难,2
raw:殉难于,died_at,2
raw:残害,raw:残害,2
raw:母亲,raw:母亲,2
raw:求学地,raw:求学地,2
raw:汇合地点,raw:汇合地点,2
raw:汇报-指示,reported_to,2
raw:汇报工作,raw:汇报工作,2
raw:汇报请示,reported_to,2
raw:没收对象,raw:没收对象,2
raw:没收粮食,raw:没收粮食,2
raw:治理,governed,2
raw:治疗休养,raw:治疗休养,2
raw:治疗地点,raw:治疗地点,2
raw:沿,raw:沿,2
raw:沿岸,raw:沿岸,2
raw:沿岸关联,raw:沿岸关联,2
raw:泅渡,raw:泅渡,2
raw:注意,raw:注意,2
raw:活动-场所,raw:活动-场所,2
raw:活动-手段,raw:活动-手段,2
raw:活动/奇袭,raw:活动/奇袭,2
raw:活动/滋扰,raw:活动/滋扰,2
raw:活动/策划,raw:活动/策划,2
raw:活动/西进,raw:活动/西进,2
raw:活动区域-目标人物,active_at,2
raw:活动地点-人物,raw:活动地点-人物,2
raw:活动地点关联,raw:活动地点关联,2
raw:活动对象,raw:活动对象,2
raw:活动形式,raw:活动形式,2
raw:活动目的地,raw:活动目的地,2
raw:活动终点,raw:活动终点,2
raw:活动网络,raw:活动网络,2
raw:派出关系,dispatched,2
raw:派出工作组,raw:派出工作组,2
raw:派取经费,raw:派取经费,2
raw:派往,dispatched,2
raw:派送,raw:派送,2
raw:派遣干部,raw:派遣干部,2
raw:派驻,raw:派驻,2
raw:流亡地点,raw:流亡地点,2
raw:消灭,killed,2
raw:涉及事件,raw:涉及事件,2
raw:涉案人员,raw:涉案人员,2
raw:涉水,traveled_to,2
raw:深入开辟,raw:深入开辟,2
raw:清剿行动,raw:清剿行动,2
raw:清匪建政,raw:清匪建政,2
raw:清点,raw:清点,2
raw:渗透企图,raw:渗透企图,2
raw:渗透对象,raw:渗透对象,2
raw:渡江事件,raw:渡江事件,2
raw:渡江目标,raw:渡江目标,2
raw:渡河点,raw:渡河点,2
raw:渡越,traveled_to,2
raw:游击,raw:游击,2
raw:游击于,raw:游击于,2
raw:游历,visited,2
raw:演进关系,raw:演进关系,2
raw:潜回,raw:潜回,2
raw:潜逃,raw:潜逃,2
raw:澄清,raw:澄清,2
raw:激化,raw:激化,2
raw:激发,raw:激发,2
raw:激战/突围,raw:激战/突围,2
raw:激战于,raw:激战于,2
raw:炮击,raw:炮击,2
raw:炸开,raw:炸开,2
raw:焚烧,raw:焚烧,2
raw:煮食,raw:煮食,2
raw:爆发于,occurred_at,2
raw:爆破攻坚,raw:爆破攻坚,2
raw:牢记,raw:牢记,2
raw:物-人关联,raw:物-人关联,2
raw:物-地,raw:物-地,2
raw:物-地点,raw:物-地点,2
raw:物与事件,raw:物与事件,2
raw:物品,raw:物品,2
raw:物品传递,raw:物品传递,2
raw:物质与组织载体,raw:物质与组织载体,2
raw:物资中转,raw:物资中转,2
raw:物资中转站,raw:物资中转站,2
raw:物资传递,raw:物资传递,2
raw:物资保障,raw:物资保障,2
raw:物资支援,supported,2
raw:物资来源地,raw:物资来源地,2
raw:物资获取,raw:物资获取,2
raw:物资转运点,raw:物资转运点,2
raw:牵回,raw:牵回,2
raw:特务渗透,raw:特务渗透,2
raw:牺牲-地点,raw:牺牲-地点,2
raw:牺牲与镇压,raw:牺牲与镇压,2
raw:牺牲地关联,raw:牺牲地关联,2
raw:牺牲对象,raw:牺牲对象,2
raw:犒劳,raw:犒劳,2
raw:犯罪行为关联,raw:犯罪行为关联,2
raw:献计,raw:献计,2
raw:率军摧毁,raw:率军摧毁,2
raw:率红军主力转移到,raw:率红军主力转移到,2
raw:率部回到,raw:率部回到,2
raw:率部活动,active_at,2
raw:率部清剿,raw:率部清剿,2
raw:率部起义,raw:率部起义,2
raw:率队,led,2
raw:率领红军集结于,raw:率领红军集结于,2
raw:理论指导,influenced,2
raw:理论指导,raw:理论指导,2
raw:理论教育,raw:理论教育,2
raw:生产,carried_out,2
raw:生产地-产品,raw:生产地-产品,2
raw:生产支援,raw:生产支援,2
raw:甩开,raw:甩开,2
raw:由...成立,raw:由...成立,2
raw:由...组成,raw:由...组成,2
raw:申请入党,raw:申请入党,2
raw:电令指挥,commanded,2
raw:电报联络,raw:电报联络,2
raw:留下装备,raw:留下装备,2
raw:痛击,raw:痛击,2
raw:监听,raw:监听,2
raw:监督人,raw:监督人,2
raw:监禁地点,imprisoned_at,2
raw:监视/派员,raw:监视/派员,2
raw:监视关系,raw:监视关系,2
raw:监视地点,raw:监视地点,2
raw:盘查,raw:盘查,2
raw:盘踞/退守,raw:盘踞/退守,2
raw:盘踞区域,stationed_at,2
raw:盘踞地点,stationed_at,2
raw:盘问,raw:盘问,2
raw:目标-任务,raw:目标-任务,2
raw:目标地,occurred_at,2
raw:目标导向,raw:目标导向,2
raw:直接参与,participated_in,2
raw:直接指挥,commanded,2
raw:直插,raw:直插,2
raw:直逼,raw:直逼,2
raw:相关事件与领导机构,raw:相关事件与领导机构,2
raw:相关于,raw:相关于,2
raw:相关地理,raw:相关地理,2
raw:相关地理环境,raw:相关地理环境,2
raw:相关记录,raw:相关记录,2
raw:看望,raw:看望,2
raw:督师,raw:督师,2
raw:瞻仰于,raw:瞻仰于,2
raw:研究于,raw:研究于,2
raw:研究区域,raw:研究区域,2
raw:研讨,raw:研讨,2
raw:砸碎,raw:砸碎,2
raw:示范,raw:示范,2
raw:示范带动于,raw:示范带动于,2
raw:社会关系,raw:社会关系,2
raw:社长,raw:社长,2
raw:离别,raw:离别,2
raw:秘密会晤,met_with,2
raw:秘密发展,raw:秘密发展,2
raw:秘密发展会员,raw:秘密发展会员,2
raw:秘密处死,killed,2
raw:秘密联络点,raw:秘密联络点,2
raw:移交/支援,raw:移交/支援,2
raw:移交方,raw:移交方,2
raw:移动,traveled_to,2
raw:移防至,raw:移防至,2
raw:移驻,raw:移驻,2
raw:移驻/征发,raw:移驻/征发,2
raw:移驻于,raw:移驻于,2
raw:移驻地,raw:移驻地,2
raw:空前高涨,raw:空前高涨,2
raw:穿越,traveled_to,2
raw:穿过,raw:穿过,2
raw:突击,raw:突击,2
raw:突围汇合,raw:突围汇合,2
raw:突围目标,raw:突围目标,2
raw:突破地点,raw:突破地点,2
raw:窜扰于,raw:窜扰于,2
raw:窜逃,raw:窜逃,2
raw:站立于,raw:站立于,2
raw:章程起草,raw:章程起草,2
raw:策划/执行,organized,2
raw:策划于,raw:策划于,2
raw:策划发动,raw:策划发动,2
raw:策划者,raw:策划者,2
raw:策划谋杀,raw:策划谋杀,2
raw:策反者,raw:策反者,2
raw:策略对抗,raw:策略对抗,2
raw:筹划协助,collaborated_with,2
raw:筹划者,raw:筹划者,2
raw:筹办,created,2
raw:筹办者,raw:筹办者,2
raw:筹建者,raw:筹建者,2
raw:签署人,raw:签署人,2
raw:签署者,raw:签署者,2
raw:签署者-文件,raw:签署者-文件,2
raw:签订协定,raw:签订协定,2
raw:管控,raw:管控,2
raw:管理关联,raw:管理关联,2
raw:管理区域,governed,2
raw:管理对象,raw:管理对象,2
raw:管理维护,responsible_for,2
raw:管辖-区域,raw:管辖-区域,2
raw:籍贯/关联地,raw:籍贯/关联地,2
raw:籍贯/故乡,raw:籍贯/故乡,2
raw:籍贯/活动地点,raw:籍贯/活动地点,2
raw:籍贯关系,raw:籍贯关系,2
raw:类比,raw:类比,2
raw:精神产物,raw:精神产物,2
raw:精神传播,raw:精神传播,2
raw:精神体现,embodied_by_person,2
raw:精神体现,embodied_in_event,2
raw:精神升华,raw:精神升华,2
raw:精神指引,raw:精神指引,2
raw:精神来源,originated_from_event,2
raw:精神激励,raw:精神激励,2
raw:素材来源,raw:素材来源,2
raw:纠正对象,raw:纠正对象,2
raw:纠集,recruited,2
raw:纪念地点,raw:纪念地点,2
raw:纪念场所-人物,raw:纪念场所-人物,2
raw:纪念物,raw:纪念物,2
raw:组建/合作,raw:组建/合作,2
raw:组建/领导,raw:组建/领导,2
raw:组建单位,raw:组建单位,2
raw:组建指挥,raw:组建指挥,2
raw:组成人员,raw:组成人员,2
raw:组织-出版物,raw:组织-出版物,2
raw:组织-分支,raw:组织-分支,2
raw:组织-创建物,raw:组织-创建物,2
raw:组织-地域,located_in,2
raw:组织-媒介,raw:组织-媒介,2
raw:组织-实施区域,raw:组织-实施区域,2
raw:组织-实施地区,raw:组织-实施地区,2
raw:组织-政权,governed,2
raw:组织-活动范围,active_at,2
raw:组织-群体,raw:组织-群体,2
raw:组织-行动,organized,2
raw:组织-设施,raw:组织-设施,2
raw:组织-载体,raw:组织-载体,2
raw:组织-遵循,raw:组织-遵循,2
raw:组织-领导,guided,2
raw:组织-领导,led,2
raw:组织/动员,raw:组织/动员,2
raw:组织/强迫,raw:组织/强迫,2
raw:组织/指导,raw:组织/指导,2
raw:组织/编撰,raw:组织/编撰,2
raw:组织/隶属,raw:组织/隶属,2
raw:组织与执行,raw:组织与执行,2
raw:组织中心,located_in,2
raw:组织介绍,raw:组织介绍,2
raw:组织传播,raw:组织传播,2
raw:组织关系接转,raw:组织关系接转,2
raw:组织分布,raw:组织分布,2
raw:组织协同,raw:组织协同,2
raw:组织单位-人物,raw:组织单位-人物,2
raw:组织发动,organized,2
raw:组织变革,raw:组织变革,2
raw:组织地点,located_in,2
raw:组织实施,organized,2
raw:组织工作,raw:组织工作,2
raw:组织工具,raw:组织工具,2
raw:组织建设,organized,2
raw:组织影响,influenced,2
raw:组织所在地,occurred_at,2
raw:组织指导,guided,2
raw:组织推动,organized,2
raw:组织方,organized,2
raw:组织暴动,raw:组织暴动,2
raw:组织机构-实体,raw:组织机构-实体,2
raw:组织构成,raw:组织构成,2
raw:组织武装,raw:组织武装,2
raw:组织活动中心,stationed_at,2
raw:组织活动区域,active_at,2
raw:组织活动地,active_at,2
raw:组织目标,raw:组织目标,2
raw:组织者-作品,raw:组织者-作品,2
raw:组织者-组织物,raw:组织者-组织物,2
raw:组织者-被组织者,organized,2
raw:组织联动,raw:组织联动,2
raw:组织联络,raw:组织联络,2
raw:组织节点,raw:组织节点,2
raw:组织调动,raw:组织调动,2
raw:组织起源,raw:组织起源,2
raw:组织转移,raw:组织转移,2
raw:组织阅读,raw:组织阅读,2
raw:组织防御,raw:组织防御,2
raw:组织隶属关系,raw:组织隶属关系,2
raw:终点,raw:终点,2
raw:终结,raw:终结,2
raw:经,raw:经,2
raw:经历者,raw:经历者,2
raw:经济关系,raw:经济关系,2
raw:经济建设,raw:经济建设,2
raw:经济控制,raw:经济控制,2
raw:经济支撑,raw:经济支撑,2
raw:经济斗争,raw:经济斗争,2
raw:经费拨付,raw:经费拨付,2
raw:经验借鉴,raw:经验借鉴,2
raw:结合进行,raw:结合进行,2
raw:结婚,raw:结婚,2
raw:统一指挥,raw:统一指挥,2
raw:统一领导,raw:统一领导,2
raw:统办,raw:统办,2
raw:统战关系,collaborated_with,2
raw:统战团结,raw:统战团结,2
raw:统战联系,raw:统战联系,2
raw:统率,commanded,2
raw:统领,commanded,2
raw:继承,originated_from_event,2
raw:继承发扬,raw:继承发扬,2
raw:维护者,raw:维护者,2
raw:编创,raw:编创,2
raw:编唱,raw:编唱,2
raw:编撰者,raw:编撰者,2
raw:编纂出版,raw:编纂出版,2
raw:缴械投降,raw:缴械投降,2
raw:缴获地点,raw:缴获地点,2
raw:缴获武器,raw:缴获武器,2
raw:群众纪律,raw:群众纪律,2
raw:翻译张贴,raw:翻译张贴,2
raw:翻越地点,raw:翻越地点,2
raw:翻越进入,raw:翻越进入,2
raw:考察对象,raw:考察对象,2
raw:职务-人物,raw:职务-人物,2
raw:职务代理,raw:职务代理,2
raw:职务隶属,raw:职务隶属,2
raw:职责分配,raw:职责分配,2
raw:联动关系,raw:联动关系,2
raw:联合对象,raw:联合对象,2
raw:联合抓捕,raw:联合抓捕,2
raw:联系合作,collaborated_with,2
raw:联系工作,raw:联系工作,2
raw:联系请求,raw:联系请求,2
raw:联络-对象,raw:联络-对象,2
raw:联络/指示,raw:联络/指示,2
raw:联络人-事件,raw:联络人-事件,2
raw:联络区域,raw:联络区域,2
raw:联络协助,raw:联络协助,2
raw:联络场所,raw:联络场所,2
raw:联络工作,raw:联络工作,2
raw:联络户,raw:联络户,2
raw:联络指挥,raw:联络指挥,2
raw:联络接洽,raw:联络接洽,2
raw:联络枢纽,raw:联络枢纽,2
raw:联络渠道,contacted,2
raw:联络点-地点,raw:联络点-地点,2
raw:联络点关联,raw:联络点关联,2
raw:联络路线,raw:联络路线,2
raw:聘用,recruited,2
raw:職務關係,raw:職務關係,2
raw:背叛/牺牲关系,raw:背叛/牺牲关系,2
raw:背叛行为,raw:背叛行为,2
raw:背负,raw:背负,2
raw:背送,escorted,2
raw:胜利,raw:胜利,2
raw:胜利因素,raw:胜利因素,2
raw:脱险,raw:脱险,2
raw:自首,raw:自首,2
raw:致电,contacted,2
raw:范围,raw:范围,2
raw:草签,raw:草签,2
raw:荣获,raw:荣获,2
raw:获取信息,raw:获取信息,2
raw:获得表彰,raw:获得表彰,2
raw:营救关联,raw:营救关联,2
raw:营救地点,raw:营救地点,2
raw:营救目标,raw:营救目标,2
raw:落脚点,stationed_at,2
raw:葬处,raw:葬处,2
raw:藏匿于,raw:藏匿于,2
raw:藏匿位置,preserved_at,2
raw:藏身,raw:藏身,2
raw:行为者,raw:行为者,2
raw:行使,raw:行使,2
raw:行军/战斗,raw:行军/战斗,2
raw:行军休整,raw:行军休整,2
raw:行军经过,raw:行军经过,2
raw:行军途经,traveled_to,2
raw:行刑者-受害者,killed,2
raw:行动中心,raw:行动中心,2
raw:行动主体,carried_out,2
raw:行动协作,collaborated_with,2
raw:行动协调,raw:行动协调,2
raw:行动参与,raw:行动参与,2
raw:行动参与者,raw:行动参与者,2
raw:行动执行者,raw:行动执行者,2
raw:行动起点,raw:行动起点,2
raw:行动轨迹,raw:行动轨迹,2
raw:行政管理,governed,2
raw:行政行动,raw:行政行动,2
raw:行进,raw:行进,2
raw:行进,traveled_to,2
raw:衔接,raw:衔接,2
raw:补助,raw:补助,2
raw:表彰单位,raw:表彰单位,2
raw:表演,raw:表演,2
raw:被关押地点,imprisoned_at,2
raw:被处置,raw:被处置,2
raw:被审判对象,raw:被审判对象,2
raw:被审讯,raw:被审讯,2
raw:被害者-凶手,killed,2
raw:被带走,raw:被带走,2
raw:被开除学籍,raw:被开除学籍,2
raw:被影响,influenced,2
raw:被打击对象,raw:被打击对象,2
raw:被批判,criticized,2
raw:被批评,raw:被批评,2
raw:被拘禁,imprisoned_at,2
raw:被捕关联,arrested_at,2
raw:被捕同案犯,raw:被捕同案犯,2
raw:被捕处决,raw:被捕处决,2
raw:被捕牵连,raw:被捕牵连,2
raw:被收买,raw:被收买,2
raw:被改造,raw:被改造,2
raw:被斗争对象,raw:被斗争对象,2
raw:被暗算,raw:被暗算,2
raw:被枪杀,raw:被枪杀,2
raw:被查获,raw:被查获,2
raw:被残忍杀害,raw:被残忍杀害,2
raw:被清剿,raw:被清剿,2
raw:被破坏,raw:被破坏,2
raw:被绑架,raw:被绑架,2
raw:被迫,raw:被迫,2
raw:被迫答应,raw:被迫答应,2
raw:被追捕对象,raw:被追捕对象,2
raw:被镇压对象,raw:被镇压对象,2
raw:袭击事件,raw:袭击事件,2
raw:袭击破坏,raw:袭击破坏,2
raw:装备,used_artifact,2
raw:装备,used_in_event,2
raw:装备-事件,used_in_event,2
raw:西渡,traveled_to,2
raw:西窜,raw:西窜,2
raw:西窜/转移,raw:西窜/转移,2
raw:西窜至,raw:西窜至,2
raw:西进,raw:西进,2
raw:要求参加,raw:要求参加,2
raw:要求完成,raw:要求完成,2
raw:要求释放,raw:要求释放,2
raw:要求镇压,raw:要求镇压,2
raw:见证,commemorates,2
raw:规划,formulated,2
raw:规定保护,raw:规定保护,2
raw:解往,raw:解往,2
raw:解放事件,liberated,2
raw:解放对象,liberated,2
raw:解放时间,raw:解放时间,2
raw:誊写,raw:誊写,2
raw:警戒,raw:警戒,2
raw:计划创建,raw:计划创建,2
raw:计划发生在,raw:计划发生在,2
raw:计划枪杀对象,raw:计划枪杀对象,2
raw:计划活动于,raw:计划活动于,2
raw:计划渡越,raw:计划渡越,2
raw:计划行动方向,raw:计划行动方向,2
raw:订阅,raw:订阅,2
raw:认购于,raw:认购于,2
raw:讨伐对象,opposed,2
raw:讨论内容,raw:讨论内容,2
raw:训练/教育,raw:训练/教育,2
raw:训练委员,raw:训练委员,2
raw:议论,raw:议论,2
raw:记录/考证,raw:记录/考证,2
raw:记录对象,raw:记录对象,2
raw:记录载体,raw:记录载体,2
raw:记述,raw:记述,2
raw:讲解内容,raw:讲解内容,2
raw:讲话/慰问,raw:讲话/慰问,2
raw:讲话人,raw:讲话人,2
raw:设于,located_in,2
raw:设在,stationed_at,2
raw:设备来源,raw:设备来源,2
raw:设指挥部,raw:设指挥部,2
raw:设立于,created,2
raw:设立机构,raw:设立机构,2
raw:设防,raw:设防,2
raw:访问对象,visited,2
raw:证明,raw:证明,2
raw:评价关系,raw:评价关系,2
raw:试办,raw:试办,2
raw:试点,raw:试点,2
raw:试点区域,raw:试点区域,2
raw:诞生于,raw:诞生于,2
raw:诞生地,raw:诞生地,2
raw:诬陷关系,raw:诬陷关系,2
raw:语言接触,raw:语言接触,2
raw:误判,raw:误判,2
raw:误认,raw:误认,2
raw:诱骗对象,raw:诱骗对象,2
raw:说情,raw:说情,2
raw:说明,raw:说明,2
raw:说服关系,raw:说服关系,2
raw:请医治疗,raw:请医治疗,2
raw:请愿对象,raw:请愿对象,2
raw:请援,raw:请援,2
raw:请示汇报,raw:请示汇报,2
raw:请示汇报,reported_to,2
raw:调令/防堵,raw:调令/防堵,2
raw:调任,appointed,2
raw:调任地点,raw:调任地点,2
raw:调动,dispatched,2
raw:调度,raw:调度,2
raw:调度/联络,contacted,2
raw:调来,raw:调来,2
raw:调查区域,raw:调查区域,2
raw:调查处理,raw:调查处理,2
raw:调查访问,raw:调查访问,2
raw:调派,dispatched,2
raw:调研-对象,raw:调研-对象,2
raw:调遣,raw:调遣,2
raw:调配,dispatched,2
raw:调驻,raw:调驻,2
raw:谈判,met_with,2
raw:谈判参与者,raw:谈判参与者,2
raw:谈判合作,raw:谈判合作,2
raw:谋杀,killed,2
raw:象征关联,raw:象征关联,2
raw:象征物,symbolized_by,2
raw:负伤地点,raw:负伤地点,2
raw:负责事件,raw:负责事件,2
raw:负责于,responsible_for,2
raw:负责人-事件,responsible_for,2
raw:负责关系,raw:负责关系,2
raw:负责护送,raw:负责护送,2
raw:负责接管,raw:负责接管,2
raw:负责筹备,responsible_for,2
raw:负责筹建,raw:负责筹建,2
raw:负责训练,raw:负责训练,2
raw:负责领域,raw:负责领域,2
raw:责成,raw:责成,2
raw:质询,raw:质询,2
raw:质问对象,raw:质问对象,2
raw:贯彻,implemented,2
raw:贯彻于,raw:贯彻于,2
raw:贸易路线,raw:贸易路线,2
raw:资助关系,raw:资助关系,2
raw:资金物资支持,supported,2
raw:资金转移,raw:资金转移,2
raw:赈济,raw:赈济,2
raw:赞颂,raw:赞颂,2
raw:赠予物,raw:赠予物,2
raw:赠送物品,raw:赠送物品,2
raw:走出,traveled_to,2
raw:走访,visited,2
raw:赴任,held_position_in,2
raw:赴延安晋谒,visited,2
raw:赶走,raw:赶走,2
raw:赶赴,raw:赶赴,2
raw:起义地,raw:起义地,2
raw:起义支援,raw:起义支援,2
raw:起义联络,raw:起义联络,2
raw:起义解放,raw:起义解放,2
raw:起源,raw:起源,2
raw:起点,raw:起点,2
raw:起草,formulated,2
raw:起草人,raw:起草人,2
raw:跟踪追击,raw:跟踪追击,2
raw:跟随/掉队,raw:跟随/掉队,2
raw:路径关联,raw:路径关联,2
raw:路线影响,raw:路线影响,2
raw:路过,traveled_to,2
raw:跳入,raw:跳入,2
raw:踊跃,raw:踊跃,2
raw:转为,raw:转为,2
raw:转化关系,raw:转化关系,2
raw:转化对象,raw:转化对象,2
raw:转向,traveled_to,2
raw:转告,raw:转告,2
raw:转战地区,raw:转战地区,2
raw:转战地点,raw:转战地点,2
raw:转折点,raw:转折点,2
raw:转移-目的地,traveled_to,2
raw:转移/交接,raw:转移/交接,2
raw:转移/战斗,raw:转移/战斗,2
raw:转移工作,raw:转移工作,2
raw:转运至,raw:转运至,2
raw:软禁,raw:软禁,2
raw:载体-事件,raw:载体-事件,2
raw:载体-价值观,raw:载体-价值观,2
raw:载体关系,raw:载体关系,2
raw:辅导,guided,2
raw:输送干部,raw:输送干部,2
raw:输送至,dispatched,2
raw:辖属关系,raw:辖属关系,2
raw:辨析,raw:辨析,2
raw:迁就,raw:迁就,2
raw:迁居历史地点,raw:迁居历史地点,2
raw:迁居地,raw:迁居地,2
raw:迁徙地,raw:迁徙地,2
raw:迁徙目的地,traveled_to,2
raw:迁移关联,raw:迁移关联,2
raw:迁移地点,raw:迁移地点,2
raw:迁移路径,raw:迁移路径,2
raw:迁葬地点,raw:迁葬地点,2
raw:过河地点,raw:过河地点,2
raw:迎头痛击,raw:迎头痛击,2
raw:迎接/指挥,commanded,2
raw:迎接于,raw:迎接于,2
raw:运营主体,raw:运营主体,2
raw:运营地点,raw:运营地点,2
raw:运输对象,raw:运输对象,2
raw:运输组织,raw:运输组织,2
raw:运输路径,raw:运输路径,2
raw:运送至,raw:运送至,2
raw:返乡,raw:返乡,2
raw:返回地,raw:返回地,2
raw:返回地点,raw:返回地点,2
raw:进入/架设,raw:进入/架设,2
raw:进军解放,liberated,2
raw:进击,fought_at,2
raw:进城,raw:进城,2
raw:进抵,traveled_to,2
raw:进攻/登陆,raw:进攻/登陆,2
raw:进攻方,raw:进攻方,2
raw:进攻计划,raw:进攻计划,2
raw:进驻于,raw:进驻于,2
raw:进驻地,raw:进驻地,2
raw:远征,raw:远征,2
raw:连接区域,raw:连接区域,2
raw:连长,raw:连长,2
raw:追击于,raw:追击于,2
raw:追击对象,raw:追击对象,2
raw:追击歼灭,raw:追击歼灭,2
raw:追剿/击溃,raw:追剿/击溃,2
raw:追剿/夹击,raw:追剿/夹击,2
raw:追剿对象,raw:追剿对象,2
raw:追悼,raw:追悼,2
raw:追捕者-人物,raw:追捕者-人物,2
raw:追捕落网,raw:追捕落网,2
raw:追歼活捉,raw:追歼活捉,2
raw:追缴,raw:追缴,2
raw:追赶,raw:追赶,2
raw:退却,raw:退却,2
raw:退守于,raw:退守于,2
raw:送交,raw:送交,2
raw:送信,raw:送信,2
raw:送别关系,raw:送别关系,2
raw:送往,raw:送往,2
raw:送盐,raw:送盐,2
raw:送粮,raw:送粮,2
raw:送行,raw:送行,2
raw:逃亡路线,raw:逃亡路线,2
raw:选入,raw:选入,2
raw:选定,raw:选定,2
raw:透露,raw:透露,2
raw:递交备忘录,raw:递交备忘录,2
raw:途经于,traveled_to,2
raw:通信关系,raw:通信关系,2
raw:通信往来,contacted,2
raw:通信联络,contacted,2
raw:通讯,raw:通讯,2
raw:通讯联络,contacted,2
raw:通道,raw:通道,2
raw:逝世于,died_at,2
raw:逼迫,raw:逼迫,2
raw:遇害于,raw:遇害于,2
raw:遇害关联,raw:遇害关联,2
raw:遇难地点,died_at,2
raw:遇难地点,raw:遇难地点,2
raw:遗失-发现,raw:遗失-发现,2
raw:遗存-物资,raw:遗存-物资,2
raw:遗留物,raw:遗留物,2
raw:遭受剥削,raw:遭受剥削,2
raw:遭遇/战斗,raw:遭遇/战斗,2
raw:遭遇/抵抗,raw:遭遇/抵抗,2
raw:遭遇与牺牲,raw:遭遇与牺牲,2
raw:遭遇地,raw:遭遇地,2
raw:遭遇战,fought_at,2
raw:遭遇战,raw:遭遇战,2
raw:避难,raw:避难,2
raw:避难关联,raw:避难关联,2
raw:邀请/会见,raw:邀请/会见,2
raw:部署/指示,commanded,2
raw:部署/联络,raw:部署/联络,2
raw:部署与指导,guided,2
raw:部署指挥,commanded,2
raw:部署接管,raw:部署接管,2
raw:部队-参与事件,participated_in,2
raw:配合-军事行动,raw:配合-军事行动,2
raw:配合作战,collaborated_with,2
raw:配合围剿,raw:配合围剿,2
raw:配合支援,raw:配合支援,2
raw:配合方,raw:配合方,2
raw:配套措施,raw:配套措施,2
raw:酝酿于,raw:酝酿于,2
raw:采用策略,raw:采用策略,2
raw:采纳,raw:采纳,2
raw:采访,raw:采访,2
raw:采访/记录,raw:采访/记录,2
raw:释放,liberated,2
raw:重建,raw:重建,2
raw:重点区域,raw:重点区域,2
raw:重点部署,raw:重点部署,2
raw:重访,visited,2
raw:重访于,visited,2
raw:重访题字,raw:重访题字,2
raw:重返,traveled_to,2
raw:重逢,met_with,2
raw:重逢,raw:重逢,2
raw:销售,raw:销售,2
raw:镇压-对象,raw:镇压-对象,2
raw:镇压关系,raw:镇压关系,2
raw:长征过境,traveled_to,2
raw:问题,raw:问题,2
raw:防务接替,raw:防务接替,2
raw:防御行动,raw:防御行动,2
raw:阴谋,raw:阴谋,2
raw:阵亡于,died_at,2
raw:阵地,raw:阵地,2
raw:阻击于,fought_at,2
raw:阻击地点,fought_at,2
raw:阻击战斗,raw:阻击战斗,2
raw:阻挠,opposed,2
raw:阻隔,raw:阻隔,2
raw:陈列,raw:陈列,2
raw:陪同,escorted,2
raw:随行,raw:随行,2
raw:隐匿,raw:隐匿,2
raw:隐蔽与工作安排,raw:隐蔽与工作安排,2
raw:隐蔽任教,raw:隐蔽任教,2
raw:隐蔽地,raw:隐蔽地,2
raw:隐蔽活动,raw:隐蔽活动,2
raw:隐蔽转移,raw:隐蔽转移,2
raw:隐藏,raw:隐藏,2
raw:隶属关联,raw:隶属关联,2
raw:集中于,raw:集中于,2
raw:集中于,stationed_at,2
raw:集会地点,raw:集会地点,2
raw:集会场所,raw:集会场所,2
raw:集结主力于,raw:集结主力于,2
raw:雇佣,recruited,2
raw:雇佣/管理,raw:雇佣/管理,2
raw:需要证据支持,raw:需要证据支持,2
raw:革命传承,raw:革命传承,2
raw:革命动员,raw:革命动员,2
raw:革命情谊,raw:革命情谊,2
raw:革命战友,comrade_of,2
raw:革命指导,raw:革命指导,2
raw:革命教育,raw:革命教育,2
raw:革命斗争,raw:革命斗争,2
raw:革命活动关联,raw:革命活动关联,2
raw:革命活动发生地,raw:革命活动发生地,2
raw:革命英烈,raw:革命英烈,2
raw:顽抗据守,raw:顽抗据守,2
raw:颁发机构,raw:颁发机构,2
raw:颁布法规,raw:颁布法规,2
raw:领导-事件,raw:领导-事件,2
raw:领导-执行,raw:领导-执行,2
raw:领导-组织,led,2
raw:领导-配合,raw:领导-配合,2
raw:领导/关联,led,2
raw:领导/应对,raw:领导/应对,2
raw:领导/成立,created,2
raw:领导/指导,led,2
raw:领导/指导关系,guided,2
raw:领导/控制,raw:领导/控制,2
raw:领导/暴露,raw:领导/暴露,2
raw:领导/牺牲,raw:领导/牺牲,2
raw:领导/隶属,raw:领导/隶属,2
raw:领导与地区,governed,2
raw:领导与恢复,raw:领导与恢复,2
raw:领导与执行者,raw:领导与执行者,2
raw:领导交接,raw:领导交接,2
raw:领导人,raw:领导人,2
raw:领导人物,raw:领导人物,2
raw:领导决策,raw:领导决策,2
raw:领导发动,led,2
raw:领导学运于,raw:领导学运于,2
raw:领导应对,raw:领导应对,2
raw:领导建设,raw:领导建设,2
raw:领导成员,member_of,2
raw:领导成立,created,2
raw:领导战斗,raw:领导战斗,2
raw:领导执行,raw:领导执行,2
raw:领导指挥,led,2
raw:领导指示,guided,2
raw:领导据点,raw:领导据点,2
raw:领导推动,led,2
raw:领导改造,raw:领导改造,2
raw:领导机关,raw:领导机关,2
raw:领导权交接,raw:领导权交接,2
raw:领导粉碎,raw:领导粉碎,2
raw:领导组织,led,2
raw:领导行动,led,2
raw:领导起义,raw:领导起义,2
raw:领导驱逐,raw:领导驱逐,2
raw:题写者-作品,raw:题写者-作品,2
raw:题刻者,created,2
raw:题词于,raw:题词于,2
raw:题诗,raw:题诗,2
raw:首领,raw:首领,2
raw:驱逐对象,raw:驱逐对象,2
raw:驻,stationed_at,2
raw:驻剿,raw:驻剿,2
raw:驻在,raw:驻在,2
raw:驻地/出发地,raw:驻地/出发地,2
raw:驻地转移,raw:驻地转移,2
raw:驻守-地点,stationed_at,2
raw:驻扎/休养,raw:驻扎/休养,2
raw:驻扎关系,stationed_at,2
raw:驻扎地-单位,raw:驻扎地-单位,2
raw:驻扎宣传,raw:驻扎宣传,2
raw:驻节于,stationed_at,2
raw:驻防地,stationed_at,2
raw:验证,raw:验证,2
raw:骚扰,raw:骚扰,2
raw:高呼口号/压制,raw:高呼口号/压制,2
raw:魂,raw:魂,2
,symbolized_by,1
belongs_to_stage,raw:belongs_to_stage,1
comrade_of,raw:comrade_of,1
created_during,created_during,1
disseminated_at,disseminated_at,1
embodied_by_organization,embodied_by_organization,1
has_value_facet,raw:has_value_facet,1
implemented,implemented,1
preserved_at,preserved_at,1
prototype_for,prototype_for,1
raw:betrayed,raw:betrayed,1
raw:controlled,raw:controlled,1
raw:evolved_into,raw:evolved_into,1
raw:exploited,raw:exploited,1
raw:founded,created,1
raw:origin_place,born_at,1
raw:一同被解往南京,raw:一同被解往南京,1
raw:三渡,raw:三渡,1
raw:上下级联系,reported_to,1
raw:上交黄金,raw:上交黄金,1
raw:上报审批,raw:上报审批,1
raw:上级-事件,raw:上级-事件,1
raw:上级/联系人,raw:上级/联系人,1
raw:上级与下级,reported_to,1
raw:上级组织,reported_to,1
raw:上级部署,raw:上级部署,1
raw:上级领导,reported_to,1
raw:上缴,raw:上缴,1
raw:上街,raw:上街,1
raw:下乡工作,stationed_at,1
raw:下乡绑票,raw:下乡绑票,1
raw:下令围剿,commanded,1
raw:下令抓,raw:下令抓,1
raw:下令搜捕,raw:下令搜捕,1
raw:下令撤退,raw:下令撤退,1
raw:下令斩断,raw:下令斩断,1
raw:下令查办,raw:下令查办,1
raw:下令毁掉,raw:下令毁掉,1
raw:下令解散,raw:下令解散,1
raw:下令逮捕,raw:下令逮捕,1
raw:下令释放,raw:下令释放,1
raw:下发条例,raw:下发条例,1
raw:下属关系,reported_to,1
raw:下属组织,raw:下属组织,1
raw:下放,raw:下放,1
raw:下设地点,located_in,1
raw:下设机构,raw:下设机构,1
raw:下达命令,commanded,1
raw:下达指令,commanded,1
raw:下达计划于,raw:下达计划于,1
raw:下达进攻命令于,raw:下达进攻命令于,1
raw:不执行,raw:不执行,1
raw:不拉夫,raw:不拉夫,1
raw:不拿,raw:不拿,1
raw:不敢,raw:不敢,1
raw:不服从,raw:不服从,1
raw:不熟悉,raw:不熟悉,1
raw:不符,raw:不符,1
raw:不能击破,raw:不能击破,1
raw:专案处理,raw:专案处理,1
raw:专访,raw:专访,1
raw:业务关联,raw:业务关联,1
raw:业务合作,raw:业务合作,1
raw:业务行动,raw:业务行动,1
raw:东征路线,raw:东征路线,1
raw:东渡襄河回,traveled_to,1
raw:东移至,raw:东移至,1
raw:东进抗日,fought_at,1
raw:丢弃,raw:丢弃,1
raw:严令指挥,raw:严令指挥,1
raw:严令防堵,raw:严令防堵,1
raw:严刑拷打,raw:严刑拷打,1
raw:严守,raw:严守,1
raw:严惩,raw:严惩,1
raw:严惩关系,raw:严惩关系,1
raw:严斥/关注,raw:严斥/关注,1
raw:严格划分,raw:严格划分,1
raw:严格甄别,raw:严格甄别,1
raw:严禁,raw:严禁,1
raw:严禁窝藏,raw:严禁窝藏,1
raw:个人-组织,raw:个人-组织,1
raw:个人事迹,raw:个人事迹,1
raw:个人负责,raw:个人负责,1
raw:中介,raw:中介,1
raw:中介地点,raw:中介地点,1
raw:中坚,raw:中坚,1
raw:中弹,raw:中弹,1
raw:中心任务,raw:中心任务,1
raw:中心区,raw:中心区,1
raw:中心区域-领导人物,governed,1
raw:中止,raw:中止,1
raw:中转,raw:中转,1
raw:中转地,raw:中转地,1
raw:中转地点,raw:中转地点,1
raw:中转掩护,raw:中转掩护,1
raw:中转站,raw:中转站,1
raw:中转站连接,raw:中转站连接,1
raw:中转联系,raw:中转联系,1
raw:串联关系,raw:串联关系,1
raw:串联发动,organized,1
raw:串联组织,raw:串联组织,1
raw:串连,raw:串连,1
raw:串连组织,raw:串连组织,1
raw:临危受命,raw:临危受命,1
raw:临岸,raw:临岸,1
raw:临时书记,raw:临时书记,1
raw:临时指定,raw:临时指定,1
raw:临时联络人,raw:临时联络人,1
raw:临时负责,raw:临时负责,1
raw:临时驻地,raw:临时驻地,1
raw:临近关系,raw:临近关系,1
raw:主人公,raw:主人公,1
raw:主任,held_position_in,1
raw:主任,raw:主任,1
raw:主体-决策,raw:主体-决策,1
raw:主体-区域,located_in,1
raw:主体-委托,raw:主体-委托,1
raw:主体-客体,raw:主体-客体,1
raw:主体-工具,raw:主体-工具,1
raw:主体-开展,raw:主体-开展,1
raw:主体-执行,raw:主体-执行,1
raw:主体-指导,raw:主体-指导,1
raw:主体-推广,raw:主体-推广,1
raw:主体-政策,raw:主体-政策,1
raw:主体-物,raw:主体-物,1
raw:主体-示范,raw:主体-示范,1
raw:主体-组织,raw:主体-组织,1
raw:主体-行为,raw:主体-行为,1
raw:主体-部署,raw:主体-部署,1
raw:主体关联,raw:主体关联,1
raw:主使逮捕,raw:主使逮捕,1
raw:主力,raw:主力,1
raw:主办,organized,1
raw:主办者,organized,1
raw:主动投降,raw:主动投降,1
raw:主动放弃,raw:主动放弃,1
raw:主导/说服,raw:主导/说服,1
raw:主导主体,led,1
raw:主导人物,led,1
raw:主导创建,raw:主导创建,1
raw:主导制定,raw:主导制定,1
raw:主导发动,led,1
raw:主导思想,raw:主导思想,1
raw:主导执行,raw:主导执行,1
raw:主席,held_position_in,1
raw:主席-会议,raw:主席-会议,1
raw:主席团成员,raw:主席团成员,1
raw:主张-响应,raw:主张-响应,1
raw:主张/反对过早发出,raw:主张/反对过早发出,1
raw:主张/敌人不倒也要暴动,raw:主张/敌人不倒也要暴动,1
raw:主张反对,raw:主张反对,1
raw:主张回,raw:主张回,1
raw:主张建立,raw:主张建立,1
raw:主张提出,advocated,1
raw:主张提出地,raw:主张提出地,1
raw:主张提出者,raw:主张提出者,1
raw:主张者,raw:主张者,1
raw:主张进军,raw:主张进军,1
raw:主张通过,raw:主张通过,1
raw:主战场,raw:主战场,1
raw:主持/决策,raw:主持/决策,1
raw:主持/报告,raw:主持/报告,1
raw:主持/检讨,raw:主持/检讨,1
raw:主持/致辞,raw:主持/致辞,1
raw:主持事件,organized,1
raw:主持事件,raw:主持事件,1
raw:主持仪式,raw:主持仪式,1
raw:主持修建,raw:主持修建,1
raw:主持关系,led,1
raw:主持刊物,raw:主持刊物,1
raw:主持创办,created,1
raw:主持创建,raw:主持创建,1
raw:主持发行,raw:主持发行,1
raw:主持处理,led,1
raw:主持大会,raw:主持大会,1
raw:主持实施,carried_out,1
raw:主持工作,held_position_in,1
raw:主持工作于,governed,1
raw:主持工作于,held_position_in,1
raw:主持建立,raw:主持建立,1
raw:主持建设,raw:主持建设,1
raw:主持扩大会议于,raw:主持扩大会议于,1
raw:主持批评,raw:主持批评,1
raw:主持接管,raw:主持接管,1
raw:主持推动,raw:主持推动,1
raw:主持改组,raw:主持改组,1
raw:主持整训,raw:主持整训,1
raw:主持机构,held_position_in,1
raw:主持筹建,raw:主持筹建,1
raw:主持者-事件,led,1
raw:主持讲话,raw:主持讲话,1
raw:主持调解,raw:主持调解,1
raw:主持采纳,led,1
raw:主攻作战,raw:主攻作战,1
raw:主攻配合,raw:主攻配合,1
raw:主政,governed,1
raw:主政于,governed,1
raw:主演/参与,participated_in,1
raw:主祭者-仪式,raw:主祭者-仪式,1
raw:主笔,raw:主笔,1
raw:主管,held_position_in,1
raw:主管区域,governed,1
raw:主管单位,raw:主管单位,1
raw:主编-刊物,raw:主编-刊物,1
raw:主编/设计,raw:主编/设计,1
raw:主要力量,raw:主要力量,1
raw:主要参与者,raw:主要参与者,1
raw:主要发言者,raw:主要发言者,1
raw:主要活动区域,active_at,1
raw:主要活动地,raw:主要活动地,1
raw:主要领导人,raw:主要领导人,1
raw:主讲课程,raw:主讲课程,1
raw:主谋,organized,1
raw:主题,raw:主题,1
raw:举办于,occurred_at,1
raw:举办于,raw:举办于,1
raw:举办地-人物,raw:举办地-人物,1
raw:举办方,organized,1
raw:举办方-事件,raw:举办方-事件,1
raw:举办方-参与者,raw:举办方-参与者,1
raw:举办者,raw:举办者,1
raw:举报藏匿,raw:举报藏匿,1
raw:举旗引领,led,1
raw:举枪,raw:举枪,1
raw:举行于,raw:举行于,1
raw:乘坐,raw:乘坐,1
raw:乘胜追击,raw:乘胜追击,1
raw:乘虚而入,raw:乘虚而入,1
raw:书信勉励,raw:书信勉励,1
raw:书写/宣传,advocated,1
raw:书写/张贴,raw:书写/张贴,1
raw:书写于,raw:书写于,1
raw:书写地点,raw:书写地点,1
raw:书写者,raw:书写者,1
raw:书记/军长,raw:书记/军长,1
raw:书记于,held_position_in,1
raw:买到,raw:买到,1
raw:买卖公平,raw:买卖公平,1
raw:买米,raw:买米,1
raw:买粮,raw:买粮,1
raw:买草,raw:买草,1
raw:了解情况,raw:了解情况,1
raw:争做,raw:争做,1
raw:争取/教育,raw:争取/教育,1
raw:争取/统战,raw:争取/统战,1
raw:争取与合作,raw:争取与合作,1
raw:争取中立,raw:争取中立,1
raw:争取加入,raw:争取加入,1
raw:争取合作,collaborated_with,1
raw:争取周,raw:争取周,1
raw:争取士绅,raw:争取士绅,1
raw:争取干预,raw:争取干预,1
raw:争取廖,raw:争取廖,1
raw:争取投诚,raw:争取投诚,1
raw:争取支持,raw:争取支持,1
raw:争取改造,raw:争取改造,1
raw:争取瓦解,raw:争取瓦解,1
raw:争取联合,raw:争取联合,1
raw:争取联系,raw:争取联系,1
raw:争取靠拢,raw:争取靠拢,1
raw:争夺于,fought_at,1
raw:争夺于,opposed,1
raw:争当,raw:争当,1
raw:争抢,raw:争抢,1
raw:争权,raw:争权,1
raw:争议对象,raw:争议对象,1
raw:争论对象,raw:争论对象,1
raw:事(需重判),raw:关系待定,1
raw:事-传,raw:事-传,1
raw:事-关联,raw:事-关联,1
raw:事-因,raw:事-因,1
raw:事-机构,raw:事-机构,1
raw:事人关系,raw:事人关系,1
raw:事件-中心,raw:事件-中心,1
raw:事件-价值,raw:事件-价值,1
raw:事件-任务,raw:事件-任务,1
raw:事件-会议,raw:事件-会议,1
raw:事件-动作,raw:事件-动作,1
raw:事件-参与方,raw:事件-参与方,1
raw:事件-参与者关联,raw:事件-参与者关联,1
raw:事件-后续,raw:事件-后续,1
raw:事件-响应,raw:事件-响应,1
raw:事件-响应对象,raw:事件-响应对象,1
raw:事件-地区,occurred_at,1
raw:事件-地域,raw:事件-地域,1
raw:事件-地点,occurred_at,1
raw:事件-地理,raw:事件-地理,1
raw:事件-场所,occurred_at,1
raw:事件-场所,raw:事件-场所,1
raw:事件-基础,raw:事件-基础,1
raw:事件-处理,raw:事件-处理,1
raw:事件-影响,raw:事件-影响,1
raw:事件-思想,embodied_in_event,1
raw:事件-成效,raw:事件-成效,1
raw:事件-战役,raw:事件-战役,1
raw:事件-执行机构,carried_out,1
raw:事件-执行者,raw:事件-执行者,1
raw:事件-推动,influenced,1
raw:事件-支持,raw:事件-支持,1
raw:事件-政策,raw:事件-政策,1
raw:事件-数据,raw:事件-数据,1
raw:事件-文件,raw:事件-文件,1
raw:事件-施动者,raw:事件-施动者,1
raw:事件-时期,raw:事件-时期,1
raw:事件-机构,participated_in,1
raw:事件-机构,raw:事件-机构,1
raw:事件-活动,raw:事件-活动,1
raw:事件-物品,raw:事件-物品,1
raw:事件-物资,raw:事件-物资,1
raw:事件-相关人,raw:事件-相关人,1
raw:事件-相关方,raw:事件-相关方,1
raw:事件-策略,raw:事件-策略,1
raw:事件-纪念地,raw:事件-纪念地,1
raw:事件-纪念物,raw:事件-纪念物,1
raw:事件-行为,raw:事件-行为,1
raw:事件-载体,raw:事件-载体,1
raw:事件-运动,raw:事件-运动,1
raw:事件-配套措施,raw:事件-配套措施,1
raw:事件-领导机构,led,1
raw:事件与事件,raw:事件与事件,1
raw:事件与事件关联,raw:事件与事件关联,1
raw:事件与会议,raw:事件与会议,1
raw:事件与区域关联,raw:事件与区域关联,1
raw:事件与参与群体,raw:事件与参与群体,1
raw:事件与发生地,occurred_at,1
raw:事件与地域关联,raw:事件与地域关联,1
raw:事件与精神,raw:事件与精神,1
raw:事件与组织关联,raw:事件与组织关联,1
raw:事件与行为关联,raw:事件与行为关联,1
raw:事件人物,raw:事件人物,1
raw:事件参与者,participated_in,1
raw:事件参与者-地点,raw:事件参与者-地点,1
raw:事件参与者-目标对象,raw:事件参与者-目标对象,1
raw:事件发生、目标地,raw:事件发生、目标地,1
raw:事件发生命,raw:事件发生命,1
raw:事件发生地-目标人物,raw:事件发生地-目标人物,1
raw:事件发生地点与负责人,raw:事件发生地点与负责人,1
raw:事件发起人,organized,1
raw:事件发起机构,raw:事件发起机构,1
raw:事件发起者,raw:事件发起者,1
raw:事件场所,raw:事件场所,1
raw:事件对象,raw:事件对象,1
raw:事件时间,occurred_during,1
raw:事件目的地,raw:事件目的地,1
raw:事件类型,raw:事件类型,1
raw:事件行为,raw:事件行为,1
raw:事件表现,raw:事件表现,1
raw:事件触发,raw:事件触发,1
raw:事件记录,raw:事件记录,1
raw:事件起因,raw:事件起因,1
raw:事件路径,raw:事件路径,1
raw:事件转移,raw:事件转移,1
raw:事件驱动,raw:事件驱动,1
raw:事务关联,raw:事务关联,1
raw:事变,raw:事变,1
raw:事物-策略,raw:事物-策略,1
raw:事迹创作,raw:事迹创作,1
raw:事迹影响,influenced,1
raw:事迹讲述者,raw:事迹讲述者,1
raw:二渡,traveled_to,1
raw:云集,raw:云集,1
raw:互动/对抗,raw:互动/对抗,1
raw:互动关联,raw:互动关联,1
raw:互动地点,raw:互动地点,1
raw:互助对象,raw:互助对象,1
raw:互相尊重,raw:互相尊重,1
raw:交予枪支,raw:交予枪支,1
raw:交产,member_of,1
raw:交代任务,raw:交代任务,1
raw:交借,raw:交借,1
raw:交出武器,raw:交出武器,1
raw:交出物资,raw:交出物资,1
raw:交往关系,raw:交往关系,1
raw:交往对象,raw:交往对象,1
raw:交情关联,raw:交情关联,1
raw:交战,fought_at,1
raw:交战,opposed,1
raw:交战/突破,raw:交战/突破,1
raw:交战地点,raw:交战地点,1
raw:交战场,raw:交战场,1
raw:交战方,raw:交战方,1
raw:交接关系,raw:交接关系,1
raw:交接地点,raw:交接地点,1
raw:交接归建,raw:交接归建,1
raw:交接防务,raw:交接防务,1
raw:交易媒介,raw:交易媒介,1
raw:交来,raw:交来,1
raw:交枪事件,raw:交枪事件,1
raw:交枪投降,raw:交枪投降,1
raw:交流稳定于,raw:交流稳定于,1
raw:交涉/拒绝,raw:交涉/拒绝,1
raw:交火,raw:交火,1
raw:交界区域,raw:交界区域,1
raw:交还,raw:交还,1
raw:交通,raw:交通,1
raw:交通-地点,raw:交通-地点,1
raw:交通/地理,raw:交通/地理,1
raw:交通/经济支援,raw:交通/经济支援,1
raw:交通关联,raw:交通关联,1
raw:交通员关系,raw:交通员关系,1
raw:交通员安排,dispatched,1
raw:交通往来,raw:交通往来,1
raw:交通站,raw:交通站,1
raw:交通站关联,raw:交通站关联,1
raw:交通站联系,contacted,1
raw:交通站负责人,raw:交通站负责人,1
raw:交通线路,raw:交通线路,1
raw:交通要道,raw:交通要道,1
raw:交通设施,raw:交通设施,1
raw:交锋,raw:交锋,1
raw:交集,raw:交集,1
raw:产业基础,raw:产业基础,1
raw:产出,created,1
raw:产出地,raw:产出地,1
raw:产物关系,raw:产物关系,1
raw:产生于,raw:产生于,1
raw:产生关系,raw:产生关系,1
raw:产生组织,raw:产生组织,1
raw:产生者,raw:产生者,1
raw:亮出,raw:亮出,1
raw:亲历/总结,raw:亲历/总结,1
raw:亲历与纪念,raw:亲历与纪念,1
raw:亲历与记录,raw:亲历与记录,1
raw:亲历于,raw:亲历于,1
raw:亲历者,participated_in,1
raw:亲历者-地点,raw:亲历者-地点,1
raw:亲历记录,raw:亲历记录,1
raw:亲子关系,family_of,1
raw:亲属-影响,raw:亲属-影响,1
raw:亲属保护,raw:亲属保护,1
raw:亲自交涉策反,raw:亲自交涉策反,1
raw:亲自接见,raw:亲自接见,1
raw:亲自物色,raw:亲自物色,1
raw:亲自组织,organized,1
raw:亲近,raw:亲近,1
raw:人-职,held_position_in,1
raw:人-职务,raw:人-职务,1
raw:人/地,raw:人/地,1
raw:人/地关联,raw:人/地关联,1
raw:人/魂,raw:人/魂,1
raw:人事任免,raw:人事任免,1
raw:人事关系,raw:人事关系,1
raw:人事调配,raw:人事调配,1
raw:人员-活动,raw:人员-活动,1
raw:人员派遣,raw:人员派遣,1
raw:人员评价,raw:人员评价,1
raw:人员转移,raw:人员转移,1
raw:人员转移路径,raw:人员转移路径,1
raw:人物-主导,led,1
raw:人物-事,raw:人物-事,1
raw:人物-任职,held_position_in,1
raw:人物-任职地,stationed_at,1
raw:人物-创办,created,1
raw:人物-创建,created,1
raw:人物-制造,created,1
raw:人物-区域,raw:人物-区域,1
raw:人物-单位,raw:人物-单位,1
raw:人物-反馈,raw:人物-反馈,1
raw:人物-地域关联,raw:人物-地域关联,1
raw:人物-奔赴,traveled_to,1
raw:人物-对象,raw:人物-对象,1
raw:人物-导致,influenced,1
raw:人物-就义地,died_at,1
raw:人物-就读,raw:人物-就读,1
raw:人物-建立,raw:人物-建立,1
raw:人物-影响,influenced,1
raw:人物-影响,raw:人物-影响,1
raw:人物-影响范围,influenced,1
raw:人物-情感,raw:人物-情感,1
raw:人物-所属单位,member_of,1
raw:人物-执行,implemented,1
raw:人物-指挥,commanded,1
raw:人物-指示,dispatched,1
raw:人物-时代,raw:人物-时代,1
raw:人物-活动,raw:人物-活动,1
raw:人物-活动于,active_at,1
raw:人物-活动地,stationed_at,1
raw:人物-活动地点,active_at,1
raw:人物-物,used_artifact,1
raw:人物-籍贯,raw:人物-籍贯,1
raw:人物-组织关系,raw:人物-组织关系,1
raw:人物-群体,raw:人物-群体,1
raw:人物-职务,held_position_in,1
raw:人物-记载,raw:人物-记载,1
raw:人物-设施,raw:人物-设施,1
raw:人物-诉求,advocated,1
raw:人物-遗物,raw:人物-遗物,1
raw:人物-领导,led,1
raw:人物与出生地关联,born_at,1
raw:人物与历史时期,raw:人物与历史时期,1
raw:人物与地域,raw:人物与地域,1
raw:人物与场所,raw:人物与场所,1
raw:人物与场所关联,raw:人物与场所关联,1
raw:人物与媒体,raw:人物与媒体,1
raw:人物与文物关联,raw:人物与文物关联,1
raw:人物与时间关联,raw:人物与时间关联,1
raw:人物与机构,raw:人物与机构,1
raw:人物与机构关联,raw:人物与机构关联,1
raw:人物与活动地域,active_at,1
raw:人物与活动地点,active_at,1
raw:人物与职务关联,raw:人物与职务关联,1
raw:人物互动,raw:人物互动,1
raw:人物作用,raw:人物作用,1
raw:人物参与,participated_in,1
raw:人物参与事件,raw:人物参与事件,1
raw:人物地点关联,raw:人物地点关联,1
raw:人物归属,member_of,1
raw:人物所属组织,member_of,1
raw:人物所属组织,raw:人物所属组织,1
raw:人物机构关系,raw:人物机构关系,1
raw:人物活动地域,active_at,1
raw:人物活动场所,raw:人物活动场所,1
raw:人物行为,raw:人物行为,1
raw:人物行为关联,raw:人物行为关联,1
raw:人物驻地,stationed_at,1
raw:人生选择,raw:人生选择,1
raw:人质关系,raw:人质关系,1
raw:人际关联,raw:人际关联,1
raw:仇人,raw:仇人,1
raw:仇恨/斗争,raw:仇恨/斗争,1
raw:介入,participated_in,1
raw:介绍/派遣,dispatched,1
raw:介绍与指导,raw:介绍与指导,1
raw:介绍人-被介绍人,raw:介绍人-被介绍人,1
raw:介绍任教,raw:介绍任教,1
raw:介绍信传递,raw:介绍信传递,1
raw:介绍入党,recruited,1
raw:介绍入党/工作,introduced,1
raw:介绍入党的人物,introduced,1
raw:介绍入职,raw:介绍入职,1
raw:介绍加入党组织,raw:介绍加入党组织,1
raw:介绍招收,raw:介绍招收,1
raw:介绍民先队员,raw:介绍民先队员,1
raw:介绍特派员,raw:介绍特派员,1
raw:介绍路线,raw:介绍路线,1
raw:从事,worked_at,1
raw:从事于,participated_in,1
raw:从事于,worked_at,1
raw:从事革命于,raw:从事革命于,1
raw:从事革命启蒙工作,raw:从事革命启蒙工作,1
raw:从属关系,raw:从属关系,1
raw:从工商户处拿到盒子枪,raw:从工商户处拿到盒子枪,1
raw:付款,raw:付款,1
raw:代替与补充,raw:代替与补充,1
raw:代理指挥,raw:代理指挥,1
raw:代理政委,held_position_in,1
raw:代理秘书,raw:代理秘书,1
raw:代理职务,held_position_in,1
raw:代理职务,raw:代理职务,1
raw:代管治疗,raw:代管治疗,1
raw:代耕,raw:代耕,1
raw:代表-事件,organized,1
raw:代表单位,raw:代表单位,1
raw:代表执行,carried_out,1
raw:代表组织,raw:代表组织,1
raw:代表身份,raw:代表身份,1
raw:代表阅兵,participated_in,1
raw:代销,raw:代销,1
raw:令突围,commanded,1
raw:令转,raw:令转,1
raw:仪式场所,raw:仪式场所,1
raw:价拨,raw:价拨,1
raw:任主席,held_position_in,1
raw:任务-地点,stationed_at,1
raw:任务-目标,raw:任务-目标,1
raw:任务-负责人,responsible_for,1
raw:任务下达,dispatched,1
raw:任务下达-执行者,raw:任务下达-执行者,1
raw:任务下达方,appointed,1
raw:任务交代,dispatched,1
raw:任务交待,raw:任务交待,1
raw:任务传达,raw:任务传达,1
raw:任务关系,raw:任务关系,1
raw:任务区,raw:任务区,1
raw:任务区域,raw:任务区域,1
raw:任务协作,collaborated_with,1
raw:任务地点,stationed_at,1
raw:任务安排,raw:任务安排,1
raw:任务对象,raw:任务对象,1
raw:任务布置者,appointed,1
raw:任务执行,raw:任务执行,1
raw:任务执行关系,raw:任务执行关系,1
raw:任务执行者,raw:任务执行者,1
raw:任务指向,raw:任务指向,1
raw:任务指派者,appointed,1
raw:任务派遣方-执行者,dispatched,1
raw:任务目标,raw:任务目标,1
raw:任务目标-协助者,raw:任务目标-协助者,1
raw:任务目的地,traveled_to,1
raw:任务联系,raw:任务联系,1
raw:任务行动,raw:任务行动,1
raw:任务调动,dispatched,1
raw:任务调动,raw:任务调动,1
raw:任命-负责人,raw:任命-负责人,1
raw:任命/支持,raw:任命/支持,1
raw:任命/改造,raw:任命/改造,1
raw:任命前敌政委,raw:任命前敌政委,1
raw:任庭长,raw:任庭长,1
raw:任支部书记,held_position_in,1
raw:任支队长,commanded,1
raw:任教/隐蔽,raw:任教/隐蔽,1
raw:任教/领导,raw:任教/领导,1
raw:任教单位,raw:任教单位,1
raw:任教发展组织,raw:任教发展组织,1
raw:任教员,worked_at,1
raw:任教宣传,raw:任教宣传,1
raw:任教掩护,raw:任教掩护,1
raw:任教者,raw:任教者,1
raw:任班长,raw:任班长,1
raw:任职-地点,raw:任职-地点,1
raw:任职-组织,raw:任职-组织,1
raw:任职/建立,raw:任职/建立,1
raw:任职分配,raw:任职分配,1
raw:任职办学,raw:任职办学,1
raw:任职区域,stationed_at,1
raw:任职地区,stationed_at,1
raw:任职宣传,raw:任职宣传,1
raw:任职店员,raw:任职店员,1
raw:任职时间,raw:任职时间,1
raw:任职活动,raw:任职活动,1
raw:任职组织,raw:任职组织,1
raw:任职经历,raw:任职经历,1
raw:任职领导,held_position_in,1
raw:任职领导,raw:任职领导,1
raw:任队长,raw:任队长,1
raw:仿制,raw:仿制,1
raw:企图兼并,raw:企图兼并,1
raw:企图叛变,raw:企图叛变,1
raw:企图围缴,raw:企图围缴,1
raw:企图抓捕,raw:企图抓捕,1
raw:企图接管,raw:企图接管,1
raw:企图撤退,raw:企图撤退,1
raw:企图汇合,raw:企图汇合,1
raw:企图突破,raw:企图突破,1
raw:企图调遣,raw:企图调遣,1
raw:企图越过,raw:企图越过,1
raw:企图逮捕,raw:企图逮捕,1
raw:伏击/追击,raw:伏击/追击,1
raw:伏击作战,raw:伏击作战,1
raw:伏击全歼,raw:伏击全歼,1
raw:伏击受降,raw:伏击受降,1
raw:伏击对象,raw:伏击对象,1
raw:伏击战场,fought_at,1
raw:伏击杀害,raw:伏击杀害,1
raw:伏击歼匪,fought_at,1
raw:伏击歼灭战,raw:伏击歼灭战,1
raw:伏击牺牲,raw:伏击牺牲,1
raw:伏击缴获,raw:伏击缴获,1
raw:伏击行动,raw:伏击行动,1
raw:伏击阵地,raw:伏击阵地,1
raw:伏击阻击,raw:伏击阻击,1
raw:休养地点,raw:休养地点,1
raw:休息,raw:休息,1
raw:休整地点,raw:休整地点,1
raw:休整宣传,raw:休整宣传,1
raw:休整点,stationed_at,1
raw:优势上升,raw:优势上升,1
raw:优化,raw:优化,1
raw:优待于,raw:优待于,1
raw:会合事件,raw:会合事件,1
raw:会合于,met_with,1
raw:会合关系,met_with,1
raw:会合掩护,raw:会合掩护,1
raw:会合目标,raw:会合目标,1
raw:会合行动,raw:会合行动,1
raw:会址,occurred_at,1
raw:会址,raw:会址,1
raw:会址设在,located_in,1
raw:会师/休整,raw:会师/休整,1
raw:会师/整编,raw:会师/整编,1
raw:会师/统一行动,raw:会师/统一行动,1
raw:会师/联合,raw:会师/联合,1
raw:会师/联欢,raw:会师/联欢,1
raw:会师事件,raw:会师事件,1
raw:会师关系,met_with,1
raw:会师关联,raw:会师关联,1
raw:会师协同,collaborated_with,1
raw:会师合作,raw:会师合作,1
raw:会师对象,raw:会师对象,1
raw:会师联络,met_with,1
raw:会师配合,raw:会师配合,1
raw:会晤,met_with,1
raw:会晤地点,raw:会晤地点,1
raw:会编,raw:会编,1
raw:会见/赞扬,raw:会见/赞扬,1
raw:会议-行为,raw:会议-行为,1
raw:会议-部署,raw:会议-部署,1
raw:会议/决策,raw:会议/决策,1
raw:会议中心,raw:会议中心,1
raw:会议主持者,raw:会议主持者,1
raw:会议举办地关联,raw:会议举办地关联,1
raw:会议于,occurred_at,1
raw:会议于,raw:会议于,1
raw:会议参与者,participated_in,1
raw:会议召开地,occurred_at,1
raw:会议地,raw:会议地,1
raw:会议形式-事件,raw:会议形式-事件,1
raw:会议组织者,organized,1
raw:会谈于,raw:会谈于,1
raw:会谈双方,raw:会谈双方,1
raw:会面于,raw:会面于,1
raw:会面地点,raw:会面地点,1
raw:会面对象,met_with,1
raw:传信,raw:传信,1
raw:传信/尊重,raw:传信/尊重,1
raw:传入,raw:传入,1
raw:传唱/动员,raw:传唱/动员,1
raw:传唱/启蒙,raw:传唱/启蒙,1
raw:传唱/宣传,raw:传唱/宣传,1
raw:传唱/记录,raw:传唱/记录,1
raw:传承地,raw:传承地,1
raw:传承载体,transmitted_by,1
raw:传授思想于,raw:传授思想于,1
raw:传播-单位,raw:传播-单位,1
raw:传播-对象,raw:传播-对象,1
raw:传播/信服,raw:传播/信服,1
raw:传播/影响,raw:传播/影响,1
raw:传播事件,raw:传播事件,1
raw:传播使用,raw:传播使用,1
raw:传播关联,raw:传播关联,1
raw:传播场所,raw:传播场所,1
raw:传播媒介-事件关联,raw:传播媒介-事件关联,1
raw:传播媒介-人物,raw:传播媒介-人物,1
raw:传播媒介-地点,raw:传播媒介-地点,1
raw:传播影响,influenced,1
raw:传播支持,supported,1
raw:传播文献,raw:传播文献,1
raw:传播真理,raw:传播真理,1
raw:传播者-事件,raw:传播者-事件,1
raw:传播者-政策来源,raw:传播者-政策来源,1
raw:传播者-文件,raw:传播者-文件,1
raw:传播者-文献,raw:传播者-文献,1
raw:传播者-材料,raw:传播者-材料,1
raw:传播者-活动,raw:传播者-活动,1
raw:传播者与被传播者,raw:传播者与被传播者,1
raw:传播至,raw:传播至,1
raw:传播革命思想,raw:传播革命思想,1
raw:传说,raw:传说,1
raw:传达/指示,raw:传达/指示,1
raw:传达/迟缓,raw:传达/迟缓,1
raw:传达/通知,raw:传达/通知,1
raw:传达任务,raw:传达任务,1
raw:传达信息,raw:传达信息,1
raw:传达关于发展工作问题,raw:传达关于发展工作问题,1
raw:传达决定,raw:传达决定,1
raw:传达决策,raw:传达决策,1
raw:传达命令,commanded,1
raw:传达改组决定,raw:传达改组决定,1
raw:传达者-事件,raw:传达者-事件,1
raw:传达者-会议,raw:传达者-会议,1
raw:传达者-决议,raw:传达者-决议,1
raw:传达落实,raw:传达落实,1
raw:传达计划,raw:传达计划,1
raw:传达部署,dispatched,1
raw:传递书籍,raw:传递书籍,1
raw:传递内容,raw:传递内容,1
raw:传递媒介,raw:传递媒介,1
raw:传递物品,raw:传递物品,1
raw:传递者-文件,raw:传递者-文件,1
raw:传递者-物品,raw:传递者-物品,1
raw:传遍,raw:传遍,1
raw:伤亡事件,raw:伤亡事件,1
raw:伤员转运路线,raw:伤员转运路线,1
raw:伪装,raw:伪装,1
raw:伪装宣传,raw:伪装宣传,1
raw:伪装成,raw:伪装成,1
raw:伪装投降,raw:伪装投降,1
raw:伪装脱险,raw:伪装脱险,1
raw:估计不足,raw:估计不足,1
raw:伴侣/战友,raw:伴侣/战友,1
raw:伴侣关系,spouse_of,1
raw:佃农与地主,raw:佃农与地主,1
raw:位于于,located_in,1
raw:位置,raw:位置,1
raw:住地,stationed_at,1
raw:住址,raw:住址,1
raw:住宿/写标语,raw:住宿/写标语,1
raw:住宿/工作,raw:住宿/工作,1
raw:住宿/掩护,raw:住宿/掩护,1
raw:住宿地,raw:住宿地,1
raw:住宿地点,raw:住宿地点,1
raw:住过,raw:住过,1
raw:住过,stationed_at,1
raw:住进,raw:住进,1
raw:体现-事件,embodied_in_event,1
raw:体现于,embodied_by_organization,1
raw:体现于,embodied_by_person,1
raw:体现关系,raw:体现关系,1
raw:体现者,raw:体现者,1
raw:体现觉悟,raw:体现觉悟,1
raw:体现载体,raw:体现载体,1
raw:作为基地开展,raw:作为基地开展,1
raw:作为对象,raw:作为对象,1
raw:作内线,raw:作内线,1
raw:作出决定,raw:作出决定,1
raw:作出贡献,raw:作出贡献,1
raw:作品,raw:作品,1
raw:作品展示,raw:作品展示,1
raw:作品类型,raw:作品类型,1
raw:作战,opposed,1
raw:作战-区域,raw:作战-区域,1
raw:作战-地点,fought_at,1
raw:作战-目标,fought_at,1
raw:作战-追剿区域,raw:作战-追剿区域,1
raw:作战主体,raw:作战主体,1
raw:作战位置,fought_at,1
raw:作战依托,raw:作战依托,1
raw:作战区域-指挥官,raw:作战区域-指挥官,1
raw:作战区域关系,raw:作战区域关系,1
raw:作战区域关联,raw:作战区域关联,1
raw:作战单位-战场,raw:作战单位-战场,1
raw:作战单位-战役,participated_in,1
raw:作战单位-根据地,raw:作战单位-根据地,1
raw:作战地,fought_at,1
raw:作战对抗,raw:作战对抗,1
raw:作战手段,raw:作战手段,1
raw:作战指挥,commanded,1
raw:作战支援,raw:作战支援,1
raw:作战方-对手,raw:作战方-对手,1
raw:作战方向,raw:作战方向,1
raw:作战方式,raw:作战方式,1
raw:作战水域,raw:作战水域,1
raw:作战转移,raw:作战转移,1
raw:作报告传达,raw:作报告传达,1
raw:作曲,created,1
raw:作案地点,raw:作案地点,1
raw:作案工具,used_in_event,1
raw:作案者,raw:作案者,1
raw:作用分割,raw:作用分割,1
raw:作结论,raw:作结论,1
raw:作者/分析者,raw:作者/分析者,1
raw:作者关联,raw:作者关联,1
raw:作词,raw:作词,1
raw:作重要发言,raw:作重要发言,1
raw:作颂,raw:作颂,1
raw:佯攻于,fought_at,1
raw:佯攻牵制,raw:佯攻牵制,1
raw:使用-对象,used_artifact,1
raw:使用-工具,used_artifact,1
raw:使用-材料,raw:使用-材料,1
raw:使用/遗留,raw:使用/遗留,1
raw:使用保管,raw:使用保管,1
raw:使用关系,raw:使用关系,1
raw:使用地,raw:使用地,1
raw:使用场景,raw:使用场景,1
raw:使用对象,raw:使用对象,1
raw:使用期,raw:使用期,1
raw:使用武器,used_in_event,1
raw:使用物,used_in_event,1
raw:使用物品,used_artifact,1
raw:使用物资,raw:使用物资,1
raw:使用者-工具,raw:使用者-工具,1
raw:使用者-武器,raw:使用者-武器,1
raw:使用范围,raw:使用范围,1
raw:使用装备,used_artifact,1
raw:使用证据,raw:使用证据,1
raw:使用货币,raw:使用货币,1
raw:使用遗留,used_artifact,1
raw:侄儿,raw:侄儿,1
raw:例证,raw:例证,1
raw:供奉纪念,raw:供奉纪念,1
raw:供应-需求,raw:供应-需求,1
raw:供应关系,raw:供应关系,1
raw:供应对象,used_artifact,1
raw:供应来源,raw:供应来源,1
raw:供应者-使用者,raw:供应者-使用者,1
raw:供情报,raw:供情报,1
raw:供稿人,raw:供稿人,1
raw:供稿地,raw:供稿地,1
raw:供稿者,raw:供稿者,1
raw:供粮关系,raw:供粮关系,1
raw:供给关系,raw:供给关系,1
raw:供职,raw:供职,1
raw:供词关联,raw:供词关联,1
raw:供餐场所,raw:供餐场所,1
raw:依托体系,raw:依托体系,1
raw:依托地-武装力量,raw:依托地-武装力量,1
raw:依托地理,raw:依托地理,1
raw:依托对象,raw:依托对象,1
raw:依托水系,raw:依托水系,1
raw:依托设施,raw:依托设施,1
raw:依托资源,raw:依托资源,1
raw:依托载体,raw:依托载体,1
raw:依托阵地,raw:依托阵地,1
raw:依据材料,raw:依据材料,1
raw:依法执行,implemented,1
raw:依赖于,raw:依赖于,1
raw:依附关系,raw:依附关系,1
raw:侦听,raw:侦听,1
raw:侦察-目标,raw:侦察-目标,1
raw:侦察/接近,raw:侦察/接近,1
raw:侦察准备,raw:侦察准备,1
raw:侦察地点,raw:侦察地点,1
raw:侦察指挥,raw:侦察指挥,1
raw:侦察敌情,raw:侦察敌情,1
raw:侦察活动,raw:侦察活动,1
raw:侦察联络,raw:侦察联络,1
raw:侦察部署,stationed_at,1
raw:侦悉,raw:侦悉,1
raw:侦报敌情,raw:侦报敌情,1
raw:侦捕,raw:侦捕,1
raw:侦查逮捕,raw:侦查逮捕,1
raw:侦测,raw:侦测,1
raw:侦破对象,raw:侦破对象,1
raw:侵入,raw:侵入,1
raw:侵害关系,raw:侵害关系,1
raw:侵扰,raw:侵扰,1
raw:侵略,raw:侵略,1
raw:侵略事件,raw:侵略事件,1
raw:促使,influenced,1
raw:促成因素,raw:促成因素,1
raw:促成改名,raw:促成改名,1
raw:促成者,raw:促成者,1
raw:促进建立,raw:促进建立,1
raw:俘毙,raw:俘毙,1
raw:俘虏/交涉,raw:俘虏/交涉,1
raw:保卫对象-地理区域,raw:保卫对象-地理区域,1
raw:保卫行动,protected,1
raw:保卫行动,raw:保卫行动,1
raw:保存/保护,raw:保存/保护,1
raw:保存/运营,raw:保存/运营,1
raw:保存单位,raw:保存单位,1
raw:保存地点,raw:保存地点,1
raw:保存实力,raw:保存实力,1
raw:保存者与被保存物,raw:保存者与被保存物,1
raw:保存转移,raw:保存转移,1
raw:保护-对象,raw:保护-对象,1
raw:保护/修缮,raw:保护/修缮,1
raw:保护/协助,raw:保护/协助,1
raw:保护/宣传,raw:保护/宣传,1
raw:保护/平反,raw:保护/平反,1
raw:保护/打击,raw:保护/打击,1
raw:保护/接管,raw:保护/接管,1
raw:保护/掩护,protected,1
raw:保护/支前,raw:保护/支前,1
raw:保护/斥退,raw:保护/斥退,1
raw:保护/转移,raw:保护/转移,1
raw:保护/送别,raw:保护/送别,1
raw:保护/领导,raw:保护/领导,1
raw:保护人员,protected,1
raw:保护对象-责任人,raw:保护对象-责任人,1
raw:保护对象与保护者,raw:保护对象与保护者,1
raw:保护政工队员,raw:保护政工队员,1
raw:保护机构,raw:保护机构,1
raw:保护目标,raw:保护目标,1
raw:保护维持,raw:保护维持,1
raw:保护者-组织,raw:保护者-组织,1
raw:保护行动,protected,1
raw:保护进步师生,protected,1
raw:保管与转移,raw:保管与转移,1
raw:保管文件,raw:保管文件,1
raw:保管者-物品,raw:保管者-物品,1
raw:保粮据点,raw:保粮据点,1
raw:保荐,raw:保荐,1
raw:保送学习,raw:保送学习,1
raw:保释者,raw:保释者,1
raw:保障,protected,1
raw:保障关系,raw:保障关系,1
raw:保障安全,raw:保障安全,1
raw:信仰冲突,raw:信仰冲突,1
raw:信件转送,raw:信件转送,1
raw:信任/回家,raw:信任/回家,1
raw:信任/接纳,raw:信任/接纳,1
raw:信息传播场所,raw:信息传播场所,1
raw:信息传播网络,raw:信息传播网络,1
raw:信息传播载体,raw:信息传播载体,1
raw:信息传递关联,raw:信息传递关联,1
raw:信息支持,raw:信息支持,1
raw:信息汇报,reported_to,1
raw:信息源,raw:信息源,1
raw:信息联动,raw:信息联动,1
raw:信息联络,raw:信息联络,1
raw:信息获取,raw:信息获取,1
raw:信息输入,raw:信息输入,1
raw:修好,raw:修好,1
raw:修建/命名,raw:修建/命名,1
raw:修建纪念碑,raw:修建纪念碑,1
raw:修建者与建筑,raw:修建者与建筑,1
raw:修正,raw:修正,1
raw:修正为,raw:修正为,1
raw:修筑于,raw:修筑于,1
raw:修缮/保护,raw:修缮/保护,1
raw:修订,raw:修订,1
raw:修铺,raw:修铺,1
raw:倒酒,raw:倒酒,1
raw:候选资格,raw:候选资格,1
raw:借,raw:借,1
raw:借宿宣传,raw:借宿宣传,1
raw:借宿就餐,raw:借宿就餐,1
raw:借宿饮酒,raw:借宿饮酒,1
raw:借得,raw:借得,1
raw:借枪,raw:借枪,1
raw:借枪联络,raw:借枪联络,1
raw:借枪请求,raw:借枪请求,1
raw:借用,raw:借用,1
raw:借用/补偿,raw:借用/补偿,1
raw:借用归还,raw:借用归还,1
raw:借给,raw:借给,1
raw:借阅书籍,raw:借阅书籍,1
raw:倡议,organized,1
raw:倡议,raw:倡议,1
raw:倡议筹备,raw:倡议筹备,1
raw:倾听,raw:倾听,1
raw:倾诉,raw:倾诉,1
raw:假夫妻关系,raw:假夫妻关系,1
raw:做内应,raw:做内应,1
raw:做工,raw:做工,1
raw:做说客,raw:做说客,1
raw:做鞋,raw:做鞋,1
raw:停办,raw:停办,1
raw:停留,raw:停留,1
raw:停留,stationed_at,1
raw:偶遇,met_with,1
raw:偶遇,raw:偶遇,1
raw:偷摸,raw:偷摸,1
raw:储存,raw:储存,1
raw:储粮地点,raw:储粮地点,1
raw:充实改选,raw:充实改选,1
raw:充实调整,raw:充实调整,1
raw:充实领导,raw:充实领导,1
raw:先后,raw:先后,1
raw:先后两次进入,raw:先后两次进入,1
raw:先后步骤,raw:先后步骤,1
raw:先后顺序,raw:先后顺序,1
raw:先遣,raw:先遣,1
raw:克复,liberated,1
raw:克复,raw:克复,1
raw:免去兼职,raw:免去兼职,1
raw:免职,raw:免职,1
raw:党员,raw:党员,1
raw:党员关系,member_of,1
raw:党员关系,raw:党员关系,1
raw:党员学生,raw:党员学生,1
raw:党员身份,member_of,1
raw:党组织交接,raw:党组织交接,1
raw:党组织关系,raw:党组织关系,1
raw:党组织关系所在地,raw:党组织关系所在地,1
raw:党组织建立,created,1
raw:党组织活动区域,raw:党组织活动区域,1
raw:党组织联系,raw:党组织联系,1
raw:入伍,member_of,1
raw:入侵行动,raw:入侵行动,1
raw:入党,member_of,1
raw:入党于,raw:入党于,1
raw:入党介绍关系,raw:入党介绍关系,1
raw:入党关系,member_of,1
raw:入党宣誓于,raw:入党宣誓于,1
raw:入党对象,raw:入党对象,1
raw:入党批准机构,raw:入党批准机构,1
raw:入党时间,raw:入党时间,1
raw:入党请求,raw:入党请求,1
raw:入城,raw:入城,1
raw:入城解放,liberated,1
raw:入股,raw:入股,1
raw:入赣,raw:入赣,1
raw:入闽,raw:入闽,1
raw:入黔作战,raw:入黔作战,1
raw:全俘,raw:全俘,1
raw:全力支前,raw:全力支前,1
raw:全歼敌于,raw:全歼敌于,1
raw:公判处决,killed,1
raw:公审枪决,raw:公审枪决,1
raw:公开,raw:公开,1
raw:公开审判处决,raw:公开审判处决,1
raw:公捕判刑,raw:公捕判刑,1
raw:公推,raw:公推,1
raw:公祭,raw:公祭,1
raw:共事关系,colleague_of,1
raw:共同下令,raw:共同下令,1
raw:共同制定策略,collaborated_with,1
raw:共同建立党小组,raw:共同建立党小组,1
raw:共同开展工作,collaborated_with,1
raw:共同活动,collaborated_with,1
raw:共同牺牲,raw:共同牺牲,1
raw:共同行动,collaborated_with,1
raw:共同行动,raw:共同行动,1
raw:共同赴延安学习,raw:共同赴延安学习,1
raw:共同转移,raw:共同转移,1
raw:共同迎接,raw:共同迎接,1
raw:共同领导者,raw:共同领导者,1
raw:共商,raw:共商,1
raw:共存亡,raw:共存亡,1
raw:共犯关系,raw:共犯关系,1
raw:共生,raw:共生,1
raw:关心补助,raw:关心补助,1
raw:关怀/照顾,raw:关怀/照顾,1
raw:关怀/纪念,raw:关怀/纪念,1
raw:关怀/鼓励,raw:关怀/鼓励,1
raw:关怀保护,raw:关怀保护,1
raw:关怀安置,raw:关怀安置,1
raw:关怀指导,guided,1
raw:关怀指导于,raw:关怀指导于,1
raw:关怀支持,raw:关怀支持,1
raw:关押/写作,imprisoned_at,1
raw:关押/宣传,raw:关押/宣传,1
raw:关押/牺牲,raw:关押/牺牲,1
raw:关押与斗争,raw:关押与斗争,1
raw:关押关系,imprisoned_at,1
raw:关押关系,raw:关押关系,1
raw:关押关联,raw:关押关联,1
raw:关押同犯,raw:关押同犯,1
raw:关押地-人物,raw:关押地-人物,1
raw:关押对象,imprisoned_at,1
raw:关注事件,raw:关注事件,1
raw:关注支持,supported,1
raw:关爱,raw:关爱,1
raw:关系传递,raw:关系传递,1
raw:关系保存者,raw:关系保存者,1
raw:关系密切,raw:关系密切,1
raw:关系引荐,introduced,1
raw:关系网络,raw:关系网络,1
raw:关系转移,raw:关系转移,1
raw:关联-同属,raw:关联-同属,1
raw:关联-地区,raw:关联-地区,1
raw:关联-地域,raw:关联-地域,1
raw:关联-思想来源,raw:关联-思想来源,1
raw:关联-战斗,raw:关联-战斗,1
raw:关联-据点,raw:关联-据点,1
raw:关联-支持,raw:关联-支持,1
raw:关联-根据地,raw:关联-根据地,1
raw:关联-精神,raw:关联-精神,1
raw:关联-精神传承,raw:关联-精神传承,1
raw:关联-群体,raw:关联-群体,1
raw:关联-营救,raw:关联-营救,1
raw:关联-设施,raw:关联-设施,1
raw:关联-阵地,raw:关联-阵地,1
raw:关联主体,raw:关联主体,1
raw:关联主体与事件,raw:关联主体与事件,1
raw:关联乡长与革命活动区域,raw:关联乡长与革命活动区域,1
raw:关联事,raw:关联事,1
raw:关联事件-主体,raw:关联事件-主体,1
raw:关联事件-产业支撑,raw:关联事件-产业支撑,1
raw:关联事件-军事行动,raw:关联事件-军事行动,1
raw:关联事件-动员对象,raw:关联事件-动员对象,1
raw:关联事件-区域,raw:关联事件-区域,1
raw:关联事件-参与者,raw:关联事件-参与者,1
raw:关联事件-战场区域,occurred_at,1
raw:关联事件-执行单位,raw:关联事件-执行单位,1
raw:关联事件-指导者,raw:关联事件-指导者,1
raw:关联事件-政权建设,raw:关联事件-政权建设,1
raw:关联事件-文献,raw:关联事件-文献,1
raw:关联事件-机构,raw:关联事件-机构,1
raw:关联事件-武装力量,raw:关联事件-武装力量,1
raw:关联事件-汇合点,raw:关联事件-汇合点,1
raw:关联事件-纪念场所,raw:关联事件-纪念场所,1
raw:关联事件-组织者,raw:关联事件-组织者,1
raw:关联事件-营救对象,raw:关联事件-营救对象,1
raw:关联事件-落脚点,raw:关联事件-落脚点,1
raw:关联事件-解放区域,liberated,1
raw:关联事件-重建区域,raw:关联事件-重建区域,1
raw:关联事件-隐蔽据点,raw:关联事件-隐蔽据点,1
raw:关联事件-领导人,raw:关联事件-领导人,1
raw:关联事件-领导机构,raw:关联事件-领导机构,1
raw:关联事件与交涉对象,raw:关联事件与交涉对象,1
raw:关联事件与创作,raw:关联事件与创作,1
raw:关联事件与参与力量,raw:关联事件与参与力量,1
raw:关联事件与参与者,raw:关联事件与参与者,1
raw:关联事件与发生区域,raw:关联事件与发生区域,1
raw:关联事件与名录,raw:关联事件与名录,1
raw:关联事件与处决地点,raw:关联事件与处决地点,1
raw:关联事件与对象,raw:关联事件与对象,1
raw:关联事件与支援地域,raw:关联事件与支援地域,1
raw:关联事件与文物,raw:关联事件与文物,1
raw:关联事件与研究机构,raw:关联事件与研究机构,1
raw:关联事件与纪念地,commemorates,1
raw:关联事件与纪念地,raw:关联事件与纪念地,1
raw:关联事件与纪念场所,raw:关联事件与纪念场所,1
raw:关联事件与载体,raw:关联事件与载体,1
raw:关联事件与驻地,raw:关联事件与驻地,1
raw:关联事件场所,raw:关联事件场所,1
raw:关联事件迁移,raw:关联事件迁移,1
raw:关联于,raw:关联于,1
raw:关联人-地点,raw:关联人-地点,1
raw:关联人物-人物,raw:关联人物-人物,1
raw:关联人物-地区,raw:关联人物-地区,1
raw:关联人物-地点,raw:关联人物-地点,1
raw:关联人物-武装力量,raw:关联人物-武装力量,1
raw:关联人物与案件,raw:关联人物与案件,1
raw:关联人物与组织,raw:关联人物与组织,1
raw:关联人物与部队,raw:关联人物与部队,1
raw:关联人物与革命根据地,raw:关联人物与革命根据地,1
raw:关联人物与领导,raw:关联人物与领导,1
raw:关联人物地点,raw:关联人物地点,1
raw:关联人物组织,raw:关联人物组织,1
raw:关联势力,raw:关联势力,1
raw:关联区域-人物,raw:关联区域-人物,1
raw:关联区域-组织,raw:关联区域-组织,1
raw:关联单位-事件,raw:关联单位-事件,1
raw:关联历史背景,raw:关联历史背景,1
raw:关联团体,raw:关联团体,1
raw:关联地-事,raw:关联地-事,1
raw:关联地-地,raw:关联地-地,1
raw:关联地-物,raw:关联地-物,1
raw:关联地-魂,raw:关联地-魂,1
raw:关联地区-学校,raw:关联地区-学校,1
raw:关联地名,raw:关联地名,1
raw:关联地点-地点,raw:关联地点-地点,1
raw:关联地点-时间,raw:关联地点-时间,1
raw:关联地点-部队,raw:关联地点-部队,1
raw:关联地点与组织,raw:关联地点与组织,1
raw:关联地物,raw:关联地物,1
raw:关联地理环境,raw:关联地理环境,1
raw:关联地理范围,raw:关联地理范围,1
raw:关联场景,raw:关联场景,1
raw:关联实践,raw:关联实践,1
raw:关联对象,raw:关联对象,1
raw:关联属性,raw:关联属性,1
raw:关联建筑,raw:关联建筑,1
raw:关联思想,raw:关联思想,1
raw:关联战场,raw:关联战场,1
raw:关联战役遗址,raw:关联战役遗址,1
raw:关联战斗,raw:关联战斗,1
raw:关联执行机构,raw:关联执行机构,1
raw:关联技术,raw:关联技术,1
raw:关联据点,raw:关联据点,1
raw:关联政策与区域,raw:关联政策与区域,1
raw:关联时期,raw:关联时期,1
raw:关联机构与地点,raw:关联机构与地点,1
raw:关联概念,raw:关联概念,1
raw:关联水域-部队,raw:关联水域-部队,1
raw:关联物品,raw:关联物品,1
raw:关联组织-机构,raw:关联组织-机构,1
raw:关联组织与事件,raw:关联组织与事件,1
raw:关联经济-军事,raw:关联经济-军事,1
raw:关联群体,raw:关联群体,1
raw:关联者,raw:关联者,1
raw:关联能力,raw:关联能力,1
raw:关联计划,raw:关联计划,1
raw:关联记录,raw:关联记录,1
raw:关联路径,raw:关联路径,1
raw:关联路线,raw:关联路线,1
raw:关联镇压对象,raw:关联镇压对象,1
raw:关联项目,raw:关联项目,1
raw:关键一役,raw:关键一役,1
raw:关键地形,raw:关键地形,1
raw:关键地点,raw:关键地点,1
raw:关键物资支撑,raw:关键物资支撑,1
raw:关键目标,raw:关键目标,1
raw:关键行动,raw:关键行动,1
raw:兴建者,raw:兴建者,1
raw:兵临/进攻,fought_at,1
raw:兵分,raw:兵分,1
raw:兵力统计,raw:兵力统计,1
raw:兵运对象,raw:兵运对象,1
raw:兵运工作,raw:兵运工作,1
raw:兵运渗透,raw:兵运渗透,1
raw:具体事件,raw:具体事件,1
raw:具体参与者,raw:具体参与者,1
raw:具体地址,located_in,1
raw:具体实践,raw:具体实践,1
raw:具体战场,occurred_at,1
raw:具体战役,raw:具体战役,1
raw:具体负责,raw:具体负责,1
raw:具保,raw:具保,1
raw:具有,raw:具有,1
raw:养伤于,raw:养伤于,1
raw:养伤地点,raw:养伤地点,1
raw:养父子,raw:养父子,1
raw:兼任书记,held_position_in,1
raw:兼任关系,raw:兼任关系,1
raw:兼任司令员,raw:兼任司令员,1
raw:兼任委员长,held_position_in,1
raw:兼任宣传委员,raw:兼任宣传委员,1
raw:兼任宣传部长,raw:兼任宣传部长,1
raw:兼任所长,raw:兼任所长,1
raw:兼任指挥长,held_position_in,1
raw:兼职教师,raw:兼职教师,1
raw:内奸关系,raw:内奸关系,1
raw:内容指导,raw:内容指导,1
raw:内容构成,raw:内容构成,1
raw:内容规定,raw:内容规定,1
raw:内容贡献关系,raw:内容贡献关系,1
raw:内容贡献者,raw:内容贡献者,1
raw:内应配合,raw:内应配合,1
raw:内线联系,raw:内线联系,1
raw:内部人员,raw:内部人员,1
raw:内部斗争,raw:内部斗争,1
raw:内部派系,raw:内部派系,1
raw:再调查核实,raw:再调查核实,1
raw:冒险找,raw:冒险找,1
raw:写信于,raw:写信于,1
raw:写信汇报,raw:写信汇报,1
raw:写信联系,contacted,1
raw:写信联络,contacted,1
raw:写信规劝,raw:写信规劝,1
raw:写进,raw:写进,1
raw:军事-地点,raw:军事-地点,1
raw:军事-对抗,raw:军事-对抗,1
raw:军事-战役,raw:军事-战役,1
raw:军事-支援,raw:军事-支援,1
raw:军事-机构,raw:军事-机构,1
raw:军事-金融,raw:军事-金融,1
raw:军事与政治结合,raw:军事与政治结合,1
raw:军事交锋,raw:军事交锋,1
raw:军事伏击,raw:军事伏击,1
raw:军事会剿于,raw:军事会剿于,1
raw:军事会师,raw:军事会师,1
raw:军事依托,raw:军事依托,1
raw:军事保障,raw:军事保障,1
raw:军事决策,responsible_for,1
raw:军事出击,raw:军事出击,1
raw:军事击溃,raw:军事击溃,1
raw:军事分歧,raw:军事分歧,1
raw:军事包围圈,raw:军事包围圈,1
raw:军事合作,raw:军事合作,1
raw:军事围剿,opposed,1
raw:军事围攻,raw:军事围攻,1
raw:军事基地,raw:军事基地,1
raw:军事堵截,opposed,1
raw:军事堵截,raw:军事堵截,1
raw:军事威慑,raw:军事威慑,1
raw:军事威胁对象,raw:军事威胁对象,1
raw:军事对峙,raw:军事对峙,1
raw:军事封锁线,raw:军事封锁线,1
raw:军事平息,raw:军事平息,1
raw:军事强攻,raw:军事强攻,1
raw:军事态势,raw:军事态势,1
raw:军事成果,raw:军事成果,1
raw:军事打击/肃清,raw:军事打击/肃清,1
raw:军事打击于,raw:军事打击于,1
raw:军事打击对象,raw:军事打击对象,1
raw:军事打击目标,raw:军事打击目标,1
raw:军事抓捕,raw:军事抓捕,1
raw:军事指导,guided,1
raw:军事接管,raw:军事接管,1
raw:军事搭档,collaborated_with,1
raw:军事改编,raw:军事改编,1
raw:军事攻坚,raw:军事攻坚,1
raw:军事政治成果,raw:军事政治成果,1
raw:军事政治攻势,raw:军事政治攻势,1
raw:军事整编,raw:军事整编,1
raw:军事斗争,raw:军事斗争,1
raw:军事歼灭,raw:军事歼灭,1
raw:军事活动-区域,raw:军事活动-区域,1
raw:军事渗透,raw:军事渗透,1
raw:军事溃逃,raw:军事溃逃,1
raw:军事物资,raw:军事物资,1
raw:军事理论争议,raw:军事理论争议,1
raw:军事突围,raw:军事突围,1
raw:军事策应,raw:军事策应,1
raw:军事策略,raw:军事策略,1
raw:军事联系,raw:军事联系,1
raw:军事背景,raw:军事背景,1
raw:军事行动-保卫对象,raw:军事行动-保卫对象,1
raw:军事行动-区域,raw:军事行动-区域,1
raw:军事行动-参与部队,raw:军事行动-参与部队,1
raw:军事行动-发生地,occurred_at,1
raw:军事行动-对象,raw:军事行动-对象,1
raw:军事行动-战斗,raw:军事行动-战斗,1
raw:军事行动-战略目标,raw:军事行动-战略目标,1
raw:军事行动-控制区域,raw:军事行动-控制区域,1
raw:军事行动-根据地,raw:军事行动-根据地,1
raw:军事行动-目标地点,fought_at,1
raw:军事行动-目标地点,occurred_at,1
raw:军事行动-目的地,raw:军事行动-目的地,1
raw:军事行动-突破防线,raw:军事行动-突破防线,1
raw:军事行动-结果,raw:军事行动-结果,1
raw:军事行动-解放区域,liberated,1
raw:军事行动-路线,raw:军事行动-路线,1
raw:军事行动-防御工事,raw:军事行动-防御工事,1
raw:军事行动区域关联,raw:军事行动区域关联,1
raw:军事行动地点,occurred_at,1
raw:军事行动影响地,raw:军事行动影响地,1
raw:军事行动目标,fought_at,1
raw:军事行动背景,raw:军事行动背景,1
raw:军事行动路径,raw:军事行动路径,1
raw:军事行进,traveled_to,1
raw:军事解放,liberated,1
raw:军事训练,raw:军事训练,1
raw:军事调停,raw:军事调停,1
raw:军事调动,raw:军事调动,1
raw:军事负责人,commanded,1
raw:军事负责人,raw:军事负责人,1
raw:军事路线,raw:军事路线,1
raw:军事转战,raw:军事转战,1
raw:军事转移,raw:军事转移,1
raw:军事转移路线,raw:军事转移路线,1
raw:军事进军,raw:军事进军,1
raw:军事进驻,raw:军事进驻,1
raw:军事追击,raw:军事追击,1
raw:军事部署关联,raw:军事部署关联,1
raw:军事配合,collaborated_with,1
raw:军事防堵,raw:军事防堵,1
raw:军事防守,raw:军事防守,1
raw:军事防御区域,raw:军事防御区域,1
raw:军事驻扎,raw:军事驻扎,1
raw:军政结合,raw:军政结合,1
raw:军民情深,raw:军民情深,1
raw:军民配合,raw:军民配合,1
raw:军民鱼水情,raw:军民鱼水情,1
raw:军阀部署,raw:军阀部署,1
raw:冤案平反,raw:冤案平反,1
raw:冲散,raw:冲散,1
raw:冲杀,raw:冲杀,1
raw:冲破/抵达,raw:冲破/抵达,1
raw:冲突/交涉,raw:冲突/交涉,1
raw:冲突/镇压,raw:冲突/镇压,1
raw:冲突与和解,raw:冲突与和解,1
raw:冲突地点,fought_at,1
raw:冲突地点,occurred_at,1
raw:冲过,raw:冲过,1
raw:冲锋歼敌,fought_at,1
raw:决定/组建,raw:决定/组建,1
raw:决定/转移,raw:决定/转移,1
raw:决定举行,organized,1
raw:决定举行,raw:决定举行,1
raw:决定于,raw:决定于,1
raw:决定使用,raw:决定使用,1
raw:决定准备,raw:决定准备,1
raw:决定发动,raw:决定发动,1
raw:决定发展,raw:决定发展,1
raw:决定召开,raw:决定召开,1
raw:决定展开根据地,raw:决定展开根据地,1
raw:决定建立,organized,1
raw:决定建立根据地于,raw:决定建立根据地于,1
raw:决定开火,raw:决定开火,1
raw:决定执行,formulated,1
raw:决定扩编,raw:决定扩编,1
raw:决定放弃,raw:决定放弃,1
raw:决定根据地,raw:决定根据地,1
raw:决定歼灭敌军于,raw:决定歼灭敌军于,1
raw:决定派人参加,raw:决定派人参加,1
raw:决定清剿,raw:决定清剿,1
raw:决定由赣东南苏区和闽西苏区组成于,raw:决定由赣东南苏区和闽西苏区组成于,1
raw:决定疏散,raw:决定疏散,1
raw:决定组建,organized,1
raw:决定组建,raw:决定组建,1
raw:决定组成,created,1
raw:决定调任,raw:决定调任,1
raw:决定转移,raw:决定转移,1
raw:决定除掉,raw:决定除掉,1
raw:决定首战,raw:决定首战,1
raw:决定首战打,raw:决定首战打,1
raw:决定首战攻击,raw:决定首战攻击,1
raw:决心,raw:决心,1
raw:决心攻下,raw:决心攻下,1
raw:决战,fought_at,1
raw:决策-人物,raw:决策-人物,1
raw:决策-实施区域,raw:决策-实施区域,1
raw:决策-实践,raw:决策-实践,1
raw:决策-执行者,appointed,1
raw:决策-方案,raw:决策-方案,1
raw:决策-组织,organized,1
raw:决策/处置,raw:决策/处置,1
raw:决策/指挥,raw:决策/指挥,1
raw:决策与创建,raw:决策与创建,1
raw:决策与行动,raw:决策与行动,1
raw:决策中心,raw:决策中心,1
raw:决策主体,responsible_for,1
raw:决策事项,formulated,1
raw:决策于,raw:决策于,1
raw:决策人-事件,led,1
raw:决策关系,raw:决策关系,1
raw:决策内容,raw:决策内容,1
raw:决策制定,raw:决策制定,1
raw:决策制定者,formulated,1
raw:决策发起者,organized,1
raw:决策地,occurred_at,1
raw:决策处理,raw:决策处理,1
raw:决策实施区域,raw:决策实施区域,1
raw:决策对象,organized,1
raw:决策影响区域,influenced,1
raw:决策影响范围,influenced,1
raw:决策指向,occurred_at,1
raw:决策指挥,commanded,1
raw:决策指挥,raw:决策指挥,1
raw:决策撤出,raw:决策撤出,1
raw:决策方-行动,carried_out,1
raw:决策机构-会议,raw:决策机构-会议,1
raw:决策机构-对象,raw:决策机构-对象,1
raw:决策活动,raw:决策活动,1
raw:决策管理,governed,1
raw:决策组建,organized,1
raw:决策结果,raw:决策结果,1
raw:决策者-政策,raw:决策者-政策,1
raw:决策者-部署事项,dispatched,1
raw:决策行动,organized,1
raw:决议-事件,raw:决议-事件,1
raw:决议备案,raw:决议备案,1
raw:决议建立根据地,raw:决议建立根据地,1
raw:决议执行,implemented,1
raw:决议执行地,raw:决议执行地,1
raw:决议批判,raw:决议批判,1
raw:决议起草,raw:决议起草,1
raw:准予通缉,raw:准予通缉,1
raw:准印,raw:准印,1
raw:准备会合,raw:准备会合,1
raw:准备关系,raw:准备关系,1
raw:准备去,raw:准备去,1
raw:准备发动,raw:准备发动,1
raw:准备开展,raw:准备开展,1
raw:准备强渡,raw:准备强渡,1
raw:准备攻城,raw:准备攻城,1
raw:准备渡江,raw:准备渡江,1
raw:准备过,raw:准备过,1
raw:减租减息,raw:减租减息,1
raw:减租退押斗争,raw:减租退押斗争,1
raw:减负,raw:减负,1
raw:减轻负担,raw:减轻负担,1
raw:凝聚,raw:凝聚,1
raw:凭吊于,raw:凭吊于,1
raw:凭证关系,raw:凭证关系,1
raw:出任,raw:出任,1
raw:出兵,raw:出兵,1
raw:出击击退,raw:出击击退,1
raw:出动,dispatched,1
raw:出发点,raw:出发点,1
raw:出土地点,raw:出土地点,1
raw:出席于,participated_in,1
raw:出席会议,participated_in,1
raw:出席并发言,participated_in,1
raw:出席并讲话,participated_in,1
raw:出席报告,participated_in,1
raw:出席指导,raw:出席指导,1
raw:出席活动,participated_in,1
raw:出席者-事件,participated_in,1
raw:出席讲话,raw:出席讲话,1
raw:出支,raw:出支,1
raw:出版关联,raw:出版关联,1
raw:出版内容,raw:出版内容,1
raw:出版发行,raw:出版发行,1
raw:出版地点,raw:出版地点,1
raw:出版平台,raw:出版平台,1
raw:出版方,raw:出版方,1
raw:出生,born_at,1
raw:出生/工作,raw:出生/工作,1
raw:出生/遇害地,raw:出生/遇害地,1
raw:出生地关联,raw:出生地关联,1
raw:出资保释,raw:出资保释,1
raw:出资出力,raw:出资出力,1
raw:出身,born_at,1
raw:出身,raw:出身,1
raw:出身地,born_at,1
raw:出身地,raw:出身地,1
raw:出面,raw:出面,1
raw:出面谈判,raw:出面谈判,1
raw:击伤生擒,raw:击伤生擒,1
raw:击倒,raw:击倒,1
raw:击毁,raw:击毁,1
raw:击毙/俘获,raw:击毙/俘获,1
raw:击毙/锄奸,killed,1
raw:击毙关系,killed,1
raw:击毙对象,killed,1
raw:击毙对象,raw:击毙对象,1
raw:击溃匪团,raw:击溃匪团,1
raw:击溃对象,raw:击溃对象,1
raw:击落,raw:击落,1
raw:函索,raw:函索,1
raw:凿通,raw:凿通,1
raw:刁难,raw:刁难,1
raw:分两路,raw:分两路,1
raw:分住,raw:分住,1
raw:分兵/行动,raw:分兵/行动,1
raw:分兵于,raw:分兵于,1
raw:分化控制关系,raw:分化控制关系,1
raw:分化收买,raw:分化收买,1
raw:分化瓦解敌人,raw:分化瓦解敌人,1
raw:分化谈判,raw:分化谈判,1
raw:分发对象,raw:分发对象,1
raw:分发渠道,raw:分发渠道,1
raw:分发者,raw:分发者,1
raw:分头行动,raw:分头行动,1
raw:分工与延续,raw:分工与延续,1
raw:分工负责,raw:分工负责,1
raw:分布,located_in,1
raw:分批撤到,raw:分批撤到,1
raw:分持,raw:分持,1
raw:分散游击,raw:分散游击,1
raw:分析于,raw:分析于,1
raw:分析比对,raw:分析比对,1
raw:分析特点,raw:分析特点,1
raw:分析部署,raw:分析部署,1
raw:分派,raw:分派,1
raw:分派/训练,raw:分派/训练,1
raw:分浮财,raw:分浮财,1
raw:分田,raw:分田,1
raw:分界线,raw:分界线,1
raw:分稻谷,raw:分稻谷,1
raw:分管关系,reported_to,1
raw:分类处置,raw:分类处置,1
raw:分粮/写标语,raw:分粮/写标语,1
raw:分粮/宣传,raw:分粮/宣传,1
raw:分粮/道谢,raw:分粮/道谢,1
raw:分粮食,raw:分粮食,1
raw:分肉,raw:分肉,1
raw:分股隐蔽于,raw:分股隐蔽于,1
raw:分裂,raw:分裂,1
raw:分裂行为,raw:分裂行为,1
raw:分赃,raw:分赃,1
raw:分赴,dispatched,1
raw:分路指向,raw:分路指向,1
raw:分路进入,raw:分路进入,1
raw:分路进逼,raw:分路进逼,1
raw:分路连占,raw:分路连占,1
raw:分送,raw:分送,1
raw:分部所在地,raw:分部所在地,1
raw:分配/审判,raw:分配/审判,1
raw:分配任务,raw:分配任务,1
raw:分配到,raw:分配到,1
raw:分配地点,raw:分配地点,1
raw:分配控制,raw:分配控制,1
raw:分配物资,raw:分配物资,1
raw:分配田地,raw:分配田地,1
raw:分配给,raw:分配给,1
raw:分配至,member_of,1
raw:分配至,raw:分配至,1
raw:分配骨干,raw:分配骨干,1
raw:分驻于,raw:分驻于,1
raw:切断线路,raw:切断线路,1
raw:刊登/社论,raw:刊登/社论,1
raw:刊登内容,raw:刊登内容,1
raw:划入,raw:划入,1
raw:划出,raw:划出,1
raw:划分决策者,raw:划分决策者,1
raw:划定,raw:划定,1
raw:划归调整,raw:划归调整,1
raw:划船,raw:划船,1
raw:划船渡江,raw:划船渡江,1
raw:列,raw:列,1
raw:列为文保,raw:列为文保,1
raw:列举,raw:列举,1
raw:列席会议,raw:列席会议,1
raw:创作/主办,raw:创作/主办,1
raw:创作/参与,raw:创作/参与,1
raw:创作/散发,raw:创作/散发,1
raw:创作/演出,raw:创作/演出,1
raw:创作/领导,led,1
raw:创作与导演,raw:创作与导演,1
raw:创作与抗争,raw:创作与抗争,1
raw:创作于,created_during,1
raw:创作人员,raw:创作人员,1
raw:创作传播者,raw:创作传播者,1
raw:创作原型,raw:创作原型,1
raw:创作发行,raw:创作发行,1
raw:创作地,originated_at,1
raw:创作指导,raw:创作指导,1
raw:创作物,raw:创作物,1
raw:创作相关,raw:创作相关,1
raw:创作者-对象,created,1
raw:创作者-文献,raw:创作者-文献,1
raw:创作载体,raw:创作载体,1
raw:创办/任教,raw:创办/任教,1
raw:创办/指导,raw:创办/指导,1
raw:创办/管理,raw:创办/管理,1
raw:创办/编排,raw:创办/编排,1
raw:创办/领导,raw:创办/领导,1
raw:创办与领导,raw:创办与领导,1
raw:创办主体,raw:创办主体,1
raw:创办主持,created,1
raw:创办事件,raw:创办事件,1
raw:创办于,created,1
raw:创办关联,raw:创办关联,1
raw:创办办学,raw:创办办学,1
raw:创办单位,raw:创办单位,1
raw:创办地点,raw:创办地点,1
raw:创办并担任,raw:创办并担任,1
raw:创办指导,raw:创办指导,1
raw:创办据点,raw:创办据点,1
raw:创办管理,raw:创办管理,1
raw:创办者-事件,organized,1
raw:创办者-事件,raw:创办者-事件,1
raw:创办者-企业,raw:创办者-企业,1
raw:创办者-教育机构,raw:创办者-教育机构,1
raw:创办者-物,raw:创办者-物,1
raw:创办者与被创办物,raw:创办者与被创办物,1
raw:创办领导,organized,1
raw:创办领导,raw:创办领导,1
raw:创始人,created,1
raw:创始人,raw:创始人,1
raw:创建/策应,raw:创建/策应,1
raw:创建/编辑,raw:创建/编辑,1
raw:创建/领导,led,1
raw:创建/领导,raw:创建/领导,1
raw:创建与保卫,raw:创建与保卫,1
raw:创建事件,raw:创建事件,1
raw:创建人,raw:创建人,1
raw:创建保卫,raw:创建保卫,1
raw:创建办学,created,1
raw:创建区域,raw:创建区域,1
raw:创建单位,raw:创建单位,1
raw:创建地,raw:创建地,1
raw:创建地点,raw:创建地点,1
raw:创建者,authored,1
raw:创建者-作品,created,1
raw:创建者-作品,raw:创建者-作品,1
raw:创建者-对象,raw:创建者-对象,1
raw:创建者-成果,raw:创建者-成果,1
raw:创建者-据点,raw:创建者-据点,1
raw:创建者-教育基地,raw:创建者-教育基地,1
raw:创建者-机构,created,1
raw:创建者-活动区域,raw:创建者-活动区域,1
raw:创建者与根据地,raw:创建者与根据地,1
raw:创新,raw:创新,1
raw:创造者-成果,created,1
raw:删去,raw:删去,1
raw:判决,raw:判决,1
raw:判定关系,raw:判定关系,1
raw:判断指挥,commanded,1
raw:利用/实施,raw:利用/实施,1
raw:利用优势办报,raw:利用优势办报,1
raw:利用地形,raw:利用地形,1
raw:利用契机,raw:利用契机,1
raw:利用对象,raw:利用对象,1
raw:利用开展活动,raw:利用开展活动,1
raw:利用心理,raw:利用心理,1
raw:利用政策,raw:利用政策,1
raw:利用时机撤退,raw:利用时机撤退,1
raw:利用矛盾,raw:利用矛盾,1
raw:利用设施,raw:利用设施,1
raw:利益关联,raw:利益关联,1
raw:利诱,raw:利诱,1
raw:到,traveled_to,1
raw:到达/休息,traveled_to,1
raw:到达休整,raw:到达休整,1
raw:制作/书写,raw:制作/书写,1
raw:制作并散发,raw:制作并散发,1
raw:制作方-物品,raw:制作方-物品,1
raw:制作者,created,1
raw:制定/发布,raw:制定/发布,1
raw:制定/执行,raw:制定/执行,1
raw:制定/推行,raw:制定/推行,1
raw:制定主体-政策,raw:制定主体-政策,1
raw:制定于,raw:制定于,1
raw:制定依据,formulated,1
raw:制定单位,raw:制定单位,1
raw:制定原则,raw:制定原则,1
raw:制定发布,created,1
raw:制定发布,raw:制定发布,1
raw:制定实施,raw:制定实施,1
raw:制定对象,raw:制定对象,1
raw:制定方,raw:制定方,1
raw:制定方-事件,raw:制定方-事件,1
raw:制定策略,raw:制定策略,1
raw:制定者-法规,raw:制定者-法规,1
raw:制定者-计划,raw:制定者-计划,1
raw:制度,raw:制度,1
raw:制度体现,raw:制度体现,1
raw:制度保障,raw:制度保障,1
raw:制度实践-中心,raw:制度实践-中心,1
raw:制度确立者,raw:制度确立者,1
raw:制度约束,raw:制度约束,1
raw:制服对象,raw:制服对象,1
raw:制服押解,raw:制服押解,1
raw:制止/扭倒,raw:制止/扭倒,1
raw:制约,raw:制约,1
raw:制订,formulated,1
raw:制订,raw:制订,1
raw:制造恐怖,raw:制造恐怖,1
raw:刷写,raw:刷写,1
raw:刺倒,raw:刺倒,1
raw:刺探,raw:刺探,1
raw:刺探破坏,raw:刺探破坏,1
raw:刺死,raw:刺死,1
raw:刻制,created,1
raw:刻制,raw:刻制,1
raw:刻印,raw:刻印,1
raw:刻印与宣传,raw:刻印与宣传,1
raw:刻印与散发,raw:刻印与散发,1
raw:刻印制作,raw:刻印制作,1
raw:刻印据点负责人,raw:刻印据点负责人,1
raw:刻印者,raw:刻印者,1
raw:刻痕,raw:刻痕,1
raw:前任,raw:前任,1
raw:前任领导,held_position_in,1
raw:前同事,colleague_of,1
raw:前后事件,raw:前后事件,1
raw:前因后果,raw:前因后果,1
raw:前序事件,raw:前序事件,1
raw:前往于,traveled_to,1
raw:前往地点,raw:前往地点,1
raw:前往学习,raw:前往学习,1
raw:前往工作地,worked_at,1
raw:前往找党,raw:前往找党,1
raw:前往接管,raw:前往接管,1
raw:前往联络,raw:前往联络,1
raw:前线指挥,commanded,1
raw:前身-组织,raw:前身-组织,1
raw:前身关系,raw:前身关系,1
raw:前身基础,raw:前身基础,1
raw:前进方向,raw:前进方向,1
raw:前雇主关系,raw:前雇主关系,1
raw:剥削于,raw:剥削于,1
raw:剥削对象,raw:剥削对象,1
raw:剥削网络,raw:剥削网络,1
raw:剥削行为,raw:剥削行为,1
raw:剥削迫害,raw:剥削迫害,1
raw:剪断,raw:剪断,1
raw:副主任,raw:副主任,1
raw:副司令员,held_position_in,1
raw:副委员长-组织,held_position_in,1
raw:割头示众,raw:割头示众,1
raw:割据,raw:割据,1
raw:剿匪于,fought_at,1
raw:剿匪作战,raw:剿匪作战,1
raw:剿匪打击,raw:剿匪打击,1
raw:剿匪行动路线,raw:剿匪行动路线,1
raw:劈死,raw:劈死,1
raw:力主,raw:力主,1
raw:劝告,raw:劝告,1
raw:劝告-反叛,raw:劝告-反叛,1
raw:劝告与警告,raw:劝告与警告,1
raw:劝告关系,raw:劝告关系,1
raw:劝导,advocated,1
raw:劝导对象,raw:劝导对象,1
raw:劝导者,raw:劝导者,1
raw:劝慰,raw:劝慰,1
raw:劝服,raw:劝服,1
raw:劝留,raw:劝留,1
raw:劝诫,raw:劝诫,1
raw:劝诱/调离,raw:劝诱/调离,1
raw:劝说者,raw:劝说者,1
raw:劝说起义,advocated,1
raw:劝说起义,raw:劝说起义,1
raw:劝说遣散宪兵,raw:劝说遣散宪兵,1
raw:劝谏对象,raw:劝谏对象,1
raw:劝返,raw:劝返,1
raw:劝避,raw:劝避,1
raw:劝阻关系,raw:劝阻关系,1
raw:劝阻行为,raw:劝阻行为,1
raw:劝降联络,raw:劝降联络,1
raw:劝降行为,raw:劝降行为,1
raw:办公于,raw:办公于,1
raw:办公场所,stationed_at,1
raw:办学,raw:办学,1
raw:办学地点,raw:办学地点,1
raw:办学支持,raw:办学支持,1
raw:办校,raw:办校,1
raw:办起,organized,1
raw:办运,raw:办运,1
raw:功能关联,raw:功能关联,1
raw:功能转变,raw:功能转变,1
raw:功能隶属,raw:功能隶属,1
raw:加入/工作,worked_at,1
raw:加入中国共产党于,raw:加入中国共产党于,1
raw:加入关系,member_of,1
raw:加入关系,raw:加入关系,1
raw:加入者,participated_in,1
raw:加工,raw:加工,1
raw:加强保护,raw:加强保护,1
raw:加强者,raw:加强者,1
raw:加强领导,guided,1
raw:加紧,raw:加紧,1
raw:加速,raw:加速,1
raw:劣势于,raw:劣势于,1
raw:动作,raw:动作,1
raw:动力,raw:动力,1
raw:动员/任命,appointed,1
raw:动员/执行,raw:动员/执行,1
raw:动员于,recruited,1
raw:动员参军,raw:动员参军,1
raw:动员参军,recruited,1
raw:动员参军于,raw:动员参军于,1
raw:动员堵截敌军去路,raw:动员堵截敌军去路,1
raw:动员归队,raw:动员归队,1
raw:动员搜查,raw:动员搜查,1
raw:动员者-被动员者,recruited,1
raw:动摇,raw:动摇,1
raw:努力,raw:努力,1
raw:劫夺,raw:劫夺,1
raw:劫夺目标,raw:劫夺目标,1
raw:劫扣,raw:劫扣,1
raw:劫狱,raw:劫狱,1
raw:劳动串连,raw:劳动串连,1
raw:劳动地点,worked_at,1
raw:劳动宣传,raw:劳动宣传,1
raw:势力-势力,raw:势力-势力,1
raw:势力伸展,raw:势力伸展,1
raw:势力关联,raw:势力关联,1
raw:势力博弈,raw:势力博弈,1
raw:勒令交银元,raw:勒令交银元,1
raw:勘察,raw:勘察,1
raw:勘测施工,raw:勘测施工,1
raw:募捐,raw:募捐,1
raw:募捐支援,raw:募捐支援,1
raw:募集,raw:募集,1
raw:勾引,raw:勾引,1
raw:勾结/叛乱,raw:勾结/叛乱,1
raw:勾结关系,raw:勾结关系,1
raw:勾结叛乱,collaborated_with,1
raw:勾结策划,raw:勾结策划,1
raw:包办,raw:包办,1
raw:包办工作,raw:包办工作,1
raw:包含-区域,located_in,1
raw:包围全歼,raw:包围全歼,1
raw:包围地点,raw:包围地点,1
raw:包围清剿,raw:包围清剿,1
raw:包围破坏,raw:包围破坏,1
raw:包围突袭,raw:包围突袭,1
raw:包围缴械,raw:包围缴械,1
raw:包围缴获,raw:包围缴获,1
raw:包干清剿,raw:包干清剿,1
raw:包庇,raw:包庇,1
raw:包庇关系,raw:包庇关系,1
raw:包抄,raw:包抄,1
raw:包抄作战,raw:包抄作战,1
raw:化名使用,raw:化名使用,1
raw:化名掩护,raw:化名掩护,1
raw:化装暗杀,killed,1
raw:北上经过,traveled_to,1
raw:北上至,raw:北上至,1
raw:北援,supported,1
raw:北渡,raw:北渡,1
raw:北渡,traveled_to,1
raw:北渡进驻,raw:北渡进驻,1
raw:北移,raw:北移,1
raw:北转,traveled_to,1
raw:北进,raw:北进,1
raw:匪患关联,raw:匪患关联,1
raw:匪部联合,collaborated_with,1
raw:区分,raw:区分,1
raw:区域-敌占区,raw:区域-敌占区,1
raw:区域-机构,raw:区域-机构,1
raw:区域-活动,raw:区域-活动,1
raw:区域-组织,raw:区域-组织,1
raw:区域与事件,raw:区域与事件,1
raw:区域与组织关系,raw:区域与组织关系,1
raw:区域关系,raw:区域关系,1
raw:区域归属,located_in,1
raw:区域扩展,raw:区域扩展,1
raw:医务组长,raw:医务组长,1
raw:医治/嘱托,raw:医治/嘱托,1
raw:医疗支持,raw:医疗支持,1
raw:医疗救助,raw:医疗救助,1
raw:医疗救治点,raw:医疗救治点,1
raw:医疗转运,raw:医疗转运,1
raw:匿迹,raw:匿迹,1
raw:升格,raw:升格,1
raw:升起,raw:升起,1
raw:协作-事件,raw:协作-事件,1
raw:协作/发展党员,raw:协作/发展党员,1
raw:协作单位,collaborated_with,1
raw:协作方,raw:协作方,1
raw:协剿对象,raw:协剿对象,1
raw:协助/同情,raw:协助/同情,1
raw:协助/护送,escorted,1
raw:协助/派遣,raw:协助/派遣,1
raw:协助举办,raw:协助举办,1
raw:协助人员,raw:协助人员,1
raw:协助作保,raw:协助作保,1
raw:协助保管,raw:协助保管,1
raw:协助入党,raw:协助入党,1
raw:协助创办,raw:协助创办,1
raw:协助制订,raw:协助制订,1
raw:协助剿匪,raw:协助剿匪,1
raw:协助单位,raw:协助单位,1
raw:协助发动兵暴,raw:协助发动兵暴,1
raw:协助处理,raw:协助处理,1
raw:协助安葬,raw:协助安葬,1
raw:协助工作,raw:协助工作,1
raw:协助平息追查,raw:协助平息追查,1
raw:协助应对,raw:协助应对,1
raw:协助建立根据地,raw:协助建立根据地,1
raw:协助开展,raw:协助开展,1
raw:协助恢复,raw:协助恢复,1
raw:协助成立,raw:协助成立,1
raw:协助打击,raw:协助打击,1
raw:协助拟定,raw:协助拟定,1
raw:协助指挥,raw:协助指挥,1
raw:协助搜捕,raw:协助搜捕,1
raw:协助改装,raw:协助改装,1
raw:协助活捉,raw:协助活捉,1
raw:协助渡河,raw:协助渡河,1
raw:协助潜入,raw:协助潜入,1
raw:协助澄清,raw:协助澄清,1
raw:协助组织,raw:协助组织,1
raw:协助编辑,raw:协助编辑,1
raw:协助者-组织,raw:协助者-组织,1
raw:协助者-被协助对象,collaborated_with,1
raw:协助者与指导者,raw:协助者与指导者,1
raw:协助者与被协助者,raw:协助者与被协助者,1
raw:协助联系,contacted,1
raw:协助联系,raw:协助联系,1
raw:协助获释,raw:协助获释,1
raw:协助营救,raw:协助营救,1
raw:协助行动,collaborated_with,1
raw:协助装配者,raw:协助装配者,1
raw:协助通过关卡,raw:协助通过关卡,1
raw:协助释放,raw:协助释放,1
raw:协同-组织,collaborated_with,1
raw:协同/作战,raw:协同/作战,1
raw:协同关系,collaborated_with,1
raw:协同力量,raw:协同力量,1
raw:协同单位,collaborated_with,1
raw:协同单位,raw:协同单位,1
raw:协同建设,raw:协同建设,1
raw:协同攻占,raw:协同攻占,1
raw:协同机构,collaborated_with,1
raw:协同活动,collaborated_with,1
raw:协同部署,raw:协同部署,1
raw:协缉,raw:协缉,1
raw:协缉关系,raw:协缉关系,1
raw:协调-防御点,raw:协调-防御点,1
raw:协调者,raw:协调者,1
raw:协调解决,raw:协调解决,1
raw:协防,raw:协防,1
raw:单车赴任,raw:单车赴任,1
raw:南下受挫于,raw:南下受挫于,1
raw:南下宣传,raw:南下宣传,1
raw:南下至,raw:南下至,1
raw:南下途经,raw:南下途经,1
raw:南北会师,raw:南北会师,1
raw:南渡,traveled_to,1
raw:南进/截击,raw:南进/截击,1
raw:占,stationed_at,1
raw:占据,occurred_at,1
raw:占领-地点,raw:占领-地点,1
raw:占领/巩固,raw:占领/巩固,1
raw:占领利用,raw:占领利用,1
raw:占领行动,raw:占领行动,1
raw:印信工具,raw:印信工具,1
raw:印制,raw:印制,1
raw:印制于,raw:印制于,1
raw:印制地,created_at,1
raw:印制地点,raw:印制地点,1
raw:印制对象,raw:印制对象,1
raw:印刷地,raw:印刷地,1
raw:印发宣传,raw:印发宣传,1
raw:卷入,participated_in,1
raw:卷入,raw:卷入,1
raw:历史-领导人,governed,1
raw:历史与现实,raw:历史与现实,1
raw:历史事件-人物,raw:历史事件-人物,1
raw:历史事件-地点,occurred_at,1
raw:历史人物关联,raw:历史人物关联,1
raw:历史作用,raw:历史作用,1
raw:历史因果,raw:历史因果,1
raw:历史地点,raw:历史地点,1
raw:历史场景,raw:历史场景,1
raw:历史定位,raw:历史定位,1
raw:历史定性,raw:历史定性,1
raw:历史实践,raw:历史实践,1
raw:历史对比,raw:历史对比,1
raw:历史影响,influenced,1
raw:历史影响,raw:历史影响,1
raw:历史总结,raw:历史总结,1
raw:历史意义,raw:历史意义,1
raw:历史成果,raw:历史成果,1
raw:历史时期,active_during,1
raw:历史沿革,raw:历史沿革,1
raw:历史活动,raw:历史活动,1
raw:历史经历,raw:历史经历,1
raw:历史考据,raw:历史考据,1
raw:历史背景-人物,raw:历史背景-人物,1
raw:历史见证者,raw:历史见证者,1
raw:历史规律,raw:历史规律,1
raw:历史记载,raw:历史记载,1
raw:历史记载差异,raw:历史记载差异,1
raw:历史贡献,raw:历史贡献,1
raw:历史起点,raw:历史起点,1
raw:历史足迹,raw:历史足迹,1
raw:历史转折,raw:历史转折,1
raw:压下来,raw:压下来,1
raw:压制关系,raw:压制关系,1
raw:压制破坏,raw:压制破坏,1
raw:压制者,raw:压制者,1
raw:压迫-地点,raw:压迫-地点,1
raw:压迫/剥削,raw:压迫/剥削,1
raw:原关押地,raw:原关押地,1
raw:原则纠正,raw:原则纠正,1
raw:原名,raw:原名,1
raw:原型人物,raw:原型人物,1
raw:原型关联,raw:原型关联,1
raw:原属,raw:原属,1
raw:原属组织,raw:原属组织,1
raw:原葬地,died_at,1
raw:原负责人,raw:原负责人,1
raw:原身份,raw:原身份,1
raw:县委所在地,raw:县委所在地,1
raw:参与-人物,participated_in,1
raw:参与-人物,raw:参与-人物,1
raw:参与-军事行动,raw:参与-军事行动,1
raw:参与-区域,raw:参与-区域,1
raw:参与-回应,raw:参与-回应,1
raw:参与-安排,raw:参与-安排,1
raw:参与-建立,raw:参与-建立,1
raw:参与-战斗,raw:参与-战斗,1
raw:参与-打击对象,raw:参与-打击对象,1
raw:参与-案件,raw:参与-案件,1
raw:参与-活动,participated_in,1
raw:参与-活动,raw:参与-活动,1
raw:参与-组织,raw:参与-组织,1
raw:参与-组织机构,participated_in,1
raw:参与-被参与,raw:参与-被参与,1
raw:参与-被通缉,raw:参与-被通缉,1
raw:参与/介绍,introduced,1
raw:参与/会师,raw:参与/会师,1
raw:参与/作战,participated_in,1
raw:参与/协助,raw:参与/协助,1
raw:参与/受教,trained,1
raw:参与/回忆,raw:参与/回忆,1
raw:参与/失败,raw:参与/失败,1
raw:参与/学习,raw:参与/学习,1
raw:参与/对抗,opposed,1
raw:参与/影响,raw:参与/影响,1
raw:参与/抓捕,raw:参与/抓捕,1
raw:参与/掩护,raw:参与/掩护,1
raw:参与/擒获,raw:参与/擒获,1
raw:参与/演讲,raw:参与/演讲,1
raw:参与/牺牲于,participated_in,1
raw:参与/筹备,raw:参与/筹备,1
raw:参与/组建,raw:参与/组建,1
raw:参与/联系,raw:参与/联系,1
raw:参与/被拘,raw:参与/被拘,1
raw:参与/被斗争,participated_in,1
raw:参与/记录,participated_in,1
raw:参与/践行,raw:参与/践行,1
raw:参与与建设,participated_in,1
raw:参与事,participated_in,1
raw:参与事件-人物,participated_in,1
raw:参与人,raw:参与人,1
raw:参与人员关联,raw:参与人员关联,1
raw:参与人物-事件,participated_in,1
raw:参与仪式,raw:参与仪式,1
raw:参与会议,participated_in,1
raw:参与作品,raw:参与作品,1
raw:参与作战,raw:参与作战,1
raw:参与修复,raw:参与修复,1
raw:参与创建,created,1
raw:参与创建与保卫,raw:参与创建与保卫,1
raw:参与创立,raw:参与创立,1
raw:参与制定方针,raw:参与制定方针,1
raw:参与剿匪,fought_at,1
raw:参与协助,raw:参与协助,1
raw:参与协商,raw:参与协商,1
raw:参与单位,participated_in,1
raw:参与单位-事件,raw:参与单位-事件,1
raw:参与历史记载,raw:参与历史记载,1
raw:参与反对,raw:参与反对,1
raw:参与发动,raw:参与发动,1
raw:参与响应,participated_in,1
raw:参与回忆,participated_in,1
raw:参与回忆,raw:参与回忆,1
raw:参与围剿,participated_in,1
raw:参与声讨,raw:参与声讨,1
raw:参与处理,participated_in,1
raw:参与学习,raw:参与学习,1
raw:参与实践,participated_in,1
raw:参与对抗,raw:参与对抗,1
raw:参与平定叛乱,raw:参与平定叛乱,1
raw:参与并牺牲于,raw:参与并牺牲于,1
raw:参与应对,participated_in,1
raw:参与应对,raw:参与应对,1
raw:参与建立与拥护,raw:参与建立与拥护,1
raw:参与影响,influenced,1
raw:参与惩治,raw:参与惩治,1
raw:参与成员,participated_in,1
raw:参与战役,fought_at,1
raw:参与战斗地点,fought_at,1
raw:参与抗议,participated_in,1
raw:参与报道,raw:参与报道,1
raw:参与捕获,raw:参与捕获,1
raw:参与推广,participated_in,1
raw:参与掩护,raw:参与掩护,1
raw:参与撰文,raw:参与撰文,1
raw:参与支持,supported,1
raw:参与救治,raw:参与救治,1
raw:参与斗争,participated_in,1
raw:参与方-战役,raw:参与方-战役,1
raw:参与时期,participated_in,1
raw:参与清剿,raw:参与清剿,1
raw:参与演出,participated_in,1
raw:参与策划,collaborated_with,1
raw:参与策动起义,raw:参与策动起义,1
raw:参与管理,raw:参与管理,1
raw:参与纪念活动,participated_in,1
raw:参与组建,organized,1
raw:参与组织活动,raw:参与组织活动,1
raw:参与绘制,raw:参与绘制,1
raw:参与统战工作,raw:参与统战工作,1
raw:参与统治,raw:参与统治,1
raw:参与编制,raw:参与编制,1
raw:参与罢工,raw:参与罢工,1
raw:参与者-任务,participated_in,1
raw:参与者-区域,raw:参与者-区域,1
raw:参与者-文献,raw:参与者-文献,1
raw:参与者-活动,participated_in,1
raw:参与者-活动,raw:参与者-活动,1
raw:参与者-活动场所,active_at,1
raw:参与者-组织,member_of,1
raw:参与者-阵地,stationed_at,1
raw:参与者/受政策影响者,raw:参与者/受政策影响者,1
raw:参与者与组织,raw:参与者与组织,1
raw:参与行为,participated_in,1
raw:参与行为,raw:参与行为,1
raw:参与行动,participated_in,1
raw:参与讨论,raw:参与讨论,1
raw:参与训练,raw:参与训练,1
raw:参与设计,raw:参与设计,1
raw:参与调查,raw:参与调查,1
raw:参与调解,raw:参与调解,1
raw:参与谈判,met_with,1
raw:参与谈判,participated_in,1
raw:参与谈判于,raw:参与谈判于,1
raw:参与贡献,participated_in,1
raw:参与起义,raw:参与起义,1
raw:参与追悼活动,raw:参与追悼活动,1
raw:参与重建,raw:参与重建,1
raw:参与镇压,raw:参与镇压,1
raw:参与防守,stationed_at,1
raw:参与阶段,raw:参与阶段,1
raw:参与除掉,killed,1
raw:参与集中,participated_in,1
raw:参与项目,participated_in,1
raw:参与驱逐,raw:参与驱逐,1
raw:参会,participated_in,1
raw:参会代表,participated_in,1
raw:参会受奖,raw:参会受奖,1
raw:参会者,participated_in,1
raw:参军关系,raw:参军关系,1
raw:参军参干,raw:参军参干,1
raw:参军组建,raw:参军组建,1
raw:参军编入,raw:参军编入,1
raw:参加/组建,raw:参加/组建,1
raw:参加与指导,raw:参加与指导,1
raw:参加人员,participated_in,1
raw:参加典礼,raw:参加典礼,1
raw:参加学习,raw:参加学习,1
raw:参加工作,raw:参加工作,1
raw:参加并入党,raw:参加并入党,1
raw:参加革命,raw:参加革命,1
raw:参战力量,raw:参战力量,1
raw:参战地,raw:参战地,1
raw:参战方,participated_in,1
raw:参战立功,raw:参战立功,1
raw:参战部队,raw:参战部队,1
raw:参演,raw:参演,1
raw:参观巡视,raw:参观巡视,1
raw:参观教育,raw:参观教育,1
raw:参观教育,visited,1
raw:参谋支持,supported,1
raw:参谋配合,collaborated_with,1
raw:参谋长,raw:参谋长,1
raw:参赛,raw:参赛,1
raw:反共基地,raw:反共基地,1
raw:反共宣传,raw:反共宣传,1
raw:反共对象,opposed,1
raw:反共活动,raw:反共活动,1
raw:反击行动,raw:反击行动,1
raw:反制,raw:反制,1
raw:反动分子-镇压地点,raw:反动分子-镇压地点,1
raw:反动势力-事件,raw:反动势力-事件,1
raw:反动势力与革命力量,raw:反动势力与革命力量,1
raw:反动势力斗争,raw:反动势力斗争,1
raw:反动措施,raw:反动措施,1
raw:反动教材,raw:反动教材,1
raw:反动活动地点,raw:反动活动地点,1
raw:反动罪状指控,raw:反动罪状指控,1
raw:反包围,raw:反包围,1
raw:反包围歼灭,raw:反包围歼灭,1
raw:反围剿作战,raw:反围剿作战,1
raw:反围剿斗争,raw:反围剿斗争,1
raw:反对/不妥协,raw:反对/不妥协,1
raw:反对/叛变,raw:反对/叛变,1
raw:反对与批评,criticized,1
raw:反对其独裁统治,opposed,1
raw:反对立场,opposed,1
raw:反对者,raw:反对者,1
raw:反对释放,opposed,1
raw:反工作关系,raw:反工作关系,1
raw:反扑,opposed,1
raw:反扫荡,raw:反扫荡,1
raw:反抗与斗争,raw:反抗与斗争,1
raw:反抗事件,raw:反抗事件,1
raw:反抗关系,opposed,1
raw:反掉,raw:反掉,1
raw:反攻,fought_at,1
raw:反攻倒算,raw:反攻倒算,1
raw:反映于,raw:反映于,1
raw:反映内容,raw:反映内容,1
raw:反映情况,raw:反映情况,1
raw:反清乡斗争,raw:反清乡斗争,1
raw:反清剿,raw:反清剿,1
raw:反贪污斗争,raw:反贪污斗争,1
raw:反间谍斗争,raw:反间谍斗争,1
raw:反驳,criticized,1
raw:反驳,raw:反驳,1
raw:发信地,raw:发信地,1
raw:发出命令于,raw:发出命令于,1
raw:发出指示,raw:发出指示,1
raw:发出攻击令,raw:发出攻击令,1
raw:发出训令,commanded,1
raw:发出通告于,raw:发出通告于,1
raw:发动-区域,raw:发动-区域,1
raw:发动/宣传,raw:发动/宣传,1
raw:发动/援助,raw:发动/援助,1
raw:发动/支援,raw:发动/支援,1
raw:发动/领导,led,1
raw:发动与组织,raw:发动与组织,1
raw:发动地,raw:发动地,1
raw:发动妇女服务,raw:发动妇女服务,1
raw:发动带领,raw:发动带领,1
raw:发动攻势,raw:发动攻势,1
raw:发动组织,organized,1
raw:发动组织,raw:发动组织,1
raw:发动罢工,raw:发动罢工,1
raw:发动群众,organized,1
raw:发动群众组织,raw:发动群众组织,1
raw:发动者,led,1
raw:发动者-事件,carried_out,1
raw:发动联系,raw:发动联系,1
raw:发动起义,raw:发动起义,1
raw:发展-审查,raw:发展-审查,1
raw:发展-改编,raw:发展-改编,1
raw:发展-演变,raw:发展-演变,1
raw:发展-转移,raw:发展-转移,1
raw:发展/更名,raw:发展/更名,1
raw:发展/演变,raw:发展/演变,1
raw:发展/领导,led,1
raw:发展为团员,raw:发展为团员,1
raw:发展事件,raw:发展事件,1
raw:发展会员,raw:发展会员,1
raw:发展党员地,raw:发展党员地,1
raw:发展党组织,raw:发展党组织,1
raw:发展定位,raw:发展定位,1
raw:发展建立,raw:发展建立,1
raw:发展新党员,recruited,1
raw:发展结果,raw:发展结果,1
raw:发展至,raw:发展至,1
raw:发展阶段,raw:发展阶段,1
raw:发布于,raw:发布于,1
raw:发布动员令,raw:发布动员令,1
raw:发布区域,occurred_at,1
raw:发布区域,raw:发布区域,1
raw:发布命令,raw:发布命令,1
raw:发布地点,occurred_at,1
raw:发布媒介,raw:发布媒介,1
raw:发布宣言,raw:发布宣言,1
raw:发布对象,raw:发布对象,1
raw:发布指令,commanded,1
raw:发布指令,raw:发布指令,1
raw:发布指导,raw:发布指导,1
raw:发布时间,created_during,1
raw:发布机构-媒体,raw:发布机构-媒体,1
raw:发布机构-执行单位,raw:发布机构-执行单位,1
raw:发布机构-政策,raw:发布机构-政策,1
raw:发布机构-文件,raw:发布机构-文件,1
raw:发布机构-文献,raw:发布机构-文献,1
raw:发布电报,raw:发布电报,1
raw:发布者-事件,raw:发布者-事件,1
raw:发布者-内容,raw:发布者-内容,1
raw:发布背景,raw:发布背景,1
raw:发布计划,raw:发布计划,1
raw:发布载体-时间,raw:发布载体-时间,1
raw:发布通令,raw:发布通令,1
raw:发布通知,raw:发布通知,1
raw:发布通知要求准备于,raw:发布通知要求准备于,1
raw:发布逮捕令,raw:发布逮捕令,1
raw:发扬,advocated,1
raw:发扬民主,raw:发扬民主,1
raw:发扬精神于,raw:发扬精神于,1
raw:发报方-接收方,raw:发报方-接收方,1
raw:发掘,raw:发掘,1
raw:发文对象,raw:发文对象,1
raw:发明,raw:发明,1
raw:发明者-成果,created,1
raw:发来,raw:发来,1
raw:发源地-对象,originated_at,1
raw:发炮炸毁,raw:发炮炸毁,1
raw:发现于,raw:发现于,1
raw:发现地点,raw:发现地点,1
raw:发现抓获,raw:发现抓获,1
raw:发现救助,rescued,1
raw:发现者与被发现者,raw:发现者与被发现者,1
raw:发生,occurred_during,1
"raw:发生, 发生地",occurred_at,1
raw:发生事件于,raw:发生事件于,1
raw:发生于/波及,raw:发生于/波及,1
raw:发生于/记录于,occurred_at,1
raw:发生于/长眠于,occurred_at,1
raw:发生区域,occurred_at,1
raw:发生单位,carried_out,1
raw:发生地-时期,raw:发生地-时期,1
raw:发生地-活动,occurred_at,1
raw:发生地-组织,raw:发生地-组织,1
raw:发生地-载体,raw:发生地-载体,1
raw:发生地域,occurred_at,1
raw:发生地点-针对对象,raw:发生地点-针对对象,1
raw:发生地点关系,raw:发生地点关系,1
raw:发生地点关联,raw:发生地点关联,1
raw:发生战役于,fought_at,1
raw:发生领域,raw:发生领域,1
raw:发电,raw:发电,1
raw:发电报,raw:发电报,1
raw:发稿,raw:发稿,1
raw:发给,raw:发给,1
raw:发行-地域,raw:发行-地域,1
raw:发行主体,raw:发行主体,1
raw:发行于,raw:发行于,1
raw:发行人-刊物,raw:发行人-刊物,1
raw:发行地关联,raw:发行地关联,1
raw:发行地点,created_at,1
raw:发行机构,raw:发行机构,1
raw:发行机构-流通区域,raw:发行机构-流通区域,1
raw:发行至,raw:发行至,1
raw:发行范围,raw:发行范围,1
raw:发行负责人,raw:发行负责人,1
raw:发表关系,raw:发表关系,1
raw:发表地,occurred_at,1
raw:发表宣言,raw:发表宣言,1
raw:发表报告,raw:发表报告,1
raw:发表报道,raw:发表报道,1
raw:发表者-刊物,raw:发表者-刊物,1
raw:发表谈话,raw:发表谈话,1
raw:发表辞职,raw:发表辞职,1
raw:发起-事件,raw:发起-事件,1
raw:发起-响应,raw:发起-响应,1
raw:发起-活动,raw:发起-活动,1
raw:发起/宣传,raw:发起/宣传,1
raw:发起/领导,led,1
raw:发起事件,organized,1
raw:发起人-事件,organized,1
raw:发起人-组织,organized,1
raw:发起人与组织,raw:发起人与组织,1
raw:发起关系,raw:发起关系,1
raw:发起冲锋,raw:发起冲锋,1
raw:发起参加,raw:发起参加,1
raw:发起战役,raw:发起战役,1
raw:发起攻击,raw:发起攻击,1
raw:发起方-事件,raw:发起方-事件,1
raw:发起方-行动,raw:发起方-行动,1
raw:发起筹建,raw:发起筹建,1
raw:发起组建,created,1
raw:发起者-事件,raw:发起者-事件,1
raw:发起者-活动场所,raw:发起者-活动场所,1
raw:发起者-行动,organized,1
raw:发起者与组织,raw:发起者与组织,1
raw:发起负责,raw:发起负责,1
raw:发起起义,raw:发起起义,1
raw:发起进攻,raw:发起进攻,1
raw:发送,raw:发送,1
raw:发送电报,contacted,1
raw:取,raw:取,1
raw:取保,raw:取保,1
raw:取保释放,raw:取保释放,1
raw:取缔于,raw:取缔于,1
raw:取胜,raw:取胜,1
raw:受,raw:受,1
raw:受...影响,raw:受...影响,1
raw:受伤关联,raw:受伤关联,1
raw:受伤救治,rescued,1
raw:受伤逃脱,raw:受伤逃脱,1
raw:受保护,raw:受保护,1
raw:受保护关系,protected,1
raw:受保障于,raw:受保障于,1
raw:受到,raw:受到,1
raw:受到表扬,raw:受到表扬,1
raw:受制于,raw:受制于,1
raw:受助于,raw:受助于,1
raw:受助对象,raw:受助对象,1
raw:受压迫,raw:受压迫,1
raw:受启发,influenced,1
raw:受启蒙,influenced,1
raw:受命,raw:受命,1
raw:受命,reported_to,1
raw:受命于,raw:受命于,1
raw:受困,raw:受困,1
raw:受处分,raw:受处分,1
raw:受处置,raw:受处置,1
raw:受害于,raw:受害于,1
raw:受影响,influenced,1
raw:受影响,raw:受影响,1
raw:受思想影响,influenced,1
raw:受思想影响,raw:受思想影响,1
raw:受打击因,raw:受打击因,1
raw:受护,protected,1
raw:受指导,raw:受指导,1
raw:受指导于,guided,1
raw:受挫于,raw:受挫于,1
raw:受挫导致,raw:受挫导致,1
raw:受控制,raw:受控制,1
raw:受教,raw:受教,1
raw:受教,trained,1
raw:受教于,raw:受教于,1
raw:受教唆者,raw:受教唆者,1
raw:受教育,raw:受教育,1
raw:受派,raw:受派,1
raw:受派工作,raw:受派工作,1
raw:受激励,raw:受激励,1
raw:受熏陶,raw:受熏陶,1
raw:受熏陶于,raw:受熏陶于,1
raw:受牵连,raw:受牵连,1
raw:受理,raw:受理,1
raw:受益于,raw:受益于,1
raw:受益对象,raw:受益对象,1
raw:受益方,raw:受益方,1
raw:受训于,raw:受训于,1
raw:受训地点,raw:受训地点,1
raw:受训地点,studied_at,1
raw:受赞扬者,raw:受赞扬者,1
raw:受赠关系,raw:受赠关系,1
raw:受路线影响,influenced,1
raw:受降,raw:受降,1
raw:受骗,raw:受骗,1
raw:变更,raw:变更,1
raw:变更关系,raw:变更关系,1
raw:叛变事件,raw:叛变事件,1
raw:叛变交出地点,raw:叛变交出地点,1
raw:叛变合作者,raw:叛变合作者,1
raw:叛变地点,raw:叛变地点,1
raw:叛变捕杀,raw:叛变捕杀,1
raw:叛变杀害,killed,1
raw:叛变杀害,raw:叛变杀害,1
raw:叛变活动区域,raw:叛变活动区域,1
raw:叛变致死,raw:叛变致死,1
raw:叛变袭击,raw:叛变袭击,1
raw:叛变通知,raw:叛变通知,1
raw:叛徒供出,raw:叛徒供出,1
raw:叛徒网络,raw:叛徒网络,1
raw:叛投,raw:叛投,1
raw:叛逃引诱,raw:叛逃引诱,1
raw:叛逃目的地,raw:叛逃目的地,1
raw:口号,raw:口号,1
raw:口述传承地,raw:口述传承地,1
raw:召开/部署,raw:召开/部署,1
raw:召开会议,organized,1
raw:召开佃农会,raw:召开佃农会,1
raw:召开宣传,raw:召开宣传,1
raw:召开座谈会,raw:召开座谈会,1
raw:召开扩大会议于,raw:召开扩大会议于,1
raw:召开方,raw:召开方,1
raw:召集/参与,raw:召集/参与,1
raw:召集关系,raw:召集关系,1
raw:召集动员大会,raw:召集动员大会,1
raw:召集建立,created,1
raw:召集提出议案,formulated,1
raw:召集群众,raw:召集群众,1
raw:召集负责人研究,raw:召集负责人研究,1
raw:可能为,raw:可能为,1
raw:史料印证,raw:史料印证,1
raw:史料推荐,raw:史料推荐,1
raw:史料来源,raw:史料来源,1
raw:史料记载,raw:史料记载,1
raw:号令,commanded,1
raw:号召-响应,raw:号召-响应,1
raw:号召参加,raw:号召参加,1
raw:号召学习,raw:号召学习,1
raw:号召消灭,raw:号召消灭,1
raw:号召防匪,raw:号召防匪,1
raw:司令,raw:司令,1
raw:司令员,held_position_in,1
raw:司令员,raw:司令员,1
raw:司令部,raw:司令部,1
raw:司令部设于,raw:司令部设于,1
raw:合伙,raw:合伙,1
raw:合会,raw:合会,1
raw:合作/交流,collaborated_with,1
raw:合作/介绍,collaborated_with,1
raw:合作/协助,collaborated_with,1
raw:合作/发展,raw:合作/发展,1
raw:合作/支援,raw:合作/支援,1
raw:合作/联系,collaborated_with,1
raw:合作/行动,collaborated_with,1
raw:合作与对抗,raw:合作与对抗,1
raw:合作关联,raw:合作关联,1
raw:合作办刊,collaborated_with,1
raw:合作办学,raw:合作办学,1
raw:合作商议,collaborated_with,1
raw:合作建党,collaborated_with,1
raw:合作接触,contacted,1
raw:合作提议,raw:合作提议,1
raw:合作支援,collaborated_with,1
raw:合作网络,collaborated_with,1
raw:合作谈判,collaborated_with,1
raw:合同关系,raw:合同关系,1
raw:合围/追击,raw:合围/追击,1
raw:合围击溃,raw:合围击溃,1
raw:合围处决,raw:合围处决,1
raw:合围打击,raw:合围打击,1
raw:合并-组织,raw:合并-组织,1
raw:合并为,raw:合并为,1
raw:合并升级,raw:合并升级,1
raw:合并发展,raw:合并发展,1
raw:合并对象,raw:合并对象,1
raw:合并整编,raw:合并整编,1
raw:合并来源,raw:合并来源,1
raw:合并重组,raw:合并重组,1
raw:合并领导,raw:合并领导,1
raw:合建,raw:合建,1
raw:合组,raw:合组,1
raw:合编关系,raw:合编关系,1
raw:合股,raw:合股,1
raw:合股策划,raw:合股策划,1
raw:合股经营,collaborated_with,1
raw:合译者,raw:合译者,1
raw:合谋,collaborated_with,1
raw:合谋于,collaborated_with,1
raw:合谋关系,collaborated_with,1
raw:合队,member_of,1
raw:吊唁,raw:吊唁,1
raw:同,raw:同,1
raw:同为革命同志,comrade_of,1
raw:同义,raw:同义,1
raw:同义关联,raw:同义关联,1
raw:同乡,raw:同乡,1
raw:同乡-被求情者,raw:同乡-被求情者,1
raw:同乡/引荐人,raw:同乡/引荐人,1
raw:同乡/战友,raw:同乡/战友,1
raw:同乡/结识,raw:同乡/结识,1
raw:同享,raw:同享,1
raw:同伴,raw:同伴,1
raw:同吃劳动,raw:同吃劳动,1
raw:同吃同住,raw:同吃同住,1
raw:同命,raw:同命,1
raw:同学,raw:同学,1
raw:同就义,raw:同就义,1
raw:同属中共领导人,raw:同属中共领导人,1
raw:同属中队,raw:同属中队,1
raw:同属党组织,raw:同属党组织,1
raw:同属根据地领导人,raw:同属根据地领导人,1
raw:同属湘鄂西苏区,raw:同属湘鄂西苏区,1
raw:同属组织,raw:同属组织,1
raw:同属赣东北革命根据地,raw:同属赣东北革命根据地,1
raw:同属长江流域革命活动,raw:同属长江流域革命活动,1
raw:同属革命群体,raw:同属革命群体,1
raw:同归于尽,raw:同归于尽,1
raw:同志,comrade_of,1
raw:同志/战友,comrade_of,1
raw:同情/介入,raw:同情/介入,1
raw:同意撤离,raw:同意撤离,1
raw:同意统一领导,raw:同意统一领导,1
raw:同日牺牲,raw:同日牺牲,1
raw:同时牺牲,raw:同时牺牲,1
raw:同期事件,raw:同期事件,1
raw:同期发生,occurred_during,1
raw:同期学习,raw:同期学习,1
raw:同期活动,raw:同期活动,1
raw:同案关联,raw:同案关联,1
raw:同案被捕,raw:同案被捕,1
raw:同犯,raw:同犯,1
raw:同狱,raw:同狱,1
raw:同类,raw:同类,1
raw:同类事物,raw:同类事物,1
raw:同类地点关联,raw:同类地点关联,1
raw:同类组织,raw:同类组织,1
raw:同行者关系,raw:同行者关系,1
raw:同被捕,raw:同被捕,1
raw:同遭迫害,raw:同遭迫害,1
raw:名义团长,raw:名义团长,1
raw:名誉主任,raw:名誉主任,1
raw:名誉主席,raw:名誉主席,1
raw:后勤支援,raw:后勤支援,1
raw:后方根据地,stationed_at,1
raw:后续事件,raw:后续事件,1
raw:后续人员(后叛变),raw:后续人员(后叛变),1
raw:后续武装,raw:后续武装,1
raw:后续领导,led,1
raw:向,raw:向,1
raw:向...前进,traveled_to,1
raw:向...集结,raw:向...集结,1
raw:向伪乡公所要了十多支枪,raw:向伪乡公所要了十多支枪,1
raw:向导关系,guided,1
raw:向导关系,raw:向导关系,1
raw:向导参与,participated_in,1
raw:向往,raw:向往,1
raw:向往聚集,raw:向往聚集,1
raw:吞下,raw:吞下,1
raw:吞没,raw:吞没,1
raw:否定/取代,raw:否定/取代,1
raw:否认,raw:否认,1
raw:听取介绍,raw:听取介绍,1
raw:听取汇报,reported_to,1
raw:听取汇报/肯定,raw:听取汇报/肯定,1
raw:听取汇报/认可,raw:听取汇报/认可,1
raw:听取汇报与总结,raw:听取汇报与总结,1
raw:听讲学,raw:听讲学,1
raw:听课,raw:听课,1
raw:听过,raw:听过,1
raw:听闻喜讯,raw:听闻喜讯,1
raw:启动,raw:启动,1
raw:启发/引导,guided,1
raw:启发/送粮,raw:启发/送粮,1
raw:启发与介绍,introduced,1
raw:启发与接待,raw:启发与接待,1
raw:启发教育,guided,1
raw:启蒙作用,raw:启蒙作用,1
raw:启蒙教材,raw:启蒙教材,1
raw:启蒙教育,raw:启蒙教育,1
raw:启蒙者,raw:启蒙者,1
raw:启蒙者-被启蒙者,trained,1
raw:启迪,influenced,1
raw:吸收为民警,raw:吸收为民警,1
raw:吸收入党,raw:吸收入党,1
raw:吸收改编,raw:吸收改编,1
raw:吸纳,member_of,1
raw:吸纳成员,raw:吸纳成员,1
raw:呈报/传达,raw:呈报/传达,1
raw:呈报/监控,raw:呈报/监控,1
raw:呈文控告,raw:呈文控告,1
raw:呈现,raw:呈现,1
raw:呈称,advocated,1
raw:呈递,raw:呈递,1
raw:呈递/阐述,raw:呈递/阐述,1
raw:告密举报,raw:告密举报,1
raw:告密关联,raw:告密关联,1
raw:告密者-人物,raw:告密者-人物,1
raw:告对象,raw:告对象,1
raw:告诫,raw:告诫,1
raw:周旋/躲避,raw:周旋/躲避,1
raw:周旋/麻痹,raw:周旋/麻痹,1
raw:周旋于,raw:周旋于,1
raw:呼吁,advocated,1
raw:呼吁/打开,raw:呼吁/打开,1
raw:命,raw:命,1
raw:命令/作战,raw:命令/作战,1
raw:命令/坚守,raw:命令/坚守,1
raw:命令下达者,raw:命令下达者,1
raw:命令占领,raw:命令占领,1
raw:命令巡查,raw:命令巡查,1
raw:命令成立,raw:命令成立,1
raw:命令组成,raw:命令组成,1
raw:命令追击,commanded,1
raw:命令阻击,fought_at,1
raw:命名/创建,raw:命名/创建,1
raw:命名/领导,led,1
raw:命名关联,raw:命名关联,1
raw:命名纪念,raw:命名纪念,1
raw:命题,raw:命题,1
raw:和平解放,raw:和平解放,1
raw:咏叹,raw:咏叹,1
raw:咨交,raw:咨交,1
raw:咨询,raw:咨询,1
raw:咨询对象,raw:咨询对象,1
raw:咬住,raw:咬住,1
raw:咬住歼灭于,raw:咬住歼灭于,1
raw:哀求,raw:哀求,1
raw:品尝,raw:品尝,1
raw:哄供,raw:哄供,1
raw:响应/汇合,raw:响应/汇合,1
raw:响应关联,raw:响应关联,1
raw:响应区域,raw:响应区域,1
raw:响应政策,raw:响应政策,1
raw:响应者,raw:响应者,1
raw:哗变关系,raw:哗变关系,1
raw:哺育,raw:哺育,1
raw:唆使,raw:唆使,1
raw:售盐,raw:售盐,1
raw:唱,raw:唱,1
raw:唱歌,raw:唱歌,1
raw:商业关系,raw:商业关系,1
raw:商置,raw:商置,1
raw:商讨确定干部调配,raw:商讨确定干部调配,1
raw:商议决定,raw:商议决定,1
raw:商议坚守,raw:商议坚守,1
raw:商议安排,raw:商议安排,1
raw:商议部队命名,raw:商议部队命名,1
raw:商量,raw:商量,1
raw:喊人包围,raw:喊人包围,1
raw:喊话于,raw:喊话于,1
raw:喜爱,raw:喜爱,1
raw:喝止,raw:喝止,1
raw:嘉奖对象,raw:嘉奖对象,1
raw:嘉慰,raw:嘉慰,1
raw:嘱咐保管,raw:嘱咐保管,1
raw:嘱托传承,raw:嘱托传承,1
raw:器重,raw:器重,1
raw:囚禁于,imprisoned_at,1
raw:囚禁地点,raw:囚禁地点,1
raw:四渡赤水,raw:四渡赤水,1
raw:回乡地点,raw:回乡地点,1
raw:回乡活动,raw:回乡活动,1
raw:回信震慑,raw:回信震慑,1
raw:回击,raw:回击,1
raw:回国,raw:回国,1
raw:回复,raw:回复,1
raw:回师作战,raw:回师作战,1
raw:回师剿匪,raw:回师剿匪,1
raw:回师地点,raw:回师地点,1
raw:回归与接待,raw:回归与接待,1
raw:回归领导,raw:回归领导,1
raw:回忆/见证,raw:回忆/见证,1
raw:回忆与歌颂,raw:回忆与歌颂,1
raw:回忆与证实,raw:回忆与证实,1
raw:回忆对象,raw:回忆对象,1
raw:回忆往事,raw:回忆往事,1
raw:回忆整理,raw:回忆整理,1
raw:回忆材料提供者,raw:回忆材料提供者,1
raw:回忆者-事件,raw:回忆者-事件,1
raw:回忆者与事件,raw:回忆者与事件,1
raw:回忆者与被回忆者,raw:回忆者与被回忆者,1
raw:回忆见证,raw:回忆见证,1
raw:回忆记录,raw:回忆记录,1
raw:回忆评价,raw:回忆评价,1
raw:回顾记载,raw:回顾记载,1
raw:因势利导,raw:因势利导,1
raw:因果/背景,raw:因果/背景,1
raw:团体组建,raw:团体组建,1
raw:团结/战斗,raw:团结/战斗,1
raw:团结与教育,raw:团结与教育,1
raw:团结与斗争,raw:团结与斗争,1
raw:团结争取,raw:团结争取,1
raw:团结合作,raw:团结合作,1
raw:团结斗争,raw:团结斗争,1
raw:围住打伤,raw:围住打伤,1
raw:围击/防堵,raw:围击/防堵,1
raw:围剿-反击,raw:围剿-反击,1
raw:围剿与反围剿,raw:围剿与反围剿,1
raw:围剿于,fought_at,1
raw:围剿于,raw:围剿于,1
raw:围剿净化,raw:围剿净化,1
raw:围剿力量,raw:围剿力量,1
raw:围剿目标,raw:围剿目标,1
raw:围困与谈判,raw:围困与谈判,1
raw:围堵,opposed,1
raw:围捕行动,raw:围捕行动,1
raw:围攻于,raw:围攻于,1
raw:围攻对象,raw:围攻对象,1
raw:围歼对象,raw:围歼对象,1
raw:固守,stationed_at,1
raw:固守于,stationed_at,1
raw:图渡,raw:图渡,1
raw:圈筑,raw:圈筑,1
raw:土匪-军事行动,raw:土匪-军事行动,1
raw:土地纠纷,raw:土地纠纷,1
raw:土豪,raw:土豪,1
raw:地-事,occurred_at,1
raw:地-人关联,raw:地-人关联,1
raw:地-人物,raw:地-人物,1
raw:地-属,located_in,1
raw:地下党联络,contacted,1
raw:地下联络,raw:地下联络,1
raw:地主关系,raw:地主关系,1
raw:地主对象,raw:地主对象,1
raw:地事关系,raw:地事关系,1
raw:地区-政策,raw:地区-政策,1
raw:地区-政策评估,raw:地区-政策评估,1
raw:地域-事件,raw:地域-事件,1
raw:地域-活动,raw:地域-活动,1
raw:地域划分,raw:地域划分,1
raw:地域坚守,raw:地域坚守,1
raw:地域归属,located_in,1
raw:地域管辖,governed,1
raw:地域覆盖,raw:地域覆盖,1
raw:地域转化,raw:地域转化,1
raw:地形,raw:地形,1
raw:地形-战斗发生地,fought_at,1
raw:地形勘察,raw:地形勘察,1
raw:地点-事件关联,raw:地点-事件关联,1
raw:地点-事件发生地,raw:地点-事件发生地,1
raw:地点-任务,raw:地点-任务,1
raw:地点-企业,raw:地点-企业,1
raw:地点-关联,raw:地点-关联,1
raw:地点-出版物,raw:地点-出版物,1
raw:地点-功能,raw:地点-功能,1
raw:地点-势力,raw:地点-势力,1
raw:地点-势力,stationed_at,1
raw:地点-地点,raw:地点-地点,1
raw:地点-地点关联,raw:地点-地点关联,1
raw:地点-拘禁地,raw:地点-拘禁地,1
raw:地点-方针,raw:地点-方针,1
raw:地点-时代,raw:地点-时代,1
raw:地点-时期,raw:地点-时期,1
raw:地点-活动场所,raw:地点-活动场所,1
raw:地点-策略,raw:地点-策略,1
raw:地点-缴获物,raw:地点-缴获物,1
raw:地点-行动方案,raw:地点-行动方案,1
raw:地点-载体,raw:地点-载体,1
raw:地点-部队,raw:地点-部队,1
raw:地点与事件关系,raw:地点与事件关系,1
raw:地点与机构,raw:地点与机构,1
raw:地点与组织,raw:地点与组织,1
raw:地点与组织关联,raw:地点与组织关联,1
raw:地点关联事件,raw:地点关联事件,1
raw:地点在,located_in,1
raw:地点控制,governed,1
raw:地点迁移,raw:地点迁移,1
raw:地理-事件,raw:地理-事件,1
raw:地理-作战区域,occurred_at,1
raw:地理-区域,raw:地理-区域,1
raw:地理-线路,raw:地理-线路,1
raw:地理-经济,raw:地理-经济,1
raw:地理-行军路线,raw:地理-行军路线,1
raw:地理-路径,raw:地理-路径,1
raw:地理从属,raw:地理从属,1
raw:地理位置-建筑,raw:地理位置-建筑,1
raw:地理依存,raw:地理依存,1
raw:地理关联-行军路线,raw:地理关联-行军路线,1
raw:地理分界,raw:地理分界,1
raw:地理分界线,raw:地理分界线,1
raw:地理包含,located_in,1
raw:地理归属,occurred_at,1
raw:地理标志,raw:地理标志,1
raw:地理特征,raw:地理特征,1
raw:地理相邻,raw:地理相邻,1
raw:地理节点,raw:地理节点,1
raw:地理障碍,raw:地理障碍,1
raw:场所-事件,occurred_at,1
raw:场所-工作人员,raw:场所-工作人员,1
raw:场所-文物,raw:场所-文物,1
raw:场所-活动,occurred_at,1
raw:场所-运动,raw:场所-运动,1
raw:场所与事件,raw:场所与事件,1
raw:场所使用,raw:场所使用,1
raw:场所提供,raw:场所提供,1
raw:坐落于,raw:坐落于,1
raw:坚决反击,raw:坚决反击,1
raw:坚守/撤退,raw:坚守/撤退,1
raw:坚守于,raw:坚守于,1
raw:坚守抵抗,raw:坚守抵抗,1
raw:坚定,raw:坚定,1
raw:坚持于,raw:坚持于,1
raw:坚持会见,met_with,1
raw:坚持地,raw:坚持地,1
raw:坚持工作,raw:坚持工作,1
raw:坚持工作于,worked_at,1
raw:坚持斗争于,fought_at,1
raw:坚持至,raw:坚持至,1
raw:坚持调任,raw:坚持调任,1
raw:坚持阵地,raw:坚持阵地,1
raw:坚贞不屈,raw:坚贞不屈,1
raw:垫付,raw:垫付,1
raw:埋伏地点,stationed_at,1
raw:埋葬地点,raw:埋葬地点,1
raw:埋葬烈士,raw:埋葬烈士,1
raw:埋葬者,raw:埋葬者,1
raw:埋藏地,raw:埋藏地,1
raw:埋设,raw:埋设,1
raw:培养/介绍,raw:培养/介绍,1
raw:培养/发展,raw:培养/发展,1
raw:培养/发展党员,raw:培养/发展党员,1
raw:培养/牺牲,raw:培养/牺牲,1
raw:培养分配,trained,1
raw:培养地,raw:培养地,1
raw:培养工作者,trained,1
raw:培养帮助,raw:培养帮助,1
raw:培养来源,raw:培养来源,1
raw:培养组织,raw:培养组织,1
raw:培养者-被培养者,trained,1
raw:培养输送,raw:培养输送,1
raw:培植,raw:培植,1
raw:培育,created,1
raw:培育,trained,1
raw:培育关系,raw:培育关系,1
raw:培育推广,raw:培育推广,1
raw:培训-机构,raw:培训-机构,1
raw:培训关联,raw:培训关联,1
raw:培训基地,raw:培训基地,1
raw:培训对象,raw:培训对象,1
raw:培训机构,raw:培训机构,1
raw:培训经历,raw:培训经历,1
raw:培训部署,implemented,1
raw:基于,raw:基于,1
raw:基地,stationed_at,1
raw:基本方针,raw:基本方针,1
raw:基础关系,raw:基础关系,1
raw:基础力量,raw:基础力量,1
raw:基础组织,raw:基础组织,1
raw:堆坟,raw:堆坟,1
raw:堵击歼敌,raw:堵击歼敌,1
raw:堵剿/请饷,raw:堵剿/请饷,1
raw:堵剿宣传,raw:堵剿宣传,1
raw:塌台,raw:塌台,1
raw:塑造,raw:塑造,1
raw:增兵,raw:增兵,1
raw:增多,raw:增多,1
raw:增强力量,raw:增强力量,1
raw:增强防线,raw:增强防线,1
raw:增拨,raw:增拨,1
raw:增援/作战,raw:增援/作战,1
raw:增援/防守,raw:增援/防守,1
raw:增援作战,raw:增援作战,1
raw:增援部队,raw:增援部队,1
raw:增设,raw:增设,1
raw:增选,raw:增选,1
raw:壮大了,raw:壮大了,1
raw:壮烈,raw:壮烈,1
raw:声东,raw:声东,1
raw:声援/关联,raw:声援/关联,1
raw:声援事件,raw:声援事件,1
raw:声援保护,raw:声援保护,1
raw:声援地点,raw:声援地点,1
raw:声援对象,raw:声援对象,1
raw:声援抗议,raw:声援抗议,1
raw:声援斗争,raw:声援斗争,1
raw:声援者,supported,1
raw:声援行动,raw:声援行动,1
raw:声讨,opposed,1
raw:声讨对象,criticized,1
raw:处决-被处决,killed,1
raw:处决关系,raw:处决关系,1
raw:处决地,raw:处决地,1
raw:处决地点,occurred_at,1
raw:处决地点关系,raw:处决地点关系,1
raw:处决时间,raw:处决时间,1
raw:处决者-受害者,killed,1
raw:处决行动,killed,1
raw:处分处理,raw:处分处理,1
raw:处死,raw:处死,1
raw:处治,raw:处治,1
raw:处理主体,raw:处理主体,1
raw:处理事件,raw:处理事件,1
raw:处理地点,raw:处理地点,1
raw:处理方式,raw:处理方式,1
raw:处理机制,raw:处理机制,1
raw:处理机构,raw:处理机构,1
raw:处理结果,raw:处理结果,1
raw:处理者与被处理者,raw:处理者与被处理者,1
raw:处置者,raw:处置者,1
raw:复仇,raw:复仇,1
raw:复函,raw:复函,1
raw:复查认定,raw:复查认定,1
raw:复课于,raw:复课于,1
raw:外部势力-事件,raw:外部势力-事件,1
raw:多数行为,raw:多数行为,1
raw:夜战,fought_at,1
raw:夜翻,raw:夜翻,1
raw:夜行/不扰民,raw:夜行/不扰民,1
raw:夜袭目标,raw:夜袭目标,1
raw:大举进攻,raw:大举进攻,1
raw:大会合,raw:大会合,1
raw:大捷于,raw:大捷于,1
raw:大摆,raw:大摆,1
raw:大本营,raw:大本营,1
raw:大破,raw:大破,1
raw:大礼堂,raw:大礼堂,1
raw:天然障碍/防堵,raw:天然障碍/防堵,1
raw:夫妻/伴侣,spouse_of,1
raw:夫妻关系,raw:夫妻关系,1
raw:失利地点,raw:失利地点,1
raw:失去联系,raw:失去联系,1
raw:失误,raw:失误,1
raw:失败,raw:失败,1
raw:夸奖,raw:夸奖,1
raw:夹击歼灭,raw:夹击歼灭,1
raw:夹道迎送,raw:夹道迎送,1
raw:夺下,raw:夺下,1
raw:夺取枪枝起义,raw:夺取枪枝起义,1
raw:夺取目标,raw:夺取目标,1
raw:夺回,liberated,1
raw:夺得,raw:夺得,1
raw:夺权,raw:夺权,1
raw:夺枪,raw:夺枪,1
raw:夺枪行动,raw:夺枪行动,1
raw:夺获,raw:夺获,1
raw:奇袭于,raw:奇袭于,1
raw:奇袭解放,liberated,1
raw:奉命到,raw:奉命到,1
raw:奉命进剿,raw:奉命进剿,1
raw:奉指示,raw:奉指示,1
raw:奔袭全歼,raw:奔袭全歼,1
raw:奔袭战斗,raw:奔袭战斗,1
raw:奔袭解放,raw:奔袭解放,1
raw:奔赴,traveled_to,1
raw:奠基人,raw:奠基人,1
raw:妄图,raw:妄图,1
raw:妇女部长,held_position_in,1
raw:妥协,raw:妥协,1
raw:姑息迁就,raw:姑息迁就,1
raw:委任/商讨,raw:委任/商讨,1
raw:委任/领导,raw:委任/领导,1
raw:委任关系,appointed,1
raw:委托关系,raw:委托关系,1
raw:委托工作,raw:委托工作,1
raw:委托建立,raw:委托建立,1
raw:委托指导,guided,1
raw:委托组织,raw:委托组织,1
raw:委派关系,raw:委派关系,1
raw:威吓,raw:威吓,1
raw:威慑于,raw:威慑于,1
raw:威胁-镇压,raw:威胁-镇压,1
raw:威胁来源,raw:威胁来源,1
raw:威胁目标,raw:威胁目标,1
raw:婉拒,raw:婉拒,1
raw:媒介-事件,used_in_event,1
raw:媒介-运动,raw:媒介-运动,1
raw:媒介传播,raw:媒介传播,1
raw:媒体-事件,raw:媒体-事件,1
raw:媒体关联,raw:媒体关联,1
raw:子事件-总事件,part_of,1
raw:子女,raw:子女,1
raw:孕育地,originated_at,1
raw:孕育地,raw:孕育地,1
raw:存在/检讨,criticized,1
raw:存在作风,raw:存在作风,1
raw:存放-物品,preserved_at,1
raw:存枪械,raw:存枪械,1
raw:存续,raw:存续,1
raw:孤立瓦解,raw:孤立瓦解,1
raw:孤胆追击,raw:孤胆追击,1
raw:学习-文献,raw:学习-文献,1
raw:学习/任职地点,raw:学习/任职地点,1
raw:学习/工作,raw:学习/工作,1
raw:学习/工作调动,raw:学习/工作调动,1
raw:学习/活动,raw:学习/活动,1
raw:学习与传播,raw:学习与传播,1
raw:学习与工作地点,raw:学习与工作地点,1
raw:学习与影响,raw:学习与影响,1
raw:学习与活动,raw:学习与活动,1
raw:学习与活动场所,raw:学习与活动场所,1
raw:学习与活动场所,studied_at,1
raw:学习依据,raw:学习依据,1
raw:学习关系,raw:学习关系,1
raw:学习单位,raw:学习单位,1
raw:学习和工作地点,raw:学习和工作地点,1
raw:学习地,studied_at,1
raw:学习地点关联,raw:学习地点关联,1
raw:学习目的地,raw:学习目的地,1
raw:学习者,raw:学习者,1
raw:学习记录,raw:学习记录,1
raw:学习贯彻,raw:学习贯彻,1
raw:学习资料,raw:学习资料,1
raw:学习践行,raw:学习践行,1
raw:学习进步书籍,raw:学习进步书籍,1
raw:学员,raw:学员,1
raw:学员来源,raw:学员来源,1
raw:学术关系,raw:学术关系,1
raw:学生自治会干事,raw:学生自治会干事,1
raw:守住,raw:守住,1
raw:守卫,stationed_at,1
raw:守土/责任,raw:守土/责任,1
raw:安全,raw:安全,1
raw:安全保障,raw:安全保障,1
raw:安埋,raw:安埋,1
raw:安家,stationed_at,1
raw:安抚/动员,raw:安抚/动员,1
raw:安抚于,raw:安抚于,1
raw:安排任职,appointed,1
raw:安排住宿,raw:安排住宿,1
raw:安排关系,raw:安排关系,1
raw:安排布置,raw:安排布置,1
raw:安排者与执行者,raw:安排者与执行者,1
raw:安排转移,raw:安排转移,1
raw:安插者,raw:安插者,1
raw:安置,stationed_at,1
raw:安置关系,raw:安置关系,1
raw:安置地点,stationed_at,1
raw:安置就业,raw:安置就业,1
raw:安葬/建碑,raw:安葬/建碑,1
raw:安葬/祭奠,raw:安葬/祭奠,1
raw:安葬/纪念,raw:安葬/纪念,1
raw:安葬与纪念,raw:安葬与纪念,1
raw:安葬与资助,raw:安葬与资助,1
raw:安葬地关联,raw:安葬地关联,1
raw:安葬地点-遗骸,raw:安葬地点-遗骸,1
raw:安葬场所,raw:安葬场所,1
raw:安葬者,raw:安葬者,1
raw:完成于,occurred_at,1
raw:完成时间,occurred_during,1
raw:宗教指导,guided,1
raw:宗教指导,raw:宗教指导,1
raw:定位,raw:定位,1
raw:定型,raw:定型,1
raw:定居,raw:定居,1
raw:定稿,raw:定稿,1
raw:定论,raw:定论,1
raw:实体-事件,raw:实体-事件,1
raw:实体位置,raw:实体位置,1
raw:实体关联,raw:实体关联,1
raw:实地考察,raw:实地考察,1
raw:实地走访,visited,1
raw:实施/防范,raw:实施/防范,1
raw:实施主体-措施,raw:实施主体-措施,1
raw:实施主体-政策,raw:实施主体-政策,1
raw:实施单位,carried_out,1
raw:实施地区,raw:实施地区,1
raw:实施对象,carried_out,1
raw:实施对象,implemented,1
raw:实施对象-措施,raw:实施对象-措施,1
raw:实施屠杀,raw:实施屠杀,1
raw:实施政策,raw:实施政策,1
raw:实施方式,raw:实施方式,1
raw:实施时间,created_during,1
raw:实施破坏,raw:实施破坏,1
raw:实施策略,raw:实施策略,1
raw:实施管制,governed,1
raw:实施者-事件,carried_out,1
raw:实施者关联,raw:实施者关联,1
raw:实施行为,raw:实施行为,1
raw:实施路径,raw:实施路径,1
raw:实施载体,raw:实施载体,1
raw:实施过程,raw:实施过程,1
raw:实现途径,raw:实现途径,1
raw:实行屠杀,raw:实行屠杀,1
raw:实践-目标,raw:实践-目标,1
raw:实践与总结,raw:实践与总结,1
raw:实践与理论,raw:实践与理论,1
raw:实践于,occurred_at,1
raw:实践地,active_during,1
raw:实践地点,active_at,1
raw:实践基础,raw:实践基础,1
raw:实践工具,raw:实践工具,1
raw:实践形式,raw:实践形式,1
raw:实践目标,raw:实践目标,1
raw:实践结合,raw:实践结合,1
raw:实践领域,raw:实践领域,1
raw:实际行动,raw:实际行动,1
raw:审判与教育,raw:审判与教育,1
raw:审判事件,raw:审判事件,1
raw:审判地,raw:审判地,1
raw:审判场所,occurred_at,1
raw:审判执行,raw:审判执行,1
raw:审判机构,raw:审判机构,1
raw:审判枪决,raw:审判枪决,1
raw:审判者-被审判者,raw:审判者-被审判者,1
raw:审判者与被审判者,raw:审判者与被审判者,1
raw:审批者,raw:审批者,1
raw:审改,raw:审改,1
raw:审查于,raw:审查于,1
raw:审查关系,raw:审查关系,1
raw:审查清理,raw:审查清理,1
raw:审校者,raw:审校者,1
raw:审稿,raw:审稿,1
raw:审签,raw:审签,1
raw:审计对象,raw:审计对象,1
raw:审议,raw:审议,1
raw:审讯-地点,raw:审讯-地点,1
raw:审讯-认罪,raw:审讯-认罪,1
raw:审讯/施刑,raw:审讯/施刑,1
raw:审讯地点,raw:审讯地点,1
raw:审讯对象-审讯者,raw:审讯对象-审讯者,1
raw:审讯者与被捕者,raw:审讯者与被捕者,1
raw:审阅指导,raw:审阅指导,1
raw:审阅者-作品,raw:审阅者-作品,1
raw:客观,raw:客观,1
raw:客观上促成,influenced,1
raw:客观助长,raw:客观助长,1
raw:宣传,disseminates,1
raw:宣传/交易,raw:宣传/交易,1
raw:宣传/交流,raw:宣传/交流,1
raw:宣传/动员,raw:宣传/动员,1
raw:宣传/尊重,advocated,1
raw:宣传/接触,raw:宣传/接触,1
raw:宣传/沟通,raw:宣传/沟通,1
raw:宣传与抗争,raw:宣传与抗争,1
raw:宣传事件,raw:宣传事件,1
raw:宣传互动,raw:宣传互动,1
raw:宣传发动,advocated,1
raw:宣传发动,organized,1
raw:宣传场所,raw:宣传场所,1
raw:宣传安抚,raw:宣传安抚,1
raw:宣传方式,raw:宣传方式,1
raw:宣传活动,raw:宣传活动,1
raw:宣传联动,raw:宣传联动,1
raw:宣传范围,raw:宣传范围,1
raw:宣传载体-斗争区域,raw:宣传载体-斗争区域,1
raw:宣传部长,held_position_in,1
raw:宣传革命道理,raw:宣传革命道理,1
raw:宣传驻扎,raw:宣传驻扎,1
raw:宣告/宣传,raw:宣告/宣传,1
raw:宣布任命,raw:宣布任命,1
raw:宣布关系,raw:宣布关系,1
raw:宣布废除,raw:宣布废除,1
raw:宣布建立,raw:宣布建立,1
raw:宣布成立,organized,1
raw:宣布接管,raw:宣布接管,1
raw:宣布改编,raw:宣布改编,1
raw:宣布者,raw:宣布者,1
raw:宣扬,advocated,1
raw:宣扬,raw:宣扬,1
raw:宣称,raw:宣称,1
raw:宣解,raw:宣解,1
raw:宣誓,raw:宣誓,1
raw:宣誓就职,raw:宣誓就职,1
raw:宣讲,advocated,1
raw:宣讲/团结,raw:宣讲/团结,1
raw:宣讲内容,raw:宣讲内容,1
raw:宣讲地点,raw:宣讲地点,1
raw:宣讲对象,raw:宣讲对象,1
raw:宣读贺电/作报告,raw:宣读贺电/作报告,1
raw:宴请,raw:宴请,1
raw:家乡,raw:家乡,1
raw:家属关系,family_of,1
raw:家属关联,raw:家属关联,1
raw:家庭关联,raw:家庭关联,1
raw:家族传承,raw:家族传承,1
raw:宽恕,raw:宽恕,1
raw:寄养关系,raw:寄养关系,1
raw:寄发警信,raw:寄发警信,1
raw:寄回,raw:寄回,1
raw:寄存关系,raw:寄存关系,1
raw:寄来,raw:寄来,1
raw:密令杀害,raw:密令杀害,1
raw:密告,raw:密告,1
raw:密告关系,raw:密告关系,1
raw:密捕,raw:密捕,1
raw:密查,raw:密查,1
raw:密电逮捕,raw:密电逮捕,1
raw:密码交接,raw:密码交接,1
raw:密议,raw:密议,1
raw:密谈,met_with,1
raw:密谈,raw:密谈,1
raw:密谋策划,organized,1
raw:密遣,raw:密遣,1
raw:察觉,raw:察觉,1
raw:对号,raw:对号,1
raw:对外名称,raw:对外名称,1
raw:对峙地,fought_at,1
raw:对抗-事件,raw:对抗-事件,1
raw:对抗-人物,opposed,1
raw:对抗-人物,raw:对抗-人物,1
raw:对抗-地区,fought_at,1
raw:对抗-地点,raw:对抗-地点,1
raw:对抗-敌人,raw:对抗-敌人,1
raw:对抗-被镇压者,raw:对抗-被镇压者,1
raw:对抗/伪装,opposed,1
raw:对抗/投诚,raw:对抗/投诚,1
raw:对抗事件,opposed,1
raw:对抗于,opposed,1
raw:对抗于,raw:对抗于,1
raw:对抗方-事件,raw:对抗方-事件,1
raw:对抗方-对象,raw:对抗方-对象,1
raw:对抗方-斗争,opposed,1
raw:对抗武器,raw:对抗武器,1
raw:对抗组织,opposed,1
raw:对抗组织,raw:对抗组织,1
raw:对抗者-事件,opposed,1
raw:对歌,raw:对歌,1
raw:对比关系,raw:对比关系,1
raw:对比分析,raw:对比分析,1
raw:对比印证,raw:对比印证,1
raw:对照分析,raw:对照分析,1
raw:对立人物,opposed,1
raw:对立方-事件,opposed,1
raw:对立面,raw:对立面,1
raw:对话对象,raw:对话对象,1
raw:对话方,raw:对话方,1
raw:对象关联,raw:对象关联,1
raw:对象群体,raw:对象群体,1
raw:对阵,raw:对阵,1
raw:寻亲于,raw:寻亲于,1
raw:寻找/宣传,raw:寻找/宣传,1
raw:寻找/联络,contacted,1
raw:寻找与联络,contacted,1
raw:寻找党组织,raw:寻找党组织,1
raw:寻找地,raw:寻找地,1
raw:寻找对象,raw:寻找对象,1
raw:寻找游击队,raw:寻找游击队,1
raw:寻找粮食,raw:寻找粮食,1
raw:寻求援助,raw:寻求援助,1
raw:寻求联络,contacted,1
raw:寻汇,raw:寻汇,1
raw:寻访/救济,raw:寻访/救济,1
raw:寻访纪念,visited,1
raw:寻食,raw:寻食,1
raw:导师关系,trained,1
raw:导演指导,raw:导演指导,1
raw:导致/组建,raw:导致/组建,1
raw:导致丧失,raw:导致丧失,1
raw:导致事件,raw:导致事件,1
raw:导致关系,influenced,1
raw:导致关系,raw:导致关系,1
raw:导致削弱,raw:导致削弱,1
raw:导致原因,raw:导致原因,1
raw:导致失联,raw:导致失联,1
raw:导致打击,raw:导致打击,1
raw:导致搜捕,raw:导致搜捕,1
raw:导致断绝,raw:导致断绝,1
raw:导致死亡,killed,1
raw:导致混乱,raw:导致混乱,1
raw:导致牺牲,raw:导致牺牲,1
raw:导致结果,raw:导致结果,1
raw:导致转变,raw:导致转变,1
raw:导致释放,liberated,1
raw:封官,raw:封官,1
raw:封锁于,raw:封锁于,1
raw:封锁者,raw:封锁者,1
raw:尊重/平等对待,raw:尊重/平等对待,1
raw:尊重/沟通,raw:尊重/沟通,1
raw:尊重保护,raw:尊重保护,1
raw:就义地,died_at,1
raw:就任,raw:就任,1
raw:就学/任教,raw:就学/任教,1
raw:就学于,raw:就学于,1
raw:就学关联,raw:就学关联,1
raw:就职,held_position_in,1
raw:就职,raw:就职,1
raw:就读与参与,raw:就读与参与,1
raw:就读学校,raw:就读学校,1
raw:就餐留钱,raw:就餐留钱,1
raw:尾击,raw:尾击,1
raw:尾追截击,raw:尾追截击,1
raw:尾随,raw:尾随,1
raw:尾随袭击,raw:尾随袭击,1
raw:居住/开会于,raw:居住/开会于,1
raw:居住/提供情报,raw:居住/提供情报,1
raw:居住/支援,raw:居住/支援,1
raw:居住/活动,active_at,1
raw:居住关系,raw:居住关系,1
raw:居住关联,raw:居住关联,1
raw:居住地点,raw:居住地点,1
raw:居住活动,raw:居住活动,1
raw:居所,raw:居所,1
raw:居所关联,raw:居所关联,1
raw:居留于,raw:居留于,1
raw:屈服,raw:屈服,1
raw:展开战斗,fought_at,1
raw:展示地,raw:展示地,1
raw:属,raw:属,1
raw:属于,active_during,1
raw:属地关系,occurred_at,1
raw:属地关系,raw:属地关系,1
raw:属地关联,raw:属地关联,1
raw:属地包含,located_in,1
raw:属地管辖,raw:属地管辖,1
raw:屠杀,killed,1
raw:屠杀/清剿,raw:屠杀/清剿,1
raw:屬於,raw:屬於,1
raw:巡查,raw:巡查,1
raw:巡视于,raw:巡视于,1
raw:巡视地点,visited,1
raw:巡视工作,raw:巡视工作,1
raw:巡视检查,raw:巡视检查,1
raw:巡视路线,raw:巡视路线,1
raw:工作-对接,raw:工作-对接,1
raw:工作-负责人,responsible_for,1
raw:工作/奉献,raw:工作/奉献,1
raw:工作/学习,raw:工作/学习,1
raw:工作/牺牲,raw:工作/牺牲,1
raw:工作/联系,raw:工作/联系,1
raw:工作下沉,raw:工作下沉,1
raw:工作伙伴,colleague_of,1
raw:工作内容,raw:工作内容,1
raw:工作内容,worked_at,1
raw:工作分配,appointed,1
raw:工作分配关系,raw:工作分配关系,1
raw:工作区域-人物,worked_at,1
raw:工作协助,collaborated_with,1
raw:工作反馈,raw:工作反馈,1
raw:工作场所-人员,worked_at,1
raw:工作场所-人物,raw:工作场所-人物,1
raw:工作安排,appointed,1
raw:工作对象,implemented,1
raw:工作建设,raw:工作建设,1
raw:工作成果,raw:工作成果,1
raw:工作指向,raw:工作指向,1
raw:工作接头,met_with,1
raw:工作搭档,colleague_of,1
raw:工作搭档,raw:工作搭档,1
raw:工作检查,visited,1
raw:工作派遣,raw:工作派遣,1
raw:工作环节,raw:工作环节,1
raw:工作移交,raw:工作移交,1
raw:工作经历,raw:工作经历,1
raw:工作结果,raw:工作结果,1
raw:工作者,worked_at,1
raw:工作肯定,raw:工作肯定,1
raw:工作行为,raw:工作行为,1
raw:工作设备,raw:工作设备,1
raw:工作调动目的地,raw:工作调动目的地,1
raw:工作调动目的地,stationed_at,1
raw:工作调配,dispatched,1
raw:工作进展,raw:工作进展,1
raw:工作部署,formulated,1
raw:工作阵地,raw:工作阵地,1
raw:工作隶属,worked_at,1
raw:工作领导,raw:工作领导,1
raw:工具-对象,raw:工具-对象,1
raw:工具-行为,raw:工具-行为,1
raw:工具-运动,raw:工具-运动,1
raw:工具关系,raw:工具关系,1
raw:工委书记,raw:工委书记,1
raw:巧渡,raw:巧渡,1
raw:巧用,raw:巧用,1
raw:巩固/创造,raw:巩固/创造,1
raw:巩固发展,raw:巩固发展,1
raw:巷战交火,raw:巷战交火,1
raw:布告发布者,raw:布告发布者,1
raw:布点单位,raw:布点单位,1
raw:布置于,raw:布置于,1
raw:布置任务,dispatched,1
raw:布置任务,formulated,1
raw:布置战斗,raw:布置战斗,1
raw:布置接管,raw:布置接管,1
raw:布置推动,implemented,1
raw:布置清剿于,raw:布置清剿于,1
raw:布置警戒,raw:布置警戒,1
raw:布置防务,stationed_at,1
raw:布防于,stationed_at,1
raw:布防地,stationed_at,1
raw:布防地点,stationed_at,1
raw:布阵于,raw:布阵于,1
raw:师徒,raw:师徒,1
raw:师徒/指导者,trained,1
raw:师承/推荐,raw:师承/推荐,1
raw:师生,raw:师生,1
raw:希望,raw:希望,1
raw:带入关系,raw:带入关系,1
raw:带头响应,raw:带头响应,1
raw:带头报名,raw:带头报名,1
raw:带头支源于,raw:带头支源于,1
raw:带头示范,raw:带头示范,1
raw:带头示范于,raw:带头示范于,1
raw:带密令,raw:带密令,1
raw:带来者,raw:带来者,1
raw:带红一师强攻,fought_at,1
raw:带走,raw:带走,1
raw:带路/挑担,raw:带路/挑担,1
raw:带路/牺牲于,raw:带路/牺牲于,1
raw:带路/赠鞋,raw:带路/赠鞋,1
raw:带路于,guided,1
raw:带路协助,raw:带路协助,1
raw:带路向导,raw:带路向导,1
raw:带队执行,commanded,1
raw:带队支前,supported,1
raw:带队进入,raw:带队进入,1
raw:带领前往,raw:带领前往,1
raw:带领寻找,raw:带领寻找,1
raw:带领建立,raw:带领建立,1
raw:带领开挖,created,1
raw:带领打败,raw:带领打败,1
raw:带领抢条子烧,raw:带领抢条子烧,1
raw:带领指导,guided,1
raw:带领接受改编,raw:带领接受改编,1
raw:带领攀壁,raw:带领攀壁,1
raw:带领教唱,raw:带领教唱,1
raw:带领活动,led,1
raw:带领活捉,raw:带领活捉,1
raw:带领特务搜捕,raw:带领特务搜捕,1
raw:带领突击队冲入,raw:带领突击队冲入,1
raw:带领者,raw:带领者,1
raw:带领肃清,raw:带领肃清,1
raw:带领行动小组,raw:带领行动小组,1
raw:带领袭击,raw:带领袭击,1
raw:帮助/关怀,raw:帮助/关怀,1
raw:帮助/牺牲,raw:帮助/牺牲,1
raw:帮助于,raw:帮助于,1
raw:帮助建立,raw:帮助建立,1
raw:帮助开展,raw:帮助开展,1
raw:帮助成立,raw:帮助成立,1
raw:帮助教育,raw:帮助教育,1
raw:帮助生产,raw:帮助生产,1
raw:帮助组建,raw:帮助组建,1
raw:帮助组织,raw:帮助组织,1
raw:帮工,raw:帮工,1
raw:帮手,raw:帮手,1
raw:帮打,raw:帮打,1
raw:帮扶关系,raw:帮扶关系,1
raw:帮衬,raw:帮衬,1
raw:常去地点,visited,1
raw:常驻人员,stationed_at,1
raw:干扰,raw:干扰,1
raw:干扰因素,raw:干扰因素,1
raw:干扰因素-事件,raw:干扰因素-事件,1
raw:干流,raw:干流,1
raw:干部培养,raw:干部培养,1
raw:干部来源,raw:干部来源,1
raw:干预,influenced,1
raw:干预关系,raw:干预关系,1
raw:干预调解,raw:干预调解,1
raw:平反/昭雪,raw:平反/昭雪,1
raw:平反昭雪,raw:平反昭雪,1
raw:平叛,opposed,1
raw:平息事件,raw:平息事件,1
raw:平息对象,raw:平息对象,1
raw:平息者,raw:平息者,1
raw:平毁,raw:平毁,1
raw:平等对待,raw:平等对待,1
raw:并列于,raw:并列于,1
raw:并肩战斗,collaborated_with,1
raw:并肩战斗,raw:并肩战斗,1
raw:并重,raw:并重,1
raw:广泛开展,raw:广泛开展,1
raw:庆祝与支援,raw:庆祝与支援,1
raw:庆祝事件,raw:庆祝事件,1
raw:庇护关系,protected,1
raw:庇护关系,raw:庇护关系,1
raw:庇护者,raw:庇护者,1
raw:序幕/引发,raw:序幕/引发,1
raw:应依据,raw:应依据,1
raw:应办,raw:应办,1
raw:应对关系,raw:应对关系,1
raw:应对处置,raw:应对处置,1
raw:应对监视,raw:应对监视,1
raw:应对者,raw:应对者,1
raw:应带头,raw:应带头,1
raw:应开展,raw:应开展,1
raw:应支援,raw:应支援,1
raw:应用,implemented,1
raw:康复,raw:康复,1
raw:康复/道谢,raw:康复/道谢,1
raw:延续影响,raw:延续影响,1
raw:延续性,raw:延续性,1
raw:建党,raw:建党,1
raw:建军原则,raw:建军原则,1
raw:建制,raw:建制,1
raw:建制隶属,raw:建制隶属,1
raw:建团,created,1
raw:建政,raw:建政,1
raw:建立-地点,raw:建立-地点,1
raw:建立-根据地,raw:建立-根据地,1
raw:建立/发展,raw:建立/发展,1
raw:建立/抢劫,raw:建立/抢劫,1
raw:建立/担任书记,raw:建立/担任书记,1
raw:建立/支持,raw:建立/支持,1
raw:建立/整顿,raw:建立/整顿,1
raw:建立/武装,raw:建立/武装,1
raw:建立/组织,raw:建立/组织,1
raw:建立/讲话,raw:建立/讲话,1
raw:建立与负责,raw:建立与负责,1
raw:建立中心区域,raw:建立中心区域,1
raw:建立党支部,raw:建立党支部,1
raw:建立合作,raw:建立合作,1
raw:建立后方医院,raw:建立后方医院,1
raw:建立地,raw:建立地,1
raw:建立政权,raw:建立政权,1
raw:建立根据地于,raw:建立根据地于,1
raw:建立特支,raw:建立特支,1
raw:建立纵队,raw:建立纵队,1
raw:建立组织于,raw:建立组织于,1
raw:建立统一战线,raw:建立统一战线,1
raw:建立统治,governed,1
raw:建立联系于,raw:建立联系于,1
raw:建立联络站,raw:建立联络站,1
raw:建立领导,led,1
raw:建立鱼水关系,raw:建立鱼水关系,1
raw:建筑关联,raw:建筑关联,1
raw:建言,raw:建言,1
raw:建言献策,raw:建言献策,1
raw:建议-接受,raw:建议-接受,1
raw:建议划区,raw:建议划区,1
raw:建议发行,raw:建议发行,1
raw:建议建立,raw:建议建立,1
raw:建议开办,raw:建议开办,1
raw:建议撤至,raw:建议撤至,1
raw:建议支持,raw:建议支持,1
raw:建议组建,raw:建议组建,1
raw:建议者,raw:建议者,1
raw:建议调动,raw:建议调动,1
raw:建设/管理,raw:建设/管理,1
raw:建设/解放,raw:建设/解放,1
raw:建设主体,raw:建设主体,1
raw:建设关联,raw:建设关联,1
raw:建设地,raw:建设地,1
raw:建设推动,raw:建设推动,1
raw:建设目标,raw:建设目标,1
raw:建设者-工程,raw:建设者-工程,1
raw:建设范围,raw:建设范围,1
raw:建设贡献,raw:建设贡献,1
raw:建设项目,raw:建设项目,1
raw:建造,created,1
raw:建造者,created,1
raw:建造者,raw:建造者,1
raw:开仓,raw:开仓,1
raw:开仓发谷,raw:开仓发谷,1
raw:开仓济贫,raw:开仓济贫,1
raw:开会/宣誓,raw:开会/宣誓,1
raw:开会/整纪,raw:开会/整纪,1
raw:开会于,raw:开会于,1
raw:开具,raw:开具,1
raw:开具介绍信,raw:开具介绍信,1
raw:开凿,raw:开凿,1
raw:开办,organized,1
raw:开办训练班于,raw:开办训练班于,1
raw:开发,raw:开发,1
raw:开发/剥削,raw:开发/剥削,1
raw:开启,raw:开启,1
raw:开回,raw:开回,1
raw:开大会,raw:开大会,1
raw:开学,raw:开学,1
raw:开展/实施,raw:开展/实施,1
raw:开展/实践,raw:开展/实践,1
raw:开展/经历,raw:开展/经历,1
raw:开展争取,raw:开展争取,1
raw:开展兵运,raw:开展兵运,1
raw:开展农运,raw:开展农运,1
raw:开展区域,carried_out,1
raw:开展土地革命,raw:开展土地革命,1
raw:开展土地革命于,raw:开展土地革命于,1
raw:开展地下活动,raw:开展地下活动,1
raw:开展地区,occurred_at,1
raw:开展学生运动,raw:开展学生运动,1
raw:开展工运于,raw:开展工运于,1
raw:开展扩红于,raw:开展扩红于,1
raw:开展政治工作,raw:开展政治工作,1
raw:开展教育,raw:开展教育,1
raw:开展斗争于,fought_at,1
raw:开展时间,occurred_during,1
raw:开展游击战,raw:开展游击战,1
raw:开展游击战争,fought_at,1
raw:开展演讲,raw:开展演讲,1
raw:开展统战,raw:开展统战,1
raw:开展调查,carried_out,1
raw:开展革命,raw:开展革命,1
raw:开展革命活动于,raw:开展革命活动于,1
raw:开往,raw:开往,1
raw:开往整训,raw:开往整训,1
raw:开拓者,raw:开拓者,1
raw:开拔,traveled_to,1
raw:开至,raw:开至,1
raw:开至集结于,raw:开至集结于,1
raw:开设,organized,1
raw:开设于,raw:开设于,1
raw:开赴于,raw:开赴于,1
raw:开辟/领导,raw:开辟/领导,1
raw:开辟与活动于,active_at,1
raw:开辟于,created_at,1
raw:开辟于,raw:开辟于,1
raw:开辟工作,raw:开辟工作,1
raw:开辟建设,raw:开辟建设,1
raw:开辟新区,raw:开辟新区,1
raw:开辟新战场,raw:开辟新战场,1
raw:开除学籍,raw:开除学籍,1
raw:弃城/南窜,raw:弃城/南窜,1
raw:引上,raw:引上,1
raw:引入,raw:引入,1
raw:引发原因,raw:引发原因,1
raw:引发者,led,1
raw:引向,raw:引向,1
raw:引导奔赴,raw:引导奔赴,1
raw:引导支持,supported,1
raw:引导者,led,1
raw:引导者-事件,raw:引导者-事件,1
raw:引导者-地点,raw:引导者-地点,1
raw:引导者与被引导者,guided,1
raw:引导至,raw:引导至,1
raw:引导认尸,raw:引导认尸,1
raw:引导起义,raw:引导起义,1
raw:引开,raw:引开,1
raw:引敌/阴谋,raw:引敌/阴谋,1
raw:引用-依据,raw:引用-依据,1
raw:引荐,raw:引荐,1
raw:引见,introduced,1
raw:引见,raw:引见,1
raw:引起,raw:引起,1
raw:引起重视,raw:引起重视,1
raw:引路,raw:引路,1
raw:引领,led,1
raw:引领/参与,raw:引领/参与,1
raw:引领于,raw:引领于,1
raw:引领者,raw:引领者,1
raw:弘扬对象,raw:弘扬对象,1
raw:弘扬者,raw:弘扬者,1
raw:弘扬者-对象,embodied_by_person,1
raw:张罗,raw:张罗,1
raw:张贴于,raw:张贴于,1
raw:张贴布告,raw:张贴布告,1
raw:弯身,raw:弯身,1
raw:强化控制,raw:强化控制,1
raw:强化者,raw:强化者,1
raw:强占/剥削,raw:强占/剥削,1
raw:强征/修筑,raw:强征/修筑,1
raw:强收,raw:强收,1
raw:强攻,fought_at,1
raw:强攻/击溃,raw:强攻/击溃,1
raw:强攻拔除,raw:强攻拔除,1
raw:强渡于,fought_at,1
raw:强渡地点,fought_at,1
raw:强渡地点,raw:强渡地点,1
raw:强行解散,raw:强行解散,1
raw:强袭,raw:强袭,1
raw:强袭目标,raw:强袭目标,1
raw:强调培养,raw:强调培养,1
raw:强调目标,raw:强调目标,1
raw:归...指挥,raw:归...指挥,1
raw:归属,member_of,1
raw:归建,member_of,1
raw:归建,raw:归建,1
raw:归建整编,raw:归建整编,1
raw:归来,raw:归来,1
raw:归档地,raw:归档地,1
raw:归结,raw:归结,1
raw:归还赔偿,raw:归还赔偿,1
raw:归队,raw:归队,1
raw:归队于,raw:归队于,1
raw:当代,raw:当代,1
raw:当选主席,raw:当选主席,1
raw:当选委员,held_position_in,1
raw:当选委员长,held_position_in,1
raw:当选红军代表委员,held_position_in,1
raw:录取,raw:录取,1
raw:形势宣传,raw:形势宣传,1
raw:形成动因,raw:形成动因,1
raw:形成包围,raw:形成包围,1
raw:形成地点,raw:形成地点,1
raw:形成基础,raw:形成基础,1
raw:影响-事件,raw:影响-事件,1
raw:影响-人物,influenced,1
raw:影响-人物,raw:影响-人物,1
raw:影响-关联,raw:影响-关联,1
raw:影响-地区,raw:影响-地区,1
raw:影响-场所,influenced,1
raw:影响-组织,influenced,1
raw:影响/动员,influenced,1
raw:影响/指导,guided,1
raw:影响/路过,raw:影响/路过,1
raw:影响事件-组织,raw:影响事件-组织,1
raw:影响于,influenced,1
raw:影响人物,influenced,1
raw:影响传播,influenced,1
raw:影响力范围,raw:影响力范围,1
raw:影响因素,influenced,1
raw:影响地,raw:影响地,1
raw:影响地区,raw:影响地区,1
raw:影响地点,occurred_at,1
raw:影响源,influenced,1
raw:影响物证,influenced,1
raw:影响至,influenced,1
raw:往返活动,raw:往返活动,1
raw:征召扎筏,raw:征召扎筏,1
raw:征战,raw:征战,1
raw:征收对象,raw:征收对象,1
raw:征服,raw:征服,1
raw:征用缝制,raw:征用缝制,1
raw:征集与汇编,raw:征集与汇编,1
raw:径趋,raw:径趋,1
raw:待命,raw:待命,1
raw:徒步采访,raw:徒步采访,1
raw:得知,raw:得知,1
raw:得知真相,raw:得知真相,1
raw:忽视,raw:忽视,1
raw:怀念对象,raw:怀念对象,1
raw:怒斥,raw:怒斥,1
raw:思想,raw:思想,1
raw:思想-地点,raw:思想-地点,1
raw:思想-行为,raw:思想-行为,1
raw:思想传承,inherited_from,1
raw:思想传承,raw:思想传承,1
raw:思想传播者,raw:思想传播者,1
raw:思想传播者-受教育者,raw:思想传播者-受教育者,1
raw:思想准备,raw:思想准备,1
raw:思想动员,raw:思想动员,1
raw:思想升华,raw:思想升华,1
raw:思想启发,influenced,1
raw:思想基础,raw:思想基础,1
raw:思想对立,opposed,1
raw:思想工作,raw:思想工作,1
raw:思想引导/协作,collaborated_with,1
raw:思想引导关系,guided,1
raw:思想引领,raw:思想引领,1
raw:思想指引,guided,1
raw:思想改造,raw:思想改造,1
raw:思想教育与改编,raw:思想教育与改编,1
raw:思想来源,influenced,1
raw:思想根源,raw:思想根源,1
raw:思想武器,raw:思想武器,1
raw:思想演变,raw:思想演变,1
raw:思想灌输,raw:思想灌输,1
raw:思想调和,raw:思想调和,1
raw:思想贯彻于,raw:思想贯彻于,1
raw:思想问题,raw:思想问题,1
raw:急令,raw:急令,1
raw:急电调兵,raw:急电调兵,1
raw:急行军赶回,raw:急行军赶回,1
raw:性质,raw:性质,1
raw:怨恨,raw:怨恨,1
raw:总指挥,commanded,1
raw:总攻击,fought_at,1
raw:总攻歼灭,raw:总攻歼灭,1
raw:总结/反思,raw:总结/反思,1
raw:总结人,raw:总结人,1
raw:总结分析,raw:总结分析,1
raw:总结反思,raw:总结反思,1
raw:总结反馈,raw:总结反馈,1
raw:总结成果,raw:总结成果,1
raw:总结报告,raw:总结报告,1
raw:总结报告/部署,formulated,1
raw:总结指导,raw:总结指导,1
raw:总结经验,raw:总结经验,1
raw:总结肯定,raw:总结肯定,1
raw:总结规律,raw:总结规律,1
raw:总结部署,organized,1
raw:总结部署,raw:总结部署,1
raw:总部,raw:总部,1
raw:总部地点,raw:总部地点,1
raw:总部所在地,located_in,1
raw:总部设在,located_in,1
raw:总部设在,raw:总部设在,1
raw:恐吓,raw:恐吓,1
raw:恢复党组织,raw:恢复党组织,1
raw:恢复关联,raw:恢复关联,1
raw:恢复和发展,raw:恢复和发展,1
raw:恢复工作,raw:恢复工作,1
raw:恢复建立,created,1
raw:恢复建立,raw:恢复建立,1
raw:恢复番号于,raw:恢复番号于,1
raw:恢复组织,raw:恢复组织,1
raw:恳请/成立,raw:恳请/成立,1
raw:患病,raw:患病,1
raw:悬赏通缉,raw:悬赏通缉,1
raw:悲愤,raw:悲愤,1
raw:悲痛于,raw:悲痛于,1
raw:悼念事件,raw:悼念事件,1
raw:情感关系,raw:情感关系,1
raw:情感联结,raw:情感联结,1
raw:情报-联络,raw:情报-联络,1
raw:情报-预警,raw:情报-预警,1
raw:情报交接,raw:情报交接,1
raw:情报交锋,raw:情报交锋,1
raw:情报传递协作,collaborated_with,1
raw:情报传递点,raw:情报传递点,1
raw:情报传递者与协助者,raw:情报传递者与协助者,1
raw:情报侦察,raw:情报侦察,1
raw:情报侦查,raw:情报侦查,1
raw:情报博弈,raw:情报博弈,1
raw:情报合作,collaborated_with,1
raw:情报对抗,raw:情报对抗,1
raw:情报对接,contacted,1
raw:情报对象,raw:情报对象,1
raw:情报工作对象,raw:情报工作对象,1
raw:情报工具,raw:情报工具,1
raw:情报成果,raw:情报成果,1
raw:情报报告,raw:情报报告,1
raw:情报接触,contacted,1
raw:情报提供关系,raw:情报提供关系,1
raw:情报提供者-负责人,reported_to,1
raw:情报支援/掩护,raw:情报支援/掩护,1
raw:情报收集,raw:情报收集,1
raw:情报收集地点,raw:情报收集地点,1
raw:情报斗争,raw:情报斗争,1
raw:情报枢纽,raw:情报枢纽,1
raw:情报汇总,raw:情报汇总,1
raw:情报汇报,raw:情报汇报,1
raw:情报渗透,raw:情报渗透,1
raw:情报监控,raw:情报监控,1
raw:情报联系人,raw:情报联系人,1
raw:情报联络点,raw:情报联络点,1
raw:情报节点,raw:情报节点,1
raw:情报载体,raw:情报载体,1
raw:情绪波动于,raw:情绪波动于,1
raw:惊慌,raw:惊慌,1
raw:惠及,raw:惠及,1
raw:惨杀,killed,1
raw:惨遭杀害,raw:惨遭杀害,1
raw:惩办对象,raw:惩办对象,1
raw:惩治叛徒,raw:惩治叛徒,1
raw:惩治恶霸,raw:惩治恶霸,1
raw:意义,raw:意义,1
raw:意图,raw:意图,1
raw:意图窜入,raw:意图窜入,1
raw:意见,raw:意见,1
raw:意见指导,guided,1
raw:感恩回馈,raw:感恩回馈,1
raw:感激与认同,raw:感激与认同,1
raw:感谢,raw:感谢,1
raw:感谢赠礼,raw:感谢赠礼,1
raw:愤慨发声,raw:愤慨发声,1
raw:慰劳物,raw:慰劳物,1
raw:慰问-支持,raw:慰问-支持,1
raw:慰问/赠送,raw:慰问/赠送,1
raw:慰问指导,raw:慰问指导,1
raw:慰问支援,raw:慰问支援,1
raw:慰问活动,raw:慰问活动,1
raw:成为中心,raw:成为中心,1
raw:成份,raw:成份,1
raw:成员-机构,raw:成员-机构,1
raw:成员-编制,member_of,1
raw:成员与组织,raw:成员与组织,1
raw:成员发展,member_of,1
raw:成员身份,member_of,1
raw:成员转移,raw:成员转移,1
raw:成就,raw:成就,1
raw:成效,raw:成效,1
raw:成果-事件,raw:成果-事件,1
raw:成果-人物,raw:成果-人物,1
raw:成果上报,raw:成果上报,1
raw:成果产出,raw:成果产出,1
raw:成果产出者,raw:成果产出者,1
raw:成果关系,raw:成果关系,1
raw:成立/任命,raw:成立/任命,1
raw:成立/任职,held_position_in,1
raw:成立/活动于,raw:成立/活动于,1
raw:成立/活动于,stationed_at,1
raw:成立于,created_at,1
raw:成立于,occurred_during,1
raw:成立依据,raw:成立依据,1
raw:成立关联,raw:成立关联,1
raw:成立匪部,raw:成立匪部,1
raw:成立地,occurred_at,1
raw:成立地点-组织,raw:成立地点-组织,1
raw:成立政权,raw:成立政权,1
raw:成立机构,created,1
raw:成立者,created,1
raw:成立者,raw:成立者,1
raw:成立背景,raw:成立背景,1
raw:成立领导,led,1
raw:成长,raw:成长,1
raw:成长于,raw:成长于,1
raw:成长关联,raw:成长关联,1
raw:成长地,raw:成长地,1
raw:成长环境关联,raw:成长环境关联,1
raw:成长经历,raw:成长经历,1
raw:戒备/监视,raw:戒备/监视,1
raw:战于,raw:战于,1
raw:战友关系,raw:战友关系,1
raw:战后处理,raw:战后处理,1
raw:战场关联,raw:战场关联,1
raw:战场起义,raw:战场起义,1
raw:战役-结果,raw:战役-结果,1
raw:战役-部队,participated_in,1
raw:战役促使,raw:战役促使,1
raw:战役决策,commanded,1
raw:战役区域,raw:战役区域,1
raw:战役对手,raw:战役对手,1
raw:战役对抗,opposed,1
raw:战役对象,raw:战役对象,1
raw:战役归属,raw:战役归属,1
raw:战役战斗,raw:战役战斗,1
raw:战役攻坚,fought_at,1
raw:战役教训,raw:战役教训,1
raw:战役水域,raw:战役水域,1
raw:战役相关地点,raw:战役相关地点,1
raw:战役背景,raw:战役背景,1
raw:战役衔接,raw:战役衔接,1
raw:战役评估,raw:战役评估,1
raw:战斗/围攻,raw:战斗/围攻,1
raw:战斗/推进,raw:战斗/推进,1
raw:战斗/活动于,raw:战斗/活动于,1
raw:战斗/活动区域,fought_at,1
raw:战斗/筹款,raw:战斗/筹款,1
raw:战斗/解放,liberated,1
raw:战斗/解放,raw:战斗/解放,1
raw:战斗/驻留,stationed_at,1
raw:战斗位置,raw:战斗位置,1
raw:战斗参与地,fought_at,1
raw:战斗参与者,raw:战斗参与者,1
raw:战斗友谊,comrade_of,1
raw:战斗双方,raw:战斗双方,1
raw:战斗地点-敌、描述:青龙观战斗中歼灭刘奇英旅一部,fought_at,1
raw:战斗地点-敌方人员,fought_at,1
raw:战斗地点-牺牲者,died_at,1
raw:战斗地点-被歼灭者,raw:战斗地点-被歼灭者,1
raw:战斗场景,raw:战斗场景,1
raw:战斗失误,raw:战斗失误,1
raw:战斗夺取,raw:战斗夺取,1
raw:战斗对象,fought_at,1
raw:战斗对象,opposed,1
raw:战斗指挥,commanded,1
raw:战斗指挥者-作战区域,raw:战斗指挥者-作战区域,1
raw:战斗搭档,collaborated_with,1
raw:战斗支援,raw:战斗支援,1
raw:战斗牺牲于,died_at,1
raw:战斗牺牲地点,died_at,1
raw:战斗牺牲者,raw:战斗牺牲者,1
raw:战斗突破,raw:战斗突破,1
raw:战斗行为,raw:战斗行为,1
raw:战斗行动,carried_out,1
raw:战斗路线,raw:战斗路线,1
raw:战斗遗址,raw:战斗遗址,1
raw:战斗部署,stationed_at,1
raw:战斗阵地,fought_at,1
raw:战时转移,raw:战时转移,1
raw:战术-目标,raw:战术-目标,1
raw:战术主次,raw:战术主次,1
raw:战术依据,raw:战术依据,1
raw:战术保障,raw:战术保障,1
raw:战术关系,raw:战术关系,1
raw:战术决策,raw:战术决策,1
raw:战术准备,raw:战术准备,1
raw:战术动作,raw:战术动作,1
raw:战术包抄,raw:战术包抄,1
raw:战术原则,raw:战术原则,1
raw:战术围堵,raw:战术围堵,1
raw:战术埋伏,raw:战术埋伏,1
raw:战术基础,raw:战术基础,1
raw:战术定位,raw:战术定位,1
raw:战术实施,carried_out,1
raw:战术对抗,raw:战术对抗,1
raw:战术工具,raw:战术工具,1
raw:战术建议,raw:战术建议,1
raw:战术打击,raw:战术打击,1
raw:战术指导,guided,1
raw:战术指导,raw:战术指导,1
raw:战术指挥,raw:战术指挥,1
raw:战术物资,raw:战术物资,1
raw:战术突破,raw:战术突破,1
raw:战术突袭,raw:战术突袭,1
raw:战术行动-目标城市,raw:战术行动-目标城市,1
raw:战术行动与地理区域,raw:战术行动与地理区域,1
raw:战术要点,raw:战术要点,1
raw:战术路线,raw:战术路线,1
raw:战术运用,raw:战术运用,1
raw:战果关联,raw:战果关联,1
raw:战略-区域,raw:战略-区域,1
raw:战略中心,raw:战略中心,1
raw:战略主张,advocated,1
raw:战略价值,raw:战略价值,1
raw:战略任务,raw:战略任务,1
raw:战略位置,raw:战略位置,1
raw:战略佯动,raw:战略佯动,1
raw:战略保障,raw:战略保障,1
raw:战略决策-军事行动,raw:战略决策-军事行动,1
raw:战略决策地,raw:战略决策地,1
raw:战略出击,raw:战略出击,1
raw:战略协同,collaborated_with,1
raw:战略原则,raw:战略原则,1
raw:战略反思,raw:战略反思,1
raw:战略命令,raw:战略命令,1
raw:战略地点,raw:战略地点,1
raw:战略坚守,raw:战略坚守,1
raw:战略威胁,raw:战略威胁,1
raw:战略定义,raw:战略定义,1
raw:战略影响,influenced,1
raw:战略影响-组织建立,raw:战略影响-组织建立,1
raw:战略成果,raw:战略成果,1
raw:战略手段-进军方向,raw:战略手段-进军方向,1
raw:战略报告,raw:战略报告,1
raw:战略指向,raw:战略指向,1
raw:战略指导区域,raw:战略指导区域,1
raw:战略指引,raw:战略指引,1
raw:战略指挥,commanded,1
raw:战略指示,raw:战略指示,1
raw:战略控制,raw:战略控制,1
raw:战略支撑点,raw:战略支撑点,1
raw:战略方针制定者,raw:战略方针制定者,1
raw:战略构想,raw:战略构想,1
raw:战略滞留,raw:战略滞留,1
raw:战略牵制,raw:战略牵制,1
raw:战略突破,raw:战略突破,1
raw:战略突破-防御体系,raw:战略突破-防御体系,1
raw:战略策应,raw:战略策应,1
raw:战略认知,raw:战略认知,1
raw:战略转向,raw:战略转向,1
raw:战略转折,raw:战略转折,1
raw:战略转移/汇合,raw:战略转移/汇合,1
raw:战略转移方向,raw:战略转移方向,1
raw:战略转移至,raw:战略转移至,1
raw:战略转移路径,raw:战略转移路径,1
raw:战略部署被打乱,raw:战略部署被打乱,1
raw:战略防御,raw:战略防御,1
raw:战绩,raw:战绩,1
raw:战胜,raw:战胜,1
raw:截住,raw:截住,1
raw:截住并全歼敌军于,raw:截住并全歼敌军于,1
raw:截击/尾追,raw:截击/尾追,1
raw:截击于,raw:截击于,1
raw:截坏,raw:截坏,1
raw:截留,raw:截留,1
raw:截缴武器,raw:截缴武器,1
raw:截获情报,raw:截获情报,1
raw:戰鬥發生地,occurred_at,1
raw:所在地-组织,raw:所在地-组织,1
raw:所属-地点,located_in,1
raw:所属单位-成员,raw:所属单位-成员,1
raw:所属团体,raw:所属团体,1
raw:所属地域,raw:所属地域,1
raw:所属部队,member_of,1
raw:手段与目标,raw:手段与目标,1
raw:扎制,raw:扎制,1
raw:扎根,raw:扎根,1
raw:扎根工作,stationed_at,1
raw:扒粮,raw:扒粮,1
raw:扒路支前,raw:扒路支前,1
raw:打下,captured,1
raw:打下,liberated,1
raw:打下,raw:打下,1
raw:打乱,raw:打乱,1
raw:打乱平分,raw:打乱平分,1
raw:打倒,raw:打倒,1
raw:打入当地封建组织,raw:打入当地封建组织,1
raw:打入收集,raw:打入收集,1
raw:打击,fought_at,1
raw:打击/处决,killed,1
raw:打击/支持斗争,raw:打击/支持斗争,1
raw:打击/警告,raw:打击/警告,1
raw:打击剥削,raw:打击剥削,1
raw:打击地,fought_at,1
raw:打击收粮人员,raw:打击收粮人员,1
raw:打响,raw:打响,1
raw:打响剿匪战役,fought_at,1
raw:打富济贫变,raw:打富济贫变,1
raw:打开/分粮,raw:打开/分粮,1
raw:打成一片,raw:打成一片,1
raw:打扫,raw:打扫,1
raw:打招呼,raw:打招呼,1
raw:打掉,raw:打掉,1
raw:打散,raw:打散,1
raw:打死,killed,1
raw:打水,raw:打水,1
raw:打粮仓,raw:打粮仓,1
raw:打粮户,raw:打粮户,1
raw:打进,raw:打进,1
raw:打通关系,raw:打通关系,1
raw:打造,raw:打造,1
raw:托付/保管,raw:托付/保管,1
raw:托付任务,raw:托付任务,1
raw:托付后事,raw:托付后事,1
raw:扣住,raw:扣住,1
raw:扣押/协商,raw:扣押/协商,1
raw:扣押与被扣押,raw:扣押与被扣押,1
raw:扣押杀害,killed,1
raw:扣押风险,raw:扣押风险,1
raw:执教,guided,1
raw:执教于,raw:执教于,1
raw:执法/处决,raw:执法/处决,1
raw:执笔人,raw:执笔人,1
raw:执行-事件,carried_out,1
raw:执行-地点,raw:执行-地点,1
raw:执行/不积极,raw:执行/不积极,1
raw:执行/作战,raw:执行/作战,1
raw:执行/参与,raw:执行/参与,1
raw:执行/战斗,raw:执行/战斗,1
raw:执行/肃清,carried_out,1
raw:执行/记录,raw:执行/记录,1
raw:执行/贯彻,carried_out,1
raw:执行主编,held_position_in,1
raw:执行事件,raw:执行事件,1
raw:执行侦察,carried_out,1
raw:执行偏差,raw:执行偏差,1
raw:执行公告,raw:执行公告,1
raw:执行关系,carried_out,1
raw:执行关系,raw:执行关系,1
raw:执行关联,raw:执行关联,1
raw:执行决议,carried_out,1
raw:执行单位-事件,raw:执行单位-事件,1
raw:执行命令,commanded,1
raw:执行地区,occurred_at,1
raw:执行处决,killed,1
raw:执行处决,raw:执行处决,1
raw:执行实施,carried_out,1
raw:执行战术,carried_out,1
raw:执行指示,raw:执行指示,1
raw:执行接收,raw:执行接收,1
raw:执行政策,raw:执行政策,1
raw:执行方,raw:执行方,1
raw:执行机构,organized,1
raw:执行机构-事件,carried_out,1
raw:执行机构-任务,carried_out,1
raw:执行枪决,raw:执行枪决,1
raw:执行查封,raw:执行查封,1
raw:执行牺牲,raw:执行牺牲,1
raw:执行管控,raw:执行管控,1
raw:执行者-参与者,raw:执行者-参与者,1
raw:执行者-受害者,raw:执行者-受害者,1
raw:执行者-对象,raw:执行者-对象,1
raw:执行者-指令,raw:执行者-指令,1
raw:执行者-政策,raw:执行者-政策,1
raw:执行者-组织,member_of,1
raw:执行者-组织,raw:执行者-组织,1
raw:执行者-行为,raw:执行者-行为,1
raw:执行者-行动,carried_out,1
raw:执行者与对象,raw:执行者与对象,1
raw:执行者与行动,carried_out,1
raw:执行落实,raw:执行落实,1
raw:执行行为,raw:执行行为,1
raw:执行行动,carried_out,1
raw:执行起义,raw:执行起义,1
raw:执行路径,occurred_at,1
raw:执行逮捕,raw:执行逮捕,1
raw:执行除掉,killed,1
raw:扩军输送,raw:扩军输送,1
raw:扩大化,raw:扩大化,1
raw:扩大根据地,raw:扩大根据地,1
raw:扩展关系,raw:扩展关系,1
raw:扩展影响,raw:扩展影响,1
raw:扩展范围,raw:扩展范围,1
raw:扩红,recruited,1
raw:扩红/宣传,raw:扩红/宣传,1
raw:扩编指挥,raw:扩编指挥,1
raw:扫射,raw:扫射,1
raw:扫稗粮,raw:扫稗粮,1
raw:扫荡对象,raw:扫荡对象,1
raw:扫除地主武装,raw:扫除地主武装,1
raw:扬言攻打,raw:扬言攻打,1
raw:扭住抓获,raw:扭住抓获,1
raw:扭打,raw:扭打,1
raw:扰敌工作,raw:扰敌工作,1
raw:扶助,raw:扶助,1
raw:扶起/安抚,raw:扶起/安抚,1
raw:批准/举办,organized,1
raw:批准/入党,raw:批准/入党,1
raw:批准/召开,raw:批准/召开,1
raw:批准入伍,raw:批准入伍,1
raw:批准关系,raw:批准关系,1
raw:批准吸收,raw:批准吸收,1
raw:批准处决,raw:批准处决,1
raw:批准恢复番号,raw:批准恢复番号,1
raw:批准成立,created,1
raw:批准接关系,raw:批准接关系,1
raw:批准支持,supported,1
raw:批准改编,raw:批准改编,1
raw:批准者,raw:批准者,1
raw:批准转正,raw:批准转正,1
raw:批准逮捕,raw:批准逮捕,1
raw:批准重建,raw:批准重建,1
raw:批判/指导,raw:批判/指导,1
raw:批判领导方式,raw:批判领导方式,1
raw:批复关系,raw:批复关系,1
raw:批复认定,raw:批复认定,1
raw:批注,raw:批注,1
raw:批示对象,raw:批示对象,1
raw:批示更正,raw:批示更正,1
raw:批评/怀疑,criticized,1
raw:批评/批准,raw:批评/批准,1
raw:批评/指导不切实,criticized,1
raw:批评/补偿,criticized,1
raw:批评与被批评,criticized,1
raw:批评对象,raw:批评对象,1
raw:批评指导,raw:批评指导,1
raw:批评者,raw:批评者,1
raw:扼守,stationed_at,1
raw:扼要截击,raw:扼要截击,1
raw:找到会合,met_with,1
raw:找到组织,raw:找到组织,1
raw:找水,raw:找水,1
raw:找谈话,met_with,1
raw:承受,raw:承受,1
raw:承担,responsible_for,1
raw:承担/支援,raw:承担/支援,1
raw:承担任务,raw:承担任务,1
raw:承接,raw:承接,1
raw:承认/纠正,raw:承认/纠正,1
raw:承认失败,raw:承认失败,1
raw:承诺安全,raw:承诺安全,1
raw:承诺宣传,raw:承诺宣传,1
raw:承载-精神,raw:承载-精神,1
raw:承载关系,raw:承载关系,1
raw:承载情感,raw:承载情感,1
raw:技术引进,raw:技术引进,1
raw:技术指导,raw:技术指导,1
raw:技术贡献,raw:技术贡献,1
raw:技术资料来源,raw:技术资料来源,1
raw:技术顾问,raw:技术顾问,1
raw:抄写,raw:抄写,1
raw:抄读,raw:抄读,1
raw:抄走,raw:抄走,1
raw:抉择,raw:抉择,1
raw:把持于,raw:把持于,1
raw:把握,raw:把握,1
raw:抒发与坚守,raw:抒发与坚守,1
raw:抓回,raw:抓回,1
raw:抓捕/处决,raw:抓捕/处决,1
raw:抓捕与被俘虏,raw:抓捕与被俘虏,1
raw:抓捕者,raw:抓捕者,1
raw:抓捕者-被俘者,raw:抓捕者-被俘者,1
raw:抓捕者-被捕者,raw:抓捕者-被捕者,1
raw:抓获枪决,raw:抓获枪决,1
raw:抓走,raw:抓走,1
raw:投井,raw:投井,1
raw:投入,participated_in,1
raw:投入,raw:投入,1
raw:投入活动,raw:投入活动,1
raw:投向,raw:投向,1
raw:投向革命于,raw:投向革命于,1
raw:投奔,participated_in,1
raw:投奔对象,member_of,1
raw:投掷,raw:投掷,1
raw:投敌关联,raw:投敌关联,1
raw:投稿者,raw:投稿者,1
raw:投笔从戎,raw:投笔从戎,1
raw:投诚关系,raw:投诚关系,1
raw:投诚归顺,raw:投诚归顺,1
raw:投诚接收,raw:投诚接收,1
raw:投诚者-接收方,raw:投诚者-接收方,1
raw:投诚革命,raw:投诚革命,1
raw:投身革命,raw:投身革命,1
raw:投递,dispatched,1
raw:投降-镇压,raw:投降-镇压,1
raw:投降事件关联,raw:投降事件关联,1
raw:投降交械,raw:投降交械,1
raw:投降关系,raw:投降关系,1
raw:投降地点,raw:投降地点,1
raw:投降对象,raw:投降对象,1
raw:投降带路,raw:投降带路,1
raw:投靠/任职,raw:投靠/任职,1
raw:投靠计划,raw:投靠计划,1
raw:抗丁据点,raw:抗丁据点,1
raw:抗争对象,raw:抗争对象,1
raw:抗击,opposed,1
raw:抗击/围歼,raw:抗击/围歼,1
raw:抗击/粉碎,opposed,1
raw:抗战,raw:抗战,1
raw:抗拒运粮,raw:抗拒运粮,1
raw:抗日斗争,raw:抗日斗争,1
raw:抗日活动地,raw:抗日活动地,1
raw:抗暴,raw:抗暴,1
raw:抗议,opposed,1
raw:抗议-对峙,raw:抗议-对峙,1
raw:抗议斗争,raw:抗议斗争,1
raw:抗议者,raw:抗议者,1
raw:抗议至,raw:抗议至,1
raw:抗议行动,raw:抗议行动,1
raw:折回,raw:折回,1
raw:折窜,raw:折窜,1
raw:抚养地,raw:抚养地,1
raw:抛尸/发现,raw:抛尸/发现,1
raw:抢劫迫害,raw:抢劫迫害,1
raw:抢占任务,raw:抢占任务,1
raw:抢夺物资,raw:抢夺物资,1
raw:抢架,raw:抢架,1
raw:抢渡作战,fought_at,1
raw:抢渡突破,raw:抢渡突破,1
raw:抢船,raw:抢船,1
raw:抢走,raw:抢走,1
raw:抢跑,raw:抢跑,1
raw:护卫对象,raw:护卫对象,1
raw:护厂工作关联,raw:护厂工作关联,1
raw:护厂工作对象,raw:护厂工作对象,1
raw:护守,raw:护守,1
raw:护校行动,raw:护校行动,1
raw:护理,raw:护理,1
raw:护理对象,raw:护理对象,1
raw:护理者,raw:护理者,1
raw:护矿区域,raw:护矿区域,1
raw:护矿负责人,raw:护矿负责人,1
raw:护红抗清,raw:护红抗清,1
raw:护送/掩护,raw:护送/掩护,1
raw:护送于,raw:护送于,1
raw:护送安排,escorted,1
raw:护送安葬,raw:护送安葬,1
raw:护送对象-护送者,escorted,1
raw:护送情报,raw:护送情报,1
raw:护送目的地,raw:护送目的地,1
raw:护送组织,raw:护送组织,1
raw:报名参军,raw:报名参军,1
raw:报告-地点,raw:报告-地点,1
raw:报告人,reported_to,1
raw:报告关联,raw:报告关联,1
raw:报告分析,raw:报告分析,1
raw:报告归属,raw:报告归属,1
raw:报告敌情,raw:报告敌情,1
raw:报告记载,raw:报告记载,1
raw:报复性烧杀,raw:报复性烧杀,1
raw:报导,raw:报导,1
raw:报恩,raw:报恩,1
raw:报捷慰问,raw:报捷慰问,1
raw:报讯营救,rescued,1
raw:报请,raw:报请,1
raw:报道/参与,participated_in,1
raw:报道于,raw:报道于,1
raw:报道关联,raw:报道关联,1
raw:报酬落实,raw:报酬落实,1
raw:抨击对象,raw:抨击对象,1
raw:披露者,raw:披露者,1
raw:抬,raw:抬,1
raw:抬背,raw:抬背,1
raw:抵制与斗争,raw:抵制与斗争,1
raw:抵制关系,opposed,1
raw:抵制对象,opposed,1
raw:抵制对象,raw:抵制对象,1
raw:抵制斗争,raw:抵制斗争,1
raw:抵制活动,raw:抵制活动,1
raw:抵抗,fought_at,1
raw:抵抗于,fought_at,1
raw:抵抗关系,raw:抵抗关系,1
raw:抵抗活动,raw:抵抗活动,1
raw:抵抗行动,opposed,1
raw:抵达/侦察,raw:抵达/侦察,1
raw:抵达/渡江于,occurred_at,1
raw:抵达/视察,raw:抵达/视察,1
raw:抵达地,raw:抵达地,1
raw:抵达地点,raw:抵达地点,1
raw:抵达地点,traveled_to,1
raw:抵达终点,traveled_to,1
raw:押回教训,raw:押回教训,1
raw:押至,raw:押至,1
raw:押解,escorted,1
raw:押解,raw:押解,1
raw:押解于,raw:押解于,1
raw:押解关押,imprisoned_at,1
raw:押解至,raw:押解至,1
raw:押运,raw:押运,1
raw:押运终点,raw:押运终点,1
raw:押送,raw:押送,1
raw:押送公审,escorted,1
raw:押送目的地,raw:押送目的地,1
raw:押送至,raw:押送至,1
raw:押送路线,raw:押送路线,1
raw:抽出组建,raw:抽出组建,1
raw:抽絮做,raw:抽絮做,1
raw:抽调,dispatched,1
raw:担任中队长,raw:担任中队长,1
raw:担任主任于,raw:担任主任于,1
raw:担任主任委员,held_position_in,1
raw:担任主席并领导,held_position_in,1
raw:担任书记于,raw:担任书记于,1
raw:担任代理市长,raw:担任代理市长,1
raw:担任会长,raw:担任会长,1
raw:担任军事主任,raw:担任军事主任,1
raw:担任军长,raw:担任军长,1
raw:担任副区长,raw:担任副区长,1
raw:担任副职,raw:担任副职,1
raw:担任副队长,raw:担任副队长,1
raw:担任司令,raw:担任司令,1
raw:担任名誉理事长,raw:担任名誉理事长,1
raw:担任向导,raw:担任向导,1
raw:担任妇委书记,raw:担任妇委书记,1
raw:担任委员,held_position_in,1
raw:担任宣传部长,held_position_in,1
raw:担任小组长于,raw:担任小组长于,1
raw:担任常委,raw:担任常委,1
raw:担任总司令,held_position_in,1
raw:担任总司令,raw:担任总司令,1
raw:担任总指挥,commanded,1
raw:担任总指挥,raw:担任总指挥,1
raw:担任总编辑,raw:担任总编辑,1
raw:担任总负责人,raw:担任总负责人,1
raw:担任指导员,raw:担任指导员,1
raw:担任指挥长,held_position_in,1
raw:担任指挥长,raw:担任指挥长,1
raw:担任政治主任,held_position_in,1
raw:担任政治委员,held_position_in,1
raw:担任政治部主任,raw:担任政治部主任,1
raw:担任政训员,held_position_in,1
raw:担任教员,worked_at,1
raw:担任教导员,raw:担任教导员,1
raw:担任教练,raw:担任教练,1
raw:担任旅长,raw:担任旅长,1
raw:担任特派员,stationed_at,1
raw:担任社长,raw:担任社长,1
raw:担任秘书,held_position_in,1
raw:担任组织委员,held_position_in,1
raw:担任联络员,raw:担任联络员,1
raw:担任董事长,raw:担任董事长,1
raw:担任要职,raw:担任要职,1
raw:担任警卫员,raw:担任警卫员,1
raw:担任课长,held_position_in,1
raw:担任连长,raw:担任连长,1
raw:担任领导于,raw:担任领导于,1
raw:担保关系,raw:担保关系,1
raw:担负,raw:担负,1
raw:拆分,raw:拆分,1
raw:拆毁,raw:拆毁,1
raw:拆除,raw:拆除,1
raw:拉上关系,raw:拉上关系,1
raw:拉出,raw:拉出,1
raw:拉夫,raw:拉夫,1
raw:拉拢/结盟,collaborated_with,1
raw:拉拢与防备,raw:拉拢与防备,1
raw:拉拢利用,raw:拉拢利用,1
raw:拉拢团结,raw:拉拢团结,1
raw:拉拢限制,raw:拉拢限制,1
raw:拉歌,raw:拉歌,1
raw:拉队伍回,raw:拉队伍回,1
raw:拍摄于,raw:拍摄于,1
raw:拒不出席,raw:拒不出席,1
raw:拒交学生,raw:拒交学生,1
raw:拒绝使用,raw:拒绝使用,1
raw:拒绝收编,raw:拒绝收编,1
raw:拒绝离开,raw:拒绝离开,1
raw:拒绝者,raw:拒绝者,1
raw:拒绝联系,raw:拒绝联系,1
raw:拒绝贿赂,raw:拒绝贿赂,1
raw:拒降/牺牲,raw:拒降/牺牲,1
raw:拓展,raw:拓展,1
raw:拓展于,raw:拓展于,1
raw:拔除据点,raw:拔除据点,1
raw:拖住疲劳,raw:拖住疲劳,1
raw:拖出,raw:拖出,1
raw:拘押事件,raw:拘押事件,1
raw:拘押地,raw:拘押地,1
raw:拘押地点,raw:拘押地点,1
raw:拘押场所,raw:拘押场所,1
raw:拘捕关系,raw:拘捕关系,1
raw:拘捕行动,raw:拘捕行动,1
raw:拘禁地,imprisoned_at,1
raw:招兵,raw:招兵,1
raw:招兵/指挥,raw:招兵/指挥,1
raw:招募,raw:招募,1
raw:招待,raw:招待,1
raw:招收,raw:招收,1
raw:招生,raw:招生,1
raw:招编/解决,recruited,1
raw:招聘引进,raw:招聘引进,1
raw:拜认干父,raw:拜认干父,1
raw:拟定,formulated,1
raw:拟抽调,raw:拟抽调,1
raw:拟稿,raw:拟稿,1
raw:拥军,raw:拥军,1
raw:拥护关系,raw:拥护关系,1
raw:拥护支持,raw:拥护支持,1
raw:拥有,raw:拥有,1
raw:拦截于,raw:拦截于,1
raw:拦截缴获,raw:拦截缴获,1
raw:拨付关系,raw:拨付关系,1
raw:拨款新建,raw:拨款新建,1
raw:拨款方,raw:拨款方,1
raw:拱倒,raw:拱倒,1
raw:拼凑,raw:拼凑,1
raw:拼凑纠集,raw:拼凑纠集,1
raw:拼杀击毙,raw:拼杀击毙,1
raw:拿下,raw:拿下,1
raw:拿出步枪,raw:拿出步枪,1
raw:拿办,raw:拿办,1
raw:拿去,raw:拿去,1
raw:拿获,raw:拿获,1
raw:持续至,raw:持续至,1
raw:挂彩,raw:挂彩,1
raw:挂钩医疗,raw:挂钩医疗,1
raw:指令-部队,commanded,1
raw:指令/发展组织,raw:指令/发展组织,1
raw:指令发出者,raw:指令发出者,1
raw:指令拿获,raw:指令拿获,1
raw:指使/利用,raw:指使/利用,1
raw:指出/号召,raw:指出/号召,1
raw:指出保存,raw:指出保存,1
raw:指出反对,raw:指出反对,1
raw:指出改正,raw:指出改正,1
raw:指出特点,raw:指出特点,1
raw:指出谬论,criticized,1
raw:指定-根据地,raw:指定-根据地,1
raw:指定-负责人,appointed,1
raw:指定联系,raw:指定联系,1
raw:指导-关系,raw:指导-关系,1
raw:指导-区域,raw:指导-区域,1
raw:指导-执行,guided,1
raw:指导-文献,raw:指导-文献,1
raw:指导-武装,raw:指导-武装,1
raw:指导-被指导,guided,1
raw:指导/传播,raw:指导/传播,1
raw:指导/偏差,guided,1
raw:指导/分析,guided,1
raw:指导/印发,raw:指导/印发,1
raw:指导/建立,raw:指导/建立,1
raw:指导/影响,raw:指导/影响,1
raw:指导/管理,raw:指导/管理,1
raw:指导/联络,raw:指导/联络,1
raw:指导/赞扬,raw:指导/赞扬,1
raw:指导/重审,raw:指导/重审,1
raw:指导/领导,guided,1
raw:指导与协助,guided,1
raw:指导与推行,raw:指导与推行,1
raw:指导与活动区域,raw:指导与活动区域,1
raw:指导了解,guided,1
raw:指导人物,guided,1
raw:指导作用,influenced,1
raw:指导关系,influenced,1
raw:指导典型,raw:指导典型,1
raw:指导内容,guided,1
raw:指导制定,raw:指导制定,1
raw:指导发展,guided,1
raw:指导发展,raw:指导发展,1
raw:指导成立,created,1
raw:指导政策,raw:指导政策,1
raw:指导文献,raw:指导文献,1
raw:指导方-机构,raw:指导方-机构,1
raw:指导方针,guided,1
raw:指导来源,guided,1
raw:指导武装斗争,raw:指导武装斗争,1
raw:指导理论,influenced,1
raw:指导理论,raw:指导理论,1
raw:指导监督,raw:指导监督,1
raw:指导策反,raw:指导策反,1
raw:指导筹建,raw:指导筹建,1
raw:指导纠正于,raw:指导纠正于,1
raw:指导组织,raw:指导组织,1
raw:指导编写,raw:指导编写,1
raw:指导编辑,raw:指导编辑,1
raw:指导群众运动,raw:指导群众运动,1
raw:指导者-事件,guided,1
raw:指导者-会议,guided,1
raw:指导者-参与者,raw:指导者-参与者,1
raw:指导者-学习者,trained,1
raw:指导者-学员,trained,1
raw:指导者-执行者,guided,1
raw:指导者-部队,raw:指导者-部队,1
raw:指导者与地点,raw:指导者与地点,1
raw:指导者与组织,raw:指导者与组织,1
raw:指导者与被指导对象,raw:指导者与被指导对象,1
raw:指导范围,raw:指导范围,1
raw:指导设计,raw:指导设计,1
raw:指导谈判,guided,1
raw:指导部署,commanded,1
raw:指导重建,guided,1
raw:指导领导,guided,1
raw:指挥-发生地,raw:指挥-发生地,1
raw:指挥-战斗地点,raw:指挥-战斗地点,1
raw:指挥-打击对象,raw:指挥-打击对象,1
raw:指挥-投降谈判,raw:指挥-投降谈判,1
raw:指挥-据点,raw:指挥-据点,1
raw:指挥-歼灭,commanded,1
raw:指挥-行动地,raw:指挥-行动地,1
raw:指挥-解放地点,raw:指挥-解放地点,1
raw:指挥-转移,raw:指挥-转移,1
raw:指挥-部队,raw:指挥-部队,1
raw:指挥-配合,raw:指挥-配合,1
raw:指挥-阵地,raw:指挥-阵地,1
raw:指挥/决策,commanded,1
raw:指挥/动员,raw:指挥/动员,1
raw:指挥/坚守,raw:指挥/坚守,1
raw:指挥/夺回,liberated,1
raw:指挥/应对,commanded,1
raw:指挥/战斗,raw:指挥/战斗,1
raw:指挥/扫荡,raw:指挥/扫荡,1
raw:指挥/教育,raw:指挥/教育,1
raw:指挥/歼灭,raw:指挥/歼灭,1
raw:指挥/解放,liberated,1
raw:指挥/进攻,commanded,1
raw:指挥/退缩,raw:指挥/退缩,1
raw:指挥/防卫,raw:指挥/防卫,1
raw:指挥/领导,commanded,1
raw:指挥不力,raw:指挥不力,1
raw:指挥与执行,raw:指挥与执行,1
raw:指挥与改组,raw:指挥与改组,1
raw:指挥与被俘虏,raw:指挥与被俘虏,1
raw:指挥交接,raw:指挥交接,1
raw:指挥协同,raw:指挥协同,1
raw:指挥协调,commanded,1
raw:指挥单位,raw:指挥单位,1
raw:指挥发动,organized,1
raw:指挥合围,raw:指挥合围,1
raw:指挥围剿,raw:指挥围剿,1
raw:指挥围歼,raw:指挥围歼,1
raw:指挥处决,raw:指挥处决,1
raw:指挥处理,commanded,1
raw:指挥奔袭,raw:指挥奔袭,1
raw:指挥实施,carried_out,1
raw:指挥对象,commanded,1
raw:指挥平叛,raw:指挥平叛,1
raw:指挥序列,commanded,1
raw:指挥总攻,raw:指挥总攻,1
raw:指挥战斗于,raw:指挥战斗于,1
raw:指挥抄袭,raw:指挥抄袭,1
raw:指挥抵抗,raw:指挥抵抗,1
raw:指挥据点,stationed_at,1
raw:指挥撤离,raw:指挥撤离,1
raw:指挥撤退,raw:指挥撤退,1
raw:指挥收缴,raw:指挥收缴,1
raw:指挥攻打,raw:指挥攻打,1
raw:指挥救火,raw:指挥救火,1
raw:指挥整编,raw:指挥整编,1
raw:指挥断后,raw:指挥断后,1
raw:指挥暴行,raw:指挥暴行,1
raw:指挥机关转移,raw:指挥机关转移,1
raw:指挥机构,commanded,1
raw:指挥构筑,raw:指挥构筑,1
raw:指挥歼灭,raw:指挥歼灭,1
raw:指挥清查,raw:指挥清查,1
raw:指挥渡江,raw:指挥渡江,1
raw:指挥游击,raw:指挥游击,1
raw:指挥游击队,raw:指挥游击队,1
raw:指挥火攻,raw:指挥火攻,1
raw:指挥破坏,raw:指挥破坏,1
raw:指挥管辖,raw:指挥管辖,1
raw:指挥翻越于,raw:指挥翻越于,1
raw:指挥者-战场,raw:指挥者-战场,1
raw:指挥者-战役,commanded,1
raw:指挥者-行动,raw:指挥者-行动,1
raw:指挥者-被攻击对象,raw:指挥者-被攻击对象,1
raw:指挥者与事件关联,raw:指挥者与事件关联,1
raw:指挥者与战斗,commanded,1
raw:指挥者与被指挥者,raw:指挥者与被指挥者,1
raw:指挥者与部队,commanded,1
raw:指挥联络,raw:指挥联络,1
raw:指挥范围,raw:指挥范围,1
raw:指挥行动地,raw:指挥行动地,1
raw:指挥袭击,raw:指挥袭击,1
raw:指挥袭击于,raw:指挥袭击于,1
raw:指挥解救,raw:指挥解救,1
raw:指挥请求,raw:指挥请求,1
raw:指挥调动,raw:指挥调动,1
raw:指挥调度,raw:指挥调度,1
raw:指挥转移,raw:指挥转移,1
raw:指挥迁移,commanded,1
raw:指挥迎击,raw:指挥迎击,1
raw:指挥追击,raw:指挥追击,1
raw:指挥通过,raw:指挥通过,1
raw:指挥部,raw:指挥部,1
raw:指挥部和后勤部,raw:指挥部和后勤部,1
raw:指挥部署,commanded,1
raw:指挥部设在,raw:指挥部设在,1
raw:指挥配合,collaborated_with,1
raw:指挥防守,commanded,1
raw:指挥防御,commanded,1
raw:指挥驻地,stationed_at,1
raw:指控/杀害,raw:指控/杀害,1
raw:指控对象,raw:指控对象,1
raw:指明,raw:指明,1
raw:指明出路,raw:指明出路,1
raw:指派协助,raw:指派协助,1
raw:指派护送,escorted,1
raw:指派改造,implemented,1
raw:指派者,appointed,1
raw:指示-执行,implemented,1
raw:指示-执行,raw:指示-执行,1
raw:指示/传达,raw:指示/传达,1
raw:指示/指导,guided,1
raw:指示/筹款,raw:指示/筹款,1
raw:指示/领导,raw:指示/领导,1
raw:指示下达,commanded,1
raw:指示下达,dispatched,1
raw:指示与被指示,raw:指示与被指示,1
raw:指示事件,raw:指示事件,1
raw:指示于,reported_to,1
raw:指示保障,raw:指示保障,1
raw:指示信发出者-受文区域,raw:指示信发出者-受文区域,1
raw:指示创办,raw:指示创办,1
raw:指示利用,raw:指示利用,1
raw:指示发布者,raw:指示发布者,1
raw:指示地,raw:指示地,1
raw:指示坚持,raw:指示坚持,1
raw:指示处决,raw:指示处决,1
raw:指示处理,raw:指示处理,1
raw:指示安葬,raw:指示安葬,1
raw:指示实施,raw:指示实施,1
raw:指示实施地,raw:指示实施地,1
raw:指示应对,raw:指示应对,1
raw:指示开展,organized,1
raw:指示恢复,raw:指示恢复,1
raw:指示成立,member_of,1
raw:指示批示,raw:指示批示,1
raw:指示指导,guided,1
raw:指示撤销,raw:指示撤销,1
raw:指示改造,commanded,1
raw:指示方,raw:指示方,1
raw:指示方-执行方,raw:指示方-执行方,1
raw:指示方针,formulated,1
raw:指示方针,raw:指示方针,1
raw:指示派遣,dispatched,1
raw:指示照顾,raw:指示照顾,1
raw:指示破坏,raw:指示破坏,1
raw:指示组织,raw:指示组织,1
raw:指示者-事件,led,1
raw:指示者-事件,raw:指示者-事件,1
raw:指示者-执行者,raw:指示者-执行者,1
raw:指示者-被指示对象,raw:指示者-被指示对象,1
raw:指示联系,raw:指示联系,1
raw:指示联络,raw:指示联络,1
raw:指示调整,raw:指示调整,1
raw:指认,raw:指认,1
raw:指认于,raw:指认于,1
raw:按兵不动导致,raw:按兵不动导致,1
raw:挑动,raw:挑动,1
raw:挑战,raw:挑战,1
raw:挑拨,raw:挑拨,1
raw:挑拨分裂,raw:挑拨分裂,1
raw:挑衅,raw:挑衅,1
raw:挑选成立,raw:挑选成立,1
raw:挖开,raw:挖开,1
raw:挖食,raw:挖食,1
raw:挥动,raw:挥动,1
raw:挥戈,fought_at,1
raw:挨家串门,raw:挨家串门,1
raw:挨户募捐,raw:挨户募捐,1
raw:挫伤,raw:挫伤,1
raw:挫折,raw:挫折,1
raw:挺进/接管,raw:挺进/接管,1
raw:挺进区域,raw:挺进区域,1
raw:挺进开辟,raw:挺进开辟,1
raw:挺进方向,traveled_to,1
raw:挺进至,traveled_to,1
raw:挽救,raw:挽救,1
raw:挽留,raw:挽留,1
raw:挽留/送行,raw:挽留/送行,1
raw:捆绑,raw:捆绑,1
raw:捉住,raw:捉住,1
raw:捉住吊打,raw:捉住吊打,1
raw:捉拿归案,raw:捉拿归案,1
raw:捉获,raw:捉获,1
raw:捉送,raw:捉送,1
raw:捐建,raw:捐建,1
raw:捐建者-建筑,created,1
raw:捐款支持,raw:捐款支持,1
raw:捐赠关系,raw:捐赠关系,1
raw:捐赠文献,raw:捐赠文献,1
raw:捕押,raw:捕押,1
raw:捕押勒款,raw:捕押勒款,1
raw:捕杀,killed,1
raw:捕杀目标,killed,1
raw:捕获方,raw:捕获方,1
raw:捕获行动,raw:捕获行动,1
raw:捞取,raw:捞取,1
raw:损失,raw:损失,1
raw:换药,raw:换药,1
raw:换衣,raw:换衣,1
raw:捣乱,raw:捣乱,1
raw:捣毁庄园,raw:捣毁庄园,1
raw:据守,raw:据守,1
raw:据点-事件,raw:据点-事件,1
raw:据点-活动,raw:据点-活动,1
raw:据点-负责人,raw:据点-负责人,1
raw:据点分布,stationed_at,1
raw:据点建立,raw:据点建立,1
raw:据点归属,stationed_at,1
raw:据点领导,governed,1
raw:据险防守,raw:据险防守,1
raw:掀起热潮,raw:掀起热潮,1
raw:授予烈士称号,raw:授予烈士称号,1
raw:授予职务,appointed,1
raw:授予荣誉,raw:授予荣誉,1
raw:授旗,raw:授旗,1
raw:授旗授印,raw:授旗授印,1
raw:授权,raw:授权,1
raw:授权监督执行,raw:授权监督执行,1
raw:授课/布置,raw:授课/布置,1
raw:授课关系,raw:授课关系,1
raw:授课关联,raw:授课关联,1
raw:掉头,traveled_to,1
raw:掉队于,raw:掉队于,1
raw:掌控关系,raw:掌控关系,1
raw:掌握主动权,raw:掌握主动权,1
raw:掌握金融,raw:掌握金融,1
raw:掌握领导,raw:掌握领导,1
raw:排斥,raw:排斥,1
raw:探亲,raw:探亲,1
raw:探明,raw:探明,1
raw:探望,visited,1
raw:探望/赞誉,raw:探望/赞誉,1
raw:探望交流,met_with,1
raw:探望行为,visited,1
raw:探查,raw:探查,1
raw:探监地点,raw:探监地点,1
raw:探视,visited,1
raw:探讨,raw:探讨,1
raw:探询,raw:探询,1
raw:探路,raw:探路,1
raw:探进,raw:探进,1
raw:接上,raw:接上,1
raw:接上组织关系,raw:接上组织关系,1
raw:接任书记,held_position_in,1
raw:接任指挥,commanded,1
raw:接任职务,raw:接任职务,1
raw:接办,responsible_for,1
raw:接办刊物,raw:接办刊物,1
raw:接受/执行,implemented,1
raw:接受主张,advocated,1
raw:接受动员,participated_in,1
raw:接受思想影响,influenced,1
raw:接受指导,guided,1
raw:接受指导,raw:接受指导,1
raw:接受支援,raw:接受支援,1
raw:接受者-载体,raw:接受者-载体,1
raw:接受采访,raw:接受采访,1
raw:接头地,raw:接头地,1
raw:接头对象,contacted,1
raw:接头联络,raw:接头联络,1
raw:接应于,raw:接应于,1
raw:接应指挥,raw:接应指挥,1
raw:接应者,raw:接应者,1
raw:接应转移,raw:接应转移,1
raw:接引,raw:接引,1
raw:接待/回忆,raw:接待/回忆,1
raw:接待/宣传,raw:接待/宣传,1
raw:接待人员,raw:接待人员,1
raw:接待关系,raw:接待关系,1
raw:接待对象,raw:接待对象,1
raw:接待教育,raw:接待教育,1
raw:接待者,raw:接待者,1
raw:接待者-被接待对象,raw:接待者-被接待对象,1
raw:接待配合,raw:接待配合,1
raw:接收为党员,raw:接收为党员,1
raw:接收受降,raw:接收受降,1
raw:接收对象,raw:接收对象,1
raw:接收枪支,raw:接收枪支,1
raw:接替护送,raw:接替护送,1
raw:接来,raw:接来,1
raw:接洽/指导,raw:接洽/指导,1
raw:接洽/收编,recruited,1
raw:接洽对象,raw:接洽对象,1
raw:接洽试探,raw:接洽试探,1
raw:接管于,governed,1
raw:接管任务,raw:接管任务,1
raw:接管区域,raw:接管区域,1
raw:接管改组,raw:接管改组,1
raw:接管改造,raw:接管改造,1
raw:接管登记,raw:接管登记,1
raw:接管负责人,raw:接管负责人,1
raw:接纳,raw:接纳,1
raw:接续人,raw:接续人,1
raw:接见与资助,raw:接见与资助,1
raw:接见地点,raw:接见地点,1
raw:接见对象,met_with,1
raw:接见批准,raw:接见批准,1
raw:接见答复,raw:接见答复,1
raw:接触于,contacted,1
raw:接触于,raw:接触于,1
raw:接触者,contacted,1
raw:接谈,met_with,1
raw:接近,raw:接近,1
raw:接近稳住,raw:接近稳住,1
raw:接送关系,escorted,1
raw:接风,raw:接风,1
raw:接驳点,raw:接驳点,1
raw:控制与被控制,commanded,1
raw:控制地点,raw:控制地点,1
raw:控制工具,raw:控制工具,1
raw:控制手段,raw:控制手段,1
raw:控制扑灭,raw:控制扑灭,1
raw:控制机构,raw:控制机构,1
raw:控制点,raw:控制点,1
raw:控制目标,raw:控制目标,1
raw:控制者,raw:控制者,1
raw:控制范围,governed,1
raw:控告对象,raw:控告对象,1
raw:控诉对象,criticized,1
raw:控诉者,raw:控诉者,1
raw:推入河中,raw:推入河中,1
raw:推动-事件,raw:推动-事件,1
raw:推动-被推动,raw:推动-被推动,1
raw:推动/决策,raw:推动/决策,1
raw:推动/导致,raw:推动/导致,1
raw:推动关系,influenced,1
raw:推动创办,organized,1
raw:推动创办,raw:推动创办,1
raw:推动恢复,raw:推动恢复,1
raw:推动成立,created,1
raw:推动成立,raw:推动成立,1
raw:推动设立,raw:推动设立,1
raw:推定为主席,raw:推定为主席,1
raw:推广对象,raw:推广对象,1
raw:推广经验,raw:推广经验,1
raw:推派,raw:推派,1
raw:推翻-被推翻者,raw:推翻-被推翻者,1
raw:推翻对象,raw:推翻对象,1
raw:推荐/派遣,raw:推荐/派遣,1
raw:推荐人-被推荐人,recruited,1
raw:推行区域,raw:推行区域,1
raw:推行实施,implemented,1
raw:推行战略,raw:推行战略,1
raw:推行普及,raw:推行普及,1
raw:推行者,led,1
raw:推诿,raw:推诿,1
raw:推辞/收下,raw:推辞/收下,1
raw:推选,appointed,1
raw:推销,raw:推销,1
raw:掩护-地点,raw:掩护-地点,1
raw:掩护-对象,raw:掩护-对象,1
raw:掩护/临时掩蔽,raw:掩护/临时掩蔽,1
raw:掩护/协助,raw:掩护/协助,1
raw:掩护/印发,raw:掩护/印发,1
raw:掩护/安置,raw:掩护/安置,1
raw:掩护/据点,raw:掩护/据点,1
raw:掩护/撤退,raw:掩护/撤退,1
raw:掩护/支持,supported,1
raw:掩护/转移,raw:掩护/转移,1
raw:掩护与执行,raw:掩护与执行,1
raw:掩护与支援,raw:掩护与支援,1
raw:掩护于,raw:掩护于,1
raw:掩护协作,collaborated_with,1
raw:掩护单位,raw:掩护单位,1
raw:掩护地,stationed_at,1
raw:掩护工具,raw:掩护工具,1
raw:掩护手段,raw:掩护手段,1
raw:掩护撤离,escorted,1
raw:掩护撤退于,raw:掩护撤退于,1
raw:掩护救治,raw:掩护救治,1
raw:掩护方式,raw:掩护方式,1
raw:掩护机关,raw:掩护机关,1
raw:掩护机构,raw:掩护机构,1
raw:掩护活动场所,raw:掩护活动场所,1
raw:掩护照料,raw:掩护照料,1
raw:掩护突围,raw:掩护突围,1
raw:掩护者-被掩护者,raw:掩护者-被掩护者,1
raw:掩护职业,raw:掩护职业,1
raw:掩护脱险,raw:掩护脱险,1
raw:掩护身份-关联人物,raw:掩护身份-关联人物,1
raw:掩护过江,raw:掩护过江,1
raw:掩蔽和帮助,raw:掩蔽和帮助,1
raw:掩蔽牺牲,raw:掩蔽牺牲,1
raw:掩藏位置,preserved_at,1
raw:措施-主体,raw:措施-主体,1
raw:描写,raw:描写,1
raw:提交文献,raw:提交文献,1
raw:提交物,raw:提交物,1
raw:提供军用地图,raw:提供军用地图,1
raw:提供口述,raw:提供口述,1
raw:提供回忆,raw:提供回忆,1
raw:提供场地,raw:提供场地,1
raw:提供契机,raw:提供契机,1
raw:提供工具,used_artifact,1
raw:提供帮助,raw:提供帮助,1
raw:提供庇护,raw:提供庇护,1
raw:提供战术建议,raw:提供战术建议,1
raw:提供据点,raw:提供据点,1
raw:提供支援,supported,1
raw:提供政治方向,raw:提供政治方向,1
raw:提供立足点,raw:提供立足点,1
raw:提供者-物品,raw:提供者-物品,1
raw:提供者-物资,raw:提供者-物资,1
raw:提供者与物品,raw:提供者与物品,1
raw:提供联络,contacted,1
raw:提供装备,raw:提供装备,1
raw:提供证言,raw:提供证言,1
raw:提供阅读,raw:提供阅读,1
raw:提倡,raw:提倡,1
raw:提出创办,raw:提出创办,1
raw:提出加强,raw:提出加强,1
raw:提出口号,raw:提出口号,1
raw:提出思想,raw:提出思想,1
raw:提出战术,raw:提出战术,1
raw:提出战略,raw:提出战略,1
raw:提出报告,raw:提出报告,1
raw:提出政策,raw:提出政策,1
raw:提出方案,raw:提出方案,1
raw:提出方针,raw:提出方针,1
raw:提出期望,raw:提出期望,1
raw:提出疑异,raw:提出疑异,1
raw:提出策略,raw:提出策略,1
raw:提出筹办,organized,1
raw:提出组建,raw:提出组建,1
raw:提出者-理论,raw:提出者-理论,1
raw:提出计划,raw:提出计划,1
raw:提出计划地,raw:提出计划地,1
raw:提出诉求,raw:提出诉求,1
raw:提出转兵贵州,raw:提出转兵贵州,1
raw:提前结束,raw:提前结束,1
raw:提升作用,raw:提升作用,1
raw:提及,raw:提及,1
raw:提及关系,raw:提及关系,1
raw:提拔任用,raw:提拔任用,1
raw:提炼者,raw:提炼者,1
raw:提议召开,raw:提议召开,1
raw:提议安置,raw:提议安置,1
raw:提议建立,raw:提议建立,1
raw:提议转移,raw:提议转移,1
raw:提讯者,raw:提讯者,1
raw:提醒,raw:提醒,1
raw:提防,raw:提防,1
raw:提高觉悟,raw:提高觉悟,1
raw:插入,raw:插入,1
raw:揭发对象,raw:揭发对象,1
raw:揭发批评,raw:揭发批评,1
raw:揭发者,raw:揭发者,1
raw:揭破,raw:揭破,1
raw:揭露-对象,raw:揭露-对象,1
raw:揭露事件,raw:揭露事件,1
raw:揭露关系,raw:揭露关系,1
raw:揭露叛逃阴谋,raw:揭露叛逃阴谋,1
raw:揭露抗议,raw:揭露抗议,1
raw:揭露腐败,raw:揭露腐败,1
raw:援助关系,raw:援助关系,1
raw:援助对象,raw:援助对象,1
raw:搀扶,raw:搀扶,1
raw:搀扶鼓励,raw:搀扶鼓励,1
raw:搂住,raw:搂住,1
raw:搏斗牺牲,raw:搏斗牺牲,1
raw:搏杀,raw:搏杀,1
raw:搜取,raw:搜取,1
raw:搜山合围,raw:搜山合围,1
raw:搜山围困,raw:搜山围困,1
raw:搜捕事件,raw:搜捕事件,1
raw:搜捕威胁,raw:搜捕威胁,1
raw:搜捕行动,raw:搜捕行动,1
raw:搜查对象,raw:搜查对象,1
raw:搜索追歼,raw:搜索追歼,1
raw:搜缴,raw:搜缴,1
raw:搜缴对象,raw:搜缴对象,1
raw:搞,raw:搞,1
raw:搞钱,raw:搞钱,1
raw:搬迁,raw:搬迁,1
raw:搬迁至,raw:搬迁至,1
raw:搬运于,raw:搬运于,1
raw:搭档,raw:搭档,1
raw:搭浮桥,raw:搭浮桥,1
raw:携带传播,raw:携带传播,1
raw:携带物,raw:携带物,1
raw:携带物品,used_artifact,1
raw:摘录者-事件,raw:摘录者-事件,1
raw:摧残,raw:摧残,1
raw:摧毁对象,raw:摧毁对象,1
raw:摧毁政权,raw:摧毁政权,1
raw:摩擦,raw:摩擦,1
raw:撑船,raw:撑船,1
raw:撕开,raw:撕开,1
raw:撕毁,raw:撕毁,1
raw:撤到,raw:撤到,1
raw:撤回,raw:撤回,1
raw:撤并,raw:撤并,1
raw:撤换,raw:撤换,1
raw:撤离区域,raw:撤离区域,1
raw:撤离协助,raw:撤离协助,1
raw:撤离指示,raw:撤离指示,1
raw:撤离通知,raw:撤离通知,1
raw:撤离部署,raw:撤离部署,1
raw:撤至,traveled_to,1
raw:撤走,raw:撤走,1
raw:撤退/南逃,raw:撤退/南逃,1
raw:撤退安排,raw:撤退安排,1
raw:撤退行动,raw:撤退行动,1
raw:撤销于,raw:撤销于,1
raw:撤销并入,raw:撤销并入,1
raw:撤销建制,raw:撤销建制,1
raw:撤销移交,raw:撤销移交,1
raw:撤销职务,raw:撤销职务,1
raw:播响,raw:播响,1
raw:播撒,raw:播撒,1
raw:撰写/控诉,raw:撰写/控诉,1
raw:撰写/签署,raw:撰写/签署,1
raw:撰写发刊词,raw:撰写发刊词,1
raw:撰写对象,raw:撰写对象,1
raw:撰写总结,raw:撰写总结,1
raw:撰写报告,raw:撰写报告,1
raw:撰写者,created,1
raw:撰文,raw:撰文,1
raw:撰文纪念,raw:撰文纪念,1
raw:撰稿者,raw:撰稿者,1
raw:撵走,raw:撵走,1
raw:擅自离队返回,raw:擅自离队返回,1
raw:擅长,raw:擅长,1
raw:操作设备,used_artifact,1
raw:操控,raw:操控,1
raw:操控关系,raw:操控关系,1
raw:操纵/伪造,raw:操纵/伪造,1
raw:擒拿行动,raw:擒拿行动,1
raw:擒捕,raw:擒捕,1
raw:攀崖,raw:攀崖,1
raw:攀登,raw:攀登,1
raw:支前支援,raw:支前支援,1
raw:支前配合于,collaborated_with,1
raw:支持-传播媒介,raw:支持-传播媒介,1
raw:支持-对象,supported,1
raw:支持-战役,raw:支持-战役,1
raw:支持-提供,raw:支持-提供,1
raw:支持-武装力量,raw:支持-武装力量,1
raw:支持-被支持,raw:支持-被支持,1
raw:支持/合作,collaborated_with,1
raw:支持/帮助,supported,1
raw:支持/干预,supported,1
raw:支持/支助,raw:支持/支助,1
raw:支持/联系,raw:支持/联系,1
raw:支持举办,raw:支持举办,1
raw:支持于,raw:支持于,1
raw:支持人物,supported,1
raw:支持体系,raw:支持体系,1
raw:支持修建,raw:支持修建,1
raw:支持军事主张,raw:支持军事主张,1
raw:支持决策,supported,1
raw:支持出版,raw:支持出版,1
raw:支持力量,raw:支持力量,1
raw:支持参与,raw:支持参与,1
raw:支持发行,raw:支持发行,1
raw:支持响应,supported,1
raw:支持地点,raw:支持地点,1
raw:支持工具,raw:支持工具,1
raw:支持态度,raw:支持态度,1
raw:支持手段,raw:支持手段,1
raw:支持推动,raw:支持推动,1
raw:支持方,raw:支持方,1
raw:支持来源,raw:支持来源,1
raw:支持筹备,supported,1
raw:支持者-地点,raw:支持者-地点,1
raw:支持者-根据地,raw:支持者-根据地,1
raw:支持者-组织,raw:支持者-组织,1
raw:支持者-行动,raw:支持者-行动,1
raw:支持者-被支持者,raw:支持者-被支持者,1
raw:支持者与领导者,raw:支持者与领导者,1
raw:支持配合,collaborated_with,1
raw:支援-作战区域,raw:支援-作战区域,1
raw:支援-地点,raw:支援-地点,1
raw:支援-战役,raw:支援-战役,1
raw:支援-战斗地点,raw:支援-战斗地点,1
raw:支援-机构,raw:支援-机构,1
raw:支援-组织,raw:支援-组织,1
raw:支援-行动区域,raw:支援-行动区域,1
raw:支援-革命事件,supported,1
raw:支援/搭建,raw:支援/搭建,1
raw:支援/筹款,raw:支援/筹款,1
raw:支援/赠送,raw:支援/赠送,1
raw:支援与关怀,raw:支援与关怀,1
raw:支援事件,supported,1
raw:支援人员,raw:支援人员,1
raw:支援作战,raw:支援作战,1
raw:支援作战,supported,1
raw:支援保障,raw:支援保障,1
raw:支援力量,supported,1
raw:支援单位,supported,1
raw:支援参与,raw:支援参与,1
raw:支援建设,raw:支援建设,1
raw:支援形式,raw:支援形式,1
raw:支援斗争,raw:支援斗争,1
raw:支援方向,raw:支援方向,1
raw:支援来源,raw:支援来源,1
raw:支援枪支弹药,supported,1
raw:支援活动,supported,1
raw:支援物资,raw:支援物资,1
raw:支援目标,raw:支援目标,1
raw:支援者-部队,supported,1
raw:支援联系,raw:支援联系,1
raw:支援配合,supported,1
raw:支援革命活动,raw:支援革命活动,1
raw:支撑-事件,raw:支撑-事件,1
raw:支撑-成果,raw:支撑-成果,1
raw:支撑保障,raw:支撑保障,1
raw:支撑地点,raw:支撑地点,1
raw:支撑基础,raw:支撑基础,1
raw:支撑手段,raw:支撑手段,1
raw:支撑机制,raw:支撑机制,1
raw:支撑活动,raw:支撑活动,1
raw:支撑物,raw:支撑物,1
raw:支撑载体,raw:支撑载体,1
raw:收买/操纵,raw:收买/操纵,1
raw:收买瓦解,raw:收买瓦解,1
raw:收信人,raw:收信人,1
raw:收入,raw:收入,1
raw:收养关系,raw:收养关系,1
raw:收到,raw:收到,1
raw:收听,raw:收听,1
raw:收复地点,raw:收复地点,1
raw:收容地,raw:收容地,1
raw:收容行动,raw:收容行动,1
raw:收尸安葬,raw:收尸安葬,1
raw:收录人物,raw:收录人物,1
raw:收录时间,raw:收录时间,1
raw:收徒,raw:收徒,1
raw:收拢,raw:收拢,1
raw:收捐关系,raw:收捐关系,1
raw:收留/掩护,raw:收留/掩护,1
raw:收留/照料,raw:收留/照料,1
raw:收留合作,raw:收留合作,1
raw:收留照护,raw:收留照护,1
raw:收税,raw:收税,1
raw:收编请求,raw:收编请求,1
raw:收缩集结,raw:收缩集结,1
raw:收缴地,preserved_at,1
raw:收网,raw:收网,1
raw:收藏地,preserved_at,1
raw:收藏地,raw:收藏地,1
raw:收集保管,raw:收集保管,1
raw:改制,raw:改制,1
raw:改名成立,created,1
raw:改向,traveled_to,1
raw:改建为,raw:改建为,1
raw:改派,raw:改派,1
raw:改称为,raw:改称为,1
raw:改组为,raw:改组为,1
raw:改组者,raw:改组者,1
raw:改组领导,raw:改组领导,1
raw:改编/合并,raw:改编/合并,1
raw:改编/整编,raw:改编/整编,1
raw:改编/更名,raw:改编/更名,1
raw:改编与被改编,raw:改编与被改编,1
raw:改编事件,raw:改编事件,1
raw:改编于,raw:改编于,1
raw:改编地,raw:改编地,1
raw:改编指令,raw:改编指令,1
raw:改编诉求,raw:改编诉求,1
raw:改编集中,raw:改编集中,1
raw:改选,raw:改选,1
raw:改造,implemented,1
raw:改造关系,raw:改造关系,1
raw:改造工具,raw:改造工具,1
raw:改造整顿,raw:改造整顿,1
raw:改造者,raw:改造者,1
raw:改道,raw:改道,1
raw:改道地点,raw:改道地点,1
raw:改革方向,raw:改革方向,1
raw:攻下,raw:攻下,1
raw:攻克/击溃,raw:攻克/击溃,1
raw:攻克/歼灭,raw:攻克/歼灭,1
raw:攻克目标,raw:攻克目标,1
raw:攻击-位置,raw:攻击-位置,1
raw:攻击-地点,raw:攻击-地点,1
raw:攻击-对象,raw:攻击-对象,1
raw:攻击-被击溃,raw:攻击-被击溃,1
raw:攻击关联,raw:攻击关联,1
raw:攻击对象,opposed,1
raw:攻击工具,raw:攻击工具,1
raw:攻击执行者,raw:攻击执行者,1
raw:攻击方-被攻击方,raw:攻击方-被攻击方,1
raw:攻击方-防御区域,raw:攻击方-防御区域,1
raw:攻击来源,raw:攻击来源,1
raw:攻击行动,raw:攻击行动,1
raw:攻剿,raw:攻剿,1
raw:攻势,raw:攻势,1
raw:攻占伏击,raw:攻占伏击,1
raw:攻取,raw:攻取,1
raw:攻取缴获,raw:攻取缴获,1
raw:攻城,raw:攻城,1
raw:攻城目标,fought_at,1
raw:攻打/缴械,raw:攻打/缴械,1
raw:攻打于,raw:攻打于,1
raw:攻打抢劫,raw:攻打抢劫,1
raw:攻摸偷袭,raw:攻摸偷袭,1
raw:攻歼,raw:攻歼,1
raw:攻陷/劫掠,raw:攻陷/劫掠,1
raw:攻陷/盘据,raw:攻陷/盘据,1
raw:放出,raw:放出,1
raw:放弃/反对,opposed,1
raw:放松,raw:放松,1
raw:放枪报警,raw:放枪报警,1
raw:放走,raw:放走,1
raw:政委,raw:政委,1
raw:政府驻地,raw:政府驻地,1
raw:政攻,raw:政攻,1
raw:政权,raw:政权,1
raw:政权-建立,raw:政权-建立,1
raw:政权-镇压,raw:政权-镇压,1
raw:政权与地点关联,raw:政权与地点关联,1
raw:政权交涉,raw:政权交涉,1
raw:政权建立地,raw:政权建立地,1
raw:政权恢复,raw:政权恢复,1
raw:政权更替,raw:政权更替,1
raw:政权构建关系,raw:政权构建关系,1
raw:政权管理,governed,1
raw:政权类型,raw:政权类型,1
raw:政权组织,governed,1
raw:政权职位,raw:政权职位,1
raw:政权角色,raw:政权角色,1
raw:政治,raw:政治,1
raw:政治中心,raw:政治中心,1
raw:政治中心关联,raw:政治中心关联,1
raw:政治互动,raw:政治互动,1
raw:政治交流,met_with,1
raw:政治交涉,raw:政治交涉,1
raw:政治倾向,raw:政治倾向,1
raw:政治劝降,raw:政治劝降,1
raw:政治协商,raw:政治协商,1
raw:政治压迫,raw:政治压迫,1
raw:政治合作,collaborated_with,1
raw:政治喊话,advocated,1
raw:政治回应,raw:政治回应,1
raw:政治宣传,disseminates,1
raw:政治对手,opposed,1
raw:政治对立,opposed,1
raw:政治对立关系,opposed,1
raw:政治属性,raw:政治属性,1
raw:政治平台,raw:政治平台,1
raw:政治引导,guided,1
raw:政治引路人,guided,1
raw:政治影响,influenced,1
raw:政治影响,raw:政治影响,1
raw:政治感召,raw:政治感召,1
raw:政治成果,raw:政治成果,1
raw:政治打击,raw:政治打击,1
raw:政治承诺,raw:政治承诺,1
raw:政治投靠,raw:政治投靠,1
raw:政治招抚,raw:政治招抚,1
raw:政治拥护,raw:政治拥护,1
raw:政治指导,guided,1
raw:政治支持,raw:政治支持,1
raw:政治支持,supported,1
raw:政治教育,raw:政治教育,1
raw:政治整编,raw:政治整编,1
raw:政治机构驻地,stationed_at,1
raw:政治瓦解,raw:政治瓦解,1
raw:政治监控,raw:政治监控,1
raw:政治目标,raw:政治目标,1
raw:政治继承,raw:政治继承,1
raw:政治联合,collaborated_with,1
raw:政治联盟,raw:政治联盟,1
raw:政治背景,raw:政治背景,1
raw:政治认同,raw:政治认同,1
raw:政治证明,raw:政治证明,1
raw:政治转折,raw:政治转折,1
raw:政治追求,raw:政治追求,1
raw:政治部主任,raw:政治部主任,1
raw:政治阴谋,raw:政治阴谋,1
raw:政治领导,led,1
raw:政治鼓励,raw:政治鼓励,1
raw:政策,raw:政策,1
raw:政策-事件,raw:政策-事件,1
raw:政策-制定者,raw:政策-制定者,1
raw:政策-区域,raw:政策-区域,1
raw:政策-物证,raw:政策-物证,1
raw:政策-组织,raw:政策-组织,1
raw:政策下发,raw:政策下发,1
raw:政策争取,raw:政策争取,1
raw:政策传播,raw:政策传播,1
raw:政策功能,raw:政策功能,1
raw:政策原则,raw:政策原则,1
raw:政策发布,raw:政策发布,1
raw:政策实施地,occurred_at,1
raw:政策实施对象,raw:政策实施对象,1
raw:政策宣讲对象,raw:政策宣讲对象,1
raw:政策引导,guided,1
raw:政策引导,raw:政策引导,1
raw:政策影响,influenced,1
raw:政策感化,raw:政策感化,1
raw:政策执行者,raw:政策执行者,1
raw:政策指导,guided,1
raw:政策指导,influenced,1
raw:政策指示,raw:政策指示,1
raw:政策推动,raw:政策推动,1
raw:政策推广,raw:政策推广,1
raw:政策支撑,raw:政策支撑,1
raw:政策攻心,raw:政策攻心,1
raw:政策核心,raw:政策核心,1
raw:政策目的,raw:政策目的,1
raw:政策立场,raw:政策立场,1
raw:政策背景,raw:政策背景,1
raw:政策落实,raw:政策落实,1
raw:政策载体,raw:政策载体,1
raw:政策配套,raw:政策配套,1
raw:政策阐述,raw:政策阐述,1
raw:效劳,raw:效劳,1
raw:效忠关系,raw:效忠关系,1
raw:敌人逃往方向,raw:敌人逃往方向,1
raw:敌军部署,raw:敌军部署,1
raw:敌对,raw:敌对,1
raw:敌对关系,opposed,1
raw:敌对据点,raw:敌对据点,1
raw:救,raw:救,1
raw:救出收养,raw:救出收养,1
raw:救助/培养,raw:救助/培养,1
raw:救助/建议,rescued,1
raw:救助/开导,raw:救助/开导,1
raw:救助/推荐,rescued,1
raw:救助/教育,raw:救助/教育,1
raw:救助地,raw:救助地,1
raw:救助对象,raw:救助对象,1
raw:救恩人关系,rescued,1
raw:救护/隐藏,raw:救护/隐藏,1
raw:救援,rescued,1
raw:救援/救济,raw:救援/救济,1
raw:救援/转移,rescued,1
raw:救援关系,raw:救援关系,1
raw:救援关联,raw:救援关联,1
raw:救援牺牲,raw:救援牺牲,1
raw:救援者,rescued,1
raw:救援行动,raw:救援行动,1
raw:救治/留任,raw:救治/留任,1
raw:救治与传授,raw:救治与传授,1
raw:救治与支援,raw:救治与支援,1
raw:救治与藏匿,raw:救治与藏匿,1
raw:救治保护,raw:救治保护,1
raw:救治关系,rescued,1
raw:救治安排,raw:救治安排,1
raw:救治行为,raw:救治行为,1
raw:救济,supported,1
raw:救济/宣传,raw:救济/宣传,1
raw:救济安置,raw:救济安置,1
raw:救火,raw:救火,1
raw:救火/赔偿,raw:救火/赔偿,1
raw:救赎关系,raw:救赎关系,1
raw:教书入党,raw:教书入党,1
raw:教唆,raw:教唆,1
raw:教唱歌曲,raw:教唱歌曲,1
raw:教学,trained,1
raw:教学/宣传,raw:教学/宣传,1
raw:教学与引导,raw:教学与引导,1
raw:教学单位,raw:教学单位,1
raw:教学实践,raw:教学实践,1
raw:教学指导,guided,1
raw:教学支持,raw:教学支持,1
raw:教学者,raw:教学者,1
raw:教官,raw:教官,1
raw:教导主任,raw:教导主任,1
raw:教导对象,trained,1
raw:教材-教育载体,raw:教材-教育载体,1
raw:教练,raw:教练,1
raw:教育-群体,raw:教育-群体,1
raw:教育/保护,raw:教育/保护,1
raw:教育/发动,raw:教育/发动,1
raw:教育/培训,trained,1
raw:教育/指导,guided,1
raw:教育/改造,raw:教育/改造,1
raw:教育/辅导,raw:教育/辅导,1
raw:教育与宣传,raw:教育与宣传,1
raw:教育与被教育,trained,1
raw:教育于,raw:教育于,1
raw:教育使命,raw:教育使命,1
raw:教育利用,raw:教育利用,1
raw:教育团结,raw:教育团结,1
raw:教育场所-人物,raw:教育场所-人物,1
raw:教育培养,raw:教育培养,1
raw:教育培训,raw:教育培训,1
raw:教育帮助,raw:教育帮助,1
raw:教育引导于,raw:教育引导于,1
raw:教育形式,raw:教育形式,1
raw:教育指导,raw:教育指导,1
raw:教育机构-活动区域,raw:教育机构-活动区域,1
raw:教育机构关联,raw:教育机构关联,1
raw:教育者-学生,trained,1
raw:教育者-被教育者,raw:教育者-被教育者,1
raw:教育者与被教育者,raw:教育者与被教育者,1
raw:教育训练,raw:教育训练,1
raw:教育阵地,raw:教育阵地,1
raw:散发传单,raw:散发传单,1
raw:散发至,raw:散发至,1
raw:散居工作,raw:散居工作,1
raw:散布,raw:散布,1
raw:敬仰,raw:敬仰,1
raw:敬佩,raw:敬佩,1
raw:敬畏与好奇,raw:敬畏与好奇,1
raw:敲诈勒索,raw:敲诈勒索,1
raw:整改对象,raw:整改对象,1
raw:整治,raw:整治,1
raw:整理/审定,raw:整理/审定,1
raw:整理供稿,raw:整理供稿,1
raw:整理修订,raw:整理修订,1
raw:整理史料于,raw:整理史料于,1
raw:整理机构,raw:整理机构,1
raw:整理者-事件,raw:整理者-事件,1
raw:整理者与被整理者,raw:整理者与被整理者,1
raw:整理资料,raw:整理资料,1
raw:整编/授权,raw:整编/授权,1
raw:整编/活动于,raw:整编/活动于,1
raw:整编/隶属,raw:整编/隶属,1
raw:整编/领导,raw:整编/领导,1
raw:整编事件,raw:整编事件,1
raw:整编成立,raw:整编成立,1
raw:整编方向,raw:整编方向,1
raw:整编来源,raw:整编来源,1
raw:整编移交,raw:整编移交,1
raw:整训/指挥,raw:整训/指挥,1
raw:整训于,raw:整训于,1
raw:整训地点,raw:整训地点,1
raw:整顿/任命,raw:整顿/任命,1
raw:整顿/建支部,raw:整顿/建支部,1
raw:整顿不力,raw:整顿不力,1
raw:整顿关系,raw:整顿关系,1
raw:整顿地点,raw:整顿地点,1
raw:整顿对象,raw:整顿对象,1
raw:整顿武装,raw:整顿武装,1
raw:整顿者,raw:整顿者,1
raw:敷衍,raw:敷衍,1
raw:文书沟通,raw:文书沟通,1
raw:文件保管,raw:文件保管,1
raw:文件审阅地,raw:文件审阅地,1
raw:文化关联,raw:文化关联,1
raw:文化创作,raw:文化创作,1
raw:文化收藏,raw:文化收藏,1
raw:文化教育工作者,raw:文化教育工作者,1
raw:文化活动,raw:文化活动,1
raw:文学创作,raw:文学创作,1
raw:文物-地点,raw:文物-地点,1
raw:文物保存,raw:文物保存,1
raw:文物保护,raw:文物保护,1
raw:文物展览,raw:文物展览,1
raw:文献-事件,raw:文献-事件,1
raw:文献-组织,raw:文献-组织,1
raw:文献作者,raw:文献作者,1
raw:文献依据,raw:文献依据,1
raw:文献收录,raw:文献收录,1
raw:文献记载,raw:文献记载,1
raw:文艺宣传,raw:文艺宣传,1
raw:文艺载体,raw:文艺载体,1
raw:斗争/对抗,opposed,1
raw:斗争/揭露,raw:斗争/揭露,1
raw:斗争/镇压,raw:斗争/镇压,1
raw:斗争与反对,opposed,1
raw:斗争主体,raw:斗争主体,1
raw:斗争事件,raw:斗争事件,1
raw:斗争区域-据点,raw:斗争区域-据点,1
raw:斗争区域关联,raw:斗争区域关联,1
raw:斗争发生地,raw:斗争发生地,1
raw:斗争地,fought_at,1
raw:斗争地域,raw:斗争地域,1
raw:斗争地点-敌方人物,raw:斗争地点-敌方人物,1
raw:斗争场所,fought_at,1
raw:斗争场所,raw:斗争场所,1
raw:斗争工具,raw:斗争工具,1
raw:斗争成果,raw:斗争成果,1
raw:斗争控诉,raw:斗争控诉,1
raw:斗争揭露,raw:斗争揭露,1
raw:斗争目标,opposed,1
raw:斗争纲领,raw:斗争纲领,1
raw:斗争胜利,raw:斗争胜利,1
raw:斗争范围,raw:斗争范围,1
raw:斗倒,raw:斗倒,1
raw:斗垮,raw:斗垮,1
raw:斡旋,raw:斡旋,1
raw:斥责,raw:斥责,1
raw:断后,raw:断后,1
raw:断言,raw:断言,1
raw:方位,raw:方位,1
raw:方针指导,raw:方针指导,1
raw:施压停办,raw:施压停办,1
raw:施工,raw:施工,1
raw:施政,implemented,1
raw:施政/造福,raw:施政/造福,1
raw:无,raw:无,1
raw:旧址位于,located_in,1
raw:早期活动地,active_at,1
raw:时,occurred_during,1
raw:时-事,raw:时-事,1
raw:时代背景关联,raw:时代背景关联,1
raw:时代要求,raw:时代要求,1
raw:时序,raw:时序,1
raw:时机把握,raw:时机把握,1
raw:时空关系,raw:时空关系,1
raw:时间-组织,raw:时间-组织,1
raw:时间与事件关联,raw:时间与事件关联,1
raw:时间发展,raw:时间发展,1
raw:时间点,raw:时间点,1
raw:时间线,raw:时间线,1
raw:时间轴,raw:时间轴,1
raw:明确代管,raw:明确代管,1
raw:智勇歼敌,raw:智勇歼敌,1
raw:智取/迷惑,raw:智取/迷惑,1
raw:智取于,raw:智取于,1
raw:智取处决,raw:智取处决,1
raw:智取突破于,raw:智取突破于,1
raw:智引并壮烈牺牲,raw:智引并壮烈牺牲,1
raw:智斗保护,raw:智斗保护,1
raw:智歼,raw:智歼,1
raw:智退/转移,raw:智退/转移,1
raw:暂住于,stationed_at,1
raw:暂住安排,raw:暂住安排,1
raw:暂居地,raw:暂居地,1
raw:暂留工作,raw:暂留工作,1
raw:暗中保护,protected,1
raw:暗中往来,raw:暗中往来,1
raw:暗中支持,supported,1
raw:暗中破坏,raw:暗中破坏,1
raw:暗地收买,raw:暗地收买,1
raw:暗察,raw:暗察,1
raw:暗杀关系,killed,1
raw:暴乱,raw:暴乱,1
raw:暴动据点,raw:暴动据点,1
raw:暴露对象,raw:暴露对象,1
raw:曲解,raw:曲解,1
raw:更名关系,raw:更名关系,1
raw:更正,raw:更正,1
raw:曾任书记,held_position_in,1
raw:曾参与,raw:曾参与,1
raw:曾是成员,raw:曾是成员,1
raw:曾活动于,active_at,1
raw:替代,raw:替代,1
raw:替代关系,raw:替代关系,1
raw:替换,raw:替换,1
raw:替难,raw:替难,1
raw:最终安置地,raw:最终安置地,1
raw:最终结局,raw:最终结局,1
raw:最终结果,raw:最终结果,1
raw:朋友,raw:朋友,1
raw:朋友-关系,raw:朋友-关系,1
raw:朋友关系,raw:朋友关系,1
raw:服从指挥,raw:服从指挥,1
raw:服刑,imprisoned_at,1
raw:服务/参与,raw:服务/参与,1
raw:服务/领导,raw:服务/领导,1
raw:服务单位,raw:服务单位,1
raw:服役,raw:服役,1
raw:服毒,raw:服毒,1
raw:期盼,raw:期盼,1
raw:未出席,raw:未出席,1
raw:未参会,raw:未参会,1
raw:未参战,raw:未参战,1
raw:未受罪,raw:未受罪,1
raw:未能实施,raw:未能实施,1
raw:机关在,stationed_at,1
raw:机关报,raw:机关报,1
raw:机关设在此,raw:机关设在此,1
raw:机关驻扎于,raw:机关驻扎于,1
raw:机构-主体,raw:机构-主体,1
raw:机构-事件,carried_out,1
raw:机构-人事,raw:机构-人事,1
raw:机构-作品,raw:机构-作品,1
raw:机构-决策,raw:机构-决策,1
raw:机构-执行,carried_out,1
raw:机构-组织,raw:机构-组织,1
raw:机构-负责人,raw:机构-负责人,1
raw:机构-部署,raw:机构-部署,1
raw:机构与地点,raw:机构与地点,1
raw:机构与地点关联,raw:机构与地点关联,1
raw:机构任职关系,raw:机构任职关系,1
raw:机构关联,raw:机构关联,1
raw:机构地址,located_in,1
raw:机构归属,raw:机构归属,1
raw:机构职位,raw:机构职位,1
raw:机构设施,raw:机构设施,1
raw:机构设立地,raw:机构设立地,1
raw:机构设置,raw:机构设置,1
raw:杀害与被杀害,killed,1
raw:杀害报复,raw:杀害报复,1
raw:杀害者,raw:杀害者,1
raw:杀开,raw:杀开,1
raw:杀戮,killed,1
raw:杀毙,raw:杀毙,1
raw:杀白马,raw:杀白马,1
raw:杀马后,raw:杀马后,1
raw:杀马救治,raw:杀马救治,1
raw:权限获取,raw:权限获取,1
raw:条件-支持,raw:条件-支持,1
raw:条件/准备,raw:条件/准备,1
raw:来,raw:来,1
raw:来到,raw:来到,1
raw:来到,traveled_to,1
raw:来源地-物资,raw:来源地-物资,1
raw:松绑,raw:松绑,1
raw:构建,created,1
raw:构成要素,raw:构成要素,1
raw:析出,raw:析出,1
raw:枢纽,raw:枢纽,1
raw:枪决于,raw:枪决于,1
raw:枪击,raw:枪击,1
raw:枪毙,raw:枪毙,1
raw:架好浮桥后爬上,raw:架好浮桥后爬上,1
raw:架浮桥,raw:架浮桥,1
raw:架设准备,raw:架设准备,1
raw:架设浮桥,raw:架设浮桥,1
raw:架起机枪猛射,raw:架起机枪猛射,1
raw:架通,raw:架通,1
raw:染红,raw:染红,1
raw:查办/反坐,raw:查办/反坐,1
raw:查办/批评,raw:查办/批评,1
raw:查办/澄清,raw:查办/澄清,1
raw:查勘,raw:查勘,1
raw:查处对象,raw:查处对象,1
raw:查封关系,raw:查封关系,1
raw:查找,raw:查找,1
raw:查明,raw:查明,1
raw:查清/退还,raw:查清/退还,1
raw:查缉,raw:查缉,1
raw:查缉对象,raw:查缉对象,1
raw:查获,raw:查获,1
raw:查获地点,raw:查获地点,1
raw:查获销毁,raw:查获销毁,1
raw:查访,raw:查访,1
raw:标注区域,raw:标注区域,1
raw:校内关系,raw:校内关系,1
raw:校对者,raw:校对者,1
raw:校正,raw:校正,1
raw:校长,held_position_in,1
raw:校长职位,raw:校长职位,1
raw:株连,raw:株连,1
raw:核实立史,raw:核实立史,1
raw:核心人物,organized,1
raw:核心作用,raw:核心作用,1
raw:核心内容,raw:核心内容,1
raw:核心原则,raw:核心原则,1
raw:核心参与者,raw:核心参与者,1
raw:核心口号,raw:核心口号,1
raw:核心成员,member_of,1
raw:核心支撑,raw:核心支撑,1
raw:核心理念,raw:核心理念,1
raw:核心组织,raw:核心组织,1
raw:核心领导,raw:核心领导,1
raw:根据,raw:根据,1
raw:根据地-会师,raw:根据地-会师,1
raw:根据地依托,raw:根据地依托,1
raw:根据地关联,raw:根据地关联,1
raw:根据地扩展,raw:根据地扩展,1
raw:根据地范围,raw:根据地范围,1
raw:根源,raw:根源,1
raw:案件移交,raw:案件移交,1
raw:案件转移,raw:案件转移,1
raw:案例,raw:案例,1
raw:案例来源,raw:案例来源,1
raw:档案保护,raw:档案保护,1
raw:检举关系,raw:检举关系,1
raw:检举揭发,raw:检举揭发,1
raw:检查工作,raw:检查工作,1
raw:检查工作地点,raw:检查工作地点,1
raw:检讨改进,raw:检讨改进,1
raw:检验,raw:检验,1
raw:概述,raw:概述,1
raw:榜样关系,raw:榜样关系,1
raw:模仿自卫,raw:模仿自卫,1
raw:模范党员,raw:模范党员,1
raw:横向联系中断,raw:横向联系中断,1
raw:横渡于,traveled_to,1
raw:欢庆,raw:欢庆,1
raw:欢迎/迎接,raw:欢迎/迎接,1
raw:欺骗/收买,raw:欺骗/收买,1
raw:歃血为盟,raw:歃血为盟,1
raw:歇脚,raw:歇脚,1
raw:歌颂于,commemorates,1
raw:正法,raw:正法,1
raw:步行,raw:步行,1
raw:武力解放,liberated,1
raw:武器交接,raw:武器交接,1
raw:武器使用,used_artifact,1
raw:武器转交,raw:武器转交,1
raw:武器转运点,raw:武器转运点,1
raw:武汉会晤,met_with,1
raw:武装-地区,raw:武装-地区,1
raw:武装交火,raw:武装交火,1
raw:武装保障,raw:武装保障,1
raw:武装力量,raw:武装力量,1
raw:武装力量-事件,raw:武装力量-事件,1
raw:武装力量与地点关联,raw:武装力量与地点关联,1
raw:武装动员,raw:武装动员,1
raw:武装北撤路线,raw:武装北撤路线,1
raw:武装夺枪,raw:武装夺枪,1
raw:武装对抗,opposed,1
raw:武装对抗,raw:武装对抗,1
raw:武装平息,raw:武装平息,1
raw:武装接收,raw:武装接收,1
raw:武装接替,raw:武装接替,1
raw:武装控制,raw:武装控制,1
raw:武装攻打,raw:武装攻打,1
raw:武装斗争关联,raw:武装斗争关联,1
raw:武装暴乱,raw:武装暴乱,1
raw:武装杀害,raw:武装杀害,1
raw:武装清剿,raw:武装清剿,1
raw:武装组织,raw:武装组织,1
raw:武装群众,raw:武装群众,1
raw:武装袭击,raw:武装袭击,1
raw:武装调配,raw:武装调配,1
raw:武装转移,raw:武装转移,1
raw:武装进驻,raw:武装进驻,1
raw:武装配合,collaborated_with,1
raw:武装配合,raw:武装配合,1
raw:死亡事件,raw:死亡事件,1
raw:死亡关联,raw:死亡关联,1
raw:死守,raw:死守,1
raw:歼匪自新,raw:歼匪自新,1
raw:歼敌于,fought_at,1
raw:歼灭/作战,raw:歼灭/作战,1
raw:歼灭于,raw:歼灭于,1
raw:歼灭战斗,raw:歼灭战斗,1
raw:歼灭者,raw:歼灭者,1
raw:歼灭行动,raw:歼灭行动,1
raw:殉国于,died_at,1
raw:殉职,raw:殉职,1
raw:殉难于,raw:殉难于,1
raw:殉难地点,died_at,1
raw:殉难地点,raw:殉难地点,1
raw:残酷清剿,raw:残酷清剿,1
raw:殴打,raw:殴打,1
raw:毒打杀害,killed,1
raw:毒杀,killed,1
raw:毕业,raw:毕业,1
raw:毕业于,studied_at,1
raw:毗邻于,raw:毗邻于,1
raw:毙俘,raw:毙俘,1
raw:毙命于,died_at,1
raw:民主,raw:民主,1
raw:民主选举,raw:民主选举,1
raw:民族团结,raw:民族团结,1
raw:民族政策宣传,raw:民族政策宣传,1
raw:民运组长,raw:民运组长,1
raw:水域关联,raw:水域关联,1
raw:水系,raw:水系,1
raw:水陆通道,raw:水陆通道,1
raw:求和,raw:求和,1
raw:求学/入党,raw:求学/入党,1
raw:求学与革命于,raw:求学与革命于,1
raw:求学于,raw:求学于,1
raw:求学于,studied_at,1
raw:求学关系,studied_at,1
raw:求学及加入组织地点,raw:求学及加入组织地点,1
raw:求学地,studied_at,1
raw:求学地点,studied_at,1
raw:求学工作地,raw:求学工作地,1
raw:求教,raw:求教,1
raw:求防,raw:求防,1
raw:汇合于,met_with,1
raw:汇合地,raw:汇合地,1
raw:汇合点,raw:汇合点,1
raw:汇合组建,raw:汇合组建,1
raw:汇总,raw:汇总,1
raw:汇报-指示,raw:汇报-指示,1
raw:汇报-接收方,reported_to,1
raw:汇报与研究,raw:汇报与研究,1
raw:汇报于,reported_to,1
raw:汇报人,raw:汇报人,1
raw:汇报传递,reported_to,1
raw:汇报地,raw:汇报地,1
raw:汇报联系,raw:汇报联系,1
raw:汇款,raw:汇款,1
raw:汇款表达敬仰,raw:汇款表达敬仰,1
raw:汇编,raw:汇编,1
raw:汇编整理,raw:汇编整理,1
raw:汇聚,raw:汇聚,1
raw:沉尸地点,raw:沉尸地点,1
raw:沉放,raw:沉放,1
raw:没收物,raw:没收物,1
raw:没收盐店地点,raw:没收盐店地点,1
raw:治伤地点,raw:治伤地点,1
raw:治民/施政,raw:治民/施政,1
raw:治理对象,governed,1
raw:治理模式,raw:治理模式,1
raw:治理目标,raw:治理目标,1
raw:治疗关系,raw:治疗关系,1
raw:治疗对象,raw:治疗对象,1
raw:治疗恢复,raw:治疗恢复,1
raw:沿岸活动,raw:沿岸活动,1
raw:沿江活动,active_at,1
raw:沿河,raw:沿河,1
raw:沿河行进,traveled_to,1
raw:沿用,raw:沿用,1
raw:沿革,raw:沿革,1
raw:泄露,raw:泄露,1
raw:法律支持,raw:法律支持,1
raw:法规-政权,raw:法规-政权,1
raw:波及于,raw:波及于,1
raw:波及地,raw:波及地,1
raw:波及范围,raw:波及范围,1
raw:注入,raw:注入,1
raw:注释关联,raw:注释关联,1
raw:洗劫,raw:洗劫,1
raw:洞察,raw:洞察,1
raw:活动-准备,raw:活动-准备,1
raw:活动-区域,raw:活动-区域,1
raw:活动-参与,raw:活动-参与,1
raw:活动-参与者,raw:活动-参与者,1
raw:活动-地域,raw:活动-地域,1
raw:活动-对象,raw:活动-对象,1
raw:活动-成果,raw:活动-成果,1
raw:活动-组织者,raw:活动-组织者,1
raw:活动-载体,raw:活动-载体,1
raw:活动/宣传,raw:活动/宣传,1
raw:活动/建设,raw:活动/建设,1
raw:活动/指挥,raw:活动/指挥,1
raw:活动/斗争,raw:活动/斗争,1
raw:活动/残害,raw:活动/残害,1
raw:活动/窜犯,raw:活动/窜犯,1
raw:活动/转移,raw:活动/转移,1
raw:活动/转移于,raw:活动/转移于,1
raw:活动、组织,raw:活动、组织,1
raw:活动与事件,raw:活动与事件,1
raw:活动中心-媒介,raw:活动中心-媒介,1
raw:活动中心-据点,raw:活动中心-据点,1
raw:活动中心地区,raw:活动中心地区,1
raw:活动主体,carried_out,1
raw:活动举办地,occurred_at,1
raw:活动关系,raw:活动关系,1
raw:活动内容,participated_in,1
raw:活动区域-主体,active_at,1
raw:活动区域-人物,active_at,1
raw:活动区域-敌方人物,stationed_at,1
raw:活动区域关联,raw:活动区域关联,1
raw:活动参与,raw:活动参与,1
raw:活动参与者,participated_in,1
raw:活动在,raw:活动在,1
raw:活动地点-事件,occurred_at,1
raw:活动地点-任务安排者,raw:活动地点-任务安排者,1
raw:活动地点-参与者,active_at,1
raw:活动地点-参与者,raw:活动地点-参与者,1
raw:活动地点-地,active_at,1
raw:活动地点-地点,active_at,1
raw:活动地点-地点,raw:活动地点-地点,1
raw:活动地点-组织,raw:活动地点-组织,1
raw:活动地点-联系人,raw:活动地点-联系人,1
raw:活动地点-负责人,raw:活动地点-负责人,1
raw:活动地点-部队,stationed_at,1
raw:活动地点-领导人物,held_position_in,1
raw:活动场所-参与者,raw:活动场所-参与者,1
raw:活动场所-教育地点,raw:活动场所-教育地点,1
raw:活动场所-行动主体,occurred_at,1
raw:活动失慎,raw:活动失慎,1
raw:活动延伸,raw:活动延伸,1
raw:活动延伸地,raw:活动延伸地,1
raw:活动影响范围,raw:活动影响范围,1
raw:活动方向,raw:活动方向,1
raw:活动时期,raw:活动时期,1
raw:活动时间关联,raw:活动时间关联,1
raw:活动目标,raw:活动目标,1
raw:活动范围扩大至,raw:活动范围扩大至,1
raw:活动阵地,stationed_at,1
raw:活动阶段,raw:活动阶段,1
raw:活动领域,raw:活动领域,1
raw:活埋地点,raw:活埋地点,1
raw:活捉对象,raw:活捉对象,1
raw:活跃于,active_at,1
raw:派,appointed,1
raw:派,stationed_at,1
raw:派人,dispatched,1
raw:派人,raw:派人,1
raw:派入掌握,raw:派入掌握,1
raw:派兵增援,raw:派兵增援,1
raw:派出人员,raw:派出人员,1
raw:派出单位,raw:派出单位,1
raw:派出地,raw:派出地,1
raw:派出机构,raw:派出机构,1
raw:派出部队,dispatched,1
raw:派去坚持,dispatched,1
raw:派员,dispatched,1
raw:派员成立,raw:派员成立,1
raw:派回,raw:派回,1
raw:派干部,dispatched,1
raw:派干部加强领导,raw:派干部加强领导,1
raw:派干部领导,raw:派干部领导,1
raw:派往协助,raw:派往协助,1
raw:派往各地,raw:派往各地,1
raw:派往联系,raw:派往联系,1
raw:派打入,raw:派打入,1
raw:派特务缉捕,raw:派特务缉捕,1
raw:派系关系,raw:派系关系,1
raw:派进攻,raw:派进攻,1
raw:派遣-人员,dispatched,1
raw:派遣-人员,raw:派遣-人员,1
raw:派遣-对象,raw:派遣-对象,1
raw:派遣-执行,raw:派遣-执行,1
raw:派遣-接收,dispatched,1
raw:派遣-掩护,raw:派遣-掩护,1
raw:派遣/任务,raw:派遣/任务,1
raw:派遣/接应,raw:派遣/接应,1
raw:派遣/政治工作,raw:派遣/政治工作,1
raw:派遣/通知,raw:派遣/通知,1
raw:派遣于,dispatched,1
raw:派遣参与,dispatched,1
raw:派遣地,dispatched,1
raw:派遣学习,dispatched,1
raw:派遣安排,dispatched,1
raw:派遣工作,dispatched,1
raw:派遣打入,raw:派遣打入,1
raw:派遣指示,dispatched,1
raw:派遣接头,raw:派遣接头,1
raw:派遣方,raw:派遣方,1
raw:派遣机构,dispatched,1
raw:派遣者-执行者,dispatched,1
raw:派遣联络,dispatched,1
raw:派队进剿,raw:派队进剿,1
raw:派驻,stationed_at,1
raw:派驻于,stationed_at,1
raw:派驻党员,raw:派驻党员,1
raw:派驻干部,raw:派驻干部,1
raw:流亡,raw:流亡,1
raw:流亡于,raw:流亡于,1
raw:流传地,raw:流传地,1
raw:流向,raw:流向,1
raw:流域关联,raw:流域关联,1
raw:流散,raw:流散,1
raw:流散于,raw:流散于,1
raw:流散地关联,raw:流散地关联,1
raw:流窜,raw:流窜,1
raw:流经,raw:流经,1
raw:流转于,raw:流转于,1
raw:流通区域,raw:流通区域,1
raw:流通节点,raw:流通节点,1
raw:测绘,raw:测绘,1
raw:测绘指示,raw:测绘指示,1
raw:测绘范围,raw:测绘范围,1
raw:消极行为,raw:消极行为,1
raw:消灭/打击,raw:消灭/打击,1
raw:消灭于,raw:消灭于,1
raw:消灭对象,raw:消灭对象,1
raw:消灭目标,raw:消灭目标,1
raw:消耗,raw:消耗,1
raw:消费,raw:消费,1
raw:消除,raw:消除,1
raw:涉及内容,raw:涉及内容,1
raw:涉及单位-事件,raw:涉及单位-事件,1
raw:涉及地,occurred_at,1
raw:涉及范围,raw:涉及范围,1
raw:涉外事件,raw:涉外事件,1
raw:涉案,raw:涉案,1
raw:涉案人,participated_in,1
raw:涉水东渡,traveled_to,1
raw:涌现于,raw:涌现于,1
raw:深入基层,raw:深入基层,1
raw:深入掌握,raw:深入掌握,1
raw:深入调查,raw:深入调查,1
raw:深入重点于,raw:深入重点于,1
raw:深层目的,raw:深层目的,1
raw:混入于,raw:混入于,1
raw:清乡于,raw:清乡于,1
raw:清乡行动,raw:清乡行动,1
raw:清乡迫害,raw:清乡迫害,1
raw:清党,raw:清党,1
raw:清剿于,raw:清剿于,1
raw:清剿部署,raw:清剿部署,1
raw:清查,raw:清查,1
raw:清查/修碉,raw:清查/修碉,1
raw:清查搜缴,raw:清查搜缴,1
raw:清理恢复,raw:清理恢复,1
raw:清算,raw:清算,1
raw:渗透于,raw:渗透于,1
raw:渗透人员,raw:渗透人员,1
raw:渗透机构,raw:渗透机构,1
raw:渗透组织,raw:渗透组织,1
raw:渗透行动,raw:渗透行动,1
raw:渡江区域,raw:渡江区域,1
raw:渡江战役,raw:渡江战役,1
raw:渡江指挥,raw:渡江指挥,1
raw:渡江点位,raw:渡江点位,1
raw:渡河/损失,raw:渡河/损失,1
raw:渡河事件,raw:渡河事件,1
raw:渡河作战,raw:渡河作战,1
raw:渡河目标,raw:渡河目标,1
raw:渡河解放,liberated,1
raw:渡河集中,raw:渡河集中,1
raw:渡过于,traveled_to,1
raw:渡送迎接,raw:渡送迎接,1
raw:游击/打土豪,raw:游击/打土豪,1
raw:游击作战,raw:游击作战,1
raw:游击周旋,raw:游击周旋,1
raw:游击战,raw:游击战,1
raw:游击战争,raw:游击战争,1
raw:游击战场,raw:游击战场,1
raw:游击活动地,active_at,1
raw:游行,raw:游行,1
raw:游览,visited,1
raw:游览地点,visited,1
raw:游说,advocated,1
raw:溃散,raw:溃散,1
raw:溃窜/被击退,raw:溃窜/被击退,1
raw:溃败,raw:溃败,1
raw:溃退,raw:溃退,1
raw:溃退关联,raw:溃退关联,1
raw:溃逃路线,raw:溃逃路线,1
raw:满足需求,raw:满足需求,1
raw:漏网,raw:漏网,1
raw:演出,carried_out,1
raw:演出于,raw:演出于,1
raw:演出地点,active_at,1
raw:演出地点,raw:演出地点,1
raw:演出场所,occurred_at,1
raw:演出载体,raw:演出载体,1
raw:演化关系,raw:演化关系,1
raw:演变-组织,raw:演变-组织,1
raw:演奏者,raw:演奏者,1
raw:演讲于,raw:演讲于,1
raw:演讲动员,raw:演讲动员,1
raw:演讲场所,raw:演讲场所,1
raw:演讲影响范围,influenced,1
raw:演讲活动,raw:演讲活动,1
raw:演讲组织者与听众,raw:演讲组织者与听众,1
raw:潜伏人员-组织,raw:潜伏人员-组织,1
raw:潜伏关系,raw:潜伏关系,1
raw:潜伏反共,raw:潜伏反共,1
raw:潜伏活动,raw:潜伏活动,1
raw:潜入-争取,raw:潜入-争取,1
raw:潜入侦察,raw:潜入侦察,1
raw:潜在告密风险,raw:潜在告密风险,1
raw:潜往,raw:潜往,1
raw:潜水,raw:潜水,1
raw:潜涉,raw:潜涉,1
raw:潜藏,raw:潜藏,1
raw:潜逃/离职,raw:潜逃/离职,1
raw:潜逃目的地,raw:潜逃目的地,1
raw:潜逃至,raw:潜逃至,1
raw:潜逃路径关联,raw:潜逃路径关联,1
raw:澄清还原,raw:澄清还原,1
raw:激发仇恨,raw:激发仇恨,1
raw:激战/击退,raw:激战/击退,1
raw:激战/歼敌,raw:激战/歼敌,1
raw:激战击溃,raw:激战击溃,1
raw:火力压制,raw:火力压制,1
raw:火力摧毁,raw:火力摧毁,1
raw:火熏歼灭,raw:火熏歼灭,1
raw:炮击掩护,raw:炮击掩护,1
raw:炮击目标,raw:炮击目标,1
raw:炮击解放,liberated,1
raw:炸毙,raw:炸毙,1
raw:点燃,raw:点燃,1
raw:烈士认证,raw:烈士认证,1
raw:烈士证明,raw:烈士证明,1
raw:烈士遗属关系,raw:烈士遗属关系,1
raw:烧掉,raw:烧掉,1
raw:烧毁于,raw:烧毁于,1
raw:烧毁房屋,raw:烧毁房屋,1
raw:照料于,raw:照料于,1
raw:照顾/分担,raw:照顾/分担,1
raw:照顾关系,raw:照顾关系,1
raw:煽动,advocated,1
raw:煽动叛乱,raw:煽动叛乱,1
raw:煽动威胁,raw:煽动威胁,1
raw:煽动逼迫,raw:煽动逼迫,1
raw:熟人关系,raw:熟人关系,1
raw:熟悉地形,raw:熟悉地形,1
raw:熬制,raw:熬制,1
raw:爆发,occurred_at,1
raw:爆发于,raw:爆发于,1
raw:爆破/炸崩,raw:爆破/炸崩,1
raw:爆破突击,raw:爆破突击,1
raw:爬过,raw:爬过,1
raw:爱好,raw:爱好,1
raw:爱护与转运,raw:爱护与转运,1
raw:父与子,family_of,1
raw:父亲-子女,raw:父亲-子女,1
raw:父辈影响,influenced,1
raw:版面设计,raw:版面设计,1
raw:物-事关联,raw:物-事关联,1
raw:物-人,raw:物-人,1
raw:物-人物关联,raw:物-人物关联,1
raw:物-作用,raw:物-作用,1
raw:物-地关联,raw:物-地关联,1
raw:物-来源,raw:物-来源,1
raw:物品-事件,used_in_event,1
raw:物品-归属,raw:物品-归属,1
raw:物证交接,raw:物证交接,1
raw:物质保障,raw:物质保障,1
raw:物质基础,raw:物质基础,1
raw:物资关联,raw:物资关联,1
raw:物资准备,raw:物资准备,1
raw:物资分发,raw:物资分发,1
raw:物资协作,collaborated_with,1
raw:物资协作,raw:物资协作,1
raw:物资归属,raw:物资归属,1
raw:物资捐献,raw:物资捐献,1
raw:物资提供,raw:物资提供,1
raw:物资提供者,raw:物资提供者,1
raw:物资流向,raw:物资流向,1
raw:物资流通,raw:物资流通,1
raw:物资移交,raw:物资移交,1
raw:物资筹措,raw:物资筹措,1
raw:物资联系,raw:物资联系,1
raw:物资补充,raw:物资补充,1
raw:物资补给,raw:物资补给,1
raw:物资资金支援,raw:物资资金支援,1
raw:物资转移路径,raw:物资转移路径,1
raw:物资转运节点,raw:物资转运节点,1
raw:物资转运路线,raw:物资转运路线,1
raw:物资运输路线,raw:物资运输路线,1
raw:物资需求,raw:物资需求,1
raw:牵制作战,raw:牵制作战,1
raw:牵制威慑,raw:牵制威慑,1
raw:牵制目标,raw:牵制目标,1
raw:牵连,raw:牵连,1
raw:牵连破坏,raw:牵连破坏,1
raw:特务活动,raw:特务活动,1
raw:特派,dispatched,1
raw:特赦,raw:特赦,1
raw:牺牲-事件,raw:牺牲-事件,1
raw:牺牲-战斗地点,fought_at,1
raw:牺牲/被捕,raw:牺牲/被捕,1
raw:牺牲与处决关联,raw:牺牲与处决关联,1
raw:牺牲人物,raw:牺牲人物,1
raw:牺牲原因,raw:牺牲原因,1
raw:牺牲地,occurred_at,1
raw:牺牲地-人物,died_at,1
raw:牺牲地点关联,raw:牺牲地点关联,1
raw:牺牲对抗,raw:牺牲对抗,1
raw:牺牲导致,raw:牺牲导致,1
raw:牺牲影响,raw:牺牲影响,1
raw:牺牲掩护,raw:牺牲掩护,1
raw:牺牲造成,raw:牺牲造成,1
raw:犒赏,raw:犒赏,1
raw:犯,raw:犯,1
raw:犯错误,raw:犯错误,1
raw:状况,raw:状况,1
raw:状态,raw:状态,1
raw:狂炸,raw:狂炸,1
raw:狙击,raw:狙击,1
raw:狠抓,raw:狠抓,1
raw:狱中互动,raw:狱中互动,1
raw:狱中同志,comrade_of,1
raw:狱中战友关系,comrade_of,1
raw:狱中组织,raw:狱中组织,1
raw:狱友关系,raw:狱友关系,1
raw:狼狈逃回,raw:狼狈逃回,1
raw:猎获,raw:猎获,1
raw:猛扑,raw:猛扑,1
raw:猛攻,fought_at,1
raw:猛烈开火,raw:猛烈开火,1
raw:献交,raw:献交,1
raw:献出生命于,raw:献出生命于,1
raw:献给,raw:献给,1
raw:献花圈,raw:献花圈,1
raw:率先报道,raw:率先报道,1
raw:率兵投诚,raw:率兵投诚,1
raw:率军,raw:率军,1
raw:率军攻占,raw:率军攻占,1
raw:率红一师打,raw:率红一师打,1
raw:率部会合于,raw:率部会合于,1
raw:率部作战于,fought_at,1
raw:率部参加,participated_in,1
raw:率部开展,raw:率部开展,1
raw:率部执行,raw:率部执行,1
raw:率部抄袭,raw:率部抄袭,1
raw:率部挺进,raw:率部挺进,1
raw:率部掩护,raw:率部掩护,1
raw:率部撤离,raw:率部撤离,1
raw:率部攻入,raw:率部攻入,1
raw:率部攻打,raw:率部攻打,1
raw:率部活动,raw:率部活动,1
raw:率部离开,raw:率部离开,1
raw:率部窜至,raw:率部窜至,1
raw:率部经过,raw:率部经过,1
raw:率部转移,raw:率部转移,1
raw:率部迂回,raw:率部迂回,1
raw:率部返回,raw:率部返回,1
raw:率部进入,raw:率部进入,1
raw:率部进击于,raw:率部进击于,1
raw:率部进驻,raw:率部进驻,1
raw:率领/指挥,commanded,1
raw:率领/指挥,raw:率领/指挥,1
raw:率领投诚,raw:率领投诚,1
raw:率领指挥,raw:率领指挥,1
raw:率领改编,led,1
raw:率领攻打,raw:率领攻打,1
raw:率领暴动,raw:率领暴动,1
raw:率领渡过,raw:率领渡过,1
raw:率领突围,commanded,1
raw:率领解放,liberated,1
raw:率领起义,raw:率领起义,1
raw:率领迂回,commanded,1
raw:现场勘查,raw:现场勘查,1
raw:现存于,raw:现存于,1
raw:现实指导,raw:现实指导,1
raw:现象发生地,occurred_at,1
raw:理念支持,raw:理念支持,1
raw:理想实现,raw:理想实现,1
raw:理论奠基,raw:理论奠基,1
raw:理论实践,raw:理论实践,1
raw:理论指导-实践,raw:理论指导-实践,1
raw:理论渊源,raw:理论渊源,1
raw:理论联系实际,raw:理论联系实际,1
raw:理论贡献,raw:理论贡献,1
raw:理论阐述,raw:理论阐述,1
raw:瓦解于,raw:瓦解于,1
raw:瓦解关系,raw:瓦解关系,1
raw:瓮中捉鳖,raw:瓮中捉鳖,1
raw:生产地点,raw:生产地点,1
raw:生产活动,raw:生产活动,1
raw:生产者-产品,raw:生产者-产品,1
raw:生命守护,raw:生命守护,1
raw:生存基础,raw:生存基础,1
raw:生成,created,1
raw:生成,raw:生成,1
raw:生活供给,raw:生活供给,1
raw:生育,raw:生育,1
raw:用于教育,raw:用于教育,1
raw:用途,raw:用途,1
raw:由...执行,raw:由...执行,1
raw:申诉人,raw:申诉人,1
raw:申请与领导,raw:申请与领导,1
raw:申请调动,raw:申请调动,1
raw:申辩,raw:申辩,1
raw:电令/严饬,raw:电令/严饬,1
raw:电令设立,raw:电令设立,1
raw:电催,raw:电催,1
raw:电勉,raw:电勉,1
raw:电告/调兵,raw:电告/调兵,1
raw:电报,raw:电报,1
raw:电报策应,raw:电报策应,1
raw:电示,raw:电示,1
raw:畅通,raw:畅通,1
raw:留下/工作,raw:留下/工作,1
raw:留下标语,raw:留下标语,1
raw:留下遗书,raw:留下遗书,1
raw:留在,raw:留在,1
raw:留存于,raw:留存于,1
raw:留存地,preserved_at,1
raw:留学,raw:留学,1
raw:留学,studied_at,1
raw:留学地点,raw:留学地点,1
raw:留守坚持,raw:留守坚持,1
raw:留居,raw:留居,1
raw:留影于,raw:留影于,1
raw:留置,raw:留置,1
raw:疏散,raw:疏散,1
raw:疏散地,raw:疏散地,1
raw:疏散地点,raw:疏散地点,1
raw:疏散至,raw:疏散至,1
raw:疏散转移,raw:疏散转移,1
raw:疏散隐蔽,raw:疏散隐蔽,1
raw:疏通,raw:疏通,1
raw:疑似敌特,raw:疑似敌特,1
raw:病逝于,died_at,1
raw:病逝于,raw:病逝于,1
raw:病逝地点,died_at,1
raw:痛剿,raw:痛剿,1
raw:痛剿/驱逐,raw:痛剿/驱逐,1
raw:痛打,raw:痛打,1
raw:痛斥劝降,raw:痛斥劝降,1
raw:痛斥就义,criticized,1
raw:痛骂,criticized,1
raw:登临地点,visited,1
raw:登城,raw:登城,1
raw:登记禁止,raw:登记禁止,1
raw:登陆,raw:登陆,1
raw:登陆地点,raw:登陆地点,1
raw:登陆沦陷,raw:登陆沦陷,1
raw:登陆点,raw:登陆点,1
raw:白刃格斗,raw:白刃格斗,1
raw:监战,raw:监战,1
raw:监控,raw:监控,1
raw:监控关系,raw:监控关系,1
raw:监督-审查,raw:监督-审查,1
raw:监督与被监督,raw:监督与被监督,1
raw:监督关系,raw:监督关系,1
raw:监督执行命令,raw:监督执行命令,1
raw:监督整改,raw:监督整改,1
raw:监禁地点,raw:监禁地点,1
raw:监视-对象,raw:监视-对象,1
raw:监视/报告,raw:监视/报告,1
raw:监视于,raw:监视于,1
raw:监视关联,raw:监视关联,1
raw:监视据点,raw:监视据点,1
raw:监视跟踪,raw:监视跟踪,1
raw:盖房,raw:盖房,1
raw:盘据,stationed_at,1
raw:盘踞作乱,raw:盘踞作乱,1
raw:盘踞压迫,raw:盘踞压迫,1
raw:盘踞地,stationed_at,1
raw:目击者-事件,raw:目击者-事件,1
raw:目标关系,raw:目标关系,1
raw:目标地,raw:目标地,1
raw:目标地点,stationed_at,1
raw:目标成果,raw:目标成果,1
raw:目标方向,raw:目标方向,1
raw:目的关联,raw:目的关联,1
raw:目的培养,raw:目的培养,1
raw:目睹,raw:目睹,1
raw:目睹红军飞夺泸定桥,raw:目睹红军飞夺泸定桥,1
raw:直取,raw:直取,1
raw:直属,raw:直属,1
raw:直指,raw:直指,1
raw:直捣,raw:直捣,1
raw:直接参与者,participated_in,1
raw:直接执行,carried_out,1
raw:直接指挥,raw:直接指挥,1
raw:直接相关,raw:直接相关,1
raw:直接领导,raw:直接领导,1
raw:直管,raw:直管,1
raw:直辖,raw:直辖,1
raw:相关事件与组织,raw:相关事件与组织,1
raw:相关人员,raw:相关人员,1
raw:相关会议,raw:相关会议,1
raw:相关单位,raw:相关单位,1
raw:相关地区,raw:相关地区,1
raw:相关地理区域,raw:相关地理区域,1
raw:相关媒体,raw:相关媒体,1
raw:相关方,raw:相关方,1
raw:相关活动,raw:相关活动,1
raw:相关组织,raw:相关组织,1
raw:相关组织与事件,raw:相关组织与事件,1
raw:相关部队与根据地,raw:相关部队与根据地,1
raw:相助,collaborated_with,1
raw:相攻,raw:相攻,1
raw:相认,raw:相认,1
raw:相识,raw:相识,1
raw:相识/合作,collaborated_with,1
raw:相识/敬佩,raw:相识/敬佩,1
raw:相送,raw:相送,1
raw:相遇,met_with,1
raw:相邻苏区,raw:相邻苏区,1
raw:盼,raw:盼,1
raw:看守身份,raw:看守身份,1
raw:看押,raw:看押,1
raw:眷恋,raw:眷恋,1
raw:着手,raw:着手,1
raw:着手发动,organized,1
raw:督修,raw:督修,1
raw:督剿,raw:督剿,1
raw:督导,raw:督导,1
raw:督师,stationed_at,1
raw:督战,raw:督战,1
raw:督率,raw:督率,1
raw:督防,stationed_at,1
raw:矛头指向,criticized,1
raw:矛盾/合作,raw:矛盾/合作,1
raw:矛盾斗争,raw:矛盾斗争,1
raw:知心好友,raw:知心好友,1
raw:知情人,raw:知情人,1
raw:知识传递者,raw:知识传递者,1
raw:知道,raw:知道,1
raw:砍杀,raw:砍杀,1
raw:砍死,raw:砍死,1
raw:研究-专家,raw:研究-专家,1
raw:研究/编纂,raw:研究/编纂,1
raw:研究关系,raw:研究关系,1
raw:研究宣传,raw:研究宣传,1
raw:研究者,raw:研究者,1
raw:研究部署,formulated,1
raw:破击,raw:破击,1
raw:破坏-地点,raw:破坏-地点,1
raw:破坏事件,raw:破坏事件,1
raw:破坏交通,raw:破坏交通,1
raw:破坏地,raw:破坏地,1
raw:破坏者,raw:破坏者,1
raw:破坏行为,raw:破坏行为,1
raw:破坏逮捕,raw:破坏逮捕,1
raw:破获关系,raw:破获关系,1
raw:破获机关,raw:破获机关,1
raw:破获镇压,raw:破获镇压,1
raw:砸击,raw:砸击,1
raw:砸断,raw:砸断,1
raw:砸死,raw:砸死,1
raw:砸烂,raw:砸烂,1
raw:确保,raw:确保,1
raw:确定为中心区,raw:确定为中心区,1
raw:确定为重点,raw:确定为重点,1
raw:确定方针,raw:确定方针,1
raw:确立,organized,1
raw:确立期,formed_during,1
raw:确立职能,raw:确立职能,1
raw:确立领导,raw:确立领导,1
raw:确立领导地位,led,1
raw:确认合法性,raw:确认合法性,1
raw:碰头地点,raw:碰头地点,1
raw:示众,raw:示众,1
raw:示众场所,raw:示众场所,1
raw:示范作用,raw:示范作用,1
raw:社会关系利用,raw:社会关系利用,1
raw:社会关联,raw:社会关联,1
raw:社会动员,raw:社会动员,1
raw:社会运动,raw:社会运动,1
raw:社会运动-地点,occurred_at,1
raw:社团-转型,raw:社团-转型,1
raw:祝捷,raw:祝捷,1
raw:祝贺,raw:祝贺,1
raw:祭奠,raw:祭奠,1
raw:祭扫,raw:祭扫,1
raw:祭祀,raw:祭祀,1
raw:禀报,raw:禀报,1
raw:禁书关系,raw:禁书关系,1
raw:秘印赠送,raw:秘印赠送,1
raw:秘密串连,raw:秘密串连,1
raw:秘密举行于,occurred_at,1
raw:秘密使用,raw:秘密使用,1
raw:秘密出版,raw:秘密出版,1
raw:秘密发行,raw:秘密发行,1
raw:秘密工作,raw:秘密工作,1
raw:秘密开展,raw:秘密开展,1
raw:秘密推销,raw:秘密推销,1
raw:秘密活动,raw:秘密活动,1
raw:秘密组建,raw:秘密组建,1
raw:秘密组织,raw:秘密组织,1
raw:秘密结盟地,raw:秘密结盟地,1
raw:秘密考察,raw:秘密考察,1
raw:秘密联系,contacted,1
raw:秘密联络,raw:秘密联络,1
raw:秘密联络站,raw:秘密联络站,1
raw:秘密运输路线,raw:秘密运输路线,1
raw:秘密进入,raw:秘密进入,1
raw:秘密驻地,raw:秘密驻地,1
raw:租地关系,raw:租地关系,1
raw:积极响应,raw:积极响应,1
raw:称,raw:称,1
raw:称号来源,embodied_by_organization,1
raw:称号来源,raw:称号来源,1
raw:称快,raw:称快,1
raw:称赞,raw:称赞,1
raw:移交处理,raw:移交处理,1
raw:移交武器,raw:移交武器,1
raw:移交管理,raw:移交管理,1
raw:移交计划,raw:移交计划,1
raw:移交领导权,raw:移交领导权,1
raw:移向,raw:移向,1
raw:移居地点,raw:移居地点,1
raw:移葬,raw:移葬,1
raw:移踞,stationed_at,1
raw:移转兵力,raw:移转兵力,1
raw:程序,raw:程序,1
raw:稳定局势,raw:稳定局势,1
raw:空投接济,raw:空投接济,1
raw:空间关系,raw:空间关系,1
raw:空间关联,raw:空间关联,1
raw:穿,raw:穿,1
raw:穿插于,raw:穿插于,1
raw:穿插阻击,raw:穿插阻击,1
raw:穿着,raw:穿着,1
raw:穿越路径,raw:穿越路径,1
raw:突击作战,fought_at,1
raw:突击攻坚,raw:突击攻坚,1
raw:突围会师,raw:突围会师,1
raw:突围至,raw:突围至,1
raw:突围路径,raw:突围路径,1
raw:突围转战,raw:突围转战,1
raw:突围转移,raw:突围转移,1
raw:突然包围,raw:突然包围,1
raw:突然袭击,raw:突然袭击,1
raw:突破/交战,raw:突破/交战,1
raw:突破封锁线,raw:突破封锁线,1
raw:突破点,raw:突破点,1
raw:突破行动,raw:突破行动,1
raw:突窜/潜袭,raw:突窜/潜袭,1
raw:突袭对象,raw:突袭对象,1
raw:突袭目标,raw:突袭目标,1
raw:突过,raw:突过,1
raw:突进打击于,raw:突进打击于,1
raw:窃取计划,raw:窃取计划,1
raw:窜动,raw:窜动,1
raw:窜抵,raw:窜抵,1
raw:窜至,traveled_to,1
raw:窜陷,raw:窜陷,1
raw:立下,raw:立下,1
raw:立场表现,raw:立场表现,1
raw:立志,raw:立志,1
raw:站在,raw:站在,1
raw:竞争,raw:竞争,1
raw:竞购,raw:竞购,1
raw:竞赛,raw:竞赛,1
raw:竞选,raw:竞选,1
raw:笔战,raw:笔战,1
raw:符合,raw:符合,1
raw:等同,raw:等同,1
raw:等待,raw:等待,1
raw:筑防,raw:筑防,1
raw:答应,raw:答应,1
raw:答辩,raw:答辩,1
raw:策任,raw:策任,1
raw:策划/叛乱,raw:策划/叛乱,1
raw:策划事件,organized,1
raw:策划内应,raw:策划内应,1
raw:策划准备,organized,1
raw:策划协助,collaborated_with,1
raw:策划吞并,raw:策划吞并,1
raw:策划实施,organized,1
raw:策划执行,raw:策划执行,1
raw:策划收缴枪枝,raw:策划收缴枪枝,1
raw:策划攻击,raw:策划攻击,1
raw:策划攻打,organized,1
raw:策划暗杀,raw:策划暗杀,1
raw:策划暗算,raw:策划暗算,1
raw:策划暴乱,raw:策划暴乱,1
raw:策划暴动,raw:策划暴动,1
raw:策划演讲,organized,1
raw:策划煽动,raw:策划煽动,1
raw:策划组织,organized,1
raw:策划者-行动,organized,1
raw:策划行动,raw:策划行动,1
raw:策划解放,liberated,1
raw:策划起义,raw:策划起义,1
raw:策划逮捕,raw:策划逮捕,1
raw:策划部署,formulated,1
raw:策划阴谋,raw:策划阴谋,1
raw:策划除掉,raw:策划除掉,1
raw:策动-地点,raw:策动-地点,1
raw:策动/活动,raw:策动/活动,1
raw:策动/起义,raw:策动/起义,1
raw:策动加入,raw:策动加入,1
raw:策动地区,raw:策动地区,1
raw:策动对象,raw:策动对象,1
raw:策动方,raw:策动方,1
raw:策动者,raw:策动者,1
raw:策动联系,raw:策动联系,1
raw:策动起义,organized,1
raw:策化工作,raw:策化工作,1
raw:策反-代理人,recruited,1
raw:策反/解放,raw:策反/解放,1
raw:策反与叛变,raw:策反与叛变,1
raw:策反与教育,raw:策反与教育,1
raw:策反中介,raw:策反中介,1
raw:策反关联,raw:策反关联,1
raw:策反区域,raw:策反区域,1
raw:策反夜巡队,raw:策反夜巡队,1
raw:策反成果,raw:策反成果,1
raw:策反指导,raw:策反指导,1
raw:策反控制,raw:策反控制,1
raw:策反支持者,raw:策反支持者,1
raw:策反活动,raw:策反活动,1
raw:策反活动参与者,raw:策反活动参与者,1
raw:策反活动地点,raw:策反活动地点,1
raw:策反目标,recruited,1
raw:策反联系人,raw:策反联系人,1
raw:策反联络人,raw:策反联络人,1
raw:策反谈判,raw:策反谈判,1
raw:策应作战,raw:策应作战,1
raw:策应对象,raw:策应对象,1
raw:策应行动,raw:策应行动,1
raw:策应起义,raw:策应起义,1
raw:策应配合,raw:策应配合,1
raw:策源,raw:策源,1
raw:策略-区域,raw:策略-区域,1
raw:策略-方法,raw:策略-方法,1
raw:策略分歧,raw:策略分歧,1
raw:策略制定,raw:策略制定,1
raw:策略呼应,raw:策略呼应,1
raw:策略指导,guided,1
raw:策略支持,raw:策略支持,1
raw:策略支撑,raw:策略支撑,1
raw:策略牵制,raw:策略牵制,1
raw:策略转变,raw:策略转变,1
raw:筹划,organized,1
raw:筹划/决策,raw:筹划/决策,1
raw:筹划主持,raw:筹划主持,1
raw:筹划创办,raw:筹划创办,1
raw:筹划建立,raw:筹划建立,1
raw:筹划者-组织,raw:筹划者-组织,1
raw:筹备与成立,raw:筹备与成立,1
raw:筹备事件,raw:筹备事件,1
raw:筹备地,raw:筹备地,1
raw:筹备地点,raw:筹备地点,1
raw:筹备组织,raw:筹备组织,1
raw:筹建于,raw:筹建于,1
raw:筹建区域,raw:筹建区域,1
raw:筹建者-作品,raw:筹建者-作品,1
raw:筹建者-建筑,created,1
raw:筹建负责人,held_position_in,1
raw:筹建负责人,responsible_for,1
raw:筹建领导,organized,1
raw:筹措地点,raw:筹措地点,1
raw:筹措经费,raw:筹措经费,1
raw:筹粮分粮,raw:筹粮分粮,1
raw:筹粮地,raw:筹粮地,1
raw:筹组,organized,1
raw:筹组,raw:筹组,1
raw:筹组负责人,held_position_in,1
raw:筹防,raw:筹防,1
raw:筹防/驻防,raw:筹防/驻防,1
raw:筹集/动员,raw:筹集/动员,1
raw:签署发布,raw:签署发布,1
raw:签署日期,raw:签署日期,1
raw:签署降书,raw:签署降书,1
raw:签订协议,raw:签订协议,1
raw:签订地,raw:签订地,1
raw:签订地点,raw:签订地点,1
raw:签订契约,raw:签订契约,1
raw:签订结果,raw:签订结果,1
raw:管控对象,raw:管控对象,1
raw:管理与教育,raw:管理与教育,1
raw:管理单位,governed,1
raw:管理后勤,raw:管理后勤,1
raw:管理地,raw:管理地,1
raw:管理实体,governed,1
raw:管理对象,responsible_for,1
raw:管理控制,governed,1
raw:管理方,governed,1
raw:管理机构,governed,1
raw:管理者,raw:管理者,1
raw:管理者-地点,governed,1
raw:管理者-场所,governed,1
raw:管理职能,raw:管理职能,1
raw:管训,raw:管训,1
raw:管辖/布局,raw:管辖/布局,1
raw:管辖/联系,governed,1
raw:管辖与指挥,raw:管辖与指挥,1
raw:管辖地,raw:管辖地,1
raw:管辖对象,governed,1
raw:管辖执行,raw:管辖执行,1
raw:籍贯-地域,raw:籍贯-地域,1
raw:籍贯-地域关联,raw:籍贯-地域关联,1
raw:籍贯-地点,raw:籍贯-地点,1
raw:籍贯-政党,raw:籍贯-政党,1
raw:籍贯/关联,raw:籍贯/关联,1
raw:籍贯/家庭所在地,raw:籍贯/家庭所在地,1
raw:籍贯/抚养地,raw:籍贯/抚养地,1
raw:籍贯/活动,raw:籍贯/活动,1
raw:籍贯/牺牲地,raw:籍贯/牺牲地,1
raw:籍贯与归宿地,raw:籍贯与归宿地,1
raw:籍贯与职务,raw:籍贯与职务,1
raw:粉碎阴谋,raw:粉碎阴谋,1
raw:精神-事件,raw:精神-事件,1
raw:精神-载体,raw:精神-载体,1
raw:精神传达,raw:精神传达,1
raw:精神传颂,raw:精神传颂,1
raw:精神发源地,originated_at,1
raw:精神属性,raw:精神属性,1
raw:精神影响,raw:精神影响,1
raw:精神感召,raw:精神感召,1
raw:精神指导,influenced,1
raw:精神指引,guided,1
raw:精神支持,raw:精神支持,1
raw:精神支持,supported,1
raw:精神淬炼地,raw:精神淬炼地,1
raw:精神源头,raw:精神源头,1
raw:精神联系,raw:精神联系,1
raw:精神践行,raw:精神践行,1
raw:精神辐射,raw:精神辐射,1
raw:精神追求,raw:精神追求,1
raw:精神遗产,raw:精神遗产,1
raw:精神阐释,raw:精神阐释,1
raw:索薪,raw:索薪,1
raw:紧急调兵,dispatched,1
raw:纠合,collaborated_with,1
raw:纠正关系,raw:纠正关系,1
raw:约定,raw:约定,1
raw:约束,raw:约束,1
raw:约见,met_with,1
raw:约见,raw:约见,1
raw:约集谈话,raw:约集谈话,1
raw:纪律宣传,raw:纪律宣传,1
raw:纪律执行,raw:纪律执行,1
raw:纪律教育关系,raw:纪律教育关系,1
raw:纪律示范,raw:纪律示范,1
raw:纪念/平反佐证,commemorates,1
raw:纪念/教育,raw:纪念/教育,1
raw:纪念事件,raw:纪念事件,1
raw:纪念品来源,raw:纪念品来源,1
raw:纪念对象,commemorates,1
raw:纪念活动举办地,raw:纪念活动举办地,1
raw:纪念题辞,raw:纪念题辞,1
raw:纯洁,raw:纯洁,1
raw:纲领,raw:纲领,1
raw:纳入议事日程,raw:纳入议事日程,1
raw:纵火,raw:纵火,1
raw:纵火/密探,raw:纵火/密探,1
raw:组委,raw:组委,1
raw:组建/支援,raw:组建/支援,1
raw:组建与领导,raw:组建与领导,1
raw:组建于,created_at,1
raw:组建参与,raw:组建参与,1
raw:组建地,created_at,1
raw:组建地点,occurred_at,1
raw:组建成员,member_of,1
raw:组建执行,raw:组建执行,1
raw:组建扩编,raw:组建扩编,1
raw:组建指导,guided,1
raw:组建控制,raw:组建控制,1
raw:组建来源,raw:组建来源,1
raw:组建组织,raw:组建组织,1
raw:组建者-部队,raw:组建者-部队,1
raw:组建训练,raw:组建训练,1
raw:组建部队,created,1
raw:组成-下属,raw:组成-下属,1
raw:组成/隶属,raw:组成/隶属,1
raw:组成于,raw:组成于,1
raw:组成单位,member_of,1
raw:组成形式,raw:组成形式,1
raw:组成成员,member_of,1
raw:组成读书小组,raw:组成读书小组,1
raw:组成部分关系,raw:组成部分关系,1
raw:组织-下属单位,raw:组织-下属单位,1
raw:组织-中心地,stationed_at,1
raw:组织-主力,raw:组织-主力,1
raw:组织-书记,raw:组织-书记,1
raw:组织-争取,raw:组织-争取,1
raw:组织-人,raw:组织-人,1
raw:组织-任务,responsible_for,1
raw:组织-会议,raw:组织-会议,1
raw:组织-传播物,raw:组织-传播物,1
raw:组织-军事,raw:组织-军事,1
raw:组织-军事力量,raw:组织-军事力量,1
raw:组织-刊物,raw:组织-刊物,1
raw:组织-升级,raw:组织-升级,1
raw:组织-协助对象,raw:组织-协助对象,1
raw:组织-单位,raw:组织-单位,1
raw:组织-参与单位,raw:组织-参与单位,1
raw:组织-参与者,participated_in,1
raw:组织-发展对象,raw:组织-发展对象,1
raw:组织-发布,raw:组织-发布,1
raw:组织-召开,raw:组织-召开,1
raw:组织-地点,located_in,1
raw:组织-场所,stationed_at,1
raw:组织-培训基地,raw:组织-培训基地,1
raw:组织-实施,raw:组织-实施,1
raw:组织-实践,raw:组织-实践,1
raw:组织-工具,raw:组织-工具,1
raw:组织-工程,raw:组织-工程,1
raw:组织-建立,created,1
raw:组织-建设,raw:组织-建设,1
raw:组织-形式,raw:组织-形式,1
raw:组织-战役,raw:组织-战役,1
raw:组织-战略,raw:组织-战略,1
raw:组织-指挥,raw:组织-指挥,1
raw:组织-指示,raw:组织-指示,1
raw:组织-措施,raw:组织-措施,1
raw:组织-支持者,raw:组织-支持者,1
raw:组织-支援,supported,1
raw:组织-文物,used_artifact,1
raw:组织-斗争地点,raw:组织-斗争地点,1
raw:组织-来源,raw:组织-来源,1
raw:组织-武装力量,organized,1
raw:组织-武装力量,raw:组织-武装力量,1
raw:组织-活动地点,stationed_at,1
raw:组织-派遣人员,raw:组织-派遣人员,1
raw:组织-策划,organized,1
raw:组织-线路,raw:组织-线路,1
raw:组织-组建,created,1
raw:组织-群众,raw:组织-群众,1
raw:组织-职位,raw:组织-职位,1
raw:组织-联系,raw:组织-联系,1
raw:组织-联系人,raw:组织-联系人,1
raw:组织-联系地,raw:组织-联系地,1
raw:组织-计划,raw:组织-计划,1
raw:组织-路径,raw:组织-路径,1
raw:组织-运动,raw:组织-运动,1
raw:组织-部署,organized,1
raw:组织-集中地,raw:组织-集中地,1
raw:组织-领导人,raw:组织-领导人,1
raw:组织-驻地,raw:组织-驻地,1
raw:组织/参与,raw:组织/参与,1
raw:组织/发展,raw:组织/发展,1
raw:组织/实施,organized,1
raw:组织/引导,raw:组织/引导,1
raw:组织/成员,raw:组织/成员,1
raw:组织/执行,carried_out,1
raw:组织/指导,guided,1
raw:组织/落实,raw:组织/落实,1
raw:组织/领导,raw:组织/领导,1
raw:组织与上级关系,raw:组织与上级关系,1
raw:组织与下属,raw:组织与下属,1
raw:组织与事件关联,raw:组织与事件关联,1
raw:组织与交涉,raw:组织与交涉,1
raw:组织与区域,raw:组织与区域,1
raw:组织与地区关系,raw:组织与地区关系,1
raw:组织与地域关联,raw:组织与地域关联,1
raw:组织与思想传播,raw:组织与思想传播,1
raw:组织与成员,member_of,1
raw:组织与活动,raw:组织与活动,1
raw:组织与组织,raw:组织与组织,1
raw:组织与被组织,raw:组织与被组织,1
raw:组织与负责人,held_position_in,1
raw:组织与领导,raw:组织与领导,1
raw:组织事件关联,raw:组织事件关联,1
raw:组织于,organized,1
raw:组织交接,raw:组织交接,1
raw:组织任命,raw:组织任命,1
raw:组织传达,raw:组织传达,1
raw:组织依托关系,raw:组织依托关系,1
raw:组织保护,raw:组织保护,1
raw:组织保管,raw:组织保管,1
raw:组织修建,raw:组织修建,1
raw:组织关系处理,raw:组织关系处理,1
raw:组织关系恢复,raw:组织关系恢复,1
raw:组织关系接收者,raw:组织关系接收者,1
raw:组织关系移交,raw:组织关系移交,1
raw:组织关系转交,raw:组织关系转交,1
raw:组织关系领导,raw:组织关系领导,1
raw:组织冲突,raw:组织冲突,1
raw:组织决策,organized,1
raw:组织准备,raw:组织准备,1
raw:组织分歧,raw:组织分歧,1
raw:组织创建,organized,1
raw:组织动员于,raw:组织动员于,1
raw:组织协作,collaborated_with,1
raw:组织协作,raw:组织协作,1
raw:组织发动,raw:组织发动,1
raw:组织发起地,raw:组织发起地,1
raw:组织发起者,organized,1
raw:组织召开,organized,1
raw:组织召集,raw:组织召集,1
raw:组织吸纳,raw:组织吸纳,1
raw:组织吸纳,recruited,1
raw:组织响应,raw:组织响应,1
raw:组织土匪,raw:组织土匪,1
raw:组织地,raw:组织地,1
raw:组织地,stationed_at,1
raw:组织基础,raw:组织基础,1
raw:组织增援,raw:组织增援,1
raw:组织处理,raw:组织处理,1
raw:组织委员,appointed,1
raw:组织实践,raw:组织实践,1
raw:组织宣传,raw:组织宣传,1
raw:组织工作,organized,1
raw:组织应对,responsible_for,1
raw:组织延续,raw:组织延续,1
raw:组织建立关系,raw:组织建立关系,1
raw:组织建立地点,raw:组织建立地点,1
raw:组织建立者,raw:组织建立者,1
raw:组织开发,raw:组织开发,1
raw:组织引导,raw:组织引导,1
raw:组织归属,member_of,1
raw:组织恢复,raw:组织恢复,1
raw:组织成员关联,raw:组织成员关联,1
raw:组织成立地,raw:组织成立地,1
raw:组织战役,organized,1
raw:组织手段,raw:组织手段,1
raw:组织打击,raw:组织打击,1
raw:组织扣留大米行动,raw:组织扣留大米行动,1
raw:组织执行,carried_out,1
raw:组织扩展,raw:组织扩展,1
raw:组织抗议,raw:组织抗议,1
raw:组织护卫,raw:组织护卫,1
raw:组织护守,raw:组织护守,1
raw:组织护校,raw:组织护校,1
raw:组织指挥,commanded,1
raw:组织指示,raw:组织指示,1
raw:组织据点,stationed_at,1
raw:组织接头,raw:组织接头,1
raw:组织控制,raw:组织控制,1
raw:组织撤离,raw:组织撤离,1
raw:组织撰写,raw:组织撰写,1
raw:组织支前,raw:组织支前,1
raw:组织支前,supported,1
raw:组织支撑,raw:组织支撑,1
raw:组织改编,raw:组织改编,1
raw:组织整编,raw:组织整编,1
raw:组织方式,raw:组织方式,1
raw:组织机构关联,raw:组织机构关联,1
raw:组织机构所在地,stationed_at,1
raw:组织核心,raw:组织核心,1
raw:组织武装工作队活动于,active_at,1
raw:组织汇报,reported_to,1
raw:组织活动于,raw:组织活动于,1
raw:组织活动关系,raw:组织活动关系,1
raw:组织活动关联,raw:组织活动关联,1
raw:组织活动地,raw:组织活动地,1
raw:组织活动地点,occurred_at,1
raw:组织活动场所,raw:组织活动场所,1
raw:组织活动范围,raw:组织活动范围,1
raw:组织渗透,raw:组织渗透,1
raw:组织演出,raw:组织演出,1
raw:组织研究于,raw:组织研究于,1
raw:组织策划,organized,1
raw:组织策划,raw:组织策划,1
raw:组织筹备,raw:组织筹备,1
raw:组织管理,governed,1
raw:组织管理,organized,1
raw:组织管辖,governed,1
raw:组织结构,raw:组织结构,1
raw:组织编研,raw:组织编研,1
raw:组织网络,raw:组织网络,1
raw:组织翻印,raw:组织翻印,1
raw:组织者-参与者,organized,1
raw:组织者-机构,organized,1
raw:组织者-机构,raw:组织者-机构,1
raw:组织者-武装集团,raw:组织者-武装集团,1
raw:组织者-活动场所,active_at,1
raw:组织者-行动,raw:组织者-行动,1
raw:组织者-被组织对象,raw:组织者-被组织对象,1
raw:组织者-部队,raw:组织者-部队,1
raw:组织者与事件,organized,1
raw:组织者与地点,raw:组织者与地点,1
raw:组织者与成员,raw:组织者与成员,1
raw:组织者与组织,organized,1
raw:组织联络点,raw:组织联络点,1
raw:组织背景,raw:组织背景,1
raw:组织营救,raw:组织营救,1
raw:组织规划,raw:组织规划,1
raw:组织读书会,raw:组织读书会,1
raw:组织负责人-成员,raw:组织负责人-成员,1
raw:组织身份,raw:组织身份,1
raw:组织转接,raw:组织转接,1
raw:组织运输,raw:组织运输,1
raw:组织逮捕,raw:组织逮捕,1
raw:组织部长,held_position_in,1
raw:组织防御,protected,1
raw:组织阵地,raw:组织阵地,1
raw:组织阻击,raw:组织阻击,1
raw:组织隶属关系,member_of,1
raw:组织集会地点,raw:组织集会地点,1
raw:组长,raw:组长,1
raw:经争取减少破坏,raw:经争取减少破坏,1
raw:经办,raw:经办,1
raw:经办纪念,raw:经办纪念,1
raw:经历/执行,participated_in,1
raw:经历/纪念,raw:经历/纪念,1
raw:经历地点,raw:经历地点,1
raw:经历者,participated_in,1
raw:经历者-事件,raw:经历者-事件,1
raw:经历苦战,raw:经历苦战,1
raw:经济中心,raw:经济中心,1
raw:经济关联,raw:经济关联,1
raw:经济基础,raw:经济基础,1
raw:经济工作关系,raw:经济工作关系,1
raw:经济政策,raw:经济政策,1
raw:经济斗争对象,raw:经济斗争对象,1
raw:经济活动,raw:经济活动,1
raw:经济统筹,raw:经济统筹,1
raw:经济行为,raw:经济行为,1
raw:经济行动,raw:经济行动,1
raw:经济调控,raw:经济调控,1
raw:经由,raw:经由,1
raw:经由地,raw:经由地,1
raw:经营/联络,raw:经营/联络,1
raw:经营关系,raw:经营关系,1
raw:经营地点,raw:经营地点,1
raw:经营场所,worked_at,1
raw:经营掩护,raw:经营掩护,1
raw:经费发放,raw:经费发放,1
raw:经费支持,raw:经费支持,1
raw:经费来源,raw:经费来源,1
raw:经费筹措,raw:经费筹措,1
raw:经过/安葬,raw:经过/安葬,1
raw:经过于,raw:经过于,1
raw:经过区域,traveled_to,1
raw:经销,raw:经销,1
raw:经验传承,raw:经验传承,1
raw:经验传递-地点,raw:经验传递-地点,1
raw:经验来源,raw:经验来源,1
raw:绑架/杀害,raw:绑架/杀害,1
raw:结为同年朋友,raw:结为同年朋友,1
raw:结交与发动,raw:结交与发动,1
raw:结亲,raw:结亲,1
raw:结合,collaborated_with,1
raw:结婚,spouse_of,1
raw:结局地,raw:结局地,1
raw:结拜与密谈,raw:结拜与密谈,1
raw:结拜兄弟,raw:结拜兄弟,1
raw:结束地点,occurred_at,1
raw:结束地点,raw:结束地点,1
raw:结束统治,raw:结束统治,1
raw:结果-事件,raw:结果-事件,1
raw:结果地,raw:结果地,1
raw:结盟,raw:结盟,1
raw:结算,raw:结算,1
raw:结识关系,raw:结识关系,1
raw:绕过,raw:绕过,1
raw:绘制记录,raw:绘制记录,1
raw:给予帮助,raw:给予帮助,1
raw:给养补给,raw:给养补给,1
raw:统一建立,raw:统一建立,1
raw:统一战线工作,raw:统一战线工作,1
raw:统一编为,raw:统一编为,1
raw:统一编组,organized,1
raw:统一行动,raw:统一行动,1
raw:统一部署,implemented,1
raw:统一部署,organized,1
raw:统帅,raw:统帅,1
raw:统帅于,raw:统帅于,1
raw:统战-对象,raw:统战-对象,1
raw:统战与联络,raw:统战与联络,1
raw:统战争取,raw:统战争取,1
raw:统战争取工作,raw:统战争取工作,1
raw:统战互动,raw:统战互动,1
raw:统战人士,raw:统战人士,1
raw:统战对象-协助人员,raw:统战对象-协助人员,1
raw:统战对象转化,raw:统战对象转化,1
raw:统战工作关系,raw:统战工作关系,1
raw:统战工作地点,raw:统战工作地点,1
raw:统战据点,raw:统战据点,1
raw:统战接触,met_with,1
raw:统战教育,raw:统战教育,1
raw:统战策反,recruited,1
raw:统战行动,raw:统战行动,1
raw:统治于,raw:统治于,1
raw:统治区域,governed,1
raw:统治区域,raw:统治区域,1
raw:统治破坏,raw:统治破坏,1
raw:统筹,led,1
raw:统筹指挥,raw:统筹指挥,1
raw:统筹调度,raw:统筹调度,1
raw:继任书记,held_position_in,1
raw:继任大队长,raw:继任大队长,1
raw:继承/发展,raw:继承/发展,1
raw:继承与发扬,raw:继承与发扬,1
raw:继承成份,raw:继承成份,1
raw:继承者,raw:继承者,1
raw:继续与追认,raw:继续与追认,1
raw:继续穷追,raw:继续穷追,1
raw:继续策划,raw:继续策划,1
raw:继续负责,responsible_for,1
raw:绳降,raw:绳降,1
raw:维修,raw:维修,1
raw:维护/治安,raw:维护/治安,1
raw:维持,raw:维持,1
raw:维持秩序,raw:维持秩序,1
raw:缅怀对象,raw:缅怀对象,1
raw:缅怀继承,raw:缅怀继承,1
raw:缅怀致敬,raw:缅怀致敬,1
raw:缔造,raw:缔造,1
raw:编为,raw:编为,1
raw:编入单位,raw:编入单位,1
raw:编入建制,raw:编入建制,1
raw:编入起义队伍,raw:编入起义队伍,1
raw:编写前言,raw:编写前言,1
raw:编写指导,raw:编写指导,1
raw:编制,organized,1
raw:编制关系,formulated,1
raw:编制关系,raw:编制关系,1
raw:编制者,raw:编制者,1
raw:编制调整,raw:编制调整,1
raw:编发者,raw:编发者,1
raw:编委,raw:编委,1
raw:编审者,raw:编审者,1
raw:编导,raw:编导,1
raw:编成,organized,1
raw:编成,raw:编成,1
raw:编排内容,raw:编排内容,1
raw:编排指导,raw:编排指导,1
raw:编校,raw:编校,1
raw:编歌传颂,raw:编歌传颂,1
raw:编源于,raw:编源于,1
raw:编研,raw:编研,1
raw:编纂-地点,raw:编纂-地点,1
raw:编纂/出版,raw:编纂/出版,1
raw:编纂主体,raw:编纂主体,1
raw:编纂于,raw:编纂于,1
raw:编纂关系,raw:编纂关系,1
raw:编纂出版,created,1
raw:编纂地,occurred_at,1
raw:编纂对象,raw:编纂对象,1
raw:编纂记录,raw:编纂记录,1
raw:编练,raw:编练,1
raw:编组于,raw:编组于,1
raw:编组地点,stationed_at,1
raw:编组领导人,raw:编组领导人,1
raw:编绘,raw:编绘,1
raw:编著,raw:编著,1
raw:编词纪念,raw:编词纪念,1
raw:编辑出版,raw:编辑出版,1
raw:编辑地点,raw:编辑地点,1
raw:编辑者,raw:编辑者,1
raw:编选,raw:编选,1
raw:缩编为,raw:缩编为,1
raw:缴械/投诚,raw:缴械/投诚,1
raw:缴械与被缴械,raw:缴械与被缴械,1
raw:缴械对抗,raw:缴械对抗,1
raw:缴械对象,raw:缴械对象,1
raw:缴械投诚,raw:缴械投诚,1
raw:缴粮关系,raw:缴粮关系,1
raw:缴纳,raw:缴纳,1
raw:缴获/搞到,raw:缴获/搞到,1
raw:缴获关系,raw:缴获关系,1
raw:缴获关联,raw:缴获关联,1
raw:缴获装备,raw:缴获装备,1
raw:缺失,raw:缺失,1
raw:罢工发起者,raw:罢工发起者,1
raw:罢课,raw:罢课,1
raw:罪行,raw:罪行,1
raw:罹难,raw:罹难,1
raw:羁押,raw:羁押,1
raw:群众互动,raw:群众互动,1
raw:群众保护,raw:群众保护,1
raw:群众协助擒拿,raw:群众协助擒拿,1
raw:群众基础,raw:群众基础,1
raw:群众支持,raw:群众支持,1
raw:群众支援,supported,1
raw:群众斗争,raw:群众斗争,1
raw:群众监督,raw:群众监督,1
raw:群众联系,raw:群众联系,1
raw:群体-魂,raw:群体-魂,1
raw:群体成员,raw:群体成员,1
raw:翻印分发,raw:翻印分发,1
raw:翻山越岭,raw:翻山越岭,1
raw:翻译与研究,raw:翻译与研究,1
raw:翻译投送,raw:翻译投送,1
raw:翻译来源,raw:翻译来源,1
raw:翻译者-作品,raw:翻译者-作品,1
raw:翻越后,raw:翻越后,1
raw:翻越地,raw:翻越地,1
raw:翻越地,traveled_to,1
raw:翻越避难,raw:翻越避难,1
raw:考察/发展,raw:考察/发展,1
raw:考察关系,raw:考察关系,1
raw:考察地点关联,raw:考察地点关联,1
raw:考察接触,met_with,1
raw:考察联系,raw:考察联系,1
raw:考查,raw:考查,1
raw:考核,raw:考核,1
raw:考证修正,raw:考证修正,1
raw:考证澄清,raw:考证澄清,1
raw:耕种支援,raw:耕种支援,1
raw:聆听,raw:聆听,1
raw:聆听演讲,raw:聆听演讲,1
raw:聆听讲演,raw:聆听讲演,1
raw:职,held_position_in,1
raw:职业,raw:职业,1
raw:职业关联,raw:职业关联,1
raw:职业经历,raw:职业经历,1
raw:职位与事件,raw:职位与事件,1
raw:职位关联,raw:职位关联,1
raw:职务任免,held_position_in,1
raw:职务任免,raw:职务任免,1
raw:职务任职,held_position_in,1
raw:职务侵占,raw:职务侵占,1
raw:职务冲突,raw:职务冲突,1
raw:职务变动,raw:职务变动,1
raw:职务变更,raw:职务变更,1
raw:职务派遣,dispatched,1
raw:职务身份,held_position_in,1
raw:职能归属,raw:职能归属,1
raw:职责分工,raw:职责分工,1
raw:职责归属,held_position_in,1
raw:职责角色,raw:职责角色,1
raw:联合/号召,raw:联合/号召,1
raw:联合作战,raw:联合作战,1
raw:联合决策,collaborated_with,1
raw:联合力量,raw:联合力量,1
raw:联合势力,raw:联合势力,1
raw:联合反蒋,raw:联合反蒋,1
raw:联合发表宣言,raw:联合发表宣言,1
raw:联合叛乱,raw:联合叛乱,1
raw:联合和帮助,raw:联合和帮助,1
raw:联合孤立,raw:联合孤立,1
raw:联合对抗,opposed,1
raw:联合执行,raw:联合执行,1
raw:联合排斥,raw:联合排斥,1
raw:联合援助,raw:联合援助,1
raw:联合收编,raw:联合收编,1
raw:联名,raw:联名,1
raw:联名抗议,raw:联名抗议,1
raw:联名申请,raw:联名申请,1
raw:联欢,raw:联欢,1
raw:联系-区域,raw:联系-区域,1
raw:联系-地点,raw:联系-地点,1
raw:联系-指导,guided,1
raw:联系-武装力量,raw:联系-武装力量,1
raw:联系/指导,guided,1
raw:联系/被联系,contacted,1
raw:联系/输送,raw:联系/输送,1
raw:联系与被联系,raw:联系与被联系,1
raw:联系中断,raw:联系中断,1
raw:联系人-人物,raw:联系人-人物,1
raw:联系会师,raw:联系会师,1
raw:联系区域,raw:联系区域,1
raw:联系组织,raw:联系组织,1
raw:联系者,raw:联系者,1
raw:联系节点,raw:联系节点,1
raw:联系贯通,raw:联系贯通,1
raw:联系配合,collaborated_with,1
raw:联系领域,raw:联系领域,1
raw:联系领导,raw:联系领导,1
raw:联系高校,raw:联系高校,1
raw:联络(军事)委员,raw:联络(军事)委员,1
raw:联络-人物,contacted,1
raw:联络-传递,raw:联络-传递,1
raw:联络-协作,raw:联络-协作,1
raw:联络-地点,raw:联络-地点,1
raw:联络-接头对象,raw:联络-接头对象,1
raw:联络-支持,supported,1
raw:联络-机构,contacted,1
raw:联络/争取,contacted,1
raw:联络/会合,raw:联络/会合,1
raw:联络/传达,contacted,1
raw:联络/指导,raw:联络/指导,1
raw:联络/策动,raw:联络/策动,1
raw:联络/策反,raw:联络/策反,1
raw:联络/组织,contacted,1
raw:联络/被联络,raw:联络/被联络,1
raw:联络与打通,raw:联络与打通,1
raw:联络与被捕关联,raw:联络与被捕关联,1
raw:联络与被联络,contacted,1
raw:联络人-场所,raw:联络人-场所,1
raw:联络人员,contacted,1
raw:联络任务,raw:联络任务,1
raw:联络关系-机构,raw:联络关系-机构,1
raw:联络关联,raw:联络关联,1
raw:联络协调,raw:联络协调,1
raw:联络合作,collaborated_with,1
raw:联络土匪,raw:联络土匪,1
raw:联络实施,raw:联络实施,1
raw:联络尝试,raw:联络尝试,1
raw:联络工具,raw:联络工具,1
raw:联络指导关系,raw:联络指导关系,1
raw:联络接头,met_with,1
raw:联络支持,supported,1
raw:联络支援,raw:联络支援,1
raw:联络方式,raw:联络方式,1
raw:联络机关,raw:联络机关,1
raw:联络沟通,contacted,1
raw:联络点-人员,raw:联络点-人员,1
raw:联络点建立者,raw:联络点建立者,1
raw:联络目标,raw:联络目标,1
raw:联络站建立者,raw:联络站建立者,1
raw:联络者,contacted,1
raw:联络职责,raw:联络职责,1
raw:联络解决困难,raw:联络解决困难,1
raw:联络通道,raw:联络通道,1
raw:联防协作,raw:联防协作,1
raw:聘用,raw:聘用,1
raw:聘请职位,raw:聘请职位,1
raw:聚众,raw:聚众,1
raw:聚居地,raw:聚居地,1
raw:聚歼于,raw:聚歼于,1
raw:肃反事件,raw:肃反事件,1
raw:肃反对象,raw:肃反对象,1
raw:股东,raw:股东,1
raw:肯定/鼓励,raw:肯定/鼓励,1
raw:肯定与嘉奖,raw:肯定与嘉奖,1
raw:肯定工作,raw:肯定工作,1
raw:肯定指示,raw:肯定指示,1
raw:胁迫,raw:胁迫,1
raw:背叛/镇压,raw:背叛/镇压,1
raw:背叛与反制,raw:背叛与反制,1
raw:背叛关联,raw:背叛关联,1
raw:背回/救助,raw:背回/救助,1
raw:背景-主体,raw:背景-主体,1
raw:背景支持,raw:背景支持,1
raw:背运碾米,raw:背运碾米,1
raw:胜利会师,raw:胜利会师,1
raw:胜利到达,traveled_to,1
raw:脱离,raw:脱离,1
raw:脱险地,raw:脱险地,1
raw:腐败对象,raw:腐败对象,1
raw:腾让,raw:腾让,1
raw:自,raw:自,1
raw:自制,created,1
raw:自发,raw:自发,1
raw:自我批评,raw:自我批评,1
raw:自杀,raw:自杀,1
raw:自编自印,raw:自编自印,1
raw:自首出卖,raw:自首出卖,1
raw:致书谈判,raw:致书谈判,1
raw:致信报告,raw:致信报告,1
raw:致信求助,raw:致信求助,1
raw:致信汇报,reported_to,1
raw:致信请示,raw:致信请示,1
raw:致函,raw:致函,1
raw:致力于恢复,raw:致力于恢复,1
raw:致电查办,raw:致电查办,1
raw:致词于,raw:致词于,1
raw:致谢,raw:致谢,1
raw:致谢/赠银,raw:致谢/赠银,1
raw:致谢于,raw:致谢于,1
raw:致贺电,raw:致贺电,1
raw:致辞,raw:致辞,1
raw:致辞者,raw:致辞者,1
raw:舆论传播,raw:舆论传播,1
raw:舆论引导,raw:舆论引导,1
raw:舆论影响,raw:舆论影响,1
raw:舆论支持,supported,1
raw:航线,raw:航线,1
raw:艰苦奋战,raw:艰苦奋战,1
raw:节点,raw:节点,1
raw:苏区创建,raw:苏区创建,1
raw:苏区扩展,raw:苏区扩展,1
raw:英勇,raw:英勇,1
raw:英勇作战于,raw:英勇作战于,1
raw:英勇就义于,raw:英勇就义于,1
raw:英勇抵抗,raw:英勇抵抗,1
raw:英勇杀敌,raw:英勇杀敌,1
raw:英勇牺牲于,raw:英勇牺牲于,1
raw:英勇践行,raw:英勇践行,1
raw:英勇阻击,raw:英勇阻击,1
raw:荣立,raw:荣立,1
raw:荣誉,raw:荣誉,1
raw:荣誉关联,raw:荣誉关联,1
raw:荣誉授予,raw:荣誉授予,1
raw:荣誉称号授予,raw:荣誉称号授予,1
raw:药品运输,raw:药品运输,1
raw:药材来源,raw:药材来源,1
raw:获,raw:获,1
raw:获取地,raw:获取地,1
raw:获取工具,raw:获取工具,1
raw:获取来源,raw:获取来源,1
raw:获取武器,raw:获取武器,1
raw:获取物资,raw:获取物资,1
raw:获取资料,raw:获取资料,1
raw:获得支援于,raw:获得支援于,1
raw:获得果实,raw:获得果实,1
raw:获得武器,raw:获得武器,1
raw:获得称号,raw:获得称号,1
raw:获得荣誉,raw:获得荣誉,1
raw:获得认可,raw:获得认可,1
raw:获悉情报,raw:获悉情报,1
raw:获授,raw:获授,1
raw:获救于,raw:获救于,1
raw:获评价,raw:获评价,1
raw:获赠,raw:获赠,1
raw:萌发,raw:萌发,1
raw:营救事件,raw:营救事件,1
raw:营救保障,raw:营救保障,1
raw:营救协助,rescued,1
raw:营救地,raw:营救地,1
raw:营救尝试,raw:营救尝试,1
raw:营救活动,raw:营救活动,1
raw:营救者,raw:营救者,1
raw:营救者-被营救者,rescued,1
raw:营救联络,raw:营救联络,1
raw:营救请求,raw:营救请求,1
raw:营长,raw:营长,1
raw:落入,raw:落入,1
raw:落实,implemented,1
raw:落实政策,raw:落实政策,1
raw:落户,raw:落户,1
raw:落脚于,raw:落脚于,1
raw:落脚点,raw:落脚点,1
raw:落脚隐蔽,raw:落脚隐蔽,1
raw:著作者,raw:著作者,1
raw:著录,raw:著录,1
raw:董事,raw:董事,1
raw:董事长,raw:董事长,1
raw:蔑称,raw:蔑称,1
raw:藏匿救治,raw:藏匿救治,1
raw:藏匿点,raw:藏匿点,1
raw:藏有,raw:藏有,1
raw:藏起,raw:藏起,1
raw:藏身地,raw:藏身地,1
raw:虚张声势,raw:虚张声势,1
raw:虚惊,raw:虚惊,1
raw:蛊惑,raw:蛊惑,1
raw:融入,raw:融入,1
raw:行、交通路线,raw:行、交通路线,1
raw:行为-对象,participated_in,1
raw:行为-结果,raw:行为-结果,1
raw:行为主体,raw:行为主体,1
raw:行为对象,raw:行为对象,1
raw:行使,implemented,1
raw:行使职能,raw:行使职能,1
raw:行军/会合,raw:行军/会合,1
raw:行军/作战,fought_at,1
raw:行军/充饥,raw:行军/充饥,1
raw:行军/增援,raw:行军/增援,1
raw:行军/经过,raw:行军/经过,1
raw:行军/群众工作,raw:行军/群众工作,1
raw:行军于,raw:行军于,1
raw:行军区域,raw:行军区域,1
raw:行军地,raw:行军地,1
raw:行军引导者,raw:行军引导者,1
raw:行军方向,raw:行军方向,1
raw:行军经过,traveled_to,1
raw:行刑,killed,1
raw:行刑地点,raw:行刑地点,1
raw:行动-主体,raw:行动-主体,1
raw:行动-人物,raw:行动-人物,1
raw:行动-区域,raw:行动-区域,1
raw:行动-地点,occurred_at,1
raw:行动-地理,raw:行动-地理,1
raw:行动-地理环境,raw:行动-地理环境,1
raw:行动-目的,raw:行动-目的,1
raw:行动-组织,raw:行动-组织,1
raw:行动-负责人,implemented,1
raw:行动-转移,raw:行动-转移,1
raw:行动/牺牲,raw:行动/牺牲,1
raw:行动主体-参与者,raw:行动主体-参与者,1
raw:行动于,active_at,1
raw:行动于,raw:行动于,1
raw:行动依据,raw:行动依据,1
raw:行动协同,raw:行动协同,1
raw:行动参与地,raw:行动参与地,1
raw:行动参与者-对象,raw:行动参与者-对象,1
raw:行动地点,occurred_at,1
raw:行动地点,stationed_at,1
raw:行动场所,raw:行动场所,1
raw:行动实施,raw:行动实施,1
raw:行动延伸,raw:行动延伸,1
raw:行动意向,raw:行动意向,1
raw:行动指导,raw:行动指导,1
raw:行动指引,guided,1
raw:行动指引,raw:行动指引,1
raw:行动指挥者,raw:行动指挥者,1
raw:行动据点,raw:行动据点,1
raw:行动支持,raw:行动支持,1
raw:行动方式,raw:行动方式,1
raw:行动点,raw:行动点,1
raw:行动目的地,raw:行动目的地,1
raw:行动策略,raw:行动策略,1
raw:行动联络,contacted,1
raw:行动节点,raw:行动节点,1
raw:行动范围,raw:行动范围,1
raw:行动计划第一步,raw:行动计划第一步,1
raw:行动计划第二步,raw:行动计划第二步,1
raw:行动轨迹,traveled_to,1
raw:行动载体,raw:行动载体,1
raw:行动配合,collaborated_with,1
raw:行政中心,raw:行政中心,1
raw:行政关系,raw:行政关系,1
raw:行政关联,raw:行政关联,1
raw:行政区划包含,raw:行政区划包含,1
raw:行政区划变更,raw:行政区划变更,1
raw:行政区划调整,raw:行政区划调整,1
raw:行政命令,raw:行政命令,1
raw:行政建制,raw:行政建制,1
raw:行政指令,formulated,1
raw:行政机构,governed,1
raw:行政管理,raw:行政管理,1
raw:行政管辖,administratively_in,1
raw:行政职务,raw:行政职务,1
raw:行政调整,raw:行政调整,1
raw:行程关联,raw:行程关联,1
raw:行程路线,raw:行程路线,1
raw:行经区域,traveled_to,1
raw:行经地,traveled_to,1
raw:行进/等待,raw:行进/等待,1
raw:行进支援,raw:行进支援,1
raw:衍生行动,raw:衍生行动,1
raw:补发,raw:补发,1
raw:补正,raw:补正,1
raw:表彰关系,raw:表彰关系,1
raw:表彰方,raw:表彰方,1
raw:表彰部署,raw:表彰部署,1
raw:表态,raw:表态,1
raw:表扬/指导,guided,1
raw:表明,raw:表明,1
raw:表演者,raw:表演者,1
raw:表现为,raw:表现为,1
raw:表现对象,raw:表现对象,1
raw:表示敬意,raw:表示敬意,1
raw:表达与遭遇,raw:表达与遭遇,1
raw:表露,raw:表露,1
raw:表面接受,raw:表面接受,1
raw:袒护,raw:袒护,1
raw:被,raw:被,1
raw:被争取人员-原属组织,member_of,1
raw:被争取对象,raw:被争取对象,1
raw:被介绍,introduced,1
raw:被介绍者-介绍者,introduced,1
raw:被优待,raw:被优待,1
raw:被俘-敌人,raw:被俘-敌人,1
raw:被俘/牺牲,raw:被俘/牺牲,1
raw:被俘与领导关系,raw:被俘与领导关系,1
raw:被俘牺牲,raw:被俘牺牲,1
raw:被保护对象,protected,1
raw:被公审人物,raw:被公审人物,1
raw:被关押于,raw:被关押于,1
raw:被关押地,imprisoned_at,1
raw:被关押者,imprisoned_at,1
raw:被冲散,raw:被冲散,1
raw:被出卖,raw:被出卖,1
raw:被出卖对象,raw:被出卖对象,1
raw:被击伤,raw:被击伤,1
raw:被击毙,raw:被击毙,1
raw:被击溃于,raw:被击溃于,1
raw:被击溃对象,raw:被击溃对象,1
raw:被击败者,raw:被击败者,1
raw:被击退,raw:被击退,1
raw:被分割,raw:被分割,1
raw:被利用,raw:被利用,1
raw:被制服,raw:被制服,1
raw:被制止,raw:被制止,1
raw:被刺杀,raw:被刺杀,1
raw:被剥削,raw:被剥削,1
raw:被剥削关系,raw:被剥削关系,1
raw:被劝说/劝导,raw:被劝说/劝导,1
raw:被劝降对象,raw:被劝降对象,1
raw:被动员对象,raw:被动员对象,1
raw:被压迫,raw:被压迫,1
raw:被压迫对象,raw:被压迫对象,1
raw:被发展为党员,member_of,1
raw:被发展对象,raw:被发展对象,1
raw:被发现,raw:被发现,1
raw:被叛徒交出,raw:被叛徒交出,1
raw:被告密,raw:被告密,1
raw:被囚于,imprisoned_at,1
raw:被囚地点,imprisoned_at,1
raw:被囚禁于,imprisoned_at,1
raw:被囚禁地点,imprisoned_at,1
raw:被困于,raw:被困于,1
raw:被围困,raw:被围困,1
raw:被围歼,raw:被围歼,1
raw:被垄断,raw:被垄断,1
raw:被处决,killed,1
raw:被处决地点,raw:被处决地点,1
raw:被处理对象,raw:被处理对象,1
raw:被处置对象,raw:被处置对象,1
raw:被夹击,raw:被夹击,1
raw:被委任,appointed,1
raw:被委聘,raw:被委聘,1
raw:被威胁治疗,raw:被威胁治疗,1
raw:被嫉恨,raw:被嫉恨,1
raw:被安排,appointed,1
raw:被审判/处决,raw:被审判/处决,1
raw:被审查,raw:被审查,1
raw:被审问者与审问者,raw:被审问者与审问者,1
raw:被害于,raw:被害于,1
raw:被害对象,raw:被害对象,1
raw:被害者,killed,1
raw:被害者,raw:被害者,1
raw:被害者-加害者,killed,1
raw:被害者与主谋,raw:被害者与主谋,1
raw:被害者与加害者,killed,1
raw:被带领者-带领者,raw:被带领者-带领者,1
raw:被幽禁者,raw:被幽禁者,1
raw:被开除学生,raw:被开除学生,1
raw:被引导,guided,1
raw:被征,raw:被征,1
raw:被怀疑策动起义,raw:被怀疑策动起义,1
raw:被惩,raw:被惩,1
raw:被惩处,raw:被惩处,1
raw:被截断,raw:被截断,1
raw:被扑灭于,raw:被扑灭于,1
raw:被打败,raw:被打败,1
raw:被扣押地点,raw:被扣押地点,1
raw:被扣押对象,raw:被扣押对象,1
raw:被扣押对象-事件,raw:被扣押对象-事件,1
raw:被扣留地点,raw:被扣留地点,1
raw:被批判,raw:被批判,1
raw:被批判对象,criticized,1
raw:被批评/撤销职务,raw:被批评/撤销职务,1
raw:被批评者与批评者,criticized,1
raw:被抓获,raw:被抓获,1
raw:被护送,raw:被护送,1
raw:被押入/囚禁,raw:被押入/囚禁,1
raw:被押往,raw:被押往,1
raw:被押解于,raw:被押解于,1
raw:被押送至,raw:被押送至,1
raw:被拉拢,raw:被拉拢,1
raw:被拒,raw:被拒,1
raw:被拘地点,raw:被拘地点,1
raw:被拘押,raw:被拘押,1
raw:被拘捕,arrested_at,1
raw:被拘捕,raw:被拘捕,1
raw:被招募,recruited,1
raw:被拥护,raw:被拥护,1
raw:被指导者,trained,1
raw:被指导者与指导者,guided,1
raw:被指控关联,raw:被指控关联,1
raw:被指责,raw:被指责,1
raw:被捕-地点,arrested_at,1
raw:被捕-施害者,raw:被捕-施害者,1
raw:被捕-追捕,raw:被捕-追捕,1
raw:被捕-镇压,raw:被捕-镇压,1
raw:被捕入狱,raw:被捕入狱,1
raw:被捕关押地点,imprisoned_at,1
raw:被捕冲突,raw:被捕冲突,1
raw:被捕原因,raw:被捕原因,1
raw:被捕同伙,raw:被捕同伙,1
raw:被捕同案人,raw:被捕同案人,1
raw:被捕同犯,raw:被捕同犯,1
raw:被捕同狱,raw:被捕同狱,1
raw:被捕地点关联,arrested_at,1
raw:被捕处决地点,raw:被捕处决地点,1
raw:被捕审讯关系,raw:被捕审讯关系,1
raw:被捕审问,raw:被捕审问,1
raw:被捕就义于,raw:被捕就义于,1
raw:被捕杀害,arrested_at,1
raw:被捕殉难,raw:被捕殉难,1
raw:被捕牵连关系,raw:被捕牵连关系,1
raw:被捕牺牲地,raw:被捕牺牲地,1
raw:被捕监禁,raw:被捕监禁,1
raw:被捕策划者,raw:被捕策划者,1
raw:被捕者-审讯者,raw:被捕者-审讯者,1
raw:被捕者与叛徒,raw:被捕者与叛徒,1
raw:被捕获,raw:被捕获,1
raw:被捕路径,raw:被捕路径,1
raw:被捕转移,arrested_at,1
raw:被捕追捕关系,raw:被捕追捕关系,1
raw:被捕避难地,raw:被捕避难地,1
raw:被捕释放,raw:被捕释放,1
raw:被授予职务,appointed,1
raw:被排开,raw:被排开,1
raw:被排斥,raw:被排斥,1
raw:被接纳,raw:被接纳,1
raw:被接见,met_with,1
raw:被掩护,raw:被掩护,1
raw:被搜查,raw:被搜查,1
raw:被撤职,raw:被撤职,1
raw:被擒,raw:被擒,1
raw:被收留于,raw:被收留于,1
raw:被收编对象,raw:被收编对象,1
raw:被改编,raw:被改编,1
raw:被敌杀害地点,raw:被敌杀害地点,1
raw:被救地点,raw:被救地点,1
raw:被斗争对象,opposed,1
raw:被杀,killed,1
raw:被杀,raw:被杀,1
raw:被杀地点,died_at,1
raw:被杀害关系,killed,1
raw:被杀害地点,died_at,1
raw:被杀害地点,raw:被杀害地点,1
raw:被杀害对象,raw:被杀害对象,1
raw:被杀害者,killed,1
raw:被查封,raw:被查封,1
raw:被歼灭对象,raw:被歼灭对象,1
raw:被没收财产者,raw:被没收财产者,1
raw:被活埋,raw:被活埋,1
raw:被活捉于,raw:被活捉于,1
raw:被派往,dispatched,1
raw:被派往地,dispatched,1
raw:被清除,raw:被清除,1
raw:被牵连人物,raw:被牵连人物,1
raw:被留任,raw:被留任,1
raw:被监视,raw:被监视,1
raw:被称赞,raw:被称赞,1
raw:被组织,raw:被组织,1
raw:被绑架地点,raw:被绑架地点,1
raw:被绞死于,raw:被绞死于,1
raw:被背叛者/叛徒,raw:被背叛者/叛徒,1
raw:被表扬,raw:被表扬,1
raw:被袭击,raw:被袭击,1
raw:被要求严办对象,raw:被要求严办对象,1
raw:被解职,raw:被解职,1
raw:被解聘对象,raw:被解聘对象,1
raw:被誉为,raw:被誉为,1
raw:被记录,raw:被记录,1
raw:被记载,raw:被记载,1
raw:被评为,raw:被评为,1
raw:被评价对象,raw:被评价对象,1
raw:被评定,raw:被评定,1
raw:被诬告于,raw:被诬告于,1
raw:被诬蔑为,raw:被诬蔑为,1
raw:被诱捕,raw:被诱捕,1
raw:被请领导,raw:被请领导,1
raw:被调入,raw:被调入,1
raw:被调动,dispatched,1
raw:被调解,raw:被调解,1
raw:被谈话对象,raw:被谈话对象,1
raw:被跟踪抓捕,raw:被跟踪抓捕,1
raw:被转押至,raw:被转押至,1
raw:被转移,raw:被转移,1
raw:被软禁,raw:被软禁,1
raw:被辨认者与辨认者,raw:被辨认者与辨认者,1
raw:被迎接对象,raw:被迎接对象,1
raw:被迷惑,raw:被迷惑,1
raw:被追捕关系,raw:被追捕关系,1
raw:被追捕地,raw:被追捕地,1
raw:被追认为,raw:被追认为,1
raw:被送医,raw:被送医,1
raw:被送医治疗,raw:被送医治疗,1
raw:被选送单位,raw:被选送单位,1
raw:被逮捕对象,raw:被逮捕对象,1
raw:被逮捕杀害,raw:被逮捕杀害,1
raw:被释放,raw:被释放,1
raw:被铭记,raw:被铭记,1
raw:被错误处理,raw:被错误处理,1
raw:被镇压者与镇压者,raw:被镇压者与镇压者,1
raw:被阻击,raw:被阻击,1
raw:被陷害对象,raw:被陷害对象,1
raw:被驱逐,raw:被驱逐,1
raw:袭击包围,raw:袭击包围,1
raw:袭击地点,occurred_at,1
raw:袭击行动,raw:袭击行动,1
raw:袭坏,raw:袭坏,1
raw:袭扰消耗,raw:袭扰消耗,1
raw:装备使用,used_artifact,1
raw:装备使用,used_in_event,1
raw:装备支持,raw:装备支持,1
raw:装备来源,raw:装备来源,1
raw:西征,fought_at,1
raw:西征至,traveled_to,1
raw:西渡未成,raw:西渡未成,1
raw:西窜至,traveled_to,1
raw:西迁,raw:西迁,1
raw:西进攻击,raw:西进攻击,1
raw:要人,raw:要人,1
raw:要求举办,raw:要求举办,1
raw:要求停止攻击,raw:要求停止攻击,1
raw:要求停止检查,raw:要求停止检查,1
raw:要求发展,raw:要求发展,1
raw:要求合围,raw:要求合围,1
raw:要求实行,raw:要求实行,1
raw:要求巩固,raw:要求巩固,1
raw:要求建立,raw:要求建立,1
raw:要求归还,raw:要求归还,1
raw:要求答话,raw:要求答话,1
raw:要求肃清,raw:要求肃清,1
raw:要求调查,raw:要求调查,1
raw:要求部署,raw:要求部署,1
raw:覆灭,raw:覆灭,1
raw:见证-事件,raw:见证-事件,1
raw:见证/参与,participated_in,1
raw:见证/覆盖,raw:见证/覆盖,1
raw:见证人,raw:见证人,1
raw:见证关系,raw:见证关系,1
raw:见证者-物品,raw:见证者-物品,1
raw:见面,met_with,1
raw:观后,raw:观后,1
raw:观察,raw:观察,1
raw:观看,raw:观看,1
raw:规划目标,raw:规划目标,1
raw:规则-分配,raw:规则-分配,1
raw:规劝,raw:规劝,1
raw:规劝/缴械,raw:规劝/缴械,1
raw:规定,formulated,1
raw:规定不分地境,raw:规定不分地境,1
raw:规定不分田,raw:规定不分田,1
raw:规定奖励,raw:规定奖励,1
raw:规定归属,raw:规定归属,1
raw:规定政策,raw:规定政策,1
raw:规定没收,raw:规定没收,1
raw:规范,formulated,1
raw:规范-事件,raw:规范-事件,1
raw:视为更准确依据,raw:视为更准确依据,1
raw:视察于,visited,1
raw:视察关系,visited,1
raw:视察关联,raw:视察关联,1
raw:视察地,raw:视察地,1
raw:视察对象,visited,1
raw:视察指挥,commanded,1
raw:视察者,raw:视察者,1
raw:角色定位,raw:角色定位,1
raw:解决后转移,raw:解决后转移,1
raw:解决困难,raw:解决困难,1
raw:解围,raw:解围,1
raw:解围支援,raw:解围支援,1
raw:解放/进驻,liberated,1
raw:解放事件,raw:解放事件,1
raw:解放关联,raw:解放关联,1
raw:解放区域,liberated,1
raw:解放地区,liberated,1
raw:解放地点,liberated,1
raw:解放地点,raw:解放地点,1
raw:解放目标,raw:解放目标,1
raw:解救,raw:解救,1
raw:解散关系,raw:解散关系,1
raw:解答,raw:解答,1
raw:解职,raw:解职,1
raw:解聘,raw:解聘,1
raw:解送,raw:解送,1
raw:解除职务,raw:解除职务,1
raw:触发因素-事件,raw:触发因素-事件,1
raw:触发者,raw:触发者,1
raw:誓言,raw:誓言,1
raw:警卫员关系,raw:警卫员关系,1
raw:警卫服务,raw:警卫服务,1
raw:警告保护,raw:警告保护,1
raw:警告信,raw:警告信,1
raw:警告对象,raw:警告对象,1
raw:警备-地点,raw:警备-地点,1
raw:警惕与观察,raw:警惕与观察,1
raw:警戒,stationed_at,1
raw:警戒/防御,raw:警戒/防御,1
raw:警示,raw:警示,1
raw:计划,organized,1
raw:计划会合地,raw:计划会合地,1
raw:计划割据,raw:计划割据,1
raw:计划发展,raw:计划发展,1
raw:计划夺取,raw:计划夺取,1
raw:计划消灭,raw:计划消灭,1
raw:计划目标,raw:计划目标,1
raw:计划策动起义,raw:计划策动起义,1
raw:计划编印,raw:计划编印,1
raw:计划联络,raw:计划联络,1
raw:计划行动,raw:计划行动,1
raw:计划行动地,raw:计划行动地,1
raw:计划解放,raw:计划解放,1
raw:计划设立,raw:计划设立,1
raw:计划进入,raw:计划进入,1
raw:计算确认,raw:计算确认,1
raw:订正,raw:订正,1
raw:订立,raw:订立,1
raw:订阅关系,raw:订阅关系,1
raw:认为,advocated,1
raw:认出,raw:认出,1
raw:认可改编,raw:认可改编,1
raw:认定为中心工作,raw:认定为中心工作,1
raw:认识到,raw:认识到,1
raw:讨伐,opposed,1
raw:讨伐,raw:讨伐,1
raw:讨伐目标,raw:讨伐目标,1
raw:讨论地点,raw:讨论地点,1
raw:讨论场所,raw:讨论场所,1
raw:讨论对象,raw:讨论对象,1
raw:讨论抗日活动,raw:讨论抗日活动,1
raw:讨论认定,raw:讨论认定,1
raw:让马,raw:让马,1
raw:训令/告诫,raw:训令/告诫,1
raw:训令/要求,raw:训令/要求,1
raw:训令编组,raw:训令编组,1
raw:训导,trained,1
raw:训练于,raw:训练于,1
raw:训练场所,raw:训练场所,1
raw:训练基地,raw:训练基地,1
raw:讯办地,raw:讯办地,1
raw:记录-人物,raw:记录-人物,1
raw:记录/批判,criticized,1
raw:记录反映,raw:记录反映,1
raw:记录地点,created_at,1
raw:记录整理者,raw:记录整理者,1
raw:记录时间,raw:记录时间,1
raw:记录殉难,raw:记录殉难,1
raw:记录考证,raw:记录考证,1
raw:记录者-活动主体,raw:记录者-活动主体,1
raw:记录者-被记录人,raw:记录者-被记录人,1
raw:记录者-被记录对象,raw:记录者-被记录对象,1
raw:记录者与地点,raw:记录者与地点,1
raw:记载事迹,raw:记载事迹,1
raw:记载依据,raw:记载依据,1
raw:记载内容地,raw:记载内容地,1
raw:记载地,raw:记载地,1
raw:记述于,raw:记述于,1
raw:讲学地点,raw:讲学地点,1
raw:讲授与撤离,raw:讲授与撤离,1
raw:讲授者,raw:讲授者,1
raw:讲演者,raw:讲演者,1
raw:讲理,raw:讲理,1
raw:讲解者,raw:讲解者,1
raw:讲话/推动,raw:讲话/推动,1
raw:讲话传达,raw:讲话传达,1
raw:讲话动员,raw:讲话动员,1
raw:讲话地点,raw:讲话地点,1
raw:讲话对象,raw:讲话对象,1
raw:讲话指导,guided,1
raw:讲话指导,raw:讲话指导,1
raw:讲话阐述,raw:讲话阐述,1
raw:讲课,raw:讲课,1
raw:讲述/传承,raw:讲述/传承,1
raw:讲述/寄托,raw:讲述/寄托,1
raw:讲述事件,raw:讲述事件,1
raw:讲述于,raw:讲述于,1
raw:讲述内容,raw:讲述内容,1
raw:讲述地点,raw:讲述地点,1
raw:讲述相关事件,raw:讲述相关事件,1
raw:讲述者-地点,raw:讲述者-地点,1
raw:讲述者与被讲述者,raw:讲述者与被讲述者,1
raw:设,commanded,1
raw:设,raw:设,1
raw:设于/活动于,stationed_at,1
raw:设伏擒匪,raw:设伏擒匪,1
raw:设伏杀害,raw:设伏杀害,1
raw:设伏歼敌,raw:设伏歼敌,1
raw:设卡,raw:设卡,1
raw:设卡抓获,raw:设卡抓获,1
raw:设卡搜捕,raw:设卡搜捕,1
raw:设司令部,stationed_at,1
raw:设址,raw:设址,1
raw:设址关联,raw:设址关联,1
raw:设址地点,stationed_at,1
raw:设宴,raw:设宴,1
raw:设宴/阴谋,raw:设宴/阴谋,1
raw:设岗,raw:设岗,1
raw:设接运总站,stationed_at,1
raw:设收,stationed_at,1
raw:设法转送,raw:设法转送,1
raw:设点,raw:设点,1
raw:设立-地区,raw:设立-地区,1
raw:设立/颁布,raw:设立/颁布,1
raw:设立于,created_at,1
raw:设立关系,created,1
raw:设立分社,raw:设立分社,1
raw:设立单位,raw:设立单位,1
raw:设立发行点,raw:设立发行点,1
raw:设立地,occurred_at,1
raw:设立地点,created_at,1
raw:设立机关,raw:设立机关,1
raw:设立者,organized,1
raw:设立联络站于,raw:设立联络站于,1
raw:设符号,raw:设符号,1
raw:设职,raw:设职,1
raw:设计,raw:设计,1
raw:设计制造,raw:设计制造,1
raw:设计者,raw:设计者,1
raw:设计者与作品,raw:设计者与作品,1
raw:设计陷害,raw:设计陷害,1
raw:设防扼守,raw:设防扼守,1
raw:设院,raw:设院,1
raw:访谈地点,raw:访谈地点,1
raw:访贫问苦,raw:访贫问苦,1
raw:访问关系,raw:访问关系,1
raw:访问学习,raw:访问学习,1
raw:访问整理材料,raw:访问整理材料,1
raw:证伪,raw:证伪,1
raw:证实/回忆,raw:证实/回忆,1
raw:证实未过,raw:证实未过,1
raw:证据关联,raw:证据关联,1
raw:证明材料,raw:证明材料,1
raw:评价/提及,raw:评价/提及,1
raw:评价与指导,raw:评价与指导,1
raw:评价关联,raw:评价关联,1
raw:评价时间,raw:评价时间,1
raw:评价来源,raw:评价来源,1
raw:评比,raw:评比,1
raw:评比对象,raw:评比对象,1
raw:评论,raw:评论,1
raw:识别点,raw:识别点,1
raw:识破策反,raw:识破策反,1
raw:诉求关联,raw:诉求关联,1
raw:译著,created,1
raw:试图联系,raw:试图联系,1
raw:试探,raw:试探,1
raw:试探/比武,raw:试探/比武,1
raw:试点于,raw:试点于,1
raw:试点单位,raw:试点单位,1
raw:诗相酬,raw:诗相酬,1
raw:诗词唱和,raw:诗词唱和,1
raw:诞生,raw:诞生,1
raw:询问/退还,raw:询问/退还,1
raw:询问伤势,raw:询问伤势,1
raw:询问带路,raw:询问带路,1
raw:诬杀,killed,1
raw:语言沟通,raw:语言沟通,1
raw:误会,raw:误会,1
raw:误会于,raw:误会于,1
raw:误判敌情,raw:误判敌情,1
raw:误杀,raw:误杀,1
raw:误用-被误用者,raw:误用-被误用者,1
raw:诱回,raw:诱回,1
raw:诱因,raw:诱因,1
raw:诱捕惩处,raw:诱捕惩处,1
raw:诱敌自残,raw:诱敌自残,1
raw:诱歼,raw:诱歼,1
raw:诱饵,raw:诱饵,1
raw:诱骗投敌,raw:诱骗投敌,1
raw:请功,raw:请功,1
raw:请取,raw:请取,1
raw:请带路,raw:请带路,1
raw:请愿/呼吁,raw:请愿/呼吁,1
raw:请战,raw:请战,1
raw:请捕,raw:请捕,1
raw:请救,rescued,1
raw:请教,raw:请教,1
raw:请教/念读,raw:请教/念读,1
raw:请来,raw:请来,1
raw:请求-回应,raw:请求-回应,1
raw:请求/扭打,raw:请求/扭打,1
raw:请求协助,raw:请求协助,1
raw:请求协调,raw:请求协调,1
raw:请求协防,raw:请求协防,1
raw:请求回湘,raw:请求回湘,1
raw:请求坚守,raw:请求坚守,1
raw:请求夹击,raw:请求夹击,1
raw:请求帮助,raw:请求帮助,1
raw:请求收编,raw:请求收编,1
raw:请求领导,raw:请求领导,1
raw:请示工作于,raw:请示工作于,1
raw:请示撤离,raw:请示撤离,1
raw:请饭付费,raw:请饭付费,1
raw:读者,raw:读者,1
raw:调令,dispatched,1
raw:调任-地点,raw:调任-地点,1
raw:调任关系,raw:调任关系,1
raw:调任地,raw:调任地,1
raw:调任地,stationed_at,1
raw:调任师长,raw:调任师长,1
raw:调任方向,raw:调任方向,1
raw:调停,raw:调停,1
raw:调动地点,stationed_at,1
raw:调回,raw:调回,1
raw:调度,dispatched,1
raw:调开,raw:调开,1
raw:调往工作,raw:调往工作,1
raw:调拨,raw:调拨,1
raw:调整加强,raw:调整加强,1
raw:调整期,raw:调整期,1
raw:调整疏散,raw:调整疏散,1
raw:调整精减,implemented,1
raw:调整部署,raw:调整部署,1
raw:调查事件,raw:调查事件,1
raw:调查任务关系,raw:调查任务关系,1
raw:调查对象关系,raw:调查对象关系,1
raw:调查核实,raw:调查核实,1
raw:调查行动,raw:调查行动,1
raw:调查认定,raw:调查认定,1
raw:调查走访,raw:调查走访,1
raw:调查防治,raw:调查防治,1
raw:调派/改造,raw:调派/改造,1
raw:调济,raw:调济,1
raw:调研对象,raw:调研对象,1
raw:调研考察,raw:调研考察,1
raw:调解教育,raw:调解教育,1
raw:调走,raw:调走,1
raw:调运,raw:调运,1
raw:调运/稳价,raw:调运/稳价,1
raw:调遣至,dispatched,1
raw:调遣至,raw:调遣至,1
raw:调配地点,raw:调配地点,1
raw:调防,raw:调防,1
raw:调防至,raw:调防至,1
raw:调集兵力杀回马枪,raw:调集兵力杀回马枪,1
raw:谈判-对抗,opposed,1
raw:谈判主体-对方代表,raw:谈判主体-对方代表,1
raw:谈判交枪,raw:谈判交枪,1
raw:谈判劝降,raw:谈判劝降,1
raw:谈判协商,raw:谈判协商,1
raw:谈判协议,raw:谈判协议,1
raw:谈判参与,raw:谈判参与,1
raw:谈判对手,raw:谈判对手,1
raw:谈判执行,carried_out,1
raw:谈判改编,raw:谈判改编,1
raw:谈判斗争,raw:谈判斗争,1
raw:谈判缴械,raw:谈判缴械,1
raw:谈判起义,raw:谈判起义,1
raw:谈心,raw:谈心,1
raw:谈心/动员,raw:谈心/动员,1
raw:谈话于,met_with,1
raw:谈话地点,raw:谈话地点,1
raw:谋划,raw:谋划,1
raw:谋利益,raw:谋利益,1
raw:谋害,raw:谋害,1
raw:谢绝,raw:谢绝,1
raw:谴责,raw:谴责,1
raw:象征-对象,raw:象征-对象,1
raw:象征行为,raw:象征行为,1
raw:象征载体,symbolized_by,1
raw:负伤流散于,raw:负伤流散于,1
raw:负伤留驻,raw:负伤留驻,1
raw:负担,raw:负担,1
raw:负有专责,responsible_for,1
raw:负责-地点,responsible_for,1
raw:负责/开展,raw:负责/开展,1
raw:负责/组建,raw:负责/组建,1
raw:负责/编排,organized,1
raw:负责/领导,led,1
raw:负责/领导,responsible_for,1
raw:负责事件,responsible_for,1
raw:负责于,raw:负责于,1
raw:负责交通,responsible_for,1
raw:负责人-事件,raw:负责人-事件,1
raw:负责人员,responsible_for,1
raw:负责保管,raw:负责保管,1
raw:负责刊物,raw:负责刊物,1
raw:负责单位,responsible_for,1
raw:负责同志,raw:负责同志,1
raw:负责团的工作,responsible_for,1
raw:负责地,responsible_for,1
raw:负责地点,raw:负责地点,1
raw:负责学习,raw:负责学习,1
raw:负责实施,raw:负责实施,1
raw:负责宣传部,raw:负责宣传部,1
raw:负责工作,raw:负责工作,1
raw:负责工作于,raw:负责工作于,1
raw:负责征粮,raw:负责征粮,1
raw:负责恢复,raw:负责恢复,1
raw:负责成立,created,1
raw:负责护送,escorted,1
raw:负责指挥,commanded,1
raw:负责指挥,raw:负责指挥,1
raw:负责收集,raw:负责收集,1
raw:负责教学,raw:负责教学,1
raw:负责整理组织,raw:负责整理组织,1
raw:负责机构,raw:负责机构,1
raw:负责架设,raw:负责架设,1
raw:负责歼灭,raw:负责歼灭,1
raw:负责社会教育,raw:负责社会教育,1
raw:负责秘密工作,raw:负责秘密工作,1
raw:负责筹备,raw:负责筹备,1
raw:负责筹建,created,1
raw:负责筹粮,raw:负责筹粮,1
raw:负责筹组,raw:负责筹组,1
raw:负责管理,responsible_for,1
raw:负责组织,raw:负责组织,1
raw:负责组织,responsible_for,1
raw:负责统战工作,raw:负责统战工作,1
raw:负责编辑,raw:负责编辑,1
raw:负责联络,raw:负责联络,1
raw:负责联络和印刷,raw:负责联络和印刷,1
raw:负责范围,raw:负责范围,1
raw:负责落实,implemented,1
raw:负责解决,raw:负责解决,1
raw:负责运营,responsible_for,1
raw:负责选址,raw:负责选址,1
raw:负责部署,raw:负责部署,1
raw:负责领导,led,1
raw:负责领导,raw:负责领导,1
raw:贡献关系,raw:贡献关系,1
raw:贡献地,occurred_at,1
raw:贡献者-地点,raw:贡献者-地点,1
raw:责令释放,raw:责令释放,1
raw:责任,responsible_for,1
raw:责任主体,responsible_for,1
raw:责任人,responsible_for,1
raw:责任关系,raw:责任关系,1
raw:责任关联,raw:责任关联,1
raw:责备-被责备者,criticized,1
raw:责打,raw:责打,1
raw:败逃,raw:败逃,1
raw:货币发行,raw:货币发行,1
raw:货币发行区域,raw:货币发行区域,1
raw:质问,criticized,1
raw:质问于,raw:质问于,1
raw:质问者,raw:质问者,1
raw:贩卖,raw:贩卖,1
raw:贪污,raw:贪污,1
raw:贪污事件,raw:贪污事件,1
raw:购买/补给,raw:购买/补给,1
raw:贯彻落实,raw:贯彻落实,1
raw:贯通,raw:贯通,1
raw:贴出,raw:贴出,1
raw:贴标语,raw:贴标语,1
raw:贸易关联,raw:贸易关联,1
raw:贸易联系,raw:贸易联系,1
raw:贺电表扬,raw:贺电表扬,1
raw:贿赂关系,raw:贿赂关系,1
raw:资产落地,raw:资产落地,1
raw:资助/送别,raw:资助/送别,1
raw:资助与培养,raw:资助与培养,1
raw:资助与指引,raw:资助与指引,1
raw:资助对象,raw:资助对象,1
raw:资助方,raw:资助方,1
raw:资助行为发生地,raw:资助行为发生地,1
raw:资料征集,raw:资料征集,1
raw:资料征集者,raw:资料征集者,1
raw:资料来源,raw:资料来源,1
raw:资料来源地,raw:资料来源地,1
raw:资本集中地,raw:资本集中地,1
raw:资源关联,raw:资源关联,1
raw:资源来源,raw:资源来源,1
raw:资金传递,raw:资金传递,1
raw:资金往来,raw:资金往来,1
raw:资金捐献,raw:资金捐献,1
raw:资金支援,raw:资金支援,1
raw:赈灾,raw:赈灾,1
raw:赋予,raw:赋予,1
raw:赋予权利,raw:赋予权利,1
raw:赔偿/关怀,raw:赔偿/关怀,1
raw:赔偿/教育,raw:赔偿/教育,1
raw:赔礼/赔偿,raw:赔礼/赔偿,1
raw:赞助,raw:赞助,1
raw:赞同,raw:赞同,1
raw:赞赏,raw:赞赏,1
raw:赠,raw:赠,1
raw:赠与,raw:赠与,1
raw:赠书与信任,raw:赠书与信任,1
raw:赠书赠枪,raw:赠书赠枪,1
raw:赠予与拒收,raw:赠予与拒收,1
raw:赠予者,raw:赠予者,1
raw:赠别/送行,raw:赠别/送行,1
raw:赠款,raw:赠款,1
raw:赠灯告别,raw:赠灯告别,1
raw:赠物关怀,raw:赠物关怀,1
raw:赠物关系,raw:赠物关系,1
raw:赠礼/感谢,raw:赠礼/感谢,1
raw:赠衣致谢,raw:赠衣致谢,1
raw:赠诗,raw:赠诗,1
raw:赠诗纪念,raw:赠诗纪念,1
raw:赠送/同情,raw:赠送/同情,1
raw:赠送/慰问,raw:赠送/慰问,1
raw:赠马,raw:赠马,1
raw:走入,raw:走入,1
raw:走出,raw:走出,1
raw:走到,raw:走到,1
raw:走在最前头,raw:走在最前头,1
raw:走完全程,raw:走完全程,1
raw:走访/支持,raw:走访/支持,1
raw:走访/记录,visited,1
raw:走访核实,raw:走访核实,1
raw:走访核查,raw:走访核查,1
raw:走访调查,raw:走访调查,1
raw:赴临泉,traveled_to,1
raw:赴学,studied_at,1
raw:赴延安学习,studied_at,1
raw:赴法勤工俭学同志,raw:赴法勤工俭学同志,1
raw:赴约,met_with,1
raw:赴约,raw:赴约,1
raw:赶到,raw:赶到,1
raw:赶到,traveled_to,1
raw:赶筑,created,1
raw:赶跑,raw:赶跑,1
raw:起义事件,raw:起义事件,1
raw:起义关系,raw:起义关系,1
raw:起义关联地,raw:起义关联地,1
raw:起义协助,raw:起义协助,1
raw:起义协商,raw:起义协商,1
raw:起义合作,raw:起义合作,1
raw:起义接头,raw:起义接头,1
raw:起义支持,raw:起义支持,1
raw:起义移交,raw:起义移交,1
raw:起义策动,raw:起义策动,1
raw:起义编入,raw:起义编入,1
raw:起义联系,raw:起义联系,1
raw:起义行动,raw:起义行动,1
raw:起义路线,raw:起义路线,1
raw:起义转化,raw:起义转化,1
raw:起义阻击,raw:起义阻击,1
raw:起到,raw:起到,1
raw:起始事件,raw:起始事件,1
raw:起始于,raw:起始于,1
raw:起始地-事件,occurred_at,1
raw:起始地点,raw:起始地点,1
raw:起始点,raw:起始点,1
raw:起源,originated_at,1
raw:起源于,raw:起源于,1
raw:起着,raw:起着,1
raw:起草/指导,raw:起草/指导,1
raw:起草决议案,raw:起草决议案,1
raw:起草参与,raw:起草参与,1
raw:起草发出,raw:起草发出,1
raw:起草和颁布,raw:起草和颁布,1
raw:起草指示,raw:起草指示,1
raw:起草章程,raw:起草章程,1
raw:起草者-作品,raw:起草者-作品,1
raw:起草者-文件,raw:起草者-文件,1
raw:起點,raw:起點,1
raw:超额完成,raw:超额完成,1
raw:越水,raw:越水,1
raw:越省追捕,raw:越省追捕,1
raw:趋势于,raw:趋势于,1
raw:跃出战壕冲过,raw:跃出战壕冲过,1
raw:跟着,raw:跟着,1
raw:跟踪行动,raw:跟踪行动,1
raw:跟进,raw:跟进,1
raw:跟随于,raw:跟随于,1
raw:跟随保障,raw:跟随保障,1
raw:跟随行动,raw:跟随行动,1
raw:跨区追剿,raw:跨区追剿,1
raw:跨过,traveled_to,1
raw:路径-活动,raw:路径-活动,1
raw:路径-目标,raw:路径-目标,1
raw:路径节点,raw:路径节点,1
raw:路线-地点,raw:路线-地点,1
raw:路线-目标地点,raw:路线-目标地点,1
raw:路线/目标,raw:路线/目标,1
raw:路线影响,influenced,1
raw:路过,raw:路过,1
raw:路过驻扎,raw:路过驻扎,1
raw:跳出,raw:跳出,1
raw:跳墙,raw:跳墙,1
raw:跳岩,fought_at,1
raw:跳江牺牲,raw:跳江牺牲,1
raw:践行,embodied_in_event,1
raw:践行/维护,raw:践行/维护,1
raw:践行与奉献,raw:践行与奉献,1
raw:践行主体,raw:践行主体,1
raw:践行精神,raw:践行精神,1
raw:踏上,raw:踏上,1
raw:蹂躏/劫掠,raw:蹂躏/劫掠,1
raw:蹂躏/盘据,raw:蹂躏/盘据,1
raw:身份关系,raw:身份关系,1
raw:身份掩护,raw:身份掩护,1
raw:身份标识,raw:身份标识,1
raw:身份确认,raw:身份确认,1
raw:身份证明,raw:身份证明,1
raw:身份转换,raw:身份转换,1
raw:身份辨识,raw:身份辨识,1
raw:躲过检查,raw:躲过检查,1
raw:转交/协助,raw:转交/协助,1
raw:转令布防,raw:转令布防,1
raw:转入,member_of,1
raw:转入坚持,raw:转入坚持,1
raw:转入坚持斗争,raw:转入坚持斗争,1
raw:转关系,raw:转关系,1
raw:转化于,raw:转化于,1
raw:转变立场于,raw:转变立场于,1
raw:转呈,reported_to,1
raw:转咨,raw:转咨,1
raw:转型,raw:转型,1
raw:转学,raw:转学,1
raw:转学去向,raw:转学去向,1
raw:转学目的地关联,raw:转学目的地关联,1
raw:转寄方,raw:转寄方,1
raw:转战/宣传,raw:转战/宣传,1
raw:转战区域,fought_at,1
raw:转战至,raw:转战至,1
raw:转战至,traveled_to,1
raw:转战行动,raw:转战行动,1
raw:转抄,raw:转抄,1
raw:转折于,raw:转折于,1
raw:转报,raw:转报,1
raw:转押地点,raw:转押地点,1
raw:转接,raw:转接,1
raw:转接关系,raw:转接关系,1
raw:转派工作,raw:转派工作,1
raw:转移/牺牲,raw:转移/牺牲,1
raw:转移/组织,raw:转移/组织,1
raw:转移于,raw:转移于,1
raw:转移会师,raw:转移会师,1
raw:转移保护,escorted,1
raw:转移到,raw:转移到,1
raw:转移学习,raw:转移学习,1
raw:转移安置,raw:转移安置,1
raw:转移工作地点,stationed_at,1
raw:转移建立,raw:转移建立,1
raw:转移指挥,raw:转移指挥,1
raw:转移指示,raw:转移指示,1
raw:转移接关系,raw:转移接关系,1
raw:转移掩护,raw:转移掩护,1
raw:转移来源,raw:转移来源,1
raw:转移终点,raw:转移终点,1
raw:转移联系,raw:转移联系,1
raw:转移联络,raw:转移联络,1
raw:转移节点,raw:转移节点,1
raw:转移计划,raw:转移计划,1
raw:转移途经地,traveled_to,1
raw:转移避难,raw:转移避难,1
raw:转移隐蔽,raw:转移隐蔽,1
raw:转移驻地,stationed_at,1
raw:转至,raw:转至,1
raw:转至,traveled_to,1
raw:转解地点,raw:转解地点,1
raw:转载,raw:转载,1
raw:转辗至,raw:转辗至,1
raw:转运路线,raw:转运路线,1
raw:转送关系,raw:转送关系,1
raw:转防,raw:转防,1
raw:转隶,raw:转隶,1
raw:转饬,raw:转饬,1
raw:轮训改造,raw:轮训改造,1
raw:轰散,raw:轰散,1
raw:载体-主体,raw:载体-主体,1
raw:载体-依托,raw:载体-依托,1
raw:载体-内容,raw:载体-内容,1
raw:载体归属,raw:载体归属,1
raw:载体形式,raw:载体形式,1
raw:载入,raw:载入,1
raw:辅助,raw:辅助,1
raw:辅助工具,raw:辅助工具,1
raw:辅导,raw:辅导,1
raw:输入,raw:输入,1
raw:输送-培养机构,raw:输送-培养机构,1
raw:输送人才至,raw:输送人才至,1
raw:输送关系,raw:输送关系,1
raw:输送兵员,raw:输送兵员,1
raw:输送兵源,raw:输送兵源,1
raw:输送情报,raw:输送情报,1
raw:输送武器,raw:输送武器,1
raw:输送至,raw:输送至,1
raw:输送革命力量,raw:输送革命力量,1
raw:辖,governed,1
raw:辖于,raw:辖于,1
raw:辖属,raw:辖属,1
raw:辖有,raw:辖有,1
raw:辛勤工作,raw:辛勤工作,1
raw:辞去,raw:辞去,1
raw:辞去军长职,raw:辞去军长职,1
raw:辞职/批评,raw:辞职/批评,1
raw:辟营,stationed_at,1
raw:辟谣,raw:辟谣,1
raw:辩论,raw:辩论,1
raw:辩论对象,raw:辩论对象,1
raw:辩证看待,raw:辩证看待,1
raw:辩驳,raw:辩驳,1
raw:边界,raw:边界,1
raw:迁厂指令接收方,raw:迁厂指令接收方,1
raw:迁址地点,raw:迁址地点,1
raw:迁址记录,stationed_at,1
raw:迁居,raw:迁居,1
raw:迁徙方向,raw:迁徙方向,1
raw:迁徙至,raw:迁徙至,1
raw:迁徙路径,raw:迁徙路径,1
raw:迁徙路径,traveled_to,1
raw:迁校,raw:迁校,1
raw:迁校目标,traveled_to,1
raw:迁移地,raw:迁移地,1
raw:迁移计划,raw:迁移计划,1
raw:迁移责任人,raw:迁移责任人,1
raw:迁移路线,raw:迁移路线,1
raw:迁葬,raw:迁葬,1
raw:迁都,raw:迁都,1
raw:迁都地点,raw:迁都地点,1
raw:迁驻地,raw:迁驻地,1
raw:迂回截击,raw:迂回截击,1
raw:迂回攻击,raw:迂回攻击,1
raw:迂回穿插,raw:迂回穿插,1
raw:迂回穿插路线,raw:迂回穿插路线,1
raw:过,traveled_to,1
raw:过境于,traveled_to,1
raw:过境区域,raw:过境区域,1
raw:过江,raw:过江,1
raw:过江地点,raw:过江地点,1
raw:过河,raw:过河,1
raw:迎头堵击,raw:迎头堵击,1
raw:迎接对象,raw:迎接对象,1
raw:迎接带路,raw:迎接带路,1
raw:迎接支援,raw:迎接支援,1
raw:迎接行动,raw:迎接行动,1
raw:迎接解放,raw:迎接解放,1
raw:迎送,raw:迎送,1
raw:运动-参与者,raw:运动-参与者,1
raw:运动指导,raw:运动指导,1
raw:运动目标,raw:运动目标,1
raw:运用于,raw:运用于,1
raw:运用战术,raw:运用战术,1
raw:运用战术攻打,raw:运用战术攻打,1
raw:运粮支援,raw:运粮支援,1
raw:运营,organized,1
raw:运营,worked_at,1
raw:运营主体,responsible_for,1
raw:运输/配合,raw:运输/配合,1
raw:运输任务,raw:运输任务,1
raw:运输支持,raw:运输支持,1
raw:运输枪支至,raw:运输枪支至,1
raw:运输者,raw:运输者,1
raw:运输者-物品,raw:运输者-物品,1
raw:返回-地点,raw:返回-地点,1
raw:返回于,raw:返回于,1
raw:返回开展活动于,active_at,1
raw:返回开展游击战争,fought_at,1
raw:返回重建,raw:返回重建,1
raw:还击,raw:还击,1
raw:还原,raw:还原,1
raw:进入/开辟,raw:进入/开辟,1
raw:进入/递交,raw:进入/递交,1
raw:进入地,traveled_to,1
raw:进入地点,raw:进入地点,1
raw:进军/攻打,raw:进军/攻打,1
raw:进军/营救,raw:进军/营救,1
raw:进军于,raw:进军于,1
raw:进军到达,traveled_to,1
raw:进军方向,traveled_to,1
raw:进军目标,raw:进军目标,1
raw:进军行动,raw:进军行动,1
raw:进击,raw:进击,1
raw:进击于,raw:进击于,1
raw:进到,raw:进到,1
raw:进剿关系,raw:进剿关系,1
raw:进剿区域,fought_at,1
raw:进占宣传,raw:进占宣传,1
raw:进城宣传,raw:进城宣传,1
raw:进抵,occurred_at,1
raw:进攻-战斗地点,fought_at,1
raw:进攻/占领,raw:进攻/占领,1
raw:进攻/威吓,raw:进攻/威吓,1
raw:进攻/攻克,raw:进攻/攻克,1
raw:进攻/突破,raw:进攻/突破,1
raw:进攻/部署,raw:进攻/部署,1
raw:进攻于,raw:进攻于,1
raw:进攻关系,raw:进攻关系,1
raw:进攻地,fought_at,1
raw:进攻地点,fought_at,1
raw:进攻地点,raw:进攻地点,1
raw:进攻据点,fought_at,1
raw:进攻方,fought_at,1
raw:进犯/激战,fought_at,1
raw:进至,raw:进至,1
raw:进行党的活动,active_at,1
raw:进行战斗,raw:进行战斗,1
raw:进行武装斗争,raw:进行武装斗争,1
raw:进逼/监视,raw:进逼/监视,1
raw:进逼/退却,raw:进逼/退却,1
raw:进逼急剿,raw:进逼急剿,1
raw:进驻/指挥,raw:进驻/指挥,1
raw:进驻/活动,raw:进驻/活动,1
raw:进驻/退出,stationed_at,1
raw:进驻于,stationed_at,1
raw:进驻修筑,raw:进驻修筑,1
raw:进驻关系,raw:进驻关系,1
raw:进驻地,stationed_at,1
raw:进驻接管,stationed_at,1
raw:进驻行动,raw:进驻行动,1
raw:远征行动,raw:远征行动,1
raw:远祖原籍,raw:远祖原籍,1
raw:违抗,raw:违抗,1
raw:违纪,raw:违纪,1
raw:违纪人员,raw:违纪人员,1
raw:连克城镇,liberated,1
raw:连夜进发攻击,raw:连夜进发攻击,1
raw:连结,raw:连结,1
raw:连载,raw:连载,1
raw:连长/投敌,raw:连长/投敌,1
raw:迟到,raw:迟到,1
raw:迫使投诚,raw:迫使投诚,1
raw:迫使缴械,raw:迫使缴械,1
raw:迫使转移,raw:迫使转移,1
raw:迫害/杀害,raw:迫害/杀害,1
raw:迫害地,raw:迫害地,1
raw:迫害抗议,raw:迫害抗议,1
raw:迷惑,raw:迷惑,1
raw:追击-地点,raw:追击-地点,1
raw:追击作战,fought_at,1
raw:追击全歼,raw:追击全歼,1
raw:追击关系,raw:追击关系,1
raw:追击击溃,raw:追击击溃,1
raw:追击劝降,raw:追击劝降,1
raw:追击抓获,raw:追击抓获,1
raw:追击捉拿,raw:追击捉拿,1
raw:追击路线,raw:追击路线,1
raw:追剿/截击,raw:追剿/截击,1
raw:追剿/推进,raw:追剿/推进,1
raw:追剿地点,raw:追剿地点,1
raw:追剿行动,raw:追剿行动,1
raw:追堵,raw:追堵,1
raw:追找,raw:追找,1
raw:追捕关系,raw:追捕关系,1
raw:追捕者-被追捕者,raw:追捕者-被追捕者,1
raw:追捕解散,raw:追捕解散,1
raw:追捕逮捕,raw:追捕逮捕,1
raw:追授纪念,raw:追授纪念,1
raw:追查关系,raw:追查关系,1
raw:追歼关系,raw:追歼关系,1
raw:追歼叛匪,raw:追歼叛匪,1
raw:追求,raw:追求,1
raw:追缴对象,raw:追缴对象,1
raw:追认为,raw:追认为,1
raw:追认公布,raw:追认公布,1
raw:追认关系,raw:追认关系,1
raw:追认机构,raw:追认机构,1
raw:追认烈士,raw:追认烈士,1
raw:追讨,raw:追讨,1
raw:追赶抓获,raw:追赶抓获,1
raw:追踪,raw:追踪,1
raw:追逼,raw:追逼,1
raw:追随者,raw:追随者,1
raw:退却至,raw:退却至,1
raw:退赔,raw:退赔,1
raw:退踞,raw:退踞,1
raw:送信,contacted,1
raw:送信至,raw:送信至,1
raw:送信被杀,raw:送信被杀,1
raw:送医,raw:送医,1
raw:送大洋/承诺,raw:送大洋/承诺,1
raw:送子参军,raw:送子参军,1
raw:送来,raw:送来,1
raw:送枪地点,raw:送枪地点,1
raw:送药送粮,raw:送药送粮,1
raw:送还,raw:送还,1
raw:送郎参军,raw:送郎参军,1
raw:送鞋,raw:送鞋,1
raw:送饭/理发,raw:送饭/理发,1
raw:送饭至,raw:送饭至,1
raw:适应,raw:适应,1
raw:适用区域,raw:适用区域,1
raw:适用范围,raw:适用范围,1
raw:逃亡地,raw:逃亡地,1
raw:逃到,raw:逃到,1
raw:逃匿,raw:逃匿,1
raw:逃命目标,raw:逃命目标,1
raw:逃往地点,raw:逃往地点,1
raw:逃往地点,traveled_to,1
raw:逃窜于,raw:逃窜于,1
raw:逃窜至,raw:逃窜至,1
raw:逃窜路径,raw:逃窜路径,1
raw:逃脱,raw:逃脱,1
raw:逃脱地点,raw:逃脱地点,1
raw:逃跑,raw:逃跑,1
raw:逃难,raw:逃难,1
raw:选举/任命,raw:选举/任命,1
raw:选举为主席,raw:选举为主席,1
raw:选举成立,raw:选举成立,1
raw:选入常委,raw:选入常委,1
raw:选出,raw:选出,1
raw:选址参与者,raw:选址参与者,1
raw:选定召开全国一苏大会于,raw:选定召开全国一苏大会于,1
raw:选择于,raw:选择于,1
raw:选教,raw:选教,1
raw:选用教材,raw:选用教材,1
raw:选编,raw:选编,1
raw:选送,raw:选送,1
raw:选送学习,raw:选送学习,1
raw:透露情报,raw:透露情报,1
raw:透露消息,raw:透露消息,1
raw:递交抗议书,raw:递交抗议书,1
raw:递增,raw:递增,1
raw:递进于,raw:递进于,1
raw:递送,raw:递送,1
raw:途經,raw:途經,1
raw:途经/影响,raw:途经/影响,1
raw:途经/未占领,raw:途经/未占领,1
raw:途经/解放,liberated,1
raw:途经/革命活动,raw:途经/革命活动,1
raw:途经/驻扎,raw:途经/驻扎,1
raw:途经于,raw:途经于,1
raw:途经关系,raw:途经关系,1
raw:途经地点,raw:途经地点,1
raw:途经被捕,raw:途经被捕,1
raw:通令饬缉,raw:通令饬缉,1
raw:通信联络,raw:通信联络,1
raw:通告,raw:通告,1
raw:通报批评,raw:通报批评,1
raw:通敌,raw:通敌,1
raw:通电,raw:通电,1
raw:通电起义,raw:通电起义,1
raw:通知/撤离,raw:通知/撤离,1
raw:通知参加,participated_in,1
raw:通知筹备,organized,1
raw:通知规范,raw:通知规范,1
raw:通缉关系,raw:通缉关系,1
raw:通行凭证,raw:通行凭证,1
raw:通行证获取,raw:通行证获取,1
raw:通讯地,raw:通讯地,1
raw:通讯支援,raw:通讯支援,1
raw:通讯网络,raw:通讯网络,1
raw:通讯联系,contacted,1
raw:通讯联系,raw:通讯联系,1
raw:通讯联系人,contacted,1
raw:通达,raw:通达,1
raw:通过于,raw:通过于,1
raw:通过铁丝网摸到,raw:通过铁丝网摸到,1
raw:通风报信,raw:通风报信,1
raw:逝世地,died_at,1
raw:造枪,raw:造枪,1
raw:造谣,raw:造谣,1
raw:造谣轰炸,raw:造谣轰炸,1
raw:逮捕令,raw:逮捕令,1
raw:逮捕地点关联,arrested_at,1
raw:逮捕机构,raw:逮捕机构,1
raw:逮捕杀害,raw:逮捕杀害,1
raw:逼,raw:逼,1
raw:逼写血书,raw:逼写血书,1
raw:逼婚,raw:逼婚,1
raw:逼抢,raw:逼抢,1
raw:逼米征税,raw:逼米征税,1
raw:逼索,raw:逼索,1
raw:逼退,raw:逼退,1
raw:逼降,raw:逼降,1
raw:遇伏于,raw:遇伏于,1
raw:遇害,killed,1
raw:遇害事件,raw:遇害事件,1
raw:遇害人物,killed,1
raw:遇害关系,raw:遇害关系,1
raw:遇害路线,raw:遇害路线,1
raw:遇袭牺牲,died_at,1
raw:遇难地,died_at,1
raw:遍及,raw:遍及,1
raw:遍设,raw:遍设,1
raw:道歉,raw:道歉,1
raw:遗书传递地点,raw:遗书传递地点,1
raw:遗嘱嘱托,raw:遗嘱嘱托,1
raw:遗址,raw:遗址,1
raw:遗址位置,occurred_at,1
raw:遗存于,raw:遗存于,1
raw:遗愿地点,raw:遗愿地点,1
raw:遗物保存地,raw:遗物保存地,1
raw:遗物归属,raw:遗物归属,1
raw:遗留/信仰,raw:遗留/信仰,1
raw:遗留/发放,raw:遗留/发放,1
raw:遗留关联,raw:遗留关联,1
raw:遗留物关联,raw:遗留物关联,1
raw:遗留物品,raw:遗留物品,1
raw:遗骸安葬地,raw:遗骸安葬地,1
raw:遣散,raw:遣散,1
raw:遣送对象,raw:遣送对象,1
raw:遥控指挥,raw:遥控指挥,1
raw:遭受酷刑,raw:遭受酷刑,1
raw:遭围牺牲,raw:遭围牺牲,1
raw:遭截击,raw:遭截击,1
raw:遭蹂躏,raw:遭蹂躏,1
raw:遭遇/冲突,raw:遭遇/冲突,1
raw:遭遇事件,raw:遭遇事件,1
raw:遭遇于,raw:遭遇于,1
raw:遭遇围剿,raw:遭遇围剿,1
raw:遭遇战,occurred_at,1
raw:遭遇战于,fought_at,1
raw:遭镇压,raw:遭镇压,1
raw:遵循原则,raw:遵循原则,1
raw:遵循规范,raw:遵循规范,1
raw:遵照指示,raw:遵照指示,1
raw:避免,raw:避免,1
raw:避险,raw:避险,1
raw:避险地点,raw:避险地点,1
raw:避难区域,raw:避难区域,1
raw:邀,raw:邀,1
raw:邀请关系,raw:邀请关系,1
raw:邀请讲话,raw:邀请讲话,1
raw:邮寄,raw:邮寄,1
raw:邻近,raw:邻近,1
raw:邻近区域,raw:邻近区域,1
raw:郊迎,raw:郊迎,1
raw:部分具备,raw:部分具备,1
raw:部署-事件,dispatched,1
raw:部署/修筑,raw:部署/修筑,1
raw:部署/堵截,raw:部署/堵截,1
raw:部署/备战,raw:部署/备战,1
raw:部署/实施,implemented,1
raw:部署/抓捕,raw:部署/抓捕,1
raw:部署/指挥,commanded,1
raw:部署/破坏交通,raw:部署/破坏交通,1
raw:部署/领导,led,1
raw:部署作战于,raw:部署作战于,1
raw:部署依据,raw:部署依据,1
raw:部署关系,raw:部署关系,1
raw:部署军事,raw:部署军事,1
raw:部署剿匪于,raw:部署剿匪于,1
raw:部署剿灭,raw:部署剿灭,1
raw:部署围剿,raw:部署围剿,1
raw:部署地点,stationed_at,1
raw:部署对象,raw:部署对象,1
raw:部署工作,implemented,1
raw:部署应变,raw:部署应变,1
raw:部署开展,raw:部署开展,1
raw:部署战役,raw:部署战役,1
raw:部署执行,raw:部署执行,1
raw:部署指示,dispatched,1
raw:部署控制,stationed_at,1
raw:部署搜捕,raw:部署搜捕,1
raw:部署撤离,raw:部署撤离,1
raw:部署追捕,raw:部署追捕,1
raw:部署防堵,stationed_at,1
raw:部队-事件,carried_out,1
raw:部队-地点,raw:部队-地点,1
raw:部队-战役,participated_in,1
raw:部队-战役,raw:部队-战役,1
raw:部队-行为,raw:部队-行为,1
raw:部队会师,raw:部队会师,1
raw:部队编制,raw:部队编制,1
raw:部队调动,raw:部队调动,1
raw:配乐,raw:配乐,1
raw:配合-力量,raw:配合-力量,1
raw:配合/拔除,raw:配合/拔除,1
raw:配合/策应,raw:配合/策应,1
raw:配合/转移,raw:配合/转移,1
raw:配合事件,raw:配合事件,1
raw:配合于,raw:配合于,1
raw:配合会剿于,raw:配合会剿于,1
raw:配合关系,collaborated_with,1
raw:配合剿匪,raw:配合剿匪,1
raw:配合力量,raw:配合力量,1
raw:配合参战,collaborated_with,1
raw:配合发展,raw:配合发展,1
raw:配合宣传,raw:配合宣传,1
raw:配合打击敌人,raw:配合打击敌人,1
raw:配合接管,raw:配合接管,1
raw:配合斗争,collaborated_with,1
raw:配合斗争,raw:配合斗争,1
raw:配合者,raw:配合者,1
raw:配合肃清,raw:配合肃清,1
raw:配合进军,raw:配合进军,1
raw:配合阻击,raw:配合阻击,1
raw:配套于,raw:配套于,1
raw:配套机构,raw:配套机构,1
raw:配套行动,raw:配套行动,1
raw:配属,raw:配属,1
raw:酝酿与决定,raw:酝酿与决定,1
raw:酝酿与延续,raw:酝酿与延续,1
raw:酬谢,raw:酬谢,1
raw:酬谢馈赠,raw:酬谢馈赠,1
raw:酷刑逼降,raw:酷刑逼降,1
raw:采取,implemented,1
raw:采取策略,formulated,1
raw:采取行动,carried_out,1
raw:采用,used_in_event,1
raw:采用-方法,raw:采用-方法,1
raw:采用方式,raw:采用方式,1
raw:采纳,implemented,1
raw:采纳/部署,raw:采纳/部署,1
raw:采访对象,raw:采访对象,1
raw:采访报道,raw:采访报道,1
raw:采购/改善,raw:采购/改善,1
raw:采购地点,raw:采购地点,1
raw:采集,raw:采集,1
raw:释放救济,raw:释放救济,1
raw:重建关系,raw:重建关系,1
raw:重建协助,raw:重建协助,1
raw:重建领导,raw:重建领导,1
raw:重心,raw:重心,1
raw:重点,raw:重点,1
raw:重点围捕,raw:重点围捕,1
raw:重点开展于,raw:重点开展于,1
raw:重点打击于,raw:重点打击于,1
raw:重点管辖,raw:重点管辖,1
raw:重申,raw:重申,1
raw:重租,raw:重租,1
raw:重组于,raw:重组于,1
raw:重组反扑,raw:重组反扑,1
raw:重要人物,raw:重要人物,1
raw:重要商埠,raw:重要商埠,1
raw:重要节点,raw:重要节点,1
raw:重访调研,raw:重访调研,1
raw:重访题字,visited,1
raw:金融服务点,raw:金融服务点,1
raw:鏖破,raw:鏖破,1
raw:针对地点,raw:针对地点,1
raw:钻入,raw:钻入,1
raw:钻研,raw:钻研,1
raw:铲除,killed,1
raw:铲除,raw:铲除,1
raw:铸就,raw:铸就,1
raw:锄奸,raw:锄奸,1
raw:错杀,killed,1
raw:错误主张,raw:错误主张,1
raw:错误处理,raw:错误处理,1
raw:错误审判,raw:错误审判,1
raw:错误领导,raw:错误领导,1
raw:镇压-实施者,raw:镇压-实施者,1
raw:镇压/分配,raw:镇压/分配,1
raw:镇压/枪决,raw:镇压/枪决,1
raw:镇压/枪杀,raw:镇压/枪杀,1
raw:镇压于,raw:镇压于,1
raw:镇压地点,raw:镇压地点,1
raw:镇压处置,raw:镇压处置,1
raw:镇压威胁,raw:镇压威胁,1
raw:镇压恶霸,raw:镇压恶霸,1
raw:镇压执行,raw:镇压执行,1
raw:镇压方-事件,raw:镇压方-事件,1
raw:镇压杀害,raw:镇压杀害,1
raw:镇压活动,raw:镇压活动,1
raw:镇压者-地点,raw:镇压者-地点,1
raw:镇压行为,raw:镇压行为,1
raw:镇压追赃,raw:镇压追赃,1
raw:长征史料编纂,raw:长征史料编纂,1
raw:长征经过,raw:长征经过,1
raw:长征过,traveled_to,1
raw:长征途经,traveled_to,1
raw:长期工作,worked_at,1
raw:长期跟随支援,raw:长期跟随支援,1
raw:问责关系,raw:问责关系,1
raw:闯过,raw:闯过,1
raw:间接指挥,raw:间接指挥,1
raw:闹饷,raw:闹饷,1
raw:阅改,raw:阅改,1
raw:阅读内容,raw:阅读内容,1
raw:阐明,raw:阐明,1
raw:阐明方针地,raw:阐明方针地,1
raw:阐述于,raw:阐述于,1
raw:队长,commanded,1
raw:防剿,opposed,1
raw:防堵/激战,raw:防堵/激战,1
raw:防堵/请饷,raw:防堵/请饷,1
raw:防堵/追剿,raw:防堵/追剿,1
raw:防堵部署,raw:防堵部署,1
raw:防守/抗击,raw:防守/抗击,1
raw:防守/指挥,raw:防守/指挥,1
raw:防守与求援,raw:防守与求援,1
raw:防守区域,raw:防守区域,1
raw:防守反击,raw:防守反击,1
raw:防守者,stationed_at,1
raw:防御-地点,raw:防御-地点,1
raw:防御/击退,raw:防御/击退,1
raw:防御主体,raw:防御主体,1
raw:防御体系,raw:防御体系,1
raw:防御依托,raw:防御依托,1
raw:防御关联,raw:防御关联,1
raw:防御反击,raw:防御反击,1
raw:防御地点,raw:防御地点,1
raw:防御工具,raw:防御工具,1
raw:防御指挥,raw:防御指挥,1
raw:防御据点,raw:防御据点,1
raw:防御据点,stationed_at,1
raw:防御纵深,raw:防御纵深,1
raw:防御节点,raw:防御节点,1
raw:防御范围,raw:防御范围,1
raw:防御设施,raw:防御设施,1
raw:防御重点,raw:防御重点,1
raw:防御阵地,stationed_at,1
raw:防御阵地-指挥者,raw:防御阵地-指挥者,1
raw:防止/防备,raw:防止/防备,1
raw:防范,raw:防范,1
raw:防范对象,raw:防范对象,1
raw:阴谋暴动,raw:阴谋暴动,1
raw:阵亡于,raw:阵亡于,1
raw:阵地掩护,raw:阵地掩护,1
raw:阵地活动,active_at,1
raw:阶层分化,raw:阶层分化,1
raw:阶段递进,raw:阶段递进,1
raw:阶级压迫,raw:阶级压迫,1
raw:阶级敌人,raw:阶级敌人,1
raw:阶级策略,raw:阶级策略,1
raw:阻击/防守,fought_at,1
raw:阻击于,raw:阻击于,1
raw:阻击作战,raw:阻击作战,1
raw:阻击地,fought_at,1
raw:阻击失败,raw:阻击失败,1
raw:阻击对象,opposed,1
raw:阻击对象,raw:阻击对象,1
raw:阻击掩护,raw:阻击掩护,1
raw:阻击歼敌,raw:阻击歼敌,1
raw:阻击行动,raw:阻击行动,1
raw:阻击阵地,raw:阻击阵地,1
raw:阻拦,raw:阻拦,1
raw:阻断,raw:阻断,1
raw:阻止,opposed,1
raw:阻止镇压,raw:阻止镇压,1
raw:阻滞,raw:阻滞,1
raw:阻碍/推动,raw:阻碍/推动,1
raw:阻碍者,raw:阻碍者,1
raw:附刊,raw:附刊,1
raw:附属设施,raw:附属设施,1
raw:陈列于,raw:陈列于,1
raw:陈述,raw:陈述,1
raw:降为,raw:降为,1
raw:降职,raw:降职,1
raw:限制与迫害,raw:限制与迫害,1
raw:限制对象,raw:限制对象,1
raw:限制活动,raw:限制活动,1
raw:除奸,raw:除奸,1
raw:除害,raw:除害,1
raw:除恶对象,raw:除恶对象,1
raw:除掉,killed,1
raw:陪同,raw:陪同,1
raw:陪同关系,escorted,1
raw:陷入,raw:陷入,1
raw:陷害,raw:陷害,1
raw:陷害关系,raw:陷害关系,1
raw:陷踞,raw:陷踞,1
raw:随,raw:随,1
raw:随军离开地点,raw:随军离开地点,1
raw:随同行动,raw:随同行动,1
raw:随行人员,escorted,1
raw:隐匿地点,raw:隐匿地点,1
raw:隐居地,raw:隐居地,1
raw:隐居地点,raw:隐居地点,1
raw:隐护关系,raw:隐护关系,1
raw:隐蔽住宿,raw:隐蔽住宿,1
raw:隐蔽关系,raw:隐蔽关系,1
raw:隐蔽在,stationed_at,1
raw:隐蔽地点,stationed_at,1
raw:隐蔽坚持,raw:隐蔽坚持,1
raw:隐蔽安置,raw:隐蔽安置,1
raw:隐蔽战线,raw:隐蔽战线,1
raw:隐蔽指挥,raw:隐蔽指挥,1
raw:隐蔽点,raw:隐蔽点,1
raw:隐蔽行为,raw:隐蔽行为,1
raw:隐藏地点,raw:隐藏地点,1
raw:隐藏救治,raw:隐藏救治,1
raw:隔河地战,fought_at,1
raw:隶属-上级党组织,raw:隶属-上级党组织,1
raw:隶属-处置,raw:隶属-处置,1
raw:隶属-组织,raw:隶属-组织,1
raw:隶属-部队,member_of,1
raw:隶属/关联,raw:隶属/关联,1
raw:隶属/冲突,member_of,1
raw:隶属/参与,raw:隶属/参与,1
raw:隶属/处分,raw:隶属/处分,1
raw:隶属/联系,raw:隶属/联系,1
raw:隶属/调整,raw:隶属/调整,1
raw:隶属变更,raw:隶属变更,1
raw:隶属工作,raw:隶属工作,1
raw:隶属组织,raw:隶属组织,1
raw:隶属领导,held_position_in,1
raw:难友互助,raw:难友互助,1
raw:集中,stationed_at,1
raw:集中兵力,raw:集中兵力,1
raw:集中兵力攻打,raw:集中兵力攻打,1
raw:集中力量/建立,raw:集中力量/建立,1
raw:集中动员于,raw:集中动员于,1
raw:集中消灭,raw:集中消灭,1
raw:集中领队,raw:集中领队,1
raw:集体,raw:集体,1
raw:集体决策,raw:集体决策,1
raw:集体商议,raw:集体商议,1
raw:集体研究,raw:集体研究,1
raw:集合,raw:集合,1
raw:集合编成,raw:集合编成,1
raw:集结/进攻,raw:集结/进攻,1
raw:集结兵力,raw:集结兵力,1
raw:集结地,stationed_at,1
raw:集结地点,stationed_at,1
raw:集结整编,raw:集结整编,1
raw:集结点,raw:集结点,1
raw:集结迟缓,raw:集结迟缓,1
raw:雇佣/剥削,raw:雇佣/剥削,1
raw:雇佣关系,raw:雇佣关系,1
raw:需要,raw:需要,1
raw:需要人工映射,raw:需要人工映射,1
raw:需要修正为Schema关系(如组织/形成),raw:关系待定,1
raw:需要核实,raw:需要核实,1
raw:需要证据支持的具体关系,raw:需要证据支持的具体关系,1
"raw:需要重判为 schema 关系(如 孕育于/发生于/属于),当前证据不支持原泛关系",raw:关系待定,1
raw:需要重判为 schema 关系(如隶属于/领导),raw:关系待定,1
raw:需要重判为schema关系(如参与/发生于/关联地点),raw:关系待定,1
raw:需要重判为schema关系(如属于/发生于),raw:关系待定,1
raw:需要重判为schema关系(如隶属于/组织/领导),raw:关系待定,1
raw:需要重判为“组织”或“参与”(当前“地点关联”为泛关系),raw:关系待定,1
raw:需重判为schema关系(如参与/影响/关联),raw:关系待定,1
raw:震撼,raw:震撼,1
raw:露宿地,stationed_at,1
raw:靠近,raw:靠近,1
raw:面对,raw:面对,1
raw:面授,raw:面授,1
raw:面授,trained,1
raw:面见,raw:面见,1
raw:革命争取,raw:革命争取,1
raw:革命人物关联,raw:革命人物关联,1
raw:革命传统地区,raw:革命传统地区,1
raw:革命传统延续,raw:革命传统延续,1
raw:革命区域,raw:革命区域,1
raw:革命协作关系,collaborated_with,1
raw:革命友谊,raw:革命友谊,1
raw:革命合作,collaborated_with,1
raw:革命启蒙,raw:革命启蒙,1
raw:革命实践关联,raw:革命实践关联,1
raw:革命实践影响,influenced,1
raw:革命对象,raw:革命对象,1
raw:革命影响,influenced,1
raw:革命影响,raw:革命影响,1
raw:革命指导关系,guided,1
raw:革命摇篮,raw:革命摇篮,1
raw:革命教导,raw:革命教导,1
raw:革命教育者,raw:革命教育者,1
raw:革命斗争关联,raw:革命斗争关联,1
raw:革命根据地关联,raw:革命根据地关联,1
raw:革命活动于,raw:革命活动于,1
raw:革命活动地点,active_at,1
raw:革命活动地点,raw:革命活动地点,1
raw:革命活动范围,raw:革命活动范围,1
raw:革命牺牲,raw:革命牺牲,1
raw:革命者,raw:革命者,1
raw:革命者-镇压对象,opposed,1
raw:革命联络,raw:革命联络,1
raw:革命行动,raw:革命行动,1
raw:鞠躬告别,raw:鞠躬告别,1
raw:音乐创作,raw:音乐创作,1
raw:项目-负责人,responsible_for,1
raw:颁布地,raw:颁布地,1
raw:颁布机构,raw:颁布机构,1
raw:颁布章程,raw:颁布章程,1
raw:颁示,raw:颁示,1
raw:颂扬与记录,raw:颂扬与记录,1
raw:预伏,raw:预伏,1
raw:预备于,raw:预备于,1
raw:预料,raw:预料,1
raw:预示,raw:预示,1
raw:预见,raw:预见,1
raw:预警信息,raw:预警信息,1
raw:预防,raw:预防,1
raw:领取,raw:领取,1
raw:领导-下属,raw:领导-下属,1
raw:领导-人物,led,1
raw:领导-人物,raw:领导-人物,1
raw:领导-参与,raw:领导-参与,1
raw:领导-发生地,raw:领导-发生地,1
raw:领导-地区,raw:领导-地区,1
raw:领导-媒体,raw:领导-媒体,1
raw:领导-实践,raw:领导-实践,1
raw:领导-实践区域,raw:领导-实践区域,1
raw:领导-对象,led,1
raw:领导-成员,member_of,1
raw:领导-指导,guided,1
raw:领导-掩护,raw:领导-掩护,1
raw:领导-斗争区域,fought_at,1
raw:领导-活动,led,1
raw:领导-活动场所,active_at,1
raw:领导-统战对象,raw:领导-统战对象,1
raw:领导-谈判对象,raw:领导-谈判对象,1
raw:领导-运动,led,1
raw:领导/下属,reported_to,1
raw:领导/事实证明,led,1
raw:领导/保护,raw:领导/保护,1
raw:领导/关联,raw:领导/关联,1
raw:领导/动员,raw:领导/动员,1
raw:领导/协作关系,collaborated_with,1
raw:领导/发动,raw:领导/发动,1
raw:领导/发展,raw:领导/发展,1
raw:领导/发展关系,raw:领导/发展关系,1
raw:领导/发起,raw:领导/发起,1
raw:领导/合作,collaborated_with,1
raw:领导/合作,raw:领导/合作,1
raw:领导/响应,led,1
raw:领导/响应,raw:领导/响应,1
raw:领导/培养,trained,1
raw:领导/失误,raw:领导/失误,1
raw:领导/安排,appointed,1
raw:领导/宣传,raw:领导/宣传,1
raw:领导/工作,raw:领导/工作,1
raw:领导/工作关系,raw:领导/工作关系,1
raw:领导/影响,led,1
raw:领导/成员,raw:领导/成员,1
raw:领导/成立,raw:领导/成立,1
raw:领导/执行,led,1
raw:领导/指示,raw:领导/指示,1
raw:领导/撤职,raw:领导/撤职,1
raw:领导/改编,led,1
raw:领导/离开,raw:领导/离开,1
raw:领导/筹办,raw:领导/筹办,1
raw:领导/纪念,raw:领导/纪念,1
raw:领导/考验,raw:领导/考验,1
raw:领导/联系人,raw:领导/联系人,1
raw:领导/联络,contacted,1
raw:领导/著述,raw:领导/著述,1
raw:领导/记录者,commanded,1
raw:领导/部署,organized,1
raw:领导/部署,raw:领导/部署,1
raw:领导与代表,raw:领导与代表,1
raw:领导与创办,created,1
raw:领导与创建,raw:领导与创建,1
raw:领导与创造,raw:领导与创造,1
raw:领导与协助关系,raw:领导与协助关系,1
raw:领导与参与者,raw:领导与参与者,1
raw:领导与反动势力对抗,opposed,1
raw:领导与反动势力斗争,opposed,1
raw:领导与叛变,raw:领导与叛变,1
raw:领导与培养,raw:领导与培养,1
raw:领导与批判,raw:领导与批判,1
raw:领导与斗争对象,raw:领导与斗争对象,1
raw:领导与活动区域,active_at,1
raw:领导与牺牲,raw:领导与牺牲,1
raw:领导与组织,led,1
raw:领导与群众,raw:领导与群众,1
raw:领导与被争取,raw:领导与被争取,1
raw:领导与被保护,raw:领导与被保护,1
raw:领导与被捕,raw:领导与被捕,1
raw:领导与被调查,raw:领导与被调查,1
raw:领导与配合,raw:领导与配合,1
raw:领导交棒,raw:领导交棒,1
raw:领导介绍,raw:领导介绍,1
raw:领导修建,raw:领导修建,1
raw:领导农运,raw:领导农运,1
raw:领导农运于,raw:领导农运于,1
raw:领导剿匪,commanded,1
raw:领导剿匪行动,raw:领导剿匪行动,1
raw:领导力量,led,1
raw:领导协助,raw:领导协助,1
raw:领导单位,raw:领导单位,1
raw:领导响应,raw:领导响应,1
raw:领导学生,led,1
raw:领导实施,governed,1
raw:领导对抗,opposed,1
raw:领导对象,led,1
raw:领导对象,raw:领导对象,1
raw:领导工运于,raw:领导工运于,1
raw:领导平乱,raw:领导平乱,1
raw:领导应对,led,1
raw:领导开展,led,1
raw:领导恢复,led,1
raw:领导抢修,raw:领导抢修,1
raw:领导抵抗,raw:领导抵抗,1
raw:领导接应,raw:领导接应,1
raw:领导支持,raw:领导支持,1
raw:领导攻击,fought_at,1
raw:领导整训,commanded,1
raw:领导整顿,raw:领导整顿,1
raw:领导整风,raw:领导整风,1
raw:领导斗争于,fought_at,1
raw:领导斗争于,raw:领导斗争于,1
raw:领导斗争地点,fought_at,1
raw:领导暴动于,raw:领导暴动于,1
raw:领导机关所在地,located_in,1
raw:领导机构-事件,raw:领导机构-事件,1
raw:领导机构所在地,located_in,1
raw:领导核心,raw:领导核心,1
raw:领导监督,raw:领导监督,1
raw:领导确立,led,1
raw:领导确立,raw:领导确立,1
raw:领导组建,raw:领导组建,1
raw:领导维护,raw:领导维护,1
raw:领导群众运动,raw:领导群众运动,1
raw:领导翻身,raw:领导翻身,1
raw:领导者-事件,raw:领导者-事件,1
raw:领导者-机构,led,1
raw:领导者-组织,raw:领导者-组织,1
raw:领导者-被领导,raw:领导者-被领导,1
raw:领导者与事件,led,1
raw:领导职务,held_position_in,1
raw:领导苏区,governed,1
raw:领导范围,governed,1
raw:领导行为,led,1
raw:领导调整,raw:领导调整,1
raw:领导调研,raw:领导调研,1
raw:领导运动,raw:领导运动,1
raw:领导部署,led,1
raw:领导部署,raw:领导部署,1
raw:领导驻地,stationed_at,1
raw:领悟,raw:领悟,1
raw:领队区域,stationed_at,1
raw:题写/参与,raw:题写/参与,1
raw:题写/宣传,raw:题写/宣传,1
raw:题写关系,raw:题写关系,1
raw:题写者-被题写者,raw:题写者-被题写者,1
raw:题名,raw:题名,1
raw:题咏对象,raw:题咏对象,1
raw:题字者,raw:题字者,1
raw:题词/鼓励,raw:题词/鼓励,1
raw:题词人,raw:题词人,1
raw:题词对象,raw:题词对象,1
raw:题词支持,raw:题词支持,1
raw:题词支持,supported,1
raw:题词留念,raw:题词留念,1
raw:题词者,raw:题词者,1
raw:题诗赞颂,raw:题诗赞颂,1
raw:题诗赠予,raw:题诗赠予,1
raw:题赠,raw:题赠,1
raw:飞抵,raw:飞抵,1
raw:食宿关系,raw:食宿关系,1
raw:饲养,raw:饲养,1
raw:驰骋于,raw:驰骋于,1
raw:驰骋斗争,raw:驰骋斗争,1
raw:驱赶,raw:驱赶,1
raw:驱逐行动,raw:驱逐行动,1
raw:驳斥,criticized,1
raw:驻军,stationed_at,1
raw:驻军于,stationed_at,1
raw:驻军指挥官,stationed_at,1
raw:驻军统治,stationed_at,1
raw:驻军行军,raw:驻军行军,1
raw:驻剿教育,raw:驻剿教育,1
raw:驻在地,raw:驻在地,1
raw:驻地-部队,raw:驻地-部队,1
raw:驻地守卫,raw:驻地守卫,1
raw:驻地机构,raw:驻地机构,1
raw:驻地负责人,stationed_at,1
raw:驻地迁移至,raw:驻地迁移至,1
raw:驻址,raw:驻址,1
raw:驻址,stationed_at,1
raw:驻守/保卫,stationed_at,1
raw:驻守于,raw:驻守于,1
raw:驻守关系,raw:驻守关系,1
raw:驻守关系,stationed_at,1
raw:驻守地,stationed_at,1
raw:驻守地点,raw:驻守地点,1
raw:驻守建设,raw:驻守建设,1
raw:驻守点,stationed_at,1
raw:驻守部队,raw:驻守部队,1
raw:驻宿,stationed_at,1
raw:驻扎/休整,raw:驻扎/休整,1
raw:驻扎/住宿,stationed_at,1
raw:驻扎/作战,raw:驻扎/作战,1
raw:驻扎/宣讲,stationed_at,1
raw:驻扎/开展工作,stationed_at,1
raw:驻扎/成员,stationed_at,1
raw:驻扎/活动,stationed_at,1
raw:驻扎/牺牲,raw:驻扎/牺牲,1
raw:驻扎/领导,stationed_at,1
raw:驻扎与离开,stationed_at,1
raw:驻扎与赠礼,raw:驻扎与赠礼,1
raw:驻扎办公,raw:驻扎办公,1
raw:驻扎区域关联,stationed_at,1
raw:驻扎地-机构,stationed_at,1
raw:驻扎地-部队,stationed_at,1
raw:驻扎守卫,raw:驻扎守卫,1
raw:驻扎宣传,stationed_at,1
raw:驻扎点,stationed_at,1
raw:驻点剿匪,raw:驻点剿匪,1
raw:驻留,raw:驻留,1
raw:驻留地,raw:驻留地,1
raw:驻留地点,stationed_at,1
raw:驻节,raw:驻节,1
raw:驻节,stationed_at,1
raw:驻训,raw:驻训,1
raw:驻跸于,raw:驻跸于,1
raw:驻防/勒索,raw:驻防/勒索,1
raw:驻防作战于,raw:驻防作战于,1
raw:驻防剿匪,raw:驻防剿匪,1
raw:驻防区域,raw:驻防区域,1
raw:驻防区域,stationed_at,1
raw:驻防地点,raw:驻防地点,1
raw:驾驶,used_artifact,1
raw:骑乘,raw:骑乘,1
raw:骗取,raw:骗取,1
raw:骨干,raw:骨干,1
raw:高举,raw:高举,1
raw:高呼口号,raw:高呼口号,1
raw:高呼口号抗议,raw:高呼口号抗议,1
raw:高喊,raw:高喊,1
raw:高度评价,raw:高度评价,1
raw:鱼水情,raw:鱼水情,1
raw:鸣枪助威,raw:鸣枪助威,1
raw:默许,raw:默许,1
raw:鼓动拉走武器,raw:鼓动拉走武器,1
raw:鼓动起义,raw:鼓动起义,1
raw:鼓动邻近群众前去支援,raw:鼓动邻近群众前去支援,1
raw:鼓励,advocated,1
raw:鼓励者-被鼓励者,raw:鼓励者-被鼓励者,1
raw:鼓吹,raw:鼓吹,1
raw:鼓舞,influenced,1
raw:鼓舞作用,raw:鼓舞作用,1
raw:鼓舞斗志,raw:鼓舞斗志,1
raw:鼠窜,raw:鼠窜,1
spouse_of,raw:spouse_of,1
transmitted_by,raw:transmitted_by,1
used_in_event,used_in_event,1
within_basin,raw:within_basin,1
