历史阶段,阶段序,省份,观测层,时间证据数,地点证据数,语境证据数
解放战争,4,贵州省,relation_context,0,0,1
全民族抗日战争,3,江苏省,relation_context,0,0,1
解放战争,4,贵州省,relation_context,0,0,1
解放战争,4,安徽省,relation_context,0,0,1
解放战争,4,重庆市,relation_context,0,0,1
解放战争,4,江西省,relation_context,0,0,1
土地革命战争,2,四川省,relation_context,0,0,1
土地革命战争,2,贵州省,relation_context,0,0,1
社会主义革命和建设,5,湖北省,asserted_event_spacetime,1,1,1
全民族抗日战争,3,湖北省,relation_context,0,0,1
社会主义革命和建设,5,四川省,relation_context,0,0,2
建党与大革命,1,江西省,relation_context,0,0,1
土地革命战争,2,江西省,relation_context,0,0,4
解放战争,4,云南省,relation_context,0,0,1
社会主义革命和建设,5,四川省,relation_context,0,0,1
全民族抗日战争,3,安徽省,relation_context,0,0,17
社会主义革命和建设,5,贵州省,relation_context,0,0,1
土地革命战争,2,上海市,relation_context,0,0,1
社会主义革命和建设,5,云南省,relation_context,0,0,1
建党与大革命,1,云南省,relation_context,0,0,1
解放战争,4,云南省,relation_context,0,0,1
解放战争,4,云南省,relation_context,0,0,1
解放战争,4,贵州省,relation_context,0,0,1
社会主义革命和建设,5,贵州省,relation_context,0,0,1
社会主义革命和建设,5,江苏省,relation_context,0,0,1
土地革命战争,2,湖南省,relation_context,0,0,1
全民族抗日战争,3,安徽省,relation_context,0,0,1
全民族抗日战争,3,上海市,relation_context,0,0,1
土地革命战争,2,江苏省,relation_context,0,0,1
土地革命战争,2,贵州省,relation_context,0,0,1
建党与大革命,1,四川省,relation_context,0,0,1
土地革命战争,2,湖北省,relation_context,0,0,1
土地革命战争,2,江西省,relation_context,0,0,1
土地革命战争,2,湖南省,relation_context,0,0,1
土地革命战争,2,江苏省,asserted_event_spacetime,1,1,1
社会主义革命和建设,5,四川省,relation_context,0,0,1
建党与大革命,1,重庆市,relation_context,0,0,1
解放战争,4,湖南省,relation_context,0,0,1
土地革命战争,2,贵州省,relation_context,0,0,2
全民族抗日战争,3,江西省,relation_context,0,0,1
社会主义革命和建设,5,贵州省,relation_context,0,0,1
土地革命战争,2,江苏省,relation_context,0,0,1
土地革命战争,2,湖北省,asserted_event_spacetime,1,1,0
社会主义革命和建设,5,贵州省,relation_context,0,0,1
全民族抗日战争,3,四川省,relation_context,0,0,1
解放战争,4,贵州省,relation_context,0,0,1
土地革命战争,2,贵州省,relation_context,0,0,1
解放战争,4,云南省,relation_context,0,0,1
社会主义革命和建设,5,湖南省,relation_context,0,0,1
建党与大革命,1,江西省,asserted_event_spacetime,1,1,1
土地革命战争,2,湖北省,relation_context,0,0,2
解放战争,4,安徽省,relation_context,0,0,3
建党与大革命,1,湖北省,relation_context,0,0,1
解放战争,4,湖南省,relation_context,0,0,1
建党与大革命,1,湖南省,relation_context,0,0,1
全民族抗日战争,3,江苏省,relation_context,0,0,1
土地革命战争,2,湖南省,relation_context,0,0,1
土地革命战争,2,江西省,relation_context,0,0,1
建党与大革命,1,江苏省,relation_context,0,0,1
建党与大革命,1,湖南省,relation_context,0,0,1
土地革命战争,2,贵州省,relation_context,0,0,1
解放战争,4,四川省,relation_context,0,0,3
解放战争,4,云南省,relation_context,0,0,1
全民族抗日战争,3,云南省,relation_context,0,0,1
土地革命战争,2,湖北省,relation_context,0,0,1
土地革命战争,2,云南省,relation_context,0,0,1
全民族抗日战争,3,江苏省,relation_context,0,0,1
全民族抗日战争,3,江西省,relation_context,0,0,1
土地革命战争,2,湖南省,relation_context,0,0,1
解放战争,4,云南省,relation_context,0,0,1
全民族抗日战争,3,江苏省,relation_context,0,0,3
土地革命战争,2,湖北省,relation_context,0,0,2
土地革命战争,2,湖南省,relation_context,0,0,2
全民族抗日战争,3,江苏省,relation_context,0,0,1
社会主义革命和建设,5,湖南省,relation_context,0,0,1
解放战争,4,安徽省,relation_context,0,0,1
社会主义革命和建设,5,重庆市,relation_context,0,0,1
解放战争,4,江苏省,relation_context,0,0,1
土地革命战争,2,湖南省,trusted_event_spacetime,2,2,2
土地革命战争,2,江西省,relation_context,0,0,1
土地革命战争,2,湖南省,relation_context,0,0,1
解放战争,4,湖南省,relation_context,0,0,3
全民族抗日战争,3,湖南省,relation_context,0,0,2
全民族抗日战争,3,安徽省,relation_context,0,0,1
解放战争,4,湖南省,relation_context,0,0,1
土地革命战争,2,江西省,relation_context,0,0,1
土地革命战争,2,四川省,relation_context,0,0,1
土地革命战争,2,云南省,relation_context,0,0,1
全民族抗日战争,3,江苏省,relation_context,0,0,1
土地革命战争,2,安徽省,relation_context,0,0,1
土地革命战争,2,江苏省,relation_context,0,0,1
社会主义革命和建设,5,湖北省,trusted_event_spacetime,2,3,5
土地革命战争,2,江西省,relation_context,0,0,1
建党与大革命,1,重庆市,relation_context,0,0,1
土地革命战争,2,四川省,relation_context,0,0,1
建党与大革命,1,安徽省,relation_context,0,0,1
解放战争,4,四川省,asserted_event_spacetime,1,1,1
全民族抗日战争,3,江苏省,relation_context,0,0,1
土地革命战争,2,湖南省,relation_context,0,0,1
社会主义革命和建设,5,重庆市,relation_context,0,0,1
全民族抗日战争,3,贵州省,relation_context,0,0,2
建党与大革命,1,湖南省,trusted_event_spacetime,1,2,2
社会主义革命和建设,5,贵州省,relation_context,0,0,1
全民族抗日战争,3,云南省,relation_context,0,0,1
解放战争,4,重庆市,relation_context,0,0,4
社会主义革命和建设,5,四川省,relation_context,0,0,1
土地革命战争,2,四川省,relation_context,0,0,2
社会主义革命和建设,5,湖北省,relation_context,0,0,1
解放战争,4,湖南省,asserted_event_spacetime,1,1,1
社会主义革命和建设,5,云南省,relation_context,0,0,1
解放战争,4,湖北省,relation_context,0,0,1
解放战争,4,四川省,relation_context,0,0,1
土地革命战争,2,贵州省,relation_context,0,0,1
社会主义革命和建设,5,江苏省,relation_context,0,0,1
土地革命战争,2,上海市,relation_context,0,0,1
建党与大革命,1,江西省,relation_context,0,0,1
解放战争,4,湖南省,relation_context,0,0,3
全民族抗日战争,3,湖北省,relation_context,0,0,1
土地革命战争,2,四川省,relation_context,0,0,1
土地革命战争,2,湖南省,relation_context,0,0,1
建党前传播与孕育,0,上海市,relation_context,0,0,1
解放战争,4,重庆市,relation_context,0,0,1
社会主义革命和建设,5,贵州省,asserted_event_spacetime,1,1,1
土地革命战争,2,江西省,relation_context,0,0,2
解放战争,4,江苏省,relation_context,0,0,1
全民族抗日战争,3,江苏省,relation_context,0,0,1
土地革命战争,2,江西省,relation_context,0,0,1
建党与大革命,1,湖南省,relation_context,0,0,3
建党与大革命,1,湖南省,relation_context,0,0,1
全民族抗日战争,3,安徽省,asserted_event_spacetime,1,2,1
建党与大革命,1,江西省,asserted_event_spacetime,1,1,1
社会主义革命和建设,5,四川省,asserted_event_spacetime,1,1,1
建党与大革命,1,湖北省,asserted_event_spacetime,1,1,1
全民族抗日战争,3,云南省,relation_context,0,0,1
社会主义革命和建设,5,江苏省,relation_context,0,0,1
土地革命战争,2,湖南省,relation_context,0,0,1
土地革命战争,2,四川省,relation_context,0,0,1
建党与大革命,1,湖南省,relation_context,0,0,1
土地革命战争,2,江西省,relation_context,0,0,1
全民族抗日战争,3,湖北省,relation_context,0,0,1
全民族抗日战争,3,安徽省,relation_context,0,0,1
解放战争,4,湖南省,relation_context,0,0,3
全民族抗日战争,3,上海市,relation_context,0,0,1
解放战争,4,江苏省,relation_context,0,0,1
解放战争,4,江苏省,asserted_event_spacetime,1,1,0
建党与大革命,1,上海市,relation_context,0,0,1
土地革命战争,2,湖南省,relation_context,0,0,1
全民族抗日战争,3,湖北省,relation_context,0,0,1
土地革命战争,2,湖南省,relation_context,0,0,1
解放战争,4,江西省,relation_context,0,0,1
全民族抗日战争,3,湖南省,relation_context,0,0,1
解放战争,4,江苏省,relation_context,0,0,1
解放战争,4,江西省,relation_context,0,0,1
建党与大革命,1,上海市,relation_context,0,0,1
土地革命战争,2,湖南省,relation_context,0,0,1
全民族抗日战争,3,安徽省,relation_context,0,0,1
全民族抗日战争,3,重庆市,relation_context,0,0,1
土地革命战争,2,湖南省,relation_context,0,0,1
土地革命战争,2,贵州省,relation_context,0,0,1
建党与大革命,1,江苏省,relation_context,0,0,1
全民族抗日战争,3,江苏省,trusted_event_spacetime,2,1,2
解放战争,4,云南省,relation_context,0,0,1
解放战争,4,云南省,relation_context,0,0,1
土地革命战争,2,四川省,relation_context,0,0,1
建党与大革命,1,贵州省,relation_context,0,0,1
建党与大革命,1,安徽省,relation_context,0,0,1
解放战争,4,江西省,relation_context,0,0,1
解放战争,4,安徽省,relation_context,0,0,7
土地革命战争,2,四川省,relation_context,0,0,1
建党与大革命,1,湖北省,relation_context,0,0,1
解放战争,4,上海市,relation_context,0,0,1
建党与大革命,1,湖南省,relation_context,0,0,5
土地革命战争,2,江苏省,relation_context,0,0,1
土地革命战争,2,四川省,relation_context,0,0,1
解放战争,4,湖北省,trusted_event_spacetime,2,3,5
社会主义革命和建设,5,贵州省,relation_context,0,0,1
社会主义革命和建设,5,四川省,relation_context,0,0,4
全民族抗日战争,3,江苏省,relation_context,0,0,1
土地革命战争,2,江苏省,relation_context,0,0,1
土地革命战争,2,湖南省,relation_context,0,0,1
建党前传播与孕育,0,安徽省,relation_context,0,0,1
社会主义革命和建设,5,湖南省,relation_context,0,0,1
土地革命战争,2,湖北省,relation_context,0,0,1
土地革命战争,2,江西省,relation_context,0,0,1
社会主义革命和建设,5,湖南省,asserted_event_spacetime,1,1,0
社会主义革命和建设,5,江苏省,relation_context,0,0,1
土地革命战争,2,湖南省,relation_context,0,0,2
建党与大革命,1,江西省,asserted_event_spacetime,1,1,0
解放战争,4,上海市,asserted_event_spacetime,1,1,1
全民族抗日战争,3,湖北省,trusted_event_spacetime,1,2,0
解放战争,4,江苏省,relation_context,0,0,1
土地革命战争,2,贵州省,relation_context,0,0,1
社会主义革命和建设,5,贵州省,trusted_event_spacetime,2,1,1
建党与大革命,1,湖南省,relation_context,0,0,1
全民族抗日战争,3,江苏省,relation_context,0,0,1
社会主义革命和建设,5,四川省,asserted_event_spacetime,2,2,0
社会主义革命和建设,5,重庆市,relation_context,0,0,1
土地革命战争,2,江西省,relation_context,0,0,2
建党与大革命,1,湖南省,relation_context,0,0,1
土地革命战争,2,湖南省,relation_context,0,0,1
土地革命战争,2,湖北省,relation_context,0,0,1
建党与大革命,1,湖南省,relation_context,0,0,1
土地革命战争,2,湖北省,relation_context,0,0,1
土地革命战争,2,四川省,relation_context,0,0,2
土地革命战争,2,四川省,relation_context,0,0,2
解放战争,4,江西省,relation_context,0,0,1
解放战争,4,云南省,relation_context,0,0,1
全民族抗日战争,3,云南省,relation_context,0,0,1
土地革命战争,2,四川省,relation_context,0,0,1
解放战争,4,四川省,relation_context,0,0,1
社会主义革命和建设,5,安徽省,asserted_event_spacetime,1,1,1
建党与大革命,1,上海市,relation_context,0,0,1
解放战争,4,云南省,relation_context,0,0,1
解放战争,4,安徽省,relation_context,0,0,1
全民族抗日战争,3,安徽省,relation_context,0,0,3
土地革命战争,2,贵州省,relation_context,0,0,1
建党与大革命,1,江西省,asserted_event_spacetime,3,1,1
解放战争,4,四川省,asserted_event_spacetime,1,1,2
社会主义革命和建设,5,云南省,relation_context,0,0,2
土地革命战争,2,四川省,relation_context,0,0,1
土地革命战争,2,江西省,relation_context,0,0,1
社会主义革命和建设,5,重庆市,trusted_event_spacetime,2,4,8
全民族抗日战争,3,重庆市,relation_context,0,0,1
全民族抗日战争,3,四川省,relation_context,0,0,1
解放战争,4,湖北省,relation_context,0,0,1
全民族抗日战争,3,湖南省,relation_context,0,0,5
建党与大革命,1,湖北省,relation_context,0,0,1
社会主义革命和建设,5,安徽省,relation_context,0,0,5
解放战争,4,安徽省,relation_context,0,0,1
土地革命战争,2,湖南省,relation_context,0,0,1
土地革命战争,2,江西省,relation_context,0,0,1
土地革命战争,2,江西省,relation_context,0,0,1
土地革命战争,2,贵州省,relation_context,0,0,1
土地革命战争,2,江西省,relation_context,0,0,1
建党与大革命,1,四川省,relation_context,0,0,1
全民族抗日战争,3,四川省,relation_context,0,0,6
全民族抗日战争,3,贵州省,relation_context,0,0,1
建党与大革命,1,江苏省,relation_context,0,0,1
土地革命战争,2,江西省,relation_context,0,0,1
解放战争,4,四川省,relation_context,0,0,1
全民族抗日战争,3,江苏省,relation_context,0,0,1
解放战争,4,云南省,relation_context,0,0,1
社会主义革命和建设,5,上海市,asserted_event_spacetime,1,1,1
解放战争,4,贵州省,asserted_event_spacetime,1,2,1
社会主义革命和建设,5,贵州省,relation_context,0,0,1
土地革命战争,2,江西省,relation_context,0,0,3
土地革命战争,2,江西省,relation_context,0,0,1
社会主义革命和建设,5,湖北省,relation_context,0,0,1
建党与大革命,1,湖南省,relation_context,0,0,1
解放战争,4,江苏省,asserted_event_spacetime,2,1,0
社会主义革命和建设,5,湖北省,asserted_event_spacetime,1,1,1
全民族抗日战争,3,四川省,relation_context,0,0,1
土地革命战争,2,安徽省,relation_context,0,0,2
建党与大革命,1,上海市,relation_context,0,0,1
土地革命战争,2,江西省,relation_context,0,0,1
全民族抗日战争,3,江西省,relation_context,0,0,2
解放战争,4,湖北省,relation_context,0,0,1
土地革命战争,2,湖南省,relation_context,0,0,1
全民族抗日战争,3,江苏省,relation_context,0,0,1
土地革命战争,2,江苏省,relation_context,0,0,1
社会主义革命和建设,5,云南省,relation_context,0,0,11
全民族抗日战争,3,贵州省,relation_context,0,0,1
全民族抗日战争,3,云南省,relation_context,0,0,1
土地革命战争,2,江西省,relation_context,0,0,4
土地革命战争,2,湖北省,relation_context,0,0,1
全民族抗日战争,3,云南省,relation_context,0,0,1
土地革命战争,2,江西省,relation_context,0,0,1
解放战争,4,贵州省,relation_context,0,0,3
全民族抗日战争,3,贵州省,relation_context,0,0,1
解放战争,4,贵州省,relation_context,0,0,1
解放战争,4,四川省,relation_context,0,0,2
社会主义革命和建设,5,上海市,asserted_event_spacetime,1,1,1
土地革命战争,2,云南省,relation_context,0,0,1
全民族抗日战争,3,云南省,relation_context,0,0,1
全民族抗日战争,3,云南省,relation_context,0,0,1
土地革命战争,2,湖北省,relation_context,0,0,1
社会主义革命和建设,5,四川省,relation_context,0,0,1
全民族抗日战争,3,江西省,trusted_event_spacetime,3,4,2
解放战争,4,云南省,relation_context,0,0,1
解放战争,4,贵州省,asserted_event_spacetime,1,1,1
解放战争,4,贵州省,relation_context,0,0,1
建党前传播与孕育,0,四川省,relation_context,0,0,1
土地革命战争,2,上海市,relation_context,0,0,2
土地革命战争,2,云南省,relation_context,0,0,1
全民族抗日战争,3,贵州省,relation_context,0,0,1
解放战争,4,云南省,relation_context,0,0,1
解放战争,4,湖北省,asserted_event_spacetime,18,2,0
土地革命战争,2,云南省,trusted_event_spacetime,2,1,1
解放战争,4,云南省,relation_context,0,0,1
土地革命战争,2,湖南省,relation_context,0,0,1
解放战争,4,贵州省,relation_context,0,0,3
土地革命战争,2,江苏省,relation_context,0,0,6
土地革命战争,2,江西省,relation_context,0,0,1
全民族抗日战争,3,湖北省,trusted_event_spacetime,2,1,0
全民族抗日战争,3,安徽省,relation_context,0,0,1
土地革命战争,2,四川省,relation_context,0,0,4
土地革命战争,2,湖北省,relation_context,0,0,2
土地革命战争,2,四川省,relation_context,0,0,1
土地革命战争,2,湖北省,relation_context,0,0,1
社会主义革命和建设,5,贵州省,relation_context,0,0,1
建党与大革命,1,湖北省,asserted_event_spacetime,1,2,4
解放战争,4,云南省,relation_context,0,0,1
土地革命战争,2,江西省,relation_context,0,0,1
土地革命战争,2,江西省,relation_context,0,0,1
建党与大革命,1,湖南省,relation_context,0,0,1
社会主义革命和建设,5,湖南省,relation_context,0,0,2
解放战争,4,浙江省,relation_context,0,0,1
土地革命战争,2,四川省,relation_context,0,0,1
土地革命战争,2,江西省,relation_context,0,0,1
土地革命战争,2,江西省,relation_context,0,0,2
建党与大革命,1,湖北省,relation_context,0,0,3
建党与大革命,1,江西省,relation_context,0,0,1
全民族抗日战争,3,安徽省,relation_context,0,0,1
土地革命战争,2,云南省,relation_context,0,0,1
解放战争,4,贵州省,relation_context,0,0,1
解放战争,4,湖南省,relation_context,0,0,1
解放战争,4,浙江省,relation_context,0,0,1
全民族抗日战争,3,湖南省,relation_context,0,0,2
建党与大革命,1,湖南省,relation_context,0,0,1
土地革命战争,2,湖北省,asserted_event_spacetime,1,1,1
土地革命战争,2,湖南省,relation_context,0,0,1
全民族抗日战争,3,江苏省,relation_context,0,0,1
土地革命战争,2,湖南省,relation_context,0,0,2
解放战争,4,上海市,relation_context,0,0,1
建党与大革命,1,四川省,relation_context,0,0,1
社会主义革命和建设,5,贵州省,relation_context,0,0,2
解放战争,4,上海市,relation_context,0,0,1
土地革命战争,2,贵州省,relation_context,0,0,1
解放战争,4,贵州省,relation_context,0,0,1
解放战争,4,云南省,relation_context,0,0,1
建党与大革命,1,湖南省,relation_context,0,0,2
建党与大革命,1,上海市,relation_context,0,0,1
建党与大革命,1,江苏省,relation_context,0,0,1
解放战争,4,云南省,relation_context,0,0,1
建党与大革命,1,江西省,asserted_event_spacetime,1,1,1
解放战争,4,上海市,relation_context,0,0,2
建党与大革命,1,上海市,relation_context,0,0,1
解放战争,4,重庆市,relation_context,0,0,1
解放战争,4,湖南省,relation_context,0,0,1
土地革命战争,2,湖南省,relation_context,0,0,1
全民族抗日战争,3,安徽省,relation_context,0,0,1
社会主义革命和建设,5,江西省,relation_context,0,0,3
全民族抗日战争,3,湖南省,relation_context,0,0,1
全民族抗日战争,3,贵州省,relation_context,0,0,1
土地革命战争,2,江西省,asserted_event_spacetime,1,1,1
社会主义革命和建设,5,贵州省,relation_context,0,0,1
土地革命战争,2,四川省,relation_context,0,0,1
全民族抗日战争,3,安徽省,relation_context,0,0,1
建党与大革命,1,湖南省,asserted_event_spacetime,1,1,0
社会主义革命和建设,5,云南省,relation_context,0,0,1
全民族抗日战争,3,贵州省,relation_context,0,0,1
全民族抗日战争,3,贵州省,relation_context,0,0,1
改革开放和社会主义现代化建设,6,四川省,relation_context,0,0,1
土地革命战争,2,江西省,relation_context,0,0,1
土地革命战争,2,贵州省,relation_context,0,0,1
土地革命战争,2,江西省,relation_context,0,0,1
建党与大革命,1,四川省,relation_context,0,0,1
土地革命战争,2,湖南省,relation_context,0,0,1
全民族抗日战争,3,安徽省,relation_context,0,0,1
土地革命战争,2,江西省,asserted_event_spacetime,1,1,1
解放战争,4,云南省,relation_context,0,0,1
全民族抗日战争,3,湖北省,relation_context,0,0,1
解放战争,4,贵州省,relation_context,0,0,1
解放战争,4,云南省,relation_context,0,0,1
解放战争,4,上海市,asserted_event_spacetime,1,1,5
土地革命战争,2,四川省,relation_context,0,0,2
土地革命战争,2,贵州省,relation_context,0,0,1
建党与大革命,1,上海市,relation_context,0,0,1
建党前传播与孕育,0,江西省,trusted_event_spacetime,2,1,1
土地革命战争,2,上海市,relation_context,0,0,1
土地革命战争,2,湖南省,relation_context,0,0,2
建党前传播与孕育,0,江苏省,relation_context,0,0,1
解放战争,4,四川省,relation_context,0,0,1
建党与大革命,1,江西省,relation_context,0,0,1
建党与大革命,1,安徽省,relation_context,0,0,1
社会主义革命和建设,5,云南省,relation_context,0,0,1
全民族抗日战争,3,湖北省,relation_context,0,0,1
解放战争,4,重庆市,relation_context,0,0,1
改革开放和社会主义现代化建设,6,江西省,relation_context,0,0,1
建党与大革命,1,江西省,asserted_event_spacetime,1,1,1
社会主义革命和建设,5,湖北省,relation_context,0,0,2
解放战争,4,云南省,relation_context,0,0,1
全民族抗日战争,3,贵州省,relation_context,0,0,1
土地革命战争,2,贵州省,relation_context,0,0,1
建党与大革命,1,四川省,relation_context,0,0,1
全民族抗日战争,3,浙江省,relation_context,0,0,1
社会主义革命和建设,5,江西省,relation_context,0,0,1
改革开放和社会主义现代化建设,6,重庆市,relation_context,0,0,2
解放战争,4,云南省,relation_context,0,0,1
解放战争,4,四川省,relation_context,0,0,1
土地革命战争,2,上海市,relation_context,0,0,1
解放战争,4,贵州省,relation_context,0,0,2
社会主义革命和建设,5,云南省,relation_context,0,0,1
建党与大革命,1,云南省,relation_context,0,0,1
全民族抗日战争,3,湖北省,relation_context,0,0,1
土地革命战争,2,湖南省,relation_context,0,0,1
全民族抗日战争,3,贵州省,relation_context,0,0,1
建党与大革命,1,湖北省,relation_context,0,0,1
全民族抗日战争,3,贵州省,relation_context,0,0,1
土地革命战争,2,上海市,relation_context,0,0,1
土地革命战争,2,云南省,trusted_event_spacetime,1,2,4
建党与大革命,1,湖南省,relation_context,0,0,1
土地革命战争,2,安徽省,relation_context,0,0,1
土地革命战争,2,湖北省,relation_context,0,0,1
全民族抗日战争,3,贵州省,relation_context,0,0,50
全民族抗日战争,3,上海市,relation_context,0,0,1
解放战争,4,江苏省,asserted_event_spacetime,1,1,1
解放战争,4,湖北省,relation_context,0,0,1
全民族抗日战争,3,湖南省,relation_context,0,0,1
土地革命战争,2,四川省,relation_context,0,0,1
全民族抗日战争,3,江苏省,relation_context,0,0,1
建党与大革命,1,上海市,relation_context,0,0,1
全民族抗日战争,3,云南省,relation_context,0,0,1
全民族抗日战争,3,贵州省,relation_context,0,0,1
建党前传播与孕育,0,安徽省,relation_context,0,0,3
解放战争,4,江苏省,relation_context,0,0,1
建党前传播与孕育,0,云南省,relation_context,0,0,2
解放战争,4,重庆市,relation_context,0,0,1
解放战争,4,湖南省,relation_context,0,0,2
全民族抗日战争,3,江苏省,asserted_event_spacetime,1,1,2
土地革命战争,2,湖北省,relation_context,0,0,1
社会主义革命和建设,5,江苏省,relation_context,0,0,2
土地革命战争,2,四川省,relation_context,0,0,1
建党与大革命,1,浙江省,relation_context,0,0,1
解放战争,4,湖南省,asserted_event_spacetime,1,1,1
全民族抗日战争,3,四川省,relation_context,0,0,1
全民族抗日战争,3,浙江省,relation_context,0,0,1
全民族抗日战争,3,安徽省,relation_context,0,0,1
解放战争,4,重庆市,relation_context,0,0,1
全民族抗日战争,3,江苏省,relation_context,0,0,1
全民族抗日战争,3,江苏省,relation_context,0,0,1
土地革命战争,2,上海市,relation_context,0,0,1
社会主义革命和建设,5,贵州省,relation_context,0,0,1
社会主义革命和建设,5,贵州省,relation_context,0,0,2
全民族抗日战争,3,江苏省,relation_context,0,0,1
解放战争,4,江苏省,relation_context,0,0,2
全民族抗日战争,3,江苏省,relation_context,0,0,1
建党前传播与孕育,0,上海市,asserted_event_spacetime,1,1,1
建党与大革命,1,湖南省,relation_context,0,0,1
全民族抗日战争,3,重庆市,relation_context,0,0,1
建党与大革命,1,江苏省,relation_context,0,0,1
社会主义革命和建设,5,上海市,asserted_event_spacetime,1,1,1
解放战争,4,云南省,relation_context,0,0,2
建党与大革命,1,上海市,relation_context,0,0,1
土地革命战争,2,云南省,relation_context,0,0,1
社会主义革命和建设,5,上海市,relation_context,0,0,1
全民族抗日战争,3,江苏省,relation_context,0,0,1
社会主义革命和建设,5,云南省,relation_context,0,0,1
建党与大革命,1,江西省,relation_context,0,0,1
全民族抗日战争,3,云南省,relation_context,0,0,1
社会主义革命和建设,5,湖南省,asserted_event_spacetime,1,1,1
全民族抗日战争,3,云南省,relation_context,0,0,1
社会主义革命和建设,5,江苏省,relation_context,0,0,1
解放战争,4,上海市,asserted_event_spacetime,1,1,1
全民族抗日战争,3,云南省,relation_context,0,0,1
土地革命战争,2,重庆市,relation_context,0,0,1
建党与大革命,1,湖北省,trusted_event_spacetime,2,2,3
土地革命战争,2,贵州省,relation_context,0,0,1
全民族抗日战争,3,江西省,relation_context,0,0,1
土地革命战争,2,四川省,relation_context,0,0,1
建党与大革命,1,上海市,relation_context,0,0,1
全民族抗日战争,3,安徽省,trusted_event_spacetime,1,9,0
土地革命战争,2,江苏省,relation_context,0,0,1
全民族抗日战争,3,浙江省,relation_context,0,0,1
解放战争,4,江苏省,asserted_event_spacetime,1,1,1
建党与大革命,1,湖南省,relation_context,0,0,2
建党与大革命,1,上海市,relation_context,0,0,1
全民族抗日战争,3,湖北省,asserted_event_spacetime,1,1,1
土地革命战争,2,湖北省,relation_context,0,0,1
土地革命战争,2,湖北省,relation_context,0,0,2
全民族抗日战争,3,江苏省,relation_context,0,0,1
建党与大革命,1,云南省,relation_context,0,0,1
解放战争,4,安徽省,relation_context,0,0,1
土地革命战争,2,江西省,relation_context,0,0,1
全民族抗日战争,3,江西省,asserted_event_spacetime,1,1,1
社会主义革命和建设,5,云南省,relation_context,0,0,2
全民族抗日战争,3,湖北省,relation_context,0,0,1
全民族抗日战争,3,安徽省,relation_context,0,0,1
建党与大革命,1,江西省,relation_context,0,0,1
建党与大革命,1,湖南省,relation_context,0,0,1
全民族抗日战争,3,湖南省,relation_context,0,0,1
土地革命战争,2,贵州省,relation_context,0,0,1
解放战争,4,湖北省,relation_context,0,0,1
解放战争,4,上海市,relation_context,0,0,1
解放战争,4,重庆市,relation_context,0,0,1
土地革命战争,2,湖南省,asserted_event_spacetime,1,1,2
全民族抗日战争,3,江苏省,relation_context,0,0,1
全民族抗日战争,3,贵州省,relation_context,0,0,1
解放战争,4,四川省,relation_context,0,0,1
土地革命战争,2,重庆市,relation_context,0,0,2
建党与大革命,1,江西省,relation_context,0,0,1
土地革命战争,2,江西省,relation_context,0,0,1
社会主义革命和建设,5,重庆市,relation_context,0,0,2
解放战争,4,四川省,relation_context,0,0,1
土地革命战争,2,四川省,relation_context,0,0,1
建党与大革命,1,江西省,relation_context,0,0,1
土地革命战争,2,贵州省,relation_context,0,0,1
解放战争,4,上海市,asserted_event_spacetime,1,1,1
建党与大革命,1,湖南省,relation_context,0,0,1
全民族抗日战争,3,江苏省,relation_context,0,0,1
全民族抗日战争,3,云南省,relation_context,0,0,1
建党与大革命,1,湖北省,asserted_event_spacetime,1,1,1
解放战争,4,云南省,relation_context,0,0,2
解放战争,4,四川省,relation_context,0,0,2
解放战争,4,江苏省,relation_context,0,0,2
解放战争,4,江苏省,relation_context,0,0,1
土地革命战争,2,安徽省,relation_context,0,0,1
土地革命战争,2,四川省,relation_context,0,0,1
土地革命战争,2,江西省,relation_context,0,0,1
全民族抗日战争,3,江苏省,relation_context,0,0,1
解放战争,4,江苏省,relation_context,0,0,2
建党与大革命,1,湖南省,relation_context,0,0,1
解放战争,4,贵州省,relation_context,0,0,1
土地革命战争,2,湖北省,relation_context,0,0,1
社会主义革命和建设,5,上海市,relation_context,0,0,1
建党与大革命,1,湖南省,relation_context,0,0,2
解放战争,4,四川省,relation_context,0,0,1
建党与大革命,1,上海市,relation_context,0,0,1
解放战争,4,贵州省,relation_context,0,0,1
建党与大革命,1,湖南省,relation_context,0,0,1
全民族抗日战争,3,江苏省,relation_context,0,0,1
全民族抗日战争,3,湖南省,relation_context,0,0,1
土地革命战争,2,云南省,relation_context,0,0,1
解放战争,4,云南省,relation_context,0,0,1
土地革命战争,2,湖南省,relation_context,0,0,1
土地革命战争,2,贵州省,relation_context,0,0,1
社会主义革命和建设,5,湖南省,relation_context,0,0,1
社会主义革命和建设,5,四川省,relation_context,0,0,1
解放战争,4,湖南省,asserted_event_spacetime,1,1,0
社会主义革命和建设,5,重庆市,relation_context,0,0,1
社会主义革命和建设,5,四川省,relation_context,0,0,3
土地革命战争,2,湖南省,relation_context,0,0,5
土地革命战争,2,云南省,relation_context,0,0,3
全民族抗日战争,3,云南省,relation_context,0,0,5
社会主义革命和建设,5,贵州省,relation_context,0,0,1
解放战争,4,云南省,asserted_event_spacetime,1,1,1
土地革命战争,2,江西省,relation_context,0,0,1
土地革命战争,2,湖北省,relation_context,0,0,1
建党前传播与孕育,0,湖南省,relation_context,0,0,1
全民族抗日战争,3,江苏省,asserted_event_spacetime,4,4,2
土地革命战争,2,四川省,relation_context,0,0,2
全民族抗日战争,3,贵州省,relation_context,0,0,1
全民族抗日战争,3,贵州省,relation_context,0,0,1
社会主义革命和建设,5,贵州省,relation_context,0,0,1
全民族抗日战争,3,江苏省,relation_context,0,0,1
社会主义革命和建设,5,四川省,relation_context,0,0,1
全民族抗日战争,3,江苏省,relation_context,0,0,1
土地革命战争,2,江西省,asserted_event_spacetime,1,1,1
社会主义革命和建设,5,江苏省,relation_context,0,0,1
解放战争,4,上海市,relation_context,0,0,1
建党与大革命,1,江西省,asserted_event_spacetime,1,1,0
解放战争,4,浙江省,relation_context,0,0,1
社会主义革命和建设,5,重庆市,relation_context,0,0,1
建党与大革命,1,湖北省,relation_context,0,0,1
解放战争,4,湖北省,relation_context,0,0,1
全民族抗日战争,3,江苏省,relation_context,0,0,1
建党与大革命,1,湖北省,relation_context,0,0,1
解放战争,4,云南省,relation_context,0,0,2
土地革命战争,2,江西省,relation_context,0,0,1
社会主义革命和建设,5,贵州省,relation_context,0,0,2
社会主义革命和建设,5,云南省,relation_context,0,0,1
解放战争,4,安徽省,relation_context,0,0,1
土地革命战争,2,贵州省,relation_context,0,0,1
解放战争,4,贵州省,relation_context,0,0,1
全民族抗日战争,3,湖南省,relation_context,0,0,1
全民族抗日战争,3,江西省,relation_context,0,0,1
建党与大革命,1,江西省,relation_context,0,0,1
全民族抗日战争,3,云南省,relation_context,0,0,1
建党与大革命,1,湖南省,relation_context,0,0,1
全民族抗日战争,3,浙江省,relation_context,0,0,1
土地革命战争,2,江西省,asserted_event_spacetime,1,2,10
解放战争,4,云南省,relation_context,0,0,1
全民族抗日战争,3,江苏省,asserted_event_spacetime,1,1,1
土地革命战争,2,江西省,relation_context,0,0,1
解放战争,4,重庆市,relation_context,0,0,1
土地革命战争,2,安徽省,relation_context,0,0,1
土地革命战争,2,贵州省,relation_context,0,0,1
建党与大革命,1,江西省,relation_context,0,0,1
土地革命战争,2,安徽省,relation_context,0,0,1
土地革命战争,2,湖北省,relation_context,0,0,1
全民族抗日战争,3,江苏省,relation_context,0,0,1
土地革命战争,2,安徽省,relation_context,0,0,1
解放战争,4,江苏省,asserted_event_spacetime,1,1,0
解放战争,4,湖南省,relation_context,0,0,1
全民族抗日战争,3,湖南省,relation_context,0,0,1
土地革命战争,2,安徽省,relation_context,0,0,1
全民族抗日战争,3,安徽省,relation_context,0,0,1
建党与大革命,1,湖北省,relation_context,0,0,3
土地革命战争,2,湖北省,relation_context,0,0,1
土地革命战争,2,湖北省,trusted_event_spacetime,2,2,4
全民族抗日战争,3,贵州省,relation_context,0,0,1
建党与大革命,1,四川省,relation_context,0,0,3
解放战争,4,云南省,relation_context,0,0,4
解放战争,4,贵州省,asserted_event_spacetime,1,1,1
土地革命战争,2,江西省,relation_context,0,0,1
土地革命战争,2,江西省,relation_context,0,0,1
建党与大革命,1,江西省,relation_context,0,0,1
建党与大革命,1,安徽省,relation_context,0,0,1
解放战争,4,湖南省,relation_context,0,0,1
土地革命战争,2,江西省,relation_context,0,0,1
全民族抗日战争,3,贵州省,relation_context,0,0,1
解放战争,4,贵州省,asserted_event_spacetime,1,1,1
土地革命战争,2,湖北省,asserted_event_spacetime,1,6,0
土地革命战争,2,四川省,relation_context,0,0,1
社会主义革命和建设,5,湖北省,relation_context,0,0,2
解放战争,4,江西省,relation_context,0,0,1
解放战争,4,湖北省,relation_context,0,0,1
土地革命战争,2,贵州省,relation_context,0,0,1
土地革命战争,2,安徽省,relation_context,0,0,1
全民族抗日战争,3,安徽省,relation_context,0,0,2
土地革命战争,2,四川省,relation_context,0,0,1
土地革命战争,2,江西省,relation_context,0,0,1
建党与大革命,1,江西省,asserted_event_spacetime,1,2,1
土地革命战争,2,安徽省,relation_context,0,0,1
解放战争,4,上海市,asserted_event_spacetime,1,1,0
土地革命战争,2,湖北省,relation_context,0,0,2
建党与大革命,1,湖南省,trusted_event_spacetime,2,2,2
建党与大革命,1,江苏省,asserted_event_spacetime,3,1,2
解放战争,4,重庆市,relation_context,0,0,1
解放战争,4,上海市,relation_context,0,0,1
土地革命战争,2,贵州省,relation_context,0,0,1
建党与大革命,1,安徽省,relation_context,0,0,1
土地革命战争,2,云南省,relation_context,0,0,1
土地革命战争,2,四川省,relation_context,0,0,1
解放战争,4,上海市,asserted_event_spacetime,1,2,1
土地革命战争,2,上海市,asserted_event_spacetime,1,1,1
建党与大革命,1,安徽省,relation_context,0,0,1
解放战争,4,贵州省,asserted_event_spacetime,1,3,4
解放战争,4,湖南省,asserted_event_spacetime,1,1,0
土地革命战争,2,四川省,relation_context,0,0,3
土地革命战争,2,湖北省,relation_context,0,0,1
全民族抗日战争,3,四川省,relation_context,0,0,1
土地革命战争,2,湖北省,relation_context,0,0,1
解放战争,4,湖北省,relation_context,0,0,2
全民族抗日战争,3,贵州省,relation_context,0,0,1
土地革命战争,2,湖南省,relation_context,0,0,1
建党前传播与孕育,0,湖北省,relation_context,0,0,1
土地革命战争,2,湖南省,relation_context,0,0,1
建党与大革命,1,江西省,relation_context,0,0,1
全民族抗日战争,3,江西省,relation_context,0,0,1
建党与大革命,1,云南省,relation_context,0,0,1
土地革命战争,2,贵州省,relation_context,0,0,1
建党与大革命,1,湖北省,relation_context,0,0,1
土地革命战争,2,上海市,relation_context,0,0,2
建党与大革命,1,重庆市,relation_context,0,0,1
解放战争,4,贵州省,relation_context,0,0,2
社会主义革命和建设,5,四川省,relation_context,0,0,1
全民族抗日战争,3,湖南省,asserted_event_spacetime,17,2,2
社会主义革命和建设,5,贵州省,relation_context,0,0,1
土地革命战争,2,四川省,relation_context,0,0,1
土地革命战争,2,江西省,relation_context,0,0,2
建党与大革命,1,湖南省,relation_context,0,0,1
全民族抗日战争,3,江苏省,asserted_event_spacetime,1,1,1
全民族抗日战争,3,江西省,relation_context,0,0,1
建党与大革命,1,湖北省,relation_context,0,0,1
土地革命战争,2,江西省,relation_context,0,0,1
建党与大革命,1,湖南省,relation_context,0,0,1
解放战争,4,云南省,relation_context,0,0,1
全民族抗日战争,3,江苏省,relation_context,0,0,2
建党与大革命,1,江西省,relation_context,0,0,2
土地革命战争,2,四川省,relation_context,0,0,1
建党与大革命,1,安徽省,relation_context,0,0,1
土地革命战争,2,湖北省,trusted_event_spacetime,19,3,0
土地革命战争,2,上海市,relation_context,0,0,1
社会主义革命和建设,5,江西省,relation_context,0,0,1
土地革命战争,2,云南省,relation_context,0,0,1
建党与大革命,1,贵州省,relation_context,0,0,1
解放战争,4,江西省,trusted_event_spacetime,3,3,2
社会主义革命和建设,5,湖北省,asserted_event_spacetime,1,1,2
建党前传播与孕育,0,上海市,trusted_event_spacetime,1,1,1
建党与大革命,1,湖南省,relation_context,0,0,1
社会主义革命和建设,5,重庆市,asserted_event_spacetime,1,1,0
土地革命战争,2,湖北省,relation_context,0,0,9
全民族抗日战争,3,浙江省,relation_context,0,0,1
解放战争,4,江西省,asserted_event_spacetime,1,1,1
土地革命战争,2,四川省,relation_context,0,0,1
建党与大革命,1,湖北省,asserted_event_spacetime,1,1,3
解放战争,4,云南省,relation_context,0,0,1
解放战争,4,云南省,asserted_event_spacetime,1,1,1
解放战争,4,四川省,relation_context,0,0,1
社会主义革命和建设,5,云南省,relation_context,0,0,1
建党与大革命,1,湖北省,relation_context,0,0,1
土地革命战争,2,湖北省,relation_context,0,0,2
建党与大革命,1,江西省,relation_context,0,0,1
土地革命战争,2,四川省,relation_context,0,0,1
解放战争,4,浙江省,relation_context,0,0,1
土地革命战争,2,四川省,relation_context,0,0,1
土地革命战争,2,湖南省,relation_context,0,0,1
全民族抗日战争,3,安徽省,relation_context,0,0,1
土地革命战争,2,江西省,relation_context,0,0,1
土地革命战争,2,贵州省,relation_context,0,0,1
土地革命战争,2,湖北省,relation_context,0,0,1
解放战争,4,重庆市,asserted_event_spacetime,1,1,1
土地革命战争,2,湖南省,asserted_event_spacetime,1,2,0
建党与大革命,1,江苏省,relation_context,0,0,1
土地革命战争,2,江苏省,relation_context,0,0,1
土地革命战争,2,江苏省,relation_context,0,0,1
全民族抗日战争,3,湖南省,relation_context,0,0,1
建党前传播与孕育,0,江苏省,relation_context,0,0,1
解放战争,4,云南省,relation_context,0,0,1
解放战争,4,江苏省,relation_context,0,0,1
土地革命战争,2,湖北省,relation_context,0,0,1
社会主义革命和建设,5,云南省,relation_context,0,0,1
土地革命战争,2,江西省,relation_context,0,0,2
土地革命战争,2,贵州省,relation_context,0,0,1
土地革命战争,2,江西省,trusted_event_spacetime,2,2,2
建党与大革命,1,湖南省,relation_context,0,0,1
建党与大革命,1,湖北省,relation_context,0,0,2
土地革命战争,2,江西省,relation_context,0,0,1
解放战争,4,云南省,asserted_event_spacetime,1,1,2
解放战争,4,江苏省,relation_context,0,0,1
建党与大革命,1,江西省,relation_context,0,0,1
土地革命战争,2,湖南省,relation_context,0,0,1
解放战争,4,云南省,relation_context,0,0,1
全民族抗日战争,3,安徽省,relation_context,0,0,1
土地革命战争,2,湖北省,relation_context,0,0,1
建党前传播与孕育,0,贵州省,relation_context,0,0,1
全民族抗日战争,3,江苏省,asserted_event_spacetime,1,1,1
土地革命战争,2,湖南省,relation_context,0,0,1
建党与大革命,1,四川省,relation_context,0,0,1
社会主义革命和建设,5,云南省,relation_context,0,0,1
建党前传播与孕育,0,上海市,relation_context,0,0,1
社会主义革命和建设,5,重庆市,relation_context,0,0,2
解放战争,4,湖北省,relation_context,0,0,1
土地革命战争,2,云南省,relation_context,0,0,1
全民族抗日战争,3,贵州省,relation_context,0,0,1
解放战争,4,云南省,relation_context,0,0,1
土地革命战争,2,四川省,relation_context,0,0,1
解放战争,4,四川省,relation_context,0,0,1
土地革命战争,2,江苏省,relation_context,0,0,1
全民族抗日战争,3,云南省,relation_context,0,0,1
全民族抗日战争,3,湖北省,relation_context,0,0,1
社会主义革命和建设,5,贵州省,asserted_event_spacetime,1,1,1
土地革命战争,2,湖南省,relation_context,0,0,1
解放战争,4,云南省,relation_context,0,0,2
全民族抗日战争,3,重庆市,relation_context,0,0,2
建党前传播与孕育,0,安徽省,relation_context,0,0,1
社会主义革命和建设,5,江苏省,relation_context,0,0,1
土地革命战争,2,四川省,trusted_event_spacetime,2,5,13
土地革命战争,2,江西省,relation_context,0,0,1
解放战争,4,四川省,relation_context,0,0,2
建党前传播与孕育,0,湖南省,relation_context,0,0,1
全民族抗日战争,3,江苏省,relation_context,0,0,1
建党前传播与孕育,0,江西省,relation_context,0,0,1
建党与大革命,1,江苏省,relation_context,0,0,1
全民族抗日战争,3,安徽省,asserted_event_spacetime,1,1,1
全民族抗日战争,3,上海市,relation_context,0,0,1
土地革命战争,2,江西省,relation_context,0,0,1
土地革命战争,2,贵州省,relation_context,0,0,1
全民族抗日战争,3,云南省,relation_context,0,0,1
土地革命战争,2,四川省,relation_context,0,0,1
全民族抗日战争,3,江西省,relation_context,0,0,1
解放战争,4,江西省,relation_context,0,0,1
解放战争,4,四川省,relation_context,0,0,1
土地革命战争,2,安徽省,relation_context,0,0,2
建党与大革命,1,江苏省,relation_context,0,0,1
全民族抗日战争,3,重庆市,relation_context,0,0,1
解放战争,4,四川省,relation_context,0,0,1
土地革命战争,2,四川省,relation_context,0,0,1
解放战争,4,云南省,relation_context,0,0,8
土地革命战争,2,贵州省,relation_context,0,0,2
改革开放和社会主义现代化建设,6,上海市,asserted_event_spacetime,5,1,0
建党与大革命,1,上海市,asserted_event_spacetime,1,1,1
全民族抗日战争,3,西藏自治区,relation_context,0,0,1
土地革命战争,2,江西省,relation_context,0,0,1
土地革命战争,2,湖南省,relation_context,0,0,1
社会主义革命和建设,5,云南省,relation_context,0,0,1
解放战争,4,江西省,relation_context,0,0,2
建党与大革命,1,湖南省,relation_context,0,0,1
解放战争,4,云南省,relation_context,0,0,1
社会主义革命和建设,5,云南省,relation_context,0,0,1
解放战争,4,四川省,relation_context,0,0,1
解放战争,4,湖南省,relation_context,0,0,1
全民族抗日战争,3,江苏省,relation_context,0,0,1
建党与大革命,1,江苏省,relation_context,0,0,1
全民族抗日战争,3,浙江省,relation_context,0,0,1
全民族抗日战争,3,江苏省,relation_context,0,0,2
土地革命战争,2,云南省,relation_context,0,0,1
社会主义革命和建设,5,湖南省,asserted_event_spacetime,1,1,1
土地革命战争,2,湖北省,relation_context,0,0,1
解放战争,4,重庆市,relation_context,0,0,1
全民族抗日战争,3,江苏省,relation_context,0,0,1
建党前传播与孕育,0,湖北省,relation_context,0,0,1
解放战争,4,湖北省,relation_context,0,0,2
土地革命战争,2,上海市,relation_context,0,0,1
土地革命战争,2,湖北省,relation_context,0,0,1
建党与大革命,1,江苏省,relation_context,0,0,1
建党与大革命,1,四川省,relation_context,0,0,1
全民族抗日战争,3,湖北省,relation_context,0,0,1
建党与大革命,1,湖北省,relation_context,0,0,1
社会主义革命和建设,5,湖南省,relation_context,0,0,1
全民族抗日战争,3,安徽省,relation_context,0,0,1
建党与大革命,1,四川省,relation_context,0,0,1
解放战争,4,四川省,relation_context,0,0,1
建党与大革命,1,湖北省,relation_context,0,0,1
全民族抗日战争,3,江苏省,relation_context,0,0,1
解放战争,4,江西省,asserted_event_spacetime,3,5,0
土地革命战争,2,江苏省,relation_context,0,0,1
解放战争,4,贵州省,relation_context,0,0,1
建党前传播与孕育,0,安徽省,trusted_event_spacetime,2,1,1
社会主义革命和建设,5,四川省,relation_context,0,0,1
全民族抗日战争,3,江苏省,trusted_event_spacetime,10,14,31
全民族抗日战争,3,湖南省,relation_context,0,0,1
解放战争,4,上海市,relation_context,0,0,2
土地革命战争,2,江西省,trusted_event_spacetime,2,2,2
土地革命战争,2,四川省,relation_context,0,0,3
建党前传播与孕育,0,四川省,relation_context,0,0,1
全民族抗日战争,3,贵州省,relation_context,0,0,1
社会主义革命和建设,5,四川省,asserted_event_spacetime,1,1,0
改革开放和社会主义现代化建设,6,浙江省,relation_context,0,0,1
全民族抗日战争,3,四川省,relation_context,0,0,1
建党前传播与孕育,0,云南省,trusted_event_spacetime,7,2,5
建党与大革命,1,湖南省,asserted_event_spacetime,3,1,3
全民族抗日战争,3,安徽省,relation_context,0,0,2
建党与大革命,1,湖南省,relation_context,0,0,1
建党与大革命,1,上海市,relation_context,0,0,1
解放战争,4,云南省,relation_context,0,0,1
土地革命战争,2,湖北省,relation_context,0,0,1
全民族抗日战争,3,云南省,relation_context,0,0,1
社会主义革命和建设,5,贵州省,relation_context,0,0,2
解放战争,4,云南省,relation_context,0,0,1
土地革命战争,2,四川省,relation_context,0,0,1
全民族抗日战争,3,四川省,relation_context,0,0,1
社会主义革命和建设,5,重庆市,relation_context,0,0,1
解放战争,4,湖北省,relation_context,0,0,1
土地革命战争,2,云南省,relation_context,0,0,1
全民族抗日战争,3,云南省,relation_context,0,0,2
土地革命战争,2,湖北省,relation_context,0,0,1
建党前传播与孕育,0,江西省,relation_context,0,0,1
解放战争,4,安徽省,relation_context,0,0,1
全民族抗日战争,3,贵州省,relation_context,0,0,1
解放战争,4,四川省,relation_context,0,0,2
解放战争,4,云南省,relation_context,0,0,1
土地革命战争,2,湖北省,relation_context,0,0,1
土地革命战争,2,江西省,asserted_event_spacetime,1,1,1
土地革命战争,2,四川省,asserted_event_spacetime,1,1,4
全民族抗日战争,3,安徽省,relation_context,0,0,1
全民族抗日战争,3,贵州省,relation_context,0,0,1
土地革命战争,2,云南省,relation_context,0,0,2
土地革命战争,2,四川省,relation_context,0,0,3
全民族抗日战争,3,湖北省,asserted_event_spacetime,1,1,1
建党前传播与孕育,0,湖南省,trusted_event_spacetime,2,2,2
土地革命战争,2,安徽省,relation_context,0,0,2
全民族抗日战争,3,云南省,asserted_event_spacetime,1,1,3
建党与大革命,1,湖北省,relation_context,0,0,1
土地革命战争,2,江西省,relation_context,0,0,1
全民族抗日战争,3,上海市,relation_context,0,0,1
土地革命战争,2,上海市,relation_context,0,0,1
社会主义革命和建设,5,四川省,asserted_event_spacetime,1,1,2
解放战争,4,湖北省,relation_context,0,0,1
建党与大革命,1,湖北省,relation_context,0,0,2
建党与大革命,1,重庆市,relation_context,0,0,1
建党与大革命,1,湖南省,relation_context,0,0,6
全民族抗日战争,3,四川省,relation_context,0,0,1
全民族抗日战争,3,江苏省,relation_context,0,0,1
解放战争,4,湖北省,relation_context,0,0,1
土地革命战争,2,湖北省,relation_context,0,0,1
解放战争,4,江苏省,relation_context,0,0,1
社会主义革命和建设,5,上海市,relation_context,0,0,2
社会主义革命和建设,5,江西省,asserted_event_spacetime,1,2,2
社会主义革命和建设,5,贵州省,relation_context,0,0,1
土地革命战争,2,湖南省,relation_context,0,0,1
社会主义革命和建设,5,湖北省,relation_context,0,0,1
建党与大革命,1,四川省,relation_context,0,0,1
全民族抗日战争,3,江苏省,relation_context,0,0,1
建党与大革命,1,湖南省,relation_context,0,0,2
解放战争,4,江苏省,relation_context,0,0,1
社会主义革命和建设,5,重庆市,relation_context,0,0,1
建党前传播与孕育,0,安徽省,relation_context,0,0,1
解放战争,4,贵州省,relation_context,0,0,1
建党前传播与孕育,0,四川省,relation_context,0,0,1
建党与大革命,1,云南省,relation_context,0,0,1
土地革命战争,2,湖南省,relation_context,0,0,1
社会主义革命和建设,5,湖北省,relation_context,0,0,1
解放战争,4,四川省,relation_context,0,0,1
土地革命战争,2,云南省,relation_context,0,0,1
全民族抗日战争,3,湖南省,relation_context,0,0,1
土地革命战争,2,江西省,relation_context,0,0,1
土地革命战争,2,湖北省,relation_context,0,0,5
社会主义革命和建设,5,云南省,relation_context,0,0,1
全民族抗日战争,3,重庆市,relation_context,0,0,1
全民族抗日战争,3,云南省,asserted_event_spacetime,1,1,1
全民族抗日战争,3,江苏省,relation_context,0,0,2
全民族抗日战争,3,贵州省,asserted_event_spacetime,4,16,2
土地革命战争,2,江西省,relation_context,0,0,1
建党与大革命,1,重庆市,relation_context,0,0,1
建党前传播与孕育,0,安徽省,relation_context,0,0,1
建党与大革命,1,上海市,relation_context,0,0,1
全民族抗日战争,3,江苏省,relation_context,0,0,1
全民族抗日战争,3,湖北省,relation_context,0,0,1
全民族抗日战争,3,湖北省,relation_context,0,0,2
建党前传播与孕育,0,湖南省,asserted_event_spacetime,1,1,2
社会主义革命和建设,5,江苏省,asserted_event_spacetime,1,1,1
全民族抗日战争,3,贵州省,relation_context,0,0,3
建党与大革命,1,湖北省,relation_context,0,0,1
土地革命战争,2,湖南省,relation_context,0,0,1
土地革命战争,2,安徽省,relation_context,0,0,1
全民族抗日战争,3,湖北省,relation_context,0,0,1
全民族抗日战争,3,江苏省,relation_context,0,0,1
建党与大革命,1,四川省,relation_context,0,0,3
全民族抗日战争,3,江苏省,relation_context,0,0,1
全民族抗日战争,3,江苏省,relation_context,0,0,2
土地革命战争,2,安徽省,asserted_event_spacetime,1,1,1
全民族抗日战争,3,安徽省,relation_context,0,0,1
土地革命战争,2,湖南省,relation_context,0,0,1
土地革命战争,2,江西省,relation_context,0,0,1
土地革命战争,2,湖南省,relation_context,0,0,1
土地革命战争,2,江西省,relation_context,0,0,1
土地革命战争,2,四川省,relation_context,0,0,1
土地革命战争,2,贵州省,relation_context,0,0,1
土地革命战争,2,贵州省,relation_context,0,0,2
社会主义革命和建设,5,上海市,asserted_event_spacetime,1,1,1
土地革命战争,2,江西省,asserted_event_spacetime,1,1,1
解放战争,4,云南省,relation_context,0,0,1
土地革命战争,2,安徽省,relation_context,0,0,1
全民族抗日战争,3,上海市,relation_context,0,0,1
解放战争,4,四川省,relation_context,0,0,1
土地革命战争,2,湖北省,relation_context,0,0,2
土地革命战争,2,安徽省,relation_context,0,0,1
全民族抗日战争,3,江西省,relation_context,0,0,1
社会主义革命和建设,5,贵州省,asserted_event_spacetime,1,2,1
建党与大革命,1,上海市,relation_context,0,0,1
建党与大革命,1,湖南省,relation_context,0,0,1
全民族抗日战争,3,贵州省,relation_context,0,0,1
建党与大革命,1,云南省,relation_context,0,0,1
改革开放和社会主义现代化建设,6,重庆市,relation_context,0,0,1
全民族抗日战争,3,云南省,relation_context,0,0,1
解放战争,4,贵州省,relation_context,0,0,1
解放战争,4,贵州省,relation_context,0,0,1
解放战争,4,安徽省,relation_context,0,0,1
解放战争,4,浙江省,relation_context,0,0,2
建党与大革命,1,四川省,relation_context,0,0,1
土地革命战争,2,湖南省,relation_context,0,0,1
全民族抗日战争,3,江苏省,relation_context,0,0,1
土地革命战争,2,江西省,trusted_event_spacetime,7,2,3
土地革命战争,2,江西省,relation_context,0,0,1
全民族抗日战争,3,贵州省,relation_context,0,0,1
解放战争,4,贵州省,asserted_event_spacetime,1,1,1
土地革命战争,2,江苏省,relation_context,0,0,1
土地革命战争,2,重庆市,relation_context,0,0,1
土地革命战争,2,湖北省,trusted_event_spacetime,2,2,3
全民族抗日战争,3,湖北省,relation_context,0,0,1
解放战争,4,四川省,relation_context,0,0,1
建党前传播与孕育,0,湖北省,trusted_event_spacetime,7,1,9
土地革命战争,2,四川省,relation_context,0,0,1
全民族抗日战争,3,上海市,relation_context,0,0,1
社会主义革命和建设,5,贵州省,relation_context,0,0,2
解放战争,4,湖北省,relation_context,0,0,1
土地革命战争,2,湖南省,relation_context,0,0,1
建党与大革命,1,湖北省,relation_context,0,0,8
社会主义革命和建设,5,上海市,asserted_event_spacetime,1,1,1
全民族抗日战争,3,四川省,relation_context,0,0,1
解放战争,4,云南省,relation_context,0,0,1
全民族抗日战争,3,贵州省,relation_context,0,0,1
土地革命战争,2,贵州省,relation_context,0,0,2
社会主义革命和建设,5,贵州省,asserted_event_spacetime,1,1,1
解放战争,4,四川省,relation_context,0,0,1
建党前传播与孕育,0,四川省,relation_context,0,0,1
全民族抗日战争,3,上海市,asserted_event_spacetime,3,1,2
社会主义革命和建设,5,重庆市,relation_context,0,0,1
全民族抗日战争,3,四川省,relation_context,0,0,1
土地革命战争,2,安徽省,relation_context,0,0,1
土地革命战争,2,江西省,relation_context,0,0,2
解放战争,4,贵州省,relation_context,0,0,1
全民族抗日战争,3,江西省,relation_context,0,0,1
全民族抗日战争,3,湖北省,relation_context,0,0,1
建党与大革命,1,江西省,trusted_event_spacetime,2,2,2
土地革命战争,2,湖南省,relation_context,0,0,2
土地革命战争,2,湖南省,relation_context,0,0,1
全民族抗日战争,3,安徽省,relation_context,0,0,1
解放战争,4,四川省,relation_context,0,0,1
解放战争,4,贵州省,relation_context,0,0,1
土地革命战争,2,贵州省,relation_context,0,0,1
解放战争,4,云南省,relation_context,0,0,1
社会主义革命和建设,5,四川省,relation_context,0,0,1
土地革命战争,2,云南省,relation_context,0,0,1
全民族抗日战争,3,四川省,relation_context,0,0,1
解放战争,4,重庆市,relation_context,0,0,1
解放战争,4,重庆市,relation_context,0,0,1
土地革命战争,2,江西省,relation_context,0,0,1
全民族抗日战争,3,江苏省,relation_context,0,0,1
解放战争,4,四川省,relation_context,0,0,1
建党与大革命,1,湖南省,relation_context,0,0,19
解放战争,4,云南省,asserted_event_spacetime,1,2,7
全民族抗日战争,3,江苏省,relation_context,0,0,1
全民族抗日战争,3,江苏省,relation_context,0,0,1
全民族抗日战争,3,安徽省,relation_context,0,0,1
土地革命战争,2,湖北省,relation_context,0,0,2
解放战争,4,湖南省,relation_context,0,0,1
解放战争,4,云南省,relation_context,0,0,1
解放战争,4,云南省,relation_context,0,0,1
社会主义革命和建设,5,湖南省,relation_context,0,0,1
解放战争,4,西藏自治区,relation_context,0,0,1
全民族抗日战争,3,重庆市,relation_context,0,0,1
全民族抗日战争,3,四川省,relation_context,0,0,1
全民族抗日战争,3,江苏省,relation_context,0,0,1
全民族抗日战争,3,江西省,asserted_event_spacetime,1,1,1
全民族抗日战争,3,云南省,relation_context,0,0,1
土地革命战争,2,贵州省,relation_context,0,0,2
建党与大革命,1,江西省,relation_context,0,0,2
社会主义革命和建设,5,贵州省,relation_context,0,0,1
建党与大革命,1,上海市,trusted_event_spacetime,1,1,0
全民族抗日战争,3,云南省,relation_context,0,0,1
土地革命战争,2,湖北省,asserted_event_spacetime,1,1,3
建党与大革命,1,云南省,relation_context,0,0,1
建党前传播与孕育,0,上海市,relation_context,0,0,1
建党与大革命,1,湖南省,relation_context,0,0,1
解放战争,4,四川省,trusted_event_spacetime,3,1,0
解放战争,4,四川省,relation_context,0,0,1
解放战争,4,江苏省,relation_context,0,0,1
全民族抗日战争,3,浙江省,relation_context,0,0,1
全民族抗日战争,3,安徽省,relation_context,0,0,1
建党与大革命,1,上海市,relation_context,0,0,1
建党与大革命,1,四川省,relation_context,0,0,1
土地革命战争,2,湖北省,trusted_event_spacetime,1,3,4
全民族抗日战争,3,江苏省,relation_context,0,0,1
土地革命战争,2,四川省,relation_context,0,0,1
土地革命战争,2,湖南省,asserted_event_spacetime,1,1,1
社会主义革命和建设,5,贵州省,relation_context,0,0,2
建党与大革命,1,云南省,relation_context,0,0,1
土地革命战争,2,江西省,relation_context,0,0,5
土地革命战争,2,贵州省,relation_context,0,0,1
全民族抗日战争,3,浙江省,relation_context,0,0,1
建党前传播与孕育,0,湖北省,relation_context,0,0,1
土地革命战争,2,贵州省,relation_context,0,0,2
建党与大革命,1,江西省,relation_context,0,0,1
社会主义革命和建设,5,云南省,relation_context,0,0,1
土地革命战争,2,湖南省,relation_context,0,0,1
全民族抗日战争,3,安徽省,relation_context,0,0,1
解放战争,4,湖北省,relation_context,0,0,1
全民族抗日战争,3,江苏省,relation_context,0,0,1
建党与大革命,1,湖南省,relation_context,0,0,1
建党与大革命,1,四川省,relation_context,0,0,1
土地革命战争,2,湖北省,asserted_event_spacetime,1,1,0
解放战争,4,安徽省,relation_context,0,0,1
解放战争,4,四川省,relation_context,0,0,1
土地革命战争,2,湖北省,relation_context,0,0,1
建党与大革命,1,湖南省,relation_context,0,0,1
土地革命战争,2,贵州省,relation_context,0,0,1
建党与大革命,1,湖南省,trusted_event_spacetime,2,2,5
全民族抗日战争,3,湖北省,relation_context,0,0,1
全民族抗日战争,3,上海市,relation_context,0,0,1
社会主义革命和建设,5,贵州省,trusted_event_spacetime,2,2,2
社会主义革命和建设,5,上海市,relation_context,0,0,1
全民族抗日战争,3,江西省,relation_context,0,0,1
土地革命战争,2,江西省,relation_context,0,0,9
全民族抗日战争,3,云南省,relation_context,0,0,1
土地革命战争,2,江西省,relation_context,0,0,1
土地革命战争,2,四川省,relation_context,0,0,1
土地革命战争,2,云南省,relation_context,0,0,2
建党与大革命,1,湖北省,relation_context,0,0,1
全民族抗日战争,3,江苏省,relation_context,0,0,1
解放战争,4,江苏省,relation_context,0,0,1
建党与大革命,1,上海市,relation_context,0,0,1
全民族抗日战争,3,云南省,relation_context,0,0,1
土地革命战争,2,湖南省,relation_context,0,0,1
社会主义革命和建设,5,贵州省,relation_context,0,0,1
建党前传播与孕育,0,上海市,relation_context,0,0,1
全民族抗日战争,3,江苏省,relation_context,0,0,1
社会主义革命和建设,5,江西省,relation_context,0,0,1
全民族抗日战争,3,江苏省,relation_context,0,0,1
土地革命战争,2,湖北省,relation_context,0,0,8
全民族抗日战争,3,江苏省,relation_context,0,0,1
土地革命战争,2,云南省,relation_context,0,0,2
社会主义革命和建设,5,安徽省,relation_context,0,0,1
全民族抗日战争,3,贵州省,relation_context,0,0,1
建党与大革命,1,云南省,relation_context,0,0,1
解放战争,4,四川省,relation_context,0,0,1
土地革命战争,2,四川省,relation_context,0,0,1
土地革命战争,2,四川省,relation_context,0,0,1
社会主义革命和建设,5,云南省,asserted_event_spacetime,7,1,0
全民族抗日战争,3,安徽省,relation_context,0,0,1
全民族抗日战争,3,安徽省,relation_context,0,0,1
全民族抗日战争,3,上海市,relation_context,0,0,1
全民族抗日战争,3,云南省,relation_context,0,0,1
解放战争,4,四川省,relation_context,0,0,1
土地革命战争,2,四川省,relation_context,0,0,2
社会主义革命和建设,5,贵州省,asserted_event_spacetime,1,1,2
全民族抗日战争,3,重庆市,relation_context,0,0,1
土地革命战争,2,贵州省,relation_context,0,0,1
建党与大革命,1,湖南省,relation_context,0,0,2
社会主义革命和建设,5,重庆市,trusted_event_spacetime,2,1,0
解放战争,4,云南省,relation_context,0,0,1
土地革命战争,2,湖南省,relation_context,0,0,1
建党与大革命,1,江西省,relation_context,0,0,1
解放战争,4,云南省,asserted_event_spacetime,1,1,1
土地革命战争,2,四川省,relation_context,0,0,1
社会主义革命和建设,5,贵州省,relation_context,0,0,1
土地革命战争,2,江苏省,relation_context,0,0,1
建党与大革命,1,江西省,relation_context,0,0,1
土地革命战争,2,湖北省,relation_context,0,0,1
土地革命战争,2,江西省,trusted_event_spacetime,1,2,2
土地革命战争,2,湖南省,relation_context,0,0,1
解放战争,4,贵州省,relation_context,0,0,1
土地革命战争,2,江苏省,relation_context,0,0,1
全民族抗日战争,3,江苏省,relation_context,0,0,1
土地革命战争,2,江苏省,relation_context,0,0,1
建党前传播与孕育,0,湖北省,relation_context,0,0,1
土地革命战争,2,四川省,relation_context,0,0,3
土地革命战争,2,四川省,relation_context,0,0,1
土地革命战争,2,安徽省,relation_context,0,0,2
土地革命战争,2,湖南省,relation_context,0,0,1
土地革命战争,2,安徽省,relation_context,0,0,9
解放战争,4,贵州省,asserted_event_spacetime,1,7,0
社会主义革命和建设,5,贵州省,relation_context,0,0,1
土地革命战争,2,四川省,relation_context,0,0,1
社会主义革命和建设,5,云南省,relation_context,0,0,3
土地革命战争,2,云南省,relation_context,0,0,1
土地革命战争,2,四川省,relation_context,0,0,1
解放战争,4,四川省,relation_context,0,0,1
全民族抗日战争,3,贵州省,relation_context,0,0,14
全民族抗日战争,3,云南省,relation_context,0,0,1
全民族抗日战争,3,安徽省,relation_context,0,0,1
社会主义革命和建设,5,重庆市,relation_context,0,0,1
全民族抗日战争,3,江苏省,relation_context,0,0,1
土地革命战争,2,江西省,relation_context,0,0,1
全民族抗日战争,3,江苏省,relation_context,0,0,1
土地革命战争,2,安徽省,relation_context,0,0,1
解放战争,4,云南省,relation_context,0,0,1
土地革命战争,2,四川省,relation_context,0,0,2
建党前传播与孕育,0,湖南省,relation_context,0,0,1
土地革命战争,2,江西省,relation_context,0,0,1
土地革命战争,2,安徽省,relation_context,0,0,1
土地革命战争,2,江西省,relation_context,0,0,2
土地革命战争,2,江西省,relation_context,0,0,1
土地革命战争,2,湖北省,relation_context,0,0,1
土地革命战争,2,江西省,trusted_event_spacetime,2,1,1
土地革命战争,2,湖南省,relation_context,0,0,1
建党与大革命,1,江西省,asserted_event_spacetime,1,1,1
解放战争,4,湖南省,relation_context,0,0,1
土地革命战争,2,江西省,relation_context,0,0,1
建党与大革命,1,湖北省,relation_context,0,0,1
全民族抗日战争,3,贵州省,relation_context,0,0,1
全民族抗日战争,3,上海市,relation_context,0,0,1
全民族抗日战争,3,安徽省,relation_context,0,0,1
全民族抗日战争,3,江西省,asserted_event_spacetime,1,1,0
土地革命战争,2,四川省,relation_context,0,0,1
社会主义革命和建设,5,湖南省,relation_context,0,0,1
全民族抗日战争,3,江苏省,relation_context,0,0,1
改革开放和社会主义现代化建设,6,江西省,relation_context,0,0,1
土地革命战争,2,云南省,relation_context,0,0,1
建党前传播与孕育,0,浙江省,relation_context,0,0,1
建党与大革命,1,湖北省,relation_context,0,0,1
土地革命战争,2,上海市,relation_context,0,0,1
解放战争,4,湖南省,relation_context,0,0,1
土地革命战争,2,江西省,relation_context,0,0,1
全民族抗日战争,3,江苏省,relation_context,0,0,1
全民族抗日战争,3,贵州省,relation_context,0,0,2
建党与大革命,1,湖北省,relation_context,0,0,1
全民族抗日战争,3,贵州省,relation_context,0,0,1
全民族抗日战争,3,云南省,relation_context,0,0,1
土地革命战争,2,湖南省,trusted_event_spacetime,2,2,2
社会主义革命和建设,5,江苏省,relation_context,0,0,3
土地革命战争,2,江西省,relation_context,0,0,1
建党与大革命,1,湖北省,relation_context,0,0,1
土地革命战争,2,四川省,relation_context,0,0,1
全民族抗日战争,3,江西省,relation_context,0,0,2
土地革命战争,2,安徽省,relation_context,0,0,1
建党前传播与孕育,0,湖北省,relation_context,0,0,1
土地革命战争,2,云南省,relation_context,0,0,1
土地革命战争,2,湖北省,relation_context,0,0,1
土地革命战争,2,江西省,relation_context,0,0,1
解放战争,4,安徽省,relation_context,0,0,1
解放战争,4,湖北省,relation_context,0,0,1
解放战争,4,江苏省,relation_context,0,0,1
解放战争,4,安徽省,relation_context,0,0,1
解放战争,4,贵州省,relation_context,0,0,1
建党与大革命,1,江西省,relation_context,0,0,1
土地革命战争,2,四川省,relation_context,0,0,1
土地革命战争,2,贵州省,trusted_event_spacetime,1,12,84
全民族抗日战争,3,安徽省,relation_context,0,0,1
建党前传播与孕育,0,湖北省,relation_context,0,0,1
全民族抗日战争,3,安徽省,relation_context,0,0,1
全民族抗日战争,3,江苏省,relation_context,0,0,1
土地革命战争,2,江西省,relation_context,0,0,1
建党与大革命,1,湖北省,relation_context,0,0,2
建党与大革命,1,江苏省,relation_context,0,0,1
解放战争,4,云南省,asserted_event_spacetime,3,1,0
土地革命战争,2,湖北省,relation_context,0,0,1
社会主义革命和建设,5,四川省,relation_context,0,0,1
解放战争,4,贵州省,relation_context,0,0,1
建党与大革命,1,安徽省,relation_context,0,0,1
土地革命战争,2,安徽省,relation_context,0,0,1
解放战争,4,云南省,relation_context,0,0,1
解放战争,4,湖北省,relation_context,0,0,1
社会主义革命和建设,5,湖南省,relation_context,0,0,1
建党与大革命,1,湖北省,relation_context,0,0,1
社会主义革命和建设,5,四川省,asserted_event_spacetime,1,1,1
社会主义革命和建设,5,云南省,relation_context,0,0,1
建党前传播与孕育,0,贵州省,relation_context,0,0,1
土地革命战争,2,四川省,relation_context,0,0,1
土地革命战争,2,安徽省,relation_context,0,0,1
土地革命战争,2,重庆市,relation_context,0,0,2
全民族抗日战争,3,安徽省,relation_context,0,0,1
土地革命战争,2,安徽省,relation_context,0,0,7
土地革命战争,2,湖南省,relation_context,0,0,1
全民族抗日战争,3,云南省,relation_context,0,0,2
土地革命战争,2,湖北省,relation_context,0,0,1
全民族抗日战争,3,重庆市,relation_context,0,0,1
全民族抗日战争,3,贵州省,relation_context,0,0,1
土地革命战争,2,贵州省,relation_context,0,0,1
土地革命战争,2,湖北省,relation_context,0,0,1
土地革命战争,2,四川省,relation_context,0,0,1
解放战争,4,四川省,relation_context,0,0,1
建党与大革命,1,湖南省,relation_context,0,0,2
建党与大革命,1,湖北省,relation_context,0,0,1
全民族抗日战争,3,安徽省,relation_context,0,0,2
土地革命战争,2,四川省,relation_context,0,0,1
土地革命战争,2,江西省,relation_context,0,0,2
社会主义革命和建设,5,湖北省,relation_context,0,0,1
社会主义革命和建设,5,云南省,trusted_event_spacetime,1,1,0
全民族抗日战争,3,四川省,relation_context,0,0,1
解放战争,4,四川省,relation_context,0,0,1
全民族抗日战争,3,重庆市,relation_context,0,0,1
土地革命战争,2,江苏省,relation_context,0,0,1
解放战争,4,湖南省,relation_context,0,0,1
解放战争,4,湖北省,relation_context,0,0,1
土地革命战争,2,安徽省,relation_context,0,0,1
全民族抗日战争,3,江西省,relation_context,0,0,1
解放战争,4,云南省,relation_context,0,0,1
社会主义革命和建设,5,贵州省,relation_context,0,0,1
全民族抗日战争,3,安徽省,relation_context,0,0,1
建党与大革命,1,云南省,relation_context,0,0,1
建党与大革命,1,云南省,relation_context,0,0,1
建党与大革命,1,四川省,relation_context,0,0,1
社会主义革命和建设,5,江苏省,relation_context,0,0,2
社会主义革命和建设,5,贵州省,asserted_event_spacetime,1,3,4
解放战争,4,江苏省,relation_context,0,0,1
建党与大革命,1,湖北省,asserted_event_spacetime,1,16,7
解放战争,4,四川省,relation_context,0,0,1
土地革命战争,2,湖北省,trusted_event_spacetime,7,1,1
建党与大革命,1,江苏省,relation_context,0,0,1
建党与大革命,1,湖北省,relation_context,0,0,1
土地革命战争,2,四川省,relation_context,0,0,1
社会主义革命和建设,5,湖北省,relation_context,0,0,1
解放战争,4,江苏省,relation_context,0,0,1
社会主义革命和建设,5,云南省,relation_context,0,0,1
土地革命战争,2,云南省,relation_context,0,0,1
建党与大革命,1,江西省,relation_context,0,0,1
解放战争,4,江西省,relation_context,0,0,1
全民族抗日战争,3,江西省,relation_context,0,0,1
土地革命战争,2,湖南省,relation_context,0,0,2
解放战争,4,上海市,relation_context,0,0,1
全民族抗日战争,3,贵州省,asserted_event_spacetime,1,1,1
土地革命战争,2,湖北省,relation_context,0,0,1
解放战争,4,江苏省,relation_context,0,0,2
土地革命战争,2,江西省,relation_context,0,0,1
解放战争,4,云南省,relation_context,0,0,1
土地革命战争,2,湖南省,relation_context,0,0,1
解放战争,4,安徽省,relation_context,0,0,1
解放战争,4,湖南省,relation_context,0,0,1
土地革命战争,2,湖南省,relation_context,0,0,1
土地革命战争,2,四川省,relation_context,0,0,2
解放战争,4,贵州省,asserted_event_spacetime,1,1,0
解放战争,4,重庆市,relation_context,0,0,1
建党前传播与孕育,0,江苏省,relation_context,0,0,3
土地革命战争,2,湖北省,relation_context,0,0,2
社会主义革命和建设,5,贵州省,relation_context,0,0,1
土地革命战争,2,江西省,relation_context,0,0,1
解放战争,4,湖北省,relation_context,0,0,1
土地革命战争,2,江西省,relation_context,0,0,1
建党与大革命,1,贵州省,relation_context,0,0,1
社会主义革命和建设,5,云南省,relation_context,0,0,6
社会主义革命和建设,5,江西省,relation_context,0,0,1
土地革命战争,2,江西省,relation_context,0,0,1
建党与大革命,1,安徽省,relation_context,0,0,2
全民族抗日战争,3,安徽省,relation_context,0,0,1
建党与大革命,1,云南省,relation_context,0,0,1
社会主义革命和建设,5,四川省,relation_context,0,0,2
土地革命战争,2,贵州省,relation_context,0,0,1
社会主义革命和建设,5,四川省,relation_context,0,0,1
土地革命战争,2,云南省,relation_context,0,0,1
全民族抗日战争,3,云南省,relation_context,0,0,1
土地革命战争,2,安徽省,asserted_event_spacetime,1,4,0
土地革命战争,2,江西省,relation_context,0,0,1
解放战争,4,四川省,asserted_event_spacetime,1,1,1
全民族抗日战争,3,江苏省,asserted_event_spacetime,1,1,1
社会主义革命和建设,5,贵州省,asserted_event_spacetime,1,1,1
社会主义革命和建设,5,贵州省,relation_context,0,0,1
土地革命战争,2,贵州省,relation_context,0,0,1
解放战争,4,上海市,asserted_event_spacetime,1,2,1
土地革命战争,2,湖北省,relation_context,0,0,2
解放战争,4,安徽省,relation_context,0,0,1
社会主义革命和建设,5,贵州省,relation_context,0,0,1
土地革命战争,2,湖北省,relation_context,0,0,1
社会主义革命和建设,5,贵州省,relation_context,0,0,4
解放战争,4,上海市,asserted_event_spacetime,1,1,1
土地革命战争,2,重庆市,relation_context,0,0,1
全民族抗日战争,3,湖南省,relation_context,0,0,2
土地革命战争,2,安徽省,relation_context,0,0,1
全民族抗日战争,3,云南省,relation_context,0,0,4
解放战争,4,云南省,relation_context,0,0,1
全民族抗日战争,3,贵州省,relation_context,0,0,2
建党与大革命,1,云南省,relation_context,0,0,1
全民族抗日战争,3,四川省,relation_context,0,0,1
解放战争,4,云南省,relation_context,0,0,1
建党与大革命,1,江苏省,relation_context,0,0,1
土地革命战争,2,湖北省,relation_context,0,0,1
解放战争,4,云南省,relation_context,0,0,1
解放战争,4,云南省,relation_context,0,0,1
全民族抗日战争,3,江苏省,relation_context,0,0,1
全民族抗日战争,3,云南省,asserted_event_spacetime,1,1,1
全民族抗日战争,3,安徽省,relation_context,0,0,1
解放战争,4,江西省,relation_context,0,0,1
解放战争,4,贵州省,relation_context,0,0,4
全民族抗日战争,3,安徽省,relation_context,0,0,1
土地革命战争,2,四川省,relation_context,0,0,1
解放战争,4,湖南省,asserted_event_spacetime,1,3,0
解放战争,4,江西省,relation_context,0,0,1
解放战争,4,四川省,relation_context,0,0,1
土地革命战争,2,湖南省,asserted_event_spacetime,1,2,4
解放战争,4,重庆市,relation_context,0,0,1
建党与大革命,1,湖北省,relation_context,0,0,1
建党与大革命,1,江西省,relation_context,0,0,2
全民族抗日战争,3,贵州省,relation_context,0,0,2
建党与大革命,1,四川省,relation_context,0,0,1
全民族抗日战争,3,贵州省,relation_context,0,0,2
土地革命战争,2,江西省,trusted_event_spacetime,1,1,1
解放战争,4,贵州省,relation_context,0,0,1
建党与大革命,1,云南省,asserted_event_spacetime,1,1,0
解放战争,4,江苏省,relation_context,0,0,1
土地革命战争,2,江西省,relation_context,0,0,2
土地革命战争,2,四川省,relation_context,0,0,1
土地革命战争,2,上海市,relation_context,0,0,1
土地革命战争,2,江苏省,relation_context,0,0,1
社会主义革命和建设,5,云南省,relation_context,0,0,1
建党与大革命,1,湖北省,relation_context,0,0,1
全民族抗日战争,3,贵州省,relation_context,0,0,1
建党与大革命,1,四川省,relation_context,0,0,1
全民族抗日战争,3,湖北省,asserted_event_spacetime,17,2,0
土地革命战争,2,贵州省,relation_context,0,0,1
全民族抗日战争,3,江苏省,asserted_event_spacetime,1,3,3
全民族抗日战争,3,重庆市,relation_context,0,0,1
解放战争,4,四川省,relation_context,0,0,1
全民族抗日战争,3,安徽省,asserted_event_spacetime,1,2,1
解放战争,4,上海市,asserted_event_spacetime,1,1,1
土地革命战争,2,四川省,relation_context,0,0,1
社会主义革命和建设,5,湖南省,relation_context,0,0,1
土地革命战争,2,贵州省,relation_context,0,0,1
建党与大革命,1,湖南省,asserted_event_spacetime,1,1,1
解放战争,4,湖北省,relation_context,0,0,1
土地革命战争,2,四川省,trusted_event_spacetime,1,15,12
全民族抗日战争,3,湖南省,relation_context,0,0,2
解放战争,4,重庆市,relation_context,0,0,1
建党与大革命,1,湖南省,trusted_event_spacetime,1,1,2
建党与大革命,1,贵州省,relation_context,0,0,1
解放战争,4,贵州省,relation_context,0,0,1
社会主义革命和建设,5,云南省,relation_context,0,0,2
土地革命战争,2,湖南省,relation_context,0,0,1
全民族抗日战争,3,江苏省,relation_context,0,0,2
解放战争,4,湖北省,relation_context,0,0,1
社会主义革命和建设,5,四川省,asserted_event_spacetime,1,2,1
全民族抗日战争,3,云南省,relation_context,0,0,1
土地革命战争,2,贵州省,asserted_event_spacetime,1,1,1
土地革命战争,2,四川省,relation_context,0,0,1
解放战争,4,安徽省,relation_context,0,0,1
全民族抗日战争,3,安徽省,relation_context,0,0,1
土地革命战争,2,贵州省,relation_context,0,0,1
土地革命战争,2,江苏省,asserted_event_spacetime,1,1,1
土地革命战争,2,四川省,relation_context,0,0,1
解放战争,4,贵州省,relation_context,0,0,1
土地革命战争,2,云南省,relation_context,0,0,2
土地革命战争,2,云南省,asserted_event_spacetime,1,1,1
解放战争,4,云南省,relation_context,0,0,1
建党与大革命,1,湖南省,asserted_event_spacetime,1,1,1
全民族抗日战争,3,江苏省,relation_context,0,0,1
建党与大革命,1,江西省,relation_context,0,0,2
解放战争,4,四川省,relation_context,0,0,1
土地革命战争,2,四川省,relation_context,0,0,2
全民族抗日战争,3,安徽省,relation_context,0,0,1
土地革命战争,2,重庆市,relation_context,0,0,1
土地革命战争,2,贵州省,relation_context,0,0,1
全民族抗日战争,3,江苏省,relation_context,0,0,1
全民族抗日战争,3,云南省,relation_context,0,0,3
全民族抗日战争,3,四川省,relation_context,0,0,1
社会主义革命和建设,5,四川省,relation_context,0,0,1
建党与大革命,1,湖南省,relation_context,0,0,1
土地革命战争,2,湖南省,relation_context,0,0,1
土地革命战争,2,安徽省,relation_context,0,0,1
解放战争,4,贵州省,relation_context,0,0,1
全民族抗日战争,3,上海市,relation_context,0,0,1
建党与大革命,1,湖北省,relation_context,0,0,1
建党与大革命,1,湖北省,relation_context,0,0,3
解放战争,4,云南省,relation_context,0,0,1
解放战争,4,云南省,asserted_event_spacetime,1,1,2
建党与大革命,1,重庆市,trusted_event_spacetime,1,1,0
建党与大革命,1,江西省,relation_context,0,0,2
解放战争,4,四川省,relation_context,0,0,1
全民族抗日战争,3,江苏省,relation_context,0,0,1
全民族抗日战争,3,重庆市,relation_context,0,0,1
建党与大革命,1,湖南省,relation_context,0,0,2
土地革命战争,2,安徽省,relation_context,0,0,1
社会主义革命和建设,5,云南省,trusted_event_spacetime,2,1,2
全民族抗日战争,3,贵州省,relation_context,0,0,1
建党与大革命,1,贵州省,asserted_event_spacetime,3,1,7
土地革命战争,2,四川省,relation_context,0,0,1
土地革命战争,2,贵州省,relation_context,0,0,1
全民族抗日战争,3,江苏省,relation_context,0,0,1
土地革命战争,2,湖北省,asserted_event_spacetime,1,1,1
土地革命战争,2,湖南省,relation_context,0,0,1
社会主义革命和建设,5,贵州省,relation_context,0,0,2
社会主义革命和建设,5,四川省,trusted_event_spacetime,2,3,5
土地革命战争,2,湖南省,relation_context,0,0,7
社会主义革命和建设,5,贵州省,relation_context,0,0,1
土地革命战争,2,湖南省,relation_context,0,0,2
解放战争,4,江西省,relation_context,0,0,1
土地革命战争,2,云南省,relation_context,0,0,1
解放战争,4,四川省,relation_context,0,0,3
土地革命战争,2,江苏省,relation_context,0,0,1
建党与大革命,1,安徽省,relation_context,0,0,1
全民族抗日战争,3,湖南省,relation_context,0,0,1
土地革命战争,2,湖南省,relation_context,0,0,1
解放战争,4,江苏省,relation_context,0,0,2
社会主义革命和建设,5,贵州省,asserted_event_spacetime,1,1,1
建党前传播与孕育,0,湖南省,trusted_event_spacetime,2,1,1
社会主义革命和建设,5,云南省,relation_context,0,0,1
土地革命战争,2,江西省,relation_context,0,0,1
社会主义革命和建设,5,四川省,relation_context,0,0,1
土地革命战争,2,湖南省,relation_context,0,0,1
建党与大革命,1,四川省,relation_context,0,0,2
建党与大革命,1,重庆市,relation_context,0,0,1
建党与大革命,1,上海市,relation_context,0,0,3
土地革命战争,2,贵州省,relation_context,0,0,1
土地革命战争,2,湖南省,relation_context,0,0,1
全民族抗日战争,3,江西省,relation_context,0,0,1
全民族抗日战争,3,江苏省,relation_context,0,0,1
解放战争,4,上海市,relation_context,0,0,1
建党与大革命,1,湖南省,relation_context,0,0,1
建党与大革命,1,湖南省,relation_context,0,0,1
土地革命战争,2,江西省,asserted_event_spacetime,1,1,1
解放战争,4,湖北省,relation_context,0,0,1
土地革命战争,2,贵州省,relation_context,0,0,1
社会主义革命和建设,5,贵州省,relation_context,0,0,1
土地革命战争,2,四川省,relation_context,0,0,4
土地革命战争,2,湖南省,relation_context,0,0,1
建党与大革命,1,江西省,relation_context,0,0,1
全民族抗日战争,3,湖南省,relation_context,0,0,1
土地革命战争,2,江苏省,asserted_event_spacetime,1,2,3
解放战争,4,湖南省,relation_context,0,0,1
全民族抗日战争,3,湖北省,relation_context,0,0,1
建党与大革命,1,重庆市,relation_context,0,0,2
社会主义革命和建设,5,江西省,relation_context,0,0,1
解放战争,4,江苏省,relation_context,0,0,1
建党与大革命,1,江西省,relation_context,0,0,1
土地革命战争,2,江苏省,relation_context,0,0,1
土地革命战争,2,安徽省,relation_context,0,0,2
土地革命战争,2,江西省,relation_context,0,0,1
社会主义革命和建设,5,四川省,relation_context,0,0,2
建党前传播与孕育,0,江西省,relation_context,0,0,1
全民族抗日战争,3,贵州省,relation_context,0,0,2
全民族抗日战争,3,江苏省,relation_context,0,0,1
解放战争,4,四川省,relation_context,0,0,2
全民族抗日战争,3,江苏省,relation_context,0,0,1
土地革命战争,2,湖北省,relation_context,0,0,1
解放战争,4,四川省,relation_context,0,0,3
全民族抗日战争,3,湖北省,relation_context,0,0,1
土地革命战争,2,江西省,relation_context,0,0,1
解放战争,4,贵州省,relation_context,0,0,4
解放战争,4,贵州省,relation_context,0,0,1
解放战争,4,重庆市,relation_context,0,0,1
土地革命战争,2,云南省,relation_context,0,0,1
土地革命战争,2,江苏省,relation_context,0,0,1
建党与大革命,1,江西省,relation_context,0,0,1
土地革命战争,2,湖南省,relation_context,0,0,1
建党与大革命,1,湖南省,relation_context,0,0,1
全民族抗日战争,3,云南省,relation_context,0,0,1
社会主义革命和建设,5,上海市,relation_context,0,0,3
建党与大革命,1,上海市,asserted_event_spacetime,1,1,1
社会主义革命和建设,5,贵州省,relation_context,0,0,3
全民族抗日战争,3,江苏省,relation_context,0,0,2
建党前传播与孕育,0,江西省,relation_context,0,0,2
解放战争,4,重庆市,relation_context,0,0,2
解放战争,4,湖南省,relation_context,0,0,1
解放战争,4,贵州省,relation_context,0,0,2
土地革命战争,2,湖北省,relation_context,0,0,1
解放战争,4,云南省,relation_context,0,0,1
解放战争,4,四川省,relation_context,0,0,1
全民族抗日战争,3,湖北省,relation_context,0,0,1
建党与大革命,1,四川省,relation_context,0,0,3
土地革命战争,2,湖北省,relation_context,0,0,1
建党前传播与孕育,0,湖北省,relation_context,0,0,2
社会主义革命和建设,5,贵州省,relation_context,0,0,1
解放战争,4,江西省,relation_context,0,0,2
全民族抗日战争,3,四川省,trusted_event_spacetime,1,3,5
土地革命战争,2,江西省,relation_context,0,0,1
社会主义革命和建设,5,云南省,relation_context,0,0,2
全民族抗日战争,3,安徽省,relation_context,0,0,1
社会主义革命和建设,5,云南省,relation_context,0,0,1
土地革命战争,2,湖南省,relation_context,0,0,1
全民族抗日战争,3,重庆市,relation_context,0,0,1
全民族抗日战争,3,江苏省,relation_context,0,0,1
全民族抗日战争,3,江苏省,relation_context,0,0,1
建党与大革命,1,上海市,relation_context,0,0,1
建党与大革命,1,湖南省,relation_context,0,0,1
土地革命战争,2,湖南省,relation_context,0,0,1
解放战争,4,四川省,relation_context,0,0,3
土地革命战争,2,江西省,relation_context,0,0,2
建党与大革命,1,湖北省,relation_context,0,0,4
社会主义革命和建设,5,湖北省,trusted_event_spacetime,3,3,2
全民族抗日战争,3,四川省,relation_context,0,0,6
建党与大革命,1,江西省,relation_context,0,0,1
社会主义革命和建设,5,贵州省,relation_context,0,0,1
土地革命战争,2,湖南省,relation_context,0,0,1
解放战争,4,湖南省,relation_context,0,0,1
土地革命战争,2,湖北省,relation_context,0,0,1
全民族抗日战争,3,云南省,relation_context,0,0,1
土地革命战争,2,四川省,asserted_event_spacetime,1,1,0
社会主义革命和建设,5,贵州省,relation_context,0,0,1
土地革命战争,2,安徽省,relation_context,0,0,1
土地革命战争,2,重庆市,relation_context,0,0,1
全民族抗日战争,3,湖北省,relation_context,0,0,1
全民族抗日战争,3,上海市,relation_context,0,0,1
全民族抗日战争,3,江西省,relation_context,0,0,2
建党与大革命,1,云南省,relation_context,0,0,1
社会主义革命和建设,5,江西省,relation_context,0,0,2
土地革命战争,2,江西省,relation_context,0,0,1
土地革命战争,2,四川省,relation_context,0,0,4
解放战争,4,湖南省,asserted_event_spacetime,1,3,5
建党与大革命,1,贵州省,relation_context,0,0,1
解放战争,4,湖北省,relation_context,0,0,1
解放战争,4,湖南省,relation_context,0,0,1
全民族抗日战争,3,江苏省,relation_context,0,0,1
土地革命战争,2,湖北省,relation_context,0,0,1
解放战争,4,重庆市,relation_context,0,0,1
社会主义革命和建设,5,贵州省,relation_context,0,0,2
土地革命战争,2,云南省,relation_context,0,0,1
解放战争,4,江西省,relation_context,0,0,1
解放战争,4,贵州省,asserted_event_spacetime,1,1,1
建党与大革命,1,湖北省,relation_context,0,0,2
社会主义革命和建设,5,云南省,relation_context,0,0,1
解放战争,4,江苏省,asserted_event_spacetime,1,4,9
解放战争,4,上海市,relation_context,0,0,1
土地革命战争,2,贵州省,relation_context,0,0,3
土地革命战争,2,湖南省,relation_context,0,0,1
建党与大革命,1,湖北省,relation_context,0,0,1
土地革命战争,2,安徽省,relation_context,0,0,1
社会主义革命和建设,5,云南省,relation_context,0,0,1
建党与大革命,1,湖南省,relation_context,0,0,1
社会主义革命和建设,5,云南省,relation_context,0,0,2
土地革命战争,2,湖南省,relation_context,0,0,2
建党与大革命,1,湖南省,relation_context,0,0,1
解放战争,4,云南省,relation_context,0,0,2
解放战争,4,湖南省,relation_context,0,0,1
社会主义革命和建设,5,湖北省,relation_context,0,0,1
建党与大革命,1,上海市,relation_context,0,0,1
土地革命战争,2,湖南省,trusted_event_spacetime,1,1,2
建党与大革命,1,湖南省,relation_context,0,0,1
全民族抗日战争,3,安徽省,relation_context,0,0,1
全民族抗日战争,3,江西省,relation_context,0,0,1
解放战争,4,云南省,relation_context,0,0,1
土地革命战争,2,湖北省,relation_context,0,0,1
社会主义革命和建设,5,四川省,relation_context,0,0,1
土地革命战争,2,湖北省,relation_context,0,0,1
土地革命战争,2,安徽省,relation_context,0,0,1
建党与大革命,1,湖南省,relation_context,0,0,1
土地革命战争,2,湖北省,relation_context,0,0,1
建党与大革命,1,上海市,asserted_event_spacetime,1,1,0
建党与大革命,1,上海市,relation_context,0,0,19
建党与大革命,1,江西省,relation_context,0,0,4
解放战争,4,云南省,relation_context,0,0,1
建党与大革命,1,四川省,relation_context,0,0,1
土地革命战争,2,湖南省,relation_context,0,0,2
土地革命战争,2,云南省,relation_context,0,0,8
全民族抗日战争,3,重庆市,relation_context,0,0,1
土地革命战争,2,云南省,relation_context,0,0,1
建党与大革命,1,湖北省,relation_context,0,0,2
土地革命战争,2,安徽省,relation_context,0,0,1
土地革命战争,2,安徽省,relation_context,0,0,1
全民族抗日战争,3,安徽省,relation_context,0,0,1
建党前传播与孕育,0,湖南省,relation_context,0,0,2
全民族抗日战争,3,云南省,asserted_event_spacetime,1,1,1
全民族抗日战争,3,安徽省,relation_context,0,0,1
土地革命战争,2,四川省,relation_context,0,0,4
土地革命战争,2,安徽省,relation_context,0,0,1
解放战争,4,湖北省,relation_context,0,0,2
土地革命战争,2,重庆市,relation_context,0,0,3
土地革命战争,2,浙江省,relation_context,0,0,1
全民族抗日战争,3,四川省,asserted_event_spacetime,17,2,0
全民族抗日战争,3,上海市,relation_context,0,0,1
建党与大革命,1,四川省,relation_context,0,0,1
解放战争,4,重庆市,relation_context,0,0,1
土地革命战争,2,江苏省,relation_context,0,0,1
全民族抗日战争,3,安徽省,relation_context,0,0,1
土地革命战争,2,湖南省,relation_context,0,0,1
全民族抗日战争,3,安徽省,trusted_event_spacetime,2,71,231
建党与大革命,1,江西省,relation_context,0,0,1
土地革命战争,2,贵州省,relation_context,0,0,1
全民族抗日战争,3,重庆市,relation_context,0,0,1
解放战争,4,湖北省,relation_context,0,0,1
建党与大革命,1,上海市,relation_context,0,0,4
土地革命战争,2,四川省,relation_context,0,0,1
全民族抗日战争,3,贵州省,relation_context,0,0,1
全民族抗日战争,3,安徽省,relation_context,0,0,1
土地革命战争,2,湖南省,relation_context,0,0,1
建党与大革命,1,湖北省,relation_context,0,0,1
土地革命战争,2,湖南省,relation_context,0,0,1
全民族抗日战争,3,江苏省,relation_context,0,0,1
解放战争,4,上海市,relation_context,0,0,1
全民族抗日战争,3,重庆市,relation_context,0,0,1
建党与大革命,1,江苏省,relation_context,0,0,1
土地革命战争,2,湖南省,relation_context,0,0,1
解放战争,4,江苏省,relation_context,0,0,1
建党与大革命,1,上海市,relation_context,0,0,2
建党与大革命,1,江西省,asserted_event_spacetime,1,1,2
土地革命战争,2,湖北省,relation_context,0,0,1
建党与大革命,1,湖南省,relation_context,0,0,1
土地革命战争,2,云南省,relation_context,0,0,1
全民族抗日战争,3,贵州省,relation_context,0,0,1
社会主义革命和建设,5,江西省,asserted_event_spacetime,1,1,1
解放战争,4,湖北省,relation_context,0,0,1
土地革命战争,2,江西省,relation_context,0,0,2
解放战争,4,江苏省,relation_context,0,0,1
建党前传播与孕育,0,四川省,relation_context,0,0,1
全民族抗日战争,3,安徽省,relation_context,0,0,1
社会主义革命和建设,5,云南省,relation_context,0,0,2
全民族抗日战争,3,云南省,relation_context,0,0,1
土地革命战争,2,上海市,relation_context,0,0,1
全民族抗日战争,3,江苏省,relation_context,0,0,1
解放战争,4,云南省,relation_context,0,0,2
土地革命战争,2,贵州省,relation_context,0,0,1
土地革命战争,2,湖北省,relation_context,0,0,1
土地革命战争,2,江苏省,asserted_event_spacetime,1,1,3
社会主义革命和建设,5,湖北省,relation_context,0,0,1
解放战争,4,江西省,asserted_event_spacetime,1,1,1
土地革命战争,2,湖北省,relation_context,0,0,1
建党与大革命,1,湖北省,relation_context,0,0,1
解放战争,4,安徽省,relation_context,0,0,1
土地革命战争,2,四川省,relation_context,0,0,1
全民族抗日战争,3,安徽省,relation_context,0,0,1
解放战争,4,云南省,relation_context,0,0,1
建党与大革命,1,安徽省,relation_context,0,0,1
解放战争,4,安徽省,asserted_event_spacetime,1,1,1
土地革命战争,2,湖南省,relation_context,0,0,1
全民族抗日战争,3,重庆市,relation_context,0,0,1
建党与大革命,1,上海市,relation_context,0,0,10
全民族抗日战争,3,云南省,relation_context,0,0,1
全民族抗日战争,3,云南省,relation_context,0,0,1
全民族抗日战争,3,湖北省,relation_context,0,0,1
土地革命战争,2,湖北省,relation_context,0,0,1
土地革命战争,2,安徽省,relation_context,0,0,1
社会主义革命和建设,5,云南省,relation_context,0,0,2
建党与大革命,1,上海市,relation_context,0,0,1
建党与大革命,1,湖南省,relation_context,0,0,1
建党与大革命,1,湖北省,asserted_event_spacetime,1,3,3
解放战争,4,湖北省,relation_context,0,0,1
解放战争,4,四川省,relation_context,0,0,1
全民族抗日战争,3,湖北省,relation_context,0,0,1
解放战争,4,江苏省,relation_context,0,0,1
全民族抗日战争,3,江苏省,relation_context,0,0,1
土地革命战争,2,江苏省,trusted_event_spacetime,2,1,2
全民族抗日战争,3,江苏省,relation_context,0,0,1
社会主义革命和建设,5,江西省,relation_context,0,0,2
解放战争,4,上海市,asserted_event_spacetime,1,1,1
土地革命战争,2,江西省,relation_context,0,0,1
全民族抗日战争,3,云南省,relation_context,0,0,1
社会主义革命和建设,5,重庆市,relation_context,0,0,1
解放战争,4,贵州省,asserted_event_spacetime,1,1,1
解放战争,4,浙江省,relation_context,0,0,1
土地革命战争,2,重庆市,relation_context,0,0,1
社会主义革命和建设,5,江苏省,trusted_event_spacetime,42,5,7
土地革命战争,2,江西省,relation_context,0,0,1
土地革命战争,2,安徽省,relation_context,0,0,1
社会主义革命和建设,5,四川省,relation_context,0,0,1
建党与大革命,1,上海市,relation_context,0,0,1
全民族抗日战争,3,安徽省,relation_context,0,0,2
解放战争,4,江苏省,relation_context,0,0,1
建党与大革命,1,四川省,relation_context,0,0,1
土地革命战争,2,贵州省,relation_context,0,0,1
建党与大革命,1,湖南省,asserted_event_spacetime,1,1,1
全民族抗日战争,3,重庆市,trusted_event_spacetime,3,5,55
全民族抗日战争,3,江苏省,relation_context,0,0,2
社会主义革命和建设,5,四川省,relation_context,0,0,1
解放战争,4,上海市,trusted_event_spacetime,1,1,1
土地革命战争,2,贵州省,relation_context,0,0,1
土地革命战争,2,安徽省,relation_context,0,0,1
社会主义革命和建设,5,云南省,relation_context,0,0,1
全民族抗日战争,3,云南省,relation_context,0,0,1
建党前传播与孕育,0,四川省,relation_context,0,0,1
社会主义革命和建设,5,四川省,relation_context,0,0,1
解放战争,4,湖北省,relation_context,0,0,1
建党与大革命,1,江苏省,relation_context,0,0,1
解放战争,4,云南省,relation_context,0,0,1
社会主义革命和建设,5,云南省,relation_context,0,0,1
建党与大革命,1,湖南省,relation_context,0,0,1
解放战争,4,贵州省,asserted_event_spacetime,1,1,2
全民族抗日战争,3,江苏省,asserted_event_spacetime,1,1,1
全民族抗日战争,3,江苏省,asserted_event_spacetime,1,1,2
全民族抗日战争,3,湖北省,relation_context,0,0,2
全民族抗日战争,3,江苏省,relation_context,0,0,1
土地革命战争,2,湖北省,relation_context,0,0,1
土地革命战争,2,湖北省,relation_context,0,0,3
全民族抗日战争,3,云南省,relation_context,0,0,1
解放战争,4,云南省,relation_context,0,0,2
全民族抗日战争,3,江苏省,asserted_event_spacetime,1,1,2
土地革命战争,2,江苏省,relation_context,0,0,1
土地革命战争,2,云南省,relation_context,0,0,1
土地革命战争,2,湖南省,asserted_event_spacetime,1,1,1
解放战争,4,贵州省,relation_context,0,0,2
解放战争,4,重庆市,relation_context,0,0,3
土地革命战争,2,上海市,relation_context,0,0,1
土地革命战争,2,湖北省,relation_context,0,0,1
全民族抗日战争,3,江苏省,trusted_event_spacetime,1,19,8
建党与大革命,1,江西省,relation_context,0,0,2
全民族抗日战争,3,浙江省,relation_context,0,0,1
土地革命战争,2,江西省,relation_context,0,0,1
建党与大革命,1,四川省,relation_context,0,0,4
土地革命战争,2,四川省,asserted_event_spacetime,1,1,1
全民族抗日战争,3,四川省,relation_context,0,0,1
解放战争,4,安徽省,relation_context,0,0,1
土地革命战争,2,湖北省,asserted_event_spacetime,1,1,1
全民族抗日战争,3,江苏省,relation_context,0,0,2
土地革命战争,2,江苏省,relation_context,0,0,1
全民族抗日战争,3,湖南省,asserted_event_spacetime,4,7,0
土地革命战争,2,贵州省,relation_context,0,0,1
建党与大革命,1,上海市,relation_context,0,0,1
全民族抗日战争,3,江苏省,relation_context,0,0,1
建党与大革命,1,重庆市,relation_context,0,0,1
土地革命战争,2,贵州省,relation_context,0,0,1
建党与大革命,1,湖南省,relation_context,0,0,6
建党与大革命,1,湖北省,relation_context,0,0,1
土地革命战争,2,江西省,relation_context,0,0,1
土地革命战争,2,湖北省,relation_context,0,0,1
建党与大革命,1,江西省,relation_context,0,0,1
土地革命战争,2,江西省,relation_context,0,0,1
全民族抗日战争,3,湖北省,relation_context,0,0,1
解放战争,4,云南省,relation_context,0,0,1
全民族抗日战争,3,重庆市,relation_context,0,0,1
解放战争,4,江西省,relation_context,0,0,1
社会主义革命和建设,5,湖南省,relation_context,0,0,1
全民族抗日战争,3,安徽省,asserted_event_spacetime,1,1,1
全民族抗日战争,3,贵州省,relation_context,0,0,2
解放战争,4,江苏省,relation_context,0,0,1
土地革命战争,2,湖南省,relation_context,0,0,5
解放战争,4,云南省,asserted_event_spacetime,1,1,3
建党与大革命,1,湖南省,relation_context,0,0,1
土地革命战争,2,贵州省,trusted_event_spacetime,3,4,2
土地革命战争,2,湖南省,relation_context,0,0,2
土地革命战争,2,安徽省,relation_context,0,0,2
全民族抗日战争,3,湖南省,relation_context,0,0,2
全民族抗日战争,3,重庆市,relation_context,0,0,2
土地革命战争,2,湖北省,relation_context,0,0,1
全民族抗日战争,3,湖北省,relation_context,0,0,2
建党与大革命,1,湖南省,relation_context,0,0,1
土地革命战争,2,湖北省,trusted_event_spacetime,1,4,9
社会主义革命和建设,5,云南省,relation_context,0,0,1
土地革命战争,2,江西省,relation_context,0,0,1
建党与大革命,1,湖南省,relation_context,0,0,1
全民族抗日战争,3,云南省,trusted_event_spacetime,2,1,0
解放战争,4,贵州省,relation_context,0,0,1
解放战争,4,云南省,relation_context,0,0,1
建党与大革命,1,湖南省,relation_context,0,0,1
社会主义革命和建设,5,安徽省,trusted_event_spacetime,1,1,1
解放战争,4,湖北省,asserted_event_spacetime,1,1,0
全民族抗日战争,3,安徽省,relation_context,0,0,1
解放战争,4,贵州省,relation_context,0,0,1
土地革命战争,2,四川省,relation_context,0,0,1
改革开放和社会主义现代化建设,6,湖南省,relation_context,0,0,1
全民族抗日战争,3,安徽省,relation_context,0,0,1
土地革命战争,2,湖南省,relation_context,0,0,1
解放战争,4,重庆市,trusted_event_spacetime,2,4,8
解放战争,4,云南省,relation_context,0,0,1
社会主义革命和建设,5,贵州省,relation_context,0,0,1
建党与大革命,1,江苏省,relation_context,0,0,1
全民族抗日战争,3,江苏省,relation_context,0,0,2
土地革命战争,2,上海市,asserted_event_spacetime,1,2,1
解放战争,4,云南省,relation_context,0,0,1
土地革命战争,2,湖南省,relation_context,0,0,10
社会主义革命和建设,5,贵州省,relation_context,0,0,1
建党与大革命,1,上海市,asserted_event_spacetime,1,3,7
建党与大革命,1,江西省,relation_context,0,0,1
建党与大革命,1,湖南省,relation_context,0,0,1
社会主义革命和建设,5,湖北省,relation_context,0,0,1
土地革命战争,2,贵州省,relation_context,0,0,1
社会主义革命和建设,5,四川省,relation_context,0,0,1
土地革命战争,2,湖南省,relation_context,0,0,1
土地革命战争,2,江西省,trusted_event_spacetime,2,4,3
建党与大革命,1,上海市,relation_context,0,0,2
解放战争,4,湖北省,relation_context,0,0,1
建党与大革命,1,江西省,relation_context,0,0,1
土地革命战争,2,湖北省,relation_context,0,0,1
建党与大革命,1,江西省,relation_context,0,0,3
解放战争,4,贵州省,asserted_event_spacetime,3,16,2
全民族抗日战争,3,湖南省,relation_context,0,0,1
解放战争,4,安徽省,asserted_event_spacetime,1,1,1
全民族抗日战争,3,贵州省,asserted_event_spacetime,1,1,1
改革开放和社会主义现代化建设,6,江西省,relation_context,0,0,2
全民族抗日战争,3,安徽省,asserted_event_spacetime,1,1,1
土地革命战争,2,四川省,relation_context,0,0,1
社会主义革命和建设,5,上海市,relation_context,0,0,1
建党与大革命,1,江苏省,relation_context,0,0,3
解放战争,4,江西省,relation_context,0,0,1
解放战争,4,湖南省,relation_context,0,0,1
土地革命战争,2,上海市,relation_context,0,0,1
全民族抗日战争,3,江苏省,relation_context,0,0,1
土地革命战争,2,江西省,relation_context,0,0,2
土地革命战争,2,云南省,relation_context,0,0,1
土地革命战争,2,上海市,relation_context,0,0,4
土地革命战争,2,湖南省,relation_context,0,0,1
全民族抗日战争,3,贵州省,relation_context,0,0,1
土地革命战争,2,重庆市,relation_context,0,0,1
社会主义革命和建设,5,贵州省,relation_context,0,0,3
全民族抗日战争,3,贵州省,relation_context,0,0,2
解放战争,4,上海市,asserted_event_spacetime,1,1,0
解放战争,4,云南省,relation_context,0,0,1
全民族抗日战争,3,安徽省,relation_context,0,0,1
土地革命战争,2,湖南省,relation_context,0,0,1
全民族抗日战争,3,云南省,relation_context,0,0,1
解放战争,4,云南省,relation_context,0,0,1
建党与大革命,1,湖北省,relation_context,0,0,1
土地革命战争,2,江苏省,relation_context,0,0,1
全民族抗日战争,3,安徽省,asserted_event_spacetime,1,1,1
土地革命战争,2,安徽省,asserted_event_spacetime,1,1,1
解放战争,4,四川省,relation_context,0,0,2
建党前传播与孕育,0,四川省,relation_context,0,0,1
解放战争,4,安徽省,relation_context,0,0,1
解放战争,4,江苏省,asserted_event_spacetime,1,1,2
土地革命战争,2,湖南省,relation_context,0,0,1
建党与大革命,1,上海市,relation_context,0,0,1
解放战争,4,重庆市,relation_context,0,0,1
土地革命战争,2,安徽省,relation_context,0,0,1
土地革命战争,2,江苏省,relation_context,0,0,1
全民族抗日战争,3,安徽省,asserted_event_spacetime,1,3,8
全民族抗日战争,3,江苏省,relation_context,0,0,1
土地革命战争,2,江西省,relation_context,0,0,2
土地革命战争,2,贵州省,relation_context,0,0,1
解放战争,4,湖北省,relation_context,0,0,1
建党与大革命,1,江西省,trusted_event_spacetime,2,1,2
解放战争,4,四川省,relation_context,0,0,1
解放战争,4,安徽省,relation_context,0,0,1
建党与大革命,1,江苏省,relation_context,0,0,1
社会主义革命和建设,5,湖南省,relation_context,0,0,1
全民族抗日战争,3,贵州省,relation_context,0,0,1
土地革命战争,2,安徽省,relation_context,0,0,1
社会主义革命和建设,5,湖北省,relation_context,0,0,1
土地革命战争,2,江西省,relation_context,0,0,1
土地革命战争,2,安徽省,trusted_event_spacetime,1,1,1
解放战争,4,贵州省,relation_context,0,0,2
土地革命战争,2,江苏省,asserted_event_spacetime,1,1,1
社会主义革命和建设,5,湖南省,relation_context,0,0,2
土地革命战争,2,湖南省,relation_context,0,0,1
土地革命战争,2,安徽省,relation_context,0,0,1
土地革命战争,2,湖南省,relation_context,0,0,2
土地革命战争,2,湖北省,relation_context,0,0,1
解放战争,4,贵州省,asserted_event_spacetime,1,2,2
土地革命战争,2,四川省,relation_context,0,0,6
社会主义革命和建设,5,四川省,trusted_event_spacetime,1,3,0
社会主义革命和建设,5,贵州省,asserted_event_spacetime,1,1,1
建党与大革命,1,湖南省,relation_context,0,0,2
土地革命战争,2,湖南省,relation_context,0,0,1
土地革命战争,2,湖北省,relation_context,0,0,1
解放战争,4,江苏省,relation_context,0,0,1
建党与大革命,1,湖南省,relation_context,0,0,1
全民族抗日战争,3,重庆市,relation_context,0,0,1
建党与大革命,1,湖南省,relation_context,0,0,1
土地革命战争,2,湖北省,relation_context,0,0,1
解放战争,4,湖北省,asserted_event_spacetime,1,8,0
解放战争,4,云南省,relation_context,0,0,2
全民族抗日战争,3,湖北省,relation_context,0,0,1
全民族抗日战争,3,安徽省,relation_context,0,0,1
土地革命战争,2,江西省,relation_context,0,0,1
解放战争,4,江苏省,relation_context,0,0,1
解放战争,4,江西省,relation_context,0,0,1
解放战争,4,云南省,asserted_event_spacetime,1,1,2
土地革命战争,2,江西省,relation_context,0,0,1
解放战争,4,安徽省,relation_context,0,0,1
建党与大革命,1,四川省,relation_context,0,0,1
社会主义革命和建设,5,上海市,asserted_event_spacetime,1,1,1
解放战争,4,安徽省,relation_context,0,0,1
解放战争,4,四川省,relation_context,0,0,1
全民族抗日战争,3,四川省,relation_context,0,0,1
土地革命战争,2,贵州省,relation_context,0,0,1
全民族抗日战争,3,安徽省,relation_context,0,0,1
全民族抗日战争,3,四川省,relation_context,0,0,1
建党前传播与孕育,0,贵州省,relation_context,0,0,1
建党与大革命,1,江西省,relation_context,0,0,1
土地革命战争,2,湖北省,relation_context,0,0,1
全民族抗日战争,3,江苏省,relation_context,0,0,2
土地革命战争,2,湖北省,relation_context,0,0,1
解放战争,4,江苏省,relation_context,0,0,1
解放战争,4,上海市,relation_context,0,0,1
建党与大革命,1,湖南省,asserted_event_spacetime,1,1,2
土地革命战争,2,江西省,relation_context,0,0,2
土地革命战争,2,贵州省,relation_context,0,0,1
建党与大革命,1,湖南省,relation_context,0,0,1
解放战争,4,江苏省,relation_context,0,0,1
全民族抗日战争,3,安徽省,relation_context,0,0,1
社会主义革命和建设,5,重庆市,relation_context,0,0,1
解放战争,4,湖南省,relation_context,0,0,1
建党与大革命,1,湖北省,relation_context,0,0,1
全民族抗日战争,3,安徽省,relation_context,0,0,1
土地革命战争,2,江西省,asserted_event_spacetime,1,1,1
土地革命战争,2,四川省,relation_context,0,0,1
解放战争,4,重庆市,asserted_event_spacetime,1,1,2
土地革命战争,2,安徽省,relation_context,0,0,1
解放战争,4,江苏省,relation_context,0,0,1
解放战争,4,湖北省,asserted_event_spacetime,1,1,1
建党与大革命,1,湖南省,relation_context,0,0,2
全民族抗日战争,3,重庆市,relation_context,0,0,1
土地革命战争,2,湖南省,relation_context,0,0,2
全民族抗日战争,3,江苏省,relation_context,0,0,1
土地革命战争,2,安徽省,relation_context,0,0,1
解放战争,4,湖北省,asserted_event_spacetime,1,1,1
建党与大革命,1,湖南省,asserted_event_spacetime,1,3,0
解放战争,4,江西省,relation_context,0,0,1
全民族抗日战争,3,云南省,relation_context,0,0,1
解放战争,4,江苏省,relation_context,0,0,1
解放战争,4,江苏省,relation_context,0,0,1
土地革命战争,2,江西省,relation_context,0,0,1
改革开放和社会主义现代化建设,6,江西省,relation_context,0,0,1
土地革命战争,2,江西省,relation_context,0,0,1
解放战争,4,四川省,relation_context,0,0,1
建党与大革命,1,湖南省,relation_context,0,0,1
土地革命战争,2,江西省,relation_context,0,0,1
全民族抗日战争,3,贵州省,relation_context,0,0,4
土地革命战争,2,云南省,relation_context,0,0,1
全民族抗日战争,3,重庆市,relation_context,0,0,1
土地革命战争,2,江西省,relation_context,0,0,1
全民族抗日战争,3,江西省,relation_context,0,0,1
土地革命战争,2,四川省,relation_context,0,0,1
解放战争,4,四川省,relation_context,0,0,1
土地革命战争,2,安徽省,relation_context,0,0,1
解放战争,4,云南省,relation_context,0,0,1
建党前传播与孕育,0,湖北省,relation_context,0,0,2
土地革命战争,2,江西省,asserted_event_spacetime,1,1,2
土地革命战争,2,江西省,relation_context,0,0,1
建党与大革命,1,上海市,asserted_event_spacetime,1,1,2
土地革命战争,2,湖北省,relation_context,0,0,1
全民族抗日战争,3,四川省,relation_context,0,0,1
土地革命战争,2,贵州省,trusted_event_spacetime,1,48,94
土地革命战争,2,江西省,relation_context,0,0,1
全民族抗日战争,3,江苏省,relation_context,0,0,2
土地革命战争,2,江西省,relation_context,0,0,1
解放战争,4,云南省,relation_context,0,0,1
全民族抗日战争,3,湖北省,relation_context,0,0,1
解放战争,4,贵州省,relation_context,0,0,1
全民族抗日战争,3,云南省,relation_context,0,0,1
解放战争,4,云南省,relation_context,0,0,3
土地革命战争,2,江苏省,relation_context,0,0,1
土地革命战争,2,湖南省,relation_context,0,0,1
土地革命战争,2,湖南省,relation_context,0,0,1
建党与大革命,1,重庆市,relation_context,0,0,1
土地革命战争,2,安徽省,relation_context,0,0,1
土地革命战争,2,贵州省,relation_context,0,0,2
全民族抗日战争,3,江苏省,asserted_event_spacetime,1,1,1
全民族抗日战争,3,江苏省,relation_context,0,0,1
社会主义革命和建设,5,云南省,relation_context,0,0,1
解放战争,4,江苏省,relation_context,0,0,1
建党与大革命,1,湖南省,relation_context,0,0,1
解放战争,4,江西省,relation_context,0,0,1
全民族抗日战争,3,四川省,relation_context,0,0,1
建党与大革命,1,湖北省,relation_context,0,0,2
解放战争,4,云南省,relation_context,0,0,1
土地革命战争,2,云南省,relation_context,0,0,1
土地革命战争,2,湖北省,relation_context,0,0,3
解放战争,4,云南省,relation_context,0,0,1
土地革命战争,2,江西省,relation_context,0,0,1
解放战争,4,云南省,relation_context,0,0,1
解放战争,4,重庆市,relation_context,0,0,2
解放战争,4,江苏省,relation_context,0,0,1
解放战争,4,江苏省,relation_context,0,0,1
土地革命战争,2,江西省,relation_context,0,0,1
解放战争,4,四川省,relation_context,0,0,1
土地革命战争,2,贵州省,relation_context,0,0,2
建党与大革命,1,湖南省,relation_context,0,0,1
解放战争,4,上海市,relation_context,0,0,1
全民族抗日战争,3,湖南省,relation_context,0,0,1
建党与大革命,1,湖南省,relation_context,0,0,1
解放战争,4,上海市,relation_context,0,0,1
土地革命战争,2,贵州省,relation_context,0,0,1
建党与大革命,1,四川省,relation_context,0,0,1
解放战争,4,江西省,asserted_event_spacetime,1,1,1
建党与大革命,1,湖南省,relation_context,0,0,1
全民族抗日战争,3,安徽省,relation_context,0,0,1
土地革命战争,2,湖北省,relation_context,0,0,1
社会主义革命和建设,5,云南省,relation_context,0,0,2
土地革命战争,2,江西省,relation_context,0,0,1
解放战争,4,湖北省,relation_context,0,0,1
解放战争,4,贵州省,relation_context,0,0,1
建党前传播与孕育,0,上海市,relation_context,0,0,1
解放战争,4,重庆市,relation_context,0,0,1
土地革命战争,2,贵州省,trusted_event_spacetime,7,2,2
土地革命战争,2,湖北省,relation_context,0,0,1
土地革命战争,2,安徽省,relation_context,0,0,1
全民族抗日战争,3,湖北省,relation_context,0,0,1
建党与大革命,1,安徽省,relation_context,0,0,1
土地革命战争,2,四川省,relation_context,0,0,1
全民族抗日战争,3,江西省,asserted_event_spacetime,3,4,0
土地革命战争,2,贵州省,relation_context,0,0,1
全民族抗日战争,3,江苏省,relation_context,0,0,1
土地革命战争,2,安徽省,relation_context,0,0,1
全民族抗日战争,3,湖北省,relation_context,0,0,1
解放战争,4,安徽省,relation_context,0,0,6
解放战争,4,云南省,relation_context,0,0,1
建党与大革命,1,江苏省,relation_context,0,0,2
土地革命战争,2,湖北省,relation_context,0,0,1
建党与大革命,1,上海市,asserted_event_spacetime,1,1,1
土地革命战争,2,湖南省,relation_context,0,0,1
全民族抗日战争,3,江苏省,relation_context,0,0,1
建党与大革命,1,江西省,relation_context,0,0,1
社会主义革命和建设,5,四川省,relation_context,0,0,3
解放战争,4,湖南省,relation_context,0,0,1
建党前传播与孕育,0,湖南省,relation_context,0,0,1
解放战争,4,安徽省,relation_context,0,0,1
解放战争,4,云南省,asserted_event_spacetime,1,1,1
全民族抗日战争,3,江苏省,relation_context,0,0,1
建党前传播与孕育,0,江西省,relation_context,0,0,2
全民族抗日战争,3,安徽省,asserted_event_spacetime,1,1,2
土地革命战争,2,云南省,relation_context,0,0,1
解放战争,4,云南省,relation_context,0,0,1
社会主义革命和建设,5,贵州省,relation_context,0,0,1
解放战争,4,湖北省,trusted_event_spacetime,6,7,31
土地革命战争,2,湖北省,relation_context,0,0,1
社会主义革命和建设,5,四川省,relation_context,0,0,2
建党与大革命,1,四川省,relation_context,0,0,1
土地革命战争,2,上海市,relation_context,0,0,2
土地革命战争,2,四川省,relation_context,0,0,1
建党与大革命,1,江西省,asserted_event_spacetime,1,1,1
建党与大革命,1,湖北省,relation_context,0,0,1
土地革命战争,2,贵州省,relation_context,0,0,1
全民族抗日战争,3,江苏省,relation_context,0,0,1
全民族抗日战争,3,江苏省,relation_context,0,0,1
土地革命战争,2,江西省,relation_context,0,0,1
建党与大革命,1,湖南省,relation_context,0,0,2
解放战争,4,湖北省,relation_context,0,0,2
建党与大革命,1,湖北省,relation_context,0,0,2
建党与大革命,1,湖北省,relation_context,0,0,1
建党与大革命,1,江西省,relation_context,0,0,6
全民族抗日战争,3,重庆市,relation_context,0,0,1
土地革命战争,2,江西省,relation_context,0,0,1
建党与大革命,1,安徽省,relation_context,0,0,1
建党与大革命,1,江苏省,relation_context,0,0,1
建党与大革命,1,浙江省,relation_context,0,0,1
土地革命战争,2,江西省,relation_context,0,0,2
土地革命战争,2,云南省,relation_context,0,0,1
解放战争,4,湖南省,relation_context,0,0,1
解放战争,4,湖北省,relation_context,0,0,1
土地革命战争,2,湖北省,relation_context,0,0,1
解放战争,4,湖北省,relation_context,0,0,2
全民族抗日战争,3,江苏省,relation_context,0,0,1
社会主义革命和建设,5,贵州省,asserted_event_spacetime,1,1,0
全民族抗日战争,3,贵州省,relation_context,0,0,1
社会主义革命和建设,5,湖北省,trusted_event_spacetime,1,2,0
土地革命战争,2,贵州省,relation_context,0,0,10
土地革命战争,2,湖南省,relation_context,0,0,1
土地革命战争,2,江西省,relation_context,0,0,1
解放战争,4,四川省,trusted_event_spacetime,2,2,2
建党与大革命,1,上海市,relation_context,0,0,1
土地革命战争,2,安徽省,relation_context,0,0,1
土地革命战争,2,贵州省,relation_context,0,0,1
社会主义革命和建设,5,湖北省,relation_context,0,0,2
解放战争,4,江苏省,trusted_event_spacetime,2,1,1
建党与大革命,1,湖北省,asserted_event_spacetime,1,1,1
社会主义革命和建设,5,云南省,relation_context,0,0,1
全民族抗日战争,3,安徽省,relation_context,0,0,3
社会主义革命和建设,5,上海市,relation_context,0,0,1
建党与大革命,1,四川省,relation_context,0,0,2
土地革命战争,2,贵州省,relation_context,0,0,1
全民族抗日战争,3,云南省,relation_context,0,0,1
解放战争,4,重庆市,relation_context,0,0,1
社会主义革命和建设,5,云南省,relation_context,0,0,3
解放战争,4,湖北省,relation_context,0,0,1
解放战争,4,湖北省,relation_context,0,0,1
改革开放和社会主义现代化建设,6,云南省,relation_context,0,0,2
土地革命战争,2,湖北省,relation_context,0,0,1
土地革命战争,2,安徽省,asserted_event_spacetime,1,2,1
解放战争,4,贵州省,relation_context,0,0,1
建党前传播与孕育,0,湖南省,relation_context,0,0,1
土地革命战争,2,贵州省,relation_context,0,0,2
全民族抗日战争,3,重庆市,relation_context,0,0,1
全民族抗日战争,3,云南省,relation_context,0,0,3
土地革命战争,2,江西省,relation_context,0,0,1
土地革命战争,2,湖南省,relation_context,0,0,1
解放战争,4,云南省,relation_context,0,0,1
土地革命战争,2,江西省,relation_context,0,0,1
土地革命战争,2,四川省,relation_context,0,0,1
土地革命战争,2,湖南省,relation_context,0,0,1
建党前传播与孕育,0,湖南省,relation_context,0,0,1
土地革命战争,2,湖南省,relation_context,0,0,2
土地革命战争,2,湖南省,relation_context,0,0,1
土地革命战争,2,贵州省,relation_context,0,0,1
全民族抗日战争,3,安徽省,relation_context,0,0,1
解放战争,4,湖南省,asserted_event_spacetime,1,1,8
建党与大革命,1,四川省,relation_context,0,0,1
社会主义革命和建设,5,云南省,relation_context,0,0,1
土地革命战争,2,四川省,relation_context,0,0,1
建党与大革命,1,重庆市,relation_context,0,0,1
社会主义革命和建设,5,四川省,asserted_event_spacetime,1,1,1
土地革命战争,2,湖南省,relation_context,0,0,6
土地革命战争,2,湖北省,relation_context,0,0,1
土地革命战争,2,湖南省,relation_context,0,0,2
建党与大革命,1,四川省,relation_context,0,0,1
社会主义革命和建设,5,贵州省,asserted_event_spacetime,1,1,1
解放战争,4,江西省,relation_context,0,0,1
全民族抗日战争,3,贵州省,relation_context,0,0,2
社会主义革命和建设,5,贵州省,relation_context,0,0,2
土地革命战争,2,四川省,relation_context,0,0,1
全民族抗日战争,3,江苏省,relation_context,0,0,1
解放战争,4,贵州省,relation_context,0,0,1
建党与大革命,1,四川省,relation_context,0,0,1
土地革命战争,2,江西省,relation_context,0,0,1
土地革命战争,2,安徽省,relation_context,0,0,1
建党与大革命,1,四川省,relation_context,0,0,1
建党前传播与孕育,0,四川省,relation_context,0,0,1
土地革命战争,2,江西省,relation_context,0,0,1
全民族抗日战争,3,安徽省,relation_context,0,0,1
解放战争,4,上海市,relation_context,0,0,1
土地革命战争,2,江西省,relation_context,0,0,1
全民族抗日战争,3,四川省,relation_context,0,0,1
建党与大革命,1,四川省,relation_context,0,0,2
全民族抗日战争,3,江苏省,relation_context,0,0,1
解放战争,4,江西省,relation_context,0,0,1
解放战争,4,云南省,relation_context,0,0,1
土地革命战争,2,贵州省,relation_context,0,0,1
全民族抗日战争,3,贵州省,relation_context,0,0,1
土地革命战争,2,江西省,relation_context,0,0,4
土地革命战争,2,湖南省,relation_context,0,0,1
解放战争,4,江苏省,relation_context,0,0,1
解放战争,4,云南省,relation_context,0,0,2
建党与大革命,1,上海市,relation_context,0,0,1
土地革命战争,2,贵州省,relation_context,0,0,1
土地革命战争,2,云南省,relation_context,0,0,1
土地革命战争,2,四川省,relation_context,0,0,1
解放战争,4,江苏省,relation_context,0,0,1
土地革命战争,2,安徽省,asserted_event_spacetime,1,1,4
全民族抗日战争,3,安徽省,relation_context,0,0,1
土地革命战争,2,重庆市,relation_context,0,0,1
解放战争,4,云南省,relation_context,0,0,1
解放战争,4,江西省,relation_context,0,0,2
解放战争,4,云南省,relation_context,0,0,1
土地革命战争,2,湖北省,relation_context,0,0,1
解放战争,4,云南省,relation_context,0,0,1
土地革命战争,2,四川省,relation_context,0,0,3
建党与大革命,1,湖北省,relation_context,0,0,1
土地革命战争,2,湖北省,relation_context,0,0,1
全民族抗日战争,3,安徽省,relation_context,0,0,1
解放战争,4,湖北省,relation_context,0,0,1
土地革命战争,2,江西省,relation_context,0,0,1
土地革命战争,2,江西省,relation_context,0,0,2
社会主义革命和建设,5,四川省,relation_context,0,0,1
土地革命战争,2,四川省,asserted_event_spacetime,1,1,1
建党与大革命,1,湖南省,relation_context,0,0,1
建党与大革命,1,江西省,relation_context,0,0,2
建党与大革命,1,湖南省,relation_context,0,0,1
全民族抗日战争,3,贵州省,relation_context,0,0,1
社会主义革命和建设,5,湖北省,trusted_event_spacetime,42,1,2
全民族抗日战争,3,湖南省,asserted_event_spacetime,1,1,1
土地革命战争,2,贵州省,relation_context,0,0,1
全民族抗日战争,3,江苏省,relation_context,0,0,1
解放战争,4,重庆市,relation_context,0,0,1
土地革命战争,2,贵州省,relation_context,0,0,9
土地革命战争,2,四川省,relation_context,0,0,1
解放战争,4,江苏省,relation_context,0,0,1
土地革命战争,2,湖北省,relation_context,0,0,1
全民族抗日战争,3,江苏省,relation_context,0,0,1
解放战争,4,四川省,relation_context,0,0,3
土地革命战争,2,江西省,relation_context,0,0,1
土地革命战争,2,上海市,relation_context,0,0,1
解放战争,4,云南省,relation_context,0,0,1
解放战争,4,贵州省,asserted_event_spacetime,1,1,1
建党与大革命,1,湖北省,relation_context,0,0,1
建党前传播与孕育,0,湖南省,relation_context,0,0,1
解放战争,4,江苏省,relation_context,0,0,1
全民族抗日战争,3,贵州省,relation_context,0,0,1
土地革命战争,2,安徽省,relation_context,0,0,1
全民族抗日战争,3,云南省,relation_context,0,0,1
解放战争,4,安徽省,relation_context,0,0,1
建党与大革命,1,安徽省,relation_context,0,0,1
社会主义革命和建设,5,贵州省,relation_context,0,0,1
土地革命战争,2,四川省,relation_context,0,0,2
土地革命战争,2,江苏省,relation_context,0,0,1
解放战争,4,贵州省,relation_context,0,0,1
土地革命战争,2,安徽省,relation_context,0,0,1
土地革命战争,2,江苏省,relation_context,0,0,1
建党与大革命,1,上海市,relation_context,0,0,1
土地革命战争,2,江西省,relation_context,0,0,1
解放战争,4,江苏省,relation_context,0,0,1
土地革命战争,2,安徽省,relation_context,0,0,1
全民族抗日战争,3,江苏省,relation_context,0,0,2
建党与大革命,1,湖北省,relation_context,0,0,1
社会主义革命和建设,5,上海市,asserted_event_spacetime,1,1,1
建党与大革命,1,江西省,relation_context,0,0,2
社会主义革命和建设,5,湖北省,relation_context,0,0,1
土地革命战争,2,湖北省,relation_context,0,0,1
土地革命战争,2,湖南省,relation_context,0,0,1
解放战争,4,安徽省,relation_context,0,0,1
建党与大革命,1,云南省,relation_context,0,0,1
土地革命战争,2,江西省,relation_context,0,0,1
土地革命战争,2,云南省,relation_context,0,0,1
土地革命战争,2,湖北省,relation_context,0,0,1
土地革命战争,2,贵州省,relation_context,0,0,1
建党与大革命,1,重庆市,relation_context,0,0,1
改革开放和社会主义现代化建设,6,江苏省,relation_context,0,0,1
解放战争,4,云南省,relation_context,0,0,1
土地革命战争,2,四川省,relation_context,0,0,3
建党与大革命,1,湖南省,relation_context,0,0,2
全民族抗日战争,3,江苏省,relation_context,0,0,1
建党与大革命,1,上海市,asserted_event_spacetime,1,1,0
全民族抗日战争,3,安徽省,relation_context,0,0,1
建党与大革命,1,上海市,relation_context,0,0,1
土地革命战争,2,安徽省,relation_context,0,0,1
土地革命战争,2,江西省,relation_context,0,0,1
解放战争,4,安徽省,relation_context,0,0,1
建党与大革命,1,江苏省,trusted_event_spacetime,1,2,0
建党与大革命,1,云南省,relation_context,0,0,1
解放战争,4,湖北省,relation_context,0,0,1
全民族抗日战争,3,云南省,relation_context,0,0,2
土地革命战争,2,湖北省,relation_context,0,0,1
全民族抗日战争,3,四川省,relation_context,0,0,1
建党前传播与孕育,0,江西省,relation_context,0,0,1
解放战争,4,安徽省,relation_context,0,0,1
解放战争,4,云南省,relation_context,0,0,1
解放战争,4,四川省,relation_context,0,0,1
社会主义革命和建设,5,上海市,relation_context,0,0,1
建党与大革命,1,湖北省,relation_context,0,0,1
解放战争,4,四川省,relation_context,0,0,1
全民族抗日战争,3,江苏省,relation_context,0,0,1
建党与大革命,1,安徽省,relation_context,0,0,1
建党与大革命,1,安徽省,asserted_event_spacetime,1,4,0
建党与大革命,1,上海市,relation_context,0,0,4
全民族抗日战争,3,安徽省,relation_context,0,0,1
全民族抗日战争,3,江苏省,relation_context,0,0,1
解放战争,4,贵州省,relation_context,0,0,1
全民族抗日战争,3,江苏省,relation_context,0,0,1
解放战争,4,云南省,relation_context,0,0,1
社会主义革命和建设,5,四川省,relation_context,0,0,1
土地革命战争,2,重庆市,relation_context,0,0,1
建党与大革命,1,江西省,relation_context,0,0,1
建党与大革命,1,湖南省,relation_context,0,0,1
建党与大革命,1,江西省,relation_context,0,0,2
建党与大革命,1,浙江省,relation_context,0,0,1
解放战争,4,安徽省,relation_context,0,0,1
全民族抗日战争,3,安徽省,relation_context,0,0,1
解放战争,4,上海市,relation_context,0,0,1
解放战争,4,江苏省,relation_context,0,0,1
全民族抗日战争,3,江苏省,asserted_event_spacetime,1,1,1
土地革命战争,2,上海市,relation_context,0,0,1
土地革命战争,2,安徽省,relation_context,0,0,1
解放战争,4,江苏省,relation_context,0,0,2
建党前传播与孕育,0,江西省,relation_context,0,0,1
解放战争,4,云南省,relation_context,0,0,1
建党与大革命,1,重庆市,relation_context,0,0,1
建党与大革命,1,湖北省,relation_context,0,0,1
土地革命战争,2,湖北省,relation_context,0,0,1
解放战争,4,云南省,relation_context,0,0,1
解放战争,4,云南省,relation_context,0,0,1
土地革命战争,2,贵州省,relation_context,0,0,1
全民族抗日战争,3,湖北省,relation_context,0,0,1
全民族抗日战争,3,贵州省,relation_context,0,0,1
建党前传播与孕育,0,湖北省,relation_context,0,0,1
全民族抗日战争,3,江苏省,relation_context,0,0,1
土地革命战争,2,江苏省,relation_context,0,0,3
建党与大革命,1,湖北省,relation_context,0,0,2
全民族抗日战争,3,四川省,relation_context,0,0,1
全民族抗日战争,3,上海市,relation_context,0,0,1
全民族抗日战争,3,安徽省,relation_context,0,0,1
建党与大革命,1,云南省,asserted_event_spacetime,1,1,2
建党前传播与孕育,0,江西省,relation_context,0,0,1
土地革命战争,2,湖南省,relation_context,0,0,1
建党与大革命,1,上海市,relation_context,0,0,1
社会主义革命和建设,5,云南省,relation_context,0,0,1
建党前传播与孕育,0,江苏省,relation_context,0,0,1
解放战争,4,江苏省,relation_context,0,0,1
土地革命战争,2,湖南省,relation_context,0,0,1
全民族抗日战争,3,安徽省,trusted_event_spacetime,3,1,0
土地革命战争,2,重庆市,relation_context,0,0,1
解放战争,4,四川省,relation_context,0,0,1
社会主义革命和建设,5,上海市,asserted_event_spacetime,1,1,1
土地革命战争,2,贵州省,relation_context,0,0,1
全民族抗日战争,3,重庆市,relation_context,0,0,1
土地革命战争,2,湖北省,relation_context,0,0,2
社会主义革命和建设,5,上海市,asserted_event_spacetime,1,1,1
土地革命战争,2,安徽省,asserted_event_spacetime,1,1,1
解放战争,4,湖北省,relation_context,0,0,1
全民族抗日战争,3,安徽省,relation_context,0,0,1
全民族抗日战争,3,安徽省,asserted_event_spacetime,1,1,1
建党与大革命,1,江西省,relation_context,0,0,3
全民族抗日战争,3,湖北省,relation_context,0,0,1
建党与大革命,1,贵州省,relation_context,0,0,1
全民族抗日战争,3,重庆市,relation_context,0,0,1
解放战争,4,四川省,relation_context,0,0,2
解放战争,4,湖北省,relation_context,0,0,1
社会主义革命和建设,5,湖南省,relation_context,0,0,1
土地革命战争,2,四川省,relation_context,0,0,1
全民族抗日战争,3,四川省,relation_context,0,0,1
解放战争,4,湖南省,relation_context,0,0,2
社会主义革命和建设,5,贵州省,relation_context,0,0,1
建党与大革命,1,湖南省,relation_context,0,0,1
全民族抗日战争,3,江苏省,relation_context,0,0,2
社会主义革命和建设,5,贵州省,relation_context,0,0,1
解放战争,4,云南省,relation_context,0,0,1
土地革命战争,2,江西省,relation_context,0,0,1
建党与大革命,1,湖南省,relation_context,0,0,3
建党与大革命,1,湖南省,relation_context,0,0,1
土地革命战争,2,江西省,relation_context,0,0,1
全民族抗日战争,3,江西省,relation_context,0,0,1
建党与大革命,1,湖南省,relation_context,0,0,2
解放战争,4,重庆市,relation_context,0,0,2
全民族抗日战争,3,四川省,relation_context,0,0,1
土地革命战争,2,云南省,relation_context,0,0,1
土地革命战争,2,江西省,relation_context,0,0,2
土地革命战争,2,四川省,relation_context,0,0,1
建党与大革命,1,上海市,relation_context,0,0,2
土地革命战争,2,重庆市,relation_context,0,0,1
土地革命战争,2,江西省,relation_context,0,0,1
解放战争,4,贵州省,relation_context,0,0,1
土地革命战争,2,江西省,relation_context,0,0,1
解放战争,4,云南省,relation_context,0,0,1
土地革命战争,2,贵州省,relation_context,0,0,1
解放战争,4,上海市,asserted_event_spacetime,1,2,1
解放战争,4,上海市,asserted_event_spacetime,1,1,1
土地革命战争,2,湖南省,asserted_event_spacetime,1,2,1
建党与大革命,1,江苏省,relation_context,0,0,1
社会主义革命和建设,5,上海市,asserted_event_spacetime,1,2,1
解放战争,4,安徽省,relation_context,0,0,1
解放战争,4,江苏省,relation_context,0,0,1
土地革命战争,2,江西省,relation_context,0,0,2
建党前传播与孕育,0,江西省,relation_context,0,0,1
建党与大革命,1,湖北省,relation_context,0,0,1
社会主义革命和建设,5,云南省,relation_context,0,0,1
建党前传播与孕育,0,江西省,relation_context,0,0,1
土地革命战争,2,云南省,relation_context,0,0,1
全民族抗日战争,3,江苏省,relation_context,0,0,1
土地革命战争,2,湖北省,asserted_event_spacetime,1,1,2
全民族抗日战争,3,四川省,relation_context,0,0,1
解放战争,4,云南省,relation_context,0,0,2
土地革命战争,2,江苏省,asserted_event_spacetime,1,1,4
建党与大革命,1,四川省,relation_context,0,0,1
全民族抗日战争,3,江苏省,asserted_event_spacetime,1,1,0
土地革命战争,2,贵州省,relation_context,0,0,1
全民族抗日战争,3,江苏省,relation_context,0,0,6
全民族抗日战争,3,湖北省,relation_context,0,0,1
解放战争,4,安徽省,relation_context,0,0,1
土地革命战争,2,安徽省,relation_context,0,0,1
社会主义革命和建设,5,湖南省,relation_context,0,0,1
解放战争,4,贵州省,relation_context,0,0,1
解放战争,4,江苏省,asserted_event_spacetime,1,1,1
全民族抗日战争,3,江苏省,relation_context,0,0,1
全民族抗日战争,3,湖北省,relation_context,0,0,1
建党与大革命,1,湖南省,relation_context,0,0,1
全民族抗日战争,3,云南省,relation_context,0,0,1
全民族抗日战争,3,云南省,relation_context,0,0,3
全民族抗日战争,3,江苏省,relation_context,0,0,1
土地革命战争,2,上海市,relation_context,0,0,1
土地革命战争,2,云南省,relation_context,0,0,2
土地革命战争,2,湖南省,asserted_event_spacetime,1,1,2
解放战争,4,云南省,relation_context,0,0,1
土地革命战争,2,湖北省,relation_context,0,0,1
全民族抗日战争,3,四川省,relation_context,0,0,1
全民族抗日战争,3,四川省,relation_context,0,0,1
社会主义革命和建设,5,四川省,relation_context,0,0,1
全民族抗日战争,3,重庆市,relation_context,0,0,1
建党前传播与孕育,0,浙江省,relation_context,0,0,1
全民族抗日战争,3,安徽省,relation_context,0,0,2
解放战争,4,云南省,asserted_event_spacetime,1,1,1
全民族抗日战争,3,安徽省,relation_context,0,0,1
建党前传播与孕育,0,贵州省,relation_context,0,0,3
解放战争,4,江苏省,relation_context,0,0,1
建党与大革命,1,湖北省,relation_context,0,0,2
建党前传播与孕育,0,湖南省,relation_context,0,0,1
全民族抗日战争,3,贵州省,relation_context,0,0,1
土地革命战争,2,云南省,relation_context,0,0,1
全民族抗日战争,3,安徽省,relation_context,0,0,1
建党与大革命,1,湖北省,relation_context,0,0,1
社会主义革命和建设,5,贵州省,relation_context,0,0,1
解放战争,4,贵州省,asserted_event_spacetime,1,1,1
全民族抗日战争,3,重庆市,relation_context,0,0,5
土地革命战争,2,贵州省,relation_context,0,0,1
土地革命战争,2,四川省,relation_context,0,0,1
土地革命战争,2,江西省,relation_context,0,0,1
土地革命战争,2,四川省,relation_context,0,0,1
土地革命战争,2,贵州省,relation_context,0,0,1
土地革命战争,2,湖南省,relation_context,0,0,1
解放战争,4,贵州省,asserted_event_spacetime,1,1,0
建党与大革命,1,江西省,asserted_event_spacetime,1,5,0
全民族抗日战争,3,江苏省,relation_context,0,0,3
土地革命战争,2,湖南省,relation_context,0,0,1
土地革命战争,2,江西省,relation_context,0,0,2
全民族抗日战争,3,四川省,relation_context,0,0,1
建党与大革命,1,湖南省,relation_context,0,0,6
解放战争,4,四川省,relation_context,0,0,3
全民族抗日战争,3,江苏省,relation_context,0,0,7
社会主义革命和建设,5,云南省,asserted_event_spacetime,1,1,1
解放战争,4,四川省,relation_context,0,0,9
解放战争,4,重庆市,relation_context,0,0,1
解放战争,4,贵州省,relation_context,0,0,3
建党前传播与孕育,0,江苏省,relation_context,0,0,1
土地革命战争,2,江苏省,relation_context,0,0,1
社会主义革命和建设,5,重庆市,relation_context,0,0,1
土地革命战争,2,重庆市,trusted_event_spacetime,3,2,2
全民族抗日战争,3,江苏省,relation_context,0,0,1
土地革命战争,2,云南省,relation_context,0,0,1
社会主义革命和建设,5,四川省,relation_context,0,0,1
建党与大革命,1,上海市,relation_context,0,0,1
全民族抗日战争,3,安徽省,relation_context,0,0,1
全民族抗日战争,3,贵州省,relation_context,0,0,1
全民族抗日战争,3,江西省,relation_context,0,0,2
全民族抗日战争,3,江苏省,relation_context,0,0,1
建党与大革命,1,江苏省,relation_context,0,0,2
解放战争,4,江苏省,relation_context,0,0,1
社会主义革命和建设,5,上海市,asserted_event_spacetime,1,1,1
解放战争,4,湖南省,relation_context,0,0,1
社会主义革命和建设,5,贵州省,relation_context,0,0,1
建党与大革命,1,安徽省,relation_context,0,0,2
社会主义革命和建设,5,云南省,relation_context,0,0,1
全民族抗日战争,3,江苏省,relation_context,0,0,1
解放战争,4,湖北省,relation_context,0,0,1
土地革命战争,2,湖南省,trusted_event_spacetime,19,6,4
解放战争,4,湖北省,relation_context,0,0,1
土地革命战争,2,四川省,relation_context,0,0,2
土地革命战争,2,安徽省,relation_context,0,0,1
土地革命战争,2,江苏省,relation_context,0,0,2
建党与大革命,1,重庆市,relation_context,0,0,1
土地革命战争,2,上海市,relation_context,0,0,1
土地革命战争,2,贵州省,relation_context,0,0,1
土地革命战争,2,四川省,relation_context,0,0,1
全民族抗日战争,3,贵州省,relation_context,0,0,1
建党前传播与孕育,0,湖北省,relation_context,0,0,1
解放战争,4,湖北省,trusted_event_spacetime,3,3,2
土地革命战争,2,上海市,relation_context,0,0,4
土地革命战争,2,安徽省,relation_context,0,0,1
建党与大革命,1,湖北省,relation_context,0,0,1
建党与大革命,1,四川省,relation_context,0,0,3
全民族抗日战争,3,安徽省,relation_context,0,0,1
全民族抗日战争,3,云南省,relation_context,0,0,1
建党前传播与孕育,0,湖北省,relation_context,0,0,1
土地革命战争,2,安徽省,relation_context,0,0,1
土地革命战争,2,浙江省,relation_context,0,0,2
土地革命战争,2,四川省,relation_context,0,0,2
全民族抗日战争,3,湖南省,relation_context,0,0,1
社会主义革命和建设,5,江西省,relation_context,0,0,1
解放战争,4,江西省,relation_context,0,0,1
建党与大革命,1,湖北省,relation_context,0,0,4
解放战争,4,贵州省,relation_context,0,0,1
建党与大革命,1,湖南省,relation_context,0,0,1
建党前传播与孕育,0,四川省,trusted_event_spacetime,7,1,2
建党与大革命,1,江西省,relation_context,0,0,1
解放战争,4,云南省,relation_context,0,0,2
解放战争,4,四川省,relation_context,0,0,1
全民族抗日战争,3,云南省,relation_context,0,0,1
土地革命战争,2,江西省,asserted_event_spacetime,1,2,3
社会主义革命和建设,5,湖北省,asserted_event_spacetime,1,1,1
全民族抗日战争,3,云南省,relation_context,0,0,4
建党与大革命,1,湖北省,relation_context,0,0,6
解放战争,4,江苏省,relation_context,0,0,1
建党前传播与孕育,0,江西省,relation_context,0,0,1
建党与大革命,1,湖北省,relation_context,0,0,1
土地革命战争,2,安徽省,relation_context,0,0,1
全民族抗日战争,3,江苏省,relation_context,0,0,1
建党与大革命,1,湖北省,relation_context,0,0,2
全民族抗日战争,3,上海市,relation_context,0,0,1
解放战争,4,贵州省,relation_context,0,0,1
解放战争,4,重庆市,relation_context,0,0,1
解放战争,4,重庆市,relation_context,0,0,1
建党与大革命,1,上海市,relation_context,0,0,1
土地革命战争,2,湖南省,relation_context,0,0,1
全民族抗日战争,3,江苏省,relation_context,0,0,2
土地革命战争,2,江西省,relation_context,0,0,1
社会主义革命和建设,5,贵州省,relation_context,0,0,1
全民族抗日战争,3,江苏省,relation_context,0,0,2
全民族抗日战争,3,安徽省,relation_context,0,0,1
社会主义革命和建设,5,江西省,trusted_event_spacetime,42,3,4
解放战争,4,贵州省,relation_context,0,0,1
社会主义革命和建设,5,贵州省,relation_context,0,0,2
解放战争,4,湖北省,relation_context,0,0,1
全民族抗日战争,3,重庆市,relation_context,0,0,1
土地革命战争,2,江西省,asserted_event_spacetime,1,1,0
土地革命战争,2,江西省,relation_context,0,0,1
土地革命战争,2,湖北省,relation_context,0,0,1
解放战争,4,四川省,relation_context,0,0,1
土地革命战争,2,安徽省,relation_context,0,0,1
社会主义革命和建设,5,贵州省,relation_context,0,0,3
全民族抗日战争,3,湖北省,relation_context,0,0,2
社会主义革命和建设,5,湖南省,relation_context,0,0,1
社会主义革命和建设,5,重庆市,relation_context,0,0,1
解放战争,4,四川省,relation_context,0,0,1
解放战争,4,江苏省,relation_context,0,0,1
土地革命战争,2,湖南省,relation_context,0,0,1
土地革命战争,2,江西省,relation_context,0,0,1
全民族抗日战争,3,江苏省,relation_context,0,0,1
解放战争,4,湖南省,relation_context,0,0,1
解放战争,4,四川省,relation_context,0,0,1
建党与大革命,1,湖南省,asserted_event_spacetime,1,1,6
土地革命战争,2,四川省,relation_context,0,0,1
解放战争,4,安徽省,relation_context,0,0,1
土地革命战争,2,江西省,relation_context,0,0,3
土地革命战争,2,贵州省,relation_context,0,0,1
社会主义革命和建设,5,贵州省,relation_context,0,0,1
全民族抗日战争,3,江苏省,asserted_event_spacetime,1,1,1
解放战争,4,江苏省,asserted_event_spacetime,1,1,0
土地革命战争,2,湖南省,relation_context,0,0,2
全民族抗日战争,3,云南省,relation_context,0,0,1
全民族抗日战争,3,安徽省,relation_context,0,0,5
全民族抗日战争,3,安徽省,relation_context,0,0,1
全民族抗日战争,3,江苏省,relation_context,0,0,1
建党与大革命,1,江西省,relation_context,0,0,1
全民族抗日战争,3,江西省,relation_context,0,0,1
土地革命战争,2,湖北省,relation_context,0,0,1
建党与大革命,1,江苏省,relation_context,0,0,4
全民族抗日战争,3,安徽省,relation_context,0,0,1
土地革命战争,2,云南省,relation_context,0,0,1
解放战争,4,安徽省,asserted_event_spacetime,1,1,1
解放战争,4,四川省,relation_context,0,0,1
解放战争,4,湖南省,relation_context,0,0,1
全民族抗日战争,3,江苏省,relation_context,0,0,1
解放战争,4,四川省,relation_context,0,0,1
解放战争,4,江西省,relation_context,0,0,1
土地革命战争,2,湖北省,relation_context,0,0,1
土地革命战争,2,湖北省,asserted_event_spacetime,1,2,0
建党与大革命,1,江西省,asserted_event_spacetime,1,1,2
社会主义革命和建设,5,贵州省,relation_context,0,0,1
全民族抗日战争,3,湖北省,asserted_event_spacetime,3,16,31
解放战争,4,云南省,relation_context,0,0,1
解放战争,4,云南省,relation_context,0,0,1
建党与大革命,1,湖南省,relation_context,0,0,1
土地革命战争,2,湖南省,relation_context,0,0,1
全民族抗日战争,3,湖南省,relation_context,0,0,1
全民族抗日战争,3,贵州省,relation_context,0,0,1
解放战争,4,江苏省,asserted_event_spacetime,1,1,1
土地革命战争,2,湖南省,relation_context,0,0,1
解放战争,4,上海市,asserted_event_spacetime,1,1,2
土地革命战争,2,重庆市,relation_context,0,0,1
解放战争,4,湖南省,relation_context,0,0,1
土地革命战争,2,安徽省,relation_context,0,0,1
建党与大革命,1,湖南省,relation_context,0,0,1
建党前传播与孕育,0,四川省,relation_context,0,0,2
建党与大革命,1,湖南省,asserted_event_spacetime,1,1,1
土地革命战争,2,云南省,relation_context,0,0,2
土地革命战争,2,云南省,relation_context,0,0,1
社会主义革命和建设,5,江苏省,relation_context,0,0,1
全民族抗日战争,3,安徽省,asserted_event_spacetime,1,2,1
社会主义革命和建设,5,上海市,asserted_event_spacetime,1,1,0
解放战争,4,云南省,relation_context,0,0,1
土地革命战争,2,云南省,relation_context,0,0,1
建党前传播与孕育,0,重庆市,asserted_event_spacetime,1,1,1
土地革命战争,2,湖南省,relation_context,0,0,1
全民族抗日战争,3,江苏省,relation_context,0,0,1
建党与大革命,1,上海市,relation_context,0,0,1
解放战争,4,江苏省,relation_context,0,0,2
社会主义革命和建设,5,云南省,asserted_event_spacetime,1,1,1
解放战争,4,贵州省,relation_context,0,0,1
土地革命战争,2,江苏省,relation_context,0,0,1
解放战争,4,云南省,relation_context,0,0,1
解放战争,4,云南省,relation_context,0,0,1
土地革命战争,2,江西省,relation_context,0,0,1
建党前传播与孕育,0,安徽省,relation_context,0,0,1
土地革命战争,2,江西省,relation_context,0,0,1
全民族抗日战争,3,江苏省,relation_context,0,0,1
土地革命战争,2,江苏省,relation_context,0,0,1
解放战争,4,湖南省,relation_context,0,0,1
社会主义革命和建设,5,江苏省,asserted_event_spacetime,1,1,0
土地革命战争,2,湖南省,relation_context,0,0,1
解放战争,4,江苏省,relation_context,0,0,1
解放战争,4,四川省,relation_context,0,0,3
全民族抗日战争,3,安徽省,relation_context,0,0,1
建党与大革命,1,四川省,relation_context,0,0,1
解放战争,4,重庆市,relation_context,0,0,1
建党与大革命,1,江西省,relation_context,0,0,1
土地革命战争,2,江西省,asserted_event_spacetime,1,1,1
全民族抗日战争,3,江苏省,relation_context,0,0,1
社会主义革命和建设,5,云南省,relation_context,0,0,4
解放战争,4,四川省,relation_context,0,0,1
全民族抗日战争,3,四川省,relation_context,0,0,1
土地革命战争,2,云南省,relation_context,0,0,1
全民族抗日战争,3,江苏省,relation_context,0,0,2
社会主义革命和建设,5,四川省,relation_context,0,0,1
建党与大革命,1,贵州省,relation_context,0,0,1
土地革命战争,2,江西省,relation_context,0,0,6
建党前传播与孕育,0,江苏省,relation_context,0,0,1
解放战争,4,江苏省,relation_context,0,0,1
建党与大革命,1,重庆市,relation_context,0,0,1
土地革命战争,2,安徽省,relation_context,0,0,2
土地革命战争,2,江苏省,relation_context,0,0,1
全民族抗日战争,3,湖南省,relation_context,0,0,1
建党与大革命,1,江苏省,relation_context,0,0,1
解放战争,4,四川省,relation_context,0,0,1
建党与大革命,1,上海市,relation_context,0,0,1
全民族抗日战争,3,江苏省,relation_context,0,0,1
解放战争,4,江西省,relation_context,0,0,1
全民族抗日战争,3,湖北省,asserted_event_spacetime,1,1,1
全民族抗日战争,3,江苏省,relation_context,0,0,1
建党前传播与孕育,0,贵州省,relation_context,0,0,1
解放战争,4,云南省,relation_context,0,0,1
解放战争,4,贵州省,relation_context,0,0,1
全民族抗日战争,3,云南省,relation_context,0,0,1
全民族抗日战争,3,江苏省,relation_context,0,0,1
全民族抗日战争,3,江苏省,relation_context,0,0,1
解放战争,4,贵州省,relation_context,0,0,1
全民族抗日战争,3,云南省,relation_context,0,0,1
土地革命战争,2,湖南省,asserted_event_spacetime,1,1,1
全民族抗日战争,3,安徽省,relation_context,0,0,1
土地革命战争,2,安徽省,relation_context,0,0,1
土地革命战争,2,贵州省,relation_context,0,0,1
解放战争,4,贵州省,relation_context,0,0,2
解放战争,4,湖南省,relation_context,0,0,1
建党与大革命,1,安徽省,relation_context,0,0,1
建党与大革命,1,江西省,relation_context,0,0,1
土地革命战争,2,江苏省,relation_context,0,0,1
建党与大革命,1,湖北省,asserted_event_spacetime,1,1,1
全民族抗日战争,3,重庆市,relation_context,0,0,1
全民族抗日战争,3,贵州省,asserted_event_spacetime,1,1,1
土地革命战争,2,江西省,relation_context,0,0,1
全民族抗日战争,3,安徽省,relation_context,0,0,2
社会主义革命和建设,5,贵州省,relation_context,0,0,1
社会主义革命和建设,5,安徽省,relation_context,0,0,1
全民族抗日战争,3,安徽省,relation_context,0,0,1
建党前传播与孕育,0,湖南省,relation_context,0,0,4
土地革命战争,2,重庆市,asserted_event_spacetime,1,2,1
全民族抗日战争,3,江苏省,relation_context,0,0,1
解放战争,4,安徽省,relation_context,0,0,1
解放战争,4,湖北省,relation_context,0,0,1
土地革命战争,2,云南省,relation_context,0,0,1
土地革命战争,2,湖北省,asserted_event_spacetime,1,1,1
社会主义革命和建设,5,云南省,relation_context,0,0,2
解放战争,4,重庆市,relation_context,0,0,1
解放战争,4,安徽省,relation_context,0,0,1
建党与大革命,1,湖南省,relation_context,0,0,2
全民族抗日战争,3,安徽省,relation_context,0,0,1
社会主义革命和建设,5,贵州省,asserted_event_spacetime,1,1,0
解放战争,4,云南省,relation_context,0,0,1
建党与大革命,1,江西省,asserted_event_spacetime,1,1,1
建党与大革命,1,江苏省,relation_context,0,0,1
土地革命战争,2,四川省,relation_context,0,0,1
建党与大革命,1,湖北省,relation_context,0,0,1
土地革命战争,2,湖北省,relation_context,0,0,1
解放战争,4,湖北省,relation_context,0,0,1
全民族抗日战争,3,安徽省,relation_context,0,0,1
全民族抗日战争,3,上海市,relation_context,0,0,1
全民族抗日战争,3,湖南省,relation_context,0,0,1
土地革命战争,2,湖南省,trusted_event_spacetime,1,1,1
土地革命战争,2,上海市,relation_context,0,0,1
解放战争,4,江苏省,relation_context,0,0,1
全民族抗日战争,3,贵州省,relation_context,0,0,1
社会主义革命和建设,5,重庆市,relation_context,0,0,2
建党与大革命,1,湖南省,relation_context,0,0,1
社会主义革命和建设,5,云南省,relation_context,0,0,1
全民族抗日战争,3,安徽省,asserted_event_spacetime,1,3,2
土地革命战争,2,湖南省,relation_context,0,0,1
全民族抗日战争,3,贵州省,relation_context,0,0,1
土地革命战争,2,江西省,relation_context,0,0,1
土地革命战争,2,四川省,relation_context,0,0,1
解放战争,4,湖北省,relation_context,0,0,1
建党前传播与孕育,0,上海市,trusted_event_spacetime,2,1,1
土地革命战争,2,四川省,relation_context,0,0,1
社会主义革命和建设,5,湖北省,relation_context,0,0,1
土地革命战争,2,贵州省,asserted_event_spacetime,1,2,1
土地革命战争,2,湖北省,asserted_event_spacetime,1,1,1
建党与大革命,1,江苏省,relation_context,0,0,1
社会主义革命和建设,5,云南省,relation_context,0,0,2
土地革命战争,2,江苏省,asserted_event_spacetime,1,1,1
全民族抗日战争,3,江苏省,relation_context,0,0,1
土地革命战争,2,湖南省,relation_context,0,0,1
土地革命战争,2,湖北省,relation_context,0,0,1
解放战争,4,江苏省,asserted_event_spacetime,1,1,3
全民族抗日战争,3,安徽省,relation_context,0,0,1
解放战争,4,云南省,relation_context,0,0,1
建党前传播与孕育,0,江西省,relation_context,0,0,1
土地革命战争,2,江西省,relation_context,0,0,1
解放战争,4,江西省,asserted_event_spacetime,1,1,0
解放战争,4,安徽省,relation_context,0,0,1
全民族抗日战争,3,浙江省,relation_context,0,0,1
解放战争,4,湖北省,relation_context,0,0,1
土地革命战争,2,江西省,relation_context,0,0,5
土地革命战争,2,江苏省,relation_context,0,0,1
土地革命战争,2,四川省,relation_context,0,0,1
解放战争,4,四川省,asserted_event_spacetime,1,1,1
全民族抗日战争,3,贵州省,relation_context,0,0,2
解放战争,4,重庆市,relation_context,0,0,1
土地革命战争,2,四川省,relation_context,0,0,3
土地革命战争,2,江西省,relation_context,0,0,1
建党与大革命,1,湖南省,relation_context,0,0,1
解放战争,4,浙江省,relation_context,0,0,1
土地革命战争,2,湖南省,relation_context,0,0,1
全民族抗日战争,3,江苏省,relation_context,0,0,1
土地革命战争,2,湖北省,relation_context,0,0,1
社会主义革命和建设,5,重庆市,relation_context,0,0,2
解放战争,4,江苏省,relation_context,0,0,1
建党前传播与孕育,0,四川省,relation_context,0,0,5
解放战争,4,江苏省,relation_context,0,0,1
解放战争,4,贵州省,relation_context,0,0,1
解放战争,4,四川省,relation_context,0,0,1
解放战争,4,重庆市,relation_context,0,0,1
土地革命战争,2,湖南省,relation_context,0,0,5
土地革命战争,2,江西省,relation_context,0,0,2
全民族抗日战争,3,上海市,relation_context,0,0,1
土地革命战争,2,贵州省,relation_context,0,0,1
土地革命战争,2,湖北省,relation_context,0,0,1
建党与大革命,1,湖南省,relation_context,0,0,1
解放战争,4,贵州省,relation_context,0,0,1
全民族抗日战争,3,云南省,relation_context,0,0,1
解放战争,4,湖北省,relation_context,0,0,1
土地革命战争,2,重庆市,relation_context,0,0,1
建党与大革命,1,湖北省,relation_context,0,0,1
建党与大革命,1,四川省,relation_context,0,0,1
建党与大革命,1,江西省,relation_context,0,0,1
全民族抗日战争,3,贵州省,relation_context,0,0,1
社会主义革命和建设,5,贵州省,asserted_event_spacetime,1,1,1
解放战争,4,重庆市,relation_context,0,0,1
建党与大革命,1,安徽省,relation_context,0,0,1
土地革命战争,2,安徽省,relation_context,0,0,1
土地革命战争,2,湖北省,relation_context,0,0,1
土地革命战争,2,湖南省,relation_context,0,0,4
解放战争,4,云南省,relation_context,0,0,1
建党与大革命,1,湖南省,trusted_event_spacetime,2,2,2
社会主义革命和建设,5,云南省,relation_context,0,0,4
全民族抗日战争,3,湖北省,relation_context,0,0,1
土地革命战争,2,贵州省,relation_context,0,0,1
建党前传播与孕育,0,湖北省,relation_context,0,0,2
建党与大革命,1,湖北省,relation_context,0,0,10
建党前传播与孕育,0,上海市,relation_context,0,0,1
解放战争,4,江苏省,asserted_event_spacetime,1,1,1
解放战争,4,贵州省,asserted_event_spacetime,1,2,7
解放战争,4,贵州省,relation_context,0,0,1
土地革命战争,2,安徽省,relation_context,0,0,1
建党与大革命,1,江苏省,asserted_event_spacetime,1,4,0
全民族抗日战争,3,贵州省,asserted_event_spacetime,1,2,1
全民族抗日战争,3,江苏省,relation_context,0,0,2
解放战争,4,江苏省,asserted_event_spacetime,1,1,1
土地革命战争,2,贵州省,relation_context,0,0,1
全民族抗日战争,3,江苏省,relation_context,0,0,1
全民族抗日战争,3,贵州省,relation_context,0,0,1
建党与大革命,1,湖北省,relation_context,0,0,1
全民族抗日战争,3,江苏省,relation_context,0,0,1
社会主义革命和建设,5,湖南省,trusted_event_spacetime,1,6,0
土地革命战争,2,湖南省,relation_context,0,0,1
社会主义革命和建设,5,云南省,asserted_event_spacetime,1,3,0
解放战争,4,湖北省,relation_context,0,0,1
社会主义革命和建设,5,江苏省,trusted_event_spacetime,4,1,1
解放战争,4,湖北省,relation_context,0,0,1
土地革命战争,2,上海市,relation_context,0,0,1
解放战争,4,贵州省,relation_context,0,0,1
解放战争,4,四川省,relation_context,0,0,1
土地革命战争,2,江西省,relation_context,0,0,3
解放战争,4,江苏省,relation_context,0,0,1
全民族抗日战争,3,重庆市,relation_context,0,0,1
土地革命战争,2,云南省,relation_context,0,0,1
解放战争,4,上海市,relation_context,0,0,1
社会主义革命和建设,5,四川省,trusted_event_spacetime,2,1,0
土地革命战争,2,安徽省,relation_context,0,0,1
土地革命战争,2,江西省,relation_context,0,0,1
社会主义革命和建设,5,江苏省,asserted_event_spacetime,1,1,0
解放战争,4,四川省,relation_context,0,0,1
全民族抗日战争,3,重庆市,relation_context,0,0,2
解放战争,4,安徽省,asserted_event_spacetime,1,1,1
全民族抗日战争,3,江西省,relation_context,0,0,1
全民族抗日战争,3,上海市,relation_context,0,0,1
解放战争,4,云南省,relation_context,0,0,1
解放战争,4,贵州省,asserted_event_spacetime,1,1,1
土地革命战争,2,江苏省,relation_context,0,0,1
土地革命战争,2,江西省,relation_context,0,0,1
土地革命战争,2,云南省,relation_context,0,0,1
建党与大革命,1,上海市,relation_context,0,0,1
土地革命战争,2,安徽省,relation_context,0,0,1
土地革命战争,2,云南省,relation_context,0,0,1
土地革命战争,2,贵州省,relation_context,0,0,1
土地革命战争,2,贵州省,relation_context,0,0,1
建党与大革命,1,湖南省,relation_context,0,0,1
全民族抗日战争,3,上海市,asserted_event_spacetime,1,1,0
建党与大革命,1,四川省,relation_context,0,0,2
全民族抗日战争,3,江苏省,relation_context,0,0,1
土地革命战争,2,贵州省,relation_context,0,0,1
解放战争,4,重庆市,relation_context,0,0,2
建党与大革命,1,湖南省,relation_context,0,0,1
社会主义革命和建设,5,江苏省,asserted_event_spacetime,1,1,1
解放战争,4,云南省,relation_context,0,0,1
土地革命战争,2,江西省,relation_context,0,0,1
全民族抗日战争,3,云南省,relation_context,0,0,1
土地革命战争,2,江西省,relation_context,0,0,2
解放战争,4,安徽省,relation_context,0,0,2
建党与大革命,1,湖北省,relation_context,0,0,1
建党与大革命,1,湖南省,relation_context,0,0,1
全民族抗日战争,3,安徽省,relation_context,0,0,1
建党与大革命,1,重庆市,relation_context,0,0,6
全民族抗日战争,3,四川省,relation_context,0,0,1
土地革命战争,2,江苏省,relation_context,0,0,1
解放战争,4,贵州省,relation_context,0,0,2
土地革命战争,2,贵州省,relation_context,0,0,2
土地革命战争,2,湖北省,relation_context,0,0,1
全民族抗日战争,3,上海市,relation_context,0,0,1
建党与大革命,1,云南省,asserted_event_spacetime,1,1,1
土地革命战争,2,江西省,relation_context,0,0,1
建党与大革命,1,江苏省,relation_context,0,0,1
建党与大革命,1,江西省,relation_context,0,0,5
解放战争,4,贵州省,relation_context,0,0,1
土地革命战争,2,湖北省,relation_context,0,0,1
土地革命战争,2,湖南省,relation_context,0,0,3
建党与大革命,1,江苏省,asserted_event_spacetime,1,1,1
建党与大革命,1,四川省,relation_context,0,0,1
全民族抗日战争,3,湖南省,relation_context,0,0,1
土地革命战争,2,江西省,relation_context,0,0,3
建党与大革命,1,上海市,relation_context,0,0,3
土地革命战争,2,安徽省,relation_context,0,0,1
建党与大革命,1,上海市,relation_context,0,0,2
建党与大革命,1,湖南省,relation_context,0,0,1
土地革命战争,2,江西省,relation_context,0,0,1
建党与大革命,1,重庆市,asserted_event_spacetime,1,1,1
社会主义革命和建设,5,上海市,asserted_event_spacetime,1,1,1
土地革命战争,2,江苏省,relation_context,0,0,1
土地革命战争,2,江西省,relation_context,0,0,1
土地革命战争,2,湖北省,relation_context,0,0,1
土地革命战争,2,四川省,relation_context,0,0,1
全民族抗日战争,3,云南省,trusted_event_spacetime,1,1,0
解放战争,4,贵州省,relation_context,0,0,1
土地革命战争,2,湖南省,relation_context,0,0,1
全民族抗日战争,3,安徽省,relation_context,0,0,1
建党与大革命,1,湖北省,asserted_event_spacetime,1,1,1
全民族抗日战争,3,江苏省,relation_context,0,0,1
全民族抗日战争,3,江苏省,relation_context,0,0,1
建党前传播与孕育,0,湖南省,relation_context,0,0,1
全民族抗日战争,3,江西省,relation_context,0,0,1
土地革命战争,2,江西省,relation_context,0,0,2
建党与大革命,1,云南省,relation_context,0,0,1
社会主义革命和建设,5,云南省,relation_context,0,0,1
社会主义革命和建设,5,江苏省,relation_context,0,0,1
全民族抗日战争,3,江苏省,relation_context,0,0,1
解放战争,4,江苏省,relation_context,0,0,1
土地革命战争,2,江西省,relation_context,0,0,2
全民族抗日战争,3,湖北省,relation_context,0,0,1
土地革命战争,2,江西省,relation_context,0,0,6
土地革命战争,2,湖南省,relation_context,0,0,1
土地革命战争,2,四川省,relation_context,0,0,1
土地革命战争,2,贵州省,relation_context,0,0,1
建党与大革命,1,湖北省,relation_context,0,0,1
土地革命战争,2,四川省,relation_context,0,0,3
建党与大革命,1,重庆市,relation_context,0,0,1
土地革命战争,2,云南省,relation_context,0,0,1
社会主义革命和建设,5,重庆市,relation_context,0,0,1
土地革命战争,2,安徽省,relation_context,0,0,1
建党与大革命,1,湖北省,relation_context,0,0,2
社会主义革命和建设,5,安徽省,asserted_event_spacetime,1,1,0
全民族抗日战争,3,贵州省,relation_context,0,0,1
解放战争,4,云南省,relation_context,0,0,1
全民族抗日战争,3,贵州省,relation_context,0,0,1
土地革命战争,2,安徽省,relation_context,0,0,1
土地革命战争,2,四川省,relation_context,0,0,1
解放战争,4,上海市,relation_context,0,0,2
土地革命战争,2,江苏省,relation_context,0,0,1
改革开放和社会主义现代化建设,6,湖北省,relation_context,0,0,1
土地革命战争,2,江西省,relation_context,0,0,1
建党前传播与孕育,0,江西省,relation_context,0,0,1
全民族抗日战争,3,云南省,relation_context,0,0,1
解放战争,4,四川省,relation_context,0,0,1
解放战争,4,云南省,relation_context,0,0,2
解放战争,4,湖北省,relation_context,0,0,1
全民族抗日战争,3,安徽省,relation_context,0,0,1
土地革命战争,2,四川省,relation_context,0,0,1
土地革命战争,2,江西省,relation_context,0,0,1
建党与大革命,1,湖南省,relation_context,0,0,1
土地革命战争,2,江西省,relation_context,0,0,1
建党与大革命,1,湖南省,relation_context,0,0,1
全民族抗日战争,3,安徽省,relation_context,0,0,1
社会主义革命和建设,5,云南省,relation_context,0,0,1
全民族抗日战争,3,江苏省,relation_context,0,0,2
解放战争,4,云南省,relation_context,0,0,1
社会主义革命和建设,5,贵州省,relation_context,0,0,1
土地革命战争,2,四川省,relation_context,0,0,1
土地革命战争,2,江西省,relation_context,0,0,1
社会主义革命和建设,5,湖北省,relation_context,0,0,1
土地革命战争,2,江西省,relation_context,0,0,1
土地革命战争,2,湖南省,relation_context,0,0,1
土地革命战争,2,江西省,relation_context,0,0,1
土地革命战争,2,四川省,relation_context,0,0,2
土地革命战争,2,江苏省,asserted_event_spacetime,1,4,0
土地革命战争,2,江西省,relation_context,0,0,1
解放战争,4,云南省,relation_context,0,0,2
建党与大革命,1,重庆市,relation_context,0,0,2
土地革命战争,2,安徽省,relation_context,0,0,1
解放战争,4,上海市,asserted_event_spacetime,1,1,1
解放战争,4,四川省,relation_context,0,0,1
全民族抗日战争,3,江苏省,relation_context,0,0,1
社会主义革命和建设,5,贵州省,asserted_event_spacetime,1,1,1
建党与大革命,1,江西省,relation_context,0,0,1
土地革命战争,2,湖南省,relation_context,0,0,1
土地革命战争,2,贵州省,relation_context,0,0,1
建党与大革命,1,湖南省,asserted_event_spacetime,1,1,0
建党与大革命,1,江西省,relation_context,0,0,1
解放战争,4,安徽省,asserted_event_spacetime,1,1,1
全民族抗日战争,3,四川省,relation_context,0,0,1
全民族抗日战争,3,安徽省,relation_context,0,0,1
土地革命战争,2,湖北省,relation_context,0,0,1
社会主义革命和建设,5,云南省,relation_context,0,0,1
解放战争,4,重庆市,relation_context,0,0,1
社会主义革命和建设,5,江西省,relation_context,0,0,1
解放战争,4,云南省,asserted_event_spacetime,1,1,1
土地革命战争,2,四川省,relation_context,0,0,1
土地革命战争,2,江西省,asserted_event_spacetime,1,1,1
土地革命战争,2,上海市,relation_context,0,0,1
土地革命战争,2,湖北省,relation_context,0,0,1
土地革命战争,2,湖南省,relation_context,0,0,1
解放战争,4,江苏省,relation_context,0,0,1
全民族抗日战争,3,安徽省,asserted_event_spacetime,1,1,1
土地革命战争,2,湖北省,relation_context,0,0,1
全民族抗日战争,3,湖北省,relation_context,0,0,1
全民族抗日战争,3,云南省,relation_context,0,0,1
土地革命战争,2,四川省,relation_context,0,0,17
解放战争,4,云南省,trusted_event_spacetime,2,1,2
全民族抗日战争,3,云南省,asserted_event_spacetime,1,1,1
社会主义革命和建设,5,江苏省,asserted_event_spacetime,1,1,0
全民族抗日战争,3,湖北省,relation_context,0,0,1
建党与大革命,1,江西省,relation_context,0,0,2
建党与大革命,1,湖南省,relation_context,0,0,1
解放战争,4,江苏省,relation_context,0,0,1
全民族抗日战争,3,安徽省,relation_context,0,0,2
全民族抗日战争,3,安徽省,trusted_event_spacetime,2,1,2
解放战争,4,上海市,relation_context,0,0,1
土地革命战争,2,四川省,relation_context,0,0,4
社会主义革命和建设,5,上海市,asserted_event_spacetime,1,1,1
全民族抗日战争,3,贵州省,relation_context,0,0,1
解放战争,4,湖南省,relation_context,0,0,1
解放战争,4,安徽省,relation_context,0,0,1
解放战争,4,云南省,relation_context,0,0,1
全民族抗日战争,3,江苏省,relation_context,0,0,3
土地革命战争,2,重庆市,relation_context,0,0,1
建党与大革命,1,湖南省,relation_context,0,0,1
土地革命战争,2,湖北省,relation_context,0,0,1
土地革命战争,2,上海市,relation_context,0,0,1
社会主义革命和建设,5,湖南省,asserted_event_spacetime,1,1,0
土地革命战争,2,贵州省,relation_context,0,0,1
建党与大革命,1,浙江省,relation_context,0,0,1
建党与大革命,1,上海市,relation_context,0,0,1
建党与大革命,1,湖南省,relation_context,0,0,1
土地革命战争,2,江西省,relation_context,0,0,3
全民族抗日战争,3,四川省,relation_context,0,0,1
建党前传播与孕育,0,四川省,relation_context,0,0,1
解放战争,4,重庆市,relation_context,0,0,1
土地革命战争,2,四川省,relation_context,0,0,1
全民族抗日战争,3,贵州省,relation_context,0,0,1
全民族抗日战争,3,安徽省,relation_context,0,0,2
土地革命战争,2,江西省,relation_context,0,0,2
建党与大革命,1,四川省,relation_context,0,0,2
改革开放和社会主义现代化建设,6,江西省,relation_context,0,0,2
土地革命战争,2,湖北省,relation_context,0,0,6
建党前传播与孕育,0,上海市,relation_context,0,0,1
土地革命战争,2,上海市,relation_context,0,0,1
社会主义革命和建设,5,云南省,relation_context,0,0,2
土地革命战争,2,云南省,asserted_event_spacetime,1,1,0
土地革命战争,2,江西省,trusted_event_spacetime,3,2,2
全民族抗日战争,3,江西省,asserted_event_spacetime,1,3,8
解放战争,4,湖北省,relation_context,0,0,1
建党前传播与孕育,0,重庆市,relation_context,0,0,1
社会主义革命和建设,5,云南省,relation_context,0,0,1
全民族抗日战争,3,江苏省,relation_context,0,0,1
土地革命战争,2,湖南省,relation_context,0,0,1
土地革命战争,2,贵州省,relation_context,0,0,6
土地革命战争,2,江西省,relation_context,0,0,3
土地革命战争,2,贵州省,relation_context,0,0,1
全民族抗日战争,3,江苏省,relation_context,0,0,1
社会主义革命和建设,5,湖南省,relation_context,0,0,1
全民族抗日战争,3,湖北省,relation_context,0,0,1
土地革命战争,2,贵州省,relation_context,0,0,2
解放战争,4,贵州省,relation_context,0,0,2
全民族抗日战争,3,安徽省,relation_context,0,0,1
建党与大革命,1,上海市,relation_context,0,0,1
建党前传播与孕育,0,四川省,relation_context,0,0,1
建党与大革命,1,上海市,relation_context,0,0,1
解放战争,4,安徽省,relation_context,0,0,6
解放战争,4,云南省,relation_context,0,0,1
土地革命战争,2,四川省,relation_context,0,0,2
社会主义革命和建设,5,贵州省,relation_context,0,0,1
土地革命战争,2,湖南省,relation_context,0,0,1
土地革命战争,2,云南省,relation_context,0,0,1
土地革命战争,2,江西省,relation_context,0,0,1
解放战争,4,湖北省,relation_context,0,0,1
社会主义革命和建设,5,四川省,relation_context,0,0,1
全民族抗日战争,3,重庆市,relation_context,0,0,1
全民族抗日战争,3,云南省,relation_context,0,0,1
土地革命战争,2,安徽省,relation_context,0,0,1
解放战争,4,贵州省,asserted_event_spacetime,1,1,0
社会主义革命和建设,5,贵州省,relation_context,0,0,1
解放战争,4,贵州省,relation_context,0,0,3
土地革命战争,2,四川省,relation_context,0,0,1
土地革命战争,2,江西省,asserted_event_spacetime,1,1,1
解放战争,4,上海市,relation_context,0,0,1
解放战争,4,四川省,relation_context,0,0,4
解放战争,4,湖北省,asserted_event_spacetime,1,1,1
解放战争,4,云南省,relation_context,0,0,1
土地革命战争,2,湖北省,relation_context,0,0,1
土地革命战争,2,湖南省,relation_context,0,0,1
土地革命战争,2,四川省,relation_context,0,0,2
全民族抗日战争,3,上海市,relation_context,0,0,1
解放战争,4,江苏省,relation_context,0,0,1
建党前传播与孕育,0,云南省,relation_context,0,0,1
土地革命战争,2,江西省,relation_context,0,0,1
建党前传播与孕育,0,湖南省,relation_context,0,0,1
解放战争,4,四川省,relation_context,0,0,1
土地革命战争,2,湖北省,relation_context,0,0,1
土地革命战争,2,江西省,relation_context,0,0,1
土地革命战争,2,湖北省,relation_context,0,0,2
全民族抗日战争,3,贵州省,relation_context,0,0,1
土地革命战争,2,江西省,asserted_event_spacetime,1,1,1
解放战争,4,重庆市,relation_context,0,0,1
解放战争,4,云南省,relation_context,0,0,1
土地革命战争,2,江西省,relation_context,0,0,4
建党与大革命,1,湖北省,asserted_event_spacetime,1,1,1
社会主义革命和建设,5,重庆市,relation_context,0,0,1
土地革命战争,2,湖南省,trusted_event_spacetime,2,1,1
土地革命战争,2,湖南省,asserted_event_spacetime,1,1,0
社会主义革命和建设,5,湖南省,relation_context,0,0,1
全民族抗日战争,3,湖南省,asserted_event_spacetime,1,1,1
土地革命战争,2,江西省,relation_context,0,0,1
社会主义革命和建设,5,贵州省,asserted_event_spacetime,1,1,1
全民族抗日战争,3,四川省,relation_context,0,0,1
全民族抗日战争,3,四川省,relation_context,0,0,1
土地革命战争,2,湖南省,relation_context,0,0,1
土地革命战争,2,江西省,relation_context,0,0,1
建党与大革命,1,江西省,relation_context,0,0,1
解放战争,4,重庆市,relation_context,0,0,1
建党与大革命,1,江西省,relation_context,0,0,1
全民族抗日战争,3,贵州省,relation_context,0,0,1
土地革命战争,2,湖南省,relation_context,0,0,1
全民族抗日战争,3,云南省,relation_context,0,0,2
土地革命战争,2,重庆市,trusted_event_spacetime,3,2,2
建党与大革命,1,云南省,relation_context,0,0,2
解放战争,4,江西省,relation_context,0,0,1
土地革命战争,2,云南省,relation_context,0,0,1
全民族抗日战争,3,湖南省,relation_context,0,0,1
土地革命战争,2,江西省,relation_context,0,0,1
土地革命战争,2,贵州省,relation_context,0,0,1
全民族抗日战争,3,安徽省,relation_context,0,0,1
土地革命战争,2,江西省,relation_context,0,0,1
建党与大革命,1,江西省,relation_context,0,0,2
全民族抗日战争,3,江苏省,relation_context,0,0,1
土地革命战争,2,四川省,relation_context,0,0,7
建党与大革命,1,湖北省,relation_context,0,0,1
土地革命战争,2,江西省,relation_context,0,0,1
土地革命战争,2,湖南省,relation_context,0,0,2
建党与大革命,1,四川省,relation_context,0,0,2
土地革命战争,2,四川省,relation_context,0,0,1
社会主义革命和建设,5,云南省,relation_context,0,0,1
全民族抗日战争,3,重庆市,relation_context,0,0,2
建党前传播与孕育,0,湖南省,relation_context,0,0,2
土地革命战争,2,云南省,relation_context,0,0,1
土地革命战争,2,四川省,relation_context,0,0,1
全民族抗日战争,3,江西省,asserted_event_spacetime,1,1,1
解放战争,4,贵州省,asserted_event_spacetime,2,1,1
全民族抗日战争,3,安徽省,relation_context,0,0,2
建党与大革命,1,湖南省,asserted_event_spacetime,1,1,2
土地革命战争,2,贵州省,relation_context,0,0,2
土地革命战争,2,四川省,relation_context,0,0,1
解放战争,4,云南省,relation_context,0,0,1
土地革命战争,2,上海市,relation_context,0,0,1
土地革命战争,2,江西省,relation_context,0,0,1
全民族抗日战争,3,贵州省,relation_context,0,0,1
土地革命战争,2,安徽省,relation_context,0,0,1
社会主义革命和建设,5,贵州省,asserted_event_spacetime,1,1,2
土地革命战争,2,贵州省,relation_context,0,0,2
建党与大革命,1,湖南省,relation_context,0,0,2
解放战争,4,江西省,relation_context,0,0,2
社会主义革命和建设,5,安徽省,relation_context,0,0,1
解放战争,4,安徽省,relation_context,0,0,1
土地革命战争,2,湖北省,relation_context,0,0,2
社会主义革命和建设,5,上海市,relation_context,0,0,1
全民族抗日战争,3,江苏省,relation_context,0,0,1
解放战争,4,湖北省,asserted_event_spacetime,1,1,0
解放战争,4,四川省,relation_context,0,0,4
土地革命战争,2,湖南省,relation_context,0,0,1
社会主义革命和建设,5,重庆市,relation_context,0,0,1
社会主义革命和建设,5,湖南省,relation_context,0,0,1
建党与大革命,1,贵州省,asserted_event_spacetime,1,16,0
全民族抗日战争,3,江西省,relation_context,0,0,1
土地革命战争,2,四川省,relation_context,0,0,1
建党与大革命,1,湖北省,relation_context,0,0,1
建党与大革命,1,湖南省,relation_context,0,0,1
社会主义革命和建设,5,湖北省,asserted_event_spacetime,1,1,0
土地革命战争,2,江苏省,relation_context,0,0,1
全民族抗日战争,3,重庆市,asserted_event_spacetime,1,4,9
全民族抗日战争,3,四川省,relation_context,0,0,1
解放战争,4,湖北省,relation_context,0,0,1
全民族抗日战争,3,贵州省,relation_context,0,0,1
全民族抗日战争,3,江苏省,relation_context,0,0,1
社会主义革命和建设,5,四川省,asserted_event_spacetime,1,1,1
土地革命战争,2,江苏省,relation_context,0,0,1
土地革命战争,2,湖北省,relation_context,0,0,1
建党与大革命,1,湖北省,relation_context,0,0,2
解放战争,4,湖南省,relation_context,0,0,1
土地革命战争,2,安徽省,relation_context,0,0,2
全民族抗日战争,3,江西省,relation_context,0,0,1
土地革命战争,2,安徽省,relation_context,0,0,1
解放战争,4,安徽省,relation_context,0,0,1
土地革命战争,2,江西省,relation_context,0,0,3
全民族抗日战争,3,江苏省,relation_context,0,0,1
建党与大革命,1,湖北省,relation_context,0,0,2
全民族抗日战争,3,云南省,relation_context,0,0,1
建党与大革命,1,上海市,relation_context,0,0,2
全民族抗日战争,3,四川省,relation_context,0,0,1
解放战争,4,重庆市,relation_context,0,0,1
社会主义革命和建设,5,安徽省,relation_context,0,0,1
全民族抗日战争,3,云南省,relation_context,0,0,1
建党与大革命,1,湖南省,relation_context,0,0,1
社会主义革命和建设,5,四川省,asserted_event_spacetime,1,1,1
全民族抗日战争,3,江苏省,relation_context,0,0,5
建党与大革命,1,江苏省,relation_context,0,0,1
土地革命战争,2,重庆市,relation_context,0,0,1
建党与大革命,1,云南省,relation_context,0,0,2
建党与大革命,1,重庆市,trusted_event_spacetime,3,2,3
土地革命战争,2,江苏省,relation_context,0,0,1
社会主义革命和建设,5,云南省,relation_context,0,0,1
土地革命战争,2,湖南省,asserted_event_spacetime,1,1,1
解放战争,4,湖北省,relation_context,0,0,1
建党与大革命,1,江苏省,relation_context,0,0,1
土地革命战争,2,四川省,relation_context,0,0,1
建党与大革命,1,上海市,relation_context,0,0,4
全民族抗日战争,3,四川省,relation_context,0,0,1
土地革命战争,2,湖南省,relation_context,0,0,2
土地革命战争,2,江西省,relation_context,0,0,1
土地革命战争,2,安徽省,relation_context,0,0,1
建党与大革命,1,上海市,relation_context,0,0,1
解放战争,4,上海市,asserted_event_spacetime,1,1,0
社会主义革命和建设,5,四川省,relation_context,0,0,1
全民族抗日战争,3,贵州省,relation_context,0,0,1
土地革命战争,2,江西省,asserted_event_spacetime,1,6,0
建党前传播与孕育,0,湖南省,relation_context,0,0,3
全民族抗日战争,3,云南省,asserted_event_spacetime,1,1,1
社会主义革命和建设,5,云南省,relation_context,0,0,3
解放战争,4,江苏省,relation_context,0,0,1
解放战争,4,江苏省,asserted_event_spacetime,1,1,0
社会主义革命和建设,5,安徽省,trusted_event_spacetime,2,1,1
全民族抗日战争,3,重庆市,relation_context,0,0,1
土地革命战争,2,江西省,trusted_event_spacetime,1,3,22
土地革命战争,2,四川省,relation_context,0,0,1
建党与大革命,1,湖北省,relation_context,0,0,1
全民族抗日战争,3,四川省,relation_context,0,0,1
解放战争,4,云南省,asserted_event_spacetime,1,1,0
社会主义革命和建设,5,云南省,relation_context,0,0,1
解放战争,4,四川省,relation_context,0,0,2
建党与大革命,1,湖北省,asserted_event_spacetime,1,2,3
社会主义革命和建设,5,重庆市,relation_context,0,0,1
社会主义革命和建设,5,江西省,relation_context,0,0,1
解放战争,4,云南省,relation_context,0,0,3
土地革命战争,2,云南省,asserted_event_spacetime,1,1,0
土地革命战争,2,贵州省,relation_context,0,0,1
建党与大革命,1,江西省,relation_context,0,0,1
土地革命战争,2,江苏省,relation_context,0,0,1
建党与大革命,1,四川省,relation_context,0,0,1
土地革命战争,2,江西省,relation_context,0,0,1
全民族抗日战争,3,江苏省,trusted_event_spacetime,2,1,0
全民族抗日战争,3,江西省,trusted_event_spacetime,2,3,2
解放战争,4,贵州省,relation_context,0,0,1
解放战争,4,云南省,relation_context,0,0,5
建党与大革命,1,江西省,relation_context,0,0,1
全民族抗日战争,3,江苏省,relation_context,0,0,1
建党与大革命,1,湖南省,relation_context,0,0,1
土地革命战争,2,江西省,relation_context,0,0,1
土地革命战争,2,安徽省,relation_context,0,0,1
建党与大革命,1,江西省,relation_context,0,0,1
社会主义革命和建设,5,贵州省,relation_context,0,0,1
土地革命战争,2,江西省,relation_context,0,0,1
全民族抗日战争,3,湖南省,relation_context,0,0,1
土地革命战争,2,贵州省,asserted_event_spacetime,1,2,0
土地革命战争,2,贵州省,relation_context,0,0,1
解放战争,4,上海市,relation_context,0,0,1
建党与大革命,1,湖南省,relation_context,0,0,1
建党与大革命,1,上海市,relation_context,0,0,8
建党与大革命,1,湖南省,relation_context,0,0,1
土地革命战争,2,云南省,relation_context,0,0,1
全民族抗日战争,3,湖北省,relation_context,0,0,1
解放战争,4,湖北省,relation_context,0,0,2
解放战争,4,云南省,relation_context,0,0,1
建党与大革命,1,湖南省,relation_context,0,0,1
土地革命战争,2,湖北省,relation_context,0,0,1
全民族抗日战争,3,安徽省,relation_context,0,0,1
土地革命战争,2,安徽省,relation_context,0,0,1
社会主义革命和建设,5,贵州省,relation_context,0,0,1
全民族抗日战争,3,湖南省,relation_context,0,0,1
建党与大革命,1,江西省,relation_context,0,0,4
全民族抗日战争,3,湖北省,relation_context,0,0,2
全民族抗日战争,3,江苏省,relation_context,0,0,1
解放战争,4,贵州省,relation_context,0,0,2
土地革命战争,2,江西省,relation_context,0,0,1
全民族抗日战争,3,安徽省,relation_context,0,0,1
全民族抗日战争,3,四川省,relation_context,0,0,1
全民族抗日战争,3,江苏省,relation_context,0,0,1
土地革命战争,2,安徽省,relation_context,0,0,1
全民族抗日战争,3,贵州省,relation_context,0,0,1
全民族抗日战争,3,贵州省,relation_context,0,0,1
土地革命战争,2,湖北省,relation_context,0,0,1
土地革命战争,2,江苏省,relation_context,0,0,1
土地革命战争,2,江苏省,relation_context,0,0,1
建党前传播与孕育,0,湖南省,relation_context,0,0,1
建党与大革命,1,湖南省,relation_context,0,0,1
建党与大革命,1,江西省,trusted_event_spacetime,1,1,1
社会主义革命和建设,5,上海市,asserted_event_spacetime,1,1,1
全民族抗日战争,3,浙江省,relation_context,0,0,1
土地革命战争,2,湖南省,relation_context,0,0,1
全民族抗日战争,3,江苏省,relation_context,0,0,1
土地革命战争,2,四川省,relation_context,0,0,1
建党与大革命,1,湖北省,relation_context,0,0,1
建党与大革命,1,江西省,relation_context,0,0,1
全民族抗日战争,3,四川省,asserted_event_spacetime,1,1,1
建党与大革命,1,湖北省,asserted_event_spacetime,1,1,8
土地革命战争,2,江西省,relation_context,0,0,1
建党与大革命,1,江苏省,relation_context,0,0,1
解放战争,4,云南省,asserted_event_spacetime,1,3,5
全民族抗日战争,3,江西省,relation_context,0,0,1
社会主义革命和建设,5,江苏省,relation_context,0,0,1
建党与大革命,1,湖北省,relation_context,0,0,6
全民族抗日战争,3,江苏省,relation_context,0,0,1
全民族抗日战争,3,安徽省,relation_context,0,0,1
土地革命战争,2,江西省,relation_context,0,0,1
全民族抗日战争,3,江苏省,asserted_event_spacetime,1,1,1
土地革命战争,2,湖南省,relation_context,0,0,2
建党与大革命,1,江苏省,relation_context,0,0,1
解放战争,4,云南省,relation_context,0,0,1
解放战争,4,四川省,relation_context,0,0,1
建党与大革命,1,湖南省,relation_context,0,0,1
全民族抗日战争,3,安徽省,relation_context,0,0,1
解放战争,4,安徽省,relation_context,0,0,1
解放战争,4,江西省,relation_context,0,0,1
建党前传播与孕育,0,湖北省,relation_context,0,0,1
解放战争,4,贵州省,relation_context,0,0,1
土地革命战争,2,贵州省,relation_context,0,0,1
社会主义革命和建设,5,安徽省,asserted_event_spacetime,1,1,1
全民族抗日战争,3,江苏省,relation_context,0,0,1
建党与大革命,1,重庆市,relation_context,0,0,1
社会主义革命和建设,5,湖北省,relation_context,0,0,1
解放战争,4,贵州省,relation_context,0,0,1
土地革命战争,2,重庆市,relation_context,0,0,1
土地革命战争,2,湖北省,relation_context,0,0,1
土地革命战争,2,江西省,asserted_event_spacetime,1,5,0
社会主义革命和建设,5,贵州省,asserted_event_spacetime,1,2,1
土地革命战争,2,四川省,relation_context,0,0,2
解放战争,4,安徽省,relation_context,0,0,1
社会主义革命和建设,5,安徽省,relation_context,0,0,1
建党与大革命,1,江西省,relation_context,0,0,2
建党与大革命,1,江西省,relation_context,0,0,1
建党与大革命,1,上海市,relation_context,0,0,1
社会主义革命和建设,5,贵州省,relation_context,0,0,1
社会主义革命和建设,5,重庆市,relation_context,0,0,1
建党与大革命,1,湖北省,relation_context,0,0,1
解放战争,4,江苏省,relation_context,0,0,2
全民族抗日战争,3,湖南省,asserted_event_spacetime,1,1,0
社会主义革命和建设,5,四川省,relation_context,0,0,1
建党与大革命,1,湖南省,relation_context,0,0,1
土地革命战争,2,四川省,relation_context,0,0,1
土地革命战争,2,贵州省,relation_context,0,0,3
土地革命战争,2,江西省,relation_context,0,0,1
解放战争,4,四川省,relation_context,0,0,1
土地革命战争,2,云南省,relation_context,0,0,1
建党与大革命,1,湖北省,relation_context,0,0,1
土地革命战争,2,湖北省,relation_context,0,0,1
全民族抗日战争,3,云南省,relation_context,0,0,1
解放战争,4,湖北省,relation_context,0,0,2
解放战争,4,重庆市,asserted_event_spacetime,1,1,0
土地革命战争,2,湖北省,relation_context,0,0,1
全民族抗日战争,3,安徽省,relation_context,0,0,1
解放战争,4,贵州省,relation_context,0,0,1
解放战争,4,安徽省,relation_context,0,0,1
全民族抗日战争,3,云南省,relation_context,0,0,1
土地革命战争,2,湖北省,relation_context,0,0,1
全民族抗日战争,3,云南省,relation_context,0,0,1
全民族抗日战争,3,湖北省,relation_context,0,0,1
土地革命战争,2,江西省,relation_context,0,0,8
解放战争,4,云南省,relation_context,0,0,1
解放战争,4,四川省,relation_context,0,0,1
解放战争,4,贵州省,relation_context,0,0,1
土地革命战争,2,四川省,relation_context,0,0,3
全民族抗日战争,3,江西省,relation_context,0,0,1
土地革命战争,2,湖北省,relation_context,0,0,1
土地革命战争,2,浙江省,relation_context,0,0,1
全民族抗日战争,3,江苏省,relation_context,0,0,1
土地革命战争,2,贵州省,relation_context,0,0,1
全民族抗日战争,3,湖北省,relation_context,0,0,1
建党与大革命,1,安徽省,relation_context,0,0,1
社会主义革命和建设,5,上海市,relation_context,0,0,1
全民族抗日战争,3,安徽省,relation_context,0,0,1
社会主义革命和建设,5,四川省,asserted_event_spacetime,1,1,0
建党与大革命,1,江西省,relation_context,0,0,1
全民族抗日战争,3,湖北省,relation_context,0,0,1
解放战争,4,江西省,relation_context,0,0,1
全民族抗日战争,3,安徽省,trusted_event_spacetime,3,1,2
全民族抗日战争,3,重庆市,relation_context,0,0,1
土地革命战争,2,贵州省,relation_context,0,0,1
全民族抗日战争,3,云南省,relation_context,0,0,1
土地革命战争,2,湖南省,relation_context,0,0,1
土地革命战争,2,上海市,relation_context,0,0,1
土地革命战争,2,上海市,relation_context,0,0,1
土地革命战争,2,湖南省,relation_context,0,0,1
建党与大革命,1,上海市,relation_context,0,0,2
解放战争,4,重庆市,relation_context,0,0,3
土地革命战争,2,湖南省,relation_context,0,0,5
建党与大革命,1,上海市,relation_context,0,0,1
土地革命战争,2,江苏省,relation_context,0,0,1
解放战争,4,江苏省,asserted_event_spacetime,1,1,1
全民族抗日战争,3,湖北省,relation_context,0,0,1
土地革命战争,2,湖南省,relation_context,0,0,1
建党与大革命,1,四川省,relation_context,0,0,1
土地革命战争,2,安徽省,relation_context,0,0,1
土地革命战争,2,云南省,relation_context,0,0,7
土地革命战争,2,江西省,relation_context,0,0,2
全民族抗日战争,3,安徽省,relation_context,0,0,1
全民族抗日战争,3,江苏省,relation_context,0,0,7
全民族抗日战争,3,安徽省,relation_context,0,0,1
全民族抗日战争,3,贵州省,relation_context,0,0,1
社会主义革命和建设,5,四川省,relation_context,0,0,1
土地革命战争,2,云南省,relation_context,0,0,1
土地革命战争,2,湖南省,relation_context,0,0,1
土地革命战争,2,湖北省,relation_context,0,0,1
全民族抗日战争,3,云南省,relation_context,0,0,3
解放战争,4,湖南省,relation_context,0,0,2
解放战争,4,江苏省,relation_context,0,0,1
解放战争,4,云南省,asserted_event_spacetime,1,1,2
全民族抗日战争,3,江苏省,relation_context,0,0,1
解放战争,4,江西省,asserted_event_spacetime,1,3,0
建党与大革命,1,湖北省,relation_context,0,0,1
土地革命战争,2,湖南省,relation_context,0,0,1
土地革命战争,2,云南省,relation_context,0,0,1
解放战争,4,云南省,relation_context,0,0,1
解放战争,4,四川省,relation_context,0,0,1
全民族抗日战争,3,安徽省,relation_context,0,0,1
建党与大革命,1,湖南省,relation_context,0,0,1
土地革命战争,2,四川省,relation_context,0,0,1
土地革命战争,2,贵州省,relation_context,0,0,1
土地革命战争,2,湖北省,relation_context,0,0,1
建党与大革命,1,湖北省,asserted_event_spacetime,1,1,2
土地革命战争,2,江西省,relation_context,0,0,1
土地革命战争,2,江苏省,relation_context,0,0,1
建党前传播与孕育,0,上海市,trusted_event_spacetime,7,1,6
建党与大革命,1,湖南省,relation_context,0,0,1
建党与大革命,1,江西省,relation_context,0,0,1
建党前传播与孕育,0,江苏省,relation_context,0,0,5
解放战争,4,云南省,relation_context,0,0,1
土地革命战争,2,江西省,relation_context,0,0,1
土地革命战争,2,江西省,relation_context,0,0,4
社会主义革命和建设,5,云南省,relation_context,0,0,2
解放战争,4,安徽省,relation_context,0,0,5
解放战争,4,安徽省,relation_context,0,0,1
解放战争,4,贵州省,asserted_event_spacetime,18,17,3
土地革命战争,2,江西省,relation_context,0,0,1
建党与大革命,1,四川省,relation_context,0,0,1
土地革命战争,2,四川省,relation_context,0,0,1
土地革命战争,2,江西省,relation_context,0,0,1
全民族抗日战争,3,江苏省,relation_context,0,0,1
建党与大革命,1,重庆市,relation_context,0,0,1
土地革命战争,2,安徽省,trusted_event_spacetime,1,1,0
建党前传播与孕育,0,四川省,relation_context,0,0,1
全民族抗日战争,3,安徽省,relation_context,0,0,1
土地革命战争,2,江西省,relation_context,0,0,1
社会主义革命和建设,5,江苏省,relation_context,0,0,2
解放战争,4,重庆市,relation_context,0,0,2
社会主义革命和建设,5,安徽省,relation_context,0,0,1
建党与大革命,1,湖南省,relation_context,0,0,1
建党与大革命,1,江西省,relation_context,0,0,1
土地革命战争,2,贵州省,relation_context,0,0,1
土地革命战争,2,安徽省,relation_context,0,0,1
土地革命战争,2,湖北省,relation_context,0,0,1
全民族抗日战争,3,江苏省,relation_context,0,0,1
解放战争,4,江苏省,relation_context,0,0,1
全民族抗日战争,3,江苏省,asserted_event_spacetime,1,1,1
土地革命战争,2,四川省,relation_context,0,0,1
全民族抗日战争,3,江苏省,relation_context,0,0,1
解放战争,4,云南省,asserted_event_spacetime,1,2,27
建党前传播与孕育,0,四川省,relation_context,0,0,2
土地革命战争,2,江西省,relation_context,0,0,1
全民族抗日战争,3,四川省,relation_context,0,0,2
社会主义革命和建设,5,贵州省,relation_context,0,0,1
土地革命战争,2,湖南省,relation_context,0,0,1
建党与大革命,1,湖南省,asserted_event_spacetime,1,1,0
解放战争,4,四川省,relation_context,0,0,1
建党与大革命,1,湖北省,relation_context,0,0,1
土地革命战争,2,云南省,relation_context,0,0,1
土地革命战争,2,湖北省,relation_context,0,0,1
全民族抗日战争,3,安徽省,relation_context,0,0,2
全民族抗日战争,3,江苏省,relation_context,0,0,1
土地革命战争,2,湖北省,relation_context,0,0,1
土地革命战争,2,贵州省,relation_context,0,0,1
全民族抗日战争,3,江苏省,relation_context,0,0,1
土地革命战争,2,湖南省,relation_context,0,0,1
建党与大革命,1,江苏省,relation_context,0,0,1
建党前传播与孕育,0,四川省,relation_context,0,0,1
土地革命战争,2,云南省,trusted_event_spacetime,19,20,12
建党与大革命,1,湖北省,relation_context,0,0,1
土地革命战争,2,四川省,relation_context,0,0,1
建党与大革命,1,湖南省,relation_context,0,0,2
土地革命战争,2,贵州省,relation_context,0,0,2
建党与大革命,1,湖南省,asserted_event_spacetime,1,7,0
解放战争,4,湖北省,asserted_event_spacetime,1,1,1
全民族抗日战争,3,重庆市,relation_context,0,0,1
土地革命战争,2,湖北省,relation_context,0,0,1
土地革命战争,2,湖北省,relation_context,0,0,1
解放战争,4,贵州省,relation_context,0,0,1
全民族抗日战争,3,江苏省,relation_context,0,0,1
社会主义革命和建设,5,安徽省,asserted_event_spacetime,1,1,0
建党与大革命,1,上海市,trusted_event_spacetime,1,1,1
解放战争,4,重庆市,relation_context,0,0,1
解放战争,4,重庆市,relation_context,0,0,1
全民族抗日战争,3,安徽省,relation_context,0,0,1
解放战争,4,四川省,asserted_event_spacetime,2,1,2
建党与大革命,1,上海市,relation_context,0,0,1
全民族抗日战争,3,湖南省,relation_context,0,0,2
建党与大革命,1,上海市,relation_context,0,0,1
全民族抗日战争,3,江苏省,relation_context,0,0,1
土地革命战争,2,江苏省,relation_context,0,0,1
土地革命战争,2,云南省,relation_context,0,0,1
改革开放和社会主义现代化建设,6,湖北省,relation_context,0,0,1
解放战争,4,贵州省,relation_context,0,0,1
土地革命战争,2,云南省,relation_context,0,0,1
全民族抗日战争,3,安徽省,relation_context,0,0,1
建党与大革命,1,湖南省,relation_context,0,0,2
全民族抗日战争,3,湖南省,relation_context,0,0,1
土地革命战争,2,上海市,relation_context,0,0,1
解放战争,4,云南省,relation_context,0,0,2
建党与大革命,1,江西省,relation_context,0,0,2
全民族抗日战争,3,湖南省,relation_context,0,0,1
社会主义革命和建设,5,江西省,relation_context,0,0,1
解放战争,4,安徽省,relation_context,0,0,1
解放战争,4,上海市,relation_context,0,0,1
社会主义革命和建设,5,上海市,relation_context,0,0,1
社会主义革命和建设,5,上海市,relation_context,0,0,1
建党与大革命,1,湖北省,relation_context,0,0,1
全民族抗日战争,3,重庆市,relation_context,0,0,2
解放战争,4,湖南省,relation_context,0,0,1
解放战争,4,四川省,relation_context,0,0,1
土地革命战争,2,贵州省,relation_context,0,0,1
土地革命战争,2,四川省,relation_context,0,0,1
土地革命战争,2,湖南省,trusted_event_spacetime,1,2,6
土地革命战争,2,湖北省,relation_context,0,0,1
土地革命战争,2,四川省,relation_context,0,0,1
全民族抗日战争,3,湖北省,asserted_event_spacetime,1,1,1
土地革命战争,2,江西省,relation_context,0,0,2
解放战争,4,云南省,relation_context,0,0,2
土地革命战争,2,江西省,relation_context,0,0,1
全民族抗日战争,3,湖北省,relation_context,0,0,4
全民族抗日战争,3,贵州省,trusted_event_spacetime,3,2,6
全民族抗日战争,3,云南省,relation_context,0,0,1
建党与大革命,1,安徽省,relation_context,0,0,1
解放战争,4,湖北省,relation_context,0,0,1
全民族抗日战争,3,重庆市,relation_context,0,0,1
全民族抗日战争,3,云南省,asserted_event_spacetime,1,1,1
全民族抗日战争,3,湖北省,relation_context,0,0,1
社会主义革命和建设,5,江西省,relation_context,0,0,1
建党与大革命,1,湖北省,relation_context,0,0,2
解放战争,4,重庆市,relation_context,0,0,1
建党与大革命,1,湖南省,relation_context,0,0,8
土地革命战争,2,湖北省,relation_context,0,0,1
建党前传播与孕育,0,湖北省,relation_context,0,0,1
土地革命战争,2,江西省,relation_context,0,0,1
全民族抗日战争,3,云南省,relation_context,0,0,1
解放战争,4,安徽省,relation_context,0,0,7
土地革命战争,2,湖北省,relation_context,0,0,1
改革开放和社会主义现代化建设,6,上海市,relation_context,0,0,3
建党与大革命,1,湖南省,relation_context,0,0,1
土地革命战争,2,四川省,relation_context,0,0,1
解放战争,4,贵州省,relation_context,0,0,1
土地革命战争,2,湖南省,relation_context,0,0,1
土地革命战争,2,贵州省,relation_context,0,0,1
建党与大革命,1,四川省,relation_context,0,0,2
社会主义革命和建设,5,四川省,asserted_event_spacetime,1,1,1
全民族抗日战争,3,重庆市,relation_context,0,0,1
土地革命战争,2,湖南省,relation_context,0,0,1
土地革命战争,2,湖北省,relation_context,0,0,1
建党前传播与孕育,0,上海市,relation_context,0,0,1
解放战争,4,湖南省,asserted_event_spacetime,1,1,1
全民族抗日战争,3,湖南省,asserted_event_spacetime,1,1,1
解放战争,4,湖南省,relation_context,0,0,1
解放战争,4,重庆市,relation_context,0,0,1
建党与大革命,1,湖南省,relation_context,0,0,2
全民族抗日战争,3,上海市,asserted_event_spacetime,1,1,0
解放战争,4,湖北省,relation_context,0,0,1
土地革命战争,2,江西省,relation_context,0,0,1
全民族抗日战争,3,湖南省,relation_context,0,0,1
全民族抗日战争,3,湖北省,relation_context,0,0,1
土地革命战争,2,重庆市,relation_context,0,0,1
解放战争,4,湖北省,relation_context,0,0,1
建党与大革命,1,重庆市,relation_context,0,0,1
建党与大革命,1,江苏省,relation_context,0,0,1
建党前传播与孕育,0,湖南省,asserted_event_spacetime,1,2,1
建党与大革命,1,上海市,relation_context,0,0,1
全民族抗日战争,3,云南省,relation_context,0,0,6
全民族抗日战争,3,江苏省,relation_context,0,0,1
土地革命战争,2,贵州省,relation_context,0,0,1
社会主义革命和建设,5,四川省,relation_context,0,0,2
土地革命战争,2,云南省,relation_context,0,0,1
土地革命战争,2,湖南省,relation_context,0,0,1
土地革命战争,2,湖北省,relation_context,0,0,1
解放战争,4,江西省,relation_context,0,0,1
全民族抗日战争,3,四川省,asserted_event_spacetime,1,1,2
建党与大革命,1,上海市,trusted_event_spacetime,1,2,4
土地革命战争,2,江西省,relation_context,0,0,1
社会主义革命和建设,5,上海市,asserted_event_spacetime,1,1,1
解放战争,4,云南省,relation_context,0,0,1
全民族抗日战争,3,江苏省,relation_context,0,0,2
解放战争,4,湖南省,relation_context,0,0,2
解放战争,4,江苏省,asserted_event_spacetime,1,2,2
建党前传播与孕育,0,四川省,relation_context,0,0,1
全民族抗日战争,3,上海市,asserted_event_spacetime,1,1,1
社会主义革命和建设,5,安徽省,asserted_event_spacetime,1,1,1
全民族抗日战争,3,安徽省,relation_context,0,0,2
全民族抗日战争,3,安徽省,relation_context,0,0,1
土地革命战争,2,湖北省,relation_context,0,0,1
解放战争,4,贵州省,relation_context,0,0,1
全民族抗日战争,3,贵州省,relation_context,0,0,2
土地革命战争,2,湖南省,relation_context,0,0,1
全民族抗日战争,3,安徽省,relation_context,0,0,1
建党与大革命,1,重庆市,relation_context,0,0,1
解放战争,4,江苏省,asserted_event_spacetime,3,4,1
全民族抗日战争,3,四川省,relation_context,0,0,3
建党前传播与孕育,0,重庆市,relation_context,0,0,2
土地革命战争,2,湖北省,relation_context,0,0,1
全民族抗日战争,3,安徽省,relation_context,0,0,1
社会主义革命和建设,5,云南省,relation_context,0,0,1
全民族抗日战争,3,江苏省,relation_context,0,0,1
解放战争,4,贵州省,relation_context,0,0,1
解放战争,4,江苏省,relation_context,0,0,2
全民族抗日战争,3,贵州省,relation_context,0,0,1
建党与大革命,1,四川省,relation_context,0,0,1
土地革命战争,2,四川省,relation_context,0,0,1
建党前传播与孕育,0,湖南省,relation_context,0,0,1
解放战争,4,云南省,relation_context,0,0,1
全民族抗日战争,3,四川省,relation_context,0,0,1
解放战争,4,云南省,relation_context,0,0,1
解放战争,4,江苏省,relation_context,0,0,2
土地革命战争,2,贵州省,relation_context,0,0,1
建党与大革命,1,四川省,relation_context,0,0,1
土地革命战争,2,安徽省,relation_context,0,0,1
社会主义革命和建设,5,湖北省,asserted_event_spacetime,1,1,1
建党与大革命,1,上海市,relation_context,0,0,1
土地革命战争,2,江西省,asserted_event_spacetime,1,1,0
解放战争,4,江苏省,relation_context,0,0,3
建党与大革命,1,上海市,relation_context,0,0,1
土地革命战争,2,湖南省,relation_context,0,0,1
全民族抗日战争,3,四川省,relation_context,0,0,1
土地革命战争,2,湖北省,relation_context,0,0,1
解放战争,4,贵州省,relation_context,0,0,1
建党与大革命,1,安徽省,asserted_event_spacetime,1,1,1
解放战争,4,云南省,relation_context,0,0,1
全民族抗日战争,3,安徽省,relation_context,0,0,1
全民族抗日战争,3,江苏省,relation_context,0,0,1
建党与大革命,1,上海市,relation_context,0,0,1
土地革命战争,2,四川省,relation_context,0,0,1
土地革命战争,2,江西省,relation_context,0,0,1
解放战争,4,江苏省,relation_context,0,0,1
全民族抗日战争,3,安徽省,relation_context,0,0,2
社会主义革命和建设,5,安徽省,relation_context,0,0,1
社会主义革命和建设,5,贵州省,relation_context,0,0,1
建党与大革命,1,云南省,relation_context,0,0,1
建党与大革命,1,江苏省,relation_context,0,0,1
解放战争,4,安徽省,relation_context,0,0,1
土地革命战争,2,湖北省,relation_context,0,0,1
全民族抗日战争,3,江苏省,relation_context,0,0,1
建党与大革命,1,湖南省,relation_context,0,0,1
解放战争,4,湖北省,relation_context,0,0,1
土地革命战争,2,湖南省,relation_context,0,0,1
土地革命战争,2,湖北省,relation_context,0,0,1
社会主义革命和建设,5,湖南省,relation_context,0,0,1
全民族抗日战争,3,安徽省,relation_context,0,0,1
土地革命战争,2,安徽省,relation_context,0,0,1
土地革命战争,2,江西省,relation_context,0,0,1
土地革命战争,2,湖南省,asserted_event_spacetime,1,1,1
全民族抗日战争,3,江苏省,relation_context,0,0,1
建党与大革命,1,湖北省,relation_context,0,0,1
建党与大革命,1,四川省,asserted_event_spacetime,1,1,1
社会主义革命和建设,5,贵州省,asserted_event_spacetime,1,1,1
解放战争,4,重庆市,relation_context,0,0,2
土地革命战争,2,江西省,relation_context,0,0,1
解放战争,4,云南省,relation_context,0,0,1
土地革命战争,2,四川省,relation_context,0,0,1
解放战争,4,安徽省,asserted_event_spacetime,1,1,1
全民族抗日战争,3,四川省,relation_context,0,0,1
社会主义革命和建设,5,贵州省,relation_context,0,0,1
解放战争,4,江西省,asserted_event_spacetime,2,1,0
土地革命战争,2,湖北省,relation_context,0,0,1
建党与大革命,1,湖南省,relation_context,0,0,1
土地革命战争,2,江苏省,relation_context,0,0,1
全民族抗日战争,3,四川省,relation_context,0,0,3
全民族抗日战争,3,安徽省,relation_context,0,0,1
社会主义革命和建设,5,四川省,relation_context,0,0,1
土地革命战争,2,四川省,relation_context,0,0,1
土地革命战争,2,湖南省,relation_context,0,0,2
全民族抗日战争,3,湖北省,relation_context,0,0,1
土地革命战争,2,江西省,relation_context,0,0,1
社会主义革命和建设,5,云南省,relation_context,0,0,1
土地革命战争,2,江西省,relation_context,0,0,2
解放战争,4,四川省,relation_context,0,0,2
建党与大革命,1,江苏省,relation_context,0,0,1
全民族抗日战争,3,江苏省,relation_context,0,0,1
全民族抗日战争,3,湖北省,relation_context,0,0,1
建党与大革命,1,云南省,relation_context,0,0,1
解放战争,4,四川省,relation_context,0,0,1
土地革命战争,2,重庆市,relation_context,0,0,1
建党与大革命,1,湖北省,relation_context,0,0,1
解放战争,4,云南省,relation_context,0,0,1
全民族抗日战争,3,重庆市,relation_context,0,0,1
土地革命战争,2,湖北省,relation_context,0,0,1
土地革命战争,2,江西省,relation_context,0,0,1
土地革命战争,2,江西省,asserted_event_spacetime,1,1,2
土地革命战争,2,安徽省,relation_context,0,0,1
全民族抗日战争,3,湖北省,relation_context,0,0,1
解放战争,4,湖北省,relation_context,0,0,1
土地革命战争,2,湖南省,relation_context,0,0,1
解放战争,4,四川省,relation_context,0,0,1
全民族抗日战争,3,贵州省,relation_context,0,0,1
土地革命战争,2,江西省,relation_context,0,0,1
土地革命战争,2,贵州省,relation_context,0,0,1
改革开放和社会主义现代化建设,6,云南省,relation_context,0,0,1
解放战争,4,重庆市,relation_context,0,0,2
土地革命战争,2,贵州省,relation_context,0,0,1
建党与大革命,1,江西省,relation_context,0,0,1
土地革命战争,2,贵州省,relation_context,0,0,1
解放战争,4,江苏省,relation_context,0,0,2
建党与大革命,1,四川省,relation_context,0,0,2
全民族抗日战争,3,江苏省,relation_context,0,0,1
解放战争,4,江西省,relation_context,0,0,3
全民族抗日战争,3,安徽省,relation_context,0,0,1
解放战争,4,江西省,relation_context,0,0,1
改革开放和社会主义现代化建设,6,湖南省,relation_context,0,0,1
土地革命战争,2,四川省,relation_context,0,0,1
解放战争,4,湖南省,relation_context,0,0,1
建党与大革命,1,江西省,relation_context,0,0,1
土地革命战争,2,云南省,relation_context,0,0,1
全民族抗日战争,3,云南省,relation_context,0,0,2
全民族抗日战争,3,重庆市,relation_context,0,0,1
土地革命战争,2,湖南省,relation_context,0,0,5
建党与大革命,1,湖南省,relation_context,0,0,1
全民族抗日战争,3,安徽省,relation_context,0,0,3
全民族抗日战争,3,重庆市,relation_context,0,0,1
土地革命战争,2,江西省,asserted_event_spacetime,1,2,14
社会主义革命和建设,5,云南省,relation_context,0,0,1
全民族抗日战争,3,四川省,relation_context,0,0,1
建党与大革命,1,湖南省,relation_context,0,0,2
解放战争,4,湖北省,relation_context,0,0,1
解放战争,4,湖南省,asserted_event_spacetime,18,2,2
全民族抗日战争,3,江苏省,relation_context,0,0,1
建党与大革命,1,四川省,relation_context,0,0,1
建党前传播与孕育,0,江苏省,relation_context,0,0,1
建党前传播与孕育,0,四川省,relation_context,0,0,1
建党与大革命,1,四川省,relation_context,0,0,2
解放战争,4,四川省,relation_context,0,0,2
土地革命战争,2,四川省,relation_context,0,0,1
土地革命战争,2,江西省,relation_context,0,0,1
建党与大革命,1,上海市,relation_context,0,0,4
土地革命战争,2,湖北省,relation_context,0,0,1
全民族抗日战争,3,贵州省,relation_context,0,0,1
解放战争,4,重庆市,relation_context,0,0,1
建党与大革命,1,江西省,relation_context,0,0,1
解放战争,4,安徽省,relation_context,0,0,1
土地革命战争,2,湖南省,relation_context,0,0,1
解放战争,4,云南省,asserted_event_spacetime,1,1,1
解放战争,4,湖北省,relation_context,0,0,2
解放战争,4,云南省,relation_context,0,0,1
解放战争,4,云南省,relation_context,0,0,1
建党前传播与孕育,0,四川省,asserted_event_spacetime,1,1,0
建党与大革命,1,湖南省,relation_context,0,0,1
全民族抗日战争,3,江苏省,relation_context,0,0,2
土地革命战争,2,四川省,relation_context,0,0,1
建党与大革命,1,重庆市,relation_context,0,0,1
全民族抗日战争,3,四川省,relation_context,0,0,1
土地革命战争,2,安徽省,relation_context,0,0,1
建党与大革命,1,上海市,relation_context,0,0,2
社会主义革命和建设,5,四川省,relation_context,0,0,1
全民族抗日战争,3,上海市,relation_context,0,0,1
社会主义革命和建设,5,云南省,asserted_event_spacetime,1,1,1
解放战争,4,四川省,relation_context,0,0,1
土地革命战争,2,贵州省,relation_context,0,0,1
土地革命战争,2,江西省,relation_context,0,0,1
土地革命战争,2,湖南省,asserted_event_spacetime,1,1,2
全民族抗日战争,3,江苏省,relation_context,0,0,1
土地革命战争,2,安徽省,relation_context,0,0,1
土地革命战争,2,安徽省,relation_context,0,0,1
全民族抗日战争,3,湖南省,asserted_event_spacetime,1,1,1
建党与大革命,1,上海市,relation_context,0,0,1
全民族抗日战争,3,安徽省,asserted_event_spacetime,1,1,1
全民族抗日战争,3,安徽省,relation_context,0,0,1
解放战争,4,江苏省,relation_context,0,0,1
解放战争,4,四川省,asserted_event_spacetime,1,1,3
建党与大革命,1,湖南省,asserted_event_spacetime,1,1,2
建党与大革命,1,湖北省,relation_context,0,0,3
社会主义革命和建设,5,江苏省,asserted_event_spacetime,1,1,0
建党与大革命,1,湖北省,relation_context,0,0,1
土地革命战争,2,贵州省,relation_context,0,0,1
建党与大革命,1,湖南省,relation_context,0,0,2
建党前传播与孕育,0,江西省,relation_context,0,0,4
土地革命战争,2,重庆市,relation_context,0,0,2
土地革命战争,2,四川省,relation_context,0,0,1
全民族抗日战争,3,云南省,relation_context,0,0,2
社会主义革命和建设,5,四川省,asserted_event_spacetime,1,1,0
解放战争,4,安徽省,relation_context,0,0,2
社会主义革命和建设,5,湖南省,relation_context,0,0,1
土地革命战争,2,江苏省,relation_context,0,0,1
土地革命战争,2,四川省,relation_context,0,0,1
解放战争,4,云南省,relation_context,0,0,1
解放战争,4,上海市,relation_context,0,0,1
全民族抗日战争,3,安徽省,asserted_event_spacetime,4,4,1
土地革命战争,2,江西省,relation_context,0,0,1
土地革命战争,2,浙江省,relation_context,0,0,1
社会主义革命和建设,5,安徽省,trusted_event_spacetime,42,2,1
社会主义革命和建设,5,云南省,relation_context,0,0,1
解放战争,4,云南省,asserted_event_spacetime,1,1,1
土地革命战争,2,湖南省,relation_context,0,0,1
全民族抗日战争,3,贵州省,asserted_event_spacetime,1,1,0
土地革命战争,2,湖南省,relation_context,0,0,2
土地革命战争,2,云南省,relation_context,0,0,2
土地革命战争,2,四川省,relation_context,0,0,1
解放战争,4,上海市,asserted_event_spacetime,1,1,1
社会主义革命和建设,5,云南省,relation_context,0,0,1
解放战争,4,安徽省,relation_context,0,0,1
建党与大革命,1,湖北省,relation_context,0,0,1
全民族抗日战争,3,江苏省,relation_context,0,0,1
全民族抗日战争,3,安徽省,relation_context,0,0,2
全民族抗日战争,3,贵州省,relation_context,0,0,1
解放战争,4,安徽省,relation_context,0,0,2
土地革命战争,2,四川省,relation_context,0,0,1
社会主义革命和建设,5,上海市,asserted_event_spacetime,1,1,1
解放战争,4,四川省,relation_context,0,0,2
全民族抗日战争,3,湖南省,asserted_event_spacetime,1,2,0
土地革命战争,2,上海市,relation_context,0,0,1
解放战争,4,贵州省,relation_context,0,0,1
解放战争,4,贵州省,relation_context,0,0,1
解放战争,4,湖北省,relation_context,0,0,2
全民族抗日战争,3,江苏省,asserted_event_spacetime,1,1,1
土地革命战争,2,湖北省,relation_context,0,0,1
解放战争,4,湖南省,relation_context,0,0,1
全民族抗日战争,3,湖南省,relation_context,0,0,1
土地革命战争,2,云南省,relation_context,0,0,1
社会主义革命和建设,5,云南省,relation_context,0,0,1
土地革命战争,2,江苏省,relation_context,0,0,1
全民族抗日战争,3,湖北省,relation_context,0,0,1
全民族抗日战争,3,安徽省,relation_context,0,0,1
解放战争,4,四川省,relation_context,0,0,1
解放战争,4,贵州省,relation_context,0,0,1
全民族抗日战争,3,安徽省,relation_context,0,0,1
社会主义革命和建设,5,湖南省,relation_context,0,0,1
全民族抗日战争,3,云南省,relation_context,0,0,1
全民族抗日战争,3,云南省,relation_context,0,0,1
建党与大革命,1,云南省,relation_context,0,0,1
全民族抗日战争,3,贵州省,relation_context,0,0,1
全民族抗日战争,3,安徽省,relation_context,0,0,1
土地革命战争,2,江西省,relation_context,0,0,1
社会主义革命和建设,5,重庆市,asserted_event_spacetime,1,1,1
土地革命战争,2,江西省,relation_context,0,0,2
土地革命战争,2,上海市,relation_context,0,0,1
土地革命战争,2,湖南省,relation_context,0,0,1
土地革命战争,2,江西省,relation_context,0,0,1
全民族抗日战争,3,江苏省,relation_context,0,0,1
全民族抗日战争,3,江苏省,relation_context,0,0,1
建党前传播与孕育,0,湖南省,relation_context,0,0,1
解放战争,4,安徽省,relation_context,0,0,1
建党与大革命,1,四川省,relation_context,0,0,1
土地革命战争,2,安徽省,relation_context,0,0,2
建党与大革命,1,湖北省,relation_context,0,0,2
建党与大革命,1,湖北省,relation_context,0,0,2
土地革命战争,2,江西省,relation_context,0,0,4
土地革命战争,2,贵州省,relation_context,0,0,2
土地革命战争,2,贵州省,relation_context,0,0,1
解放战争,4,湖北省,trusted_event_spacetime,2,1,0
土地革命战争,2,湖南省,relation_context,0,0,1
土地革命战争,2,湖北省,relation_context,0,0,1
改革开放和社会主义现代化建设,6,四川省,relation_context,0,0,1
建党与大革命,1,四川省,relation_context,0,0,1
土地革命战争,2,四川省,relation_context,0,0,1
全民族抗日战争,3,贵州省,relation_context,0,0,1
社会主义革命和建设,5,江苏省,relation_context,0,0,1
全民族抗日战争,3,湖南省,relation_context,0,0,1
全民族抗日战争,3,云南省,asserted_event_spacetime,1,1,1
土地革命战争,2,四川省,relation_context,0,0,1
建党与大革命,1,湖北省,relation_context,0,0,1
土地革命战争,2,贵州省,relation_context,0,0,1
全民族抗日战争,3,云南省,relation_context,0,0,1
社会主义革命和建设,5,贵州省,relation_context,0,0,1
土地革命战争,2,贵州省,relation_context,0,0,1
建党与大革命,1,湖南省,relation_context,0,0,1
解放战争,4,云南省,relation_context,0,0,1
全民族抗日战争,3,江苏省,relation_context,0,0,8
土地革命战争,2,贵州省,relation_context,0,0,1
建党与大革命,1,重庆市,relation_context,0,0,1
建党与大革命,1,江苏省,relation_context,0,0,1
全民族抗日战争,3,江苏省,relation_context,0,0,1
社会主义革命和建设,5,浙江省,relation_context,0,0,1
土地革命战争,2,四川省,relation_context,0,0,1
社会主义革命和建设,5,江苏省,relation_context,0,0,1
建党与大革命,1,上海市,relation_context,0,0,1
全民族抗日战争,3,江苏省,relation_context,0,0,1
解放战争,4,安徽省,relation_context,0,0,1
全民族抗日战争,3,安徽省,relation_context,0,0,5
社会主义革命和建设,5,上海市,relation_context,0,0,1
土地革命战争,2,四川省,relation_context,0,0,1
土地革命战争,2,湖南省,relation_context,0,0,1
全民族抗日战争,3,重庆市,relation_context,0,0,1
土地革命战争,2,上海市,relation_context,0,0,1
社会主义革命和建设,5,上海市,relation_context,0,0,1
解放战争,4,湖北省,relation_context,0,0,1
建党与大革命,1,湖北省,relation_context,0,0,1
土地革命战争,2,湖南省,relation_context,0,0,1
土地革命战争,2,云南省,asserted_event_spacetime,1,1,2
解放战争,4,贵州省,relation_context,0,0,1
土地革命战争,2,四川省,relation_context,0,0,1
建党与大革命,1,江苏省,relation_context,0,0,3
建党与大革命,1,湖北省,relation_context,0,0,1
土地革命战争,2,湖南省,relation_context,0,0,1
土地革命战争,2,安徽省,relation_context,0,0,1
全民族抗日战争,3,江苏省,relation_context,0,0,2
土地革命战争,2,江西省,asserted_event_spacetime,1,1,2
全民族抗日战争,3,云南省,relation_context,0,0,1
土地革命战争,2,云南省,relation_context,0,0,7
土地革命战争,2,云南省,relation_context,0,0,1
建党与大革命,1,江西省,asserted_event_spacetime,1,1,1
全民族抗日战争,3,上海市,relation_context,0,0,2
全民族抗日战争,3,江苏省,relation_context,0,0,1
土地革命战争,2,江西省,asserted_event_spacetime,1,2,2
解放战争,4,贵州省,relation_context,0,0,1
全民族抗日战争,3,贵州省,relation_context,0,0,1
土地革命战争,2,湖北省,relation_context,0,0,2
土地革命战争,2,江西省,asserted_event_spacetime,1,1,1
土地革命战争,2,江西省,relation_context,0,0,2
全民族抗日战争,3,贵州省,relation_context,0,0,2
土地革命战争,2,安徽省,relation_context,0,0,1
全民族抗日战争,3,江苏省,relation_context,0,0,1
建党与大革命,1,江西省,relation_context,0,0,1
土地革命战争,2,上海市,relation_context,0,0,1
土地革命战争,2,贵州省,relation_context,0,0,3
建党前传播与孕育,0,上海市,relation_context,0,0,1
建党与大革命,1,安徽省,relation_context,0,0,1
土地革命战争,2,江西省,relation_context,0,0,1
社会主义革命和建设,5,贵州省,relation_context,0,0,1
解放战争,4,云南省,relation_context,0,0,1
建党与大革命,1,江苏省,relation_context,0,0,4
全民族抗日战争,3,云南省,relation_context,0,0,1
土地革命战争,2,四川省,relation_context,0,0,4
土地革命战争,2,江西省,relation_context,0,0,1
社会主义革命和建设,5,浙江省,relation_context,0,0,1
解放战争,4,上海市,relation_context,0,0,1
解放战争,4,四川省,relation_context,0,0,1
土地革命战争,2,江西省,relation_context,0,0,1
全民族抗日战争,3,重庆市,relation_context,0,0,2
解放战争,4,四川省,relation_context,0,0,1
土地革命战争,2,江苏省,relation_context,0,0,1
全民族抗日战争,3,四川省,relation_context,0,0,1
土地革命战争,2,湖北省,relation_context,0,0,1
全民族抗日战争,3,贵州省,relation_context,0,0,2
土地革命战争,2,江西省,relation_context,0,0,2
全民族抗日战争,3,云南省,asserted_event_spacetime,17,1,0
土地革命战争,2,江西省,relation_context,0,0,1
社会主义革命和建设,5,云南省,asserted_event_spacetime,1,1,2
建党与大革命,1,江苏省,relation_context,0,0,1
解放战争,4,江西省,relation_context,0,0,1
社会主义革命和建设,5,云南省,asserted_event_spacetime,1,1,2
土地革命战争,2,湖南省,relation_context,0,0,1
全民族抗日战争,3,湖北省,relation_context,0,0,1
解放战争,4,江苏省,relation_context,0,0,3
全民族抗日战争,3,重庆市,relation_context,0,0,1
土地革命战争,2,贵州省,relation_context,0,0,1
全民族抗日战争,3,江苏省,relation_context,0,0,1
社会主义革命和建设,5,云南省,relation_context,0,0,1
解放战争,4,云南省,relation_context,0,0,2
土地革命战争,2,江西省,relation_context,0,0,1
土地革命战争,2,江西省,relation_context,0,0,1
全民族抗日战争,3,江苏省,relation_context,0,0,1
全民族抗日战争,3,江西省,relation_context,0,0,1
建党与大革命,1,江西省,relation_context,0,0,191
全民族抗日战争,3,安徽省,relation_context,0,0,1
全民族抗日战争,3,江苏省,relation_context,0,0,1
解放战争,4,江苏省,relation_context,0,0,1
全民族抗日战争,3,江苏省,relation_context,0,0,1
土地革命战争,2,江西省,relation_context,0,0,1
全民族抗日战争,3,安徽省,relation_context,0,0,1
土地革命战争,2,江西省,relation_context,0,0,1
土地革命战争,2,湖北省,relation_context,0,0,22
解放战争,4,湖北省,asserted_event_spacetime,1,1,1
社会主义革命和建设,5,云南省,asserted_event_spacetime,1,1,2
土地革命战争,2,安徽省,relation_context,0,0,1
建党与大革命,1,江苏省,relation_context,0,0,1
解放战争,4,湖北省,relation_context,0,0,1
土地革命战争,2,浙江省,relation_context,0,0,1
建党与大革命,1,湖南省,relation_context,0,0,1
土地革命战争,2,江西省,relation_context,0,0,2
土地革命战争,2,湖北省,relation_context,0,0,1
解放战争,4,安徽省,relation_context,0,0,1
全民族抗日战争,3,湖南省,relation_context,0,0,1
土地革命战争,2,四川省,relation_context,0,0,1
建党与大革命,1,江西省,relation_context,0,0,1
解放战争,4,江苏省,relation_context,0,0,1
社会主义革命和建设,5,贵州省,asserted_event_spacetime,1,1,1
建党与大革命,1,上海市,relation_context,0,0,5
建党与大革命,1,云南省,relation_context,0,0,1
全民族抗日战争,3,上海市,relation_context,0,0,1
解放战争,4,云南省,relation_context,0,0,1
解放战争,4,云南省,asserted_event_spacetime,1,1,3
全民族抗日战争,3,江西省,relation_context,0,0,2
社会主义革命和建设,5,云南省,asserted_event_spacetime,1,2,7
土地革命战争,2,江苏省,relation_context,0,0,1
社会主义革命和建设,5,江苏省,relation_context,0,0,2
土地革命战争,2,湖南省,relation_context,0,0,1
全民族抗日战争,3,江西省,relation_context,0,0,1
解放战争,4,重庆市,relation_context,0,0,2
土地革命战争,2,江苏省,relation_context,0,0,2
土地革命战争,2,重庆市,relation_context,0,0,1
解放战争,4,重庆市,relation_context,0,0,1
解放战争,4,云南省,relation_context,0,0,1
社会主义革命和建设,5,江苏省,relation_context,0,0,1
土地革命战争,2,四川省,relation_context,0,0,1
建党与大革命,1,四川省,asserted_event_spacetime,1,2,0
解放战争,4,贵州省,relation_context,0,0,1
土地革命战争,2,湖南省,relation_context,0,0,2
解放战争,4,云南省,relation_context,0,0,1
解放战争,4,重庆市,relation_context,0,0,4
解放战争,4,江苏省,relation_context,0,0,1
建党与大革命,1,江西省,relation_context,0,0,1
土地革命战争,2,湖北省,asserted_event_spacetime,1,1,1
土地革命战争,2,四川省,relation_context,0,0,2
土地革命战争,2,贵州省,relation_context,0,0,1
解放战争,4,重庆市,relation_context,0,0,1
社会主义革命和建设,5,江西省,asserted_event_spacetime,1,1,0
全民族抗日战争,3,江西省,relation_context,0,0,1
解放战争,4,重庆市,relation_context,0,0,1
解放战争,4,贵州省,relation_context,0,0,1
土地革命战争,2,云南省,relation_context,0,0,1
全民族抗日战争,3,安徽省,relation_context,0,0,1
建党前传播与孕育,0,湖南省,relation_context,0,0,1
解放战争,4,安徽省,asserted_event_spacetime,1,1,1
土地革命战争,2,湖南省,relation_context,0,0,1
土地革命战争,2,安徽省,relation_context,0,0,1
全民族抗日战争,3,安徽省,relation_context,0,0,2
社会主义革命和建设,5,四川省,relation_context,0,0,1
全民族抗日战争,3,四川省,relation_context,0,0,1
全民族抗日战争,3,江苏省,relation_context,0,0,1
全民族抗日战争,3,云南省,relation_context,0,0,1
土地革命战争,2,浙江省,relation_context,0,0,2
土地革命战争,2,贵州省,relation_context,0,0,1
土地革命战争,2,江西省,relation_context,0,0,1
解放战争,4,江西省,relation_context,0,0,1
土地革命战争,2,江苏省,relation_context,0,0,1
社会主义革命和建设,5,贵州省,relation_context,0,0,2
建党与大革命,1,四川省,relation_context,0,0,1
建党与大革命,1,湖南省,relation_context,0,0,2
建党与大革命,1,江西省,relation_context,0,0,1
土地革命战争,2,贵州省,relation_context,0,0,1
解放战争,4,江西省,relation_context,0,0,3
建党前传播与孕育,0,湖南省,relation_context,0,0,1
土地革命战争,2,湖北省,relation_context,0,0,2
解放战争,4,湖北省,asserted_event_spacetime,1,1,1
社会主义革命和建设,5,四川省,relation_context,0,0,1
建党与大革命,1,江苏省,relation_context,0,0,6
土地革命战争,2,湖北省,relation_context,0,0,1
全民族抗日战争,3,湖北省,relation_context,0,0,1
建党与大革命,1,湖北省,asserted_event_spacetime,1,4,0
全民族抗日战争,3,四川省,relation_context,0,0,1
全民族抗日战争,3,江苏省,relation_context,0,0,1
建党前传播与孕育,0,湖北省,relation_context,0,0,1
社会主义革命和建设,5,云南省,relation_context,0,0,1
土地革命战争,2,江西省,relation_context,0,0,2
社会主义革命和建设,5,云南省,trusted_event_spacetime,42,4,2
解放战争,4,湖南省,relation_context,0,0,1
土地革命战争,2,四川省,relation_context,0,0,1
解放战争,4,重庆市,relation_context,0,0,1
土地革命战争,2,江西省,relation_context,0,0,1
社会主义革命和建设,5,重庆市,relation_context,0,0,1
全民族抗日战争,3,安徽省,relation_context,0,0,1
建党与大革命,1,上海市,relation_context,0,0,1
全民族抗日战争,3,江苏省,relation_context,0,0,1
土地革命战争,2,安徽省,relation_context,0,0,1
土地革命战争,2,湖南省,relation_context,0,0,1
土地革命战争,2,上海市,relation_context,0,0,1
社会主义革命和建设,5,贵州省,asserted_event_spacetime,1,1,0
土地革命战争,2,江西省,relation_context,0,0,1
土地革命战争,2,江西省,relation_context,0,0,1
建党与大革命,1,江西省,relation_context,0,0,1
建党前传播与孕育,0,湖北省,asserted_event_spacetime,1,1,1
全民族抗日战争,3,江苏省,relation_context,0,0,1
土地革命战争,2,江苏省,relation_context,0,0,1
解放战争,4,贵州省,relation_context,0,0,1
全民族抗日战争,3,湖北省,relation_context,0,0,1
建党前传播与孕育,0,四川省,relation_context,0,0,1
土地革命战争,2,安徽省,relation_context,0,0,1
全民族抗日战争,3,湖南省,relation_context,0,0,1
建党与大革命,1,重庆市,relation_context,0,0,1
解放战争,4,云南省,relation_context,0,0,1
土地革命战争,2,四川省,relation_context,0,0,1
建党与大革命,1,上海市,relation_context,0,0,1
建党与大革命,1,云南省,trusted_event_spacetime,1,1,0
社会主义革命和建设,5,云南省,asserted_event_spacetime,1,1,1
全民族抗日战争,3,江苏省,relation_context,0,0,1
土地革命战争,2,云南省,relation_context,0,0,1
土地革命战争,2,四川省,relation_context,0,0,1
建党与大革命,1,上海市,relation_context,0,0,1
解放战争,4,安徽省,relation_context,0,0,1
解放战争,4,湖南省,relation_context,0,0,2
解放战争,4,云南省,relation_context,0,0,5
土地革命战争,2,四川省,relation_context,0,0,1
社会主义革命和建设,5,贵州省,relation_context,0,0,1
土地革命战争,2,湖南省,relation_context,0,0,1
土地革命战争,2,湖北省,relation_context,0,0,1
建党前传播与孕育,0,江西省,relation_context,0,0,1
社会主义革命和建设,5,云南省,asserted_event_spacetime,1,1,1
解放战争,4,湖北省,asserted_event_spacetime,1,1,1
解放战争,4,贵州省,relation_context,0,0,1
全民族抗日战争,3,安徽省,relation_context,0,0,1
解放战争,4,贵州省,relation_context,0,0,1
解放战争,4,四川省,asserted_event_spacetime,18,2,0
建党与大革命,1,湖南省,relation_context,0,0,1
建党前传播与孕育,0,湖南省,relation_context,0,0,2
解放战争,4,安徽省,relation_context,0,0,2
全民族抗日战争,3,重庆市,relation_context,0,0,1
土地革命战争,2,江苏省,relation_context,0,0,1
解放战争,4,四川省,relation_context,0,0,2
全民族抗日战争,3,贵州省,relation_context,0,0,2
解放战争,4,云南省,relation_context,0,0,1
社会主义革命和建设,5,贵州省,relation_context,0,0,1
建党与大革命,1,上海市,relation_context,0,0,1
解放战争,4,湖北省,asserted_event_spacetime,1,1,2
土地革命战争,2,江西省,relation_context,0,0,1
建党与大革命,1,江西省,asserted_event_spacetime,1,1,1
土地革命战争,2,江西省,trusted_event_spacetime,2,2,3
土地革命战争,2,安徽省,relation_context,0,0,1
全民族抗日战争,3,江苏省,relation_context,0,0,1
解放战争,4,安徽省,asserted_event_spacetime,1,1,0
建党与大革命,1,湖南省,relation_context,0,0,1
全民族抗日战争,3,江苏省,relation_context,0,0,1
建党与大革命,1,上海市,relation_context,0,0,2
土地革命战争,2,湖南省,relation_context,0,0,7
土地革命战争,2,四川省,relation_context,0,0,1
全民族抗日战争,3,重庆市,relation_context,0,0,1
建党与大革命,1,江苏省,relation_context,0,0,1
改革开放和社会主义现代化建设,6,湖南省,relation_context,0,0,1
全民族抗日战争,3,江苏省,relation_context,0,0,1
全民族抗日战争,3,安徽省,relation_context,0,0,1
社会主义革命和建设,5,贵州省,relation_context,0,0,1
建党与大革命,1,湖南省,relation_context,0,0,1
土地革命战争,2,湖南省,asserted_event_spacetime,1,1,1
土地革命战争,2,重庆市,asserted_event_spacetime,1,1,1
建党与大革命,1,江西省,asserted_event_spacetime,1,1,1
解放战争,4,湖南省,asserted_event_spacetime,1,1,1
土地革命战争,2,四川省,relation_context,0,0,2
建党前传播与孕育,0,江西省,relation_context,0,0,1
全民族抗日战争,3,湖北省,relation_context,0,0,1
全民族抗日战争,3,江西省,relation_context,0,0,1
解放战争,4,云南省,relation_context,0,0,1
解放战争,4,四川省,relation_context,0,0,1
建党与大革命,1,湖南省,relation_context,0,0,1
解放战争,4,四川省,relation_context,0,0,2
建党与大革命,1,上海市,relation_context,0,0,5
解放战争,4,江苏省,asserted_event_spacetime,1,1,1
土地革命战争,2,安徽省,relation_context,0,0,2
全民族抗日战争,3,江苏省,relation_context,0,0,1
解放战争,4,上海市,trusted_event_spacetime,3,1,4
建党与大革命,1,江苏省,relation_context,0,0,1
社会主义革命和建设,5,四川省,relation_context,0,0,2
解放战争,4,湖南省,relation_context,0,0,2
建党前传播与孕育,0,湖北省,relation_context,0,0,1
土地革命战争,2,江西省,relation_context,0,0,1
解放战争,4,四川省,relation_context,0,0,1
社会主义革命和建设,5,重庆市,relation_context,0,0,4
土地革命战争,2,江西省,relation_context,0,0,1
土地革命战争,2,贵州省,relation_context,0,0,3
社会主义革命和建设,5,上海市,asserted_event_spacetime,1,1,1
社会主义革命和建设,5,四川省,relation_context,0,0,2
建党与大革命,1,江苏省,relation_context,0,0,1
建党与大革命,1,湖北省,relation_context,0,0,1
解放战争,4,江西省,relation_context,0,0,1
土地革命战争,2,四川省,relation_context,0,0,1
全民族抗日战争,3,四川省,relation_context,0,0,1
土地革命战争,2,湖北省,asserted_event_spacetime,1,2,3
土地革命战争,2,四川省,relation_context,0,0,1
建党与大革命,1,江西省,relation_context,0,0,2
土地革命战争,2,贵州省,relation_context,0,0,4
解放战争,4,重庆市,relation_context,0,0,1
土地革命战争,2,江苏省,relation_context,0,0,1
土地革命战争,2,江西省,relation_context,0,0,1
土地革命战争,2,湖南省,trusted_event_spacetime,2,2,5
解放战争,4,江苏省,relation_context,0,0,1
全民族抗日战争,3,江苏省,relation_context,0,0,2
土地革命战争,2,湖北省,relation_context,0,0,1
土地革命战争,2,上海市,relation_context,0,0,1
土地革命战争,2,上海市,asserted_event_spacetime,1,1,2
土地革命战争,2,上海市,relation_context,0,0,1
建党与大革命,1,重庆市,relation_context,0,0,1
社会主义革命和建设,5,贵州省,relation_context,0,0,1
解放战争,4,上海市,asserted_event_spacetime,1,1,1
解放战争,4,上海市,asserted_event_spacetime,1,1,1
土地革命战争,2,湖南省,relation_context,0,0,1
土地革命战争,2,四川省,relation_context,0,0,1
解放战争,4,浙江省,relation_context,0,0,1
土地革命战争,2,湖南省,relation_context,0,0,1
建党与大革命,1,云南省,relation_context,0,0,1
解放战争,4,安徽省,relation_context,0,0,3
土地革命战争,2,湖南省,relation_context,0,0,1
社会主义革命和建设,5,云南省,relation_context,0,0,1
全民族抗日战争,3,湖北省,relation_context,0,0,1
解放战争,4,贵州省,relation_context,0,0,1
建党前传播与孕育,0,湖南省,trusted_event_spacetime,1,2,1
解放战争,4,云南省,relation_context,0,0,1
全民族抗日战争,3,安徽省,relation_context,0,0,1
土地革命战争,2,江西省,relation_context,0,0,1
社会主义革命和建设,5,云南省,relation_context,0,0,1
全民族抗日战争,3,重庆市,relation_context,0,0,1
解放战争,4,云南省,relation_context,0,0,1
土地革命战争,2,重庆市,relation_context,0,0,1
建党与大革命,1,云南省,relation_context,0,0,1
土地革命战争,2,江苏省,relation_context,0,0,1
建党与大革命,1,江西省,relation_context,0,0,1
解放战争,4,安徽省,relation_context,0,0,1
解放战争,4,重庆市,relation_context,0,0,4
土地革命战争,2,江西省,relation_context,0,0,1
建党与大革命,1,湖南省,relation_context,0,0,1
土地革命战争,2,贵州省,relation_context,0,0,1
全民族抗日战争,3,安徽省,relation_context,0,0,1
土地革命战争,2,江西省,relation_context,0,0,2
建党与大革命,1,四川省,relation_context,0,0,1
全民族抗日战争,3,湖北省,relation_context,0,0,1
解放战争,4,江苏省,relation_context,0,0,1
土地革命战争,2,贵州省,relation_context,0,0,2
土地革命战争,2,江苏省,relation_context,0,0,1
社会主义革命和建设,5,安徽省,relation_context,0,0,1
社会主义革命和建设,5,四川省,relation_context,0,0,1
全民族抗日战争,3,安徽省,relation_context,0,0,2
建党与大革命,1,湖南省,relation_context,0,0,1
全民族抗日战争,3,江西省,relation_context,0,0,1
解放战争,4,四川省,relation_context,0,0,2
解放战争,4,江苏省,relation_context,0,0,1
解放战争,4,重庆市,relation_context,0,0,1
建党与大革命,1,湖北省,relation_context,0,0,1
土地革命战争,2,湖南省,relation_context,0,0,1
全民族抗日战争,3,安徽省,relation_context,0,0,1
解放战争,4,重庆市,relation_context,0,0,1
解放战争,4,云南省,relation_context,0,0,1
全民族抗日战争,3,云南省,relation_context,0,0,1
全民族抗日战争,3,云南省,relation_context,0,0,1
建党与大革命,1,上海市,relation_context,0,0,1
全民族抗日战争,3,云南省,relation_context,0,0,1
全民族抗日战争,3,重庆市,relation_context,0,0,1
全民族抗日战争,3,江苏省,relation_context,0,0,1
解放战争,4,湖北省,relation_context,0,0,1
土地革命战争,2,湖南省,relation_context,0,0,1
建党与大革命,1,湖北省,relation_context,0,0,2
土地革命战争,2,湖南省,relation_context,0,0,1
土地革命战争,2,湖南省,trusted_event_spacetime,7,1,1
全民族抗日战争,3,湖南省,relation_context,0,0,1
土地革命战争,2,湖南省,relation_context,0,0,2
全民族抗日战争,3,江苏省,relation_context,0,0,1
全民族抗日战争,3,江苏省,relation_context,0,0,1
社会主义革命和建设,5,四川省,asserted_event_spacetime,1,1,1
土地革命战争,2,湖南省,relation_context,0,0,2
建党与大革命,1,湖南省,relation_context,0,0,2
建党与大革命,1,湖北省,relation_context,0,0,1
土地革命战争,2,湖南省,relation_context,0,0,2
建党与大革命,1,湖北省,relation_context,0,0,1
土地革命战争,2,江西省,relation_context,0,0,2
建党与大革命,1,湖北省,relation_context,0,0,1
解放战争,4,江苏省,relation_context,0,0,1
土地革命战争,2,四川省,relation_context,0,0,1
解放战争,4,云南省,relation_context,0,0,1
土地革命战争,2,上海市,asserted_event_spacetime,1,1,1
土地革命战争,2,湖南省,trusted_event_spacetime,1,12,42
土地革命战争,2,湖南省,relation_context,0,0,1
解放战争,4,贵州省,relation_context,0,0,1
社会主义革命和建设,5,贵州省,relation_context,0,0,1
土地革命战争,2,湖北省,relation_context,0,0,1
土地革命战争,2,安徽省,relation_context,0,0,1
解放战争,4,四川省,asserted_event_spacetime,1,1,2
全民族抗日战争,3,重庆市,relation_context,0,0,1
社会主义革命和建设,5,云南省,relation_context,0,0,3
土地革命战争,2,湖北省,relation_context,0,0,1
全民族抗日战争,3,安徽省,relation_context,0,0,1
建党与大革命,1,江西省,relation_context,0,0,1
全民族抗日战争,3,贵州省,relation_context,0,0,1
建党与大革命,1,四川省,relation_context,0,0,1
社会主义革命和建设,5,贵州省,asserted_event_spacetime,1,1,1
解放战争,4,贵州省,relation_context,0,0,1
建党与大革命,1,湖北省,relation_context,0,0,1
社会主义革命和建设,5,江苏省,asserted_event_spacetime,1,1,0
土地革命战争,2,江西省,asserted_event_spacetime,1,1,0
解放战争,4,上海市,relation_context,0,0,1
土地革命战争,2,江西省,relation_context,0,0,1
解放战争,4,湖北省,relation_context,0,0,1
土地革命战争,2,湖南省,relation_context,0,0,2
社会主义革命和建设,5,贵州省,relation_context,0,0,1
解放战争,4,安徽省,relation_context,0,0,1
全民族抗日战争,3,云南省,relation_context,0,0,1
全民族抗日战争,3,江苏省,relation_context,0,0,1
解放战争,4,贵州省,relation_context,0,0,2
解放战争,4,云南省,relation_context,0,0,1
社会主义革命和建设,5,上海市,asserted_event_spacetime,1,1,0
土地革命战争,2,江苏省,relation_context,0,0,1
社会主义革命和建设,5,江西省,relation_context,0,0,1
解放战争,4,安徽省,asserted_event_spacetime,1,2,1
全民族抗日战争,3,江西省,relation_context,0,0,1
土地革命战争,2,湖南省,relation_context,0,0,1
土地革命战争,2,湖南省,relation_context,0,0,1
解放战争,4,云南省,relation_context,0,0,1
土地革命战争,2,江西省,relation_context,0,0,1
土地革命战争,2,四川省,relation_context,0,0,1
建党与大革命,1,江西省,relation_context,0,0,1
土地革命战争,2,四川省,asserted_event_spacetime,1,1,6
建党与大革命,1,湖北省,relation_context,0,0,1
全民族抗日战争,3,江西省,relation_context,0,0,1
社会主义革命和建设,5,四川省,relation_context,0,0,1
全民族抗日战争,3,重庆市,relation_context,0,0,1
解放战争,4,安徽省,asserted_event_spacetime,1,1,1
土地革命战争,2,湖南省,relation_context,0,0,1
建党前传播与孕育,0,安徽省,relation_context,0,0,1
土地革命战争,2,云南省,relation_context,0,0,1
全民族抗日战争,3,湖南省,relation_context,0,0,2
全民族抗日战争,3,云南省,relation_context,0,0,1
解放战争,4,上海市,asserted_event_spacetime,1,1,1
土地革命战争,2,湖北省,relation_context,0,0,1
解放战争,4,云南省,relation_context,0,0,1
土地革命战争,2,重庆市,relation_context,0,0,1
土地革命战争,2,江苏省,relation_context,0,0,1
土地革命战争,2,湖北省,relation_context,0,0,1
土地革命战争,2,重庆市,relation_context,0,0,1
建党与大革命,1,湖北省,asserted_event_spacetime,1,2,1
土地革命战争,2,贵州省,relation_context,0,0,1
土地革命战争,2,湖北省,relation_context,0,0,1
建党与大革命,1,湖南省,relation_context,0,0,5
全民族抗日战争,3,云南省,relation_context,0,0,1
解放战争,4,安徽省,relation_context,0,0,1
土地革命战争,2,四川省,relation_context,0,0,1
全民族抗日战争,3,江苏省,relation_context,0,0,1
全民族抗日战争,3,江苏省,relation_context,0,0,1
土地革命战争,2,上海市,relation_context,0,0,1
社会主义革命和建设,5,湖南省,trusted_event_spacetime,42,1,6
建党与大革命,1,四川省,relation_context,0,0,1
土地革命战争,2,贵州省,relation_context,0,0,1
解放战争,4,江苏省,relation_context,0,0,2
建党与大革命,1,江苏省,relation_context,0,0,1
解放战争,4,江苏省,relation_context,0,0,1
解放战争,4,重庆市,relation_context,0,0,1
土地革命战争,2,江苏省,trusted_event_spacetime,1,1,0
土地革命战争,2,贵州省,asserted_event_spacetime,1,16,0
社会主义革命和建设,5,四川省,trusted_event_spacetime,2,1,0
土地革命战争,2,四川省,trusted_event_spacetime,2,1,1
全民族抗日战争,3,浙江省,relation_context,0,0,1
全民族抗日战争,3,安徽省,relation_context,0,0,1
全民族抗日战争,3,云南省,relation_context,0,0,1
全民族抗日战争,3,安徽省,relation_context,0,0,1
土地革命战争,2,四川省,relation_context,0,0,1
解放战争,4,云南省,relation_context,0,0,1
全民族抗日战争,3,江苏省,relation_context,0,0,2
土地革命战争,2,湖南省,relation_context,0,0,1
社会主义革命和建设,5,上海市,relation_context,0,0,1
土地革命战争,2,贵州省,relation_context,0,0,2
建党与大革命,1,湖北省,relation_context,0,0,2
建党前传播与孕育,0,上海市,relation_context,0,0,1
土地革命战争,2,湖南省,relation_context,0,0,1
解放战争,4,上海市,trusted_event_spacetime,2,1,1
土地革命战争,2,湖南省,relation_context,0,0,2
解放战争,4,四川省,relation_context,0,0,1
建党与大革命,1,四川省,relation_context,0,0,1
土地革命战争,2,贵州省,relation_context,0,0,1
土地革命战争,2,湖北省,relation_context,0,0,1
社会主义革命和建设,5,四川省,relation_context,0,0,1
建党与大革命,1,湖南省,relation_context,0,0,1
土地革命战争,2,四川省,relation_context,0,0,1
土地革命战争,2,江西省,relation_context,0,0,2
建党与大革命,1,湖北省,relation_context,0,0,1
土地革命战争,2,安徽省,relation_context,0,0,1
解放战争,4,安徽省,relation_context,0,0,1
建党前传播与孕育,0,江西省,relation_context,0,0,3
土地革命战争,2,江西省,relation_context,0,0,1
解放战争,4,安徽省,relation_context,0,0,1
建党与大革命,1,江西省,relation_context,0,0,3
土地革命战争,2,湖南省,relation_context,0,0,1
土地革命战争,2,贵州省,trusted_event_spacetime,2,2,2
建党与大革命,1,安徽省,relation_context,0,0,2
建党与大革命,1,湖南省,relation_context,0,0,1
土地革命战争,2,湖南省,relation_context,0,0,1
全民族抗日战争,3,安徽省,asserted_event_spacetime,1,1,1
解放战争,4,安徽省,relation_context,0,0,1
土地革命战争,2,江西省,relation_context,0,0,1
土地革命战争,2,四川省,relation_context,0,0,1
土地革命战争,2,贵州省,relation_context,0,0,1
解放战争,4,江苏省,relation_context,0,0,1
解放战争,4,四川省,relation_context,0,0,1
解放战争,4,四川省,relation_context,0,0,1
改革开放和社会主义现代化建设,6,云南省,relation_context,0,0,1
全民族抗日战争,3,云南省,relation_context,0,0,1
土地革命战争,2,安徽省,relation_context,0,0,1
社会主义革命和建设,5,四川省,relation_context,0,0,1
社会主义革命和建设,5,江西省,asserted_event_spacetime,1,1,1
土地革命战争,2,贵州省,relation_context,0,0,1
土地革命战争,2,四川省,relation_context,0,0,1
全民族抗日战争,3,云南省,relation_context,0,0,1
解放战争,4,贵州省,relation_context,0,0,1
解放战争,4,江苏省,asserted_event_spacetime,1,1,1
解放战争,4,江苏省,relation_context,0,0,1
解放战争,4,上海市,asserted_event_spacetime,1,1,1
社会主义革命和建设,5,上海市,asserted_event_spacetime,1,1,2
社会主义革命和建设,5,重庆市,relation_context,0,0,1
解放战争,4,湖南省,relation_context,0,0,1
建党与大革命,1,江西省,relation_context,0,0,1
解放战争,4,四川省,relation_context,0,0,1
土地革命战争,2,安徽省,relation_context,0,0,1
全民族抗日战争,3,湖北省,relation_context,0,0,1
土地革命战争,2,贵州省,relation_context,0,0,1
解放战争,4,云南省,relation_context,0,0,1
解放战争,4,湖北省,relation_context,0,0,2
社会主义革命和建设,5,四川省,relation_context,0,0,1
解放战争,4,江苏省,relation_context,0,0,1
土地革命战争,2,江西省,relation_context,0,0,1
土地革命战争,2,云南省,relation_context,0,0,1
解放战争,4,贵州省,relation_context,0,0,1
解放战争,4,安徽省,relation_context,0,0,1
解放战争,4,四川省,relation_context,0,0,2
土地革命战争,2,江西省,relation_context,0,0,1
土地革命战争,2,云南省,relation_context,0,0,1
建党与大革命,1,湖北省,relation_context,0,0,1
解放战争,4,江苏省,relation_context,0,0,1
土地革命战争,2,贵州省,relation_context,0,0,1
社会主义革命和建设,5,贵州省,relation_context,0,0,1
社会主义革命和建设,5,云南省,relation_context,0,0,1
全民族抗日战争,3,江苏省,asserted_event_spacetime,1,1,1
全民族抗日战争,3,重庆市,relation_context,0,0,1
解放战争,4,安徽省,relation_context,0,0,1
土地革命战争,2,湖南省,relation_context,0,0,1
建党与大革命,1,湖南省,relation_context,0,0,1
社会主义革命和建设,5,云南省,relation_context,0,0,2
建党与大革命,1,湖北省,relation_context,0,0,1
建党与大革命,1,湖南省,relation_context,0,0,2
解放战争,4,江西省,relation_context,0,0,1
全民族抗日战争,3,江苏省,asserted_event_spacetime,1,2,2
土地革命战争,2,江西省,relation_context,0,0,1
建党与大革命,1,湖南省,relation_context,0,0,1
土地革命战争,2,湖南省,relation_context,0,0,1
土地革命战争,2,上海市,relation_context,0,0,1
建党与大革命,1,江西省,relation_context,0,0,2
全民族抗日战争,3,江苏省,relation_context,0,0,1
土地革命战争,2,湖南省,relation_context,0,0,1
解放战争,4,江苏省,relation_context,0,0,1
土地革命战争,2,湖南省,relation_context,0,0,1
土地革命战争,2,江西省,relation_context,0,0,2
全民族抗日战争,3,安徽省,relation_context,0,0,1
解放战争,4,上海市,relation_context,0,0,1
全民族抗日战争,3,江苏省,asserted_event_spacetime,1,1,1
土地革命战争,2,四川省,relation_context,0,0,1
解放战争,4,湖南省,relation_context,0,0,1
全民族抗日战争,3,贵州省,relation_context,0,0,1
全民族抗日战争,3,贵州省,relation_context,0,0,1
解放战争,4,贵州省,relation_context,0,0,1
全民族抗日战争,3,湖北省,relation_context,0,0,2
解放战争,4,云南省,relation_context,0,0,1
土地革命战争,2,云南省,relation_context,0,0,1
解放战争,4,贵州省,relation_context,0,0,1
社会主义革命和建设,5,湖北省,relation_context,0,0,1
土地革命战争,2,湖南省,relation_context,0,0,1
土地革命战争,2,安徽省,relation_context,0,0,1
社会主义革命和建设,5,浙江省,relation_context,0,0,1
全民族抗日战争,3,安徽省,relation_context,0,0,1
解放战争,4,四川省,relation_context,0,0,1
解放战争,4,云南省,relation_context,0,0,2
土地革命战争,2,湖北省,relation_context,0,0,1
解放战争,4,云南省,relation_context,0,0,1
全民族抗日战争,3,安徽省,relation_context,0,0,1
建党前传播与孕育,0,湖南省,relation_context,0,0,6
建党与大革命,1,江西省,relation_context,0,0,1
社会主义革命和建设,5,云南省,relation_context,0,0,1
全民族抗日战争,3,贵州省,relation_context,0,0,1
土地革命战争,2,重庆市,relation_context,0,0,1
全民族抗日战争,3,贵州省,relation_context,0,0,2
建党与大革命,1,湖南省,relation_context,0,0,1
建党与大革命,1,湖南省,relation_context,0,0,1
土地革命战争,2,湖南省,relation_context,0,0,1
土地革命战争,2,湖北省,relation_context,0,0,1
土地革命战争,2,云南省,relation_context,0,0,1
社会主义革命和建设,5,安徽省,relation_context,0,0,1
解放战争,4,湖北省,asserted_event_spacetime,1,1,3
解放战争,4,湖南省,asserted_event_spacetime,3,7,0
土地革命战争,2,湖北省,relation_context,0,0,1
全民族抗日战争,3,云南省,relation_context,0,0,1
解放战争,4,重庆市,relation_context,0,0,1
土地革命战争,2,湖南省,relation_context,0,0,1
建党前传播与孕育,0,云南省,relation_context,0,0,1
解放战争,4,安徽省,relation_context,0,0,1
全民族抗日战争,3,江苏省,relation_context,0,0,1
解放战争,4,湖北省,asserted_event_spacetime,1,1,0
社会主义革命和建设,5,上海市,asserted_event_spacetime,1,1,0
全民族抗日战争,3,四川省,relation_context,0,0,1
土地革命战争,2,安徽省,relation_context,0,0,2
解放战争,4,湖北省,trusted_event_spacetime,3,1,1
社会主义革命和建设,5,贵州省,relation_context,0,0,1
土地革命战争,2,贵州省,relation_context,0,0,1
土地革命战争,2,江西省,relation_context,0,0,4
土地革命战争,2,湖北省,relation_context,0,0,1
解放战争,4,上海市,asserted_event_spacetime,1,1,1
建党与大革命,1,湖北省,relation_context,0,0,1
土地革命战争,2,江西省,relation_context,0,0,1
土地革命战争,2,四川省,relation_context,0,0,1
全民族抗日战争,3,湖北省,relation_context,0,0,1
全民族抗日战争,3,重庆市,relation_context,0,0,1
解放战争,4,上海市,asserted_event_spacetime,1,2,2
土地革命战争,2,湖南省,relation_context,0,0,1
社会主义革命和建设,5,江苏省,relation_context,0,0,1
土地革命战争,2,湖北省,relation_context,0,0,1
建党与大革命,1,江西省,relation_context,0,0,1
土地革命战争,2,四川省,relation_context,0,0,1
土地革命战争,2,重庆市,relation_context,0,0,1
全民族抗日战争,3,贵州省,relation_context,0,0,1
全民族抗日战争,3,云南省,relation_context,0,0,1
建党与大革命,1,湖北省,relation_context,0,0,2
解放战争,4,贵州省,relation_context,0,0,1
建党与大革命,1,江西省,relation_context,0,0,1
解放战争,4,安徽省,relation_context,0,0,1
土地革命战争,2,江西省,trusted_event_spacetime,2,2,5
土地革命战争,2,湖北省,relation_context,0,0,1
解放战争,4,四川省,relation_context,0,0,1
解放战争,4,安徽省,asserted_event_spacetime,3,4,1
解放战争,4,安徽省,relation_context,0,0,1
土地革命战争,2,四川省,relation_context,0,0,1
全民族抗日战争,3,云南省,relation_context,0,0,1
土地革命战争,2,江苏省,relation_context,0,0,1
社会主义革命和建设,5,上海市,asserted_event_spacetime,1,1,1
解放战争,4,上海市,asserted_event_spacetime,1,2,1
解放战争,4,江苏省,relation_context,0,0,1
社会主义革命和建设,5,重庆市,relation_context,0,0,1
建党前传播与孕育,0,贵州省,relation_context,0,0,1
土地革命战争,2,湖北省,relation_context,0,0,1
全民族抗日战争,3,贵州省,relation_context,0,0,1
社会主义革命和建设,5,云南省,relation_context,0,0,1
土地革命战争,2,江西省,relation_context,0,0,1
社会主义革命和建设,5,云南省,relation_context,0,0,1
土地革命战争,2,湖北省,asserted_event_spacetime,1,1,6
土地革命战争,2,江西省,relation_context,0,0,1
土地革命战争,2,江苏省,relation_context,0,0,6
土地革命战争,2,江西省,asserted_event_spacetime,1,1,1
建党前传播与孕育,0,湖南省,relation_context,0,0,4
土地革命战争,2,湖北省,relation_context,0,0,1
全民族抗日战争,3,云南省,relation_context,0,0,1
全民族抗日战争,3,江苏省,relation_context,0,0,1
土地革命战争,2,江西省,relation_context,0,0,1
社会主义革命和建设,5,重庆市,relation_context,0,0,2
建党与大革命,1,湖南省,relation_context,0,0,1
建党与大革命,1,四川省,relation_context,0,0,1
全民族抗日战争,3,江苏省,relation_context,0,0,14
社会主义革命和建设,5,云南省,relation_context,0,0,5
土地革命战争,2,湖北省,relation_context,0,0,6
土地革命战争,2,湖北省,relation_context,0,0,1
全民族抗日战争,3,江苏省,relation_context,0,0,1
社会主义革命和建设,5,上海市,relation_context,0,0,1
土地革命战争,2,江西省,relation_context,0,0,1
解放战争,4,重庆市,relation_context,0,0,2
全民族抗日战争,3,江苏省,relation_context,0,0,1
解放战争,4,重庆市,relation_context,0,0,1
土地革命战争,2,上海市,relation_context,0,0,1
建党与大革命,1,湖南省,relation_context,0,0,12
建党与大革命,1,江西省,relation_context,0,0,1
土地革命战争,2,四川省,relation_context,0,0,1
土地革命战争,2,江西省,relation_context,0,0,1
土地革命战争,2,湖北省,relation_context,0,0,1
土地革命战争,2,上海市,relation_context,0,0,1
土地革命战争,2,四川省,relation_context,0,0,1
建党与大革命,1,四川省,relation_context,0,0,1
全民族抗日战争,3,贵州省,relation_context,0,0,1
土地革命战争,2,四川省,relation_context,0,0,1
土地革命战争,2,湖南省,relation_context,0,0,1
建党与大革命,1,湖北省,relation_context,0,0,1
建党与大革命,1,上海市,asserted_event_spacetime,1,1,0
社会主义革命和建设,5,四川省,relation_context,0,0,1
建党与大革命,1,重庆市,relation_context,0,0,1
社会主义革命和建设,5,云南省,relation_context,0,0,1
土地革命战争,2,贵州省,relation_context,0,0,1
解放战争,4,安徽省,relation_context,0,0,1
社会主义革命和建设,5,上海市,asserted_event_spacetime,1,2,1
建党与大革命,1,湖南省,relation_context,0,0,1
解放战争,4,湖北省,relation_context,0,0,1
解放战争,4,江苏省,relation_context,0,0,1
解放战争,4,上海市,asserted_event_spacetime,1,1,1
解放战争,4,四川省,relation_context,0,0,1
土地革命战争,2,江西省,relation_context,0,0,1
解放战争,4,四川省,relation_context,0,0,1
土地革命战争,2,湖北省,trusted_event_spacetime,2,2,4
解放战争,4,重庆市,relation_context,0,0,1
土地革命战争,2,贵州省,asserted_event_spacetime,1,1,0
全民族抗日战争,3,贵州省,relation_context,0,0,1
解放战争,4,江苏省,relation_context,0,0,1
土地革命战争,2,江西省,relation_context,0,0,3
改革开放和社会主义现代化建设,6,安徽省,relation_context,0,0,1
土地革命战争,2,湖南省,relation_context,0,0,1
社会主义革命和建设,5,湖北省,relation_context,0,0,1
解放战争,4,云南省,relation_context,0,0,1
全民族抗日战争,3,贵州省,relation_context,0,0,1
解放战争,4,云南省,relation_context,0,0,1
全民族抗日战争,3,云南省,relation_context,0,0,1
社会主义革命和建设,5,云南省,relation_context,0,0,1
建党与大革命,1,四川省,relation_context,0,0,1
解放战争,4,湖北省,relation_context,0,0,1
社会主义革命和建设,5,湖南省,asserted_event_spacetime,1,1,1
解放战争,4,四川省,asserted_event_spacetime,3,2,0
建党与大革命,1,江苏省,relation_context,0,0,2
土地革命战争,2,安徽省,trusted_event_spacetime,1,1,0
全民族抗日战争,3,安徽省,relation_context,0,0,1
土地革命战争,2,四川省,trusted_event_spacetime,19,14,9
解放战争,4,贵州省,relation_context,0,0,1
土地革命战争,2,四川省,relation_context,0,0,1
全民族抗日战争,3,云南省,relation_context,0,0,1
解放战争,4,云南省,relation_context,0,0,1
土地革命战争,2,湖北省,relation_context,0,0,1
社会主义革命和建设,5,四川省,relation_context,0,0,1
土地革命战争,2,江苏省,relation_context,0,0,1
社会主义革命和建设,5,贵州省,asserted_event_spacetime,1,1,0
土地革命战争,2,江西省,relation_context,0,0,1
全民族抗日战争,3,四川省,relation_context,0,0,4
解放战争,4,湖南省,relation_context,0,0,1
土地革命战争,2,上海市,asserted_event_spacetime,1,1,2
解放战争,4,云南省,relation_context,0,0,1
解放战争,4,湖北省,relation_context,0,0,1
建党与大革命,1,湖南省,relation_context,0,0,1
全民族抗日战争,3,安徽省,relation_context,0,0,1
社会主义革命和建设,5,云南省,relation_context,0,0,2
社会主义革命和建设,5,湖北省,asserted_event_spacetime,1,1,1
土地革命战争,2,安徽省,relation_context,0,0,1
土地革命战争,2,贵州省,relation_context,0,0,1
社会主义革命和建设,5,上海市,asserted_event_spacetime,7,1,0
建党与大革命,1,江苏省,relation_context,0,0,1
建党与大革命,1,湖南省,asserted_event_spacetime,1,2,1
社会主义革命和建设,5,江苏省,asserted_event_spacetime,1,1,0
解放战争,4,江苏省,relation_context,0,0,1
建党与大革命,1,湖南省,relation_context,0,0,1
全民族抗日战争,3,重庆市,relation_context,0,0,1
全民族抗日战争,3,云南省,relation_context,0,0,1
全民族抗日战争,3,江苏省,relation_context,0,0,1
土地革命战争,2,湖南省,relation_context,0,0,2
解放战争,4,云南省,relation_context,0,0,1
解放战争,4,安徽省,relation_context,0,0,1
建党与大革命,1,云南省,relation_context,0,0,1
土地革命战争,2,湖北省,asserted_event_spacetime,1,1,2
全民族抗日战争,3,云南省,asserted_event_spacetime,1,1,1
全民族抗日战争,3,江苏省,relation_context,0,0,1
全民族抗日战争,3,江苏省,relation_context,0,0,1
全民族抗日战争,3,江苏省,relation_context,0,0,1
全民族抗日战争,3,湖北省,relation_context,0,0,2
建党前传播与孕育,0,江西省,asserted_event_spacetime,1,1,1
建党与大革命,1,湖北省,relation_context,0,0,3
土地革命战争,2,湖北省,asserted_event_spacetime,1,2,2
土地革命战争,2,云南省,relation_context,0,0,1
建党与大革命,1,重庆市,relation_context,0,0,1
全民族抗日战争,3,江苏省,relation_context,0,0,1
解放战争,4,湖北省,relation_context,0,0,1
土地革命战争,2,江苏省,relation_context,0,0,2
解放战争,4,贵州省,relation_context,0,0,1
全民族抗日战争,3,云南省,asserted_event_spacetime,1,1,1
解放战争,4,重庆市,trusted_event_spacetime,2,1,1
土地革命战争,2,安徽省,relation_context,0,0,1
土地革命战争,2,安徽省,relation_context,0,0,1
建党与大革命,1,湖北省,asserted_event_spacetime,1,2,2
解放战争,4,云南省,relation_context,0,0,1
解放战争,4,四川省,relation_context,0,0,4
解放战争,4,湖北省,relation_context,0,0,1
土地革命战争,2,重庆市,trusted_event_spacetime,19,4,1
土地革命战争,2,江苏省,relation_context,0,0,1
土地革命战争,2,江西省,relation_context,0,0,1
土地革命战争,2,江苏省,relation_context,0,0,1
土地革命战争,2,江西省,trusted_event_spacetime,1,14,35
解放战争,4,云南省,relation_context,0,0,4
全民族抗日战争,3,湖南省,trusted_event_spacetime,3,2,2
全民族抗日战争,3,上海市,relation_context,0,0,1
全民族抗日战争,3,重庆市,relation_context,0,0,1
建党与大革命,1,江苏省,relation_context,0,0,1
解放战争,4,云南省,relation_context,0,0,1
全民族抗日战争,3,安徽省,relation_context,0,0,2
社会主义革命和建设,5,四川省,relation_context,0,0,1
土地革命战争,2,江西省,relation_context,0,0,3
社会主义革命和建设,5,江西省,relation_context,0,0,1
全民族抗日战争,3,重庆市,relation_context,0,0,1
全民族抗日战争,3,湖南省,relation_context,0,0,2
全民族抗日战争,3,安徽省,relation_context,0,0,1
全民族抗日战争,3,安徽省,relation_context,0,0,2
全民族抗日战争,3,安徽省,relation_context,0,0,1
社会主义革命和建设,5,上海市,asserted_event_spacetime,1,2,1
土地革命战争,2,湖北省,relation_context,0,0,5
土地革命战争,2,江西省,relation_context,0,0,1
解放战争,4,云南省,relation_context,0,0,1
土地革命战争,2,湖北省,relation_context,0,0,1
全民族抗日战争,3,云南省,asserted_event_spacetime,4,1,0
解放战争,4,安徽省,relation_context,0,0,1
建党与大革命,1,云南省,relation_context,0,0,1
解放战争,4,上海市,asserted_event_spacetime,1,1,1
全民族抗日战争,3,安徽省,relation_context,0,0,1
建党前传播与孕育,0,上海市,relation_context,0,0,1
全民族抗日战争,3,江苏省,relation_context,0,0,1
土地革命战争,2,四川省,relation_context,0,0,1
解放战争,4,湖北省,relation_context,0,0,1
全民族抗日战争,3,江苏省,relation_context,0,0,1
社会主义革命和建设,5,四川省,relation_context,0,0,1
全民族抗日战争,3,安徽省,relation_context,0,0,1
土地革命战争,2,四川省,relation_context,0,0,1
解放战争,4,云南省,relation_context,0,0,1
土地革命战争,2,湖北省,relation_context,0,0,1
解放战争,4,重庆市,trusted_event_spacetime,3,1,0
全民族抗日战争,3,重庆市,relation_context,0,0,2
土地革命战争,2,江西省,relation_context,0,0,1
全民族抗日战争,3,江苏省,trusted_event_spacetime,4,1,3
解放战争,4,四川省,relation_context,0,0,1
土地革命战争,2,安徽省,relation_context,0,0,1
建党与大革命,1,湖北省,relation_context,0,0,1
土地革命战争,2,江西省,relation_context,0,0,2
全民族抗日战争,3,重庆市,relation_context,0,0,1
土地革命战争,2,重庆市,relation_context,0,0,1
全民族抗日战争,3,四川省,relation_context,0,0,1
全民族抗日战争,3,云南省,relation_context,0,0,2
土地革命战争,2,江西省,relation_context,0,0,1
解放战争,4,贵州省,asserted_event_spacetime,1,1,1
全民族抗日战争,3,安徽省,relation_context,0,0,6
建党与大革命,1,安徽省,relation_context,0,0,1
解放战争,4,四川省,relation_context,0,0,1
全民族抗日战争,3,安徽省,relation_context,0,0,1
全民族抗日战争,3,上海市,relation_context,0,0,1
解放战争,4,江苏省,relation_context,0,0,1
解放战争,4,江苏省,relation_context,0,0,1
建党前传播与孕育,0,安徽省,relation_context,0,0,1
土地革命战争,2,上海市,relation_context,0,0,1
解放战争,4,重庆市,relation_context,0,0,1
土地革命战争,2,湖南省,relation_context,0,0,3
解放战争,4,四川省,relation_context,0,0,2
全民族抗日战争,3,贵州省,relation_context,0,0,2
全民族抗日战争,3,云南省,relation_context,0,0,1
全民族抗日战争,3,安徽省,relation_context,0,0,4
建党与大革命,1,江西省,asserted_event_spacetime,1,1,1
土地革命战争,2,江西省,relation_context,0,0,1
土地革命战争,2,贵州省,relation_context,0,0,1
全民族抗日战争,3,江苏省,relation_context,0,0,1
土地革命战争,2,湖北省,asserted_event_spacetime,1,1,1
全民族抗日战争,3,湖南省,relation_context,0,0,2
全民族抗日战争,3,安徽省,relation_context,0,0,1
建党与大革命,1,湖北省,relation_context,0,0,1
解放战争,4,江苏省,relation_context,0,0,1
解放战争,4,江西省,relation_context,0,0,1
社会主义革命和建设,5,云南省,relation_context,0,0,1
全民族抗日战争,3,安徽省,relation_context,0,0,1
全民族抗日战争,3,云南省,relation_context,0,0,1
全民族抗日战争,3,江苏省,relation_context,0,0,2
社会主义革命和建设,5,贵州省,relation_context,0,0,2
全民族抗日战争,3,贵州省,relation_context,0,0,1
全民族抗日战争,3,重庆市,relation_context,0,0,1
土地革命战争,2,湖南省,relation_context,0,0,1
建党与大革命,1,上海市,relation_context,0,0,1
社会主义革命和建设,5,贵州省,relation_context,0,0,1
土地革命战争,2,四川省,relation_context,0,0,1
建党与大革命,1,湖北省,relation_context,0,0,1
解放战争,4,江西省,relation_context,0,0,1
建党与大革命,1,湖北省,relation_context,0,0,1
土地革命战争,2,江苏省,relation_context,0,0,2
土地革命战争,2,江西省,relation_context,0,0,1
解放战争,4,四川省,relation_context,0,0,1
土地革命战争,2,江西省,relation_context,0,0,1
全民族抗日战争,3,江苏省,relation_context,0,0,1
土地革命战争,2,贵州省,asserted_event_spacetime,1,1,1
全民族抗日战争,3,江苏省,trusted_event_spacetime,1,8,1
社会主义革命和建设,5,上海市,asserted_event_spacetime,1,1,1
土地革命战争,2,江西省,relation_context,0,0,1
解放战争,4,重庆市,relation_context,0,0,1
土地革命战争,2,江西省,relation_context,0,0,1
解放战争,4,云南省,relation_context,0,0,1
土地革命战争,2,湖北省,relation_context,0,0,1
土地革命战争,2,江西省,relation_context,0,0,2
解放战争,4,贵州省,relation_context,0,0,1
解放战争,4,江苏省,relation_context,0,0,3
土地革命战争,2,湖南省,asserted_event_spacetime,1,6,0
全民族抗日战争,3,云南省,relation_context,0,0,1
建党与大革命,1,湖北省,relation_context,0,0,1
全民族抗日战争,3,江苏省,asserted_event_spacetime,1,1,1
解放战争,4,江苏省,asserted_event_spacetime,1,1,1
土地革命战争,2,湖南省,relation_context,0,0,1
土地革命战争,2,江西省,relation_context,0,0,2
土地革命战争,2,湖北省,relation_context,0,0,2
全民族抗日战争,3,四川省,relation_context,0,0,3
建党前传播与孕育,0,湖北省,relation_context,0,0,1
土地革命战争,2,江苏省,relation_context,0,0,1
社会主义革命和建设,5,云南省,relation_context,0,0,1
全民族抗日战争,3,安徽省,relation_context,0,0,1
土地革命战争,2,湖南省,relation_context,0,0,1
土地革命战争,2,湖南省,trusted_event_spacetime,5,11,27
全民族抗日战争,3,湖北省,relation_context,0,0,1
土地革命战争,2,江西省,relation_context,0,0,1
土地革命战争,2,湖南省,relation_context,0,0,1
全民族抗日战争,3,安徽省,relation_context,0,0,1
土地革命战争,2,安徽省,relation_context,0,0,1
土地革命战争,2,湖北省,relation_context,0,0,1
土地革命战争,2,贵州省,relation_context,0,0,1
全民族抗日战争,3,湖南省,asserted_event_spacetime,3,3,0
社会主义革命和建设,5,重庆市,relation_context,0,0,1
全民族抗日战争,3,云南省,relation_context,0,0,1
土地革命战争,2,江苏省,asserted_event_spacetime,1,1,3
解放战争,4,云南省,relation_context,0,0,1
土地革命战争,2,江西省,relation_context,0,0,1
全民族抗日战争,3,云南省,relation_context,0,0,1
全民族抗日战争,3,贵州省,asserted_event_spacetime,1,1,6
全民族抗日战争,3,贵州省,relation_context,0,0,1
建党与大革命,1,云南省,relation_context,0,0,1
解放战争,4,云南省,relation_context,0,0,1
建党与大革命,1,湖南省,relation_context,0,0,1
土地革命战争,2,江西省,relation_context,0,0,1
解放战争,4,江西省,asserted_event_spacetime,1,1,4
全民族抗日战争,3,湖北省,asserted_event_spacetime,4,4,0
土地革命战争,2,江苏省,relation_context,0,0,1
土地革命战争,2,湖北省,relation_context,0,0,1
解放战争,4,重庆市,relation_context,0,0,1
土地革命战争,2,云南省,relation_context,0,0,1
建党与大革命,1,湖南省,relation_context,0,0,2
全民族抗日战争,3,江苏省,relation_context,0,0,2
建党前传播与孕育,0,湖北省,relation_context,0,0,1
解放战争,4,贵州省,relation_context,0,0,1
土地革命战争,2,四川省,relation_context,0,0,1
解放战争,4,贵州省,relation_context,0,0,1
解放战争,4,贵州省,relation_context,0,0,1
社会主义革命和建设,5,云南省,relation_context,0,0,1
解放战争,4,浙江省,relation_context,0,0,1
土地革命战争,2,四川省,relation_context,0,0,1
土地革命战争,2,四川省,relation_context,0,0,1
全民族抗日战争,3,湖南省,relation_context,0,0,1
社会主义革命和建设,5,贵州省,relation_context,0,0,1
解放战争,4,云南省,relation_context,0,0,2
全民族抗日战争,3,安徽省,relation_context,0,0,1
土地革命战争,2,江西省,relation_context,0,0,2
建党与大革命,1,湖南省,relation_context,0,0,1
解放战争,4,湖北省,asserted_event_spacetime,1,1,0
土地革命战争,2,湖南省,relation_context,0,0,1
建党与大革命,1,安徽省,relation_context,0,0,1
全民族抗日战争,3,江西省,trusted_event_spacetime,1,1,1
建党与大革命,1,江西省,trusted_event_spacetime,2,2,2
社会主义革命和建设,5,贵州省,asserted_event_spacetime,1,5,1
土地革命战争,2,湖北省,relation_context,0,0,1
建党与大革命,1,湖北省,relation_context,0,0,1
全民族抗日战争,3,安徽省,relation_context,0,0,1
建党与大革命,1,湖北省,relation_context,0,0,1
全民族抗日战争,3,重庆市,relation_context,0,0,2
全民族抗日战争,3,江苏省,asserted_event_spacetime,3,1,1
建党与大革命,1,湖北省,relation_context,0,0,1
土地革命战争,2,江西省,relation_context,0,0,2
全民族抗日战争,3,安徽省,relation_context,0,0,1
土地革命战争,2,江西省,relation_context,0,0,1
全民族抗日战争,3,安徽省,relation_context,0,0,1
全民族抗日战争,3,江西省,relation_context,0,0,1
解放战争,4,云南省,relation_context,0,0,1
土地革命战争,2,湖北省,relation_context,0,0,2
土地革命战争,2,江西省,relation_context,0,0,1
土地革命战争,2,江西省,asserted_event_spacetime,1,2,1
全民族抗日战争,3,安徽省,relation_context,0,0,1
解放战争,4,江西省,relation_context,0,0,2
全民族抗日战争,3,湖北省,relation_context,0,0,2
全民族抗日战争,3,江苏省,relation_context,0,0,2
全民族抗日战争,3,贵州省,relation_context,0,0,1
解放战争,4,上海市,asserted_event_spacetime,2,1,0
土地革命战争,2,上海市,relation_context,0,0,1
土地革命战争,2,江苏省,relation_context,0,0,1
土地革命战争,2,安徽省,relation_context,0,0,1
全民族抗日战争,3,江苏省,relation_context,0,0,1
全民族抗日战争,3,江西省,relation_context,0,0,1
土地革命战争,2,云南省,relation_context,0,0,1
社会主义革命和建设,5,安徽省,relation_context,0,0,1
建党与大革命,1,江西省,relation_context,0,0,1
土地革命战争,2,江西省,relation_context,0,0,1
社会主义革命和建设,5,浙江省,relation_context,0,0,1
解放战争,4,江苏省,relation_context,0,0,1
全民族抗日战争,3,贵州省,relation_context,0,0,1
全民族抗日战争,3,重庆市,relation_context,0,0,1
解放战争,4,重庆市,relation_context,0,0,1
土地革命战争,2,江西省,relation_context,0,0,1
解放战争,4,贵州省,relation_context,0,0,1
土地革命战争,2,江苏省,relation_context,0,0,1
建党与大革命,1,安徽省,relation_context,0,0,2
土地革命战争,2,江西省,relation_context,0,0,1
社会主义革命和建设,5,贵州省,asserted_event_spacetime,1,2,1
全民族抗日战争,3,上海市,trusted_event_spacetime,1,1,1
土地革命战争,2,江西省,relation_context,0,0,1
土地革命战争,2,湖南省,relation_context,0,0,1
土地革命战争,2,四川省,relation_context,0,0,1
建党与大革命,1,湖北省,relation_context,0,0,2
解放战争,4,贵州省,relation_context,0,0,1
社会主义革命和建设,5,湖北省,relation_context,0,0,1
全民族抗日战争,3,上海市,relation_context,0,0,2
土地革命战争,2,江西省,relation_context,0,0,1
全民族抗日战争,3,重庆市,relation_context,0,0,1
解放战争,4,江苏省,relation_context,0,0,1
解放战争,4,湖南省,relation_context,0,0,4
社会主义革命和建设,5,江西省,asserted_event_spacetime,1,1,1
建党与大革命,1,湖南省,relation_context,0,0,1
土地革命战争,2,安徽省,relation_context,0,0,1
全民族抗日战争,3,江苏省,relation_context,0,0,1
建党与大革命,1,四川省,relation_context,0,0,3
解放战争,4,贵州省,relation_context,0,0,1
解放战争,4,江西省,relation_context,0,0,1
建党前传播与孕育,0,云南省,relation_context,0,0,1
土地革命战争,2,江苏省,relation_context,0,0,1
土地革命战争,2,云南省,relation_context,0,0,1
土地革命战争,2,湖南省,asserted_event_spacetime,1,1,1
解放战争,4,上海市,asserted_event_spacetime,1,1,1
全民族抗日战争,3,重庆市,relation_context,0,0,1
全民族抗日战争,3,安徽省,asserted_event_spacetime,1,1,1
解放战争,4,云南省,relation_context,0,0,1
土地革命战争,2,江西省,relation_context,0,0,1
解放战争,4,江苏省,relation_context,0,0,1
解放战争,4,贵州省,relation_context,0,0,1
社会主义革命和建设,5,安徽省,relation_context,0,0,1
全民族抗日战争,3,四川省,relation_context,0,0,1
改革开放和社会主义现代化建设,6,贵州省,relation_context,0,0,1
解放战争,4,上海市,asserted_event_spacetime,1,1,1
建党与大革命,1,云南省,relation_context,0,0,1
解放战争,4,江苏省,trusted_event_spacetime,2,1,0
土地革命战争,2,云南省,relation_context,0,0,3
土地革命战争,2,安徽省,relation_context,0,0,1
土地革命战争,2,湖南省,relation_context,0,0,4
解放战争,4,重庆市,relation_context,0,0,2
全民族抗日战争,3,四川省,relation_context,0,0,1
土地革命战争,2,贵州省,asserted_event_spacetime,1,17,0
建党与大革命,1,湖南省,relation_context,0,0,2
解放战争,4,贵州省,relation_context,0,0,2
土地革命战争,2,江苏省,relation_context,0,0,1
土地革命战争,2,江西省,relation_context,0,0,1
建党前传播与孕育,0,江苏省,relation_context,0,0,1
解放战争,4,湖北省,relation_context,0,0,1
解放战争,4,江苏省,relation_context,0,0,1
全民族抗日战争,3,湖北省,relation_context,0,0,1
全民族抗日战争,3,贵州省,relation_context,0,0,1
社会主义革命和建设,5,上海市,relation_context,0,0,2
土地革命战争,2,四川省,relation_context,0,0,1
解放战争,4,湖南省,relation_context,0,0,1
土地革命战争,2,四川省,relation_context,0,0,1
全民族抗日战争,3,湖北省,relation_context,0,0,1
社会主义革命和建设,5,上海市,relation_context,0,0,1
解放战争,4,云南省,relation_context,0,0,1
解放战争,4,云南省,relation_context,0,0,1
解放战争,4,安徽省,relation_context,0,0,1
解放战争,4,江西省,relation_context,0,0,1
土地革命战争,2,湖南省,relation_context,0,0,3
土地革命战争,2,江苏省,relation_context,0,0,1
解放战争,4,湖北省,relation_context,0,0,1
全民族抗日战争,3,安徽省,relation_context,0,0,1
社会主义革命和建设,5,湖南省,relation_context,0,0,1
解放战争,4,贵州省,relation_context,0,0,1
土地革命战争,2,湖北省,relation_context,0,0,1
解放战争,4,湖南省,relation_context,0,0,1
全民族抗日战争,3,江苏省,relation_context,0,0,2
解放战争,4,贵州省,relation_context,0,0,1
土地革命战争,2,四川省,relation_context,0,0,1
土地革命战争,2,安徽省,relation_context,0,0,1
土地革命战争,2,江西省,relation_context,0,0,1
土地革命战争,2,重庆市,relation_context,0,0,1
建党与大革命,1,湖北省,relation_context,0,0,1
土地革命战争,2,安徽省,relation_context,0,0,4
土地革命战争,2,贵州省,relation_context,0,0,1
土地革命战争,2,四川省,relation_context,0,0,1
建党与大革命,1,湖南省,relation_context,0,0,1
土地革命战争,2,四川省,relation_context,0,0,1
土地革命战争,2,上海市,relation_context,0,0,1
建党与大革命,1,湖北省,relation_context,0,0,1
建党与大革命,1,湖南省,relation_context,0,0,1
解放战争,4,江苏省,relation_context,0,0,1
解放战争,4,江苏省,relation_context,0,0,1
土地革命战争,2,贵州省,relation_context,0,0,8
土地革命战争,2,浙江省,relation_context,0,0,1
土地革命战争,2,贵州省,relation_context,0,0,1
全民族抗日战争,3,安徽省,trusted_event_spacetime,5,2,3
建党前传播与孕育,0,湖北省,relation_context,0,0,1
社会主义革命和建设,5,湖北省,asserted_event_spacetime,2,2,0
土地革命战争,2,湖北省,relation_context,0,0,3
土地革命战争,2,四川省,relation_context,0,0,1
全民族抗日战争,3,贵州省,asserted_event_spacetime,1,1,0
全民族抗日战争,3,云南省,relation_context,0,0,1
社会主义革命和建设,5,云南省,relation_context,0,0,1
土地革命战争,2,上海市,asserted_event_spacetime,1,1,0
土地革命战争,2,贵州省,relation_context,0,0,1
建党前传播与孕育,0,江西省,relation_context,0,0,1
全民族抗日战争,3,湖南省,relation_context,0,0,1
建党与大革命,1,湖南省,relation_context,0,0,1
建党与大革命,1,上海市,asserted_event_spacetime,3,1,3
社会主义革命和建设,5,安徽省,relation_context,0,0,1
解放战争,4,贵州省,relation_context,0,0,1
社会主义革命和建设,5,上海市,asserted_event_spacetime,1,1,1
社会主义革命和建设,5,江西省,trusted_event_spacetime,3,3,2
解放战争,4,湖北省,relation_context,0,0,1
土地革命战争,2,江西省,relation_context,0,0,1
土地革命战争,2,江西省,relation_context,0,0,1
土地革命战争,2,四川省,relation_context,0,0,1
解放战争,4,上海市,asserted_event_spacetime,1,1,1
土地革命战争,2,上海市,relation_context,0,0,1
土地革命战争,2,四川省,relation_context,0,0,1
土地革命战争,2,江西省,relation_context,0,0,1
土地革命战争,2,安徽省,relation_context,0,0,1
全民族抗日战争,3,四川省,relation_context,0,0,1
社会主义革命和建设,5,贵州省,relation_context,0,0,2
解放战争,4,江西省,relation_context,0,0,1
建党与大革命,1,湖南省,relation_context,0,0,1
解放战争,4,云南省,relation_context,0,0,3
土地革命战争,2,安徽省,relation_context,0,0,1
全民族抗日战争,3,四川省,relation_context,0,0,9
土地革命战争,2,湖南省,relation_context,0,0,1
社会主义革命和建设,5,贵州省,relation_context,0,0,1
全民族抗日战争,3,安徽省,relation_context,0,0,2
解放战争,4,湖北省,relation_context,0,0,1
土地革命战争,2,江苏省,relation_context,0,0,2
全民族抗日战争,3,安徽省,relation_context,0,0,1
建党前传播与孕育,0,上海市,relation_context,0,0,1
全民族抗日战争,3,湖南省,relation_context,0,0,1
土地革命战争,2,湖南省,relation_context,0,0,1
建党与大革命,1,四川省,relation_context,0,0,1
土地革命战争,2,上海市,relation_context,0,0,1
解放战争,4,重庆市,relation_context,0,0,1
全民族抗日战争,3,江西省,relation_context,0,0,1
解放战争,4,安徽省,relation_context,0,0,1
土地革命战争,2,湖北省,relation_context,0,0,1
土地革命战争,2,四川省,relation_context,0,0,1
土地革命战争,2,贵州省,relation_context,0,0,1
全民族抗日战争,3,贵州省,relation_context,0,0,1
社会主义革命和建设,5,上海市,relation_context,0,0,1
建党与大革命,1,重庆市,relation_context,0,0,1
建党前传播与孕育,0,江西省,asserted_event_spacetime,1,1,1
解放战争,4,云南省,relation_context,0,0,2
建党与大革命,1,湖南省,relation_context,0,0,1
建党前传播与孕育,0,上海市,relation_context,0,0,2
解放战争,4,江苏省,asserted_event_spacetime,1,1,0
土地革命战争,2,贵州省,relation_context,0,0,1
土地革命战争,2,四川省,relation_context,0,0,1
全民族抗日战争,3,江苏省,relation_context,0,0,1
土地革命战争,2,江西省,relation_context,0,0,7
建党与大革命,1,湖南省,relation_context,0,0,1
土地革命战争,2,云南省,relation_context,0,0,1
土地革命战争,2,江西省,relation_context,0,0,2
建党前传播与孕育,0,湖南省,relation_context,0,0,2
土地革命战争,2,四川省,relation_context,0,0,5
土地革命战争,2,江西省,relation_context,0,0,1
全民族抗日战争,3,重庆市,relation_context,0,0,1
土地革命战争,2,湖北省,asserted_event_spacetime,1,4,0
建党与大革命,1,湖北省,relation_context,0,0,1
土地革命战争,2,江西省,relation_context,0,0,1
全民族抗日战争,3,江苏省,relation_context,0,0,1
土地革命战争,2,江西省,relation_context,0,0,1
解放战争,4,云南省,relation_context,0,0,1
全民族抗日战争,3,四川省,relation_context,0,0,1
解放战争,4,四川省,relation_context,0,0,1
土地革命战争,2,江苏省,relation_context,0,0,2
建党与大革命,1,重庆市,relation_context,0,0,1
土地革命战争,2,江西省,relation_context,0,0,1
建党与大革命,1,湖南省,relation_context,0,0,4
建党前传播与孕育,0,江西省,relation_context,0,0,2
社会主义革命和建设,5,云南省,relation_context,0,0,1
建党与大革命,1,湖南省,relation_context,0,0,1
全民族抗日战争,3,上海市,relation_context,0,0,1
土地革命战争,2,安徽省,trusted_event_spacetime,19,1,0
土地革命战争,2,湖北省,relation_context,0,0,1
土地革命战争,2,贵州省,relation_context,0,0,1
解放战争,4,湖北省,relation_context,0,0,2
土地革命战争,2,江苏省,relation_context,0,0,1
建党与大革命,1,云南省,relation_context,0,0,1
社会主义革命和建设,5,湖南省,relation_context,0,0,1
建党与大革命,1,湖北省,relation_context,0,0,1
解放战争,4,云南省,relation_context,0,0,1
全民族抗日战争,3,安徽省,relation_context,0,0,1
解放战争,4,上海市,asserted_event_spacetime,1,1,1
土地革命战争,2,湖南省,relation_context,0,0,1
土地革命战争,2,贵州省,relation_context,0,0,1
土地革命战争,2,贵州省,relation_context,0,0,1
建党与大革命,1,上海市,relation_context,0,0,2
建党与大革命,1,湖北省,trusted_event_spacetime,1,1,1
土地革命战争,2,贵州省,relation_context,0,0,2
土地革命战争,2,江西省,relation_context,0,0,1
解放战争,4,云南省,relation_context,0,0,1
社会主义革命和建设,5,重庆市,relation_context,0,0,1
解放战争,4,云南省,relation_context,0,0,4
土地革命战争,2,贵州省,relation_context,0,0,1
建党与大革命,1,江西省,relation_context,0,0,1
全民族抗日战争,3,江苏省,relation_context,0,0,1
解放战争,4,云南省,relation_context,0,0,1
建党与大革命,1,湖南省,trusted_event_spacetime,1,2,2
社会主义革命和建设,5,重庆市,relation_context,0,0,2
全民族抗日战争,3,安徽省,relation_context,0,0,1
全民族抗日战争,3,安徽省,relation_context,0,0,1
全民族抗日战争,3,重庆市,relation_context,0,0,2
全民族抗日战争,3,湖南省,relation_context,0,0,3
土地革命战争,2,四川省,relation_context,0,0,1
社会主义革命和建设,5,安徽省,relation_context,0,0,1
土地革命战争,2,湖北省,relation_context,0,0,1
建党与大革命,1,湖南省,relation_context,0,0,1
解放战争,4,江苏省,relation_context,0,0,1
土地革命战争,2,四川省,relation_context,0,0,1
社会主义革命和建设,5,四川省,relation_context,0,0,1
土地革命战争,2,安徽省,relation_context,0,0,1
土地革命战争,2,四川省,relation_context,0,0,1
建党与大革命,1,湖南省,relation_context,0,0,1
土地革命战争,2,湖南省,relation_context,0,0,2
全民族抗日战争,3,湖北省,relation_context,0,0,1
土地革命战争,2,四川省,relation_context,0,0,1
土地革命战争,2,四川省,asserted_event_spacetime,1,1,1
建党与大革命,1,湖南省,relation_context,0,0,2
土地革命战争,2,四川省,relation_context,0,0,1
改革开放和社会主义现代化建设,6,贵州省,asserted_event_spacetime,1,1,1
社会主义革命和建设,5,湖北省,relation_context,0,0,2
土地革命战争,2,贵州省,trusted_event_spacetime,1,1,0
土地革命战争,2,湖南省,relation_context,0,0,2
社会主义革命和建设,5,江苏省,relation_context,0,0,2
全民族抗日战争,3,云南省,relation_context,0,0,1
全民族抗日战争,3,四川省,relation_context,0,0,1
建党与大革命,1,四川省,relation_context,0,0,1
建党与大革命,1,湖南省,relation_context,0,0,1
全民族抗日战争,3,云南省,relation_context,0,0,1
解放战争,4,江苏省,relation_context,0,0,1
土地革命战争,2,湖北省,relation_context,0,0,1
解放战争,4,贵州省,relation_context,0,0,3
社会主义革命和建设,5,贵州省,trusted_event_spacetime,1,17,2
社会主义革命和建设,5,贵州省,relation_context,0,0,1
建党前传播与孕育,0,贵州省,trusted_event_spacetime,2,1,1
全民族抗日战争,3,江苏省,relation_context,0,0,1
土地革命战争,2,江西省,relation_context,0,0,1
土地革命战争,2,四川省,relation_context,0,0,1
解放战争,4,江苏省,relation_context,0,0,1
建党与大革命,1,江西省,relation_context,0,0,2
解放战争,4,四川省,relation_context,0,0,1
解放战争,4,云南省,relation_context,0,0,1
土地革命战争,2,上海市,relation_context,0,0,1
土地革命战争,2,湖南省,relation_context,0,0,1
解放战争,4,重庆市,relation_context,0,0,1
建党前传播与孕育,0,四川省,relation_context,0,0,3
土地革命战争,2,湖北省,relation_context,0,0,1
全民族抗日战争,3,江西省,relation_context,0,0,1
改革开放和社会主义现代化建设,6,贵州省,relation_context,0,0,1
全民族抗日战争,3,浙江省,relation_context,0,0,1
土地革命战争,2,江西省,relation_context,0,0,2
土地革命战争,2,安徽省,relation_context,0,0,1
解放战争,4,江苏省,relation_context,0,0,2
社会主义革命和建设,5,上海市,relation_context,0,0,1
解放战争,4,湖北省,asserted_event_spacetime,1,1,0
解放战争,4,云南省,relation_context,0,0,2
土地革命战争,2,四川省,relation_context,0,0,1
全民族抗日战争,3,重庆市,relation_context,0,0,1
全民族抗日战争,3,湖南省,relation_context,0,0,1
全民族抗日战争,3,江苏省,asserted_event_spacetime,1,1,0
解放战争,4,云南省,relation_context,0,0,1
全民族抗日战争,3,贵州省,relation_context,0,0,1
全民族抗日战争,3,湖北省,trusted_event_spacetime,3,1,2
土地革命战争,2,安徽省,relation_context,0,0,1
解放战争,4,云南省,relation_context,0,0,1
解放战争,4,上海市,asserted_event_spacetime,1,2,1
全民族抗日战争,3,湖北省,relation_context,0,0,1
解放战争,4,贵州省,relation_context,0,0,2
全民族抗日战争,3,安徽省,relation_context,0,0,1
社会主义革命和建设,5,四川省,relation_context,0,0,1
土地革命战争,2,湖北省,relation_context,0,0,1
建党与大革命,1,湖北省,relation_context,0,0,1
解放战争,4,上海市,relation_context,0,0,1
全民族抗日战争,3,江苏省,asserted_event_spacetime,1,1,3
解放战争,4,贵州省,relation_context,0,0,1
建党与大革命,1,湖北省,relation_context,0,0,1
解放战争,4,湖南省,relation_context,0,0,2
社会主义革命和建设,5,江西省,asserted_event_spacetime,1,1,1
解放战争,4,上海市,asserted_event_spacetime,1,1,1
解放战争,4,湖北省,relation_context,0,0,1
社会主义革命和建设,5,贵州省,relation_context,0,0,1
建党与大革命,1,湖南省,relation_context,0,0,2
土地革命战争,2,贵州省,relation_context,0,0,1
土地革命战争,2,江苏省,relation_context,0,0,1
建党与大革命,1,江西省,relation_context,0,0,1
全民族抗日战争,3,贵州省,relation_context,0,0,1
社会主义革命和建设,5,四川省,relation_context,0,0,1
建党与大革命,1,重庆市,relation_context,0,0,15
全民族抗日战争,3,江西省,asserted_event_spacetime,4,5,0
解放战争,4,贵州省,relation_context,0,0,2
全民族抗日战争,3,重庆市,relation_context,0,0,1
全民族抗日战争,3,上海市,relation_context,0,0,1
土地革命战争,2,湖北省,relation_context,0,0,1
社会主义革命和建设,5,贵州省,relation_context,0,0,1
土地革命战争,2,四川省,relation_context,0,0,1
土地革命战争,2,湖南省,relation_context,0,0,2
建党与大革命,1,湖南省,relation_context,0,0,8
社会主义革命和建设,5,湖南省,relation_context,0,0,1
土地革命战争,2,湖南省,relation_context,0,0,1
建党与大革命,1,湖北省,relation_context,0,0,1
土地革命战争,2,江西省,relation_context,0,0,1
土地革命战争,2,江苏省,relation_context,0,0,1
社会主义革命和建设,5,云南省,relation_context,0,0,3
土地革命战争,2,江西省,relation_context,0,0,8
全民族抗日战争,3,贵州省,relation_context,0,0,1
土地革命战争,2,湖北省,relation_context,0,0,1
解放战争,4,江苏省,relation_context,0,0,1
土地革命战争,2,江西省,relation_context,0,0,1
土地革命战争,2,云南省,relation_context,0,0,1
社会主义革命和建设,5,安徽省,relation_context,0,0,1
土地革命战争,2,四川省,relation_context,0,0,1
解放战争,4,云南省,asserted_event_spacetime,2,3,0
全民族抗日战争,3,四川省,relation_context,0,0,1
土地革命战争,2,湖南省,relation_context,0,0,2
解放战争,4,四川省,relation_context,0,0,2
全民族抗日战争,3,安徽省,relation_context,0,0,2
土地革命战争,2,湖北省,relation_context,0,0,1
建党与大革命,1,江苏省,relation_context,0,0,1
土地革命战争,2,江西省,relation_context,0,0,1
土地革命战争,2,江西省,relation_context,0,0,1
土地革命战争,2,贵州省,relation_context,0,0,1
解放战争,4,安徽省,relation_context,0,0,1
全民族抗日战争,3,江苏省,relation_context,0,0,1
土地革命战争,2,江西省,asserted_event_spacetime,1,1,3
建党与大革命,1,上海市,relation_context,0,0,1
社会主义革命和建设,5,江西省,relation_context,0,0,1
全民族抗日战争,3,江苏省,relation_context,0,0,1
建党与大革命,1,湖南省,relation_context,0,0,2
解放战争,4,四川省,relation_context,0,0,1
解放战争,4,湖北省,relation_context,0,0,1
解放战争,4,湖北省,relation_context,0,0,1
建党前传播与孕育,0,贵州省,relation_context,0,0,1
解放战争,4,江苏省,relation_context,0,0,2
解放战争,4,江西省,relation_context,0,0,1
土地革命战争,2,四川省,relation_context,0,0,1
土地革命战争,2,湖北省,relation_context,0,0,1
全民族抗日战争,3,湖北省,relation_context,0,0,1
土地革命战争,2,湖南省,relation_context,0,0,1
解放战争,4,安徽省,relation_context,0,0,1
建党与大革命,1,湖北省,relation_context,0,0,1
建党与大革命,1,江苏省,relation_context,0,0,1
解放战争,4,江苏省,relation_context,0,0,1
解放战争,4,云南省,relation_context,0,0,2
解放战争,4,江苏省,relation_context,0,0,1
社会主义革命和建设,5,湖北省,relation_context,0,0,1
土地革命战争,2,湖南省,trusted_event_spacetime,1,6,7
建党前传播与孕育,0,湖北省,relation_context,0,0,1
全民族抗日战争,3,四川省,relation_context,0,0,1
建党与大革命,1,四川省,relation_context,0,0,1
土地革命战争,2,湖北省,relation_context,0,0,1
全民族抗日战争,3,江苏省,relation_context,0,0,2
全民族抗日战争,3,江西省,relation_context,0,0,2
全民族抗日战争,3,安徽省,relation_context,0,0,1
土地革命战争,2,上海市,relation_context,0,0,2
土地革命战争,2,四川省,relation_context,0,0,2
解放战争,4,重庆市,relation_context,0,0,1
全民族抗日战争,3,江西省,relation_context,0,0,1
建党与大革命,1,上海市,relation_context,0,0,1
土地革命战争,2,江西省,relation_context,0,0,1
全民族抗日战争,3,四川省,relation_context,0,0,1
建党与大革命,1,四川省,relation_context,0,0,1
全民族抗日战争,3,湖北省,relation_context,0,0,1
土地革命战争,2,江苏省,relation_context,0,0,1
土地革命战争,2,云南省,relation_context,0,0,1
社会主义革命和建设,5,贵州省,trusted_event_spacetime,8,4,7
土地革命战争,2,江西省,relation_context,0,0,1
解放战争,4,云南省,relation_context,0,0,1
土地革命战争,2,江西省,trusted_event_spacetime,19,5,5
建党与大革命,1,江苏省,relation_context,0,0,1
解放战争,4,江苏省,relation_context,0,0,9
土地革命战争,2,贵州省,relation_context,0,0,4
社会主义革命和建设,5,四川省,relation_context,0,0,1
解放战争,4,云南省,relation_context,0,0,1
解放战争,4,安徽省,relation_context,0,0,1
土地革命战争,2,湖南省,asserted_event_spacetime,1,1,0
解放战争,4,云南省,relation_context,0,0,1
解放战争,4,云南省,relation_context,0,0,1
土地革命战争,2,云南省,relation_context,0,0,1
解放战争,4,江苏省,relation_context,0,0,1
土地革命战争,2,江西省,relation_context,0,0,3
土地革命战争,2,江西省,relation_context,0,0,1
全民族抗日战争,3,湖北省,relation_context,0,0,2
全民族抗日战争,3,安徽省,relation_context,0,0,2
解放战争,4,江西省,relation_context,0,0,1
全民族抗日战争,3,重庆市,relation_context,0,0,1
解放战争,4,云南省,relation_context,0,0,1
土地革命战争,2,湖北省,relation_context,0,0,1
建党与大革命,1,江西省,relation_context,0,0,1
解放战争,4,安徽省,relation_context,0,0,1
全民族抗日战争,3,江苏省,relation_context,0,0,1
土地革命战争,2,安徽省,relation_context,0,0,1
解放战争,4,云南省,relation_context,0,0,1
土地革命战争,2,重庆市,relation_context,0,0,1
建党与大革命,1,江西省,relation_context,0,0,1
土地革命战争,2,安徽省,relation_context,0,0,1
土地革命战争,2,江西省,relation_context,0,0,2
土地革命战争,2,湖南省,relation_context,0,0,1
建党与大革命,1,四川省,relation_context,0,0,1
土地革命战争,2,湖南省,relation_context,0,0,1
土地革命战争,2,湖南省,relation_context,0,0,1
建党前传播与孕育,0,湖南省,relation_context,0,0,4
建党与大革命,1,江苏省,relation_context,0,0,1
土地革命战争,2,上海市,relation_context,0,0,1
解放战争,4,贵州省,relation_context,0,0,1
土地革命战争,2,湖南省,relation_context,0,0,1
全民族抗日战争,3,云南省,relation_context,0,0,1
土地革命战争,2,湖北省,relation_context,0,0,1
建党与大革命,1,江西省,relation_context,0,0,1
土地革命战争,2,上海市,relation_context,0,0,3
建党与大革命,1,四川省,relation_context,0,0,7
土地革命战争,2,安徽省,relation_context,0,0,1
社会主义革命和建设,5,四川省,relation_context,0,0,1
土地革命战争,2,湖南省,relation_context,0,0,2
土地革命战争,2,湖北省,relation_context,0,0,1
社会主义革命和建设,5,四川省,relation_context,0,0,1
全民族抗日战争,3,上海市,relation_context,0,0,1
社会主义革命和建设,5,云南省,relation_context,0,0,1
建党前传播与孕育,0,湖南省,relation_context,0,0,2
全民族抗日战争,3,江苏省,relation_context,0,0,1
解放战争,4,四川省,relation_context,0,0,3
社会主义革命和建设,5,云南省,relation_context,0,0,1
建党与大革命,1,重庆市,relation_context,0,0,1
土地革命战争,2,贵州省,relation_context,0,0,1
土地革命战争,2,湖南省,relation_context,0,0,1
建党与大革命,1,四川省,relation_context,0,0,8
全民族抗日战争,3,云南省,relation_context,0,0,1
土地革命战争,2,湖南省,relation_context,0,0,1
土地革命战争,2,上海市,relation_context,0,0,1
建党与大革命,1,浙江省,relation_context,0,0,1
土地革命战争,2,湖南省,relation_context,0,0,1
全民族抗日战争,3,安徽省,relation_context,0,0,1
解放战争,4,贵州省,asserted_event_spacetime,1,1,0
建党与大革命,1,江西省,relation_context,0,0,1
全民族抗日战争,3,贵州省,relation_context,0,0,2
土地革命战争,2,江西省,relation_context,0,0,1
土地革命战争,2,江苏省,relation_context,0,0,1
全民族抗日战争,3,云南省,relation_context,0,0,2
建党与大革命,1,重庆市,relation_context,0,0,1
建党与大革命,1,江西省,asserted_event_spacetime,1,1,1
社会主义革命和建设,5,云南省,relation_context,0,0,1
建党与大革命,1,江西省,relation_context,0,0,1
土地革命战争,2,四川省,relation_context,0,0,1
建党与大革命,1,湖南省,relation_context,0,0,1
社会主义革命和建设,5,贵州省,relation_context,0,0,2
全民族抗日战争,3,江苏省,asserted_event_spacetime,1,1,1
土地革命战争,2,湖北省,relation_context,0,0,1
土地革命战争,2,云南省,relation_context,0,0,1
土地革命战争,2,四川省,relation_context,0,0,1
解放战争,4,江苏省,relation_context,0,0,1
土地革命战争,2,四川省,relation_context,0,0,6
建党与大革命,1,四川省,asserted_event_spacetime,3,1,3
土地革命战争,2,安徽省,relation_context,0,0,1
建党与大革命,1,江西省,relation_context,0,0,1
建党与大革命,1,湖北省,relation_context,0,0,1
全民族抗日战争,3,四川省,relation_context,0,0,1
解放战争,4,贵州省,relation_context,0,0,1
土地革命战争,2,上海市,relation_context,0,0,1
土地革命战争,2,上海市,relation_context,0,0,1
解放战争,4,云南省,relation_context,0,0,1
解放战争,4,江西省,relation_context,0,0,1
社会主义革命和建设,5,云南省,relation_context,0,0,1
土地革命战争,2,贵州省,relation_context,0,0,7
土地革命战争,2,安徽省,relation_context,0,0,1
解放战争,4,湖北省,relation_context,0,0,1
解放战争,4,贵州省,relation_context,0,0,1
建党与大革命,1,江西省,relation_context,0,0,13
土地革命战争,2,四川省,relation_context,0,0,1
建党与大革命,1,上海市,relation_context,0,0,3
土地革命战争,2,湖北省,relation_context,0,0,1
土地革命战争,2,云南省,relation_context,0,0,1
全民族抗日战争,3,四川省,relation_context,0,0,1
解放战争,4,贵州省,relation_context,0,0,1
土地革命战争,2,上海市,relation_context,0,0,1
解放战争,4,四川省,relation_context,0,0,1
建党与大革命,1,上海市,relation_context,0,0,1
土地革命战争,2,江西省,relation_context,0,0,1
土地革命战争,2,贵州省,relation_context,0,0,2
土地革命战争,2,江苏省,relation_context,0,0,1
全民族抗日战争,3,湖南省,relation_context,0,0,1
土地革命战争,2,云南省,relation_context,0,0,1
建党与大革命,1,湖南省,relation_context,0,0,2
全民族抗日战争,3,贵州省,relation_context,0,0,1
土地革命战争,2,江西省,relation_context,0,0,1
土地革命战争,2,贵州省,relation_context,0,0,1
解放战争,4,湖北省,relation_context,0,0,1
解放战争,4,上海市,relation_context,0,0,1
解放战争,4,湖北省,relation_context,0,0,1
土地革命战争,2,安徽省,relation_context,0,0,1
全民族抗日战争,3,江苏省,relation_context,0,0,1
土地革命战争,2,上海市,trusted_event_spacetime,1,1,1
解放战争,4,贵州省,relation_context,0,0,1
土地革命战争,2,湖南省,relation_context,0,0,1
建党与大革命,1,湖南省,relation_context,0,0,1
土地革命战争,2,湖北省,relation_context,0,0,2
解放战争,4,江苏省,relation_context,0,0,1
土地革命战争,2,四川省,asserted_event_spacetime,1,2,1
解放战争,4,上海市,relation_context,0,0,1
解放战争,4,安徽省,relation_context,0,0,1
土地革命战争,2,安徽省,relation_context,0,0,2
建党与大革命,1,湖北省,relation_context,0,0,1
土地革命战争,2,湖北省,relation_context,0,0,1
解放战争,4,云南省,relation_context,0,0,1
土地革命战争,2,四川省,relation_context,0,0,1
解放战争,4,安徽省,relation_context,0,0,1
土地革命战争,2,上海市,relation_context,0,0,1
全民族抗日战争,3,重庆市,relation_context,0,0,1
土地革命战争,2,江西省,relation_context,0,0,2
土地革命战争,2,重庆市,relation_context,0,0,1
全民族抗日战争,3,贵州省,relation_context,0,0,1
社会主义革命和建设,5,四川省,relation_context,0,0,1
全民族抗日战争,3,湖南省,relation_context,0,0,1
建党与大革命,1,江苏省,relation_context,0,0,1
土地革命战争,2,四川省,relation_context,0,0,1
土地革命战争,2,贵州省,relation_context,0,0,1
解放战争,4,云南省,relation_context,0,0,2
土地革命战争,2,四川省,relation_context,0,0,1
土地革命战争,2,贵州省,relation_context,0,0,1
解放战争,4,贵州省,relation_context,0,0,1
土地革命战争,2,湖北省,asserted_event_spacetime,1,1,0
全民族抗日战争,3,云南省,relation_context,0,0,1
社会主义革命和建设,5,四川省,relation_context,0,0,3
土地革命战争,2,江西省,relation_context,0,0,2
土地革命战争,2,上海市,relation_context,0,0,2
建党与大革命,1,上海市,relation_context,0,0,2
社会主义革命和建设,5,贵州省,relation_context,0,0,1
解放战争,4,上海市,asserted_event_spacetime,1,1,1
解放战争,4,云南省,relation_context,0,0,1
土地革命战争,2,江西省,relation_context,0,0,1
全民族抗日战争,3,湖南省,relation_context,0,0,1
解放战争,4,贵州省,relation_context,0,0,1
全民族抗日战争,3,云南省,relation_context,0,0,1
社会主义革命和建设,5,江西省,asserted_event_spacetime,1,1,0
解放战争,4,安徽省,relation_context,0,0,1
土地革命战争,2,四川省,relation_context,0,0,1
土地革命战争,2,湖北省,relation_context,0,0,1
土地革命战争,2,四川省,relation_context,0,0,1
土地革命战争,2,江苏省,relation_context,0,0,1
土地革命战争,2,江西省,relation_context,0,0,1
全民族抗日战争,3,安徽省,relation_context,0,0,1
解放战争,4,江苏省,relation_context,0,0,1
解放战争,4,贵州省,relation_context,0,0,1
解放战争,4,安徽省,relation_context,0,0,1
解放战争,4,江西省,relation_context,0,0,1
建党与大革命,1,湖北省,relation_context,0,0,1
解放战争,4,湖北省,relation_context,0,0,1
建党与大革命,1,上海市,relation_context,0,0,79
建党与大革命,1,上海市,relation_context,0,0,4
建党与大革命,1,湖南省,relation_context,0,0,2
解放战争,4,贵州省,relation_context,0,0,1
土地革命战争,2,四川省,relation_context,0,0,2
全民族抗日战争,3,重庆市,relation_context,0,0,1
土地革命战争,2,湖南省,relation_context,0,0,1
土地革命战争,2,湖北省,relation_context,0,0,1
建党与大革命,1,安徽省,relation_context,0,0,3
全民族抗日战争,3,四川省,relation_context,0,0,1
解放战争,4,上海市,relation_context,0,0,1
解放战争,4,云南省,relation_context,0,0,1
全民族抗日战争,3,四川省,relation_context,0,0,1
土地革命战争,2,湖南省,relation_context,0,0,1
全民族抗日战争,3,安徽省,relation_context,0,0,1
建党与大革命,1,重庆市,relation_context,0,0,1
全民族抗日战争,3,江苏省,relation_context,0,0,1
建党前传播与孕育,0,湖北省,relation_context,0,0,1
土地革命战争,2,四川省,relation_context,0,0,1
土地革命战争,2,湖南省,relation_context,0,0,1
土地革命战争,2,湖北省,relation_context,0,0,1
社会主义革命和建设,5,江西省,relation_context,0,0,1
社会主义革命和建设,5,云南省,relation_context,0,0,2
建党与大革命,1,浙江省,relation_context,0,0,1
解放战争,4,上海市,asserted_event_spacetime,1,1,1
土地革命战争,2,江苏省,relation_context,0,0,4
全民族抗日战争,3,江苏省,relation_context,0,0,1
土地革命战争,2,湖南省,relation_context,0,0,1
全民族抗日战争,3,重庆市,relation_context,0,0,1
建党前传播与孕育,0,湖北省,relation_context,0,0,1
土地革命战争,2,江西省,relation_context,0,0,1
土地革命战争,2,云南省,relation_context,0,0,6
建党前传播与孕育,0,安徽省,relation_context,0,0,1
全民族抗日战争,3,江苏省,relation_context,0,0,1
全民族抗日战争,3,云南省,relation_context,0,0,1
土地革命战争,2,重庆市,relation_context,0,0,1
土地革命战争,2,安徽省,trusted_event_spacetime,2,1,0
土地革命战争,2,贵州省,relation_context,0,0,1
建党前传播与孕育,0,重庆市,relation_context,0,0,1
解放战争,4,重庆市,relation_context,0,0,1
全民族抗日战争,3,湖南省,relation_context,0,0,1
土地革命战争,2,贵州省,relation_context,0,0,10
全民族抗日战争,3,江苏省,relation_context,0,0,1
全民族抗日战争,3,湖北省,trusted_event_spacetime,2,2,1
解放战争,4,云南省,relation_context,0,0,1
土地革命战争,2,贵州省,relation_context,0,0,1
土地革命战争,2,湖北省,relation_context,0,0,1
社会主义革命和建设,5,贵州省,relation_context,0,0,2
建党与大革命,1,江西省,relation_context,0,0,2
全民族抗日战争,3,云南省,relation_context,0,0,1
解放战争,4,湖南省,relation_context,0,0,1
土地革命战争,2,江西省,relation_context,0,0,1
建党与大革命,1,江西省,relation_context,0,0,3
土地革命战争,2,江西省,relation_context,0,0,1
建党前传播与孕育,0,湖北省,trusted_event_spacetime,2,1,1
解放战争,4,湖北省,relation_context,0,0,1
土地革命战争,2,江西省,relation_context,0,0,1
建党与大革命,1,湖北省,relation_context,0,0,1
建党与大革命,1,安徽省,relation_context,0,0,1
全民族抗日战争,3,安徽省,asserted_event_spacetime,1,1,1
解放战争,4,安徽省,relation_context,0,0,1
建党与大革命,1,上海市,relation_context,0,0,1
土地革命战争,2,江西省,relation_context,0,0,1
土地革命战争,2,云南省,relation_context,0,0,1
土地革命战争,2,江西省,relation_context,0,0,1
建党与大革命,1,云南省,relation_context,0,0,1
解放战争,4,四川省,relation_context,0,0,1
全民族抗日战争,3,云南省,relation_context,0,0,2
土地革命战争,2,江苏省,relation_context,0,0,1
土地革命战争,2,四川省,relation_context,0,0,2
土地革命战争,2,湖南省,asserted_event_spacetime,1,7,0
土地革命战争,2,四川省,relation_context,0,0,1
全民族抗日战争,3,四川省,relation_context,0,0,1
土地革命战争,2,贵州省,relation_context,0,0,1
全民族抗日战争,3,重庆市,relation_context,0,0,1
解放战争,4,江西省,relation_context,0,0,2
社会主义革命和建设,5,云南省,relation_context,0,0,1
建党与大革命,1,湖南省,relation_context,0,0,1
土地革命战争,2,安徽省,relation_context,0,0,1
全民族抗日战争,3,湖南省,relation_context,0,0,1
解放战争,4,湖北省,relation_context,0,0,1
全民族抗日战争,3,重庆市,relation_context,0,0,1
全民族抗日战争,3,云南省,relation_context,0,0,1
解放战争,4,湖南省,relation_context,0,0,5
全民族抗日战争,3,贵州省,relation_context,0,0,1
建党与大革命,1,湖南省,relation_context,0,0,1
土地革命战争,2,贵州省,relation_context,0,0,2
全民族抗日战争,3,江苏省,relation_context,0,0,1
建党前传播与孕育,0,云南省,relation_context,0,0,1
全民族抗日战争,3,云南省,relation_context,0,0,1
土地革命战争,2,湖南省,relation_context,0,0,1
解放战争,4,云南省,relation_context,0,0,2
建党与大革命,1,江苏省,relation_context,0,0,1
建党前传播与孕育,0,湖南省,relation_context,0,0,1
全民族抗日战争,3,贵州省,relation_context,0,0,1
土地革命战争,2,江苏省,relation_context,0,0,1
建党与大革命,1,湖南省,relation_context,0,0,1
解放战争,4,云南省,relation_context,0,0,1
建党与大革命,1,江西省,relation_context,0,0,1
土地革命战争,2,四川省,relation_context,0,0,1
解放战争,4,湖南省,relation_context,0,0,1
建党与大革命,1,湖南省,asserted_event_spacetime,1,1,1
解放战争,4,安徽省,relation_context,0,0,1
全民族抗日战争,3,安徽省,relation_context,0,0,1
全民族抗日战争,3,贵州省,relation_context,0,0,1
解放战争,4,云南省,relation_context,0,0,1
全民族抗日战争,3,安徽省,relation_context,0,0,1
解放战争,4,云南省,relation_context,0,0,1
建党与大革命,1,重庆市,relation_context,0,0,1
解放战争,4,云南省,relation_context,0,0,1
土地革命战争,2,云南省,relation_context,0,0,2
土地革命战争,2,江苏省,relation_context,0,0,3
建党与大革命,1,上海市,relation_context,0,0,1
建党与大革命,1,上海市,relation_context,0,0,1
社会主义革命和建设,5,贵州省,relation_context,0,0,1
解放战争,4,重庆市,asserted_event_spacetime,1,8,17
解放战争,4,四川省,relation_context,0,0,1
土地革命战争,2,重庆市,relation_context,0,0,1
全民族抗日战争,3,贵州省,relation_context,0,0,1
社会主义革命和建设,5,云南省,relation_context,0,0,1
社会主义革命和建设,5,江西省,relation_context,0,0,1
建党前传播与孕育,0,湖南省,relation_context,0,0,1
土地革命战争,2,重庆市,relation_context,0,0,1
土地革命战争,2,云南省,relation_context,0,0,1
解放战争,4,贵州省,relation_context,0,0,1
全民族抗日战争,3,重庆市,relation_context,0,0,1
建党前传播与孕育,0,四川省,relation_context,0,0,1
解放战争,4,贵州省,relation_context,0,0,1
解放战争,4,云南省,relation_context,0,0,1
土地革命战争,2,四川省,relation_context,0,0,1
解放战争,4,云南省,relation_context,0,0,1
土地革命战争,2,云南省,relation_context,0,0,1
建党与大革命,1,湖南省,relation_context,0,0,3
解放战争,4,湖北省,relation_context,0,0,1
解放战争,4,安徽省,relation_context,0,0,1
解放战争,4,江苏省,relation_context,0,0,1
土地革命战争,2,湖北省,relation_context,0,0,4
全民族抗日战争,3,安徽省,relation_context,0,0,1
社会主义革命和建设,5,重庆市,relation_context,0,0,1
建党与大革命,1,江西省,relation_context,0,0,2
土地革命战争,2,江苏省,relation_context,0,0,1
全民族抗日战争,3,贵州省,relation_context,0,0,1
土地革命战争,2,安徽省,relation_context,0,0,1
土地革命战争,2,安徽省,relation_context,0,0,1
全民族抗日战争,3,江苏省,relation_context,0,0,2
建党与大革命,1,湖南省,relation_context,0,0,1
建党与大革命,1,江西省,relation_context,0,0,1
解放战争,4,云南省,relation_context,0,0,2
土地革命战争,2,湖北省,trusted_event_spacetime,1,1,1
全民族抗日战争,3,贵州省,relation_context,0,0,1
全民族抗日战争,3,江苏省,relation_context,0,0,1
社会主义革命和建设,5,湖北省,asserted_event_spacetime,1,1,0
全民族抗日战争,3,安徽省,relation_context,0,0,1
全民族抗日战争,3,江苏省,relation_context,0,0,2
土地革命战争,2,江西省,relation_context,0,0,1
土地革命战争,2,贵州省,relation_context,0,0,3
解放战争,4,贵州省,relation_context,0,0,14
解放战争,4,四川省,relation_context,0,0,1
土地革命战争,2,四川省,relation_context,0,0,1
全民族抗日战争,3,江苏省,relation_context,0,0,1
建党与大革命,1,上海市,relation_context,0,0,1
土地革命战争,2,湖北省,relation_context,0,0,2
社会主义革命和建设,5,江西省,asserted_event_spacetime,1,1,4
解放战争,4,安徽省,relation_context,0,0,1
建党与大革命,1,湖南省,relation_context,0,0,1
全民族抗日战争,3,贵州省,relation_context,0,0,1
解放战争,4,四川省,asserted_event_spacetime,1,1,0
解放战争,4,重庆市,relation_context,0,0,1
社会主义革命和建设,5,贵州省,relation_context,0,0,1
全民族抗日战争,3,上海市,trusted_event_spacetime,3,2,2
土地革命战争,2,四川省,relation_context,0,0,1
土地革命战争,2,江西省,relation_context,0,0,1
土地革命战争,2,重庆市,relation_context,0,0,1
土地革命战争,2,四川省,relation_context,0,0,1
全民族抗日战争,3,江苏省,relation_context,0,0,2
土地革命战争,2,湖南省,relation_context,0,0,1
建党与大革命,1,湖南省,relation_context,0,0,1
全民族抗日战争,3,江苏省,trusted_event_spacetime,5,3,4
全民族抗日战争,3,四川省,relation_context,0,0,2
解放战争,4,上海市,asserted_event_spacetime,1,1,2
全民族抗日战争,3,江苏省,relation_context,0,0,1
解放战争,4,云南省,relation_context,0,0,2
全民族抗日战争,3,重庆市,relation_context,0,0,1
土地革命战争,2,江苏省,relation_context,0,0,1
社会主义革命和建设,5,湖北省,asserted_event_spacetime,1,1,1
解放战争,4,安徽省,relation_context,0,0,1
全民族抗日战争,3,上海市,relation_context,0,0,1
解放战争,4,湖北省,relation_context,0,0,2
社会主义革命和建设,5,江苏省,relation_context,0,0,1
解放战争,4,贵州省,relation_context,0,0,2
土地革命战争,2,江西省,relation_context,0,0,1
社会主义革命和建设,5,贵州省,trusted_event_spacetime,42,25,54
土地革命战争,2,四川省,trusted_event_spacetime,7,1,1
建党与大革命,1,湖北省,relation_context,0,0,1
社会主义革命和建设,5,重庆市,relation_context,0,0,2
土地革命战争,2,湖北省,relation_context,0,0,1
土地革命战争,2,湖北省,relation_context,0,0,5
解放战争,4,江苏省,relation_context,0,0,1
全民族抗日战争,3,安徽省,relation_context,0,0,1
土地革命战争,2,湖北省,relation_context,0,0,1
土地革命战争,2,安徽省,relation_context,0,0,1
全民族抗日战争,3,江苏省,relation_context,0,0,1
建党与大革命,1,湖北省,relation_context,0,0,2
全民族抗日战争,3,江苏省,relation_context,0,0,1
建党与大革命,1,江苏省,relation_context,0,0,1
土地革命战争,2,安徽省,relation_context,0,0,1
解放战争,4,云南省,relation_context,0,0,1
社会主义革命和建设,5,上海市,asserted_event_spacetime,1,1,1
土地革命战争,2,江西省,relation_context,0,0,1
建党与大革命,1,湖北省,relation_context,0,0,1
全民族抗日战争,3,江苏省,relation_context,0,0,2
建党与大革命,1,重庆市,relation_context,0,0,1
全民族抗日战争,3,江苏省,relation_context,0,0,1
土地革命战争,2,四川省,relation_context,0,0,3
土地革命战争,2,湖北省,relation_context,0,0,1
土地革命战争,2,湖北省,relation_context,0,0,1
土地革命战争,2,安徽省,relation_context,0,0,1
全民族抗日战争,3,湖南省,trusted_event_spacetime,2,2,0
解放战争,4,湖北省,relation_context,0,0,1
社会主义革命和建设,5,贵州省,relation_context,0,0,3
建党与大革命,1,湖南省,relation_context,0,0,1
建党前传播与孕育,0,湖北省,relation_context,0,0,1
全民族抗日战争,3,安徽省,relation_context,0,0,9
解放战争,4,浙江省,relation_context,0,0,1
社会主义革命和建设,5,云南省,asserted_event_spacetime,1,1,2
土地革命战争,2,江西省,relation_context,0,0,1
全民族抗日战争,3,湖南省,relation_context,0,0,3
土地革命战争,2,贵州省,relation_context,0,0,1
建党与大革命,1,湖北省,relation_context,0,0,1
土地革命战争,2,四川省,relation_context,0,0,2
全民族抗日战争,3,上海市,relation_context,0,0,1
土地革命战争,2,贵州省,relation_context,0,0,1
解放战争,4,湖南省,relation_context,0,0,5
建党与大革命,1,贵州省,relation_context,0,0,1
全民族抗日战争,3,安徽省,relation_context,0,0,1
土地革命战争,2,云南省,relation_context,0,0,1
全民族抗日战争,3,重庆市,relation_context,0,0,1
建党与大革命,1,江苏省,relation_context,0,0,1
全民族抗日战争,3,云南省,relation_context,0,0,1
土地革命战争,2,江苏省,relation_context,0,0,1
解放战争,4,云南省,relation_context,0,0,1
解放战争,4,安徽省,relation_context,0,0,1
社会主义革命和建设,5,江西省,relation_context,0,0,1
土地革命战争,2,云南省,relation_context,0,0,1
全民族抗日战争,3,安徽省,relation_context,0,0,2
土地革命战争,2,四川省,relation_context,0,0,2
建党与大革命,1,湖北省,relation_context,0,0,2
土地革命战争,2,湖北省,relation_context,0,0,1
全民族抗日战争,3,江苏省,relation_context,0,0,1
社会主义革命和建设,5,云南省,relation_context,0,0,1
全民族抗日战争,3,重庆市,relation_context,0,0,1
土地革命战争,2,江苏省,relation_context,0,0,4
全民族抗日战争,3,江苏省,relation_context,0,0,1
全民族抗日战争,3,四川省,asserted_event_spacetime,1,1,1
土地革命战争,2,江苏省,relation_context,0,0,1
解放战争,4,湖南省,relation_context,0,0,1
建党前传播与孕育,0,湖南省,relation_context,0,0,13
土地革命战争,2,江苏省,relation_context,0,0,1
解放战争,4,贵州省,relation_context,0,0,2
土地革命战争,2,安徽省,relation_context,0,0,2
解放战争,4,上海市,relation_context,0,0,1
社会主义革命和建设,5,上海市,asserted_event_spacetime,1,1,1
解放战争,4,四川省,relation_context,0,0,1
解放战争,4,贵州省,relation_context,0,0,1
社会主义革命和建设,5,云南省,relation_context,0,0,1
解放战争,4,江西省,relation_context,0,0,2
解放战争,4,四川省,relation_context,0,0,2
建党与大革命,1,湖北省,relation_context,0,0,1
社会主义革命和建设,5,贵州省,asserted_event_spacetime,1,1,1
建党前传播与孕育,0,湖南省,relation_context,0,0,1
全民族抗日战争,3,上海市,relation_context,0,0,1
土地革命战争,2,上海市,relation_context,0,0,1
解放战争,4,江苏省,relation_context,0,0,1
全民族抗日战争,3,四川省,relation_context,0,0,1
土地革命战争,2,四川省,relation_context,0,0,1
解放战争,4,江苏省,asserted_event_spacetime,1,1,0
全民族抗日战争,3,浙江省,relation_context,0,0,1
建党与大革命,1,江西省,relation_context,0,0,1
解放战争,4,贵州省,relation_context,0,0,2
解放战争,4,四川省,relation_context,0,0,1
土地革命战争,2,湖南省,relation_context,0,0,1
全民族抗日战争,3,安徽省,relation_context,0,0,2
土地革命战争,2,四川省,relation_context,0,0,5
解放战争,4,安徽省,relation_context,0,0,1
解放战争,4,云南省,relation_context,0,0,3
解放战争,4,安徽省,relation_context,0,0,1
解放战争,4,云南省,relation_context,0,0,1
土地革命战争,2,江西省,relation_context,0,0,1
解放战争,4,贵州省,relation_context,0,0,1
全民族抗日战争,3,江苏省,relation_context,0,0,1
土地革命战争,2,贵州省,trusted_event_spacetime,2,1,1
社会主义革命和建设,5,湖南省,asserted_event_spacetime,1,3,4
建党与大革命,1,湖南省,relation_context,0,0,3
社会主义革命和建设,5,贵州省,relation_context,0,0,1
解放战争,4,江苏省,relation_context,0,0,1
建党前传播与孕育,0,贵州省,relation_context,0,0,1
解放战争,4,江苏省,relation_context,0,0,1
土地革命战争,2,湖北省,relation_context,0,0,1
社会主义革命和建设,5,云南省,relation_context,0,0,1
土地革命战争,2,湖北省,relation_context,0,0,1
土地革命战争,2,安徽省,relation_context,0,0,1
解放战争,4,重庆市,relation_context,0,0,1
解放战争,4,重庆市,relation_context,0,0,1
建党与大革命,1,湖南省,relation_context,0,0,1
解放战争,4,四川省,relation_context,0,0,2
土地革命战争,2,湖南省,relation_context,0,0,1
解放战争,4,浙江省,relation_context,0,0,1
解放战争,4,安徽省,relation_context,0,0,1
社会主义革命和建设,5,重庆市,relation_context,0,0,1
土地革命战争,2,湖北省,relation_context,0,0,1
土地革命战争,2,安徽省,relation_context,0,0,2
土地革命战争,2,江西省,trusted_event_spacetime,2,2,4
建党与大革命,1,上海市,relation_context,0,0,1
土地革命战争,2,四川省,relation_context,0,0,1
解放战争,4,四川省,asserted_event_spacetime,1,1,1
建党与大革命,1,上海市,relation_context,0,0,1
土地革命战争,2,贵州省,relation_context,0,0,1
土地革命战争,2,湖北省,relation_context,0,0,1
土地革命战争,2,湖北省,asserted_event_spacetime,1,1,1
建党与大革命,1,上海市,relation_context,0,0,1
全民族抗日战争,3,四川省,relation_context,0,0,2
社会主义革命和建设,5,贵州省,relation_context,0,0,1
土地革命战争,2,上海市,relation_context,0,0,1
土地革命战争,2,湖北省,relation_context,0,0,1
建党与大革命,1,上海市,relation_context,0,0,1
社会主义革命和建设,5,湖北省,relation_context,0,0,1
解放战争,4,云南省,relation_context,0,0,1
全民族抗日战争,3,湖北省,relation_context,0,0,1
全民族抗日战争,3,云南省,relation_context,0,0,1
土地革命战争,2,江西省,relation_context,0,0,1
解放战争,4,贵州省,relation_context,0,0,1
解放战争,4,四川省,relation_context,0,0,1
解放战争,4,贵州省,relation_context,0,0,1
解放战争,4,湖南省,relation_context,0,0,1
建党与大革命,1,江西省,relation_context,0,0,1
土地革命战争,2,四川省,relation_context,0,0,1
土地革命战争,2,上海市,relation_context,0,0,1
土地革命战争,2,湖南省,asserted_event_spacetime,1,1,0
社会主义革命和建设,5,上海市,trusted_event_spacetime,2,1,1
解放战争,4,江西省,relation_context,0,0,1
社会主义革命和建设,5,江西省,relation_context,0,0,1
建党与大革命,1,湖北省,relation_context,0,0,1
建党与大革命,1,四川省,relation_context,0,0,2
全民族抗日战争,3,江西省,relation_context,0,0,1
全民族抗日战争,3,安徽省,relation_context,0,0,1
土地革命战争,2,上海市,relation_context,0,0,2
全民族抗日战争,3,江苏省,relation_context,0,0,1
解放战争,4,贵州省,asserted_event_spacetime,1,1,1
土地革命战争,2,云南省,relation_context,0,0,1
全民族抗日战争,3,重庆市,relation_context,0,0,1
土地革命战争,2,江西省,trusted_event_spacetime,1,1,1
解放战争,4,江苏省,asserted_event_spacetime,1,1,1
土地革命战争,2,江苏省,relation_context,0,0,1
解放战争,4,云南省,relation_context,0,0,3
土地革命战争,2,湖南省,relation_context,0,0,1
解放战争,4,江苏省,relation_context,0,0,2
土地革命战争,2,湖南省,relation_context,0,0,1
全民族抗日战争,3,湖南省,relation_context,0,0,1
土地革命战争,2,江西省,relation_context,0,0,2
土地革命战争,2,江西省,relation_context,0,0,1
全民族抗日战争,3,江苏省,relation_context,0,0,1
建党与大革命,1,四川省,relation_context,0,0,1
土地革命战争,2,四川省,asserted_event_spacetime,1,1,0
土地革命战争,2,湖北省,trusted_event_spacetime,2,1,5
社会主义革命和建设,5,四川省,relation_context,0,0,1
建党与大革命,1,贵州省,relation_context,0,0,1
解放战争,4,安徽省,relation_context,0,0,1
解放战争,4,安徽省,asserted_event_spacetime,1,1,1
解放战争,4,云南省,relation_context,0,0,5
解放战争,4,四川省,relation_context,0,0,1
土地革命战争,2,四川省,relation_context,0,0,1
全民族抗日战争,3,江苏省,relation_context,0,0,1
建党与大革命,1,上海市,relation_context,0,0,1
土地革命战争,2,四川省,relation_context,0,0,1
社会主义革命和建设,5,安徽省,relation_context,0,0,1
建党与大革命,1,湖南省,relation_context,0,0,1
解放战争,4,四川省,relation_context,0,0,1
解放战争,4,四川省,relation_context,0,0,1
建党与大革命,1,湖南省,asserted_event_spacetime,1,1,1
建党与大革命,1,江苏省,relation_context,0,0,2
全民族抗日战争,3,江苏省,relation_context,0,0,1
土地革命战争,2,四川省,relation_context,0,0,2
社会主义革命和建设,5,重庆市,relation_context,0,0,1
土地革命战争,2,贵州省,trusted_event_spacetime,19,55,28
全民族抗日战争,3,云南省,relation_context,0,0,1
全民族抗日战争,3,安徽省,relation_context,0,0,2
土地革命战争,2,江苏省,relation_context,0,0,1
解放战争,4,贵州省,relation_context,0,0,1
建党与大革命,1,湖南省,relation_context,0,0,1
土地革命战争,2,湖南省,relation_context,0,0,5
土地革命战争,2,贵州省,relation_context,0,0,1
土地革命战争,2,湖南省,relation_context,0,0,1
建党与大革命,1,上海市,relation_context,0,0,1
建党与大革命,1,四川省,relation_context,0,0,1
土地革命战争,2,江西省,asserted_event_spacetime,1,1,1
社会主义革命和建设,5,湖南省,relation_context,0,0,1
全民族抗日战争,3,四川省,relation_context,0,0,1
土地革命战争,2,江苏省,relation_context,0,0,1
解放战争,4,安徽省,relation_context,0,0,1
解放战争,4,云南省,asserted_event_spacetime,1,1,2
土地革命战争,2,贵州省,relation_context,0,0,3
社会主义革命和建设,5,云南省,trusted_event_spacetime,2,1,0
社会主义革命和建设,5,上海市,relation_context,0,0,1
建党与大革命,1,上海市,relation_context,0,0,1
解放战争,4,安徽省,relation_context,0,0,1
社会主义革命和建设,5,湖南省,trusted_event_spacetime,3,3,2
解放战争,4,江苏省,relation_context,0,0,1
全民族抗日战争,3,湖北省,relation_context,0,0,1
全民族抗日战争,3,四川省,relation_context,0,0,1
解放战争,4,江苏省,relation_context,0,0,1
全民族抗日战争,3,贵州省,relation_context,0,0,1
全民族抗日战争,3,安徽省,relation_context,0,0,1
土地革命战争,2,江苏省,relation_context,0,0,1
建党与大革命,1,重庆市,relation_context,0,0,1
土地革命战争,2,湖北省,relation_context,0,0,1
全民族抗日战争,3,江苏省,relation_context,0,0,1
建党与大革命,1,江西省,relation_context,0,0,1
土地革命战争,2,四川省,relation_context,0,0,1
土地革命战争,2,湖南省,relation_context,0,0,1
土地革命战争,2,江西省,relation_context,0,0,1
土地革命战争,2,江西省,relation_context,0,0,1
土地革命战争,2,安徽省,relation_context,0,0,1
全民族抗日战争,3,江苏省,asserted_event_spacetime,1,1,1
全民族抗日战争,3,湖南省,relation_context,0,0,1
社会主义革命和建设,5,四川省,relation_context,0,0,1
解放战争,4,湖南省,relation_context,0,0,1
土地革命战争,2,江西省,trusted_event_spacetime,2,1,6
全民族抗日战争,3,安徽省,relation_context,0,0,1
解放战争,4,云南省,relation_context,0,0,1
解放战争,4,江苏省,relation_context,0,0,1
全民族抗日战争,3,湖北省,relation_context,0,0,1
解放战争,4,云南省,relation_context,0,0,1
全民族抗日战争,3,贵州省,relation_context,0,0,1
解放战争,4,贵州省,relation_context,0,0,2
社会主义革命和建设,5,湖南省,relation_context,0,0,1
土地革命战争,2,湖北省,relation_context,0,0,1
建党前传播与孕育,0,湖北省,relation_context,0,0,1
解放战争,4,江苏省,relation_context,0,0,1
建党与大革命,1,湖北省,trusted_event_spacetime,2,2,3
建党与大革命,1,江西省,relation_context,0,0,1
全民族抗日战争,3,云南省,relation_context,0,0,1
全民族抗日战争,3,安徽省,relation_context,0,0,1
解放战争,4,云南省,relation_context,0,0,1
土地革命战争,2,江西省,relation_context,0,0,1
解放战争,4,云南省,relation_context,0,0,1
解放战争,4,贵州省,relation_context,0,0,1
社会主义革命和建设,5,云南省,relation_context,0,0,1
土地革命战争,2,安徽省,relation_context,0,0,1
全民族抗日战争,3,云南省,relation_context,0,0,1
建党与大革命,1,湖南省,relation_context,0,0,2
土地革命战争,2,湖南省,relation_context,0,0,1
解放战争,4,安徽省,asserted_event_spacetime,1,1,2
解放战争,4,贵州省,asserted_event_spacetime,1,1,2
建党与大革命,1,云南省,relation_context,0,0,1
土地革命战争,2,江西省,relation_context,0,0,1
全民族抗日战争,3,安徽省,relation_context,0,0,1
土地革命战争,2,江西省,relation_context,0,0,1
全民族抗日战争,3,上海市,relation_context,0,0,1
解放战争,4,四川省,relation_context,0,0,1
社会主义革命和建设,5,四川省,relation_context,0,0,1
全民族抗日战争,3,重庆市,relation_context,0,0,1
建党前传播与孕育,0,湖北省,relation_context,0,0,1
建党前传播与孕育,0,江西省,relation_context,0,0,1
解放战争,4,江苏省,relation_context,0,0,2
土地革命战争,2,湖南省,relation_context,0,0,1
解放战争,4,四川省,relation_context,0,0,1
建党与大革命,1,湖北省,relation_context,0,0,1
土地革命战争,2,江西省,relation_context,0,0,2
解放战争,4,江西省,trusted_event_spacetime,2,2,22
建党前传播与孕育,0,上海市,relation_context,0,0,1
土地革命战争,2,江西省,relation_context,0,0,1
社会主义革命和建设,5,湖北省,relation_context,0,0,1
解放战争,4,贵州省,relation_context,0,0,1
社会主义革命和建设,5,湖南省,relation_context,0,0,1
土地革命战争,2,安徽省,relation_context,0,0,2
全民族抗日战争,3,四川省,relation_context,0,0,1
全民族抗日战争,3,江苏省,asserted_event_spacetime,1,1,1
建党与大革命,1,湖南省,relation_context,0,0,1
全民族抗日战争,3,江苏省,relation_context,0,0,1
解放战争,4,安徽省,relation_context,0,0,1
建党与大革命,1,湖北省,relation_context,0,0,1
建党与大革命,1,江苏省,relation_context,0,0,2
土地革命战争,2,湖南省,relation_context,0,0,1
建党与大革命,1,上海市,relation_context,0,0,1
土地革命战争,2,湖北省,relation_context,0,0,1
土地革命战争,2,江西省,relation_context,0,0,1
社会主义革命和建设,5,重庆市,relation_context,0,0,1
建党与大革命,1,云南省,asserted_event_spacetime,1,1,1
土地革命战争,2,湖北省,relation_context,0,0,2
建党与大革命,1,湖北省,relation_context,0,0,2
土地革命战争,2,湖北省,relation_context,0,0,4
解放战争,4,安徽省,relation_context,0,0,1
土地革命战争,2,江西省,asserted_event_spacetime,1,1,2
土地革命战争,2,四川省,relation_context,0,0,1
解放战争,4,云南省,relation_context,0,0,1
解放战争,4,上海市,relation_context,0,0,1
土地革命战争,2,湖南省,relation_context,0,0,1
全民族抗日战争,3,重庆市,relation_context,0,0,1
土地革命战争,2,贵州省,relation_context,0,0,2
建党与大革命,1,云南省,relation_context,0,0,4
全民族抗日战争,3,浙江省,relation_context,0,0,1
土地革命战争,2,湖南省,relation_context,0,0,2
土地革命战争,2,江西省,trusted_event_spacetime,1,5,3
社会主义革命和建设,5,重庆市,relation_context,0,0,1
解放战争,4,云南省,relation_context,0,0,1
解放战争,4,四川省,relation_context,0,0,1
土地革命战争,2,湖北省,relation_context,0,0,1
建党前传播与孕育,0,湖北省,relation_context,0,0,1
解放战争,4,湖南省,relation_context,0,0,1
全民族抗日战争,3,上海市,relation_context,0,0,1
解放战争,4,云南省,relation_context,0,0,3
全民族抗日战争,3,贵州省,relation_context,0,0,1
解放战争,4,云南省,relation_context,0,0,1
土地革命战争,2,重庆市,relation_context,0,0,1
土地革命战争,2,湖南省,relation_context,0,0,1
建党与大革命,1,江西省,relation_context,0,0,1
建党前传播与孕育,0,湖北省,trusted_event_spacetime,2,1,1
土地革命战争,2,江西省,asserted_event_spacetime,1,1,1
解放战争,4,重庆市,relation_context,0,0,1
全民族抗日战争,3,重庆市,relation_context,0,0,1
解放战争,4,江西省,asserted_event_spacetime,1,4,0
土地革命战争,2,云南省,relation_context,0,0,1
土地革命战争,2,湖北省,relation_context,0,0,2
土地革命战争,2,四川省,relation_context,0,0,1
建党与大革命,1,上海市,relation_context,0,0,2
解放战争,4,云南省,relation_context,0,0,2
解放战争,4,云南省,relation_context,0,0,1
建党与大革命,1,湖北省,relation_context,0,0,1
社会主义革命和建设,5,上海市,relation_context,0,0,1
土地革命战争,2,重庆市,relation_context,0,0,1
土地革命战争,2,云南省,relation_context,0,0,1
土地革命战争,2,贵州省,relation_context,0,0,1
社会主义革命和建设,5,云南省,relation_context,0,0,1
社会主义革命和建设,5,四川省,relation_context,0,0,1
土地革命战争,2,湖南省,relation_context,0,0,1
建党与大革命,1,重庆市,relation_context,0,0,1
建党与大革命,1,江西省,relation_context,0,0,2
全民族抗日战争,3,贵州省,relation_context,0,0,1
解放战争,4,湖北省,relation_context,0,0,1
土地革命战争,2,安徽省,relation_context,0,0,2
解放战争,4,云南省,relation_context,0,0,1
全民族抗日战争,3,云南省,relation_context,0,0,4
建党与大革命,1,四川省,relation_context,0,0,1
土地革命战争,2,江苏省,relation_context,0,0,1
社会主义革命和建设,5,贵州省,relation_context,0,0,1
社会主义革命和建设,5,贵州省,relation_context,0,0,2
解放战争,4,四川省,relation_context,0,0,1
土地革命战争,2,贵州省,relation_context,0,0,1
建党与大革命,1,湖南省,relation_context,0,0,1
全民族抗日战争,3,四川省,relation_context,0,0,1
土地革命战争,2,江西省,asserted_event_spacetime,1,1,3
解放战争,4,四川省,trusted_event_spacetime,3,3,4
建党前传播与孕育,0,湖北省,relation_context,0,0,3
全民族抗日战争,3,江苏省,relation_context,0,0,1
全民族抗日战争,3,江苏省,relation_context,0,0,1
社会主义革命和建设,5,四川省,relation_context,0,0,1
全民族抗日战争,3,上海市,relation_context,0,0,4
解放战争,4,云南省,asserted_event_spacetime,1,1,1
土地革命战争,2,湖南省,relation_context,0,0,1
全民族抗日战争,3,云南省,relation_context,0,0,2
解放战争,4,湖南省,relation_context,0,0,1
土地革命战争,2,云南省,relation_context,0,0,1
土地革命战争,2,贵州省,relation_context,0,0,1
土地革命战争,2,安徽省,relation_context,0,0,1
社会主义革命和建设,5,贵州省,asserted_event_spacetime,1,2,2
社会主义革命和建设,5,湖南省,asserted_event_spacetime,1,1,5
全民族抗日战争,3,云南省,relation_context,0,0,1
土地革命战争,2,江西省,relation_context,0,0,1
全民族抗日战争,3,湖北省,relation_context,0,0,1
解放战争,4,贵州省,relation_context,0,0,1
土地革命战争,2,江苏省,relation_context,0,0,1
土地革命战争,2,安徽省,relation_context,0,0,1
社会主义革命和建设,5,重庆市,relation_context,0,0,1
全民族抗日战争,3,湖北省,relation_context,0,0,1
土地革命战争,2,贵州省,relation_context,0,0,5
土地革命战争,2,江西省,relation_context,0,0,1
土地革命战争,2,湖南省,relation_context,0,0,22
土地革命战争,2,重庆市,relation_context,0,0,1
解放战争,4,上海市,relation_context,0,0,1
解放战争,4,四川省,relation_context,0,0,1
全民族抗日战争,3,安徽省,relation_context,0,0,1
土地革命战争,2,湖南省,relation_context,0,0,1
解放战争,4,云南省,relation_context,0,0,1
全民族抗日战争,3,上海市,relation_context,0,0,1
解放战争,4,江苏省,relation_context,0,0,1
建党与大革命,1,湖北省,relation_context,0,0,1
社会主义革命和建设,5,江西省,asserted_event_spacetime,1,3,0
土地革命战争,2,贵州省,relation_context,0,0,1
解放战争,4,云南省,relation_context,0,0,1
全民族抗日战争,3,重庆市,relation_context,0,0,1
社会主义革命和建设,5,湖南省,relation_context,0,0,1
建党与大革命,1,安徽省,relation_context,0,0,1
土地革命战争,2,安徽省,relation_context,0,0,6
全民族抗日战争,3,四川省,relation_context,0,0,2
解放战争,4,四川省,relation_context,0,0,1
全民族抗日战争,3,江苏省,relation_context,0,0,1
全民族抗日战争,3,重庆市,relation_context,0,0,2
土地革命战争,2,江西省,asserted_event_spacetime,1,2,3
全民族抗日战争,3,贵州省,asserted_event_spacetime,17,17,2
土地革命战争,2,江西省,relation_context,0,0,1
建党与大革命,1,湖南省,relation_context,0,0,1
土地革命战争,2,四川省,relation_context,0,0,1
解放战争,4,湖北省,relation_context,0,0,1
土地革命战争,2,四川省,relation_context,0,0,1
社会主义革命和建设,5,贵州省,relation_context,0,0,1
建党与大革命,1,四川省,relation_context,0,0,1
社会主义革命和建设,5,上海市,relation_context,0,0,1
土地革命战争,2,四川省,trusted_event_spacetime,1,1,5
全民族抗日战争,3,江苏省,relation_context,0,0,1
土地革命战争,2,四川省,relation_context,0,0,2
土地革命战争,2,江西省,relation_context,0,0,1
建党与大革命,1,江西省,relation_context,0,0,1
改革开放和社会主义现代化建设,6,云南省,asserted_event_spacetime,5,1,0
建党与大革命,1,湖北省,relation_context,0,0,2
土地革命战争,2,湖北省,asserted_event_spacetime,1,2,2
解放战争,4,安徽省,relation_context,0,0,1
土地革命战争,2,湖北省,trusted_event_spacetime,1,1,1
解放战争,4,湖南省,relation_context,0,0,1
社会主义革命和建设,5,云南省,relation_context,0,0,1
建党与大革命,1,湖南省,relation_context,0,0,1
全民族抗日战争,3,江苏省,relation_context,0,0,2
全民族抗日战争,3,江苏省,relation_context,0,0,1
全民族抗日战争,3,湖北省,relation_context,0,0,2
社会主义革命和建设,5,安徽省,relation_context,0,0,1
全民族抗日战争,3,江苏省,relation_context,0,0,1
全民族抗日战争,3,湖北省,relation_context,0,0,1
土地革命战争,2,重庆市,relation_context,0,0,1
解放战争,4,安徽省,relation_context,0,0,1
土地革命战争,2,四川省,relation_context,0,0,1
土地革命战争,2,江苏省,relation_context,0,0,3
全民族抗日战争,3,贵州省,relation_context,0,0,1
土地革命战争,2,安徽省,relation_context,0,0,1
土地革命战争,2,江苏省,relation_context,0,0,7
解放战争,4,四川省,relation_context,0,0,1
解放战争,4,四川省,relation_context,0,0,1
全民族抗日战争,3,江苏省,relation_context,0,0,1
解放战争,4,四川省,relation_context,0,0,1
解放战争,4,云南省,relation_context,0,0,3
土地革命战争,2,江西省,relation_context,0,0,1
全民族抗日战争,3,贵州省,asserted_event_spacetime,1,7,0
土地革命战争,2,四川省,relation_context,0,0,1
土地革命战争,2,江西省,relation_context,0,0,228
土地革命战争,2,江西省,relation_context,0,0,1
全民族抗日战争,3,安徽省,relation_context,0,0,2
土地革命战争,2,江西省,relation_context,0,0,1
建党与大革命,1,湖南省,relation_context,0,0,2
建党与大革命,1,上海市,relation_context,0,0,2
解放战争,4,湖北省,relation_context,0,0,3
土地革命战争,2,江西省,relation_context,0,0,1
社会主义革命和建设,5,四川省,relation_context,0,0,4
土地革命战争,2,云南省,relation_context,0,0,1
社会主义革命和建设,5,江苏省,relation_context,0,0,1
建党与大革命,1,湖北省,relation_context,0,0,1
土地革命战争,2,江西省,relation_context,0,0,1
全民族抗日战争,3,云南省,relation_context,0,0,2
社会主义革命和建设,5,云南省,relation_context,0,0,2
建党与大革命,1,湖南省,relation_context,0,0,1
解放战争,4,江苏省,asserted_event_spacetime,1,1,0
全民族抗日战争,3,重庆市,relation_context,0,0,4
解放战争,4,湖北省,asserted_event_spacetime,1,1,0
土地革命战争,2,四川省,relation_context,0,0,1
全民族抗日战争,3,贵州省,relation_context,0,0,1
土地革命战争,2,江西省,relation_context,0,0,1
社会主义革命和建设,5,贵州省,relation_context,0,0,1
解放战争,4,上海市,relation_context,0,0,2
建党与大革命,1,湖南省,relation_context,0,0,2
社会主义革命和建设,5,上海市,asserted_event_spacetime,1,1,1
土地革命战争,2,安徽省,relation_context,0,0,1
土地革命战争,2,云南省,asserted_event_spacetime,1,1,6
土地革命战争,2,湖北省,relation_context,0,0,1
社会主义革命和建设,5,云南省,relation_context,0,0,1
全民族抗日战争,3,江苏省,relation_context,0,0,1
土地革命战争,2,江西省,relation_context,0,0,1
全民族抗日战争,3,贵州省,relation_context,0,0,1
建党与大革命,1,湖南省,relation_context,0,0,1
建党前传播与孕育,0,江西省,trusted_event_spacetime,2,1,1
解放战争,4,贵州省,relation_context,0,0,2
建党与大革命,1,安徽省,relation_context,0,0,1
土地革命战争,2,江西省,relation_context,0,0,1
社会主义革命和建设,5,江西省,relation_context,0,0,1
社会主义革命和建设,5,安徽省,relation_context,0,0,1
全民族抗日战争,3,四川省,relation_context,0,0,1
建党与大革命,1,四川省,relation_context,0,0,2
解放战争,4,江苏省,relation_context,0,0,1
土地革命战争,2,江西省,relation_context,0,0,1
解放战争,4,四川省,relation_context,0,0,1
解放战争,4,贵州省,relation_context,0,0,1
解放战争,4,江苏省,relation_context,0,0,1
土地革命战争,2,江西省,relation_context,0,0,1
建党与大革命,1,湖南省,relation_context,0,0,2
土地革命战争,2,江西省,relation_context,0,0,1
社会主义革命和建设,5,贵州省,relation_context,0,0,2
建党与大革命,1,上海市,relation_context,0,0,1
解放战争,4,重庆市,relation_context,0,0,1
土地革命战争,2,上海市,relation_context,0,0,1
土地革命战争,2,江西省,relation_context,0,0,4
解放战争,4,湖南省,relation_context,0,0,1
全民族抗日战争,3,贵州省,relation_context,0,0,2
全民族抗日战争,3,四川省,asserted_event_spacetime,1,1,2
土地革命战争,2,湖南省,relation_context,0,0,1
土地革命战争,2,江西省,relation_context,0,0,1
全民族抗日战争,3,重庆市,asserted_event_spacetime,1,2,1
全民族抗日战争,3,江苏省,relation_context,0,0,1
全民族抗日战争,3,江苏省,relation_context,0,0,1
全民族抗日战争,3,江苏省,relation_context,0,0,1
土地革命战争,2,四川省,relation_context,0,0,1
建党与大革命,1,湖北省,relation_context,0,0,1
土地革命战争,2,江苏省,relation_context,0,0,1
解放战争,4,湖北省,relation_context,0,0,1
建党与大革命,1,湖南省,relation_context,0,0,1
全民族抗日战争,3,贵州省,asserted_event_spacetime,1,1,1
全民族抗日战争,3,江苏省,relation_context,0,0,2
社会主义革命和建设,5,四川省,relation_context,0,0,1
社会主义革命和建设,5,江苏省,relation_context,0,0,2
社会主义革命和建设,5,四川省,relation_context,0,0,1
解放战争,4,湖北省,asserted_event_spacetime,1,1,1
土地革命战争,2,湖南省,relation_context,0,0,1
全民族抗日战争,3,江西省,relation_context,0,0,1
解放战争,4,江西省,asserted_event_spacetime,1,1,1
解放战争,4,安徽省,relation_context,0,0,1
全民族抗日战争,3,云南省,relation_context,0,0,1
建党与大革命,1,湖南省,relation_context,0,0,1
土地革命战争,2,湖南省,relation_context,0,0,1
全民族抗日战争,3,云南省,relation_context,0,0,1
土地革命战争,2,四川省,relation_context,0,0,1
建党与大革命,1,江西省,relation_context,0,0,1
土地革命战争,2,江西省,trusted_event_spacetime,1,1,1
土地革命战争,2,四川省,relation_context,0,0,1
土地革命战争,2,江西省,trusted_event_spacetime,3,4,6
土地革命战争,2,四川省,relation_context,0,0,1
社会主义革命和建设,5,云南省,relation_context,0,0,1
土地革命战争,2,湖北省,relation_context,0,0,1
全民族抗日战争,3,安徽省,relation_context,0,0,1
解放战争,4,江西省,relation_context,0,0,2
土地革命战争,2,贵州省,relation_context,0,0,5
社会主义革命和建设,5,贵州省,relation_context,0,0,1
全民族抗日战争,3,江苏省,relation_context,0,0,1
土地革命战争,2,江苏省,relation_context,0,0,1
土地革命战争,2,重庆市,relation_context,0,0,1
建党与大革命,1,湖南省,relation_context,0,0,1
土地革命战争,2,安徽省,relation_context,0,0,1
全民族抗日战争,3,湖南省,relation_context,0,0,1
土地革命战争,2,江西省,relation_context,0,0,1
解放战争,4,四川省,relation_context,0,0,1
土地革命战争,2,贵州省,relation_context,0,0,2
土地革命战争,2,湖北省,relation_context,0,0,1
解放战争,4,云南省,relation_context,0,0,1
解放战争,4,江苏省,relation_context,0,0,1
建党与大革命,1,湖北省,relation_context,0,0,1
建党与大革命,1,上海市,relation_context,0,0,1
解放战争,4,四川省,asserted_event_spacetime,1,1,1
解放战争,4,湖南省,trusted_event_spacetime,3,3,2
土地革命战争,2,四川省,relation_context,0,0,2
社会主义革命和建设,5,安徽省,relation_context,0,0,6
解放战争,4,上海市,asserted_event_spacetime,1,1,1
建党与大革命,1,重庆市,relation_context,0,0,1
土地革命战争,2,湖南省,relation_context,0,0,1
土地革命战争,2,云南省,relation_context,0,0,3
社会主义革命和建设,5,湖北省,relation_context,0,0,1
全民族抗日战争,3,湖南省,relation_context,0,0,2
土地革命战争,2,重庆市,relation_context,0,0,1
建党与大革命,1,江西省,trusted_event_spacetime,1,1,1
建党与大革命,1,上海市,relation_context,0,0,1
土地革命战争,2,湖南省,relation_context,0,0,1
解放战争,4,湖北省,relation_context,0,0,1
全民族抗日战争,3,江西省,relation_context,0,0,2
土地革命战争,2,湖南省,relation_context,0,0,1
土地革命战争,2,江西省,asserted_event_spacetime,1,1,2
土地革命战争,2,湖南省,relation_context,0,0,1
土地革命战争,2,湖南省,asserted_event_spacetime,1,2,10
社会主义革命和建设,5,江苏省,relation_context,0,0,1
土地革命战争,2,湖南省,relation_context,0,0,2
社会主义革命和建设,5,云南省,asserted_event_spacetime,2,1,0
建党与大革命,1,上海市,relation_context,0,0,1
解放战争,4,云南省,relation_context,0,0,1
建党与大革命,1,湖北省,relation_context,0,0,1
建党与大革命,1,湖南省,relation_context,0,0,1
社会主义革命和建设,5,湖南省,asserted_event_spacetime,2,2,0
土地革命战争,2,上海市,asserted_event_spacetime,1,1,1
土地革命战争,2,湖北省,relation_context,0,0,1
土地革命战争,2,湖北省,relation_context,0,0,1
全民族抗日战争,3,湖南省,relation_context,0,0,4
土地革命战争,2,湖北省,asserted_event_spacetime,1,1,2
社会主义革命和建设,5,云南省,relation_context,0,0,1
解放战争,4,云南省,relation_context,0,0,2
全民族抗日战争,3,江苏省,relation_context,0,0,1
解放战争,4,四川省,relation_context,0,0,1
社会主义革命和建设,5,江西省,trusted_event_spacetime,1,2,2
解放战争,4,云南省,relation_context,0,0,1
土地革命战争,2,贵州省,relation_context,0,0,1
解放战争,4,云南省,relation_context,0,0,3
土地革命战争,2,云南省,relation_context,0,0,1
解放战争,4,湖北省,relation_context,0,0,1
解放战争,4,云南省,relation_context,0,0,3
社会主义革命和建设,5,湖北省,asserted_event_spacetime,1,8,0
解放战争,4,贵州省,relation_context,0,0,1
土地革命战争,2,湖北省,relation_context,0,0,6
土地革命战争,2,湖北省,relation_context,0,0,3
建党与大革命,1,云南省,relation_context,0,0,1
建党与大革命,1,江苏省,relation_context,0,0,1
解放战争,4,江苏省,relation_context,0,0,1
土地革命战争,2,湖南省,relation_context,0,0,3
建党与大革命,1,湖北省,relation_context,0,0,1
全民族抗日战争,3,云南省,relation_context,0,0,1
解放战争,4,湖北省,relation_context,0,0,1
解放战争,4,江苏省,relation_context,0,0,1
建党与大革命,1,湖北省,relation_context,0,0,1
全民族抗日战争,3,江苏省,relation_context,0,0,1
土地革命战争,2,湖北省,relation_context,0,0,1
建党前传播与孕育,0,四川省,relation_context,0,0,1
土地革命战争,2,云南省,asserted_event_spacetime,1,3,0
解放战争,4,云南省,relation_context,0,0,1
全民族抗日战争,3,安徽省,relation_context,0,0,1
全民族抗日战争,3,重庆市,relation_context,0,0,1
解放战争,4,江苏省,relation_context,0,0,1
解放战争,4,四川省,relation_context,0,0,1
土地革命战争,2,湖南省,relation_context,0,0,1
建党与大革命,1,湖南省,relation_context,0,0,6
全民族抗日战争,3,江苏省,relation_context,0,0,1
土地革命战争,2,江西省,asserted_event_spacetime,1,1,2
土地革命战争,2,云南省,relation_context,0,0,1
土地革命战争,2,湖南省,relation_context,0,0,1
解放战争,4,云南省,relation_context,0,0,1
全民族抗日战争,3,湖南省,trusted_event_spacetime,1,3,0
土地革命战争,2,江西省,relation_context,0,0,1
社会主义革命和建设,5,上海市,relation_context,0,0,1
解放战争,4,安徽省,relation_context,0,0,1
社会主义革命和建设,5,湖南省,relation_context,0,0,2
解放战争,4,湖南省,relation_context,0,0,1
全民族抗日战争,3,江苏省,relation_context,0,0,1
解放战争,4,贵州省,relation_context,0,0,1
解放战争,4,云南省,relation_context,0,0,2
土地革命战争,2,湖北省,relation_context,0,0,1
全民族抗日战争,3,湖南省,relation_context,0,0,2
全民族抗日战争,3,湖北省,relation_context,0,0,1
解放战争,4,四川省,relation_context,0,0,1
全民族抗日战争,3,安徽省,relation_context,0,0,1
解放战争,4,四川省,relation_context,0,0,1
土地革命战争,2,上海市,relation_context,0,0,1
解放战争,4,湖南省,relation_context,0,0,1
解放战争,4,重庆市,relation_context,0,0,1
解放战争,4,湖北省,asserted_event_spacetime,1,1,1
全民族抗日战争,3,四川省,relation_context,0,0,1
全民族抗日战争,3,四川省,relation_context,0,0,2
土地革命战争,2,云南省,relation_context,0,0,1
全民族抗日战争,3,安徽省,relation_context,0,0,2
解放战争,4,湖南省,relation_context,0,0,1
土地革命战争,2,贵州省,relation_context,0,0,1
土地革命战争,2,四川省,relation_context,0,0,1
土地革命战争,2,江西省,relation_context,0,0,2
解放战争,4,江苏省,relation_context,0,0,1
解放战争,4,四川省,relation_context,0,0,1
建党前传播与孕育,0,湖南省,relation_context,0,0,1
土地革命战争,2,贵州省,relation_context,0,0,1
解放战争,4,贵州省,relation_context,0,0,1
建党与大革命,1,安徽省,relation_context,0,0,2
土地革命战争,2,安徽省,relation_context,0,0,1
解放战争,4,湖北省,relation_context,0,0,1
全民族抗日战争,3,四川省,relation_context,0,0,2
解放战争,4,江西省,relation_context,0,0,1
改革开放和社会主义现代化建设,6,江苏省,relation_context,0,0,1
解放战争,4,四川省,asserted_event_spacetime,1,1,1
解放战争,4,云南省,relation_context,0,0,1
解放战争,4,贵州省,relation_context,0,0,1
解放战争,4,江苏省,relation_context,0,0,1
社会主义革命和建设,5,湖北省,relation_context,0,0,1
建党与大革命,1,湖南省,relation_context,0,0,2
土地革命战争,2,江西省,relation_context,0,0,1
建党与大革命,1,江西省,relation_context,0,0,1
建党与大革命,1,重庆市,relation_context,0,0,1
全民族抗日战争,3,湖南省,relation_context,0,0,1
土地革命战争,2,四川省,relation_context,0,0,2
社会主义革命和建设,5,上海市,asserted_event_spacetime,1,1,1
土地革命战争,2,安徽省,relation_context,0,0,3
建党与大革命,1,江西省,relation_context,0,0,3
社会主义革命和建设,5,贵州省,relation_context,0,0,1
土地革命战争,2,湖北省,relation_context,0,0,1
土地革命战争,2,江西省,relation_context,0,0,2
社会主义革命和建设,5,湖北省,relation_context,0,0,1
全民族抗日战争,3,安徽省,relation_context,0,0,1
改革开放和社会主义现代化建设,6,云南省,relation_context,0,0,1
全民族抗日战争,3,安徽省,trusted_event_spacetime,2,2,2
社会主义革命和建设,5,上海市,asserted_event_spacetime,1,1,1
全民族抗日战争,3,安徽省,asserted_event_spacetime,1,1,2
建党与大革命,1,江西省,relation_context,0,0,1
全民族抗日战争,3,湖南省,relation_context,0,0,1
全民族抗日战争,3,湖南省,relation_context,0,0,3
建党与大革命,1,江西省,relation_context,0,0,2
社会主义革命和建设,5,江苏省,relation_context,0,0,1
建党与大革命,1,四川省,relation_context,0,0,1
全民族抗日战争,3,重庆市,relation_context,0,0,1
建党与大革命,1,四川省,relation_context,0,0,1
建党与大革命,1,四川省,relation_context,0,0,1
全民族抗日战争,3,安徽省,relation_context,0,0,1
建党与大革命,1,江西省,relation_context,0,0,1
社会主义革命和建设,5,湖南省,relation_context,0,0,1
土地革命战争,2,四川省,relation_context,0,0,1
解放战争,4,云南省,relation_context,0,0,4
建党与大革命,1,四川省,relation_context,0,0,1
解放战争,4,江苏省,asserted_event_spacetime,1,1,1
土地革命战争,2,湖南省,relation_context,0,0,2
解放战争,4,重庆市,relation_context,0,0,1
土地革命战争,2,江苏省,relation_context,0,0,1
社会主义革命和建设,5,云南省,relation_context,0,0,1
建党与大革命,1,江苏省,relation_context,0,0,1
全民族抗日战争,3,贵州省,relation_context,0,0,1
解放战争,4,安徽省,relation_context,0,0,1
建党与大革命,1,湖北省,asserted_event_spacetime,1,1,1
土地革命战争,2,四川省,relation_context,0,0,1
社会主义革命和建设,5,贵州省,asserted_event_spacetime,1,1,1
建党与大革命,1,湖南省,asserted_event_spacetime,1,1,1
建党与大革命,1,上海市,relation_context,0,0,1
土地革命战争,2,四川省,relation_context,0,0,1
解放战争,4,四川省,relation_context,0,0,1
土地革命战争,2,江西省,relation_context,0,0,1
土地革命战争,2,湖南省,relation_context,0,0,1
土地革命战争,2,贵州省,relation_context,0,0,1
土地革命战争,2,四川省,relation_context,0,0,1
全民族抗日战争,3,湖北省,relation_context,0,0,1
解放战争,4,贵州省,asserted_event_spacetime,1,2,0
社会主义革命和建设,5,安徽省,relation_context,0,0,1
建党与大革命,1,湖南省,relation_context,0,0,2
建党与大革命,1,湖南省,trusted_event_spacetime,2,1,95
土地革命战争,2,湖北省,asserted_event_spacetime,1,1,1
建党前传播与孕育,0,安徽省,relation_context,0,0,1
建党与大革命,1,上海市,relation_context,0,0,1
建党与大革命,1,湖北省,relation_context,0,0,1
土地革命战争,2,湖南省,relation_context,0,0,1
社会主义革命和建设,5,云南省,relation_context,0,0,1
解放战争,4,四川省,relation_context,0,0,2
土地革命战争,2,贵州省,relation_context,0,0,1
土地革命战争,2,四川省,relation_context,0,0,2
全民族抗日战争,3,安徽省,relation_context,0,0,1
建党与大革命,1,上海市,relation_context,0,0,1
建党与大革命,1,四川省,relation_context,0,0,1
解放战争,4,四川省,relation_context,0,0,1
全民族抗日战争,3,云南省,relation_context,0,0,2
全民族抗日战争,3,湖北省,relation_context,0,0,1
全民族抗日战争,3,江苏省,relation_context,0,0,1
建党前传播与孕育,0,江西省,relation_context,0,0,1
全民族抗日战争,3,江苏省,relation_context,0,0,1
土地革命战争,2,上海市,relation_context,0,0,1
全民族抗日战争,3,安徽省,relation_context,0,0,1
解放战争,4,云南省,relation_context,0,0,1
土地革命战争,2,湖南省,relation_context,0,0,1
全民族抗日战争,3,四川省,relation_context,0,0,1
土地革命战争,2,湖北省,relation_context,0,0,4
全民族抗日战争,3,江苏省,relation_context,0,0,1
解放战争,4,湖北省,relation_context,0,0,1
全民族抗日战争,3,四川省,relation_context,0,0,2
社会主义革命和建设,5,云南省,relation_context,0,0,3
建党与大革命,1,江苏省,relation_context,0,0,1
解放战争,4,贵州省,relation_context,0,0,1
土地革命战争,2,湖北省,relation_context,0,0,1
全民族抗日战争,3,重庆市,relation_context,0,0,1
土地革命战争,2,四川省,relation_context,0,0,1
解放战争,4,安徽省,asserted_event_spacetime,1,1,0
社会主义革命和建设,5,云南省,relation_context,0,0,1
解放战争,4,安徽省,relation_context,0,0,1
改革开放和社会主义现代化建设,6,重庆市,relation_context,0,0,1
解放战争,4,安徽省,relation_context,0,0,1
改革开放和社会主义现代化建设,6,云南省,relation_context,0,0,2
建党与大革命,1,江西省,asserted_event_spacetime,1,1,1
解放战争,4,湖北省,asserted_event_spacetime,1,16,5
全民族抗日战争,3,安徽省,relation_context,0,0,1
解放战争,4,湖北省,relation_context,0,0,1
建党前传播与孕育,0,江西省,relation_context,0,0,1
解放战争,4,安徽省,relation_context,0,0,3
土地革命战争,2,贵州省,relation_context,0,0,2
社会主义革命和建设,5,湖南省,relation_context,0,0,3
解放战争,4,江苏省,relation_context,0,0,1
解放战争,4,安徽省,relation_context,0,0,1
改革开放和社会主义现代化建设,6,贵州省,relation_context,0,0,1
解放战争,4,云南省,relation_context,0,0,6
土地革命战争,2,江苏省,relation_context,0,0,1
土地革命战争,2,湖南省,relation_context,0,0,1
建党与大革命,1,四川省,relation_context,0,0,1
全民族抗日战争,3,安徽省,relation_context,0,0,1
全民族抗日战争,3,江苏省,relation_context,0,0,1
土地革命战争,2,四川省,relation_context,0,0,1
解放战争,4,云南省,relation_context,0,0,1
解放战争,4,贵州省,relation_context,0,0,1
全民族抗日战争,3,云南省,relation_context,0,0,1
全民族抗日战争,3,安徽省,relation_context,0,0,1
全民族抗日战争,3,江苏省,relation_context,0,0,1
土地革命战争,2,贵州省,relation_context,0,0,1
解放战争,4,重庆市,relation_context,0,0,1
社会主义革命和建设,5,云南省,relation_context,0,0,2
全民族抗日战争,3,安徽省,relation_context,0,0,1
全民族抗日战争,3,江苏省,relation_context,0,0,2
解放战争,4,贵州省,relation_context,0,0,1
建党与大革命,1,云南省,relation_context,0,0,1
全民族抗日战争,3,贵州省,relation_context,0,0,2
土地革命战争,2,湖北省,relation_context,0,0,1
解放战争,4,湖北省,relation_context,0,0,1
建党与大革命,1,湖南省,relation_context,0,0,1
土地革命战争,2,浙江省,relation_context,0,0,1
建党与大革命,1,安徽省,relation_context,0,0,1
解放战争,4,四川省,relation_context,0,0,1
土地革命战争,2,云南省,relation_context,0,0,4
解放战争,4,安徽省,trusted_event_spacetime,1,1,1
土地革命战争,2,四川省,relation_context,0,0,1
土地革命战争,2,云南省,trusted_event_spacetime,3,1,4
解放战争,4,贵州省,relation_context,0,0,2
社会主义革命和建设,5,重庆市,relation_context,0,0,2
建党前传播与孕育,0,四川省,relation_context,0,0,1
土地革命战争,2,安徽省,relation_context,0,0,1
土地革命战争,2,江西省,relation_context,0,0,1
土地革命战争,2,四川省,relation_context,0,0,1
土地革命战争,2,云南省,relation_context,0,0,1
土地革命战争,2,贵州省,relation_context,0,0,1
全民族抗日战争,3,安徽省,relation_context,0,0,1
土地革命战争,2,湖北省,relation_context,0,0,1
土地革命战争,2,湖南省,relation_context,0,0,1
建党与大革命,1,湖南省,relation_context,0,0,1
土地革命战争,2,安徽省,relation_context,0,0,1
土地革命战争,2,湖北省,relation_context,0,0,1
建党与大革命,1,湖南省,relation_context,0,0,1
土地革命战争,2,江西省,asserted_event_spacetime,1,1,2
全民族抗日战争,3,江苏省,relation_context,0,0,1
解放战争,4,湖北省,relation_context,0,0,1
解放战争,4,云南省,relation_context,0,0,1
土地革命战争,2,安徽省,relation_context,0,0,1
土地革命战争,2,江苏省,relation_context,0,0,3
解放战争,4,重庆市,relation_context,0,0,2
土地革命战争,2,湖北省,relation_context,0,0,1
土地革命战争,2,湖南省,relation_context,0,0,1
全民族抗日战争,3,上海市,relation_context,0,0,1
全民族抗日战争,3,重庆市,relation_context,0,0,1
全民族抗日战争,3,湖南省,relation_context,0,0,1
土地革命战争,2,安徽省,relation_context,0,0,1
社会主义革命和建设,5,安徽省,relation_context,0,0,1
建党与大革命,1,江西省,relation_context,0,0,1
建党与大革命,1,湖北省,relation_context,0,0,1
建党与大革命,1,江苏省,relation_context,0,0,1
土地革命战争,2,江苏省,relation_context,0,0,1
建党与大革命,1,上海市,relation_context,0,0,1
建党与大革命,1,江西省,relation_context,0,0,1
土地革命战争,2,贵州省,relation_context,0,0,1
全民族抗日战争,3,重庆市,relation_context,0,0,1
建党与大革命,1,四川省,asserted_event_spacetime,1,1,3
土地革命战争,2,贵州省,relation_context,0,0,1
土地革命战争,2,安徽省,relation_context,0,0,1
土地革命战争,2,江西省,relation_context,0,0,1
土地革命战争,2,江西省,relation_context,0,0,1
全民族抗日战争,3,江苏省,relation_context,0,0,1
全民族抗日战争,3,安徽省,relation_context,0,0,1
土地革命战争,2,贵州省,relation_context,0,0,1
全民族抗日战争,3,浙江省,asserted_event_spacetime,1,1,1
全民族抗日战争,3,云南省,relation_context,0,0,1
全民族抗日战争,3,安徽省,relation_context,0,0,2
土地革命战争,2,四川省,relation_context,0,0,1
建党与大革命,1,江西省,relation_context,0,0,1
土地革命战争,2,湖北省,relation_context,0,0,1
土地革命战争,2,贵州省,relation_context,0,0,3
解放战争,4,湖北省,relation_context,0,0,1
土地革命战争,2,江西省,trusted_event_spacetime,1,3,2
解放战争,4,江西省,relation_context,0,0,1
土地革命战争,2,四川省,relation_context,0,0,1
解放战争,4,贵州省,relation_context,0,0,1
建党与大革命,1,四川省,relation_context,0,0,1
建党与大革命,1,江西省,relation_context,0,0,1
全民族抗日战争,3,江苏省,relation_context,0,0,1
全民族抗日战争,3,上海市,relation_context,0,0,1
解放战争,4,湖北省,relation_context,0,0,1
全民族抗日战争,3,贵州省,relation_context,0,0,1
解放战争,4,江苏省,asserted_event_spacetime,1,1,1
土地革命战争,2,上海市,relation_context,0,0,1
建党前传播与孕育,0,江苏省,relation_context,0,0,1
土地革命战争,2,江西省,relation_context,0,0,1
建党与大革命,1,湖北省,relation_context,0,0,1
全民族抗日战争,3,安徽省,relation_context,0,0,2
土地革命战争,2,江西省,relation_context,0,0,1
土地革命战争,2,江西省,relation_context,0,0,1
全民族抗日战争,3,安徽省,relation_context,0,0,1
建党与大革命,1,重庆市,relation_context,0,0,1
土地革命战争,2,湖北省,relation_context,0,0,1
土地革命战争,2,湖北省,relation_context,0,0,1
土地革命战争,2,贵州省,relation_context,0,0,1
土地革命战争,2,江西省,asserted_event_spacetime,1,1,6
建党前传播与孕育,0,上海市,relation_context,0,0,1
建党与大革命,1,湖南省,relation_context,0,0,1
社会主义革命和建设,5,上海市,asserted_event_spacetime,1,1,1
社会主义革命和建设,5,贵州省,relation_context,0,0,1
解放战争,4,四川省,asserted_event_spacetime,1,1,1
解放战争,4,湖北省,relation_context,0,0,1
土地革命战争,2,四川省,relation_context,0,0,1
土地革命战争,2,四川省,relation_context,0,0,1
土地革命战争,2,湖北省,relation_context,0,0,1
建党与大革命,1,四川省,relation_context,0,0,1
土地革命战争,2,四川省,relation_context,0,0,2
全民族抗日战争,3,安徽省,relation_context,0,0,2
社会主义革命和建设,5,江苏省,asserted_event_spacetime,1,2,2
土地革命战争,2,云南省,relation_context,0,0,1
全民族抗日战争,3,江西省,relation_context,0,0,1
全民族抗日战争,3,贵州省,relation_context,0,0,1
土地革命战争,2,湖南省,relation_context,0,0,1
解放战争,4,江苏省,relation_context,0,0,1
解放战争,4,云南省,relation_context,0,0,1
社会主义革命和建设,5,四川省,relation_context,0,0,1
解放战争,4,贵州省,relation_context,0,0,1
社会主义革命和建设,5,江苏省,relation_context,0,0,1
建党前传播与孕育,0,湖北省,relation_context,0,0,1
土地革命战争,2,湖南省,relation_context,0,0,1
土地革命战争,2,贵州省,relation_context,0,0,1
全民族抗日战争,3,安徽省,relation_context,0,0,1
建党与大革命,1,江西省,asserted_event_spacetime,1,1,3
解放战争,4,云南省,relation_context,0,0,1
土地革命战争,2,湖北省,asserted_event_spacetime,1,1,1
土地革命战争,2,四川省,relation_context,0,0,1
建党与大革命,1,四川省,relation_context,0,0,1
土地革命战争,2,江西省,relation_context,0,0,1
社会主义革命和建设,5,安徽省,asserted_event_spacetime,1,1,1
土地革命战争,2,四川省,relation_context,0,0,1
解放战争,4,贵州省,asserted_event_spacetime,1,2,1
全民族抗日战争,3,湖北省,relation_context,0,0,1
全民族抗日战争,3,安徽省,relation_context,0,0,1
土地革命战争,2,江苏省,relation_context,0,0,1
解放战争,4,云南省,relation_context,0,0,1
土地革命战争,2,江西省,relation_context,0,0,1
全民族抗日战争,3,湖南省,relation_context,0,0,2
全民族抗日战争,3,江苏省,asserted_event_spacetime,1,1,2
土地革命战争,2,重庆市,relation_context,0,0,10
建党与大革命,1,湖南省,relation_context,0,0,1
土地革命战争,2,云南省,relation_context,0,0,4
全民族抗日战争,3,重庆市,relation_context,0,0,1
改革开放和社会主义现代化建设,6,重庆市,relation_context,0,0,1
土地革命战争,2,湖南省,relation_context,0,0,1
全民族抗日战争,3,安徽省,relation_context,0,0,1
解放战争,4,上海市,asserted_event_spacetime,1,1,1
土地革命战争,2,安徽省,relation_context,0,0,2
全民族抗日战争,3,四川省,relation_context,0,0,1
社会主义革命和建设,5,云南省,relation_context,0,0,2
全民族抗日战争,3,湖北省,relation_context,0,0,1
解放战争,4,贵州省,asserted_event_spacetime,1,2,1
土地革命战争,2,贵州省,relation_context,0,0,2
建党与大革命,1,江西省,relation_context,0,0,7
全民族抗日战争,3,安徽省,relation_context,0,0,1
解放战争,4,湖北省,asserted_event_spacetime,1,1,2
土地革命战争,2,贵州省,relation_context,0,0,1
土地革命战争,2,云南省,relation_context,0,0,1
建党与大革命,1,上海市,relation_context,0,0,1
全民族抗日战争,3,贵州省,relation_context,0,0,1
建党与大革命,1,湖南省,relation_context,0,0,1
社会主义革命和建设,5,湖南省,relation_context,0,0,1
全民族抗日战争,3,安徽省,relation_context,0,0,1
解放战争,4,上海市,asserted_event_spacetime,1,1,1
社会主义革命和建设,5,贵州省,relation_context,0,0,2
解放战争,4,贵州省,relation_context,0,0,3
解放战争,4,贵州省,relation_context,0,0,1
全民族抗日战争,3,四川省,relation_context,0,0,1
全民族抗日战争,3,云南省,relation_context,0,0,1
全民族抗日战争,3,江苏省,relation_context,0,0,1
解放战争,4,贵州省,asserted_event_spacetime,1,1,0
建党与大革命,1,安徽省,relation_context,0,0,1
建党前传播与孕育,0,湖南省,asserted_event_spacetime,1,1,2
社会主义革命和建设,5,上海市,asserted_event_spacetime,1,1,1
全民族抗日战争,3,湖南省,relation_context,0,0,3
建党前传播与孕育,0,江西省,relation_context,0,0,1
社会主义革命和建设,5,湖北省,relation_context,0,0,1
解放战争,4,四川省,relation_context,0,0,1
全民族抗日战争,3,重庆市,relation_context,0,0,1
土地革命战争,2,湖南省,relation_context,0,0,1
土地革命战争,2,湖北省,relation_context,0,0,1
建党前传播与孕育,0,江西省,relation_context,0,0,1
土地革命战争,2,云南省,asserted_event_spacetime,1,1,1
土地革命战争,2,重庆市,relation_context,0,0,1
全民族抗日战争,3,江苏省,relation_context,0,0,1
土地革命战争,2,上海市,relation_context,0,0,1
建党与大革命,1,安徽省,relation_context,0,0,3
社会主义革命和建设,5,上海市,asserted_event_spacetime,1,2,1
社会主义革命和建设,5,湖北省,relation_context,0,0,1
土地革命战争,2,贵州省,relation_context,0,0,1
解放战争,4,贵州省,relation_context,0,0,1
建党与大革命,1,贵州省,relation_context,0,0,1
土地革命战争,2,重庆市,relation_context,0,0,1
土地革命战争,2,贵州省,relation_context,0,0,1
土地革命战争,2,贵州省,relation_context,0,0,1
解放战争,4,云南省,relation_context,0,0,1
解放战争,4,云南省,relation_context,0,0,1
社会主义革命和建设,5,上海市,asserted_event_spacetime,1,2,1
全民族抗日战争,3,上海市,relation_context,0,0,1
土地革命战争,2,安徽省,relation_context,0,0,22
建党前传播与孕育,0,湖北省,relation_context,0,0,1
解放战争,4,江苏省,relation_context,0,0,1
土地革命战争,2,江西省,relation_context,0,0,1
建党前传播与孕育,0,湖南省,relation_context,0,0,1
社会主义革命和建设,5,重庆市,relation_context,0,0,1
改革开放和社会主义现代化建设,6,重庆市,relation_context,0,0,1
全民族抗日战争,3,云南省,relation_context,0,0,1
解放战争,4,江苏省,relation_context,0,0,1
社会主义革命和建设,5,云南省,relation_context,0,0,4
解放战争,4,云南省,relation_context,0,0,3
全民族抗日战争,3,江苏省,relation_context,0,0,2
解放战争,4,贵州省,relation_context,0,0,1
建党与大革命,1,江西省,trusted_event_spacetime,2,2,5
土地革命战争,2,湖北省,relation_context,0,0,1
土地革命战争,2,江西省,asserted_event_spacetime,1,1,2
全民族抗日战争,3,安徽省,relation_context,0,0,1
土地革命战争,2,湖北省,relation_context,0,0,1
解放战争,4,四川省,relation_context,0,0,1
土地革命战争,2,湖南省,relation_context,0,0,1
社会主义革命和建设,5,上海市,asserted_event_spacetime,1,1,1
全民族抗日战争,3,贵州省,relation_context,0,0,3
社会主义革命和建设,5,四川省,relation_context,0,0,1
解放战争,4,云南省,relation_context,0,0,1
建党与大革命,1,湖南省,relation_context,0,0,1
全民族抗日战争,3,上海市,relation_context,0,0,1
建党与大革命,1,湖北省,relation_context,0,0,1
解放战争,4,云南省,relation_context,0,0,1
社会主义革命和建设,5,云南省,relation_context,0,0,1
解放战争,4,安徽省,relation_context,0,0,1
全民族抗日战争,3,云南省,relation_context,0,0,1
解放战争,4,四川省,relation_context,0,0,1
全民族抗日战争,3,安徽省,trusted_event_spacetime,2,6,0
土地革命战争,2,四川省,relation_context,0,0,3
土地革命战争,2,安徽省,relation_context,0,0,1
土地革命战争,2,贵州省,relation_context,0,0,1
土地革命战争,2,湖南省,relation_context,0,0,1
建党与大革命,1,江西省,relation_context,0,0,2
解放战争,4,云南省,relation_context,0,0,1
全民族抗日战争,3,安徽省,relation_context,0,0,1
解放战争,4,云南省,asserted_event_spacetime,1,1,1
社会主义革命和建设,5,四川省,relation_context,0,0,2
社会主义革命和建设,5,重庆市,relation_context,0,0,1
社会主义革命和建设,5,贵州省,asserted_event_spacetime,1,1,1
建党与大革命,1,湖北省,asserted_event_spacetime,3,1,2
土地革命战争,2,上海市,relation_context,0,0,1
建党与大革命,1,云南省,relation_context,0,0,1
解放战争,4,上海市,asserted_event_spacetime,1,1,0
土地革命战争,2,湖北省,asserted_event_spacetime,1,1,2
社会主义革命和建设,5,云南省,relation_context,0,0,2
全民族抗日战争,3,江苏省,relation_context,0,0,1
解放战争,4,湖北省,relation_context,0,0,1
建党前传播与孕育,0,湖北省,relation_context,0,0,1
全民族抗日战争,3,贵州省,relation_context,0,0,2
社会主义革命和建设,5,贵州省,trusted_event_spacetime,4,1,3
解放战争,4,贵州省,relation_context,0,0,2
土地革命战争,2,上海市,relation_context,0,0,2
土地革命战争,2,湖北省,relation_context,0,0,1
解放战争,4,贵州省,relation_context,0,0,1
社会主义革命和建设,5,江苏省,asserted_event_spacetime,1,1,1
土地革命战争,2,湖北省,relation_context,0,0,1
全民族抗日战争,3,上海市,relation_context,0,0,1
土地革命战争,2,重庆市,relation_context,0,0,1
社会主义革命和建设,5,云南省,relation_context,0,0,2
全民族抗日战争,3,江苏省,relation_context,0,0,1
土地革命战争,2,江苏省,relation_context,0,0,1
全民族抗日战争,3,四川省,relation_context,0,0,1
全民族抗日战争,3,四川省,relation_context,0,0,1
土地革命战争,2,云南省,relation_context,0,0,1
解放战争,4,贵州省,relation_context,0,0,1
建党与大革命,1,江西省,relation_context,0,0,1
土地革命战争,2,四川省,asserted_event_spacetime,1,2,0
解放战争,4,四川省,trusted_event_spacetime,2,3,5
土地革命战争,2,江西省,asserted_event_spacetime,1,1,1
土地革命战争,2,江西省,relation_context,0,0,1
土地革命战争,2,湖北省,relation_context,0,0,1
土地革命战争,2,安徽省,relation_context,0,0,1
解放战争,4,江苏省,relation_context,0,0,1
解放战争,4,贵州省,relation_context,0,0,2
社会主义革命和建设,5,江西省,relation_context,0,0,1
全民族抗日战争,3,江苏省,trusted_event_spacetime,2,1,2
解放战争,4,湖南省,relation_context,0,0,1
社会主义革命和建设,5,江西省,relation_context,0,0,1
土地革命战争,2,湖南省,relation_context,0,0,1
社会主义革命和建设,5,云南省,asserted_event_spacetime,1,1,2
土地革命战争,2,上海市,asserted_event_spacetime,1,1,1
全民族抗日战争,3,重庆市,relation_context,0,0,1
土地革命战争,2,四川省,relation_context,0,0,2
土地革命战争,2,贵州省,relation_context,0,0,1
解放战争,4,湖南省,relation_context,0,0,2
土地革命战争,2,四川省,relation_context,0,0,1
解放战争,4,云南省,relation_context,0,0,1
土地革命战争,2,安徽省,relation_context,0,0,1
社会主义革命和建设,5,上海市,asserted_event_spacetime,1,1,1
解放战争,4,云南省,relation_context,0,0,1
土地革命战争,2,上海市,relation_context,0,0,1
土地革命战争,2,四川省,relation_context,0,0,1
土地革命战争,2,云南省,asserted_event_spacetime,1,1,1
社会主义革命和建设,5,江西省,relation_context,0,0,1
全民族抗日战争,3,云南省,relation_context,0,0,2
解放战争,4,江苏省,trusted_event_spacetime,3,2,5
建党与大革命,1,湖北省,relation_context,0,0,1
土地革命战争,2,贵州省,relation_context,0,0,1
土地革命战争,2,江苏省,relation_context,0,0,1
解放战争,4,上海市,relation_context,0,0,1
建党与大革命,1,江西省,relation_context,0,0,1
土地革命战争,2,安徽省,relation_context,0,0,1
建党与大革命,1,湖南省,relation_context,0,0,1
土地革命战争,2,湖南省,trusted_event_spacetime,2,2,21
建党与大革命,1,江西省,relation_context,0,0,1
建党与大革命,1,湖南省,relation_context,0,0,1
社会主义革命和建设,5,上海市,asserted_event_spacetime,1,1,1
建党与大革命,1,湖南省,relation_context,0,0,1
土地革命战争,2,江苏省,relation_context,0,0,1
土地革命战争,2,湖北省,relation_context,0,0,1
解放战争,4,云南省,relation_context,0,0,1
解放战争,4,贵州省,relation_context,0,0,1
建党与大革命,1,四川省,relation_context,0,0,6
全民族抗日战争,3,湖北省,relation_context,0,0,1
解放战争,4,江苏省,relation_context,0,0,1
土地革命战争,2,四川省,relation_context,0,0,2
解放战争,4,江苏省,relation_context,0,0,2
解放战争,4,四川省,relation_context,0,0,2
建党与大革命,1,江苏省,relation_context,0,0,1
建党与大革命,1,上海市,relation_context,0,0,1
全民族抗日战争,3,江西省,relation_context,0,0,1
土地革命战争,2,贵州省,relation_context,0,0,1
解放战争,4,上海市,asserted_event_spacetime,1,1,1
全民族抗日战争,3,江苏省,asserted_event_spacetime,1,3,2
全民族抗日战争,3,江苏省,relation_context,0,0,1
土地革命战争,2,安徽省,relation_context,0,0,1
全民族抗日战争,3,云南省,relation_context,0,0,1
解放战争,4,四川省,relation_context,0,0,1
全民族抗日战争,3,江西省,relation_context,0,0,1
土地革命战争,2,上海市,relation_context,0,0,3
土地革命战争,2,四川省,relation_context,0,0,1
全民族抗日战争,3,安徽省,relation_context,0,0,1
社会主义革命和建设,5,贵州省,relation_context,0,0,1
解放战争,4,江苏省,relation_context,0,0,1
全民族抗日战争,3,江苏省,relation_context,0,0,1
土地革命战争,2,贵州省,relation_context,0,0,2
土地革命战争,2,上海市,relation_context,0,0,2
土地革命战争,2,四川省,relation_context,0,0,1
社会主义革命和建设,5,湖北省,asserted_event_spacetime,1,1,0
社会主义革命和建设,5,江苏省,relation_context,0,0,2
解放战争,4,江西省,relation_context,0,0,1
建党与大革命,1,湖北省,relation_context,0,0,1
全民族抗日战争,3,上海市,relation_context,0,0,1
解放战争,4,云南省,relation_context,0,0,1
社会主义革命和建设,5,四川省,relation_context,0,0,1
土地革命战争,2,安徽省,relation_context,0,0,1
解放战争,4,云南省,relation_context,0,0,1
土地革命战争,2,四川省,relation_context,0,0,1
建党与大革命,1,江西省,asserted_event_spacetime,1,4,1
全民族抗日战争,3,贵州省,relation_context,0,0,2
全民族抗日战争,3,江苏省,relation_context,0,0,3
土地革命战争,2,云南省,relation_context,0,0,1
全民族抗日战争,3,四川省,relation_context,0,0,1
建党与大革命,1,江西省,relation_context,0,0,2
土地革命战争,2,贵州省,relation_context,0,0,1
解放战争,4,贵州省,relation_context,0,0,1
土地革命战争,2,湖北省,relation_context,0,0,1
解放战争,4,四川省,asserted_event_spacetime,1,2,1
建党前传播与孕育,0,湖北省,relation_context,0,0,2
社会主义革命和建设,5,云南省,relation_context,0,0,1
解放战争,4,上海市,asserted_event_spacetime,1,1,1
解放战争,4,贵州省,relation_context,0,0,1
建党与大革命,1,四川省,relation_context,0,0,1
全民族抗日战争,3,上海市,relation_context,0,0,1
土地革命战争,2,江西省,relation_context,0,0,1
建党与大革命,1,江西省,asserted_event_spacetime,1,1,1
建党与大革命,1,安徽省,relation_context,0,0,2
全民族抗日战争,3,湖南省,relation_context,0,0,1
解放战争,4,贵州省,relation_context,0,0,1
建党与大革命,1,湖北省,relation_context,0,0,6
解放战争,4,四川省,relation_context,0,0,1
土地革命战争,2,江苏省,relation_context,0,0,2
解放战争,4,云南省,relation_context,0,0,1
解放战争,4,贵州省,relation_context,0,0,1
建党与大革命,1,江苏省,relation_context,0,0,1
全民族抗日战争,3,贵州省,relation_context,0,0,1
土地革命战争,2,江苏省,relation_context,0,0,1
建党与大革命,1,四川省,relation_context,0,0,1
解放战争,4,重庆市,relation_context,0,0,1
土地革命战争,2,湖北省,relation_context,0,0,2
社会主义革命和建设,5,云南省,relation_context,0,0,1
解放战争,4,贵州省,relation_context,0,0,1
建党与大革命,1,江苏省,relation_context,0,0,1
土地革命战争,2,湖北省,relation_context,0,0,1
全民族抗日战争,3,湖北省,relation_context,0,0,1
解放战争,4,湖北省,relation_context,0,0,1
土地革命战争,2,江西省,relation_context,0,0,1
土地革命战争,2,湖南省,relation_context,0,0,1
解放战争,4,安徽省,relation_context,0,0,1
土地革命战争,2,安徽省,relation_context,0,0,1
解放战争,4,湖南省,relation_context,0,0,2
土地革命战争,2,江西省,relation_context,0,0,1
解放战争,4,湖北省,relation_context,0,0,1
建党前传播与孕育,0,云南省,relation_context,0,0,1
解放战争,4,安徽省,relation_context,0,0,1
土地革命战争,2,贵州省,relation_context,0,0,1
全民族抗日战争,3,安徽省,relation_context,0,0,1
全民族抗日战争,3,江苏省,relation_context,0,0,1
社会主义革命和建设,5,四川省,relation_context,0,0,1
土地革命战争,2,安徽省,relation_context,0,0,6
全民族抗日战争,3,上海市,relation_context,0,0,1
土地革命战争,2,江西省,relation_context,0,0,2
社会主义革命和建设,5,上海市,asserted_event_spacetime,1,2,1
全民族抗日战争,3,湖南省,relation_context,0,0,1
土地革命战争,2,江西省,relation_context,0,0,1
土地革命战争,2,江西省,relation_context,0,0,1
解放战争,4,江苏省,relation_context,0,0,1
社会主义革命和建设,5,四川省,trusted_event_spacetime,4,1,2
土地革命战争,2,上海市,relation_context,0,0,1
建党与大革命,1,上海市,relation_context,0,0,1
土地革命战争,2,江西省,relation_context,0,0,2
土地革命战争,2,江苏省,relation_context,0,0,1
建党与大革命,1,湖北省,relation_context,0,0,1
改革开放和社会主义现代化建设,6,贵州省,asserted_event_spacetime,5,2,1
建党与大革命,1,四川省,relation_context,0,0,1
土地革命战争,2,湖北省,relation_context,0,0,2
土地革命战争,2,安徽省,relation_context,0,0,1
全民族抗日战争,3,云南省,relation_context,0,0,3
土地革命战争,2,四川省,asserted_event_spacetime,1,2,0
土地革命战争,2,安徽省,relation_context,0,0,1
建党与大革命,1,湖南省,relation_context,0,0,1
土地革命战争,2,湖北省,relation_context,0,0,1
土地革命战争,2,贵州省,relation_context,0,0,1
建党与大革命,1,湖北省,relation_context,0,0,1
土地革命战争,2,湖南省,relation_context,0,0,1
解放战争,4,湖北省,relation_context,0,0,1
全民族抗日战争,3,湖北省,relation_context,0,0,1
土地革命战争,2,安徽省,relation_context,0,0,1
全民族抗日战争,3,江苏省,relation_context,0,0,1
土地革命战争,2,贵州省,relation_context,0,0,1
解放战争,4,四川省,asserted_event_spacetime,1,1,0
建党与大革命,1,江苏省,relation_context,0,0,1
土地革命战争,2,贵州省,relation_context,0,0,1
社会主义革命和建设,5,四川省,relation_context,0,0,1
全民族抗日战争,3,安徽省,asserted_event_spacetime,1,1,1
解放战争,4,云南省,relation_context,0,0,3
解放战争,4,江西省,relation_context,0,0,1
全民族抗日战争,3,江苏省,relation_context,0,0,2
土地革命战争,2,安徽省,relation_context,0,0,1
解放战争,4,云南省,asserted_event_spacetime,1,1,0
解放战争,4,重庆市,relation_context,0,0,1
建党前传播与孕育,0,江西省,relation_context,0,0,1
土地革命战争,2,江西省,relation_context,0,0,1
建党前传播与孕育,0,四川省,relation_context,0,0,1
全民族抗日战争,3,安徽省,relation_context,0,0,1
解放战争,4,江西省,relation_context,0,0,1
社会主义革命和建设,5,上海市,asserted_event_spacetime,1,1,1
建党与大革命,1,湖南省,relation_context,0,0,2
土地革命战争,2,江西省,relation_context,0,0,1
土地革命战争,2,湖南省,relation_context,0,0,2
建党与大革命,1,江西省,relation_context,0,0,2
建党与大革命,1,贵州省,relation_context,0,0,1
土地革命战争,2,四川省,relation_context,0,0,1
土地革命战争,2,江西省,relation_context,0,0,1
土地革命战争,2,贵州省,relation_context,0,0,2
解放战争,4,贵州省,relation_context,0,0,1
土地革命战争,2,上海市,relation_context,0,0,2
全民族抗日战争,3,江苏省,relation_context,0,0,1
社会主义革命和建设,5,云南省,relation_context,0,0,1
土地革命战争,2,湖南省,relation_context,0,0,1
土地革命战争,2,四川省,relation_context,0,0,1
建党与大革命,1,湖南省,asserted_event_spacetime,1,1,1
建党与大革命,1,湖北省,relation_context,0,0,1
土地革命战争,2,江苏省,relation_context,0,0,1
建党与大革命,1,四川省,relation_context,0,0,1
社会主义革命和建设,5,贵州省,asserted_event_spacetime,7,2,1
全民族抗日战争,3,江苏省,relation_context,0,0,1
全民族抗日战争,3,安徽省,relation_context,0,0,1
解放战争,4,云南省,relation_context,0,0,1
土地革命战争,2,湖南省,relation_context,0,0,1
解放战争,4,云南省,relation_context,0,0,1
土地革命战争,2,江西省,relation_context,0,0,2
全民族抗日战争,3,湖南省,relation_context,0,0,1
建党前传播与孕育,0,湖北省,relation_context,0,0,12
解放战争,4,贵州省,relation_context,0,0,1
社会主义革命和建设,5,云南省,relation_context,0,0,1
社会主义革命和建设,5,贵州省,relation_context,0,0,1
土地革命战争,2,江西省,relation_context,0,0,1
解放战争,4,重庆市,relation_context,0,0,1
建党与大革命,1,湖北省,relation_context,0,0,6
全民族抗日战争,3,江苏省,relation_context,0,0,1
全民族抗日战争,3,湖北省,asserted_event_spacetime,1,1,2
解放战争,4,云南省,relation_context,0,0,1
土地革命战争,2,四川省,relation_context,0,0,1
解放战争,4,云南省,relation_context,0,0,1
解放战争,4,贵州省,relation_context,0,0,1
解放战争,4,江苏省,relation_context,0,0,1
社会主义革命和建设,5,湖北省,asserted_event_spacetime,1,1,1
全民族抗日战争,3,江苏省,asserted_event_spacetime,1,1,2
社会主义革命和建设,5,云南省,relation_context,0,0,1
土地革命战争,2,湖南省,relation_context,0,0,1
全民族抗日战争,3,江苏省,relation_context,0,0,1
全民族抗日战争,3,云南省,relation_context,0,0,2
全民族抗日战争,3,贵州省,relation_context,0,0,1
土地革命战争,2,安徽省,relation_context,0,0,1
全民族抗日战争,3,安徽省,relation_context,0,0,1
解放战争,4,湖北省,relation_context,0,0,1
土地革命战争,2,安徽省,relation_context,0,0,1
社会主义革命和建设,5,江苏省,relation_context,0,0,1
土地革命战争,2,安徽省,relation_context,0,0,3
土地革命战争,2,安徽省,relation_context,0,0,1
解放战争,4,四川省,relation_context,0,0,1
解放战争,4,安徽省,relation_context,0,0,1
土地革命战争,2,江苏省,relation_context,0,0,1
社会主义革命和建设,5,湖北省,relation_context,0,0,1
建党与大革命,1,湖南省,relation_context,0,0,1
土地革命战争,2,上海市,relation_context,0,0,1
解放战争,4,重庆市,relation_context,0,0,1
解放战争,4,云南省,relation_context,0,0,1
土地革命战争,2,贵州省,relation_context,0,0,1
全民族抗日战争,3,上海市,relation_context,0,0,3
土地革命战争,2,湖北省,relation_context,0,0,1
建党与大革命,1,湖南省,relation_context,0,0,1
建党与大革命,1,江西省,asserted_event_spacetime,1,1,1
土地革命战争,2,上海市,relation_context,0,0,1
全民族抗日战争,3,贵州省,relation_context,0,0,2
建党前传播与孕育,0,江西省,asserted_event_spacetime,1,2,1
社会主义革命和建设,5,四川省,relation_context,0,0,2
解放战争,4,重庆市,relation_context,0,0,1
全民族抗日战争,3,江苏省,relation_context,0,0,1
土地革命战争,2,上海市,relation_context,0,0,1
全民族抗日战争,3,贵州省,relation_context,0,0,2
建党与大革命,1,江西省,relation_context,0,0,1
建党前传播与孕育,0,上海市,relation_context,0,0,1
土地革命战争,2,四川省,relation_context,0,0,1
土地革命战争,2,云南省,relation_context,0,0,1
解放战争,4,江西省,relation_context,0,0,1
建党与大革命,1,湖北省,relation_context,0,0,1
社会主义革命和建设,5,江苏省,asserted_event_spacetime,1,1,1
全民族抗日战争,3,江苏省,relation_context,0,0,1
解放战争,4,云南省,asserted_event_spacetime,1,1,2
土地革命战争,2,江西省,relation_context,0,0,1
社会主义革命和建设,5,四川省,relation_context,0,0,1
建党与大革命,1,江西省,relation_context,0,0,1
建党与大革命,1,湖南省,relation_context,0,0,1
解放战争,4,贵州省,relation_context,0,0,1
土地革命战争,2,四川省,relation_context,0,0,1
土地革命战争,2,安徽省,relation_context,0,0,1
全民族抗日战争,3,湖南省,relation_context,0,0,5
土地革命战争,2,四川省,relation_context,0,0,7
土地革命战争,2,江苏省,relation_context,0,0,1
土地革命战争,2,云南省,asserted_event_spacetime,1,1,1
全民族抗日战争,3,云南省,relation_context,0,0,1
社会主义革命和建设,5,贵州省,relation_context,0,0,1
解放战争,4,江苏省,relation_context,0,0,1
土地革命战争,2,湖南省,relation_context,0,0,1
建党与大革命,1,湖北省,relation_context,0,0,1
解放战争,4,湖北省,relation_context,0,0,1
建党与大革命,1,安徽省,relation_context,0,0,5
建党与大革命,1,上海市,relation_context,0,0,1
土地革命战争,2,湖南省,relation_context,0,0,1
全民族抗日战争,3,云南省,relation_context,0,0,1
土地革命战争,2,上海市,relation_context,0,0,1
解放战争,4,上海市,relation_context,0,0,1
土地革命战争,2,安徽省,relation_context,0,0,3
建党与大革命,1,江西省,relation_context,0,0,1
解放战争,4,四川省,relation_context,0,0,1
社会主义革命和建设,5,云南省,relation_context,0,0,1
全民族抗日战争,3,江苏省,relation_context,0,0,1
社会主义革命和建设,5,江苏省,relation_context,0,0,1
全民族抗日战争,3,云南省,relation_context,0,0,1
全民族抗日战争,3,贵州省,relation_context,0,0,2
社会主义革命和建设,5,四川省,relation_context,0,0,1
解放战争,4,贵州省,relation_context,0,0,1
土地革命战争,2,上海市,relation_context,0,0,2
解放战争,4,江苏省,relation_context,0,0,6
土地革命战争,2,湖南省,relation_context,0,0,1
全民族抗日战争,3,湖北省,relation_context,0,0,1
土地革命战争,2,上海市,relation_context,0,0,1
社会主义革命和建设,5,四川省,relation_context,0,0,1
解放战争,4,四川省,relation_context,0,0,1
土地革命战争,2,江苏省,relation_context,0,0,1
解放战争,4,上海市,asserted_event_spacetime,1,1,0
解放战争,4,江西省,relation_context,0,0,1
土地革命战争,2,上海市,relation_context,0,0,1
土地革命战争,2,四川省,relation_context,0,0,2
土地革命战争,2,江西省,asserted_event_spacetime,1,1,2
解放战争,4,云南省,relation_context,0,0,1
解放战争,4,湖北省,relation_context,0,0,1
土地革命战争,2,江西省,relation_context,0,0,1
解放战争,4,湖北省,asserted_event_spacetime,3,4,0
解放战争,4,云南省,relation_context,0,0,1
土地革命战争,2,四川省,relation_context,0,0,1
建党前传播与孕育,0,重庆市,relation_context,0,0,5
建党与大革命,1,湖北省,asserted_event_spacetime,1,1,3
建党与大革命,1,江苏省,relation_context,0,0,1
土地革命战争,2,贵州省,relation_context,0,0,2
土地革命战争,2,四川省,relation_context,0,0,1
社会主义革命和建设,5,上海市,asserted_event_spacetime,1,1,0
全民族抗日战争,3,江苏省,relation_context,0,0,1
全民族抗日战争,3,江西省,relation_context,0,0,1
建党与大革命,1,云南省,relation_context,0,0,1
土地革命战争,2,四川省,relation_context,0,0,1
土地革命战争,2,江西省,relation_context,0,0,1
土地革命战争,2,上海市,relation_context,0,0,1
土地革命战争,2,湖北省,relation_context,0,0,1
建党与大革命,1,江苏省,relation_context,0,0,1
建党与大革命,1,湖北省,relation_context,0,0,2
解放战争,4,湖南省,relation_context,0,0,1
土地革命战争,2,湖北省,relation_context,0,0,1
解放战争,4,安徽省,relation_context,0,0,1
土地革命战争,2,江西省,relation_context,0,0,1
社会主义革命和建设,5,贵州省,relation_context,0,0,1
全民族抗日战争,3,江苏省,relation_context,0,0,1
土地革命战争,2,江苏省,relation_context,0,0,1
社会主义革命和建设,5,四川省,trusted_event_spacetime,42,7,4
解放战争,4,贵州省,relation_context,0,0,1
社会主义革命和建设,5,江西省,relation_context,0,0,1
全民族抗日战争,3,四川省,relation_context,0,0,1
解放战争,4,重庆市,relation_context,0,0,1
社会主义革命和建设,5,贵州省,relation_context,0,0,2
建党与大革命,1,安徽省,relation_context,0,0,1
土地革命战争,2,重庆市,relation_context,0,0,1
土地革命战争,2,江西省,relation_context,0,0,3
社会主义革命和建设,5,重庆市,relation_context,0,0,1
建党前传播与孕育,0,湖南省,relation_context,0,0,1
土地革命战争,2,湖北省,relation_context,0,0,1
解放战争,4,云南省,relation_context,0,0,1
解放战争,4,重庆市,relation_context,0,0,1
解放战争,4,安徽省,relation_context,0,0,1
解放战争,4,云南省,relation_context,0,0,1
解放战争,4,云南省,relation_context,0,0,1
全民族抗日战争,3,四川省,relation_context,0,0,1
土地革命战争,2,上海市,relation_context,0,0,1
土地革命战争,2,四川省,relation_context,0,0,1
土地革命战争,2,江西省,relation_context,0,0,1
解放战争,4,云南省,relation_context,0,0,4
土地革命战争,2,四川省,relation_context,0,0,2
解放战争,4,江苏省,relation_context,0,0,1
土地革命战争,2,湖北省,relation_context,0,0,1
土地革命战争,2,贵州省,relation_context,0,0,3
解放战争,4,湖北省,relation_context,0,0,1
土地革命战争,2,江西省,relation_context,0,0,1
全民族抗日战争,3,江苏省,relation_context,0,0,1
解放战争,4,安徽省,asserted_event_spacetime,1,1,2
土地革命战争,2,湖北省,relation_context,0,0,1
土地革命战争,2,贵州省,relation_context,0,0,1
全民族抗日战争,3,重庆市,relation_context,0,0,1
解放战争,4,江苏省,relation_context,0,0,1
社会主义革命和建设,5,四川省,asserted_event_spacetime,1,1,1
解放战争,4,湖北省,asserted_event_spacetime,1,1,2
土地革命战争,2,湖北省,relation_context,0,0,1
全民族抗日战争,3,安徽省,relation_context,0,0,1
土地革命战争,2,江西省,relation_context,0,0,4
土地革命战争,2,江西省,relation_context,0,0,1
解放战争,4,云南省,asserted_event_spacetime,18,1,0
建党与大革命,1,江苏省,relation_context,0,0,1
土地革命战争,2,云南省,relation_context,0,0,1
土地革命战争,2,四川省,relation_context,0,0,1
社会主义革命和建设,5,云南省,relation_context,0,0,1
土地革命战争,2,四川省,relation_context,0,0,2
全民族抗日战争,3,云南省,relation_context,0,0,1
土地革命战争,2,江西省,relation_context,0,0,3
解放战争,4,云南省,relation_context,0,0,1
土地革命战争,2,江西省,relation_context,0,0,1
社会主义革命和建设,5,湖北省,asserted_event_spacetime,1,1,0
全民族抗日战争,3,江西省,relation_context,0,0,1
解放战争,4,江苏省,relation_context,0,0,1
土地革命战争,2,湖南省,relation_context,0,0,1
社会主义革命和建设,5,贵州省,relation_context,0,0,1
土地革命战争,2,湖南省,relation_context,0,0,1
社会主义革命和建设,5,贵州省,asserted_event_spacetime,2,17,0
建党前传播与孕育,0,四川省,relation_context,0,0,2
全民族抗日战争,3,重庆市,relation_context,0,0,1
解放战争,4,四川省,relation_context,0,0,3
建党与大革命,1,湖南省,relation_context,0,0,2
解放战争,4,江西省,relation_context,0,0,3
解放战争,4,江西省,relation_context,0,0,1
土地革命战争,2,江西省,relation_context,0,0,1
社会主义革命和建设,5,四川省,relation_context,0,0,2
建党与大革命,1,湖南省,relation_context,0,0,1
全民族抗日战争,3,江西省,relation_context,0,0,2
全民族抗日战争,3,江苏省,trusted_event_spacetime,2,7,4
建党与大革命,1,江西省,relation_context,0,0,1
解放战争,4,云南省,relation_context,0,0,1
解放战争,4,江苏省,relation_context,0,0,1
土地革命战争,2,江苏省,relation_context,0,0,2
解放战争,4,江西省,relation_context,0,0,1
社会主义革命和建设,5,湖北省,relation_context,0,0,1
土地革命战争,2,湖北省,relation_context,0,0,2
土地革命战争,2,四川省,relation_context,0,0,2
社会主义革命和建设,5,贵州省,relation_context,0,0,2
土地革命战争,2,湖南省,relation_context,0,0,1
全民族抗日战争,3,江苏省,asserted_event_spacetime,1,1,1
全民族抗日战争,3,四川省,relation_context,0,0,2
解放战争,4,四川省,asserted_event_spacetime,1,1,1
建党与大革命,1,江苏省,relation_context,0,0,1
土地革命战争,2,上海市,relation_context,0,0,1
全民族抗日战争,3,江苏省,relation_context,0,0,1
解放战争,4,安徽省,asserted_event_spacetime,1,1,0
解放战争,4,重庆市,relation_context,0,0,1
全民族抗日战争,3,湖北省,relation_context,0,0,4
解放战争,4,上海市,asserted_event_spacetime,1,1,1
建党与大革命,1,安徽省,relation_context,0,0,1
建党与大革命,1,上海市,relation_context,0,0,2
解放战争,4,湖北省,relation_context,0,0,1
土地革命战争,2,安徽省,relation_context,0,0,1
全民族抗日战争,3,贵州省,relation_context,0,0,1
全民族抗日战争,3,安徽省,relation_context,0,0,2
土地革命战争,2,云南省,relation_context,0,0,1
土地革命战争,2,江苏省,relation_context,0,0,1
全民族抗日战争,3,重庆市,relation_context,0,0,3
解放战争,4,湖北省,relation_context,0,0,1
全民族抗日战争,3,江苏省,relation_context,0,0,1
全民族抗日战争,3,云南省,asserted_event_spacetime,1,3,0
土地革命战争,2,江西省,relation_context,0,0,2
土地革命战争,2,江西省,relation_context,0,0,2
全民族抗日战争,3,江苏省,relation_context,0,0,1
社会主义革命和建设,5,江西省,relation_context,0,0,3
全民族抗日战争,3,云南省,relation_context,0,0,1
全民族抗日战争,3,四川省,relation_context,0,0,1
建党与大革命,1,江西省,relation_context,0,0,1
社会主义革命和建设,5,贵州省,relation_context,0,0,1
土地革命战争,2,江苏省,relation_context,0,0,1
土地革命战争,2,江西省,relation_context,0,0,1
解放战争,4,上海市,relation_context,0,0,1
土地革命战争,2,湖南省,relation_context,0,0,2
土地革命战争,2,湖南省,relation_context,0,0,1
土地革命战争,2,四川省,relation_context,0,0,1
全民族抗日战争,3,安徽省,relation_context,0,0,1
土地革命战争,2,湖北省,relation_context,0,0,1
土地革命战争,2,四川省,relation_context,0,0,1
土地革命战争,2,湖北省,relation_context,0,0,1
土地革命战争,2,湖南省,relation_context,0,0,1
土地革命战争,2,云南省,relation_context,0,0,1
土地革命战争,2,上海市,relation_context,0,0,1
土地革命战争,2,湖南省,relation_context,0,0,1
建党与大革命,1,湖南省,relation_context,0,0,1
土地革命战争,2,湖北省,relation_context,0,0,1
全民族抗日战争,3,江苏省,relation_context,0,0,2
社会主义革命和建设,5,重庆市,relation_context,0,0,1
解放战争,4,贵州省,relation_context,0,0,1
全民族抗日战争,3,湖南省,asserted_event_spacetime,1,1,2
土地革命战争,2,江西省,relation_context,0,0,1
解放战争,4,云南省,relation_context,0,0,2
土地革命战争,2,云南省,relation_context,0,0,1
土地革命战争,2,四川省,relation_context,0,0,1
土地革命战争,2,江西省,relation_context,0,0,1
解放战争,4,江西省,asserted_event_spacetime,1,1,1
解放战争,4,上海市,asserted_event_spacetime,1,1,1
解放战争,4,云南省,relation_context,0,0,1
土地革命战争,2,安徽省,relation_context,0,0,1
解放战争,4,重庆市,relation_context,0,0,1
社会主义革命和建设,5,贵州省,relation_context,0,0,1
土地革命战争,2,重庆市,asserted_event_spacetime,1,1,0
全民族抗日战争,3,湖南省,relation_context,0,0,1
解放战争,4,重庆市,relation_context,0,0,1
全民族抗日战争,3,安徽省,relation_context,0,0,1
土地革命战争,2,江苏省,relation_context,0,0,2
全民族抗日战争,3,贵州省,relation_context,0,0,1
建党与大革命,1,湖南省,relation_context,0,0,1
全民族抗日战争,3,江苏省,relation_context,0,0,1
建党与大革命,1,湖南省,relation_context,0,0,1
土地革命战争,2,安徽省,relation_context,0,0,1
建党与大革命,1,上海市,relation_context,0,0,1
解放战争,4,贵州省,asserted_event_spacetime,1,1,1
解放战争,4,云南省,relation_context,0,0,2
土地革命战争,2,四川省,relation_context,0,0,1
土地革命战争,2,江西省,relation_context,0,0,1
全民族抗日战争,3,湖南省,relation_context,0,0,1
社会主义革命和建设,5,贵州省,relation_context,0,0,1
全民族抗日战争,3,四川省,asserted_event_spacetime,4,2,0
解放战争,4,湖北省,asserted_event_spacetime,1,1,1
土地革命战争,2,贵州省,relation_context,0,0,1
解放战争,4,江苏省,relation_context,0,0,1
建党与大革命,1,湖北省,relation_context,0,0,1
土地革命战争,2,湖南省,relation_context,0,0,1
全民族抗日战争,3,云南省,relation_context,0,0,1
土地革命战争,2,云南省,relation_context,0,0,1
土地革命战争,2,江苏省,relation_context,0,0,1
解放战争,4,贵州省,relation_context,0,0,1
全民族抗日战争,3,安徽省,relation_context,0,0,1
全民族抗日战争,3,安徽省,relation_context,0,0,1
土地革命战争,2,重庆市,relation_context,0,0,2
建党与大革命,1,湖北省,relation_context,0,0,1
建党与大革命,1,江西省,relation_context,0,0,1
土地革命战争,2,江苏省,relation_context,0,0,1
土地革命战争,2,上海市,relation_context,0,0,2
解放战争,4,贵州省,relation_context,0,0,1
全民族抗日战争,3,江苏省,relation_context,0,0,1
全民族抗日战争,3,湖北省,relation_context,0,0,2
土地革命战争,2,江西省,relation_context,0,0,1
解放战争,4,上海市,asserted_event_spacetime,1,1,1
土地革命战争,2,安徽省,relation_context,0,0,1
