事件名,严格断言数,全部断言数,受控角色数,省域数,观测起,观测止,状态
遵义,0,1,0,0,,,context_only
津浦路东会合,0,3,0,0,,,context_only
游击战术,0,13,3,0,,,strict_backbone
群众缴地主武装,0,3,1,1,,,strict_backbone
南盘江南岸转移,1,2,2,0,,,strict_backbone
迎接解放斗争,0,19,8,2,1949-01-01,1949-12-31,strict_backbone
三十九团侦察排,0,1,1,0,,,strict_backbone
唐家溪游击大队,1,6,5,0,,,strict_backbone
建立群众抗日组织,0,1,1,0,,,strict_backbone
白马尖突围战斗,0,5,3,2,,,strict_backbone
川大反击特务造谣陷害进步教授事件,1,2,2,0,,,strict_backbone
皖中解放区,0,3,0,1,,,context_only
六合红娘店战斗,0,1,0,0,,,context_only
云南人民革命武装,0,2,2,0,,,strict_backbone
湘赣根据地反‘围剿’战斗,0,2,2,0,,,strict_backbone
反动派招抚与镇压,0,4,1,0,,,strict_backbone
顶洞民兵,0,6,0,0,,,context_only
与党部斗争与被捕受审,0,2,0,0,,,context_only
安城桥战役,0,2,0,0,,,context_only
石牌战斗,0,6,0,0,,,context_only
二野进军大西南,0,3,0,0,,,context_only
一二·九抗日救亡运动,0,3,0,0,,,context_only
达维会师,0,5,3,0,,,strict_backbone
打土匪,0,2,0,0,,,context_only
从江县公安总队,0,6,1,0,,,strict_backbone
解放大西北斗争,0,2,2,0,,,strict_backbone
旧职员训练班,0,6,4,0,,,strict_backbone
经济斗争策略,0,3,0,0,,,context_only
战略退却与阵地收紧,0,3,0,0,,,context_only
贺电,0,12,0,0,,,context_only
瓢儿井战斗,3,12,11,0,,,strict_backbone
宣传组织与教唱革命歌曲,1,3,1,0,,,strict_backbone
合川暴动失败,0,2,0,0,,,context_only
抗日烽火,2,6,2,0,,,strict_backbone
暴动中党的集体领导与纪律要求,0,3,0,0,,,context_only
三查三整,0,2,1,0,,,strict_backbone
平田战斗,0,1,0,0,,,context_only
开辟游击基地、反“清乡”反“蚕食”,0,5,1,0,,,strict_backbone
剿匪突围战,0,2,2,0,,,strict_backbone
宜威解放前夕学生运动,0,5,2,1,,,strict_backbone
县大队战斗连队,0,3,0,0,,,context_only
通海口战斗,0,2,2,0,,,strict_backbone
收取排税,0,3,1,1,,,strict_backbone
禄罗游击大队,0,9,0,1,,,context_only
昭通战役,0,6,5,0,,,strict_backbone
常州各界人民代表会议,0,5,2,0,,,strict_backbone
革命工作,0,20,4,0,,,strict_backbone
川黔湘鄂民众自卫军,0,1,0,0,,,context_only
青年工作与建团,0,1,1,0,,,strict_backbone
淮阴县县委成立,0,2,2,0,,,strict_backbone
捧乍暴动,0,2,1,0,,,strict_backbone
我谈判代表,0,2,0,0,,,context_only
参军参战参政运动,1,1,1,0,,,strict_backbone
茶陵进逼行动,1,5,5,3,,,strict_backbone
赣南武装斗争,0,5,2,0,,,strict_backbone
苏北战役,0,2,2,0,,,strict_backbone
包座战役回忆,0,1,0,0,,,context_only
仁风乡起义,0,1,1,0,,,strict_backbone
迪传会,0,4,1,0,,,strict_backbone
泰和农民反征兵、征劳役、征税斗争,0,1,0,0,,,context_only
刘老庄连,2,4,4,0,,,strict_backbone
烈士追悼会,0,1,1,0,,,strict_backbone
红四方面军组建,0,2,2,0,,,strict_backbone
美国旧金山会议,0,2,2,0,,,strict_backbone
红军医院转移行动,0,3,0,0,,,context_only
集体自首,0,3,0,0,,,context_only
黎平解放,0,3,0,0,,,context_only
北撤与留守,1,5,3,0,,,strict_backbone
霍山城攻克,0,2,2,0,,,strict_backbone
潼、蓬联防队反革命武装应变会议,0,1,0,0,,,context_only
邻水县警察中队,0,3,0,0,,,context_only
安源矿工暴动,4,7,4,1,,,strict_backbone
反恶霸斗争,0,1,0,0,,,context_only
滇南解放行动,0,4,0,0,,,context_only
大庸战役,0,2,1,0,,,strict_backbone
江宁县常备队,0,3,0,0,,,context_only
第三次上饶县工人代表大会,0,1,0,0,,,context_only
《赣南人民反国民党斗争》,0,1,0,0,,,context_only
许克祥叛变,0,8,3,0,,,strict_backbone
草船借箭之计,0,2,0,0,,,context_only
保安大队起义,0,3,1,0,,,strict_backbone
马列主义传播,0,18,2,0,,,strict_backbone
泸西风午村战斗,0,1,0,0,,,context_only
找党行动,0,2,2,0,,,strict_backbone
襄西大革命失败与锄奸斗争,0,2,0,0,,,context_only
酃县进攻行动,0,3,3,0,,,strict_backbone
抗日义勇军组建,0,1,0,0,,,context_only
锄奸保安政策,0,6,2,1,,,strict_backbone
川滇黔宣传计划,0,3,0,0,,,context_only
罗南起义,2,2,2,0,,,strict_backbone
弋阳程家桥起义,1,2,2,0,,,strict_backbone
湘鄂西中央分局第四次党代会,0,2,2,0,,,strict_backbone
句容城战役,0,2,2,0,,,strict_backbone
南京追悼会,0,3,0,0,,,context_only
民主建政/秋征减免,0,0,0,0,,,isolated
贺国光部,0,2,0,0,,,context_only
反霸斗争试点,0,2,1,0,,,strict_backbone
伏击战部署,0,4,4,0,,,strict_backbone
睢宁城解放,0,3,1,0,,,strict_backbone
五·二〇周会晚会,0,3,0,0,,,context_only
西亭战斗,0,3,1,0,,,strict_backbone
湘赣工作座谈会,0,3,1,2,,,strict_backbone
中共六大筹备会议,0,3,0,0,,,context_only
灌县人民政府成立,0,8,0,0,,,context_only
白马头大队,0,2,0,0,,,context_only
五反斗争指示,0,1,0,0,,,context_only
收税锄奸,0,1,1,0,,,strict_backbone
弥勒西山武装起义,0,2,2,0,,,strict_backbone
南京海军驻南京支社,0,3,0,0,,,context_only
长江水系考察,0,2,2,0,,,strict_backbone
罗山农民起义,0,7,3,0,,,strict_backbone
四、六暴乱事件,0,3,0,0,,,context_only
饿教斗争,0,2,2,1,1948-01-01,1948-12-31,strict_backbone
土改经验总结/团结中农中立富农,0,1,1,0,,,strict_backbone
渡江突击,0,3,0,0,,,context_only
八一起义,1,31,13,0,,,strict_backbone
抗日文艺宣传活动,0,3,0,0,,,context_only
学运,1,8,2,0,,,strict_backbone
红二十五军经理处,0,3,0,0,,,context_only
华野六纵,0,7,3,0,,,strict_backbone
召开会议,0,2,0,0,,,context_only
支援粮草/免费治病/送别,0,4,1,0,,,strict_backbone
起义内幕,0,1,1,0,,,strict_backbone
蒙自-昆明审讯事件,0,5,3,1,,,strict_backbone
小箐暴动,0,1,0,0,,,context_only
綦江县团干校,0,5,0,0,,,context_only
大方解放,0,3,1,0,,,strict_backbone
长海解放,1,6,1,0,,,strict_backbone
半塔保卫战,3,8,5,0,,,strict_backbone
击退土匪,0,2,2,0,,,strict_backbone
青抗会,0,27,0,0,,,context_only
借枪,2,2,2,0,,,strict_backbone
反动派统治,0,3,0,0,,,context_only
扎西会师,0,3,0,0,,,context_only
西乐坪战役,1,4,4,0,,,strict_backbone
八寨农民暴动,0,6,2,0,,,strict_backbone
昆保保卫战,0,3,1,1,,,strict_backbone
战略转移/政治动员,0,2,0,0,,,context_only
土地改革法,1,23,3,0,,,strict_backbone
秘密建党与征求红军运动,0,3,0,0,,,context_only
民主青年联合会筹备会,0,1,0,0,,,context_only
中心县委成立,0,8,0,0,,,context_only
赴东北解放区,0,1,0,0,,,context_only
泰兴战役,0,3,0,0,,,context_only
农暴,1,49,34,0,,,strict_backbone
反美抗暴示威游行,0,2,2,0,,,strict_backbone
武汉新闻界斗争,0,5,2,1,,,strict_backbone
加强统一集中领导,0,3,0,0,,,context_only
加强镇反工作侦破暴乱案,0,1,0,0,,,context_only
智取宜章,2,13,5,1,,,strict_backbone
诉苦教育,0,20,4,1,,,strict_backbone
《伏牛文艺社》,0,2,2,0,,,strict_backbone
通甸暴动,2,16,12,0,1940-01-01,1940-12-31,strict_backbone
农民主动反抗,1,6,1,1,,,strict_backbone
没收稻谷衣物分给贫农,0,3,0,0,,,context_only
修械厂,0,3,0,0,,,context_only
1950年端阳节战斗,0,3,1,1,,,strict_backbone
起义排兵,0,1,1,0,,,strict_backbone
七一五反革命政变,0,10,0,0,,,context_only
斜桥伏击战(全歼),1,4,2,0,,,strict_backbone
解放活动,0,3,1,0,,,strict_backbone
淮城解放,0,12,6,1,1945-01-01,1945-12-31,strict_backbone
苏中解放区,2,22,2,1,,,strict_backbone
四·一七反蒋公开斗争,0,2,2,0,,,strict_backbone
借积谷斗争,0,1,1,0,,,strict_backbone
南皋地区剿匪,0,6,0,1,,,context_only
订租任务/财政工作,0,2,0,0,,,context_only
武器藏匿事件,0,5,2,1,,,strict_backbone
中江和平解放,0,2,2,0,,,strict_backbone
红军伤员转移事件,0,3,3,0,,,strict_backbone
民主政治,0,6,2,0,,,strict_backbone
弥泸地区战斗,0,3,0,1,,,context_only
写标语宣传,0,3,1,1,,,strict_backbone
粮食支援,0,2,0,0,,,context_only
解放战争后期,2,2,2,0,,,strict_backbone
土地改革复查,0,4,4,1,1952-01-01,1952-12-31,strict_backbone
征借粮工作,0,3,3,0,,,strict_backbone
度里坝战斗,0,2,2,0,,,strict_backbone
六中队学生集训,0,5,1,0,,,strict_backbone
禁毒工作部署与逮捕,0,3,1,0,,,strict_backbone
宜良城战役,0,3,1,1,,,strict_backbone
新干事件,0,8,3,0,,,strict_backbone
人民自卫总队,0,2,1,0,,,strict_backbone
川鄂边游击队活动,0,3,1,0,,,strict_backbone
楠木桥战斗,0,2,2,0,,,strict_backbone
四师政治部学习活动,0,3,0,0,,,context_only
张庄战斗,0,1,0,0,,,context_only
佃农与庄田制度,0,1,0,0,,,context_only
呼声社成立,0,1,0,0,,,context_only
苏维埃工作人员训练班,0,3,2,0,,,strict_backbone
郭豫皖斗争,0,4,4,2,,,strict_backbone
镇江-句容-金坛公路破坏战,0,2,2,0,,,strict_backbone
灌云警卫团,0,5,0,0,,,context_only
战略防御问题,0,3,0,0,,,context_only
抗大九分校过江行动,0,3,0,0,,,context_only
水龙山激战,0,2,2,0,,,strict_backbone
监狱暴动,0,2,2,0,,,strict_backbone
反三征,0,20,1,0,,,strict_backbone
五·四纪念活动周,0,2,0,0,,,context_only
谭家桥一战,1,1,1,0,,,strict_backbone
溧阳绿家庄会议,0,3,0,0,,,context_only
上海租界五卅惨案,0,1,0,0,,,context_only
游击队发动,0,2,1,0,,,strict_backbone
便衣队取子弹,0,3,3,0,,,strict_backbone
杨集/烟墩武装起义,0,2,0,0,,,context_only
缴械安置,0,3,1,0,,,strict_backbone
红三军攻打荆门,2,2,2,0,,,strict_backbone
湘鄂西第四次党代会,0,3,1,0,,,strict_backbone
国民党大逮捕,0,3,1,0,,,strict_backbone
清匪反霸土改,0,3,1,0,,,strict_backbone
江陵苏皖陀寺暴动,1,2,2,0,,,strict_backbone
牛街大队,0,1,0,0,,,context_only
搜集敌伪资料与情报,0,2,0,0,,,context_only
舟山战役部署,0,3,1,0,,,strict_backbone
小河口会议,0,27,7,0,,,strict_backbone
抗敌宣传团,0,6,1,0,,,strict_backbone
灌云游击大队,0,3,0,0,,,context_only
弋横农民起义,2,7,5,0,,,strict_backbone
宪政座谈会,0,15,9,1,,,strict_backbone
邮路恢复与军情通报,0,5,0,0,,,context_only
冀东抗日大起义,1,2,2,0,,,strict_backbone
苏南地区解放行动,0,4,1,1,,,strict_backbone
宿县民主运动,0,4,4,0,,,strict_backbone
坚持苏中敌后战斗,0,3,0,0,,,context_only
历史遗留问题落实,0,1,0,0,,,context_only
八达中队,0,5,1,1,,,strict_backbone
淮北农民武装暴动,0,5,3,0,,,strict_backbone
进军大西南与征粮,0,2,2,0,,,strict_backbone
三届农代大会,0,3,1,1,,,strict_backbone
预备武器与争斗注意事项,0,3,1,0,,,strict_backbone
农贷清理工作,0,3,1,0,,,strict_backbone
滇南农村工作,0,4,0,0,,,context_only
支前庆功大会,0,6,1,0,,,strict_backbone
镇压读书会,0,2,0,0,,,context_only
列宁号飞机事件,0,3,0,0,,,context_only
疫病流行,0,3,0,0,,,context_only
干部理论教育,1,5,2,0,,,strict_backbone
梅山口、五贵桥等战斗地点,0,1,0,0,,,context_only
《向导》周刊,0,2,0,0,,,context_only
攻打黔江城,0,3,1,0,,,strict_backbone
俘虏山战斗,0,5,3,1,,,strict_backbone
红一方面军成立,0,5,2,1,,,strict_backbone
武装根据地建立,0,3,2,0,,,strict_backbone
东乡农支,0,3,0,0,,,context_only
南下大军与地方工作干部会师,0,2,2,0,,,strict_backbone
买湾战斗喊话与缴械,0,3,0,0,,,context_only
调查农民土地问题,1,2,2,0,,,strict_backbone
军政干部识字班,0,3,0,1,,,context_only
随将岭伏击战,0,2,0,0,,,context_only
政治整训,0,3,0,0,,,context_only
宣传标准制定与假期工作,0,3,0,0,,,context_only
智擒严凤刚,0,11,3,0,,,strict_backbone
徐州铁路抢修运动,0,5,2,0,1948-11-01,1948-11-30,strict_backbone
马占寺战斗,0,9,7,0,,,strict_backbone
强渡开阳县洛旺河渡口,1,3,1,0,,,strict_backbone
鄂东高山铺战斗,0,2,2,0,,,strict_backbone
葛源之战,1,3,1,1,,,strict_backbone
将山战役,0,2,2,0,,,strict_backbone
惠水反击大队,0,3,2,0,,,strict_backbone
文艺座谈,0,1,1,0,,,strict_backbone
识字教育,0,3,0,0,,,context_only
反对王明错误领导,0,3,0,0,,,context_only
重庆参政会,0,2,2,0,,,strict_backbone
独树镇战斗,0,8,2,0,,,strict_backbone
减租运动,3,67,30,2,1940-01-01,1940-12-31,strict_backbone
李堡、栟茶战役,0,0,0,0,,,isolated
宣威县起义,0,2,2,0,,,strict_backbone
护送宋至平,0,3,2,0,,,strict_backbone
六甲海伏击战,0,2,2,0,,,strict_backbone
边防队,0,3,0,0,,,context_only
修建碉堡,0,1,0,0,,,context_only
四·二一学生运动,1,63,21,2,1944-01-01,1944-12-31,strict_backbone
北京学生运动,0,1,0,0,,,context_only
渔亭乡公所袭击事件,0,2,0,0,,,context_only
反帝大同盟集会,0,2,2,0,,,strict_backbone
桐城起义,0,1,0,0,,,context_only
识破特务,0,2,1,0,,,strict_backbone
边胞训练班/培养少数民族干部,0,1,0,0,,,context_only
白军,0,5,0,0,,,context_only
皖南特委破坏事件,0,4,4,0,,,strict_backbone
中央二月来信,0,3,1,0,,,strict_backbone
攻打高视镇战斗,0,3,3,0,,,strict_backbone
氢弹物理方案,1,3,1,0,,,strict_backbone
第九十九旅被歼,0,3,1,0,,,strict_backbone
罢更斗争,0,3,2,0,,,strict_backbone
清剿加巴残匪,0,1,0,0,,,context_only
皖东北抗日游击战争,0,2,0,0,,,context_only
抗日游击队成立,0,3,0,0,,,context_only
贵州解放,1,9,7,0,,,strict_backbone
反对国民党甄别考试斗争,0,2,2,0,,,strict_backbone
福贡起义,2,14,8,1,,,strict_backbone
江北解放区,0,1,0,0,,,context_only
江西解放与军管工作,0,2,2,0,,,strict_backbone
华南大学启封事件,0,2,0,0,,,context_only
解放海岛清剿,0,3,0,0,,,context_only
反帝国主义斗争,0,3,3,0,,,strict_backbone
拥红会,1,8,2,0,,,strict_backbone
泰州战斗,0,7,7,0,,,strict_backbone
二野五兵团渡江行动,0,2,2,0,,,strict_backbone
石屋坑农民团,0,3,2,0,,,strict_backbone
唯物辩证法学习,0,1,1,0,,,strict_backbone
小凉山彝族武装斗争,0,2,2,1,,,strict_backbone
驱黄周宇学生运动,1,2,2,0,,,strict_backbone
暴动烈士,0,1,0,0,,,context_only
播乐起义,0,8,6,1,1940-01-01,1940-12-31,strict_backbone
战斗善后,0,2,1,0,,,strict_backbone
陈潜起义,0,2,2,0,,,strict_backbone
打土豪与分粮,0,5,2,0,,,strict_backbone
总结工作指示,0,3,1,0,,,strict_backbone
游击战争发动,0,2,2,0,,,strict_backbone
合法斗争,0,1,1,0,,,strict_backbone
江津土兵起义,0,9,2,0,,,strict_backbone
护厂保产/炸桥与解放,0,1,1,0,,,strict_backbone
余姚盐民协会成立大会,0,2,0,0,,,context_only
湘鄂赣川农民运动,0,3,3,0,,,strict_backbone
淮海战役支前,0,11,5,0,,,strict_backbone
英勇跳崖牺牲,0,3,0,0,,,context_only
军政干部会议,0,1,1,0,,,strict_backbone
反国民党理论斗争,0,1,0,0,,,context_only
地方团第二次代表大会,1,6,4,0,,,strict_backbone
共军过境剑河残破,0,4,0,0,,,context_only
人民解放社,0,3,0,0,,,context_only
钟山乡武装斗争,0,3,1,0,,,strict_backbone
生产军用面粉,0,3,0,0,,,context_only
抗日读书会,0,2,1,0,,,strict_backbone
捐献黔南号战斗机,0,1,0,0,,,context_only
罗平反蒋武装斗争,0,4,1,0,,,strict_backbone
石头城前抗日斗争,0,3,1,0,,,strict_backbone
冲击政府援救冯大湘事件,0,1,0,0,,,context_only
房县根据地保卫战,0,2,2,0,,,strict_backbone
毕节地区学员实践史料征编座谈会,0,6,2,0,,,strict_backbone
基干武装,0,1,0,0,,,context_only
宜章暴动计划,1,2,2,0,,,strict_backbone
红四军挺进赣南,0,2,2,0,,,strict_backbone
组建护乡团,0,3,2,0,,,strict_backbone
万县惨案雪耻会,1,2,2,0,,,strict_backbone
会剿命令,0,8,2,0,,,strict_backbone
横山武工队活动,0,4,1,0,,,strict_backbone
铜蒙山战斗,1,9,2,1,,,strict_backbone
黎榕从合围总结,0,2,0,0,,,context_only
夜袭乡公所,0,2,2,0,,,strict_backbone
成都学生爱国民主运动,0,6,0,1,,,context_only
解放江南,1,3,3,0,,,strict_backbone
云南卢汉起义,1,2,1,0,,,strict_backbone
打法官斗争,0,6,1,1,,,strict_backbone
崇义暴动大队,0,1,0,0,,,context_only
第一次反“围剿”龙冈战役,0,3,0,0,,,context_only
扶助正当工商业,0,2,1,0,,,strict_backbone
石屏解放与接管旧政权,0,3,1,0,,,strict_backbone
减租退押说理大会,0,1,0,0,,,context_only
收缴武装行动,0,3,1,0,,,strict_backbone
清剿土匪运动,0,3,0,0,,,context_only
秘密公路宣传工作,0,2,2,0,,,strict_backbone
红军与白军战斗,0,3,0,0,,,context_only
刘邓大军南下鄂东,0,2,2,0,,,strict_backbone
五龙暴动,0,5,1,0,,,strict_backbone
匪徒袭击与暴乱,0,12,0,0,,,context_only
话剧教育,0,2,0,0,,,context_only
短工会斗争,1,1,1,0,,,strict_backbone
打土豪、分田地,0,2,2,0,,,strict_backbone
建筑业民改控诉斗争,0,2,0,0,,,context_only
李庄之役,0,2,2,0,,,strict_backbone
珠湖秋收暴动,1,5,3,0,,,strict_backbone
攻打泗州城战斗,0,6,4,2,,,strict_backbone
劳资协商,0,2,2,0,,,strict_backbone
解放湖南,0,5,2,0,,,strict_backbone
建党训练班,1,3,1,0,,,strict_backbone
高大坪完小创办,0,4,2,0,,,strict_backbone
第三次九江会议,0,2,0,0,,,context_only
组建人民武装,0,1,1,0,,,strict_backbone
肃清毒品流行计划,0,5,0,0,,,context_only
上海工人总罢工,0,2,0,0,,,context_only
酒贝笼战斗,0,3,3,0,,,strict_backbone
迎军支前,0,3,1,0,,,strict_backbone
沙人工作团,0,2,0,0,,,context_only
反侵略运动,0,2,0,0,,,context_only
湘鄂西第二次工农兵代表大会,0,1,0,0,,,context_only
12·1运动,0,2,2,0,,,strict_backbone
捧鲊游击大队,0,3,0,0,,,context_only
基层政权改造,1,9,5,0,,,strict_backbone
103师电台工作,0,5,2,0,,,strict_backbone
创建革命根据地斗争,0,4,4,1,,,strict_backbone
化装侦察,0,4,1,0,,,strict_backbone
津浦路徐济段战役,0,2,2,0,,,strict_backbone
江抗东路司令部,0,4,0,0,,,context_only
川中游击队队长队,0,2,0,0,,,context_only
中国青年救国团,0,3,2,0,,,strict_backbone
秘密运藏电台任务,0,3,1,0,,,strict_backbone
抗日教育运动,0,2,2,0,,,strict_backbone
积德团,1,5,2,0,,,strict_backbone
长征途中,0,5,0,0,,,context_only
夜壶队,0,3,0,0,,,context_only
粮秣筹办,0,3,2,0,,,strict_backbone
策划武装起义,0,1,0,0,,,context_only
大方战斗,0,5,3,1,,,strict_backbone
宁波支前工作,0,5,4,0,,,strict_backbone
泗沭武工队战斗,0,2,0,0,,,context_only
“汤团”行动,0,8,2,1,,,strict_backbone
徐州社会主义青年团成立事件,0,6,1,0,,,strict_backbone
思南县大队组建,0,2,0,0,,,context_only
赣州城围攻,1,2,2,0,,,strict_backbone
营救丁文事件,0,6,4,0,,,strict_backbone
一·二·九运动在淮安,0,1,0,0,,,context_only
提出谈判条件与集中整编,0,5,2,0,,,strict_backbone
接送朱家璧保卫建军工作,0,3,1,0,,,strict_backbone
1941年抗日宣传与越狱斗争,0,6,2,0,,,strict_backbone
考入女中/接受启蒙,0,1,1,0,,,strict_backbone
护法运动,0,3,1,0,,,strict_backbone
主力调回路东建议,0,4,0,0,,,context_only
红色五月暴动,0,3,1,0,,,strict_backbone
汉口英美香烟厂工人罢工,0,4,4,0,,,strict_backbone
党小组建立,1,3,1,0,,,strict_backbone
潼南兵变,0,2,0,0,,,context_only
赣西南第一次代表大会,0,2,2,0,,,strict_backbone
叙永战斗,0,5,2,0,,,strict_backbone
沪汉惨案外交后援会,3,11,5,1,,,strict_backbone
淮海区青救会,0,5,0,0,,,context_only
整风第三阶段总结,0,4,0,0,,,context_only
反对国民党征兵征粮征税斗争,1,2,1,0,,,strict_backbone
世界革命,1,6,1,0,,,strict_backbone
湖岸地区解放会,0,2,2,0,,,strict_backbone
北上长征,0,1,0,0,,,context_only
渡过金沙江,2,6,3,0,,,strict_backbone
支部建立,0,1,0,0,,,context_only
甘沟战斗,0,1,0,0,,,context_only
洪泽湖游击战,0,9,1,1,,,strict_backbone
徐特立入党事件,0,2,0,0,,,context_only
第三期土改,0,5,2,0,,,strict_backbone
行政区划调整,0,14,0,0,,,context_only
反封建势力,0,3,1,0,,,strict_backbone
通海县人民政府成立,0,2,0,0,,,context_only
广州起义准备,0,2,2,0,,,strict_backbone
宜都解放,0,2,0,0,,,context_only
湖北工农武装暴动指导策略答辩,0,6,1,0,,,strict_backbone
检阅大会收获与缺点,0,5,1,0,,,strict_backbone
小马庄战斗,0,2,0,0,,,context_only
扎西地区战斗,0,2,2,0,,,strict_backbone
小老龙战斗,0,3,0,0,,,context_only
湖北农运,1,3,3,0,,,strict_backbone
三星暴动,0,10,8,1,,,strict_backbone
洪湖之役,2,9,4,0,,,strict_backbone
南京‘四·一’反革命事件,2,3,3,0,,,strict_backbone
暴动失败敌人清乡,0,3,1,0,,,strict_backbone
教育司请愿,0,3,0,0,,,context_only
朱昌游击大队,0,4,1,1,,,strict_backbone
恢复县委与游击斗争,0,3,0,1,,,context_only
敌军军事会议,0,1,1,0,,,strict_backbone
孙楼战斗,1,3,1,0,,,strict_backbone
识破伪装绳捆手扭,0,2,1,0,,,strict_backbone
第二次袭击广顺,0,2,1,0,,,strict_backbone
策动安县保卫团兵变武装暴动,0,11,0,0,,,context_only
减租条例,0,3,0,0,,,context_only
崇仁剿匪,0,2,2,0,,,strict_backbone
第二次繁昌保卫战,0,2,2,0,,,strict_backbone
进攻长沙,0,3,0,0,,,context_only
反美扶日、反迫害分会,0,0,0,0,,,isolated
反对帝国主义惨杀上海同胞江西会罢工,1,2,2,0,,,strict_backbone
中共湘潭地下党成立会议,1,6,1,1,,,strict_backbone
控诉地主,0,1,1,0,,,strict_backbone
芜湖解放,0,2,0,0,,,context_only
缴获选马,0,1,0,0,,,context_only
变卖田产,1,4,1,0,,,strict_backbone
苏鲁战役,0,1,0,0,,,context_only
奉节城攻防战,0,3,2,0,,,strict_backbone
反动文人易家钺攻击湖南和安徽学生运动,0,2,2,0,,,strict_backbone
奔袭雪洞行动,1,5,3,1,,,strict_backbone
剑川事件,0,4,2,0,,,strict_backbone
反封建土改运动,0,4,2,0,,,strict_backbone
开辟襄西,0,4,2,0,,,strict_backbone
江西铜鼓战斗,0,1,0,0,,,context_only
沐川2月23日凤村天宝山暴动,0,3,3,0,,,strict_backbone
智取吕家小圩子,0,2,2,0,,,strict_backbone
毛泽东在省立三师发展党员,0,2,0,0,,,context_only
三打月潭乡公所,1,6,6,0,,,strict_backbone
遂川城战斗,0,6,6,0,,,strict_backbone
西山会议派,0,6,1,0,,,strict_backbone
钟山乡江防大队,0,4,2,0,,,strict_backbone
闽西苏区反围剿胜利,0,1,0,0,,,context_only
郑坊大捷,0,5,5,0,,,strict_backbone
如皋县新兵团,0,1,0,0,,,context_only
兵变行动方针,0,2,2,0,,,strict_backbone
反六路围攻战斗,0,2,2,0,,,strict_backbone
国民党中央政治讲习班,1,1,1,0,,,strict_backbone
核心组织,2,4,4,0,,,strict_backbone
沙子岭战斗,0,5,1,0,,,strict_backbone
《延安颂》,0,1,0,0,,,context_only
忠县和平解放,1,13,8,0,,,strict_backbone
临时党小组成立,0,3,1,1,,,strict_backbone
横峰城战斗,0,5,3,1,,,strict_backbone
传播马列主义,1,7,2,0,,,strict_backbone
建立根据地/肃反,0,1,1,0,,,strict_backbone
皖省动员会,0,3,0,0,,,context_only
就地坚持斗争,0,2,0,0,,,context_only
劳工团,4,13,7,0,,,strict_backbone
上海总工会第三次代表大会,1,3,3,0,,,strict_backbone
西河治理工程,0,4,2,0,,,strict_backbone
黔东南地区剿匪斗争,0,2,2,0,,,strict_backbone
拥政爱民运动,0,8,2,1,,,strict_backbone
流动税站,0,1,0,0,,,context_only
《大众报》社成立,0,2,0,0,,,context_only
酷刑考验,0,2,0,0,,,context_only
斗争恶霸地主,1,3,1,0,,,strict_backbone
支部会议,0,3,0,0,,,context_only
成立黔桂边委,0,1,0,0,,,context_only
襄樊战役,4,23,9,1,,,strict_backbone
中村战斗,0,6,4,0,,,strict_backbone
活捉厉式福,0,1,0,0,,,context_only
后方战时工作团,0,3,0,0,,,context_only
护矿组织互助会,0,3,0,0,,,context_only
京沪治安会议与清剿茅山,0,5,3,0,,,strict_backbone
猴场会议,1,29,6,1,,,strict_backbone
抗日救亡团体,0,4,0,0,,,context_only
相机行动,1,1,1,0,,,strict_backbone
庆祝抗日胜利大会,0,3,1,1,,,strict_backbone
六、一逮捕事件,0,1,0,0,,,context_only
清剿谢世钦匪部行动,0,3,1,0,,,strict_backbone
服务队,0,5,0,0,,,context_only
四·一五广州反革命政变,0,1,1,0,,,strict_backbone
长沙战争,0,3,1,1,,,strict_backbone
湘南斗争,1,9,9,0,,,strict_backbone
山城堡战役,0,3,3,0,,,strict_backbone
苏北地区斗争,0,4,1,0,,,strict_backbone
四·一·〇反革命事件,0,4,0,0,,,context_only
黔东特区撤离行动,0,2,2,0,,,strict_backbone
挽范游行,0,5,3,0,,,strict_backbone
公开与秘密工作联系,0,3,1,0,,,strict_backbone
泥龙垭战斗,0,3,1,1,,,strict_backbone
广东省农民协会执委扩大会议,0,1,0,0,,,context_only
下坊农民运动,0,1,1,0,,,strict_backbone
部队改造运动,0,3,1,0,,,strict_backbone
英山北部剿匪与土改,0,1,0,0,,,context_only
纪念“五卅”发表文章,0,5,0,0,,,context_only
城区话剧团等,0,3,0,0,,,context_only
抢渡沅水,1,9,6,1,,,strict_backbone
解放盱眙城,0,1,0,0,,,context_only
鄂西斗争,0,2,2,0,,,strict_backbone
徐海总暴动准备,0,1,0,0,,,context_only
滇南作战,2,9,6,0,,,strict_backbone
郑潭口战斗,0,10,7,0,,,strict_backbone
进剿驻剿部署,2,14,10,0,,,strict_backbone
渔池弄开辟工作,2,2,2,0,,,strict_backbone
伪装宣传品/策反伪军日军,0,3,0,0,,,context_only
松江县召开各界人民代表会议,0,5,3,0,1949-10-01,1949-10-31,strict_backbone
盐阜区司法扩大会,0,1,0,0,,,context_only
景明大楼事件,0,6,2,0,,,strict_backbone
独四团,0,3,0,0,,,context_only
中共中央紧急会议,0,3,0,0,,,context_only
桃源农民运动,2,4,4,0,,,strict_backbone
学生救亡会,0,2,0,0,,,context_only
诗言社,0,2,2,0,,,strict_backbone
三都战斗,1,2,2,0,,,strict_backbone
松树坪战斗,0,5,2,1,,,strict_backbone
滇黔边区反蒋起义,0,2,2,0,,,strict_backbone
保护校斗争,0,2,0,0,,,context_only
七·一五学生运动,0,5,2,0,,,strict_backbone
倒夏运动,1,1,1,0,,,strict_backbone
党员发展,0,26,2,0,,,strict_backbone
浦东纶昌事件,0,3,3,0,1949-01-01,1949-12-31,strict_backbone
攻打厚余与庄志明牺牲,0,5,2,0,,,strict_backbone
宾川战役,0,1,1,0,,,strict_backbone
识字岭就义事件,0,2,2,0,,,strict_backbone
介绍学生去解放区,0,3,0,0,,,context_only
游击队武装斗争,1,9,4,0,,,strict_backbone
《1928年南溪农民暴动示意图》,1,2,2,0,,,strict_backbone
抗美援朝签名,0,1,0,0,,,context_only
反内战起义,2,3,2,0,,,strict_backbone
宣威解放,0,1,0,0,,,context_only
奇袭左墨香,0,3,1,0,,,strict_backbone
保家队,0,6,1,1,,,strict_backbone
苏中战役总结,0,3,0,0,,,context_only
襄樊八月十五日国民党反共斗争,0,3,1,0,,,strict_backbone
抗租抗暴运动,0,1,0,0,,,context_only
镇压反动分子,0,1,0,0,,,context_only
铜仁县第一次小教训练班,1,3,1,0,,,strict_backbone
暗民兵,0,2,0,0,,,context_only
工人运动,10,147,68,7,1924-01-01,1949-12-31,strict_backbone
武工队战斗事件,1,3,3,0,,,strict_backbone
抗捐要甲长斗争,0,2,2,0,,,strict_backbone
鄂北地区农民暴动,0,2,2,0,,,strict_backbone
缴获武器行动,0,6,3,1,,,strict_backbone
党员审查,0,3,0,1,,,context_only
东乡特支,0,2,2,0,,,strict_backbone
九月来信,0,6,1,0,,,strict_backbone
荣誉军人优待条例,0,5,0,0,,,context_only
鳄子洞防御战,0,2,2,0,,,strict_backbone
敌据点被包围,0,6,5,0,,,strict_backbone
抗战初期宿西武装建立,0,6,5,0,,,strict_backbone
中东路事件,0,2,0,0,,,context_only
吴山庙暴动,0,3,1,1,,,strict_backbone
蓝田文化界抗敌后援会,0,3,1,0,,,strict_backbone
三大纪律八项注意宣传,0,3,0,0,,,context_only
反苛政斗争,0,2,2,3,1940-01-01,1941-12-31,strict_backbone
渡江器材筹备,0,4,0,0,,,context_only
县政府成立大会,0,5,0,1,,,context_only
借粮打借条与知识分子参加劳动,0,1,0,0,,,context_only
武汉审讯事件,0,3,0,0,,,context_only
驱逐贪官路通学潮,0,2,2,0,,,strict_backbone
贵阳解放,1,27,7,0,,,strict_backbone
共产国际中央,0,3,0,0,,,context_only
丰都崇德乡农民武装暴动,1,5,5,0,,,strict_backbone
惩奸反霸运动,0,8,3,0,,,strict_backbone
湘南争论,0,5,0,0,,,context_only
皖北兵变,0,4,2,0,,,strict_backbone
纠察队组织,0,1,0,0,,,context_only
吃野菜竹筒与白皮红心,0,3,1,0,,,strict_backbone
滇桂军阀,0,3,0,1,,,context_only
丰都学生抗敌后援会筹备会成立,0,3,3,0,,,strict_backbone
溧水尤村会议,0,3,0,0,,,context_only
二渡赤水/再进遵义城,0,0,0,0,,,isolated
骆宾基事件,0,2,0,0,,,context_only
湘鄂粤赣四省农民秋收暴动,0,7,0,2,,,context_only
雁门关战斗,0,3,3,0,,,strict_backbone
南芜游击队三中队,0,6,0,1,,,context_only
党领导下的策反斗争与潼南解放,0,1,1,0,,,strict_backbone
七战区政治部干部训练班,0,5,1,0,,,strict_backbone
中共中央在两河口召开政治局会议,0,5,0,0,,,context_only
1934年11月清剿行动,0,3,1,0,,,strict_backbone
湘江之滨战斗,0,5,3,0,,,strict_backbone
革命领导权斗争,0,3,0,0,,,context_only
诉苦斗争,0,4,2,1,,,strict_backbone
机线设备保卫斗争,0,3,1,0,,,strict_backbone
湘西救亡运动,0,2,2,1,1930-01-01,1930-12-31,strict_backbone
动员上前线,0,2,2,0,,,strict_backbone
莒县战役,1,3,3,0,,,strict_backbone
两河口桥保卫战与桐牛桥坚守战,0,4,1,1,,,strict_backbone
遂宁抗日救亡运动,0,3,0,0,,,context_only
重庆谈判,21,602,175,6,1945-08-01,1945-08-31,strict_backbone
苏北抗战公学,1,2,2,0,,,strict_backbone
三八妇女节纪念大会,1,6,2,0,,,strict_backbone
破坏交通线,0,3,2,0,,,strict_backbone
皖北战争,0,2,0,0,,,context_only
绥宁剿匪战斗,0,4,4,0,,,strict_backbone
筹集枪支,0,12,6,0,,,strict_backbone
村童野读班,0,8,6,0,,,strict_backbone
游击江防大队成立,0,3,1,0,,,strict_backbone
三屋墩之战,0,2,2,0,,,strict_backbone
秀水农协小组,0,1,0,0,,,context_only
工农班,0,3,0,0,,,context_only
革命串联,1,3,1,0,,,strict_backbone
镇反肃特工作,2,2,2,0,,,strict_backbone
反抗斗争,0,5,0,0,,,context_only
音像宣传,0,3,0,0,,,context_only
建新村阻击战,0,3,0,0,,,context_only
革命斗争,1,41,8,1,,,strict_backbone
滇桂黔边区革命根据地建立,0,3,2,0,,,strict_backbone
阶级压迫,0,4,0,0,,,context_only
田坪交火战,0,6,2,1,,,strict_backbone
第三次反‘围剿’,4,36,26,2,,,strict_backbone
政治罢工,1,5,1,0,,,strict_backbone
反贪污运动,1,4,4,0,,,strict_backbone
京汉全路罢工,0,3,1,1,,,strict_backbone
锦屏和平解放与接收,1,6,4,0,,,strict_backbone
里下河抗日武装运动,0,2,1,0,,,strict_backbone
抗日宣传活动,5,32,11,0,,,strict_backbone
思想发动,0,4,1,0,,,strict_backbone
解散国民党反动组织,0,6,2,0,,,strict_backbone
国民革命运动,0,3,0,0,,,context_only
江古事件,0,3,0,0,,,context_only
救亡活动,0,4,1,1,,,strict_backbone
峨山武装起义,0,20,11,0,,,strict_backbone
争取伪军翻译密探、处决伪乡长,0,2,1,0,,,strict_backbone
题词,0,5,0,0,,,context_only
芋麦墩战斗,0,1,0,0,,,context_only
钟山乡红色政权的诞生,0,5,3,1,,,strict_backbone
铁路区工联,0,3,0,0,,,context_only
民主革命时期党在黔西南的活动,0,6,1,1,,,strict_backbone
黄家坝战斗,2,22,14,0,,,strict_backbone
武胜县黑耳场水洞湾战斗,0,1,0,0,,,context_only
剪短发运动,0,3,1,0,,,strict_backbone
双包到户农业生产责任制,0,3,0,0,,,context_only
中华人民共和国十月一日成立,0,3,1,0,,,strict_backbone
三次会议,0,1,0,0,,,context_only
扎西政治局扩大会议,0,8,3,0,1935-02-09,1935-02-09,strict_backbone
安徽反帝斗争,0,1,1,0,,,strict_backbone
益智社,0,3,0,0,,,context_only
农民协会成立及庆祝游行,0,1,0,0,,,context_only
地下党隐蔽斗争,0,1,1,0,,,strict_backbone
缴械事件,0,3,1,1,,,strict_backbone
临江路会议,0,3,0,0,,,context_only
张小圩战斗,0,3,0,1,,,context_only
红军处决反动势力事件,0,6,0,1,,,context_only
宣当自卫大队,0,6,0,0,,,context_only
鄂南农民暴动计划,0,3,1,0,,,strict_backbone
担架团总结评功授奖,0,2,2,0,,,strict_backbone
中共中央城市工作会议,0,3,2,1,1944-11-01,1944-11-30,strict_backbone
甘溪战役及后续追剿,0,4,2,0,,,strict_backbone
区乡干部整风班,0,2,0,0,,,context_only
桐城妇抗组织,0,3,0,0,,,context_only
阳明山起义军,1,7,4,0,,,strict_backbone
抵制洋货运动,0,3,2,1,1949-01-01,1949-12-31,strict_backbone
失业军官游行运动,0,1,0,0,,,context_only
1950年解放,0,2,2,0,1950-01-01,1950-12-31,strict_backbone
八一三上海抗战,0,3,1,1,,,strict_backbone
三县岭碉堡攻防战,0,2,2,0,,,strict_backbone
北阀军攻武汉,0,2,2,0,,,strict_backbone
南溪战斗,0,8,3,0,,,strict_backbone
黄(安)麻(城)起义,0,3,3,0,,,strict_backbone
戴桥战斗,0,3,0,1,,,context_only
配合186师剿匪,0,4,2,0,,,strict_backbone
清江战斗,0,4,0,0,,,context_only
1928年党组织遭破灭事件,0,3,1,0,,,strict_backbone
红军改造,0,2,2,0,,,strict_backbone
泸西地区革命工作,0,2,1,0,,,strict_backbone
工人武装恢复,0,3,0,0,,,context_only
宿西武装建立(阻击战),0,6,3,0,,,strict_backbone
红帮,0,1,0,0,,,context_only
万方楼会议,0,9,5,1,1935-01-01,1935-12-31,strict_backbone
宜城县解放,0,2,2,0,,,strict_backbone
黎榕从合围扫尾,0,3,0,0,,,context_only
达县特支,0,4,2,0,,,strict_backbone
《挺进报》案,0,3,1,0,,,strict_backbone
打倒土豪劣绅运动,0,12,5,2,1920-01-01,1920-12-31,strict_backbone
卓庄战斗,1,1,1,0,,,strict_backbone
红五军团成立,0,5,1,0,,,strict_backbone
挺进江北,0,5,2,2,,,strict_backbone
湘西游击战争,0,1,0,0,,,context_only
株洲农民运动,0,6,0,0,,,context_only
澧水防线构筑,0,3,0,0,,,context_only
陈赞贤惨案,0,2,0,0,,,context_only
导积水工程,1,4,2,0,,,strict_backbone
工会组织运动,0,1,0,0,,,context_only
人民公社化运动,0,3,2,0,,,strict_backbone
反对党八股运动,1,3,3,0,,,strict_backbone
党的一大筹备会议,0,3,0,1,,,context_only
八·一三抗战,1,5,3,0,,,strict_backbone
二四方面军会师,0,1,0,0,,,context_only
宣传鼓动群众,0,3,0,0,,,context_only
防汛救灾与太湖剿匪,0,1,0,0,,,context_only
县城暴动,0,5,4,0,,,strict_backbone
停止苛捐杂税,0,3,0,0,,,context_only
江西省第一次工人代表大会,0,2,0,0,,,context_only
解放贵州/云南/四川,0,0,0,0,,,isolated
民训运动,1,4,4,1,1938-01-01,1938-12-31,strict_backbone
八县土改革命团代表大会,0,3,1,0,,,strict_backbone
反对中央军暴行斗争,0,3,1,1,,,strict_backbone
大方解放斗争,0,3,1,1,,,strict_backbone
一救剧社,0,3,0,1,,,context_only
民族解放,0,3,0,0,,,context_only
爱国公约,0,3,1,0,,,strict_backbone
"红围内留,一齐开枪",0,1,0,0,,,context_only
城市职工运动,0,2,0,0,,,context_only
合围剿匪行动,2,6,2,0,,,strict_backbone
湖南政变,0,3,0,0,,,context_only
南坪集阻击战,0,6,2,1,,,strict_backbone
叛变投敌与冲山包围事件,0,3,0,0,,,context_only
群众选举运动,0,1,1,0,,,strict_backbone
临江战役,1,4,4,0,1930-01-01,1930-12-31,strict_backbone
敌我交火,0,3,1,0,,,strict_backbone
运粮活动,0,3,2,0,,,strict_backbone
后渠战斗,0,3,0,0,,,context_only
两边岩战斗,0,11,3,0,,,strict_backbone
解放南漳战役,0,3,3,0,,,strict_backbone
武装转移北上,0,3,1,1,,,strict_backbone
茅家岭暴动,3,24,8,1,,,strict_backbone
二五减租训令,0,7,4,0,,,strict_backbone
隆安战斗,0,3,3,0,,,strict_backbone
送子参军与荣立战功,0,2,0,0,,,context_only
亳城沦陷,0,2,2,0,,,strict_backbone
抗敌文化室,0,3,0,0,,,context_only
新民主主义建设,0,6,1,0,,,strict_backbone
川东临委江津财经小组,0,7,0,0,,,context_only
与国民党散兵游勇斗争,0,2,2,0,,,strict_backbone
农民武装训练,0,1,1,0,,,strict_backbone
万楼战斗,0,7,1,1,,,strict_backbone
北伐军支持斗争贪官污吏,0,1,1,0,,,strict_backbone
攻黄救邵,0,10,6,0,,,strict_backbone
蒋介石反革命政变,0,3,0,0,,,context_only
抗丁、抗粮、抗税活动,0,0,0,0,,,isolated
云门镇兵暴,0,3,0,0,,,context_only
回峰山战斗,3,11,6,0,,,strict_backbone
陬市工会组织成立,0,1,0,0,,,context_only
协和公署园被捕,0,2,0,0,,,context_only
抗美援朝作战,0,2,0,0,,,context_only
军工烈属救济,0,3,1,0,,,strict_backbone
七子之歌,0,6,0,0,,,context_only
麻阳战役,0,5,2,0,,,strict_backbone
新四军围攻伪据点战斗,1,6,3,0,,,strict_backbone
滇军与红军战斗,0,3,0,0,,,context_only
合编协议,0,4,4,0,,,strict_backbone
烧巴岩会议,0,3,0,0,,,context_only
雨花台烈士事迹,0,3,0,0,,,context_only
叱咤歌咏队,1,2,2,0,,,strict_backbone
申请入党与盘龙桥战役,0,1,1,0,,,strict_backbone
祁门金宁乡公所起义,0,2,2,0,,,strict_backbone
私营工商业改造,0,1,0,0,,,context_only
汉案追悼大会,0,1,0,0,,,context_only
八一三事变,1,19,6,1,,,strict_backbone
振兴赣南,0,3,1,1,,,strict_backbone
黄桥保卫战,0,2,2,0,,,strict_backbone
县党史资料征集座谈会,0,2,0,0,,,context_only
撤退下司与增援围堵,0,5,0,0,,,context_only
高台战斗,0,5,3,0,,,strict_backbone
黎川失守,0,5,1,0,,,strict_backbone
北区主力团,1,12,2,1,,,strict_backbone
高饶党权学习,0,2,2,0,,,strict_backbone
天高地区人民武装大检阅,1,4,4,0,,,strict_backbone
学生服务部,1,6,1,1,,,strict_backbone
龙陵会议,1,3,1,0,,,strict_backbone
重庆民主促进会,0,5,2,0,,,strict_backbone
反右补课运动,0,1,1,0,,,strict_backbone
王用周,1,1,1,0,,,strict_backbone
土改运动,5,83,46,4,,,strict_backbone
罗明路线,1,11,2,0,,,strict_backbone
智取桂东,1,3,1,0,,,strict_backbone
洋古坝军人大会,0,2,0,0,,,context_only
宿县起义,0,5,3,0,,,strict_backbone
宣传方法与技术,0,6,0,0,,,context_only
红军四渡赤水,0,30,0,0,,,context_only
少先队员军事训练,0,2,0,0,,,context_only
借鉴之社,2,2,2,0,,,strict_backbone
丘北县秧补战斗,0,1,1,0,,,strict_backbone
张家岗战斗,2,11,7,1,,,strict_backbone
大方解放斗争史座谈会,0,2,2,0,,,strict_backbone
发展教育事业,0,2,2,0,,,strict_backbone
云南人民讨蒋自救军第十大队,2,2,2,0,,,strict_backbone
程潜、陈明仁,0,0,0,0,,,isolated
抗日义勇军组织,0,3,0,0,,,context_only
昆明市军事接管,0,4,1,0,,,strict_backbone
开辟三南政策,0,3,0,0,,,context_only
发展接头户工作,0,3,1,0,,,strict_backbone
支前战斗/运送物资,0,8,1,0,,,strict_backbone
盘山合围部署,0,3,0,0,,,context_only
建立革命据点,0,1,1,0,,,strict_backbone
参军比赛,0,2,2,0,,,strict_backbone
坚持茅山地区留守斗争,0,5,2,1,,,strict_backbone
泸西地区反蒋武装斗争,0,20,5,0,,,strict_backbone
修灌溉渠,0,3,1,0,,,strict_backbone
反动标语斗争,0,6,0,1,,,context_only
统战工作,10,129,32,3,,,strict_backbone
安顺联络行动,0,1,1,0,,,strict_backbone
和平签名,0,2,0,0,,,context_only
民权保障同盟营救行动,0,6,0,0,,,context_only
焚毁敌人炮楼,0,2,1,0,,,strict_backbone
绍兴妇女营,0,6,0,0,,,context_only
化装脱险与上海联络站,0,3,0,0,,,context_only
烟税斗争,0,2,2,0,,,strict_backbone
湘南党的工作,0,3,1,0,,,strict_backbone
学生请愿复职运动,0,3,0,0,,,context_only
南京城郊反攻,0,3,1,1,,,strict_backbone
武汉教育界加薪改现运动,2,2,2,0,,,strict_backbone
三一七惨杀事件,0,2,0,0,,,context_only
镇海寺战斗,0,2,0,0,,,context_only
解决上溪口,0,3,0,0,,,context_only
南下支队和五师会师大会,0,1,0,0,,,context_only
苏中地方武装建设,0,9,6,1,1946-01-01,1946-12-31,strict_backbone
麻东暴乱,0,3,1,0,,,strict_backbone
反围剿与游击战争,0,6,0,0,,,context_only
皖北游击战争,0,1,0,0,,,context_only
民众运动,0,6,1,1,,,strict_backbone
淮涟游击大队,0,3,0,0,,,context_only
解放大军进入汉口市区,0,2,2,0,,,strict_backbone
召烤战斗,0,5,3,1,,,strict_backbone
钟山乡武装对抗,0,5,0,0,,,context_only
筹集粮食/分发给群众,0,1,1,0,,,strict_backbone
合法斗争与统一战线,0,2,0,0,,,context_only
上海各界人民代表会议,0,4,4,1,1949-01-01,1949-12-31,strict_backbone
铜梁师生罢课斗争,0,3,3,0,,,strict_backbone
南川农民武装暴动,0,5,2,0,,,strict_backbone
接管盐江,0,2,0,0,,,context_only
珠湖农民武装暴动,0,4,1,0,,,strict_backbone
上海政治罢工,0,5,3,1,,,strict_backbone
南昌学运,2,3,3,0,,,strict_backbone
"莱子,类型:事件, 位置:长江流域贵州段",0,1,1,0,,,strict_backbone
淮阴地区新民主主义革命斗争,0,2,0,0,,,context_only
牛集区队,0,1,0,0,,,context_only
老坪、东巩等地战斗,0,2,2,0,,,strict_backbone
东溪大血案,0,3,0,0,,,context_only
寿县游击队反“四害”斗争,0,2,2,0,,,strict_backbone
象达、平达等地宣传教育工作,0,1,1,0,,,strict_backbone
陈家坝地下组织,0,5,0,1,,,context_only
中国人民政治协商会议第一届全体纪要,0,1,0,0,,,context_only
贵州保安十二团第三营叛乱,0,2,2,0,,,strict_backbone
反六县联防清剿,0,1,0,0,,,context_only
围困富安镇战役,1,1,1,0,,,strict_backbone
龙门浩血案,1,4,3,0,,,strict_backbone
上海市第一次党代会议,0,3,3,0,,,strict_backbone
十二桥枪杀事件,0,1,1,0,,,strict_backbone
武汉三镇旧历年关暴动,0,3,3,0,,,strict_backbone
巴中县扩红运动,0,2,0,0,,,context_only
师宗警备大队,0,3,0,0,,,context_only
护校活动,0,3,0,0,,,context_only
江西暴动,0,10,8,1,,,strict_backbone
南坪城租减息工作,0,2,0,0,,,context_only
宜城人民革命运动,0,5,0,0,,,context_only
抢救浮桥,0,6,1,1,,,strict_backbone
查私缉私斗争,1,6,6,0,,,strict_backbone
革大校史编辑,0,1,1,0,,,strict_backbone
党史资料征集座谈会,2,17,10,0,,,strict_backbone
解释我军政策,0,5,2,0,,,strict_backbone
赤石事变,0,5,2,1,,,strict_backbone
武阳区春耕运动,0,4,4,1,1933-01-01,1933-12-31,strict_backbone
捐献抗日活动,0,3,2,0,,,strict_backbone
打枪坝会议,0,5,2,0,,,strict_backbone
淮宝地区斗争,0,3,0,0,,,context_only
大定县保卫斗争,0,1,1,0,,,strict_backbone
新店子剿匪斗争,0,3,2,0,,,strict_backbone
滇黔边境反蒋武装斗争,0,3,0,0,,,context_only
崔庄战斗,0,1,0,0,,,context_only
钢厂保卫战,0,5,3,1,,,strict_backbone
江西省委扩大会议,0,3,0,0,,,context_only
部务会议,0,1,1,0,,,strict_backbone
古打战斗回忆,0,1,0,0,,,context_only
红军带路事件,0,6,0,0,,,context_only
武装自卫运动,0,3,2,0,,,strict_backbone
鄱阳湖社,0,3,0,0,,,context_only
驱逐李伯英运动,0,2,2,0,,,strict_backbone
清烟毒,0,3,1,0,,,strict_backbone
和平解放锦屏城,2,2,2,1,1950-01-18,1950-01-18,strict_backbone
红一方面军长征过道县,0,3,0,0,,,context_only
苗寨剿匪战斗,0,3,3,0,,,strict_backbone
物价波动,0,3,0,0,,,context_only
北伐军进攻醴陵,0,6,2,0,,,strict_backbone
贵州革命党人武装起义,0,2,2,0,,,strict_backbone
花溪保卫战,0,3,3,0,,,strict_backbone
第三次上海工人武装起义,0,10,8,1,,,strict_backbone
鄂豫边土地法纲领实施细则,0,3,0,0,,,context_only
化装侦察智擒特务,0,3,3,0,,,strict_backbone
县革命委员会成立,0,3,0,0,,,context_only
打忠州决策会议,0,3,0,0,,,context_only
兵士联合会,0,2,0,0,,,context_only
向苏北进军征程,0,3,0,0,,,context_only
"星星之火,可以燎原",0,0,0,0,,,isolated
押送营部,0,1,0,0,,,context_only
打倒便衣队事件,0,1,0,0,,,context_only
附录与编后记,0,1,0,0,,,context_only
得胜山之战,0,3,0,0,,,context_only
金融贸易接管,0,3,2,0,,,strict_backbone
妇女解放歌,0,4,0,0,,,context_only
职业青年生会,0,3,1,0,,,strict_backbone
清乡军处决,0,2,2,0,,,strict_backbone
抗敌演剧队,0,7,3,0,,,strict_backbone
兵暴计划,0,3,0,0,,,context_only
南岳武装暴动,2,5,5,0,1928-03-01,1928-03-31,strict_backbone
普安抗日爱国运动,0,1,1,0,,,strict_backbone
汉口英美水兵枪杀和平民众事件,0,5,3,1,,,strict_backbone
新政协召开,0,3,0,0,,,context_only
炸毁淮河铁桥,0,2,0,0,,,context_only
朱驼河战斗,0,3,1,1,,,strict_backbone
短枪班战士,0,2,0,0,,,context_only
青年文工团,0,3,0,0,,,context_only
1927年国民党江西省第三党代表大会,0,3,0,0,,,context_only
《淮流》,2,9,4,1,,,strict_backbone
新政协会议,0,3,0,0,,,context_only
游击武装斗争,0,5,0,0,,,context_only
会匪联络,0,2,0,0,,,context_only
国民党华容第一次代表大会,1,2,2,0,,,strict_backbone
戒严任务,1,1,1,0,,,strict_backbone
检查工作,3,5,4,0,,,strict_backbone
天成圩战斗,0,1,1,0,,,strict_backbone
汪楼战斗,0,2,2,0,,,strict_backbone
均县剿匪战斗,0,2,2,0,,,strict_backbone
湖北省农民协会第一次代表大会,0,3,0,1,,,context_only
生产资料所有制社会主义改造,1,3,1,0,,,strict_backbone
火红起义,1,5,2,0,,,strict_backbone
破获巨型收发报机,0,3,2,0,,,strict_backbone
顺泸起义方案,0,5,4,0,,,strict_backbone
春荒抢米风潮,1,3,2,0,,,strict_backbone
蒙城灾民斗争,0,3,0,0,,,context_only
军干校学习与作战活动,0,5,2,0,,,strict_backbone
《读者园地》,0,3,0,0,,,context_only
白沙市战斗,0,2,2,0,,,strict_backbone
北沙战斗,0,2,2,0,,,strict_backbone
胡桥战斗,0,2,1,0,,,strict_backbone
澄锡虞三县联席会议,1,6,4,0,,,strict_backbone
抗日宣传与农民运动,0,2,2,0,,,strict_backbone
五二〇反饥饿反内战反迫害罢课斗争,0,3,0,0,,,context_only
攻占宿县战役,0,1,1,0,,,strict_backbone
红杨树战斗,0,5,5,0,,,strict_backbone
二野主力,0,3,0,0,,,context_only
武当山战斗,0,3,1,0,,,strict_backbone
五卅惨案反帝爱国斗争,0,1,1,0,,,strict_backbone
清江解放行动,0,2,0,0,,,context_only
徽州战役,0,3,0,0,,,context_only
忠县抗日救亡运动,0,3,0,0,,,context_only
协同解放贵阳,0,2,0,0,,,context_only
整风认识偏向,0,3,0,0,,,context_only
重庆国民会议促成会,9,16,15,0,,,strict_backbone
反蒋抗日宣传,0,2,2,0,,,strict_backbone
搜剿土共行动,0,2,2,1,,,strict_backbone
行军路线(湖南湘潭-贵州炉山县),0,3,0,0,,,context_only
抗日救国,1,35,4,0,,,strict_backbone
党政军一元化领导,0,3,0,0,,,context_only
北平警察当局非法逮捕事件,0,4,2,0,,,strict_backbone
国特案与逮捕党员,0,3,0,0,,,context_only
常宁县特别法庭,0,2,0,0,,,context_only
强渡北盘江,0,3,3,0,,,strict_backbone
黔西土改,0,8,0,0,,,context_only
富田事变后改组,0,3,0,0,,,context_only
红4军成立大会,2,3,3,0,,,strict_backbone
武汉各工团联合罢工,0,2,0,0,,,context_only
会合,0,1,0,0,,,context_only
二打徐楼,0,3,1,0,,,strict_backbone
上高会战,1,7,3,0,,,strict_backbone
解放前支持革命,0,1,0,0,,,context_only
敌后抗日游击战争,0,4,0,0,,,context_only
红军过道州及湘江战役游击战争,0,3,0,0,,,context_only
盐南反击战,0,6,4,0,,,strict_backbone
土地问题解决,0,9,3,0,,,strict_backbone
护校保产行动,0,2,0,0,,,context_only
驱王自治运动,0,4,4,0,,,strict_backbone
第四次反“围剿”战争,0,3,3,0,,,strict_backbone
改造政策,0,1,0,0,,,context_only
文抗会,0,2,0,0,,,context_only
上海总工会斗争,0,6,3,1,,,strict_backbone
广汉驻军国民革命军第28军第2混成旅武装起义,0,3,0,0,,,context_only
反基督教运动,0,2,2,0,,,strict_backbone
武工队宣传,0,3,1,0,,,strict_backbone
高河埠抢米斗争,0,2,0,0,,,context_only
猫场之战,1,11,5,1,,,strict_backbone
松林镇战斗,0,1,1,0,,,strict_backbone
武装暴动筹备工作,0,3,1,0,,,strict_backbone
打骑兵,0,3,0,0,,,context_only
商务印书馆工人斗争,1,2,1,0,,,strict_backbone
红三军整编,0,8,2,1,,,strict_backbone
腾冲和平解放,2,22,15,0,,,strict_backbone
峡里鹿敌斗,0,3,1,1,,,strict_backbone
云南革命高潮,0,4,0,0,,,context_only
和平协定,1,4,2,0,,,strict_backbone
反霸镇反土改,0,1,1,0,,,strict_backbone
赣南党务及十七县工农运动指导员,1,3,1,0,,,strict_backbone
行军动员,0,3,0,0,,,context_only
劳动运动,0,5,3,1,,,strict_backbone
黔东南剿匪,1,16,5,1,,,strict_backbone
地方经费收支/税制改革,0,2,1,0,,,strict_backbone
统一桂滇边区武装斗争,0,1,1,0,,,strict_backbone
徐州事件,0,2,2,0,,,strict_backbone
罗甸册亨合围进剿,0,3,1,0,,,strict_backbone
师宗县城战斗,0,14,10,0,,,strict_backbone
关岭平街起义,0,8,4,0,,,strict_backbone
朱家岗战斗,2,4,4,0,,,strict_backbone
北碚学生反美抗暴斗争,0,3,0,0,,,context_only
川山坪伏击战,0,3,0,0,,,context_only
坚壁清野,0,3,1,0,,,strict_backbone
抗日戏剧工作团,1,2,2,0,,,strict_backbone
四·一·二惨案,0,8,1,1,,,strict_backbone
组建基干队/缴枪/武装斗争,0,3,1,0,,,strict_backbone
游行示威,1,7,2,1,,,strict_backbone
配合二野南下,0,3,0,0,,,context_only
国民会议促成会活动,0,1,1,0,,,strict_backbone
汉口妇女政治训练班,0,5,2,0,,,strict_backbone
峰高乡抗捐斗争,2,2,2,0,,,strict_backbone
借公粮斗争,1,2,2,0,,,strict_backbone
湖北保安团西逃事件,0,4,4,0,,,strict_backbone
武装保卫麦收,0,2,2,0,,,strict_backbone
反饥饿反迫害运动,1,20,7,2,,,strict_backbone
民主政治运动,0,9,2,0,,,strict_backbone
金鼓岩罢工,0,1,1,0,,,strict_backbone
红匪活动,0,7,1,2,,,strict_backbone
三穗解放,0,6,1,0,,,strict_backbone
雪山攀登,0,3,1,0,,,strict_backbone
土改政策,1,8,2,0,,,strict_backbone
南充西区游击战,0,1,0,0,,,context_only
伪川军,0,3,1,0,,,strict_backbone
保卫工作,0,6,0,0,,,context_only
重庆各界救国联合会,0,13,4,0,,,strict_backbone
攻城失利,0,1,0,0,,,context_only
营火晚会,0,6,2,1,,,strict_backbone
鹅镇乡土改试点,0,2,0,0,,,context_only
石船小学据点建立与撤出,0,5,3,0,,,strict_backbone
铁壁合围清剿,0,1,0,0,,,context_only
省农联委员会第一次代表大会,0,1,0,0,,,context_only
砸监反狱,0,3,1,0,,,strict_backbone
夺取政权与土地革命指示,0,3,1,0,,,strict_backbone
红五师西进战役,0,4,4,0,,,strict_backbone
围庄战斗,0,1,0,0,,,context_only
中国共产党领导下的革命斗争,0,3,0,0,,,context_only
柳池暴动,5,17,17,1,,,strict_backbone
三中党小组,0,2,0,0,,,context_only
四十七军进驻栗子湾,0,3,0,0,,,context_only
剿匪战斗,8,114,53,1,,,strict_backbone
民兵武装建设,0,3,0,0,,,context_only
新江游击大队,0,2,1,0,,,strict_backbone
镇宁起义,0,2,2,0,,,strict_backbone
过雪山草地,0,4,1,0,,,strict_backbone
桥头火线起义,0,2,2,0,,,strict_backbone
国民党江西省临时党部成立,0,1,0,0,,,context_only
贵州武装工作,0,3,1,0,,,strict_backbone
解放战场,0,1,0,0,,,context_only
永胜人民武装,0,15,0,1,,,context_only
普冲阻击战,0,2,2,0,,,strict_backbone
苏浙皖地区发展,0,3,1,0,,,strict_backbone
士兵代表会秘密组织,0,2,2,0,,,strict_backbone
湖南光复运动,0,3,0,0,,,context_only
湖北工运,0,8,4,1,,,strict_backbone
配合农民暴动,0,3,0,0,,,context_only
清剿土匪与土改,0,1,0,0,,,context_only
党课制,0,3,0,0,,,context_only
初级社大发展,0,3,1,0,,,strict_backbone
六二三运动,0,2,2,0,,,strict_backbone
1947年8月20日战斗,0,1,0,0,,,context_only
肃清土匪,1,7,1,3,,,strict_backbone
街头剧表演,0,5,2,0,,,strict_backbone
和平代表团护送事件,0,4,0,0,,,context_only
罗世文/洪希宗被捕事件,0,0,0,0,,,isolated
少数民族工作,1,7,3,0,,,strict_backbone
赣州工农运动,0,2,0,0,,,context_only
银元投机/大美晚报事件,0,0,0,0,,,isolated
麻窝窑乡农民协会成立大会,0,3,1,0,,,strict_backbone
粮食借贷任务,0,3,0,0,,,context_only
反改组派第三党取消派工作,0,1,0,0,,,context_only
外交后援会,1,5,2,0,,,strict_backbone
抓土匪,0,6,1,0,,,strict_backbone
皖江行署文教处,0,6,0,0,,,context_only
塘马反扫荡战斗,1,7,5,0,,,strict_backbone
安顺地下党支部成立,0,4,4,0,,,strict_backbone
新党员发展工作,0,3,1,1,,,strict_backbone
开办农运讲习班,0,1,0,0,,,context_only
会师庆祝大会,0,4,1,0,,,strict_backbone
党的组织路线与交通网,0,4,0,0,,,context_only
成立滇北地委与巩固政权,0,7,2,0,,,strict_backbone
7·15运动,0,2,2,0,1948-01-01,1948-12-31,strict_backbone
南昌起义研究,0,1,0,0,,,context_only
南宝战役,0,3,1,0,,,strict_backbone
华中工农青妇民兵代表大会,1,3,1,1,,,strict_backbone
罗平地下武装,0,5,2,1,,,strict_backbone
激安战斗,0,2,2,0,,,strict_backbone
地方斗争,0,1,0,0,,,context_only
中心县委会议,0,1,1,0,,,strict_backbone
益阳盐案,1,5,3,0,,,strict_backbone
五州运动,0,5,3,0,,,strict_backbone
阻击土匪,0,2,2,0,,,strict_backbone
九宫山游击战,0,3,1,0,,,strict_backbone
合围进剿/黄景芳逃窜被击毙,1,13,3,0,,,strict_backbone
筹粮/肃反,1,2,2,0,,,strict_backbone
休屯解放,0,1,0,0,,,context_only
花园村三期担架支前,1,2,2,0,,,strict_backbone
中央军委粉碎第四次反革命围剿,0,1,0,0,,,context_only
突破一点推动全盘,0,1,1,0,,,strict_backbone
派遣代表参加共产国际会议,0,3,2,0,,,strict_backbone
衡宝大会战,0,2,2,0,,,strict_backbone
第一次全国劳动大会,1,22,12,2,,,strict_backbone
军官教导团,0,5,2,1,,,strict_backbone
铁铺岭战斗,0,5,2,0,,,strict_backbone
王光夏进攻,0,1,1,0,,,strict_backbone
南岳军事会议,4,4,4,0,,,strict_backbone
龙甸乡柏家村训练班,0,1,1,0,,,strict_backbone
缴械投降事件,0,4,0,0,,,context_only
抗日救亡/解放,0,1,0,0,,,context_only
行军作战,0,3,1,0,,,strict_backbone
突破敌人封锁线,1,3,1,0,,,strict_backbone
双河集农民暴动,1,2,1,0,,,strict_backbone
泸西县城会师,0,2,0,0,,,context_only
永丰反动派,0,2,0,0,,,context_only
横渡长江,2,15,4,0,,,strict_backbone
大革命时期湘桂农民运动,1,2,2,1,,,strict_backbone
湘粤赣边隐蔽斗争,0,1,0,0,,,context_only
游击武装会址/碉楼遗迹,0,2,0,0,,,context_only
江口问题和平解决,0,3,0,0,,,context_only
潜山天堂起义,0,1,0,0,,,context_only
围歼双山杨家洞股匪,0,3,3,0,,,strict_backbone
地下军建设,0,1,0,0,,,context_only
《现代中国的国会制与军阀》,0,2,0,0,,,context_only
老鸦尖战斗,0,4,2,1,,,strict_backbone
中国农工民主党第三次全国干部会议,0,1,0,0,,,context_only
工合事业,0,6,0,0,,,context_only
广东反段大示威,0,1,0,0,,,context_only
皖南事变影响,0,3,1,0,,,strict_backbone
南征战斗,2,3,3,0,,,strict_backbone
农民斗争,0,21,5,2,,,strict_backbone
湖南运动,0,3,0,0,,,context_only
砸洋街斗争,1,3,1,0,,,strict_backbone
东南分团,0,6,0,0,,,context_only
泸定桥战斗,0,2,0,0,,,context_only
普定解放,0,9,4,0,,,strict_backbone
奉大巫支队武装起义,0,5,2,1,,,strict_backbone
恢复生产工作,0,3,0,1,,,context_only
省港大罢工与沙基惨案,0,5,5,0,,,strict_backbone
开展革命活动,1,7,3,1,,,strict_backbone
反段反奉运动,0,3,0,0,,,context_only
刘湘兵,0,3,0,0,,,context_only
大军南下支前动员,0,8,2,0,,,strict_backbone
邓川党史大事记,0,3,0,0,,,context_only
黔江城战役,0,2,2,0,,,strict_backbone
荔波解放,0,2,2,1,,,strict_backbone
粤汉铁路工人罢工,1,9,4,0,,,strict_backbone
九三兵变,0,8,0,0,,,context_only
剿匪与征粮工作,0,4,4,0,,,strict_backbone
盘县龙腾霄部,0,3,0,0,,,context_only
皖干班,1,6,1,1,,,strict_backbone
郎普织边区游击队发证会,0,3,1,0,,,strict_backbone
中共六届三中全会,1,31,9,1,,,strict_backbone
揭露国民党军政当局破坏停战命令,0,3,0,0,,,context_only
赣南工农武装割据,0,3,0,0,,,context_only
三岔大队,0,4,0,0,,,context_only
醴陵县农民暴动,0,2,2,0,,,strict_backbone
拐耳坝围剿,0,3,3,0,,,strict_backbone
向外发展,1,6,1,0,,,strict_backbone
苏南斗争形势,0,5,4,1,,,strict_backbone
二五减租减息,0,6,2,0,,,strict_backbone
宣传民族政策与张贴标语,0,3,1,0,,,strict_backbone
访乡团,0,11,2,0,,,strict_backbone
簸箕坝特委扩大会,1,6,1,1,,,strict_backbone
杭村战斗,1,10,5,0,,,strict_backbone
反对征收革命费斗争,0,1,1,0,,,strict_backbone
以朋程村为基点开展武装斗争,0,1,0,0,,,context_only
军政双攻,0,6,1,0,,,strict_backbone
筹粮,0,8,1,0,,,strict_backbone
湘赣之役,0,6,2,3,,,strict_backbone
赣东北苏区的反“围剿”斗争,0,1,1,0,,,strict_backbone
元阳保卫战,0,2,0,0,,,context_only
忠堡战斗,0,12,5,0,,,strict_backbone
请愿活动,0,5,2,0,,,strict_backbone
赣东北反第五次‘围剿’战斗,0,1,1,0,,,strict_backbone
溧青,0,3,0,0,,,context_only
九江工人罢工斗争,0,3,1,0,,,strict_backbone
二一九学联事件/八一三民先事件,0,0,0,0,,,isolated
配合地方斗争,0,3,2,0,,,strict_backbone
起义方案,0,1,0,0,,,context_only
重走长征路写作组,0,3,1,0,,,strict_backbone
望江战斗,0,1,0,0,,,context_only
广汉等县和平解放,0,3,0,0,,,context_only
新四军物资支援行动,0,8,0,0,,,context_only
咸合战斗日期,0,1,0,0,,,context_only
响应全国总暴动起义,0,3,1,0,,,strict_backbone
加强组织观念,0,2,0,0,,,context_only
《新青年报》工作,0,2,2,0,,,strict_backbone
特刑庭传讯事件,0,3,0,0,,,context_only
打击土豪劣绅,1,8,4,0,,,strict_backbone
敌工部处理日俘事务,0,3,1,0,,,strict_backbone
国民党补训处,0,3,1,0,,,strict_backbone
红十军入闽,0,3,3,0,,,strict_backbone
智取高桥歼灭守敌,0,2,0,0,,,context_only
官沟圩战斗,0,4,1,0,,,strict_backbone
开会统一行动,0,1,0,0,,,context_only
集体领导建设,0,3,0,0,,,context_only
北碚小学教师罢教斗争,0,4,4,0,,,strict_backbone
宁远县镇压反革命运动,1,2,2,0,1949-01-01,1949-12-31,strict_backbone
共进社,1,1,1,0,,,strict_backbone
贺龙率兵部南下接应,2,2,2,0,,,strict_backbone
鄂南起义,1,2,2,0,,,strict_backbone
崇阳惨案,0,4,0,0,,,context_only
合围战役,0,9,1,1,,,strict_backbone
北夏音乐社,0,2,2,0,,,strict_backbone
全国代表大会筹备,0,3,0,0,,,context_only
黄桥一战,0,4,2,0,,,strict_backbone
便衣队收集枪支,0,1,1,0,,,strict_backbone
油印组,0,4,0,0,,,context_only
反日反帝同盟(遵义总部),2,5,5,0,,,strict_backbone
小新街被袭战,2,5,5,0,,,strict_backbone
扫盲教育/政治学习,0,2,2,0,,,strict_backbone
便衣队调查刘长地下落,0,3,2,0,,,strict_backbone
地下印刷厂,0,4,0,1,,,context_only
富良棚武装起义,0,2,2,0,,,strict_backbone
民族教育事业,0,3,0,0,,,context_only
人民币统一发行,0,4,0,0,,,context_only
吉安石阳一小学生斗争,0,4,4,0,,,strict_backbone
淮阴农民武装暴动,0,6,1,0,,,strict_backbone
太极洞训练班,0,3,0,1,,,context_only
华中自卫战,1,3,2,0,,,strict_backbone
全区剿匪斗争总结,0,4,4,1,,,strict_backbone
答复来信与修正地址,0,3,0,0,,,context_only
敌进我退战略,0,3,1,0,,,strict_backbone
整风成绩统计,0,4,0,0,,,context_only
木子店歼灭战,0,3,1,1,,,strict_backbone
禹王山庙偷袭战,0,7,2,0,,,strict_backbone
南通惨案,0,9,3,0,,,strict_backbone
湘江战役前期敌我部署,0,3,1,0,,,strict_backbone
崇德乡农暴,2,9,5,0,,,strict_backbone
刘建绪应付龙云,0,2,0,0,,,context_only
龙岩、漳州战役,0,0,0,0,,,isolated
顺庆乡党支部斗争,0,5,2,0,,,strict_backbone
湖北农民协会第一次代表大会,0,2,0,0,,,context_only
仇岗战斗,0,2,0,0,,,context_only
猫场激战,0,3,0,0,,,context_only
火烧戏台战斗,1,3,1,1,,,strict_backbone
双河特支,0,9,1,1,,,strict_backbone
政治攻势要求与纪律检查,0,3,1,0,,,strict_backbone
涟水反击战,0,1,0,0,,,context_only
三查运动,0,3,0,0,,,context_only
新四军挺进纵队成立,0,2,0,0,,,context_only
三次合围剿匪战役,0,3,2,0,,,strict_backbone
二野四兵团南下解放麻城,0,3,0,0,,,context_only
兵士暴动,0,3,1,1,,,strict_backbone
砻市干部会议,1,2,1,0,,,strict_backbone
护送同志隐蔽活动,0,2,1,0,,,strict_backbone
红九军团行动,0,6,0,1,,,context_only
谈判,2,14,7,0,,,strict_backbone
土地改造运动,0,4,1,0,,,strict_backbone
浦东日华纱厂罢工,0,2,2,0,,,strict_backbone
创界运动,0,1,0,0,,,context_only
抗日民主革命,0,4,4,0,,,strict_backbone
红杨树战役,0,3,1,1,,,strict_backbone
接管成都,0,6,0,1,,,context_only
奉节柏杨坝事件,0,5,3,0,,,strict_backbone
浏阳暴动,0,1,0,0,,,context_only
反饥饿、反内战学生运动,0,3,3,0,,,strict_backbone
进川后在眉山专区的工作,0,5,2,0,,,strict_backbone
江西省第二次党员代表大会,0,3,0,0,,,context_only
分粮抗捐抗粮,0,1,0,0,,,context_only
登步岛战斗,0,12,7,0,,,strict_backbone
把边江战斗,0,1,1,0,,,strict_backbone
接管经费处理与旧人员录用,0,3,0,0,,,context_only
金沙土地改革运动,0,3,0,0,,,context_only
谈判成功/长征出发,0,1,1,0,,,strict_backbone
北碚解放初期接管工作,1,2,2,0,,,strict_backbone
红六军团长征,0,3,0,0,,,context_only
公安大会与停航光,0,2,2,0,,,strict_backbone
湖南省第一次手工业会议,0,2,2,0,,,strict_backbone
维护社会治安与清洗奸徒,0,5,1,0,,,strict_backbone
南渡乌江,7,43,16,0,,,strict_backbone
暑期学生补习班,0,3,3,0,,,strict_backbone
省三师学潮,0,2,0,0,,,context_only
军事方针意见,0,5,0,0,,,context_only
者兰会议,0,2,2,0,,,strict_backbone
土改后阶级处理,0,3,1,1,,,strict_backbone
辽沈战役,0,9,0,0,,,context_only
新中国成立/进入新历史时期,0,1,0,0,,,context_only
永龙分县代表会议,0,1,0,0,,,context_only
收回英租界斗争,0,2,2,0,1920-01-01,1920-12-31,strict_backbone
南昌船工人罢工,0,2,0,0,,,context_only
革命文艺传播,0,3,0,0,,,context_only
三打马厂,0,3,1,0,,,strict_backbone
翻身会,1,28,5,1,,,strict_backbone
徐州沙庄战斗,1,5,2,0,,,strict_backbone
湖南地下工作,0,3,1,0,,,strict_backbone
四渡赤水,0,6,2,0,,,strict_backbone
古邵暴动,0,2,2,0,,,strict_backbone
盐民反革命运动,0,2,2,0,,,strict_backbone
百日大战,0,4,2,0,,,strict_backbone
地下工作,1,40,5,2,,,strict_backbone
庆祝‘五一’劳动节大会,0,1,0,0,,,context_only
粤汉铁路和汉口人力车工人罢工,2,6,6,0,,,strict_backbone
攻打大定百纳场黄家坝战斗,0,3,3,0,,,strict_backbone
组织土匪/成立司令部,0,5,1,0,,,strict_backbone
长甘桥谈判,0,1,1,0,,,strict_backbone
整编行动,0,4,4,1,1949-01-01,1949-12-31,strict_backbone
分粮分地、焚毁田契债约,0,0,0,0,,,isolated
宣传回民政策与宰牛分肉,0,5,3,0,,,strict_backbone
马克思主义在威远的传播,0,3,1,0,,,strict_backbone
邮电接收后续工作安排,0,1,0,0,,,context_only
常宁农民运动,0,3,1,0,,,strict_backbone
沛南玉皇庙党的活动分子会议,0,2,2,0,,,strict_backbone
沙子哨战斗,0,3,0,0,,,context_only
八一起义三周年纪念活动,0,3,3,0,,,strict_backbone
铁石山农民武装暴动,4,8,4,1,,,strict_backbone
筹组武装力量,0,3,0,0,,,context_only
民工伤亡,0,1,0,0,,,context_only
郎岱县革命斗争,1,1,1,0,,,strict_backbone
中国共产党第六次全国代表大会,0,3,0,0,,,context_only
株洲转运工人罢工,0,2,2,0,,,strict_backbone
宽大与镇压政策,0,3,0,0,,,context_only
第一次全国苏维埃区域代表大会,0,3,0,0,,,context_only
军队整编,0,6,0,0,,,context_only
突围/被俘/就义,0,0,0,0,,,isolated
自卫战争动员粉碎内战,0,4,1,0,,,strict_backbone
庐山会谈,0,5,3,0,,,strict_backbone
爆炸事件,1,1,1,0,,,strict_backbone
岭江警察所袭击,0,3,3,0,,,strict_backbone
查尼皮会议,0,9,6,0,,,strict_backbone
六马区农民暴动,0,1,0,0,,,context_only
攻张潭,0,1,1,0,,,strict_backbone
突围战斗,0,11,7,0,,,strict_backbone
黔东群众工作,0,2,0,0,,,context_only
六安县总工会成立,0,3,0,0,,,context_only
狼山民兵联合防线,0,3,0,0,,,context_only
茗洋年关暴动,0,2,2,0,,,strict_backbone
沙市纱厂事件,0,5,2,0,,,strict_backbone
迎接中央首长进城,0,4,4,0,,,strict_backbone
黔东特区第一次工农兵苏维埃大会,0,4,2,0,,,strict_backbone
西盟叛乱,0,2,0,0,,,context_only
溪口战斗,0,6,1,1,,,strict_backbone
龙武县城进攻,0,2,1,0,,,strict_backbone
变工队,0,3,0,0,,,context_only
敌占巢县西犯,0,3,1,0,,,strict_backbone
崇德农民暴动,2,2,2,0,,,strict_backbone
余干县知青联谊会,0,3,0,0,,,context_only
"粤,类型:领导,描述:林育南领导示威活动",0,1,0,0,,,context_only
宜城农民运动,0,2,2,0,,,strict_backbone
江西青年服务团,0,2,0,0,,,context_only
打土豪分田地运动,1,74,43,5,1936-01-01,1936-12-31,strict_backbone
诱杀袁祖铭行动,0,3,1,0,,,strict_backbone
当阳战斗,1,6,3,1,,,strict_backbone
妇女解放运动,4,42,28,1,,,strict_backbone
火烧竹篱笆,0,11,2,0,,,strict_backbone
社会主义青年团组织活动,1,2,2,0,,,strict_backbone
民众剧社,1,10,3,0,,,strict_backbone
苏中抗日根据地创建与反扫荡斗争,0,5,3,1,,,strict_backbone
黄金山战斗,0,6,3,0,,,strict_backbone
威赫战役,0,3,1,0,,,strict_backbone
大柏圩战斗,0,6,5,0,,,strict_backbone
盐阜区民兵工作,0,2,1,0,,,strict_backbone
织金解放,0,4,0,0,,,context_only
解放四川,2,7,4,0,,,strict_backbone
县属解放事件,0,1,0,0,,,context_only
合师校学运,0,1,0,0,,,context_only
黄口暴动,1,27,15,0,1930-01-01,1930-12-31,strict_backbone
中共云南省临时委员会扩大会议,0,3,1,0,,,strict_backbone
冒水井到分水岭阻击战,0,1,1,0,,,strict_backbone
特别法庭审判梁荣铨事件,0,2,2,0,,,strict_backbone
苏南湾休整,0,4,0,0,,,context_only
革命烈士事迹,0,5,3,0,,,strict_backbone
组织农民反‘三征’,0,3,1,1,,,strict_backbone
逮捕进步学生事件,1,3,1,0,,,strict_backbone
洼垤会师合编,0,3,0,0,,,context_only
孙小庄反击战,0,1,0,0,,,context_only
区县两级建政,0,3,0,0,,,context_only
罢课运动,1,14,8,2,,,strict_backbone
皖浙赣前委第一次扩大会议,0,1,0,0,,,context_only
清廉运动,0,3,0,0,,,context_only
二打掘港,0,3,3,0,,,strict_backbone
化装设伏巧捕敌,0,2,2,0,,,strict_backbone
南京社会主义青年团章程,1,3,1,1,,,strict_backbone
中共德安县第一次党员代表大会,0,1,0,0,,,context_only
武装警察镇压事件,0,3,1,0,,,strict_backbone
南繁战役,0,5,2,1,,,strict_backbone
万铜丰县成立,0,3,0,0,,,context_only
雪花坳战斗,0,7,4,0,,,strict_backbone
红十军第一次入闽,0,8,1,0,,,strict_backbone
肃反路线,0,2,2,0,,,strict_backbone
建筑业民改体会与诉苦,0,3,0,0,,,context_only
参军抉择,0,1,0,0,,,context_only
征粮支前工作,0,12,2,0,,,strict_backbone
涪陵县中事件,0,3,2,0,,,strict_backbone
盐城战役,3,13,11,1,,,strict_backbone
芦东茆渡伏击战,0,2,2,0,,,strict_backbone
参军长征/浴血奋战,0,3,0,0,,,context_only
猫儿寨失利事件,0,2,0,0,,,context_only
如皋城战斗,0,6,0,1,,,context_only
独四师整训活动,0,5,2,0,,,strict_backbone
上海五九国耻纪念会,0,3,0,0,,,context_only
虎南大游击队成立事件,0,2,2,0,,,strict_backbone
反对征收糖捐运动,0,5,5,0,,,strict_backbone
北伐军援助活动,0,2,2,0,,,strict_backbone
敌后交通站,0,3,2,0,,,strict_backbone
组织赤卫队,0,2,1,0,,,strict_backbone
盐阜群众运动,0,3,1,0,,,strict_backbone
涪陵县农民协会成立大会,0,5,0,0,,,context_only
永胜罗瑛事变,0,3,0,0,,,context_only
第二次解救师宗县城,3,5,3,0,,,strict_backbone
开钟暴动,0,2,0,0,,,context_only
抗敌后援会与华蓥山统战,0,3,1,0,,,strict_backbone
湖北人民众抗敌宣传团第二队,0,3,0,1,,,context_only
蜀光校友会,1,6,2,0,,,strict_backbone
革命,7,38,12,0,,,strict_backbone
长岭寨战斗,1,5,2,0,,,strict_backbone
铅印活版印刷工人罢工,1,5,3,1,,,strict_backbone
士兵与学生运动忽视,0,1,0,0,,,context_only
暴动事件,2,27,17,0,,,strict_backbone
义卖活动,1,12,6,0,,,strict_backbone
中华民国学生联合会总会第七届全国代表大会,0,1,0,0,,,context_only
永绥游击队蒋永彬部政工队,0,2,0,0,,,context_only
南昌县农民协会成立,0,6,3,0,,,strict_backbone
古达剿匪,0,1,0,0,,,context_only
工人武装暴动,0,1,0,0,,,context_only
特务袭击事件,0,4,0,0,,,context_only
抢占县府,0,4,0,0,,,context_only
打破五次反围剿,0,3,1,0,,,strict_backbone
香炉山剿匪,0,2,2,0,,,strict_backbone
培养干部,0,6,0,0,,,context_only
梧凤场暴动,0,1,0,0,,,context_only
春耕生产与土改结合,0,3,0,0,,,context_only
湘黔边/长征途中,0,2,0,0,,,context_only
四望山暴动,0,1,1,0,,,strict_backbone
冬季大‘扫荡’,0,3,0,1,,,context_only
保山边防区基干团,0,2,0,0,,,context_only
牛家塘战斗,0,3,3,0,,,strict_backbone
中共崇宁县党组织领导的群众运动,1,4,1,0,,,strict_backbone
中秋暴动,2,21,10,0,,,strict_backbone
湘江战役突破第四道封锁线渡过湘江,0,3,0,0,,,context_only
徐家棚工人斗争,1,1,1,0,,,strict_backbone
苏北新四军围剿事件,0,3,0,1,,,context_only
坚守县城/清匪,0,1,1,0,,,strict_backbone
渡江南征,1,1,1,0,,,strict_backbone
个碧铁路运动,1,5,3,0,,,strict_backbone
蜀地之战,0,5,3,0,,,strict_backbone
党史征集,1,5,3,0,,,strict_backbone
第二次围剿,0,3,1,1,,,strict_backbone
杨家庄战斗,0,6,3,1,,,strict_backbone
剑川四·二暴动,5,14,9,0,,,strict_backbone
军事斗争思想检讨,0,2,1,0,,,strict_backbone
高虎脑战役,0,5,5,0,,,strict_backbone
羊场事件,3,19,9,1,1950-01-01,1950-12-31,strict_backbone
万源保卫战,2,23,14,1,,,strict_backbone
沙地练字/手把手教学,0,1,1,0,,,strict_backbone
罗河战斗,0,1,0,0,,,context_only
阵地防御战,0,2,2,0,,,strict_backbone
罗广文策反行动,0,1,1,0,,,strict_backbone
苏州解放,0,2,2,0,,,strict_backbone
武汉会战/抗战时期地下工作,0,3,3,0,,,strict_backbone
濉溪酒坊保护,0,4,0,0,,,context_only
保山瓦窑之战,0,1,0,0,,,context_only
攻克新集城,0,3,3,0,,,strict_backbone
淮南抗日义勇军大队,0,5,1,0,,,strict_backbone
各族代表会议,1,2,2,0,,,strict_backbone
抢米暴动,0,3,0,1,,,context_only
郎纳水三三暴动,0,1,1,0,,,strict_backbone
停止内战联合抗日谈判,0,2,0,0,,,context_only
五一总示威与红色五月计划,0,1,0,0,,,context_only
歼匪与缴枪,0,2,0,0,,,context_only
打土豪斗争,0,17,12,0,,,strict_backbone
反右倾斗争,0,4,1,0,,,strict_backbone
四化建设,1,8,4,0,,,strict_backbone
五里桥战斗,0,2,2,0,,,strict_backbone
红二、六军团在黔、大、毕扩红运动,0,1,0,0,,,context_only
清匪指示,0,1,0,0,,,context_only
调查研究,0,7,1,0,,,strict_backbone
向建水进军与狗街设防,0,5,4,0,,,strict_backbone
湘赣边区武装斗争,0,2,2,0,,,strict_backbone
皖南地区统战工作,0,1,0,0,,,context_only
五四纪念周活动,0,4,4,0,,,strict_backbone
剑川土共,0,3,0,0,,,context_only
全国职工运动讨论会,0,9,0,0,,,context_only
纺织工会会议与发展民间纺织,0,1,1,0,,,strict_backbone
夜袭田家滩战斗,0,2,2,0,,,strict_backbone
策反团防局,0,1,1,0,,,strict_backbone
儿童团组织,0,3,0,0,,,context_only
重庆镇压学生运动,0,3,0,0,,,context_only
武胜三派起义,0,2,2,0,,,strict_backbone
红三军转战鄂川边境,0,6,2,1,,,strict_backbone
反蒋武装斗争准备,0,1,0,0,,,context_only
会剿会议,0,1,0,0,,,context_only
救荒与反霸斗争,0,2,0,0,,,context_only
乐安县游击大队,0,2,2,0,,,strict_backbone
红十军政治工作,0,1,1,0,,,strict_backbone
雪凉合围、雷公山合围、盘山合围,0,0,0,0,,,isolated
十月革命飞行集会,0,2,0,0,,,context_only
保家乡运动,0,3,0,0,,,context_only
崇义暴动,0,2,2,0,,,strict_backbone
扩红/整编,0,0,0,0,,,isolated
反日反帝运动,0,3,0,0,,,context_only
双减政策,0,2,0,0,,,context_only
与南京反动政府谈判,0,2,0,0,,,context_only
沙磁区撤退行动,0,3,0,1,,,context_only
普洱县追梨河战斗,0,3,0,0,,,context_only
反饥饿学生运动,0,2,2,0,,,strict_backbone
讨论大会,0,1,0,0,,,context_only
十总店大屠杀,0,3,1,0,,,strict_backbone
荣县独立,0,8,6,0,,,strict_backbone
白枝母战斗与新城休整,0,5,5,0,,,strict_backbone
农民逃生团,0,7,1,0,,,strict_backbone
五四爱国运动,4,39,31,1,,,strict_backbone
清贫生活,0,3,1,0,,,strict_backbone
瓦屋塘战斗,0,2,2,0,,,strict_backbone
反对唐生智斗争,0,4,4,3,1920-01-01,1920-12-31,strict_backbone
凌机伏击战,1,5,3,3,,,strict_backbone
五里槐战斗,0,5,5,0,,,strict_backbone
朱总司令讲话,0,3,1,0,,,strict_backbone
武装建设经验,0,3,0,0,,,context_only
恢复工作,0,3,0,0,,,context_only
川东游击军序列,0,8,0,0,,,context_only
东兰惨案,0,2,2,0,,,strict_backbone
新四军改编事件,0,3,0,0,,,context_only
抗日救亡宣传运动,1,5,2,0,,,strict_backbone
抗大九分校一大队,0,10,0,0,,,context_only
星子农民暴动,4,6,6,0,,,strict_backbone
秋收减租运动,0,1,1,0,,,strict_backbone
桐梓赤卫队,0,2,2,0,,,strict_backbone
战斗/病故/牺牲,0,2,0,0,,,context_only
清水寨暴动,6,29,15,0,,,strict_backbone
武装抗捐斗争,1,17,11,0,,,strict_backbone
军阀混战围攻,0,3,3,0,,,strict_backbone
《关于目前形势与斗争方针的指示》,0,2,0,0,,,context_only
将军坡高地战斗,0,1,0,0,,,context_only
统战政策运用,0,6,0,0,,,context_only
五卅惨案纪念会,0,1,0,0,,,context_only
隐蔽活动,1,4,2,1,,,strict_backbone
万户庄突围,0,6,1,1,,,strict_backbone
《反三征》,0,3,0,0,,,context_only
预借公粮,0,1,0,0,,,context_only
剿匪反霸斗争,1,40,9,1,1950-01-01,1950-12-31,strict_backbone
群众政治斗争,0,3,0,0,,,context_only
王光泽牺牲,0,5,1,0,,,strict_backbone
落孔战斗,0,1,0,0,,,context_only
淮南津浦路西抗日民主政权,0,2,0,0,,,context_only
赤卫军动员体系,0,3,0,0,,,context_only
金沙江渡江战役,1,6,4,0,,,strict_backbone
逆产案件处理/房屋租赁管理,0,3,1,0,,,strict_backbone
皖西剿匪,0,3,0,1,,,context_only
反蒋武装暴动,0,3,0,0,,,context_only
攻城打援战斗,0,4,4,0,,,strict_backbone
跃马坎战役,0,3,1,1,,,strict_backbone
反帝反军阀运动,0,5,3,0,,,strict_backbone
华中分局改组为华东局,1,4,2,0,,,strict_backbone
第四、第五次反‘围剿’斗争,0,0,0,0,,,isolated
南腰界胜利会师,1,2,2,0,,,strict_backbone
夏征任务,0,2,1,0,,,strict_backbone
接管施秉县城,0,1,1,0,,,strict_backbone
青岩战斗,0,3,3,0,,,strict_backbone
鄣公山会议,0,3,0,0,,,context_only
东山敌伪顽匪活动,0,3,0,0,,,context_only
攻打没口围防局,0,1,1,0,,,strict_backbone
川滇黔边区革命活动,0,1,0,0,,,context_only
百色起义,9,25,21,0,,,strict_backbone
襄阳学潮斗争,0,2,2,0,,,strict_backbone
北伐军进徽州与工农运动,0,3,1,0,,,strict_backbone
纪念孔子诞辰集会,1,4,2,0,,,strict_backbone
干部训练,0,7,3,1,,,strict_backbone
泾县滩坑扩大会议,0,3,1,0,,,strict_backbone
梵净山合围,0,3,0,0,,,context_only
国民党黔阳县第一届代表大会,0,3,1,0,,,strict_backbone
浪河口伏击战,0,3,2,0,,,strict_backbone
罢教行动,1,4,1,0,,,strict_backbone
地下新闻斗争,0,3,0,0,,,context_only
支援、前线运动,0,1,1,0,,,strict_backbone
江津和平解放,1,13,8,0,1949-01-01,1949-12-31,strict_backbone
禁毒第二阶段集训坦白,0,2,0,0,,,context_only
大会结束与献花致敬,0,1,0,0,,,context_only
第二次解放沿河,0,2,2,0,,,strict_backbone
'一二·一'学生爱国运动,0,5,1,0,,,strict_backbone
海田游击大队,0,30,0,0,,,context_only
牛栏前会议,0,1,1,0,,,strict_backbone
惠水涟江灌溉工程,0,3,1,0,,,strict_backbone
抗租斗争,0,6,2,0,,,strict_backbone
二十八,0,1,0,0,,,context_only
恢复党组织斗争,0,2,2,0,,,strict_backbone
大义灭亲除汉奸,0,4,1,0,,,strict_backbone
解放大西南战斗,0,3,0,0,,,context_only
斗争违法地主,0,3,0,0,,,context_only
太湖剿匪,0,3,1,0,,,strict_backbone
剿匪收枪,0,4,1,0,,,strict_backbone
寻找游击队联络,0,3,1,0,,,strict_backbone
三民社,1,13,6,0,,,strict_backbone
反内战、反迫害、反饥饿学运,0,1,0,0,,,context_only
涪陵四镇乡农民运动,1,5,2,0,,,strict_backbone
劳动童子团,0,3,1,0,,,strict_backbone
政治会议,0,2,2,0,,,strict_backbone
苦桃井-狗场战役,0,3,0,0,,,context_only
深入发动群众,0,1,0,0,,,context_only
长途运输支前,0,8,4,0,,,strict_backbone
社会主义革命和建设时期,0,3,2,0,,,strict_backbone
万县惨案反英斗争,0,4,4,0,,,strict_backbone
湘西围剿军,0,1,0,0,,,context_only
游击队第十三支队成立事件,0,2,0,0,,,context_only
拉丁化新文字推广运动,0,2,2,0,,,strict_backbone
组织财政收入,0,2,0,0,,,context_only
书写保护雇工权益标语,0,4,2,0,,,strict_backbone
第三次反‘围津’斗争,0,1,0,0,,,context_only
廖塘桥伏击战,0,2,2,0,,,strict_backbone
扫荡金坛之敌,0,1,0,0,,,context_only
江苏省临时军法会审处,0,3,0,0,,,context_only
设立野战医院,0,2,0,0,,,context_only
中国革命运动史,0,3,0,0,,,context_only
金坡乡土匪袭击事件,0,2,0,0,,,context_only
五·二〇学生活动,0,1,0,0,,,context_only
昆明县农民运动,0,7,7,0,,,strict_backbone
学生集会规定,0,3,0,0,,,context_only
反对邓学生斗争,0,3,0,0,,,context_only
九江社,1,1,1,0,,,strict_backbone
农运/工运,0,0,0,0,,,isolated
徐州国民党右派进攻,0,2,2,0,,,strict_backbone
书写标语,0,3,0,0,,,context_only
镇抚起义,0,3,0,0,,,context_only
浙东行署,0,2,0,0,,,context_only
青救团万人大会,0,2,2,0,,,strict_backbone
开远反三征斗争与武工队组建,0,1,0,0,,,context_only
创进社(C·T),0,3,0,0,,,context_only
解放青海,0,1,0,0,,,context_only
新桥区委(一区区委)成立,0,1,0,0,,,context_only
春耕竞赛,0,2,2,0,,,strict_backbone
发行华中货币,3,6,3,0,,,strict_backbone
盐工运动,0,2,2,1,,,strict_backbone
重庆五·三惨案,0,2,2,0,,,strict_backbone
六条协定,0,3,0,0,,,context_only
重庆撤退行动,0,1,0,0,,,context_only
宣威兔场游击大队,0,6,0,0,,,context_only
王集区队,0,1,0,0,,,context_only
钢厂事件,0,7,0,0,,,context_only
七·四农暴,0,1,1,0,,,strict_backbone
重安江战斗,0,1,0,0,,,context_only
读报组,0,3,0,0,,,context_only
四中全会,0,14,1,0,,,strict_backbone
抗日游击战争准备,0,3,0,0,,,context_only
九游政工队,0,4,0,0,,,context_only
围城打援战,0,2,0,0,,,context_only
正式代表会议,0,1,0,0,,,context_only
花沟集战斗,0,3,0,0,,,context_only
江北重城解放,0,6,2,0,,,strict_backbone
陈家寨战斗,0,1,0,0,,,context_only
联亲联族寨联寨,0,3,0,0,,,context_only
土匪暴乱/组织联防,0,2,0,0,,,context_only
抗战后援会,2,8,3,1,,,strict_backbone
鲁迅读书会,0,5,3,0,,,strict_backbone
英山高家冲战斗,0,1,0,0,,,context_only
锄奸治保,0,3,1,1,,,strict_backbone
华容解放,0,1,0,0,,,context_only
沙溪王东阁战斗,0,2,2,0,,,strict_backbone
江阴封锁日舰事件,0,2,2,0,,,strict_backbone
边打边退至老堡湾防守,0,2,2,0,,,strict_backbone
思想教育运动,0,3,0,1,,,context_only
公债券发行,0,9,2,0,,,strict_backbone
江华农民运动,1,8,8,0,,,strict_backbone
清匪运动,1,25,14,1,,,strict_backbone
解放黟城行动,0,3,3,0,,,strict_backbone
许秀英护理伤员,0,1,1,0,,,strict_backbone
登步岛登陆作战,0,1,0,0,,,context_only
牛头山战斗,0,5,2,1,,,strict_backbone
江浦地区抗日斗争,0,3,0,0,,,context_only
孙绍武败退,0,1,0,0,,,context_only
海海战役,0,6,0,0,,,context_only
苏常太清乡斗争,0,3,0,0,,,context_only
平察乡对敌斗争,0,4,0,0,,,context_only
春季暴动,0,3,1,0,,,strict_backbone
虹桥起义,0,3,0,0,,,context_only
黎平县会议学术讨论会,0,3,0,0,,,context_only
长征过黔,0,1,0,0,,,context_only
民盟四中全会,0,5,2,0,,,strict_backbone
边界党活动,0,4,0,0,,,context_only
武汉工团成立,0,1,0,0,,,context_only
九江县苏区政权建立,0,6,1,0,,,strict_backbone
皖南事变反扫荡,0,2,2,0,,,strict_backbone
纳雍垭口苗族民兵队伍,0,2,2,0,,,strict_backbone
解放黄平与保卫山凯,0,3,0,0,,,context_only
罗平县解放斗争,1,2,2,0,,,strict_backbone
四好连队建设,0,1,0,0,,,context_only
木机纺纱社,1,10,4,1,,,strict_backbone
民主革命统一战线,0,2,0,0,,,context_only
老鸡厂设伏战斗,0,1,0,0,,,context_only
三轮车工人罢工,0,5,2,0,,,strict_backbone
解放剿匪,0,1,1,0,,,strict_backbone
学生运动/阅读进步书籍,0,1,1,0,,,strict_backbone
剿匪斗争总结/阶级大搏斗,0,6,0,0,,,context_only
四一后援会与学生游行,0,3,3,0,,,strict_backbone
反蒋自卫战争,0,1,0,0,,,context_only
鸡场战斗,0,7,2,0,,,strict_backbone
全面反驻剿,0,1,0,0,,,context_only
红军政治工作会议,0,5,0,1,,,context_only
军火准备,0,2,0,0,,,context_only
警管区制,0,3,0,0,,,context_only
借粮济贫运动,0,6,2,1,1927-01-01,1927-12-31,strict_backbone
新街农民暴动,0,2,2,0,,,strict_backbone
金塘岛解放,0,5,0,0,,,context_only
太行山抗大总校,0,2,0,0,,,context_only
九棵树会议,0,1,1,0,,,strict_backbone
"对私改造五, 0小组",0,1,0,0,,,context_only
衡山策反行动,1,1,1,0,,,strict_backbone
甘竹乡自卫连,0,6,1,0,,,strict_backbone
贵州解放前夕,0,3,0,0,,,context_only
十八军改编,0,3,0,0,,,context_only
"""九·九""会议",0,3,0,0,,,context_only
峨山县甸中解放区,0,2,0,0,,,context_only
扩大群众运动,0,1,0,0,,,context_only
台山惨案,0,3,0,0,,,context_only
编演宣传剧目,0,2,2,0,,,strict_backbone
接受阻击任务/掩护渡江,0,2,0,0,,,context_only
灵山寨脚战斗,0,3,0,0,,,context_only
马关县八寨农民武装暴动,0,5,5,1,1927-01-01,1927-12-31,strict_backbone
黔东北会剿,0,1,1,0,,,strict_backbone
土桥农民武装暴动,0,4,3,0,,,strict_backbone
补习班活动,0,2,2,0,,,strict_backbone
小发召会议,1,16,11,1,,,strict_backbone
三路进攻,0,3,1,0,,,strict_backbone
《孩子剧团》,0,2,2,0,,,strict_backbone
黔东南剿匪斗争,0,3,1,0,,,strict_backbone
红三军肃反运动,0,6,1,0,,,strict_backbone
一二·九运动波及蚌埠,0,1,1,0,,,strict_backbone
大革命时期工青妇组织活动,0,3,1,0,,,strict_backbone
八·一三农民暴动,0,3,1,0,,,strict_backbone
党的第二次全国代表大会,0,1,1,0,,,strict_backbone
收缴民枪工作,0,1,0,0,,,context_only
土地斗争,1,16,5,0,,,strict_backbone
鄂豫皖反围剿斗争,1,5,4,0,,,strict_backbone
‘四抗’斗争,0,1,1,0,,,strict_backbone
筹组校董会办理立案,0,1,0,0,,,context_only
苏州洞庭西山农民抗租斗争,0,2,2,0,,,strict_backbone
云南边区解放斗争,0,4,4,1,,,strict_backbone
突破最后封锁线政治动员,0,1,0,0,,,context_only
豆叩寺叛乱,0,4,1,0,,,strict_backbone
川北游击纵队司令部成立,0,2,2,0,,,strict_backbone
綦江县反帝反封建斗争,0,6,3,0,,,strict_backbone
清江会议,0,3,1,0,,,strict_backbone
北伐军攻克长沙,0,6,4,0,,,strict_backbone
平反昭雪,1,5,2,0,,,strict_backbone
"设宴招待撮科敌军官,席间将其劫持,以武力强迫其下令缴械投降。以此拉开武装斗争序幕",0,1,0,0,,,context_only
新政治协商会议筹备会,1,5,2,0,,,strict_backbone
黄陂桥战斗,1,2,2,0,,,strict_backbone
反富农路线斗争,0,6,5,0,,,strict_backbone
昭通学生爱国联合会,1,9,1,0,,,strict_backbone
反彭斗争,1,12,7,1,,,strict_backbone
砖桥乡土改试点,0,5,2,0,,,strict_backbone
澧一文化社,0,6,1,0,,,strict_backbone
整党建党工作,1,5,1,0,,,strict_backbone
克浪游击队成立事件,0,2,2,0,,,strict_backbone
清党行动,0,1,1,0,,,strict_backbone
土地革命/反苛捐杂税宣传,0,1,0,0,,,context_only
苏皖地区反顽战线,0,2,2,0,,,strict_backbone
游击队人员认定与待遇落实,0,2,0,0,,,context_only
德泽大桥战斗,0,1,0,0,,,context_only
中国国民党第一次全国代表大会,0,4,1,0,,,strict_backbone
运河堤抢修,0,3,0,0,,,context_only
游击队斗争,0,3,2,0,,,strict_backbone
远征湖北会师武汉,1,8,4,0,,,strict_backbone
群众工作方式教育,0,5,2,0,,,strict_backbone
自流井盐场工人大会罢工,0,3,3,0,,,strict_backbone
清理恢复组织与发展党员,0,2,2,0,,,strict_backbone
华坪武装起义,0,3,0,0,,,context_only
南芜游击队第四中队,0,1,0,0,,,context_only
罗广文军清剿,0,3,0,0,,,context_only
四·一·二分区集会游行,0,2,0,0,,,context_only
夜袭沿埠头,0,3,1,0,,,strict_backbone
民兵发展收买与抓丁现象,0,6,3,0,,,strict_backbone
赣东北五县共产党员会议,2,2,2,0,,,strict_backbone
中共汉寿县委成立,0,1,0,0,,,context_only
解放西南胜利纪念章,0,3,2,0,,,strict_backbone
分配机动田,0,5,1,0,,,strict_backbone
新干妇女训练班,0,2,2,0,,,strict_backbone
军队与党的组织系统建设,0,1,1,0,,,strict_backbone
土匪搜查与乡公所审讯,0,4,1,0,,,strict_backbone
永丰龙岗歼灭战,0,3,3,0,,,strict_backbone
郭辛白,0,1,0,0,,,context_only
解放金沙战斗史,0,2,2,0,,,strict_backbone
石屏解放,0,1,1,0,,,strict_backbone
陆良武装暴动准备,0,1,0,0,,,context_only
青阳镇青年抗敌协会成立,0,1,0,0,,,context_only
人民政府剿匪行动,0,2,0,0,,,context_only
缅宁城整训,0,6,0,0,,,context_only
立煌妇抗,0,3,1,1,,,strict_backbone
元谋解放,0,2,2,0,,,strict_backbone
马街缴枪,0,3,2,0,,,strict_backbone
粉碎五次‘围剿’,0,16,6,2,,,strict_backbone
无线电训练班,0,2,0,0,,,context_only
护国战争,0,3,1,1,1915-01-01,1915-01-31,strict_backbone
排衅游击大队,0,2,0,0,,,context_only
红十六师与红十七师会合,0,3,1,3,,,strict_backbone
抗日自卫大队,1,5,3,0,,,strict_backbone
綦江国民外交后援会筹备处,0,1,0,0,,,context_only
合川第一届县委成立,0,3,2,0,,,strict_backbone
淮泗参军运动,0,3,0,0,,,context_only
大良田会议,0,1,1,0,,,strict_backbone
入滇行动,0,1,0,0,,,context_only
长江航权斗争,0,3,0,0,,,context_only
五四运动纪念活动,2,20,11,1,,,strict_backbone
工人运动部,0,1,0,0,,,context_only
水郎盛合围战,0,9,5,1,,,strict_backbone
反扫荡战役,0,20,3,2,,,strict_backbone
党籍恢复介绍,0,2,2,0,,,strict_backbone
四·二八暴动,0,2,2,0,,,strict_backbone
安庆解放,2,6,4,0,,,strict_backbone
成立赣南行委,0,3,1,0,,,strict_backbone
江南铁路破坏行动,0,2,2,0,,,strict_backbone
志愿军入朝参战,0,2,1,0,,,strict_backbone
方家坪反动会道门围歼战,0,5,3,1,,,strict_backbone
抗击溃军,0,3,0,0,,,context_only
流动供应/建立支店,0,2,2,0,,,strict_backbone
劳资仲裁与罢工斗争,0,1,1,0,,,strict_backbone
粉碎敌人五次‘围剿’,0,2,2,0,,,strict_backbone
设立大众饭店,0,8,4,0,,,strict_backbone
六师反顽斗争,0,3,0,0,,,context_only
红军第一次全国政治工作会议,0,2,0,0,,,context_only
斗争形式,0,1,0,0,,,context_only
盘北地区斗争,0,4,4,1,1948-01-01,1948-12-31,strict_backbone
戴埠战斗,0,5,3,1,,,strict_backbone
镇远抗日救亡活动,1,2,2,0,,,strict_backbone
耿吴刘叛变,0,3,1,0,,,strict_backbone
过江工作总结,0,2,0,0,,,context_only
《武汉人民解放先锋队队章》,0,3,1,0,,,strict_backbone
耿马战役,0,10,3,0,,,strict_backbone
树旗成立武装,0,1,0,0,,,context_only
纪念俄国十月革命4周年大会,2,2,2,0,,,strict_backbone
滨海大队,0,6,0,0,,,context_only
南漳县战时教育工作促进团,0,3,0,0,,,context_only
鄂西游击战,0,3,0,0,,,context_only
鄂豫皖第二次反‘围剿’,0,4,2,0,,,strict_backbone
蔡江县委成立,0,18,2,0,,,strict_backbone
大柏地战役,0,3,0,0,,,context_only
战备动员/扩军训练,0,1,0,0,,,context_only
极左主义,0,11,1,0,,,strict_backbone
均县城战斗,0,8,5,0,,,strict_backbone
遵义解放,1,7,4,0,1949-01-01,1949-12-31,strict_backbone
抗击罗瑛斗争,0,2,1,0,,,strict_backbone
毕节地区解放与剿匪斗争,3,7,7,0,,,strict_backbone
移民并村/封锁,0,2,0,0,,,context_only
马良坪战斗,0,12,11,0,,,strict_backbone
援助罢工工友,0,1,0,0,,,context_only
赤色游击战争,1,5,3,0,,,strict_backbone
国共统一战线,0,11,2,0,,,strict_backbone
收复班利战斗,0,3,0,0,,,context_only
廉洁奉公/买辣椒/批评事务长,0,4,1,0,,,strict_backbone
抢占渡口,0,1,1,0,,,strict_backbone
新民主主义乡村工作团,0,1,0,0,,,context_only
贵州剿匪斗争,1,4,4,0,1950-01-01,1950-12-31,strict_backbone
沭阳新河农民暴动,2,2,2,0,,,strict_backbone
混入革命队伍窃取情报,0,3,0,0,,,context_only
岳北暴动,0,2,0,0,,,context_only
昭通学生游行,2,6,2,0,,,strict_backbone
九江县大暴动,0,4,4,0,,,strict_backbone
碉楼攻防战,0,3,1,0,,,strict_backbone
散发錾刻革命标语,0,6,2,0,,,strict_backbone
红二方面军进驻黔西,0,2,2,0,,,strict_backbone
镇雄县雨洒河街战斗,0,2,0,0,,,context_only
扩军动员反霸斗争大生产,0,2,2,0,,,strict_backbone
强渡江河行动,0,3,0,0,,,context_only
溧高县抗日民主政府成立,0,9,0,0,,,context_only
赖心辉部,0,1,0,0,,,context_only
坚守官屯,0,2,2,0,,,strict_backbone
教育工作恢复与发展,0,2,0,0,,,context_only
英帝国主义者干涉事件,0,1,0,0,,,context_only
‘五·二〇’学生运动,0,25,10,2,1947-01-01,1947-12-31,strict_backbone
湖北的农民运动,1,2,2,3,1926-01-01,1926-12-31,strict_backbone
工作整顿与人员交接,0,1,0,0,,,context_only
土改,2,96,22,3,,,strict_backbone
武佐乡战斗,0,1,0,0,,,context_only
木排破坏行动,0,5,2,0,,,strict_backbone
防汛救灾与贷种改种,0,1,0,0,,,context_only
义勇军打桩战,0,1,1,0,,,strict_backbone
西乐坪战斗,0,3,0,0,,,context_only
小视村事件,0,5,2,1,,,strict_backbone
铲除工界虎伥案,0,3,0,0,,,context_only
中央特科工作,0,2,2,0,,,strict_backbone
劝用国货会,0,1,1,0,,,strict_backbone
苏维埃机关,0,6,0,0,,,context_only
国大旧代表问题,0,3,0,0,,,context_only
高洋坳战斗,0,3,2,0,,,strict_backbone
弥泸区游击战争,0,1,0,0,,,context_only
贵州盘县会晤,0,4,4,0,,,strict_backbone
邵埠地会议,0,3,0,0,,,context_only
宿县南战役,0,6,1,0,,,strict_backbone
中共苏区中央局第一次扩大会议,0,3,3,0,,,strict_backbone
党史大事记编纂,0,3,0,0,,,context_only
西山会议,0,5,0,0,,,context_only
上海区委改组会议,0,3,0,0,,,context_only
反帝大同盟组织,0,1,1,0,,,strict_backbone
武汉国民大会,0,3,3,0,,,strict_backbone
抓捕范克功,0,2,2,0,,,strict_backbone
6纵18旅,0,1,0,0,,,context_only
清剿土匪行动,0,19,8,1,,,strict_backbone
湘赣边牧牧起义,0,3,1,2,,,strict_backbone
瓦埠农民暴动爆发,0,2,0,0,,,context_only
立墓碑事件,0,4,2,0,,,strict_backbone
进贤和平起义,0,6,0,0,,,context_only
分区游行,0,11,3,0,,,strict_backbone
营救李觉等同志行动,0,4,4,1,,,strict_backbone
《李闯王》,0,3,0,0,,,context_only
抵制日货斗争,0,3,1,0,,,strict_backbone
马祖庵会议,0,2,0,0,,,context_only
上海联络工作,0,3,1,0,,,strict_backbone
粮食征调,0,3,2,0,,,strict_backbone
四、五十人起义,1,1,1,0,,,strict_backbone
砖桥乡群众运动,0,2,2,1,1946-01-01,1946-12-31,strict_backbone
搜剿经验总结,0,3,0,0,,,context_only
湘赣边界秋收暴动,2,4,4,0,,,strict_backbone
打邓坊,1,2,1,0,,,strict_backbone
游击总队2大队,0,1,0,0,,,context_only
三民主义,0,10,0,0,,,context_only
红十军建军历程,0,1,0,0,,,context_only
老营盘围歼指挥战斗,0,1,0,0,,,context_only
红三军智收神兵,0,6,1,1,,,strict_backbone
经济搜刮,0,1,0,0,,,context_only
李家村民兵组织,0,3,0,0,,,context_only
信丰面粉厂反蒋斗争,0,1,0,0,,,context_only
中国共产党霍山县首次党员大会,2,2,2,0,,,strict_backbone
泗县暴动/土匪叛变,0,1,0,0,,,context_only
横山暴乱,0,4,0,0,,,context_only
情报传递工作,0,6,1,1,,,strict_backbone
赤卫师,0,1,1,0,,,strict_backbone
蒋管区斗争策略,0,6,2,0,,,strict_backbone
丹寨县各族各界人民代表大会,0,2,0,0,,,context_only
李绍堂、王金华、陈明德、王体民等叛匪,0,1,0,0,,,context_only
颁布惩治贪污训令,0,3,0,0,,,context_only
上海惨案交涉,0,3,1,1,,,strict_backbone
英国军舰闯入长江事件,0,8,2,0,,,strict_backbone
百色武装起义,0,2,2,0,,,strict_backbone
情报搜集行动,2,3,2,0,,,strict_backbone
龙会桥战斗,0,3,0,0,,,context_only
罗布坳战役,0,3,3,0,,,strict_backbone
红三十一军政治部特务队,0,3,0,0,,,context_only
耿马事件,0,2,2,0,,,strict_backbone
第二次反“围剿”富田战役,0,3,1,0,,,strict_backbone
黄仁同志之死,0,3,1,0,,,strict_backbone
攻占安远/筹款/节约粮食,0,6,5,0,,,strict_backbone
‘五·四’运动纪念大会,2,6,4,1,,,strict_backbone
海桥战役,0,1,1,0,,,strict_backbone
梓潼镇压反革命运动,0,3,0,0,,,context_only
土改发动群众,0,1,0,0,,,context_only
湘鄂西区党委会议,0,3,0,0,,,context_only
新田县学生联合会,0,3,1,0,,,strict_backbone
曲靖地区学生运动,0,1,0,0,,,context_only
五兵团入黔,0,3,0,0,,,context_only
长征/剿匪,0,0,0,0,,,isolated
工人总同盟罢工,0,3,0,0,,,context_only
如皋敌后斗争,0,5,3,1,,,strict_backbone
反美扶日爱国民主运动,0,2,0,0,,,context_only
七政,0,3,0,0,,,context_only
捧鲊游击大队成立,0,1,1,0,,,strict_backbone
姜堰会议,0,5,3,0,,,strict_backbone
联合政府谈判,0,6,2,0,,,strict_backbone
新田农民运动,2,4,4,0,,,strict_backbone
西镇乡农民运动,3,10,7,0,,,strict_backbone
惩叛徒/炸恶霸易德斋,0,1,1,0,,,strict_backbone
剑朗合围命令,0,3,1,0,,,strict_backbone
挖战壕,0,3,0,0,,,context_only
中原解放区保卫战,0,3,0,0,,,context_only
苏中地武配合主力,0,2,1,0,,,strict_backbone
开广地区斗争,0,4,2,0,,,strict_backbone
昆明学生联合会恢复运动,0,5,3,0,,,strict_backbone
左联读书会,0,5,3,0,,,strict_backbone
红军攻破营盘战斗,0,6,0,2,,,context_only
部队南返行动,0,1,0,0,,,context_only
军阀内斗,0,3,0,0,,,context_only
株洲铁路罢工,0,6,2,0,,,strict_backbone
《浙江周刊》,0,3,0,0,,,context_only
合川抗日救亡运动,0,4,4,0,,,strict_backbone
武汉联席会议,0,6,3,1,,,strict_backbone
抗日救国后援会,1,4,4,0,,,strict_backbone
追悼大会筹备,0,1,1,0,,,strict_backbone
攸县农民运动研究所,0,1,1,0,,,strict_backbone
克服右倾思想加强剿匪,0,1,0,0,,,context_only
秘密翻译《资本论》,0,3,0,0,,,context_only
挺进滇中,1,2,2,0,,,strict_backbone
顺庆事变,1,3,3,0,,,strict_backbone
砸碎德政碑事件,0,3,0,1,,,context_only
都坪防堵截击,0,4,3,0,,,strict_backbone
七·一四晚会,0,5,0,0,,,context_only
遵义城战役,0,6,2,1,,,strict_backbone
锦屏和平解放,0,4,4,0,,,strict_backbone
掩护转移同志与传递《挺进报》,0,6,0,1,,,context_only
二、四方面军会师,0,2,2,0,,,strict_backbone
第二次全县工农兵代表大会,0,1,1,0,,,strict_backbone
战略撤退与收复,0,3,3,0,,,strict_backbone
群众示威活动,0,1,0,0,,,context_only
全国国民会议促成会,1,1,1,0,,,strict_backbone
春节武装起义,0,3,2,0,,,strict_backbone
情报泄露,0,3,1,0,,,strict_backbone
伪组织健全,0,1,0,0,,,context_only
川南爱国基金运动,0,3,1,0,,,strict_backbone
莱芜战役,0,6,2,0,,,strict_backbone
两湖问题,0,2,2,0,,,strict_backbone
乐安中心县委事件,0,4,0,0,,,context_only
渡江战役后江南追击战,0,23,9,0,,,strict_backbone
便衣队成立,0,1,0,0,,,context_only
红四军第二次收编阵地北撤,0,2,2,0,,,strict_backbone
递送密信行动,0,2,2,0,,,strict_backbone
两淮保卫战,0,8,2,1,,,strict_backbone
中国无线电公司工人斗争,0,2,2,0,,,strict_backbone
贵阳学联骨干被捕事件,0,2,0,0,,,context_only
吃大户斗争,0,14,8,1,,,strict_backbone
国共合作抗日民族统一战线形成,0,3,1,0,,,strict_backbone
新四军五支队撤退事件,0,1,0,0,,,context_only
同乡会,0,2,2,0,,,strict_backbone
韶山建党活动,0,3,1,0,,,strict_backbone
武汉‘一二九’运动,1,3,3,0,,,strict_backbone
第四次清剿,0,3,1,0,,,strict_backbone
暑期党务训练班,0,3,1,1,,,strict_backbone
《土地法大纲》等文献刻印,0,3,0,0,,,context_only
武阳巷港战斗,0,3,0,0,,,context_only
除奸行动,0,1,1,0,,,strict_backbone
县委改造,0,3,1,0,,,strict_backbone
反对党内不良倾向斗争,0,1,1,0,,,strict_backbone
反攻连,0,3,0,0,,,context_only
南昌占领,0,3,0,0,,,context_only
侦察连扩红活动,0,4,2,0,,,strict_backbone
蓝田第二次解放,0,1,0,0,,,context_only
新民主主义工作小组,1,2,2,0,,,strict_backbone
学抗会,0,18,0,1,,,context_only
江西土改运动,0,1,1,0,,,strict_backbone
锦屏县人民政府成立,0,2,0,0,,,context_only
土地重新分配,1,8,2,1,,,strict_backbone
解放亳城,0,2,2,0,,,strict_backbone
1946年政治协商会议,0,3,0,0,,,context_only
马家店船民改造水轮船,0,3,0,0,,,context_only
民先队抗日救亡工作,0,5,0,0,,,context_only
王桥战斗,1,5,3,0,,,strict_backbone
徐州学生运动,0,4,4,0,,,strict_backbone
中共湘鄂西中央分局会议,0,3,0,0,,,context_only
汉口紧急会议,0,3,3,0,,,strict_backbone
郎岱“三·三”暴动牺牲人员,0,1,0,0,,,context_only
马桑箐阻击战,0,3,0,0,,,context_only
扩大打击面检讨,0,3,0,0,,,context_only
湘鄂赣省第二次党员代表大会,0,6,0,3,,,context_only
宣威学生运动,0,6,2,1,,,strict_backbone
高虎垴战斗,0,3,0,0,,,context_only
召开群众大会,0,2,0,0,,,context_only
滇军起义,0,2,0,0,,,context_only
任命人民委员及颁布第二号布告,0,2,0,0,,,context_only
盘县椿寨起义,0,2,2,0,,,strict_backbone
重庆工人示威游行,0,3,0,0,,,context_only
云贵川三省革命战争,0,9,3,1,,,strict_backbone
反贪污、算旧帐运动,0,0,0,0,,,isolated
游太辟击队,0,3,0,0,,,context_only
黄安县城战斗,0,3,1,2,,,strict_backbone
扩军竞赛/春季冲锋,0,1,1,0,,,strict_backbone
武昌戈甲营事件,0,2,2,0,,,strict_backbone
南京兵士暴动,0,3,1,0,,,strict_backbone
永新战役,0,2,2,0,,,strict_backbone
暴动区划分方案,0,3,0,0,,,context_only
谢家渡战斗,1,17,11,0,,,strict_backbone
湖口起义,2,2,2,0,,,strict_backbone
聂继熙匪部,0,3,0,0,,,context_only
北乡农民游击队暴动,3,3,3,0,,,strict_backbone
杭州工人起义,0,3,0,0,,,context_only
抗日群众组织,0,3,1,0,,,strict_backbone
浸米塘伏击战,0,3,0,0,,,context_only
突围/打土豪/被俘,0,7,0,0,,,context_only
西南联大示威游行,0,3,0,1,,,context_only
匪区活动与袭击,0,1,0,0,,,context_only
八七会议,23,398,135,4,1949-01-01,1949-12-31,strict_backbone
攻打猫云乡公所,0,3,2,0,,,strict_backbone
破坏战略桥梁,1,3,1,0,,,strict_backbone
反对推派斗争,0,1,0,0,,,context_only
《江浙农民的痛苦及其反抗运动》,0,3,0,0,,,context_only
防御与反击,0,4,3,0,,,strict_backbone
遂宁吉祥寺事变,0,1,0,0,,,context_only
火线喊话,0,1,0,0,,,context_only
镇远抗日救亡运动,0,4,3,0,,,strict_backbone
打圈子战斗,5,6,6,0,,,strict_backbone
农抗会/工抗会,0,0,0,0,,,isolated
师宗独立大队扩建,2,2,2,0,,,strict_backbone
黄口暴动分工,0,3,0,0,,,context_only
钟山乡斗争,0,3,0,0,,,context_only
反清乡会议,0,2,0,0,,,context_only
妇慰支会,0,5,3,0,,,strict_backbone
井冈山会师,4,59,17,1,,,strict_backbone
南昌起义、秋收起义,0,0,0,0,,,isolated
三一八惨案,0,6,0,0,,,context_only
文昌宫小学惨案,0,6,1,0,,,strict_backbone
三三命惨案,0,1,0,0,,,context_only
减租减息、精兵简政、三冬运动,0,0,0,0,,,isolated
邓圩战斗,0,1,0,0,,,context_only
抗日反蒋斗争,0,5,4,0,,,strict_backbone
武工队缴枪行动,0,6,4,0,,,strict_backbone
涟水县工农青妇儿童组织及民兵,0,1,1,0,,,strict_backbone
毕节县白石岩常委分工会议,0,3,1,0,,,strict_backbone
三二三惨案,0,2,0,0,,,context_only
南皋战斗,0,3,0,1,,,context_only
民运训练班,0,3,0,0,,,context_only
中共广西省委第二次党代表大会,0,1,0,0,,,context_only
建社思想动态,0,3,1,0,,,strict_backbone
安源工人大罢工,0,4,0,0,,,context_only
川陕省妇女代表大会,0,1,0,0,,,context_only
三反五反总结,0,3,0,1,,,context_only
农民减租互助会,0,3,1,0,,,strict_backbone
长征行军,0,3,0,0,,,context_only
二刘大战,2,4,4,0,,,strict_backbone
湘江渡江战役,0,3,0,0,,,context_only
坚持斗争/配合主力,0,1,0,0,,,context_only
锄奸队,1,4,2,0,,,strict_backbone
云纺护厂队,0,1,0,0,,,context_only
马茂战斗,0,5,2,0,,,strict_backbone
组织农民打土豪,0,3,0,0,,,context_only
马厂反击战,0,5,3,1,,,strict_backbone
白区退却终点设想,0,3,0,0,,,context_only
攸县苏区开辟,0,5,5,0,,,strict_backbone
鸭池河战斗,0,6,4,0,,,strict_backbone
罗英屯交兵,0,3,3,0,,,strict_backbone
鸡场保卫战,0,3,0,0,,,context_only
攸县妇女联合会,0,1,0,0,,,context_only
宿县南关地区农民协会成立,0,2,0,0,,,context_only
羊场坝航发厂党小组,1,1,1,0,,,strict_backbone
民盟昆明分会,0,3,1,0,,,strict_backbone
贸易局成立,0,3,0,0,,,context_only
九河签字与游击战争结束,0,5,5,0,,,strict_backbone
五佛岭阻击战,0,26,18,0,,,strict_backbone
高河埠暴动,1,17,6,1,1928-01-01,1928-12-31,strict_backbone
黔东根据地斗争,0,1,1,0,,,strict_backbone
揭露继常被害真相,0,2,1,0,,,strict_backbone
游击战争运动,0,1,0,0,,,context_only
迎接野战军入滇过境,0,3,1,1,,,strict_backbone
收音站建立,0,2,0,0,,,context_only
剿匪区域,0,1,0,0,,,context_only
抗击日寇扫荡,0,3,0,0,,,context_only
京汉铁路工人举行大罢工,1,3,1,1,,,strict_backbone
六安黄烟工人罢工,2,2,2,0,,,strict_backbone
六二学潮,0,5,0,0,,,context_only
对敌经济斗争,0,3,0,0,,,context_only
提高农民文化水平与筹粮筹款,0,1,1,0,,,strict_backbone
进军西南解放四川行动,2,8,4,0,,,strict_backbone
中大附中进步学生运动,0,3,3,0,1946-01-01,1948-12-31,strict_backbone
九江战役,0,2,2,0,,,strict_backbone
刘钧部起义,0,5,0,0,,,context_only
陈绍旗,0,1,0,0,,,context_only
水口山工人大罢工,1,10,6,0,,,strict_backbone
京沪线进军,0,5,2,0,,,strict_backbone
红军动员事件,0,5,0,0,,,context_only
中共青中执委会第一次会议,0,5,3,0,,,strict_backbone
京山反动派斗争,0,3,0,0,,,context_only
政权,0,4,0,0,,,context_only
浮桥架设,0,5,3,0,,,strict_backbone
解放大西南战役,0,10,4,0,,,strict_backbone
北满抗日义勇军,0,2,1,0,,,strict_backbone
驱逐反动省长赵恒惕活动,2,2,2,0,,,strict_backbone
镇远专区土地改革运动,0,2,2,0,,,strict_backbone
淮北刘老庄战斗,0,1,1,0,,,strict_backbone
贵阳进步文艺运动,0,1,1,0,,,strict_backbone
南昌各校学生请愿斗争,1,6,2,0,,,strict_backbone
扩红宣传,1,6,2,0,,,strict_backbone
分散作战指示,0,5,0,0,,,context_only
建立地方武装,1,9,3,0,,,strict_backbone
岩孔乡反动势力活动,0,6,0,0,,,context_only
湄潭县人民政府成立,2,6,4,0,,,strict_backbone
剿匪,7,35,19,1,,,strict_backbone
筹办支前物资/拦截残匪,0,1,1,0,,,strict_backbone
发展游击战争,0,8,3,1,,,strict_backbone
开新华书店,0,5,2,0,,,strict_backbone
左翼文学运动,0,5,2,0,,,strict_backbone
草家港会议,0,3,1,0,,,strict_backbone
洪湖中心杀戮土劣计划,0,2,0,0,,,context_only
武汉示威游行,0,3,0,0,,,context_only
土改试点,2,20,7,0,,,strict_backbone
突破封锁线与抗日宣传,0,3,0,0,,,context_only
华东地区工作方针,0,2,2,0,,,strict_backbone
扩建校舍接收炼油厂,0,2,1,0,,,strict_backbone
包座战役,1,11,4,0,,,strict_backbone
地主恶霸武装暴动,0,3,1,0,,,strict_backbone
盘山合围第二阶段,0,2,0,0,,,context_only
抗暴斗争/矛头转向民族败类与国民党,0,2,1,0,,,strict_backbone
进步书刊传播,1,2,1,0,,,strict_backbone
中州谈判,0,1,1,0,,,strict_backbone
慰问伤员,0,3,0,0,,,context_only
破洞攻坚战,0,3,1,0,,,strict_backbone
毛泽东考察宋桥县城,0,2,2,0,,,strict_backbone
广安观阁起义,0,5,2,0,,,strict_backbone
西进行动,0,15,6,1,,,strict_backbone
王明‘左’倾错误路线,0,4,1,0,,,strict_backbone
土城一战,0,3,0,0,,,context_only
平稳物价,0,5,4,0,,,strict_backbone
人民公审大会,0,6,1,0,,,strict_backbone
解放贵阳,2,17,6,0,1949-11-15,1949-11-15,strict_backbone
接管政权宣传,0,3,1,0,,,strict_backbone
中共豫鄂三地委城工部在武汉的斗争,0,2,2,1,,,strict_backbone
丰都县城厢学生救亡工作团,0,3,0,0,,,context_only
瓦解敌军工作,0,3,1,0,,,strict_backbone
夺印斗争,0,2,0,1,,,context_only
苏南交通管理局,1,3,1,1,,,strict_backbone
丽江妇女运动,0,1,1,0,,,strict_backbone
地下党员斗争,0,2,0,0,,,context_only
一·二五运动,1,19,9,0,,,strict_backbone
车桥大捷,0,3,0,0,,,context_only
四连担任后卫掩护,2,2,2,0,,,strict_backbone
社会主义改造高潮,0,3,1,0,,,strict_backbone
铜仁地区干部大队,0,3,0,0,,,context_only
南昌青年互助社,0,2,2,0,,,strict_backbone
武工队建立与起义,0,5,3,1,,,strict_backbone
兵变,1,34,14,2,,,strict_backbone
米贵案,0,1,0,0,,,context_only
渡江战斗,0,17,9,0,,,strict_backbone
护国起义,0,2,2,0,,,strict_backbone
编印《党史资料汇编》,0,4,1,0,,,strict_backbone
抗捐誓师大会,0,1,0,0,,,context_only
党的政策宣传,1,3,1,0,,,strict_backbone
马家园战斗,0,10,5,1,,,strict_backbone
川西职工运动,0,2,2,0,,,strict_backbone
羊岔街会议,0,1,0,0,,,context_only
二七会议,7,28,12,0,,,strict_backbone
青沪惨案雪耻分会,0,2,0,0,,,context_only
红军便衣队员行动,0,3,0,0,,,context_only
突围战,0,2,0,0,,,context_only
肃清残匪,0,6,2,0,,,strict_backbone
土改工作队分队长会议,0,2,2,0,,,strict_backbone
安徽讨贼军通电,1,2,2,0,,,strict_backbone
瑞金事件,0,6,0,0,,,context_only
阅读进步书籍/讲述大革命,0,1,0,0,,,context_only
罗云洲土地会暴动,0,2,2,0,1936-01-01,1936-12-31,strict_backbone
保卫解放区粉碎国民党进攻,0,3,0,0,,,context_only
解放云南,0,8,4,0,,,strict_backbone
五二错运动,0,1,0,0,,,context_only
大跃进运动,0,3,0,0,,,context_only
三界各界人民大会,0,6,1,0,,,strict_backbone
打郴州,0,3,0,0,,,context_only
铁路工作,0,3,1,0,,,strict_backbone
滇南武装斗争,0,7,4,0,,,strict_backbone
起义空军,0,1,1,0,,,strict_backbone
江西民权运动大同,0,3,0,0,,,context_only
安居堂事件,0,3,0,0,,,context_only
接待翻译/宣传抗日政策/护送,0,1,1,0,,,strict_backbone
农村基层选举,0,3,0,0,,,context_only
滇东北地下工作会议,0,2,1,0,,,strict_backbone
东征行动/湘鄂川黔苏区反围剿,0,0,0,0,,,isolated
忠县防护民团,0,3,0,0,,,context_only
红军剿匪行动,0,5,0,1,,,context_only
关岭平衡,1,3,1,0,,,strict_backbone
奔袭秋浦,0,5,2,0,,,strict_backbone
政治动员,0,8,3,0,,,strict_backbone
大田畈战斗,0,3,1,1,,,strict_backbone
太宿平(淡竹平)包围战,0,3,0,0,,,context_only
三七事件,1,4,4,1,1947-01-01,1947-12-31,strict_backbone
地方军事会议,0,1,0,0,,,context_only
抢米风潮,0,2,2,0,,,strict_backbone
配合人民解放战争,0,1,1,0,,,strict_backbone
王家沱日租界收回斗争,0,6,6,1,1931-01-01,1932-12-31,strict_backbone
苗族自卫队,0,6,1,1,,,strict_backbone
禁止集会游行,0,3,0,0,,,context_only
纺纱织布,1,1,1,0,,,strict_backbone
武汉解放前夕策反行动,0,3,0,0,,,context_only
綦江党员转移,0,3,0,1,,,context_only
学生自治会斗争,0,17,8,4,,,strict_backbone
打破三县会剿,0,1,1,0,,,strict_backbone
川东游击队第一支队成立,0,2,2,0,,,strict_backbone
桃源人民临时联合办事处成立,0,1,0,0,,,context_only
坚守阵地等待上级联系,1,3,3,0,,,strict_backbone
应对威胁/严密布防,0,1,1,0,,,strict_backbone
打罗平城,0,1,0,0,,,context_only
抗日民族解放斗争,0,2,2,0,,,strict_backbone
沪西内外棉五厂工人罢工,0,6,1,0,,,strict_backbone
紧急命令,0,6,0,0,,,context_only
中国战时儿童保育会,0,2,2,0,,,strict_backbone
武汉年关暴动计划,1,2,2,0,,,strict_backbone
鄂豫边省临时省委第二次执委扩大会议,0,5,0,1,,,context_only
山子头战役,0,9,2,1,,,strict_backbone
打破经济封锁,0,4,0,0,,,context_only
减租反霸斗争,0,5,3,1,,,strict_backbone
参军热潮,1,2,1,0,,,strict_backbone
缴保安队枪/逼交军火,0,2,1,0,,,strict_backbone
野营训练,0,3,0,0,,,context_only
淮海战役第二阶段战斗,0,6,2,1,,,strict_backbone
袁氏兄弟,0,3,1,0,,,strict_backbone
苏区经济与游击队政策,0,2,0,0,,,context_only
桃源徐溶照苏维埃政权,0,2,2,0,,,strict_backbone
七里沟阻击战,1,3,1,1,,,strict_backbone
清除恶霸斗争,0,3,0,0,,,context_only
元江战斗歼敌与长距离追击,0,2,2,0,,,strict_backbone
夜袭桐畈,0,3,2,0,,,strict_backbone
湘赣边区干部紧急会议,0,3,0,0,,,context_only
永川学生运动,2,2,2,0,,,strict_backbone
扁担会,0,1,1,0,,,strict_backbone
云南反蒋武装斗争,0,1,0,0,,,context_only
征粮支前动员大会,0,3,0,0,,,context_only
重庆军舰起义,0,5,2,0,,,strict_backbone
大红岩会议,1,2,2,0,,,strict_backbone
青神西山农民武装起义队伍,1,1,1,0,,,strict_backbone
革命精神传承,0,4,0,0,,,context_only
清共委员会搜查行动,0,3,0,0,,,context_only
酃县接管建政,0,4,0,0,,,context_only
云南人民讨蒋自救军成立,0,2,0,0,,,context_only
上海巷战,0,5,3,1,,,strict_backbone
烈山船运工会罢工,0,2,0,0,,,context_only
赤匪,0,7,1,1,,,strict_backbone
汉口警察局策反工作,1,5,3,0,,,strict_backbone
雪洞战斗山地夜战,0,3,2,0,,,strict_backbone
闽西工农银行,1,7,1,0,,,strict_backbone
苏皖边区联防会议,0,4,4,0,,,strict_backbone
涪陵游击战争,0,8,5,1,,,strict_backbone
襄南解放区彭家场,0,3,1,0,,,strict_backbone
鲁渡战斗,1,8,6,0,,,strict_backbone
搜剿生获匪徒,0,3,1,0,,,strict_backbone
播花战斗,0,1,1,0,,,strict_backbone
马街战斗,0,9,3,0,,,strict_backbone
强攻浦城之战,0,5,2,0,,,strict_backbone
建议撤退,0,6,0,0,,,context_only
麻城惨案,0,5,0,0,,,context_only
农民夜校及儿童团活动,0,3,3,0,,,strict_backbone
川东学生救国团,0,7,0,0,,,context_only
声援上海‘五卅’运动,0,1,0,0,,,context_only
救灾运动,0,5,1,0,,,strict_backbone
湘南地区战斗,0,5,2,2,,,strict_backbone
弥泸地委成立,0,2,0,0,,,context_only
赣南农民暴动,0,2,1,0,,,strict_backbone
工人农民组织发展,0,3,0,0,,,context_only
红三军肃反,0,6,1,0,,,strict_backbone
主力机动转移,0,3,1,0,,,strict_backbone
渡江接收,0,2,2,0,,,strict_backbone
“新民主主义青年联盟”,0,9,2,0,,,strict_backbone
1948年江北县大逮捕事件,0,5,2,0,,,strict_backbone
解放/打倒官僚,0,1,0,0,,,context_only
进军鄂西北,0,6,1,0,,,strict_backbone
重庆教师罢教,0,3,0,0,,,context_only
芷江之敌,0,3,0,0,,,context_only
农民运动发展,0,3,1,3,,,strict_backbone
革命建设与国防,0,1,0,0,,,context_only
反军阀战争,1,6,1,0,,,strict_backbone
交纳公粮,0,3,0,0,,,context_only
马日事变与组织武装起义,0,2,0,0,,,context_only
陈粟大军攻克涡阳,0,3,0,0,,,context_only
苏维埃政权建设,0,11,2,1,,,strict_backbone
正规化,0,2,0,0,,,context_only
短期干部训练班,4,4,4,0,,,strict_backbone
审查干部成绩,0,1,0,0,,,context_only
三风学习,0,1,0,0,,,context_only
坚持黔东根据地斗争,0,1,1,0,,,strict_backbone
起义人员/干部,0,2,0,0,,,context_only
湘北战役,0,1,0,0,,,context_only
赫章县各界人民代表大会,0,3,0,0,,,context_only
英美烟厂罢工,0,3,2,0,,,strict_backbone
织金解放行动,0,2,2,0,,,strict_backbone
军人出路讨论,0,5,3,1,,,strict_backbone
遂安支队成立,0,3,3,0,,,strict_backbone
工商青年联谊会,1,12,3,0,,,strict_backbone
抬棺游行,0,1,0,0,,,context_only
武汉庆祝共和国游行,0,2,2,0,,,strict_backbone
永新妇女解放运动,0,5,3,0,,,strict_backbone
出版《资本论》,0,3,1,0,,,strict_backbone
第一次蒋桂战争,0,2,0,0,,,context_only
兵分两路袭击敌人,0,2,0,0,,,context_only
新城整编,1,3,1,0,,,strict_backbone
解放前小学教师薪给标准,0,1,0,0,,,context_only
三大解放区,0,1,0,0,,,context_only
会昌解放,0,1,0,0,,,context_only
没收豪绅地主土地,0,3,0,0,,,context_only
安岳二区支委活动,0,3,0,0,,,context_only
五·二、零运动,1,4,4,0,,,strict_backbone
怀远沦陷,0,3,0,0,,,context_only
反美扶日座谈会,0,9,7,1,,,strict_backbone
刘汝明兵团,0,1,0,0,,,context_only
白土歼敌,0,3,0,0,,,context_only
黄埔军校学习,1,5,3,0,,,strict_backbone
虎头山战斗,3,15,7,0,,,strict_backbone
中华苏维埃共和国第二届中央执行委员会第一次全体会议,0,2,2,0,,,strict_backbone
纠“左”政策,0,3,0,0,,,context_only
兰交会盟誓仪式,0,2,2,0,,,strict_backbone
秘密党/游击区/武装/政权,0,1,0,0,,,context_only
天全战役,0,3,1,0,,,strict_backbone
中央红军反围攻斗争,0,3,0,0,,,context_only
浙江农村调查,0,3,0,0,,,context_only
教育改革运动,0,4,2,0,,,strict_backbone
迎接南下野战军入滇,0,4,1,1,,,strict_backbone
鸡公嘴,0,1,0,0,,,context_only
洪塘战斗,0,2,0,0,,,context_only
中国社会矛盾分析,0,2,0,0,,,context_only
反“清乡”胜利,0,6,0,0,,,context_only
南昌起义史料,0,1,0,0,,,context_only
毕节起义,2,4,4,0,,,strict_backbone
泰山起义,0,4,0,0,,,context_only
平江人民讨许大会,0,3,3,0,,,strict_backbone
苏维埃全国第一次代表大会,1,2,2,0,,,strict_backbone
清匪反霸运动,2,88,62,1,1950-01-01,1950-12-31,strict_backbone
苏维埃建设,0,3,0,0,,,context_only
皖浙赣省委扩大会议,0,12,0,2,,,context_only
战场政治工作,0,2,0,0,,,context_only
红一方面军行动,0,5,3,1,,,strict_backbone
《前进》报,2,16,6,0,,,strict_backbone
剿匪生产与民兵建设,0,1,1,0,,,strict_backbone
云阳起义失败,0,2,0,0,,,context_only
会师会,0,4,0,0,,,context_only
共产主义青年团组织,1,9,3,0,,,strict_backbone
土地没收与分配方案,0,3,0,0,,,context_only
俘虏伪军/安全撤走,0,1,0,0,,,context_only
十二岭战斗,0,3,2,0,,,strict_backbone
婺源人民政府成立,0,5,0,0,,,context_only
共党,0,4,1,0,,,strict_backbone
江北县委被破坏事件,0,7,2,0,,,strict_backbone
清、霸斗争,0,1,1,0,,,strict_backbone
农民革命团,1,20,4,1,,,strict_backbone
武装农民运动,0,2,2,0,,,strict_backbone
复兴校学生运动,0,2,0,0,,,context_only
鄂豫皖革命根据地斗争,0,3,0,0,,,context_only
大窝凼战役,0,3,0,0,,,context_only
曹甸战役,0,3,3,0,,,strict_backbone
刻印革命传单,0,4,0,0,,,context_only
乡苏维埃政权建设,0,2,2,0,,,strict_backbone
会师武汉,0,1,0,0,,,context_only
刘湘部,0,10,0,0,,,context_only
宜昌地区渡江作战,1,3,1,0,,,strict_backbone
各界人民代表大会/剿匪肃特,0,4,1,0,,,strict_backbone
财粮建设,0,1,0,0,,,context_only
湖北省第四次代表大会,2,2,2,0,,,strict_backbone
朱家岗血战,0,5,3,1,,,strict_backbone
南昌攻克,3,3,3,0,,,strict_backbone
开仓放粮,1,1,1,0,,,strict_backbone
北碚,0,1,0,0,,,context_only
韦岭战斗,0,6,3,0,,,strict_backbone
反帝反封建工农运动,0,2,1,0,,,strict_backbone
周光亚叛变事件,0,3,0,0,,,context_only
武汉特种刑事法庭传讯事件,2,4,4,0,,,strict_backbone
京绥铁路护路斗争,0,2,0,0,,,context_only
策动敌军起义与暴动,2,3,2,0,,,strict_backbone
改革开放借鉴,0,3,0,0,,,context_only
攻占黔江县城,0,2,0,0,,,context_only
反强迫命令斗争,0,3,0,0,,,context_only
1947年8月工人请愿活动,0,3,0,0,,,context_only
湄潭‘四·二六’事件,1,5,4,0,,,strict_backbone
解决川黔之敌,0,3,2,0,,,strict_backbone
北撤留守,0,1,1,0,,,strict_backbone
少先队组织,0,3,0,1,,,context_only
洪涝灾害应对工作,0,2,0,0,,,context_only
党员发展运动,0,2,2,0,,,strict_backbone
宣传工作改进,1,3,1,0,,,strict_backbone
双廊反击战,0,1,0,0,,,context_only
金坛各区匪情活动,0,6,5,0,,,strict_backbone
突围长征,0,2,2,0,,,strict_backbone
江浦抗日义勇军,0,1,0,0,,,context_only
撤离绍兴,0,3,3,0,,,strict_backbone
民主评选,2,2,2,0,,,strict_backbone
旬三乡民兵战斗,0,2,0,0,,,context_only
党的群众工作,0,3,1,3,,,strict_backbone
抗日自愿军组织计划,0,5,3,0,,,strict_backbone
重庆打枪坝惨案,0,18,2,0,,,strict_backbone
民青章程,0,3,0,0,,,context_only
荷树对,0,1,1,0,,,strict_backbone
荣党一组,0,12,2,0,,,strict_backbone
准备武装斗争,0,3,0,0,,,context_only
鲁迅追悼会,0,5,0,0,,,context_only
《暴动政策》,0,3,0,0,,,context_only
日军谈判活动,0,5,2,0,,,strict_backbone
大军渡江,0,6,2,0,,,strict_backbone
抗议活动,0,4,2,0,,,strict_backbone
土改诉苦斗争/划阶级,1,1,1,0,,,strict_backbone
计划变动,0,3,1,0,,,strict_backbone
重安区解放,0,2,2,0,,,strict_backbone
征粮剿匪运动,0,3,2,0,,,strict_backbone
樟树警察局逮捕事件,0,2,2,0,,,strict_backbone
元江解放,1,3,1,0,,,strict_backbone
土改土复风暴,0,3,0,0,,,context_only
广昌保卫战总结会议,0,3,1,0,,,strict_backbone
秀山梅江乡抢劫烧杀,0,3,1,0,,,strict_backbone
海安北撤,0,3,1,0,,,strict_backbone
姜村靖卫团,0,3,0,0,,,context_only
泾川战斗,0,1,0,0,,,context_only
货管局合并,0,3,0,0,,,context_only
倒孔游行,0,3,0,0,,,context_only
尚口战斗,0,2,0,0,,,context_only
复工令,0,2,0,0,,,context_only
上沛埠反顽战斗,0,2,0,0,,,context_only
雪耻与兵役扩大宣传周,0,6,1,1,,,strict_backbone
全国第四次劳动大会,1,3,3,0,,,strict_backbone
解放区巩固发展,0,3,0,0,,,context_only
坚持斗争与总结经验,0,2,2,0,,,strict_backbone
川黔战况,0,4,1,0,,,strict_backbone
党组织改造运动,0,3,1,0,,,strict_backbone
党史宣传与文史研究,0,2,1,0,,,strict_backbone
学生队,0,3,0,0,,,context_only
抗日救国十大纲领讲演,0,6,0,0,,,context_only
皖西青年运动,0,4,4,1,,,strict_backbone
襄西解放区,0,1,0,0,,,context_only
栗子乡解放事件,3,4,4,0,,,strict_backbone
茅草盖会议,0,3,0,0,,,context_only
奉节和平解放,0,5,2,0,,,strict_backbone
新四军开展游击战争,0,3,3,0,,,strict_backbone
阻击战,1,28,9,1,,,strict_backbone
这些起义,0,2,2,0,,,strict_backbone
丁马村山垭口战斗,0,3,0,0,,,context_only
统一工作,0,3,0,0,,,context_only
少先队宣传/地下联络,1,3,2,0,,,strict_backbone
赫章县建设交通农林系统,0,3,0,0,,,context_only
合作抗日工作,0,1,0,0,,,context_only
解放谢埠镇战役,0,2,1,0,,,strict_backbone
编写《铜北风云录》,0,1,0,0,,,context_only
江津起义,4,33,22,0,,,strict_backbone
和记营工事件,0,5,2,0,,,strict_backbone
马厂坪战斗,0,2,1,0,,,strict_backbone
《汪平沼协定》,0,3,0,0,,,context_only
北渡乌江,0,9,0,1,,,context_only
编写刘光生平资料,0,1,1,0,,,strict_backbone
沙驼话剧社,0,7,0,0,,,context_only
陆良马街战斗,0,5,2,0,,,strict_backbone
大定县围剿之战,0,4,2,0,,,strict_backbone
物资清理运动,0,5,4,1,1949-01-01,1949-12-31,strict_backbone
大角滩伏击战,0,2,2,0,,,strict_backbone
白色恐怖经过,0,5,1,0,,,strict_backbone
三禁运动,0,2,2,0,,,strict_backbone
农会整顿运动,0,3,0,0,,,context_only
七一五反革命政变,0,5,2,0,,,strict_backbone
中共皂县特分委成立大会,0,3,1,0,,,strict_backbone
人力车工人秘密工作,0,3,1,0,,,strict_backbone
解放事业,0,2,0,0,,,context_only
中共南方局重庆会议,0,3,0,0,,,context_only
武汉学生救国会联合会活动,0,2,2,0,,,strict_backbone
老木孔战斗决策,0,4,4,0,,,strict_backbone
《除夕三部曲》,0,2,0,0,,,context_only
建立皖南工作,0,2,0,0,,,context_only
赣州、漳州、水口、宜赏、乐安等战役,0,1,0,0,,,context_only
迎新联欢晚会,1,3,1,1,,,strict_backbone
铁牌店战斗,0,1,0,0,,,context_only
西昌战役,4,38,16,1,,,strict_backbone
宣传材料印刷,0,2,2,0,,,strict_backbone
减租减息斗争,6,42,28,1,1945-01-01,1945-12-31,strict_backbone
反动团防局,0,3,0,0,,,context_only
成都武装暴动,2,2,2,0,,,strict_backbone
嘉兴市军事管制委员会成立,2,2,2,0,,,strict_backbone
巧家游击大队,1,17,2,0,,,strict_backbone
抗大第四分校,0,13,2,0,,,strict_backbone
联合军事行动,0,3,0,0,,,context_only
《暴动歌》,0,3,0,0,,,context_only
扶助工业恢复/农村经济,0,2,1,0,,,strict_backbone
长征途中牺牲,0,3,0,0,,,context_only
昆明郊区特支成立,0,2,2,0,,,strict_backbone
收复如皋城(总攻),0,6,4,0,,,strict_backbone
战友会,0,5,2,1,,,strict_backbone
中共江苏省第二次代表大会,1,4,4,0,,,strict_backbone
益阳县第二区党部成立,0,4,4,0,,,strict_backbone
苏中区反扫荡斗争,0,3,2,0,,,strict_backbone
敌后交通线,0,3,0,0,,,context_only
陈仓借粮,0,3,1,0,,,strict_backbone
征召义勇军运动,0,2,0,0,,,context_only
建立手工卷烟厂,0,2,1,0,,,strict_backbone
修建人民文化宫/体育场/疏通河道,0,1,0,0,,,context_only
雪山坪战斗,0,3,3,0,,,strict_backbone
共存社成立,1,1,1,0,,,strict_backbone
奉大巫支队成立大会,0,7,2,0,,,strict_backbone
定远战斗,0,5,2,0,,,strict_backbone
秋收抗捐斗争,1,5,3,1,,,strict_backbone
湖西干部在毕节地区开展建政、清匪、反霸等运动,0,1,1,0,,,strict_backbone
华中剿总司令部,0,3,0,0,,,context_only
梨树坳伏击战,0,1,0,0,,,context_only
第六/七区区委,0,1,0,0,,,context_only
衡山县总工会成立,0,3,0,0,,,context_only
小店事件,1,3,3,0,,,strict_backbone
血洗七里冲,0,3,1,0,,,strict_backbone
窑头会议,4,14,6,1,,,strict_backbone
铁矿山战斗,0,2,0,0,,,context_only
节省运动,2,13,6,0,1932-01-01,1932-12-31,strict_backbone
鲁班场战斗,2,131,45,2,,,strict_backbone
福音堂女校停办事件,0,2,1,0,,,strict_backbone
铁工万人武装示威大会,0,1,0,0,,,context_only
抗日宣传大会,0,1,1,0,,,strict_backbone
儿童工作,0,2,0,0,,,context_only
穷人歌,0,3,0,0,,,context_only
赣南解放,0,1,1,0,,,strict_backbone
业余生活社,0,3,0,0,,,context_only
溪田战斗,0,3,0,0,,,context_only
向赣南闽西进军,0,1,0,0,,,context_only
二打月潭乡公所,0,2,2,0,,,strict_backbone
冲山事件,0,4,4,1,1944-01-01,1944-12-31,strict_backbone
云南农民运动计划,0,3,0,0,,,context_only
成都解放后社会改造,0,1,0,0,,,context_only
光复柘塘街之战,0,3,3,0,,,strict_backbone
李人林部,0,1,0,0,,,context_only
大坪战斗,0,6,3,0,,,strict_backbone
构筑封锁线,0,6,0,0,,,context_only
宜昌市解放,0,2,0,0,,,context_only
尤恩图棚山之战,0,1,0,0,,,context_only
华蓥山游击战,0,3,0,0,,,context_only
巧渡南盘江进军滇中,0,2,0,0,,,context_only
左翼文化与思想理论战线,0,26,6,1,,,strict_backbone
抗日反扫荡与民兵联防,0,1,1,0,,,strict_backbone
亭子岗战役,0,2,2,0,,,strict_backbone
合围梵净山回忆,0,3,2,0,,,strict_backbone
解决内良河洞据点,1,3,1,0,,,strict_backbone
打击土豪劣绅平分土地财产,0,3,0,0,,,context_only
劳动妇女代表会议,0,2,2,0,,,strict_backbone
湘鄂西区党委撤退行动,0,3,1,0,,,strict_backbone
公开破坏与自首内奸政策,0,1,0,0,,,context_only
张漫萍失联,0,3,1,0,,,strict_backbone
高沟战斗,0,2,1,0,,,strict_backbone
反对中国法西斯化斗争,0,3,0,0,,,context_only
滇黔边界武装斗争,0,1,0,0,,,context_only
五卅惨案抗议活动,0,4,2,0,,,strict_backbone
妇女联合会成立,0,2,2,0,,,strict_backbone
大水塘游击大队,1,8,5,1,,,strict_backbone
查尼皮工作会议,0,1,0,0,,,context_only
镇压反命运动,0,1,0,0,,,context_only
武昌战役,2,8,8,0,,,strict_backbone
节省运动模范,0,3,0,0,,,context_only
赫章野马川会议,0,3,0,1,,,context_only
曹坑-老大块战斗,0,2,2,0,,,strict_backbone
劳工请愿团,0,2,0,0,,,context_only
扬武狙击战,0,6,1,1,,,strict_backbone
袭扰敌后,0,3,0,0,,,context_only
哄监斗争,0,1,0,0,,,context_only
淮海战役担架队支援,0,2,2,0,,,strict_backbone
反对顽固分子摧残抗日青年运动,0,4,0,0,,,context_only
"淮南矿区""三反""运动",1,2,2,1,1952-01-01,1952-12-31,strict_backbone
上饶集中营斗争,0,9,6,0,,,strict_backbone
抗战时期文化工作,0,3,1,0,,,strict_backbone
参加学生抗日救国会/爱国游行,0,3,0,0,,,context_only
群众互动,0,4,0,0,,,context_only
二军北伐,0,2,2,0,,,strict_backbone
流口战斗,0,6,5,0,,,strict_backbone
粉碎涂沟兵变,0,2,2,0,,,strict_backbone
"""四、二一""学运",0,2,0,0,,,context_only
收复淮阴城,0,2,2,0,,,strict_backbone
全省总暴动的准备工作计划,0,3,0,0,,,context_only
张少泉部,2,2,2,0,,,strict_backbone
准备武装暴动,0,3,0,0,,,context_only
许朗天案,0,4,1,0,,,strict_backbone
党史资料审稿座谈会,0,7,0,0,,,context_only
乡村暴动,0,1,0,0,,,context_only
全歼谢世猷部,0,4,1,0,,,strict_backbone
新民主主义青年团宣誓仪式,1,5,2,1,,,strict_backbone
皖浙赣前委行动,0,4,0,0,,,context_only
朝阳集进攻战,0,6,2,0,,,strict_backbone
处决劣绅,0,3,1,1,,,strict_backbone
凯里起义,0,4,4,0,,,strict_backbone
凰皇村土改,0,3,1,1,,,strict_backbone
攻克亳州,0,5,2,0,,,strict_backbone
阻击追敌/湘江战役,0,2,0,0,,,context_only
湖北全省总工会第一次代表大会,0,13,0,0,,,context_only
游击作战方针,0,2,0,0,,,context_only
收复巴中战斗,0,6,2,1,,,strict_backbone
人民体育大会,1,1,1,0,,,strict_backbone
向敌占区进攻,0,1,0,0,,,context_only
硝田战斗,0,6,1,0,,,strict_backbone
建党建团,0,3,0,0,,,context_only
义学/文学,0,1,0,0,,,context_only
国民参政会第三届第三次大会,0,3,1,0,,,strict_backbone
苏南军民,0,2,0,0,,,context_only
妇女代表大会,0,5,0,0,,,context_only
朝天门事变,0,5,2,0,,,strict_backbone
邹韬奋追悼大会,0,1,0,0,,,context_only
平武简师校罢教斗争,0,1,0,0,,,context_only
鄱阳战役,0,2,2,0,,,strict_backbone
皖浙赣游击大队,0,5,2,0,,,strict_backbone
反对曹锟贿选示威游行,0,3,0,0,,,context_only
奇袭茅家镇(撤退与后续),0,4,1,0,,,strict_backbone
红军长征行动,0,8,2,1,,,strict_backbone
上海学生反汪运动,0,3,0,0,,,context_only
谯家乡少先队,0,2,2,0,,,strict_backbone
红三军转战石柱,0,3,3,0,,,strict_backbone
白色恐怖,0,18,3,0,,,strict_backbone
丹寨县城保卫战,0,5,3,0,,,strict_backbone
党领导的社会主义革命,0,3,1,0,,,strict_backbone
《拦船拉杜丁的惨剧》等读者来信,0,3,1,0,,,strict_backbone
打行罢市斗争,0,3,1,1,,,strict_backbone
盐荒事件,0,3,0,1,,,context_only
招抚谈判,0,2,2,0,,,strict_backbone
小刀会暴动,0,4,1,0,,,strict_backbone
反拉伕斗争,0,2,2,0,,,strict_backbone
五牛溪会议,0,1,0,0,,,context_only
划分阶级成份政策,0,3,0,0,,,context_only
买湾战斗背景与行军,0,3,0,0,,,context_only
洪江女子工读团,0,2,2,0,,,strict_backbone
内江起义,2,3,3,0,,,strict_backbone
蚕桑坡战斗,0,3,1,0,,,strict_backbone
农会成立事件,0,6,0,1,,,context_only
复员军人援助行动,0,3,0,0,,,context_only
武汉三镇学生游行示威,0,2,2,0,,,strict_backbone
建立地下交通联络站,2,4,3,0,,,strict_backbone
空军起义,0,3,1,0,,,strict_backbone
整编胜利五大队,0,1,1,0,,,strict_backbone
平型关大捷,0,4,1,0,,,strict_backbone
北大村战斗,0,3,3,0,,,strict_backbone
朱庄战斗,0,2,0,0,,,context_only
三星大战,0,2,0,0,,,context_only
合川农民暴动,1,4,2,0,,,strict_backbone
群众参军/掩护伤员,0,1,0,0,,,context_only
四省边区会剿,0,6,4,0,,,strict_backbone
维持交通站运转,0,2,0,0,,,context_only
行军互助,0,2,0,0,,,context_only
牛墩河水利工程,0,3,0,0,,,context_only
徐州学运,0,6,3,0,,,strict_backbone
白酒坡战斗,1,6,4,0,,,strict_backbone
丰乐事件,0,5,0,0,,,context_only
湖北问题总答辩,0,5,2,0,,,strict_backbone
谷陇大寨围剿,0,1,0,0,,,context_only
安富区干队清江分队,0,3,0,0,,,context_only
增援如皋,0,7,1,1,,,strict_backbone
东征战斗,1,1,1,0,,,strict_backbone
皖南事变影响下的地下工作,0,3,0,1,,,context_only
解散三青团等反动组织,0,3,0,0,,,context_only
双减斗争,1,3,3,1,,,strict_backbone
农村小学/文化教育,0,1,0,0,,,context_only
酃县农运,0,3,2,0,,,strict_backbone
邳县全境解放,0,2,0,0,,,context_only
没收和征收田土,0,3,0,1,,,context_only
湘赣边区坚持斗争,0,8,8,0,,,strict_backbone
调查地主资产阶级和国民党军官,1,3,1,0,,,strict_backbone
广西剿匪工作,0,1,1,0,,,strict_backbone
昆明学潮,0,2,0,0,,,context_only
整编方案,0,5,0,0,,,context_only
CY组织,0,3,0,0,,,context_only
西南民族访问团,0,3,0,0,,,context_only
丽江斗争,0,7,3,1,,,strict_backbone
五州纪念活动,0,1,1,0,,,strict_backbone
群众救亡运动,0,2,2,0,1949-01-01,1949-12-31,strict_backbone
黄家圳打黔军,0,3,0,0,,,context_only
马泗庙战斗,0,2,0,0,,,context_only
毕节解放斗争,1,3,2,0,,,strict_backbone
反对内战呼吁和平,0,4,0,0,,,context_only
学唱革命歌曲/反贪污斗争/办农民夜校,0,0,0,0,,,isolated
湖西党史研讨会,0,3,1,1,,,strict_backbone
秘密杀害,0,6,1,0,,,strict_backbone
进剿经验体会,0,9,2,1,,,strict_backbone
政治工作与群众组织,0,3,1,0,,,strict_backbone
南京学生抗战后援会,0,3,0,0,,,context_only
政治协商会议5项协议,0,3,1,0,,,strict_backbone
发动神兵联合斗争,1,3,2,0,,,strict_backbone
揭穿离间计,0,3,0,0,,,context_only
《晓钟》壁报,0,5,1,0,,,strict_backbone
程九如坚守东门城楼/姚林彪增援牺牲,0,0,0,0,,,isolated
据点建设,0,3,0,0,,,context_only
纠察队/赤卫队,0,0,0,0,,,isolated
念君阶,0,1,0,0,,,context_only
远安农民运动,2,4,4,0,,,strict_backbone
整风偏差纠正,0,1,0,0,,,context_only
渡江战役准备,0,5,2,0,,,strict_backbone
李小楼战斗,0,12,8,0,,,strict_backbone
被捕入狱/坚贞不屈/出狱后组织抗日自卫团,0,1,0,0,,,context_only
时村战斗,0,1,0,0,,,context_only
万人大会,0,4,0,0,,,context_only
整风学习运动,0,10,5,1,,,strict_backbone
瓦窑沟战斗,1,2,2,0,,,strict_backbone
空城计伏击,0,2,0,0,,,context_only
汉口解放,0,3,0,0,,,context_only
黎平至榕江行军路线,0,3,3,0,,,strict_backbone
建立党组织发展武装斗争,0,1,1,0,,,strict_backbone
剿灭游匪行动,0,3,0,0,,,context_only
带路下乡宣传活动,0,2,0,0,,,context_only
下川东武装斗争,1,5,3,0,,,strict_backbone
工农运动被压迫,0,1,0,0,,,context_only
潢(川)光(山)战役,0,1,1,0,,,strict_backbone
国民党二中全会,0,8,3,0,,,strict_backbone
斗争克扣军饷,0,3,0,0,,,context_only
功果桥破坏行动,0,3,0,0,,,context_only
群众支持,0,6,0,0,,,context_only
信用合作社运动,0,3,2,0,,,strict_backbone
长征标语,0,3,1,1,,,strict_backbone
苏中四分区文教研究会,0,2,0,0,,,context_only
滇南追歼及元江阻击战,0,1,0,0,,,context_only
行业公会组织,0,3,3,0,,,strict_backbone
停止蓉航空版发行,0,6,0,0,,,context_only
审讯释放单锦堂,0,3,1,0,,,strict_backbone
郧西会议,2,2,2,0,,,strict_backbone
鼎山场战斗,0,2,2,0,,,strict_backbone
贵阳市人民政府成立,0,3,0,0,,,context_only
年关起义,0,7,5,1,,,strict_backbone
马克思说研究会,0,3,1,0,,,strict_backbone
吊孝暴动,0,3,1,0,,,strict_backbone
重庆号巡洋舰起义,1,7,5,0,,,strict_backbone
大别山解放区,0,6,4,0,,,strict_backbone
反帝国主义教会斗争,2,3,2,0,,,strict_backbone
粤汉路工人罢工,0,2,2,0,,,strict_backbone
江川县解放,0,3,3,0,,,strict_backbone
武汉妇女代表大会,0,5,1,0,,,strict_backbone
犯人救护与反顽斗争,0,1,0,0,,,context_only
湘潭县农民代表大会,0,3,0,0,,,context_only
梅城暴动,0,2,2,0,,,strict_backbone
抗日群众运动,0,2,0,0,,,context_only
罗平州战役,0,1,0,0,,,context_only
赣军第二次‘进剿’,0,5,5,0,,,strict_backbone
泗东战役,0,3,0,0,,,context_only
秘密的‘时事学’,0,1,0,0,,,context_only
上海战争,0,3,0,0,,,context_only
武装革命斗争,2,2,2,0,,,strict_backbone
湘南革命,1,2,2,0,,,strict_backbone
湘鄂铁路破坏事件,1,3,1,0,,,strict_backbone
'枪换肩'斗争,0,2,1,0,,,strict_backbone
宜都县委扩大会议,0,2,0,0,,,context_only
第二野战军西进行动,0,2,0,0,,,context_only
红三军土地分配政策,0,3,1,1,,,strict_backbone
苏中战役,9,153,49,1,,,strict_backbone
小青年会,0,1,1,0,,,strict_backbone
刘家坝会议,0,2,2,0,,,strict_backbone
罗平抗日救亡工作团,0,3,0,0,,,context_only
减租试点工作,0,2,0,0,,,context_only
解放贵州织金,2,2,2,0,,,strict_backbone
綦江县委成立,3,3,3,0,,,strict_backbone
"打过长江去,解放全中国",0,2,0,0,,,context_only
黄陂战役,4,39,26,1,1927-08-01,1937-07-06,strict_backbone
上海纱厂大罢工,0,4,0,0,,,context_only
三五事件,0,1,0,0,,,context_only
赣西南农民武装大暴动,1,5,3,0,,,strict_backbone
‘驱李运动’,1,5,5,0,,,strict_backbone
南京党组织遭破坏事件,0,4,4,0,,,strict_backbone
贵阳市军事管制委员会成立,0,3,0,0,,,context_only
学生民主运动,0,9,0,2,,,context_only
中共六大,2,14,7,0,,,strict_backbone
迎接解放准备,0,5,3,0,,,strict_backbone
云南蒙自革命活动,1,5,3,1,,,strict_backbone
放弃领导权,0,3,1,0,,,strict_backbone
鱼抗战斗,0,1,0,0,,,context_only
商议去向与制定游击计划,0,1,1,0,,,strict_backbone
九江会议,5,24,15,0,,,strict_backbone
资产阶级叛变,0,2,2,0,,,strict_backbone
衡社,0,3,0,0,,,context_only
鄂西特委二大,0,3,0,0,,,context_only
蒙姑游击大队,1,10,3,1,,,strict_backbone
工农兵代表会议,0,3,0,0,,,context_only
枪械被拖与独立行动,0,1,0,0,,,context_only
桐怀、潜中心县委代表大会,0,1,0,0,,,context_only
攻城准备,2,10,2,0,,,strict_backbone
宜城革命条件提要,1,1,1,0,,,strict_backbone
召开党代会,0,6,3,0,,,strict_backbone
江西中央革命根据地反‘围剿’斗争,1,3,3,0,,,strict_backbone
护校护厂,0,2,0,0,,,context_only
坝塘坑伏击战,0,2,0,0,,,context_only
解放区政策宣传,0,2,2,1,,,strict_backbone
爱国青年互助团,0,3,0,0,,,context_only
湖湘起义,0,2,2,0,,,strict_backbone
安顺城会师,0,2,0,0,,,context_only
打石头仗,0,2,2,0,,,strict_backbone
云南学生运动,0,5,5,0,,,strict_backbone
反对西山和尚侵占民田斗争,0,1,1,0,,,strict_backbone
皖南事变后疏散党员,0,1,0,0,,,context_only
解放织金县,1,2,2,0,,,strict_backbone
抗日同盟会,0,7,4,0,,,strict_backbone
东河行委扩大会议,0,3,0,0,,,context_only
反‘围剿’战略指导思想,0,2,0,0,,,context_only
零陵地区工作视察,0,2,0,0,,,context_only
夺取赣州训令,0,2,0,0,,,context_only
红岩坡阻击战,0,2,0,0,,,context_only
阜阳四九暴动,0,3,2,0,,,strict_backbone
皖南抗日游击根据地斗争,0,3,3,0,,,strict_backbone
江当潭四县抗敌总会,0,3,0,0,,,context_only
山阳行战斗,0,1,0,0,,,context_only
丘北县革勒战斗,0,7,0,0,,,context_only
八团东进,0,2,2,0,,,strict_backbone
护税斗争,0,3,0,0,,,context_only
温云成,0,1,1,0,,,strict_backbone
反日罢工,0,3,0,0,,,context_only
罗炳辉事件,0,1,0,0,,,context_only
抗日巡回宣传演出,0,3,1,0,,,strict_backbone
地下共青团工作,0,3,0,0,,,context_only
肃清土匪运动,0,5,2,0,,,strict_backbone
港下战斗,0,2,2,0,,,strict_backbone
“一二·一”爱国学生运动,1,12,6,1,,,strict_backbone
分化瓦解伪军,0,3,1,1,,,strict_backbone
平和暴动,3,6,3,0,,,strict_backbone
阳澄湖地区游击战争,0,4,2,0,,,strict_backbone
第四次党代表大会,0,5,1,0,,,strict_backbone
赴渝谈判,0,5,2,0,,,strict_backbone
社会阶级矛盾,0,3,1,1,,,strict_backbone
开设药铺,0,1,1,0,,,strict_backbone
南京青年往何处去?讨论会,0,3,0,0,,,context_only
群众性游击战,0,3,0,0,,,context_only
青年益民社,0,5,0,0,,,context_only
苏中战役第四次战斗,0,7,3,0,,,strict_backbone
贾汪煤矿复工,0,2,0,0,,,context_only
武工队整训与发展,0,2,1,0,,,strict_backbone
唐生、学生运动,0,1,0,0,,,context_only
古城战斗,0,4,3,0,,,strict_backbone
四次反‘围剿’胜利,0,2,0,0,,,context_only
武汉各界第二期抗战扩大宣传周,0,2,0,0,,,context_only
解放丹寨战斗,0,10,5,0,,,strict_backbone
淮南煤矿罢工斗争,0,5,3,1,,,strict_backbone
泗五灵凤敌工站,1,15,4,0,,,strict_backbone
反对童军教官斗争,0,8,3,0,,,strict_backbone
七一五爱国学生运动,1,4,4,0,,,strict_backbone
全国战斗英雄代表大会,0,1,0,0,,,context_only
废除国民党保甲制度运动,0,3,0,1,,,context_only
伏击杀害特工,0,4,0,0,,,context_only
国民党反动派统治,0,3,1,0,,,strict_backbone
汉口事件,0,5,0,0,,,context_only
咸宁和平解放,0,6,1,0,,,strict_backbone
梅村会合,0,3,0,0,,,context_only
检举运动,0,1,0,0,,,context_only
湖北省委扩大会议,0,3,0,0,,,context_only
三·三惨案,0,4,0,0,,,context_only
甘溪堵截共军,1,3,1,0,,,strict_backbone
群众举报擒匪,0,1,0,0,,,context_only
江苏各级团部,0,3,0,0,,,context_only
抗日集会游行,0,2,0,0,,,context_only
群众公判大会,0,3,1,1,,,strict_backbone
第二野战军前委成立,0,2,2,0,,,strict_backbone
凉风店暴动,0,4,1,0,,,strict_backbone
峰高乡烟苗捐算帐斗争,1,5,3,0,,,strict_backbone
袭扰敌人/堵击第八军/建水解放,0,0,0,0,,,isolated
谈判成功,0,1,1,0,,,strict_backbone
开门办学,0,1,0,0,,,context_only
云贵川农村据点布置,0,6,2,0,,,strict_backbone
被围事件,0,1,0,0,,,context_only
武汉-武昌地区活动,1,2,2,0,,,strict_backbone
铜北千里井惨案,0,3,0,0,,,context_only
夜行军,0,3,1,0,,,strict_backbone
地下斗争/迎接解放,0,1,0,0,,,context_only
党务骨干训练班,0,3,1,0,,,strict_backbone
泗宿民兵,0,5,1,1,,,strict_backbone
抗日宣传/统战/方老人洼战斗,0,2,0,0,,,context_only
秋季反‘扫荡’,0,3,1,0,,,strict_backbone
二洪山战斗,0,1,0,0,,,context_only
农协筹备与农村建党,0,3,1,0,,,strict_backbone
接应西路军干部,0,3,1,0,,,strict_backbone
武胜特支,0,3,0,0,,,context_only
筹备攻打六村与武工小组活动,0,1,0,0,,,context_only
崇、德乡农民暴动,2,2,2,0,,,strict_backbone
齐心会活动,1,1,1,0,,,strict_backbone
沙土保卫战,0,2,0,0,,,context_only
书写标语击落敌机,0,3,1,0,,,strict_backbone
敌全面扫荡,0,1,0,0,,,context_only
蛟尾镇血战,0,3,0,0,,,context_only
工农兵苏维埃政权,0,3,0,0,,,context_only
千里追捕,0,1,0,0,,,context_only
苏朴生夺印事件,0,2,2,3,1940-01-01,1940-12-31,strict_backbone
释放纪雄/汇报谈判经过,0,1,0,0,,,context_only
讨蒋自救特捐,0,3,1,0,,,strict_backbone
安兴区墟塘门民众抗敌斗争,0,4,4,1,,,strict_backbone
解放云南的最后一战,0,2,2,0,,,strict_backbone
九里战斗,1,5,2,0,,,strict_backbone
老木孔战斗准备,0,4,3,0,,,strict_backbone
反日运动,0,9,4,0,,,strict_backbone
第一次反‘围剿’胜利,0,3,0,1,,,context_only
架设浮桥,0,1,0,0,,,context_only
印发民族政策文告,0,6,2,0,,,strict_backbone
上海罢工事件,0,6,2,0,,,strict_backbone
大后方建设与民主运动,0,3,1,1,,,strict_backbone
江巴铁机织布工人,0,2,2,0,,,strict_backbone
第四次反‘围剿’,0,119,67,4,,,strict_backbone
东皇小组,0,1,0,0,,,context_only
会昌县革命委员会初成立,0,3,1,0,,,strict_backbone
新法接生,0,3,0,0,,,context_only
永丰乡新龙寺附近剿匪战斗,0,1,0,0,,,context_only
反白匪搜查,0,4,2,0,,,strict_backbone
反对校长吕稷事件,0,3,1,0,,,strict_backbone
《红岩》创作,0,3,0,0,,,context_only
宣威特支成立,2,2,2,0,,,strict_backbone
广西战役,1,2,2,0,,,strict_backbone
湘鄂西第二次工农兵贫民代表大会,0,3,1,0,,,strict_backbone
4月20日的大逮捕事件,0,3,1,0,,,strict_backbone
智斗鬼子伪军,0,1,1,0,,,strict_backbone
社会主义建设,0,6,1,0,,,strict_backbone
民兵组织训练,0,3,1,1,,,strict_backbone
濉溪口战斗,0,3,1,1,,,strict_backbone
北伐军进入醴陵,2,3,2,0,,,strict_backbone
文艺宣传鼓动,0,3,0,0,,,context_only
平伐战斗,0,3,3,0,,,strict_backbone
国共合作抗战宣传运动,0,3,0,0,,,context_only
培训干部,0,2,0,0,,,context_only
涂写标语,0,1,0,0,,,context_only
转移作战,0,2,2,0,,,strict_backbone
龙江支流东溪战斗,0,3,3,0,,,strict_backbone
西区游击战,0,3,0,1,,,context_only
抗日救亡社,0,4,2,0,,,strict_backbone
苏维埃运动,9,38,14,1,,,strict_backbone
小东山暴动,2,9,9,0,,,strict_backbone
八条路伏击战,0,3,3,0,,,strict_backbone
南京地下党店员斗争,0,4,4,0,1948-01-01,1948-12-31,strict_backbone
组织游击队与自卫队,0,3,0,0,,,context_only
成都解放,2,57,24,1,1949-01-01,1949-12-31,strict_backbone
五马槽阻击战,0,5,2,0,,,strict_backbone
共青团苏维埃第二次代表大会,0,3,0,0,,,context_only
元东、元南、元西三个大队,0,1,0,0,,,context_only
清匪反霸与土地改革,0,7,2,0,,,strict_backbone
国民党残酷围剿,0,3,3,0,,,strict_backbone
第二次解放锦屏与全面清剿,0,5,0,0,,,context_only
天府煤矿工人运动,1,5,1,0,,,strict_backbone
湖南省第一次工农代表大会,7,37,16,0,,,strict_backbone
道孚会议,0,1,0,0,,,context_only
石首小河口战斗,0,1,0,0,,,context_only
驱逐陈调元运动,2,2,2,0,,,strict_backbone
特务支队成立,0,5,2,0,,,strict_backbone
坚守水楼战斗,0,1,0,0,,,context_only
江、石阡吴河清家劝投诚行动,0,1,1,0,,,strict_backbone
边界全盛时期,0,4,0,0,,,context_only
向毕节大定前进,0,3,0,0,,,context_only
清算军阀主义领导方法,0,1,0,0,,,context_only
峨山大太和乡农民起义,0,2,2,0,,,strict_backbone
七·二〇火烧马金办事处事件,0,3,0,0,,,context_only
学生爱国民主运动,0,1,0,0,,,context_only
自卫军成立/猪宁伏击战背景,0,4,0,0,,,context_only
蚌北运动防御,0,6,2,0,,,strict_backbone
九河签字与告别乡亲,0,4,4,0,,,strict_backbone
暴风壁报,0,3,1,0,,,strict_backbone
罗云乡土地会暴动,1,3,3,0,,,strict_backbone
普罗戏剧运动,0,1,0,0,,,context_only
民主选举运动,0,2,2,0,,,strict_backbone
江越支队成立,0,4,0,0,,,context_only
保警队叛变,0,9,2,0,,,strict_backbone
交通站被捕儿童记忆,0,5,0,0,,,context_only
草左栗子街战斗,0,3,3,0,,,strict_backbone
处理党员干部党籍问题规定,0,3,0,1,,,context_only
共产党员会议,0,1,1,0,,,strict_backbone
马龙屯战斗,1,9,3,0,,,strict_backbone
鄱阳农民暴动,0,2,2,0,,,strict_backbone
曲靖游击大队建立,0,6,2,1,,,strict_backbone
七大党章刻写任务,0,4,0,0,,,context_only
武定白花山战斗,0,1,1,0,,,strict_backbone
政权交接,0,4,3,0,,,strict_backbone
递步哨,2,5,4,0,,,strict_backbone
分财物运动,0,2,2,0,,,strict_backbone
成立反战同盟,0,2,0,0,,,context_only
张围子战斗,0,1,0,0,,,context_only
跳出外线作战,0,1,0,0,,,context_only
参政会事,1,2,2,0,,,strict_backbone
护店、迎解放斗争,0,2,1,0,,,strict_backbone
土地法改革,0,6,1,0,,,strict_backbone
随营干校,0,3,0,0,,,context_only
格勒村战斗,1,5,2,0,,,strict_backbone
上海共大戏院会议,0,2,2,0,,,strict_backbone
邓川土庞战斗,0,1,0,0,,,context_only
云南人民讨蒋自卫军第一大队,0,6,1,0,,,strict_backbone
打通借贷关系,0,1,0,0,,,context_only
枪弹来源组织,0,3,1,1,,,strict_backbone
苏北发展,1,2,2,0,,,strict_backbone
支前模范事迹,1,2,1,0,,,strict_backbone
组织武装暴动,0,1,0,0,,,context_only
敌机空投接济,0,2,1,0,,,strict_backbone
岔河战斗,0,1,0,0,,,context_only
宣传队遇袭与罢课,0,5,0,0,,,context_only
阻击敌人奔袭,0,2,2,0,,,strict_backbone
红军纪律严明行动,0,3,0,0,,,context_only
伏击汽车车队,0,2,2,0,,,strict_backbone
围点打援战术,0,6,3,0,,,strict_backbone
斗争徐传友,0,3,0,0,,,context_only
博望战斗,0,3,0,0,,,context_only
廿四都暴动,0,1,1,0,,,strict_backbone
汉川榔头暴动,0,3,3,0,,,strict_backbone
四川军委工作,1,3,1,0,,,strict_backbone
苏南党政军机关突围战,0,3,1,1,,,strict_backbone
鄂豫皖根据地肃反事件,0,3,0,0,,,context_only
豫皖苏边抗日根据地创建,0,3,0,0,,,context_only
大美桥战斗,0,3,1,0,,,strict_backbone
滇南地委扩大会议,2,3,2,0,,,strict_backbone
中央政治局会议,0,7,2,0,,,strict_backbone
抗战时期国共合作,0,5,2,0,,,strict_backbone
高沟、杨口祝捷大会,0,0,0,0,,,isolated
抢渡乌江战役,2,2,2,0,,,strict_backbone
龙沙民团,0,3,0,0,,,context_only
摧毁乡公所与整编独立大队,0,2,1,0,,,strict_backbone
建立武装游击基地,0,4,1,1,,,strict_backbone
游击队员抵抗行动,0,3,1,1,,,strict_backbone
新宁和平解放,0,5,0,0,,,context_only
协胜农村消费合作社,0,1,0,0,,,context_only
人民武装自卫队,0,12,1,0,,,strict_backbone
赣南抗日团,0,3,0,0,,,context_only
老木孔伏击战,1,10,6,0,,,strict_backbone
通江引河开挖工程,0,3,0,0,,,context_only
籍、田暴动,0,1,0,0,,,context_only
赣南赣西农民武装暴动,0,2,2,0,,,strict_backbone
建立党报,0,1,0,0,,,context_only
师宗县攻克行动,0,3,3,0,,,strict_backbone
广昌/长征途中,0,1,0,0,,,context_only
护校不停课,0,1,0,0,,,context_only
五四指示,1,15,1,0,,,strict_backbone
陆良农民暴动,1,11,3,1,1930-01-01,1930-12-31,strict_backbone
蓬莱武装组织,0,9,5,0,,,strict_backbone
成都市学潮,0,3,1,0,,,strict_backbone
常宁党史大事年表,0,3,0,0,,,context_only
保卫昆明行动,0,1,1,0,,,strict_backbone
马列主义宣传,0,9,1,0,,,strict_backbone
日军轰炸亳县事件,0,3,0,0,,,context_only
草地会议,1,5,3,0,,,strict_backbone
盐工舵工运动,0,1,0,0,,,context_only
有田事变,0,5,3,0,,,strict_backbone
思南县委成立事件,0,3,0,1,,,context_only
小涧暴动,0,5,5,0,,,strict_backbone
敌人清剿与藏子弹,0,5,3,0,,,strict_backbone
宜兴秋收暴动,0,2,2,0,,,strict_backbone
油料疏散行动,0,1,1,0,,,strict_backbone
边防大队,0,4,1,0,,,strict_backbone
伏击行动,0,1,1,0,,,strict_backbone
两面派政策,0,3,1,0,,,strict_backbone
借款救济活动,1,3,1,0,,,strict_backbone
城市接管与社会改造,0,3,1,0,,,strict_backbone
爱国民主运动,0,8,0,1,,,context_only
南京文化界座谈会,0,5,2,0,,,strict_backbone
泸沟桥事变,0,2,2,0,,,strict_backbone
土改胜利,0,5,2,0,,,strict_backbone
大刀会起义,0,3,1,1,,,strict_backbone
兰家洞暴动,0,2,2,0,,,strict_backbone
芙蓉山游击战争,0,4,4,0,,,strict_backbone
中央总部变换领导,0,3,0,0,,,context_only
《反叛的进军》,1,6,2,0,,,strict_backbone
战斗命令,0,2,0,0,,,context_only
解放从江,2,8,5,0,1950-01-01,1950-12-31,strict_backbone
王明路线,0,28,7,0,,,strict_backbone
岳池三元县战斗,1,2,2,0,,,strict_backbone
人民生活挺进社,0,3,2,0,,,strict_backbone
召开中央分局会议与办党校,0,3,1,0,,,strict_backbone
赣州大坪农民武装暴动,0,1,1,0,,,strict_backbone
汤口会师,0,3,0,0,,,context_only
苏中战役战略部署,0,6,3,0,,,strict_backbone
地下党会师,0,3,0,0,,,context_only
中共武汉地方委员会成立,0,3,1,0,,,strict_backbone
湖北全省农民代表大会,0,2,2,0,,,strict_backbone
重访长征路,0,1,0,0,,,context_only
二五减租政纲,0,4,1,1,,,strict_backbone
鄣公山会师,1,4,2,0,,,strict_backbone
驱张反腐运动,0,3,1,0,,,strict_backbone
鄂西党的二大,0,5,3,0,,,strict_backbone
罢工斗争,5,90,43,0,,,strict_backbone
古饶区农会斗争,0,2,2,0,,,strict_backbone
三院古突围战,0,5,2,1,,,strict_backbone
进军西南军事行动,0,1,0,0,,,context_only
游击战准备,1,1,1,0,,,strict_backbone
工人灭火抢险,0,3,1,0,,,strict_backbone
渔沟区建立,0,3,1,1,,,strict_backbone
讨论旧茶缸,0,4,2,0,,,strict_backbone
肃特剿匪工作,0,3,0,1,,,context_only
成都社会主义研究会,0,2,0,0,,,context_only
破坏电线杆行动,0,2,2,0,,,strict_backbone
红五月运动,0,17,8,1,1925-05-01,1925-05-31,strict_backbone
尾明保卫战,0,3,1,1,,,strict_backbone
华中分局成立,0,2,2,0,,,strict_backbone
土匪训练班,0,2,0,0,,,context_only
抗日乡村宣传团,1,1,1,0,,,strict_backbone
第三野战军开赴长江前线,0,6,1,0,,,strict_backbone
村民兵会议,1,1,1,0,,,strict_backbone
潜行脱险,0,3,1,1,,,strict_backbone
红军渡江行动,0,24,1,1,,,strict_backbone
青溪贸易组战斗,0,6,0,0,,,context_only
'天国教',0,4,0,0,,,context_only
人权保障运动,3,23,8,1,,,strict_backbone
工兵营解放丹寨,0,1,0,0,,,context_only
赣南三年游击战争突围坚持游击战争,0,6,0,0,,,context_only
宣威宝山起义,0,4,0,0,,,context_only
武穴战斗,0,2,2,0,,,strict_backbone
七师与二师交通线建立,0,3,0,0,,,context_only
磨面粉修理武器,0,9,2,0,,,strict_backbone
工人游艺会,0,5,2,1,,,strict_backbone
《暴风》壁报,0,13,5,0,,,strict_backbone
鹤庆解放计划,0,1,1,0,,,strict_backbone
书报合作社,0,2,2,0,,,strict_backbone
联合诊所成立,0,1,1,0,,,strict_backbone
台儿庄起义,0,2,2,0,,,strict_backbone
四川工农红军第三路游击队成立及失败事件,0,6,0,1,,,context_only
中央苏区第二次反“围剿”,0,3,1,0,,,strict_backbone
抗粮抗税斗争,0,2,1,0,,,strict_backbone
四川二路红军游击队成立,0,2,0,0,,,context_only
六、七月事件,0,2,2,0,,,strict_backbone
老营盘战斗与沙村战斗,0,2,2,0,,,strict_backbone
弋阳马王庙地主利用本地流氓伪装起义,0,5,1,0,,,strict_backbone
剧本创作,0,3,1,0,,,strict_backbone
抗美援朝捐献,0,7,3,0,,,strict_backbone
东沟至高宝地区交通线,0,3,0,0,,,context_only
东乡民众自卫团暴动,0,2,2,0,,,strict_backbone
国民党军追击部署,0,1,0,0,,,context_only
财政制度建设,0,1,0,0,,,context_only
武汉时代,0,1,0,0,,,context_only
织金县解放,0,1,0,0,,,context_only
横峰年关暴动,1,16,7,0,,,strict_backbone
肃特运动,0,2,0,0,,,context_only
春耕社,0,3,0,0,,,context_only
亳州市建立,0,3,0,0,,,context_only
反罗瑛斗争,0,7,3,1,,,strict_backbone
大洪山根据地创建,0,2,2,0,,,strict_backbone
青帮,0,1,0,0,,,context_only
失业军官绝食运动,0,3,0,0,,,context_only
反遣散斗争,0,4,2,0,,,strict_backbone
光泽自卫队何琨中队,0,3,0,0,,,context_only
红七军转战江西,0,2,2,0,,,strict_backbone
大方县解放斗争文献辑录,0,1,0,0,,,context_only
泰州讨逆进长江叛变之役,0,2,2,0,,,strict_backbone
西山人民斗争,0,3,1,0,,,strict_backbone
苗族独立团组建,0,3,1,0,,,strict_backbone
平江兵变,1,2,2,0,,,strict_backbone
钱集据点战役,0,6,5,1,1944-01-01,1944-12-31,strict_backbone
农民协会暴动,0,6,0,0,,,context_only
武装保厂运动,0,1,1,0,,,strict_backbone
杨长治烈士牺牲一周年大会,0,6,1,1,,,strict_backbone
撤销处分,0,2,0,0,,,context_only
宜宾党团组织,0,3,1,0,,,strict_backbone
蜡炬社,0,24,1,1,,,strict_backbone
一碗水战斗,2,3,3,0,,,strict_backbone
地下革命斗争,2,9,8,0,,,strict_backbone
革命教育,1,4,1,0,,,strict_backbone
反‘江西罗明路线’斗争,0,1,0,0,,,context_only
樵山根据地恢复,2,4,2,0,,,strict_backbone
警卫大队,0,18,1,1,,,strict_backbone
抢占道县渡潇水架浮桥,0,9,0,0,,,context_only
与土匪战斗,0,2,2,0,,,strict_backbone
滇东南反围剿,0,2,0,0,,,context_only
南溪抗捐运动,0,4,0,0,,,context_only
三台特区党员代表会,1,5,4,0,,,strict_backbone
湘赣省劳动妇女第一次代表大会,0,2,2,0,,,strict_backbone
庆祝苏联红军解放柏林游行,0,4,0,0,,,context_only
湖北崇阳阻击战,0,1,0,0,,,context_only
白色恐怖斗争,0,2,0,0,,,context_only
宜春六大队,0,2,0,0,,,context_only
国民党二中、全会,0,1,0,0,,,context_only
沙市大革命运动,0,2,2,0,,,strict_backbone
武工队斗争,2,7,4,0,,,strict_backbone
青干班,0,8,0,0,,,context_only
七·八血案,0,3,0,0,,,context_only
镇压反革命运动和清匪反霸斗争,0,3,1,0,,,strict_backbone
夜校办学活动,0,4,0,0,,,context_only
农协运动,1,10,8,1,,,strict_backbone
支前委员会成立,0,2,0,0,,,context_only
龙潭寺训练班,0,3,2,0,,,strict_backbone
三·一惨案,0,18,8,0,,,strict_backbone
李山战斗、反“清乡”反“蚕食”,0,5,3,0,,,strict_backbone
司法接管工作,0,3,0,0,,,context_only
婺源古坦会议,0,1,1,0,,,strict_backbone
五州惨案后援会,0,2,2,0,,,strict_backbone
打土豪分粮食衣物,0,3,0,0,,,context_only
鲁家湾暴动,0,2,1,0,,,strict_backbone
民工组织与运输支援,0,3,2,0,,,strict_backbone
越狱事件,0,3,0,0,,,context_only
黔西县土地改革运动,0,6,0,0,,,context_only
组织系统整顿,0,2,0,0,,,context_only
重庆‘四·二、一’学生示威大游行,0,1,0,0,,,context_only
匪部防御部署,0,3,0,0,,,context_only
夜袭三江坝战斗,0,6,0,0,,,context_only
反日爱国集会游行,1,2,2,0,,,strict_backbone
世界反帝大同盟会议,0,2,2,0,,,strict_backbone
锄奸行动,0,1,0,0,,,context_only
上海总同盟罢工,1,5,3,0,,,strict_backbone
认购公债,0,1,0,0,,,context_only
打回田渡(乐平),0,3,1,0,,,strict_backbone
主要活动,1,3,2,0,,,strict_backbone
贵池牌楼战斗,0,1,0,0,,,context_only
沙溪暴动,2,5,5,0,,,strict_backbone
清理积谷清查黑地斗争,0,6,1,1,,,strict_backbone
湘西省委肃清事件,0,9,0,1,,,context_only
隐蔽政策,0,6,1,0,,,strict_backbone
皖西地区抗日活动,0,5,1,0,,,strict_backbone
‘三反’运动,0,49,20,3,1949-01-01,1949-12-31,strict_backbone
南北两线攻击,0,1,1,0,,,strict_backbone
宿东大撤退,0,3,0,0,,,context_only
日本投降,0,6,0,0,,,context_only
游集内线活动,0,2,0,0,,,context_only
中共黔西游击队第七支队成立及游击斗争,0,2,2,0,,,strict_backbone
红五月宣传教育活动,0,3,0,1,,,context_only
南方局整风学习,0,7,2,0,,,strict_backbone
铜城之战,0,2,2,0,,,strict_backbone
梁山暴动,0,3,3,0,,,strict_backbone
淮盐地下党,0,6,0,1,,,context_only
劳资争议调处暂行办法,0,3,1,0,,,strict_backbone
小张圩战斗,0,6,1,1,,,strict_backbone
大后方建设,0,10,5,0,,,strict_backbone
红五月纪念大会,0,3,0,0,,,context_only
入党宣誓仪式,0,10,4,0,,,strict_backbone
抗美援朝捐献运动,0,6,4,0,1949-01-01,1949-12-31,strict_backbone
鹤庆解放,0,5,0,0,,,context_only
赣东北特区党政军领导机关,0,1,0,0,,,context_only
三反整治运动,0,6,1,0,,,strict_backbone
水楼保卫战,0,3,1,0,,,strict_backbone
宜家堡战斗,0,2,2,0,,,strict_backbone
罗霄路线斗争,0,4,1,0,,,strict_backbone
洪泽湖战役,2,6,3,0,,,strict_backbone
培青团,0,4,0,0,,,context_only
严格治军,0,3,1,0,,,strict_backbone
巧遇叶军长,0,3,0,0,,,context_only
贫农团组织,0,1,1,0,,,strict_backbone
学生罢考事件,0,1,0,0,,,context_only
反对国民党内战大游行,1,3,1,0,,,strict_backbone
淮南市土地改革,0,1,1,0,,,strict_backbone
地下党武装斗争,0,1,0,0,,,context_only
苏维埃工农共和国,0,3,0,0,,,context_only
三·八妇女节学潮,0,2,0,0,,,context_only
苏中七战七捷,8,56,21,1,,,strict_backbone
除奸自卫队,0,2,2,0,,,strict_backbone
洪湖根据地反‘围剿’斗争,0,2,2,0,,,strict_backbone
大会秘书,0,2,0,0,,,context_only
石臼湖会议,2,4,2,0,,,strict_backbone
繁昌抗日民族统一战线工作,0,6,1,0,,,strict_backbone
武装斗争前途,0,1,0,0,,,context_only
茶陵二十二都睦乡农协斗争,0,2,2,0,,,strict_backbone
反内战争民主运动,0,2,2,0,,,strict_backbone
洒戛佤劳动童子团,0,3,0,0,,,context_only
红二十五师与教导二师合编,0,2,2,0,,,strict_backbone
浙江、江西二地地下党会议,0,1,0,0,,,context_only
三反六抗斗争,0,8,4,1,1946-06-01,1946-06-30,strict_backbone
龙王集大捷,0,3,2,0,,,strict_backbone
党校高级班,0,6,0,0,,,context_only
二、六军团渡江北进行动,0,0,0,0,,,isolated
抗议美军暴行示威游行,1,6,2,1,,,strict_backbone
农协组织发展,0,1,1,0,,,strict_backbone
西湾起义,5,13,11,0,,,strict_backbone
长征胜利,0,6,0,0,,,context_only
骑兵团团部,0,3,2,0,,,strict_backbone
抗日斗争,6,42,22,0,,,strict_backbone
建立各级苏维埃政权,2,5,3,0,,,strict_backbone
击退土匪偷袭/保护群众,0,1,1,0,,,strict_backbone
梅岭起义,0,1,0,0,,,context_only
第二次国共合作,0,3,0,0,,,context_only
集中兵力/掩护转进,0,1,1,0,,,strict_backbone
汪精卫叛变,1,8,2,0,,,strict_backbone
民主改革,2,11,8,1,,,strict_backbone
武工队枪支运输,0,1,0,0,,,context_only
油印机借用,0,5,0,0,,,context_only
慰劳团,0,1,0,0,,,context_only
苏中地区作战,0,2,2,0,,,strict_backbone
皖西地区农运工作,0,5,2,0,,,strict_backbone
弋横农民暴动,1,5,3,1,,,strict_backbone
高店保卫战,0,1,1,0,,,strict_backbone
中国工农红军第一次全国政治工作会议,0,4,0,0,,,context_only
互助组运动,0,3,1,0,,,strict_backbone
烧篱笆反封锁,0,3,0,0,,,context_only
接管领导班子,0,2,2,0,,,strict_backbone
筹粮困难/医务治病,0,5,0,0,,,context_only
泰州抗日救亡运动,0,2,0,0,,,context_only
保卫枪弹任务,0,7,5,0,,,strict_backbone
敌工队撤出行动,0,2,2,0,,,strict_backbone
荔波合围计划,1,3,1,0,,,strict_backbone
起义军总司令,0,1,0,0,,,context_only
支援掩护长征,0,2,0,0,,,context_only
扎西整编,0,38,7,0,,,strict_backbone
两路两矿同盟罢工,0,2,0,0,,,context_only
边城战役,0,3,0,0,,,context_only
命令主义批判,0,3,0,0,,,context_only
邱北县城攻城战,0,2,0,0,,,context_only
岳州惨案,1,2,2,0,,,strict_backbone
战时民校,0,6,1,0,,,strict_backbone
云南爱国民主运动,0,3,2,0,,,strict_backbone
湖北省农协代表大会,0,7,0,0,,,context_only
反饥饿反内战斗争,0,3,1,0,,,strict_backbone
爬雪山过草地,1,6,4,0,,,strict_backbone
骂往塘会议,1,2,2,0,,,strict_backbone
学运活动,0,1,0,0,,,context_only
清远县武装起义,0,2,2,0,,,strict_backbone
黔东神兵运动,1,7,2,0,,,strict_backbone
救国入狱运动,0,3,0,0,,,context_only
夏斗寅叛变,2,48,24,1,,,strict_backbone
贵阳市军管会成立,0,2,0,0,,,context_only
干部带头/扩红,0,1,0,0,,,context_only
《抗战壁报》,2,8,2,0,,,strict_backbone
解放高家镇,1,3,3,0,,,strict_backbone
宿蒙、宿西军民,0,1,0,0,,,context_only
江西工作计划,0,3,0,0,,,context_only
巨山会议,0,6,3,0,1937-01-01,1937-12-31,strict_backbone
边沿区反蚕食斗争,0,1,1,0,,,strict_backbone
重庆较场口事件声援大会,0,2,2,0,,,strict_backbone
收复淮南路以东蚌埠以南据点,0,1,1,0,,,strict_backbone
奇袭鸭池河战斗,0,3,0,0,,,context_only
秋征工作,0,5,1,0,,,strict_backbone
闸北丝厂罢工,0,2,0,0,,,context_only
四野兵团作战,0,2,0,0,,,context_only
宿泗暴动,0,2,2,0,,,strict_backbone
客店坡战斗,0,2,2,0,,,strict_backbone
编纂革命斗争史,0,6,1,0,,,strict_backbone
忠、丰、石三县联络站,1,4,1,0,,,strict_backbone
益阳县矿业联合会,2,2,2,0,,,strict_backbone
东方军东征福建,0,3,2,0,,,strict_backbone
伏击溃匪,0,1,1,0,,,strict_backbone
讨罗战斗,0,1,0,0,,,context_only
雪凉合围系列回忆与总结,0,6,0,0,,,context_only
师宗县临时人民政府成立,0,3,0,0,,,context_only
边界党的代表大会,0,1,0,0,,,context_only
支援反蒋游击战争,0,2,0,0,,,context_only
滇南追歼战役,0,3,3,0,,,strict_backbone
讨伐夏斗寅战役,1,1,1,0,,,strict_backbone
清剿共匪行动,0,7,4,1,1948-01-01,1948-12-31,strict_backbone
开辟西原上新区/请求上前线,0,1,0,0,,,context_only
反清乡部署,0,3,1,0,,,strict_backbone
民主青年先锋队小组,0,1,0,0,,,context_only
学兵团,1,5,5,0,,,strict_backbone
昆明学联人权保障运动,0,6,1,1,,,strict_backbone
两通铁路工人罢工,0,3,0,0,,,context_only
攻占乐平县城,1,6,2,1,,,strict_backbone
雪涡县建立事件,0,2,2,0,,,strict_backbone
女子艺术师范班,0,3,1,0,,,strict_backbone
长征路过川黔边,0,3,0,0,,,context_only
地方武装斗争,1,5,3,0,,,strict_backbone
黔西南革命牺牲统计,0,1,0,0,,,context_only
五·一游行示威,0,3,1,0,,,strict_backbone
浙西天目山战役,0,3,2,0,,,strict_backbone
江西起义,0,3,0,0,,,context_only
二塘垭战斗,0,2,2,0,,,strict_backbone
戴家桥战斗,0,5,2,0,,,strict_backbone
掌握地主武装,0,3,1,0,,,strict_backbone
昆明南坝训练班,0,2,0,0,,,context_only
皖北抗日游击支队成立,0,2,2,0,,,strict_backbone
国民党军围剿部署,0,2,0,0,,,context_only
财经小组,0,4,0,0,,,context_only
农会筹备委员会成立,0,5,1,0,,,strict_backbone
赭亭山守卫战,0,1,1,0,,,strict_backbone
第一/二区区委,0,1,0,0,,,context_only
迎接解放军到碚大会,0,3,0,0,,,context_only
里仁农民暴动,0,4,4,1,1928-02-01,1928-02-29,strict_backbone
黄柯庄战斗,0,1,0,0,,,context_only
长江以北转移,0,3,1,0,,,strict_backbone
如皋保卫战,0,7,5,0,,,strict_backbone
闹革命,0,3,0,0,,,context_only
武吉暴动,0,2,2,0,,,strict_backbone
购药任务,2,5,4,0,,,strict_backbone
反帝反封建宣传,0,7,1,0,,,strict_backbone
上海四一二反革命政变,0,4,0,0,,,context_only
上海国民会议促成会筹备会,1,2,2,0,,,strict_backbone
地下堡垒建设,0,4,4,1,1949-01-01,1949-12-31,strict_backbone
党组织号召农村武装斗争,0,3,1,0,,,strict_backbone
襄河沿岸战斗,0,3,0,0,,,context_only
黑冲阻击战,0,2,0,0,,,context_only
茶陵武装起义,0,2,2,0,,,strict_backbone
抵制日货爱国运动,0,2,2,0,,,strict_backbone
强攻大坝,0,6,2,0,,,strict_backbone
四、六暴乱,0,5,3,0,,,strict_backbone
茅东县警卫团北撤/留守,0,1,0,0,,,context_only
反贿选斗争,0,1,1,0,,,strict_backbone
中国民主同盟历史文献(1941—1949),1,4,4,0,,,strict_backbone
游行请愿,0,5,0,0,,,context_only
潭宝战役,1,2,2,0,,,strict_backbone
冬学运动,0,20,4,1,1943-01-01,1944-12-31,strict_backbone
运河大队,0,3,0,0,,,context_only
三反运动深入,0,3,2,1,,,strict_backbone
鄂西转战,0,2,2,0,,,strict_backbone
李德战斗,0,3,1,1,,,strict_backbone
平江暴动武装起义,0,2,2,0,,,strict_backbone
凉山彝族地区政权建设,0,2,2,0,,,strict_backbone
湘中衡阳宝庆战役,0,3,0,0,,,context_only
江川独立大队,0,9,0,0,,,context_only
开化县城解放,0,3,2,0,,,strict_backbone
地下印刷所,0,8,1,0,,,strict_backbone
首长叮嘱,0,1,0,0,,,context_only
追击溃敌与建立乡政权,0,5,0,0,,,context_only
北伐军攻克湘潭,0,2,0,0,,,context_only
中华全国学生联合会第六次全国代表大会,0,3,0,0,,,context_only
郎岱民先,0,2,2,0,,,strict_backbone
赤山之战,0,4,2,1,,,strict_backbone
嘉兴事件,0,3,1,0,,,strict_backbone
独立营抗击日军装甲车,0,2,2,0,,,strict_backbone
剿匪肃特工作,0,7,1,0,,,strict_backbone
突围电令下达,0,6,4,0,,,strict_backbone
湘鄂赣边斗争,0,2,2,0,,,strict_backbone
芭蕉战斗,0,3,3,0,,,strict_backbone
宋德义部,1,3,1,0,,,strict_backbone
上海工人第三次武装起义,17,61,47,0,1949-01-01,1949-12-31,strict_backbone
茂山乡经济建设,0,1,0,0,,,context_only
三民主义课程,0,4,0,0,,,context_only
淮海战役支前工作,0,7,6,0,,,strict_backbone
株洲/易俗河/晓忠地区接收工作,0,1,0,0,,,context_only
南坎战斗,0,1,0,0,,,context_only
大蜀山战斗,0,1,0,0,,,context_only
发扬民主,0,3,0,0,,,context_only
工学班,0,1,1,0,,,strict_backbone
留守牺牲/艰苦卓绝斗争,0,1,0,0,,,context_only
七月暴乱,0,1,0,0,,,context_only
日军侵华,0,3,1,0,,,strict_backbone
武汉学生救亡运动,1,2,2,0,,,strict_backbone
八七会议/纠正右倾/建立战略,0,1,0,0,,,context_only
怀化县保安团起义,0,13,3,0,,,strict_backbone
荣威(荣县、威远)暴动,1,1,1,0,,,strict_backbone
《葛波的解放》,0,3,0,0,,,context_only
撤退行动,0,1,0,0,,,context_only
四·六反革命暴乱,0,5,1,0,,,strict_backbone
清剿赤匪,0,1,1,0,,,strict_backbone
策动国民党八十五师起义,0,1,0,0,,,context_only
龙家寨战斗,2,7,7,0,,,strict_backbone
留田暴动,0,1,0,0,,,context_only
永丰战役,0,3,3,0,,,strict_backbone
反'清乡'、反'扫荡',0,0,0,0,,,isolated
豪绅压迫与清乡工作,0,2,0,0,,,context_only
牟坪农民起义,1,3,1,0,,,strict_backbone
抗日救国动员会,0,4,4,0,,,strict_backbone
肖贺残部,0,3,0,0,,,context_only
叶贺军队入粤,0,1,0,0,,,context_only
速决战,0,6,1,0,,,strict_backbone
湖北红枪会工作,0,3,0,0,,,context_only
三六六师起义,0,3,0,0,,,context_only
南京社会科学研究会,0,5,2,0,,,strict_backbone
龙山转移,0,3,0,0,,,context_only
十万坪伏击战,0,6,4,0,,,strict_backbone
1946年底-解放战争时期,1,3,1,0,,,strict_backbone
发展抗日地方武装,0,1,1,0,,,strict_backbone
武装斗争路线,0,1,1,0,,,strict_backbone
反清乡英雄事迹,0,1,0,0,,,context_only
安源会议,2,8,2,0,,,strict_backbone
汉口-嘉鱼县中-钢底湾-洪湖新堤交通线,0,2,2,0,,,strict_backbone
培青园,0,3,2,0,,,strict_backbone
组织部长调任事件,0,3,0,0,,,context_only
'南风'合唱团,0,10,2,0,,,strict_backbone
鼓动工作,0,2,0,0,,,context_only
蒋家岭战斗,0,16,7,1,,,strict_backbone
游击战,6,45,18,3,,,strict_backbone
平浏农民武装起义,0,3,0,0,,,context_only
卖田运动,0,1,0,0,,,context_only
洞庭湖围剿战役,1,1,1,0,,,strict_backbone
百子山游击根据地形成,0,1,0,0,,,context_only
谷城起义,1,1,1,0,,,strict_backbone
重庆地下工作,1,2,2,0,,,strict_backbone
第一次反‘会剿’,0,3,3,0,,,strict_backbone
起义电文,0,2,2,0,,,strict_backbone
方家坪战斗,0,1,0,0,,,context_only
半塔集保卫战,0,6,1,1,,,strict_backbone
侦察与战前动员,0,3,1,0,,,strict_backbone
湖南第一纱厂工人罢工,5,6,6,0,,,strict_backbone
与二李谈判,0,1,0,0,,,context_only
军委指示,1,8,1,0,,,strict_backbone
领导剿匪斗争,0,1,0,0,,,context_only
华中第一次群众工作会议,1,1,1,0,,,strict_backbone
反蒋武装斗争,11,82,36,1,,,strict_backbone
拥军优抚运动,0,9,1,0,,,strict_backbone
马关八寨农民武装暴动,1,2,2,0,,,strict_backbone
纪雄归队/特殊战斗总结,0,2,0,0,,,context_only
大将庄东头的小刘庄战斗,0,2,2,0,,,strict_backbone
修筑碉堡斗争,0,1,1,0,,,strict_backbone
泗县战斗,0,3,1,0,,,strict_backbone
苏中解放区前沿,0,1,0,0,,,context_only
三杀四抗斗争,0,2,2,0,,,strict_backbone
中共湘赣边界第一次代表大会,2,6,4,0,,,strict_backbone
新民主主义文化运动,0,3,3,0,,,strict_backbone
围剿孙绍武匪部,1,3,1,0,,,strict_backbone
救教教育危机联合大游行,0,5,2,0,,,strict_backbone
入党,0,5,0,0,,,context_only
贵州土匪清剿行动,0,6,0,0,,,context_only
赴渝斗争,0,3,0,0,,,context_only
苏支各大队,0,2,0,0,,,context_only
农村调查,0,5,1,0,,,strict_backbone
强渡大渡河战役,0,9,0,0,,,context_only
遵义剿匪,1,8,5,0,,,strict_backbone
剿匪与保护干部,0,3,1,0,,,strict_backbone
萧县暴动,0,2,2,0,1930-01-01,1930-12-31,strict_backbone
帽徽、胸章、解放西南胜利纪念章,0,0,0,0,,,isolated
槎源坞扩大会议,0,1,0,0,,,context_only
沅陵县龙舟竞赛,1,5,3,0,,,strict_backbone
组建石屏独立大队,1,3,1,0,,,strict_backbone
革命诗词,0,5,0,0,,,context_only
单海据点,0,1,0,0,,,context_only
调查教堂与农民运动调查,0,1,0,0,,,context_only
新河暴动,2,22,8,1,1930-01-01,1930-12-31,strict_backbone
泰宣战斗,0,2,0,0,,,context_only
乔毕山围剿,0,2,0,2,,,context_only
肃反工作失败,0,3,1,0,,,strict_backbone
宪草审议,0,2,0,0,,,context_only
《一江春水向东流》,0,3,1,1,,,strict_backbone
运送军火,2,4,3,0,,,strict_backbone
剿匪收枪斗争,0,3,0,0,,,context_only
龙港民团,0,1,0,0,,,context_only
中央临时政治局扩大会议,0,3,0,0,,,context_only
减租退押运动,2,28,19,3,1950-01-01,1950-12-31,strict_backbone
工人罢工示威,1,6,2,1,,,strict_backbone
一二·一事件,0,9,3,1,,,strict_backbone
罗岑坡战斗,0,3,3,0,,,strict_backbone
解放军驻防,0,3,0,0,,,context_only
古打战斗,3,7,5,0,,,strict_backbone
反战同盟,0,7,2,0,,,strict_backbone
肥田暴动,1,5,5,1,,,strict_backbone
官帽山战斗,0,2,2,0,,,strict_backbone
清毒运动,0,7,1,1,,,strict_backbone
第五十七团被歼,0,6,4,1,,,strict_backbone
学生赴渝工作,0,6,0,0,,,context_only
廖部,0,3,0,1,,,context_only
临时行政委员会成立,0,2,2,0,,,strict_backbone
青年工作,0,5,0,0,,,context_only
红八军一纵在蔗香开展农协活动准备离黔,0,5,1,1,,,strict_backbone
夏木事件,0,3,0,0,,,context_only
中共全国代表会议,0,4,4,0,,,strict_backbone
纪念章,0,2,0,0,,,context_only
湘鄂西苏区建设,0,4,1,0,,,strict_backbone
《雷雨》话剧,0,8,2,0,,,strict_backbone
川西北军政委员会成立,0,2,0,0,,,context_only
东巩乡公所武装,0,2,0,0,,,context_only
反奸清算,0,3,1,1,,,strict_backbone
打击土匪、反对拉壮丁、退田赋,0,0,0,0,,,isolated
安顺地区根据地建设,0,3,0,0,,,context_only
黄唐起义,0,6,2,1,1948-01-01,1948-12-31,strict_backbone
苗区起义,0,2,0,0,,,context_only
组建武装游击队/请求解放,0,2,0,0,,,context_only
减租减息工作,0,7,1,0,,,strict_backbone
新昭通努力团,0,3,0,0,,,context_only
千家坝阻击战,0,3,2,0,,,strict_backbone
黄茅游击战,0,3,1,0,,,strict_backbone
綦江‘九一八剧社’,0,3,0,0,,,context_only
领导人传略,0,3,0,0,,,context_only
中共荣昌县党支部成立,0,2,0,0,,,context_only
组织武装,1,9,4,0,,,strict_backbone
请愿抗日,0,3,0,0,,,context_only
纪念节罢工,0,3,0,0,,,context_only
盐江中队,0,2,0,0,,,context_only
里应外合攻城,1,3,1,0,,,strict_backbone
上海公交工人罢工斗争,0,2,2,1,1948-01-01,1948-12-31,strict_backbone
昭通地下组织,0,6,0,0,,,context_only
弋阳团林战斗,0,3,0,0,,,context_only
乐平鸣山煤矿工人起义,2,3,2,0,,,strict_backbone
火药爆炸事件,1,1,1,0,,,strict_backbone
新四军撤退事件,0,2,0,0,,,context_only
狱中斗争/争取土匪投诚,0,1,0,0,,,context_only
保卫昆明战役,0,8,4,1,,,strict_backbone
捣毁遵义转运公司事件,0,2,2,0,,,strict_backbone
监视国民党县长冯绍棠,0,2,1,0,,,strict_backbone
湘潭县农运会,0,6,1,1,,,strict_backbone
防共联席会议,0,2,2,0,,,strict_backbone
左翼作家被捕事件,0,4,4,0,1949-01-01,1949-12-31,strict_backbone
石花街解放,0,2,2,0,,,strict_backbone
益阳县委与地下党合并事件,0,2,2,0,,,strict_backbone
机枪(尼)连,0,4,0,0,,,context_only
元江洼埕会议,0,1,0,0,,,context_only
宣传文化工作总结,0,3,0,0,,,context_only
桃子溪追击战,0,1,0,0,,,context_only
平鼻岭战斗,1,3,3,0,,,strict_backbone
导江文化社,0,2,0,0,,,context_only
黄粮神兵,0,2,1,0,,,strict_backbone
老鸦屯战斗,1,6,4,0,,,strict_backbone
四川八区学生田径运动会,0,3,0,0,,,context_only
保存实力迎接解放,0,2,2,0,,,strict_backbone
上海失守,0,2,0,0,,,context_only
长青战斗,0,2,0,0,,,context_only
人力车工人斗争,0,5,5,0,,,strict_backbone
西区游击队活动,0,2,0,0,,,context_only
智歼日伪军,0,2,2,0,,,strict_backbone
西山武装起义,2,7,4,0,,,strict_backbone
圭山(糯衣)战役,0,3,1,1,,,strict_backbone
九三兵变,0,15,7,0,,,strict_backbone
国民大会,0,6,2,0,,,strict_backbone
大河滩政治局会议,0,3,0,0,,,context_only
精兵简政,2,25,5,1,,,strict_backbone
抗暴会议,0,4,1,0,,,strict_backbone
王大庄战斗,0,3,1,0,,,strict_backbone
征粮支前,2,8,4,0,,,strict_backbone
亳州解放战役,0,2,0,0,,,context_only
建立苏维埃政权与土地革命,0,7,5,1,,,strict_backbone
新文化运动,0,5,0,0,,,context_only
四一五事件,0,3,0,0,,,context_only
壮烈牺牲于留田河边,0,3,0,0,,,context_only
甘桥会议,1,9,3,0,,,strict_backbone
倒胡斗争,0,3,1,0,,,strict_backbone
防汛救灾委员会成立,0,2,0,0,,,context_only
解放贵定,0,1,0,0,,,context_only
江苏省第二次代表大会,0,3,0,0,,,context_only
五四运动,19,344,213,4,1919-01-01,1919-12-31,strict_backbone
王春晖匪部,0,3,0,0,,,context_only
竹山区苏维埃政权,0,2,0,0,,,context_only
纪念五四游行,0,5,3,0,,,strict_backbone
消灭九林炮台,1,5,1,1,,,strict_backbone
冯元波股,0,1,1,0,,,strict_backbone
皖南伪主席宁春生,1,3,1,0,,,strict_backbone
撰写《麻阳新民社的过去与将来》,0,5,0,0,,,context_only
公审匪首,0,2,2,0,,,strict_backbone
渡江与汇合游行,0,4,1,0,,,strict_backbone
滇军卢汉,0,1,0,0,,,context_only
苏南反顽战役东线战斗,0,3,0,0,,,context_only
和平米店,0,3,1,0,,,strict_backbone
镇远县接管工作,0,5,2,0,,,strict_backbone
观阁起义,6,19,18,0,,,strict_backbone
皖南事变相关清剿行动,0,2,0,0,,,context_only
选区大会,0,1,0,0,,,context_only
瑶场之战,0,3,0,1,,,context_only
围剿部署,0,5,1,0,,,strict_backbone
地主阴谋组织暴动,1,2,1,0,,,strict_backbone
吉水县阜田靖卫团,0,3,0,0,,,context_only
四次肃反运动,0,2,1,0,,,strict_backbone
洪山地委成立,0,2,0,0,,,context_only
巢合交通情报站,1,3,1,0,,,strict_backbone
火烧赤壁,0,3,3,0,,,strict_backbone
四川各届民众自动收回王家范日租界运动,0,3,0,0,,,context_only
湘南农运,0,2,2,0,,,strict_backbone
夜读班,1,10,4,0,,,strict_backbone
延陵大捷,0,5,3,1,,,strict_backbone
抗债斗争,0,2,0,0,,,context_only
第二次攻打黄安县城战役,0,3,3,0,,,strict_backbone
成立黄平贸易小组,0,1,0,0,,,context_only
赤警师一、三、八连,0,0,0,0,,,isolated
庄家碉堡会议,0,3,3,0,,,strict_backbone
裔村战斗,0,2,2,0,,,strict_backbone
方胜峰会议,8,32,20,0,,,strict_backbone
桃北暴动,0,4,0,0,,,context_only
攻打萍乡县城,3,3,3,0,,,strict_backbone
二月会议,0,1,0,0,,,context_only
隐蔽/反“清乡”,0,1,0,0,,,context_only
川港镇据点攻坚战,0,6,3,0,,,strict_backbone
土地改革实验,0,3,1,0,,,strict_backbone
豫商南立夏节武装起义,1,3,1,0,,,strict_backbone
接管航发厂,0,3,0,0,,,context_only
沾益县伪县府警队清剿,0,3,1,0,,,strict_backbone
湘赣省第二次工农兵代表大会,0,2,0,0,,,context_only
溧水县城解放大会,1,1,1,0,,,strict_backbone
豹子岩会师,0,3,1,0,,,strict_backbone
借粮征粮,0,6,2,0,,,strict_backbone
《三弦集》,0,3,0,0,,,context_only
双减运动,0,18,10,1,,,strict_backbone
曹山战斗,0,3,3,0,,,strict_backbone
茶陵农民运动,0,3,2,0,,,strict_backbone
伤寒疫情,0,3,0,0,,,context_only
北伐军占领吉安,0,3,0,0,,,context_only
轮回干训班,0,2,2,0,,,strict_backbone
鲍集街冬学,0,3,0,0,,,context_only
保卫昆明,2,2,2,0,,,strict_backbone
反三路围攻,0,2,2,0,,,strict_backbone
錾字队刻标语,0,3,1,0,,,strict_backbone
草店战斗,0,2,2,0,,,strict_backbone
联络中心第三,0,3,1,0,,,strict_backbone
北碚夏令读书会,0,3,1,0,,,strict_backbone
斗篷冲战斗,0,4,0,0,,,context_only
粉碎敌人进攻,0,1,1,0,,,strict_backbone
四·二一示威大游行,0,7,3,0,,,strict_backbone
棉衣物资保护,0,4,1,0,,,strict_backbone
'六·一'惨案,0,8,2,0,,,strict_backbone
北上行动,0,9,0,0,,,context_only
上海丝厂女工斗争,0,2,2,0,,,strict_backbone
会昌战斗,3,7,5,0,,,strict_backbone
通山工作,0,2,1,0,,,strict_backbone
新式整军运动,0,5,2,0,,,strict_backbone
马坤山师部通缉事件,0,1,0,0,,,context_only
义卖劳军,0,2,0,0,,,context_only
王明‘左’倾机会主义,0,1,1,0,,,strict_backbone
九·九赣肃,1,6,1,0,,,strict_backbone
照明山战斗,0,3,3,0,,,strict_backbone
进步文艺创作,0,1,1,0,,,strict_backbone
中国农村经济研究会,0,3,0,0,,,context_only
酉阳军分区会剿命令,0,11,1,0,,,strict_backbone
搜集情报,1,9,2,0,,,strict_backbone
船老大牺牲,0,3,0,0,,,context_only
绿塘会议,0,2,0,0,,,context_only
《突击》剧本,0,3,1,0,,,strict_backbone
工农代表会议,0,3,0,0,,,context_only
印制田赋流通券,0,3,1,0,,,strict_backbone
中共闽西第一次代表大会,0,10,7,0,,,strict_backbone
峰高乡政权,0,2,0,0,,,context_only
剿匪净化,0,1,0,0,,,context_only
徐海蚌各县游击与军事工作,0,2,2,0,,,strict_backbone
反日宣传与抗税暴动,0,2,2,0,,,strict_backbone
区大队,0,14,1,0,,,strict_backbone
二分队,0,8,2,0,,,strict_backbone
夜袭双沟战斗,0,2,2,0,,,strict_backbone
苏南抗日斗争,0,5,2,0,,,strict_backbone
刘国定叛变出卖,1,3,1,0,,,strict_backbone
打土豪分财物斗争,1,2,2,0,,,strict_backbone
坚守阵地,0,3,2,0,,,strict_backbone
圭山、西山人民武装起义,0,0,0,0,,,isolated
解放黔东南,0,2,2,1,1949-11-01,1949-11-30,strict_backbone
南京国际通讯,0,3,0,0,,,context_only
黎山惨案,0,1,0,0,,,context_only
转赠战马,0,2,1,0,,,strict_backbone
桐山会议,0,2,2,0,,,strict_backbone
配合张子高进行革命活动,1,2,2,0,,,strict_backbone
中国共产党第五次代表大会,0,12,5,1,,,strict_backbone
集中武装,0,3,1,1,,,strict_backbone
马龙民军起义,1,2,2,0,,,strict_backbone
江津、荣威(荣县、威远)、广汉及梁山等地士兵及农民暴动,0,1,1,0,,,strict_backbone
水洞湾战斗,0,1,0,0,,,context_only
陈家河桃子溪战役,0,6,4,2,,,strict_backbone
奔袭道县城,0,3,3,0,,,strict_backbone
共军入境窜扰事件,1,4,4,1,1936-01-01,1936-12-31,strict_backbone
新知书店股东会,0,1,1,0,,,strict_backbone
七连起义计划,0,2,2,0,,,strict_backbone
留守斗争与重大事件,0,5,2,0,,,strict_backbone
中国人民银行县支行,0,5,1,0,,,strict_backbone
税警队武装解决事件,0,5,3,1,,,strict_backbone
师宗县城解放,0,6,1,0,,,strict_backbone
淮海大战,1,2,2,0,,,strict_backbone
解放仁和集,0,3,0,0,,,context_only
策动禹鹏起义,0,1,0,0,,,context_only
武定百花山战斗,1,2,2,0,,,strict_backbone
过草地行动,0,4,4,0,,,strict_backbone
开化战斗,0,4,4,0,,,strict_backbone
昆明抗敌后援会,0,5,2,0,,,strict_backbone
溧水地区抗日根据地斗争,0,2,0,0,,,context_only
湖北特种委员会成立,0,5,2,0,,,strict_backbone
红十军成立及扩编,0,2,2,0,,,strict_backbone
红四军攻克广昌县城,0,2,2,0,,,strict_backbone
太湖战斗,0,1,0,0,,,context_only
第一次反共高潮,0,9,1,0,,,strict_backbone
仁和集战斗,1,3,1,1,,,strict_backbone
流动工作团,0,2,2,0,,,strict_backbone
马日事变,4,390,209,1,1927-05-21,1927-05-21,strict_backbone
万胜屯会议,0,3,3,0,,,strict_backbone
洋溪、明月寺地区的革命斗争,0,1,0,0,,,context_only
红土魂,0,1,0,0,,,context_only
干部会议,0,3,1,0,,,strict_backbone
抗日救国活动,0,8,4,0,,,strict_backbone
长征军事计划,0,3,1,0,,,strict_backbone
新思想和救亡运动,0,1,0,0,,,context_only
老鹳咀战斗失利,0,3,3,0,,,strict_backbone
大定县接管班子,0,3,1,0,,,strict_backbone
反文化侵略大同盟,0,2,2,0,,,strict_backbone
各地暴动计划,0,1,0,0,,,context_only
准备湘西大暴动,0,3,0,0,,,context_only
北上战略方针,1,8,2,0,,,strict_backbone
土匪报复与收复周覃,0,2,1,0,,,strict_backbone
拥护苏维埃,0,3,0,0,,,context_only
劳资协调会,0,5,2,0,,,strict_backbone
中共湘赣省第二次代表大会,1,3,1,2,,,strict_backbone
宋家农民暴动,1,6,5,0,,,strict_backbone
湘南年关暴动,0,2,2,0,,,strict_backbone
淮安北乡暴动,0,9,2,0,,,strict_backbone
武冈攻城战部署,0,3,2,0,,,strict_backbone
秘密工作,0,18,3,0,,,strict_backbone
暴动工作,0,1,0,0,,,context_only
支前任务,0,27,3,0,,,strict_backbone
达溪战斗,0,2,2,0,,,strict_backbone
南下接管苏南/组建领导班子,0,1,1,0,,,strict_backbone
桂码战斗,0,10,2,1,,,strict_backbone
解放襄樊和老河口战役,2,4,3,0,,,strict_backbone
鄂西军,1,5,2,0,,,strict_backbone
突破封锁线谈判,0,2,2,0,,,strict_backbone
第一个胜利,0,1,0,0,,,context_only
黄口暴动准备,0,1,0,0,,,context_only
首次攻打县城,0,4,1,0,,,strict_backbone
建社规划,0,3,1,0,,,strict_backbone
打土豪斗恶霸,0,2,2,0,,,strict_backbone
生产建设处,0,2,0,0,,,context_only
商(城)潢(川)战役,0,1,1,0,,,strict_backbone
杨家门大捷,0,3,2,0,,,strict_backbone
八街起义,2,4,4,0,,,strict_backbone
沙锅寨战斗,0,9,4,1,,,strict_backbone
四清运动,0,3,0,0,,,context_only
积劳成疾逝世,0,3,1,0,,,strict_backbone
四川万县遭遇战,0,3,1,0,,,strict_backbone
国共谈判情况影响德怀等的电报,0,1,0,0,,,context_only
支前组织,0,6,0,1,,,context_only
跃进中原,1,5,3,0,,,strict_backbone
要求免交书籍费、学杂费和膳费斗争,0,1,1,0,,,strict_backbone
盘县城防,0,3,0,0,,,context_only
攻城战,0,4,4,0,,,strict_backbone
刻图章致谢/皖南事变/狱中同志被害,0,1,0,0,,,context_only
辰溪投诚,0,3,1,0,,,strict_backbone
教育影片摄制,0,2,0,0,,,context_only
淮阴早期地下党的斗争,0,4,4,0,,,strict_backbone
第五次反围剿总结,0,2,0,0,,,context_only
均县反动驻军吴心田部,0,3,2,0,,,strict_backbone
丽剑妇女联欢大会,0,1,0,0,,,context_only
通贤暴动,0,6,3,0,,,strict_backbone
黄龙滩战斗,0,3,1,1,,,strict_backbone
九军团长征行动,0,9,0,0,,,context_only
木业工人罢工,0,1,0,0,,,context_only
五·二一抗暴斗争,0,3,0,0,,,context_only
打土豪分浮财,2,7,5,1,,,strict_backbone
情报传递行动,0,4,2,0,,,strict_backbone
三五减租斗争,0,3,0,0,,,context_only
芜湖学生运动,0,5,2,1,,,strict_backbone
九庄战斗,0,4,2,0,,,strict_backbone
林隆游击大队,0,8,2,0,,,strict_backbone
灯龙巷事件,0,2,2,0,,,strict_backbone
天长青年救亡团,0,4,0,0,,,context_only
出席毕节地区各族各界代表会议,0,2,1,0,,,strict_backbone
安顺地区解放,0,1,0,0,,,context_only
淮海战役蚌西北阻击战,0,1,0,0,,,context_only
滇东南剿匪行动,0,4,0,0,,,context_only
包围桐木县城,0,3,3,0,,,strict_backbone
牟坪暴动,0,5,2,0,,,strict_backbone
粮食购销市场斗争,0,3,0,0,,,context_only
追击战,0,1,0,0,,,context_only
普选结合生产运动,1,2,2,0,,,strict_backbone
倒马坎战斗,0,1,0,0,,,context_only
反‘扫荡’斗争,1,39,20,1,,,strict_backbone
萍乡暴动,3,3,3,0,,,strict_backbone
新四军俘虏事件,0,3,0,1,,,context_only
任团政委/整军建党/自编革命歌曲,0,3,1,0,,,strict_backbone
两面政权斗争,0,2,1,0,,,strict_backbone
宜兴农民暴动,2,2,2,0,,,strict_backbone
进军大西南,3,28,12,0,,,strict_backbone
救火事件,0,1,1,0,,,strict_backbone
游埠战役,0,2,2,0,,,strict_backbone
武汉五大会议,0,3,3,0,,,strict_backbone
中原南路突围,0,15,2,2,,,strict_backbone
小沙沟殉烈,0,2,0,0,,,context_only
伏击战部署/信号规定,0,4,3,0,,,strict_backbone
盐卡方向战斗,1,1,1,0,,,strict_backbone
郭氏桥阻击战,0,3,0,0,,,context_only
克混地区‘闹红城’,0,3,0,0,,,context_only
农民调查,0,3,0,0,,,context_only
盘固岭战斗,0,3,0,0,,,context_only
城防工事图获取,0,3,0,0,,,context_only
减租反霸/清算地主,0,1,0,0,,,context_only
英山之战,0,3,3,0,,,strict_backbone
大巴山游击战,0,1,0,0,,,context_only
自新队,0,1,0,0,,,context_only
毕城转移行动,0,3,0,0,,,context_only
对顽军战斗,0,5,1,0,,,strict_backbone
北极会匪,0,3,0,0,,,context_only
反帝拥苏运动,0,3,1,0,,,strict_backbone
毛泽东诞辰纪念,0,3,0,0,,,context_only
广元县苏维埃革命法庭,0,3,0,0,,,context_only
威宁游击团支部,0,6,0,1,,,context_only
反对训育主任耿玉璞学潮,0,1,0,0,,,context_only
驱廖运动,0,1,0,0,,,context_only
成都地区空军接管工作,0,6,0,0,,,context_only
护厂工作,0,3,0,0,,,context_only
实行土地革命分配土地,0,6,1,0,,,strict_backbone
入朝参战,0,1,1,0,,,strict_backbone
文字暴动,1,2,2,0,,,strict_backbone
黄口秋收斗争,0,1,1,0,,,strict_backbone
茶坪农民运动,0,1,1,0,,,strict_backbone
接管政权与金融改革,0,2,2,0,,,strict_backbone
溧水城攻克行动,0,4,4,1,1945-08-01,1945-08-31,strict_backbone
川陕省第二次工农兵代表大会,0,8,2,1,,,strict_backbone
周恩来题字,0,2,0,0,,,context_only
攻城民谣传唱,0,4,0,0,,,context_only
夜袭李希尧匪部,1,2,2,0,,,strict_backbone
定远沙神庙战斗,0,1,0,0,,,context_only
奇袭水家湾伪自卫团,0,5,3,1,,,strict_backbone
文庄事件,0,3,0,0,,,context_only
通江战斗,0,3,0,0,,,context_only
新平县反革命暴乱,0,3,0,0,,,context_only
反帝国爱国运动,0,2,2,0,,,strict_backbone
新干独立营战斗,0,4,4,0,,,strict_backbone
中江党史,0,6,0,0,,,context_only
治安整治,0,6,1,0,,,strict_backbone
保安营起义,1,2,2,0,,,strict_backbone
抗议英帝九龙暴行事件,0,4,4,3,,,strict_backbone
召开各界代表会议,0,3,0,0,,,context_only
淮南苏皖边区抗日活动,1,5,3,2,,,strict_backbone
川北工委会议,1,2,2,0,,,strict_backbone
修水黄龙山石桥战斗,0,3,0,0,,,context_only
战斗/牺牲/溺水,0,2,0,0,,,context_only
抗美援朝二次战役,0,2,0,0,,,context_only
北撤行动,0,11,8,1,,,strict_backbone
划分阶级/开展斗争,0,1,0,0,,,context_only
茅草坡战斗,0,9,1,1,,,strict_backbone
西南方向军事行动,0,3,0,0,,,context_only
反饥饿、反裁员斗争,0,1,0,0,,,context_only
解放军主力,0,1,0,0,,,context_only
武汉国民党中央常务委员会扩大会议,0,3,0,0,,,context_only
《呼声报》,1,7,1,0,,,strict_backbone
拔除据点行动,0,2,2,0,,,strict_backbone
四部一会,0,6,0,1,,,context_only
土目制度,0,3,0,0,,,context_only
开展工作与发动群众,0,3,0,0,,,context_only
开展鲁迅逝世十周年纪念晚会与导读进步文章,0,3,0,1,,,context_only
便水战斗/突破封锁线,0,2,2,0,,,strict_backbone
南溪区农民协会成立,0,2,0,0,,,context_only
湖北省总工会第一次代表大会,0,2,0,0,,,context_only
云南人民解放联盟,0,5,1,0,,,strict_backbone
川陕苏区斗争,0,3,0,0,,,context_only
二野与四野在萍乡会师,0,2,0,0,,,context_only
上海五卅爱国反帝运动,0,2,1,0,,,strict_backbone
粉碎涂沟兵变情报递送,0,3,2,0,,,strict_backbone
夺回永保县城,0,5,3,1,,,strict_backbone
湘鄂川黔省委会议,0,2,0,0,,,context_only
迎接解放的斗争,0,1,1,0,,,strict_backbone
板桥之役,0,2,0,0,,,context_only
工人业余识字班,0,6,3,0,,,strict_backbone
禁烟会,0,1,1,0,,,strict_backbone
"巩固抗战成果,准备自卫战争",0,1,1,0,,,strict_backbone
全线出击,0,1,0,0,,,context_only
四川第二路红军成立,0,5,0,0,,,context_only
民众歌咏团,0,3,0,0,,,context_only
攻克长沙,0,2,2,0,,,strict_backbone
五卅罢工,0,2,2,0,,,strict_backbone
红星号外号召,0,2,0,0,,,context_only
红一、红四方面军会师联欢会,0,2,2,0,,,strict_backbone
黔江战斗,1,6,1,1,,,strict_backbone
横山事变,0,9,2,0,,,strict_backbone
六届四中全会,3,17,6,1,,,strict_backbone
立三路线纠正,0,3,0,0,,,context_only
剿匪斗争,25,466,207,5,1950-01-01,1950-12-31,strict_backbone
白沙圩农民武装暴动,0,3,1,0,,,strict_backbone
攻克任桥车站,1,3,1,1,,,strict_backbone
共产国际执委会政治书记处会议,0,3,0,0,,,context_only
革命活动与剿匪,0,2,2,0,,,strict_backbone
雇贫农大会,0,1,0,0,,,context_only
平山堡战斗,0,13,3,1,,,strict_backbone
云南解放战役,0,3,0,0,,,context_only
衡宝战役,1,56,22,3,1949-01-01,1949-12-31,strict_backbone
苛捐杂税,0,5,1,0,,,strict_backbone
军事训练体系,0,2,0,0,,,context_only
工农革命军第四军成立大会,0,3,1,0,,,strict_backbone
荆山农民暴动,3,21,9,1,,,strict_backbone
南溪革命形势发展,0,2,1,0,,,strict_backbone
匪众改编,0,1,0,0,,,context_only
鸭儿沟水马制造,0,3,0,0,,,context_only
苏维埃人民共和国,0,3,0,0,,,context_only
率部叛变附共,0,3,2,0,,,strict_backbone
情报任务,1,6,1,1,,,strict_backbone
黔南剿匪英烈事迹,0,1,0,0,,,context_only
共产国际会议,0,2,1,0,,,strict_backbone
‘二·一·九’运动,0,2,2,1,,,strict_backbone
坚持萧东斗争,0,2,2,0,,,strict_backbone
征粮收税斗争,0,4,0,0,,,context_only
瓦、远县委联席会议,0,1,1,0,,,strict_backbone
第二次罢工,0,6,6,0,,,strict_backbone
共党起义人员,0,1,0,0,,,context_only
江防队,2,4,4,0,,,strict_backbone
苏南抗战时期基层建党,0,2,0,0,,,context_only
壮年同志会,0,3,0,0,,,context_only
亳县暴动事件,0,6,3,0,,,strict_backbone
黄岗起义,0,2,2,0,,,strict_backbone
南新滩小刀会暴动,0,2,2,1,1934-01-01,1934-12-31,strict_backbone
新婚姻法宣传,0,3,0,0,,,context_only
粉碎川军总反攻/敌机轰炸,0,4,0,0,,,context_only
干部战士坚守碉堡,0,4,2,1,,,strict_backbone
淮安县农民暴动,0,3,0,0,,,context_only
南下支队行动,0,12,0,3,,,context_only
淮安北乡农民暴动,0,5,0,0,,,context_only
锦屏解放与土匪叛乱,0,6,2,0,,,strict_backbone
被捕就义,0,7,0,0,,,context_only
截断电话线,0,3,0,0,,,context_only
社会主义青年团改组,0,6,1,0,,,strict_backbone
墙头诗运动,0,1,0,0,,,context_only
渡江南进准备,0,6,2,0,,,strict_backbone
和平谈判,0,11,3,1,,,strict_backbone
市话总机保护行动,0,6,2,0,,,strict_backbone
青岗坝战役,0,2,0,0,,,context_only
北碚紧急会议,1,5,3,0,,,strict_backbone
鹤峰县游击大队,0,3,0,0,,,context_only
五卅运动支援活动,0,2,2,0,,,strict_backbone
牌州之战,0,5,3,0,,,strict_backbone
青年党,1,7,2,1,,,strict_backbone
万载高村会议,0,2,2,0,,,strict_backbone
石山保卫战,1,4,4,0,,,strict_backbone
大众剧社,0,3,0,0,,,context_only
马龙城战役,0,3,0,0,,,context_only
俘虏教育与宣传瓦解,0,1,0,0,,,context_only
建立三三政权,0,6,3,0,,,strict_backbone
皖南地区抗战,2,6,3,1,,,strict_backbone
拼凑反共武装/黄江幕僚会议,0,2,2,0,,,strict_backbone
四·二武装暴动,0,6,3,0,,,strict_backbone
红军撤出战斗,0,5,0,1,,,context_only
神兵活动,2,5,2,0,,,strict_backbone
杨武战斗,0,1,0,0,,,context_only
田敌,0,3,0,0,,,context_only
蹲点试点,0,2,1,0,,,strict_backbone
武汉会谈,2,4,4,0,,,strict_backbone
沙岭头战斗,0,1,1,0,,,strict_backbone
江北县织布工人罢工,0,3,0,0,,,context_only
恢复赤色区域,0,1,0,0,,,context_only
新干县暑期学生补习班,2,2,2,0,,,strict_backbone
转运汽油药品,0,4,1,0,,,strict_backbone
梁官战斗,0,4,2,0,,,strict_backbone
泗阳宿迁暴动、徐州吴窑暴动,0,0,0,0,,,isolated
陈家坝特支成立,0,3,2,0,,,strict_backbone
反奸运动,6,14,14,2,1943-01-01,1943-12-31,strict_backbone
反蒋民族统一战线,0,7,5,0,,,strict_backbone
1930年红军起义,0,5,3,0,,,strict_backbone
六复阻击战,0,6,4,0,,,strict_backbone
毛主席批示,0,3,1,0,,,strict_backbone
潼南书店地下斗争,0,1,1,0,,,strict_backbone
青年工作会议,2,5,2,0,1949-03-20,1949-03-20,strict_backbone
军事进剿,0,3,0,0,,,context_only
马克思列宁主义教育,0,5,4,0,,,strict_backbone
护大乡民兵中队,0,2,2,0,,,strict_backbone
龙场区政权保卫战,0,1,0,0,,,context_only
兴仁县城保卫战,0,3,3,0,,,strict_backbone
舰艇起义,0,3,0,0,,,context_only
坚持毛泽东思想,0,3,0,0,,,context_only
德兴暖水-华埠贸易路线,0,1,1,0,,,strict_backbone
《荔波的解放》,0,7,0,0,,,context_only
广州工农兵武装起义,0,2,2,0,,,strict_backbone
凌迟处死,0,3,0,0,,,context_only
湖南人民解放突击十二大队,1,1,1,0,,,strict_backbone
五一劳动节纪念活动,0,3,1,1,,,strict_backbone
贡山解放日,0,3,0,0,,,context_only
芷江剿匪,0,5,1,0,,,strict_backbone
中国共产主义青年团第三次全国代表大会,0,5,3,1,,,strict_backbone
赣州群众大会,0,1,0,0,,,context_only
抗战解放胜利,0,1,0,0,,,context_only
反蒋斗争,3,35,20,4,,,strict_backbone
泥台店青年游击小组,0,1,0,0,,,context_only
争取刘发贵,0,2,1,0,,,strict_backbone
策划起义,0,2,2,0,,,strict_backbone
渌口地区工农运动,0,5,3,0,,,strict_backbone
曲塘和平会议,0,1,0,0,,,context_only
省委第三次扩大会议,0,2,0,0,,,context_only
许克劳叛变事件,0,1,0,0,,,context_only
临时中央政府防疫卫生运动,0,1,0,0,,,context_only
共革盟独四支,0,5,0,0,,,context_only
五一劳动节总示威,0,2,1,0,,,strict_backbone
重庆七·二惨案,0,3,0,0,,,context_only
抗日救国会筹备会议,0,3,2,0,,,strict_backbone
剑河县一区共军过境调查,0,5,0,0,,,context_only
天堂战斗,0,1,0,0,,,context_only
罢课抗议,0,5,2,1,,,strict_backbone
绵竹县暴动,2,3,3,0,,,strict_backbone
白皮红心策略,0,3,0,0,,,context_only
溧武路两侧战斗,0,3,0,0,,,context_only
自救军1大队,0,5,0,0,,,context_only
克劳塞维茨《战争论》,0,3,1,0,,,strict_backbone
五一纪念活动,0,4,4,3,,,strict_backbone
高华山战役,0,3,0,0,,,context_only
湘南党代表大会,0,2,0,0,,,context_only
贵溪‘禁谷’运动,0,2,2,0,,,strict_backbone
上交武器与留守地方工作,0,3,1,0,,,strict_backbone
雷家坡截断岗战斗,0,3,0,0,,,context_only
白塔镇战斗,0,1,0,0,,,context_only
金沙县城剿匪战斗,0,3,3,0,,,strict_backbone
四支队军事会议,0,2,0,0,,,context_only
碗厂农民自卫队,0,4,0,0,,,context_only
歼匪缴获武器,0,3,0,0,,,context_only
王海平抗日救国义勇军,0,1,0,0,,,context_only
妇女独立营组建,1,5,2,0,,,strict_backbone
武汉反帝反军阀大示威,0,3,2,0,,,strict_backbone
宝中起义,0,4,3,0,,,strict_backbone
茶陵高陇战斗,0,2,0,0,,,context_only
邱砚广边区联谊会,0,3,1,0,,,strict_backbone
反对肖显铭罢课斗争,0,2,2,0,,,strict_backbone
锦屏县剿匪,1,3,1,0,,,strict_backbone
生产自救运动,0,5,2,0,,,strict_backbone
皖西抗日救亡活动,0,3,0,0,,,context_only
工运工作,1,3,1,0,,,strict_backbone
水网坚持斗争,0,4,4,1,,,strict_backbone
江右军第八大队,0,7,4,0,,,strict_backbone
财经工作指示,0,3,1,0,,,strict_backbone
解放罗平县城,3,6,3,0,,,strict_backbone
凯里训练班,0,3,0,0,,,context_only
反动组织建立/特务活动/民众自卫总队成立,0,6,0,0,,,context_only
常安山战斗,0,6,4,0,,,strict_backbone
四·九运动,1,2,2,0,,,strict_backbone
马龙民军第一大队,1,5,2,0,,,strict_backbone
高淳县公安机构,0,3,2,0,,,strict_backbone
斩牛坡战斗,0,2,1,0,,,strict_backbone
反清乡工作,0,5,0,0,,,context_only
强渡嘉陵江后革命宣传,0,4,1,1,,,strict_backbone
护国学生军组织,0,2,0,0,,,context_only
全省党的第一次代表大会,1,3,1,0,,,strict_backbone
中共南漳县委员会成立,0,2,2,0,,,strict_backbone
威宁篇,0,3,0,0,,,context_only
除夕保卫战,0,3,3,0,,,strict_backbone
烈士牺牲,0,2,0,0,,,context_only
皖南交战,0,2,2,0,,,strict_backbone
游击战决策/请示中央,0,6,2,0,,,strict_backbone
春季攻势,0,6,5,0,,,strict_backbone
红七军第二次代表大会,0,3,0,0,,,context_only
左翼教育家联盟(教联),1,2,2,0,,,strict_backbone
抗日救亡与被捕牺牲,0,3,1,0,,,strict_backbone
游击工作,0,3,1,1,,,strict_backbone
江浦战斗,0,3,1,0,,,strict_backbone
赣南农民武装暴动总结,0,3,1,0,,,strict_backbone
抗滇六队,0,3,0,0,,,context_only
学习毛主席著作运动,0,3,0,0,,,context_only
托儿组织,0,3,0,0,,,context_only
重建地方武装,0,3,0,0,,,context_only
扎西集结部署,0,4,1,1,,,strict_backbone
曲靖地区反内战运动,0,2,0,0,,,context_only
一二·一运动声援,0,2,1,0,,,strict_backbone
靖港之役,0,2,0,0,,,context_only
大余新城镇起义,0,2,2,0,,,strict_backbone
抗日战争胜利后,0,3,0,0,,,context_only
乌蒙山回旋战,8,51,18,1,,,strict_backbone
歼灭战,1,17,6,0,,,strict_backbone
发表文章批判军阀,0,2,0,0,,,context_only
皖南抗日斗争,2,8,5,1,,,strict_backbone
遂宁城内解放战争时期学运,0,2,2,0,,,strict_backbone
宣家堡战斗,0,3,0,0,,,context_only
永新事件,0,3,3,0,,,strict_backbone
桃江区委重建,0,4,4,0,,,strict_backbone
参军活动,0,8,3,0,,,strict_backbone
七家田之役,0,5,5,0,,,strict_backbone
弋横农民武装起义,0,2,1,0,,,strict_backbone
上海店员总联合会成立,0,3,1,1,,,strict_backbone
川山坪战斗,0,3,0,0,,,context_only
合川丝线业工人罢工斗争,0,4,4,0,,,strict_backbone
民工运输队,0,3,0,0,,,context_only
反清剿反征兵,0,3,1,0,,,strict_backbone
曲靖县游击大队组建事件,0,2,2,0,,,strict_backbone
四分区主力,0,8,0,1,,,context_only
中国书店事件,0,6,0,0,,,context_only
休宁战地服务团,0,6,0,0,,,context_only
中共地下党被叛变事件,0,5,3,0,,,strict_backbone
大夏歌咏队,0,1,0,0,,,context_only
架设浮桥与拆门板,0,6,0,0,,,context_only
请寄二七纪念册,0,3,0,0,,,context_only
湘雅医院工人罢工,0,3,0,0,,,context_only
包围土匪,0,3,0,0,,,context_only
皖中地区斗争,0,2,0,0,,,context_only
解放崇明岛总攻,0,4,0,0,,,context_only
叶圩战斗,0,3,1,1,,,strict_backbone
午街铺战斗,2,6,2,1,,,strict_backbone
民兵训练活动,0,4,0,0,,,context_only
长期反复争夺,0,1,0,0,,,context_only
侦察匪活动牺牲,0,3,0,0,,,context_only
中央苏区第一次反围剿斗争,0,1,0,0,,,context_only
徐海蚌特委党员代表会议,0,3,0,0,,,context_only
妇宣队安全分散行动,0,3,0,0,,,context_only
武汉禁烟禁毒运动,0,3,0,0,,,context_only
大革命以来的斗争经验,0,3,0,0,,,context_only
创建县大队,0,2,2,0,1940-01-01,1940-12-31,strict_backbone
淮海战役相关战斗,0,3,1,0,,,strict_backbone
行军示意图,3,5,3,1,,,strict_backbone
民众夜校创办活动,0,6,1,0,,,strict_backbone
云贵边境武装斗争,0,3,1,0,,,strict_backbone
岳池伏龙起义,1,8,6,0,,,strict_backbone
大埠农民暴动,0,5,5,1,,,strict_backbone
广(元)昭(化)战役,0,3,0,0,,,context_only
共青团绵安临委成立,0,1,0,0,,,context_only
里昂中法大学事件,0,2,2,0,,,strict_backbone
以谷协定,0,11,2,1,,,strict_backbone
松潘战役,0,11,7,0,,,strict_backbone
远安奸党案,1,11,9,0,,,strict_backbone
黄梅渡峡战斗,0,1,0,0,,,context_only
打羊斗争,0,2,2,0,,,strict_backbone
二十军起义,0,1,1,0,,,strict_backbone
镇宁解放,0,5,4,0,,,strict_backbone
阶级觉悟/翻身解放,0,1,0,0,,,context_only
接洽会合,0,3,1,0,,,strict_backbone
剿匪战斗中牺牲烈士名录,0,5,2,0,,,strict_backbone
贡山设治局政权交接,0,2,2,0,,,strict_backbone
鄂豫皖解放区,0,3,0,0,,,context_only
抗议美军活动,0,5,2,1,,,strict_backbone
四川盐场工人罢工,0,3,0,0,,,context_only
忠县反赤大同盟会,0,1,1,0,,,strict_backbone
洋楼战斗,0,1,0,0,,,context_only
平息永文生反革命暴乱,0,3,1,1,,,strict_backbone
攻打邓川县城计划,0,4,3,0,,,strict_backbone
衡阳音乐研究会,0,2,2,0,,,strict_backbone
襄老战役,0,3,0,0,,,context_only
清江区分队,0,5,1,1,,,strict_backbone
民青总支成立,1,4,4,0,,,strict_backbone
七县县委书记会议,0,2,0,0,,,context_only
向大西南进军,0,3,0,0,,,context_only
红一方面军开始二万五千里长征,0,2,2,0,,,strict_backbone
暴动行动,1,1,1,0,,,strict_backbone
本县农民起义,0,1,0,0,,,context_only
工商政策学习活动,0,2,2,0,,,strict_backbone
曙光团契,0,1,1,0,,,strict_backbone
周恩来演讲,0,1,0,0,,,context_only
威宁和平解放,1,4,4,0,,,strict_backbone
省临委第一次扩大会议,0,4,0,0,,,context_only
川东战役,1,13,10,0,,,strict_backbone
长沙人民广播、湖南土地改革运动,0,1,0,0,,,context_only
土匪溃败与自绝,0,3,0,0,,,context_only
成都市工人代表座谈会,0,3,0,0,,,context_only
打富济贫运动,1,2,2,0,,,strict_backbone
六圭河畔战斗,0,1,0,0,,,context_only
皖南游击大队攻下休宁北蓝田事件,0,1,0,0,,,context_only
红军审案事件,0,3,0,0,,,context_only
新工会成立斗争,0,5,0,0,,,context_only
召垮战斗,0,6,6,0,,,strict_backbone
武汉落空,0,6,2,0,,,strict_backbone
天目山战役,0,6,4,1,,,strict_backbone
码头工人罢工事件,0,2,1,0,,,strict_backbone
反迁台斗争,0,3,0,0,,,context_only
优待兑换伪金圆券,0,3,0,0,,,context_only
岚峰会议,0,4,0,0,,,context_only
处决首恶分子,0,3,0,0,,,context_only
渡长江,0,1,0,0,,,context_only
追捕冯绍棠,2,2,2,0,,,strict_backbone
湘黔边区反共游击司令部膨胀,0,2,2,0,,,strict_backbone
武装暴动第一枪,0,5,0,0,,,context_only
渡江计划,0,5,3,1,,,strict_backbone
重庆三·一惨案,0,6,0,0,,,context_only
昆明市人民义勇自卫总队,0,6,1,1,,,strict_backbone
泸西特务独立大队,0,2,0,0,,,context_only
长岭岗会议/暴动转移,0,3,3,0,,,strict_backbone
四·一八反革命事件,0,3,1,0,,,strict_backbone
建立红色政权,0,3,1,0,,,strict_backbone
湖北省行政区划调整,0,1,0,0,,,context_only
五卅运动支援,0,2,0,0,,,context_only
随军南下行动,2,2,2,0,,,strict_backbone
五卅惨案声援斗争,0,2,0,0,,,context_only
洞穴攻防战,0,2,2,0,,,strict_backbone
县党部执委被捕事件,0,1,0,0,,,context_only
中共李毅县第二届代表大会,0,2,0,0,,,context_only
基干连,0,3,0,0,,,context_only
七家田遭遇战,0,4,1,0,,,strict_backbone
解放盐江,0,9,3,0,,,strict_backbone
鞍海战役,0,3,3,0,,,strict_backbone
赤安事件,0,1,0,0,,,context_only
马迹塘战斗,0,2,0,0,,,context_only
《解放三日刊》,0,6,1,0,,,strict_backbone
革命小组,1,1,1,0,,,strict_backbone
询问五卅惨案资料,0,3,0,0,,,context_only
统一游击战争领导,0,3,1,0,,,strict_backbone
失业工人斗争,0,1,0,0,,,context_only
反‘剿赤’斗争,0,5,5,0,,,strict_backbone
交通站被查封,0,5,1,0,,,strict_backbone
大吕庄战斗,1,9,4,1,,,strict_backbone
剿匪斗争烈士纪念,0,4,4,1,,,strict_backbone
纪念‘十月革命’二十一周年活动,0,4,2,0,,,strict_backbone
新四军策反伪军行动,0,3,0,0,,,context_only
集会转移/与特务冲突,0,1,0,0,,,context_only
华中工人运动,0,6,3,0,1921-01-01,1922-12-31,strict_backbone
分界加力战斗,0,9,6,0,,,strict_backbone
阳长突围战,1,9,6,1,,,strict_backbone
三反运动开展,0,3,2,1,,,strict_backbone
黄麻起义、秋收暴动,0,0,0,0,,,isolated
区级政权建立,0,3,1,1,,,strict_backbone
武装斗争夺取政权,0,3,0,0,,,context_only
镇远建设,0,4,0,0,,,context_only
支前剿匪工作,0,1,0,0,,,context_only
高邮湖收渔税,0,3,1,0,,,strict_backbone
革命战争,1,24,3,0,,,strict_backbone
高坡苗族自治州政府成立,0,3,0,0,,,context_only
上海区职工运动,0,3,0,0,,,context_only
前卫事件,0,1,1,0,,,strict_backbone
苏北抗日民主根据地建设,0,9,3,1,,,strict_backbone
卫韦岗伏击战,0,2,2,0,,,strict_backbone
川黔桂三省作战部署,0,12,2,1,,,strict_backbone
击溃土司联军,0,3,3,0,,,strict_backbone
联谊会,0,10,3,0,,,strict_backbone
粤汉铁路武长段罢工,1,7,7,0,,,strict_backbone
华云山起义,0,1,1,0,,,strict_backbone
湘乡农民运动,1,2,2,0,,,strict_backbone
泸西龙潭河战斗,0,4,2,1,,,strict_backbone
淮安横沟寺农民暴动,0,4,4,0,,,strict_backbone
《娜拉》公演事件,0,6,1,0,,,strict_backbone
魏洼战斗,0,5,5,0,,,strict_backbone
樟树总工会声讨大会,0,3,0,0,,,context_only
横坑岭伏击战,0,2,2,0,,,strict_backbone
兴义县七舍、捧蚱暴动,0,0,0,0,,,isolated
抗战胜利,0,5,0,0,,,context_only
植树运动,0,2,2,1,1932-01-01,1932-12-31,strict_backbone
商务印书馆工人罢工斗争,0,4,4,0,1925-01-01,1925-12-31,strict_backbone
桐梓林武装起义,0,5,2,0,,,strict_backbone
声东击西,0,12,2,0,,,strict_backbone
驱逐汉奸孔繁迪学生运动,0,8,3,0,,,strict_backbone
宿迁地区地下工作,0,6,0,0,,,context_only
西盟佛殿剽牛盟誓,0,2,2,0,,,strict_backbone
果马反蒋武装起义,0,5,0,0,,,context_only
反对封建压迫的斗争,0,1,1,0,,,strict_backbone
紫石英号舰机事件,0,5,2,0,,,strict_backbone
安紫边区游击队员斗争,0,2,2,0,,,strict_backbone
生鸡血酒宣誓,0,7,1,0,,,strict_backbone
银坡起义,2,7,3,0,,,strict_backbone
国共合作浙江省政权,0,2,0,0,,,context_only
六月惨案,0,1,1,0,,,strict_backbone
女工罢工运动,0,4,4,4,1920-01-01,1920-12-31,strict_backbone
连城战役,1,2,2,0,,,strict_backbone
《中国政治思想史》,0,1,1,0,1943-01-01,1943-12-31,strict_backbone
重庆号起义,0,16,7,0,,,strict_backbone
中共乐安县第二次代表大会,1,1,1,0,,,strict_backbone
遵义战役,3,56,27,1,,,strict_backbone
倒唐政变,0,1,0,0,,,context_only
红四方面军进入四川,0,8,2,0,,,strict_backbone
云南军阀混战,1,4,1,0,,,strict_backbone
两条半枪闹革命,2,3,2,0,,,strict_backbone
华蓥山区剿匪部,0,3,0,0,,,context_only
参加革命工作,0,2,2,0,,,strict_backbone
南湘暴动,2,2,2,0,,,strict_backbone
货检处缉私,0,1,0,0,,,context_only
工人读书会,0,5,3,0,,,strict_backbone
弋阳、横峰武装暴动,0,0,0,0,,,isolated
筹粮筹盐,0,1,1,0,,,strict_backbone
水井寨战斗,0,4,2,0,,,strict_backbone
平息开除风波,0,3,1,0,,,strict_backbone
岔石战役,0,2,1,0,,,strict_backbone
赫章县第二届各族各界代表会,0,3,1,0,,,strict_backbone
七七事变后组建独立中队,0,3,1,0,,,strict_backbone
王贤德等乡党同志,0,3,0,1,,,context_only
发展党员运动,0,6,3,1,1949-01-01,1949-12-31,strict_backbone
濉溪叶柳湖农民武装暴动,0,1,1,0,,,strict_backbone
反百日清剿,0,3,1,0,,,strict_backbone
声援一二·一运动,0,7,4,0,,,strict_backbone
"反压迫、要民主,驱逐反动校长刘志远的学潮",0,0,0,0,,,isolated
成都学生救国联合会,2,2,2,0,,,strict_backbone
武装起义建团,0,1,1,0,,,strict_backbone
裁判肃反与依法量刑,0,1,0,0,,,context_only
抵制军训,0,3,0,0,,,context_only
虎南起义,0,3,3,0,,,strict_backbone
三界尖战斗,0,2,2,0,,,strict_backbone
阿加依秋收起义,0,2,2,0,,,strict_backbone
创办崇新小学,0,6,2,1,,,strict_backbone
荔波合围,1,11,7,0,,,strict_backbone
强攻长江,0,3,0,0,,,context_only
昆明镇反肃特斗争,0,6,0,0,,,context_only
皖东北抗日局面,0,1,1,0,,,strict_backbone
舍身杀敌/带路诱敌,0,3,1,0,,,strict_backbone
平民教育社,0,2,2,0,,,strict_backbone
执行军纪/英勇牺牲,0,2,1,0,,,strict_backbone
农民运动骨干培训班,0,3,1,0,,,strict_backbone
中国人民解放军约法八章,0,3,0,0,,,context_only
六届六中全会战略部署,0,3,1,0,,,strict_backbone
出击赣北决定,0,2,0,0,,,context_only
挺进滇西,0,6,0,0,,,context_only
一一二七大屠杀,0,6,0,0,,,context_only
联升寨解围战斗,0,13,4,0,,,strict_backbone
三·六惨案,0,6,1,0,,,strict_backbone
五一节运动,0,2,2,0,,,strict_backbone
疏散离港,0,5,2,0,,,strict_backbone
苏北抗日统一战线工作,0,3,3,0,,,strict_backbone
地书联席会议,0,1,0,0,,,context_only
战地后勤民兵组织发动群众,0,3,1,0,,,strict_backbone
战时民校抗日救亡活动,0,3,2,0,,,strict_backbone
北上抗日先遣队过境,0,2,2,0,,,strict_backbone
吃大户运动,1,3,1,0,,,strict_backbone
宣化店战役,0,4,4,0,1947-01-01,1947-12-31,strict_backbone
广安暴动,1,5,3,0,,,strict_backbone
组织群众与秋收斗争,0,2,2,0,,,strict_backbone
持久抗战,0,3,0,0,,,context_only
巴山战斗,0,3,0,0,,,context_only
土地会议,0,10,2,0,,,strict_backbone
民族独立游击大队,0,3,0,0,,,context_only
梅西侯通匪及我军撤退,0,5,2,0,,,strict_backbone
伍佑场进攻,0,6,4,0,,,strict_backbone
忠县学生运动,0,1,0,0,,,context_only
上海工人第一次武装起义,2,21,8,0,,,strict_backbone
抗日战争时期抗日后方中心,0,3,0,0,,,context_only
拉丁化新文字运动,0,3,0,0,,,context_only
临沧整训,0,3,0,0,,,context_only
向滇西北挺进,0,3,1,0,,,strict_backbone
粉碎围剿/保卫苏区,0,0,0,0,,,isolated
重庆学生救国联合会,0,6,0,0,,,context_only
下山征款,0,3,0,0,,,context_only
抵制洋货斗争,0,3,0,0,,,context_only
反饥饿、反迫害运动,0,1,1,0,,,strict_backbone
黄岭岭战斗,0,3,0,0,,,context_only
武汉中央叛变,0,2,2,0,,,strict_backbone
掘港会议,0,6,1,0,,,strict_backbone
南回北折长征,0,3,0,0,,,context_only
昆明和平解放,4,23,14,1,,,strict_backbone
豫湘战役,0,2,2,0,,,strict_backbone
三溪战斗,0,3,0,0,,,context_only
合围,0,6,1,0,,,strict_backbone
南下河阳的人民武装主力,0,2,0,0,,,context_only
民主建政试点,0,1,0,0,,,context_only
晏阳初乡村建设实验,0,3,0,0,,,context_only
高山黄豆岭保卫战,0,3,0,0,,,context_only
军民社,2,6,3,0,,,strict_backbone
剿匪歼敌/俘虏,0,1,0,0,,,context_only
筹集革命经费,0,3,0,0,,,context_only
徐州党支部成立,0,4,2,0,,,strict_backbone
南京一周,0,5,1,0,,,strict_backbone
缴枪事件,0,12,7,1,,,strict_backbone
舍会山“围剿”与反“围剿”,0,6,6,0,,,strict_backbone
保卫政权,1,5,3,0,,,strict_backbone
强攻据点/击溃援匪,0,0,0,0,,,isolated
青年工作团,0,2,0,0,,,context_only
福源纱厂工人包围公安局事件,0,3,0,0,,,context_only
武装押运宣传品过江,0,6,1,0,,,strict_backbone
解放战争开始,0,3,0,0,,,context_only
曲塘会议,0,3,1,0,,,strict_backbone
牺牲,0,32,0,0,,,context_only
传递信件与腰口战斗,0,3,0,0,,,context_only
宪政协进会会议,0,3,0,0,,,context_only
塘北头圩子保卫战,0,2,2,0,,,strict_backbone
处决匪犯缴获物品总表,0,6,0,0,,,context_only
孙盟,0,2,0,0,,,context_only
草地狗肉宴,0,2,2,0,,,strict_backbone
国民革命,1,13,5,1,,,strict_backbone
铜梁县各校反内战、反饥饿、争温饱大会,0,2,1,0,,,strict_backbone
成立共青团长葛特支,0,6,3,0,,,strict_backbone
南北会师会议,0,2,0,0,,,context_only
土顽暴动,1,1,1,0,,,strict_backbone
东西香火岭战斗,2,2,2,0,,,strict_backbone
新声社,0,7,4,1,,,strict_backbone
武汉学生游行,0,12,2,1,,,strict_backbone
家属会,0,1,0,0,,,context_only
反冲击行动,0,2,1,0,,,strict_backbone
同盟罢工,1,8,7,0,,,strict_backbone
长湘战役,0,4,4,0,,,strict_backbone
第三届第二次国民参政会,1,2,1,0,,,strict_backbone
俘虏政策教育,0,3,0,0,,,context_only
打土豪、反封建,0,1,1,0,,,strict_backbone
反英帝国主义示威游行,1,5,4,0,,,strict_backbone
馒头山煤矿罢工,0,1,0,0,,,context_only
徐州民众运动,0,1,0,0,,,context_only
攻克隆宁县城,0,5,2,0,,,strict_backbone
抗日训练班,0,4,2,0,,,strict_backbone
人工合成胰岛素,1,3,1,0,,,strict_backbone
五次战争,0,2,0,0,,,context_only
湖南农运组织状况,0,2,2,0,,,strict_backbone
工农运动,2,33,12,0,,,strict_backbone
安峰山突围战,0,2,2,0,,,strict_backbone
皖浙赣边区三年游击战争,1,4,3,0,,,strict_backbone
抢渡乌江,0,1,0,0,,,context_only
麒麟屯会议,0,6,0,0,,,context_only
南汇县万神桥被害,0,4,1,0,,,strict_backbone
剿匪反踪斗争,0,1,0,0,,,context_only
攻打上溪口据点,0,5,2,0,,,strict_backbone
湖北省第一次党代表会议,0,3,0,0,,,context_only
薛坪农民起义,1,4,2,1,,,strict_backbone
移民并村斗争,0,2,2,0,,,strict_backbone
粤汉铁路武(昌)长(沙)段工人罢工,0,2,0,0,,,context_only
綦涪民团,0,1,0,0,,,context_only
江苏淮阴守卫战,1,2,2,0,,,strict_backbone
狱中吟诗/表达革命情怀,0,1,0,0,,,context_only
醴陵暴动,2,16,11,1,,,strict_backbone
抗日宣传演出,0,3,0,0,,,context_only
宜宾暴动,2,8,2,0,,,strict_backbone
萍江头党小组,0,6,2,0,,,strict_backbone
江西青年抗日救亡服务团,0,3,0,0,,,context_only
清乡斗争二十周年,0,1,0,0,,,context_only
中国国民党四川第一次全省代表大会,1,5,2,0,,,strict_backbone
黔西北革命活动,1,10,4,0,,,strict_backbone
政治宣传工作,1,1,1,0,,,strict_backbone
工人业余读书会,0,2,2,0,,,strict_backbone
南溪农民暴动,3,79,34,2,1928-01-01,1928-12-31,strict_backbone
彻底投降,0,3,0,0,,,context_only
渡河行动,0,10,2,0,,,strict_backbone
统战伪军,0,2,1,0,,,strict_backbone
溧水抗日根据地斗争,0,4,4,0,,,strict_backbone
红军战斗,0,23,0,0,,,context_only
攻打猫云暴动,0,6,3,1,,,strict_backbone
横山刀会暴乱事件,0,5,2,0,,,strict_backbone
东进湘西,0,2,0,0,,,context_only
抗日话剧演出,2,3,3,0,,,strict_backbone
平粜困境运动,0,3,2,0,,,strict_backbone
合围土门/突破土地岭,0,0,0,0,,,isolated
强渡大河跟踪捕捉,0,1,0,0,,,context_only
禁粮出口措施,0,3,1,1,,,strict_backbone
茶陵暴动,0,2,2,0,,,strict_backbone
汝城会议,0,2,2,0,,,strict_backbone
建立苏维埃,2,7,2,0,,,strict_backbone
商界人民夜课班,1,2,2,0,,,strict_backbone
广安起义,1,13,6,0,,,strict_backbone
施家命战斗,0,1,0,0,,,context_only
日军侵华暴行,0,6,1,0,,,strict_backbone
永胜反动势力,0,1,0,0,,,context_only
农民革命,0,5,2,0,,,strict_backbone
五次‘围剿’,0,12,2,0,,,strict_backbone
南京五·二〇血案,0,3,0,0,,,context_only
琼纵南撤,0,7,5,0,,,strict_backbone
抗租抗债斗争,0,2,1,0,,,strict_backbone
一纱等工厂护厂组织,0,3,0,0,,,context_only
金沙江阻击战,0,3,2,0,,,strict_backbone
农村爱国增产运动,0,4,4,0,1952-01-01,1952-12-31,strict_backbone
琼崖第二次代表大会,0,2,0,0,,,context_only
鸦片问题/收枪问题,0,1,0,0,,,context_only
第四兵团入滇行动,0,2,2,0,1949-12-01,1949-12-31,strict_backbone
战争支援,0,1,0,0,,,context_only
伏击,1,8,3,0,,,strict_backbone
峨眉抗日怒吼歌咏团,0,2,2,0,,,strict_backbone
五·二·O反内战游行,0,6,1,0,,,strict_backbone
西山游战,1,3,1,1,,,strict_backbone
定风县县委成立会议,0,2,0,0,,,context_only
赣西南割据局面,0,8,2,0,,,strict_backbone
京汉铁路总工会罢工斗争,0,3,0,0,,,context_only
守望队,0,3,0,0,,,context_only
运输线,0,1,1,0,,,strict_backbone
七家田伏击战,0,16,10,1,,,strict_backbone
疏散回家待令,2,3,2,0,,,strict_backbone
天生关战斗,0,13,7,0,,,strict_backbone
开辟浙西工作,0,2,0,0,,,context_only
反抗验契缴纳公债斗争,0,2,2,0,,,strict_backbone
扑城战斗失败,0,3,1,0,,,strict_backbone
滇威战斗,0,3,1,0,,,strict_backbone
武汉左派斗争,0,2,2,1,1927-01-01,1927-12-31,strict_backbone
湘东特委会议,2,5,2,0,,,strict_backbone
大明厂工会成立,0,3,0,0,,,context_only
1949年解放时期,0,3,0,0,,,context_only
元保社斗争,0,4,1,0,,,strict_backbone
行政院档案材料保护行动,0,3,0,0,,,context_only
痛斥敌人,1,3,1,0,,,strict_backbone
土地问题讨论,0,15,1,0,,,strict_backbone
新四军伤员转移行动,0,3,0,0,,,context_only
引羊寺暴动,0,5,1,1,,,strict_backbone
抗暴革命斗争,0,2,0,0,,,context_only
涟水县中学党支部成立,0,4,0,0,,,context_only
教职员增薪运动,0,3,1,0,,,strict_backbone
马刀队,0,3,0,0,,,context_only
化装便衣追捕匪首,0,4,2,0,,,strict_backbone
兴国《土地法》,0,6,1,0,,,strict_backbone
奔袭惠通桥,0,2,1,0,,,strict_backbone
莱子坳战斗,0,3,3,0,,,strict_backbone
四次暴动,2,2,2,0,,,strict_backbone
苏维埃红色政权,0,3,1,0,,,strict_backbone
南京反帝国主义运动,1,2,2,0,,,strict_backbone
美仁枪案,0,2,2,0,,,strict_backbone
《挺进报》白公馆版,0,3,0,0,,,context_only
鄂陕解放区,0,3,0,0,,,context_only
《反攻》,0,2,1,0,,,strict_backbone
活捉单锦堂,0,3,1,0,,,strict_backbone
重庆地委武装起义计划,0,2,2,0,,,strict_backbone
重庆电力公司反特务斗争,2,3,3,0,,,strict_backbone
四好连队评定,0,3,0,0,,,context_only
夜间警戒/反偷袭,0,1,0,0,,,context_only
枪毙偷窃战士事件,0,3,0,1,,,context_only
中共云南特委召开扩大会,0,2,0,0,,,context_only
九潮坳战斗,0,10,1,1,,,strict_backbone
常州公安武装,0,3,1,0,,,strict_backbone
丁唐房战斗,0,3,2,0,,,strict_backbone
国民党投诚,0,3,1,0,,,strict_backbone
清匪除害,0,1,1,0,,,strict_backbone
抗大预科,0,5,3,1,,,strict_backbone
四二〇团侦察排,1,6,1,1,,,strict_backbone
小朱庄战斗,0,11,6,1,,,strict_backbone
保卫淮安大小朝庄战斗,0,2,2,0,,,strict_backbone
良师兴国运动,0,3,1,0,,,strict_backbone
袭击保商队,0,2,2,0,,,strict_backbone
湘西作战,0,3,1,0,,,strict_backbone
智取宜章城,3,10,5,0,,,strict_backbone
打入警察局,0,3,1,0,,,strict_backbone
林木桥战斗,0,2,2,0,,,strict_backbone
聚奎乡群众斗争,0,1,0,0,,,context_only
社团联合会,0,3,0,0,,,context_only
日本帝国主义,0,15,0,0,,,context_only
板桥镇武装斗争,0,4,4,1,1946-01-01,1947-12-31,strict_backbone
发动群众诉苦,0,3,1,1,,,strict_backbone
雪凉合围,8,56,18,0,,,strict_backbone
塌场战斗,0,3,1,0,,,strict_backbone
三街会议,0,3,1,0,,,strict_backbone
上海区委代表大会,0,5,3,0,,,strict_backbone
俘获并枪决匪首,0,9,3,1,,,strict_backbone
红军独立团伏击魏刚46旅战斗,0,3,0,1,,,context_only
福建事变影响与暂停进攻,0,4,0,0,,,context_only
五卅纪念活动,0,2,0,0,,,context_only
梁达边区游击队改编,0,5,0,0,,,context_only
桂阳县东镇乡抗日自卫干部训练班,1,3,1,0,,,strict_backbone
割穗留杆,0,3,0,0,,,context_only
起义投诚,0,6,1,0,,,strict_backbone
匪部兵力布防,0,3,2,0,,,strict_backbone
武装暴动,10,126,47,3,,,strict_backbone
红二、六军团长征,0,0,0,0,,,isolated
沅陵解放,0,4,4,0,1949-01-01,1949-12-31,strict_backbone
抗美援朝动员,0,2,2,0,,,strict_backbone
前镇战斗,0,2,0,0,,,context_only
保棉斗争,0,3,2,1,1947-01-01,1947-12-31,strict_backbone
扩大主力武装群众,0,3,1,0,,,strict_backbone
党史资料审稿,0,4,1,0,,,strict_backbone
滇西北人民自卫军直属大队,0,3,0,0,,,context_only
湘南游击大队,0,5,0,1,,,context_only
中华苏维埃人民共和国川滇黔省革命委员会成立,0,42,0,0,,,context_only
兴义坡岗蜂岩丫口战斗,0,1,0,0,,,context_only
二野军大五分校,0,3,0,0,,,context_only
盐阜军区战斗,0,4,0,0,,,context_only
第三批土地改革,0,3,2,1,,,strict_backbone
固镇解放,0,2,2,0,1948-01-01,1948-12-31,strict_backbone
丁志平部,0,2,0,0,,,context_only
清剿奸匪,0,6,3,0,,,strict_backbone
评功表彰/土改复查,0,0,0,0,,,isolated
新城战斗,2,9,9,0,,,strict_backbone
中共丹寨县人民政府成立,0,3,0,0,,,context_only
霞坊农民起义,1,1,1,0,,,strict_backbone
汉口九江收复英租界,0,1,0,0,,,context_only
分析匪情、部署剿匪与建政,0,2,1,0,,,strict_backbone
悼念陈家珍老师活动,0,5,3,0,,,strict_backbone
鲁南郯城战斗,0,5,1,0,,,strict_backbone
均州解放,0,2,2,0,,,strict_backbone
赤水河渡河行动,0,2,2,1,,,strict_backbone
陆良中心县委武装暴动,0,2,2,0,,,strict_backbone
双江镇抗敌后援会,0,3,0,0,,,context_only
交通联络站建立,0,2,0,0,,,context_only
岳北民主救国会改编,1,1,1,0,,,strict_backbone
高渡小王集战斗,0,3,1,1,,,strict_backbone
犹国才屠杀事件,0,1,0,0,,,context_only
庆祝解放大会筹备工作,0,3,0,0,,,context_only
反内战游行,0,8,5,0,,,strict_backbone
入会须知,0,3,0,0,,,context_only
石门县苏维埃成立,0,1,0,0,,,context_only
扩大会议,0,5,0,0,,,context_only
贵阳市解放,0,3,0,0,,,context_only
守据点与开展工作,0,6,3,0,,,strict_backbone
扩军/编队南下,0,6,1,0,,,strict_backbone
滇南工作,0,3,0,1,,,context_only
民族团结,0,4,0,0,,,context_only
1947年解放战争时期,0,3,0,0,,,context_only
潼南通讯,0,1,0,0,,,context_only
昆明市工人联合会,0,3,0,0,,,context_only
军政群统战组织建设,1,3,1,0,,,strict_backbone
夜校宣传,0,1,0,0,,,context_only
彝族青年学术讨论会,1,4,1,1,,,strict_backbone
没收大地主土地,0,3,0,0,,,context_only
文化教育运动,0,5,2,1,,,strict_backbone
《皖邮之光》,0,2,1,0,,,strict_backbone
红小兵,0,3,0,0,,,context_only
民族干部训练班,0,3,1,0,,,strict_backbone
黔阳县经济建设五年计划,0,3,0,0,,,context_only
伪装坐月子藏子弹,0,5,2,1,,,strict_backbone
仁怀核心小组,0,3,0,0,,,context_only
石港据点攻克及影响,0,6,2,0,,,strict_backbone
横沟寺农民武装暴动,0,3,1,0,,,strict_backbone
保卫喷水洞电厂,4,4,4,0,,,strict_backbone
抵制货侦运动,0,2,0,0,,,context_only
控告董竞存 打击恶势力,0,3,0,0,,,context_only
许克祥马日事变,0,3,0,0,,,context_only
黔西抗日救国军,0,2,2,0,,,strict_backbone
抗禁唱春戏斗争,0,1,1,0,,,strict_backbone
云贵川三省围剿,0,3,0,0,,,context_only
西南服务团组建,0,5,5,0,,,strict_backbone
财政与税收工作,0,3,1,0,,,strict_backbone
挺进滇南与洼垤会师,0,1,0,0,,,context_only
马克思纪念日宣传,0,2,0,0,,,context_only
湘鄂赣省第三届全省苏大会,0,5,2,0,,,strict_backbone
大东商店成立/收购军需,0,5,2,0,,,strict_backbone
粮食征集运动,0,3,1,0,,,strict_backbone
攻占长沙,2,2,2,0,,,strict_backbone
解放上海军事会议,0,1,0,0,,,context_only
论述长征意义,0,2,0,0,,,context_only
淮阴解放,1,3,1,0,,,strict_backbone
黔西县城失守,0,5,0,1,,,context_only
姚集战斗,0,5,3,0,,,strict_backbone
焚烧税务局大趸船,0,1,1,0,,,strict_backbone
草原艺术社,0,3,1,1,,,strict_backbone
华蓥山区起义,0,4,0,0,,,context_only
淮西统战工作,0,3,0,0,,,context_only
宣传抗日主张,1,3,1,0,,,strict_backbone
南京学界上海惨案后援会,0,2,0,0,,,context_only
砍树运动,0,2,2,1,,,strict_backbone
《马街协定》,2,4,4,0,,,strict_backbone
黄村会议,0,3,3,0,,,strict_backbone
西南游击大队,0,1,0,0,,,context_only
发行经济建设公债,0,1,0,0,,,context_only
利用选举开展革命工作,0,2,1,0,,,strict_backbone
年关大暴动,2,11,4,1,,,strict_backbone
淮南抗日根据地建设,0,2,2,0,,,strict_backbone
瓦解贵州白军指示,0,3,0,0,,,context_only
红军入滇行动,0,5,2,0,,,strict_backbone
旬南区崇德城政府成立,0,3,0,0,,,context_only
黔东根据地创建,0,8,5,0,,,strict_backbone
收回王家沱运动,0,3,1,0,,,strict_backbone
丁林战斗,0,10,4,0,,,strict_backbone
董楼歼敌战斗,0,2,2,0,,,strict_backbone
宁都会议,3,23,6,1,,,strict_backbone
打土豪分粮食,0,6,1,1,,,strict_backbone
土匪组织暴乱,1,3,1,0,,,strict_backbone
蚌埠解放,1,10,1,0,,,strict_backbone
秘密工作与公开工作,0,6,2,2,,,strict_backbone
暴乱事件,0,4,1,0,,,strict_backbone
奇袭瓢儿井,0,10,8,0,,,strict_backbone
抢渡澧水沅江,1,6,3,0,,,strict_backbone
长兴县农民救国会成立大会,0,2,2,0,,,strict_backbone
劳动课,1,1,1,0,,,strict_backbone
武装夺取南京城,2,2,2,0,,,strict_backbone
召开干部大会部署战役,0,3,0,0,,,context_only
抗日将士募捐游艺会,1,1,1,0,,,strict_backbone
湘鄂赣边三年游击战争,0,3,0,0,,,context_only
敌伪清乡部署,0,1,0,0,,,context_only
打土豪分田地斗争,0,8,4,1,,,strict_backbone
合川会议,0,3,1,0,,,strict_backbone
木黄大捷,0,3,3,0,,,strict_backbone
读书会组织,0,2,0,0,,,context_only
斗蓬冲战斗,0,4,1,0,,,strict_backbone
特别法庭,1,16,4,0,,,strict_backbone
后乡人民起义,0,6,6,0,,,strict_backbone
黄口农民暴动,0,1,1,0,,,strict_backbone
昭通学生抗敌后援会,1,16,3,1,,,strict_backbone
谷陇剿匪,0,1,0,0,,,context_only
五、三十惨案,0,1,0,0,,,context_only
红三军行动,0,6,1,0,,,strict_backbone
吉阳山围困战,0,3,0,0,,,context_only
青年组织建设,0,6,2,0,1949-01-01,1949-12-31,strict_backbone
鄂东第二次扩大会,0,2,0,0,,,context_only
互助组条件指示,0,1,0,0,,,context_only
保大区武装,0,3,0,0,,,context_only
商亳鹿柘县公安局便衣队,0,6,1,0,,,strict_backbone
蒙自工人运动,0,6,2,1,1927-01-01,1927-12-31,strict_backbone
护城行动,0,3,0,0,,,context_only
1949年五·四青年节纪念活动,0,1,0,0,,,context_only
俘虏兵转化,0,3,0,0,,,context_only
重庆《挺进报》事件,0,17,3,0,,,strict_backbone
李迪光处决事件,0,3,0,0,,,context_only
江苏秋收暴动,0,3,3,0,,,strict_backbone
南教,0,3,0,0,,,context_only
川大‘方言剧艺研究社’,0,2,2,0,,,strict_backbone
民族区域自治条例,0,3,0,0,,,context_only
京沪抗战役,0,6,6,0,,,strict_backbone
湄潭小组,0,3,0,0,,,context_only
建立弭诺分队,0,3,2,0,,,strict_backbone
安徽狱中斗争,0,7,0,0,,,context_only
盐江和平解放事件,2,7,3,0,,,strict_backbone
誓师大会/进军荔波,0,1,0,0,,,context_only
追悼四烈士大会,0,3,0,0,,,context_only
青疃区中队,0,3,1,1,,,strict_backbone
龙潭湾会议,0,3,1,0,,,strict_backbone
武大集会声讨反动当局逮捕查家骥等七位进步同学,0,4,2,0,,,strict_backbone
武装反抗洗劫/追击专员,0,2,0,0,,,context_only
追剿行军,0,3,1,0,,,strict_backbone
梨树坳伏击战及王海富等牺牲,0,3,1,0,,,strict_backbone
贵州武装斗争,0,1,1,0,,,strict_backbone
川陕革命,1,2,2,0,,,strict_backbone
参加童子团,2,3,3,0,,,strict_backbone
粮食筹借工作,0,5,3,0,,,strict_backbone
回忆斗争经历,0,3,0,0,,,context_only
组织总社分社,0,1,0,0,,,context_only
遂川县工农兵政府成立,0,3,0,0,,,context_only
北渡金沙江会师,0,3,3,0,,,strict_backbone
顺泸起义,13,77,44,1,,,strict_backbone
遵义会议前后,0,1,0,0,,,context_only
挺进江南敌后,2,2,2,0,,,strict_backbone
反饥饿反迫害斗争,0,2,2,0,,,strict_backbone
九九整肃事件,0,10,3,1,,,strict_backbone
川黔地区工作,0,2,2,0,,,strict_backbone
小沅会议,0,3,0,0,,,context_only
高河暴动,2,5,3,0,,,strict_backbone
盐城事件,0,3,0,0,,,context_only
解放毕节,0,3,3,0,,,strict_backbone
横扫守农民暴动,0,3,1,0,,,strict_backbone
分田训练班,0,3,0,0,,,context_only
总的检查,0,4,0,0,,,context_only
四二暴动,0,2,2,0,,,strict_backbone
陆良游击武装,0,2,0,0,,,context_only
农暴运动,0,3,0,0,,,context_only
陈家河桃子溪战斗,0,2,0,0,,,context_only
石渠家会议,0,2,1,0,,,strict_backbone
芦头会议,2,5,2,0,,,strict_backbone
纪念七一大会,0,1,0,0,,,context_only
抗日救亡宣传工作,0,3,1,0,,,strict_backbone
川西独轮车工人罢工,0,2,2,0,,,strict_backbone
重庆解放区,0,4,0,0,,,context_only
南昌‘八二’起义,0,3,0,0,,,context_only
剿匪反特斗争,0,1,0,0,,,context_only
控告霍正依贪污事件,0,3,1,0,,,strict_backbone
支前工作,9,101,37,1,,,strict_backbone
政治教育/纪律检查,0,4,0,0,,,context_only
宜宾教导队,0,1,0,0,,,context_only
杀害尚国环,0,2,0,0,,,context_only
庐山商谈,0,3,0,0,,,context_only
八士桥战斗,0,2,2,0,,,strict_backbone
传唱革命歌曲,0,5,3,1,,,strict_backbone
巴县西里解放同盟,0,6,0,0,,,context_only
打倒北洋军阀,0,2,0,0,,,context_only
修复大桥/南下抢修,0,4,1,0,,,strict_backbone
一四方面军会合,0,2,2,0,,,strict_backbone
印刷所搬迁,0,3,1,0,,,strict_backbone
党员社会成分统计,0,5,0,0,,,context_only
两藏长生口,0,1,1,0,,,strict_backbone
乐安县第五次工农兵代表大会,0,6,1,0,,,strict_backbone
土改试点与民主人士配合,0,1,0,0,,,context_only
赣北斗争,1,5,1,1,,,strict_backbone
特务搜查行动,0,3,1,0,,,strict_backbone
红军赔偿事件,0,3,0,0,,,context_only
临涣集战斗,0,3,3,0,,,strict_backbone
解放南昌,0,6,2,0,,,strict_backbone
碧、福、贡三县解放,0,0,0,0,,,isolated
策反,0,5,0,0,,,context_only
五岭临时工委隐蔽斗争,0,4,1,0,,,strict_backbone
第二次庐山会议,0,5,1,0,,,strict_backbone
解放镇远,0,18,1,0,,,strict_backbone
省港大罢工,4,27,23,0,,,strict_backbone
贵池工人运动,1,1,1,0,,,strict_backbone
宣传鼓动队,0,3,1,0,,,strict_backbone
县苏维埃成立,0,1,0,0,,,context_only
红九军团猎场战斗,0,5,0,0,,,context_only
入党活动,1,9,3,1,,,strict_backbone
汪村大屠杀,0,6,0,1,,,context_only
日军哨兵,0,5,1,0,,,strict_backbone
荆州战役,0,5,1,1,,,strict_backbone
北伐军进入湖南,2,11,8,0,,,strict_backbone
弋横农民武装大起义,0,3,0,0,,,context_only
政治清匪运动,0,1,1,0,,,strict_backbone
鄂南暴动组织与宣传辩论,1,6,1,0,,,strict_backbone
京沪战役,0,2,0,0,,,context_only
筹备欢迎贺龙过麻阳,0,2,1,0,,,strict_backbone
中国工农革命军第一师整编会议,0,1,0,0,,,context_only
宋家民团起义,0,1,1,0,,,strict_backbone
清剿行动,0,4,0,0,,,context_only
反对征田赋斗争,0,4,4,0,,,strict_backbone
中央政治局扩大会议,2,8,3,1,,,strict_backbone
醴陵农民运动,0,4,1,0,,,strict_backbone
剿匪平乱,0,2,1,0,,,strict_backbone
AB团斗争,0,2,0,0,,,context_only
武装叛变事件,0,8,0,0,,,context_only
美亚绸厂工人罢工斗争,0,2,2,0,,,strict_backbone
郎普织游击大队,0,4,0,0,,,context_only
《草海晨曦》《根除匪患铸太平》,0,3,0,0,,,context_only
‘边纵’24团战斗活动,0,1,0,0,,,context_only
三·一命土匪暴动,0,1,0,0,,,context_only
固本乡清匪发动群众,0,1,1,0,,,strict_backbone
苏维埃革命,0,9,7,1,,,strict_backbone
万年亭战斗,0,9,6,0,,,strict_backbone
红石寨战斗,0,11,5,0,,,strict_backbone
红四方面军北上行动,0,3,0,0,,,context_only
马金匪变火烧办事处事件,0,5,0,0,,,context_only
狱中病逝,0,3,0,0,,,context_only
郑集战斗,0,5,3,0,,,strict_backbone
鹞落坪风光/影视拍摄,0,2,0,0,,,context_only
周家湾农民大会,1,1,1,0,,,strict_backbone
反六路围攻作战,0,6,4,1,,,strict_backbone
平坝县城解围战,0,1,1,0,,,strict_backbone
群众歌咏队,1,1,1,0,,,strict_backbone
匪部根据地建立,0,1,1,0,,,strict_backbone
战斗一结束,0,1,0,0,,,context_only
独山暴动,1,7,7,0,,,strict_backbone
创办如中书店/印刷发行,0,2,1,0,,,strict_backbone
酷热行军,0,6,3,1,,,strict_backbone
元江阻击战,1,7,6,0,,,strict_backbone
武汉工作,0,3,0,0,,,context_only
省保安司令部,1,5,1,0,,,strict_backbone
布告周知剿匪奖惩,0,2,0,0,,,context_only
剿灭“天下第一军”,0,3,3,0,,,strict_backbone
1929年五一游行示威,0,2,2,0,,,strict_backbone
木炭生意,0,1,0,0,,,context_only
清剿土司残匪追捕队,0,2,2,0,,,strict_backbone
解放黔西县城,0,3,0,0,,,context_only
大城寨会议,0,3,0,0,,,context_only
汪庄伏击战,0,6,2,0,,,strict_backbone
雅邛大战役,1,3,1,0,,,strict_backbone
亳永地区农民暴动,3,4,4,0,,,strict_backbone
声援同济血案控诉示威大会,0,2,2,0,,,strict_backbone
新田县城攻防战,0,3,0,0,,,context_only
反日活动,0,5,0,0,,,context_only
快活岭杀人案,0,3,0,0,,,context_only
划分片区领导/发展党员/反清乡胜利,0,13,5,0,,,strict_backbone
乌蒙回旋战,1,2,2,0,,,strict_backbone
七·一摘爱国民主运动,0,2,1,0,,,strict_backbone
马克思学术研究会,0,1,0,0,,,context_only
西安事变侦察,0,5,3,0,,,strict_backbone
鄣公山游击根据地开辟,0,2,0,0,,,context_only
1930年兵变活动,2,10,5,0,,,strict_backbone
物资供应,0,3,3,0,,,strict_backbone
蒙自淌甸农民斗争,0,3,3,0,,,strict_backbone
龙宝寺团结会师大会,0,3,0,0,,,context_only
贴传单/探敌情/瓦解敌军,1,4,2,0,,,strict_backbone
永兴起义,0,5,3,0,,,strict_backbone
1949年7月抢劫粮食财物事件,0,3,0,0,,,context_only
李庄镇战斗,0,3,1,0,,,strict_backbone
滇省主力军,0,3,1,0,,,strict_backbone
丹寨县财政科接管事件,0,4,0,0,,,context_only
干部提拔,0,3,0,0,,,context_only
解放蒙自之战,0,6,0,0,,,context_only
武汉中央会议,0,2,2,0,1927-01-01,1927-12-31,strict_backbone
金坛县保安大队清剿,0,3,1,0,,,strict_backbone
祁阳人民支援浮桥建设,0,3,1,0,,,strict_backbone
反英运动周,0,5,3,0,,,strict_backbone
中共六届六中全会,0,9,0,0,,,context_only
解放全云南,0,1,1,0,,,strict_backbone
中央关于湖北工人斗争的指示,0,3,0,0,,,context_only
下坑伏击战,0,3,0,0,,,context_only
连级干部会议,0,1,0,0,,,context_only
建党,0,4,4,0,,,strict_backbone
新民主主义青年工作小组,0,4,0,0,,,context_only
重庆‘三、三一’惨案,0,3,0,0,,,context_only
整社运动,0,8,3,0,,,strict_backbone
黔东北游击队四中队,0,1,0,0,,,context_only
支援衡宝战役/截击敌军/支前工作,0,3,3,0,,,strict_backbone
狱中音乐会,1,5,3,1,,,strict_backbone
李公朴遇害事件,0,3,1,0,,,strict_backbone
黄安七里坪党训班,0,3,3,0,,,strict_backbone
金光洞庙会,0,1,0,0,,,context_only
安源工人罢工,0,3,0,0,,,context_only
抓捕特务,0,2,1,0,,,strict_backbone
打土豪、分田地群众运动,0,1,0,0,,,context_only
鄂北各中心县委联席会议,0,1,0,0,,,context_only
集训班地下工作/拒绝悔过,0,2,2,0,,,strict_backbone
工合运动,1,2,2,0,,,strict_backbone
二月七日大屠杀,0,2,2,0,,,strict_backbone
河头营伏击战,0,3,0,0,,,context_only
新民主主义青年团工作,0,2,2,0,,,strict_backbone
文艺晚会,2,2,2,0,,,strict_backbone
突击班,0,10,2,0,,,strict_backbone
诉苦会/斗争大会,0,0,0,0,,,isolated
绵竹农民暴动,0,1,1,0,,,strict_backbone
春耕动员,0,3,1,0,,,strict_backbone
汤团暴动,0,1,1,0,,,strict_backbone
一九三五年的“一二·九”救亡运动,1,2,2,0,,,strict_backbone
职友歌咏队,0,3,1,1,,,strict_backbone
破坏滇缅路桥梁,0,2,0,1,,,context_only
月会制度,0,3,0,0,,,context_only
解放眉山专区战役,0,5,5,0,,,strict_backbone
解送匪首/记功嘉奖,1,1,1,0,,,strict_backbone
镇远县舞阳镇禁烟肃毒运动,0,3,0,0,,,context_only
谈判驻扎,0,3,0,0,,,context_only
黄坊战役,1,3,2,0,,,strict_backbone
独四师整编,0,11,4,0,,,strict_backbone
土地分配斗争,1,6,6,0,,,strict_backbone
全国解放区民主宪政代表会,0,1,0,0,,,context_only
土地改革试点调查,0,3,0,0,,,context_only
班生产运动,0,2,2,1,1945-01-01,1945-12-31,strict_backbone
滇西地方委员会召开党政军代表会议,0,3,0,0,,,context_only
万县九五惨案,1,8,5,0,,,strict_backbone
民卫总队起义,2,3,3,0,,,strict_backbone
反内战反独裁斗争,0,3,1,0,,,strict_backbone
上海沪西大罢工,0,3,1,1,,,strict_backbone
五县联防肃奸,1,2,2,0,,,strict_backbone
会泽县解放区,0,3,0,0,,,context_only
采药治病与被捕入狱,0,4,1,0,,,strict_backbone
红二、六军团转移行动,0,2,0,0,,,context_only
党对学生运动的领导,0,1,0,0,,,context_only
津浦路徐(州)济(南)段战役,0,1,0,0,,,context_only
《新亳报》,1,4,2,0,,,strict_backbone
赣州农民协会成立大会,0,1,0,0,,,context_only
湖西“肃托”事件,0,3,0,0,,,context_only
平江起义,18,103,58,3,1928-07-22,1928-07-22,strict_backbone
反改组派斗争,0,5,1,0,,,strict_backbone
反伞特斗争,1,3,1,0,,,strict_backbone
三十六团组建和整编,0,2,2,0,,,strict_backbone
泗阳刀会事件,0,1,0,0,,,context_only
传唱庆祝苏维埃歌曲,0,5,3,0,,,strict_backbone
华东军区海军成立,0,2,0,0,,,context_only
男女同工同酬,0,2,2,0,,,strict_backbone
特务行动,2,5,2,0,,,strict_backbone
整编七十四师进驻/清剿,0,1,0,0,,,context_only
安徽农村改革,1,2,2,0,1978-01-01,1978-12-31,strict_backbone
散匪抢掠,0,1,0,0,,,context_only
解放战争渡江战役,0,3,1,0,,,strict_backbone
龙祥商号,0,2,0,0,,,context_only
反日大同盟,0,2,2,0,,,strict_backbone
反英示威大会,0,2,0,0,,,context_only
税收体制变革,0,3,0,0,,,context_only
同志被捕,0,3,0,0,,,context_only
武汉工农商学兵各界群众七十万人纪念大会,0,1,1,0,,,strict_backbone
汪逆,0,4,2,0,,,strict_backbone
中央临时政治局会议,0,3,1,0,,,strict_backbone
泗县农民暴动,0,5,1,0,,,strict_backbone
追悼‘一二·一’死难四烈士大会,0,5,3,0,,,strict_backbone
陈独秀右倾投降主义,0,3,0,0,,,context_only
太河惨案,0,1,0,0,,,context_only
八十师进攻二都,0,3,0,0,,,context_only
军事规律认识过程,0,5,0,0,,,context_only
三勤运动,0,3,0,0,,,context_only
收缴鸦片事件,0,3,1,0,,,strict_backbone
运动会,0,3,1,0,,,strict_backbone
夏斗寅叛军,0,5,0,0,,,context_only
禁毒宣传控制与积极分子培养,0,3,0,0,,,context_only
牺牲/被杀/阵亡,0,2,0,0,,,context_only
三自革新运动大会,0,3,0,0,,,context_only
南腰界会师大会,0,2,0,0,,,context_only
反对日本出兵满洲游行与非基运动,0,1,0,0,,,context_only
搞枪/联络旧人搞武器,0,1,1,0,,,strict_backbone
重庆市抗议美军暴行联合会,0,5,0,0,,,context_only
第五次繁昌保卫战,0,1,1,0,,,strict_backbone
赵家坝会议,0,2,2,0,,,strict_backbone
民旅民主青年联盟,0,3,0,0,,,context_only
禁毒传讯登记与群众动员,0,3,0,0,,,context_only
成湾战斗,0,2,0,0,,,context_only
分析匪情与集结意图,0,2,0,0,,,context_only
前委会议,0,1,0,0,,,context_only
张口洞阻击战,0,3,0,0,,,context_only
北上抗日方针,0,3,0,0,,,context_only
盘北合围,0,3,0,0,,,context_only
参加中共五大,0,2,2,0,,,strict_backbone
丹阳宣传工作,0,1,0,0,,,context_only
《牛街旬刊》创办,1,2,1,0,,,strict_backbone
清水寨起义酝酿,0,3,3,0,,,strict_backbone
反饥饿反内战运动,1,25,8,0,1947-01-01,1947-12-31,strict_backbone
修建碉堡指示,0,2,0,0,,,context_only
达德初中补习班,2,2,2,0,,,strict_backbone
成立海防二团/三团/出海护渔作战,0,4,3,0,,,strict_backbone
滇南追歼战,1,18,10,0,,,strict_backbone
曼乃阻击战,0,2,2,0,,,strict_backbone
阶级意识斗争,0,3,0,0,,,context_only
抗日反帝后援大会,0,3,1,0,,,strict_backbone
贾汪煤矿夺木斗争,0,1,1,0,,,strict_backbone
云大/南菁学生运动,0,2,0,0,,,context_only
贫苦童年/立志求学,0,1,0,0,,,context_only
红军抢渡金沙江战役,0,6,6,0,,,strict_backbone
第四次围剿,0,6,1,0,,,strict_backbone
祥云武装斗争,0,4,4,0,,,strict_backbone
第四次反围剿斗争,0,8,3,0,,,strict_backbone
奇兵夜袭青龙坝,2,2,2,0,,,strict_backbone
建立地方武装与收税活动,0,4,2,1,,,strict_backbone
峨山惨案,2,2,2,0,,,strict_backbone
攻打据点歼灭战,0,3,3,0,,,strict_backbone
草坪大捷,0,10,7,0,,,strict_backbone
团结斗争,0,3,0,0,,,context_only
武昌之战,0,4,4,0,,,strict_backbone
炮校学潮,0,2,2,0,,,strict_backbone
水城游击中队,0,2,2,0,,,strict_backbone
争取瓦解土顽工作,0,3,1,1,,,strict_backbone
农村阶级斗争与富农策略,0,3,1,0,,,strict_backbone
中共重庆市委成立,0,2,0,0,,,context_only
肃反扩大化,2,31,6,1,1932-01-01,1932-12-31,strict_backbone
攻打县府行动,0,4,3,0,,,strict_backbone
泸陆罗方面作战,0,3,0,0,,,context_only
市中事件,0,27,11,1,,,strict_backbone
民先/学联运动,0,1,0,0,,,context_only
印发《穷人不是命该穷》,0,5,1,0,,,strict_backbone
贵州军政领导机构,2,2,2,0,,,strict_backbone
苏中反'扫荡'斗争,0,5,5,1,1941-08-01,1941-08-31,strict_backbone
捣毁匪窝/破获特务案件,0,1,0,0,,,context_only
中国工命红军第一次全国政治工作会议,0,1,0,0,,,context_only
苗民部设立,0,3,2,0,,,strict_backbone
查禁日货,0,1,1,0,,,strict_backbone
七大精神贯彻,0,3,1,0,,,strict_backbone
拥军优属,1,5,2,0,,,strict_backbone
江南抗日战争,0,3,1,0,,,strict_backbone
解放大西南作战计划,0,2,2,0,,,strict_backbone
追剿肖克朱毛,0,3,0,0,,,context_only
送信活动,0,2,1,0,,,strict_backbone
保四团、保安大队,0,2,1,0,,,strict_backbone
皖军东受命杀死二师、七师长江交通线,0,1,1,0,,,strict_backbone
赣南秋收,0,2,2,0,,,strict_backbone
赣粤边三年游击战争,3,9,9,0,,,strict_backbone
人民抗日义勇队,0,6,0,1,,,context_only
祖孙三代珍藏医书,0,3,1,0,,,strict_backbone
北区新农团,0,3,0,0,,,context_only
抗议美军暴行游行,0,2,2,0,,,strict_backbone
《星光》壁报,0,2,2,0,,,strict_backbone
三八节游行,0,3,0,0,,,context_only
四·九事件,0,1,1,0,,,strict_backbone
上溪口解放战役,0,3,0,0,,,context_only
十字路会议,0,4,0,0,,,context_only
苏陈阻击战,0,6,1,1,,,strict_backbone
昆明‘一二·二’学生运动,0,3,3,0,,,strict_backbone
护矿保家运动,0,3,1,1,,,strict_backbone
全国苏维埃区域代表大会,3,10,3,1,,,strict_backbone
射洪地下组织破坏事件,0,5,2,1,1934-01-01,1934-12-31,strict_backbone
红三军转战鄂西北,3,3,3,0,,,strict_backbone
经济封锁与反封锁,0,1,1,0,,,strict_backbone
解放大军入滇,1,2,2,0,1949-01-01,1949-12-31,strict_backbone
银姨起义,0,5,5,0,,,strict_backbone
党义课/民众运动培训,0,1,0,0,,,context_only
南腰界九月会议,0,1,0,0,,,context_only
赖乌包山战斗,1,11,8,0,,,strict_backbone
敌伪情报搜集与敲诈勒索,0,7,1,1,,,strict_backbone
召开暴动准备会议,0,2,0,0,,,context_only
社会主义改造,0,10,3,1,,,strict_backbone
泸定桥保卫战,1,3,3,0,,,strict_backbone
五卅惨案反帝运动,0,7,4,0,,,strict_backbone
中国工农革命委员会成立,0,5,2,0,,,strict_backbone
高山乡农民武装起义,0,2,2,0,,,strict_backbone
雅沙塘反伏击战,0,3,2,0,,,strict_backbone
牛街武装起义,0,4,4,1,1949-04-28,1949-04-28,strict_backbone
党史文献编纂,0,1,0,0,,,context_only
奔袭宿东北道庄子伪据点,0,1,1,0,,,strict_backbone
工人运动骨干,0,1,0,0,,,context_only
六届三中全会纠正立三路线,0,3,0,0,,,context_only
盐津县群众大会,0,1,0,0,,,context_only
改编非党武装,0,1,1,0,,,strict_backbone
陈宁县反顽斗争,0,1,0,0,,,context_only
武装暴乱,0,2,1,0,,,strict_backbone
军事小组,1,4,2,0,,,strict_backbone
暴动转移,0,1,0,0,,,context_only
宜章起义,0,11,3,0,,,strict_backbone
271师起义,0,1,0,0,,,context_only
工合合作社,0,6,5,0,,,strict_backbone
淮宝反动道会门暴乱事件,0,4,4,0,,,strict_backbone
星光读书会,1,5,5,0,,,strict_backbone
威宁起义,0,6,0,0,,,context_only
青神龙市斗争,0,3,0,0,,,context_only
周家岗反“扫荡”,0,3,3,0,,,strict_backbone
狙击战,0,5,3,1,,,strict_backbone
抗日自卫军,0,5,2,1,,,strict_backbone
反解教斗争,0,5,4,0,1948-06-01,1948-06-30,strict_backbone
省运动会,0,1,0,0,,,context_only
里金战斗,0,2,2,0,,,strict_backbone
建党工作,0,9,2,1,,,strict_backbone
解放西南,0,2,0,0,,,context_only
西南地区第一届人民体育运动大会,0,3,1,0,,,strict_backbone
守城保卫战与移驻施琅口,0,5,1,0,,,strict_backbone
武装解放寻甸县城,0,6,3,0,,,strict_backbone
周恩来诞辰纪念活动,0,1,0,0,,,context_only
民盟调解方案,0,3,1,0,,,strict_backbone
福州、厦门战役,0,0,0,0,,,isolated
堵击余泽鸿部,0,2,2,0,,,strict_backbone
新国家主义,0,3,0,0,,,context_only
红六军会师,0,1,1,0,,,strict_backbone
爱国反日会,0,3,0,0,,,context_only
追鱼扫荡,0,3,0,1,,,context_only
寒衣募捐,0,2,2,0,,,strict_backbone
会师/争取神兵,0,1,1,0,,,strict_backbone
徐楚伯武装,0,3,1,0,,,strict_backbone
邓庄首战,0,2,0,0,,,context_only
东山寺盛会,2,2,2,0,,,strict_backbone
推进东台,0,8,2,1,,,strict_backbone
攻占百色,0,4,3,0,,,strict_backbone
武装起义指示,0,7,2,1,1947-12-01,1947-12-31,strict_backbone
攻克黄安县城,0,3,1,0,,,strict_backbone
织金城和平解放,0,2,2,0,,,strict_backbone
江南新区农村工作,2,3,2,0,,,strict_backbone
党员发展工作,0,6,0,0,,,context_only
绥靖七大队,0,3,0,1,,,context_only
丁志平武装活动,1,8,3,1,,,strict_backbone
红军与敌军周旋战斗,0,5,0,0,,,context_only
双十一大屠杀,1,3,1,0,,,strict_backbone
宣讲党的政策与收拢守护兵,0,1,1,0,,,strict_backbone
独立营游击斗争,0,2,2,0,,,strict_backbone
内线独立作战,0,6,1,0,,,strict_backbone
夏斗寅叛变事件,0,3,0,0,,,context_only
报刊发行,2,3,2,0,,,strict_backbone
赣南支队成立,0,9,1,0,,,strict_backbone
中山舰事件,1,24,13,0,,,strict_backbone
月亮坡战斗,0,5,5,0,,,strict_backbone
峡江会议,0,2,0,0,,,context_only
六合至茅山游击战,0,9,3,1,,,strict_backbone
酉阳县大坝场战斗,0,2,2,0,,,strict_backbone
阐明军队性质,0,4,0,0,,,context_only
反革命政变,0,2,1,0,1927-04-01,1927-04-30,strict_backbone
三·一八土匪暴动,0,3,2,0,,,strict_backbone
省、港大罢工,0,2,2,0,,,strict_backbone
抗日武装成立,0,3,1,1,,,strict_backbone
民主办校与校董会决策,0,6,0,1,,,context_only
乌蒙山区战斗,0,3,0,0,,,context_only
皖浙赣边游击区反清剿斗争,0,5,2,0,,,strict_backbone
少共国际先锋师,1,3,1,0,,,strict_backbone
湘赣革命竞赛运动,0,3,1,0,,,strict_backbone
青年干社,2,5,2,0,,,strict_backbone
楚双峨易游击大队,0,3,1,0,,,strict_backbone
保密委员会成立,0,2,0,0,,,context_only
弋横起义,6,51,25,2,,,strict_backbone
赴省请愿,0,3,0,0,,,context_only
津浦路西收复失地,0,2,2,0,,,strict_backbone
毕节党支部成立,0,2,0,0,,,context_only
黄金口战斗指挥冲锋,0,2,2,0,,,strict_backbone
梵净山护国寺战斗,0,2,2,0,,,strict_backbone
敌军围剿,0,2,0,0,,,context_only
武汉暴动,2,20,11,0,,,strict_backbone
二一九事件,1,10,2,0,,,strict_backbone
解放四川战斗,0,2,0,0,,,context_only
宿县学生联合会,0,3,0,0,,,context_only
罢教罢课斗争,0,3,0,0,,,context_only
臭狗阵战术,0,3,0,0,,,context_only
卓海战斗,0,5,3,1,,,strict_backbone
维持地方秩序,0,3,1,0,,,strict_backbone
阅读题记,0,2,0,0,,,context_only
会昌第二次战役,0,3,0,0,,,context_only
暴动困难,0,3,2,0,,,strict_backbone
土地工作会议,0,1,0,0,,,context_only
火焰山抗日自卫队,0,3,0,0,,,context_only
迓驾战斗,0,2,0,1,,,context_only
地方党史资料整理,0,3,0,0,,,context_only
华光团契,0,2,0,0,,,context_only
夜间偷袭作战,0,1,1,0,,,strict_backbone
九江地区暴动,0,1,0,0,,,context_only
水警队,0,1,0,0,,,context_only
伪县长起义,0,1,0,0,,,context_only
南进补给基地,0,3,0,0,,,context_only
监狱斗争经历,0,6,1,0,,,strict_backbone
民盟四中全会扩大会议,0,1,0,0,,,context_only
双江渡口战斗,0,3,3,0,,,strict_backbone
湖南各地农民运动,0,2,2,0,,,strict_backbone
昆明商业从业人员联谊会,0,2,2,0,,,strict_backbone
甘孜会师,1,11,2,0,,,strict_backbone
成立弥泸地委,0,4,0,0,,,context_only
五一节游行示威,0,2,2,0,,,strict_backbone
平江农民阵亡大会,0,3,0,0,,,context_only
江北特支成立,1,4,2,0,,,strict_backbone
特务潜伏与收缴武器,0,4,1,1,,,strict_backbone
郝业家遭遇战,0,3,0,0,,,context_only
横陂战斗,1,3,3,0,,,strict_backbone
韶山如意乡厚罗南岳庙就义事件,0,2,2,0,,,strict_backbone
安徽妇运,0,9,3,1,,,strict_backbone
深入群众宣传发动,0,3,0,0,,,context_only
党员资料编纂,1,3,1,0,,,strict_backbone
新疆航空训练班,0,1,1,0,,,strict_backbone
孝丰县战斗,0,6,3,0,,,strict_backbone
北上,2,5,2,0,,,strict_backbone
红四军进军赣南闽西,0,2,2,0,,,strict_backbone
抗日反蒋政策调整,0,2,0,0,,,context_only
建党成果,0,3,3,0,,,strict_backbone
张良诚烈士牺牲,1,3,1,0,,,strict_backbone
商专学生运动,0,1,0,0,,,context_only
沙洋战斗,0,5,5,0,,,strict_backbone
桂滇边部队合编行动,0,5,2,0,,,strict_backbone
青救会,4,13,9,1,,,strict_backbone
三校学生联合会,0,5,1,0,,,strict_backbone
鲁班场战斗/三渡赤水,0,0,0,0,,,isolated
整理贸易经济史料,0,3,2,0,,,strict_backbone
双堆集战役,3,25,14,0,1948-12-01,1948-12-31,strict_backbone
中国青年科学技术人员促进会,0,2,0,0,,,context_only
柳担湾战斗,1,8,1,0,,,strict_backbone
谷城暴动,2,11,7,0,,,strict_backbone
侦察连主攻雪洞,2,3,3,0,,,strict_backbone
农工暴动,0,1,1,0,,,strict_backbone
党的系统架构统计,0,3,0,0,,,context_only
土匪自新训练班,0,4,0,0,,,context_only
拦劫军车,0,3,1,0,,,strict_backbone
抗战时期战斗,1,2,2,0,,,strict_backbone
朋程建军,0,2,1,0,,,strict_backbone
珠田保安团,0,2,0,0,,,context_only
合围长惠县命令,0,3,1,0,,,strict_backbone
四联会/五联会,0,1,0,0,,,context_only
桃源全县工人代表大会,0,1,0,0,,,context_only
妇女生产运动,0,3,0,0,,,context_only
宾川围城战,0,2,2,0,,,strict_backbone
建立农民自卫队,0,2,2,0,,,strict_backbone
川陕苏维埃,0,3,0,0,,,context_only
皖南皖赣地区战斗,0,3,0,0,,,context_only
十八兵团入川,0,8,4,0,,,strict_backbone
战斗活动,0,1,0,0,,,context_only
向湘鄂西会合,0,3,2,0,,,strict_backbone
津浦路局技工罢工,0,3,0,0,,,context_only
攻克天险剑门关,1,2,2,0,,,strict_backbone
发展川鄂边苏维埃运动,0,6,3,0,,,strict_backbone
太湖剿匪/镇压匪特/夏征秋征,0,2,0,0,,,context_only
游击战/突围,0,2,0,0,,,context_only
分界之战,0,3,1,0,,,strict_backbone
青峰战役,0,1,0,0,,,context_only
黔东特区第一次工农兵苏维埃代表大会,6,38,10,1,,,strict_backbone
党领导的学生运动,0,1,1,0,,,strict_backbone
乌溪场战斗,0,2,2,0,,,strict_backbone
《黔首周刊》,0,2,2,0,,,strict_backbone
黄桥进剿行动,0,6,2,0,,,strict_backbone
土地革命斗争,1,14,7,0,,,strict_backbone
汉口租界人力车夫罢工,0,4,4,0,,,strict_backbone
解放南京军事行动,0,6,2,0,,,strict_backbone
三十二团行动,0,1,1,0,,,strict_backbone
打法宣运动,0,4,4,0,,,strict_backbone
瓦窑战斗,0,4,1,1,,,strict_backbone
西撤斗争,0,4,4,1,1948-01-01,1948-12-31,strict_backbone
夏令物品慈善义卖,1,4,4,0,,,strict_backbone
党的各级机关负责人统计,0,1,0,0,,,context_only
逃港事件,0,2,2,0,,,strict_backbone
中华苏维埃共和国第二次全国代表大会,0,12,0,0,,,context_only
东韶一战,0,1,1,0,,,strict_backbone
反动民团,0,2,0,0,,,context_only
工会整顿/召开会员大会,0,2,0,0,,,context_only
日本投降广播传播,0,3,0,0,,,context_only
解放九溪镇,0,3,1,0,,,strict_backbone
王家沱日租界收回运动,3,8,8,0,,,strict_backbone
皖南抗日武装斗争,0,2,0,0,,,context_only
茅坪突围战斗,0,4,4,0,,,strict_backbone
解放羊场坝行动,0,6,1,1,,,strict_backbone
反顽斗争与土改复查,0,3,0,0,,,context_only
五港区‘八一’暴动,1,2,2,0,,,strict_backbone
武装抗暴/左联活动,0,1,0,0,,,context_only
击退敌机,0,3,1,0,,,strict_backbone
麻城战斗,0,8,3,0,,,strict_backbone
双枪老太婆,0,6,0,0,,,context_only
苏区斗争/长征/平型关大战,0,0,0,0,,,isolated
强渡大渡河战斗,0,6,4,0,,,strict_backbone
丰都党组织转移行动,0,6,4,0,,,strict_backbone
湘鄂西省第四次党代表大会,0,1,0,0,,,context_only
贺叶军,0,2,2,0,,,strict_backbone
南通解放,0,6,1,0,,,strict_backbone
开辟大后方农村工作,1,4,1,0,,,strict_backbone
长征干部,0,2,0,0,,,context_only
早期革命活动与党史大事记,0,3,0,0,,,context_only
上饶同乐会事件,0,23,0,0,,,context_only
‘刀儿教’组织,1,1,1,0,,,strict_backbone
经济公开与民主管理,0,3,0,0,,,context_only
人民教育事业,0,3,0,0,,,context_only
鄂南策反工作,0,6,2,1,,,strict_backbone
盘查探子,0,2,1,0,,,strict_backbone
阳明山反围剿战斗,0,3,3,0,,,strict_backbone
赣南苏维埃运动,0,2,2,0,,,strict_backbone
经济重心与土地集中,0,3,0,0,,,context_only
宿南战役(强袭界沟),0,5,5,0,,,strict_backbone
保卫苏区反对五次围剿斗争总结,0,3,0,0,,,context_only
涪陵护乡运动,0,1,1,0,,,strict_backbone
云南省工委领导下的武装斗争,0,6,4,0,,,strict_backbone
重庆‘四·二一’学生示威大游行,0,5,2,0,,,strict_backbone
九江党政机关,0,1,1,0,,,strict_backbone
日军进攻,0,9,1,0,,,strict_backbone
三三制政策,0,10,1,0,,,strict_backbone
遵义之战,0,3,0,0,,,context_only
自卫队起义,0,1,1,0,,,strict_backbone
1940年代解放战争时期,0,3,0,0,,,context_only
早龙船会,0,3,1,1,,,strict_backbone
皖西反清剿之战,0,8,2,1,,,strict_backbone
第二次全国代表大会,0,2,2,0,,,strict_backbone
万年码头暴动,2,10,5,0,1929-07-01,1929-07-31,strict_backbone
打倒豪绅地主,0,3,0,0,,,context_only
教导队组织军事训练,0,2,2,0,,,strict_backbone
湖南人民解放第八突击大队,0,2,0,0,,,context_only
九里山军火库爆炸事件,0,1,0,0,,,context_only
火把节,1,3,1,0,,,strict_backbone
郭村撤退之战,1,5,2,1,,,strict_backbone
"护厂护校, 迎接解放",0,5,1,0,,,strict_backbone
遵义会议路线,0,2,0,0,,,context_only
四川平江云阳作战,0,1,0,0,,,context_only
安化地方兵团第四大队,0,5,2,1,,,strict_backbone
雷公山土匪概述,0,2,2,0,,,strict_backbone
矿工动员,0,3,2,0,,,strict_backbone
护国运动,1,25,22,0,,,strict_backbone
皖南地区抗日活动,0,2,2,0,,,strict_backbone
上海罢市抵制日货运动,0,3,0,0,,,context_only
彝族上层团结工作,0,3,0,0,,,context_only
解放时期,0,6,0,0,,,context_only
社会科学座谈会,0,2,2,0,,,strict_backbone
内奸事件,1,2,1,0,,,strict_backbone
重庆物价暴涨事件,0,6,1,0,,,strict_backbone
坑西武装暴动,0,2,2,0,,,strict_backbone
广丰解放,0,4,4,0,,,strict_backbone
海启情报局,0,5,0,1,,,context_only
童仲迅被捕事件,0,6,1,1,,,strict_backbone
设立电台,0,2,0,0,,,context_only
镇雄伏击战,0,2,2,0,,,strict_backbone
攻克掘港,0,3,0,0,,,context_only
进贤县保警总队,1,3,1,0,,,strict_backbone
黔东特区苏维埃代表大会,0,3,0,0,,,context_only
驻防军与保卫团,0,3,3,0,,,strict_backbone
五十三厂自卫大队,0,1,1,0,,,strict_backbone
新沟、嘴战役,0,1,1,0,,,strict_backbone
合围封锁线部署,0,2,0,0,,,context_only
《红星》报长征专号,0,1,0,0,,,context_only
粤桂边会战,1,2,2,0,,,strict_backbone
大定县供销合作社建立,0,2,2,0,,,strict_backbone
缴交械弹事件,0,6,2,1,,,strict_backbone
军政民座谈会,0,6,0,0,,,context_only
远安解放战役,0,2,2,0,,,strict_backbone
七·一五斗争,0,25,8,1,,,strict_backbone
郎岱武装暴动,0,8,5,0,,,strict_backbone
农民暴动与抗租抗税斗争,0,5,0,0,,,context_only
剑川、祥云武装斗争,0,1,1,0,,,strict_backbone
宣威宝山春节起义,1,2,2,0,,,strict_backbone
红五军安福战斗,0,3,0,0,,,context_only
西条河道修筑工程,0,3,0,0,,,context_only
滇西地区组织建设活动,0,1,0,0,,,context_only
大石砍战斗,0,2,2,0,,,strict_backbone
开辟西据地,0,3,0,1,,,context_only
市场与税收管理,1,1,1,0,,,strict_backbone
拒签运动,0,3,0,0,,,context_only
农民暴动,6,74,29,3,1927-12-01,1927-12-31,strict_backbone
发沙河围剿,0,2,2,0,,,strict_backbone
胜利会师大会,0,2,0,0,,,context_only
四一五反革命政变,0,3,1,0,,,strict_backbone
沙磁区建党斗争,0,4,4,0,,,strict_backbone
刻写校对印刷,0,4,2,0,,,strict_backbone
反帝反封建群众运动,0,3,0,0,,,context_only
雨夜行军,0,1,1,0,,,strict_backbone
党务训练班,0,3,0,0,,,context_only
鄂北特委叛变事件,1,3,1,0,,,strict_backbone
重庆学生反内战运动,0,1,0,0,,,context_only
南京市民肃清反革命派大会,0,3,3,0,,,strict_backbone
暂驻坝战斗总结,0,1,0,0,,,context_only
桃岭伏击战,0,5,3,1,,,strict_backbone
三弦社,0,3,3,0,,,strict_backbone
游击小组活动,0,6,1,0,,,strict_backbone
武汉铁路工人斗争,0,2,2,0,,,strict_backbone
糯衣及大、小圭山战斗,0,0,0,0,,,isolated
一二·五大逮捕,0,2,2,0,,,strict_backbone
谷洞工作,0,5,3,0,,,strict_backbone
争取上层人物与剿匪,0,1,1,0,,,strict_backbone
春节解放斗争,0,3,0,0,,,context_only
田坝战役,1,5,3,0,,,strict_backbone
新场战斗,0,6,4,1,,,strict_backbone
清剿徐宗完匪部战斗,0,5,3,1,,,strict_backbone
长春堡战斗,0,24,9,1,,,strict_backbone
三反三抗运动,0,2,0,0,,,context_only
武装暴动行动,0,6,2,0,,,strict_backbone
九仓坝战斗,0,8,5,0,,,strict_backbone
诱敌/隐蔽转移,0,1,1,0,,,strict_backbone
干部训练班,0,27,0,0,,,context_only
梁山革命根据地创建,0,1,1,0,,,strict_backbone
长青堡战斗,2,3,2,0,,,strict_backbone
上海机器工会成立,0,10,3,0,,,strict_backbone
建立农民协会与春荒抗粮斗争,0,2,2,0,,,strict_backbone
乡人民代表大会,0,1,0,0,,,context_only
邯长公路战役,0,1,1,0,,,strict_backbone
反霸初战,1,3,1,0,,,strict_backbone
长岭关-麻城边境战斗,1,3,2,0,,,strict_backbone
地下电务室,0,3,1,0,,,strict_backbone
关心军属与发展生产,0,3,1,0,,,strict_backbone
游击战争领导,0,2,1,0,,,strict_backbone
淮安县抗日民主政权建立,0,2,0,0,,,context_only
186师开赴黔东南剿匪,1,5,1,0,,,strict_backbone
减租政策,0,12,4,3,,,strict_backbone
常宁起义,0,7,5,0,,,strict_backbone
红四军整训,0,3,1,2,,,strict_backbone
宣传工作会议与组织,0,6,0,0,,,context_only
夺取三峰山及行军部署,0,3,1,0,,,strict_backbone
湘潭学生运动,0,2,0,0,,,context_only
登陆作战与解放定海,0,3,3,0,,,strict_backbone
安中里战斗,0,11,9,0,,,strict_backbone
袭击徐州飞机场,0,3,0,0,,,context_only
安县事变,0,3,1,1,,,strict_backbone
召夸战斗,0,6,2,0,,,strict_backbone
夏令营活动,0,3,0,0,,,context_only
小洞苏区阻击战,0,3,3,0,,,strict_backbone
加薪罢教运动,0,5,0,0,,,context_only
补习班,0,7,1,1,,,strict_backbone
‘一二一’学生运动,1,24,10,1,,,strict_backbone
突击八大队,0,8,3,0,,,strict_backbone
潭口暴动,0,2,2,0,,,strict_backbone
唐倒暴动,0,1,0,0,,,context_only
《大土地报》社,0,4,1,0,,,strict_backbone
苏中反击战与战略反攻,0,2,0,0,,,context_only
赫章县各界人民代表会议,0,6,2,0,,,strict_backbone
基干团,0,5,0,0,,,context_only
灵甸港大捷,0,3,0,0,,,context_only
八六反革命事件,0,5,2,1,,,strict_backbone
成都马克思主义读书会,0,3,1,0,,,strict_backbone
张涤痴抗捐斗团阀,0,3,0,0,,,context_only
皖南各县动员工作,0,2,2,0,,,strict_backbone
移动演剧第一队,0,10,1,1,,,strict_backbone
抗大第八分校教学工作,0,3,3,0,,,strict_backbone
九一八事变后抗日救亡运动,0,1,0,0,,,context_only
乌江天险突破,0,9,3,0,,,strict_backbone
双十节集会,0,3,1,0,,,strict_backbone
中国国民党新田县党部筹备处,0,6,0,0,,,context_only
纳水河农民暴动,1,1,1,0,,,strict_backbone
炮击临涣集,0,7,5,0,,,strict_backbone
人民政权建立,0,3,1,0,,,strict_backbone
滇北地委会议,0,3,0,0,,,context_only
九届二中全会,0,2,0,0,,,context_only
怀化县保安团,0,3,0,0,,,context_only
春耕生产,1,6,3,0,,,strict_backbone
贺胜桥攻城战役,0,2,2,0,,,strict_backbone
资本进攻,0,3,1,0,,,strict_backbone
土改方针,1,7,1,0,,,strict_backbone
天柱县起义改编事件,0,4,4,0,,,strict_backbone
云贵川农村据点建设,0,4,1,0,,,strict_backbone
夏家岭战役,0,3,2,0,,,strict_backbone
迁校运动,0,3,0,0,,,context_only
禁毒运动宣传教育,0,2,1,0,,,strict_backbone
小井阻击战,0,2,2,0,,,strict_backbone
驱程团,0,2,2,0,,,strict_backbone
攻城行动,0,2,0,0,,,context_only
五卅惨案反帝斗争,0,5,2,0,,,strict_backbone
游击教学,0,6,0,0,,,context_only
农民夜读班,0,1,1,0,,,strict_backbone
砀山保卫战,0,3,1,1,,,strict_backbone
江西改造社,0,10,1,0,,,strict_backbone
北乡起义,1,1,1,0,,,strict_backbone
昆明义勇自卫总队成立,0,6,0,1,,,context_only
罗盆地委整风会议,0,4,2,1,1940-01-01,1940-12-31,strict_backbone
籍田武装暴动,2,6,6,0,,,strict_backbone
工委会议,0,1,1,0,,,strict_backbone
慰问志愿军,0,3,1,0,,,strict_backbone
职工运动,0,25,8,1,,,strict_backbone
江西瑞金红林山区战斗,0,3,3,0,,,strict_backbone
川西北总分处筹建,0,3,0,0,,,context_only
接管贵州,1,3,1,0,,,strict_backbone
第一次反‘围剿’战争,0,5,2,0,,,strict_backbone
聚英庄,0,3,2,0,,,strict_backbone
中国共产党乐安县第二次党员代表大会,0,1,1,0,,,strict_backbone
王家场战斗,0,3,1,1,,,strict_backbone
农军、少队,0,1,0,0,,,context_only
湖北省人民和平运动促进会,1,12,7,1,1949-01-01,1949-12-31,strict_backbone
政治总队,0,3,1,1,,,strict_backbone
女党员发展,0,3,0,0,,,context_only
追歼逃敌与土匪自新,0,4,2,0,,,strict_backbone
船夫组织工作,0,7,1,0,,,strict_backbone
清镇剿匪,0,3,0,0,,,context_only
宣传渡江战役/秘密抄写党章,0,1,1,0,,,strict_backbone
江西各地的武装暴动,0,2,0,0,,,context_only
南京妇女号战斗机捐款运动,0,2,0,0,,,context_only
锄奸政策,0,3,1,0,,,strict_backbone
苏中行政公署财经处,0,4,0,0,,,context_only
川陕苏区建立,0,6,0,0,,,context_only
荆门战斗,0,2,0,0,,,context_only
熬盐支前,0,5,0,0,,,context_only
八一南昌起义,28,133,81,1,1927-08-01,1927-08-31,strict_backbone
六甲阻击战,0,6,5,0,,,strict_backbone
联合党支部成立,0,2,2,0,,,strict_backbone
益阳和平解放,1,15,4,0,,,strict_backbone
抗日第三大队,0,3,0,1,,,context_only
《改造我们的学习》,0,2,0,0,,,context_only
临澧保宁桥阻击战,0,1,0,0,,,context_only
灵北武装创建,0,1,1,0,,,strict_backbone
军事科,0,6,2,0,,,strict_backbone
苏北人民代表会议,0,1,0,0,,,context_only
六军团/二军团行动,0,1,0,0,,,context_only
战前会议,0,1,0,0,,,context_only
红三军入沿,0,3,0,1,,,context_only
会泽县斗争,0,2,0,0,,,context_only
湘阴全县农民大请愿,0,5,3,0,,,strict_backbone
建立鲁艺华中分院,0,2,0,0,,,context_only
立三路线影响下的农民武装暴动,1,3,3,0,,,strict_backbone
合川金子乡武装暴动,1,3,3,0,,,strict_backbone
六分区党政军机关,0,4,0,0,,,context_only
奉大巫支队武装暴动,0,9,3,0,,,strict_backbone
强渡乌江战斗,0,6,0,0,,,context_only
赤区保卫战,0,1,0,0,,,context_only
收容散兵游勇与肃清顽匪,0,1,0,0,,,context_only
上海日资纱厂工人罢工,0,8,8,0,,,strict_backbone
觉悟社,1,3,3,0,,,strict_backbone
整顿互助组,0,3,0,0,,,context_only
木城寨反击战,0,3,1,0,,,strict_backbone
黔东北剿匪战役,0,1,0,0,,,context_only
天堂坝战斗,0,11,3,0,,,strict_backbone
抗日义勇队,0,9,6,0,,,strict_backbone
城关起义,0,2,2,0,,,strict_backbone
五四纪念周,0,2,2,0,,,strict_backbone
补充中原野战军,1,3,1,0,,,strict_backbone
武汉和平运动,0,4,4,1,1948-01-01,1948-12-31,strict_backbone
动员参军代耕代种,0,4,2,0,,,strict_backbone
党员成份统计,0,3,0,0,,,context_only
《土地改革法》,0,4,0,0,,,context_only
破路拆桥运动,0,4,2,0,,,strict_backbone
确奸行动,0,2,2,0,,,strict_backbone
游击活动/突围,0,2,2,0,,,strict_backbone
南昌暴动,6,73,28,1,,,strict_backbone
铜山保安大队,0,2,2,0,,,strict_backbone
黔大毕退出,0,2,2,0,,,strict_backbone
黔东第一次工农兵代表会议,0,2,0,0,,,context_only
金沙县城战役,0,3,0,0,,,context_only
红四方面军赤化全川斗争,0,2,2,0,,,strict_backbone
斗争失败,0,1,0,0,,,context_only
武工队进攻江口县城,0,4,0,0,,,context_only
建立七区行政与武装机构,0,1,0,0,,,context_only
古宋起义,0,5,4,0,1934-01-01,1934-12-31,strict_backbone
清剿江南散匪长江巡逻,0,5,1,0,,,strict_backbone
'抗文会',0,4,2,0,,,strict_backbone
黔西城会议,0,3,0,0,,,context_only
筹备军粮支援战争,0,4,1,1,,,strict_backbone
红三军围攻打寻乌县城,0,3,0,0,,,context_only
陆年暴动,0,1,1,0,,,strict_backbone
土地改革总结庆祝,0,2,2,1,,,strict_backbone
湖州解放,0,6,6,0,,,strict_backbone
浒湾战役,0,1,1,0,,,strict_backbone
反吴佩孚斗争,0,4,4,0,,,strict_backbone
成都学生活动,0,3,0,0,,,context_only
攻打三星乡公所战斗,0,3,3,0,,,strict_backbone
东乡教民武装,0,4,0,0,,,context_only
围攻大坝场冉家祠堂,0,3,3,0,,,strict_backbone
发放华中币/排除蒋币,0,3,1,0,,,strict_backbone
担架队遭敌机轰炸坚持行军,0,3,3,0,,,strict_backbone
反抗压迫斗争,1,3,3,0,,,strict_backbone
江西宁冈红军战斗,0,2,0,0,,,context_only
新新文艺社,0,4,1,0,,,strict_backbone
分化瓦解土匪,0,7,1,0,,,strict_backbone
重庆学生罢课斗争,0,2,1,0,,,strict_backbone
农业合作社,0,3,1,0,,,strict_backbone
毕节会议,0,3,0,0,,,context_only
第三次攻打县城,0,3,1,0,,,strict_backbone
湘潭农协运动,1,2,2,0,,,strict_backbone
征粮剿匪斗争,0,11,4,1,1950-01-01,1950-12-31,strict_backbone
农运,1,17,10,0,,,strict_backbone
宣布起义,1,6,1,0,,,strict_backbone
《解放新闻》,1,16,6,0,1949-01-01,1949-12-31,strict_backbone
炮楼围攻,0,1,1,0,,,strict_backbone
二·二八运动,1,3,3,0,,,strict_backbone
报社打埋伏,0,3,1,0,,,strict_backbone
医务工作,0,3,0,0,,,context_only
沭阳县政府成立,0,5,0,0,,,context_only
沅江县农协筹备会,1,3,3,0,,,strict_backbone
六天三捷,0,2,2,0,,,strict_backbone
九月三日起义,1,5,5,0,,,strict_backbone
广昌战役,0,14,8,1,1934-01-01,1934-12-31,strict_backbone
土复工作调查,0,2,2,0,,,strict_backbone
清江工运,1,3,2,0,,,strict_backbone
宜章年关暴动工农革命军行军线路图,0,1,0,0,,,context_only
三河尖事件,0,5,3,0,,,strict_backbone
昆明和平解放时期的学生运动,1,2,2,0,,,strict_backbone
攻克阚家庵,0,3,0,0,,,context_only
剿匪清匪行动,0,9,1,1,,,strict_backbone
组织武工队与游击战争,0,1,1,0,,,strict_backbone
铜梁土桥农民暴动,1,1,1,0,,,strict_backbone
歼灭杨云亮残部缴获武器,0,5,3,0,,,strict_backbone
五一节游街大会,0,3,1,0,,,strict_backbone
张晨曦同志牺牲事件,0,1,0,0,,,context_only
《你这个坏东西》,0,2,0,0,,,context_only
反白色恐怖斗争,2,5,3,1,,,strict_backbone
马汶暴动,0,2,0,0,,,context_only
战争责任问题讨论,0,1,1,0,,,strict_backbone
处置叛徒,0,4,0,0,,,context_only
文艺组织建立,0,3,0,0,,,context_only
烟苗捐斗争,3,4,4,0,,,strict_backbone
反顽战役,1,20,10,1,,,strict_backbone
上海反对印刷附律运动,0,4,4,0,,,strict_backbone
赤水之战,0,6,0,0,,,context_only
粤汉铁路总工会成立,0,5,2,0,,,strict_backbone
隐蔽培养干部,0,2,0,0,,,context_only
南昌市各界人民反英反奉运动市民大会,1,2,2,0,,,strict_backbone
整社巩固,0,3,1,0,,,strict_backbone
昭鲁边游击队建立事件,0,3,2,0,,,strict_backbone
攻打元永井盐矿,0,8,5,0,,,strict_backbone
“3.19”暴乱烈士名单总结,0,4,1,1,,,strict_backbone
组织秘密读书会,1,1,1,0,,,strict_backbone
迎接解放与政策宣传,2,2,2,0,,,strict_backbone
潜入旅馆行刺汉奸,0,2,0,0,,,context_only
剿匪部署,0,2,0,0,,,context_only
革命战争年代,0,6,0,0,,,context_only
华蓥山斗争事迹,0,1,0,0,,,context_only
秋畈大捷,0,6,4,1,,,strict_backbone
攻打盘县县城,0,2,2,0,,,strict_backbone
新编二师武装暴动,0,2,2,0,,,strict_backbone
清水寨起义,1,9,6,0,,,strict_backbone
兰交会斩香盟誓,0,3,1,0,,,strict_backbone
南通市接管工作,0,5,3,0,,,strict_backbone
地方武装建设/扩红,0,2,0,0,,,context_only
敌后游击战,0,4,1,1,,,strict_backbone
老机场战斗,0,5,3,0,,,strict_backbone
重建皖南特委与柯村暴动,0,2,2,0,,,strict_backbone
争取原敌伪人员政策,0,2,2,0,,,strict_backbone
反破坏护校运动,0,3,0,0,,,context_only
二万五津里长征,0,2,0,0,,,context_only
军阀战争,0,7,2,0,,,strict_backbone
金家寨战斗,0,3,2,0,,,strict_backbone
皖北地方武装,0,3,3,0,,,strict_backbone
湖北第一次省县市联席会议,0,3,3,0,,,strict_backbone
北固乡反清乡伏击战,0,2,2,0,,,strict_backbone
滇西北专员公署第一分署,0,3,0,0,,,context_only
古邳日军战斗,1,3,1,1,,,strict_backbone
六安特支,3,4,4,0,,,strict_backbone
中共上海第四次全国代表大会,0,3,3,0,,,strict_backbone
襄阳学生运动,0,3,0,0,,,context_only
忠县解放,0,8,4,1,1949-01-01,1949-12-31,strict_backbone
伪乡公所打击行动,0,4,4,0,1946-01-01,1946-12-31,strict_backbone
铜鼓战斗,0,3,0,0,,,context_only
1949年解放初期,0,3,0,0,,,context_only
转移妙道山与借粮充饥,0,1,0,0,,,context_only
战时工作团,0,3,2,0,,,strict_backbone
湘鄂赣省第三次工农兵代表大会,1,8,3,3,,,strict_backbone
苏维埃选举活动,0,6,1,0,,,strict_backbone
冷水坑之战,0,2,2,0,,,strict_backbone
抗日武装力量,0,1,0,0,,,context_only
宣威西北区革命武装斗争,0,9,3,1,,,strict_backbone
新四军军部成立,0,9,2,0,,,strict_backbone
讨李战役,0,14,9,1,1941-02-01,1941-02-28,strict_backbone
湖南秋收暴动计划,0,1,0,0,,,context_only
毛儿盖会议,0,15,8,0,,,strict_backbone
川军三道防线部署,0,2,0,0,,,context_only
宝山春节起义,1,6,6,0,,,strict_backbone
洛潮剧社,0,3,0,0,,,context_only
工农班培训,0,3,2,0,,,strict_backbone
大冶工运,2,5,3,1,,,strict_backbone
联合办公,1,5,2,1,,,strict_backbone
绣花铺事件,0,5,3,1,1940-01-01,1940-12-31,strict_backbone
反迁移、反破坏斗争,0,0,0,0,,,isolated
《团结就是力量》,0,4,0,0,,,context_only
丹北地区斗争,0,1,0,0,,,context_only
打圩子,0,3,1,0,,,strict_backbone
兵运工作,2,21,5,0,,,strict_backbone
主力行动,0,1,0,0,,,context_only
鹅钱乡土改试点,0,1,1,0,,,strict_backbone
岳西沙岭头战斗,0,1,0,0,,,context_only
汉字改革主张,0,3,0,0,,,context_only
经协,0,6,0,0,,,context_only
上沛埠战斗,0,2,0,0,,,context_only
七、一九事件,0,1,0,0,,,context_only
宣传抗日救亡,1,6,5,0,,,strict_backbone
保护蔡江铁路行动,0,9,0,0,,,context_only
收税行动,0,3,0,0,,,context_only
羊场战斗,0,5,5,0,,,strict_backbone
1929年捣毁团务局,0,2,2,0,,,strict_backbone
1948年重庆学生运动,0,2,2,0,,,strict_backbone
朝阳洞口袭击,0,3,0,0,,,context_only
攻克达成寺,0,2,0,0,,,context_only
大军回湖南,0,3,3,0,,,strict_backbone
统战工作与剿匪政策,0,4,1,1,,,strict_backbone
南丰城战斗,0,6,6,0,,,strict_backbone
教师罢教运动,0,1,0,0,,,context_only
手工业户发展,0,1,0,0,,,context_only
贺功大会,0,2,0,0,,,context_only
鸡公咀会议,1,4,2,0,,,strict_backbone
机关生产运动,0,1,0,0,,,context_only
任盛谦起义,0,1,0,0,,,context_only
井冈山革命斗争,2,10,5,0,,,strict_backbone
中华苏维埃人民共和国,0,5,0,0,,,context_only
暴动自卫队,0,2,0,0,,,context_only
德兴苏区向婺源发展,0,3,0,0,,,context_only
谈判活动,0,1,0,0,,,context_only
解放嵊泗列岛,1,3,3,0,,,strict_backbone
关王庙伏击战,0,3,2,0,,,strict_backbone
柏露会议,2,9,3,0,,,strict_backbone
扼守如城,0,1,0,0,,,context_only
边远农村工作团,1,3,1,0,,,strict_backbone
女学运动,0,1,0,0,,,context_only
党的组织建设,0,3,0,0,,,context_only
华容城、石首北区收复行动,0,1,0,0,,,context_only
南进指示,1,3,2,0,,,strict_backbone
荣昌和平解放,1,5,5,0,,,strict_backbone
恢复宿怀县斗争,0,6,6,0,1947-01-01,1947-12-31,strict_backbone
夺取长沙,1,3,2,0,,,strict_backbone
金坛保安队搜剿,0,3,1,0,,,strict_backbone
五区叛匪,1,2,2,0,,,strict_backbone
山王会,1,5,3,0,,,strict_backbone
昆明学运,0,9,2,0,,,strict_backbone
四·二一分区游行,0,2,2,0,,,strict_backbone
左翼文化与思想理论战线斗争,0,2,2,1,1949-01-01,1949-12-31,strict_backbone
永城起义,1,1,1,0,,,strict_backbone
四·一二反革命事变,0,3,0,0,,,context_only
青服团改编,0,2,2,0,,,strict_backbone
新桥保卫战,0,3,2,0,,,strict_backbone
第九十九旅,0,6,2,0,,,strict_backbone
攻占南坪战斗,0,5,3,0,,,strict_backbone
民主人士,0,7,0,0,,,context_only
四·一二叛变革命,0,2,2,0,,,strict_backbone
开设饭店与兴办合作社,0,2,0,0,,,context_only
土匪围攻与剿匪战斗,0,1,0,0,,,context_only
学生反美示威,0,3,0,0,,,context_only
宣布建军/打击反动势力,0,3,3,0,,,strict_backbone
乌江守敌罗广文兵团,0,3,0,0,,,context_only
清江区分队战斗事件,0,1,1,0,,,strict_backbone
红十军第二次入闽,0,7,0,0,,,context_only
农业税调整,0,3,0,1,,,context_only
电台转移行动,0,5,3,0,,,strict_backbone
古垦烽火社,0,3,1,1,,,strict_backbone
法衣哨阻击战,0,3,1,0,,,strict_backbone
贫农,0,1,0,0,,,context_only
云台山战斗,0,5,1,1,,,strict_backbone
收回王家沱日租界斗争,0,6,0,0,,,context_only
水上区支前工作,0,1,0,0,,,context_only
组织抗捐抗税斗争,0,2,0,0,,,context_only
击匪战斗,0,1,0,0,,,context_only
沱河战斗,0,6,2,2,,,strict_backbone
杀害唐启兴,0,2,0,0,,,context_only
编纂《黄平解放纪实》,0,3,2,1,,,strict_backbone
汉口租界人力车行罢工,0,2,2,0,,,strict_backbone
军事清剿/强索粮草,0,6,4,0,,,strict_backbone
鸿门宴威慑,0,3,1,0,,,strict_backbone
冷水滕家武装暴动,0,5,3,1,,,strict_backbone
夜校运动,0,2,2,0,,,strict_backbone
一打石鼓,0,3,0,1,,,context_only
吕昆仑处决事件,0,1,1,0,,,strict_backbone
荔波解放剿匪,0,1,0,0,,,context_only
醴陵,0,1,0,0,,,context_only
四一血案追悼大会,0,2,2,0,,,strict_backbone
沙市接管工作,0,22,3,1,,,strict_backbone
翻越巴山先遣团,1,2,2,0,,,strict_backbone
《挺进报》事件,2,67,23,1,,,strict_backbone
宜城解放,0,2,0,0,,,context_only
苏南解放区,0,3,0,0,,,context_only
皖东战役,0,3,0,0,,,context_only
民兵工作与联系问题,0,5,0,0,,,context_only
第三次工人武装起义,2,8,8,0,,,strict_backbone
里南源战斗,0,3,0,0,,,context_only
审判土豪劣绅特别法庭,0,3,0,0,,,context_only
苏皖边区政府第一次民政会议,0,3,0,0,,,context_only
建立人民武装,0,4,0,0,,,context_only
佃湖保卫战,0,6,0,0,,,context_only
汉川杀土劣与天门烧屋,0,3,2,0,,,strict_backbone
反帝总罢工,0,2,0,0,,,context_only
参与捕杀反动分子,1,2,2,0,,,strict_backbone
攻打敌据点与梳篦式清剿,0,4,3,0,,,strict_backbone
醴陵城战斗,0,5,5,0,,,strict_backbone
雷山解放行动,0,2,0,0,,,context_only
淮北农民暴动,0,5,1,0,,,strict_backbone
捕捉匪首,0,10,4,1,,,strict_backbone
打石山阻击战,0,4,4,0,,,strict_backbone
进攻嘎注,0,2,0,0,,,context_only
金井战役,0,9,9,0,,,strict_backbone
敌伪军斗争,0,3,2,1,,,strict_backbone
扩军路线问题,0,2,0,0,,,context_only
贵阳市总工会成立,0,3,0,0,,,context_only
四川潼南赤卫队成立,0,4,0,0,,,context_only
解放斗争史座谈会,0,3,0,0,,,context_only
没收官僚资本,0,4,1,0,,,strict_backbone
无锡锡流,0,3,0,0,,,context_only
联赈,0,2,2,0,,,strict_backbone
五卅运动后学生运动,0,2,2,0,,,strict_backbone
渣滓洞烈士群体,0,3,0,0,,,context_only
打土豪、分浮财运动,0,1,1,0,,,strict_backbone
修复交通,0,1,0,0,,,context_only
南三桥战斗,0,1,0,0,,,context_only
反击叛匪进攻县城,0,8,5,0,,,strict_backbone
郭兴福教学法,0,3,0,0,,,context_only
接管省卫系统,0,3,0,1,,,context_only
复函确认抢占道州时间,0,4,0,0,,,context_only
保卫武汉的方针,0,5,1,1,,,strict_backbone
安龙县预备兵团起义,0,2,0,0,,,context_only
斗篷战斗,0,3,0,0,,,context_only
红军攻占鼎山场战斗,0,6,0,0,,,context_only
仁怀地下党组织建立,0,3,0,0,,,context_only
反共组与清剿分会,0,3,1,0,,,strict_backbone
接电报决策,0,2,1,0,,,strict_backbone
天福山起义,0,1,1,0,,,strict_backbone
无锡农民秋收起义,0,2,2,0,,,strict_backbone
活捉伪乡长,0,2,2,0,,,strict_backbone
开展统战后勤,0,1,0,0,,,context_only
抗租暴斗争,2,4,4,0,,,strict_backbone
太平坝苏维埃政府成立,0,5,0,0,,,context_only
武汉地下工作,1,8,3,0,,,strict_backbone
将军山战斗,2,28,15,1,,,strict_backbone
反对三座大山斗争,0,2,2,0,,,strict_backbone
王丰庆反杀敌人突围,0,3,0,0,,,context_only
保释出狱/病逝/追认烈士/子女牺牲,0,0,0,0,,,isolated
发展游击队活动,1,1,1,0,,,strict_backbone
解放新田,0,3,1,0,,,strict_backbone
新田解放,2,11,2,0,,,strict_backbone
善议图书室,0,3,0,0,,,context_only
江西西南服务团,0,6,4,0,,,strict_backbone
长征纪事,0,1,0,0,,,context_only
鄂豫边第一次工农兵代表大会,0,3,1,0,,,strict_backbone
赴渝前的声明,0,8,2,0,,,strict_backbone
筹备办学与以田契担保立案,0,5,0,0,,,context_only
积极分子核心,0,1,0,0,,,context_only
夺取副刊活动,0,3,0,0,,,context_only
渠江渡江行动,0,3,0,0,,,context_only
永涡县情报站,0,5,0,0,,,context_only
北伐军第十军王天培部攻占宜都,0,2,2,0,,,strict_backbone
彝族兵变,2,2,2,0,,,strict_backbone
补习团创办,0,3,3,0,,,strict_backbone
红三军政治部工作,0,1,0,0,,,context_only
缴税运动,0,3,0,0,,,context_only
第五次反围剿失败/战略转移,0,2,1,0,,,strict_backbone
建设锦屏,0,1,0,0,,,context_only
强渡汨罗江,2,2,2,0,,,strict_backbone
红一方面军整编,0,5,1,1,,,strict_backbone
挺进中原,2,3,3,0,,,strict_backbone
湘鄂赣粤四省暴动,0,2,2,0,,,strict_backbone
争取一省胜利,0,2,0,0,,,context_only
教师、学生、商人、妇女参加斗争,0,1,1,0,,,strict_backbone
攻打反共救国军/公审处决,0,2,2,0,,,strict_backbone
永丰藤田暴动,0,2,1,0,,,strict_backbone
团箐战斗,0,6,6,0,,,strict_backbone
击毁坦克俘虏敌军,0,2,0,0,,,context_only
军事训练与赤卫队组建,0,1,1,0,,,strict_backbone
天宁寺佃农抗租斗争,0,2,2,0,,,strict_backbone
成立平麓苏维埃,0,3,2,0,,,strict_backbone
倘甸坝革命运动,0,2,2,0,,,strict_backbone
淮南矿黄色工会斗争,0,2,2,0,,,strict_backbone
大风沙学余剧社,2,7,4,0,,,strict_backbone
武陵山区游击活动,0,2,2,0,,,strict_backbone
游击三大队,0,2,0,0,,,context_only
皖北党组织联络活动,0,2,0,0,,,context_only
打破“围剿”的攻防交替,0,3,1,0,,,strict_backbone
陆良东区游击队活动,4,8,8,0,,,strict_backbone
丘北县蚌鹃战斗,0,1,0,0,,,context_only
天生桥战役,0,2,2,0,,,strict_backbone
附中罢教斗争,3,14,8,0,1949-01-01,1949-12-31,strict_backbone
土地没收阶级划分,0,3,1,0,,,strict_backbone
镇雄暴动,1,2,2,0,,,strict_backbone
山口会议,4,11,6,1,,,strict_backbone
工农武装暴动,0,4,1,1,,,strict_backbone
学生学潮事件,0,1,0,0,,,context_only
海门解放,0,3,1,0,,,strict_backbone
衡山梦字九区农民协会成立,0,2,0,0,,,context_only
群众性救亡运动,0,3,0,0,,,context_only
工农群众运动,0,2,2,0,,,strict_backbone
广州的苏维埃暴动,0,6,2,0,,,strict_backbone
常州解放,2,12,6,0,,,strict_backbone
高要县阖邑联团,0,3,1,0,,,strict_backbone
太阳河战斗,0,5,3,0,,,strict_backbone
县第一次党员代表大会,0,2,0,0,,,context_only
国共和谈,0,7,1,0,,,strict_backbone
清积案,1,3,2,0,,,strict_backbone
南京工人阶级见面会,0,2,2,0,,,strict_backbone
湘南武装起义/上井冈山/长征,0,0,0,0,,,isolated
平汉路出击,0,3,0,0,,,context_only
反封锁,0,3,0,0,,,context_only
六·卅暴动,0,3,0,0,,,context_only
减租增资运动,0,4,1,0,,,strict_backbone
叶昌大队活动,0,2,0,0,,,context_only
遂溪会议,0,5,1,0,,,strict_backbone
工农专政/阶级解放,0,1,0,0,,,context_only
川粮储运处策反工作,0,3,0,0,,,context_only
包座战斗,2,25,17,0,,,strict_backbone
奉大亚起义,0,11,4,0,,,strict_backbone
宜章年关起义,2,24,8,0,1928-01-01,1928-12-31,strict_backbone
曹家岗战斗突围,0,1,0,0,,,context_only
六·二斗争,0,2,2,0,,,strict_backbone
苏维埃政权建立,1,36,12,1,,,strict_backbone
收复茨竹河战斗,0,2,2,0,,,strict_backbone
扩大赤色队伍,0,2,2,0,,,strict_backbone
蒙自小东山武装斗争,0,2,1,0,,,strict_backbone
红四方面军入川,2,14,10,0,,,strict_backbone
会剿缴获,0,7,1,1,,,strict_backbone
罢市、罢课运动,0,2,1,0,,,strict_backbone
槲烟林战斗,1,5,2,0,,,strict_backbone
南昌市民大会,3,8,8,0,,,strict_backbone
贞丰县城攻占事件,1,2,2,0,,,strict_backbone
玉屏县城解放,0,3,1,0,,,strict_backbone
‘二二八’请愿斗争,0,1,1,0,,,strict_backbone
反匪军窜扰军事斗争,0,2,2,0,,,strict_backbone
黔西中心县委成立,0,2,2,0,,,strict_backbone
九江收回租界斗争,0,6,1,0,,,strict_backbone
人民政权建设,0,3,0,0,,,context_only
反对撤简师运动,0,4,2,1,,,strict_backbone
组织弭诺分队,0,1,1,0,,,strict_backbone
徐州八县学生联合会,1,2,2,0,,,strict_backbone
红军撤离毕节城事件,0,2,0,0,,,context_only
美军第十四航空队,0,3,1,0,,,strict_backbone
湖南各县工农士兵群众暴动,1,2,2,0,,,strict_backbone
川北党的武装斗争,0,5,2,1,,,strict_backbone
培养学运骨干与垦殖斗争,0,1,1,0,,,strict_backbone
古城会议,0,3,0,0,,,context_only
抗敌军起义,0,2,2,0,,,strict_backbone
鄂东游击队支援广昌县苏区武装斗争,0,2,2,0,,,strict_backbone
《绿星》诗社,0,5,1,1,,,strict_backbone
水满缸,0,1,0,0,,,context_only
天芦名雅邛大战役,0,14,4,0,,,strict_backbone
江南指挥部整编事件,0,2,2,0,,,strict_backbone
益林战斗,1,22,11,0,,,strict_backbone
经济封锁政策,0,1,0,0,,,context_only
马街协定,0,3,0,0,,,context_only
大明厂斗争,0,1,1,0,,,strict_backbone
传唱歌谣,0,6,0,0,,,context_only
火烧大徐庄,0,5,3,1,,,strict_backbone
西南革大贵阳分校第三期第四班,0,2,2,0,,,strict_backbone
杨柳湾伏击战,0,3,3,0,,,strict_backbone
九师行动,1,12,5,1,,,strict_backbone
整风学习与第二期土改,0,1,1,0,,,strict_backbone
接龙桥战斗,0,5,0,0,,,context_only
掩护治疗红军伤员事件,0,3,0,1,,,context_only
许秀英支前与截击俘虏,0,1,1,0,,,strict_backbone
搭浮桥,0,3,0,0,,,context_only
马军堡战斗,0,1,0,0,,,context_only
三月事件,0,8,1,0,,,strict_backbone
罗明路线批判,0,8,2,0,,,strict_backbone
三女、师校长人选物色事件,0,1,1,0,,,strict_backbone
红军长征,32,1481,318,8,1935-01-01,1935-12-31,strict_backbone
抗战救亡与抵制日货,0,2,2,0,,,strict_backbone
群众性游击战争,0,2,0,0,,,context_only
萧县分粮分地斗争失败,0,1,0,0,,,context_only
微山湖十三个渡溪口罢渡斗争,0,1,1,0,,,strict_backbone
江西工农武装斗争,0,2,2,0,,,strict_backbone
召开茂县第一次工农兵代表大会,0,5,3,1,,,strict_backbone
试炮事件,0,2,2,0,,,strict_backbone
草尾事件,0,6,1,0,,,strict_backbone
遂蓬地区活动,2,4,4,0,,,strict_backbone
黄泥岗战斗,0,3,0,0,,,context_only
遂安暴动,1,4,4,0,,,strict_backbone
共青团青年化群众化运动,0,2,2,0,,,strict_backbone
叛变投敌,0,9,0,0,,,context_only
茗洋暴动,1,4,4,0,,,strict_backbone
戴高帽分粮斗争,0,2,2,0,,,strict_backbone
长期斗争准备、避实击虚,0,0,0,0,,,isolated
织金白泥屯事件,0,3,1,0,,,strict_backbone
日本飞机轰炸,0,3,1,1,,,strict_backbone
创建根据地活动,0,5,2,2,,,strict_backbone
敌伪“清乡”部署、封锁线构筑,0,8,6,0,,,strict_backbone
古蔺-叙永地区斗争,0,3,0,0,,,context_only
黄浦三期学员,0,3,0,0,,,context_only
三穗县公安队建立,0,5,0,0,,,context_only
学生运动策略,0,3,0,0,,,context_only
保山起义,0,4,2,0,,,strict_backbone
中坪剿匪斗争,0,4,2,0,,,strict_backbone
创办人背景与经费筹措,0,7,0,0,,,context_only
工商青年联营会,0,3,1,0,,,strict_backbone
监听敌情/改造火炮,0,1,0,0,,,context_only
张莘夫事件,0,3,0,0,,,context_only
黄浦江码头爆破事件,0,7,0,0,,,context_only
记者互助会,0,3,0,0,,,context_only
梁山检阅事件,0,1,0,0,,,context_only
全面发动群众、坚持斗争,0,1,0,0,,,context_only
白行战斗,0,2,1,0,,,strict_backbone
冷水沟战斗,1,2,2,0,,,strict_backbone
对日寇的最后一战,1,4,4,0,,,strict_backbone
武汉临时中央党政联席会议,0,2,2,0,,,strict_backbone
晓鸡声文艺社,0,8,2,0,,,strict_backbone
剑河县二区三区共军过境调查,0,5,0,0,,,context_only
过渡时期总路线,0,5,0,0,,,context_only
击毙徐承德战斗,1,6,1,0,,,strict_backbone
抗日救亡运动/飞行集会,0,0,0,0,,,isolated
担任长工掩护身份,0,2,1,0,,,strict_backbone
上海邮务罢工,0,3,0,0,,,context_only
精兵政策,0,2,0,0,,,context_only
响滩区苏,0,2,0,0,,,context_only
支前运输,1,20,6,0,,,strict_backbone
船夫流动支,0,3,0,0,,,context_only
四·一二反革命大屠杀,0,3,1,0,,,strict_backbone
军民浴血斗争,0,3,0,0,,,context_only
苏中初战,0,9,2,1,,,strict_backbone
四野,0,9,0,0,,,context_only
请示撤退,0,2,0,0,,,context_only
公审枪决,1,4,1,0,,,strict_backbone
重庆特别刑庭审理,0,3,1,0,,,strict_backbone
湖北秋收暴动组织划分,0,3,1,0,,,strict_backbone
反“清乡”斗争纪念活动,0,3,3,0,,,strict_backbone
中共湘鄂川黔边区临时省委成立,0,2,0,0,,,context_only
华蓥山游击活动,0,2,2,0,,,strict_backbone
利用敌人矛盾,0,4,3,0,,,strict_backbone
泗县战役,0,6,3,0,,,strict_backbone
1947年6月1日逮捕事件,0,1,0,0,,,context_only
保卫民主与和平运动,0,2,2,0,,,strict_backbone
草店妇女抗日救亡工作促进会,0,3,0,0,,,context_only
贞丰农民暴动,0,6,5,0,,,strict_backbone
反霸初战/斗争大会,0,1,0,0,,,context_only
北碚中心县委会议,0,2,0,0,,,context_only
红军处决反命势力事件,0,1,0,0,,,context_only
攻打洋坪战斗,0,2,2,0,,,strict_backbone
总同盟罢工,0,5,2,0,,,strict_backbone
贵州抗日救国团,0,2,2,0,,,strict_backbone
珞珈山地下斗争,0,3,0,0,,,context_only
公审枪决王梓才,0,2,0,0,,,context_only
士兵宣传工作,0,3,0,0,,,context_only
民众自卫队,0,6,1,0,,,strict_backbone
进军西南行动,0,9,6,0,,,strict_backbone
舞台剧《前夜》,0,2,2,0,,,strict_backbone
虎南大武装斗争,0,3,2,0,1948-01-01,1948-12-31,strict_backbone
竹溪区突围行动,0,3,3,0,,,strict_backbone
尖山铺战斗,0,2,2,0,,,strict_backbone
队伍投诚交枪,1,3,1,0,,,strict_backbone
土地改革分期分批进行,0,3,2,1,,,strict_backbone
粮食管理规定,0,3,0,0,,,context_only
剿匪战役,0,21,9,1,,,strict_backbone
黄西总队,0,6,1,0,,,strict_backbone
肃清反动分子运动,0,5,3,1,,,strict_backbone
大沙岭伏击战,0,2,1,0,,,strict_backbone
1934年挺进师行动,0,2,2,0,,,strict_backbone
淮海战役第一阶段,0,1,0,0,,,context_only
醴陵年关暴动,3,14,10,0,,,strict_backbone
五卅运动声援,0,2,0,0,,,context_only
攻克县城战斗,0,7,0,1,,,context_only
建设厅,0,3,0,0,,,context_only
绘制地形图/支援天目山战斗/解放金坛城,0,0,0,0,,,isolated
考察资本主义与社会主义,0,3,0,0,,,context_only
宪兵学校洗劫事件,0,6,0,0,,,context_only
瓦疃截粮战,0,6,1,0,,,strict_backbone
上海地下斗争,0,2,2,0,,,strict_backbone
政治交通线,0,4,2,0,,,strict_backbone
谈判/释放人质策略,0,1,0,0,,,context_only
响水口进攻,0,4,1,1,,,strict_backbone
借阅进步书刊,1,1,1,0,,,strict_backbone
春荒斗争与交通站建设,0,2,0,0,,,context_only
剿匪反报复,0,3,0,0,,,context_only
支前解放定海,0,3,0,0,,,context_only
索薪斗争,2,6,3,0,,,strict_backbone
反迁移、反破坏运动,0,0,0,0,,,isolated
下关和记工厂工人罢工,1,5,3,0,,,strict_backbone
土改史料编纂,0,2,1,0,,,strict_backbone
梓潼解放,0,5,2,0,,,strict_backbone
护城桥战斗,0,5,3,0,,,strict_backbone
救火行动,0,1,1,0,,,strict_backbone
文图战斗,0,2,2,0,,,strict_backbone
新民主主义理论讲授,0,5,0,0,,,context_only
中共云南省第一次临时党代表大会,0,3,0,1,,,context_only
带路/报恩,0,1,0,0,,,context_only
商光路线,0,1,1,0,,,strict_backbone
借征任务,0,3,0,0,,,context_only
株洲乡农协会成立,0,3,0,0,,,context_only
如黄公路遭遇战,0,2,0,0,,,context_only
谷陇围歼战第一阶段侦察进攻,0,4,1,0,,,strict_backbone
支前活动,0,3,0,0,,,context_only
全省第一次工农代表大会,2,6,4,1,,,strict_backbone
长征大队战士,0,1,0,0,,,context_only
静观地区农民运动,0,2,2,0,,,strict_backbone
明觉寺战斗,0,3,1,1,,,strict_backbone
二十条,0,8,3,0,,,strict_backbone
学生政治运动与入党讨论,0,2,2,0,,,strict_backbone
行政区划沿革,0,6,0,0,,,context_only
土匪叛乱与杀害干部,0,8,3,0,,,strict_backbone
三中全会,0,3,2,0,,,strict_backbone
路东参议会大会,0,6,1,0,,,strict_backbone
罢考运动,0,2,2,0,,,strict_backbone
抗日反顽斗争,1,3,1,0,,,strict_backbone
乡村苏维埃组织与土地分配,0,3,1,0,,,strict_backbone
贺岁大会,0,3,0,0,,,context_only
湘赣边界武装斗争,0,2,2,2,1927-01-01,1927-12-31,strict_backbone
城市工作,4,15,6,0,,,strict_backbone
四月十九日反内战起义,1,1,1,0,,,strict_backbone
民主改革发动群众,0,1,1,0,,,strict_backbone
武汉反帝大联盟成立,4,5,5,0,,,strict_backbone
反清乡四个阶段,0,3,0,0,,,context_only
攻打岩脚行动,0,2,2,0,,,strict_backbone
文英战斗,2,2,2,0,,,strict_backbone
徐家村战斗,0,2,2,0,,,strict_backbone
清匪反霸减租退押运动,0,8,8,2,1950-01-01,1951-12-31,strict_backbone
句容赤山战斗,0,1,0,0,,,context_only
夏区暴动,0,2,2,0,,,strict_backbone
南昌市中上学生联合会,0,2,0,0,,,context_only
大后方民主运动,0,34,6,0,,,strict_backbone
国共合作谈判与下山整编,0,3,3,0,,,strict_backbone
红五月斗争,0,8,4,1,,,strict_backbone
苏北反磨擦斗争,0,3,0,0,,,context_only
江苏农民秋收斗争,2,3,3,0,,,strict_backbone
姜北武装,0,5,0,0,,,context_only
破坏铁路行动,0,3,1,0,,,strict_backbone
合川县委成立,1,5,1,0,,,strict_backbone
全部渡过湘江及击溃敌进攻部署,0,1,1,0,,,strict_backbone
兵力围剿,0,1,0,0,,,context_only
阳白村战斗,0,2,0,0,,,context_only
苏涂村战斗,0,3,2,0,,,strict_backbone
组织武装斗争,0,2,2,0,,,strict_backbone
区队武装斗争,0,5,2,1,1947-01-01,1947-12-31,strict_backbone
抗日救亡,5,47,14,0,,,strict_backbone
特务中队,0,2,2,0,,,strict_backbone
党史资料丛书,0,9,0,0,,,context_only
英勇牺牲/翻身解放,0,1,0,0,,,context_only
炉山县解放,0,4,4,0,,,strict_backbone
苏南抗日根据地建设,0,7,6,1,,,strict_backbone
新民主主义青年团建立,1,10,5,0,,,strict_backbone
后坪战斗,0,3,1,2,,,strict_backbone
土桥农民暴动,0,3,0,0,,,context_only
反蒋抗日斗争,0,1,1,0,,,strict_backbone
革命建设,0,1,0,0,,,context_only
搜山围剿/老鸦冲战斗,0,1,1,0,,,strict_backbone
竹镇群英会,0,3,2,0,,,strict_backbone
四人队,0,6,2,1,,,strict_backbone
中央政治局常委会议,0,1,0,0,,,context_only
湖南事变,0,3,0,0,,,context_only
红二、六军团黔东会师,0,1,0,0,,,context_only
红军游击队斗争,0,3,2,0,,,strict_backbone
抗捐抗税运动,0,2,0,0,,,context_only
国共合作破裂,0,5,1,1,,,strict_backbone
永商亳县总队,0,4,4,0,,,strict_backbone
老厂阻击与转移江外,0,5,4,0,,,strict_backbone
戴家桥保卫战,1,2,2,0,,,strict_backbone
中央苏区反‘围剿’,0,3,0,0,,,context_only
《黄山报》发行,0,3,1,0,,,strict_backbone
重机连,0,3,0,0,,,context_only
广南县城攻占行动,0,2,2,0,,,strict_backbone
新宁解放,0,1,0,0,,,context_only
接任办公室主任搜集情报,0,5,0,0,,,context_only
中国学生救国联合会,1,2,1,0,,,strict_backbone
国民革命军长江上游先遣司令部,0,3,0,0,,,context_only
缴枪运动,0,6,2,1,,,strict_backbone
南阳村战斗,0,3,0,0,,,context_only
国共合作统一战线,0,2,2,0,,,strict_backbone
护厂队武装斗争,0,3,3,0,,,strict_backbone
学生运动指导工作,0,5,0,0,,,context_only
武定百花山前尖山溪战斗,0,1,0,0,,,context_only
五一总示威,0,4,0,0,,,context_only
扣留田领尧匪帮欠粮,0,3,2,0,,,strict_backbone
教师代表大会,0,3,1,0,,,strict_backbone
修枪事件,1,4,4,1,1936-01-01,1936-12-31,strict_backbone
学生请愿行动,0,1,0,0,,,context_only
金庄战斗,0,8,2,1,,,strict_backbone
试办农业生产合作社,0,3,1,0,,,strict_backbone
九渡冲战斗,1,13,8,0,,,strict_backbone
北上抗日先遣队行动,0,4,3,0,,,strict_backbone
收复荔波/剿匪,0,1,0,0,,,context_only
五·二踪运动,0,1,1,0,,,strict_backbone
重庆各界人民声讨‘德阳丸’暴行集会,0,3,3,0,,,strict_backbone
抗日宣传运动,0,12,5,2,,,strict_backbone
军事支出,0,1,0,0,,,context_only
反革命暴动,0,2,0,0,,,context_only
段英武装,0,7,4,0,,,strict_backbone
盘山合围出击,0,2,2,0,,,strict_backbone
抵制伪国大代表竞选,0,3,0,0,,,context_only
安渡金沙江,2,8,6,0,,,strict_backbone
大河滩会议,0,6,0,0,,,context_only
防空防原子防御体系,0,3,0,1,,,context_only
全国苏维埃代表大会,2,24,7,1,,,strict_backbone
暴动决策,0,1,0,0,,,context_only
安徽青年运动,0,15,4,1,,,strict_backbone
反扫荡隐蔽转移,0,3,1,0,,,strict_backbone
解放战争初期,0,3,0,0,,,context_only
三浦之战,0,3,1,0,,,strict_backbone
撤退转移党员,0,6,2,0,,,strict_backbone
反国民党宣传,0,3,0,0,,,context_only
补充美械,0,7,1,1,,,strict_backbone
中共江西省苏区第二次代表大会,1,8,4,1,1933-09-01,1933-09-30,strict_backbone
攻城暴动,0,5,3,0,,,strict_backbone
聚家洼会议,0,3,0,0,,,context_only
1949年国民教育计划,0,2,2,0,,,strict_backbone
职工代表大会,0,1,0,0,,,context_only
铭记先烈与建设新茶陵,0,3,0,0,,,context_only
通济场意外事件,0,2,2,0,,,strict_backbone
红十军奇袭秋浦,0,5,3,1,,,strict_backbone
酷刑折磨/杀害干部,0,5,3,0,,,strict_backbone
继续渡湘江及阻击出击之敌部署,0,3,1,0,,,strict_backbone
重庆国民党中央五届五中全会,0,2,0,0,,,context_only
皖西地区抗日游击大队,0,5,5,0,,,strict_backbone
皖西抗日动员工作,0,3,2,0,,,strict_backbone
运输征粮,0,3,0,0,,,context_only
筹集党费,0,3,1,0,,,strict_backbone
反奸查恶运动,0,2,2,0,,,strict_backbone
安徽省委成立,0,3,0,0,,,context_only
柯村农民暴动,0,3,0,0,,,context_only
黄洋界保卫战,5,26,21,1,1928-01-01,1928-12-31,strict_backbone
苏北公学,0,3,0,0,,,context_only
镇反肃特运动,0,2,2,0,,,strict_backbone
横山岗战斗,0,3,1,0,,,strict_backbone
安县保卫团,0,3,0,0,,,context_only
宁远县和平解放,0,1,0,0,,,context_only
编印宣传品/瓦解敌军,0,2,1,0,,,strict_backbone
中共沙磁特支被破坏事件,0,4,4,1,1948-01-01,1948-12-31,strict_backbone
布置学文化任务,0,1,0,0,,,context_only
武昌首义,1,6,6,0,,,strict_backbone
剿匪擒首,0,6,1,0,,,strict_backbone
反动剧社捣垮事件,0,3,3,0,,,strict_backbone
化南乡民主政权建立,0,5,2,0,,,strict_backbone
1949年4月解放大军渡江,0,2,2,0,,,strict_backbone
反中国法西斯主义宣传运动,0,2,2,0,,,strict_backbone
澄清党史,0,3,0,0,,,context_only
闽赣两省工人代表大会,2,16,5,0,,,strict_backbone
构筑工事准备迎敌,0,3,1,0,,,strict_backbone
滇东临时工委和三支队党委扩大会议,0,1,0,0,,,context_only
教武结合,0,6,1,0,,,strict_backbone
诉苦灯游行,0,1,0,0,,,context_only
剿匪复仇,0,3,0,0,,,context_only
朱富甲大队,0,13,3,1,,,strict_backbone
渡江任务,0,6,2,0,,,strict_backbone
秘密交通情报工作,0,2,1,0,,,strict_backbone
福贡办事处第五次会议,0,3,2,0,,,strict_backbone
金牛山战斗,7,12,7,0,,,strict_backbone
释放政治犯事件,0,3,2,0,,,strict_backbone
四次反‘围剿’斗争,0,3,1,1,,,strict_backbone
群众围攻水洞口据点,0,4,1,0,,,strict_backbone
黑石渡战斗,0,5,3,0,,,strict_backbone
三县党,0,3,2,0,,,strict_backbone
新四军与伪军谈判事件,0,2,0,0,,,context_only
罢课和拾棺游行,0,2,2,0,,,strict_backbone
‘民先’组织,0,10,3,1,,,strict_backbone
巴中解放,1,3,1,1,,,strict_backbone
城头战斗,0,3,1,1,,,strict_backbone
淮海战役后长江一线布防,0,3,0,0,,,context_only
新区建党问题,0,2,2,0,,,strict_backbone
景谷事件,0,5,2,1,,,strict_backbone
打万年县城,1,6,2,1,,,strict_backbone
责任制试点,0,3,1,0,,,strict_backbone
苗族解放与建立自治区,0,3,3,0,,,strict_backbone
同心舰起义,0,6,3,0,,,strict_backbone
重庆会议,0,1,0,0,,,context_only
剿匪斗争胜利,0,2,2,0,,,strict_backbone
平江秋收起义,1,5,4,0,1927-01-01,1927-12-31,strict_backbone
营林造林,0,3,0,0,,,context_only
工人阶级反帝斗争,2,2,2,1,,,strict_backbone
闽浙赣省第三次工农兵代表大会,2,7,3,0,,,strict_backbone
正大护校运动,0,6,0,1,,,context_only
解放阿佤山斗争,0,3,0,0,,,context_only
小学教师罢教,0,3,0,0,,,context_only
宿西地下斗争,0,1,1,0,,,strict_backbone
组织清理与保护同志,0,2,2,0,,,strict_backbone
土桥暴动准备,0,2,2,0,,,strict_backbone
老会清帮工作,0,4,0,0,,,context_only
扫荡压缩与合围清剿,0,1,0,0,,,context_only
中国工人运动,0,2,0,0,,,context_only
伏击战打响/活捉敌军,2,6,5,0,,,strict_backbone
反富农政策,0,2,2,0,,,strict_backbone
繁昌地区政权工作,0,3,0,0,,,context_only
盐城解放,0,3,1,0,,,strict_backbone
京沪杭战役支前工作,0,3,1,0,,,strict_backbone
全境解放,0,3,0,0,,,context_only
溧水县参政会,0,1,0,0,,,context_only
上海纱厂、邮务、电车工人罢工斗争,0,0,0,0,,,isolated
渡河作战,0,14,2,0,,,strict_backbone
逮捕叛变奸匪行动,0,4,4,0,,,strict_backbone
解放江口,2,7,4,1,1949-01-01,1949-12-31,strict_backbone
水洞口据点包围战,0,2,2,0,,,strict_backbone
泗南陈店子工人斗争,0,2,0,0,,,context_only
《中国抗日战争时期大后方文学书系》,0,1,0,0,,,context_only
湖南农民起义,0,2,2,0,,,strict_backbone
征粮支援前线工作,0,1,0,0,,,context_only
党的任务与策略,0,3,1,0,,,strict_backbone
清江农民运动低潮,0,2,0,0,,,context_only
盱眙游击战争,0,1,0,0,,,context_only
刘邓大军攻陷留城任务,0,3,0,0,,,context_only
特训处关押事件,0,3,2,0,,,strict_backbone
学徒运动,0,3,0,0,,,context_only
边区总妇救,0,6,0,0,,,context_only
悦来场战役,0,5,0,0,,,context_only
罗平县城会师,0,1,0,0,,,context_only
公路运输线地下斗争,0,2,2,0,,,strict_backbone
宁远学生同乡会,0,1,1,0,,,strict_backbone
春耕夏种,0,3,0,0,,,context_only
战斗胜利转移,0,5,3,0,,,strict_backbone
团县工委成立,0,3,0,0,,,context_only
土地分配标准制定,0,3,0,0,,,context_only
三·一三反革命暴动,0,5,2,1,1949-01-01,1949-12-31,strict_backbone
暴动筹备,0,4,4,0,,,strict_backbone
津綦特支成立,0,7,2,0,,,strict_backbone
浍河一线阻击战,0,2,0,0,,,context_only
芜湖学潮,0,3,3,0,,,strict_backbone
主持召开的会议,0,1,0,0,,,context_only
罗圈会议,0,5,2,0,1948-01-01,1948-12-31,strict_backbone
四渡赤水战役相关行军路线,0,3,0,0,,,context_only
横沟寺会议,0,1,1,0,,,strict_backbone
武汉讨蒋运动,0,3,1,0,,,strict_backbone
大柏圩子战役,0,3,3,0,,,strict_backbone
征借粮食支援前线,0,3,1,0,,,strict_backbone
江南抗战,2,9,7,0,,,strict_backbone
征兵办法,0,3,1,0,,,strict_backbone
隐蔽斗争与组织整顿,0,5,2,0,,,strict_backbone
沿河县人民政府成立大会,0,9,3,0,,,strict_backbone
抗兵抗粮抗税斗争,0,1,1,0,,,strict_backbone
党的六大筹备,0,6,2,0,,,strict_backbone
抗敌宣传队第二队,0,5,0,0,,,context_only
中共中央七届二中全会,0,3,0,0,,,context_only
反“清乡”、反“蚕食”斗争,0,0,0,0,,,isolated
广汉暴动,0,9,6,0,,,strict_backbone
红二方面军长征入黔,0,3,1,0,,,strict_backbone
苏区党代会大会,0,1,0,0,,,context_only
安化第一次农民代表大会,0,3,1,0,,,strict_backbone
普选工作,0,6,3,0,,,strict_backbone
1946-1948年武装对抗,0,2,0,0,,,context_only
江苏省委遭破坏事件,0,3,0,1,,,context_only
政攻歼匪,0,3,0,0,,,context_only
萤光歌咏组,0,6,2,0,,,strict_backbone
积干会,0,8,1,0,,,strict_backbone
明碧山战斗,0,1,0,0,,,context_only
红一、红四方面军会合,0,3,3,0,,,strict_backbone
接龙桥战斗,0,1,0,0,,,context_only
川西区党委整风运动,0,2,0,1,,,context_only
解放战争,2,58,20,2,,,strict_backbone
起义军官,0,1,0,0,,,context_only
撤销前委,2,3,2,0,,,strict_backbone
石城寺事件,0,3,2,0,,,strict_backbone
五·二○运动,1,1,1,0,,,strict_backbone
统一财经/整顿会计制度,0,2,1,0,,,strict_backbone
抵制仇货,1,3,1,0,,,strict_backbone
普安地下工作,0,3,1,0,,,strict_backbone
红一军成立,0,2,2,0,,,strict_backbone
领导贵阳解放,0,1,0,0,,,context_only
战干团清查共产党人事件,0,1,1,0,,,strict_backbone
旧州战役,0,2,0,0,,,context_only
长青堡奔袭战,0,3,1,0,,,strict_backbone
支援解放上海,0,3,2,0,,,strict_backbone
政治建设时期,0,1,0,0,,,context_only
南京行政院,0,3,0,0,,,context_only
两湖农民暴动计划,0,3,0,0,,,context_only
日华纱厂罢工,0,8,4,0,,,strict_backbone
武汉谈判,0,3,3,0,,,strict_backbone
左联筹建,1,2,2,0,,,strict_backbone
反缴枪斗争,2,4,4,1,,,strict_backbone
撤离石城/渡过于都河/金鸡战斗,0,0,0,0,,,isolated
丽江人民自卫大队,0,10,0,0,,,context_only
北碚和平解放,0,15,8,1,,,strict_backbone
中国农民运动发展,0,1,0,0,,,context_only
一·一七流血事件,1,4,4,0,,,strict_backbone
长岭岗会议,1,5,2,0,,,strict_backbone
将军山之战,2,4,4,0,,,strict_backbone
白沙区民兵组织,0,4,2,0,,,strict_backbone
同心社,1,1,1,0,,,strict_backbone
初级小学设立,0,3,0,0,,,context_only
攻打新城战役,0,2,2,0,,,strict_backbone
抢粮斗争,0,6,1,0,,,strict_backbone
反蒋爱国运动,0,3,0,0,,,context_only
红十六军撤离浏阴县城,0,3,0,0,,,context_only
暴动队,3,21,10,0,,,strict_backbone
湘赣省职工联合会,0,6,0,0,,,context_only
红九军团南进行动,0,6,0,0,,,context_only
敌人新部署/重点清剿失败,0,1,0,0,,,context_only
红二、六军团反‘围剿’斗争,0,2,0,0,,,context_only
武汉抗战宣传周,0,3,1,1,,,strict_backbone
反'围剿'战斗,0,3,1,1,,,strict_backbone
湘鄂赣省委第一次代表大会,0,2,0,0,,,context_only
里达镇战斗,0,2,2,0,,,strict_backbone
茶陵坡歼灭战,0,1,0,0,,,context_only
涟水小教索薪斗争,2,4,4,1,1930-04-01,1930-04-30,strict_backbone
四·九农民暴命,0,1,0,0,,,context_only
乱岗战斗,0,3,3,0,,,strict_backbone
成立模范师,0,2,2,0,,,strict_backbone
湘潭地下党斗争,2,4,2,0,,,strict_backbone
敌伪封锁线据点部署、训练班开办,0,3,1,0,,,strict_backbone
剑川暴动,2,22,5,0,,,strict_backbone
传递密件任务,1,4,2,1,,,strict_backbone
劝说起义事件,0,1,1,0,,,strict_backbone
栗子湾干部会,0,3,0,0,,,context_only
流通训练班,0,2,2,0,,,strict_backbone
建立农协/自新运动,0,1,1,0,,,strict_backbone
南昌学生联合会运动,0,4,4,1,1925-04-01,1925-04-30,strict_backbone
桃巷战斗,0,1,1,0,,,strict_backbone
枪支物资清查,0,3,0,0,,,context_only
黄陂、东陂战役,0,0,0,0,,,isolated
分水垭战斗,1,1,1,0,,,strict_backbone
南昌“五·二一”事件,0,3,0,0,,,context_only
普定马场事件,0,2,2,0,,,strict_backbone
五洛河战斗,0,2,2,0,,,strict_backbone
政治干部会议,0,1,1,0,,,strict_backbone
黑杀队,0,0,0,0,,,isolated
躲避迫害,0,2,1,0,,,strict_backbone
解放濉溪建立政权,1,3,1,0,,,strict_backbone
涟水县抗日同盟会,0,8,3,0,,,strict_backbone
乌赣山区围剿战斗,0,3,1,1,,,strict_backbone
劝降投诚,0,3,1,0,,,strict_backbone
纳柳寨事件,0,2,2,0,,,strict_backbone
独立团编组,0,3,0,0,,,context_only
北伐军占领江西战场,0,3,1,1,,,strict_backbone
到元江洼垤会师,0,2,0,0,,,context_only
龙岗战役,1,5,5,0,,,strict_backbone
整风,0,4,2,0,,,strict_backbone
渡江战役配合,0,1,1,0,,,strict_backbone
孔湾党组织暴动,0,2,2,0,,,strict_backbone
土五减租运动,0,2,0,0,,,context_only
青神县西山农民武装起义,3,16,10,0,,,strict_backbone
青年救亡干部训练班,1,9,1,1,,,strict_backbone
台桥事件,9,33,33,1,1950-01-01,1950-12-31,strict_backbone
黟县暴动,0,3,1,0,,,strict_backbone
袭击商队,0,2,0,0,,,context_only
邓戈匪部,0,6,1,0,,,strict_backbone
党员积极分子训练班,1,3,1,0,,,strict_backbone
五卅惨案声援活动,1,5,3,0,,,strict_backbone
息烽解放初期剿匪战斗,0,5,3,1,,,strict_backbone
前敌委员会会议,1,10,1,0,,,strict_backbone
联络接头,0,1,0,0,,,context_only
时事整风,1,1,1,0,,,strict_backbone
三·三暴动筹备/杀鸡宣誓,0,3,0,0,,,context_only
反帝反国民党斗争,0,6,1,0,,,strict_backbone
荥城县开辟,0,3,1,0,,,strict_backbone
红军长征战斗,0,8,1,0,,,strict_backbone
芷江会议,0,3,2,0,,,strict_backbone
创作革命诗歌,0,5,0,0,,,context_only
整顿大会,0,1,0,0,,,context_only
江西革命斗争,0,1,1,0,,,strict_backbone
乡村教育团,1,8,2,0,,,strict_backbone
学习材料誊印工作,0,2,0,0,,,context_only
进贤解放,0,3,1,0,,,strict_backbone
仰天窝突围,0,3,3,0,,,strict_backbone
沛县抗日救亡运动,0,2,2,0,,,strict_backbone
遂(宁)蓬(溪)边界起义,0,4,4,0,,,strict_backbone
溧水铜山战斗,0,2,0,0,,,context_only
查找戴之奇下落,0,3,1,0,,,strict_backbone
反贪污斗争,2,7,3,0,,,strict_backbone
四十八团被围剿事件,0,3,1,0,,,strict_backbone
保路运动,2,2,2,0,,,strict_backbone
停办,0,3,0,0,,,context_only
解放白河,0,1,0,0,,,context_only
小湾子事件,0,4,2,0,,,strict_backbone
镇压匪首,0,5,2,0,,,strict_backbone
青天畈休整与精简医院,0,2,2,0,,,strict_backbone
五次反‘围剿’战争,0,3,1,0,,,strict_backbone
宜城武装暴动,0,2,2,0,,,strict_backbone
群众纪律教育,0,1,1,0,,,strict_backbone
农运检查,0,3,1,0,,,strict_backbone
少数民族青年工作,0,1,1,0,,,strict_backbone
残酷清剿与屠杀,0,3,1,0,,,strict_backbone
铲共义勇队,0,12,4,0,,,strict_backbone
蒲河剿匪战斗,0,1,0,0,,,context_only
回国开展斗争,0,1,0,0,,,context_only
停止民先活动,0,2,1,0,,,strict_backbone
桃源县农民自卫军,0,3,1,0,,,strict_backbone
佯攻滇军作战,0,1,0,0,,,context_only
打入敌据点、短枪队击毙日军、镇压伪队长,0,7,5,0,,,strict_backbone
桐畈地区战斗,0,2,0,0,,,context_only
四川党的扩大会议,0,8,3,0,,,strict_backbone
滇南战役结束全歼残敌,0,3,0,0,,,context_only
赴威宁开展武装斗争,0,2,2,0,,,strict_backbone
整理战役战术,0,3,0,0,,,context_only
河阳会师,0,5,0,0,,,context_only
南昌县斗争,0,6,0,0,,,context_only
纺纱训练班,0,3,0,0,,,context_only
女子军特务连扩编,0,3,0,0,,,context_only
渡江运输,0,6,2,0,,,strict_backbone
工农武装割据,2,10,4,0,,,strict_backbone
惩奸运动,0,10,6,0,1945-01-01,1945-12-31,strict_backbone
江淮工作团,0,3,0,0,,,context_only
箭田农民武装暴动,0,17,0,0,,,context_only
黄鄂乡土地改革试点,0,3,2,1,,,strict_backbone
茅台读书会,0,6,1,0,,,strict_backbone
剿匪会剿与进剿,0,1,0,0,,,context_only
王六子战斗总结,0,1,0,0,,,context_only
红一方面军开始长征,0,6,2,0,,,strict_backbone
九一命事变,0,1,0,0,,,context_only
扩军备战,0,2,0,0,,,context_only
宜章县城起义,0,5,3,0,,,strict_backbone
打王大庄(王寨),0,2,2,0,,,strict_backbone
改编人民保厂护乡团与大黑山战斗,0,5,2,0,,,strict_backbone
红五军等撤离马尔康,0,2,2,0,,,strict_backbone
滇中地委扩大会,0,4,0,0,,,context_only
进攻兴义城战斗,0,6,1,2,,,strict_backbone
五县党员代表会议,0,1,0,0,,,context_only
带头参军/节省运动,0,0,0,0,,,isolated
中国新民主主义青年团炉山县第一次代表大会,0,1,0,0,,,context_only
洪山公学,0,1,0,0,,,context_only
武装斗争,17,166,56,4,1927-08-01,1949-12-31,strict_backbone
双十节庆祝大会,0,1,0,0,,,context_only
选择退却终点,0,1,0,0,,,context_only
安宁地下武装建设,0,1,0,0,,,context_only
石鼓阻击战,0,3,0,0,,,context_only
互助组增产计划,0,1,1,0,,,strict_backbone
民主评议动员/打落水狗,0,4,0,0,,,context_only
土地分配与政策制定,0,2,2,0,,,strict_backbone
龙场会议,0,3,1,0,,,strict_backbone
农协活动,0,6,0,0,,,context_only
兴山县委成立,0,3,2,0,,,strict_backbone
土改工作,1,24,9,1,,,strict_backbone
抗日救亡工作团,3,16,7,1,,,strict_backbone
清党活动,0,7,2,0,,,strict_backbone
沙子哨公审大会,0,3,0,0,,,context_only
抗议美军暴行大游行,0,1,1,0,,,strict_backbone
运运工作,0,3,0,0,,,context_only
南昌起义留下的部分队伍,0,6,0,0,,,context_only
1949年靖江解放,0,4,0,0,,,context_only
武汉渡江大示威,0,5,2,0,,,strict_backbone
还债运动,1,5,1,0,,,strict_backbone
九连山游击区开辟,0,3,2,0,,,strict_backbone
《红色中华》、《斗争》,0,0,0,0,,,isolated
军民鱼水情,0,33,0,0,,,context_only
勐醒、勐仑、勐捧地区战斗,0,1,0,0,,,context_only
抗日游击战争,2,22,12,1,,,strict_backbone
公开割据保守观念教训,0,1,0,0,,,context_only
石花暴动,0,8,3,0,,,strict_backbone
夜行军监视,0,1,0,0,,,context_only
强渡乌江,3,47,20,1,,,strict_backbone
第一次代表大会,0,4,4,0,,,strict_backbone
保山人民自卫军四大队,0,2,2,0,,,strict_backbone
大生产救灾运动,0,1,0,0,,,context_only
土门封锁线战役,1,6,2,1,,,strict_backbone
宜陵激战,0,2,2,0,,,strict_backbone
贵州省委三月会议,0,2,0,0,,,context_only
解围之战,0,3,3,0,,,strict_backbone
指挥战斗,0,2,0,0,,,context_only
孙中山逝世周年纪念活动,0,4,2,0,,,strict_backbone
灌溪乡公路阻击战,0,2,2,0,,,strict_backbone
暑期学习班,0,3,0,1,,,context_only
新平,0,9,0,1,,,context_only
华中党校创建,0,1,0,0,,,context_only
重庆市学生救国联合会,2,9,2,0,,,strict_backbone
贵阳起义计划,0,3,0,0,,,context_only
邓坊战斗,0,1,0,0,,,context_only
湖北问题答辩,0,4,0,0,,,context_only
反动文化工作与党化教育,0,3,0,0,,,context_only
遵(义)铜(仁)公路建设,0,1,0,0,,,context_only
宋南份战斗,0,2,0,0,,,context_only
双华游击大队,0,3,1,1,,,strict_backbone
匪部活动,1,4,2,0,,,strict_backbone
江西南部十七县经济建设工作会议,3,4,4,1,1933-08-01,1933-08-31,strict_backbone
皖浙赣前委成立,0,3,1,0,,,strict_backbone
修碉堡与加强情报武装,0,3,0,0,,,context_only
涟水县抗日民主政权建立,0,6,0,0,,,context_only
齐心会武装斗争,0,4,0,0,,,context_only
派游击队谈判,0,1,0,0,,,context_only
军需供给处,0,5,1,1,,,strict_backbone
单思圩子战斗,0,1,1,0,,,strict_backbone
苏维埃基层组织建设,0,6,0,0,,,context_only
川东职工运动,2,20,11,1,1938-01-01,1943-12-31,strict_backbone
遵义会议,39,915,268,3,1935-01-01,1935-12-31,strict_backbone
武装农民,1,5,2,0,,,strict_backbone
邱汇局撤退,0,6,0,0,,,context_only
解放梓潼县城事件,0,5,5,0,,,strict_backbone
开展巧妙斗争,0,2,0,0,,,context_only
雪洞战斗敌情侦察,0,6,0,0,,,context_only
江南挺进队破获事件,0,1,1,0,,,strict_backbone
掩护秘密交通,1,1,1,0,,,strict_backbone
敌军联络工作,0,1,1,0,,,strict_backbone
兴城公举大会,0,1,0,0,,,context_only
校园建设,0,1,0,0,,,context_only
遵义政治局扩大会议,0,21,3,0,1927-08-01,1937-07-06,strict_backbone
汉口广播电台护台斗争,0,2,2,0,,,strict_backbone
宣传文化工作,0,3,0,0,,,context_only
中共中央政治局汉口特别会议,0,3,3,0,,,strict_backbone
干部牺牲,0,3,0,0,,,context_only
帝国主义原料生产,0,3,1,1,,,strict_backbone
星云社等社团组织,0,6,0,0,,,context_only
处决杨国俊行动,0,2,2,0,,,strict_backbone
筹款运动,0,3,0,0,,,context_only
建立农民武装,1,6,2,0,,,strict_backbone
游击队武装,0,1,0,0,,,context_only
天主堂会议,0,2,0,0,,,context_only
农村‘四清’运动,0,1,0,0,,,context_only
红二、六军团转战行动,0,1,0,0,,,context_only
桐怀潜中心县委代表大会,0,3,0,0,,,context_only
解放两淮攻坚战,0,5,2,1,,,strict_backbone
金秀巡回教育工作,0,2,2,0,,,strict_backbone
小丹阳战斗,0,2,2,0,,,strict_backbone
学习马列/反内战游行,0,3,0,0,,,context_only
元江武装斗争,0,2,0,0,,,context_only
暑期救亡工作宣传团,0,5,5,0,,,strict_backbone
秘密电台建设,0,2,2,0,,,strict_backbone
九江县政权建设,0,2,0,0,,,context_only
北伐战争,23,254,99,4,,,strict_backbone
宣传队/工作组,0,4,0,0,,,context_only
层台游击大队,0,7,3,1,,,strict_backbone
铁路工人罢工,0,10,1,2,,,strict_backbone
民族干部培养,0,10,1,2,,,strict_backbone
经济建设公债发行,0,2,2,1,1933-07-01,1933-07-31,strict_backbone
三抗政策,0,3,0,0,,,context_only
游埠战斗,1,2,2,0,,,strict_backbone
永砀公路伏击战,0,5,5,0,,,strict_backbone
湘西剿匪工作,0,5,1,1,,,strict_backbone
'反蒋同盟',0,4,1,0,,,strict_backbone
交通修复,0,3,0,0,,,context_only
南京学运图说游行,0,3,1,0,,,strict_backbone
抢米风潮惨案,0,6,0,0,,,context_only
追捕谢世钦,1,3,2,0,,,strict_backbone
党内警告处分,0,6,1,0,,,strict_backbone
学习马克思主义哲学,0,1,1,0,,,strict_backbone
中央区三次战争,0,3,1,0,,,strict_backbone
反六路围攻,0,23,13,0,,,strict_backbone
江防军,1,2,2,0,,,strict_backbone
四川人-下江人矛盾,0,3,0,0,,,context_only
观明镇战斗,1,2,2,0,,,strict_backbone
淮安人力车工人暴动,0,2,2,0,,,strict_backbone
湘西攻势,4,14,5,0,,,strict_backbone
第一届各族各界人民代表会议,0,1,0,0,,,context_only
反清乡斗争与冬训,0,1,1,0,,,strict_backbone
都贵麻三角铁壁合围,0,1,0,0,,,context_only
界河战役,1,2,2,0,,,strict_backbone
江西沪案后援会,1,2,2,0,,,strict_backbone
湖北参军运动,0,4,4,1,1940-01-01,1941-12-31,strict_backbone
强渡澜沧江,0,2,2,0,,,strict_backbone
通道争论,0,3,0,0,,,context_only
垫江接管工作,0,3,1,0,,,strict_backbone
车里里宣慰街战斗,0,1,0,0,,,context_only
特务队被捕捉事件,0,3,2,1,,,strict_backbone
合作社节宣传周,0,3,0,0,,,context_only
云南全省游击战争,0,5,3,0,,,strict_backbone
滨海区劳模大会,0,3,1,0,,,strict_backbone
霍邱城和平解放,0,2,2,0,,,strict_backbone
生产自救,0,6,3,0,,,strict_backbone
除霸斗争,0,2,0,0,,,context_only
老鸦屯血战,0,3,1,0,,,strict_backbone
向长江以南进军,0,3,0,0,,,context_only
重庆学生四二一运动,0,1,0,0,,,context_only
川东地下斗争,0,5,4,1,,,strict_backbone
星云社,0,9,4,0,,,strict_backbone
观音农民暴动,0,6,0,1,,,context_only
益青社,1,7,1,0,,,strict_backbone
鳌山伏击战,0,3,3,0,,,strict_backbone
洪泽湖剿匪战斗,1,6,3,2,,,strict_backbone
九分区伤亡,0,4,1,1,,,strict_backbone
红十七师(肖克部),0,3,0,0,,,context_only
反'清剿',0,3,1,0,,,strict_backbone
八月失败,0,10,2,2,,,strict_backbone
湖北省第一次农民代表大会,1,16,10,1,1927-03-01,1927-03-31,strict_backbone
左翼文化运动,3,22,9,1,,,strict_backbone
湘赣全省三个月工作竞赛运动,2,2,2,2,1932-01-01,1932-12-31,strict_backbone
龙家寨十万坪战役,0,5,1,0,,,strict_backbone
东北停战协议,0,1,1,0,,,strict_backbone
龙华二十四烈士,3,6,3,0,,,strict_backbone
七·一五爱国民主运动,0,2,2,0,,,strict_backbone
第一次全国组织工作会议,0,2,2,0,,,strict_backbone
抗战时期文化工作方针,0,5,2,0,,,strict_backbone
党史宣传,0,3,0,0,,,context_only
渡过婺河受阻,0,1,0,0,,,context_only
攻打奉节安坪,0,2,0,0,,,context_only
栗子寨攻克事件,0,2,2,0,,,strict_backbone
民主办校集体领导,0,4,0,0,,,context_only
民主人士配合剿匪,0,3,0,0,,,context_only
盐津妇女分会成立,0,6,2,0,,,strict_backbone
川东游击军第一支队成立,0,2,0,0,,,context_only
普洱维桑河桥战斗,0,4,4,0,,,strict_backbone
扎根串联/阶级教育,0,1,0,0,,,context_only
反据点战斗,0,2,0,0,,,context_only
妇女生产,0,6,3,0,,,strict_backbone
扩大红军运动,0,28,2,2,,,strict_backbone
赣匪部,0,5,2,0,,,strict_backbone
停战命令,0,3,1,0,,,strict_backbone
开发山林/抵制乡选舞弊,0,1,1,0,,,strict_backbone
宁汉分裂,0,3,1,0,,,strict_backbone
反迁移、反破坏、护校保产斗争,0,0,0,0,,,isolated
大搬家,1,2,2,0,,,strict_backbone
工人暴动,0,5,3,1,,,strict_backbone
西南各民族访问团,0,4,3,0,,,strict_backbone
突破城墙战斗,1,5,3,0,,,strict_backbone
向日伪军发起反攻,0,3,3,0,,,strict_backbone
讨汪肃奸万人大会,0,1,0,0,,,context_only
十二月广州起义,1,2,2,0,,,strict_backbone
解放初土改,0,2,2,0,,,strict_backbone
重建如皋警卫团,0,2,2,0,,,strict_backbone
永胜人民自卫队,0,4,1,0,,,strict_backbone
土改阶级处理/帮工帮粮退清,0,1,1,0,,,strict_backbone
凯里镇压事件,0,1,1,0,,,strict_backbone
赤匪窜黔,0,3,0,0,,,context_only
教育改造,0,1,0,0,,,context_only
民主建国会,1,15,6,0,,,strict_backbone
文委,0,3,0,0,,,context_only
智取九林炮台,0,8,4,1,,,strict_backbone
抗兵抗粮抗款运动,1,1,1,0,,,strict_backbone
上海五卅惨杀,1,5,3,1,,,strict_backbone
夜行八十里与奔袭三家店,0,2,2,0,,,strict_backbone
炉山收缴武器事件,0,1,0,0,,,context_only
庆功发奖大会,0,1,1,0,,,strict_backbone
湘南总暴动,0,3,0,0,,,context_only
讷官社,0,2,2,0,,,strict_backbone
武汉学生游行示威,1,11,5,1,,,strict_backbone
雷山县城剿匪,1,6,4,0,,,strict_backbone
重庆打枪坝集会,0,6,0,0,,,context_only
盘县解放,1,4,4,0,,,strict_backbone
城乡大检查清查户口,0,5,2,0,,,strict_backbone
打贪官污吏斗争,0,4,4,2,,,strict_backbone
区委扩大会议,0,1,0,0,,,context_only
毕节地区游击活动,0,5,3,0,,,strict_backbone
共产党暴动,0,3,1,0,,,strict_backbone
雷山合围大捷公判大会,0,3,0,0,,,context_only
川北民军,1,5,2,0,,,strict_backbone
励精图治与锐意改革,0,3,0,0,,,context_only
武冈五区剿匪运动,0,6,2,1,,,strict_backbone
上海文总工作,0,3,0,0,,,context_only
黄军起义,0,3,2,0,,,strict_backbone
《劲儿》社,0,3,0,0,,,context_only
入党教育/民主选举,0,0,0,0,,,isolated
上党战役,0,12,5,0,,,strict_backbone
第一次工业劳动模范大会,0,1,0,0,,,context_only
九纵起义,0,5,2,0,,,strict_backbone
袍哥会,0,3,0,0,,,context_only
汪精卫叛国事件,0,3,0,0,,,context_only
武装保苏联,0,2,0,0,,,context_only
长兴、泗安大捷,0,0,0,0,,,isolated
六马暴动,0,3,0,0,,,context_only
楠子坪搏斗,1,2,2,0,,,strict_backbone
抵制仇货运动,0,5,1,0,,,strict_backbone
普洱胜利会师,1,3,1,1,,,strict_backbone
解放军渡江战役,1,13,7,0,,,strict_backbone
清匪追捕,0,2,0,0,,,context_only
第二次暴动,0,2,2,0,,,strict_backbone
弟弟饿死/长工受苦,0,1,0,0,,,context_only
北伐军光复新予,0,5,2,0,,,strict_backbone
地委会议,0,2,0,0,,,context_only
进攻陈家集日伪军据点,1,2,2,0,,,strict_backbone
滞留镇远/继续西进,0,1,1,0,,,strict_backbone
讨伐罗定斗争,0,5,5,0,,,strict_backbone
攻破杨家洞战斗,0,3,3,0,,,strict_backbone
汉城战斗小组,0,2,0,0,,,context_only
反扫命斗争,0,1,1,0,,,strict_backbone
反贪官斗争,0,5,2,0,1927-10-01,1927-10-31,strict_backbone
黔东特区斗争,1,5,2,0,,,strict_backbone
遵义会议精神传达,0,5,2,0,,,strict_backbone
巧袭宝洪乡公所,0,2,2,0,,,strict_backbone
乡促,0,3,1,0,,,strict_backbone
洋货业罢工,0,1,1,0,,,strict_backbone
涪陵、丰都,0,0,0,0,,,isolated
电影教学运动,0,7,0,0,,,context_only
刘集战斗,0,14,8,1,,,strict_backbone
三冬运动,0,4,3,0,,,strict_backbone
宁冈起义,0,3,3,1,1926-01-01,1926-12-31,strict_backbone
李子桥特工队,0,3,2,0,,,strict_backbone
雅沙塘战斗牺牲,0,1,0,0,,,context_only
扩红与分粮,0,3,1,0,,,strict_backbone
六合东沟战斗,0,2,0,0,,,context_only
成立农会与全县农民代表大会,0,1,1,0,,,strict_backbone
利用水磨磨面供军食用,0,3,1,0,,,strict_backbone
汪精卫出走事件处理,0,3,0,0,,,context_only
集体领导制度,2,3,2,0,,,strict_backbone
上清镇会师大会,0,3,1,0,,,strict_backbone
招头寨战斗,0,3,0,0,,,context_only
孟塞维克主义,0,3,0,0,,,context_only
抗日游击活动,0,1,0,0,,,context_only
抗日青年训练班,0,3,1,0,,,strict_backbone
冒险主义批判,0,3,1,0,,,strict_backbone
反战宣传,2,3,2,0,,,strict_backbone
军事清乡时期,0,1,0,0,,,context_only
党校学员返丹金武坚持反“清乡”,0,7,0,0,,,context_only
长沙解放初期私营工商业救济,0,6,2,0,,,strict_backbone
为民警冤处决范克功,0,2,1,0,,,strict_backbone
兴安区妇女,0,2,2,0,,,strict_backbone
抗日反顽战斗,1,1,1,0,,,strict_backbone
大定革命活动,0,2,2,0,,,strict_backbone
刘家堡运河沉溺事件,0,2,2,0,,,strict_backbone
打土豪,0,9,0,0,,,context_only
批判王明路线要求恢复毛主席正确路线,0,5,0,0,,,context_only
赣南省委会议,0,1,0,0,,,context_only
东战斗,0,3,3,0,,,strict_backbone
义勇队,0,8,0,0,,,context_only
五一劳动节徐海蚌总示威,0,3,0,0,,,context_only
暴动暗号,0,1,0,0,,,context_only
普冲战斗,0,2,0,0,,,context_only
湘赣边界第二次代表大会,0,3,0,0,,,context_only
川东妇联干训班,0,3,0,0,,,context_only
普洱勐先战斗,0,3,0,0,,,context_only
大小兄弟团,0,3,0,0,,,context_only
拔脚区剿匪行动,1,5,3,1,,,strict_backbone
保卫昆明战斗,0,8,2,0,,,strict_backbone
萧县总队,0,3,0,0,,,context_only
侦察敌情,0,3,1,0,,,strict_backbone
军事课,0,2,0,0,,,context_only
丽江各族各界联合纪念“五·一”、“五·四”大会,0,1,1,0,,,strict_backbone
红军长征渡河行动,0,3,0,0,,,context_only
割断电话线/团结爱国人士/建立芦荡医院/照顾伤病员,0,0,0,0,,,isolated
解放三穗县城,0,2,2,0,,,strict_backbone
中峰地区党员发展,0,5,2,0,,,strict_backbone
上兰暴动,0,2,2,0,,,strict_backbone
旁海战斗,0,12,2,1,,,strict_backbone
国大花絮活报剧,0,5,3,1,,,strict_backbone
开远解放行动,0,4,0,0,,,context_only
讲授马克思主义哲学,0,3,0,0,,,context_only
张家店战斗,1,11,11,0,,,strict_backbone
索薪请愿事件,0,7,5,0,,,strict_backbone
德安五区工作恢复,0,2,2,0,,,strict_backbone
第四次军事‘围剿’,0,2,2,0,,,strict_backbone
自贡盐场工人罢工,0,3,0,0,,,context_only
青年将校团,0,3,0,0,,,context_only
击溃地方民团,0,6,4,0,,,strict_backbone
麻阳新民社,1,5,2,0,,,strict_backbone
攻克赤石与缴获物资,0,4,4,0,,,strict_backbone
贵州东南绥靖区司令部盘踞作乱,0,6,4,1,,,strict_backbone
反摩擦斗争,0,3,0,1,,,context_only
反动政府镇压行动,0,4,0,0,,,context_only
抗日运动,0,8,1,0,,,strict_backbone
档案搜寻行动,0,3,0,0,,,context_only
垫江解放初宣传活动,0,6,0,0,,,context_only
十八罗汉镇城起义,0,2,2,0,,,strict_backbone
重庆事件,0,3,0,0,,,context_only
华蓥武装起义,1,2,2,0,,,strict_backbone
师宗县警备大队,0,5,0,0,,,context_only
三·一六事变,0,2,0,0,,,context_only
全苏区第一次体育运动大会,0,1,0,0,,,context_only
文家市战役,0,2,2,0,,,strict_backbone
泗县城战役,0,2,2,1,1946-07-01,1946-07-31,strict_backbone
活捉杨永清,0,4,2,0,,,strict_backbone
休宁抗敌自卫训练班,2,4,4,0,,,strict_backbone
民主建设,0,4,0,0,,,context_only
泸西县土地改革,0,1,1,0,,,strict_backbone
大冶阳新农民斗争,0,3,3,0,,,strict_backbone
抗日民族统一战线政策实施,0,4,4,0,,,strict_backbone
工会工作移交/罢怠工斗争/护厂活动,0,0,0,0,,,isolated
木黄会师,4,15,7,0,,,strict_backbone
千里岗游击战,0,2,2,0,,,strict_backbone
九江惨案,0,5,1,1,,,strict_backbone
接收县城行动,0,3,2,0,,,strict_backbone
进藏战役,2,5,3,0,,,strict_backbone
绍兴妇女营模范队,0,3,3,0,,,strict_backbone
尚咀登陆战,0,3,0,0,,,context_only
红军山外战斗,0,2,2,0,,,strict_backbone
民生公司,0,10,1,0,,,strict_backbone
湘赣边界党第一次代表大会,0,2,2,0,,,strict_backbone
破坏铁路交通行动,0,10,4,2,,,strict_backbone
征粮队员,0,7,0,0,,,context_only
忠县后乡武装起义,0,2,2,0,,,strict_backbone
苏皖边区政府成立,0,9,0,0,,,context_only
扩军会议,0,1,1,0,,,strict_backbone
镇远师范音乐研究会,2,4,4,0,,,strict_backbone
复员返乡费斗争,0,1,1,0,,,strict_backbone
暗杀阴谋,0,2,0,0,,,context_only
斗争训练,0,1,0,0,,,context_only
赤卫队组织,0,6,0,0,,,context_only
游击队伏击战,0,3,1,0,,,strict_backbone
赴拼茶谈判准备,0,3,0,0,,,context_only
三都的剿匪斗争,0,3,1,0,,,strict_backbone
搜集枪枝弹药,0,1,1,0,,,strict_backbone
总反省与坦白运动,0,8,0,0,,,context_only
李立三左倾指导思想,0,3,1,0,,,strict_backbone
武工队被围事件,0,2,2,0,,,strict_backbone
粮食征购与物资捐献,0,3,1,0,,,strict_backbone
中美合作所监狱斗争,0,3,1,0,,,strict_backbone
反对军阀混战,0,2,0,0,,,context_only
三进淮宝,0,5,0,0,,,context_only
国立三中读书会,0,3,0,0,,,context_only
阳澄县政府成立事件,0,5,3,0,,,strict_backbone
戴心辉部,0,2,0,0,,,context_only
菜籽坳战斗,0,8,4,0,,,strict_backbone
津巴边区党的建设,0,6,0,0,,,context_only
攻占师宗县城,0,3,0,0,,,context_only
赫章县解放初期行政区划沿革表(二),0,2,0,0,,,context_only
接管雷山县政权,0,2,2,0,,,strict_backbone
抗丁工作,0,8,4,0,,,strict_backbone
红二方面 战役,0,1,0,0,,,context_only
南京惨案声援运动,0,2,2,0,,,strict_backbone
新诗社,0,3,0,0,,,context_only
大生产运动,2,32,16,2,,,strict_backbone
反动派封闭报馆事件,0,4,2,0,,,strict_backbone
储田桥战斗,0,1,1,0,,,strict_backbone
讲习班,0,15,1,0,,,strict_backbone
红八军一纵在黔西南活动,0,4,2,1,,,strict_backbone
锄奸肃特/镇压汉奸/关怀同志,0,1,0,0,,,context_only
皖北工农红军起义,1,3,1,0,,,strict_backbone
东岗之战,0,3,1,1,,,strict_backbone
东进战略转移,0,6,4,0,,,strict_backbone
巴县团队,0,2,1,0,,,strict_backbone
丹寨城解放,0,3,2,0,,,strict_backbone
南昌二中党小组迎接解放的斗争,0,7,4,0,,,strict_backbone
王维晋部,0,1,0,0,,,context_only
用民族语言唱革命歌曲,0,4,1,1,,,strict_backbone
提灯会,0,6,2,0,,,strict_backbone
珠湖暴动,0,2,2,0,,,strict_backbone
救国会学习小组,0,2,2,0,,,strict_backbone
紧急行军占领要点,2,2,2,0,,,strict_backbone
九江运动,0,2,2,0,,,strict_backbone
永胜解放,0,3,0,0,,,context_only
津浦战事与淮河防线视察,0,1,0,0,,,context_only
商议抗敌与筹集资金,1,3,1,0,,,strict_backbone
杂货店帮工,0,1,0,0,,,context_only
贾鲁河工程,0,1,1,0,,,strict_backbone
挺进中队,0,3,0,1,,,context_only
东里庄战斗,0,2,2,0,,,strict_backbone
上海招生事件,0,2,2,0,,,strict_backbone
华蓥山区武装力量筹备,0,1,0,0,,,context_only
歼灭民团,0,4,3,0,,,strict_backbone
皖南事变,0,4,0,0,,,context_only
龙州起义大会撕毁国民党帽徽,0,6,2,0,,,strict_backbone
妇女参军运动,0,2,2,1,,,strict_backbone
教育经费问题研究,0,1,0,0,,,context_only
江津暴动,0,8,6,0,,,strict_backbone
王家埂战斗,1,5,4,0,,,strict_backbone
红四军入闽,1,8,4,0,,,strict_backbone
挑粮渡荒,0,3,1,0,,,strict_backbone
威南战役,0,2,2,0,,,strict_backbone
考入黄埔军校,0,3,0,0,,,context_only
夜袭师宗,0,2,0,0,,,context_only
闹长江政治斗争,0,2,0,0,,,context_only
第二汽车厂建设,0,3,2,0,,,strict_backbone
重庆‘三三摘惨案’,0,1,0,0,,,context_only
洪湖根据地水利建设,0,2,2,0,,,strict_backbone
单刀赴会谈判,0,3,0,0,,,context_only
五·二、〇运动,0,1,1,0,,,strict_backbone
金坛抗日游击,1,3,3,0,,,strict_backbone
征粮减租减息斗争,0,2,1,0,,,strict_backbone
南京接管工作,0,4,0,0,,,context_only
常德解放,2,2,2,0,,,strict_backbone
毕节苏维埃政权建立,0,2,2,0,,,strict_backbone
汉口人力车工人罢工,1,6,6,0,,,strict_backbone
惨遭杀害,0,6,0,0,,,context_only
战地工作团宣传抗日,0,2,2,0,,,strict_backbone
反对征工导难斗争,0,1,0,0,,,context_only
学潮运动,1,5,3,1,,,strict_backbone
政治历史审查,0,3,1,0,,,strict_backbone
火龙山战斗,0,2,2,0,,,strict_backbone
学潮平息,0,4,1,0,,,strict_backbone
丽江民众联防自卫武装,0,1,0,0,,,context_only
总支,0,7,0,0,,,context_only
认花,0,1,0,0,,,context_only
放弃湘西会师改向贵州,0,1,0,0,,,context_only
起义回归,0,1,0,0,,,context_only
隐蔽精干方针执行,0,3,0,0,,,context_only
涟水保卫战,1,31,18,0,,,strict_backbone
茶陵会议,0,1,0,0,,,context_only
清剿罢教运动,0,4,2,0,,,strict_backbone
红军四军团行动,0,3,0,1,,,context_only
渡江战役/开辟新区,0,1,1,0,,,strict_backbone
运动战战略思想,0,3,0,0,,,context_only
开动机器,0,1,0,0,,,context_only
训练班教学与唯物史观教育,0,3,0,0,,,context_only
中共三大,3,19,7,1,,,strict_backbone
妇女革命斗争,0,1,1,0,,,strict_backbone
昆明义勇自卫队,0,4,4,0,,,strict_backbone
革命文艺活动,0,1,0,0,,,context_only
反奸诉苦与司法审判,0,3,0,0,,,context_only
皖南起义,1,4,4,0,,,strict_backbone
会师/整编,0,3,3,0,,,strict_backbone
抗捐同盟会,0,6,1,0,,,strict_backbone
杨林乡农民革命运动,1,1,1,0,,,strict_backbone
五潭河战斗,0,5,2,0,,,strict_backbone
孙文主义研究会,0,1,0,0,,,context_only
左翼作家联盟(左联),0,2,0,0,,,context_only
杨子昭部收编事件,0,2,2,0,,,strict_backbone
抗战后援会茶话会,0,3,1,0,,,strict_backbone
攻克麒麟镇/阻击增援,0,0,0,0,,,isolated
淮南建设运动,0,4,0,0,,,context_only
清口兵变,0,4,3,0,,,strict_backbone
滇西人民武装斗争,0,2,2,0,,,strict_backbone
抗美援朝保家卫国运动,2,7,4,0,,,strict_backbone
溪源县抗日民主政权,0,4,0,0,,,context_only
学联中者为三人,0,1,0,0,,,context_only
广汉起义,1,21,13,1,,,strict_backbone
湘潭团组织建立,1,4,4,0,,,strict_backbone
民主监督/选举批评,0,1,0,0,,,context_only
二十七大血案,0,6,1,0,,,strict_backbone
柴坪会议,0,1,1,0,,,strict_backbone
高邮湖西游击战,0,2,0,0,,,context_only
江苏工农运动,0,3,0,0,,,context_only
节粮运动,0,2,2,0,,,strict_backbone
私营工商业,0,3,0,0,,,context_only
鄂豫皖边区和平谈判,0,5,5,2,1937-08-01,1937-08-31,strict_backbone
推翻唐继尧反动统治,0,3,3,0,,,strict_backbone
查界乡宣传与土匪围攻,0,3,1,0,,,strict_backbone
撤离北京发动群众,0,1,1,0,,,strict_backbone
十八师掩护任务,0,3,1,0,,,strict_backbone
三渡赤水/四渡赤水,0,0,0,0,,,isolated
北区龚家沟打甲长斗争,0,3,0,0,,,context_only
龙凤山反击战,0,6,2,0,,,strict_backbone
袭击西宁场,1,6,4,0,,,strict_backbone
浒湾战斗,0,10,9,0,,,strict_backbone
农民自卫军组织,0,4,4,0,,,strict_backbone
争取保长/打击土劣,0,1,0,0,,,context_only
日军轰炸湘阴县城,0,3,0,0,,,context_only
长海县解放,0,4,0,0,,,context_only
反日宣传运动,0,2,2,0,,,strict_backbone
围攻长沙战斗,0,1,0,0,,,context_only
全省第一次农民代表大会,3,4,4,0,,,strict_backbone
解放潼南,3,17,9,0,,,strict_backbone
困牛石伏击战,0,3,3,0,,,strict_backbone
党中央迁入上海,0,2,0,0,,,context_only
百纳进剿,0,2,0,0,,,context_only
反汉奸运动,0,3,1,1,,,strict_backbone
李希哲叛乱事件,0,3,0,0,,,context_only
南昌八一起义,1,4,4,0,,,strict_backbone
萧县小朱庄战斗,0,2,2,0,,,strict_backbone
刘应铭投降事件,0,5,2,1,,,strict_backbone
土地改革班,0,3,0,0,,,context_only
临涣集反恶霸斗争,0,2,2,0,,,strict_backbone
郑巷会议,0,1,0,0,,,context_only
晨声队,0,3,0,0,,,context_only
加入少先队,0,1,1,0,,,strict_backbone
双减与生产互助,0,2,1,0,,,strict_backbone
坪石战役,0,2,2,0,,,strict_backbone
锅厂保卫战,0,3,3,0,,,strict_backbone
长征突围,0,3,0,0,,,context_only
反蒋示威,0,1,0,0,,,context_only
思南地下党组织筹建会议,0,3,0,0,,,context_only
东桥地区斗争,1,5,3,0,,,strict_backbone
水南事件,0,3,0,0,,,context_only
争取湖沟伪军伪组织工作,0,2,2,0,,,strict_backbone
华宁县盘溪磨沙滩战斗,0,14,14,0,,,strict_backbone
江口会议,0,3,0,0,,,context_only
袁店集战役,0,8,4,1,,,strict_backbone
革命宣传,2,17,2,0,,,strict_backbone
南川起义,0,2,2,0,1927-01-01,1927-12-31,strict_backbone
淮南地下党斗争,0,5,2,1,,,strict_backbone
围剿王仲书匪部,0,1,0,0,,,context_only
担任民兵队长,0,1,0,0,,,context_only
新兵大队冲突事件,0,4,2,0,1947-01-01,1947-12-31,strict_backbone
二战杨家门,0,2,0,0,,,context_only
追悼大会,3,40,15,1,,,strict_backbone
燕子口奔袭战斗,0,3,1,1,,,strict_backbone
‘六·一’惨案,0,4,0,1,,,context_only
镇压暴动,0,3,2,0,,,strict_backbone
编辑出版《血战东南》,0,1,0,0,,,context_only
简阳赴法勤工俭学的学生,0,3,0,0,,,context_only
寒假留校服务团,0,2,0,0,,,context_only
抢占皎平渡口,0,3,2,0,,,strict_backbone
永平剿匪战斗,0,1,0,0,,,context_only
七·七事件,0,6,0,0,,,context_only
俘虏军官座谈会,0,2,2,0,,,strict_backbone
汝溪暴动,3,5,5,0,,,strict_backbone
武汉学生救国团,0,6,0,0,,,context_only
国民党左派与共产党的斗争,0,3,3,0,,,strict_backbone
川陕省第三次工农兵代表大会,1,3,1,1,,,strict_backbone
政协协定,0,3,0,0,,,context_only
开除党籍处理,0,3,0,0,,,context_only
首战告捷,0,2,0,0,,,context_only
谷城武装斗争,0,2,2,0,,,strict_backbone
解放前三次中党的活动,0,1,1,0,,,strict_backbone
个旧锡矿工人,0,3,0,0,,,context_only
和平起义活动,1,4,1,0,,,strict_backbone
捷光篮球队,0,2,0,0,,,context_only
阻顽东犯,0,2,1,0,,,strict_backbone
党组织资料转移行动,0,6,1,0,,,strict_backbone
鲁班场战斗/三渡赤水准备,0,0,0,0,,,isolated
联防队、乡分队,0,1,0,0,,,context_only
渠河渡江,0,3,0,0,,,context_only
闽赣两省苏区工人代表大会,0,1,0,0,,,context_only
纪念活动筹备,0,3,0,0,,,context_only
抓枪杆子,0,3,1,0,,,strict_backbone
国民党八十九军起义,0,3,0,1,,,context_only
联升寨解围战,1,3,3,0,,,strict_backbone
富林会议,1,10,6,0,,,strict_backbone
激战杨公庙,0,1,1,0,,,strict_backbone
芦花会议,2,19,9,0,,,strict_backbone
爬雪山过草地/腊子口,0,0,0,0,,,isolated
社会调查与剿匪,1,4,2,1,,,strict_backbone
猫儿寨战斗,0,10,7,0,,,strict_backbone
弹药运输,0,3,0,0,,,context_only
自救军转战滇越边境,1,6,1,0,,,strict_backbone
开国民大会,0,6,1,1,,,strict_backbone
吴海龙股匪,0,3,1,0,,,strict_backbone
打土豪分谷,0,3,1,2,,,strict_backbone
将军山战斗胜利,0,6,1,0,,,strict_backbone
兵运,1,6,2,0,,,strict_backbone
没收地主财物济贫,0,3,1,0,,,strict_backbone
武装洗刷,0,3,0,0,,,context_only
东陂战役,0,11,1,0,,,strict_backbone
江尾地区党组织斗争,0,3,0,0,,,context_only
护校保产斗争,1,8,4,1,,,strict_backbone
重庆‘六·二’大逮捕,0,3,1,0,,,strict_backbone
各路暴动与反扑,0,1,1,0,,,strict_backbone
红军与滇军对峙战斗,0,3,0,0,,,context_only
武装割据赣西南计划,0,3,0,0,,,context_only
扎西行动,0,5,3,0,,,strict_backbone
丹北反清乡斗争,0,3,0,0,,,context_only
中共桃源县委成立,0,3,0,0,,,context_only
肃托会议,0,1,0,0,,,context_only
曹甸战斗,0,2,2,0,,,strict_backbone
烽火剧社,1,6,3,0,,,strict_backbone
武器收缴事件,0,3,0,0,,,context_only
袭击湖北板桥,0,2,0,0,,,context_only
剿灭土匪判乱,0,5,3,1,,,strict_backbone
挂旗与领袖像通知,0,5,2,0,,,strict_backbone
武汉国民革命运动,0,2,0,0,,,context_only
策动起义,0,3,1,0,,,strict_backbone
无产阶级暴动,1,5,3,1,1927-01-01,1927-12-31,strict_backbone
萧北抗日活动,0,3,1,0,,,strict_backbone
会师/根据地建设,0,2,2,0,,,strict_backbone
成都事件,0,11,2,0,,,strict_backbone
红三军组建,1,2,2,0,,,strict_backbone
毛泽东著作翻印,0,3,0,0,,,context_only
反内战反饥饿反迫害墙报,0,1,1,0,,,strict_backbone
打忠州问题讨论,0,2,2,0,,,strict_backbone
鹤庆人民自卫大队,0,14,0,0,,,context_only
八届六中全会,0,3,0,0,,,context_only
中央红军一至五次反围剿,0,1,0,0,,,context_only
赣东群众斗争,0,1,1,0,,,strict_backbone
随军南下与解放贵州,0,2,0,0,,,context_only
皖西解放区,0,6,1,1,,,strict_backbone
粮食财产没收条例颁布,0,3,0,0,,,context_only
反对小资产阶级的极左主义,0,2,0,0,,,context_only
袭击郎溪县毕桥乡公所,0,3,0,0,,,context_only
溧水地区恢复,1,1,1,0,,,strict_backbone
赠铜壶,0,3,0,0,,,context_only
唐生智溃退与暴动准备,0,3,1,0,,,strict_backbone
荔波县城被围与增援,0,6,4,0,,,strict_backbone
红三军进入鄂西北,0,3,3,0,,,strict_backbone
弥泸区革命斗争,0,1,0,0,,,context_only
湘鄂赣粤四省秋收暴动,0,3,3,0,,,strict_backbone
醴陵和平解放,0,2,0,0,,,context_only
阜阳武装暴动,2,5,2,0,,,strict_backbone
井隆乡建政,0,2,2,0,,,strict_backbone
解放贵州,2,15,4,0,,,strict_backbone
土改诉苦运动,0,2,2,0,,,strict_backbone
上海法商电车工人罢工,0,5,2,0,,,strict_backbone
李如雪,0,2,0,0,,,context_only
南京工人代表大会,0,3,0,0,,,context_only
勇猛冲锋,0,5,2,0,,,strict_backbone
斗争面扩大化,0,1,0,0,,,context_only
八一暴动纪念大会,0,2,2,0,,,strict_backbone
中国共产党第五次大会,0,1,0,0,,,context_only
太平乡民团政治教育和军事训练,0,2,2,0,,,strict_backbone
赤卫军红色武装,0,2,0,0,,,context_only
荣县农民党员,0,3,1,0,,,strict_backbone
反贪污、反扩充自卫队学生运动,0,1,0,0,,,context_only
彭泽战役,0,3,3,0,,,strict_backbone
战斗回忆,0,1,0,0,,,context_only
青杠寨战斗,0,1,0,0,,,context_only
南下野战军四兵团进入云南,0,3,0,0,,,context_only
组织恢复与县委成立,0,2,2,0,,,strict_backbone
阳澄湖战斗,1,5,3,1,,,strict_backbone
攻占兴化高邮指示,0,3,2,0,,,strict_backbone
石响会议,0,3,0,0,,,context_only
中国共产党扩大的六届三中全会,4,6,4,0,,,strict_backbone
鄂北惨案,0,4,0,0,,,context_only
匪徒袭击征粮队员,0,4,0,0,,,context_only
创建黔东北根据地动员,0,1,0,0,,,context_only
龙海山区游击大队,0,2,0,0,,,context_only
大龙坪、蛟湖战斗,0,1,1,0,,,strict_backbone
左翼‘剧联’南京分盟,1,4,4,0,,,strict_backbone
马家河农民运动,0,2,0,0,,,context_only
扎筏子/渡江,0,2,2,0,,,strict_backbone
便水战役准备,0,2,2,0,,,strict_backbone
盘山合围战斗,1,6,6,0,,,strict_backbone
围攻马厂顽敌战斗,1,2,2,0,,,strict_backbone
浒墅关车站战斗,0,5,1,0,,,strict_backbone
长滆抗日自卫团,0,1,0,0,,,context_only
求学经历,0,3,0,0,,,context_only
白水洞战斗,0,2,2,0,,,strict_backbone
新宁县暑期学生补习班,2,2,2,0,,,strict_backbone
毛泽东思想学习运动,0,2,1,0,,,strict_backbone
收复失地与扩大红色区域,0,5,4,0,,,strict_backbone
保山临时地委成立,0,2,2,0,,,strict_backbone
9纵队与7纵队会师,0,1,0,0,,,context_only
镇山事变,0,3,0,0,,,context_only
平息彭山土匪暴乱,0,3,3,0,,,strict_backbone
宿县国民会议促成会,0,1,0,0,,,context_only
反“围剿”准备,1,3,1,0,,,strict_backbone
祁阳农民运动,0,3,0,0,,,context_only
进攻上海,0,3,1,0,,,strict_backbone
募捐支前,0,3,0,0,,,context_only
反蒋武装,0,1,0,0,,,context_only
抗日、反法西斯图片展览,0,1,1,0,,,strict_backbone
反动思想批判运动,0,1,0,0,,,context_only
革命斗争历史,0,1,0,0,,,context_only
《新人画会》,0,4,0,0,,,context_only
松桃印江德江武装起义情况,0,1,0,0,,,context_only
醴陵县大队建立,0,6,0,0,,,context_only
响螺峰收编事件,0,6,1,0,,,strict_backbone
马厂区行政促进会,0,1,1,0,,,strict_backbone
筹建交通站探监营救,1,3,2,0,,,strict_backbone
废除高利贷,1,3,1,0,,,strict_backbone
宜丰港口战斗,0,3,0,0,,,context_only
红七军第一次代表大会,0,3,0,0,,,context_only
湘南战役,0,3,3,1,1949-01-01,1949-12-31,strict_backbone
赶走范承先斗争,1,4,3,0,,,strict_backbone
加入红军与肃反斗争,0,3,0,0,,,context_only
八·一南昌暴动,0,2,2,0,,,strict_backbone
发展武装,0,1,0,0,,,context_only
江西省教育会议,0,3,0,1,,,context_only
龙光章事件,0,2,2,0,,,strict_backbone
袁家沟口之战,0,3,3,0,,,strict_backbone
四·二八武装暴动,0,5,5,1,1949-01-01,1949-12-31,strict_backbone
护厂保货斗争,0,2,2,0,,,strict_backbone
反清剿斗争胜利四十周年座谈会,0,1,1,0,,,strict_backbone
民主建政时期反封建斗争,0,3,0,0,,,context_only
淮城市妇联联合会成立,0,3,1,0,,,strict_backbone
两路口战,0,2,2,0,,,strict_backbone
湘鄂赣第二届苏维埃第六次主席团会议,0,3,0,3,,,context_only
敌后发展,1,3,1,0,,,strict_backbone
水口山铅锌矿工人大罢工,0,6,3,0,,,strict_backbone
万人大会声讨蒋介石,0,1,0,0,,,context_only
张大路会议,0,1,0,0,,,context_only
三·一·一惨案,0,6,1,0,,,strict_backbone
破坏铁路拦截军火,2,5,3,0,,,strict_backbone
民主生活批评,0,2,1,0,,,strict_backbone
横渡信江,0,3,1,0,,,strict_backbone
急行军突破封锁线行动,0,6,2,0,,,strict_backbone
那京总队,0,3,0,0,,,context_only
响水洞剿匪,1,1,1,0,,,strict_backbone
桥沟集激战,0,1,0,0,,,context_only
中共石公华县委成立,0,2,2,0,,,strict_backbone
暴动计划,3,39,16,1,,,strict_backbone
城市接管工作,1,2,2,0,,,strict_backbone
兴义复城战斗,0,6,3,1,,,strict_backbone
挺进报秘密散发,1,2,2,0,,,strict_backbone
土改发动群众/整理农协组织,0,1,1,0,,,strict_backbone
长顺县城保卫战,0,4,2,0,,,strict_backbone
保安旅,0,3,1,1,,,strict_backbone
卜算子·纪念南京解放四十周年,0,3,0,0,,,context_only
《黄山报》出版,0,3,1,0,,,strict_backbone
1948年中国共产党领导的革命运动,1,2,2,0,,,strict_backbone
四川省委第二次全体会议,0,6,0,0,,,context_only
驱唐大会,0,3,0,0,,,context_only
淮南津浦路东区党委追悼大会,0,2,0,0,,,context_only
政大应变会,0,2,0,0,,,context_only
武装队,0,1,0,0,,,context_only
镇压反革命,1,24,5,0,,,strict_backbone
龙云犒劳/蒋介石视察,0,1,0,0,,,context_only
《红星》,0,3,0,0,,,context_only
币潮会,0,3,1,0,,,strict_backbone
通信员工作,1,3,1,0,,,strict_backbone
昆明‘一二·一’惨案,1,6,3,0,,,strict_backbone
沙溪血战,1,3,3,0,,,strict_backbone
广州起义总指挥部参谋团会议,0,2,0,0,,,context_only
红十八师江口归建,0,4,1,0,,,strict_backbone
淮北反顽战斗,0,3,1,0,,,strict_backbone
工人运动兴起,0,1,0,0,,,context_only
金沙歼灭战,0,2,2,0,,,strict_backbone
黄仁惨案,0,6,2,0,,,strict_backbone
皖西地区革命活动,0,4,4,0,,,strict_backbone
征粮大队,2,3,3,0,,,strict_backbone
虬山战斗,1,7,7,0,,,strict_backbone
罗平中队,0,3,0,0,,,context_only
太湖县总队,0,2,2,0,,,strict_backbone
太运游击中队,0,12,2,0,,,strict_backbone
打前站小组,0,3,0,0,,,context_only
竹子岗、新丰、麒麟门战斗,0,0,0,0,,,isolated
赣西反‘围剿’斗争,0,7,7,1,1930-01-01,1930-12-31,strict_backbone
南下退却,1,1,1,0,,,strict_backbone
打倒国民党反动派,0,3,0,0,,,context_only
太湖桐山战斗,0,11,0,0,,,context_only
中国科学工作者协会成立,0,3,0,0,,,context_only
攻打六合城战斗,0,8,5,0,,,strict_backbone
第三次反围剿,2,19,15,0,,,strict_backbone
剿匪肃特行动,0,5,4,0,,,strict_backbone
江南抗日游击根据地建设,0,2,2,0,,,strict_backbone
亮司群众大会与土匪袭击,0,4,1,0,,,strict_backbone
突围行动/广昌战役,0,0,0,0,,,isolated
蒋经国主政赣南,0,6,0,0,,,context_only
忠信乡巡逻队,0,5,2,1,,,strict_backbone
政协第四次会议,0,2,2,0,,,strict_backbone
新四军党报大会,0,2,0,0,,,context_only
肃特镇反运动,0,5,3,0,,,strict_backbone
石阡会议,0,15,4,0,,,strict_backbone
保卫队/警卫营,0,2,1,0,,,strict_backbone
达县武装斗争,0,3,0,0,,,context_only
粤汉路罢工指挥总部,0,3,1,0,,,strict_backbone
川陕根据地反围剿斗争,0,3,1,0,,,strict_backbone
上海工人总同盟大罢工,1,2,2,0,,,strict_backbone
秘密无线电台建立,0,3,3,0,,,strict_backbone
选择伏击地形/部署便衣,0,6,5,0,,,strict_backbone
组织抗暴大游行与绘制漫画教唱歌曲,0,3,0,0,,,context_only
《目前形势和我们的任务》,0,11,2,0,,,strict_backbone
奇袭茅家镇(战前准备),0,6,2,0,,,strict_backbone
七政特支会议,0,3,0,0,,,context_only
组织现实社,0,3,1,0,,,strict_backbone
发展江边口岸组织,0,2,0,0,,,context_only
县农协成立大会,0,1,0,0,,,context_only
省二女师革命学生运动,0,3,1,0,,,strict_backbone
第一次反‘扫荡’斗争,1,5,2,1,,,strict_backbone
湖北省政府员工反饥饿斗争,0,5,0,0,,,context_only
抗日救亡宣传,9,108,47,1,,,strict_backbone
《故乡》,0,3,0,0,,,context_only
东韶再捷,0,3,1,0,,,strict_backbone
交通站传递信件,0,4,1,0,,,strict_backbone
滇桂黔边第二临时人民行政专员公署,0,3,0,0,,,context_only
斗争大会,0,4,2,0,,,strict_backbone
分水岭战役,0,2,2,0,,,strict_backbone
第二次工农兵代表大会,0,1,0,0,,,context_only
重庆新闻界雪耻大会,0,1,1,0,,,strict_backbone
潇水阵地防御,0,3,0,0,,,context_only
'读书会',14,314,122,5,,,strict_backbone
第一次国共合作的统一战线破裂,0,2,0,0,,,context_only
情报收集行动,0,1,1,0,,,strict_backbone
金豆潭取枪,0,5,3,1,,,strict_backbone
修筑公路及桥梁工程,0,3,0,0,,,context_only
蛤蟆卡对外贸易处,0,1,0,0,,,context_only
汉族地区第三类地区复查,0,1,0,0,,,context_only
审问击伤,0,1,0,0,,,context_only
杨中队突围,0,1,1,0,,,strict_backbone
土桥村农民协会成立,0,5,2,0,,,strict_backbone
山洞攻坚战,0,3,1,0,,,strict_backbone
兵变事件,0,4,3,0,,,strict_backbone
敌重点清剿,0,1,0,0,,,context_only
新雅读书会,0,6,0,0,,,context_only
淮宝县委扩大会议,0,4,0,0,,,context_only
东征,3,17,11,0,,,strict_backbone
红十军出击赣北,2,8,4,0,,,strict_backbone
下达作战命令围歼白蒲之敌,0,3,3,0,,,strict_backbone
黔西城攻占,0,2,0,0,,,context_only
联防大队,0,4,0,0,,,context_only
《回顾黄平解放》,0,7,0,0,,,context_only
洪家铺之战,0,5,4,0,,,strict_backbone
抗日秘密斗争,0,2,2,1,1949-01-01,1949-12-31,strict_backbone
攻克赣榆,0,1,1,0,,,strict_backbone
反破坏斗争,0,3,2,0,,,strict_backbone
文家市大捷,1,3,1,0,,,strict_backbone
共进会湖北总部,0,5,2,0,,,strict_backbone
清理中层内部肃反,0,4,0,0,,,context_only
攻赣战役,0,3,0,0,,,context_only
大柏地作战,0,1,0,0,,,context_only
贵州省委在湖南成立,1,6,1,0,,,strict_backbone
通山县黄沙镇会议,0,3,1,0,,,strict_backbone
红二、六军团突围行动,0,0,0,0,,,isolated
镇远县公安工作,0,5,5,0,,,strict_backbone
"反""三征""斗争",0,3,0,0,,,context_only
江川解放,1,7,2,0,,,strict_backbone
平江事件,0,3,0,0,,,context_only
武装农民与大暴动准备,0,1,0,0,,,context_only
长阳西湾起义,1,4,4,0,,,strict_backbone
盐业工人罢工,0,2,2,0,,,strict_backbone
第一次国共合作,0,4,3,0,,,strict_backbone
三路红军成立事件,0,3,0,0,,,context_only
反‘罗明路线’斗争,0,7,6,2,1933-01-01,1933-12-31,strict_backbone
反对打人斗争,0,2,2,0,,,strict_backbone
1921年旱灾救济款清算事件,0,3,0,1,,,context_only
开展民运工作,0,6,2,0,,,strict_backbone
平塘县城保卫战,0,2,1,0,,,strict_backbone
诱敌出猪街/伏击部署,2,7,3,0,,,strict_backbone
湖北和平运动,1,3,2,0,,,strict_backbone
四川留法勤工俭学运动,1,6,3,0,,,strict_backbone
安江解放,0,2,2,1,1949-10-03,1949-10-03,strict_backbone
青神西山武装起义,2,4,4,0,,,strict_backbone
《突击》,0,9,1,0,,,strict_backbone
砸碎洋行招牌,0,2,1,0,,,strict_backbone
油业屠宰业罢工,0,1,0,0,,,context_only
保安队起义,0,6,1,0,,,strict_backbone
江津学生联合会,0,4,2,0,,,strict_backbone
乌蒙山回旋突围,0,3,0,0,,,context_only
民主政权建设,0,10,0,0,,,context_only
处决何朗清,2,3,3,0,,,strict_backbone
王耀云暂编三十四团叛乱,1,3,1,1,,,strict_backbone
李闻被暗杀案,0,3,0,0,,,context_only
挽救教育争取和平运动,0,2,2,0,,,strict_backbone
进军湄潭县城,0,2,0,0,,,context_only
金沟之战,0,6,2,0,,,strict_backbone
苏南敌后侦察,0,2,2,0,,,strict_backbone
南本乡会议,0,3,1,0,,,strict_backbone
牛角会反暴斗争,0,3,0,0,,,context_only
广东战役,0,1,1,0,,,strict_backbone
七师战斗,0,1,0,0,,,context_only
抗日民兵组织,0,1,0,0,,,context_only
军事战术与旗语规定,0,3,1,0,,,strict_backbone
泗县暴动,0,5,2,0,,,strict_backbone
安义党小组,0,2,2,0,,,strict_backbone
路东战役,0,1,0,0,,,context_only
红军战斗撤退行动,0,6,0,0,,,context_only
巧渡金沙,0,9,1,1,,,strict_backbone
四次‘围剿’,0,10,5,1,,,strict_backbone
仇货检查团,0,1,0,0,,,context_only
中央政治局党委会议,0,1,0,0,,,context_only
反拉丁战斗小组,0,8,4,0,,,strict_backbone
地武建设,0,3,1,1,,,strict_backbone
青年团建团工作,0,1,1,0,,,strict_backbone
反对罗××事件,0,1,1,0,,,strict_backbone
二打长沙,0,3,0,0,,,context_only
防汛,0,3,0,0,,,context_only
万县惨案重庆国民雪耻会,0,1,0,0,,,context_only
红九军团宿营事件,0,3,0,0,,,context_only
溧水四区抗日动员委员会成立,0,2,2,0,,,strict_backbone
共党书店处理行动,0,2,2,1,,,strict_backbone
敌人清乡屠杀,0,3,0,0,,,context_only
溧水日军,0,2,2,0,,,strict_backbone
第二次募乃之战,0,3,2,0,,,strict_backbone
香炉山歼匪战,0,2,0,0,,,context_only
抗日战争时期斗争,0,5,2,2,,,strict_backbone
参加红军与淮海战役,0,1,0,0,,,context_only
社坞岭战斗,0,1,0,0,,,context_only
上海英美烟公司工人罢工,0,7,0,0,,,context_only
四〇年三月第三梯队转移途中战斗,0,3,2,0,,,strict_backbone
盛镇暴动,0,3,3,0,,,strict_backbone
牛洞山战斗,0,3,2,0,,,strict_backbone
保护财产牺牲,0,3,0,0,,,context_only
小田庄伏击战,0,4,4,0,,,strict_backbone
合理负担,0,6,0,0,,,context_only
石坪会议,0,3,0,0,,,context_only
红军清洁卫生行动,0,4,0,1,,,context_only
民盟解散,0,1,1,0,,,strict_backbone
横征暴敛,0,2,0,0,,,context_only
土改斗地主,0,3,1,0,,,strict_backbone
二届大会代表分布及成份统计,0,1,0,0,,,context_only
民兵布下合围,0,5,1,0,,,strict_backbone
解放后农村建设,0,3,1,0,,,strict_backbone
罗明路线斗争,0,8,6,0,,,strict_backbone
解放锦屏,0,5,1,0,,,strict_backbone
坡脚区剿匪行动,1,6,3,0,,,strict_backbone
小学教师联合会,0,4,0,0,,,context_only
反匪反霸斗争,0,6,1,1,,,strict_backbone
驱逐刘燮臣风潮,0,3,2,0,,,strict_backbone
重庆监狱斗争,0,4,4,0,,,strict_backbone
夜袭吕良桥,0,2,2,0,,,strict_backbone
革命挽联,0,1,0,0,,,context_only
渡江南下支前,0,3,0,0,,,context_only
电厂护厂队,0,2,0,0,,,context_only
捐献飞机大炮,0,4,0,0,,,context_only
民兵以少胜多/蒙世花探山捉匪/罗忠明跳洞捉匪,0,0,0,0,,,isolated
工人纠察队成立,0,5,0,0,,,context_only
刻苦学习自我鞭策,0,2,1,0,,,strict_backbone
干部整风运动,0,3,0,0,,,context_only
'一二·一'惨案,1,91,23,1,,,strict_backbone
十万坪战斗,1,5,3,0,,,strict_backbone
革命烈士纪念,0,3,0,0,,,context_only
青年团建团,0,5,3,1,,,strict_backbone
走马场遭遇战,0,1,1,0,,,strict_backbone
取消派,0,1,0,0,,,context_only
特务组织破获行动,0,3,0,0,,,context_only
长征渡江,0,3,3,0,,,strict_backbone
讨王献臣战斗,0,3,0,0,,,context_only
五卅运动影响下的学生运动,0,1,0,0,,,context_only
匪首可耻下场及公审枪决,0,6,1,1,,,strict_backbone
黄麻起义及其前后斗争,0,1,0,0,,,context_only
常宁执委,0,6,0,0,,,context_only
上海罢工,0,3,1,1,,,strict_backbone
《公正报》,0,8,2,0,,,strict_backbone
人民自卫大队二次攻城,0,6,1,1,,,strict_backbone
《突击》话剧演出,0,3,1,0,,,strict_backbone
怀化剿匪,1,5,3,1,,,strict_backbone
解南战役,2,3,3,0,,,strict_backbone
第三梯队,0,3,0,0,,,context_only
建立海上交通线/采购军需/护送干部,0,0,0,0,,,isolated
茶陵设防剿共,0,6,2,1,,,strict_backbone
桥北攻势,0,3,0,0,,,context_only
泗沭县王集战斗,0,3,1,1,,,strict_backbone
攻打郎岱,0,1,0,0,,,context_only
密码本抄写,1,3,3,0,,,strict_backbone
南昌县党部改组,2,2,2,0,,,strict_backbone
东南绥靖区第一次反敌政略会议,1,3,1,0,,,strict_backbone
妇女识字班,3,21,10,1,,,strict_backbone
解放大军过长江,0,3,0,0,,,context_only
战斗场景,0,1,0,0,,,context_only
敌伪清乡政治建设,0,1,0,0,,,context_only
“七·二一”农民武装暴动,1,8,8,0,,,strict_backbone
收缴枪支,0,9,1,0,,,strict_backbone
三重堰战斗,0,6,2,0,,,strict_backbone
帝国主义干涉,0,1,1,0,,,strict_backbone
护局应变斗争,0,4,4,0,,,strict_backbone
奇袭赤土坡/全歼守敌,0,1,1,0,,,strict_backbone
北伐军铁道队,0,2,2,0,,,strict_backbone
整训活动,0,9,0,0,,,context_only
丹寨县人民政府成立,1,5,2,0,,,strict_backbone
仕川农民自卫军攻城暴动,1,3,2,0,,,strict_backbone
少数民族地区建政指示,0,1,0,0,,,context_only
托匪事件,0,2,2,0,,,strict_backbone
社章制定,0,3,1,0,,,strict_backbone
武汉学运工作,0,9,1,1,,,strict_backbone
揭露碉堡政策与动员川军拖枪,0,4,1,0,,,strict_backbone
里应外合攻占蚌埠,0,3,1,0,,,strict_backbone
义八党支部暴动,0,2,0,0,,,context_only
云贵抗日后援军,1,3,3,0,,,strict_backbone
土办法指挥,0,1,0,0,,,context_only
虎南地区武装起义,0,2,2,0,,,strict_backbone
基督教女青年会乡村服务队,0,3,0,0,,,context_only
平中区工作开辟,0,3,1,0,,,strict_backbone
新四军十六旅抗击国民党顽军反摩擦战斗,0,5,0,1,,,context_only
毛主席重庆谈判,0,1,0,0,,,context_only
第五次反围剿失败与长征,0,3,1,0,,,strict_backbone
剿匪与反通匪斗争,0,3,0,0,,,context_only
织金县工委教师斗争,0,3,3,0,,,strict_backbone
塑像祭祀,1,4,2,1,,,strict_backbone
下坊暴动,0,2,2,0,,,strict_backbone
白云区土地改革运动,0,5,1,0,,,strict_backbone
老乌塅暴动,0,2,1,0,,,strict_backbone
取消苛捐杂税运动,0,3,1,0,,,strict_backbone
迎接解放工作,0,5,2,0,,,strict_backbone
成立民先队,1,3,1,0,,,strict_backbone
郎岱三三暴动成员名单,0,1,0,0,,,context_only
湘南游击总队成立,0,4,2,0,,,strict_backbone
进步学生运动,0,2,0,0,,,context_only
抗日团体与军队,0,1,0,0,,,context_only
敌军工作,0,6,2,0,,,strict_backbone
鄂西北到洪湖行军战斗,0,2,2,0,,,strict_backbone
弋阳、横峰农民暴动,1,2,2,0,,,strict_backbone
永胜梓里江桥战斗,0,1,0,0,,,context_only
崎石年关暴动,2,4,4,0,,,strict_backbone
反运动,1,3,2,0,,,strict_backbone
中江全境解放祝捷大会,0,1,1,0,,,strict_backbone
救亡运动,0,2,2,0,,,strict_backbone
整理改造,0,1,0,0,,,context_only
封建土地剥削,0,3,0,0,,,context_only
懋功县达维会师桥、县城,0,1,0,0,,,context_only
九军团长征,0,3,0,0,,,context_only
秋收起义的工农革命武装,0,2,0,0,,,context_only
炉山保卫战,0,6,1,0,,,strict_backbone
征兵制度问题,0,3,0,0,,,context_only
乡建院同学被捕事件,0,3,0,0,,,context_only
码头工人斗争,0,1,1,0,,,strict_backbone
还乡革命活动,0,3,1,0,,,strict_backbone
登记停止反动社团活动,0,3,0,0,,,context_only
滇西南反蒋斗争,1,3,3,0,,,strict_backbone
解放丰都,0,7,6,0,1949-01-01,1949-12-31,strict_backbone
鸿鸣三省会战,0,3,0,0,,,context_only
秘密环境下的干部教育,0,3,3,0,,,strict_backbone
纪念五四运动,0,4,3,0,,,strict_backbone
纠正左倾错误,0,4,0,0,,,context_only
拥军工作,0,5,2,0,,,strict_backbone
武昌纱厂工人运动,0,2,2,0,,,strict_backbone
重庆‘3·31’大血案,0,2,2,0,,,strict_backbone
南宿州西北乡石村战斗,0,1,1,0,,,strict_backbone
抗日战争时期,0,65,0,3,,,context_only
第五次反‘围剿’决战,0,3,1,0,,,strict_backbone
保甲制度,0,5,0,0,,,context_only
王光泽就义,0,3,0,0,,,context_only
沙凸岭战斗,0,2,2,0,,,strict_backbone
宣传《十大政纲》,0,3,0,0,,,context_only
搜捕活捉谢世钦,0,3,1,0,,,strict_backbone
思南读书会,0,5,3,0,,,strict_backbone
没收浮财/分配田土,0,0,0,0,,,isolated
鄂豫皖地区敌战工作,0,2,2,0,,,strict_backbone
弟兄会暴动与镇压,0,4,2,0,,,strict_backbone
金庄大捷,0,3,0,0,,,context_only
滇军入黔防堵红军长征,0,3,0,0,,,context_only
反特务斗争,0,3,3,0,,,strict_backbone
政治工作体系,0,2,0,0,,,context_only
红军歼灭冉匪武装战斗,0,6,3,1,,,strict_backbone
自流井工人大罢工,3,4,3,0,,,strict_backbone
五州惨案,0,3,2,0,,,strict_backbone
捧鲜游击队大队,2,2,2,0,,,strict_backbone
交通网点建立,0,1,0,0,,,context_only
取消黄梅戏班和赌场,0,4,2,0,,,strict_backbone
诉苦运动,0,7,2,0,,,strict_backbone
民主革命运动堡垒,0,1,0,0,,,context_only
圭山糯衣战斗,0,2,0,0,,,context_only
溪头会议,0,3,0,0,,,context_only
女工运动,2,2,2,0,,,strict_backbone
浦口兵变,0,2,2,0,,,strict_backbone
汀泗桥战役,9,23,15,0,,,strict_backbone
大湾子堵截战,0,2,2,0,,,strict_backbone
清平七保洛邦剿匪行动,0,3,0,0,,,context_only
隐蔽精干方针,0,21,3,0,,,strict_backbone
击溃张云匪部,0,1,0,0,,,context_only
农民抗捐抗租抗利斗争,0,1,1,0,,,strict_backbone
阿路瓦战斗,0,2,0,0,,,context_only
突破乌江攻陷遵义,0,3,1,0,,,strict_backbone
壁报宣传运动,0,6,1,1,,,strict_backbone
赴上海参加革命工作,0,6,1,0,,,strict_backbone
普渡河渡江,0,3,1,0,,,strict_backbone
林隆工作团西隆分团,0,6,0,1,,,context_only
高邮三垛河伏击战,0,5,5,0,,,strict_backbone
解放高淳,2,2,2,0,,,strict_backbone
第一次国内革命战争,1,26,14,2,,,strict_backbone
乐宜崇边区游击战,0,2,2,0,,,strict_backbone
新平解放区战斗,0,3,0,0,,,context_only
心声歌咏队,0,3,0,0,,,context_only
蒙自战役,1,6,1,0,,,strict_backbone
保卫局侦察队,0,3,0,0,,,context_only
上层统战工作,0,2,1,0,,,strict_backbone
长江以南新解放区,0,5,0,0,,,context_only
1941年东撤行动,0,7,5,0,,,strict_backbone
反清剿战斗,0,3,1,1,,,strict_backbone
五·一示威游民心,0,1,0,0,,,context_only
湘鄂赣皖五省暴动,0,3,0,0,,,context_only
长江下游巡逻清剿,0,6,4,0,,,strict_backbone
野战演习,0,6,0,0,,,context_only
岳州罢工,0,2,2,0,,,strict_backbone
全省总暴动计划,0,8,2,0,,,strict_backbone
扩红/整编地方武装,0,1,0,0,,,context_only
群众性清剿运动,0,1,0,0,,,context_only
湘鄂赣边区会议,0,2,2,0,,,strict_backbone
民众自救团,0,8,0,0,,,context_only
打谭家桥,0,5,0,0,,,context_only
匪黔东南绥靖区司令部序列,0,3,0,0,,,context_only
讨伐耿刘叛军,0,1,1,0,,,strict_backbone
暴动建议,0,1,0,0,,,context_only
伪军清乡扫荡,0,4,0,0,,,context_only
五次反围剿/战略转移,0,0,0,0,,,isolated
反对刘锡珍斗争,0,1,1,0,,,strict_backbone
抓团丁/送信,0,1,0,0,,,context_only
反‘三征’群众运动,0,1,0,0,,,context_only
国共合作会议,0,4,4,0,,,strict_backbone
国共合作谈判,0,10,5,0,,,strict_backbone
鄂中起义,0,2,2,0,,,strict_backbone
湖南学潮,0,6,4,3,,,strict_backbone
淮阴战斗善后,0,6,1,0,,,strict_backbone
保护师生员工迎接解放,0,1,0,0,,,context_only
枪走火事件,0,1,0,0,,,context_only
双江镇起义,0,4,4,0,1929-01-01,1929-12-31,strict_backbone
皖赣边界斗争,0,3,3,0,,,strict_backbone
党民公学被捣毁,0,5,0,0,,,context_only
乡苏维埃全面工作执行,0,1,0,0,,,context_only
国民会议,0,5,2,0,,,strict_backbone
九江大血案,0,3,1,0,,,strict_backbone
反迁校斗争,2,22,14,1,1949-01-01,1949-12-31,strict_backbone
切断电话线/配合进攻,0,3,1,0,,,strict_backbone
附中地下组织斗争,0,3,1,0,,,strict_backbone
清江农民运动,0,6,1,0,,,strict_backbone
倪伢子战斗,0,3,0,0,,,context_only
七县联合起义,0,6,1,0,,,strict_backbone
金沙县城战斗,0,6,2,1,,,strict_backbone
审判侵犯人身权利犯罪,0,1,0,0,,,context_only
川北地区武装割据,0,3,1,0,,,strict_backbone
伏击流动扫荡队,0,4,2,0,,,strict_backbone
剪报运动,0,3,0,0,,,context_only
石城保卫战,0,4,4,0,,,strict_backbone
东乡杨舍镇暴动,0,3,3,0,,,strict_backbone
红一方面军战略部署,0,4,4,0,,,strict_backbone
湘鄂赣工农兵第一次代表大会,1,3,1,0,,,strict_backbone
康南战役,0,2,2,0,,,strict_backbone
淮海战役/渡江战役,0,0,0,0,,,isolated
反动派大屠杀,0,2,1,0,,,strict_backbone
龙山集战斗,0,1,0,0,,,context_only
银社,0,1,0,0,,,context_only
湘黔边界合围,0,1,0,0,,,context_only
邮电接收中的群众工作,0,1,0,0,,,context_only
发展党员扩大组织问题,0,3,1,0,,,strict_backbone
全国苏区代表大会,0,3,1,0,,,strict_backbone
淮阴抗日义勇队,0,6,0,0,,,context_only
张贴布告,0,6,1,0,,,strict_backbone
抗粮封仓斗争,1,5,2,0,,,strict_backbone
区委组织发展,1,3,1,1,,,strict_backbone
共产主义小组,0,8,5,0,,,strict_backbone
第十八兵团入川作战,0,4,1,0,,,strict_backbone
工人罢工,2,32,14,0,,,strict_backbone
白区工作错误分析,0,3,1,0,,,strict_backbone
滇西北解放事业,0,3,2,0,,,strict_backbone
四一二事变,0,5,3,1,,,strict_backbone
搜剿行动,0,8,3,0,,,strict_backbone
进攻巢县/要点争夺,0,1,0,0,,,context_only
土地分配条例,0,6,1,0,,,strict_backbone
群众掩护干部/反清乡斗争,0,9,3,0,,,strict_backbone
抗战宣传周工作,0,2,2,0,,,strict_backbone
社会史学习,0,4,1,0,,,strict_backbone
红二方面军成立,0,3,0,0,,,context_only
重庆胡世合反特运动,0,3,3,0,,,strict_backbone
六十二元起数梯形加薪运动,0,2,0,0,,,context_only
双江起义,2,17,14,1,1928-01-01,1928-12-31,strict_backbone
重庆学生游行,0,6,0,1,,,context_only
创办《学生革命会》刊,0,1,0,0,,,context_only
上饶县总工会第三次代表大会,0,1,1,0,,,strict_backbone
滇西解放战役,0,2,2,0,,,strict_backbone
七·七事变3周年纪念歌咏会,1,2,2,0,,,strict_backbone
葛源暴动,4,16,14,1,,,strict_backbone
军运办事处成立,0,1,0,0,,,context_only
红一方面军总部战略退却,0,3,0,0,,,context_only
党员入党宣誓,0,4,1,0,,,strict_backbone
灵溪会议,0,1,0,0,,,context_only
鸦桥战斗,0,3,2,0,,,strict_backbone
个旧矿区工人运动,0,2,2,0,,,strict_backbone
建立党小组,0,8,5,1,,,strict_backbone
五县行委,0,1,0,0,,,context_only
南伐,0,2,2,0,,,strict_backbone
红四师行动,0,3,1,1,,,strict_backbone
南京军事管制,1,4,4,0,,,strict_backbone
占领街市/围攻据点,0,1,1,0,,,strict_backbone
自卫战争动员克服困难,0,6,1,0,,,strict_backbone
忠县后乡人民武装起义,0,9,6,0,,,strict_backbone
师宗县鹤子塘战斗,0,1,0,0,,,context_only
县衙审讯事件,0,3,0,1,,,context_only
汤家沟伏击战,0,2,2,0,,,strict_backbone
狱中同志患病/讲授进步课程,0,1,0,0,,,context_only
贵州省军区会议,0,3,0,0,,,context_only
梁河大厂群众示威游行,0,3,0,0,,,context_only
龙宝寺联络站建立,0,3,2,0,,,strict_backbone
粉碎国民党阴谋,0,1,1,0,,,strict_backbone
红军情报搜集行动,0,6,0,0,,,context_only
红三军六军团会师,0,3,0,1,,,context_only
河口解放,0,2,2,0,,,strict_backbone
重庆抗日救亡运动,1,5,2,0,,,strict_backbone
纪念‘八一三’日意进攻上海的抗日活动,0,5,2,1,,,strict_backbone
黄岩西乡农民暴动,2,2,2,0,,,strict_backbone
鄂中南部骚动与袭击涂老五,0,3,3,0,,,strict_backbone
苏南皖南会师,0,3,0,0,,,context_only
情报工作,1,40,9,1,,,strict_backbone
赣西区(黔西/毕节)建政,0,1,1,0,,,strict_backbone
金绍云暴动,0,1,1,0,,,strict_backbone
运动士兵,0,1,1,0,,,strict_backbone
反丁小组,0,1,0,0,,,context_only
金沟战斗,0,1,0,0,,,context_only
静坐罢工,0,5,1,0,,,strict_backbone
轻骑队组织条例,0,1,0,0,,,context_only
参加长征,0,4,4,0,,,strict_backbone
苏家埠战役,3,16,14,1,,,strict_backbone
剿匪队,0,3,0,1,,,context_only
留守营整编与追击国民党先遣军,1,5,2,0,,,strict_backbone
持青园,1,2,2,0,,,strict_backbone
"益德小学""抗战剧团""",0,1,0,0,,,context_only
湾水保卫战,3,7,3,1,,,strict_backbone
太湖乔木寨战斗,0,1,0,0,,,context_only
湘鄂西中央分局第四次党代表大会,0,2,2,0,,,strict_backbone
长途奔袭雪洞,0,4,2,0,,,strict_backbone
六·四反革命事变,0,3,0,0,,,context_only
击毙土豪郑尔昌父子,0,3,1,0,,,strict_backbone
进步诗歌与版画教育,0,1,0,0,,,context_only
九·五万县惨案反帝斗争,0,3,1,0,,,strict_backbone
大合围剿匪,0,1,0,0,,,context_only
建立抗日根据地互助组,0,2,2,0,,,strict_backbone
壮丁队伍事件,0,5,1,0,,,strict_backbone
湖北省委破坏事件,0,3,0,0,,,context_only
清匪作战,0,2,2,0,,,strict_backbone
商南起义,2,17,13,1,,,strict_backbone
吸收民族资本家参加根据地建设,0,3,2,0,,,strict_backbone
加力战斗,0,3,3,0,,,strict_backbone
大声社,0,2,0,0,,,context_only
杀害红军事件,0,4,0,0,,,context_only
周何湾暴动,1,6,3,0,,,strict_backbone
强渡长江天险,0,3,1,0,,,strict_backbone
宣威县解放斗争,0,4,4,1,,,strict_backbone
军鲁艺工作团解散,0,3,0,0,,,context_only
贯彻婚姻法运动,0,5,3,0,1951-01-01,1951-12-31,strict_backbone
党的建设,0,5,2,1,,,strict_backbone
南溪镇战斗,0,1,0,0,,,context_only
邱家沟口战斗,0,2,1,0,,,strict_backbone
大集集战役,0,3,1,0,,,strict_backbone
接管旧政权,0,14,3,1,,,strict_backbone
下两河口激战,0,1,0,0,,,context_only
东进掘港与战场起义,0,1,1,0,,,strict_backbone
杰坝会议,0,1,0,0,,,context_only
湘潭县工农运动,1,1,1,0,,,strict_backbone
试种烤烟活动,0,3,2,0,,,strict_backbone
党的地委成立大会,0,8,4,0,,,strict_backbone
珠湖农民暴动,0,5,0,0,,,context_only
萍乡特支会议,1,7,7,0,,,strict_backbone
建筑业民主改革补课,0,3,1,0,,,strict_backbone
敌后斗争,0,7,4,2,,,strict_backbone
平坝剿匪斗争,0,4,4,0,,,strict_backbone
健康营,0,3,0,0,,,context_only
祝桥地区战斗,0,2,2,0,,,strict_backbone
黔东北第一次工农兵苏维埃代表大会,0,1,1,0,,,strict_backbone
高杨战斗,0,2,2,0,,,strict_backbone
红二方面军整编,0,2,2,0,,,strict_backbone
缴获飞机事件,0,2,2,0,,,strict_backbone
特种行业管理,0,2,0,0,,,context_only
游击队员牺牲,0,6,1,0,,,strict_backbone
禁赌禁烟运动,0,1,1,0,,,strict_backbone
曼乃保卫战,0,2,0,0,,,context_only
集中营暴动,1,2,2,0,,,strict_backbone
保一团叛乱事件,0,4,1,0,,,strict_backbone
日寇修路驻军,0,3,3,0,,,strict_backbone
红四军攻下桑植,0,2,2,0,,,strict_backbone
处理外国使馆与公共房产,0,3,1,0,,,strict_backbone
送走的二十余人,0,3,0,0,,,context_only
清党,0,9,2,0,,,strict_backbone
金山、松山战役,0,0,0,0,,,isolated
镇头坳和蒋源战斗,0,3,3,0,,,strict_backbone
苏北抗日根据地斗争,0,6,0,1,,,context_only
组织序列变化,0,2,0,0,,,context_only
小教训练班,0,4,0,0,,,context_only
姜村战斗,0,3,0,0,,,context_only
水上派出所迁移事件,0,3,0,0,,,context_only
杨家涧战斗,0,6,5,0,,,strict_backbone
郎溪农民自卫团起义,0,4,4,0,,,strict_backbone
民族革命高潮,0,1,0,0,,,context_only
反攻长沙,2,2,2,0,,,strict_backbone
同心号军舰起义,0,9,5,0,1949-01-01,1949-12-31,strict_backbone
发行《毛泽东选集》,0,1,0,0,,,context_only
雅阳寨战斗,0,1,1,0,,,strict_backbone
淮安农民暴动,2,9,7,1,,,strict_backbone
上海市民公会,0,5,2,0,,,strict_backbone
水龙战斗,0,3,0,0,,,context_only
追歼残匪,0,2,0,0,,,context_only
市民大会,0,6,1,0,,,strict_backbone
黄华清烈士殉难事件,0,3,0,0,,,context_only
海安战斗,0,2,0,0,,,context_only
白头岭会议,0,9,0,0,,,context_only
西区区委会议,0,1,0,0,,,context_only
城市政策,0,4,1,0,,,strict_backbone
互助应变会,0,3,0,0,,,context_only
火烧马金办事处事件,0,3,0,0,,,context_only
临颍战斗,0,2,2,0,,,strict_backbone
南京铁路职工罢工斗争,0,1,0,0,,,context_only
北区游击大队,0,4,1,0,,,strict_backbone
战时书报供应所,0,3,0,0,,,context_only
襄西党控制的武装,0,1,0,0,,,context_only
废除封建剥削制度,0,1,0,0,,,context_only
施贫大会,1,3,1,0,,,strict_backbone
红军过境事件,0,12,0,0,,,context_only
无为县黎阳山战斗,0,4,2,0,,,strict_backbone
党组织潜伏斗争,0,5,2,1,1940-01-01,1940-12-31,strict_backbone
武装斗争/土地革命,0,0,0,0,,,isolated
营救区长,0,4,1,0,,,strict_backbone
南龛坡阻击战,0,3,3,0,,,strict_backbone
设立联络点,0,3,1,0,,,strict_backbone
武汉大学‘六·一’惨案,0,3,0,0,,,context_only
乡自卫队,0,4,2,0,,,strict_backbone
收缴武器与张主席牺牲,0,2,0,0,,,context_only
重九起义,0,3,3,0,,,strict_backbone
会巧鲁边区游击大队,1,1,1,0,,,strict_backbone
建立工农革命委员会与武装暴动,0,6,0,0,,,context_only
保康战斗,0,1,1,0,,,strict_backbone
社会宣传,0,2,1,0,,,strict_backbone
坚守对门坡阵地,0,3,3,0,,,strict_backbone
溧水中心区战斗,0,3,0,0,,,context_only
上海江南造船所护厂斗争,0,4,0,0,,,context_only
革命向前进,0,1,0,0,,,context_only
编纂出版《血战东南》,0,2,0,0,,,context_only
抗日宣传演出活动,0,6,1,2,,,strict_backbone
杨塘集伏击战,0,6,1,0,,,strict_backbone
淮南矿区解放,1,6,6,1,,,strict_backbone
夏木战斗,1,17,9,1,,,strict_backbone
第一次东征,4,8,8,0,,,strict_backbone
夺取团防局枪支,0,8,2,0,,,strict_backbone
贯彻“七·一”指示/游击战,0,1,1,0,,,strict_backbone
坚持反“清乡”,0,3,0,0,,,context_only
红军行动,0,42,0,0,,,context_only
红四军党的第六次代表大会,0,6,1,1,,,strict_backbone
威赫全图战役,0,4,2,0,,,strict_backbone
认定暴动成员/平反纠正错误处理,0,1,1,0,,,strict_backbone
中共鄂豫皖省委常委会议,0,3,0,0,,,context_only
深夜抓人,0,1,1,0,,,strict_backbone
创办卫生实验所/制造抗生素,0,1,0,0,,,context_only
武汉解放前地下交通线,2,5,2,0,,,strict_backbone
扎西集中行动,0,3,0,1,,,context_only
彭水战斗,0,5,3,0,,,strict_backbone
高树勋起义,0,3,0,0,,,context_only
南京地区重大事件,0,2,2,0,,,strict_backbone
土匪围剿战役,0,6,4,0,,,strict_backbone
推翻帝国主义封建主义官僚资本主义斗争,0,6,1,0,,,strict_backbone
四渡赤水之战,3,8,5,0,,,strict_backbone
生产救灾运动,0,3,2,0,,,strict_backbone
罗平武装斗争,0,5,1,0,,,strict_backbone
宁都起义部署,0,2,0,0,,,context_only
进贤县起义,0,3,0,0,,,context_only
零陵县农民运动,0,3,0,0,,,context_only
铜陵大队,0,3,0,0,,,context_only
红一方面军总前委会议,1,1,1,0,,,strict_backbone
劳动力调剂制度,0,6,2,1,,,strict_backbone
谈判投降,0,3,1,0,,,strict_backbone
七一六示威活动,0,2,2,0,,,strict_backbone
阶级意识形成,0,1,0,0,,,context_only
天目山战斗,0,5,2,0,,,strict_backbone
武昌阅马厂反英大会,0,3,1,0,,,strict_backbone
马颈子会议,0,1,1,0,,,strict_backbone
北山斗争,0,1,0,0,,,context_only
发展武装力量,1,3,3,0,,,strict_backbone
海田武装起义,0,3,0,0,,,context_only
汉口英租界收回斗争,0,5,2,0,,,strict_backbone
粮食分配与武装配备,1,3,2,0,,,strict_backbone
广安特支,0,3,0,0,,,context_only
安源新街保卫团,0,1,1,0,,,strict_backbone
浏阳县第一次工农兵代表大会,1,1,1,0,,,strict_backbone
谷陇宣传,0,2,2,0,,,strict_backbone
夺取醴陵,0,3,3,0,,,strict_backbone
澜沧战役,0,2,2,0,,,strict_backbone
工盟组织,0,2,2,0,,,strict_backbone
收缴武器弹药行动,0,3,0,0,,,context_only
伏击保安团战斗,0,3,3,0,,,strict_backbone
地下武装斗争,1,10,6,1,,,strict_backbone
皖东敌后抗战,0,2,2,0,,,strict_backbone
革命红歌竞赛活动,0,3,0,0,,,context_only
湘南失败,0,3,0,0,,,context_only
鸭池河突破作战,0,3,3,0,,,strict_backbone
经验总结,0,2,0,0,,,context_only
中统,0,3,0,0,,,context_only
红二、六军团渡鸭池河,0,2,0,0,,,context_only
捣毁县指委事件,0,3,0,1,,,context_only
蒋家河口战斗,3,11,6,1,,,strict_backbone
抗敌文艺工作会,1,6,1,0,,,strict_backbone
一二·五大逮捕,0,4,2,0,,,strict_backbone
文家场暴动,0,4,4,0,,,strict_backbone
五·O惨案,0,3,0,0,,,context_only
川陕苏维埃政府成立,0,3,0,0,,,context_only
上海歌咏队,0,3,0,0,,,context_only
长沙解放,0,6,0,0,,,context_only
休养所,0,3,0,0,,,context_only
合肥作战,0,3,3,0,,,strict_backbone
敌伪点验/利用矛盾收集情报,0,3,2,0,,,strict_backbone
北碚峡防局少年义勇队,0,6,0,0,,,context_only
田坝村农会成立,0,4,2,0,,,strict_backbone
四·二一运动,0,35,9,2,,,strict_backbone
宿城工人运动,0,3,0,0,,,context_only
武汉地区铁路工人的罢工斗争,1,2,2,0,,,strict_backbone
鬼子撤退,0,3,0,0,,,context_only
开辟湘鄂西/会师黔东,0,0,0,0,,,isolated
武汉地下斗争,0,8,4,1,,,strict_backbone
桥桥据点战斗,0,4,0,0,,,context_only
金刚碑文化学习班,0,2,2,0,,,strict_backbone
攻赣失利分析,0,2,0,0,,,context_only
接管城市工作,0,3,0,0,,,context_only
南路行委改组,1,3,1,0,,,strict_backbone
党组织保存资料事件,0,3,1,1,,,strict_backbone
夹树塘钓鱼侦察,0,4,0,1,,,context_only
反抗恶霸,0,1,0,0,,,context_only
攻打芭茅溪盐局,1,2,2,0,,,strict_backbone
北伐战争攻占武昌,0,5,3,1,,,strict_backbone
虎南大赤区武装斗争,0,2,2,0,,,strict_backbone
磨洋工斗争,0,6,1,1,,,strict_backbone
湘南暴动后武装斗争,0,2,2,0,,,strict_backbone
狼河口战斗,0,1,0,0,,,context_only
官田农民武装暴动,0,7,3,0,,,strict_backbone
驰援战斗,0,2,0,0,,,context_only
攻占官田与歼灭保安团,0,1,0,0,,,context_only
川北地下斗争,1,4,4,0,,,strict_backbone
夜行军渡江,0,3,1,0,,,strict_backbone
遵义会议相关活动,0,2,2,0,,,strict_backbone
元保社,0,8,1,0,,,strict_backbone
镇南区武工队斗争,0,2,2,0,,,strict_backbone
哈蟆卡截击战,0,1,1,0,,,strict_backbone
党团中央联席会议,0,3,0,0,,,context_only
飞鹰步兵团,0,3,1,0,,,strict_backbone
昆明大惨案,0,3,0,0,,,context_only
县大队成立,0,1,1,0,,,strict_backbone
安县保卫团兵变,0,2,2,0,,,strict_backbone
课余宣传团,0,5,0,0,,,context_only
农民抗粮抗捐斗争,0,1,0,0,,,context_only
荆门当阳战役,0,6,2,1,,,strict_backbone
芦苇搏斗,0,2,0,0,,,context_only
化装掩护行动,0,3,0,0,,,context_only
土改政策宣讲,0,4,0,0,,,context_only
盘骨战斗,0,1,0,0,,,context_only
争回里大运动,0,3,1,0,,,strict_backbone
四川秘密党的重建,0,3,0,0,,,context_only
六次代表大会,0,4,2,0,,,strict_backbone
秘密扎根串联,1,3,1,0,,,strict_backbone
四川渠山达县边境三次武装斗争,0,1,1,0,,,strict_backbone
《中国人民政治协商会议共同纲领》,0,3,0,0,,,context_only
大革命时期农工运动,0,1,0,0,,,context_only
龙部,0,3,2,0,,,strict_backbone
涟源农民运动,0,4,2,1,,,strict_backbone
青年抗日救亡干部训练班,0,3,1,1,,,strict_backbone
迎接武汉解放,0,5,2,1,1949-01-01,1949-12-31,strict_backbone
围攻加力据点及后续战斗,0,4,2,0,,,strict_backbone
成立暴动领导机关,0,1,0,0,,,context_only
土匪围攻县城,0,5,0,0,,,context_only
民兵发展与活动统计,0,7,0,1,,,context_only
成都市人民民主统一战线,0,1,0,0,,,context_only
信义会,1,2,2,0,,,strict_backbone
英语补习班,0,1,0,0,,,context_only
毛泽东赴重庆谈判,0,3,0,0,,,context_only
刀山战斗,0,3,1,0,,,strict_backbone
蓝山解放,0,2,2,0,,,strict_backbone
土地问题决定,0,4,1,0,,,strict_backbone
集训班党小组被关/拒绝签字,0,3,0,0,,,context_only
火烧盘江铁索桥,0,3,1,0,,,strict_backbone
十万坪战役,1,8,6,2,,,strict_backbone
江津‘九三’起义,0,10,5,0,,,strict_backbone
解放上溪口和浮梁瑶里,1,2,2,0,,,strict_backbone
民革在滇南搞武装斗争的负责人,0,1,0,0,,,context_only
妇女缝纫班,0,8,3,1,,,strict_backbone
白洋扩大会议,0,1,1,0,,,strict_backbone
恢复生产与支前准备,0,3,0,0,,,context_only
毁家纾难,0,3,0,0,,,context_only
征借枪弹,0,3,1,0,,,strict_backbone
封锁沟工程,0,5,1,0,,,strict_backbone
竹棚楷游击总队,0,2,2,0,,,strict_backbone
一三血案,0,6,3,0,,,strict_backbone
黔东北梵净山会剿,2,4,3,0,,,strict_backbone
三座楼保卫战,0,5,2,1,,,strict_backbone
剑河县剿匪斗争,2,4,4,0,,,strict_backbone
传达指示,0,3,1,0,,,strict_backbone
反帝游行,0,1,0,0,,,context_only
反‘围、围剿’斗争,0,1,0,0,,,context_only
九江县委扩大会议,0,2,0,0,,,context_only
云南人民自卫军建立,0,4,1,0,,,strict_backbone
新安征途,0,3,0,0,,,context_only
江巴铁机织布工人失业斗争,0,3,3,0,,,strict_backbone
党史人物传,0,2,0,0,,,context_only
请客诱敌,0,1,0,0,,,context_only
北阀军进长沙,0,3,1,0,,,strict_backbone
护枪送枪,0,3,0,0,,,context_only
重庆江北织业工人罢工事件,0,5,2,0,1935-10-01,1935-10-31,strict_backbone
解放龙场区,1,8,8,0,,,strict_backbone
重庆长江两岸作战部署,1,9,3,0,,,strict_backbone
《幻灭》,0,2,0,0,,,context_only
安置交通站同志住宿,0,5,1,0,,,strict_backbone
参政会民主运动,0,4,2,0,,,strict_backbone
解放郧西/郧县,0,0,0,0,,,isolated
党员动员,0,1,1,0,,,strict_backbone
方家坪反动会门,0,1,0,0,,,context_only
1949年3月武装暴动,0,3,0,0,,,context_only
酒背陇战斗,0,2,2,0,,,strict_backbone
征粮任务,0,44,17,1,,,strict_backbone
铜鼓战斗与叛变事件,0,1,1,0,,,strict_backbone
夺取黄泥井盐务售票所税款,2,2,2,0,,,strict_backbone
精兵简政与分批撤退,0,1,1,0,,,strict_backbone
安金华匪群,0,4,0,0,,,context_only
淝河阻击战围歼突围之敌,0,3,0,0,,,context_only
剑川‘十·一’庆祝大会,0,2,2,0,,,strict_backbone
第三次东进,0,3,2,0,,,strict_backbone
刘国定叛党事件,0,3,1,0,,,strict_backbone
铜梁党史资料汇编,0,1,0,0,,,context_only
武汉解放后恢复经济,0,3,3,0,,,strict_backbone
乐安县城集会,1,2,2,0,,,strict_backbone
成立常备担架团,0,1,0,0,,,context_only
白皮红心,0,3,0,0,,,context_only
荆江两岸年关起义,3,5,5,0,,,strict_backbone
第一次全国苏维埃大会筹备,0,3,1,0,,,strict_backbone
日伪“清乡”,0,6,4,1,,,strict_backbone
城市暴动,0,1,0,0,,,context_only
铁壁合围,1,21,6,1,,,strict_backbone
火线入党抢救落水伤员,0,1,0,0,,,context_only
朱家场-石阡路线,0,2,2,0,,,strict_backbone
红一、红四方面军会师战略讨论,0,2,2,0,,,strict_backbone
印发宣传品,0,6,2,0,,,strict_backbone
短工增资大会,0,1,1,0,,,strict_backbone
长丰堡战斗,0,2,0,0,,,context_only
过草地,1,35,13,1,,,strict_backbone
驱逐蒋介石特使运动,0,3,1,1,,,strict_backbone
蒋家河口伏击战,0,3,0,0,,,context_only
红奖斗争,0,1,1,0,,,strict_backbone
建立人民的革命政权,0,3,1,0,,,strict_backbone
人民公安总队改编,0,2,2,0,,,strict_backbone
丽江直联大队,0,3,0,0,,,context_only
接管伪政权,0,3,1,0,,,strict_backbone
后坪伏击战,0,3,1,0,,,strict_backbone
铁壁合围剿匪,0,5,0,0,,,context_only
葛茅坞会议,1,7,4,0,,,strict_backbone
攻打县府,1,2,2,0,,,strict_backbone
天马解放斗争,0,1,0,0,,,context_only
鄂西反击战,0,3,0,0,,,context_only
送命令,0,1,1,0,,,strict_backbone
讨伐雷杰三战斗,0,2,2,0,,,strict_backbone
重庆挺进报事件,0,7,1,0,,,strict_backbone
宣传苗瑶民解放口号,0,3,1,0,,,strict_backbone
孝廉兵变,0,3,0,0,,,context_only
杨通乡苏家沟战斗,0,7,3,1,,,strict_backbone
随军西进,0,3,0,0,,,context_only
分裂事件,0,2,0,0,,,context_only
大州驿战斗,0,3,3,0,,,strict_backbone
搜剿潭庄黄巷野鸡圩,0,4,2,0,,,strict_backbone
苏中敌后抗战,0,2,0,0,,,context_only
土改民族杂居/剥削方式特点,0,1,1,0,,,strict_backbone
平江惨命,0,2,2,0,,,strict_backbone
抗敌话剧,0,3,0,0,,,context_only
抗日民族革命战争,1,2,2,0,,,strict_backbone
反对牛头税斗争,1,2,2,0,,,strict_backbone
七政青年救亡干部训练班,0,2,2,0,,,strict_backbone
缝纫班,0,5,1,0,,,strict_backbone
三年游击战争,2,42,7,1,,,strict_backbone
灌县和平解放,0,8,8,0,,,strict_backbone
洪门渡渡江,0,3,1,0,,,strict_backbone
孙家铺战斗,1,4,2,0,,,strict_backbone
挽联创作,0,3,0,0,,,context_only
抗日战争史事,0,3,0,0,,,context_only
三支斗争,0,2,0,0,,,context_only
商务印书馆罢工,1,3,3,0,,,strict_backbone
长涧源战斗,0,5,5,0,,,strict_backbone
五抗斗争,0,5,3,0,,,strict_backbone
上海工人斗争,0,3,0,0,,,context_only
党史资料专题集,0,3,1,0,,,strict_backbone
金融紊乱,0,1,0,0,,,context_only
沿河罢教斗争,0,6,3,0,,,strict_backbone
广州商团叛乱平定,0,3,2,0,,,strict_backbone
召开五一大会,0,1,0,0,,,context_only
休宁解放,0,3,1,0,,,strict_backbone
长征故事学习会,0,6,2,0,,,strict_backbone
运动中消灭敌人,0,5,0,0,,,context_only
宽荒互助社,0,1,1,0,,,strict_backbone
海匪铺事件,0,2,0,0,,,context_only
抗暴示威游行,0,1,0,0,,,context_only
围剿,0,3,0,0,,,context_only
解放贵州战役,1,6,4,0,,,strict_backbone
兴义县民卫队叛变,0,3,0,0,,,context_only
驱路运动,1,5,3,0,,,strict_backbone
两次解放锦屏县,0,1,0,0,,,context_only
人民代表大会,0,2,0,0,,,context_only
保卫大上海,0,2,0,0,,,context_only
上海电话工人罢工,0,2,2,0,,,strict_backbone
加强政治攻势领导,1,3,1,0,,,strict_backbone
重庆各界反内战联合会,1,3,1,0,,,strict_backbone
皖浙赣边区革命活动,0,3,0,0,,,context_only
精进学校图书馆查抄事件,0,3,0,0,,,context_only
荫蔽精干方针,0,2,0,0,,,context_only
苏中战役条件分析,0,8,0,0,,,context_only
战斗组,0,1,0,0,,,context_only
军干校,0,2,0,0,,,context_only
火柴厂工人罢工,0,6,2,0,,,strict_backbone
保护公物,0,3,0,0,,,context_only
武汉地区学生联谊会,0,3,3,0,,,strict_backbone
现代化战争限制,0,2,0,0,,,context_only
衡阳战役配合作战,0,2,2,0,,,strict_backbone
农村经济调查,0,3,0,0,,,context_only
东固第一个党小组,0,2,2,0,,,strict_backbone
合影,0,3,0,0,,,context_only
攻克茶陵城,1,1,1,0,,,strict_backbone
《蜀光》专刊,0,5,2,0,,,strict_backbone
行军部署,0,6,6,0,,,strict_backbone
接龙火种运动,1,3,3,0,,,strict_backbone
盐阜青联,0,1,0,0,,,context_only
安庆皖报社印刷工人罢工,0,1,0,0,,,context_only
自贡工人为反对解雇的罢工,0,2,2,0,,,strict_backbone
抗捐事起,0,2,2,0,,,strict_backbone
驱逐反动校长赵宝鸿斗争,0,1,1,0,,,strict_backbone
织金猫场游击队成立,1,4,4,0,,,strict_backbone
苏中地区解放战争,0,3,0,0,,,context_only
进军西南动员,0,3,0,0,,,context_only
文艺研究社,0,2,2,0,,,strict_backbone
上海区委会议,0,2,2,0,,,strict_backbone
破路战斗,0,2,2,0,,,strict_backbone
智取甄几井,1,2,2,0,,,strict_backbone
反攻,0,1,0,0,,,context_only
丽江地下斗争,0,3,0,0,,,context_only
原地斗争,0,3,0,0,,,context_only
湖沟战斗战后处理,0,1,0,0,,,context_only
石塘事件,0,3,1,0,,,strict_backbone
六乡联庄会议,0,3,0,0,,,context_only
反蒋军‘总体战’斗争,0,2,0,0,,,context_only
板栗园战斗,2,18,4,2,,,strict_backbone
提灯会运动,0,2,2,0,,,strict_backbone
《乞讨》,0,3,1,0,,,strict_backbone
国民会议促成会,0,8,7,1,1949-01-01,1949-12-31,strict_backbone
长沙会战,2,7,4,0,,,strict_backbone
花坝坝胜利会师,0,2,0,0,,,context_only
文艺研究会,1,19,6,1,,,strict_backbone
中原战役,0,3,2,0,,,strict_backbone
乌蒙山回旋战斗,0,6,0,0,,,context_only
游击战争失败,0,6,2,2,,,strict_backbone
反饥饿反内战反迫害,0,3,0,0,,,context_only
蒋介石进攻解放区,0,1,0,0,,,context_only
反对截肢/坚持救治,0,1,0,0,,,context_only
留日学界抗争,0,3,0,0,,,context_only
射洪农民暴动,2,2,2,0,,,strict_backbone
德阳丸案声援大会,0,2,2,0,,,strict_backbone
反对内战弃官归里,0,3,1,0,,,strict_backbone
会泽火红武装起义,0,5,3,0,,,strict_backbone
狮滩农暴,1,6,1,0,,,strict_backbone
湘江歌咏队,0,1,1,0,,,strict_backbone
陆良事件,2,9,7,1,1947-01-01,1947-12-31,strict_backbone
青口坡战斗,0,1,0,0,,,context_only
上海事变,0,5,3,1,,,strict_backbone
攻克广南,1,3,1,1,,,strict_backbone
江口武工队成立及活动,1,4,4,0,,,strict_backbone
查禁进步读物,0,1,1,0,,,strict_backbone
新桥追击战,0,6,2,1,,,strict_backbone
反帝拥苏同盟,0,8,2,0,,,strict_backbone
土匪武装成立,0,5,0,0,,,context_only
名山壮丁慰问,0,3,0,0,,,context_only
复员要求,0,3,0,0,,,context_only
五个暴动区域,0,1,0,0,,,context_only
茂县第一次工农兵代表大会,0,4,3,0,,,strict_backbone
支前民工慰问俘虏,0,3,0,0,,,context_only
优待工作,1,1,1,0,,,strict_backbone
黄安军舰起义,0,3,3,1,,,strict_backbone
尊师运动,0,2,2,0,,,strict_backbone
公安保卫机关组建,0,2,2,0,,,strict_backbone
攻克曲城,0,3,0,0,,,context_only
欧阳海事迹,0,3,1,0,,,strict_backbone
罢工/罢课/罢市/罢岗,0,0,0,0,,,isolated
第二次反‘围剿’,0,52,35,1,,,strict_backbone
反对抽丁抽捐斗争,0,1,1,0,,,strict_backbone
萧县抗日运动,0,5,3,0,,,strict_backbone
第二次全国苏维埃代表大会,1,14,4,0,,,strict_backbone
十五军政委,1,3,1,0,,,strict_backbone
1927年2月平定国民党右派暴乱,0,4,2,0,,,strict_backbone
天宝山战斗,1,3,3,0,,,strict_backbone
宿城防务行动,0,5,2,0,,,strict_backbone
李蔚如领导的农民武装暴动,0,1,0,0,,,context_only
湘南农民暴动,1,5,2,0,,,strict_backbone
桥头农民暴动,0,6,2,0,,,strict_backbone
反顽斗争与光明报社,0,1,0,0,,,context_only
蒙自法国人冲突事件,0,2,2,0,,,strict_backbone
谷陇区人民政府成立,0,1,0,0,,,context_only
前书记违纪弹劾,0,3,0,0,,,context_only
党史调查组,0,3,0,0,,,context_only
下川东之战,0,5,4,0,,,strict_backbone
湘赣边区突围与坚持,0,7,7,0,,,strict_backbone
行军开会传达报告,0,1,0,0,,,context_only
长沙反考运动,0,2,0,0,,,context_only
嘉鱼县城解放,0,4,4,0,,,strict_backbone
旅行读书团,3,16,4,0,,,strict_backbone
北碚各校联合追悼大会,0,1,0,0,,,context_only
棠市战斗,0,3,3,0,,,strict_backbone
青溪渡口战斗,0,2,1,0,,,strict_backbone
破坏竹篱,0,2,0,0,,,context_only
建立安全通道,0,3,1,0,,,strict_backbone
破获特务组织/镇压叛徒,0,5,0,0,,,context_only
紫云县城战斗,0,5,5,0,,,strict_backbone
中央慰问团,0,3,0,1,,,context_only
自卫组训班,0,3,2,0,,,strict_backbone
湖沟战斗部署,0,1,0,0,,,context_only
中国军队防御作战,0,3,0,0,,,context_only
反革命派,0,1,0,0,,,context_only
苏北抗日斗争历史资料编纂,0,5,0,0,,,context_only
支前模范评选,0,2,0,0,,,context_only
南京学生联合会日刊,2,2,2,0,,,strict_backbone
苏北人民抗日训练班,0,4,2,0,,,strict_backbone
武工队民兵组织,0,3,0,0,,,context_only
元永井战斗,0,4,4,0,,,strict_backbone
矿工组织,0,6,2,1,,,strict_backbone
土地改革试办,1,3,3,1,,,strict_backbone
孙中山逝世周年纪念大会,2,5,2,0,,,strict_backbone
昆明起义,2,42,23,0,,,strict_backbone
塔市驿战役,0,2,2,0,,,strict_backbone
小东山事件,0,3,1,0,,,strict_backbone
泸水县和平解放,0,4,4,0,,,strict_backbone
北乡千人大会,0,2,0,0,,,context_only
嵩寻游击大队,1,4,2,0,,,strict_backbone
国民党湖北省第一次代表大会,2,2,2,0,,,strict_backbone
抗粮运动,0,3,0,0,,,context_only
群团组织建设,0,3,1,0,,,strict_backbone
抗日救亡干校,0,2,0,0,,,context_only
红军游击队攻占赫章事件,0,3,0,1,,,context_only
岑巩县接管,0,5,2,0,,,strict_backbone
东南警卫团组建,0,4,0,0,,,context_only
江津‘九三’兵士起义,0,2,2,0,,,strict_backbone
攻占南昌城,0,2,2,0,,,strict_backbone
懋功会合,0,2,2,0,,,strict_backbone
奉节县长照进修起义,0,3,1,0,,,strict_backbone
反英帝国主义斗争,0,1,0,0,,,context_only
建设人民的新上海和新中国,0,5,5,1,1949-01-01,1949-12-31,strict_backbone
孝丰反顽战役,0,3,0,0,,,context_only
中央苏区消费合作社第一次代表大会,0,1,0,0,,,context_only
新四军党员叛变事件,0,6,0,0,,,context_only
城市接管方针实践,0,1,0,0,,,context_only
没收田产支持教育,0,3,0,0,,,context_only
起义电,3,6,6,0,,,strict_backbone
上海-香港秘密交通线,0,3,1,0,,,strict_backbone
惩奸反霸斗争,0,7,4,1,1946-01-01,1946-12-31,strict_backbone
龙山文化促进社,0,5,3,0,,,strict_backbone
七·一五反美扶日运动,0,10,3,1,,,strict_backbone
宣传抗日反蒋与打倒军阀,0,5,3,0,,,strict_backbone
抗日联保工作,0,3,0,0,,,context_only
胡友琴牺牲,1,6,2,0,,,strict_backbone
便水战役,7,23,7,0,,,strict_backbone
《春苗》电影,0,3,0,0,,,context_only
凉水井反对摊派事件,0,2,2,0,1939-04-18,1939-04-18,strict_backbone
马列主义学习,0,3,1,0,,,strict_backbone
武冈攻城战,0,6,4,1,,,strict_backbone
刘桥战斗,0,2,1,0,,,strict_backbone
奉节城整治,0,3,1,0,,,strict_backbone
滇军张凤春,0,1,0,0,,,context_only
赣州西郊农民反封建斗争,0,2,2,0,,,strict_backbone
江西苏区反‘围剿’战争,1,5,5,0,,,strict_backbone
叙永会议,0,1,0,0,,,context_only
工农武装斗争,0,3,3,0,,,strict_backbone
下陆工人大罢工,0,3,0,0,,,context_only
太平山心战斗,0,3,0,0,,,context_only
民权运动同盟,0,3,3,0,,,strict_backbone
顺庆起义,5,55,31,0,,,strict_backbone
焚毁日货,0,3,0,0,,,context_only
代表会议,0,7,2,0,,,strict_backbone
演出文艺节目,0,1,0,0,,,context_only
车头战,0,3,3,0,,,strict_backbone
旅馆侦察/应对查房,0,1,1,0,,,strict_backbone
九月三日起义行动,0,3,0,0,,,context_only
蒙自战斗,0,3,0,0,,,context_only
十七年起义,0,3,0,0,,,context_only
云南游击战争根据地,0,3,0,0,,,context_only
闽西暴动,0,2,2,0,,,strict_backbone
通兰暴动,0,15,6,0,,,strict_backbone
虎南二月武装暴动计划,0,1,0,0,,,context_only
长期埋伏政策,0,4,0,0,,,context_only
玉屏县城战斗,0,1,0,0,,,context_only
瓦解伪军与里应外合,0,2,0,0,,,context_only
编纂工作,0,6,0,0,,,context_only
湘赣边界斗争,3,16,11,2,1927-01-01,1927-12-31,strict_backbone
清匪反踪运动,0,1,1,0,,,strict_backbone
减价救贫民,0,2,2,0,,,strict_backbone
红五军攻克于都县城,1,3,1,1,,,strict_backbone
南边山战役,0,1,0,0,,,context_only
一二九运动,1,10,6,1,1935-01-01,1935-12-31,strict_backbone
洪河集谈判,0,1,0,0,,,context_only
组织同盟与文字口头宣传,0,3,1,0,,,strict_backbone
曼伞战斗,0,5,2,1,,,strict_backbone
渡江战役与华南解放,0,6,3,0,,,strict_backbone
读与写进修会,1,4,4,0,,,strict_backbone
中心桥打洋顽/伏击/撤出战斗,0,1,1,0,,,strict_backbone
三暴动,0,1,1,0,,,strict_backbone
永和暴动,0,3,0,0,,,context_only
湖南衡山社会主义青年团成立,0,3,0,0,,,context_only
西征第一阶段,0,3,1,1,,,strict_backbone
刻写/书写标语,0,3,2,0,,,strict_backbone
丁堰战斗,0,3,0,0,,,context_only
西山区武装斗争,0,1,0,0,,,context_only
金龙读书会,0,1,0,0,,,context_only
棉纱生产,0,3,0,0,,,context_only
二打来安城,0,5,3,0,,,strict_backbone
杀牛坪阻击战,0,8,4,1,,,strict_backbone
结婚/参加干班学习/党务工作,0,0,0,0,,,isolated
建立新乡制,0,4,2,1,,,strict_backbone
《大刀进行曲》创作,1,5,3,1,,,strict_backbone
破击战,3,3,3,0,,,strict_backbone
狮子村工作团,0,2,0,0,,,context_only
庆华烟厂罢工斗争,0,1,1,0,,,strict_backbone
186师攻占合围,0,4,1,0,,,strict_backbone
攻打织金县城斗争,4,4,4,0,,,strict_backbone
十字河战斗,1,6,1,0,,,strict_backbone
金华山、松山战役,0,0,0,0,,,isolated
减租法令,0,9,0,0,,,context_only
白龙厂守备战,1,6,4,0,,,strict_backbone
抗日游击根据地建立,0,3,1,0,,,strict_backbone
湘潭农协组织,0,3,0,0,,,context_only
贪污制裁/禁烟,0,1,1,0,,,strict_backbone
抗丁暴动,0,2,0,0,,,context_only
九华分粮斗争,0,7,2,0,,,strict_backbone
四·二四事变,0,3,1,0,,,strict_backbone
中江县模范小学革命活动,0,2,2,0,,,strict_backbone
圭山武装斗争,0,2,2,0,,,strict_backbone
抗日游击武装斗争,0,3,2,0,,,strict_backbone
学潮/罢课斗争,0,1,1,0,,,strict_backbone
告士兵大众书,0,2,0,0,,,context_only
扩建胜利一大队,0,2,2,0,,,strict_backbone
赣东北革命斗争,0,1,1,0,,,strict_backbone
牵牛行动,0,4,1,0,,,strict_backbone
妇女工作,1,10,5,1,,,strict_backbone
乌江渡河行动,0,3,1,0,,,strict_backbone
醴陵战役,0,1,1,0,,,strict_backbone
苏州解放与军管会成立,0,3,0,0,,,context_only
家庭联产承包责任制,0,3,0,0,,,context_only
民兵伏击土匪,0,2,2,0,,,strict_backbone
纳雍阳长战斗,0,6,3,0,,,strict_backbone
文艺演出,0,3,1,0,,,strict_backbone
红色五月运动,0,6,3,1,,,strict_backbone
三台楼民兵,0,2,0,0,,,context_only
尼姑庙搜匪,0,4,0,0,,,context_only
湘南游击战争,0,4,2,0,,,strict_backbone
水岭战斗,1,3,3,0,,,strict_backbone
琼崖革命,0,2,2,0,,,strict_backbone
上高战役,0,3,0,0,,,context_only
五岭地委十一月扩大会议,0,1,0,0,,,context_only
农业互助合作化运动,0,1,0,0,,,context_only
肃清匪特运动,0,3,0,1,,,context_only
无锡万方楼会议,0,5,2,0,,,strict_backbone
编纂《黄平解放纪实》目录,0,5,0,0,,,context_only
政工人员训练班,1,3,1,0,,,strict_backbone
句容县北塘庄东山战斗,0,6,2,0,,,strict_backbone
十三日群众请愿大流血,0,4,0,0,,,context_only
第三次反‘围剿’斗争,0,2,2,0,,,strict_backbone
长江沿岸船夫码头工作,0,2,2,0,,,strict_backbone
青委/妇委工作,0,1,0,0,,,context_only
反蒋武装斗争指示,0,5,1,0,,,strict_backbone
广昌会战,0,1,0,0,,,context_only
地下革命转移,0,2,2,0,,,strict_backbone
反清剿竞赛,0,1,0,0,,,context_only
巴县委重建会议,0,5,2,0,,,strict_backbone
战船抢修与敌情侦察,0,3,0,0,,,context_only
武器筹集,0,1,1,0,,,strict_backbone
劫狱脱险,0,5,3,0,,,strict_backbone
起义活动,0,8,3,0,,,strict_backbone
昆明,0,1,0,0,,,context_only
民主青年联合会,0,6,0,0,,,context_only
英雄事迹,0,1,0,0,,,context_only
红六军攻克华容,0,2,2,0,,,strict_backbone
乐安县城攻防战,0,6,2,0,,,strict_backbone
反蒋大会,0,3,2,0,,,strict_backbone
协和总社,0,6,0,1,,,context_only
重庆宪政座谈会,0,1,0,0,,,context_only
攻克师宗县城之战,0,4,0,0,,,context_only
盘江沿岸敌情侦察行动,0,2,2,0,,,strict_backbone
路西抗日战斗,0,2,2,0,,,strict_backbone
红二十二,0,3,0,0,,,context_only
泸阳解放,0,1,0,0,,,context_only
赴云南边纵找党/学习理论,1,2,2,0,,,strict_backbone
路撒战斗,0,2,2,0,,,strict_backbone
渡江后卫掩护,0,3,2,0,,,strict_backbone
夜袭擒拿朱崇汉,0,5,3,1,,,strict_backbone
国民参政会第一次大会,0,3,1,1,,,strict_backbone
土地坡袭击行动,0,8,3,0,,,strict_backbone
清平区解放斗争,0,1,0,0,,,context_only
红二方面军南下至云阳,0,3,0,0,,,context_only
陇海路以北及苏北皖北的解放区,0,1,0,0,,,context_only
黔东北纵队成立,0,1,0,0,,,context_only
上当河战役,0,2,2,1,1931-01-01,1931-12-31,strict_backbone
党委扩大会议,1,1,1,0,,,strict_backbone
农村师资训练班,0,3,0,0,,,context_only
攻打应山县城,0,4,2,0,,,strict_backbone
抗兵抗粮运动,0,3,3,0,,,strict_backbone
董家集战斗,0,6,1,0,,,strict_backbone
抗租抗税与分配土地,0,3,1,0,,,strict_backbone
宝应县对敌经济斗争动员大会,0,2,2,0,,,strict_backbone
公开审判,0,2,0,0,,,context_only
皖南前委,1,7,2,0,,,strict_backbone
上海学生斗争,0,4,2,1,1947-05-01,1947-05-31,strict_backbone
中华苏维埃第一次全国工农兵代表大会,0,3,1,0,,,strict_backbone
妇女救护伤病员,0,3,1,1,,,strict_backbone
团结会师,1,8,8,0,,,strict_backbone
绝食抗议斗争,0,2,2,0,,,strict_backbone
攻打石屏县城战斗,0,1,0,0,,,context_only
写标语,0,2,0,1,,,context_only
吉祥寺暴动,0,2,2,0,,,strict_backbone
武汉会战/接管经验,0,1,0,0,,,context_only
抗租抗税斗争,2,4,4,0,,,strict_backbone
分发粮食,0,3,0,0,,,context_only
土改会议,0,1,0,0,,,context_only
纳雍游击武装,0,2,2,0,,,strict_backbone
大树村工作与双减运动,0,2,2,0,,,strict_backbone
军械经济审查,0,3,0,0,,,context_only
肥东地区战斗,0,1,1,0,,,strict_backbone
整风运动第一阶段,0,3,3,0,,,strict_backbone
哲登坝战斗,0,5,3,0,,,strict_backbone
拥盛反马灭雷运动,0,6,0,0,,,context_only
马元熊牺牲,0,4,0,0,,,context_only
沭阳特支建立,0,1,0,0,,,context_only
张家场起义,2,6,6,1,1947-01-01,1947-12-31,strict_backbone
红三军南征,0,3,2,0,,,strict_backbone
周总理1940年在成都,0,3,0,0,,,context_only
皖东北开辟,0,2,1,0,,,strict_backbone
豫湘桂战役,0,5,1,0,,,strict_backbone
参加共青团,0,3,1,0,,,strict_backbone
武丘队,0,4,0,0,,,context_only
平民教育促进会湘潭分会,1,2,2,0,,,strict_backbone
川陕省苏维埃长胜县的建立和巩固,0,3,0,0,,,context_only
蓝田惨案,0,17,5,1,,,strict_backbone
卓圩据点,0,3,0,0,,,context_only
瓮安县土改,0,2,2,0,,,strict_backbone
军政工作团,0,1,0,0,,,context_only
缅宁撤退,0,5,0,0,,,context_only
高兴圩战斗与战略转移准备,0,2,0,0,,,context_only
忠县防奸护民团,0,7,5,0,,,strict_backbone
反共高潮,0,6,0,0,,,context_only
游击队恢复关系,0,3,0,0,,,context_only
筹款与统战,0,3,1,0,,,strict_backbone
凯里解放斗争,0,4,0,0,,,context_only
接管黄平县政权,1,2,2,0,,,strict_backbone
一二九年长江江工要工作时期,0,2,2,0,,,strict_backbone
反国家主义大同盟,0,1,0,0,,,context_only
打古掀胡事件,0,3,0,0,,,context_only
自卫团缴械事件,0,4,0,0,,,context_only
双十节示威,0,2,2,0,,,strict_backbone
通步响,0,1,0,0,,,context_only
两溧战役,0,2,2,1,1942-01-01,1942-12-31,strict_backbone
六马农民暴动,1,17,5,0,,,strict_backbone
三月二十一日镇压学生运动,0,4,0,0,,,context_only
民主联军起义,0,2,0,0,,,context_only
特务案平反,0,2,0,0,,,context_only
京沪铁路罢工,0,3,2,0,,,strict_backbone
无线电情报网建立,0,3,0,0,,,context_only
江北县第七区人民政府成立,0,4,0,0,,,context_only
骆家坪秘密会议,0,1,1,0,,,strict_backbone
浙东游击纵队战斗,0,3,0,0,,,context_only
十月社会主义革命,0,3,1,0,,,strict_backbone
黎族人民起义,0,4,0,0,,,context_only
长江流域革命发展,0,3,1,0,,,strict_backbone
动委会成立,0,1,0,0,,,context_only
顾顺章叛变,0,5,2,0,,,strict_backbone
弋横农民运动,0,6,4,0,,,strict_backbone
夜行军转移行动,0,3,0,0,,,context_only
南征,1,2,2,0,,,strict_backbone
华野×纵,0,2,0,0,,,context_only
平溪区土改,0,2,2,0,,,strict_backbone
进攻战术,0,3,0,0,,,context_only
淮海妇救会,0,2,2,0,,,strict_backbone
击溃敌军,0,3,2,0,,,strict_backbone
攻占枸杞嵊山诸岛,0,1,1,0,,,strict_backbone
民众革命情绪与组织恢复,0,1,0,0,,,context_only
长干山战役,0,5,1,0,,,strict_backbone
敌伪资料搜集,0,2,2,0,,,strict_backbone
涟东四区民兵,0,3,0,0,,,context_only
虎、南二月暴动,1,6,6,0,,,strict_backbone
上海日本纱厂同盟罢工,0,2,2,0,,,strict_backbone
土地问题解决会,0,6,2,3,,,strict_backbone
四十七团战斗历程,0,1,0,0,,,context_only
江西列宁主义研究会,0,3,0,0,,,context_only
农民抗税斗争,0,3,1,0,,,strict_backbone
造枪机械/子弹埋藏,0,4,0,0,,,context_only
小龙坎区委重建,0,2,0,0,,,context_only
砸烂封建铁锁链,0,3,0,0,,,context_only
马家桥保卫战,0,4,3,0,,,strict_backbone
大横山阻击战,0,2,2,0,,,strict_backbone
五卅惨案支援活动,0,2,0,0,,,context_only
滇西形势分析,0,2,2,0,,,strict_backbone
江苏省政府成立,0,1,1,0,,,strict_backbone
南方红军游击战争,0,1,1,0,,,strict_backbone
港闸地区工人斗争,0,4,1,1,,,strict_backbone
解放前斗争时期,0,3,0,0,,,context_only
苏北抗日挺进队,0,2,2,0,,,strict_backbone
四川建党,1,2,2,0,,,strict_backbone
武汉工商业迁,0,3,1,3,,,strict_backbone
景谷、六顺地霸暴动,0,0,0,0,,,isolated
渡河抢救伤员掩护伤员,0,3,1,0,,,strict_backbone
共青团第四次全国代表大会,0,2,2,0,,,strict_backbone
一敌剧社集体战斗,0,2,2,0,,,strict_backbone
革命竞赛,0,10,3,0,,,strict_backbone
抢搭浮桥,0,4,2,0,,,strict_backbone
建团准备工作,0,2,2,0,,,strict_backbone
强渡嘉陵江进行长征,0,1,1,0,,,strict_backbone
宣师,0,1,0,0,,,context_only
花桥歼灭战,0,3,0,0,,,context_only
‘三·三一’群众集会,1,2,2,0,,,strict_backbone
党史讨论,0,3,0,0,,,context_only
大荒田村激战击毙匪首,0,3,1,0,,,strict_backbone
反情报斗争,0,1,0,0,,,context_only
土城乡革命武装暴动,1,2,2,0,,,strict_backbone
打开粮仓接济群众,0,6,1,0,,,strict_backbone
中共淮盐特委最后一次会议,0,2,0,0,,,context_only
土地分配,1,37,8,0,,,strict_backbone
威赫合围战,2,14,8,1,,,strict_backbone
出席黔东特区苏维埃代表大会,0,1,0,0,,,context_only
弋横暴动,17,123,58,1,1927-12-01,1927-12-31,strict_backbone
常州,1,35,3,1,,,strict_backbone
都江团歼敌,0,1,1,0,,,strict_backbone
五团侦察班,0,3,0,0,,,context_only
弋阳九区会议,0,5,2,0,,,strict_backbone
组织发展与合并,0,1,0,0,,,context_only
瓦窑、大麦冲战斗,0,0,0,0,,,isolated
两千里长距离奔袭,0,2,1,0,,,strict_backbone
湘南会剿,0,4,4,0,,,strict_backbone
合川地方暴动,0,20,5,1,,,strict_backbone
安源煤矿大罢工,2,3,3,0,,,strict_backbone
土地改革和农业合作化运动,0,2,2,0,,,strict_backbone
解放战争时期湘中一支五团诞生地,0,3,0,0,,,context_only
黔北游击战,0,3,0,0,,,context_only
挺进队,0,2,0,0,,,context_only
郭村休整,0,3,0,0,,,context_only
街头演讲,0,3,0,0,,,context_only
苏南土改富农问题,0,3,1,1,,,strict_backbone
掩护主力撤退,1,2,1,0,,,strict_backbone
东征武汉,0,3,0,0,,,context_only
李秀英惨案,0,1,0,0,,,context_only
川西北剿匪行动,0,3,0,0,,,context_only
运枪行动,0,4,1,0,,,strict_backbone
偷袭丁庄据点,0,1,1,0,,,strict_backbone
左倾错误路线,0,8,1,0,,,strict_backbone
攻打驾教二团驻地清水塘祠堂,0,6,2,1,,,strict_backbone
六马农民武装暴动,3,8,8,0,,,strict_backbone
罗平党,0,1,0,0,,,context_only
松树林会议,0,2,0,0,,,context_only
疏散新安旅行团/促进宪政运动,0,0,0,0,,,isolated
龙溪口整顿,0,2,2,0,,,strict_backbone
张露萍等烈士斗争事迹,0,3,1,0,,,strict_backbone
长湖读书会,0,3,0,0,,,context_only
第五次反‘围剿’,2,124,42,3,,,strict_backbone
码头斗争,0,4,2,1,,,strict_backbone
杨家洞围歼战,0,5,5,0,,,strict_backbone
湘鄂西根据地建设,1,2,2,0,,,strict_backbone
邵阳建团/地下团活动,0,3,0,0,,,context_only
南京正面战斗,0,5,2,0,,,strict_backbone
行政纪要与剿匪封锁,0,3,1,0,,,strict_backbone
錾刻革命标语,1,6,2,0,,,strict_backbone
湘赣省第一次代表大会,0,3,0,2,,,context_only
那渡战斗,0,2,0,0,,,context_only
西康和平解放,0,1,0,0,,,context_only
利川十字路会议,0,3,0,0,,,context_only
沭北28天劫难,0,1,0,0,,,context_only
建立工农兵苏维埃政权,1,3,1,0,,,strict_backbone
护厂斗争,9,52,23,0,,,strict_backbone
牵制敌人,2,4,2,0,,,strict_backbone
工农民主政权,0,5,0,0,,,context_only
刀会暴乱,0,6,1,0,,,strict_backbone
义八武装暴动,0,5,3,0,,,strict_backbone
公葬岳北四烈士,0,1,1,0,,,strict_backbone
徐州战役,0,2,0,0,,,context_only
凯里党小组成立,0,5,2,1,,,strict_backbone
长沙反日示威大会,0,2,0,0,,,context_only
丹阳延陵战斗,0,1,1,0,,,strict_backbone
乐岩中队,1,7,3,0,,,strict_backbone
敢死队攻击,0,2,0,0,,,context_only
上海镇反运动,0,2,2,1,1949-01-01,1949-12-31,strict_backbone
作家战地访问团,0,3,0,0,,,context_only
统战谈判,0,3,1,0,,,strict_backbone
怀玉山被围,0,3,0,0,,,context_only
工人自卫队,1,9,3,1,,,strict_backbone
项英、陈毅突围行动,0,1,0,0,,,context_only
郭庄战斗,0,5,2,0,,,strict_backbone
共产国际远东各国共产党及民族革命团体第一次代表大会,0,1,1,0,,,strict_backbone
睢宁战斗,0,3,2,0,,,strict_backbone
互助合作运动,0,5,2,0,,,strict_backbone
临汾战役/大同战役/淮海战役/渡江战役,0,0,0,0,,,isolated
贺章诚事件,0,1,0,0,,,context_only
滇军18师艺工队,1,2,2,0,,,strict_backbone
军队国家化,0,5,0,0,,,context_only
三台县地下红色兵站,1,1,1,0,,,strict_backbone
消灭敌人武装,1,3,1,0,,,strict_backbone
沅江文化服务社,0,5,1,1,,,strict_backbone
打土豪分粮,0,3,1,0,,,strict_backbone
全歼伪军,0,2,2,0,,,strict_backbone
遗体运送与安葬,0,3,0,0,,,context_only
募捐义卖活动,0,3,1,0,,,strict_backbone
二六军团会师,0,9,0,0,,,context_only
土门战役,2,2,2,0,,,strict_backbone
皖南行动,0,3,1,0,,,strict_backbone
党内思想斗争,0,3,0,0,,,context_only
襄阳保安团,0,3,1,0,,,strict_backbone
驱逐军阀赵恒惕,1,1,1,0,,,strict_backbone
五县负责人联席会议,1,1,1,0,,,strict_backbone
四一二政变,0,50,15,1,,,strict_backbone
江宁解放,0,14,2,1,,,strict_backbone
红三军驻扎天官井,0,2,0,0,,,context_only
石、船小学据点建设,0,1,1,0,,,strict_backbone
新旧派斗争,0,1,0,0,,,context_only
全军政治工作会议,1,3,1,0,,,strict_backbone
拂晓攻击雪洞碉堡,0,5,5,0,,,strict_backbone
黔东独立师行动,0,5,0,0,,,context_only
查询团员身份与分配工作,0,3,0,0,,,context_only
分粮斗争,0,19,12,1,,,strict_backbone
皖西大暴动,0,3,0,0,,,context_only
曲靖慰问活动,0,2,2,0,,,strict_backbone
黄梅决战,0,3,0,1,,,context_only
皖南游击大队,0,3,1,1,,,strict_backbone
宜中解散事件,2,4,4,0,1920-01-01,1920-12-31,strict_backbone
黄安起义老区,0,2,2,0,,,strict_backbone
乌江大队,0,3,0,0,,,context_only
浒桥战斗,0,1,0,0,,,context_only
发展国民党政策,0,3,0,0,,,context_only
新青年团工作,0,6,2,1,,,strict_backbone
武定百花山前尖山铺战斗,4,6,4,1,,,strict_backbone
参军优属工作,0,2,0,0,,,context_only
组建民兵联防队,0,4,3,0,,,strict_backbone
赣南游击战,0,4,2,0,,,strict_backbone
盘北根据地斗争,1,3,1,0,,,strict_backbone
解放永顺县,1,6,1,0,,,strict_backbone
渡乌江,0,13,5,1,,,strict_backbone
社会政治概况调查,0,3,1,1,,,strict_backbone
乐安县金竹大嶂山战斗,0,5,2,0,,,strict_backbone
解放海南岛,1,1,1,0,,,strict_backbone
赤水河会议,0,3,0,0,,,context_only
守住周口子桥战斗,0,4,4,0,,,strict_backbone
江津士兵起义,0,9,2,0,,,strict_backbone
土地入股,0,3,1,0,,,strict_backbone
群众思想四怕,0,4,0,1,,,context_only
富田大会战,0,1,1,0,,,strict_backbone
红八军一纵与红七军会师,1,5,3,0,,,strict_backbone
宜章农民革命运动,0,4,4,0,,,strict_backbone
湘鄂赣边特委扩大会议,0,3,3,0,,,strict_backbone
策应主力行动,0,1,0,0,,,context_only
合围结束歼匪成果,0,3,0,0,,,context_only
武汉地下革命斗争,0,1,1,0,,,strict_backbone
成立滇南地委,0,3,1,1,,,strict_backbone
象山岛战斗,0,1,0,0,,,context_only
临时乡政权,0,6,1,0,,,strict_backbone
苏区江西省第二次党代表大会,0,3,0,0,,,context_only
解放三都县,0,6,5,0,,,strict_backbone
学潮罢课,0,1,1,0,,,strict_backbone
苏皖事变,0,3,1,0,,,strict_backbone
六霍起义,2,12,4,0,,,strict_backbone
推翻反动校长行动,0,2,2,0,,,strict_backbone
大别山妇女工作,1,11,4,1,,,strict_backbone
洵口战斗,0,6,4,0,,,strict_backbone
活捉敌魁四面出击迎接解放,0,5,5,0,,,strict_backbone
苏皖支队行动,0,2,2,0,,,strict_backbone
反日设领宣传大会,0,4,1,0,,,strict_backbone
封锁线构筑,0,6,0,0,,,context_only
红六军攻克华容县城,1,3,1,1,,,strict_backbone
鄂西会战,0,3,0,0,,,context_only
法制化政权建设,0,3,1,0,,,strict_backbone
清洁大扫除运动,0,5,3,1,,,strict_backbone
移交枪支,0,1,1,0,,,strict_backbone
中国工人运动特点,0,3,0,0,,,context_only
集体行动同志,0,1,0,0,,,context_only
减租退押/反封建斗争,0,1,0,0,,,context_only
三湾整编,0,6,6,0,,,strict_backbone
伪军争取工作,0,3,1,0,,,strict_backbone
景谷县反革命暴乱,0,2,2,0,,,strict_backbone
南昌县农民运动,0,11,6,0,,,strict_backbone
万县惨案支援运动,0,1,0,0,,,context_only
围剿梵净山股匪,2,2,2,0,,,strict_backbone
陈家港战斗,0,2,2,0,,,strict_backbone
会议决定,0,2,0,0,,,context_only
接管警察机关和银行,0,3,1,0,,,strict_backbone
改革开放时期,0,5,0,0,,,context_only
妇女参与土改与宣传,0,2,0,0,,,context_only
衡山县农民协会成立,0,1,1,0,,,strict_backbone
防剿大队,0,3,0,0,,,context_only
纪念五四和五二〇一周年活动,0,6,0,1,,,context_only
綦江县抗战初期党的建设情况,0,7,1,0,,,strict_backbone
劳动建校,1,4,1,0,,,strict_backbone
吉安大革命运动,3,9,5,0,,,strict_backbone
炉山县剿匪斗争,0,9,0,0,,,context_only
抢运公粮,0,2,1,0,,,strict_backbone
大柏圩子战斗,2,8,4,0,,,strict_backbone
粤汉铁路伏击战,0,2,0,0,,,context_only
常州工人运动,0,1,1,0,,,strict_backbone
天罗地网,1,2,1,0,,,strict_backbone
学生游行,2,24,13,2,,,strict_backbone
蕲北‘五二二’暴动,0,2,2,0,,,strict_backbone
五卅斗争,0,2,2,0,,,strict_backbone
社会学系教学活动,0,1,1,0,,,strict_backbone
断桥北战役,0,3,0,0,,,context_only
镇反,0,3,0,0,,,context_only
三·一六事件,0,2,2,0,,,strict_backbone
陇海铁路工人大罢工,0,3,1,1,,,strict_backbone
农民起义,0,9,4,3,,,strict_backbone
专区农民代表大会,0,2,1,0,,,strict_backbone
南渡长江,1,7,3,0,,,strict_backbone
反对迁校斗争,0,4,4,3,,,strict_backbone
南京市委会议,0,1,0,0,,,context_only
上海各界人士和平请愿运动,0,4,1,0,,,strict_backbone
新场总支建立,0,2,2,0,,,strict_backbone
华永联防剿匪司令部,0,3,0,0,,,context_only
涟水城解放,0,2,2,0,,,strict_backbone
锦屏剿匪与第二次解放,0,5,1,0,,,strict_backbone
反“清乡”第一阶段军事扫荡,0,6,1,0,,,strict_backbone
革命斗争/牺牲,0,2,0,0,,,context_only
赤卫队叛变与组织恢复,0,1,0,0,,,context_only
大王庄会见,0,5,2,0,,,strict_backbone
发展鄂南敌后抗日游击战争,0,3,1,0,,,strict_backbone
动员群众/赠送物资/转移,0,4,1,0,,,strict_backbone
南腰界扩大会议,0,3,1,0,,,strict_backbone
匪特骚乱,0,6,2,0,,,strict_backbone
河东敌后斗争,0,2,2,0,,,strict_backbone
蚌井洞战斗,0,3,2,0,,,strict_backbone
常德县农民运动,0,2,2,0,,,strict_backbone
龙凤乡党支部成立,0,2,2,0,,,strict_backbone
塔子山农民暴动,5,6,6,0,,,strict_backbone
关岭暴动,0,5,2,0,,,strict_backbone
蕲水战役,0,3,0,0,,,context_only
平江工作,0,3,1,2,,,strict_backbone
九里坪唱春戏斗争,0,1,1,0,,,strict_backbone
民兵同盟,0,3,0,0,,,context_only
抗租款斗争,0,3,1,1,,,strict_backbone
整党学习班,0,2,2,0,,,strict_backbone
忠信乡人民自卫队,0,5,2,1,,,strict_backbone
反‘清乡’斗争,1,16,9,1,,,strict_backbone
文化界动员工作,0,5,0,0,,,context_only
徐州市解放,0,4,0,0,,,context_only
抗捐运动,1,21,10,1,,,strict_backbone
工农革命军整顿与训练,3,3,3,0,,,strict_backbone
保路斗争,0,2,0,0,,,context_only
庆祝新中国成立,0,3,0,0,,,context_only
上海法电工人罢工,0,4,2,0,,,strict_backbone
夺取虎城乡公所枪支计划,1,3,1,0,,,strict_backbone
樵山伏击战,0,2,1,0,,,strict_backbone
抗日救国工作,0,5,2,0,,,strict_backbone
昭通地区反动势力斗争,0,3,1,0,,,strict_backbone
毕节县土改运动,0,2,0,0,,,context_only
永乐乡代表大会,0,1,1,0,,,strict_backbone
五十三兵工厂进攻行动,0,3,0,0,,,context_only
红六军与红三军会师,0,2,2,0,,,strict_backbone
双十一大运动,0,3,0,0,,,context_only
沭阳城解放,0,2,2,0,,,strict_backbone
抢修粮仓,0,8,2,0,,,strict_backbone
攻克宝应县城战斗,0,4,1,1,,,strict_backbone
皖南突围作战,0,5,2,0,,,strict_backbone
争取伪军/平定叛变,0,2,0,0,,,context_only
坚贞不屈,0,19,0,0,,,context_only
土地革命初期武装暴动,0,2,2,0,,,strict_backbone
群众积极献粮售粮,0,1,0,0,,,context_only
夏陶然运动,0,2,2,0,,,strict_backbone
张国焘路线斗争,0,3,0,0,,,context_only
巴西会议,0,7,4,0,,,strict_backbone
冷家坝追击战,0,1,0,0,,,context_only
赣东北省第一次共青团代表大会,0,1,1,0,,,strict_backbone
小秦家会议,0,6,2,0,,,strict_backbone
郭家坪高地争夺战,0,2,2,0,,,strict_backbone
川康特委紧急会议,0,5,3,0,,,strict_backbone
第一次郑州会议,0,3,3,0,,,strict_backbone
牟坪地区暴动,1,8,2,0,,,strict_backbone
缴获武器,0,22,0,0,,,context_only
五卅惨案,4,235,102,2,,,strict_backbone
伪教育局人员处理,0,1,0,0,,,context_only
护校保产,0,5,0,0,,,context_only
湘南暴动计划,1,5,2,0,,,strict_backbone
金华暴动,0,4,2,0,,,strict_backbone
艺工组,0,3,0,0,,,context_only
南下示威学生运动,0,4,4,0,1931-01-01,1931-12-31,strict_backbone
《流亡三部曲》,0,2,0,0,,,context_only
抢占西垭口,1,2,1,0,,,strict_backbone
红五军扩编,0,5,2,0,,,strict_backbone
1950年清匪反霸行动,0,4,0,0,,,context_only
中共湘鄂赣边区游击战争,0,2,2,0,,,strict_backbone
泸西县民兵组织,0,5,0,1,,,context_only
解放黔北各县,0,1,0,0,,,context_only
黄埔军校第三期,1,5,3,1,,,strict_backbone
鄂南抗日游击战,0,4,4,0,,,strict_backbone
红军学校竞赛大会,0,5,2,0,,,strict_backbone
东溪米案,4,53,20,1,,,strict_backbone
五四运动29周年纪念大会,0,2,2,0,,,strict_backbone
黔东北第二期会剿,2,4,2,0,,,strict_backbone
对私改造五人小组,2,2,2,0,,,strict_backbone
羊桥防堵侦察,0,4,3,0,,,strict_backbone
南县事件,0,5,3,0,,,strict_backbone
闽浙赣省第二次全省工农兵代表大会,0,1,1,0,,,strict_backbone
示威游行,1,3,1,0,,,strict_backbone
瓢儿井智取行动,0,6,3,0,,,strict_backbone
反夺斗争,1,3,3,0,,,strict_backbone
红十六师征战临江,0,3,0,0,,,context_only
反天主教斗争,0,3,0,0,,,context_only
江西宁都青塘会议,0,2,0,0,,,context_only
江浙同乡会,0,2,0,0,,,context_only
介绍新同学与访车素英,0,3,1,0,,,strict_backbone
上海党的六届二中全会,0,3,1,0,,,strict_backbone
斗争与团结,0,1,0,0,,,context_only
整理摊贩,0,3,1,0,,,strict_backbone
民族工作团,0,4,1,0,,,strict_backbone
长征集结与突围,0,3,1,0,,,strict_backbone
保康游击根据地建设,0,4,1,1,,,strict_backbone
昭通建党,0,4,2,0,,,strict_backbone
五·一运动,0,5,2,1,,,strict_backbone
赤南战斗营,0,1,0,0,,,context_only
宜昌县民教馆抗敌宣传团,0,6,1,0,,,strict_backbone
围歼团防杨和亭部,0,2,2,0,,,strict_backbone
应城、黄灵矶、榛子口战斗,0,0,0,0,,,isolated
合围进剿,0,2,2,0,,,strict_backbone
竹溪县抗日工作促进会,0,4,4,0,,,strict_backbone
滕家堡战斗,0,8,3,3,,,strict_backbone
歼匪统计,0,9,1,1,,,strict_backbone
小先生制,0,6,1,1,,,strict_backbone
1943年反扫荡战役,0,2,2,1,1943-01-01,1943-12-31,strict_backbone
抗战民主运动,0,2,2,1,1940-01-01,1940-12-31,strict_backbone
江南指挥部成立,0,4,0,0,,,context_only
浒湾之战,1,5,2,0,,,strict_backbone
金鸡村反霸斗争,0,1,0,0,,,context_only
余干保安团队,0,3,0,0,,,context_only
四反顽战役,0,3,0,0,,,context_only
南下大进军,0,2,0,0,,,context_only
江北县委成立,0,10,2,0,,,strict_backbone
关税会议,0,2,2,0,,,strict_backbone
淮上抗日民主政权建设,0,1,0,0,,,context_only
元墨边区联防指挥,0,3,0,0,,,context_only
共青团清江特支,0,6,0,0,,,context_only
创建井冈山革命根据地的斗争,2,2,2,0,,,strict_backbone
五二〇事件,0,14,4,1,1947-05-20,1947-05-20,strict_backbone
安顺新华书店建店,0,5,2,1,,,strict_backbone
收缴散兵游勇武器行动,0,3,3,0,,,strict_backbone
禁鸦片运动,0,2,2,0,,,strict_backbone
春荒借粮斗争,0,3,2,0,,,strict_backbone
互助合作,0,3,0,0,,,context_only
毕节革命活动,0,3,0,0,,,context_only
永修‘四一五’惨案,0,5,5,0,,,strict_backbone
成渝间邮电中断,0,3,0,0,,,context_only
分兵游击方针,0,3,0,0,,,context_only
綦江妇女运动,0,9,1,1,,,strict_backbone
交通邮电建设,0,3,0,0,,,context_only
湘鄂西肃反扩大化,0,2,1,0,,,strict_backbone
教职员薪资发放与公粮情况,0,3,2,0,,,strict_backbone
反饥饿反内战学生运动,0,4,4,1,1947-05-01,1947-05-31,strict_backbone
渔洋关党小组,0,4,0,0,,,context_only
宣传工作,1,17,4,2,,,strict_backbone
山头区队,1,1,1,0,,,strict_backbone
反对征工筑路斗争,0,1,1,0,,,strict_backbone
信阳战斗,0,1,0,0,,,context_only
攻打樟树,3,3,3,0,,,strict_backbone
长江流域管理局设想,0,2,0,0,,,context_only
拒降斗争,0,3,0,0,,,context_only
太湖黄下战斗,0,1,0,0,,,context_only
下方桥机织工人罢工,0,1,0,0,,,context_only
葛家岩起义,0,5,2,0,,,strict_backbone
北碚解放初期群团组织,0,1,0,0,,,context_only
文化测验/批评教育/发放教材,0,1,0,0,,,context_only
广汉军事起义,0,2,2,0,,,strict_backbone
土地会暴动,1,20,7,1,,,strict_backbone
反扫荡战斗,0,14,4,1,,,strict_backbone
纠正急躁冒进,0,3,0,0,,,context_only
五一号召,0,3,0,0,,,context_only
上海五卅运动,0,4,4,0,,,strict_backbone
重庆解放东路集贤茶社,0,3,0,0,,,context_only
安源二大罢工,1,2,2,0,,,strict_backbone
丰都县城厢学生假期救亡工作团,0,3,0,0,,,context_only
遵义大捷,0,3,3,0,,,strict_backbone
右倾机会主义,0,5,0,0,,,context_only
六次大会,0,3,0,0,,,context_only
合围战果统计,0,3,3,0,,,strict_backbone
《贵州工作问题纲领》起草,0,3,3,0,,,strict_backbone
巷头战斗,0,2,0,0,,,context_only
抗征会,0,4,2,1,,,strict_backbone
保卫革命政权,0,1,0,0,,,context_only
苏皖边区反击战,0,5,5,0,,,strict_backbone
七人之狱,1,7,5,0,,,strict_backbone
诸战役,0,1,0,0,,,context_only
野营冲战斗,0,2,2,0,,,strict_backbone
重庆三·三一暴动,0,3,0,0,,,context_only
八七中央紧急会议,0,4,2,1,1927-08-07,1927-08-07,strict_backbone
奔袭上高劫取子弹,1,6,4,0,,,strict_backbone
清江渡军事会议,0,3,1,0,,,strict_backbone
扩大交友工作,0,2,2,0,,,strict_backbone
抗战宣传,0,1,1,0,,,strict_backbone
两湖铁路工人罢工事件,1,6,4,1,,,strict_backbone
解放战争时期扩军活动,0,5,2,1,1946-01-01,1950-12-31,strict_backbone
清江工人运动,2,7,7,1,1924-01-01,1924-12-31,strict_backbone
厦门破狱斗争,0,1,1,0,,,strict_backbone
敌军偷袭,0,3,0,0,,,context_only
十·二七事件,0,2,0,0,,,context_only
特务威胁皖南事变后撤离,0,6,0,1,,,context_only
钓鱼城集会,0,3,1,1,,,strict_backbone
五四运动在休宁的影响,0,3,0,0,,,context_only
九军团行动,0,8,1,1,,,strict_backbone
崇德乡农民武装暴动,8,58,41,1,1927-01-01,1927-12-31,strict_backbone
石家街伏击战,0,2,0,0,,,context_only
维宁暴动,0,5,4,0,,,strict_backbone
王家墩突围战斗,0,2,2,0,,,strict_backbone
建立忠烈祠,0,3,0,0,,,context_only
汝南哨阻击战,2,9,6,0,,,strict_backbone
新解放区,0,1,0,0,,,context_only
反围剿,1,13,5,0,,,strict_backbone
新斗新秤改革,0,3,0,0,,,context_only
牛厂凼战斗,0,6,4,0,,,strict_backbone
黄口暴动胜利,0,3,0,0,,,context_only
旧州区接管政权,0,3,0,0,,,context_only
红军冲突事件,0,1,0,0,,,context_only
婺源县保安大队,0,6,1,1,,,strict_backbone
工厂民主改革分类指导,0,2,0,0,,,context_only
治安会议,0,2,0,0,,,context_only
动员参战/政治攻势准备,0,5,4,0,,,strict_backbone
南京学生游行,0,13,2,1,,,strict_backbone
红军伤员掩护事件,0,5,0,1,,,context_only
扼阻敌人于潇水西岸部署,0,1,0,0,,,context_only
地下党组织斗争,0,3,0,0,,,context_only
华南战役,2,6,3,0,,,strict_backbone
拨乱反正,0,5,2,0,,,strict_backbone
全国民族学讨论会,1,2,2,0,,,strict_backbone
民族政策宣传,0,6,3,0,,,strict_backbone
湖南地区党的发展史,0,1,1,0,,,strict_backbone
农村运动,0,4,1,0,,,strict_backbone
井冈山根据地的第一个红色政权,0,2,2,0,,,strict_backbone
新民主主义政权建设,0,2,0,0,,,context_only
调查落实/平反昭雪,0,1,0,0,,,context_only
口供抄呈,0,2,0,0,,,context_only
皖东北抗日根据地建设,0,2,0,0,,,context_only
杨柳区队筹建,0,1,1,0,,,strict_backbone
蒙城桥地区阻击战,0,3,0,0,,,context_only
长期战争,0,1,0,0,,,context_only
京汉铁路工人大屠杀,0,6,1,1,,,strict_backbone
潜山请水寨暴动,0,3,0,0,,,context_only
天目山反顽自卫战,0,1,1,0,,,strict_backbone
渡江入城,0,3,0,0,,,context_only
红四军九次党代表大会,0,2,2,0,,,strict_backbone
支子湖战斗,0,3,3,0,,,strict_backbone
路南圭山活动,0,4,4,0,,,strict_backbone
桂林统战工作,0,1,1,0,,,strict_backbone
出国寻求救国大计,0,3,0,0,,,context_only
收复宝应县城,0,2,0,0,,,context_only
索薪请愿运动,0,11,2,0,,,strict_backbone
鹞落坪便衣队,0,9,0,0,,,context_only
城工部地下斗争,0,3,0,0,,,context_only
二·九运动,0,2,2,0,1935-01-01,1935-12-31,strict_backbone
打官轿抗捐事件,0,2,2,0,,,strict_backbone
怀远县革命斗争,0,3,0,0,,,context_only
上饶集中营茅家岭暴动,0,1,1,0,,,strict_backbone
铜山县武丁队,0,1,0,0,,,context_only
南京英商和记洋行工人罢工,0,3,0,0,,,context_only
中央苏区南部十七县经济建设大会,0,4,4,0,1933-01-01,1933-12-31,strict_backbone
红三军政委,0,4,0,0,,,context_only
锦州国民党军队起义,0,3,0,0,,,context_only
红22军成立,0,3,2,0,,,strict_backbone
两航起义,1,10,10,1,1949-01-01,1949-12-31,strict_backbone
樱花晚宴话剧,0,3,0,0,,,context_only
鄂西特委会议,1,5,3,0,,,strict_backbone
羊场伏击战,0,6,3,1,,,strict_backbone
财税干部培训,0,5,3,0,,,strict_backbone
共军入黔,0,3,0,0,,,context_only
倒蒋斗争,0,4,4,1,1949-01-01,1949-12-31,strict_backbone
雷山铁壁合围,0,5,0,0,,,context_only
红10军南渡信江,0,2,2,0,,,strict_backbone
土匪暴动,0,9,4,0,,,strict_backbone
运送物资遭袭,0,5,4,0,,,strict_backbone
《凤凰城》,0,4,0,0,,,context_only
九一八事变后请愿活动,0,2,1,0,,,strict_backbone
湖南省团校训练班,0,3,0,0,,,context_only
伏击日军行动,0,2,2,1,,,strict_backbone
红七军转战贵州,1,2,2,0,,,strict_backbone
阳澄县收复,0,1,0,0,,,context_only
军事投机过火,1,1,1,0,,,strict_backbone
武汉军运,0,2,2,0,,,strict_backbone
黔南剿匪斗争总结,0,3,0,0,,,context_only
绍兴抗日自卫少年营,0,1,0,0,,,context_only
支援浙西天目山战役,0,1,0,0,,,context_only
湘江之战,0,2,2,0,,,strict_backbone
支前担架队行动,0,3,2,0,,,strict_backbone
安顺建设,0,2,2,0,,,strict_backbone
粤汉铁路罢工斗争,0,13,8,0,,,strict_backbone
职工运动执行方针,0,2,0,0,,,context_only
圭山起义,1,2,2,1,1948-01-01,1948-12-31,strict_backbone
建立秘密交通站/搜集情报/营救县领导人,0,1,0,0,,,context_only
赴法勤工俭学,2,6,3,0,,,strict_backbone
铜厂保卫战,0,2,0,0,,,context_only
《贵池党史资料选编》,0,2,0,0,,,context_only
贵州抗日游击计划,0,3,1,0,,,strict_backbone
粤汉铁路工会斗争,0,2,0,0,,,context_only
《龙岩被压迫阶级的现状及其出路》,0,3,0,0,,,context_only
瓮安县剿匪斗争,0,2,2,1,,,strict_backbone
反扫荡斗争,3,158,81,4,1937-07-07,1945-08-15,strict_backbone
日俘所四季活动,0,2,1,0,,,strict_backbone
开设门市部/出售图书,1,2,2,0,,,strict_backbone
军民协同打坦克诱敌入绝境,0,1,0,0,,,context_only
淮海区第一届群英大会,0,5,3,0,,,strict_backbone
清厘租谷运动,0,2,2,0,1927-01-01,1927-12-31,strict_backbone
肖宿永斗争,0,4,4,1,1946-01-01,1946-12-31,strict_backbone
清匪反霸减租退押,0,3,0,0,,,context_only
第五兵团入黔作战部署,0,6,4,1,,,strict_backbone
金沙江渡江行动,1,14,7,0,,,strict_backbone
千里追踪擒匪,0,1,1,0,,,strict_backbone
大别山工作,1,3,1,0,,,strict_backbone
迎接毛主席朱总司令进城,0,6,1,1,,,strict_backbone
办农民夜校,0,13,6,1,,,strict_backbone
无锡学社事件,0,5,3,0,,,strict_backbone
大黑山战斗,1,2,2,0,,,strict_backbone
南迁行动,0,1,0,0,,,context_only
群众抗税斗争,0,3,0,0,,,context_only
驱逐反动教员事件,0,2,2,1,,,strict_backbone
短枪队/政治保卫队,0,1,1,0,,,strict_backbone
干运会,0,4,2,0,,,strict_backbone
追悼鲁迅接受革命思想,0,1,0,0,,,context_only
反美蒋反三征宣传,0,3,1,0,,,strict_backbone
八年抗战,0,3,2,0,,,strict_backbone
团工作、经费妇女工作、群众工作,0,1,0,0,,,context_only
推选候选人,0,1,1,0,,,strict_backbone
永顺镇会师,0,3,1,0,,,strict_backbone
丰都解放,2,9,6,0,,,strict_backbone
寻找杨永清藏身处,1,4,3,0,,,strict_backbone
马龙县解放斗争,0,4,4,1,1949-01-01,1949-12-31,strict_backbone
回忆《十日旬刊》创办经过,0,3,0,0,,,context_only
川滇黔边游击武装斗争,1,2,2,0,,,strict_backbone
驱军阀斗争,0,3,0,0,,,context_only
工运发展过程简述,0,1,1,0,,,strict_backbone
保厂护厂,2,8,4,1,,,strict_backbone
收复濮阳,0,2,2,0,,,strict_backbone
松山战役,1,3,3,0,,,strict_backbone
五·四文艺座谈会,0,4,0,0,,,context_only
土改准备,0,3,0,0,,,context_only
棋盘岭战斗,0,6,3,0,,,strict_backbone
筹集被毯与草鞋,0,3,0,0,,,context_only
活报话剧《打闯王》,0,3,0,0,,,context_only
棉花坪战斗,0,1,0,0,,,context_only
红军二、六军团长征,0,2,0,0,,,context_only
饶水特支,1,1,1,0,,,strict_backbone
立功报效运动,0,1,0,0,,,context_only
马克思主义传播,2,42,10,1,,,strict_backbone
合川、北碚等地群众工作,0,1,1,0,,,strict_backbone
肃清白匪会,0,2,0,0,,,context_only
清积谷查匪赃,0,5,0,0,,,context_only
寒假回乡学生宣传团,0,6,0,1,,,context_only
吴桥寺反袭击战,0,5,0,0,,,context_only
灵璧县青年抗日救国团,0,3,0,0,,,context_only
后营区分部成立,0,2,2,0,,,strict_backbone
川东特委会议,0,7,0,0,,,context_only
醴陵工人运动,0,4,4,0,,,strict_backbone
中国共产党第四次全国大会,0,3,1,1,,,strict_backbone
彭咏梧牺牲,0,3,0,0,,,context_only
盘江烽火,0,6,1,0,,,strict_backbone
U-2型高空侦察机坠毁事件,0,7,4,0,,,strict_backbone
干部整顿,0,2,0,0,,,context_only
文研会,0,6,0,0,,,context_only
江淮区党委扩大会,0,2,0,0,,,context_only
六安解放接管,0,3,1,0,,,strict_backbone
樵山保卫战,4,16,9,1,,,strict_backbone
单线联系,0,3,0,0,,,context_only
法国资本家,0,3,1,0,,,strict_backbone
反妥协宣传,0,3,0,0,,,context_only
苗族自卫军成立,0,2,0,0,,,context_only
黄陂农民运动,0,2,2,0,,,strict_backbone
四·二二反革命政变,0,3,0,0,,,context_only
上海文化界同盟,0,3,0,0,,,context_only
江西省总暴动准备计划,0,3,1,0,,,strict_backbone
北伐军进占吉安城,0,3,3,0,,,strict_backbone
东沙会议,0,12,0,0,,,context_only
干运会生活营,0,4,0,0,,,context_only
控制孟溪电话总机,0,2,2,0,,,strict_backbone
白云区人民政府成立,0,2,0,0,,,context_only
六·二三运动,0,2,0,0,,,context_only
加工军粮,0,1,1,0,,,strict_backbone
湘黔滇旅行团,1,2,2,0,,,strict_backbone
追认烈士与修建墓碑,0,1,0,0,,,context_only
启发思想斗争,0,2,0,0,,,context_only
抗敌自卫团,0,5,0,0,,,context_only
增资减息斗争,0,2,2,0,,,strict_backbone
军阀包围,0,1,0,0,,,context_only
重庆谈判协定,0,3,3,0,,,strict_backbone
读书会与书店开设,0,3,1,0,,,strict_backbone
鄂南抗日战争史,0,3,0,0,,,context_only
石杨战斗,0,3,0,0,,,context_only
乌龟山战役,0,3,3,0,,,strict_backbone
游击队进攻荔波县城/占领县城,0,1,1,0,,,strict_backbone
划阶级,0,9,1,0,,,strict_backbone
铁路线破坏行动,0,2,2,0,,,strict_backbone
重庆沧白堂较场口事件,0,3,0,0,,,context_only
青龙寨战役,0,1,0,0,,,context_only
龙里县地主投河事件,0,1,1,0,,,strict_backbone
长紫惠战役/斗篷战斗/独山三都合围/惠水平塘合围/荔波合围,0,8,1,0,,,strict_backbone
梁山县城五卅惨案纪念会,0,3,0,0,,,context_only
沙家会议,0,13,1,1,,,strict_backbone
安青,0,6,2,0,,,strict_backbone
苏皖边根据地开辟,0,2,2,0,,,strict_backbone
'一二·一'爱国民主运动,0,5,3,1,,,strict_backbone
红军驻扎事件,0,3,0,0,,,context_only
反内战反饥饿反暴行运动,0,4,1,0,,,strict_backbone
中共上虞县直属支部成立大会,3,3,3,0,,,strict_backbone
四·一·一暴乱,0,2,0,0,,,context_only
首届学生代表大会,0,1,0,0,,,context_only
匪部活动与指挥部成立,0,2,0,0,,,context_only
云南南部及西部解放区,0,1,0,0,,,context_only
遂遂边起义,0,3,0,0,,,context_only
人民解放军渡江战役,1,8,2,0,1949-01-01,1949-12-31,strict_backbone
文笔坡战斗,0,3,3,0,,,strict_backbone
起义通电脱离国民党统治,0,2,1,0,,,strict_backbone
万县抗日救亡活动,0,2,2,0,,,strict_backbone
收回码头/印发传单/围逼赵公府/驱逐赵恒惕,0,0,0,0,,,isolated
上饶火车站附近守城之敌,1,1,1,0,,,strict_backbone
清乡斗争,0,2,2,0,,,strict_backbone
广西百色起义和龙州起义,4,8,8,0,,,strict_backbone
反富农路线,0,3,0,0,,,context_only
石塘区清剿行动,0,3,0,0,,,context_only
美国空军强奸中国妇女事件,0,3,0,0,,,context_only
控制道县阻敌赴全州作战,0,5,0,0,,,context_only
农会组织改造与斗争策略,0,4,0,0,,,context_only
首长视察,0,1,0,0,,,context_only
太湖县委成立,0,2,2,0,,,strict_backbone
威宁回旋战,0,2,0,0,,,context_only
半封建半殖民地剥削,0,5,0,0,,,context_only
邱北会议,0,3,2,0,,,strict_backbone
三台会议,0,1,0,0,,,context_only
荡场战斗,0,6,2,1,,,strict_backbone
遵守群众纪律,1,3,1,0,,,strict_backbone
家庭向苏区外转移,0,3,3,0,,,strict_backbone
宿北战役后清剿行动,0,2,1,0,,,strict_backbone
紫云洞会议,0,2,0,0,,,context_only
借还物资事件,0,4,2,0,,,strict_backbone
武汉工商学群众大会,0,1,0,0,,,context_only
隐蔽斗争/打击反动爪牙,0,2,2,0,,,strict_backbone
武汉大轰炸,0,3,0,0,,,context_only
青工队斗争,1,6,4,0,,,strict_backbone
眺高守夜打号铳,0,1,0,0,,,context_only
师宗县民兵组织,0,3,1,0,,,strict_backbone
新四军第五师被围困事件,0,3,0,0,,,context_only
五大任务/反封建斗争/分散清剿,0,0,0,0,,,isolated
苏州第三监狱斗争,0,2,2,0,,,strict_backbone
纠正盲动主义,3,3,3,0,,,strict_backbone
梵净山战斗,0,1,0,0,,,context_only
第四自卫队,0,2,2,0,,,strict_backbone
解放赫章,0,3,0,0,,,context_only
蒋介石策动四川军阀破坏国共合作,0,3,0,0,,,context_only
上海三月暴动,0,2,1,0,,,strict_backbone
党盟交叉五人小组,0,3,0,0,,,context_only
二七惨案后援会,4,4,4,0,,,strict_backbone
打入敌军,0,3,0,0,,,context_only
七届二中全会,0,15,0,0,,,context_only
团救社,0,3,2,0,,,strict_backbone
淮阴民工暴动,0,1,1,0,,,strict_backbone
清匪反霸、整风运动,0,0,0,0,,,isolated
固镇反扫荡牺牲,0,3,0,0,,,context_only
七七抗战两周年纪念活动,2,4,4,0,,,strict_backbone
行军与逃亡,0,7,1,1,,,strict_backbone
刘正增旅,0,2,0,0,,,context_only
矾头山伏击战,0,2,0,0,,,context_only
分兵发动群众,0,3,0,0,,,context_only
昭通地下党行动,0,3,0,0,,,context_only
中共清池地下党支部成立,1,2,2,0,,,strict_backbone
党团合并,1,6,2,0,,,strict_backbone
湘鄂西武装斗争,0,2,2,0,,,strict_backbone
抗美援朝运动,7,54,25,2,1949-01-01,1949-12-31,strict_backbone
合肥城之役,0,3,0,0,,,context_only
商南武装起义,1,2,2,0,,,strict_backbone
农协组织,0,23,8,0,,,strict_backbone
澜沧武装斗争,1,7,6,0,,,strict_backbone
活捉与公审处决,0,3,0,0,,,context_only
泗阳地区战略反攻,0,2,2,0,,,strict_backbone
劫牢反狱与公审枪决,0,1,0,0,,,context_only
妇代会,0,5,2,1,,,strict_backbone
句容二区民兵,0,1,0,0,,,context_only
跳墩河战斗,0,5,3,0,,,strict_backbone
杨长治遭敌杀害,1,3,1,1,,,strict_backbone
反帝示威游行,1,4,2,0,,,strict_backbone
济南战役/淮海战役,0,0,0,0,,,isolated
宿南战役,3,25,21,1,1945-05-21,1945-05-21,strict_backbone
江西省教育改革,0,6,2,0,,,strict_backbone
农民协会成立大会,0,6,0,0,,,context_only
军事斗争任务,0,1,0,0,,,context_only
中国共产党领导下的抗日斗争,0,5,3,0,,,strict_backbone
教唱革命歌曲,2,3,2,0,,,strict_backbone
《开历史倒车》话剧,0,2,0,0,,,context_only
二九惨案,1,3,1,0,,,strict_backbone
锄奸捕杀,0,7,0,0,,,context_only
太湖李杜店战斗,0,2,0,0,,,context_only
罗甸铁壁合围,0,3,3,0,,,strict_backbone
中秋节军民联欢晚会,0,3,0,0,,,context_only
枣阳新集战役,0,6,4,1,,,strict_backbone
青峰会议,0,2,2,0,,,strict_backbone
地下工作转变,0,3,2,0,,,strict_backbone
修城墙民工,0,3,0,0,,,context_only
横峰县农民协会成立,2,5,3,0,,,strict_backbone
狮子岭炮台战斗,0,1,0,0,,,context_only
淮安地方武装建设,0,3,0,0,,,context_only
暂编三二团组建,0,5,2,0,,,strict_backbone
县妇联成立,1,2,2,0,,,strict_backbone
九·五惨案,0,2,2,0,,,strict_backbone
工农大革命,0,2,0,0,,,context_only
蓝田战斗,2,31,19,1,,,strict_backbone
中华苏维埃第二次全国代表大会,0,8,3,1,,,strict_backbone
北平学生抗日救亡运动,0,2,2,0,,,strict_backbone
苏维埃政权,0,1,0,0,,,context_only
抗议四一二反革命政变,0,2,2,0,,,strict_backbone
中国民主同盟被宣布为非法团体,0,2,2,0,,,strict_backbone
一工委会议,0,1,0,0,,,context_only
皖南县(海)委,0,2,2,0,,,strict_backbone
山门秀公祠守卫战,0,5,3,0,,,strict_backbone
输送武装人员,1,5,4,0,,,strict_backbone
草坪伏击战,0,9,0,0,,,context_only
农讲所毕业典礼,0,2,1,0,,,strict_backbone
发展组织,0,24,0,2,,,context_only
知识青年从军运动,0,3,0,0,,,context_only
贺胜桥战斗,1,5,5,0,,,strict_backbone
捕获叛徒与情报网建设,0,1,0,0,,,context_only
孝泉兵变,2,28,14,0,,,strict_backbone
挖色暴动,0,5,2,0,,,strict_backbone
罗瑛‘民主联军’,1,2,1,0,,,strict_backbone
中共黔东总支改组事件,0,2,2,0,,,strict_backbone
杨世美携枪串联土匪,0,3,0,0,,,context_only
城市接管,0,3,1,0,,,strict_backbone
除掉警察,0,1,0,0,,,context_only
红军二、六军团北上长征,0,1,0,0,,,context_only
解放赣州战斗,0,3,0,0,,,context_only
南方局青委,0,2,0,0,,,context_only
桂敌,0,11,0,0,,,context_only
朱张联名来电,0,2,0,0,,,context_only
宣泰战斗/李堡战斗,0,0,0,0,,,isolated
派遣内线工作,1,3,2,0,,,strict_backbone
第二次反蒋武装起义,0,5,2,0,,,strict_backbone
八斗岭战斗,0,6,0,0,,,context_only
成立工人纠察队,0,2,2,0,,,strict_backbone
塘口坝血战,0,2,2,0,,,strict_backbone
川黔作战,4,11,6,0,,,strict_backbone
知识分子思想改造运动,0,3,0,0,,,context_only
北伐军攻克湘潭城,0,3,0,0,,,context_only
盐城群众运动,0,9,3,1,,,strict_backbone
民青小组,0,5,1,0,,,strict_backbone
中共徐海蚌特委第一次成立,0,0,0,0,,,isolated
捧鲊暴动,2,2,2,0,,,strict_backbone
反动会道门取缔行动,0,12,0,0,,,context_only
合作化规划,0,3,1,0,,,strict_backbone
青年同盟小组,0,3,0,0,,,context_only
八个月教育工作总结,0,1,0,0,,,context_only
北伐工作,0,3,0,0,,,context_only
边区斗争,0,1,1,0,,,strict_backbone
小觉镇追悼大会,0,5,3,1,,,strict_backbone
新联地下活动,0,1,1,0,,,strict_backbone
黄水河战斗,0,2,2,0,,,strict_backbone
太极镇战斗,0,5,5,0,,,strict_backbone
集中缝纫工人与缝制军衣,0,1,0,0,,,context_only
华中敌后工作任务,1,5,3,0,,,strict_backbone
四明山地区斗争,1,2,2,1,1943-01-01,1943-12-31,strict_backbone
围剿南寨大寨,0,5,2,0,,,strict_backbone
官庄战斗,0,1,0,0,,,context_only
拒绝编入伪军/国民党,0,1,1,0,,,strict_backbone
收回邮政管理权,0,3,0,0,,,context_only
活学活用毛泽东思想群众运动,0,6,1,0,,,strict_backbone
一二·九运动,2,78,42,1,1935-01-01,1935-12-31,strict_backbone
长寿至梁平公路修复工程,0,3,0,0,,,context_only
狮子铺阵地争夺,0,1,0,0,,,context_only
井冈山保卫战,4,18,13,0,,,strict_backbone
香河坝战斗,0,3,0,0,,,context_only
庄行暴动,6,17,10,0,,,strict_backbone
反对会考斗争,0,2,0,0,,,context_only
难民问题,0,3,0,0,,,context_only
取缔一贯道,0,6,0,0,,,context_only
二军北伐阵亡将士追悼会,0,3,1,1,,,strict_backbone
赤心评论社,0,4,4,0,,,strict_backbone
徐溶熙苏维埃政权,0,7,2,0,,,strict_backbone
西藏和平解放,0,2,1,0,,,strict_backbone
内江学生爱国运动,0,2,2,0,,,strict_backbone
解放三穗、岑巩、施秉,0,0,0,0,,,isolated
湖湘区共产党与国民党关系会议,0,3,2,0,,,strict_backbone
黔西会战,0,8,5,3,,,strict_backbone
五·二〇血案,0,21,5,0,,,strict_backbone
第二次解放师宗县城,0,1,0,0,,,context_only
单绍武等股匪,0,3,0,0,,,context_only
黄包车工人罢工,0,1,0,0,,,context_only
对私改造措施,0,3,1,0,,,strict_backbone
红军长征突围行动,0,6,0,1,,,context_only
酃县阻击战,0,2,2,0,,,strict_backbone
金家堤党支部成立,0,5,0,0,,,context_only
攻打鹿、亳、柘三城,0,1,1,0,,,strict_backbone
易家湾战役,0,1,1,0,,,strict_backbone
重庆‘三·三一’惨案死难志士,0,2,0,0,,,context_only
襄樊学生运动,2,4,4,0,,,strict_backbone
后塍暴动,1,6,6,0,,,strict_backbone
皖南转移,0,3,0,0,,,context_only
攻克竖河镇据点,0,7,5,0,,,strict_backbone
云南学运,1,3,1,0,,,strict_backbone
南京印刷业工人联合会,1,2,2,0,,,strict_backbone
指导工作,2,2,2,0,,,strict_backbone
苏区干部好作风/山歌传唱,0,4,0,0,,,context_only
国民党湖北省第二次代表大会,1,3,1,0,,,strict_backbone
大定战斗,0,1,0,0,,,context_only
沪宁路工人,0,2,2,0,,,strict_backbone
民众开运动大会,0,1,0,0,,,context_only
七战七捷,2,6,4,1,,,strict_backbone
《风雪夜归人》话剧排演,0,4,1,0,,,strict_backbone
铜仁地区战斗,0,3,0,0,,,context_only
李山庙战斗,0,2,0,0,,,context_only
纪律教育/调资,0,1,1,0,,,strict_backbone
解围战斗,0,2,2,0,,,strict_backbone
公演募捐活动,0,3,0,0,,,context_only
肃清匪患行动,0,5,3,1,,,strict_backbone
太平天国,0,3,1,0,,,strict_backbone
湘鄂川黔边革命根据地创立,0,2,2,0,,,strict_backbone
永顺县小井战斗,0,1,0,0,,,context_only
罗平县委成立,0,6,0,0,,,context_only
追认革命烈士,0,1,0,0,,,context_only
货币金融管理办法,0,3,1,1,,,strict_backbone
富村战斗,0,3,1,1,,,strict_backbone
昆明军警搜查人民住宅事件,0,6,2,1,,,strict_backbone
永明县和平解放,4,10,8,0,,,strict_backbone
博洛交接,0,3,1,0,,,strict_backbone
特工小组,0,1,0,0,,,context_only
民先队活动,0,2,2,0,,,strict_backbone
妇女闹祠堂,0,2,1,0,,,strict_backbone
重庆‘三·一八’反帝活动,0,2,2,0,,,strict_backbone
泰州谈判事件,0,3,2,0,,,strict_backbone
叶石匠被捕事件,0,2,0,0,,,context_only
国际劳动节公演,0,2,0,0,,,context_only
支四九,0,2,2,0,,,strict_backbone
淮阜大队,0,1,1,0,,,strict_backbone
南北地下通道,0,2,0,0,,,context_only
湘桂战役,0,4,0,0,,,context_only
叶挺推动肥北抗日运动,0,2,2,0,,,strict_backbone
妇女工作会议,2,5,2,0,,,strict_backbone
剑川县中小学师生联谊会,1,3,1,0,,,strict_backbone
增田战斗,0,1,0,0,,,context_only
云龙解放区,0,3,0,0,,,context_only
綦江解放,0,12,2,0,,,strict_backbone
白带会,0,3,0,0,,,context_only
抗日救国宣传运动,0,8,2,0,,,strict_backbone
滇昆儿童保育院,0,4,0,0,,,context_only
妇运工作,1,1,1,0,,,strict_backbone
重庆'3·31'惨案,0,11,2,1,,,strict_backbone
潼南五桂游击小分队,0,2,0,0,,,context_only
华东军区炮兵司令部成立,0,3,0,0,,,context_only
整党会议,0,5,4,0,,,strict_backbone
北伐军攻克武昌城,0,5,3,0,,,strict_backbone
高陵战斗,1,6,5,0,,,strict_backbone
李广惠营,0,1,1,0,,,strict_backbone
历史战役,0,1,0,0,,,context_only
保护綦江铁路和水坝,0,3,0,0,,,context_only
空军混成四旅,2,2,2,0,,,strict_backbone
抗日民族统一战线,4,107,21,1,,,strict_backbone
法商水电厂罢工,0,1,0,0,,,context_only
红军分粮斗争,0,3,0,1,,,context_only
大平寨根据地破坏事件,1,3,1,0,,,strict_backbone
农会代表大会,0,1,0,0,,,context_only
查寻扩大会议,0,3,0,0,,,context_only
黔南剿匪斗争,0,6,3,0,,,strict_backbone
路东区工作开展,1,5,3,0,,,strict_backbone
各大学代表大会,0,1,0,0,,,context_only
北撤与留守及武工大队组建,0,4,1,0,,,strict_backbone
第五次反‘围剿’突围战斗,0,2,2,0,,,strict_backbone
以民治匪,0,1,0,0,,,context_only
上海工人武装斗争,0,2,2,0,,,strict_backbone
改造保安旅,0,3,1,0,,,strict_backbone
南警受降/炮击狼山南通解放/成立机构/建立警八旅,0,1,0,0,,,context_only
枫边靖卫团,1,6,2,0,,,strict_backbone
《旭日》,0,3,0,1,,,context_only
弥泸区武装斗争,0,1,0,0,,,context_only
汪坳战斗,0,2,0,0,,,context_only
抗日救亡农村工作团,0,2,0,0,,,context_only
六塘河战斗,0,5,3,1,,,strict_backbone
湘江渡江行动,0,7,4,0,,,strict_backbone
铲烟苗行动,0,1,1,0,,,strict_backbone
渡过乌江,0,6,3,0,,,strict_backbone
卸运物资打煤灶,0,8,4,0,,,strict_backbone
国际青年社会党会议,0,2,2,0,,,strict_backbone
南乡峭岐镇暴动,0,3,3,0,,,strict_backbone
冬荒斗争,1,1,1,0,,,strict_backbone
龙州战斗,0,1,0,0,,,context_only
云大、师院师生员工,0,1,0,0,,,context_only
休宁抗日救亡运动,0,5,2,0,,,strict_backbone
口号运用策略,0,2,1,0,,,strict_backbone
石花街会议,0,3,1,0,,,strict_backbone
处决行动,0,3,3,0,,,strict_backbone
成都学潮,2,12,4,0,,,strict_backbone
反美蒋、反三征斗争,0,0,0,0,,,isolated
平粜阻境斗争,0,3,3,0,,,strict_backbone
‘二五减租’斗争,0,14,10,1,,,strict_backbone
公安处,1,12,2,0,,,strict_backbone
转战桂湘粤边,0,3,1,0,,,strict_backbone
野菜歌谣,0,5,3,1,,,strict_backbone
叛变投敌与扫荡,0,1,1,0,,,strict_backbone
和平改编争取,0,1,0,0,,,context_only
流南双江镇革命兵变,0,2,0,0,,,context_only
宿东游击区坚持斗争,0,2,2,0,,,strict_backbone
偷粮冲突/赔礼道歉,0,1,0,0,,,context_only
打倒石船乡恶霸辜华稷、辜宣青,0,1,1,0,,,strict_backbone
十八人弟兄会,0,2,2,0,,,strict_backbone
刻印散发传单,0,1,1,0,,,strict_backbone
炸毁马过河铁路大桥,0,2,0,0,,,context_only
郜岱暴动,0,7,7,1,1949-03-03,1949-03-03,strict_backbone
四川自治运动,0,6,4,0,,,strict_backbone
江西省人民政府成立,0,3,0,0,,,context_only
京汉铁路全路工人罢工,0,2,2,0,,,strict_backbone
组织游击,0,1,0,0,,,context_only
湘南农民运动,0,2,2,0,,,strict_backbone
赤色工会运动,0,1,0,0,,,context_only
九七示威,1,3,1,1,,,strict_backbone
巧渡金沙江,12,60,28,1,,,strict_backbone
华蓥山区革命斗争,0,3,0,0,,,context_only
文英圩战斗,0,3,3,0,,,strict_backbone
潦浒战斗,0,5,5,0,,,strict_backbone
南通战斗,0,2,2,0,,,strict_backbone
通信工作,1,3,3,0,,,strict_backbone
恢复发展党员与转交组织关系,0,2,1,0,,,strict_backbone
丽江联防第一大队,0,3,2,0,,,strict_backbone
雷山地区剿匪合围作战部署,0,3,1,0,,,strict_backbone
清剿匪特斗争,0,1,1,0,,,strict_backbone
剿匪合围战役,0,3,3,0,,,strict_backbone
沪西大罢工,0,3,3,0,,,strict_backbone
民社,0,5,0,0,,,context_only
萍乡小西区暴动,0,2,2,0,,,strict_backbone
张贴标语,0,5,0,0,,,context_only
李毅廉指挥军进犯苏北解放区,0,3,0,0,,,context_only
麻雀坡围歼土匪,0,2,2,0,,,strict_backbone
本卓硐会议,0,3,1,0,,,strict_backbone
抗日战争图片展,0,3,0,0,,,context_only
漳浒战斗,0,6,1,1,,,strict_backbone
乐山特支,0,6,1,0,,,strict_backbone
赫章县各界代表大会,0,4,0,0,,,context_only
李庄暴动,0,5,2,1,,,strict_backbone
密购军火活动,0,2,1,0,,,strict_backbone
磨刀洞暴动,0,2,2,0,,,strict_backbone
大軍過江前城工工作,0,3,0,0,,,context_only
设治局和平解放协定,0,6,1,0,,,strict_backbone
怒江合唱团,2,2,2,0,,,strict_backbone
黄梅暴动,0,2,2,0,,,strict_backbone
上海电影制片厂,0,1,0,0,,,context_only
曹茂琮起义,0,3,2,0,,,strict_backbone
妇女问题研究会,0,2,2,0,,,strict_backbone
陈赞贤追悼大会,0,1,0,0,,,context_only
暴动队伍,0,13,1,0,,,strict_backbone
茅坪清剿残匪,1,6,4,0,,,strict_backbone
安化县地方兵团第二大队,0,6,0,0,,,context_only
中大政治经济学研究会,0,3,0,0,,,context_only
宣威农民暴动,0,2,2,0,,,strict_backbone
中共巢山县党委成立,0,2,0,0,,,context_only
光蛋会,0,7,4,0,,,strict_backbone
苗区工作会议,0,3,0,0,,,context_only
解救红十六军战斗,0,2,2,0,,,strict_backbone
借粮济贫,2,6,4,0,,,strict_backbone
返回长寿建立据点与恢复组织,0,1,0,0,,,context_only
五县乡俗改良会,0,6,0,0,,,context_only
湖北自卫团一大队,0,2,0,0,,,context_only
忠县后乡人民起义,2,2,2,0,,,strict_backbone
亮岩防卫战斗,0,3,1,1,,,strict_backbone
帝国主义军队,0,3,0,0,,,context_only
尊胜农业生产合作社,0,1,0,0,,,context_only
新庄战斗,0,3,1,0,,,strict_backbone
宴请国际医生/谈话发展关系/送药,0,1,0,0,,,context_only
袭击新坝据点/设伏歼敌,0,2,1,0,,,strict_backbone
民主原则运动,0,3,0,0,,,context_only
抗日游击斗争,0,2,0,0,,,context_only
十二洞桥战斗,0,4,1,0,,,strict_backbone
斗争,0,14,0,0,,,context_only
东撤战略转移,0,6,1,2,,,strict_backbone
长征历史,0,1,0,0,,,context_only
新干地区斗争,0,6,2,0,,,strict_backbone
苏皖边区敌后斗争,0,6,1,0,,,strict_backbone
掰包谷,1,5,2,0,,,strict_backbone
梭子坡战斗,0,2,2,0,,,strict_backbone
护报斗争,1,2,1,0,,,strict_backbone
江边渡江行动,0,2,2,0,,,strict_backbone
黄埔军校长沙招生,0,1,0,0,,,context_only
反美抗暴斗争,5,25,14,1,,,strict_backbone
宿县暴动,0,6,3,0,,,strict_backbone
通道会议,4,43,8,1,,,strict_backbone
突围后鼓舞士气讲话,0,7,0,0,,,context_only
滕家坝遇害事件,0,3,0,0,,,context_only
接管江口县城,0,3,1,0,,,strict_backbone
配合宣传高呼口号,0,5,3,1,,,strict_backbone
京汉铁路工人大罢工,3,47,31,1,,,strict_backbone
配合大军/筹集粮草,1,3,1,0,,,strict_backbone
第一次三省会剿,0,2,2,0,,,strict_backbone
赣才伏击战,0,3,0,0,,,context_only
妇救会成立,0,3,1,1,,,strict_backbone
党小组成立,0,6,2,0,,,strict_backbone
黄麻地区武装起义,0,1,1,0,,,strict_backbone
仁和集会议,1,5,2,0,1937-07-07,1945-08-15,strict_backbone
解放军33师与地方部队会师,0,3,1,0,,,strict_backbone
红五月扩红运动,0,2,2,0,,,strict_backbone
宁远和平解放,1,18,8,0,1949-01-01,1949-12-31,strict_backbone
元江建军,0,1,0,0,,,context_only
长淮地区党团组织发展,0,4,1,0,,,strict_backbone
秘密建党与游击武装,2,3,2,0,,,strict_backbone
银集战役,0,2,0,0,,,context_only
土地改革与五大任务,0,2,0,0,,,context_only
太湖水上交通站,0,5,0,0,,,context_only
公开逮捕、秘密掩护,0,2,0,0,,,context_only
索薪请愿团,0,3,2,0,,,strict_backbone
四·一烈士追悼会,0,4,4,0,,,strict_backbone
群英大会,0,2,0,0,,,context_only
闯岭口战斗,0,1,1,0,,,strict_backbone
职工运动/农民运动,0,0,0,0,,,isolated
农业生产互助合作运动,0,1,1,0,,,strict_backbone
邓川游击大队成立,0,7,0,1,,,context_only
三·二三事变,0,17,0,0,,,context_only
熊家场事件,0,4,2,0,,,strict_backbone
湖北青年救国团,0,3,0,1,,,context_only
舍得整编,0,8,2,0,,,strict_backbone
联防武装夺取计划,0,3,1,0,,,strict_backbone
武汉中央扩大会议,0,3,0,0,,,context_only
四乡大刀会,0,3,0,0,,,context_only
怒江地区和平解放,0,2,2,0,,,strict_backbone
湘西南起义,2,3,2,0,,,strict_backbone
百子山抗日游击根据地开辟,1,5,2,0,,,strict_backbone
罗福嶂会议,0,1,0,0,,,context_only
寻找渡湘江徒涉场及架桥地点,0,3,1,0,,,strict_backbone
《大声》周刊,0,8,0,0,,,context_only
大坝暴动,0,2,0,0,,,context_only
湘南秋收起义,0,2,2,0,,,strict_backbone
打沙溪战役,0,7,0,0,,,context_only
1945年2月攻势作战,0,6,0,1,,,context_only
信丰农民武装暴动,0,1,0,0,,,context_only
黎川保卫战,0,2,2,0,,,strict_backbone
易门县护乡团,0,2,0,0,,,context_only
救灾工作,1,5,2,0,,,strict_backbone
张勤县剪子寨战斗,0,1,0,0,,,context_only
扒粮斗争,0,8,1,1,,,strict_backbone
复验红契,0,8,4,0,,,strict_backbone
互助会成立,0,4,4,0,,,strict_backbone
汪精溪出走事件处理,0,1,0,0,,,context_only
田家堡子事件,0,4,4,0,1940-01-01,1940-12-31,strict_backbone
广西警备第五大队,0,1,0,0,,,context_only
第一次各族各界代表大会,0,3,2,0,,,strict_backbone
泗南县扩军运动,0,2,0,0,,,context_only
马颈子战斗,0,2,2,0,,,strict_backbone
遵守纪律,0,1,0,0,,,context_only
南京第一次代表大会,0,2,0,0,,,context_only
亳县公安保卫机构,0,3,2,0,,,strict_backbone
祁门夺取行动,0,2,0,0,,,context_only
鄂南暴动群众性与军事行动辩护,0,6,1,0,,,strict_backbone
巧家游击大队成立,0,8,8,0,,,strict_backbone
索薪请愿斗争,0,5,4,0,,,strict_backbone
上海党组织转移行动,0,5,5,0,,,strict_backbone
运粮工作,0,2,0,0,,,context_only
军事训练,2,14,7,0,,,strict_backbone
开仓济贫,1,12,2,1,,,strict_backbone
双十会谈纪要,0,6,0,0,,,context_only
集结/休整/转移,0,2,2,0,,,strict_backbone
破坏飞机事件,0,2,2,0,,,strict_backbone
开设利中华药店,0,4,1,0,,,strict_backbone
收税与打击恶霸,0,1,0,0,,,context_only
华蓥山地区斗争,0,3,0,1,,,context_only
双十惨案,0,5,3,0,,,strict_backbone
西林西隆游击大队,0,2,2,0,,,strict_backbone
反英反奉大会,0,3,3,0,,,strict_backbone
自卫队镇压施主豪绅,0,2,2,0,,,strict_backbone
开辟据点税收,0,5,2,1,,,strict_backbone
三穗县解放,0,1,0,0,,,context_only
澧东斗争,0,3,0,0,,,context_only
炉山县镇压反革命运动,0,6,0,0,,,context_only
反旗战,0,3,0,0,,,context_only
营以上干部会议,1,6,1,0,,,strict_backbone
秘密建党与反奸细斗争,0,2,0,0,,,context_only
大方县解放斗争,0,2,2,1,,,strict_backbone
工人俱乐部成立,0,6,0,1,,,context_only
西林江防大队,0,3,0,0,,,context_only
青年干部,0,3,0,0,,,context_only
湘桂边剿匪,0,5,2,0,,,strict_backbone
吴淞地区战斗,0,3,2,0,,,strict_backbone
宿北战役,5,34,22,2,1946-12-01,1946-12-31,strict_backbone
战役指挥/路线转变,0,2,2,0,,,strict_backbone
进军华南、西南指示,0,1,0,0,,,context_only
秋山、蓉坪接战斗,0,1,1,0,,,strict_backbone
收缴地主枪支,0,1,0,0,,,context_only
陆良暴动、墨江暴动,0,0,0,0,,,isolated
上海工人罢工,1,23,12,1,,,strict_backbone
统一战线与民族工作,0,3,1,0,,,strict_backbone
反击土匪攻城战斗,0,1,0,0,,,context_only
伪联勤特勤署巡服务队,0,2,0,0,,,context_only
重庆较场口事件,0,11,2,0,,,strict_backbone
二·一六惨案,0,21,6,1,,,strict_backbone
青工队参加游干班,0,6,3,0,,,strict_backbone
白区工作转变,0,3,0,0,,,context_only
九纵被迫起义经过,1,3,3,0,,,strict_backbone
党史编纂,0,7,2,0,,,strict_backbone
北碚发行站建设,0,6,1,0,,,strict_backbone
石洞分兵,1,6,3,0,,,strict_backbone
支前运动月,1,3,1,1,,,strict_backbone
乐安事件,6,42,20,0,1931-01-01,1931-12-31,strict_backbone
迎接黎明/革命火种,0,2,1,0,,,strict_backbone
宣传教育工作,0,3,0,0,,,context_only
进军部署,0,6,0,0,,,context_only
松江县各界人民代表会议,2,14,8,0,1949-01-01,1949-12-31,strict_backbone
推进抗战文艺工作,0,3,1,0,,,strict_backbone
反帝斗争,2,31,10,0,1949-01-01,1949-12-31,strict_backbone
雨洒河街战斗,0,3,1,0,,,strict_backbone
罗溪解放,0,3,0,0,,,context_only
昆明市郊区农民革命斗争,0,9,0,0,,,context_only
播乐武装起义,0,2,2,0,,,strict_backbone
突袭日伪乡公所,0,3,1,1,,,strict_backbone
陆良人民武装斗争,0,1,0,0,,,context_only
短工斗争,0,1,0,0,,,context_only
宜章改编,0,1,0,0,,,context_only
张光德被捕事件,0,2,0,0,,,context_only
南昌市解放,1,3,1,0,,,strict_backbone
青年军,0,4,0,0,,,context_only
安源大罢工,7,19,18,0,,,strict_backbone
青年团第一次全国代表大会,1,2,2,0,,,strict_backbone
人民自卫军直属大队,0,1,0,0,,,context_only
弋阳八区山地游击战争,0,1,1,0,,,strict_backbone
师宗全县解放,0,1,0,0,,,context_only
棉花地战斗,0,3,0,0,,,context_only
沙市接管,0,2,2,0,,,strict_backbone
乡苏代表会议,0,1,0,0,,,context_only
陡口战斗,0,2,2,0,,,strict_backbone
反对土豪劣绅运动,0,3,0,0,,,context_only
淮海战役,24,421,149,2,,,strict_backbone
涂南廷反革命组织斗争,1,4,4,0,1949-01-01,1949-12-31,strict_backbone
民众教育,1,2,1,0,,,strict_backbone
皖摘事变,0,1,0,0,,,context_only
各大桥提入暴动,1,1,1,0,,,strict_backbone
杀土豪劣绅,1,1,1,0,,,strict_backbone
锤头队,0,2,1,0,,,strict_backbone
重庆双十协议,0,3,0,0,,,context_only
云南解放斗争,0,3,1,1,,,strict_backbone
反报制罢工斗争,0,4,2,1,,,strict_backbone
黑郎庙战斗,0,2,2,0,,,strict_backbone
杨巨武联防队,0,3,1,0,,,strict_backbone
湘南工农兵代表大会,0,3,0,0,,,context_only
籍田地区农民运动,2,10,6,0,,,strict_backbone
成都十二桥惨案,2,3,3,0,,,strict_backbone
亳县学生抗日爱国斗争,1,2,2,0,,,strict_backbone
抗丁/抗粮/抗捐斗争,0,0,0,0,,,isolated
飞鹰步行团,3,37,5,1,,,strict_backbone
共青团中央局扩大会议,0,3,0,0,,,context_only
妇女夜读班,0,1,1,0,,,strict_backbone
国民大会代表选举,0,3,0,0,,,context_only
解放大军进入市区,0,3,0,0,,,context_only
护九团武器来源,0,3,0,0,,,context_only
回师豫皖苏西进作战,0,3,3,0,,,strict_backbone
升保暴动,0,2,0,0,,,context_only
京汉铁路大罢工,0,3,2,0,,,strict_backbone
打长江圩,0,3,1,0,,,strict_backbone
乐安芙蓉山战斗,2,2,2,0,,,strict_backbone
江津革命士兵同盟会,0,2,2,0,,,strict_backbone
控诉运动,0,6,0,0,,,context_only
行动路线,0,1,0,0,,,context_only
雷山县解放,0,3,3,0,,,strict_backbone
三八妇女节运动,0,2,2,0,,,strict_backbone
攻打长沙,3,16,12,0,,,strict_backbone
会泽学生运动,1,5,1,0,,,strict_backbone
江口民众自卫突击大队,0,1,1,0,,,strict_backbone
《黔南的剿匪斗争》读者,0,1,0,0,,,context_only
民众观望/县长安定人心,0,2,1,0,,,strict_backbone
奇袭行动,0,3,3,0,,,strict_backbone
补郎战斗,0,5,2,0,,,strict_backbone
筑堤打坝运动,0,1,0,0,,,context_only
平江县武装起义,0,1,1,0,,,strict_backbone
文化扫盲与禁烟禁酒,0,3,2,0,,,strict_backbone
汉水西战略部署,0,2,0,0,,,context_only
剿共联防,1,2,2,0,,,strict_backbone
四·一错反革命事件,0,1,0,0,,,context_only
锯窗子行动,0,1,1,0,,,strict_backbone
陈大庄民兵组织,0,2,1,0,,,strict_backbone
边纵武装斗争,0,3,0,0,,,context_only
农民自卫军建立,1,3,1,1,,,strict_backbone
刘庄战斗,0,2,0,0,,,context_only
阿佤山一带抗日游击武装,1,2,2,0,,,strict_backbone
转运汽油跳河捞油桶,0,8,4,1,,,strict_backbone
昆明教师联合总会,0,3,0,1,,,context_only
世界反对帝国主义战争委员会远东反战大会,0,3,0,0,,,context_only
湖北、湖南、江西、四川的红军及士兵运动,2,2,2,0,,,strict_backbone
大定县人民政府成立,0,11,0,0,,,context_only
平民教育运动,0,4,4,0,,,strict_backbone
研究对策/统战反蒋,0,7,0,0,,,context_only
大朝庄战斗,0,3,1,1,,,strict_backbone
武装群众,0,3,0,0,,,context_only
农协干部座谈会,0,3,0,0,,,context_only
国民党中央常务委员会第十次扩大会议,0,2,0,0,,,context_only
余干革命斗争,2,4,4,0,,,strict_backbone
泗南县政成绩,0,2,2,0,,,strict_backbone
曹甸保卫夏收战斗,0,3,1,1,,,strict_backbone
野战军进军大西南,0,9,3,0,,,strict_backbone
盐阜首届民兵代表大会,0,6,3,1,,,strict_backbone
接管镇远,2,6,6,0,,,strict_backbone
秋粮征购重点乡人民代表大会,1,2,2,0,,,strict_backbone
清匪治安斗争,0,5,3,0,,,strict_backbone
熊克武部,0,3,3,0,,,strict_backbone
伪币处理办法,0,3,0,0,,,context_only
峰口战役,1,8,7,1,1928-05-01,1928-05-31,strict_backbone
聂政委亲自为伤员包扎,0,2,0,0,,,context_only
收复兴义县城战斗,0,6,0,0,,,context_only
青年干部训练班,0,3,0,0,,,context_only
板桥西河治理工程,0,3,1,0,,,strict_backbone
板溪工人运动,0,1,0,0,,,context_only
除霸聂汝谦,0,4,2,0,,,strict_backbone
反清剿斗争/粉碎进攻,0,2,2,0,,,strict_backbone
江苏宜兴吊桥战斗,1,2,2,0,,,strict_backbone
五一示威运动,0,4,2,0,1920-01-01,1920-12-31,strict_backbone
教师罢教斗争,0,7,2,0,,,strict_backbone
全面内战,1,3,1,0,,,strict_backbone
日本纱厂工潮,0,3,0,0,,,context_only
迎军献粮缴粮运动,0,3,1,1,,,strict_backbone
公教人员待遇,0,2,0,0,,,context_only
军事序列部署,0,1,0,0,,,context_only
下乡工作,1,3,1,0,,,strict_backbone
被捕入狱/坚壁不屈/牺牲,0,2,0,0,,,context_only
车佛南宁沦民主联军总队,0,3,2,0,,,strict_backbone
全国第九次学生代表大会,0,5,3,1,,,strict_backbone
工农武装,0,5,2,0,,,strict_backbone
减租减息,1,50,14,0,,,strict_backbone
湖湘网,0,3,0,0,,,context_only
税务局设立,0,6,1,1,,,strict_backbone
话剧演出,2,4,3,0,,,strict_backbone
广交‘八七’武装起义,0,2,2,0,,,strict_backbone
霍山、英山等地战斗,0,1,1,0,,,strict_backbone
攻入圩内,0,2,2,0,,,strict_backbone
地主统治,0,1,0,0,,,context_only
湘鄂西区党委扩大会议,0,2,0,0,,,context_only
贺雪斌事件,0,7,4,0,,,strict_backbone
五·四座谈会,1,2,2,0,,,strict_backbone
课余读书会,1,3,1,0,,,strict_backbone
组建游击队与积极分子会议,0,2,2,0,,,strict_backbone
攻打蒋庄与打击反动据点,0,4,3,0,,,strict_backbone
驱逐外国传教士事件,0,1,1,0,,,strict_backbone
黄泥坝战斗,0,4,2,0,,,strict_backbone
大余县暴动,0,3,3,0,,,strict_backbone
海南的秋收起义,0,1,0,0,,,context_only
白沙区农民武装起义,1,6,3,1,,,strict_backbone
苏维埃全国代表大会,0,1,0,0,,,context_only
统战政策,1,14,4,0,,,strict_backbone
南昌武昌破裂,0,6,2,3,,,strict_backbone
桂店赤卫队,0,1,1,0,,,strict_backbone
广汉兵变,1,21,10,0,1930-10-01,1930-10-31,strict_backbone
阜阳抗日军政干训班,0,2,0,0,,,context_only
茅山战局,0,4,4,0,,,strict_backbone
护校与迎接解放,2,2,2,0,,,strict_backbone
七政训练班举办,0,3,0,0,,,context_only
芜湖战役,0,8,7,1,,,strict_backbone
南京概况,0,7,0,0,,,context_only
围城战,0,2,2,0,,,strict_backbone
抗日游击武装,0,3,1,0,,,strict_backbone
九·一八事变后抗日救国运动,0,2,2,0,,,strict_backbone
旅欧中国少年共产党成立大会,1,9,9,0,,,strict_backbone
追歼战,0,3,0,0,,,context_only
弥泸地区党史资料征集工作,0,4,0,0,,,context_only
麻城农民自卫军平叛,0,2,2,0,,,strict_backbone
武装工人运动,0,3,2,0,,,strict_backbone
帮助群众做活,0,1,1,0,,,strict_backbone
埋伏伏击战,0,1,1,0,,,strict_backbone
刘家渡会议,0,3,1,0,,,strict_backbone
反“清乡”斗争座谈会,0,2,2,0,,,strict_backbone
妇女会、姊妹会,0,1,0,0,,,context_only
都匀独山平塘交界合围,0,1,1,0,,,strict_backbone
春节暴动,0,3,2,0,,,strict_backbone
《流亡三部曲》演出,0,2,2,0,,,strict_backbone
安顺县赴省学生抗日救亡工作团,0,4,4,0,,,strict_backbone
遂宁抗敌后援会,0,2,2,0,,,strict_backbone
井冈山老干部学习班,0,3,3,0,,,strict_backbone
春耕生产指示,0,2,0,0,,,context_only
苏中前线慰劳,0,2,2,0,,,strict_backbone
躲避日军检查,1,3,3,0,,,strict_backbone
中共杭州特别支部成立,0,1,0,0,,,context_only
'八一'暴动,1,25,7,1,,,strict_backbone
中原新解放区,0,10,0,0,,,context_only
《丹寨解放》五问题述考,0,3,0,0,,,context_only
夜袭鱼岩战斗,1,3,1,0,,,strict_backbone
江江事件,0,2,1,0,,,strict_backbone
国民党左派斗争,0,2,2,1,1949-01-01,1949-12-31,strict_backbone
陆良暴动计划,1,7,7,0,,,strict_backbone
《中国经济状况与国民党政纲》等文章,0,3,0,0,,,context_only
四团(杨春贤团),0,3,0,0,,,context_only
火炬大游行,0,3,1,3,,,strict_backbone
攻打城镇行动,0,2,0,0,,,context_only
五次围攻赣州,0,2,2,0,,,strict_backbone
三三制政权,0,5,1,0,,,strict_backbone
平反冤假错案,0,2,2,0,,,strict_backbone
护校迎接解放,2,7,5,0,,,strict_backbone
南方局军事组,0,6,2,0,,,strict_backbone
《京沪杭战役实施纲要》,0,1,0,0,,,context_only
国民党上海执行部成立,0,2,2,0,,,strict_backbone
闽浙赣省军事参观团,0,3,0,0,,,context_only
思想巩固,0,2,1,0,,,strict_backbone
灌云游击大队成立,0,5,3,0,,,strict_backbone
红五军攻占瑞金,0,2,0,0,,,context_only
南丰战役,0,6,6,0,,,strict_backbone
《洪湖斗争血迹》,0,1,0,0,,,context_only
革命教育活动,0,5,2,0,,,strict_backbone
交通站租用民房平整场地,0,5,1,0,,,strict_backbone
月亮店突围战,0,2,0,0,,,context_only
镇宝公路地雷战,0,2,2,0,,,strict_backbone
解放同盟澜沧分会,0,2,2,0,,,strict_backbone
奔袭南坪伪据点,0,1,0,0,,,context_only
四川社会主义青年团成立,0,2,2,0,,,strict_backbone
平粜阻禁斗争,0,6,6,1,,,strict_backbone
赣西各县暴动,0,1,0,0,,,context_only
赤化全川,0,3,0,0,,,context_only
毕节地区游击战,0,2,2,0,,,strict_backbone
不抵抗政策,1,3,1,0,,,strict_backbone
毕节县政府围捕事件,0,1,0,0,,,context_only
淮泗总队部,0,2,0,0,,,context_only
解放芷江,0,3,1,0,,,strict_backbone
独立自主原则,2,5,2,0,,,strict_backbone
南北会师,1,3,1,1,,,strict_backbone
武汉学生赴苏学习事,0,3,0,0,,,context_only
茶陵保卫战,0,3,3,0,,,strict_backbone
调查落实工作/解决历史遗留问题,0,1,0,0,,,context_only
伏击日军中队,0,3,1,1,,,strict_backbone
军分区一号命令,0,6,0,0,,,context_only
淞沪会战,0,4,4,1,1949-01-01,1949-12-31,strict_backbone
中共江西第二次代表大会,0,1,1,0,,,strict_backbone
游击战争溃散,0,3,1,1,,,strict_backbone
百万大军横渡长江,0,6,0,0,,,context_only
巍儿井战斗,0,2,2,0,,,strict_backbone
景谷武装斗争,0,1,1,0,,,strict_backbone
何健部,0,2,0,0,,,context_only
第九次全国学生代表大会,0,6,2,1,,,strict_backbone
借债济贫,1,2,2,0,,,strict_backbone
陈兰亭部张团,0,3,0,0,,,context_only
南京革命活动,0,2,2,0,,,strict_backbone
‘八一’暴动,0,6,6,1,1930-01-01,1930-12-31,strict_backbone
学生反敌斗争,0,2,2,0,1945-01-01,1945-12-31,strict_backbone
围攻下司保卫战,0,5,3,1,,,strict_backbone
鄂豫陕边游击战争,0,1,0,0,,,context_only
反法西斯蒂斗争,0,3,0,0,,,context_only
八小时工作制,0,8,1,0,,,strict_backbone
启发群众斗争,0,3,0,0,,,context_only
苏北研究组,0,6,0,0,,,context_only
活命罢课,0,5,2,0,,,strict_backbone
反内战大同盟,0,3,0,0,,,context_only
抗日战争期间,0,3,0,0,,,context_only
重庆市学生抗议美军暴行联合会,0,2,2,0,,,strict_backbone
萧县黄口农民武装暴动,0,2,2,0,,,strict_backbone
马街龙海山战斗,0,6,1,1,,,strict_backbone
昆明师院附中罢教行动,0,5,0,0,,,context_only
青年劳工团,0,1,0,0,,,context_only
石门年关暴动,1,2,2,0,,,strict_backbone
义军会师,0,1,0,0,,,context_only
莫溪支部成立,0,1,0,0,,,context_only
柳旅,0,3,0,0,,,context_only
葛店地区宣传团,0,3,0,0,,,context_only
工人自治生活,0,1,0,0,,,context_only
寻找上级,0,3,1,0,,,strict_backbone
川陕省保卫局,0,4,0,0,,,context_only
头道口子/菜子塘战斗,0,1,0,0,,,context_only
解放思陀镇,0,1,0,0,,,context_only
修造枪支制造石雷,0,3,0,0,,,context_only
登记自首政策,0,3,1,0,,,strict_backbone
渡江进军,0,6,0,0,,,context_only
小刀会叛乱平息事件,0,4,4,1,1940-01-01,1940-12-31,strict_backbone
浮桥搭建,0,4,0,0,,,context_only
税收工作,2,11,3,0,,,strict_backbone
堵枪眼,0,3,0,0,,,context_only
贵阳地区抗日救亡运动,1,2,2,0,,,strict_backbone
百坪井塘约股匪定期暴动,0,3,3,0,,,strict_backbone
征税斗争,1,3,2,0,,,strict_backbone
安县农民暴动,0,5,3,0,,,strict_backbone
国民党反动派发动第一次反共高潮,0,1,0,0,,,context_only
桃子溪战斗,1,12,3,0,,,strict_backbone
对日战争动员,0,5,3,0,,,strict_backbone
四野主力,0,3,3,0,,,strict_backbone
弋横年关暴动,0,4,4,1,1927-01-01,1927-12-31,strict_backbone
骆山村大刀会暴乱,0,2,0,0,,,context_only
广州军队北伐行动,0,3,1,0,,,strict_backbone
山防总队,0,5,0,0,,,context_only
苏北统战工作,2,5,3,0,,,strict_backbone
少数民族地区土改过程,0,3,1,1,,,strict_backbone
滇桂黔边区游击战争筹备,0,3,1,1,,,strict_backbone
马德坪起义,0,1,0,0,,,context_only
建立徐州工农兵苏维埃政权,1,3,1,0,,,strict_backbone
蓝田乡公所攻克战斗,0,2,2,0,,,strict_backbone
学生运动基地,0,1,0,0,,,context_only
石梁会议,1,5,2,0,,,strict_backbone
禁烟工作,0,3,1,0,,,strict_backbone
率部起义,0,3,0,0,,,context_only
年关斗争,0,7,1,0,,,strict_backbone
暴动骨干,0,1,0,0,,,context_only
起义队伍,1,10,1,0,,,strict_backbone
渡过北盘江,3,5,3,0,,,strict_backbone
解放区生活对比,0,3,0,0,,,context_only
暗杀民主领袖事件,1,1,1,0,,,strict_backbone
小湾事变,0,1,0,0,,,context_only
白布会,0,5,2,0,,,strict_backbone
永和——龙广暴动,1,9,3,0,,,strict_backbone
二野军大培训,1,6,1,0,,,strict_backbone
民主革命运动,0,5,3,0,,,strict_backbone
红二、红六军团会师,0,2,1,0,,,strict_backbone
树、皮惨案,0,1,0,0,,,context_only
梅田惨案,1,2,2,0,,,strict_backbone
二十四万担粮食动员,2,5,5,0,,,strict_backbone
丰都崇德乡暴动,1,8,4,0,1928-01-01,1928-12-31,strict_backbone
北伐与工农武装,0,3,1,0,,,strict_backbone
阻击敌军,0,3,1,0,,,strict_backbone
西进进军大西南,0,7,0,0,,,context_only
反搬迁反破坏斗争,0,3,0,0,,,context_only
智斗日伪,0,1,1,0,,,strict_backbone
奇袭茅家镇(行军与集结),0,2,2,0,,,strict_backbone
川南工农革命军独立团会议,0,2,2,0,,,strict_backbone
沐东区苏维埃政权,0,5,2,1,,,strict_backbone
保护汉口水塔,0,3,1,0,,,strict_backbone
民青同年同盟,0,5,1,1,,,strict_backbone
反“维持”斗争,0,4,3,1,,,strict_backbone
纪律教育,0,3,0,0,,,context_only
皖赣边区抗日救亡运动,0,1,1,0,,,strict_backbone
华东支前,0,3,1,0,,,strict_backbone
‘五·一’纪念活动,1,2,2,0,,,strict_backbone
黄金口战斗,0,4,2,0,,,strict_backbone
洛口战斗,1,2,2,0,,,strict_backbone
佛海和谈,0,2,1,0,,,strict_backbone
华中军区选举英模大会,0,2,0,0,,,context_only
葛墩埠战斗,0,3,0,0,,,context_only
安徽省成立,0,3,0,0,,,context_only
保厂护产斗争,0,5,3,1,,,strict_backbone
武冈起义,0,1,1,0,,,strict_backbone
自卫队调查,0,3,1,1,,,strict_backbone
湖北农运机会主义错误,0,3,1,3,,,strict_backbone
金沙江渡口会师,0,3,0,0,,,context_only
首届各族各界人民代表会议,0,1,0,0,,,context_only
伏击歼敌缴获野炮,1,3,1,0,,,strict_backbone
阻击新五军进攻,0,2,2,0,,,strict_backbone
红军渡河战役,0,6,3,0,,,strict_backbone
德阳丸,1,4,4,0,,,strict_backbone
筹集物资支援前线,0,2,1,0,,,strict_backbone
五九社,0,2,2,0,,,strict_backbone
宜兴农民起义,0,4,0,0,,,context_only
南方局指示办学方针,0,4,0,0,,,context_only
中国人民政治协商会议,3,27,11,2,1949-01-01,1949-12-31,strict_backbone
煤业救护队,2,45,3,1,,,strict_backbone
发展党员工作,0,23,2,0,,,strict_backbone
抗战国策,0,4,2,0,,,strict_backbone
政治训练班,0,9,3,0,,,strict_backbone
解放镇远与政权巩固,0,1,1,0,,,strict_backbone
津南工委建立及武装斗争,0,3,0,1,,,context_only
税卡征税,1,3,1,1,,,strict_backbone
江西工人运动,0,5,0,0,,,context_only
反对国民党曲靖县长刘仁佐斗争,0,3,0,0,,,context_only
师生游行,0,1,0,0,,,context_only
核潜艇研制,0,2,2,0,,,strict_backbone
武佐河战斗,0,3,0,0,,,context_only
青溪战斗,4,21,8,1,,,strict_backbone
韩家湖战斗,0,6,1,0,,,strict_backbone
大坝暴动准备,0,2,2,0,,,strict_backbone
突破第一道封锁线/旋石圩战斗,0,1,1,0,,,strict_backbone
基干队组建,0,2,2,0,,,strict_backbone
中华苏维埃第一次全国代表大会,6,26,7,0,,,strict_backbone
兴山神兵,0,9,0,1,,,context_only
俄界会议,0,5,0,0,,,context_only
反围剿战斗,1,22,16,1,,,strict_backbone
保存力量,1,12,2,1,,,strict_backbone
皖东北根据地创建,0,8,0,0,,,context_only
自卫队任务,0,3,0,0,,,context_only
进剿茂村匪窝,0,3,1,0,,,strict_backbone
楚雄城战斗,0,4,4,0,,,strict_backbone
发动群众运动,0,3,0,0,,,context_only
赣粤民心,1,1,1,0,,,strict_backbone
剿匪侦察遇袭,0,5,4,0,,,strict_backbone
民主教育社,0,12,2,1,,,strict_backbone
斜桥伏击战(第三阶段),1,4,2,0,,,strict_backbone
盐城西塘战斗,0,3,0,1,,,context_only
敌全面撤退/南通解放/成立军管会,0,0,0,0,,,isolated
交通联络,3,11,6,0,,,strict_backbone
声援罢工工人,0,1,0,0,,,context_only
桐遵战役/贵阳战场,0,2,1,0,,,strict_backbone
胡家塘战斗,0,3,0,0,,,context_only
战斗小组,1,6,3,1,,,strict_backbone
芹溪农民武装暴动,3,4,4,0,,,strict_backbone
签发军事行动决定,0,2,0,0,,,context_only
五〇运动,0,3,0,1,,,context_only
傅秋涛团,0,3,1,0,,,strict_backbone
萧城暴动,1,5,4,0,,,strict_backbone
红八军一纵绕道游击彩村战斗,0,5,3,0,,,strict_backbone
赣西南苏维埃运动,0,5,3,0,,,strict_backbone
三抗活动,0,1,1,0,,,strict_backbone
江口分校风潮,0,1,0,0,,,context_only
师院学生运动,0,6,4,0,1947-01-01,1948-12-31,strict_backbone
大板保卫战,0,2,2,0,,,strict_backbone
崇德农暴,1,23,11,1,,,strict_backbone
瓦埠湖武装起义,0,1,1,0,,,strict_backbone
解运会,0,1,0,0,,,context_only
五·二察运动,0,2,1,0,,,strict_backbone
武汉钢铁基地建设,0,3,1,0,,,strict_backbone
政治争取与土匪自新,0,2,1,0,,,strict_backbone
保护公共财产牺牲,0,3,0,0,,,context_only
主持召开会议,0,1,0,0,,,context_only
红四方面军反三路围攻,0,3,2,0,,,strict_backbone
保护车站水塔,1,3,1,0,,,strict_backbone
征粮队员家访及警惕匪情,0,3,3,0,,,strict_backbone
年关暴动计划,0,6,3,0,,,strict_backbone
亳县首次解放,0,5,3,1,,,strict_backbone
省二女师学生运动,0,3,0,0,,,context_only
安城战斗与宁冈会战,0,1,1,0,,,strict_backbone
北碚小学罢教斗争,0,1,0,0,,,context_only
省沪惨案湖南雪耻会,0,3,1,1,,,strict_backbone
安顺早期党的地下革命活动,0,2,2,0,,,strict_backbone
1949年解放战争时期,0,6,0,0,,,context_only
劳动童子团组织,0,2,1,0,,,strict_backbone
手工业社会主义改造,0,1,1,0,,,strict_backbone
党义研究班,0,3,0,0,,,context_only
开荒兴修水利,0,1,0,0,,,context_only
谷城县苏维埃政权,0,3,0,0,,,context_only
香港罢工,0,1,0,0,,,context_only
马岭战役,0,1,0,0,,,context_only
抗日第八分校,0,3,0,0,,,context_only
纳雍解放以来的民族工作,0,1,1,0,,,strict_backbone
红军第一方面军成立,0,3,0,0,,,context_only
八街暴动,1,2,2,0,,,strict_backbone
京汉铁路总工会第二次筹备会议,0,2,0,0,,,context_only
占领河口,0,3,1,0,,,strict_backbone
反抗暴行/围杀散兵,0,5,4,0,,,strict_backbone
姜村战役,0,3,0,0,,,context_only
讨论哲学政治,1,4,2,0,,,strict_backbone
湘江渡江,0,3,1,0,,,strict_backbone
追歼吴光新部,0,3,0,0,,,context_only
反对保甲制度残余,0,3,1,0,,,strict_backbone
四川革命活动,0,3,1,0,,,strict_backbone
建立党团与发展党员,0,3,1,0,,,strict_backbone
华蓥山整训,0,3,1,0,,,strict_backbone
一贯道,0,5,0,0,,,context_only
歌咏队活动/演唱抗日歌曲/被捕牺牲,0,1,0,0,,,context_only
提灯游行,4,8,4,1,,,strict_backbone
九江革命运动,0,6,4,1,1926-01-01,1926-12-31,strict_backbone
武镇独立区分部成立,1,4,4,0,,,strict_backbone
乐宜崇边区苏维埃政府成立,0,2,0,0,,,context_only
政工会议,0,1,0,0,,,context_only
第一次工人运动高潮,0,2,2,0,,,strict_backbone
学生入党问题的讨论,0,2,2,0,,,strict_backbone
四·一五反暴行、反迫害游行示威,0,1,0,0,,,context_only
九三学社成立,0,5,3,0,,,strict_backbone
打通群众思想方法,0,3,1,0,,,strict_backbone
大别山革命活动,0,2,2,0,,,strict_backbone
十万坪大捷,0,6,1,0,,,strict_backbone
奉节解放,0,5,0,0,,,context_only
群众组织发展,0,2,0,0,,,context_only
桑植武装起义,0,2,2,0,,,strict_backbone
龙羊场事件,0,3,0,0,,,context_only
德宏自治区土地改革,0,2,2,0,1940-01-01,1940-12-31,strict_backbone
平江暴动经过,0,1,1,0,,,strict_backbone
穿插转移与联络站破坏,0,4,2,0,,,strict_backbone
传阅进步书刊,0,1,0,0,,,context_only
反革命案,0,3,0,0,,,context_only
撤换腐败校长运动,0,3,0,0,,,context_only
抗暴斗争,0,4,2,0,,,strict_backbone
罗汉场特支委,0,6,0,0,,,context_only
白湾暴动,0,3,1,0,,,strict_backbone
国民党涡阳临时县党部成立大会,1,3,3,0,,,strict_backbone
政治犯绝食斗争,0,3,1,0,,,strict_backbone
陆良政权机构建立,0,4,4,0,,,strict_backbone
百万雄师横渡长江,0,3,0,0,,,context_only
安宁县农民协会成立大会,0,4,3,0,,,strict_backbone
剑河围歼战,0,1,0,0,,,context_only
中华苏维埃共和国第一次全国代表大会,0,3,0,1,,,context_only
信用合作社,0,1,0,0,,,context_only
许克祥师,1,3,1,0,,,strict_backbone
思南县武装工作团,0,3,0,0,,,context_only
重庆追悼会,0,8,2,0,,,strict_backbone
保安团与新一军互打,0,2,1,0,,,strict_backbone
合群体育会艺术部,1,3,1,0,,,strict_backbone
武昌纱厂工人罢工,0,2,2,0,,,strict_backbone
徐海各县联席会议,0,3,0,0,,,context_only
秋暴,1,14,7,1,,,strict_backbone
中央航空公司起义事件,0,2,0,0,,,context_only
减租减息/民主政权建设,0,0,0,0,,,isolated
学运工作,1,10,2,0,,,strict_backbone
水利贷粮政策,0,3,0,0,,,context_only
舒城春秋山战斗,0,3,0,0,,,context_only
桐城县第一次党代会,0,2,0,0,,,context_only
国民党湖北省党部筹备处成立,0,4,4,0,,,strict_backbone
组织教师和学生运动,0,8,3,1,1931-01-01,1931-12-31,strict_backbone
赣南游击战争,0,8,4,1,1934-07-01,1934-07-31,strict_backbone
接收枪支弹药,0,3,0,0,,,context_only
小兴集战斗,0,2,2,0,,,strict_backbone
张家场特支,0,1,0,0,,,context_only
边纵整军建政,0,3,1,0,,,strict_backbone
武汉各界人士集会,0,1,0,0,,,context_only
借粮任务,0,2,2,0,,,strict_backbone
政治大队,0,5,0,1,,,context_only
书写张贴标语,1,3,1,0,,,strict_backbone
十一届三中全会,0,3,0,0,,,context_only
右倾保守主义,0,4,3,0,,,strict_backbone
撤退干部到解放区培训,0,2,2,0,,,strict_backbone
"""五卅""运动后援会",0,2,0,0,,,context_only
大龙战斗,0,4,2,1,,,strict_backbone
峨山县蜂窝塘反击战,0,2,2,0,,,strict_backbone
王明‘左’倾路线,0,9,0,0,,,context_only
统一战线,0,44,2,1,,,strict_backbone
解放黄平与征粮支前,0,2,2,0,,,strict_backbone
反动应变计划与土匪暴乱,0,2,0,0,,,context_only
拦截班船活捉陆俊,0,5,0,0,,,context_only
上海工人三次暴动,0,4,0,0,,,context_only
华容县农民代表大会,0,3,0,0,,,context_only
总暴动,0,3,1,1,,,strict_backbone
西固战争,0,1,0,0,,,context_only
国民会议江西促成会,2,7,7,0,,,strict_backbone
宣威两面政权,1,7,6,0,,,strict_backbone
《战号》副刊,0,6,0,0,,,context_only
搜查孔瑞五,0,4,1,0,,,strict_backbone
红军经过前光屯事件,0,6,0,0,,,context_only
镰刀队,0,2,0,0,,,context_only
剑、川暴动,0,1,0,0,,,context_only
湖沟战斗,0,1,1,0,,,strict_backbone
宣威革命形势,3,3,3,0,,,strict_backbone
广州起义失败,0,3,0,0,,,context_only
北川地下党组织破坏事件,0,3,0,0,,,context_only
筹军粮,0,3,1,0,,,strict_backbone
袭击西宁场行动,0,6,4,0,,,strict_backbone
浏阳农民运动,0,5,3,0,,,strict_backbone
柳池井游击战争,1,1,1,0,,,strict_backbone
青峰镇战斗,0,3,3,0,,,strict_backbone
民族政策实施,3,6,4,0,,,strict_backbone
统一指挥,0,3,0,0,,,context_only
第二次国内革命战争,1,21,11,1,,,strict_backbone
七日行动部署,0,1,1,0,,,strict_backbone
省工委会议,0,1,0,0,,,context_only
淮宝抗日民主政权,0,3,0,0,,,context_only
整风课,0,6,0,0,,,context_only
罗盘地区革命斗争,0,1,0,0,,,context_only
会师事件,0,4,4,0,,,strict_backbone
冬学讲习会,0,2,2,0,,,strict_backbone
华中反摩擦斗争,0,2,2,0,1941-01-01,1941-12-31,strict_backbone
施家边战斗,0,3,3,0,,,strict_backbone
华蓥山起义教训,0,1,0,0,,,context_only
动员工农参军与秋收代耕,0,3,1,0,,,strict_backbone
渡僧桥战斗,0,6,4,1,,,strict_backbone
孝感露天演讲团,0,3,2,0,,,strict_backbone
泰州战役,2,16,7,0,,,strict_backbone
淮南敌后游击战,0,3,3,0,,,strict_backbone
举办读书会,0,2,2,0,,,strict_backbone
苏北兵团攻势,0,3,1,1,,,strict_backbone
延陵战斗,0,3,3,0,,,strict_backbone
岑巩县人民政府成立,0,2,0,0,,,context_only
成立革新社与编辑《革新》刊,0,1,0,0,,,context_only
黑茶山事件,0,3,0,0,,,context_only
罗盘区群众运动,0,1,1,0,,,strict_backbone
大炮队战斗活动,0,5,1,0,,,strict_backbone
土兵袭击与红军突围谈判,0,2,0,0,,,context_only
反三征小组,0,2,0,0,,,context_only
新学生社,0,2,2,0,,,strict_backbone
元谋龙街大道渡江,0,6,0,0,,,context_only
废止金圆券斗争,0,7,1,0,,,strict_backbone
沙间反革命事件平反,0,3,0,0,,,context_only
繁昌中分村战斗,0,2,2,0,,,strict_backbone
中央红军长征,0,49,3,1,,,strict_backbone
黔东特区建立,0,3,2,0,,,strict_backbone
迎接解放大军入滇,0,6,2,0,,,strict_backbone
军事打击与政治争取,0,4,1,0,,,strict_backbone
绵安中心县委成立,0,3,0,0,,,context_only
大理转运新兵任务,0,1,0,0,,,context_only
文化宣传工作,0,3,0,0,,,context_only
战场救护,0,2,0,0,,,context_only
仪南、万源、宣达战役,0,0,0,0,,,isolated
打出旗号起义,1,3,2,0,,,strict_backbone
华中局会议,0,4,2,0,,,strict_backbone
黄埔军校相关军事训练,0,3,0,0,,,context_only
黄会,0,6,1,0,,,strict_backbone
闸北地区巷战,0,2,2,0,,,strict_backbone
威宁合围战,0,2,2,0,,,strict_backbone
成立总支,0,3,1,0,,,strict_backbone
重伤员医疗队,0,5,0,0,,,context_only
安顺地区接管行动,0,5,2,0,,,strict_backbone
普渡河抢渡战斗,0,3,1,1,,,strict_backbone
巧渡金沙江部署,0,3,1,0,,,strict_backbone
支援都匀坝固区战斗,0,5,2,1,,,strict_backbone
云南游击战争,1,17,11,1,,,strict_backbone
疫情,0,1,0,0,,,context_only
三·一三血案,0,2,1,0,,,strict_backbone
奇袭古州,0,2,0,0,,,context_only
赣西南苏维埃时期,0,3,0,0,,,context_only
苏北反‘扫荡’斗争,0,4,4,0,,,strict_backbone
大董庄安绅团,0,2,0,0,,,context_only
樊家硐战斗,0,5,3,1,,,strict_backbone
抗战剧社,0,1,0,0,,,context_only
精兵简政运动,0,3,0,0,,,context_only
铜山解放,0,3,1,0,,,strict_backbone
南京雨花台就义,0,2,0,0,,,context_only
四·八烈士节纪念活动,0,3,1,1,,,strict_backbone
地下交通工作,0,6,0,0,,,context_only
新式整军活动,0,3,1,0,,,strict_backbone
铜钱垭伏击战,0,9,4,1,,,strict_backbone
瓦解反动武装,0,2,0,0,,,context_only
黄麻秋收起义,0,5,5,0,,,strict_backbone
古田会议,6,36,24,0,,,strict_backbone
半桥高虎垴的堡垒战,0,3,1,0,,,strict_backbone
江西省行政区划调整,0,1,0,0,,,context_only
九·二三爱国民主运动,0,3,1,0,,,strict_backbone
中国妇女联谊会南京分会,0,11,0,1,,,context_only
苗族独立团成立,2,5,5,0,,,strict_backbone
五二·○反内战运动,0,4,2,0,1947-01-01,1947-12-31,strict_backbone
打通两师联系,0,3,3,0,,,strict_backbone
打入南报社,0,3,2,0,,,strict_backbone
庄行暴命,0,1,1,0,,,strict_backbone
木门寺,0,7,0,0,,,context_only
反国家、国家主义派斗争,0,1,1,0,,,strict_backbone
磁器口特支,0,6,2,0,,,strict_backbone
合川妇女慰劳分会,0,7,2,0,,,strict_backbone
围歼何文开匪部/攻占拉八关,0,0,0,0,,,isolated
抢马斗争事件,0,3,0,0,,,context_only
涟水刀会暴动,0,2,2,0,,,strict_backbone
群众化工作,0,2,0,0,,,context_only
闽浙赣省‘四部一会’,0,8,1,1,,,strict_backbone
磨刀溪之战,0,4,2,1,,,strict_backbone
韩西北阻击战,0,3,0,0,,,context_only
潜伏任务,0,3,1,1,,,strict_backbone
龙武战斗,0,1,0,0,,,context_only
赣南党的第二次代表大会,0,1,0,0,,,context_only
营山战斗,0,3,3,0,,,strict_backbone
护厂运动,2,8,3,0,,,strict_backbone
田赋改革,0,4,0,0,,,context_only
土匪围攻,0,6,1,0,,,strict_backbone
互相支援并肩战斗,0,2,0,0,,,context_only
黔江战役,0,3,0,0,,,context_only
全歼突围敌人,0,1,0,0,,,context_only
均县农民运动,1,5,2,0,,,strict_backbone
黎平会议研究,0,1,1,0,,,strict_backbone
演出抗日话剧/募捐,0,2,2,0,,,strict_backbone
据点工作,0,5,0,0,,,context_only
湖南人民解放突击第十二大队,0,3,0,0,,,context_only
结案移送,0,4,1,0,,,strict_backbone
吉安学生运动,0,1,1,0,,,strict_backbone
长沙人力车工人罢工,0,3,3,0,,,strict_backbone
广东省农民协会扩大会议,0,5,0,0,,,context_only
马克思诞辰纪念会,2,2,2,0,,,strict_backbone
反特宪斗争,0,1,1,0,,,strict_backbone
攻打军大坪,0,5,3,1,,,strict_backbone
百子、山地区斗争,0,1,0,0,,,context_only
俱乐部解散事件,0,3,0,0,,,context_only
安顺军民大会,0,5,2,0,,,strict_backbone
驱黄运动,0,3,0,1,,,context_only
社会主义青年团成都市工作委员会成立,0,1,0,0,,,context_only
代耕制度,0,2,0,0,,,context_only
六·一血案,0,5,2,0,,,strict_backbone
攻破宁远县城,2,2,2,0,,,strict_backbone
整党建党工作计划,0,3,0,0,,,context_only
侵占盐城,1,6,4,0,,,strict_backbone
大别山根据地建设,0,4,2,0,,,strict_backbone
抗日根据地实行各项政策,0,3,0,0,,,context_only
华蓥山地区武装起义,0,10,7,0,,,strict_backbone
南调休整/转移/高兴圩战斗,0,1,1,0,,,strict_backbone
中江反帝拥红工作,0,3,1,1,,,strict_backbone
宝山乡公所攻占事件,0,3,1,0,,,strict_backbone
宜良县城解放,0,1,1,0,,,strict_backbone
统一战线工作,6,47,10,1,,,strict_backbone
湘北土改运动,0,3,3,0,,,strict_backbone
顺路尾追,0,2,0,0,,,context_only
旧州保卫战激战,0,1,1,0,,,strict_backbone
草海战斗,0,5,3,1,,,strict_backbone
平塘茂村四寨奔袭,0,1,0,0,,,context_only
兰交会,0,6,2,0,,,strict_backbone
土匪骨干训练班,0,3,0,0,,,context_only
涧河线王桥西成湾战斗,0,5,2,0,,,strict_backbone
卢汉九九整肃,0,2,0,0,,,context_only
乡巴佬合唱团,0,1,0,0,,,context_only
安源路矿工人罢工,0,38,31,1,,,strict_backbone
张家坪战役,0,3,2,0,,,strict_backbone
投入支援双堆集战斗,0,1,0,0,,,context_only
反美扶日大游行,0,4,1,1,,,strict_backbone
成立游击指挥,0,2,2,0,,,strict_backbone
合围战果/活捉都堪,0,1,1,0,,,strict_backbone
反蒋反军阀宣传,0,5,3,0,,,strict_backbone
弹药转运,0,3,1,0,,,strict_backbone
横丰年关暴动,0,3,3,0,,,strict_backbone
中国共产党第十次全国代表大会,0,2,2,0,,,strict_backbone
睦家湖战斗,1,5,3,0,,,strict_backbone
起义舰艇,0,5,0,0,,,context_only
庐山谈话会,0,3,0,0,,,context_only
四·二一战斗细节,1,1,1,0,,,strict_backbone
雷公山搜剿,1,4,2,0,,,strict_backbone
马台渡口战役,1,2,2,0,,,strict_backbone
第一次国内革命战争时期的农民运动,0,2,2,3,,,strict_backbone
安余湘铁壁合围,0,1,1,0,,,strict_backbone
秘密工作教训,0,3,0,0,,,context_only
皖南斗争,2,5,5,0,,,strict_backbone
清江兴文农民运动,0,1,1,0,,,strict_backbone
建立抗日民主政权,1,3,1,0,,,strict_backbone
民联军,0,5,2,0,,,strict_backbone
访问团组织,0,1,0,0,,,context_only
马家崖事件,1,3,1,0,,,strict_backbone
桥街镇暴动,0,5,2,0,,,strict_backbone
修建桥梁/兴办教育,0,0,0,0,,,isolated
牛街革命斗争,0,5,4,0,,,strict_backbone
查田评产减租退押运动,0,2,2,0,,,strict_backbone
川西区暨成都市妇女工作团成立,0,1,0,0,,,context_only
反蒋协定,1,3,1,0,,,strict_backbone
打土豪分财物,0,3,0,0,,,context_only
新七军和永州专署起义,0,1,0,0,,,context_only
桂滇黔边第二临时人民政府专员公署成立,0,2,0,0,,,context_only
妇救会捐款慰问活动,0,6,1,1,,,strict_backbone
北伐军总政治部改组,0,2,2,0,,,strict_backbone
上海工人游艺会,0,2,2,0,,,strict_backbone
反清剿/土顽政策调整,1,6,4,0,,,strict_backbone
进军西藏,0,1,0,0,,,context_only
应城惨案,0,5,2,0,,,strict_backbone
山乡成立苏维埃,0,2,0,0,,,context_only
皖赣边游击战争,0,5,2,0,,,strict_backbone
敌工队活动,1,6,3,0,,,strict_backbone
南下四进干部人事建政,0,3,1,0,,,strict_backbone
广州小商人独立组织,0,1,0,0,,,context_only
歌咏队/读书会,0,1,0,0,,,context_only
退租救荒运动,0,9,9,3,1949-01-01,1949-12-31,strict_backbone
红二方面军长征,4,19,8,0,,,strict_backbone
铜仁战役,1,5,2,1,,,strict_backbone
东沟战斗,0,1,0,0,,,context_only
缴枪建武装,0,2,2,0,,,strict_backbone
儿童团成立,0,1,0,0,,,context_only
中国革命形势,0,2,0,0,,,context_only
潜山农民自救会,0,2,0,0,,,context_only
赣地战斗,0,2,2,0,,,strict_backbone
1951年清剿行动,0,6,4,0,,,strict_backbone
江西省第一次农民代表大会,0,2,2,0,,,strict_backbone
抗日战争时期群众大会,0,1,1,0,,,strict_backbone
土地分配与经济建设,0,4,0,0,,,context_only
地下情报工作,0,1,0,0,,,context_only
敌我双方战斗,0,3,2,0,,,strict_backbone
护乡大队组建/缩编,0,4,1,0,,,strict_backbone
斗争前列,0,1,0,0,,,context_only
九月几讲习会,0,3,0,0,,,context_only
东征皖东敌后抗日,1,4,2,0,,,strict_backbone
株木桥战斗,0,14,6,1,,,strict_backbone
南进云南/敌军追击,0,5,3,0,,,strict_backbone
崇州谈判,0,2,0,0,,,context_only
保护工商业布告,0,3,0,0,,,context_only
陈家坝特支,1,6,1,1,,,strict_backbone
失业工人运动,0,2,2,0,,,strict_backbone
招携战斗,0,1,0,0,,,context_only
抗洪救灾,0,7,4,0,,,strict_backbone
叶飞在江北的斗争,0,2,2,0,,,strict_backbone
京汉路惨案,0,5,3,0,,,strict_backbone
江西省第一次工农兵代表大会,0,2,0,0,,,context_only
瓮余泗战役等系列合围,0,2,2,0,,,strict_backbone
鄂北第五总队,1,7,2,0,,,strict_backbone
抗日救亡群众团体,0,3,0,0,,,context_only
倒高斗争,0,4,1,1,,,strict_backbone
反对内战独裁运动,0,2,2,0,,,strict_backbone
攻打南康/伏击民团,0,1,1,0,,,strict_backbone
乌江战役,4,16,5,0,,,strict_backbone
独自搜山智擒,0,2,1,0,,,strict_backbone
各省秋收起义,0,2,0,0,,,context_only
赣粤边区革命斗争,0,3,0,0,,,context_only
会师和北进任务时间,0,1,0,0,,,context_only
精兵简政和大生产运动,0,1,1,0,,,strict_backbone
游击七大队,0,1,0,0,,,context_only
抗美援朝优抚,0,1,0,0,,,context_only
突围,1,14,3,0,,,strict_backbone
秘密开展地下活动,0,2,0,0,,,context_only
纪念芦沟桥事变七周年专刊,0,2,2,0,,,strict_backbone
军部移至岩寺,0,3,1,0,,,strict_backbone
四二一示威大游行,0,2,1,0,,,strict_backbone
集中兵力,0,10,0,0,,,context_only
月山铁铺岭伏击战,0,2,2,0,,,strict_backbone
川陕省第三次党代会,0,1,0,0,,,context_only
石宝寨渡江,0,3,0,0,,,context_only
成立临时法庭与打土豪分财物,0,6,3,1,,,strict_backbone
龙山区队,0,3,0,0,,,context_only
安化县换户团,0,3,0,0,,,context_only
横沟暴动,2,22,6,0,,,strict_backbone
贵州抗日救国军序列,0,3,0,0,,,context_only
红军反围剿,0,1,0,0,,,context_only
对抗国民党作恶官兵斗争,0,3,1,0,,,strict_backbone
雁门关战斗等战役,0,1,0,0,,,context_only
移动演剧队第一队,0,2,0,0,,,context_only
红三军前委会议,2,2,2,0,1931-01-01,1931-12-31,strict_backbone
伤员转运保障,0,3,1,0,,,strict_backbone
工农自卫军干部训练队,1,2,2,0,,,strict_backbone
南腰界会师庆祝大会,0,5,1,0,,,strict_backbone
青岛惨案,0,1,1,0,,,strict_backbone
沙市之役,0,2,2,0,,,strict_backbone
新兵动员工作,0,2,2,0,,,strict_backbone
分兵行动,0,9,2,0,,,strict_backbone
医院更名,0,2,0,0,,,context_only
茅山反“清乡”,0,3,0,0,,,context_only
宿县汽车公司罢工,0,1,0,0,,,context_only
永安镇战斗,0,3,3,0,,,strict_backbone
贴标语行动,0,2,2,0,1930-01-01,1930-12-31,strict_backbone
职工联谊会,0,2,2,0,,,strict_backbone
抗暴抗税斗争,0,2,0,0,,,context_only
陈谢兵团挺进陇海西线,0,2,0,0,,,context_only
小学教育,0,3,1,0,,,strict_backbone
万县英轮惨毙同胞雪耻会,0,2,2,0,,,strict_backbone
三元寨战斗,1,17,12,1,,,strict_backbone
漪澜读书会,0,1,0,0,,,context_only
四一二革命政变,0,6,1,1,,,strict_backbone
武昌解放,1,8,1,1,,,strict_backbone
石宝寨武装斗争,0,3,1,0,,,strict_backbone
黔大仁三县中心县委成立,0,3,0,0,,,context_only
反对土豪劣绅斗争,0,3,2,0,,,strict_backbone
四川反共运动,0,1,0,0,,,context_only
盐江剿匪斗争,0,3,1,0,,,strict_backbone
雅沙塘伏击战,0,1,0,0,,,context_only
革命运动,0,1,0,0,,,context_only
攻打望谟,1,3,3,0,,,strict_backbone
送粮分发,0,3,1,3,,,strict_backbone
盱眙城解放,1,3,1,0,,,strict_backbone
腊山游击中队,1,2,1,0,,,strict_backbone
苏州县委成立,0,1,0,0,,,context_only
红军干部大会,0,2,0,0,,,context_only
劝降土匪与带路剿匪,0,2,2,0,,,strict_backbone
五九暴动,0,3,1,1,,,strict_backbone
宣威县城印刷所建设,0,2,2,0,,,strict_backbone
響腸農民協會,0,1,0,0,,,context_only
渡江战斗竞赛,0,3,0,0,,,context_only
锦屏土匪叛乱,0,2,2,0,,,strict_backbone
突围总攻部署,0,3,1,0,,,strict_backbone
铜梁县农运武装斗争,0,1,0,0,,,context_only
教唱抗日歌曲,0,3,1,0,,,strict_backbone
信义乡政权,0,3,0,0,,,context_only
峨山大队,0,4,0,0,,,context_only
政治攻势与清剿,0,1,0,0,,,context_only
红二军团成立,2,6,2,0,,,strict_backbone
克亳之战,0,2,0,0,,,context_only
盘山合围总结,0,2,0,0,,,context_only
立夏节武装暴动,0,2,2,0,,,strict_backbone
六烈士集体被害惨案,1,3,1,0,,,strict_backbone
江苏中小学教师思想学习活动,0,3,1,1,,,strict_backbone
戛拉山槽大合围,0,3,1,1,,,strict_backbone
茨河农民暴动,0,3,3,0,,,strict_backbone
盐阜暴动,0,3,1,1,,,strict_backbone
抗‘佃当捐’斗争,0,6,3,1,,,strict_backbone
昭通四中等学校和全县学生庆祝柏林解放大会,0,3,1,0,,,strict_backbone
泗阳土改,0,4,2,0,,,strict_backbone
奔赴抗日前线,0,2,2,0,,,strict_backbone
綦江解放和接管工作,0,1,0,0,,,context_only
强渡长江解放南京,0,1,0,0,,,context_only
林隆江防大队,0,5,2,0,,,strict_backbone
潜伏电台破获行动,0,3,0,0,,,context_only
时事教育,0,3,0,0,,,context_only
抗日工作团,0,3,0,0,,,context_only
瓮朗剿匪战斗,0,3,3,0,,,strict_backbone
湘南起义,37,287,138,3,,,strict_backbone
一二·八事件营救暴动与三抗斗争,0,1,0,0,,,context_only
转移湘西,0,1,0,0,,,context_only
抗丁、抗粮、抗税运动,0,1,0,0,,,context_only
增产节约运动,0,1,0,0,,,context_only
特务反省大会,0,3,1,1,,,strict_backbone
古邳暴动,0,2,1,0,,,strict_backbone
共青团全国四大,0,3,1,0,,,strict_backbone
宣传群众运动,0,2,0,0,,,context_only
上海改组,0,3,0,0,,,context_only
大革命运动,1,12,5,3,1924-01-01,1927-12-31,strict_backbone
修筑道路桥梁,0,2,0,0,,,context_only
跨省追捕逃匪,0,3,1,0,,,strict_backbone
江巴两县干部联席会议,1,5,3,0,,,strict_backbone
群众组织建立,0,6,0,0,,,context_only
政治思想教育,0,6,0,0,,,context_only
芦山城战斗,0,5,2,0,,,strict_backbone
助学运动转变为‘人权’斗争,0,4,4,0,,,strict_backbone
民校分裂与筹备民党县部,0,2,0,0,,,context_only
湖南南部工农代表大会,0,3,0,1,,,context_only
渡江战役支前工作,0,2,2,0,,,strict_backbone
1922年妇女罢工运动,0,6,2,1,,,strict_backbone
武装斗争准备,1,4,2,0,,,strict_backbone
政策教育/医治性病,0,2,1,0,,,strict_backbone
红军一军成立,0,2,0,0,,,context_only
四六分成,0,3,0,0,,,context_only
保产护校斗争,0,3,0,0,,,context_only
九潮坳反伏击战斗,0,5,3,1,,,strict_backbone
三门惨案,1,4,4,0,,,strict_backbone
重庆入党事件,0,2,0,0,,,context_only
夜袭台烈,0,2,2,0,,,strict_backbone
重庆解放,3,94,30,0,,,strict_backbone
经济研究会,0,1,0,0,,,context_only
散发传单,0,8,5,0,,,strict_backbone
伪保安团,0,2,0,0,,,context_only
平江县第一次工农兵代表大会,0,3,0,1,,,context_only
临时中央指示电,0,3,1,0,,,strict_backbone
县工委会议,0,3,1,0,,,strict_backbone
合川兵暴,2,36,18,0,,,strict_backbone
南通城乡武装斗争,0,3,0,0,,,context_only
反共会议,0,2,0,0,,,context_only
新干县妇女干部训练班,2,4,4,0,,,strict_backbone
罗云坝兵变,0,2,2,0,,,strict_backbone
第五次围剿/清剿,0,5,0,0,,,context_only
贵阳抗日救亡学生运动,0,1,1,0,,,strict_backbone
元江斗争,1,1,1,0,,,strict_backbone
两溪地区战斗,0,5,3,1,,,strict_backbone
涟水党务训练班,0,6,3,0,,,strict_backbone
财经工作,0,7,0,0,,,context_only
四川妇女联合会,1,11,4,0,,,strict_backbone
红四军七大八大会,0,1,0,0,,,context_only
一二九纪念大会,0,1,0,0,,,context_only
反对‘二十一条’卖国条约运动,0,1,1,0,,,strict_backbone
湘潭沦陷,0,5,2,0,,,strict_backbone
豫丰纱厂斗争,1,5,3,0,,,strict_backbone
工会运动,0,16,2,0,,,strict_backbone
大别山反围攻、反'清剿'战役,0,2,2,0,,,strict_backbone
常州市工人代表大会,0,1,0,0,,,context_only
二月逆流,0,3,1,0,,,strict_backbone
反动军人斗争,0,2,2,0,,,strict_backbone
反革命破坏活动打击行动,0,3,0,1,,,context_only
学生驱逐校长刘燮斗争,0,1,0,0,,,context_only
四打搁港战果,0,5,1,0,,,strict_backbone
三抗运动,0,11,6,1,,,strict_backbone
乌蒙山区回旋战,1,2,2,0,,,strict_backbone
学生自治会主席被停职事件,0,1,0,0,,,context_only
上海工人首次纪念五一国际劳动节,0,5,3,0,,,strict_backbone
难民逃亡事件,0,3,0,0,,,context_only
"""四、六""反革命暴乱",0,1,1,0,,,strict_backbone
宣传党的方针,0,5,0,0,,,context_only
巫溪石王宫战斗,0,3,0,0,,,context_only
茅家岭监狱夺枪暴动,0,1,1,0,,,strict_backbone
反对基督教与反文化侵略,0,1,0,0,,,context_only
日伪军事“清剿”,0,6,1,0,,,strict_backbone
四一二反革命事件,0,6,6,1,1949-01-01,1949-12-31,strict_backbone
綦江惨案,1,7,3,0,,,strict_backbone
建立滇西北人民行政专署,0,1,0,0,,,context_only
第二阶段剿匪,0,3,0,0,,,context_only
游击斗争/坚贞不屈/受酷刑,0,2,0,0,,,context_only
辛亥革命,2,39,18,1,,,strict_backbone
沱川区委被袭事件,0,15,3,0,,,strict_backbone
鸡街车站激战,0,2,2,0,,,strict_backbone
苏中战役/分兵坚持,0,2,2,0,,,strict_backbone
雷公山合围剿匪,0,3,1,1,,,strict_backbone
起义武装,0,5,1,0,,,strict_backbone
突破四道封锁线渡过湘江拆毁碉堡,0,18,0,0,,,context_only
贯彻八七会议精神与土地革命暴动,2,2,2,0,,,strict_backbone
湘鄂边根据地形成,0,5,2,2,,,strict_backbone
狙击王村战斗,0,3,0,0,,,context_only
万年台大会,0,1,0,0,,,context_only
解放沿河人员名单,0,1,0,0,,,context_only
上海党撤退,1,1,1,0,,,strict_backbone
湘黔边活动,0,2,2,0,,,strict_backbone
皖南山区斗争方针确定,0,3,0,0,,,context_only
地主斗争,0,1,0,0,,,context_only
巴中地区抗日文艺宣传活动,0,2,2,0,,,strict_backbone
巧家蒙姑抗敌后援会,0,1,0,0,,,context_only
红五月宣传,0,4,0,0,,,context_only
吃皮带充饥,0,6,1,0,,,strict_backbone
拉姆运动,0,1,1,0,,,strict_backbone
霍邱县委成立,0,5,0,0,,,context_only
缅宁保卫战,0,11,5,0,,,strict_backbone
缴械搜捕,0,3,1,0,,,strict_backbone
上海临时市民代表会议,0,2,2,0,,,strict_backbone
剿匪伏击战,0,3,0,0,,,context_only
菜子塘战斗,0,5,3,1,,,strict_backbone
组织发展,0,3,0,0,,,context_only
台堡烽火社,0,6,1,1,,,strict_backbone
反饥饿、反内战、反迫害民主爱国运动,0,2,2,0,,,strict_backbone
红二、六溪会师地,0,2,0,0,,,context_only
闸北区战斗,0,3,3,0,,,strict_backbone
迎接南下大军解放云南和贵州,0,1,0,0,,,context_only
国民党警察所,0,3,0,0,,,context_only
龙家寨伏击战,0,3,3,0,,,strict_backbone
文协贵阳分会成立,1,3,1,0,,,strict_backbone
广安民众救亡剧联团,1,3,1,0,,,strict_backbone
张贴标语斗争,0,3,0,0,,,context_only
瓦解争取敌军,0,5,3,1,,,strict_backbone
东固事件,0,2,2,0,,,strict_backbone
《古城怒吼》话剧,0,3,0,0,,,context_only
水路追踪,0,2,1,0,,,strict_backbone
川军各部,0,5,0,0,,,context_only
没收征收/分配果实,0,1,0,0,,,context_only
反革命组织改组派活动,0,5,3,1,,,strict_backbone
戚电厂防空队,0,3,0,0,,,context_only
黄柏山战役,0,3,0,0,,,context_only
军民同围剿,0,2,2,0,,,strict_backbone
声援南京惨案运动,0,3,0,0,,,context_only
国共合作问题,0,1,1,0,,,strict_backbone
苏南反清乡斗争史料编纂,0,3,2,1,,,strict_backbone
洪滩歼敌,0,3,3,0,,,strict_backbone
普度战斗,0,2,2,0,,,strict_backbone
威远县五里沽斗争,0,1,1,0,,,strict_backbone
九一八事变,1,60,10,0,,,strict_backbone
湘文党,0,4,0,0,,,context_only
土地改革工作,0,6,6,3,1951-01-01,1951-12-31,strict_backbone
峨眉县小学教育普及促进会,0,2,2,0,,,strict_backbone
黄甲战斗,0,1,0,0,,,context_only
綦江铁矿罢工,0,2,2,0,,,strict_backbone
赣南学生总会,0,2,0,0,,,context_only
仁怀县军粮运输事件,0,5,5,0,,,strict_backbone
湘鄂赣边区土地改革,0,3,0,0,,,context_only
国共谈判,5,49,23,2,1937-11-01,1937-11-30,strict_backbone
思南支部会议,0,1,0,0,,,context_only
会剿计划,0,3,0,0,,,context_only
攻占杨家滩战斗,0,3,1,1,,,strict_backbone
烧毁敌哨棚行动,0,3,1,0,,,strict_backbone
《武装保卫夏收》,0,1,0,0,,,context_only
攻打猫云战斗,0,6,3,1,,,strict_backbone
江川革命武装斗争,1,2,2,0,,,strict_backbone
小朱庄战术分析,0,3,0,0,,,context_only
杨口战斗,0,5,3,0,,,strict_backbone
闸口铁路工人暴动,1,3,1,0,,,strict_backbone
各界人民代表会议/剿匪肃特/救灾,0,3,3,0,,,strict_backbone
敌伪军统战工作,0,2,2,0,,,strict_backbone
川陕省第一次工农兵代表大会,0,4,0,0,,,context_only
中共西南局委员会第一次会议,0,5,0,1,,,context_only
土豪乡绅压迫农民,0,3,1,3,,,strict_backbone
抗日动员活动,0,3,1,1,,,strict_backbone
青科技,1,9,2,0,,,strict_backbone
长征任务,0,3,2,0,,,strict_backbone
中共中央政治局会议,4,56,15,3,1930-06-01,1930-06-30,strict_backbone
围剿赵达芝匪部,1,2,1,0,,,strict_backbone
濉溪解放,0,3,0,1,,,context_only
旧城暴动,17,77,59,1,1947-01-01,1947-12-31,strict_backbone
两万五千里长征,0,1,0,0,,,context_only
九江国民议会,0,2,2,0,,,strict_backbone
敌进我退,0,3,0,0,,,context_only
《向吴伯循开刀》,0,3,0,0,,,context_only
解放宜昌战斗,0,2,2,0,,,strict_backbone
南马塘战斗,0,2,2,0,,,strict_backbone
三十都农民武装暴动,0,4,1,0,,,strict_backbone
鄂豫皖根据地反围剿战斗,0,2,2,0,,,strict_backbone
通南巴革命斗争,0,1,1,0,,,strict_backbone
高淳县人民政府成立,0,3,0,0,,,context_only
与东河行委合并,1,2,2,0,,,strict_backbone
革命斗争史资料26卷,0,3,0,0,,,context_only
保三团进攻易武,0,8,2,0,,,strict_backbone
淮河船只进出口规定,0,2,0,0,,,context_only
火红武装起义,2,12,10,0,1948-07-01,1948-07-31,strict_backbone
共产国际第二次代表大会,0,2,2,0,,,strict_backbone
《蜡炬》社,0,15,2,0,,,strict_backbone
淮阴战斗,0,6,4,0,,,strict_backbone
送信与熊口突围准备,0,3,0,0,,,context_only
莲塘战斗,0,3,3,0,,,strict_backbone
陈家坝六二事件,0,2,0,0,,,context_only
南昌起义、广州起义,0,0,0,0,,,isolated
刀会暴乱平息行动,0,4,2,1,1944-01-01,1949-12-31,strict_backbone
赣州青年干社,0,1,1,0,,,strict_backbone
北伐军二军六师入闽,0,3,0,0,,,context_only
皖南抗战,0,6,2,1,,,strict_backbone
津寨边区特支,1,1,1,0,,,strict_backbone
蒋桂冲突,0,2,2,0,,,strict_backbone
长存堡战斗,0,5,1,0,,,strict_backbone
王屏藩起义,0,3,0,0,,,context_only
各界人民代表会议,0,12,5,0,,,strict_backbone
沅江工农革命运动,0,8,1,0,,,strict_backbone
闽浙赣反围剿,0,1,0,0,,,context_only
报复屠杀,0,3,1,0,,,strict_backbone
肃清股匪,0,4,1,1,,,strict_backbone
三·三一反革命事件,0,3,0,0,,,context_only
战地救护队,0,1,0,0,,,context_only
较场口暴行,0,3,0,0,,,context_only
元江东岸战斗,0,1,1,0,,,strict_backbone
连山城战斗,0,2,1,0,,,strict_backbone
一二九运动游行,0,2,2,0,,,strict_backbone
安源煤矿工人暴动,1,4,4,1,1920-01-01,1920-12-31,strict_backbone
重庆游行大会,0,3,0,0,,,context_only
红一方面军长征过昆明,0,3,1,1,,,strict_backbone
围歼宿城之敌/拦截徐州之敌,0,0,0,0,,,isolated
阻止迁厂斗争,0,7,0,0,,,context_only
清匪、反霸、减租、退押、征粮,0,0,0,0,,,isolated
党的组织问题与弱点,0,5,0,0,,,context_only
少数民族区域剿匪,0,3,0,0,,,context_only
如皋城沦陷与收复背景,0,6,2,0,,,strict_backbone
吃大户、分谷米,0,3,3,0,,,strict_backbone
解放重庆,0,10,3,0,,,strict_backbone
七南八队,0,8,0,0,,,context_only
征借粮食,0,10,2,0,,,strict_backbone
黄鹤楼会议,0,3,1,0,,,strict_backbone
《为建立川黔边根据地军事行动的决定》,0,3,0,0,,,context_only
纪念八一三保卫大武汉宣传活动,0,3,1,1,,,strict_backbone
上海会议/返赣,0,1,1,0,,,strict_backbone
发展地下武装,0,2,0,0,,,context_only
醴陵团组织建立,0,6,2,0,,,strict_backbone
工运与士兵运动,0,6,2,0,,,strict_backbone
伪军师长登场/军人被俘论战,0,1,0,0,,,context_only
大西南解放,0,6,0,0,,,context_only
漳州战斗,0,9,6,0,,,strict_backbone
苏区中央局第一次扩大会议,2,3,2,0,,,strict_backbone
同情区方针,0,3,0,0,,,context_only
敌后解放区,0,3,0,0,,,context_only
冬学,0,7,3,0,,,strict_backbone
农民协会斗争,0,2,0,0,,,context_only
合围作战,0,5,0,0,,,context_only
华蓥山联合起义,0,5,1,0,,,strict_backbone
宜章县阻击战,0,6,2,0,,,strict_backbone
抢修船坞,0,3,0,0,,,context_only
便衣追捕/飞虎队行动,0,2,0,0,,,context_only
惠水剿匪成果,0,2,0,0,,,context_only
牵制敌军迎接长征,0,5,0,0,,,context_only
六·一三反革命起义,0,1,0,0,,,context_only
党内斗争,0,3,0,0,,,context_only
五八惨案,0,3,1,1,,,strict_backbone
千日战斗在羊场,0,6,0,0,,,context_only
宜良昆湖电厂保卫战,0,3,1,0,,,strict_backbone
社教活动,0,3,0,0,,,context_only
周覃播花剿匪,0,1,0,0,,,context_only
颁布卫生人员职责,0,2,0,0,,,context_only
中山社,0,1,1,0,,,strict_backbone
反饥饿、反迫害、争温饱、争生存罢教斗争,1,1,1,0,,,strict_backbone
成立学生联合会,0,3,1,0,,,strict_backbone
宿县抗日游击队建立(战斗与恢复组织),0,4,4,0,,,strict_backbone
柿树岭之战,0,2,2,0,,,strict_backbone
赣南、湘南游击战争,0,2,0,0,,,context_only
民兵团,0,2,0,0,,,context_only
雅阳寨包围战等剿匪战役,0,2,0,0,,,context_only
凯里区斗争大会,1,5,5,0,,,strict_backbone
冷家坝战斗,0,2,0,0,,,context_only
请愿团,0,6,0,0,,,context_only
召开匪属座谈会,0,3,0,0,,,context_only
便水战,0,2,2,0,,,strict_backbone
反美扶日运动,10,122,50,1,1948-01-01,1948-12-31,strict_backbone
土产联营与物资交流,0,2,1,0,,,strict_backbone
挺进江外与反共联防斗争,0,2,0,0,,,context_only
牌楼战斗,0,3,3,0,,,strict_backbone
陈毅前期统战工作,0,6,2,0,,,strict_backbone
宛西战役,0,2,0,0,,,context_only
群众游击战,1,5,3,1,,,strict_backbone
天目山反顽战斗,0,3,2,0,,,strict_backbone
攻打长沙战役,5,6,5,0,,,strict_backbone
七五农潮,0,2,2,0,,,strict_backbone
越南革命者,1,3,1,0,,,strict_backbone
九江工人运动,0,6,1,0,,,strict_backbone
三战区训练总队政训室,0,3,0,0,,,context_only
黄桥作战,0,3,0,0,,,context_only
工人热烈支前,1,5,3,0,,,strict_backbone
急性土改,0,6,4,0,,,strict_backbone
限期完成净化任务,0,1,0,0,,,context_only
缴枪不杀,0,4,1,1,,,strict_backbone
塘马村战斗,0,3,0,0,,,context_only
《中国社会各阶级的分析》,0,2,0,0,,,context_only
鄂南抗日游击大队,0,5,2,0,,,strict_backbone
涡北大队,0,2,0,0,,,context_only
敌伪顽夹击下坚持斗争,0,2,0,0,,,context_only
彻底翻身解放/人民民主专政,0,1,0,0,,,context_only
'清剿'行动,0,3,1,0,,,strict_backbone
广州武昌长沙起义失败,0,3,0,0,,,context_only
团与青年工作竞赛,0,2,2,0,,,strict_backbone
雷公山全围,0,2,0,0,,,context_only
里下河秘密工作,0,1,0,0,,,context_only
川西破除迷信同盟会,1,8,3,1,,,strict_backbone
271师及保五团叛变,0,3,0,0,,,context_only
会泽县城战斗,0,2,2,0,,,strict_backbone
东台暴动,0,3,1,0,,,strict_backbone
游击队组织,0,2,0,0,,,context_only
派地下党员回郎岱开展武装斗争,1,3,1,0,,,strict_backbone
贵州解放前夕事件,0,2,0,0,,,context_only
光复南京,0,2,2,0,,,strict_backbone
党训班,5,46,12,1,,,strict_backbone
榕江战斗,2,3,3,0,,,strict_backbone
打倒蒋介石解放全中国,0,3,0,0,,,context_only
武汉国民政府成立,0,15,0,0,,,context_only
反贪污反浪费反官僚主义斗争,0,2,2,0,1949-01-01,1949-12-31,strict_backbone
武汉克复,0,2,2,0,,,strict_backbone
攻打双河镇/关防铺,0,2,2,0,,,strict_backbone
革勒战斗,0,21,21,0,,,strict_backbone
法租界电车大罢工,0,2,2,0,,,strict_backbone
中华共进会,0,5,2,0,,,strict_backbone
减租退押征粮运动,0,2,0,0,,,context_only
整社阶级政策,0,3,1,0,,,strict_backbone
江彰平北青松山防总队,1,2,2,0,,,strict_backbone
总结工作,0,1,1,0,,,strict_backbone
红河渡江战役,0,2,2,1,,,strict_backbone
昆明进步师生斗争,0,3,0,0,,,context_only
秋收增加工资斗争,0,1,1,0,,,strict_backbone
法电工会成立,0,2,0,0,,,context_only
四·九起义,0,3,0,0,,,context_only
粤汉路工人俱乐部联合会,1,3,3,0,,,strict_backbone
围剿天堂根据地,1,3,1,0,,,strict_backbone
皖南特委会议,0,5,2,0,,,strict_backbone
清溪乡自卫大队,0,2,2,0,,,strict_backbone
进军舟山本岛,0,3,3,0,,,strict_backbone
崇义军民大会,0,2,0,0,,,context_only
新干河下牺牲事件,0,1,0,0,,,context_only
小甸集小学革命活动,0,2,2,0,,,strict_backbone
帽子峰战斗,0,4,3,0,,,strict_backbone
匪首伏法,0,1,0,0,,,context_only
两湖暴动,0,10,7,0,,,strict_backbone
炉山县接管工作,0,7,1,0,,,strict_backbone
昭通和平解放,1,3,1,1,,,strict_backbone
曹锟贿选,2,3,3,0,,,strict_backbone
便水战斗,3,44,11,4,,,strict_backbone
边界斗争全盛时期,0,3,0,0,,,context_only
民主墙宣传运动,0,3,0,0,,,context_only
反“清乡”、反“清剿”斗争,0,0,0,0,,,isolated
鄂川边游击战争,0,3,0,0,,,context_only
台面向马良部空投,0,2,1,0,,,strict_backbone
封建婚姻制度,0,3,0,0,,,context_only
湘西人民革命斗争,0,1,1,0,,,strict_backbone
奖学金基金,0,2,1,0,,,strict_backbone
党的纪律与政治教育,0,1,1,0,,,strict_backbone
脱党声明,0,6,0,0,,,context_only
北伐军战斗,0,5,2,0,,,strict_backbone
一八六师榕江地干班,0,3,1,1,,,strict_backbone
三轮车工人罢工事件,0,2,2,0,,,strict_backbone
小民革,0,3,0,1,,,context_only
随红一方面军长征,2,2,2,0,,,strict_backbone
桃源农民革命运动,0,2,2,0,,,strict_backbone
途经赣州发表演说,0,2,0,0,,,context_only
川陕苏区群众运动,0,3,2,0,,,strict_backbone
绥宁解放/土匪反扑,0,2,2,0,,,strict_backbone
黄口暴动后续,0,2,0,0,,,context_only
泰兴县工作委员会成立,0,6,0,0,,,context_only
江西奉新战斗,0,1,0,0,,,context_only
高山铺战斗,0,8,2,0,,,strict_backbone
各民主党派国庆日告同胞书,0,3,1,0,,,strict_backbone
黑河以南叛乱,0,3,0,0,,,context_only
耀云民兵,1,3,3,0,,,strict_backbone
红10军二进闽北,1,2,2,0,,,strict_backbone
蚌别战斗,0,3,1,0,,,strict_backbone
济难会工作,0,3,0,0,,,context_only
鄂豫皖特区委员会成立,0,2,0,0,,,context_only
石牌镇战斗,5,8,8,0,,,strict_backbone
紫北战役,0,3,0,0,,,context_only
国民二军改编,0,3,0,0,,,context_only
新妇女运动,0,6,0,0,,,context_only
平越县战斗,0,1,0,0,,,context_only
夺枪撤离/搏斗日军,0,1,1,0,,,strict_backbone
湖南农民运动考察,0,5,3,0,,,strict_backbone
江津民众剧社,0,15,1,0,,,strict_backbone
阳新县城进攻行动,1,4,4,0,,,strict_backbone
女团员巧计捉匪首,0,4,2,0,,,strict_backbone
黎榕从合围背景,0,1,0,0,,,context_only
第五次反‘围剿’斗争,0,8,5,0,,,strict_backbone
旺苍坝追歼战,0,3,3,0,,,strict_backbone
旱田坝追悼会,0,3,1,1,,,strict_backbone
五·二〇罢课游行,0,2,2,0,,,strict_backbone
修复岷江索桥,0,4,1,0,,,strict_backbone
大寨池诱敌混战,1,5,1,1,,,strict_backbone
改造朱爱周军政,0,3,1,0,,,strict_backbone
反抽资、反搬迁斗争,0,0,0,0,,,isolated
交防伪军,0,5,3,0,,,strict_backbone
中共川陕省第一次党代表大会,0,3,2,0,,,strict_backbone
西龙战斗,0,3,1,1,,,strict_backbone
追击敌军与发动群众,0,2,1,0,,,strict_backbone
解放后的工作安排,0,3,2,1,1949-01-01,1949-12-31,strict_backbone
成都座谈会,0,5,2,0,,,strict_backbone
独立旅攻克亳州,0,5,3,1,,,strict_backbone
溧阳战斗,0,2,2,0,,,strict_backbone
苏维埃工作/土地改革,0,5,5,0,,,strict_backbone
阜宁战役,3,14,6,1,1945-04-01,1945-04-30,strict_backbone
宣传共产主义真理,0,3,0,0,,,context_only
五·一国际劳动节纪念活动,0,3,0,0,,,context_only
工农起义,0,2,2,0,,,strict_backbone
涪陵、丰都等地暴动,0,1,0,0,,,context_only
盘江南岸工作,0,3,1,0,,,strict_backbone
三岩,0,2,0,0,,,context_only
西撤会合,0,1,1,0,,,strict_backbone
密电码获取任务,1,3,1,0,,,strict_backbone
赣北靖卫队起义,0,3,1,0,,,strict_backbone
白花岭战斗,0,5,0,0,,,context_only
木黄战役,0,3,3,0,,,strict_backbone
吃撑饭斗争方式,0,3,0,0,,,context_only
《野花》壁报,0,1,0,0,,,context_only
借粮救济活动,1,2,2,0,,,strict_backbone
淮海战役 渡江战役,0,3,0,0,,,context_only
二·二二事件,0,6,2,0,,,strict_backbone
中共仁寿籍田地区的农民运动,0,5,5,0,1947-09-01,1947-09-30,strict_backbone
汉口英租界事件,0,2,2,0,,,strict_backbone
中国妇女抗敌后援会,0,3,1,0,,,strict_backbone
鄂豫边区革命活动,0,5,2,0,,,strict_backbone
狱中读书会,0,5,3,0,,,strict_backbone
地下交通线建立,0,6,1,0,,,strict_backbone
打破敌人封锁食盐计划,0,3,3,0,,,strict_backbone
望乡台战斗,0,3,0,0,,,context_only
洪水乡土改试验,0,3,1,1,,,strict_backbone
群众生活状况,0,3,1,0,,,strict_backbone
关子庙示威,0,3,0,0,,,context_only
皖西史组,0,3,0,0,,,context_only
红军围攻大定县城战役,0,3,0,1,,,context_only
协合总社,1,1,1,0,,,strict_backbone
东峰庵建党,0,2,2,0,,,strict_backbone
暴动起义,0,1,1,0,,,strict_backbone
洪泽湖大队,0,8,3,1,,,strict_backbone
解放大军渡江,0,11,5,0,,,strict_backbone
北伐军誓师典礼,0,3,1,1,,,strict_backbone
清产核资,0,3,1,0,,,strict_backbone
小练事件,1,6,2,0,,,strict_backbone
租佃债息条例,0,3,0,0,,,context_only
铁流,0,6,0,0,,,context_only
抗日动员,0,3,1,1,,,strict_backbone
包座之战,1,7,5,0,,,strict_backbone
会师大会,1,9,2,0,,,strict_backbone
基层斗争,0,1,0,0,,,context_only
白壁一带进剿,1,3,1,0,,,strict_backbone
反饥饿争生存运动,0,1,1,0,,,strict_backbone
西昌(礼州)推销站,0,3,1,0,,,strict_backbone
湘西少数民族问题,0,2,2,0,,,strict_backbone
溧水县抗日民主政府成立,0,2,2,0,,,strict_backbone
渠县武装暴动,2,5,2,0,,,strict_backbone
中共湖湘区第六次代表大会,0,2,2,0,,,strict_backbone
巧家县大寨起义,0,2,2,0,,,strict_backbone
农运工作与独支干事会成立,0,3,1,0,,,strict_backbone
武汉三镇解放,0,11,4,2,1949-01-01,1949-12-31,strict_backbone
深入产业工人运动,0,2,0,0,,,context_only
民运工作总总结,0,3,0,0,,,context_only
重庆“三三一”惨案省会后援会,0,2,0,0,,,context_only
汤团组建/打入敌伪,0,5,5,0,,,strict_backbone
解放海岛战斗,0,3,3,0,,,strict_backbone
抢救难童行动,0,6,1,1,,,strict_backbone
太平民团,1,2,2,0,,,strict_backbone
安宁县农民协会成立,0,4,2,0,,,strict_backbone
二月打土豪运动,1,1,1,0,,,strict_backbone
护八团精简与改编地方武装,0,5,2,0,,,strict_backbone
斗争旧军官,0,1,0,0,,,context_only
车桥战役,10,100,56,1,,,strict_backbone
京汉路大罢工,0,3,1,1,,,strict_backbone
会泽战役,0,2,2,0,,,strict_backbone
武胜石盘起义,1,2,2,0,,,strict_backbone
荆江大堤地雷布置,0,3,2,0,,,strict_backbone
罢工与游击战争,0,1,0,0,,,context_only
云南省学生抗日后援会,0,2,2,0,,,strict_backbone
活埋杜丁陈玉林事件,0,2,2,0,,,strict_backbone
动员会议,0,2,0,0,,,context_only
征粮草工作,0,3,0,0,,,context_only
巡视工作,0,8,2,0,,,strict_backbone
中国青年同盟,0,5,1,0,,,strict_backbone
游击队组织建设,0,2,2,0,,,strict_backbone
特务匪徒清剿运动,0,3,0,0,,,context_only
永新围敌之战,0,3,3,0,,,strict_backbone
讲授新民主主义与新人生观,0,2,0,0,,,context_only
救灾公演,0,1,0,0,,,context_only
汉阳铁厂工人罢工,0,5,1,0,,,strict_backbone
武镇区党部召开群众大会及游行,0,4,4,0,,,strict_backbone
湖北农民运动,4,10,8,1,,,strict_backbone
湖南全省第一次工代代表大会,0,2,2,0,,,strict_backbone
坚壁清野行动,0,1,0,0,,,context_only
圭山战役,0,1,1,0,,,strict_backbone
化装打碉堡与处死叛徒,0,4,3,0,,,strict_backbone
欢庆解放,0,3,0,0,,,context_only
重庆‘三一三惨案’,0,5,3,1,1927-03-01,1927-03-31,strict_backbone
驳船工人斩军用浮桥斗争,0,1,0,0,,,context_only
挺进云南,2,4,4,0,,,strict_backbone
打土豪分田,0,5,2,0,,,strict_backbone
湘潭县工人代表大会,0,2,0,0,,,context_only
威信县城攻防战,0,3,3,0,,,strict_backbone
党政干部会议,0,2,2,0,,,strict_backbone
天生关阻击战,0,14,7,1,,,strict_backbone
民兵代表大会,0,7,1,1,,,strict_backbone
抗日民族统一战线政策讨论,0,3,0,0,,,context_only
茶陵县妇女运动,0,1,1,0,,,strict_backbone
政治运动,1,1,1,0,,,strict_backbone
禁烟禁毒运动,0,13,8,0,,,strict_backbone
取消暴动,0,1,0,0,,,context_only
庙首乡公所战斗计划,0,3,0,0,,,context_only
金鸿口战斗,0,2,2,0,,,strict_backbone
张鹏飞武工队起义,0,1,0,0,,,context_only
京沪治安会议,0,6,1,1,,,strict_backbone
长沙狱中斗争,0,3,0,0,,,context_only
西进干部六大队五中队,0,3,0,0,,,context_only
上海五卅惨案,0,10,1,0,,,strict_backbone
失业青年大同盟,0,6,2,0,,,strict_backbone
1934年红军长征,0,4,0,0,,,context_only
奔袭夏邑县城,0,3,0,0,,,context_only
《安顺县读书会》,0,3,0,0,,,context_only
《毛泽东选集》第二卷出版,0,3,1,0,,,strict_backbone
缴获敌机事件,1,1,1,0,,,strict_backbone
第六战区战时青年训练大队,0,3,0,0,,,context_only
九人会议,1,1,1,0,,,strict_backbone
红军长征乌蒙山区回旋战斗,0,3,0,0,,,context_only
组织接头,0,5,0,0,,,context_only
军民合作站,0,4,2,0,,,strict_backbone
慰问演出,0,1,1,0,,,strict_backbone
初级社试办,0,1,1,0,,,strict_backbone
清肃罢教运动,0,4,4,0,1946-01-01,1946-12-31,strict_backbone
益智社/互助社,0,1,0,0,,,context_only
省农协特派员杨靖,0,3,0,0,,,context_only
昆明保卫战期间护厂斗争,0,3,1,0,,,strict_backbone
梁山虎南地区游击队活动,1,7,4,0,,,strict_backbone
亳县解放,0,4,2,0,1947-01-01,1947-12-31,strict_backbone
调查会,1,1,1,0,,,strict_backbone
台桥区赵官事件,0,1,0,0,,,context_only
猪头山保卫战,0,6,4,0,,,strict_backbone
港密湖工运,1,2,1,0,,,strict_backbone
反对张正坤斗争,0,1,0,0,,,context_only
许克祥部队捕杀共产党人事件,0,1,0,0,,,context_only
反对金元券晚会,0,3,0,1,,,context_only
政协综合小组会议,1,7,2,0,,,strict_backbone
小沙口战斗,0,5,2,0,,,strict_backbone
文教卫生计划生育,0,3,0,0,,,context_only
均县反革命暴乱,0,2,2,0,,,strict_backbone
宣威特支工作,0,3,0,0,,,context_only
缴枪不讨租,0,3,1,0,,,strict_backbone
水口山工人运动,3,15,15,0,,,strict_backbone
襄北战役,0,1,1,0,,,strict_backbone
寒塘坳战斗,0,2,2,0,,,strict_backbone
新田地方武装整编,0,5,4,0,,,strict_backbone
中美特种技术合作所大屠杀,0,3,0,0,,,context_only
平山团,0,1,0,0,,,context_only
北门碉堡坚守战,0,4,1,0,,,strict_backbone
敌工组织,0,3,0,0,,,context_only
召集会议,0,2,0,0,,,context_only
缅宁军事行动,0,1,1,0,,,strict_backbone
靖泰战斗,0,2,2,0,,,strict_backbone
李堡战斗,0,25,7,0,,,strict_backbone
罢工运动,0,24,11,2,1949-01-01,1949-12-31,strict_backbone
中共湘赣边界第二次代表大会,3,15,10,0,,,strict_backbone
李子树管理游戏,0,1,1,0,,,strict_backbone
徐海蚌特委代表大会,0,3,1,0,,,strict_backbone
桃江镇农民自卫队,0,1,0,0,,,context_only
反饥饿、反内战运动,0,7,2,0,,,strict_backbone
团防,0,5,0,0,,,context_only
撰写纪念“五卅”文章,0,2,0,0,,,context_only
小鱼洼誓师大会,0,2,0,0,,,context_only
战备动员,0,3,0,0,,,context_only
扩大会,0,5,0,0,,,context_only
黄陂大捷,0,3,1,0,,,strict_backbone
持久围攻堡垒,1,3,1,0,,,strict_backbone
永丰龙岗战斗,0,2,0,0,,,context_only
四·一·O反革命事件,0,2,2,0,1927-01-01,1927-12-31,strict_backbone
潭口暴动失败,0,3,0,0,,,context_only
成都惨案,0,2,2,0,,,strict_backbone
菜家围子战斗,0,1,0,0,,,context_only
炉山整风,0,5,0,0,,,context_only
师宗县城攻克战,0,3,1,0,,,strict_backbone
教师应变会,0,2,2,0,,,strict_backbone
撤出战斗,0,5,0,0,,,context_only
不忍参加内战,0,7,1,1,,,strict_backbone
彭山农民暴动,0,2,2,0,,,strict_backbone
川北工作,0,5,0,0,,,context_only
经济斗争与反特工作,0,2,1,0,,,strict_backbone
攻打湖北督军王占元战斗,0,2,1,0,,,strict_backbone
分盐运动,0,7,5,0,,,strict_backbone
白塔沈渎桥朱林镇搜剿,0,3,1,0,,,strict_backbone
三五书店开业,0,4,4,0,,,strict_backbone
红军长征过境行动,0,4,0,0,,,context_only
建水堵击战,0,3,3,0,,,strict_backbone
女壮丁训练,0,3,0,0,,,context_only
滇黔边区民族自教军,1,2,2,0,,,strict_backbone
汉阳钢铁厂工人罢工,0,5,5,0,,,strict_backbone
青坪寨战斗胜利,0,2,2,0,,,strict_backbone
巢湖大队,0,2,0,0,,,context_only
运军粮,0,9,1,0,,,strict_backbone
反动武装围攻战斗,0,2,2,0,,,strict_backbone
领导学潮,0,1,1,0,,,strict_backbone
土匪破坏活动,0,2,0,0,,,context_only
工人罢工斗争,0,21,10,1,,,strict_backbone
边区县撤销,0,3,1,2,,,strict_backbone
北伐大革命,0,5,2,0,,,strict_backbone
贵秋东县委成立,1,2,2,0,,,strict_backbone
军民互助/买猪油,0,3,2,0,,,strict_backbone
湖西解放区,0,2,0,0,,,context_only
独立四十三旅,0,3,0,0,,,context_only
盐南会师,0,2,2,0,,,strict_backbone
鄂豫边根据地形成,0,2,2,0,,,strict_backbone
工农革命运动,2,10,6,0,1926-09-01,1926-09-30,strict_backbone
民众大会,0,3,0,0,,,context_only
战略行动方针,0,2,0,0,,,context_only
湘赣省委成立,0,3,0,0,,,context_only
龙奶奶庙袭击,0,3,0,0,,,context_only
陈师庵战斗,0,2,2,0,,,strict_backbone
江口会议总结,0,2,1,0,,,strict_backbone
保卫两淮战斗,0,4,4,0,,,strict_backbone
昆明民主运动,0,4,4,0,,,strict_backbone
乌衣车站袭击战,0,3,1,0,,,strict_backbone
裕华纱厂女工罢工斗争,0,3,1,0,,,strict_backbone
中华民族解放先锋队救亡演讲集会,0,3,0,0,,,context_only
第四兵团入滇部署,0,6,2,0,,,strict_backbone
锄奸斗争,0,2,0,0,,,context_only
统战工作/揭露国民党罪行,0,1,1,0,,,strict_backbone
诸佛庵兵变,0,2,2,0,,,strict_backbone
军管会登记,0,3,0,0,,,context_only
江北县大逮捕事件,0,13,4,0,,,strict_backbone
占领南京,0,2,0,0,,,context_only
军事部,0,9,1,0,,,strict_backbone
江巴油漆工人包围法院事件,0,1,1,0,,,strict_backbone
文家桥暴动,0,3,1,0,,,strict_backbone
萧铜边区游击战争,0,2,2,0,,,strict_backbone
农协筹备会,0,4,0,0,,,context_only
乐安事变,0,26,4,1,1930-01-01,1930-12-31,strict_backbone
荣昌抗日救亡运动,2,8,4,1,1937-01-01,1938-12-31,strict_backbone
南菁区‘反扶日、反迫害’分会,0,0,0,0,,,isolated
休宁县第三次县议会议,0,3,0,0,,,context_only
罗甸铁壁合围/黔桂边合同清剿,0,10,1,0,,,strict_backbone
抗日战争时期地下斗争,1,6,6,1,,,strict_backbone
松林——九龙山战斗,0,1,1,0,,,strict_backbone
成都市人民代表会议,0,3,0,1,,,context_only
检阅试卷/送行学员/开展农运,0,1,0,0,,,context_only
尤集进攻作战计划,0,2,1,0,,,strict_backbone
中国工农红军第二十五军长征牺牲事件,0,3,1,0,,,strict_backbone
重建独立营/武装斗争,0,1,0,0,,,context_only
英雄事迹与海上大练兵,0,3,0,0,,,context_only
中共八大,0,3,0,0,,,context_only
淮海战役双堆战场,0,1,0,0,,,context_only
夏洮战役计划,1,8,3,0,,,strict_backbone
湘潭党组织破坏事件,0,5,1,0,,,strict_backbone
上北岸乡参政会成立,0,2,2,0,,,strict_backbone
民主革命,1,5,2,0,,,strict_backbone
镇宁战役,0,5,3,1,,,strict_backbone
解放与接管,0,3,3,0,,,strict_backbone
许克祥叛变事件,0,5,3,1,1927-06-01,1927-06-30,strict_backbone
国民党‘二大’,0,2,2,0,,,strict_backbone
成都大会战,0,3,3,0,,,strict_backbone
退租斗争,0,1,1,0,,,strict_backbone
普选建政,0,3,1,0,,,strict_backbone
杨东瞻赴任及剿匪准备,1,4,4,0,,,strict_backbone
农业生产恢复发展,0,2,2,0,,,strict_backbone
担任工会农会领导与开展工农运动,0,2,0,0,,,context_only
赣西南游击行动,0,2,2,0,,,strict_backbone
自强读书会,3,9,5,0,,,strict_backbone
陈家河等战斗,0,7,0,0,,,context_only
泰兴如皋自卫战,0,3,3,0,,,strict_backbone
募寒衣运动,0,3,0,0,,,context_only
秘密工作与组织纪律,0,1,0,0,,,context_only
反'围剿'战争,0,6,3,0,,,strict_backbone
广州起义暴动,1,3,3,0,,,strict_backbone
景德镇斗争,0,4,4,0,,,strict_backbone
武汉地区学潮,0,3,3,0,,,strict_backbone
党的特支,0,6,0,1,,,context_only
打羊行动,0,3,1,0,,,strict_backbone
湘赣边区游击战,0,3,0,0,,,context_only
反‘三摘’斗争,1,1,1,0,,,strict_backbone
勤工俭学斗争,0,2,2,0,,,strict_backbone
老营盘阻击战,0,3,0,0,,,context_only
茶陵农军枪支保留事件,0,5,5,0,,,strict_backbone
促进民治案,0,3,0,0,,,context_only
江西人民裁判处宣判大会,0,2,2,0,,,strict_backbone
解放宜威,0,2,1,0,,,strict_backbone
自流田会议,1,2,1,0,,,strict_backbone
清匪/征粮/减租,0,0,0,0,,,isolated
白军士兵暴动,0,1,0,0,,,context_only
支前动员,0,7,1,0,,,strict_backbone
解放台江斗争,1,2,2,0,,,strict_backbone
司徒雷登声明,0,3,0,0,,,context_only
红军与国民党部队战斗,0,5,0,0,,,context_only
杏儿垭战斗,0,5,3,0,,,strict_backbone
护乡第3团成立,0,4,0,0,,,context_only
收复威宁,0,2,2,0,,,strict_backbone
随军支前,0,2,2,0,,,strict_backbone
发展党员300多名,0,3,1,0,,,strict_backbone
龙冈大捷,0,3,0,0,,,context_only
全校大会传达,0,4,1,0,,,strict_backbone
万安县城攻防战,0,2,2,0,,,strict_backbone
突击月总结,0,3,0,0,,,context_only
平教会,0,10,0,0,,,context_only
罗寨会议,0,3,1,0,,,strict_backbone
宣传网络,0,3,0,0,,,context_only
淮安农民抗捐运动,0,2,2,0,,,strict_backbone
红四军进攻乐安县城,0,3,2,0,,,strict_backbone
盐防军第十七队,0,3,1,0,,,strict_backbone
反对三青团运动,0,3,0,0,,,context_only
误战事件,0,1,1,0,,,strict_backbone
合肥地区党的活动分子会议,0,2,0,0,,,context_only
黄池清党事件,0,1,0,0,,,context_only
突破第一道封锁线,0,3,1,0,,,strict_backbone
俘虏政策,0,12,1,0,,,strict_backbone
干部培训,0,7,1,1,,,strict_backbone
滩头集训,0,2,2,0,,,strict_backbone
平浏斗争,0,3,0,0,,,context_only
思想包袱剖析,0,3,0,0,,,context_only
通西中心桥战斗,0,2,0,0,,,context_only
翻越突围,0,1,0,0,,,context_only
皖北工农武装起义,0,2,2,0,,,strict_backbone
塘口大捷,3,3,3,0,,,strict_backbone
南京党组织斗争,0,2,2,0,,,strict_backbone
闽北闽东游击队改编集中,0,7,4,0,,,strict_backbone
分界战斗英雄,0,3,0,0,,,context_only
减租减押斗争,0,3,0,0,,,context_only
组织地方武装,0,3,1,0,,,strict_backbone
上饶地区党史工作会议,0,3,0,0,,,context_only
刘仁八暴动,0,5,0,0,,,context_only
小张圩反‘扫荡’斗争,0,7,2,1,1942-01-01,1942-12-31,strict_backbone
资江北岸农民运动,0,1,1,0,,,strict_backbone
张家大院战斗,0,5,2,0,,,strict_backbone
杨林镇袭击战,0,3,0,0,,,context_only
阜宁县政府成立,0,1,0,0,,,context_only
刚家洞战斗,0,3,0,0,,,context_only
龙华区人民保安队,0,3,1,0,,,strict_backbone
马场突围战斗,0,6,1,1,,,strict_backbone
新四军游击支队行动,0,1,1,0,,,strict_backbone
暗兵民,0,1,0,0,,,context_only
夜袭洋坪,0,3,1,1,,,strict_backbone
雪凉合围战前部署与休整伪装,0,3,3,0,,,strict_backbone
五卅飞行集会/散发传单,0,2,2,0,,,strict_backbone
利川三湾改编,0,3,1,0,,,strict_backbone
红枪会/农民示威,0,1,0,0,,,context_only
黔大仁中心县委成立,0,3,0,0,,,context_only
上海文化界救国运动,0,4,2,0,,,strict_backbone
贵州独山事件,0,2,2,0,,,strict_backbone
抗日战争的爆发,0,2,0,0,,,context_only
合作化高潮,0,3,1,0,,,strict_backbone
秀水缝工互助会,0,2,2,0,,,strict_backbone
传达迎接解放指示,0,5,1,0,,,strict_backbone
固镇地区支前动员,0,1,0,0,,,context_only
接管任务,0,4,1,0,,,strict_backbone
阜阳‘四九’起义,0,3,0,0,,,context_only
小瓦窑战斗,2,2,2,0,,,strict_backbone
党忽视农妇运动,0,1,1,0,,,strict_backbone
兰州坝地震,0,3,0,0,,,context_only
柯村欢迎大会,0,3,1,0,,,strict_backbone
三·二一惨案,0,9,1,0,,,strict_backbone
反饥饿游行,0,1,0,0,,,context_only
宿西地区根据地开辟,0,2,2,0,,,strict_backbone
永和会师,0,3,0,0,,,context_only
淮上火柴公司罢工,0,1,0,0,,,context_only
南京各界游行,0,3,2,0,,,strict_backbone
会理县南路武装起义,3,3,3,0,,,strict_backbone
邦洞地区剿匪,0,2,2,0,,,strict_backbone
泰州工农武装,0,2,2,0,,,strict_backbone
陆良起义,2,5,2,0,,,strict_backbone
南线战役,1,3,1,0,,,strict_backbone
党在上饶领导的抗日宣传组织活动,0,2,0,0,,,context_only
乐安战役,2,14,11,0,,,strict_backbone
安福战斗,0,6,2,2,,,strict_backbone
谈判突围,0,3,1,0,,,strict_backbone
南京各校罢课响应,1,2,2,0,,,strict_backbone
上海市民代表会议,1,5,2,0,,,strict_backbone
攻打杨家洞战役,0,6,2,1,,,strict_backbone
重庆市军管会第一次接管干部代表会议,1,5,2,0,,,strict_backbone
皖东北根据地开辟,0,6,2,0,,,strict_backbone
撤出上层职务,0,5,1,0,,,strict_backbone
宁远县行政区划调整,0,3,0,0,,,context_only
汤沟事件,1,4,1,0,,,strict_backbone
游击会址/活动中心,0,1,0,0,,,context_only
九溪事件,0,2,0,0,,,context_only
大别山区三年游击战,0,2,0,0,,,context_only
沭阳民兵工厂,0,3,0,0,,,context_only
红四军进军与三年游击战争,0,5,3,1,,,strict_backbone
春耕运动,2,14,11,1,1940-01-01,1940-12-31,strict_backbone
苏南清乡斗争,0,3,0,1,,,context_only
皖浙赣边区清剿计划,0,3,3,0,,,strict_backbone
生产运输,0,2,0,0,,,context_only
如皋之役,0,3,0,0,,,context_only
沅陵农工运动座谈会,0,1,0,0,,,context_only
罢考斗争,0,8,5,1,,,strict_backbone
赣西南农民武装暴动,0,2,2,0,,,strict_backbone
冲锋陷阵,0,2,2,0,,,strict_backbone
彭雪枫支队在淮南的坚决斗争,2,2,2,0,,,strict_backbone
应城沦陷,0,2,0,0,,,context_only
针锋相对斗敌人,0,1,1,0,,,strict_backbone
平抑谷价斗争,0,2,0,0,,,context_only
伏击伪军抢粮,0,3,3,0,,,strict_backbone
柏树之战,0,3,0,0,,,context_only
保卫苏区运动,0,2,2,0,,,strict_backbone
商店激战,1,5,2,0,,,strict_backbone
彭玉清股匪,0,5,0,0,,,context_only
周启邦牺牲,0,3,0,0,,,context_only
连山坡保卫战,0,3,3,0,,,strict_backbone
万人公审大会,0,2,0,0,,,context_only
茶陵县工人运动,0,2,2,0,,,strict_backbone
缴枪与匪乱,0,3,0,0,,,context_only
南昌地下学运,0,10,5,0,,,strict_backbone
武电公司接管事件,0,3,0,0,,,context_only
分兵三路迁回南下,0,1,1,0,,,strict_backbone
信江解放社,2,85,4,0,,,strict_backbone
556团合围部署,0,3,3,0,,,strict_backbone
《工人之路》,0,2,0,0,,,context_only
联合打游击,0,5,2,3,,,strict_backbone
南京市工青年联谊会,0,5,2,0,,,strict_backbone
革命政权建立,0,1,1,0,,,strict_backbone
中央苏区政策讨论,0,2,0,0,,,context_only
罗平县城解放,2,2,2,0,,,strict_backbone
芹菜扩伏击战,0,1,0,0,,,context_only
南京地下党组织破坏事件,0,2,2,0,,,strict_backbone
汉口地委机关破坏事件,0,2,0,0,,,context_only
湘潭工农运动,2,5,2,0,,,strict_backbone
作战会议部署,0,3,1,0,,,strict_backbone
华东土改运动,0,4,1,0,,,strict_backbone
新闻战线揭露国民党罪行,0,3,1,1,,,strict_backbone
阶级斗争、武装斗争教育,0,1,0,0,,,context_only
北伐军攻克武昌,0,6,0,0,,,context_only
干部选拔/肃反,0,1,0,0,,,context_only
罢课游行,0,1,0,0,,,context_only
汤沟惨案,0,6,2,0,,,strict_backbone
分粮食,0,3,0,0,,,context_only
昆明地区群众运动,0,6,1,1,,,strict_backbone
红三军攻克巴东,0,3,0,0,,,context_only
五·一惨案,0,3,0,0,,,context_only
京汉铁路总同盟罢工,1,10,10,0,,,strict_backbone
双龙洞战斗,0,5,2,0,,,strict_backbone
声讨西山会议,0,1,0,0,,,context_only
皖北地方武装活动,0,3,0,0,,,context_only
四川工农号飞机募捐运动,0,2,2,0,,,strict_backbone
成立党的组织领导,0,3,0,0,,,context_only
文宣区农民斗争,0,3,0,0,,,context_only
乌江防务,0,3,1,0,,,strict_backbone
游击大队建立,0,3,0,0,,,context_only
特别行动小组,0,1,0,0,,,context_only
反“清乡”斗争胜利四十周年座谈,0,5,0,0,,,context_only
肃清反革命残余大会,0,2,2,0,,,strict_backbone
永阳战斗,0,2,2,0,,,strict_backbone
资助困难党员/制定起义策略/保持组织联系,0,2,1,0,,,strict_backbone
土匪伏击,0,1,0,0,,,context_only
组织义勇打土匪,0,1,1,0,,,strict_backbone
四八烈士事件,0,1,1,0,,,strict_backbone
攻克长涧源据点与围攻赤石,1,6,6,0,,,strict_backbone
宿县农民抗捐税斗争,1,1,1,0,,,strict_backbone
西南解放大会筹备,0,3,0,0,,,context_only
敌人清乡搜捕,0,2,1,0,,,strict_backbone
盐南战役,1,1,1,0,,,strict_backbone
兵变发动,0,3,1,0,,,strict_backbone
杨江股匪,0,6,2,0,,,strict_backbone
司法民政建政,0,3,0,0,,,context_only
《放下你的鞭子》,0,22,5,0,,,strict_backbone
召开检讨会,0,2,1,0,,,strict_backbone
筹备办报,1,5,3,0,,,strict_backbone
和平谈判与停止内战,0,4,4,0,,,strict_backbone
内部整顿/正源,0,2,1,0,,,strict_backbone
郑州会议,0,3,3,0,,,strict_backbone
学生罢课,2,5,3,0,,,strict_backbone
青板暴动,7,10,9,0,,,strict_backbone
组织农民武装,2,9,3,0,,,strict_backbone
元江武装斗争史料,0,1,0,0,,,context_only
建立区乡苏维埃政权,0,1,0,0,,,context_only
谢坊战斗,0,3,0,0,,,context_only
解放大定县城,0,4,2,0,1949-01-01,1949-12-31,strict_backbone
反帝反军阀斗争,0,1,0,0,,,context_only
解放南峤,0,1,0,0,,,context_only
遵义战役/大捷,0,2,1,0,,,strict_backbone
骨干会议,1,2,1,0,,,strict_backbone
婚姻条例,0,3,0,0,,,context_only
学生行动,0,2,0,0,,,context_only
弋横根据地斗争,0,2,2,0,,,strict_backbone
中共新干县第一次代表大会,0,1,0,0,,,context_only
红军纵队与滇军、川军战斗,0,2,1,0,,,strict_backbone
八次攻赣,2,2,2,0,,,strict_backbone
邵山战斗,0,1,0,0,,,context_only
安老板打杀工人,0,3,1,1,,,strict_backbone
研究护送军部干部渡江北进,0,2,0,0,,,context_only
拔除叶桥眼点,0,3,1,0,,,strict_backbone
红军架桥行动,0,6,0,1,,,context_only
交通站撤退旧政协会议,0,3,0,0,,,context_only
王白楼子会议,0,2,0,0,,,context_only
游击战争计划,0,3,0,0,,,context_only
学生游行事件,0,6,1,0,,,strict_backbone
大理国师迁址龙陵大坝,0,3,0,0,,,context_only
车桥战斗,0,6,3,0,,,strict_backbone
谭家桥战役,0,2,2,0,,,strict_backbone
日军暴行屠杀平民,0,3,1,0,,,strict_backbone
陈家沟大队,0,3,0,0,,,context_only
征粮运动,0,14,7,1,1949-01-01,1949-12-31,strict_backbone
南京基督教青年会少年部团职联合会,0,3,0,0,,,context_only
云大、师院联合学生运动,0,1,0,0,,,context_only
綦江党的组织,0,4,0,0,,,context_only
蒙自解放战斗,0,2,2,0,,,strict_backbone
泰县公营棉纺公司,0,3,0,0,,,context_only
恽代英同志牺牲事件,0,3,0,0,,,context_only
入城守则及三项注意,0,2,0,0,,,context_only
九江工人收回英租界斗争,0,3,3,0,,,strict_backbone
游击战争/掩护主力,0,6,6,0,,,strict_backbone
暴动情报呈报,0,3,0,0,,,context_only
徐州邮电员工保护资财事件,0,6,1,0,,,strict_backbone
五四运动十周年纪念游行,2,2,2,0,,,strict_backbone
啸楼巷会议,0,1,0,0,,,context_only
强渡沅江,0,6,4,0,,,strict_backbone
改划,0,2,0,0,,,context_only
毛泽东给六级干部的党内通信,0,1,1,0,,,strict_backbone
筹建大会,0,1,0,0,,,context_only
沅江战役,0,2,2,0,,,strict_backbone
《以谷协定》,0,2,2,0,,,strict_backbone
杨港伏击战,0,3,3,0,,,strict_backbone
渡江南下,2,15,8,0,,,strict_backbone
攻打新集城,0,2,2,0,,,strict_backbone
五三惨案反帝宣传,0,1,0,0,,,context_only
'二七'运动,1,18,4,1,1923-01-01,1923-12-31,strict_backbone
乐安县反帝拥护苏联大同盟第一次代表大会,0,2,0,0,,,context_only
武工队建立,1,3,3,0,,,strict_backbone
雪洞战斗冲锋与追击,0,4,4,0,,,strict_backbone
醴陵工运,1,2,2,0,,,strict_backbone
护乡团队员分配工作,0,3,1,0,,,strict_backbone
艺术师范班,0,6,4,0,,,strict_backbone
湘西剿匪斗争,0,3,2,1,,,strict_backbone
扫清白色据点,1,1,1,0,,,strict_backbone
长征大队战士,0,2,0,0,,,context_only
反增费斗争,0,4,2,1,1949-01-01,1949-12-31,strict_backbone
中日妇女救国救沪队,0,5,2,1,,,strict_backbone
赣州工人第一次代表大会,0,3,0,0,,,context_only
狱中文化政治学习小组,2,6,6,0,,,strict_backbone
云南人民解放同盟,1,18,9,0,,,strict_backbone
湘鄂西苏区肃反运动,0,4,4,0,,,strict_backbone
智取瓢儿井,10,16,10,1,,,strict_backbone
红色五月的工作,0,3,0,0,,,context_only
南京人民代表大会,0,3,2,0,,,strict_backbone
东纵北撤,0,3,0,0,,,context_only
忠堡大捷,0,5,5,0,,,strict_backbone
收回租界,0,8,0,0,,,context_only
剿匪征粮工作,0,3,0,0,,,context_only
经济建设目标,0,3,0,0,,,context_only
退帮工帮粮工作,0,4,2,1,,,strict_backbone
清剿残匪行动,0,6,1,1,,,strict_backbone
皖南事变后党员撤离北碚,0,2,2,0,,,strict_backbone
秋浦县委成立,1,3,1,0,,,strict_backbone
农民武装暴动,3,33,14,1,,,strict_backbone
安顺‘民先’队部,0,2,0,0,,,context_only
爱国民主运动堡垒,0,1,0,0,,,context_only
邮购革命书刊,0,3,1,0,,,strict_backbone
武装总示威,0,3,0,0,,,context_only
重建秘密交通线,0,6,1,0,,,strict_backbone
剿匪清特斗争,0,3,0,0,,,context_only
缅宁整训,0,2,2,0,,,strict_backbone
南昌起义前夕会议,0,1,0,0,,,context_only
广阳战役,1,3,3,0,,,strict_backbone
太平县苏维埃代表大会,0,1,1,0,,,strict_backbone
湖南安源醴陵暴动,0,3,0,0,,,context_only
军政干部训练班,1,6,1,0,,,strict_backbone
加入共青团/成立读书会,0,1,1,0,,,strict_backbone
崇明垦殖户处理,1,5,1,0,,,strict_backbone
南支,1,8,5,0,,,strict_backbone
传唱坚决斗争歌曲,0,5,1,0,,,strict_backbone
霍山南乡赤卫队,0,2,2,0,,,strict_backbone
秋浦板桥群众武装斗争,0,1,0,0,,,context_only
土地改革工作指示,0,2,0,0,,,context_only
旁海区杨耀宗事件,0,1,0,0,,,context_only
死守赣州,0,1,1,0,,,strict_backbone
宁汉合流,0,6,2,0,,,strict_backbone
三桥战斗,0,5,3,0,,,strict_backbone
反清乡动员,0,1,0,0,,,context_only
昆明市人民政府成立,0,2,0,0,,,context_only
六专署,0,2,0,0,,,context_only
过长江行动,0,4,2,0,,,strict_backbone
芦山县苏维埃政权,0,2,0,0,,,context_only
营救方鼎英,0,3,0,0,,,context_only
解放南、宜战斗,0,1,0,0,,,context_only
民盟地下工作,0,1,0,0,,,context_only
罗云坝起义,0,1,1,0,,,strict_backbone
萧县总队重建,0,7,4,0,,,strict_backbone
常宁《建新报》,0,3,0,0,,,context_only
山东野战军组建,0,2,2,0,,,strict_backbone
大源战斗,0,3,1,1,,,strict_backbone
红军攻城战斗,0,3,0,0,,,context_only
宿西县收复,0,3,3,0,,,strict_backbone
长沙暴动计划,0,5,3,0,,,strict_backbone
学生自治会主席被捕事件,0,3,1,1,,,strict_backbone
镇彝威党小组建立,0,3,0,0,,,context_only
太宿平(淡竹平)战斗,0,1,0,0,,,context_only
梓潼解放斗争,0,3,0,0,,,context_only
打伪军武装斗争,0,2,2,0,,,strict_backbone
大桥农民抗捐运动,3,8,6,0,,,strict_backbone
九·九整肃,1,39,12,1,,,strict_backbone
铺前之战,0,2,2,0,,,strict_backbone
北伐战争前期随总部指挥机关行动,1,1,1,0,,,strict_backbone
反对本本主义运动,0,4,4,1,1930-01-01,1930-12-31,strict_backbone
清匪/土改/抗旱,0,0,0,0,,,isolated
黄埔军校第一期,0,4,0,0,,,context_only
黔西游游队,0,2,0,0,,,context_only
王家庄事件,0,4,4,0,,,strict_backbone
新淦三湖战斗,0,2,2,0,,,strict_backbone
土地改革准备,0,3,2,1,,,strict_backbone
四川军事调查,0,2,2,0,,,strict_backbone
猫山起义,2,5,2,0,,,strict_backbone
玉屏乡战斗,0,2,2,0,,,strict_backbone
中国民主政团同盟成立大会,0,6,1,0,,,strict_backbone
湘、鄂、赣、川的红军及士兵运动,0,2,0,0,,,context_only
统战策反工作,3,3,3,0,,,strict_backbone
甘坪大垭会议,0,2,2,0,,,strict_backbone
废除保甲制建立村代表会议,0,3,1,0,,,strict_backbone
国民党官僚腐败,0,1,0,0,,,context_only
反对‘罗明路线’斗争,0,1,1,0,,,strict_backbone
舒城妇女组织,0,6,1,0,,,strict_backbone
包产到户,0,6,2,0,,,strict_backbone
《青年生活》(又曾取名《热风》),0,1,1,0,,,strict_backbone
兴发场头阻击战,0,3,0,1,,,context_only
淮阴地区斗争,0,4,2,0,,,strict_backbone
备战工作,0,3,0,0,,,context_only
石柱鱼池战斗,0,2,2,0,,,strict_backbone
天台地区战役,0,2,1,0,,,strict_backbone
总苏区中央执行局成立,0,4,1,0,,,strict_backbone
滇南战役,5,53,26,1,,,strict_backbone
全国救国联合会,0,6,0,0,,,context_only
新桥战役,0,1,0,0,,,context_only
处决梅神甫,0,3,1,0,,,strict_backbone
三年游击战争/失败分析,0,6,1,0,,,strict_backbone
少年中国学会讨论主义问题会议,0,4,4,0,,,strict_backbone
清水江战役,0,3,0,0,,,context_only
军事接管工作,0,6,1,0,,,strict_backbone
加薪罢工斗争,0,1,0,0,,,context_only
张家场武装斗争,0,2,2,0,,,strict_backbone
剿匪反霸/土改,0,0,0,0,,,isolated
和平起义,3,14,3,0,,,strict_backbone
恢复生产与经济建设,0,3,0,0,,,context_only
反动政权及地霸武装战斗,0,8,2,1,,,strict_backbone
李弥残部,0,4,2,0,,,strict_backbone
工农革命军第二次打下茶陵城,0,2,2,0,,,strict_backbone
紫南战役,0,3,0,0,,,context_only
矿工反抗日伪统治活动,0,3,1,0,,,strict_backbone
攻打景德镇战斗,0,2,2,0,,,strict_backbone
白岩会议,0,3,0,0,,,context_only
龙源口战斗,2,23,13,1,,,strict_backbone
军队建设,0,3,0,0,,,context_only
同窗共读/抗日救亡宣传,0,3,1,0,,,strict_backbone
讨陈战役,1,6,4,0,,,strict_backbone
剿灭马元祥匪患,0,1,0,0,,,context_only
扩军运动,0,14,7,0,,,strict_backbone
收复沭阳城,0,3,1,0,,,strict_backbone
日军扫荡,1,22,6,2,,,strict_backbone
围歼天柱锦屏股匪,0,3,0,0,,,context_only
参加减租反霸/土改/文工团建设,0,3,0,0,,,context_only
扼守乌江/清水河防线,0,1,0,0,,,context_only
成立徐州学生联合会,0,3,1,0,,,strict_backbone
"夺取枪枝,掌握县署武装",0,1,0,0,,,context_only
绥靖总队七大队,0,2,0,0,,,context_only
中共琼崖第五次代表大会,1,2,1,0,,,strict_backbone
杨胜武匪部,0,3,1,0,,,strict_backbone
师资训练班,0,3,3,0,,,strict_backbone
攻克叶圩子据点,0,6,0,0,,,context_only
孙中山先生追悼大会,0,6,6,0,,,strict_backbone
反帝反侵略斗争,0,3,2,0,,,strict_backbone
凉水井事件,0,1,0,0,,,context_only
解放华东诸省,0,1,0,0,,,context_only
成立麻阳县讨军司令部,0,1,0,0,,,context_only
罗瑛匪帮,0,3,0,0,,,context_only
桐柏战役,3,9,7,2,,,strict_backbone
红七军创建,0,2,2,0,,,strict_backbone
民主改革补课与反浪费,0,2,0,0,,,context_only
五岭区武装斗争,0,1,1,0,,,strict_backbone
整个战斗,0,1,0,0,,,context_only
西线兴国掩护战,0,2,0,0,,,context_only
毛泽东《将革命进行到底》新年献辞,0,1,1,0,,,strict_backbone
红35军成立,0,3,1,0,,,strict_backbone
抗暴运动宣传,0,5,0,0,,,context_only
抗战文艺活动,0,3,0,0,,,context_only
越狱后的斗争,0,1,1,0,,,strict_backbone
湘赣边界割据,0,5,2,0,,,strict_backbone
师生撤离斗争,0,3,0,0,,,context_only
大桥抗捐运动,0,7,3,1,,,strict_backbone
考察武装斗争条件,2,3,2,0,,,strict_backbone
皖西肃反,0,5,3,2,,,strict_backbone
安庆东南两门码头工人,0,1,0,0,,,context_only
人民联合会,0,14,0,0,,,context_only
义务兵役制,0,3,0,0,,,context_only
淞沪青年抗日团,0,2,2,0,,,strict_backbone
大桥攻坚战,0,11,0,0,,,context_only
佛君庙战斗,0,13,8,1,,,strict_backbone
参军参战,1,8,1,0,,,strict_backbone
邮电机构合并,0,2,0,0,,,context_only
习郎中队,0,1,0,0,,,context_only
土地会、筐子会,0,1,1,0,,,strict_backbone
昆明市义勇自卫队,4,4,4,0,,,strict_backbone
黔东事变,19,88,53,1,,,strict_backbone
北伐战役,0,1,1,0,,,strict_backbone
第五师及独立三十六旅,0,2,0,0,,,context_only
维持工人武装斗争,0,5,0,0,,,context_only
和平建国方针,0,11,2,0,,,strict_backbone
三大纪律六项注意,0,3,0,0,,,context_only
烈士英名录,0,2,0,0,,,context_only
晋冀鲁豫野战军六纵,0,3,1,0,,,strict_backbone
赣南各县农民斗争,0,3,3,0,,,strict_backbone
工农兵政权建设,0,3,0,0,,,context_only
五·二〇运动,1,55,32,2,1947-05-20,1947-05-20,strict_backbone
16军侦察营剿匪,0,6,2,1,,,strict_backbone
苏区斗争/长征/接管兴仁,0,1,1,0,,,strict_backbone
训练班斗争事件,0,2,0,0,,,context_only
石、岑会剿,0,3,0,0,,,context_only
湘江游击战,1,1,1,0,,,strict_backbone
叙蔺宋特区区委转移活动,0,2,0,0,,,context_only
护国讨袁,1,2,2,0,,,strict_backbone
右江土地革命,0,1,1,0,,,strict_backbone
滇中纵队瓦解事件,0,6,0,1,,,context_only
迂回堵击逃匪,0,4,2,0,,,strict_backbone
建立敌工站,1,3,1,0,,,strict_backbone
邵县洪桥寺战斗,0,7,1,0,,,strict_backbone
恢复组织,0,5,2,0,,,strict_backbone
安庆中心县委联席会议,0,2,0,0,,,context_only
搜捕杨永清,0,5,5,0,,,strict_backbone
自卫队改造工作,0,3,2,0,,,strict_backbone
西山战斗,0,3,0,0,,,context_only
海子山战斗,0,2,0,0,,,context_only
三个野战军会师大会,0,2,1,0,,,strict_backbone
党史人物传记编写工作,0,5,0,0,,,context_only
黄泥坳战斗,0,3,1,0,,,strict_backbone
清剿流窜股匪行动,0,2,2,1,,,strict_backbone
崇阳县起义策动事件,0,2,2,0,,,strict_backbone
反内战学生运动,0,12,0,2,,,context_only
檑石战,0,5,3,0,,,strict_backbone
秘密传递情报,0,1,0,0,,,context_only
夜袭邵店,0,2,2,0,,,strict_backbone
创办《大众报》,0,2,0,0,,,context_only
带伤坚持行军,0,3,1,0,,,strict_backbone
接管三穗工作,0,7,1,0,,,strict_backbone
湘阴起义,0,4,4,0,,,strict_backbone
赫章县各族各界代表会议,0,8,2,0,,,strict_backbone
架设浮桥占领道州城,0,2,0,0,,,context_only
参加苏维埃一切建设,0,2,2,0,,,strict_backbone
者海军政干校学习,0,1,0,0,,,context_only
烈山矿工罢工,0,2,0,0,,,context_only
五一劳动节大会,0,1,1,0,,,strict_backbone
护乡第八团成立与保厂护乡团改编,1,4,2,0,,,strict_backbone
中共锦屏县委会成立,0,2,0,0,,,context_only
南下行军,0,3,0,0,,,context_only
《新建设》月刊,0,1,0,0,,,context_only
方山大队,0,2,1,0,,,strict_backbone
临时中央与苏区中央局合并,0,5,2,0,,,strict_backbone
农联合会,0,3,1,0,,,strict_backbone
组织妇女抗日联合会,0,2,2,0,,,strict_backbone
苏南财经工作,0,2,2,0,,,strict_backbone
滇边第一临时人民行政专员公署,0,3,0,0,,,context_only
掩护营救革命同志,0,3,0,0,,,context_only
李家集战斗,0,3,3,0,,,strict_backbone
五月二十四日事变,0,4,1,0,,,strict_backbone
一月风暴,3,3,3,0,,,strict_backbone
《华大新闻》,0,3,1,1,,,strict_backbone
茂县第一次工农代表大会,0,3,0,0,,,context_only
财政税收与金融建政,0,3,0,0,,,context_only
剿匪反匪斗争,0,1,0,0,,,context_only
第二次攻打县城,0,3,2,0,,,strict_backbone
金峰庵被俘事件,0,3,0,1,,,context_only
十二团抢渡金沙江,0,3,3,0,,,strict_backbone
武汉保卫战,2,10,6,0,,,strict_backbone
制造炸弹,0,3,0,0,,,context_only
京沪、杭战役实施纲要,0,1,1,0,,,strict_backbone
三河坝防御战,0,3,3,0,,,strict_backbone
公道印刷厂,0,7,3,0,,,strict_backbone
征借公粮,0,6,0,0,,,context_only
浑朴的社会主义者底特别的劳动运动意见,0,1,0,0,,,context_only
红军北渡行动,0,1,0,0,,,context_only
炉山解放,2,13,9,0,,,strict_backbone
怀远学运/长淮学运,0,2,2,0,,,strict_backbone
板中党小组,0,6,0,0,,,context_only
雅沙塘战斗突围与援军会合,0,2,0,0,,,context_only
红五月扩红,0,2,0,0,,,context_only
四·一血案后、游行示威,0,1,0,0,,,context_only
溧水地区抗日斗争,1,3,3,0,,,strict_backbone
接替后卫,0,1,0,0,,,context_only
田麻子教育改造,0,1,0,0,,,context_only
湘赣边秋收起义,1,8,6,0,,,strict_backbone
三个月秘密清剿,1,3,1,0,,,strict_backbone
沭宿海地区反顽斗争,0,2,2,0,,,strict_backbone
资江中游武装暴动,0,5,3,0,,,strict_backbone
民兵反特与形势宣传,0,2,2,0,,,strict_backbone
武汉三镇国民党员大会,1,2,2,0,,,strict_backbone
解放安顺,1,4,4,0,,,strict_backbone
芷江解放,0,1,0,0,,,context_only
建立统一战线,0,2,2,0,,,strict_backbone
健行社,0,2,0,0,,,context_only
沅陵战役,0,2,1,0,,,strict_backbone
反三路围攻作战,3,8,6,0,,,strict_backbone
宁远县第一次农民协会代表大会,0,4,0,0,,,context_only
中共湘赣省委扩大会议,0,1,0,0,,,context_only
凤阳火柴工人斗争,0,1,0,0,,,context_only
南昌起义三周年纪念活动,0,1,1,0,,,strict_backbone
北伐军攻占武昌城,0,3,1,0,,,strict_backbone
突破封锁线,0,12,5,0,,,strict_backbone
抗日团体,0,1,0,0,,,context_only
江防策反行动,0,1,0,0,,,context_only
青年协进社,1,5,2,0,,,strict_backbone
游行,0,2,0,0,,,context_only
民联会,0,3,0,0,,,context_only
雪洞战斗战前部署,0,3,1,0,,,strict_backbone
滇云参议员,0,2,2,0,,,strict_backbone
民兵站岗,1,2,1,0,,,strict_backbone
《抓壮丁》剧目,0,3,0,0,,,context_only
护厂迎解放斗争,0,1,1,0,,,strict_backbone
建设工作,0,1,1,0,,,strict_backbone
组建学友会,0,2,1,0,,,strict_backbone
土匪活动,0,14,1,1,,,strict_backbone
荔波县反共保民应变方案/成立自卫军,0,1,0,0,,,context_only
彝良解放战役,1,4,4,0,1949-01-01,1949-12-31,strict_backbone
老鹳嘴战斗,0,2,2,0,,,strict_backbone
渣滓洞烈士牺牲,0,2,0,0,,,context_only
反美、蒋爱国正义斗争,0,1,1,0,,,strict_backbone
强渡鸭池河战斗,1,6,2,1,,,strict_backbone
郭店乡农救会,0,3,0,0,,,context_only
鄂中秋收起义,0,5,3,1,,,strict_backbone
皖东北游击战争,0,4,0,0,,,context_only
反内战斗争,0,14,2,2,,,strict_backbone
乌江口伏击战,0,1,0,0,,,context_only
帝国主义经济侵入,0,1,0,0,,,context_only
工读活动,0,2,2,0,,,strict_backbone
李公朴被暗杀事件,0,3,0,0,,,context_only
县委第三次大会,0,6,0,0,,,context_only
陈家娃事件,0,2,0,0,,,context_only
金沙保卫战,0,16,7,1,,,strict_backbone
后晋区分部,0,3,2,0,,,strict_backbone
‘礼送’共产党员出城行动,0,2,2,0,,,strict_backbone
讨郝战役,0,3,0,0,,,context_only
史料编纂,0,3,0,0,,,context_only
四川县学生反帝运动,0,2,2,0,1925-06-01,1925-06-30,strict_backbone
《海燕社》读书会,1,2,2,0,,,strict_backbone
安源工人运动,10,45,29,1,,,strict_backbone
工人突击队成立,0,3,0,0,,,context_only
四方面军西去,0,3,0,0,,,context_only
清匪净化/群众提供线索/摧毁散匪,0,2,0,0,,,context_only
减租退租运动,0,5,2,0,,,strict_backbone
女生队斗争,0,1,0,0,,,context_only
静观地区抗日宣传活动,1,2,2,0,,,strict_backbone
罗盘区武装斗争,0,2,2,0,,,strict_backbone
庐山会议,5,28,16,1,1959-07-01,1959-07-31,strict_backbone
改造社,3,69,11,1,,,strict_backbone
三省国,0,3,1,0,,,strict_backbone
湖北全省活动分子会议,2,5,2,1,,,strict_backbone
持久战战略,0,6,0,0,,,context_only
胡风问题,0,3,0,0,,,context_only
剪发放踪运动,0,1,1,0,,,strict_backbone
土改训练班,0,3,1,0,,,strict_backbone
上海职工运动,0,2,0,0,,,context_only
51师剿匪作战,0,3,0,0,,,context_only
借出用具让出房屋,0,8,3,0,,,strict_backbone
建立情报工作站,0,1,0,0,,,context_only
赣县工农运动,0,2,0,0,,,context_only
加强教育工作领导,0,4,0,0,,,context_only
反内战游行示威,0,3,0,0,,,context_only
台烈战斗,0,5,5,0,,,strict_backbone
湘南工农运动,0,3,2,0,,,strict_backbone
龙崖围战术,0,5,2,0,,,strict_backbone
冯家埭战斗,0,5,0,0,,,context_only
创办国术团/瘟疫治疗所,0,1,1,0,,,strict_backbone
民主建政,1,6,1,0,,,strict_backbone
风霞起义,0,4,4,0,,,strict_backbone
代表大会,0,22,1,0,,,strict_backbone
遂师学潮,0,3,2,0,,,strict_backbone
胡子会会议,0,6,0,1,,,context_only
破获匪军收报机,0,4,3,0,,,strict_backbone
黄陂会议,0,3,1,0,,,strict_backbone
苏南斗争,0,7,3,1,,,strict_backbone
草勒战斗,0,3,1,0,,,strict_backbone
淮海战役文庙战斗,1,2,2,0,,,strict_backbone
沙基惨命,0,1,1,0,,,strict_backbone
扬武阻击战,0,9,2,1,,,strict_backbone
处决匪首张秉衡,0,3,2,0,,,strict_backbone
反‘毛、周、张、博’斗争,0,1,1,0,,,strict_backbone
李立三左倾冒险主义,0,3,1,0,,,strict_backbone
雪凉会战,0,3,3,0,,,strict_backbone
益阳县保安团政工队,0,1,1,0,,,strict_backbone
贵阳‘七·一九’事件,0,3,0,0,,,context_only
推信党,0,2,0,0,,,context_only
香火岭战斗,0,3,3,0,,,strict_backbone
小河干丈会议,0,1,1,0,,,strict_backbone
中共中江县委成立,0,5,0,0,,,context_only
反对“门户捐”学运,0,2,2,0,,,strict_backbone
解放白米区,0,2,0,0,,,context_only
中央农村工作部会议,0,2,1,0,,,strict_backbone
古饶暴动,0,4,4,0,,,strict_backbone
山北大山歼灭战,0,3,0,0,,,context_only
武汉农运工作,0,2,0,0,,,context_only
海子游击大队,2,25,8,1,,,strict_backbone
湘粤桂联合防线,0,3,0,0,,,context_only
新青社员发展工作,0,3,0,0,,,context_only
楚雄三街暴动,0,3,0,0,,,context_only
午街坡战斗,0,1,0,0,,,context_only
红壤改造,0,1,0,0,,,context_only
嘉定裕华丝厂工运,0,3,3,0,,,strict_backbone
《遂蓉导报》,0,5,2,0,,,strict_backbone
淮海区妇女救国会成立,0,2,2,0,,,strict_backbone
青年努力读书会,0,3,3,0,,,strict_backbone
淮宝战役,2,3,3,0,,,strict_backbone
梵净山会剿,0,5,1,0,,,strict_backbone
挽留斗争,0,1,1,0,,,strict_backbone
黄猫垭歼灭战,0,9,7,0,,,strict_backbone
施家堂战斗,0,1,1,0,,,strict_backbone
敌机轰炸,0,9,0,0,,,context_only
房县保卫战,0,5,2,0,,,strict_backbone
贵州妇女抗日救国团,0,6,2,0,,,strict_backbone
洪湖小沙口骚动,0,3,0,0,,,context_only
中华全国苏维埃第一次代表大会,0,3,0,0,,,context_only
杏儿垭激战,2,5,3,1,,,strict_backbone
滇川黔边抗日游击基地,0,3,0,0,,,context_only
程蒋山战斗,0,1,1,0,,,strict_backbone
湖东区队,0,3,0,0,,,context_only
建立民兵组织,0,1,1,0,,,strict_backbone
中江简师校转移行动,0,6,2,0,,,strict_backbone
九三学社成立大会,0,3,0,0,,,context_only
东华溪会师,0,2,2,0,,,strict_backbone
固镇地区抗日斗争,0,5,2,0,,,strict_backbone
湘赣边界秋收暴动计划,0,8,1,2,,,strict_backbone
荔波剿匪作战,1,3,3,0,,,strict_backbone
重新点燃个旧革命斗争之火,2,4,3,0,,,strict_backbone
新铸歌咏队,0,8,3,1,,,strict_backbone
红二方面军长征来到四川甘孜,0,3,0,0,,,context_only
姜村之战,1,35,1,0,,,strict_backbone
兴义游击团组建训练,0,2,2,0,,,strict_backbone
宜章县苏维埃政府成立,0,2,2,0,,,strict_backbone
国际援华运动,0,3,0,0,,,context_only
征粮与组织知识分子训练班,0,4,1,0,,,strict_backbone
南京‘四·一〇’事件,0,4,0,0,,,context_only
傅品三,0,1,0,1,,,context_only
乌蒙山回旋,1,2,2,0,,,strict_backbone
上海妇女救国会成立大会,0,1,0,0,,,context_only
解放区腹心地区,0,1,0,0,,,context_only
校史编辑工作,0,3,0,0,,,context_only
五四运动在江津,0,3,1,0,,,strict_backbone
罢工援助案,0,1,0,0,,,context_only
打土豪分粮食运动,0,5,3,1,,,strict_backbone
威赫铁整合围战役,0,4,4,0,,,strict_backbone
泰州港口起义,0,5,3,1,,,strict_backbone
抗日救亡活动,8,133,48,1,,,strict_backbone
治溪河巧歼别动队,0,2,2,0,,,strict_backbone
街头宣传募捐,0,2,0,0,,,context_only
黔东南的解放和剿匪斗争,0,2,0,0,,,context_only
建立后方与反清剿斗争,0,4,4,0,,,strict_backbone
共耕社,0,2,1,0,,,strict_backbone
重庆纪念鲁迅逝世4周年大会,0,2,2,0,,,strict_backbone
宜章年关暴动,5,42,23,1,,,strict_backbone
武工小组,0,3,0,0,,,context_only
筹集军粮/政治教育/禁闭学习,0,0,0,0,,,isolated
隐蔽藏核与联络,0,1,0,0,,,context_only
茅东会议,0,3,0,0,,,context_only
盐阜区生产大会代表,0,1,0,0,,,context_only
智擒魏德茂,0,5,3,0,,,strict_backbone
筹粮支前,0,1,0,0,,,context_only
胜利会师,0,3,0,0,,,context_only
双十二事变,0,3,0,0,,,context_only
太安镇战斗,0,6,2,0,,,strict_backbone
红灯教活动,0,1,1,0,,,strict_backbone
武汉工人流血记,0,2,0,0,,,context_only
龙占战斗,0,2,2,0,,,strict_backbone
国共合作反帝反封建运动,0,3,2,0,,,strict_backbone
石弓山之役,0,1,1,0,,,strict_backbone
青救自卫队,0,3,0,0,,,context_only
活埋枪杀/毁房砍树,0,5,4,0,,,strict_backbone
腾冲关坡战斗,0,6,3,0,,,strict_backbone
清江渡军事工作会议,2,2,2,0,,,strict_backbone
民主作风,0,1,0,0,,,context_only
石西合围战,0,1,0,0,,,context_only
工农革命军独立第一、第二旅,0,0,0,0,,,isolated
投稿《新音乐》/组织合唱队/参加反饥饿游行,0,1,0,0,,,context_only
龙武攻城事件,0,3,3,0,,,strict_backbone
两次解放锦屏,0,1,1,0,,,strict_backbone
打土豪分浮财斗争,0,2,0,0,,,context_only
黑茶山空难事件,1,2,1,0,,,strict_backbone
三猛战术,0,3,0,0,,,context_only
韦岗伏击战,2,7,2,0,,,strict_backbone
国民参政会第三届三次会议,1,1,1,0,,,strict_backbone
三家村战斗,0,5,5,0,,,strict_backbone
剿灭残匪行动,0,4,2,0,,,strict_backbone
三次学生运动,0,1,1,0,,,strict_backbone
宜威虎头山大仗,0,1,0,0,,,context_only
四川解放后工作,0,2,0,0,,,context_only
二七大屠杀,1,14,8,0,,,strict_backbone
红六师阻击滇军第七旅,0,5,3,1,,,strict_backbone
古龙岗围歼战,0,3,0,0,,,context_only
前线侦察,0,3,0,1,,,context_only
黔西平原战斗,0,6,4,1,,,strict_backbone
慰问电,0,6,1,1,,,strict_backbone
攻打马鞍亭,2,3,3,0,,,strict_backbone
垫江县革命史实展览,0,6,0,1,,,context_only
双石乡斗争事件,0,2,2,0,,,strict_backbone
綦江拒毒运动,4,28,10,0,,,strict_backbone
汉阳县武装暴动,1,3,1,0,,,strict_backbone
五·二九”汉源暴动,2,6,5,0,,,strict_backbone
筹措印刷厂经费,1,5,5,0,,,strict_backbone
北渡金沙江,2,19,4,0,,,strict_backbone
溧水警卫营,1,5,2,0,,,strict_backbone
人事调整与教师评薪,0,1,0,0,,,context_only
反动道会门暴动,0,2,2,0,,,strict_backbone
涪陵罗云坝起义,3,6,6,0,,,strict_backbone
利华总公司,0,3,1,0,,,strict_backbone
浦镇工厂罢工斗争,0,4,4,0,1923-01-01,1923-12-31,strict_backbone
江西省第二次工农兵代表大会,0,6,0,0,,,context_only
贾汪煤矿接管事件,0,9,2,0,,,strict_backbone
成赫合围战役,2,3,2,0,,,strict_backbone
周素园传记,0,3,0,0,,,context_only
特别训练班,0,6,6,0,,,strict_backbone
清乡防堵,0,6,1,1,,,strict_backbone
中国新民主主义研究会,0,2,0,0,,,context_only
三次解放巴中,0,1,0,0,,,context_only
王家场-寸滩路段伏击,0,3,1,0,,,strict_backbone
耀山伏击战,0,5,1,0,,,strict_backbone
醴陵会议,0,3,1,0,,,strict_backbone
党的一元化领导,0,6,0,0,,,context_only
洪泽湖坚持斗争,0,2,2,0,,,strict_backbone
南粤据点政治攻势与自首,0,1,0,0,,,context_only
万金寨战斗,0,3,3,0,,,strict_backbone
木兰山游击斗争,0,1,0,0,,,context_only
开辟苏北,0,3,0,0,,,context_only
秋暴计划,2,3,3,0,,,strict_backbone
郎岱城攻防战,1,5,5,0,,,strict_backbone
刘庄反击战,0,1,1,0,,,strict_backbone
精神文明建设,0,6,1,0,,,strict_backbone
中央苏区反帝同盟,0,3,1,1,,,strict_backbone
红六军团西征,0,47,0,0,,,context_only
皖南便衣队,0,3,2,0,,,strict_backbone
七·二七占领长沙,0,3,1,0,,,strict_backbone
永丰乡观音桥战役,1,2,2,0,,,strict_backbone
川滇黔边区秘密武装建设,0,2,2,0,,,strict_backbone
四支队南下行动,0,3,0,0,,,context_only
女界国民会议促成会,1,1,1,0,,,strict_backbone
亳县抗日工作团,0,3,1,0,,,strict_backbone
襄西地委财经会议,0,1,0,0,,,context_only
下川东/上川东武装斗争,0,1,1,0,,,strict_backbone
两广事变,0,4,0,0,,,context_only
内部期刊印制,0,1,0,0,,,context_only
发展少数民族入党/写信要求经费办学,0,2,0,0,,,context_only
巴中自卫总队,0,2,0,0,,,context_only
播中武装起义准备,0,1,1,0,,,strict_backbone
游击队打击龙永生反动武装行动,0,5,3,1,,,strict_backbone
上海工人三月暴动,1,5,2,1,1927-03-01,1927-03-31,strict_backbone
皖东北抗日民主行政专员公署成立,0,1,0,0,,,context_only
洞庭湖畔农民运动,0,3,0,0,,,context_only
工农军攻城战斗,1,3,1,0,,,strict_backbone
发动群众护税,0,6,2,1,,,strict_backbone
支援土改,0,1,0,0,,,context_only
金江合唱团,0,3,0,0,,,context_only
战斗事件,2,10,4,0,,,strict_backbone
赤少师,0,3,2,0,,,strict_backbone
武装革命化,0,3,0,0,,,context_only
凯里地下小组,0,4,0,0,,,context_only
随机应变击日寇,0,3,1,0,,,strict_backbone
石白湖战斗,1,5,3,1,,,strict_backbone
齐心会农民武装组织,0,1,0,0,,,context_only
南昌起义,132,1134,582,2,,,strict_backbone
机械执行劳动法,0,1,0,0,,,context_only
袭击军大坪粮仓战斗,0,6,3,0,,,strict_backbone
苏中反清乡斗争,0,2,2,0,,,strict_backbone
亭旁农民暴动,0,3,0,0,,,context_only
反‘清潮’斗争,0,4,4,0,,,strict_backbone
接管垫江财粮工作,0,3,0,0,,,context_only
斗争歌谣,0,3,0,0,,,context_only
澄海战役第二阶段双堆战场,0,3,0,0,,,context_only
设私塾容纳远方来客,0,3,1,0,,,strict_backbone
新解放区土改斗争策略,0,2,0,0,,,context_only
自贡工人第二次大罢工,0,3,3,0,,,strict_backbone
抗日战争前学生运动,0,2,2,0,1930-01-01,1930-12-31,strict_backbone
三垛伏击战,0,6,4,1,,,strict_backbone
江北县铁机工人联合会,0,2,2,0,,,strict_backbone
湖沟战斗夜袭,0,1,0,0,,,context_only
上海起义,0,4,4,0,1927-01-01,1927-12-31,strict_backbone
民青组织发展,0,7,4,1,,,strict_backbone
讨竿暴动准备,0,1,1,0,,,strict_backbone
旧合作社股金清算,0,2,0,0,,,context_only
宣布金坛解放/宣传政策,0,1,0,0,,,context_only
打援任务,0,3,1,0,,,strict_backbone
塘头会议,0,3,0,1,,,context_only
武当山清剿行动,0,3,1,0,,,strict_backbone
组织土匪暴乱,0,1,0,0,,,context_only
张力被逮捕事件,0,1,0,0,,,context_only
土地与农民问题,0,3,0,0,,,context_only
南京‘一·O’反革命事件,0,2,2,0,,,strict_backbone
农讲所学员作用,0,3,0,0,,,context_only
湘东独立师组建,0,10,6,0,,,strict_backbone
松木塘游击武装,0,1,0,0,,,context_only
反会剿/布设鹿砦陷阱,0,1,0,0,,,context_only
湖南解放,0,1,0,0,,,context_only
金宝圩事件,0,12,2,0,,,strict_backbone
安顺‘民先’组织,0,12,3,0,,,strict_backbone
淮海之战,0,3,0,0,,,context_only
镇压匪首/土改斗争,0,2,0,0,,,context_only
高兴圩战斗,0,2,0,0,,,context_only
审稿会,0,8,0,0,,,context_only
西南军区剿匪行动,0,21,0,1,,,context_only
风雨谈,0,4,0,1,,,context_only
全歼黎平股匪与发动群众,0,3,1,0,,,strict_backbone
五一节征收党员运动,1,7,4,0,,,strict_backbone
苏中区党委扩大会议,0,3,1,0,,,strict_backbone
湘中游击队三纵队益阳第四支队起义,0,5,0,1,,,context_only
福源纱厂工人,1,5,3,1,,,strict_backbone
贺胜桥大捷,0,3,0,0,,,context_only
湘潭县农民协会第一次代表大会,0,3,0,0,,,context_only
联升、寨解围战斗,0,1,0,0,,,context_only
护厂护矿斗争,0,2,0,0,,,context_only
肃清AB团运动,0,4,4,0,,,strict_backbone
长沙笔业工会罢工斗争,0,2,2,0,,,strict_backbone
八堡苗民自卫队,1,7,3,0,,,strict_backbone
驳斥曲线救国/揭露卖国本质,0,1,0,0,,,context_only
荆南县苏维埃政府成立,0,3,0,0,,,context_only
北区第五联合村征粮工作,0,3,1,0,,,strict_backbone
三镇同盟罢工,0,2,2,0,,,strict_backbone
筹建读书会与办画展买书,0,2,1,0,,,strict_backbone
绣壁街茶馆接头事件,0,2,2,0,,,strict_backbone
《新华日报》上海出版工作,0,2,0,0,,,context_only
宿县抗日游击队建立(整编与打击汉奸),0,3,3,0,,,strict_backbone
庙坪奇袭,0,3,0,0,,,context_only
争取郝鹏举起义,0,2,1,0,,,strict_backbone
淮上抗日根据地政权建设,0,1,1,0,,,strict_backbone
《卖国和剥削的战争》,0,1,0,0,,,context_only
九·九代表会议,0,10,4,1,,,strict_backbone
九龙事件,0,2,0,0,,,context_only
中共云南省第一次临时代表大会,0,3,1,0,,,strict_backbone
将军山阻击战,1,18,4,1,,,strict_backbone
越王山区围剿,0,3,1,0,,,strict_backbone
清江县工农兵苏维埃政府成立,0,6,0,0,,,context_only
乌龙庙遭遇战,0,4,4,0,,,strict_backbone
剑河县四区共军过境调查,0,4,0,0,,,context_only
苏北抗日义勇军,0,4,0,0,,,context_only
湘赣红四分队,0,3,0,2,,,context_only
晋西北对日斗争工作,0,1,1,0,,,strict_backbone
党课,0,3,0,0,,,context_only
肃反工作,0,21,2,0,,,strict_backbone
苏北抗日同盟会淮安分会,0,6,4,0,,,strict_backbone
北渡长江,0,13,1,0,,,strict_backbone
县党部大会,0,2,0,0,,,context_only
赣东北起义,0,1,0,0,,,context_only
预借粮草,0,2,0,0,,,context_only
双沟围困战,0,6,4,0,,,strict_backbone
九华保卫战,0,9,4,1,,,strict_backbone
创办县农工训练班,0,3,2,0,,,strict_backbone
淮海区减租减息运动,0,3,3,1,1940-01-01,1942-12-31,strict_backbone
少先队总检阅,0,3,1,0,,,strict_backbone
中共湖南省委扩大会议,0,3,0,1,,,context_only
土匪围攻事件,0,8,6,0,1935-01-01,1935-12-31,strict_backbone
第三届军事武装会议/清匪工作座谈会/净化全区清匪任务,0,2,0,0,,,context_only
楠寨起义,0,2,1,0,,,strict_backbone
淮安城攻克,0,2,2,0,,,strict_backbone
反、动政府镇压行动,0,1,0,0,,,context_only
一·一七事件,0,7,4,1,,,strict_backbone
骆家营战斗,0,3,1,1,,,strict_backbone
党团统一,0,2,0,0,,,context_only
击毙杨通贤,0,3,1,0,,,strict_backbone
湘西剿匪战役,0,9,2,0,,,strict_backbone
进入湘中/抗日运动/扩红,0,2,2,0,,,strict_backbone
南国大公演及被破坏,0,3,2,0,,,strict_backbone
皎平渡江,3,3,3,0,,,strict_backbone
谈判交锋/文辞对答,0,1,0,0,,,context_only
川陕苏区建设,0,2,1,0,,,strict_backbone
辰州烽火,1,3,1,2,,,strict_backbone
竹园起义,1,9,4,1,,,strict_backbone
丰石、石南游击大队,0,1,0,0,,,context_only
五卅运动纪念活动,0,2,2,0,,,strict_backbone
农具副业处理,0,3,1,0,,,strict_backbone
重庆及北碚地区地下斗争,0,1,1,0,,,strict_backbone
准备过雪山/买糖,0,3,3,0,,,strict_backbone
湘赣边界的斗争,0,2,0,0,,,context_only
保护行动,0,1,1,0,,,strict_backbone
长征情况,0,1,0,0,,,context_only
郭部兵运工作,0,2,2,0,,,strict_backbone
虎城武工队建立,0,5,2,0,,,strict_backbone
黄平县党史资料征集座谈会,0,4,1,0,,,strict_backbone
通海抗日斗争,0,2,2,0,,,strict_backbone
七·青年救亡干部训练班,0,6,1,1,1937-07-01,1937-07-31,strict_backbone
暴动进军路线,0,1,0,0,,,context_only
皖西妇女工作,0,9,2,1,,,strict_backbone
斗争封建把头,0,3,2,0,,,strict_backbone
政协会议,4,66,20,0,,,strict_backbone
红军东征行动,0,3,0,0,,,context_only
接管大定县城,0,3,0,0,,,context_only
反国民党斗争,0,5,0,0,,,context_only
参加八路军办事处会议,0,2,0,0,,,context_only
参加秘密组织与煽动哗变,0,3,0,0,,,context_only
生产救灾活动,0,3,0,0,,,context_only
赣东北苏维埃革命运动,0,1,0,0,,,context_only
清水乡战斗队,0,1,0,0,,,context_only
锦屏起义,0,3,0,0,,,context_only
民族区域自治法起草,0,3,2,0,,,strict_backbone
横沟寺农民暴动,2,14,10,0,,,strict_backbone
感训班,0,3,1,1,,,strict_backbone
仿制身份证,0,2,1,0,,,strict_backbone
反清乡斗争,17,269,118,2,1943-01-01,1943-12-31,strict_backbone
较场口惨案,0,3,0,0,,,context_only
常宁和平解放,0,4,4,0,,,strict_backbone
大家唱歌队,1,2,2,0,,,strict_backbone
苏南两溧斗争,0,5,3,0,,,strict_backbone
兵变鼓动,0,2,2,0,,,strict_backbone
射洪县抗日救亡运动,0,5,2,0,,,strict_backbone
仁寿地下党迎接解放的斗争,0,3,0,0,,,context_only
抗日根据地学习,0,4,2,0,,,strict_backbone
大路边伏击战,0,3,0,0,,,context_only
黄平土地改革试点,0,2,0,0,,,context_only
边纵人民武装,0,9,0,0,,,context_only
籍田农民武装队伍,1,3,1,0,,,strict_backbone
反立三路线斗争,0,2,2,0,,,strict_backbone
皖西地区妇女工作,0,6,2,0,,,strict_backbone
星云社/悠幽社,0,1,1,0,,,strict_backbone
打败反动民团,0,3,2,0,,,strict_backbone
《野火》文艺座谈会,0,3,0,0,,,context_only
清剿残匪与建立政权,0,1,1,0,,,strict_backbone
玉皇阁电厂护厂队,0,1,0,0,,,context_only
马列主义学习小组,1,7,7,0,,,strict_backbone
龙潭起义,5,43,29,0,1948-01-01,1948-12-31,strict_backbone
绿友社,0,6,0,0,,,context_only
调师阻击追兵,0,3,2,0,,,strict_backbone
挖墙洞奇袭伪区公所,0,3,0,0,,,context_only
培养少数民族干部,0,9,2,0,,,strict_backbone
武汉空战,0,5,3,1,,,strict_backbone
小长征长途行军,0,3,1,0,,,strict_backbone
武装攻打毕节城,1,3,1,0,,,strict_backbone
抗击罗瑛反动武装斗争,0,5,2,0,,,strict_backbone
九二火灾,0,9,1,0,,,strict_backbone
血战高家垛,0,1,1,0,,,strict_backbone
电讯工作,0,5,2,0,,,strict_backbone
泸西地下党斗争,0,3,0,0,,,context_only
新文字研究会,0,6,0,0,,,context_only
如皋县农民暴动,0,2,2,0,,,strict_backbone
第一次整党,0,5,3,0,,,strict_backbone
闽南特委成立会议,2,2,2,0,,,strict_backbone
第一次革命战争,0,3,1,2,,,strict_backbone
各县斗争,0,1,0,0,,,context_only
汉口会议,0,8,3,1,1927-08-07,1927-08-07,strict_backbone
怀远县革命斗争史略,0,1,0,0,,,context_only
李酒店会议,0,1,0,0,,,context_only
攻克濉溪口,2,13,9,1,,,strict_backbone
青协,0,7,2,0,,,strict_backbone
皖赣交界革命斗争,0,3,1,0,,,strict_backbone
护九团组建与整编,0,3,0,0,,,context_only
攻打江浦城,0,5,4,0,,,strict_backbone
赫威战役,0,5,2,1,1950-01-01,1950-12-31,strict_backbone
解放战争时期战斗行动,0,3,1,0,,,strict_backbone
春荒抢米斗争,1,3,1,0,,,strict_backbone
皖西敌后游击战争,0,1,0,0,,,context_only
停房政策,0,5,2,0,,,strict_backbone
牙舟剿匪,0,1,0,0,,,context_only
文化运动,1,3,1,0,,,strict_backbone
安源罢工,0,18,14,0,,,strict_backbone
整编留用,0,2,0,0,,,context_only
洪江市总工会成立,0,7,2,0,,,strict_backbone
大连会议,2,8,2,0,,,strict_backbone
分田斗争,0,5,2,2,,,strict_backbone
搜剿丹金武边区天荒荡,0,3,1,0,,,strict_backbone
省委第一次扩大会议,0,3,0,0,,,context_only
糯寨战斗,0,3,3,0,,,strict_backbone
唐生智溃退,0,3,0,0,,,context_only
创办伪记公行/运输军火,0,6,6,0,,,strict_backbone
衡宝郴芷战事,0,5,3,1,,,strict_backbone
上海日华纱厂工人罢工,0,2,2,0,,,strict_backbone
打倒土豪劣绅与耕地农有,0,3,0,0,,,context_only
进军西南战役,0,3,3,0,,,strict_backbone
恢复淮南工作,0,3,0,0,,,context_only
五二〇大游行,0,3,0,0,,,context_only
释放囚徒,0,1,1,0,,,strict_backbone
攻打昆明之敌,0,2,0,0,,,context_only
淡水战役,1,1,1,0,,,strict_backbone
武汉解放战役,0,8,5,0,,,strict_backbone
江家码头抢劫案,0,1,0,0,,,context_only
剑朗合围,2,6,3,0,,,strict_backbone
包谷脑人民自卫队,1,2,2,0,,,strict_backbone
高利贷剥削,0,4,0,0,,,context_only
四·一大游行与传递《挺进报》,0,3,0,0,,,context_only
北伐军慰安大会,1,5,3,0,,,strict_backbone
镇压汉奸斗争,0,2,2,0,,,strict_backbone
学潮与革命运动,0,1,0,0,,,context_only
《苏中四分区反“清乡”斗争简史》,0,3,0,0,,,context_only
决定暴动,1,1,1,0,,,strict_backbone
儿童生活团,0,2,2,0,,,strict_backbone
红军全歼敌军事件,0,3,0,0,,,context_only
反清剿斗争,0,29,13,1,,,strict_backbone
敌工人员训练班,0,3,1,0,,,strict_backbone
迎接解放筹备会,0,1,0,0,,,context_only
资本家拉拢,0,2,1,0,,,strict_backbone
退生团,0,3,0,0,,,context_only
中美合作所集中营历史展览会,0,2,2,0,,,strict_backbone
解放以来起义改编,0,3,0,0,,,context_only
罗云‘土地会’暴动,0,4,4,0,1920-01-01,1920-12-31,strict_backbone
发布约法十章布告,0,5,1,0,,,strict_backbone
中共泰州县工作委员会成立,2,2,2,0,,,strict_backbone
共产党员,0,1,0,0,,,context_only
芳华战斗,0,1,1,0,,,strict_backbone
进军武冈/衡宝战役,0,4,2,0,,,strict_backbone
乐安县第一次工农兵代表大会,0,3,0,0,,,context_only
算卦斗争暴动,1,3,1,0,,,strict_backbone
荒家山事件,0,3,1,0,,,strict_backbone
红军转移行动,0,11,0,2,,,context_only
教育经费独立运动,3,4,3,0,,,strict_backbone
张轸部起义,0,1,0,0,,,context_only
闻一多遇害事件,0,3,1,0,,,strict_backbone
清匪反恶霸,0,6,2,0,,,strict_backbone
反帝反封建新文化运动,0,2,2,0,,,strict_backbone
爆石战斗,0,1,0,0,,,context_only
整顿三风,0,3,0,0,,,context_only
反军、抗捐斗争,0,0,0,0,,,isolated
游击战争布置,0,2,1,0,,,strict_backbone
邓川土庞村战斗,0,5,2,0,,,strict_backbone
抵制日货,3,14,6,0,,,strict_backbone
揭露谣言打破谣言的办法,0,5,0,1,,,context_only
郯庄会议,0,3,0,0,,,context_only
军统电台案,0,3,0,0,,,context_only
清查蒋匪军溃退时遗失军用物资,0,5,3,0,,,strict_backbone
诉苦斗争大会,0,3,2,1,,,strict_backbone
白洋会议,0,3,0,0,,,context_only
特委联席会议,0,4,2,1,,,strict_backbone
嘉嘉临剿匪战役,0,4,1,0,,,strict_backbone
工人纠察队斗争,0,1,1,0,,,strict_backbone
翻身求解放,0,3,0,0,,,context_only
镇反革命运动,0,6,6,0,,,strict_backbone
潜山抗日自卫团,0,7,2,0,,,strict_backbone
第五次全国劳动大会,1,5,5,0,,,strict_backbone
建立滇省主力军,1,3,1,0,,,strict_backbone
驱唐运动,0,5,2,0,,,strict_backbone
识破与反间,0,5,1,1,,,strict_backbone
组织破坏,0,1,0,0,,,context_only
茅坪战斗,0,8,5,0,,,strict_backbone
伏击江西保安团,0,2,0,1,,,context_only
三次革命暴动,0,2,2,0,,,strict_backbone
铁石山农民暴动,1,3,2,0,,,strict_backbone
太平坝赤卫队,0,1,0,0,,,context_only
日军跳跃作战战略分析,0,6,0,0,,,context_only
贫农团组织与性质界定,0,3,0,0,,,context_only
会泽火红起义,0,3,0,0,,,context_only
拥护红军北上抗日运动,1,6,1,0,,,strict_backbone
皖北农民起义,1,2,2,1,1930-01-01,1932-12-31,strict_backbone
市中惨案,0,15,3,1,,,strict_backbone
整肃运动,0,6,1,0,,,strict_backbone
反‘围剿’斗争,1,48,38,1,1949-01-01,1949-12-31,strict_backbone
各县工作,0,1,0,0,,,context_only
石板井战斗,0,2,0,0,,,context_only
书写民族政策标语与慰问僧侣,0,4,2,1,,,strict_backbone
黎榕从合围结束,0,2,0,0,,,context_only
战略方针部署指示,0,6,2,0,,,strict_backbone
冰洞会议,0,2,2,0,,,strict_backbone
半日学习制度,0,3,1,0,,,strict_backbone
荣昌县屠帮大会,2,6,2,0,,,strict_backbone
贵池革命斗争大事记,0,3,0,0,,,context_only
汪学鼎匪部斗争,0,3,0,0,,,context_only
中共四川省委策动江津起义,0,5,0,0,,,context_only
军械工业,0,2,2,0,,,strict_backbone
南昌谈判与见陈毅,0,3,0,0,,,context_only
罗坊会议,1,27,8,1,,,strict_backbone
接种牛痘,0,3,2,0,,,strict_backbone
三年游击战争经验教训,0,3,0,0,,,context_only
湖南全省总工会第一次代表大会,0,6,0,0,,,context_only
学生爱国运动,1,8,4,0,1935-01-01,1935-12-31,strict_backbone
编撰《血战东南》,0,1,0,0,,,context_only
小涧区组织担架队支前,0,1,1,0,,,strict_backbone
智擒杨汉章,0,4,1,0,,,strict_backbone
小吴庄战斗,0,3,1,1,,,strict_backbone
陈营战斗,0,3,2,0,,,strict_backbone
依靠群众克服隐蔽困难,0,2,1,0,,,strict_backbone
《中苏半月刊》,2,23,4,0,,,strict_backbone
抢米暴行事件,2,2,2,0,,,strict_backbone
上海市儿童星期座谈会,0,2,0,0,,,context_only
安源路矿工人大罢工,4,22,16,1,,,strict_backbone
羊场区政府战斗,0,3,0,0,,,context_only
南京解放,2,138,43,0,,,strict_backbone
倒韩运动,0,3,1,0,,,strict_backbone
平民教育,0,5,3,0,,,strict_backbone
运粮队,0,8,2,0,,,strict_backbone
马日事变,6,412,126,3,,,strict_backbone
对敌斗争政策,0,1,0,0,,,context_only
四三惨案,0,14,7,0,,,strict_backbone
《野火》,0,4,0,0,,,context_only
前线指挥扫清据点歼灭顽军,0,1,0,0,,,context_only
中共中央特别会议,0,6,0,0,,,context_only
江桥大捷,0,11,5,1,,,strict_backbone
县干会议,0,1,0,0,,,context_only
冬季扩军运动,2,4,4,2,1944-01-01,1944-12-31,strict_backbone
罗平武装暴动,0,2,2,0,,,strict_backbone
南方根据地斗争,0,1,1,0,,,strict_backbone
"江, 江华农民代表大会",0,1,1,0,,,strict_backbone
皖西党史资料辑要,0,42,7,1,,,strict_backbone
高眉山战斗,0,3,0,0,,,context_only
陈家坝地下党斗争,0,4,0,0,,,context_only
房竹战役,2,6,6,0,,,strict_backbone
夜校识字班,0,1,1,0,,,strict_backbone
叶贺军队潮汕失败,0,1,1,0,,,strict_backbone
皖东边区斗争,0,5,5,0,,,strict_backbone
水口山矿区武装斗争,0,3,0,0,,,context_only
罗平攻克事件,0,1,0,0,,,context_only
皖浙赣边区革命斗争,0,5,3,0,,,strict_backbone
反吴佩孚驱赵恒惕斗争,0,4,4,1,1925-01-01,1925-12-31,strict_backbone
桐庐县钟山乡吴宅村战斗,0,2,0,0,,,context_only
1927年霞阳农民起义,0,4,4,0,,,strict_backbone
没收征收土地,0,2,0,0,,,context_only
抗日战斗,0,1,0,0,,,context_only
船山宗祠会议,0,3,0,0,,,context_only
高淳县地下特别支部斗争,0,4,4,0,,,strict_backbone
西乡大暴动,0,9,4,0,,,strict_backbone
保长改造,0,1,0,0,,,context_only
工业公路城镇建设,0,3,0,0,,,context_only
红十六师恢复,0,9,3,3,,,strict_backbone
日军宪兵队,0,3,0,0,,,context_only
地下武装活动,0,6,1,1,,,strict_backbone
肃清股匪与发动群众,0,3,0,0,,,context_only
杨增益率部起义,1,1,1,0,,,strict_backbone
'三抗'小组,0,14,4,0,,,strict_backbone
开粮会大会,0,5,1,1,,,strict_backbone
顾正红事件,0,5,0,0,,,context_only
教育司围困斗争,0,1,1,0,,,strict_backbone
夺取教育阵地,0,6,1,0,,,strict_backbone
五卅反帝国主义运动,0,2,2,0,,,strict_backbone
大坳暴动,0,2,2,0,,,strict_backbone
隐蔽打入,0,2,0,0,,,context_only
独立第六旅作战,0,1,0,0,,,context_only
领导学运/工人罢工/农民起义/牺牲,0,1,1,0,,,strict_backbone
控制乡政权的斗争,0,2,2,0,,,strict_backbone
汉州起义,0,2,2,0,,,strict_backbone
醴陵县妇女联合会,0,5,2,0,,,strict_backbone
中国共产党苏区第一次代表大会,1,3,1,0,,,strict_backbone
弋横大暴动,0,8,4,0,,,strict_backbone
纺织合作社,0,5,4,0,,,strict_backbone
内防工作指示,0,6,2,0,,,strict_backbone
治安确立时期,0,1,0,0,,,context_only
31团渡江战役,0,5,5,1,,,strict_backbone
涪陵地区农民运动,0,3,3,0,,,strict_backbone
沪东区部委,0,2,0,0,,,context_only
情报护送行动,0,2,1,0,,,strict_backbone
学潮扩大与联合战线建立,0,1,0,0,,,context_only
革命政权建设与地方工作,0,3,0,0,,,context_only
食米斗争,4,14,12,1,1942-01-01,1942-12-31,strict_backbone
袁家沟口伏击战,0,3,0,0,,,context_only
许克祥匪军,0,3,0,0,,,context_only
进军云南,1,15,12,0,,,strict_backbone
湘鄂西省第四次代表大会,2,3,3,0,,,strict_backbone
一江山岛战役,1,1,1,0,,,strict_backbone
编纂党史丛书,0,2,1,0,,,strict_backbone
木子店战斗,0,2,2,0,,,strict_backbone
永兴保卫战,0,15,9,0,,,strict_backbone
九江地区武装斗争,0,1,1,0,,,strict_backbone
赵庄战斗,0,3,1,0,,,strict_backbone
大水塘战斗,0,4,4,0,,,strict_backbone
旧州保卫战,1,34,14,1,,,strict_backbone
防空作战,0,3,0,0,,,context_only
发展进步力量,1,2,2,0,,,strict_backbone
兴隆特支,1,6,2,0,,,strict_backbone
蒙自保商大队,0,1,0,0,,,context_only
江汉渔歌,1,2,2,0,,,strict_backbone
苏区发展,0,1,0,0,,,context_only
三·二九反革命暴乱,0,5,2,0,,,strict_backbone
红三军长征,0,2,2,0,,,strict_backbone
修桥工程,0,2,2,0,,,strict_backbone
宜城县撤销事件,0,5,5,0,,,strict_backbone
战时教育工作促进团,0,3,1,0,,,strict_backbone
南京青年战地服务训练班,0,6,0,0,,,context_only
农业生产互助合作社,0,3,1,1,,,strict_backbone
《新民主主义论》等进步书籍传播,0,3,0,1,,,context_only
边防大队斗争,0,3,1,1,,,strict_backbone
护校应急活动,0,6,1,0,,,strict_backbone
瓦仓暴动,0,11,4,0,,,strict_backbone
染布工人运动,0,5,1,0,,,strict_backbone
支援北伐军,0,3,0,0,,,context_only
审理反动会道门案件,0,1,0,0,,,context_only
策动武警缴械,1,3,1,0,,,strict_backbone
碉堡血战牺牲,0,6,1,1,,,strict_backbone
田赋粮食管理处接管工作,0,3,0,1,,,context_only
攻占武昌,0,2,2,0,,,strict_backbone
圭西山起义,0,3,1,0,,,strict_backbone
岷洮西战役,0,2,0,0,,,context_only
六大代表护送任务,1,3,1,0,,,strict_backbone
调查与打击土豪,0,3,0,0,,,context_only
海郑公路切断行动,0,2,2,1,1939-04-01,1939-04-30,strict_backbone
赣南地区游击战争,1,5,5,0,,,strict_backbone
海口洲特别党小组成立,0,2,2,0,,,strict_backbone
民族政策,1,34,3,0,,,strict_backbone
奉节县特支,0,9,1,0,,,strict_backbone
学潮抗议,0,2,1,0,,,strict_backbone
麻城县合并,0,6,1,0,,,strict_backbone
会餐大会,0,1,0,0,,,context_only
二中全会,0,2,1,0,,,strict_backbone
长萧惠合围,0,1,0,0,,,context_only
华蓥山地区武工队活动,0,3,0,0,,,context_only
青年下乡团结群众,2,2,2,0,,,strict_backbone
湘鄂赣三年游击战争,0,5,2,3,,,strict_backbone
军分会会议,0,1,1,0,,,strict_backbone
田赋改粮政策,0,3,0,0,,,context_only
牛街会议,0,5,2,0,,,strict_backbone
工农革命军占领茶陵县城,0,3,3,0,,,strict_backbone
中国革命的根本问题,0,1,0,0,,,context_only
临时小组会,0,4,1,1,,,strict_backbone
拉丁化新文字教学,0,3,1,0,,,strict_backbone
反逃跑工作,0,3,0,0,,,context_only
哀牢山地区战斗,0,2,2,0,,,strict_backbone
鸽子笼-大马厂-开城桥撤退路线,0,3,0,0,,,context_only
支前总队部,0,3,0,0,,,context_only
武汉人民解放先驱队,0,2,2,0,,,strict_backbone
空袭警报事件,0,1,0,0,,,context_only
妇女排,1,8,2,1,,,strict_backbone
宣传革命主张,0,3,0,0,,,context_only
护渔斗争/海上战斗/以少胜多,0,9,9,0,,,strict_backbone
洒背笼战斗,0,5,3,1,,,strict_backbone
抗战壁报,1,3,1,0,,,strict_backbone
抗洪救灾斗争,0,2,2,0,1949-07-01,1949-07-31,strict_backbone
洗补衣服供应食盐,0,8,4,0,,,strict_backbone
土城战斗,3,55,26,0,,,strict_backbone
路南小兑冲渡江战斗,0,1,1,0,,,strict_backbone
郎岱三三革命武装暴动,0,1,0,0,,,context_only
学生请愿活动,0,3,2,0,,,strict_backbone
清共斗争,0,3,0,0,,,context_only
朱家山云雾山战役,0,3,2,0,,,strict_backbone
沙坝战斗,0,5,3,1,,,strict_backbone
掩埋烈士遗体事件,1,3,1,0,,,strict_backbone
粮食工作,0,9,2,0,,,strict_backbone
国共合作推动反帝反封建的国民革命,0,36,11,4,,,strict_backbone
学生运动镇压事件,0,5,3,1,,,strict_backbone
罢课斗争,3,36,9,1,,,strict_backbone
无线电台建设,0,3,3,0,,,strict_backbone
六盘水革命活动,0,2,0,0,,,context_only
储存军需/少先队工作,0,2,1,0,,,strict_backbone
隐蔽精干,0,2,0,0,,,context_only
湖南外交后援会斗争,0,2,2,0,,,strict_backbone
地下革命活动,4,19,6,0,,,strict_backbone
隐蔽战线斗争,0,3,0,0,,,context_only
组织读书会与学生运动,0,1,1,0,,,strict_backbone
淮海战役第二阶段,1,5,5,0,,,strict_backbone
解放四大寨,1,6,2,0,,,strict_backbone
徐州共产主义小组,1,2,2,0,,,strict_backbone
江北县复兴特支,0,9,0,0,,,context_only
中共钟祥县委扩大会议,0,1,0,0,,,context_only
护乡第九团(开远),0,2,0,0,,,context_only
屯垦团,0,2,0,0,,,context_only
新区工作,0,5,1,0,,,strict_backbone
西南解放,0,8,5,0,,,strict_backbone
长赤县保卫局工作开展情况,0,2,2,0,,,strict_backbone
抗日战争进入相持阶段,0,1,0,0,,,context_only
范家小店遭遇战,0,1,1,0,,,strict_backbone
《打倒蒋介石》,0,4,2,0,,,strict_backbone
苏南敌后斗争,0,2,2,0,,,strict_backbone
阅读革命书刊,0,1,1,0,,,strict_backbone
进占瓢儿井,0,2,0,0,,,context_only
星子县武装起义,0,4,4,0,,,strict_backbone
高山农民暴动,0,1,1,0,,,strict_backbone
湘鄂摘省第三次工农兵代表大会,0,2,0,0,,,context_only
秀水地区示威游行,0,2,0,0,,,context_only
成立沙市公安局,0,3,2,0,,,strict_backbone
迤南特委会议,0,3,0,0,,,context_only
南腰界战斗,0,3,3,0,,,strict_backbone
接管苏州市党政军文教系统,0,3,0,0,,,context_only
乔后战斗,0,1,0,0,,,context_only
指示开展武装斗争,1,1,1,0,,,strict_backbone
军队法规制度制定,0,2,2,0,,,strict_backbone
赣东北特委扩大会议,1,2,2,0,,,strict_backbone
威宁事件,0,2,2,0,,,strict_backbone
双合口伏击告捷,1,3,1,1,,,strict_backbone
万里长征,0,11,6,0,,,strict_backbone
新场总支活动,1,2,2,0,,,strict_backbone
地委扩大会议,0,9,1,0,,,strict_backbone
学生时代求学,0,3,0,0,,,context_only
佛君庙歼灭战,0,10,3,2,,,strict_backbone
野战军入滇,0,5,0,0,,,context_only
团结永绥苗胞,0,3,1,0,,,strict_backbone
百子山地区斗争,0,1,0,0,,,context_only
工人抗议活动,0,3,0,0,,,context_only
长期坚持敌后抗战,0,3,1,0,,,strict_backbone
少共团,0,1,1,0,,,strict_backbone
肖国宝堵机枪与活捉曹绍华,0,1,0,0,,,context_only
打富济贫、扩红筹饷,0,1,0,0,,,context_only
洪深话剧《樱花宴会》,0,2,0,0,,,context_only
吴二庄县委扩大会议,0,1,0,0,,,context_only
瓦解敌军,0,7,0,0,,,context_only
茶业与纸力工人,0,1,0,0,,,context_only
安定解放秩序,0,3,0,0,,,context_only
军事工作受挫,0,3,0,0,,,context_only
永兴农村工作,0,2,2,0,,,strict_backbone
北伐军占领江西,0,3,0,0,,,context_only
大金码头收回运动,1,1,1,0,,,strict_backbone
剿匪作战计划,0,6,1,0,,,strict_backbone
解放战争进展,0,3,0,0,,,context_only
合川苏维埃政权,0,3,1,0,,,strict_backbone
魏集战斗,0,3,1,1,,,strict_backbone
金绍云暴动和暂编三、十四团的叛变,0,1,0,0,,,context_only
我党活动,1,1,1,0,,,strict_backbone
整编誓师大会,0,1,0,0,,,context_only
九嶷山革命根据地建设,0,2,2,0,,,strict_backbone
开办扫盲夜校/宣传抗日救亡,0,1,0,0,,,context_only
红十军建军典礼,0,6,1,0,,,strict_backbone
华中局第一次扩大会议,2,2,2,0,,,strict_backbone
岩寺训练班,0,2,2,0,,,strict_backbone
施甸区工作委员会成立,0,3,3,0,,,strict_backbone
宿县时村抗拒斗争,0,2,0,0,,,context_only
联络江浙民族资产阶级,0,3,2,0,,,strict_backbone
茅家命暴动,0,1,0,0,,,context_only
清剿土匪,0,11,2,1,,,strict_backbone
短枪队锄奸,0,10,7,1,,,strict_backbone
宿城妇女运动,0,5,2,0,,,strict_backbone
同盟罢命运动,0,1,0,0,,,context_only
观摩会,0,5,4,0,,,strict_backbone
皖浙赣边区武装斗争,0,2,2,0,,,strict_backbone
军事调查,0,2,0,0,,,context_only
七舍游击大队组建、海子游击大队组建,0,0,0,0,,,isolated
联合作战/一打二打姜堰/口泰战役/黄桥歼敌,0,1,1,0,,,strict_backbone
江北县工人运动,1,15,7,0,1923-01-01,1925-12-31,strict_backbone
抚州兵暴士兵,0,3,0,0,,,context_only
武汉失守,0,18,5,0,,,strict_backbone
幼儿教育发展,0,2,1,0,,,strict_backbone
盐场十万工人大罢工,2,2,2,0,,,strict_backbone
桃子冲会议,0,3,0,0,,,context_only
文家市会师,3,24,8,0,,,strict_backbone
二渡赤水/攻占桐梓,0,0,0,0,,,isolated
陆良暴动,14,76,34,1,1930-07-01,1930-07-31,strict_backbone
重庆反苏游行,0,9,0,0,,,context_only
上海杨树浦罢工,0,5,3,0,,,strict_backbone
袭击双沟敌人行动,0,6,4,0,,,strict_backbone
反日示威/编印《湘江潮》/发表文章,0,2,2,0,,,strict_backbone
农民游行,0,3,1,0,,,strict_backbone
北伐战争时期,0,5,0,1,,,context_only
綦江铁矿职工罢工,0,5,2,1,,,strict_backbone
张口洞战斗,1,2,2,0,,,strict_backbone
士兵处决事件,0,6,3,1,,,strict_backbone
新四军东进战斗,0,6,3,2,,,strict_backbone
南京一二·九学生运动,0,3,0,0,,,context_only
铁路工运/盐工斗争/黄包车夫减租,0,1,0,0,,,context_only
重庆舰起义,1,5,2,0,,,strict_backbone
高阳战斗,1,3,3,0,,,strict_backbone
青年运动方向,0,6,4,0,,,strict_backbone
革命诗词创作,0,2,0,0,,,context_only
敌人清剿,0,3,0,0,,,context_only
朱家岗争夺战,0,3,0,0,,,context_only
罢课请愿事件,0,3,0,0,,,context_only
战勤供应与妇女支前,0,3,3,0,,,strict_backbone
发展党员规定,0,2,0,0,,,context_only
鄂豫边区第一次工农兵代表大会,0,3,3,0,,,strict_backbone
重庆解放后接管工作,0,2,2,0,,,strict_backbone
保卫永兴镇战斗,0,3,0,0,,,context_only
大革命时期群众运动,0,3,1,1,,,strict_backbone
达维镇会师,0,3,0,0,,,context_only
民众教育班,1,1,1,0,,,strict_backbone
淮南二师城工工作,0,3,0,0,,,context_only
工人总罢工,0,1,0,0,,,context_only
随二野进军西南,0,2,2,0,,,strict_backbone
联防队活动,0,1,1,0,,,strict_backbone
纺纱竞赛,1,2,2,0,,,strict_backbone
扩军建政,0,3,1,1,,,strict_backbone
枣阳县王店会议,0,3,0,0,,,context_only
红四十九师第三次出击兴山城,0,3,1,0,,,strict_backbone
湖南全省第一次工农代表大会,1,21,11,1,,,strict_backbone
解放丹寨县城,1,5,3,1,,,strict_backbone
溧高边境暴乱,0,1,0,0,,,context_only
刚家洞二次进剿,0,3,0,0,,,context_only
反扫荡作战,0,6,6,0,,,strict_backbone
县委会议,1,6,1,0,,,strict_backbone
新干工农运动,4,4,4,0,,,strict_backbone
五·二察学生运动,0,1,1,0,,,strict_backbone
皖南事变真相传播,0,3,1,1,,,strict_backbone
小白田干部培训班,2,2,2,0,,,strict_backbone
红军南进行动,0,5,2,1,,,strict_backbone
国民党湖北省临时党部成立,0,2,2,0,,,strict_backbone
普渡河铁索桥战斗,2,8,5,0,,,strict_backbone
反帝、抵制日货运动,0,0,0,0,,,isolated
民政教育建设,0,1,0,0,,,context_only
第二次九江会议,3,11,5,0,,,strict_backbone
七政特支,0,3,0,0,,,context_only
剿匪斗争/建立政权,0,1,1,0,,,strict_backbone
西山战役,0,1,1,0,,,strict_backbone
苏皖解放区,0,8,1,0,,,strict_backbone
鲁道源旅,1,3,1,1,,,strict_backbone
高山歼敌/渡沱水,0,1,1,0,,,strict_backbone
黑茶山空难,0,1,0,0,,,context_only
大力发展党的组织,0,3,1,0,,,strict_backbone
革命事迹,0,3,1,0,,,strict_backbone
江西农民武装暴动,0,6,2,0,,,strict_backbone
竹山地区群众运动,0,3,1,0,,,strict_backbone
五抗运动,1,4,4,0,,,strict_backbone
土地改革与互助合作运动,0,4,4,0,1946-01-01,1946-12-31,strict_backbone
宿东地区敌后抗战,0,4,0,0,,,context_only
川陕省第一次党员代表大会,0,8,2,1,,,strict_backbone
反会剿斗争,0,2,2,0,,,strict_backbone
农民土地革命,1,2,2,0,,,strict_backbone
株木桥保卫战,0,3,0,0,,,context_only
第二次北伐,1,18,12,1,,,strict_backbone
二龙抢堂战斗,0,1,0,0,,,context_only
上海西南服务团,1,11,3,0,,,strict_backbone
搞宣传爱国主义教育,0,3,1,0,,,strict_backbone
三·三暴动,5,57,18,1,,,strict_backbone
云南省国民政府起义,0,2,0,0,,,context_only
动员干部返岗,0,3,1,0,,,strict_backbone
江西苏区交通运输史,0,3,2,0,,,strict_backbone
二十四团组建,0,4,4,0,,,strict_backbone
昆明保卫战,11,80,39,0,,,strict_backbone
罗家祠堂伪保安大队,0,3,0,0,,,context_only
反对二十六军抢粮斗争,0,3,0,1,,,context_only
迎接贵州解放,1,3,1,0,,,strict_backbone
破坏交通行动,0,3,1,0,,,strict_backbone
反饥饿、反内战、反迫害、争民主斗争,0,1,1,0,,,strict_backbone
江浙战争,0,14,7,0,,,strict_backbone
追击南逃李、刘兵团,0,2,1,0,,,strict_backbone
岳集子据点拔除,1,3,1,0,,,strict_backbone
长岗庙战斗,0,2,2,0,,,strict_backbone
代老师事件,0,2,0,0,,,context_only
密电码传递行动,0,8,3,0,,,strict_backbone
城山游击大队,0,2,2,0,,,strict_backbone
没收征收土地财产,0,3,0,1,,,context_only
庆祝抗战胜利通知,0,5,0,0,,,context_only
兰田叛变事件,0,3,0,0,,,context_only
黄草坪战斗,0,17,4,1,,,strict_backbone
湖北抗联会,0,2,0,0,,,context_only
特支委员会议,0,3,0,0,,,context_only
昭通全县学生抗敌后援会,0,8,0,0,,,context_only
圭山武装起义,0,3,0,0,,,context_only
刻印传单/张贴标语,0,1,1,0,,,strict_backbone
反霸歌剧《乌衣巷》,0,6,1,0,,,strict_backbone
会剿命令与注意事项,0,8,1,0,,,strict_backbone
工人运动复兴,0,3,0,0,,,context_only
金塔伏击战,2,6,4,1,,,strict_backbone
边纵斗争,0,3,3,0,,,strict_backbone
攸县妇女解放协会成立大会,0,3,0,0,,,context_only
4·28事件,0,3,1,0,,,strict_backbone
荣昌临时县党部成立,1,6,3,0,,,strict_backbone
镇压敌特与打入敌人内部,0,4,1,0,,,strict_backbone
AB团问题,0,3,0,0,,,context_only
春戏斗争部署,0,2,0,0,,,context_only
石柱县城解放,0,3,0,0,,,context_only
随军解放,0,2,1,0,,,strict_backbone
黄口突袭,0,2,2,0,,,strict_backbone
德安农军暴动,0,5,0,0,,,context_only
中共汉口特别会议,0,3,0,0,,,context_only
伏击匪徒,2,3,3,0,,,strict_backbone
宿迁农民运动,0,2,2,0,,,strict_backbone
狱中坚贞斗争,0,3,0,0,,,context_only
武陵起义,2,8,3,0,,,strict_backbone
三抗群众运动,0,5,3,0,,,strict_backbone
记录长征历程,0,1,0,0,,,context_only
洼堑之战,0,2,2,0,,,strict_backbone
黄木垭战役,0,1,1,0,,,strict_backbone
日军进攻及日机轰炸,0,3,1,0,,,strict_backbone
人民政协会议,0,6,0,1,,,context_only
挺进第一大队,0,2,2,0,,,strict_backbone
攻克旌德县城,1,3,1,0,,,strict_backbone
战斗文工团,0,6,3,0,,,strict_backbone
郭村保卫战,4,11,9,0,,,strict_backbone
武汉‘一二·九’学生爱国运动,0,4,4,0,1935-01-01,1935-12-31,strict_backbone
太湖湖家山联席会议,0,5,2,0,,,strict_backbone
白区工作总结,0,3,0,0,,,context_only
华蓥山之战,0,8,2,0,,,strict_backbone
马店土改,0,5,2,0,,,strict_backbone
交通员/宣传员牺牲,0,1,0,0,,,context_only
武汉反英斗争,0,2,2,0,,,strict_backbone
“强化”编查保甲,0,6,4,0,,,strict_backbone
蒋开榜烈士就义事件,0,1,0,0,,,context_only
阿加依斗争,2,5,5,0,,,strict_backbone
党化教育,0,3,0,0,,,context_only
舍己救人,0,6,0,0,,,context_only
三民主义联合会,0,3,1,0,,,strict_backbone
反英斗争,2,2,2,0,1926-01-01,1926-12-31,strict_backbone
红十军转战浙西,0,8,1,0,,,strict_backbone
群众看报室,0,9,3,1,,,strict_backbone
改造私塾,0,1,1,0,,,strict_backbone
九洲良乡农民斗争,0,2,2,0,,,strict_backbone
反蒋爱国斗争,0,1,0,0,,,context_only
反对国民党内战,0,1,1,0,,,strict_backbone
三〇七团攻打江浦县城,0,6,3,0,,,strict_backbone
双堡会议,0,1,0,0,,,context_only
参加少共组织,0,2,2,0,,,strict_backbone
粉碎国民党围剿,0,1,0,0,,,context_only
抗战文学活动,0,3,0,0,,,context_only
《战号》,0,2,1,0,,,strict_backbone
晓坝暴动,0,2,2,1,,,strict_backbone
抗日民主政权建立,0,3,0,0,,,context_only
迎接大军入滇,1,5,3,0,,,strict_backbone
解放重庆、成都,0,0,0,0,,,isolated
《牛永贵受伤》等剧目创作,0,3,1,1,,,strict_backbone
乌江渡江战役,0,7,7,0,,,strict_backbone
木门军事会议,1,11,3,1,,,strict_backbone
泗城收复战役,0,5,0,0,,,context_only
九江/青岛/汉口罢工运动,0,0,0,0,,,isolated
邓川阻击战,0,4,4,0,,,strict_backbone
左倾盲动政策,0,2,0,0,,,context_only
和平解放奉节,0,2,0,0,,,context_only
妇声社,1,3,1,0,,,strict_backbone
合肥失陷/巷战,0,1,0,0,,,context_only
红军攻城略地行动,0,3,0,1,,,context_only
救国会活动,0,2,2,0,,,strict_backbone
常乐场抗日救亡宣传团,2,5,3,0,,,strict_backbone
增薪斗争,1,1,1,0,,,strict_backbone
进剿嵊泗列岛,0,3,3,0,,,strict_backbone
皖南抗日游击根据地建设,0,3,3,0,,,strict_backbone
泰州城战斗,0,5,3,1,,,strict_backbone
击溃土匪与剿匪部署,0,1,0,0,,,context_only
职工斗争,0,3,0,0,,,context_only
勒戒所成立事件,0,5,3,0,,,strict_backbone
水楼战斗,0,3,3,0,,,strict_backbone
公判大会,0,6,0,0,,,context_only
铁壁合围封锁线,1,3,2,0,,,strict_backbone
指挥重叠/电报战,0,2,0,0,,,context_only
攻克火神庙据点,0,3,3,0,,,strict_backbone
49军整训,0,1,0,0,,,context_only
《暴动、歌》,0,1,0,0,,,context_only
坚壁清野运动,0,2,2,0,,,strict_backbone
担架团复员总结,0,2,0,0,,,context_only
缴枪支弹药行动,0,1,0,0,,,context_only
土地租佃条例,0,3,0,0,,,context_only
罗城镇阻击战,0,3,0,0,,,context_only
抗战时期学生运动,0,6,0,1,,,context_only
谷城革命斗争,3,7,4,0,,,strict_backbone
成都血案,0,6,3,0,,,strict_backbone
叛乱阴谋,0,4,3,0,,,strict_backbone
营救被捕学生斗争,0,2,2,0,1949-01-01,1949-12-31,strict_backbone
清剿残匪,1,6,2,0,,,strict_backbone
‘热潮社’,0,1,0,0,,,context_only
刘国定叛变,1,3,1,0,,,strict_backbone
起义行动,0,6,0,1,,,context_only
红七军成立,0,2,2,0,,,strict_backbone
反对张国焘错误,2,2,2,0,,,strict_backbone
清江县抗敌宣传工作团,0,4,0,0,,,context_only
粮食突击运动,0,5,3,0,,,strict_backbone
合作社成立,0,3,0,0,,,context_only
‘春荒暴动’事件,0,4,2,0,,,strict_backbone
房地产处理优缺点总结,0,1,0,0,,,context_only
右倾机会主义斗争,0,3,0,0,,,context_only
安顺地区各县接管工作,0,5,3,0,,,strict_backbone
一方面军长征,0,1,0,0,,,context_only
武汉地区兄弟院校应变大会,1,3,1,1,,,strict_backbone
农民工作团,0,6,1,1,,,strict_backbone
社会主义青年团恢复,0,3,1,0,,,strict_backbone
普渡河防堵,0,3,0,0,,,context_only
流动训练班,0,3,1,0,,,strict_backbone
南昌县土地改革,1,4,4,0,1950-01-01,1950-12-31,strict_backbone
鄂豫皖边区直属团,0,2,2,0,,,strict_backbone
阻援打援/炸桥侦察,0,6,4,0,,,strict_backbone
攻打县城,0,3,0,0,,,context_only
三·三一惨案,9,275,106,2,,,strict_backbone
响应一二九运动,0,2,2,0,,,strict_backbone
奔袭潭寨,0,3,3,0,,,strict_backbone
五三惨案,0,2,0,0,,,context_only
省三师学运,1,13,6,0,,,strict_backbone
虚报年龄参军,0,2,1,0,,,strict_backbone
党的组织发展与武装斗争策略,0,3,1,0,,,strict_backbone
黔东革命根据地建立,0,3,1,0,,,strict_backbone
赫章哲庄坝战斗,0,1,0,0,,,context_only
梅岭三章,0,4,2,0,,,strict_backbone
松桃县城武装起义,0,3,3,0,,,strict_backbone
沙溪战役,0,4,2,0,,,strict_backbone
奇袭谢坝,0,1,0,0,,,context_only
‘六·一’事件,0,6,0,0,,,context_only
沩山起义,1,2,2,0,,,strict_backbone
鄂豫皖苏区反‘围剿’斗争,0,2,2,0,,,strict_backbone
中央军委三局,0,2,0,0,,,context_only
镇远地区接管工作,0,4,4,0,,,strict_backbone
海腰铺事件,0,10,5,0,,,strict_backbone
红枪会运动,0,15,1,1,,,strict_backbone
解放战士,0,3,0,0,,,context_only
解放石柱,1,5,2,0,,,strict_backbone
皖南革命斗争,1,6,6,0,,,strict_backbone
参军运动,2,29,9,1,,,strict_backbone
顺河集阻击战,0,5,2,0,,,strict_backbone
戏剧救亡运动,0,3,0,0,,,context_only
济难会运动,0,5,3,1,,,strict_backbone
五河撤退,0,3,0,0,,,context_only
职工罢工,0,3,1,0,,,strict_backbone
土地革命与抽肥补瘦,0,2,2,0,,,strict_backbone
淮安安全县群众民兵,0,4,0,0,,,context_only
三十四师掩护渡江,0,2,2,0,,,strict_backbone
廖云魁团,0,1,1,0,,,strict_backbone
红军四渡赤水,0,1,0,0,,,context_only
召开扩大会议,1,3,1,0,,,strict_backbone
武装斗争/土地改革,0,0,0,0,,,isolated
戈登路罢工演讲,0,2,2,0,,,strict_backbone
武装起义,16,124,58,2,1927-08-01,1927-08-01,strict_backbone
重庆祝寿活动,0,2,2,0,,,strict_backbone
惩办汉奸运动,0,5,2,0,,,strict_backbone
芜湖黄包车工人罢工,2,6,6,0,,,strict_backbone
悼念烈士,0,2,1,0,,,strict_backbone
阶级斗争教育学习,1,3,1,0,,,strict_backbone
四川暴动计划,0,3,2,0,,,strict_backbone
乡镇自卫队,0,4,2,1,,,strict_backbone
上海工人总同盟罢工,0,2,0,0,,,context_only
上川南联席会议,0,7,0,0,,,context_only
小柏木军政干部训练班,3,19,12,0,,,strict_backbone
捣毁城隍庙,0,4,2,0,,,strict_backbone
写信给党中央,0,3,0,0,,,context_only
万楼战斗失利,0,3,1,0,,,strict_backbone
金塘岛围歼战,0,5,4,0,,,strict_backbone
吴家坝战斗,1,3,3,0,,,strict_backbone
一二·一运动,6,187,73,1,,,strict_backbone
救灾抢种与抗旱保田,0,3,0,0,,,context_only
习家场会议,2,2,2,0,,,strict_backbone
茅台保卫战剿匪斗争,0,1,1,0,,,strict_backbone
侦察敌情/筹粮,0,2,2,0,,,strict_backbone
梓潼捕人事件,0,3,0,0,,,context_only
安徽半丰塔守卫战,1,2,2,0,,,strict_backbone
李圩据点争夺战,2,2,2,0,,,strict_backbone
反基督教大同盟游行,0,2,2,0,,,strict_backbone
抗税斗争,0,4,2,0,,,strict_backbone
平整车场修建车库,0,4,2,0,,,strict_backbone
建立黔桂边特支,0,2,2,0,,,strict_backbone
苏南敌后抗战,1,2,2,0,,,strict_backbone
下东武装起义,0,1,1,0,,,strict_backbone
元江洼垤会议与个旧建军方案讨论,0,3,2,0,,,strict_backbone
营救练哲诺,0,3,0,0,,,context_only
红色暴动队,1,1,1,0,,,strict_backbone
如泰农民起义,0,4,0,0,,,context_only
苏北淮海地区根据地建设,0,5,4,1,,,strict_backbone
乡苏维埃政权,0,3,0,0,,,context_only
涂、井盐厂党支部建立事件,0,1,0,0,,,context_only
整编工作,0,7,2,0,,,strict_backbone
猫桥战斗,0,5,3,0,,,strict_backbone
宣传扩军,0,1,0,0,,,context_only
留 隶 拒 产运动,0,2,0,0,,,context_only
南京保卫战,0,4,4,0,,,strict_backbone
偷袭鸭子塘敌军,0,1,1,0,,,strict_backbone
'二八'运动,0,6,0,0,,,context_only
三都三洞铁壁合围,0,2,0,0,,,context_only
石浦战斗,0,3,1,1,,,strict_backbone
孤山战斗,0,1,0,0,,,context_only
北伐攻城,0,2,2,0,,,strict_backbone
新中国成立,0,6,1,0,,,strict_backbone
转移隐蔽继续斗争,0,2,1,0,,,strict_backbone
土匪工作,0,2,0,0,,,context_only
教师增资斗争,0,1,0,0,,,context_only
大庸、慈利战役,0,0,0,0,,,isolated
攻打长汀寨/总攻,0,2,1,0,,,strict_backbone
选民登记与资格审查,0,2,0,0,,,context_only
长汀战役,1,1,1,0,,,strict_backbone
策反工作,1,12,4,0,,,strict_backbone
学联助学运动,0,4,2,0,,,strict_backbone
洼垤会师,0,2,0,0,,,context_only
金沙县土地改革运动,0,3,3,0,,,strict_backbone
红五月大暴动,0,6,0,0,,,context_only
鄂中区划分与土地革命指导,0,2,0,0,,,context_only
1949年解放,0,3,0,0,,,context_only
送密信与二次抢渡,0,3,2,0,,,strict_backbone
义井张岗村战斗,0,1,0,0,,,context_only
中国人民解放军渡江战役,0,5,3,0,,,strict_backbone
反对二十六军到宣威抢米运动,0,2,2,0,,,strict_backbone
汉口警察系统策反行动,2,2,2,0,,,strict_backbone
性病治疗/干部教育,0,2,1,0,,,strict_backbone
九华抢粮,0,3,0,0,,,context_only
渡江战役行动,0,2,2,0,,,strict_backbone
荣昌县党的活动,0,2,1,0,,,strict_backbone
江川县人民抗征护乡大队,1,1,1,0,,,strict_backbone
清剿土匪斗争,0,9,4,1,1949-01-01,1949-12-31,strict_backbone
云南全省解放,3,13,6,0,,,strict_backbone
宣传发动,1,1,1,0,,,strict_backbone
澜沧县解放,0,3,3,0,,,strict_backbone
党组织成立,0,1,0,0,,,context_only
宣传队/慰劳队等组织,0,1,0,0,,,context_only
分析政治形势/提出政治任务,1,2,1,0,,,strict_backbone
高宝财经工作,0,6,2,0,,,strict_backbone
盐巴经营斗争,0,1,0,0,,,context_only
九三师残匪,0,3,0,0,,,context_only
干部恢复会议,0,3,1,0,,,strict_backbone
利用正中书局作掩护点,0,5,0,0,,,context_only
贵州省第三次代表大会,1,6,1,0,,,strict_backbone
武昌学生团,0,2,2,0,,,strict_backbone
师宗县城攻克,0,3,0,0,,,context_only
潮镇乡土改试点,0,3,1,0,,,strict_backbone
龙冈战斗,0,9,3,0,,,strict_backbone
民兵发展领导方式,0,5,0,0,,,context_only
庙滩联保处战斗,0,2,2,0,,,strict_backbone
上海战役,1,9,6,0,,,strict_backbone
第五次‘围、剿’,0,1,1,0,,,strict_backbone
塘马战斗,1,29,17,1,,,strict_backbone
围困据点,0,1,0,0,,,context_only
黔东苏区创建,0,1,1,0,,,strict_backbone
黎山事件善后,0,3,1,0,,,strict_backbone
大兴庄农民暴动,2,2,2,0,,,strict_backbone
红军四渡赤水战役,0,14,0,1,,,context_only
学潮斗争被开除,0,3,1,0,,,strict_backbone
反帝爱国斗争,1,8,3,0,,,strict_backbone
石板滩叛乱,0,3,0,0,,,context_only
业务座谈会,0,3,1,0,,,strict_backbone
会议无效,0,1,0,0,,,context_only
单集突围战,0,5,3,0,,,strict_backbone
革命武装斗争,2,2,2,0,,,strict_backbone
反马克思主义学说斗争,0,1,0,0,,,context_only
井冈山会合,4,4,4,0,,,strict_backbone
谢群小刀会,0,5,2,0,,,strict_backbone
张贴标语/宣传抗日反蒋,0,4,4,0,,,strict_backbone
黎平会议酝酿,0,3,0,0,,,context_only
中统特务组织,0,7,0,1,,,context_only
泗州战斗,0,3,0,0,,,context_only
丁地平烈士传、苏世沛传略,0,0,0,0,,,isolated
金资战役,0,3,1,0,,,strict_backbone
突围转移,1,2,2,0,,,strict_backbone
深入群众/平等交流,0,1,0,0,,,context_only
访查诉苦,0,3,0,0,,,context_only
赣南暴动,0,13,3,1,1929-01-01,1929-12-31,strict_backbone
汉口反英大会,0,1,0,0,,,context_only
狮公脑战斗,0,2,2,0,,,strict_backbone
土匪武装扩张与抢劫,0,2,0,0,,,context_only
荔波合围战,0,1,1,0,,,strict_backbone
新民主主义经济建设,0,3,0,0,,,context_only
施鹤党务,0,3,0,0,,,context_only
万县惨案,3,57,24,0,,,strict_backbone
接头工作,0,3,0,1,,,context_only
坚持斗争,2,16,2,0,,,strict_backbone
红七军战术灵活性,0,2,0,0,,,context_only
剿匪治安运动,0,2,2,0,1940-01-01,1940-12-31,strict_backbone
七等王众岭战斗,0,1,0,0,,,context_only
三工人血案,0,4,4,0,,,strict_backbone
文化测验获第一/获赠日记本铅笔,0,2,0,0,,,context_only
滇北区护乡团,0,3,0,0,,,context_only
高大坪战斗,0,1,1,0,,,strict_backbone
内部期刊出版,0,3,1,1,,,strict_backbone
宜黄县解放,0,2,2,0,,,strict_backbone
对敌斗争,1,14,11,1,,,strict_backbone
江北,2,55,8,4,,,strict_backbone
芷村站区工会成立大会,0,3,0,0,,,context_only
红一方面军反‘围剿’准备,0,3,1,0,,,strict_backbone
敌军工作新阶段,0,2,1,0,,,strict_backbone
联更会,0,2,0,0,,,context_only
段部,0,2,0,0,,,context_only
棉纱之战,1,5,2,1,,,strict_backbone
反清乡斗争准备阶段,0,3,2,0,,,strict_backbone
土改过程/干部配备,0,1,0,0,,,context_only
二野第五兵团待命渡江,0,5,3,1,,,strict_backbone
挑选干部与组织自卫队等,0,2,2,0,,,strict_backbone
水兵连训练,0,3,0,0,,,context_only
法帝国主义者,0,3,0,0,,,context_only
南昌‘四二’暴动,0,4,2,1,1927-04-02,1927-04-02,strict_backbone
《南漳革命斗争史》,0,3,0,0,,,context_only
白沙解放,0,5,3,0,,,strict_backbone
共青团第三届中央执行委员会第二次扩大会议,0,3,0,1,,,context_only
宝巷战斗,0,2,2,0,,,strict_backbone
1937年春派遣治疗事件,0,5,2,0,,,strict_backbone
废除金圆券运动,0,5,2,0,1949-01-01,1949-12-31,strict_backbone
棉纺织生产合作社,0,3,0,0,,,context_only
上海解放战斗,0,4,4,0,1949-01-01,1949-12-31,strict_backbone
学生反迫害运动,0,1,0,0,,,context_only
六·九反革命政变,0,13,4,0,,,strict_backbone
包围求吉寺,0,2,0,0,,,context_only
整顿老社巩固新社,0,3,1,0,,,strict_backbone
涟水独立中队成立,0,4,0,0,,,context_only
炉火社,0,4,2,0,,,strict_backbone
防汛救灾宣传动员,1,1,1,0,,,strict_backbone
解放战争中金沙县城保卫战,0,2,2,0,,,strict_backbone
军中CY组织与党合并,0,2,1,0,,,strict_backbone
许克祥政变,0,3,1,1,,,strict_backbone
鄂北秋、收暴动,0,1,1,0,,,strict_backbone
长沙学生运动,0,1,1,0,,,strict_backbone
马家沟盐井工人大罢工,0,4,0,0,,,context_only
红3军围攻长沙,0,2,0,0,,,context_only
建立良好关系,0,3,0,0,,,context_only
生活改善解释与财产检查,0,1,0,0,,,context_only
包抄土匪与攻城解围,0,6,3,0,,,strict_backbone
民兵检阅大会,0,5,1,0,,,strict_backbone
神道碑战斗,0,4,4,0,,,strict_backbone
党的六大,1,2,2,0,,,strict_backbone
平江城起义,0,2,2,0,,,strict_backbone
打开地主粮仓,0,6,1,1,,,strict_backbone
强渡长江/接管苏州/入城教育,0,0,0,0,,,isolated
上海日资工厂罢工事件,0,4,4,0,,,strict_backbone
谷洞保卫战,0,2,2,0,,,strict_backbone
母部子战役,0,1,0,0,,,context_only
上海工人武装起义,3,28,21,0,,,strict_backbone
古溪乡妇女识字班,0,4,0,0,,,context_only
1935年红军佯攻贵阳行动,0,3,0,0,,,context_only
平分土地政策,0,3,0,0,,,context_only
红学,0,3,1,0,,,strict_backbone
泗县学习班,0,2,2,0,,,strict_backbone
红四方面军打到开县杨柳关,0,2,2,0,,,strict_backbone
皖南地委机关,0,3,0,1,,,context_only
西安寨战斗,0,5,2,0,,,strict_backbone
坚守封锁线哨位,0,3,2,0,,,strict_backbone
瓮安县城战斗,0,3,3,0,,,strict_backbone
安源‘九月惨案’,0,6,1,1,,,strict_backbone
立夏节暴动,1,2,2,0,,,strict_backbone
起义会议,0,1,0,0,,,context_only
占领毕节,1,6,2,0,,,strict_backbone
江南地方党与军队党的联席会议,0,3,3,0,,,strict_backbone
陈坝老沟大队,0,6,0,0,,,context_only
云南敌后游击武装斗争,0,2,2,0,,,strict_backbone
泗沭县土改复查运动,0,2,0,0,,,context_only
城镇规划,0,3,0,0,,,context_only
贡山战斗,0,1,0,0,,,context_only
群众思想动员效果与偏差,0,4,0,0,,,context_only
金沙江南岸的作战情况,0,3,0,0,,,context_only
高淳战役/抗日民主政权财经工作,0,2,2,0,,,strict_backbone
安县苏维埃红色政权,0,2,2,0,,,strict_backbone
筹备建立邓区苏维埃政权,2,6,3,0,,,strict_backbone
四二斗争,0,6,0,0,,,context_only
青抗队大队,0,4,1,0,,,strict_backbone
征粮队行动,0,3,1,1,,,strict_backbone
建立警八旅/围攻八圩港,0,1,0,0,,,context_only
重庆三三月惨案,0,1,0,0,,,context_only
西山武装斗争,0,8,6,1,1948-01-01,1948-12-31,strict_backbone
动员担架建立转运站修桥,0,3,1,0,,,strict_backbone
滇东北地区武装斗争,0,1,0,0,,,context_only
开办反共游击干部训练班,0,3,0,0,,,context_only
平彝所战斗,1,2,2,0,,,strict_backbone
入黔,0,2,2,0,,,strict_backbone
百万雄师渡江攻占南京,0,3,0,0,,,context_only
打倒恶霸分浮财,0,3,0,0,,,context_only
六安中心县委成立,0,5,5,0,,,strict_backbone
人民自卫军第三支队起义,0,3,0,1,,,context_only
南华安年关暴动,0,2,2,0,,,strict_backbone
支前大军,0,1,1,0,,,strict_backbone
治淮工程,0,2,2,0,,,strict_backbone
苏南各县县长联席会议,0,4,4,1,1943-03-01,1943-03-31,strict_backbone
妇联宣传管制,0,6,3,1,,,strict_backbone
第三次反共高潮,2,13,5,0,,,strict_backbone
盐阜区粮食工作扩大会,0,3,1,0,,,strict_backbone
昆明事件,1,5,3,1,,,strict_backbone
支援渡江战役专辑,0,1,0,0,,,context_only
进攻部署,0,5,0,0,,,context_only
协同进攻/佯攻,0,1,1,0,,,strict_backbone
抗征丁/抗征粮/抗征税斗争,0,0,0,0,,,isolated
青溪河抢渡战斗,0,4,2,0,,,strict_backbone
说服留下,0,5,0,0,,,context_only
渡江之战,0,6,1,0,,,strict_backbone
清共事件,0,3,0,0,,,context_only
粮秣供给,0,3,0,0,,,context_only
反开除学生斗争,0,4,4,0,,,strict_backbone
后方医院慰问伤兵,0,1,0,0,,,context_only
新集战斗,0,3,2,0,,,strict_backbone
组织游行,0,1,0,0,,,context_only
驱军、军阀斗争,0,1,0,0,,,context_only
坞头暴动,3,30,23,1,1930-01-01,1930-01-31,strict_backbone
南京国防会议,0,4,4,0,,,strict_backbone
国民党驻剿/扫荡,0,4,0,0,,,context_only
智取齐山攻,0,2,2,0,,,strict_backbone
重点进攻应对,0,1,1,0,,,strict_backbone
岳西县妇抗组织,0,3,0,0,,,context_only
后方医院慰问活动,0,3,0,0,,,context_only
大肃反,0,2,2,0,,,strict_backbone
组织土匪进攻下司,0,5,2,0,,,strict_backbone
南京工人运动,1,7,6,0,,,strict_backbone
五卅纪念会,0,3,1,1,,,strict_backbone
农业合作化方针政策传播,0,2,0,0,,,context_only
醴陵战斗,0,1,1,0,,,strict_backbone
淮海战役支援行动,0,6,0,0,,,context_only
合作社保卫组织建立,0,2,2,0,,,strict_backbone
护送干部,2,10,10,0,,,strict_backbone
郫县农民抗捐抗税斗争,0,2,2,0,,,strict_backbone
物价稳定/树立人民币新观念/打击投机,0,1,1,0,,,strict_backbone
三七、四团起义,0,1,0,0,,,context_only
反特工作与斗争史,0,2,0,0,,,context_only
怀宁大队与国民党自卫队战斗,0,4,4,0,,,strict_backbone
收复瓮安,1,1,1,0,,,strict_backbone
昆明惨案,0,3,1,0,,,strict_backbone
沙址坝匪战斗,0,2,0,0,,,context_only
第三/四区区委,0,1,0,0,,,context_only
番夷羗回 民族自由 解放萬歲!,0,2,0,0,,,context_only
快马队,0,3,0,0,,,context_only
洋河镇战斗,0,6,2,0,,,strict_backbone
暴动延期,0,3,1,0,,,strict_backbone
发展工人入党,0,1,1,0,,,strict_backbone
中共六届四中全会,1,7,4,0,,,strict_backbone
伏击追敌,0,5,5,0,,,strict_backbone
丘北叛匪,0,3,0,0,,,context_only
永涡边万楼战斗,0,1,0,0,,,context_only
民盟爱国学生运动,0,2,2,0,,,strict_backbone
黄平教育,0,3,0,0,,,context_only
九龙山战斗,0,6,1,1,,,strict_backbone
叶场围困战,0,2,2,0,,,strict_backbone
移动演剧队,1,15,6,1,,,strict_backbone
曹家镇情报工作,0,3,0,0,,,context_only
标语口号宣传运动,0,5,2,0,,,strict_backbone
吐祥特支,0,4,0,0,,,context_only
一八八旅,0,3,0,0,,,context_only
南岳团局斗争,0,2,2,0,,,strict_backbone
中国共产党第四次全国代表大会,2,7,5,1,,,strict_backbone
凯里区剿匪行动,0,5,2,0,,,strict_backbone
双灰山战斗,0,6,4,0,,,strict_backbone
江省委第二次代表大会,0,3,0,1,,,context_only
放足运动,0,3,0,0,,,context_only
支援大军渡江,0,2,0,0,,,context_only
盐江和平解放,0,2,0,0,,,context_only
总部电示与盘县会议,0,5,3,0,,,strict_backbone
坚贞不屈/壮烈牺牲,0,1,0,0,,,context_only
川东武装斗争,0,4,0,0,,,context_only
试办土地改革/清匪反霸减租,0,0,0,0,,,isolated
湘阴县女界联合会,0,1,1,0,,,strict_backbone
秋收斗争,3,35,23,0,,,strict_backbone
黔桂边委革命斗争,1,2,2,0,,,strict_backbone
抗捐抗税斗争,0,13,9,0,,,strict_backbone
红军壁画保护行动,0,3,0,0,,,context_only
群众密报情况,0,3,0,0,,,context_only
新年战斗动员/便水战斗,0,2,0,0,,,context_only
第八军第三师起义投诚,0,2,2,0,,,strict_backbone
《七·一纪念歌》,0,3,0,0,,,context_only
抗日统一战线政策,0,2,2,0,,,strict_backbone
反内战反饥饿争温饱运动,0,1,0,0,,,context_only
五次反围剿斗争,0,3,0,0,,,context_only
回龙桥战斗,0,3,0,1,,,context_only
躲避斗争,0,1,0,0,,,context_only
独立三十六旅,0,3,0,0,,,context_only
金竹集结,0,6,0,0,,,context_only
增产爱国与抗旱计划,0,3,0,0,,,context_only
伪组织,0,1,0,0,,,context_only
农业生产合作社发展,0,6,2,0,,,strict_backbone
赣南革命斗争,2,10,4,1,1927-01-01,1937-12-31,strict_backbone
兴仁大会,0,1,0,0,,,context_only
建立赣榆县公安局,0,2,2,0,,,strict_backbone
张问今等学生群体,0,3,0,0,,,context_only
谷陇战役激战,0,2,2,0,,,strict_backbone
林必木袭击事件,0,3,1,0,,,strict_backbone
五羊坪群众运动,0,5,1,0,,,strict_backbone
突破云南边疆封锁线,0,3,0,0,,,context_only
抗战党史座谈会,0,2,2,0,,,strict_backbone
保安第六团起义,0,5,3,1,,,strict_backbone
党史资料征集编写,0,4,1,0,,,strict_backbone
税警团,1,10,1,0,,,strict_backbone
敌中藏人与智斗日伪,0,2,0,0,,,context_only
湘黔活动与继续西进之决定,0,5,1,1,,,strict_backbone
龚集战斗,0,1,0,0,,,context_only
战俘处理,0,3,2,0,,,strict_backbone
湘西区党委会议,0,5,0,1,,,context_only
弋横武装暴动,1,2,2,0,,,strict_backbone
智擒棒子队,0,2,0,0,,,context_only
团结救国社,0,3,0,0,,,context_only
垦荒运动,0,2,2,0,1943-01-01,1944-12-31,strict_backbone
狱中生活与斗争,0,3,0,0,,,context_only
涟江渡槽水利工程竣工,0,2,0,0,,,context_only
策反警训班,0,3,2,0,,,strict_backbone
抢救话材料,0,1,0,0,,,context_only
三次反顽战,0,3,3,0,,,strict_backbone
华中解放区新闻记者协会会议,1,1,1,0,,,strict_backbone
里达战斗,1,13,10,0,,,strict_backbone
缝纫业,0,1,1,0,,,strict_backbone
农村工作干部训练班,1,6,1,0,,,strict_backbone
刀会武装斗争,0,9,5,0,,,strict_backbone
清匪肃毒运动,0,3,0,0,,,context_only
第一纵队成立,0,2,2,0,,,strict_backbone
武装反剿赤斗争,0,21,8,0,,,strict_backbone
六分区成立,0,2,0,0,,,context_only
军阀混战,1,14,2,0,,,strict_backbone
收回租界斗争,0,7,3,1,,,strict_backbone
天府地区工人运动,0,3,1,1,,,strict_backbone
梁官激战,0,3,0,0,,,context_only
击落敌机事件,0,5,3,0,,,strict_backbone
北伐军攻克吉安,1,6,2,0,,,strict_backbone
夏斗寅叛乱,3,17,7,3,1927-05-01,1927-05-31,strict_backbone
纪念周演讲,0,3,1,0,,,strict_backbone
区书会议,1,1,1,0,,,strict_backbone
凯里保卫战,0,14,7,0,,,strict_backbone
湖南反帝国主义大同盟,0,2,2,0,,,strict_backbone
武汉收回英租界斗争,1,2,2,0,,,strict_backbone
兴国农民武装暴动,0,2,0,0,,,context_only
刀会武装改造,0,1,1,0,,,strict_backbone
新宁起义大会,0,6,1,1,,,strict_backbone
二十四都农民暴动,1,2,2,0,,,strict_backbone
进军江南,0,3,0,1,,,context_only
梅花村会议,0,3,0,0,,,context_only
板桥集战斗,0,4,2,0,,,strict_backbone
沪汉罢工后援会,0,2,2,0,,,strict_backbone
昆明七·一五事件,1,4,4,0,,,strict_backbone
解放武汉之战,0,4,2,0,,,strict_backbone
军运,0,3,3,0,,,strict_backbone
群众组织建设,0,2,1,0,,,strict_backbone
钟山乡政权建立,0,5,2,0,,,strict_backbone
解放贵州/黔南剿匪,0,1,0,0,,,context_only
瓦矿事件,0,3,1,0,,,strict_backbone
太极镇事件,0,3,0,0,,,context_only
九江庐山会议,0,2,0,0,,,context_only
瓦解敌伪军工作,0,3,0,0,,,context_only
地下小组,0,3,0,1,,,context_only
迎接解放配合斗争,1,1,1,0,,,strict_backbone
高庄战斗,0,2,2,0,,,strict_backbone
川黔边区抗日游击根据地计划,0,3,1,0,,,strict_backbone
梅花小组,0,2,0,0,,,context_only
《凤凰城》《一年间》,0,3,0,0,,,context_only
华蓥山纵队起义,0,2,0,0,,,context_only
毕节地区党史工作,0,3,0,0,,,context_only
秦县文化界抗战工作团,0,3,1,0,,,strict_backbone
新干县解放,0,3,0,0,,,context_only
湘南民联,0,3,0,0,,,context_only
白沙地区抗日斗争,0,4,4,0,,,strict_backbone
路田乡农民协会成立大会,0,2,0,0,,,context_only
宝秀阻击战,0,3,0,1,,,context_only
特支成立会议,1,2,1,0,,,strict_backbone
黄材改编,0,2,2,0,,,strict_backbone
盐区建设,0,1,0,0,,,context_only
赤卫军编组,1,2,2,0,,,strict_backbone
《国民公论》,0,2,2,0,,,strict_backbone
苏区斗争,0,3,3,0,,,strict_backbone
武汉城工人员,0,6,0,0,,,context_only
先修班助学运动,0,4,1,1,,,strict_backbone
秘密学习小组,0,1,1,0,,,strict_backbone
第六次清剿,0,2,0,0,,,context_only
林口战斗,1,3,3,0,,,strict_backbone
战斗牺牲,0,5,1,0,,,strict_backbone
解放水城、威宁等县城,1,1,1,0,,,strict_backbone
黄麻地区农运,0,2,2,0,,,strict_backbone
湘阴县总工会成立,0,2,0,0,,,context_only
红三军活动时期,0,3,0,0,,,context_only
军事训练班,0,4,0,0,,,context_only
周坊农民暴动,0,3,3,0,,,strict_backbone
邵阳解放,1,6,2,0,,,strict_backbone
进军西南/二野军大五分校,0,1,1,0,,,strict_backbone
瓦仓起义,1,38,8,0,,,strict_backbone
一·二七事件,0,9,2,1,,,strict_backbone
澜沧临时专员公署,0,3,0,0,,,context_only
阮俊臣部,0,6,4,0,,,strict_backbone
护送船队安全渡江,0,3,0,0,,,context_only
盱眙县抗日民主政权,0,3,0,0,,,context_only
三多饭事件,0,1,0,0,,,context_only
虎城地区围剿行动,0,3,1,0,,,strict_backbone
扎西战役,0,2,2,0,,,strict_backbone
萍乡特支地下组织,0,3,1,0,,,strict_backbone
夏收运动,0,3,0,0,,,context_only
土匪反扑,0,5,2,0,,,strict_backbone
王张官游击大队,0,6,0,0,,,context_only
长岗岭战斗,0,3,3,0,,,strict_backbone
红一方面军到达四川懋功,0,3,3,0,,,strict_backbone
苏北抗日斗争,0,2,2,0,,,strict_backbone
业余合唱团,0,3,0,0,,,context_only
武汉分校就义,0,3,0,0,,,context_only
CY抗日剧社,0,2,0,0,,,context_only
敌区工作,0,5,1,1,,,strict_backbone
浙西双林战役,2,2,2,0,,,strict_backbone
福贡参议会扩大会议,0,3,0,0,,,context_only
北移,0,7,1,0,,,strict_backbone
谷城农民运动,0,2,2,0,,,strict_backbone
芜湖县区乡抗日民主政权,0,9,0,0,,,context_only
横沟乡暴动,0,4,2,0,,,strict_backbone
会师,0,14,2,0,,,strict_backbone
出席青代会/《苏中报》报道,0,1,0,0,,,context_only
师宗县马场战斗,0,1,0,0,,,context_only
《山乡巨变》,0,2,0,0,,,context_only
雪涡县改称,0,3,0,0,,,context_only
民兵运动,0,2,2,0,,,strict_backbone
四一社,2,22,5,0,,,strict_backbone
双庙之战,0,6,2,0,,,strict_backbone
新四军拒绝北移事件,0,2,0,0,,,context_only
汉阳钢铁厂罢工斗争,1,5,3,0,,,strict_backbone
筑路桥、订泗桥战役,0,1,0,0,,,context_only
四川万县惨案,0,3,0,0,,,context_only
救亡团体,0,6,0,0,,,context_only
农业生产互助组,0,6,2,0,,,strict_backbone
湘鄂西中央分局肃反运动,0,5,3,2,,,strict_backbone
吉安战役,1,2,2,0,,,strict_backbone
扫雷牺牲与敌伪瓦解,0,1,0,0,,,context_only
军事调处谈判,0,2,2,0,,,strict_backbone
工厂加薪运动,0,3,0,1,,,context_only
反动会道门暴乱,0,2,0,0,,,context_only
四·一抗暴游行,2,5,3,1,,,strict_backbone
建立政权机构,2,3,2,0,,,strict_backbone
太湖徐桥沿西战斗,0,1,0,0,,,context_only
京汉大罢工,0,5,5,0,,,strict_backbone
袭占黔县县城,0,3,0,0,,,context_only
五教师事件,1,6,1,1,,,strict_backbone
淮海战役俘虏材料,0,3,0,0,,,context_only
阳明山战斗,0,1,0,0,,,context_only
红四方面军反‘六路围攻’,0,3,0,0,,,context_only
泗阜宝特区农民自卫军,0,3,1,1,,,strict_backbone
南京军事管制委员会成立,0,5,0,0,,,context_only
撰写悼词立碑纪念,0,6,2,0,,,strict_backbone
璧山周家沟支部大会,0,3,0,0,,,context_only
炼油厂建设,1,2,2,0,,,strict_backbone
长寿中心县委成立,0,2,0,0,,,context_only
党史资料选编,0,5,3,1,,,strict_backbone
指示办学方针准备游击,0,2,0,0,,,context_only
施工站,0,4,0,0,,,context_only
湘鄂赣工农兵第一次代表会,2,2,2,0,,,strict_backbone
万源战役,0,7,5,1,,,strict_backbone
仁和乡工救会成立,0,6,6,0,,,strict_backbone
华容县农民运动,0,6,3,0,,,strict_backbone
隐蔽做工,0,2,2,0,,,strict_backbone
沈丘青年救亡会,0,3,0,1,,,context_only
重庆市学生反美抗暴示威万人大游行,0,3,0,0,,,context_only
学生抗日读书会,0,5,2,0,,,strict_backbone
抗日河防队,0,5,0,0,,,context_only
解放南京战役,0,2,2,0,,,strict_backbone
干部大转移,0,3,3,0,,,strict_backbone
党组织疏散行动,0,1,0,0,,,context_only
鄂北秋收暴动,0,7,4,0,,,strict_backbone
桃源县事件,0,9,0,0,,,context_only
击落敌机,0,2,0,0,,,context_only
翻船事件,1,3,1,0,,,strict_backbone
普觉区剿匪与政治攻势,0,1,0,0,,,context_only
与国民党建立统一战线方针,0,3,0,0,,,context_only
者米战斗,0,3,3,0,,,strict_backbone
减租减息增加工资运动,0,3,1,0,,,strict_backbone
三反、五反运动,0,0,0,0,,,isolated
捕捉曹绍华,0,1,0,0,,,context_only
江西全省总暴动,0,8,3,1,1920-01-01,1920-12-31,strict_backbone
湖北职工运动,0,3,0,0,,,context_only
彭县武装暴动,0,4,2,0,,,strict_backbone
建立劳资协商会议,0,3,1,0,,,strict_backbone
反动派镇压革命力量,0,2,0,0,,,context_only
巴东暴动,1,3,3,0,,,strict_backbone
减租交租政策,0,3,1,0,,,strict_backbone
战略退却原则,0,1,0,0,,,context_only
风雪行军,0,5,0,0,,,context_only
‘一把米’运动,0,3,1,0,,,strict_backbone
平江战斗,3,9,7,0,,,strict_backbone
荣昌县屠帮,0,3,1,0,,,strict_backbone
每周校友会与介绍新同志,0,3,0,0,,,context_only
小坝游击大队,0,7,3,1,,,strict_backbone
南皋场坝战斗,0,5,3,0,,,strict_backbone
中共荣昌县特支委员会成立,0,1,0,0,,,context_only
商民自卫队,0,3,0,0,,,context_only
立夏节起义,1,11,3,1,,,strict_backbone
十大政纲,0,4,0,0,,,context_only
烈士名录,0,9,0,0,,,context_only
支援战争,0,2,0,0,,,context_only
羊庄战斗,0,3,2,0,,,strict_backbone
关门山战斗,0,3,0,0,,,context_only
中原突围战役,2,4,4,0,1946-01-01,1946-12-31,strict_backbone
越进口战役,1,1,1,0,,,strict_backbone
学生罢课运动,0,20,8,2,1945-08-16,1949-12-31,strict_backbone
抗旱增产与救灾,0,3,0,0,,,context_only
学潮事件,0,1,1,0,,,strict_backbone
张国焘分裂活动,0,4,0,0,,,context_only
叙昆铁路破袭战,0,1,0,0,,,context_only
动委会指导员会议,0,2,2,0,,,strict_backbone
长沙吉安战役,0,3,0,0,,,context_only
沭阳一带群众文艺运动,0,3,0,0,,,context_only
香炉山战斗,1,3,1,1,,,strict_backbone
五卅运动,24,465,240,4,,,strict_backbone
农村大暴动,0,1,0,0,,,context_only
洋溪匪患与枫香干战斗,0,2,0,0,,,context_only
恢复准备,0,2,0,0,,,context_only
反三征武装斗争,0,2,1,0,,,strict_backbone
两浦铁路工人罢工,0,4,0,0,,,context_only
黄埔军校第四期,2,2,2,0,,,strict_backbone
东方军进入福建作战,0,1,0,0,,,context_only
一二·八惨案,0,2,0,0,,,context_only
李堡战役,0,10,8,1,,,strict_backbone
岗上张友良换工队,0,3,0,0,,,context_only
钓大鱼战术,0,3,0,0,,,context_only
反美反蒋大游行,0,2,2,0,,,strict_backbone
宣威地区斗争,0,3,0,0,,,context_only
肖家渡据点战斗,1,6,6,0,,,strict_backbone
抗战教育,0,3,0,0,,,context_only
大破杨家洞,0,2,2,0,,,strict_backbone
第一次九江会议,0,5,0,0,,,context_only
九弄地区武装暴动,0,3,0,0,,,context_only
荣昌县抗日救亡群众运动,0,5,2,0,,,strict_backbone
湘中二支队起义,0,5,2,1,,,strict_backbone
被捕斗争,0,2,2,0,,,strict_backbone
肖贺匪,1,6,2,0,,,strict_backbone
华中解放区海安盐城扬州泰州徐州蚌埠,0,2,0,0,,,context_only
战斗/牺牲,0,1,1,0,,,strict_backbone
中共焦作地委成立,1,1,1,0,,,strict_backbone
红三军整休,0,3,0,0,,,context_only
党的六次代表大会,0,2,0,0,,,context_only
镇淮楼战斗,0,2,2,0,,,strict_backbone
联系生产巩固民兵,1,6,3,0,,,strict_backbone
皖赣边游击区谈判,0,4,4,2,,,strict_backbone
平民革命军,0,9,5,0,,,strict_backbone
永胜突围,0,1,0,0,,,context_only
整党整风与作风建设,0,3,0,0,,,context_only
丹寨县干训班,0,2,2,0,,,strict_backbone
保卫武汉的战斗,0,3,0,0,,,context_only
统战与发动群众,0,3,0,0,,,context_only
宿县党,1,1,1,0,,,strict_backbone
开展农民运动,0,2,2,0,,,strict_backbone
开滦五矿大罢工,1,3,3,0,,,strict_backbone
皖西苏区反围剿斗争,0,2,2,0,,,strict_backbone
闻一多惨案,0,2,0,0,,,context_only
成都市各界庆祝西南解放大会,0,2,0,0,,,context_only
九江收回租界运动,0,2,2,0,,,strict_backbone
推翻唐继尧反动统治斗争,0,4,4,0,,,strict_backbone
攻打牟鑫斋老巢,0,3,1,0,,,strict_backbone
上海南洋兄弟烟草公司工人罢工,0,1,1,0,,,strict_backbone
复堤堵口工程,0,2,0,0,,,context_only
破获阴谋暴动案,0,3,0,0,,,context_only
群众组织范围小,0,2,1,0,,,strict_backbone
武汉学生罢课,0,3,3,0,,,strict_backbone
北平同学被捕事件,0,1,0,0,,,context_only
两把菜刀闹革命,0,2,0,0,,,context_only
红庙子遭遇战,0,1,1,0,,,strict_backbone
流亡学生救济处,0,3,0,0,,,context_only
献金运动,1,3,3,0,,,strict_backbone
合川二十八军第三师兵变,0,5,5,0,,,strict_backbone
强渡湘江,0,7,4,0,,,strict_backbone
永修教育改进团,1,3,1,0,,,strict_backbone
西进大西南,0,3,1,0,,,strict_backbone
第一次国共合作时期的工人运动,0,3,0,1,,,context_only
红四军分兵游击,0,5,2,0,,,strict_backbone
纪律讨论,0,3,1,0,,,strict_backbone
华宁县盘溪磨沙塘战斗,0,29,28,0,,,strict_backbone
石柱党组织遭破坏事件,0,3,0,0,,,context_only
南下方针,0,1,0,0,,,context_only
城市工作方法,0,3,0,0,,,context_only
反投降提纲,0,3,0,0,,,context_only
赣湘战役,0,8,0,0,,,context_only
土匪武装叛乱,0,6,2,0,,,strict_backbone
接管银行/发行人民币/控制粮价,0,1,1,0,,,strict_backbone
护校运动,4,15,12,1,1949-01-01,1949-12-31,strict_backbone
红二军团长征,0,3,0,0,,,context_only
贵州省委成立,0,4,0,0,,,context_only
重庆沧白堂事件,0,3,0,0,,,context_only
四维暴动,1,5,5,0,,,strict_backbone
津浦铁路穿越行动,0,1,1,0,,,strict_backbone
解放舟山、金门战役,0,0,0,0,,,isolated
五一国际劳动节纪念大会,0,2,2,0,,,strict_backbone
贵阳拉丁化新文字运动,0,3,1,0,,,strict_backbone
智擒多匪,0,2,0,0,,,context_only
夜间突袭盘查,0,2,0,0,,,context_only
上海人民公案,0,1,1,0,,,strict_backbone
告武汉同胞书,0,3,0,0,,,context_only
智取宜章县城,0,3,0,0,,,context_only
白山会议,0,2,0,0,,,context_only
创办赣南农民训练班与招生,0,2,2,0,,,strict_backbone
打土豪暴动,0,1,1,0,,,strict_backbone
贵筑县解放,0,6,0,0,,,context_only
张正义组织,0,7,0,0,,,context_only
组织青年团体与调查织工生活,0,1,0,0,,,context_only
红四军整编/长汀会议,0,0,0,0,,,isolated
人民法庭试点建设,0,2,2,0,,,strict_backbone
上犹崇义战斗与瑞金会合,0,1,1,0,,,strict_backbone
从江县党史座谈会,0,4,4,0,,,strict_backbone
怀化县保安团改编,0,1,0,0,,,context_only
生产资料归公,0,3,1,0,,,strict_backbone
援敌抗日大会,0,2,2,0,,,strict_backbone
浙江抗日救亡活动,0,6,1,0,,,strict_backbone
五四运动时期罢市活动,0,3,3,1,1919-05-01,1919-05-31,strict_backbone
赣南一严暴动,0,4,4,0,,,strict_backbone
徐州会战,0,9,3,1,,,strict_backbone
长冈乡调查,0,11,0,0,,,context_only
支援牛兰夫妇斗争,0,3,0,0,,,context_only
垫江解放后首届县、区党政机关工作人员,0,1,0,0,,,context_only
师宗县城攻占事件,1,3,2,0,,,strict_backbone
威宁县撤退行动,0,1,1,0,,,strict_backbone
云南解放战争,0,4,2,1,,,strict_backbone
安民会,0,5,2,0,,,strict_backbone
宿西武装建立(宣传抗日),0,3,1,0,,,strict_backbone
两万群众围攻水洞口的斗争,0,3,1,0,,,strict_backbone
人民解放军江汉部队行动,0,3,0,1,,,context_only
解放战争时期籍田地区的农民运动,0,3,0,0,,,context_only
洞上会议,0,1,0,0,,,context_only
上海解放,1,40,14,1,1949-01-01,1949-12-31,strict_backbone
群众抢粮斗争,0,1,0,0,,,context_only
传达协定,0,3,2,0,,,strict_backbone
夜校教育,0,4,1,0,,,strict_backbone
解放大军渡长江,0,2,0,0,,,context_only
安顺双堡地区地下武装筹组,0,1,1,0,,,strict_backbone
攻克武宁,0,3,0,0,,,context_only
宜城县第一次农民代表大会,0,2,0,0,,,context_only
元江县第一个政权,0,3,2,0,,,strict_backbone
解放太和乡,0,3,1,0,,,strict_backbone
中共五大,7,50,24,3,,,strict_backbone
高酿十里冲战斗,0,4,4,0,,,strict_backbone
剿匪方式及布署,0,2,1,0,,,strict_backbone
自我批评,1,6,1,0,,,strict_backbone
綦江募捐赈灾运动,0,1,1,0,,,strict_backbone
反对国民党右派斗争,0,5,3,0,,,strict_backbone
七舍战斗,0,5,3,0,,,strict_backbone
红军标语保护行动,0,3,0,0,,,context_only
绣花铺,0,7,1,1,,,strict_backbone
关岭镇暴动,0,5,2,0,,,strict_backbone
破坏敌人通讯斗争,0,2,2,0,,,strict_backbone
六霍总暴动,0,3,1,0,,,strict_backbone
蒋介石背叛革命,0,2,0,0,,,context_only
解围作战与反霸,0,2,0,0,,,context_only
青龙厂会议,0,1,0,0,,,context_only
卡郎游击中队,2,2,2,0,,,strict_backbone
‘和平枪换肩’,0,3,0,0,,,context_only
军工厂人员编制,0,4,2,0,,,strict_backbone
撤离重庆,0,3,0,0,,,context_only
太湖剿匪/抗灾救灾,0,4,4,0,,,strict_backbone
农民运动训练班,1,7,3,0,,,strict_backbone
剿匪第一仗,1,3,1,1,,,strict_backbone
财经工作群众化,0,3,1,1,,,strict_backbone
拥军参军,0,3,0,0,,,context_only
解放路南县城,0,5,3,0,,,strict_backbone
贵阳市整风运动,1,2,2,0,1951-01-01,1951-12-31,strict_backbone
亮司蹲点征粮,0,4,1,0,,,strict_backbone
银元流通,0,4,0,0,,,context_only
抢救伤员,0,3,1,0,,,strict_backbone
武功山游击战争,0,2,1,0,,,strict_backbone
第四野战军先遣兵团横渡长江,0,3,3,0,,,strict_backbone
音乐救亡运动,1,1,1,0,,,strict_backbone
汜水射阳队,0,3,0,0,,,context_only
湘西起义,1,9,7,0,,,strict_backbone
土地革命与抗捐斗争,0,1,0,0,,,context_only
五·一示威运动,0,9,3,0,,,strict_backbone
第七混成旅兵变策略,1,2,2,0,,,strict_backbone
主编《青年生活》,1,3,1,0,,,strict_backbone
渡江战役,39,809,343,4,,,strict_backbone
安顺军分区机关干团,0,5,2,0,,,strict_backbone
教师训练班,0,3,0,0,,,context_only
威宁土改工作,0,5,0,0,,,context_only
保管运输子弹与建立山林医院,0,4,1,0,,,strict_backbone
锡务公司加薪斗争,0,1,0,0,,,context_only
镇宁县剿匪行动,0,5,1,1,,,strict_backbone
现代社会学课程,0,3,0,0,,,context_only
克艰暴动,1,4,2,1,,,strict_backbone
潜山请水寨起义,0,1,0,0,,,context_only
陈营大捷,0,2,2,0,,,strict_backbone
里应外合暴动,0,1,1,0,,,strict_backbone
迎解队伍,0,3,3,0,,,strict_backbone
宜昌市解放路,0,3,0,0,,,context_only
南昌牛行车站进占行动,0,5,5,0,,,strict_backbone
双减/反霸斗争,0,1,1,0,,,strict_backbone
两溧反顽战斗,0,3,0,0,,,context_only
蔡江县人民政府成立,0,2,0,0,,,context_only
党史资料征集审稿,0,4,0,0,,,context_only
鄂豫皖边区游击战争,0,8,5,2,,,strict_backbone
太平祠村暴动与苏维埃成立,0,3,3,0,,,strict_backbone
军阀混战与土匪抢劫,0,2,0,0,,,context_only
红军三次途经黑水与芦花会议,0,2,0,0,,,context_only
分水岭反击战,0,3,0,0,,,context_only
朱毛军队,0,2,0,0,,,context_only
剑川四·二起义,0,3,1,0,,,strict_backbone
我的修养要则,0,3,0,0,,,context_only
驱张挽谢斗争,0,2,2,0,,,strict_backbone
女界联合会成立,0,3,1,0,,,strict_backbone
经费困难,0,3,0,0,,,context_only
粤汉县解放,0,6,1,0,,,strict_backbone
武汉失陷,0,1,0,0,,,context_only
洪码战斗,0,4,0,0,,,context_only
工运/农运/学运,0,0,0,0,,,isolated
遂宁武装起义,0,6,5,0,,,strict_backbone
六盘水地区革命斗争,0,1,0,0,,,context_only
广顺奔袭部署,0,2,0,0,,,context_only
通心桥说降,0,4,4,0,,,strict_backbone
汉口工人运动,0,3,3,0,,,strict_backbone
威宁各族人民的翻身解放斗争,0,2,2,0,,,strict_backbone
闽西第一次工农兵代表大会,0,3,0,0,,,context_only
运粮,0,1,1,0,,,strict_backbone
溧阳戴埠野猪界战斗,0,3,1,0,,,strict_backbone
围攻彭水城战斗,0,5,1,1,,,strict_backbone
建立回民区苏维埃,0,5,3,1,,,strict_backbone
召开行署紧急会议与湖南秋收暴动,0,2,2,0,,,strict_backbone
红岩山战斗,0,1,0,0,,,context_only
太平圩会议,3,6,3,0,,,strict_backbone
沙锅寨伏击战,0,2,2,0,,,strict_backbone
《贵阳地区抗日救国运动及其深远意义》,0,1,0,0,,,context_only
国民党当局镇压学生活动,0,3,1,0,,,strict_backbone
地下党政权建设/会师大会,0,1,0,0,,,context_only
民兵武装组织,0,3,1,0,,,strict_backbone
寒衣捐,0,3,1,0,,,strict_backbone
开办革命干校,0,2,1,0,,,strict_backbone
武汉地区革命斗争,0,2,0,0,,,context_only
大余会师,0,1,0,0,,,context_only
苏皖边区军政委员会成立,0,2,0,0,,,context_only
东南工合瑞金讲习班创办,0,3,2,0,,,strict_backbone
民生公司轮船运输,0,3,0,0,,,context_only
武装反‘剿天’斗争,0,1,0,0,,,context_only
长江水手组织,0,3,0,0,,,context_only
灌三游击大队,0,3,0,0,,,context_only
《孔经里》话剧,0,1,0,0,,,context_only
弥勒三家村伏击战,0,3,1,0,,,strict_backbone
运输食盐,1,3,1,0,,,strict_backbone
形势与斗争特点分析,0,5,0,0,,,context_only
开设体育课,0,2,2,0,,,strict_backbone
南京劳工总会,0,4,0,0,,,context_only
五大任务,3,46,5,1,,,strict_backbone
傅德兴处决事件,0,1,1,0,,,strict_backbone
建政试点工作,0,1,1,0,,,strict_backbone
化南乡‘动员会’,0,2,0,0,,,context_only
罢工游行,0,1,0,0,,,context_only
代乡抗丁抗粮斗争,0,3,2,0,,,strict_backbone
斜桥伏击战,0,5,1,0,,,strict_backbone
攻打伪军据点,0,3,0,0,,,context_only
渡潇江/突破封锁线,0,1,1,0,,,strict_backbone
高兴圩保卫战,0,3,1,0,,,strict_backbone
推翻国民党统治,0,10,2,0,,,strict_backbone
界牌战斗,0,3,3,0,,,strict_backbone
赤卫军游击战术与三大纪律,0,3,0,0,,,context_only
经济困难与干部牺牲,0,1,0,0,,,context_only
无忘五七国耻,1,2,2,0,,,strict_backbone
嘉陵歌咏团,0,9,1,1,,,strict_backbone
公粮征收工作,0,3,1,0,,,strict_backbone
如皋团,0,2,0,0,,,context_only
敌军增援与孙渡督战,0,5,3,1,,,strict_backbone
天津解放,0,1,1,0,,,strict_backbone
利用军阀矛盾,0,3,1,0,,,strict_backbone
南充监狱斗争,0,3,0,0,,,context_only
红四方面军西渡嘉陵江开始长征,0,2,2,0,,,strict_backbone
江北县农民运动,0,4,2,0,,,strict_backbone
花坝坝合兵,1,2,2,0,,,strict_backbone
舟山群岛解放战役,0,3,0,0,,,context_only
通西财税工作,0,8,0,0,,,context_only
红四军转移战斗,0,6,3,2,,,strict_backbone
解放区发展,0,3,0,0,,,context_only
夏巷战斗,0,1,0,0,,,context_only
‘步行团’,0,19,0,1,,,context_only
武昌中共大会,1,2,2,0,,,strict_backbone
六·一四政变,0,2,2,0,,,strict_backbone
拐耳坝合围战与炮八团剿匪,0,2,0,0,,,context_only
石屏阻击战,1,5,4,0,,,strict_backbone
李先念纵队反对顽固派向鄂中和鄂东进攻的自卫战争,2,3,3,0,,,strict_backbone
游击战/夜袭,0,4,1,0,,,strict_backbone
中共临澧小组成立,0,1,0,0,,,context_only
尊重民族风俗,1,3,1,0,,,strict_backbone
马公店战斗,0,3,1,0,,,strict_backbone
李口暴动,0,3,1,0,,,strict_backbone
迎接解放,3,43,23,1,,,strict_backbone
南京惨案,0,14,3,0,,,strict_backbone
特委任务讨论,0,1,0,0,,,context_only
四·一二事件,0,2,2,0,,,strict_backbone
恢复农协与对质豪绅,0,2,2,0,,,strict_backbone
南下西进与入赫建政,0,3,0,0,,,context_only
华中局大会议,0,3,0,0,,,context_only
越狱计划,1,6,2,0,,,strict_backbone
伪军骚扰学校事件,0,5,2,0,,,strict_backbone
'黑白社',0,2,2,0,,,strict_backbone
《三日刊》,0,2,0,0,,,context_only
布尔什维克竞赛运动,0,3,3,1,1949-01-01,1949-12-31,strict_backbone
工农贫民与豪绅资产阶级斗争,0,3,3,0,,,strict_backbone
沅陵招兵,1,5,3,0,,,strict_backbone
滇西地区革命活动,0,2,2,0,,,strict_backbone
南下富林,0,6,1,0,,,strict_backbone
社会主义革命运动,0,3,0,0,,,context_only
墙报宣传活动,0,3,0,0,,,context_only
少数民族地区普选,1,1,1,0,,,strict_backbone
华容农民运动,1,3,1,0,,,strict_backbone
涛涛社,0,5,0,0,,,context_only
国是会议,1,3,1,0,,,strict_backbone
农教会,0,20,4,0,,,strict_backbone
《安中》校刊,0,1,0,0,,,context_only
夜袭缴枪战斗,0,3,3,0,,,strict_backbone
徽州抗日救亡运动,0,8,2,0,,,strict_backbone
钢蒙山战斗,0,3,0,0,,,context_only
算三笔帐运动,0,3,0,0,,,context_only
徐州浦三堡战斗,0,1,0,0,,,context_only
党总支建设,0,3,0,0,,,context_only
唤梦合唱团,1,6,2,1,,,strict_backbone
江川地区群众运动,0,1,0,0,,,context_only
凉伞雪洞合围战与开赴锦屏,0,6,3,0,,,strict_backbone
组织交接与整风学习,1,3,3,0,,,strict_backbone
岳武起义,0,6,0,0,,,context_only
工人组织团体,0,3,0,0,,,context_only
反攻退敌,0,4,3,0,,,strict_backbone
浪堤阻击战,0,2,2,0,,,strict_backbone
基础设施与农林建政,0,3,0,0,,,context_only
华中分局党校,0,14,4,1,,,strict_backbone
三河坝战斗,0,10,3,0,,,strict_backbone
竹园镇公所拖枪起义,0,4,4,1,1947-01-01,1948-12-31,strict_backbone
大方将军山之役,0,3,0,0,,,context_only
游击队员身份认定条件,0,1,0,0,,,context_only
湖北工会运动,0,2,2,0,,,strict_backbone
奇袭瑶里/芦岭战斗,0,1,1,0,,,strict_backbone
水城县和平解放,0,1,0,0,,,context_only
国民党旧职员人员会议,0,1,0,0,,,context_only
泰大起义,0,3,1,0,,,strict_backbone
邝继勋起义,0,5,5,0,,,strict_backbone
七星关休整/入滇,0,1,1,0,,,strict_backbone
佛山民工团,0,6,2,1,,,strict_backbone
放款扶助生产,0,3,1,0,,,strict_backbone
百花山战斗,0,2,2,0,,,strict_backbone
城市与交通要道工作,0,3,0,0,,,context_only
北伐军唐生命部进入湘潭,0,1,1,0,,,strict_backbone
借粮与运输工作,0,1,1,0,,,strict_backbone
杨岐暴动队,0,2,2,0,,,strict_backbone
湘鄂赣边区三年游击战争,0,2,2,0,,,strict_backbone
沛铜县大队,0,8,1,1,,,strict_backbone
皖西妇女抗日工作,0,3,1,1,,,strict_backbone
大小圭山及糯衣战斗,0,3,1,1,,,strict_backbone
北渡军事计划,0,6,1,0,,,strict_backbone
铁路沿线组织建设,0,2,2,0,,,strict_backbone
孙中山追悼会斗争,0,1,1,0,,,strict_backbone
总结游击战术,0,2,0,0,,,context_only
虎南暴动,0,4,4,0,,,strict_backbone
店员斗争,0,1,0,0,,,context_only
冷水武装起义,0,1,1,0,,,strict_backbone
抗日战争时期救亡运动,0,2,0,0,,,context_only
反美扶日反迫害运动,0,5,2,1,,,strict_backbone
九道河战役,0,2,2,1,,,strict_backbone
第三次武装起义准备,0,2,2,0,,,strict_backbone
中共乐安县第二次党员代表大会,0,2,0,0,,,context_only
广济农民起义,2,2,2,0,,,strict_backbone
鄂北暴动,0,2,2,0,,,strict_backbone
金银山战斗,0,1,0,0,,,context_only
湖南自治运动,2,3,3,0,,,strict_backbone
农民协会示威,0,1,0,0,,,context_only
组织自卫武装,3,5,4,0,,,strict_backbone
桥头暴动,1,3,1,0,,,strict_backbone
劝募捐款,0,1,0,0,,,context_only
马街自卫大队,0,1,0,0,,,context_only
徐海农民总暴动,0,2,2,0,,,strict_backbone
武汉地区学生运动,0,2,2,0,,,strict_backbone
"迎接解放,配合接管",0,1,1,0,,,strict_backbone
黔西解放斗争,0,4,2,0,,,strict_backbone
缉私,0,2,0,0,,,context_only
国民党二届三中全会,2,10,5,1,1927-03-01,1927-03-31,strict_backbone
查禁日货行动,0,3,3,0,,,strict_backbone
清匪、反霸、减租、退押、征粮五大任务,0,1,0,0,,,context_only
战争动员,0,3,0,0,,,context_only
深夜潜伏突袭抓捕,0,2,1,0,,,strict_backbone
大革命时期农民运动研究,0,1,0,0,,,context_only
苏南农民斗争,0,2,2,1,1949-01-01,1949-12-31,strict_backbone
湘阴县救国讲演团,0,3,0,0,,,context_only
追剿土匪行动,0,3,0,0,,,context_only
川东苏维埃政权,0,2,0,0,,,context_only
平民社,0,9,0,0,,,context_only
金龙门镇会议,0,3,1,0,,,strict_backbone
七千人大会,0,3,1,0,,,strict_backbone
土地革命宣传,0,3,0,0,,,context_only
秘密谈判/授意,0,1,0,0,,,context_only
南昌学生反帝斗争,0,2,2,0,,,strict_backbone
商石村暴动,0,1,0,0,,,context_only
湘北草动,2,2,2,0,,,strict_backbone
汪先宗被害事件,1,3,1,0,,,strict_backbone
赣州战役,0,5,2,0,,,strict_backbone
云安盐厂袭击行动,0,3,1,0,,,strict_backbone
陈家河战斗,0,7,3,0,,,strict_backbone
缴获战利品武装民兵,0,3,1,0,,,strict_backbone
分兵游击策略,0,3,0,0,,,context_only
青神西山农民武装起义,1,9,8,1,1934-01-01,1934-12-31,strict_backbone
京沪杭作战实施纲要制定,0,2,0,0,,,context_only
城市战斗,0,1,0,0,,,context_only
国民党战地团,1,3,1,0,,,strict_backbone
资产保卫事件,0,6,1,1,,,strict_backbone
爱国卫生运动,1,5,5,0,,,strict_backbone
田赋粮食管理处接管,0,3,0,0,,,context_only
读书会活动,1,16,4,0,,,strict_backbone
游击大队活动,1,3,1,0,,,strict_backbone
川陕省第四次党代会,0,6,1,1,,,strict_backbone
五·二〇周纪念活动,0,2,2,0,1948-01-01,1948-12-31,strict_backbone
秘密党,0,3,0,0,,,context_only
护九团,0,32,0,0,,,context_only
街头抗日宣传,0,3,1,0,,,strict_backbone
三·一·七反革命事件,1,11,5,0,,,strict_backbone
苏区干部好作风,0,10,0,0,,,context_only
剿匪追捕行动,0,1,1,0,,,strict_backbone
华阳县公安大队,0,3,0,0,,,context_only
潘家集商民自卫队,0,2,2,0,,,strict_backbone
攻打淮城战役,0,5,2,0,,,strict_backbone
北伐军进军湖北,0,3,3,0,,,strict_backbone
新锋歌咏队,0,9,1,1,,,strict_backbone
农民协会运动,0,4,2,0,,,strict_backbone
锦屏空城计,0,5,3,0,,,strict_backbone
《后防》剧目,0,3,0,0,,,context_only
进军西南,2,28,9,0,,,strict_backbone
秘密串联发动,0,3,1,0,,,strict_backbone
黔大间激战,1,4,3,0,,,strict_backbone
战略反攻,0,3,0,0,,,context_only
梓木洞暴动,0,1,1,0,,,strict_backbone
大定县剿匪斗争,0,5,0,0,,,context_only
打法官事件,0,2,2,1,,,strict_backbone
整社扩社,0,3,1,0,,,strict_backbone
夺取群众准备武装暴动,0,1,0,0,,,context_only
夜袭庙滩联保处,0,2,2,0,,,strict_backbone
青训班,0,12,1,1,,,strict_backbone
反革命暴乱,0,5,2,0,,,strict_backbone
罗霄山脉政权,0,2,0,0,,,context_only
中原局建立,0,2,0,0,,,context_only
邓平区苏维埃政府成立,0,5,0,0,,,context_only
汉口国民党二届三中全会,1,2,2,0,,,strict_backbone
红二、红六军团西返行动,0,2,0,0,,,context_only
五·四运动响应,0,2,0,0,,,context_only
夺枪计划,0,3,1,1,,,strict_backbone
江浙农民反抗运动,0,8,1,0,,,strict_backbone
宜都团防,0,3,0,0,,,context_only
币制改革,0,2,0,0,,,context_only
CY工作,0,3,0,0,,,context_only
誓师大会,1,9,3,0,,,strict_backbone
单集据点战斗,0,1,1,0,,,strict_backbone
和平签名/破获杜光武等匪犯,0,1,1,0,,,strict_backbone
红33军成立,0,4,0,0,,,context_only
猫场战斗,4,52,26,2,,,strict_backbone
湘潭县工委扩大会议,2,2,2,0,,,strict_backbone
中共江浙区第一次代表大会,0,8,3,0,,,strict_backbone
湘鄂赣革命活动,0,3,1,3,,,strict_backbone
退押实施办法,0,5,0,0,,,context_only
攻打沙沟战役,0,3,1,0,,,strict_backbone
第四次全国劳动大会,1,16,8,1,1927-06-01,1927-06-30,strict_backbone
分田分地运动,0,2,2,0,,,strict_backbone
铜陵游击大队,0,3,0,1,,,context_only
六中全会,0,1,0,0,,,context_only
夜袭行动,0,1,1,0,,,strict_backbone
反基督教教会斗争,0,3,0,0,,,context_only
上海各团体救国联合会,0,2,2,0,,,strict_backbone
召集会议宣传形势,0,1,0,0,,,context_only
接管盐江工作,1,2,2,0,,,strict_backbone
安易联防大队,0,5,0,0,,,context_only
宿蒙县民兵组织,0,6,0,0,,,context_only
剿匪牺牲,0,13,0,1,,,context_only
唐生智崩溃时暴动策略争论,0,4,0,0,,,context_only
巢北大队,2,3,2,0,,,strict_backbone
仙桃镇战斗,0,4,4,0,,,strict_backbone
休宁抗敌后援会,0,5,2,0,,,strict_backbone
广元县苏维埃经济公社,0,5,0,1,,,context_only
八七紧急会议,0,16,8,1,1927-08-01,1927-08-31,strict_backbone
七·一事件,0,3,0,0,,,context_only
上饶解放,0,10,7,0,,,strict_backbone
土匪袭击与贫农支前,0,2,0,0,,,context_only
经济斗争,1,8,4,1,,,strict_backbone
崇仁乡清剿土匪,0,2,2,0,,,strict_backbone
民权运动大同盟,6,23,16,1,,,strict_backbone
盒水战斗,0,1,0,0,,,context_only
反帝反封建斗争,4,54,21,3,,,strict_backbone
嵩明游击大队,0,3,1,0,,,strict_backbone
三支队进攻马街战斗,0,1,0,0,,,context_only
三一八烈士,0,3,0,0,,,context_only
皖北土地革命大暴动,0,10,5,0,,,strict_backbone
会师会议,0,10,2,1,,,strict_backbone
反对土匪绅商、匪、毒武装游击斗争,0,1,1,0,,,strict_backbone
妇女抗分会,0,3,1,1,,,strict_backbone
分股领导,0,1,0,0,,,context_only
浙东暴动,0,4,4,0,,,strict_backbone
皖赣区宣传活动,0,3,0,2,,,context_only
配合北上抗日先遣队,0,3,3,0,,,strict_backbone
文家桥战斗,0,1,0,0,,,context_only
抗日庄联会,1,2,2,0,,,strict_backbone
汪圩子战斗,0,3,0,0,,,context_only
乌龙包攻坚战,0,5,2,0,,,strict_backbone
庆祝土改胜利复工工厂,0,4,1,0,,,strict_backbone
邱集战役,0,3,0,0,,,context_only
第一次攻城,0,3,1,0,,,strict_backbone
鄂豫皖区党委成立,0,2,0,0,,,context_only
反迁移、反破坏、护路保产斗争,0,0,0,0,,,isolated
两淮战役,0,4,1,0,,,strict_backbone
沙坝寨之战,0,6,1,1,,,strict_backbone
修复登陆艇,1,2,2,0,,,strict_backbone
贵州省革命烈士展览会,0,3,0,0,,,context_only
护局斗争,0,3,1,0,,,strict_backbone
反特斗争,0,5,3,1,,,strict_backbone
打击反动道会门,0,3,0,0,,,context_only
国民参政会第一届第二次会议,0,5,3,0,,,strict_backbone
昆明工人斗争,0,5,0,0,,,context_only
反英反奉运动,2,4,4,0,,,strict_backbone
反围剿/直罗战役,0,0,0,0,,,isolated
东海子战役,0,1,1,0,,,strict_backbone
统战工作与卡房集中,0,5,1,0,,,strict_backbone
宜城大革命运动,0,3,2,1,1926-01-01,1926-12-31,strict_backbone
沅江工农运动,0,6,3,0,,,strict_backbone
第三届国民参政会第二次大会,0,2,2,0,,,strict_backbone
万载县第二次工农兵代表大会,0,2,2,0,,,strict_backbone
烈士公祭仪式,0,3,1,3,,,strict_backbone
黎榕从合围进剿,0,1,1,0,,,strict_backbone
恢复宿西县政权,0,1,1,0,,,strict_backbone
四川省委军事运动,0,5,0,0,,,context_only
三·三土匪暴乱,0,2,2,0,,,strict_backbone
苍海文汇社,0,7,0,0,,,context_only
提供情报袭击伪区公所/挖地下密室/打入乡丁/歼灭自卫队,0,1,0,0,,,context_only
淮南矿路公司煤矿局职工互助总会,0,4,2,0,,,strict_backbone
花怡阻击战,0,1,1,0,,,strict_backbone
西安寨歼敌部署,0,5,3,0,,,strict_backbone
处理土豪财物事件,0,2,0,0,,,context_only
鄂北农民运动,0,2,2,0,,,strict_backbone
弋德交界处起义人员牺牲,0,2,0,0,,,context_only
圭山武装,1,2,2,0,,,strict_backbone
支援前线,0,3,0,0,,,context_only
石塘区群众斗争运动,0,2,2,1,1946-05-01,1946-05-31,strict_backbone
合围战斗解放水乐,0,5,0,0,,,context_only
顾家大楼战斗,0,1,0,0,,,context_only
东进誓师大会,1,6,2,3,,,strict_backbone
破袭津浦铁路三堡曹村段,0,3,0,0,,,context_only
立三路线暴动,0,1,0,0,,,context_only
道县人民政府成立,0,3,0,0,,,context_only
陆显海叛变,0,2,1,0,,,strict_backbone
交通联络线,1,3,1,0,,,strict_backbone
全国英模代表大会,0,1,0,0,,,context_only
壁报运动,0,3,1,0,,,strict_backbone
打击顽固势力,1,5,1,0,,,strict_backbone
泸西盘江大队,0,5,0,0,,,context_only
地主阶级顽抗,0,5,2,1,,,strict_backbone
七·二三反革命暴乱事件,0,2,2,1,1949-01-01,1949-12-31,strict_backbone
护九团战士来源与组建,0,1,0,0,,,context_only
农会建立与土改运动,0,3,0,0,,,context_only
界岭战斗,0,1,0,0,,,context_only
法院审判工作,0,1,0,0,,,context_only
外出调查,0,2,1,0,,,strict_backbone
六合县地下交通线斗争,0,2,2,1,,,strict_backbone
中央商场互助会,0,3,0,0,,,context_only
湘西清剿行动,0,2,2,1,1949-01-01,1949-12-31,strict_backbone
分田/查田,0,0,0,0,,,isolated
解放战争时期土地改革,0,2,2,1,1945-01-01,1945-12-31,strict_backbone
桃花峪战斗,0,3,1,0,,,strict_backbone
民兵破坏公路行动,0,5,2,0,,,strict_backbone
群众大会,4,74,17,1,,,strict_backbone
西藏进军,0,1,0,0,,,context_only
革命宣传活动,0,3,0,0,,,context_only
梁平(山)虎南地区武装起义准备,0,1,1,0,,,strict_backbone
上海左翼文艺运动,0,2,2,0,,,strict_backbone
十二纵三十四旅,0,2,0,0,,,context_only
袭击据点/坦白自首大会,0,1,1,0,,,strict_backbone
中原突围,3,45,21,1,,,strict_backbone
九战区司令长官薛岳,0,3,0,0,,,context_only
妓女改造/封闭妓院,0,0,0,0,,,isolated
拱北战役,1,2,2,0,,,strict_backbone
诉苦教育/立功赎罪,0,1,1,0,,,strict_backbone
铜梁会议,0,2,0,0,,,context_only
伪教育局人员分析,0,1,0,0,,,context_only
二二八运动,0,2,2,0,,,strict_backbone
武胜三溪起义,1,2,2,0,,,strict_backbone
武胜暴动,0,4,4,0,,,strict_backbone
洪泽湖灾区救灾,0,1,1,0,,,strict_backbone
弋横地区暴动,0,2,2,0,,,strict_backbone
青阳据点攻坚战,0,3,1,0,,,strict_backbone
新四军驻吉安通讯处成立,0,2,0,0,,,context_only
讨汪卅步群众大会,0,1,0,0,,,context_only
进军六十周年,0,2,0,0,,,context_only
《没有终点的长征》,0,3,0,0,,,context_only
借镰刀归还与处决违纪人员,0,1,1,0,,,strict_backbone
罗平游击民兵大队,0,3,0,0,,,context_only
巧渡天险,0,3,0,0,,,context_only
抗粮斗争,3,21,14,2,,,strict_backbone
教育工作模范,0,3,0,0,,,context_only
抗日救亡读书会,0,2,2,0,,,strict_backbone
买粮行动,0,1,1,0,,,strict_backbone
整党审干,0,1,0,0,,,context_only
潭口农民武装暴动,0,3,1,0,,,strict_backbone
苏南地区斗争,0,3,0,1,,,context_only
解放思想实事求是,0,3,0,0,,,context_only
粉碎第五次围剿,0,2,0,0,,,context_only
滇东北地区游击斗争,0,1,0,0,,,context_only
剧宣四队,0,3,0,1,,,context_only
湘鄂赣省农兵代表大会,0,5,0,0,,,context_only
绍兴少年营,0,3,0,0,,,context_only
驱鬼运动,0,2,0,0,,,context_only
梵净山反围剿,0,3,3,0,,,strict_backbone
五四事件,0,2,1,0,,,strict_backbone
农民银行成立,0,2,2,0,,,strict_backbone
中共川东临委领导的武装斗争,1,2,2,0,,,strict_backbone
黄口暴动战斗,0,1,0,0,,,context_only
北碚地下斗争,1,1,1,0,,,strict_backbone
宁陕县城战斗,0,2,2,0,,,strict_backbone
安远暴动/寻乌调查/战斗,0,2,2,0,,,strict_backbone
平民教育社筹办,0,3,3,0,,,strict_backbone
响应起义,0,1,0,0,,,context_only
被捕政治环境调查,0,1,0,0,,,context_only
三万农民进城砸县府,0,2,1,0,,,strict_backbone
智擒敌船,0,4,4,0,,,strict_backbone
徐州立第七师范学生驱校长风潮,0,3,0,0,,,context_only
赤沙镇战役,0,3,0,0,,,context_only
反三征斗争,0,54,25,1,,,strict_backbone
学习《新民主主义论》,0,2,0,0,,,context_only
红校话剧运动,0,2,0,0,,,context_only
公审恶霸,0,1,1,0,,,strict_backbone
同群社,0,3,0,1,,,context_only
解放青溪战斗,2,5,5,0,,,strict_backbone
抗战救亡宣传,2,2,2,0,,,strict_backbone
江口接管工作,2,5,3,1,,,strict_backbone
中共中央与共青团中央联席会议,0,4,0,0,,,context_only
美仁轮事件,0,2,1,0,,,strict_backbone
进入贵州接管,0,3,0,0,,,context_only
沙河驿保商队,0,6,0,0,,,context_only
织金县大队,1,3,1,0,,,strict_backbone
汉口市一男中民先队小组,0,2,2,0,,,strict_backbone
痛歼杨森主力,0,6,4,1,,,strict_backbone
地下新闻斗争网,0,3,0,0,,,context_only
张八郢战斗,0,3,1,1,,,strict_backbone
临江第五师范党总支,0,3,2,0,,,strict_backbone
对敌宣传工作,0,5,1,0,,,strict_backbone
东溪文化剧社,0,2,2,0,,,strict_backbone
刘湘六路围攻,0,3,0,0,,,context_only
保和场战斗,1,5,2,0,,,strict_backbone
鄂中、鄂东根据地建设,0,0,0,0,,,isolated
水路行军,0,6,1,0,,,strict_backbone
平湖起义计划,0,1,0,0,,,context_only
八路军南下支队行动,0,6,0,0,,,context_only
农协会员斗争,0,3,0,0,,,context_only
盛家桥战斗,1,2,2,0,,,strict_backbone
永善游击队组建事件,0,2,0,0,,,context_only
改善政治犯生活条件斗争,0,1,1,0,,,strict_backbone
七·一、五爱国学生运动,0,2,0,0,,,context_only
将山战斗,0,6,3,1,,,strict_backbone
邱北县城进攻,0,2,2,0,,,strict_backbone
三穗县剿匪战斗,0,6,2,0,,,strict_backbone
政法教育工作/保护干部,0,1,0,0,,,context_only
武汉会战/解放相关活动,0,2,0,0,,,context_only
皖中和西部农民运动特派员组织,0,3,2,1,1927-01-01,1927-12-31,strict_backbone
根据地基础发展,0,1,0,0,,,context_only
烈士事迹/革命文艺,0,2,1,0,,,strict_backbone
四天运动防御战,1,3,1,1,,,strict_backbone
反饥饿、反迫害、反内战运动,0,2,2,0,,,strict_backbone
出版党史丛书,0,1,0,0,,,context_only
土地堂战斗,1,3,3,0,,,strict_backbone
赣南地区突围转移,1,5,5,0,,,strict_backbone
陇海铁路罢工,0,5,2,0,,,strict_backbone
驱逐校长刘志远学潮,0,5,2,1,,,strict_backbone
游击中队,1,5,3,0,,,strict_backbone
红二十八军便长一分队,1,6,1,1,,,strict_backbone
皖北会议,0,3,0,0,,,context_only
建立游击队与没收反动财产,0,1,0,0,,,context_only
敌279团吕营及河西县自卫总队,0,4,0,0,,,context_only
怀远红枪会兴起,0,3,0,0,,,context_only
滇西北各族人民革命斗争,1,3,3,0,,,strict_backbone
江宁县警卫团,0,4,2,0,,,strict_backbone
武装斗争与游击战争,2,3,2,0,,,strict_backbone
铜鼓县职工第一次代表大会,0,4,2,0,,,strict_backbone
赣东清剿行动,0,4,4,0,,,strict_backbone
籍田暴动,0,11,2,0,,,strict_backbone
中华工农兵苏维埃第二次全国代表大会,0,1,0,0,,,context_only
功劳簿活动,1,2,1,0,,,strict_backbone
三勤活动,0,2,0,0,,,context_only
三·三一惨案,1,127,26,0,,,strict_backbone
泰州解放,0,2,2,0,,,strict_backbone
工农革命干部训练班,0,3,0,1,,,context_only
国共合作谈判准备,0,7,5,0,,,strict_backbone
上海暴动,0,5,3,0,,,strict_backbone
悼念烈士活动,0,5,2,1,,,strict_backbone
新干事变,0,6,0,0,,,context_only
先遣团,0,6,1,0,,,strict_backbone
解放初党的组织建设,1,2,1,1,1945-08-16,1949-09-30,strict_backbone
湄潭民先队,0,8,2,0,,,strict_backbone
工厂建团/生产劳动,0,2,1,0,,,strict_backbone
石柱县西乐坪战斗,5,11,9,0,,,strict_backbone
中华苏维埃政权,0,3,0,0,,,context_only
第六次全国代表大会,0,2,0,0,,,context_only
白夜战魂,0,3,1,0,,,strict_backbone
炉山县土地改革运动,1,3,2,0,1945-08-16,1949-09-30,strict_backbone
黄陂决战,0,2,2,0,,,strict_backbone
解放青浪镇,0,3,0,0,,,context_only
七、一五反美抗日运动,0,3,0,0,,,context_only
反抗挖斗斗争,0,4,1,0,,,strict_backbone
四一运动,0,7,4,1,,,strict_backbone
街口战斗,0,9,7,0,,,strict_backbone
北上联系江淮四地委,0,6,0,0,,,context_only
房县战役,0,5,5,1,1931-01-01,1931-12-31,strict_backbone
四渡赤水,47,1132,358,6,1935-01-01,1935-01-31,strict_backbone
民主同盟云南支部大会,0,3,3,0,,,strict_backbone
伏击护送汽车,0,2,2,0,,,strict_backbone
牛街青年联谊会,0,3,2,0,,,strict_backbone
四·一九暴动,0,1,1,0,,,strict_backbone
军权,0,3,0,0,,,context_only
解决给养困难,0,1,1,0,,,strict_backbone
工人夜学,0,6,3,0,,,strict_backbone
建立土匪政权,0,4,1,0,,,strict_backbone
区队建立,0,3,1,1,,,strict_backbone
小张圩子战斗,0,2,0,0,,,context_only
景德镇地区接管,0,3,1,0,,,strict_backbone
湘南自卫,0,2,0,0,,,context_only
开国大典,0,1,0,0,,,context_only
严刑拷打逼供,0,4,1,0,,,strict_backbone
于家桥事件,0,3,0,0,,,context_only
联防大队成立/伏击汉奸,0,1,1,0,,,strict_backbone
綦江县妇女会,0,5,3,0,,,strict_backbone
十三师入黔战斗详报,0,3,0,0,,,context_only
渌口农运,1,3,1,0,,,strict_backbone
梅花山战斗,1,3,3,0,,,strict_backbone
农民宣传,0,3,1,1,,,strict_backbone
南漳武装斗争,0,3,1,0,,,strict_backbone
赣东北军政校史工作会议,0,1,0,0,,,context_only
黄龙区农民暴动,0,3,0,0,,,context_only
武器搜缴,0,1,0,0,,,context_only
布置迎接解放与配合接管,0,3,1,0,,,strict_backbone
永胜马房战斗,0,2,2,0,,,strict_backbone
古城抗日工作团,0,2,2,0,,,strict_backbone
击溃土匪,0,4,2,0,,,strict_backbone
募捐公演,0,3,1,0,,,strict_backbone
匪部编制,0,6,1,0,,,strict_backbone
军政教导队训练,0,3,0,0,,,context_only
汉高公司,0,5,0,0,,,context_only
半塔守备战,1,2,2,0,,,strict_backbone
自卫战争,1,8,5,0,,,strict_backbone
反宗教大同盟运动,0,3,1,0,,,strict_backbone
反蒋革命斗争,1,2,2,1,1945-01-01,1947-12-31,strict_backbone
四十六旅,0,3,0,0,,,context_only
反日反帝大同盟遵义总部,0,3,2,0,,,strict_backbone
阻止粮食外运斗争,0,3,0,0,,,context_only
阳新惨案,3,18,10,0,,,strict_backbone
攻占浦口战役,0,5,2,0,,,strict_backbone
红花园/黑神庙战斗,0,1,1,0,,,strict_backbone
普雄歼灭战,0,2,2,0,,,strict_backbone
特委代表大会,0,2,0,0,,,context_only
拱口起义,0,3,1,0,,,strict_backbone
红枪会看家队,0,2,2,0,,,strict_backbone
两湖回乡工作团,0,5,1,0,,,strict_backbone
井冈山会剿,0,2,0,0,,,context_only
滇西北革命根据地开辟,0,6,2,1,,,strict_backbone
漳州战役,2,19,16,0,,,strict_backbone
武装建设,0,2,0,0,,,context_only
淮水保卫战,0,5,3,2,,,strict_backbone
抗日救亡与工运,0,3,2,0,,,strict_backbone
群众代表大会,0,1,0,0,,,context_only
红三军第四路游击大队,0,5,0,0,,,context_only
盘踞区战斗,0,2,2,0,,,strict_backbone
连击碉堡封锁线,0,6,4,1,,,strict_backbone
攻打黑耳场战斗,0,1,1,0,,,strict_backbone
职工运动与城市工作,0,5,0,0,,,context_only
三徐烈士事迹,0,3,1,0,,,strict_backbone
西江起义,1,5,5,0,,,strict_backbone
半坡战斗,0,2,0,0,,,context_only
攻占乌罗起义,0,5,2,1,,,strict_backbone
南腰界会议,0,4,0,0,,,context_only
留车暴动,0,1,1,0,,,strict_backbone
云南起义,6,28,12,1,,,strict_backbone
扩大工农武装,1,2,2,0,,,strict_backbone
举办训练班,0,3,0,0,,,context_only
梓光社,0,1,0,0,,,context_only
反汪斗争,0,12,2,0,,,strict_backbone
中共黔大仁中心县委被破坏事件,0,2,0,0,,,context_only
中央四中全会,0,1,0,0,,,context_only
荣昌反英大同盟,0,2,1,0,,,strict_backbone
第二次全国劳动大会,12,39,37,0,,,strict_backbone
反改编军斗争,0,4,2,1,1931-01-01,1934-12-31,strict_backbone
繁昌五次保卫战,0,2,2,0,,,strict_backbone
沙磁区学运特支,1,7,4,0,,,strict_backbone
邵岱“三·三”暴动,0,2,0,0,,,context_only
中国自由运动大同盟,0,4,0,0,,,context_only
蓬溪暴动,1,3,3,0,,,strict_backbone
川鄂滇黔军总司令,0,1,0,0,,,context_only
第四次反'围剿',0,13,11,0,,,strict_backbone
减租减息抗交屯租斗争,0,3,0,0,,,context_only
龙岗,3,12,10,0,,,strict_backbone
昆明地区群众捣毁南屏街国民党中央银行事件,0,3,1,1,,,strict_backbone
石牌三次战斗,0,5,5,0,,,strict_backbone
公审枪决匪首,0,3,0,0,,,context_only
淮宝反顽战斗,0,5,2,0,,,strict_backbone
声援四一血案,0,2,2,0,,,strict_backbone
汤池训练班,0,1,0,0,,,context_only
江津解放,1,11,5,0,,,strict_backbone
八七会议后武装暴动政策,0,3,0,0,,,context_only
五洛河筹粮,0,3,0,0,,,context_only
《现在中国之命运》演讲,0,3,0,0,,,context_only
护产队,1,5,2,1,,,strict_backbone
修铜县合并会议,0,2,0,0,,,context_only
金沙合围战,0,3,0,0,,,context_only
横岗寺暴动,0,2,2,0,,,strict_backbone
金大游行请愿事件,0,3,1,0,,,strict_backbone
铜货驿暴动,0,5,2,0,,,strict_backbone
第一次暴动,1,2,1,0,,,strict_backbone
北碚地方党史,0,3,0,0,,,context_only
三坚持、三反对,0,1,0,0,,,context_only
农民运动/反帝反封建,0,1,1,0,,,strict_backbone
护九团编制续,0,1,0,0,,,context_only
清算与分田,0,2,1,0,,,strict_backbone
叛变与交通员牺牲,0,3,1,0,,,strict_backbone
第一次东进,0,1,0,0,,,context_only
石门解放,0,3,1,0,,,strict_backbone
党员干部训练班,0,8,2,0,,,strict_backbone
断头岩战斗,0,3,0,0,,,context_only
反日会,0,4,2,0,,,strict_backbone
阎化启指挥坚守碉堡,0,4,2,0,,,strict_backbone
四·六土匪暴乱,0,3,0,0,,,context_only
反封锁斗争,0,18,5,0,,,strict_backbone
‘五·四’运动筹备会,0,2,2,0,,,strict_backbone
地下活动,0,5,0,0,,,context_only
五斗江伏击战,1,2,1,0,,,strict_backbone
驱逐湖南军阀头子张敬尧斗争,0,2,2,0,,,strict_backbone
解放前夕,0,3,0,0,,,context_only
南方三年游击战争地区考证,0,3,0,0,,,context_only
贵州全省学生救国联合会,1,6,1,0,,,strict_backbone
学习毛泽东著作活动,0,2,2,0,,,strict_backbone
方家坪围歼战,0,1,0,0,,,context_only
二野四兵团进驻昆明,1,3,1,1,,,strict_backbone
北上会师,0,3,1,0,,,strict_backbone
黔东南解放和剿匪斗争,0,1,0,0,,,context_only
民工罢工,0,1,0,0,,,context_only
桃源县解放,0,1,0,0,,,context_only
人民警察队,0,6,0,0,,,context_only
宿迁解放,0,6,0,0,,,context_only
小坝子剿匪战斗,0,4,0,0,,,context_only
党组织交出党员名单事件,0,3,1,1,,,strict_backbone
矿工抗日斗争,0,2,2,0,,,strict_backbone
宝应县城收复,0,3,0,0,,,context_only
黔东特区各区乡苏维埃联席会议,0,1,0,0,,,context_only
改编要求,0,1,0,0,,,context_only
废除土司制度,0,4,3,0,,,strict_backbone
武工队清剿行动,0,2,0,0,,,context_only
皖东北抗日统一战线,0,2,1,0,,,strict_backbone
中共临时中央政治局会议,0,1,0,0,,,context_only
津浦铁路工人罢工,0,3,1,0,,,strict_backbone
五县会议,0,2,1,0,,,strict_backbone
红军长征懋功会师,0,4,0,1,,,context_only
川滇黔边区根据地建设,0,3,2,0,,,strict_backbone
挺进报被破坏事件,0,3,1,0,,,strict_backbone
彭县群众反盐商斗争,0,1,1,0,,,strict_backbone
浒墅关火车站袭击战,1,6,1,0,,,strict_backbone
杨家门二捷,0,2,0,0,,,context_only
华蓥山武装斗争,0,51,24,0,,,strict_backbone
反美、扶日运动,0,1,0,0,,,context_only
崇贤暴动,0,1,1,0,,,strict_backbone
秋收暴动计划,0,38,9,3,1927-01-01,1927-12-31,strict_backbone
红四方面军总政治部政务科,0,1,0,0,,,context_only
宜章县农民自卫军,0,3,1,0,,,strict_backbone
国耻纪念大会,1,3,1,0,,,strict_backbone
封治剿匪,0,1,1,0,,,strict_backbone
受编与离队,0,1,0,0,,,context_only
后坪之战,0,3,0,0,,,context_only
南京工商青年联谊会,2,2,2,0,,,strict_backbone
红军攻占紫云城战斗,0,3,3,0,,,strict_backbone
南京抗争运动,0,3,0,0,,,context_only
维持费发放制度,0,3,1,0,,,strict_backbone
人民不会忘记您——共和国奠基建设者纪念勋章,0,3,0,0,,,context_only
南昌起义余部及湘南农军,0,2,0,0,,,context_only
《滇东民报》,0,17,5,1,,,strict_backbone
大华炼油厂分厂,0,6,2,0,,,strict_backbone
安源工友罢工,0,2,2,0,,,strict_backbone
红八军一纵在黔西南州委党史研究室资料,0,3,0,0,,,context_only
淮安城区群众集会,0,3,1,0,,,strict_backbone
深入开展土地革命,0,3,1,0,,,strict_backbone
区委要工部,0,3,0,0,,,context_only
二月罢工,0,4,4,0,,,strict_backbone
淮宝地区清剿,0,1,0,0,,,context_only
毛泽东诞辰100周年理论研讨会,0,2,2,0,,,strict_backbone
房县苏区创建,0,2,2,0,,,strict_backbone
教师联谊会,0,1,0,0,,,context_only
铁路破坏队,0,3,1,1,,,strict_backbone
建立苏维埃政权,1,23,15,1,,,strict_backbone
江华河三县联防大队起义,0,1,1,0,,,strict_backbone
中鹤区农民起义,2,2,2,0,,,strict_backbone
吉安值夏起义,2,2,2,0,,,strict_backbone
长沙农民义勇队进攻,1,2,2,0,,,strict_backbone
四月二日暴动,0,3,2,0,,,strict_backbone
辎重运输问题,0,3,0,0,,,context_only
粮秣供应补给,0,3,0,0,,,context_only
武汉大学学生游行,0,5,2,0,,,strict_backbone
军运工作,1,6,2,0,,,strict_backbone
际村暴动,0,6,4,0,,,strict_backbone
干校培训班,1,1,1,0,,,strict_backbone
徐州国民党大会,0,1,0,0,,,context_only
武汉行营谈判,0,1,1,0,,,strict_backbone
游击宣传战,0,2,2,0,,,strict_backbone
教育改革,0,4,0,0,,,context_only
军事政治训练,0,5,1,0,,,strict_backbone
萧县人民武装后勤工作,1,3,1,0,,,strict_backbone
一条半枪闹革命,0,2,0,0,,,context_only
《新民主主义论》等书刊印制,0,3,1,0,,,strict_backbone
广昭战役,2,14,4,1,,,strict_backbone
抗战与民主宣传攻势,0,3,0,0,,,context_only
落鹰屯之战,0,1,0,0,,,context_only
清江解放战役,0,5,3,0,,,strict_backbone
除盐卡,0,1,0,0,,,context_only
佯攻元江城,0,3,1,0,,,strict_backbone
《赣州早期青年学生运动的综合研究》,0,1,0,0,,,context_only
民众组织,0,3,0,0,,,context_only
重庆工人运动,0,8,2,0,,,strict_backbone
反封建教育,0,1,0,0,,,context_only
解放施秉,1,7,6,0,,,strict_backbone
女界联合会,0,14,0,0,,,context_only
綦江武装抗捐斗争,3,5,5,0,,,strict_backbone
重庆军事会议,0,3,0,0,,,context_only
牛头背伏击战,0,2,0,0,,,context_only
青年学艺社,0,1,0,0,,,context_only
整军计划,0,1,0,0,,,context_only
东北解放区,0,1,0,0,,,context_only
中国社会主义青年团第二次全国代表大会,4,14,6,0,,,strict_backbone
宣誓就职大会,0,3,0,0,,,context_only
吴家屯区击敌胜利,0,1,0,0,,,context_only
土地统一分配,0,3,1,0,,,strict_backbone
四渡赤水结束/渡金沙江,0,0,0,0,,,isolated
反奉倒段运动,0,2,2,0,,,strict_backbone
安全北撤部署,0,5,3,0,,,strict_backbone
应变会议,2,4,2,0,,,strict_backbone
张庄寨洪河集暴动,0,3,1,0,,,strict_backbone
濠城战役,0,6,4,0,,,strict_backbone
岳阳解放,0,2,2,0,,,strict_backbone
追剿部署,0,6,1,0,,,strict_backbone
栗子寨八圣庙战斗,0,2,2,0,,,strict_backbone
军事根据地建设,0,3,1,0,,,strict_backbone
七都暴动,2,2,2,0,,,strict_backbone
三·八国际妇女节纪念会,0,3,1,0,,,strict_backbone
盱眙县解放战争时期革命斗争,0,2,2,0,,,strict_backbone
功果桥战斗,0,3,0,0,,,context_only
汤水庙处决叛徒事件,0,5,5,0,,,strict_backbone
南鸿社,1,5,2,0,,,strict_backbone
中俄协定,0,3,0,0,,,context_only
瓦庙集之战,0,1,1,0,,,strict_backbone
民办小学发展,0,5,1,1,,,strict_backbone
打出秦岭逼近西安,0,1,0,0,,,context_only
平塘解放与征粮支前,0,2,2,0,,,strict_backbone
湘阴总队,0,3,0,1,,,context_only
芷江事件,0,5,2,0,,,strict_backbone
四川省党部成立,0,3,0,0,,,context_only
小船会议,1,6,2,0,,,strict_backbone
集中兵力突围,0,4,0,0,,,context_only
葛源暴动失利,0,1,1,0,,,strict_backbone
中共云南省工委反蒋武装斗争,0,3,3,0,,,strict_backbone
三县岭战斗,0,4,4,0,,,strict_backbone
官民冲突,0,2,1,0,,,strict_backbone
余干农民运动,3,5,5,0,,,strict_backbone
锦屏解放,0,3,0,0,,,context_only
抗日战争初期统战工作,0,3,2,0,,,strict_backbone
过草地北上,0,2,2,0,,,strict_backbone
雷杰三,0,3,0,0,,,context_only
衡阳战役,1,14,2,1,,,strict_backbone
吉安暴动,0,3,1,1,,,strict_backbone
立案备案,0,2,0,0,,,context_only
马登暴动,0,5,3,0,,,strict_backbone
建黎泰战役,0,10,6,0,,,strict_backbone
雷公山地区合围,2,8,2,1,,,strict_backbone
中共梓潼县第一届党员代表大会,0,5,3,0,,,strict_backbone
横贯社,0,3,0,1,,,context_only
何家营训练班,0,3,0,1,,,context_only
中国共产党第二次全国代表大会,3,21,6,1,,,strict_backbone
土炸弹运送,0,6,2,0,,,strict_backbone
湘口特支,0,3,0,0,,,context_only
浙江五四运动,0,2,2,0,,,strict_backbone
南溪农暴,4,22,14,1,,,strict_backbone
麻城县大队,0,3,0,0,,,context_only
分散隐蔽与恢复工作,0,6,2,0,,,strict_backbone
一·二五游行与高中部停办危机,0,4,0,0,,,context_only
1927年三三一惨案,0,2,1,0,,,strict_backbone
劳模大会,0,2,0,0,,,context_only
捉迷藏式战斗,0,1,0,0,,,context_only
汉阳铁厂罢工,0,6,2,0,,,strict_backbone
麻城交通支前供应网,0,3,0,0,,,context_only
袭击铲子坪/麻江,0,1,0,0,,,context_only
南京抗日救命运动,0,1,0,0,,,context_only
大革命,2,8,5,0,,,strict_backbone
中共沛县特别支部成立大会,0,3,0,0,,,context_only
红三军主力转移,2,2,2,0,,,strict_backbone
昆明机场接管,0,2,2,0,,,strict_backbone
鄂东军区独立师击溃48军175团战斗,0,3,0,0,,,context_only
高文华参加农讲所,0,3,3,0,,,strict_backbone
开远歼敌,0,2,2,0,,,strict_backbone
中国社会主义青年团第三次全国代表大会,0,9,6,0,,,strict_backbone
鲁坚,0,3,3,0,,,strict_backbone
蕲县常备队歼灭战,0,6,4,0,,,strict_backbone
中华联合通讯社,0,5,2,0,,,strict_backbone
入团教育活动,0,3,1,0,,,strict_backbone
地维警在赣州的斗争,0,1,0,0,,,context_only
文教改革会议,0,3,1,0,,,strict_backbone
程万昌处决事件,0,6,1,0,,,strict_backbone
武汉地下组织,0,3,0,0,,,context_only
武装护送,1,6,1,0,,,strict_backbone
暑期复习班,0,1,0,0,,,context_only
《少年飘泊者》,0,2,0,0,,,context_only
广西百色起义,1,1,1,0,,,strict_backbone
北伐攻打武昌,0,2,2,0,,,strict_backbone
提灯大游行,0,4,1,0,,,strict_backbone
仙居县接管行动,0,3,0,0,,,context_only
武汉人民解放先锋、队电信局小组,0,1,0,0,,,context_only
四打掘港,0,5,5,0,,,strict_backbone
川军起义,0,1,0,0,,,context_only
汉口人力车罢工,1,5,1,0,,,strict_backbone
婺源反'清剿'斗争,1,5,2,0,,,strict_backbone
个旧解放与鸡街车站遭遇战,0,3,3,0,,,strict_backbone
农村暴动,0,1,1,0,,,strict_backbone
夜间撤退,0,6,3,0,,,strict_backbone
组织整顿与反帝反国民党宣传,0,2,0,0,,,context_only
老虎洞遭遇战,0,2,2,0,,,strict_backbone
缓兵之计与隐蔽转移,0,3,2,0,,,strict_backbone
恢复与发展生产,0,6,0,1,,,context_only
南繁芜总队,0,10,0,0,,,context_only
反“清剿”斗争总结,0,1,0,0,,,context_only
抢占道州城掩护西进,0,4,0,0,,,context_only
红二十五军长征功绩,0,1,0,0,,,context_only
法电“七·二一”惨案,0,3,0,0,,,context_only
中央红军二万五千里长征,0,6,0,0,,,context_only
芦山县苏代表大会,0,1,0,0,,,context_only
瓦窑堡会议,0,3,2,0,,,strict_backbone
西江农民暴动,1,7,6,0,,,strict_backbone
新战士教育计划,0,2,2,0,,,strict_backbone
工商联合会筹备会成立,0,5,3,0,,,strict_backbone
绥阳场战斗,0,1,0,0,,,context_only
群众反清剿斗争,0,1,0,0,,,context_only
弥泸地区党的负责人会议,0,2,0,0,,,context_only
军印刷所,0,3,0,0,,,context_only
鄂西特委改组会议,0,2,2,0,,,strict_backbone
解放时期宣传工作,0,1,0,0,,,context_only
白蒲打援,0,2,1,0,,,strict_backbone
奇袭师宗,0,3,1,1,,,strict_backbone
剪子寨遭遇战,0,13,1,0,,,strict_backbone
上海接收工作,0,6,3,0,,,strict_backbone
军民联欢大会,0,6,2,0,,,strict_backbone
行动方案,0,3,1,0,,,strict_backbone
匪徒砸抢及蔡克勋就义,0,4,1,0,,,strict_backbone
浯溪河战斗,3,11,6,0,,,strict_backbone
中共一大,14,61,29,2,,,strict_backbone
苏皖边区游击总队,0,2,0,0,,,context_only
争取廖启书投诚,0,1,0,0,,,context_only
湘赣边界各县农民起义,0,2,0,0,,,context_only
彭水渡江夺船,0,3,1,0,,,strict_backbone
车佛山武装整训,0,2,2,0,,,strict_backbone
天目山三次反顽战役,0,3,3,0,,,strict_backbone
‘农抗’反‘三征’,0,3,1,0,,,strict_backbone
保存有生力量、坚持原地斗争,0,1,0,0,,,context_only
诉苦/阶级仇恨,0,0,0,0,,,isolated
瓦解匪众,0,3,0,0,,,context_only
支前总结与筹粮,0,2,0,0,,,context_only
飞越岭战斗,0,2,2,0,,,strict_backbone
湖南职工运动,0,3,0,0,,,context_only
沪案后援会,1,12,3,1,,,strict_backbone
北伐军挺进湖南,0,3,3,0,,,strict_backbone
传达中央指示与开展群众性游击战争,0,4,2,0,,,strict_backbone
长征正明,0,2,0,0,,,context_only
土匪斗争,0,1,0,0,,,context_only
陈明仁起义,0,4,1,1,,,strict_backbone
泸西县解放,0,2,2,0,,,strict_backbone
公安处接收,0,1,0,0,,,context_only
余泽鸿部窜黔事件,0,2,2,0,1935-10-01,1935-10-31,strict_backbone
分三路包围余江城,2,5,3,0,,,strict_backbone
抗日救亡话剧演出,0,3,1,0,,,strict_backbone
黎平会议历史地位,0,2,1,0,,,strict_backbone
义军北上,0,3,3,0,,,strict_backbone
两军团木黄会师,0,5,3,0,,,strict_backbone
板桥镇伏击战,0,2,0,0,,,context_only
各族各界代表大会,0,1,0,0,,,context_only
革命精神传承会议,0,2,2,0,,,strict_backbone
江口起义,2,12,7,1,,,strict_backbone
反日游行,0,1,0,0,,,context_only
减免赎费斗争,0,1,0,0,,,context_only
靖军,0,3,1,0,,,strict_backbone
三查运动与重建干校,0,3,1,0,,,strict_backbone
放弃辰溪溆浦/西渡沅水,0,2,2,0,,,strict_backbone
解放羊场坝,0,2,2,0,,,strict_backbone
关门主义,0,5,0,0,,,context_only
山东解放区,0,1,0,0,,,context_only
一八四师起义,0,2,2,0,,,strict_backbone
重庆政治协商会议,1,21,4,1,1946-01-01,1946-01-31,strict_backbone
江北县左派国民党成立,0,10,2,0,,,strict_backbone
导江兰球队,0,2,0,0,,,context_only
大柏圩子反动巢穴清除,0,1,0,0,,,context_only
弋阳农民暴动,0,3,0,0,,,context_only
三青团破坏活动,0,3,1,0,,,strict_backbone
马克思主义学习运动,0,3,2,0,,,strict_backbone
东纵北上与粤赣边游击,1,5,2,0,,,strict_backbone
保卫粮食行动,0,4,2,0,,,strict_backbone
乐平秋坝之战,0,3,0,0,,,context_only
卫岗伏击战,0,13,5,1,,,strict_backbone
《烈士传》第二辑审稿会,0,5,2,1,,,strict_backbone
板桥一战,0,5,2,0,,,strict_backbone
合中事件,0,3,1,1,,,strict_backbone
打骑兵训练,0,2,0,0,,,context_only
反贪官污吏斗争,0,9,9,0,,,strict_backbone
贵州打仗,0,2,2,0,,,strict_backbone
剿匪经验总结,0,1,0,0,,,context_only
重庆惨案,0,18,3,1,,,strict_backbone
巡检村伏击战,0,1,0,0,,,context_only
赤色教导军,0,3,0,0,,,context_only
策反川军,0,6,1,0,,,strict_backbone
三一·八运动,1,2,2,0,,,strict_backbone
高饶事件,0,3,0,0,,,context_only
击溃进扰/奔袭漂寨,0,1,1,0,,,strict_backbone
保卫武汉,0,6,0,0,,,context_only
回洪湖行动,0,4,4,0,,,strict_backbone
歙县岩寺青年救亡干部训练班,0,3,1,0,,,strict_backbone
分配土地,1,16,4,1,,,strict_backbone
安源工人总暴动,0,7,0,0,,,context_only
湘赣边割据,1,3,3,0,,,strict_backbone
回顾贵州解放初期工作,0,3,0,0,,,context_only
清剿与开辟边缘县城,0,3,3,0,,,strict_backbone
盐巴运输斗争,1,1,1,0,,,strict_backbone
涂井盐厂党支部建立事件,0,4,0,0,,,context_only
西南工作服务团,0,2,2,0,,,strict_backbone
三·一命惨案,0,2,0,0,,,context_only
抗演第六队,0,3,0,1,,,context_only
政治学习与统战工作,0,1,1,0,,,strict_backbone
《战斗报》,0,27,1,0,,,strict_backbone
托匪活动,1,6,6,0,,,strict_backbone
阎家场战斗,0,8,5,0,,,strict_backbone
小马庄保卫战,0,3,0,0,,,context_only
将军山战役,7,39,13,3,1927-08-01,1937-07-06,strict_backbone
湄潭县文教接管组,0,7,0,0,,,context_only
没收征收与查田分配,0,3,1,1,,,strict_backbone
新民主主义军人同盟(新军盟),0,1,0,0,,,context_only
卫生运动训令,0,1,0,0,,,context_only
夜袭横峰城,0,7,5,0,,,strict_backbone
敌伪据点,0,5,1,1,,,strict_backbone
粤汉路工人运动,1,2,2,0,,,strict_backbone
皖南事件,1,8,3,0,,,strict_backbone
反“强化”编查保甲,0,4,2,1,,,strict_backbone
欢迎大会,1,9,1,1,,,strict_backbone
渔沟战斗,0,3,0,0,,,context_only
武工队出击敌人,0,3,0,1,,,context_only
宿怀县党史整理,0,3,1,0,,,strict_backbone
滇西土司制度,0,3,0,0,,,context_only
治安联防小组,1,2,2,0,,,strict_backbone
南昌市各界人民迎接解放大会,0,5,5,0,,,strict_backbone
天宝大尖战斗,0,3,3,0,,,strict_backbone
解放军入乡行动,1,6,1,1,,,strict_backbone
苏南民运工作,0,2,0,0,,,context_only
川西北第一路红军成立,1,4,2,0,,,strict_backbone
三路围剿,0,2,2,0,,,strict_backbone
国民革命联合战线,0,5,2,0,,,strict_backbone
安亭事件,2,3,3,0,,,strict_backbone
军民团结抗战,1,1,1,0,,,strict_backbone
川陕苏区反帝斗争,0,4,0,0,,,context_only
北碚农民运动,0,4,4,0,,,strict_backbone
布尔塞维克化,1,3,1,0,,,strict_backbone
湘西剿匪,0,11,9,0,,,strict_backbone
中国共产党乐安县第一次党员代表大会,0,3,1,0,,,strict_backbone
赤色铁机工人联合会,0,3,3,0,,,strict_backbone
争取解放战士,0,3,1,0,,,strict_backbone
苏北根据地建设,0,3,0,0,,,context_only
三查三整运动,0,11,1,0,,,strict_backbone
黄平战役,0,3,3,0,,,strict_backbone
六盘水武装斗争,0,3,0,0,,,context_only
红四军成立,0,5,5,0,,,strict_backbone
妇女斗争,0,3,1,1,,,strict_backbone
四川农民运动,0,9,5,1,,,strict_backbone
执行剿匪政策,0,3,0,0,,,context_only
没收地主财产,0,3,1,0,,,strict_backbone
首届人民代表大会,0,3,1,1,,,strict_backbone
郎岱农村革命武装暴动,1,2,2,0,,,strict_backbone
刘鹤鸣团,0,3,0,0,,,context_only
抗敌公学,0,3,0,0,,,context_only
特别党员发展工作,0,2,2,0,,,strict_backbone
黄庙战斗,0,5,0,0,,,context_only
审讯与释放,0,5,0,0,,,context_only
常德战斗胜利,0,1,0,0,,,context_only
舍会山反“清乡”斗争,0,3,0,0,,,context_only
收回大沙坪事件,1,1,1,0,,,strict_backbone
江左军/江右军,0,0,0,0,,,isolated
桃花山战斗,0,5,2,1,,,strict_backbone
锄奸肃特,0,3,0,0,,,context_only
武汉学生集会,0,3,1,0,,,strict_backbone
宁远县接管建政,0,3,0,0,,,context_only
雷山会战,0,1,0,0,,,context_only
里佳山战斗,0,4,0,0,,,context_only
虎南二月暴动,0,5,2,0,,,strict_backbone
第三师大会,0,3,0,0,,,context_only
宣传政策,1,13,1,0,,,strict_backbone
丽江各界人民庆祝大会,0,3,2,0,,,strict_backbone
步前片暴动追击,0,2,2,0,,,strict_backbone
涪陵国民会议促成会,0,2,0,0,,,context_only
万年城之役,0,3,1,1,,,strict_backbone
邝继勋旅暴动,0,2,2,0,,,strict_backbone
皖南敌后斗争,0,4,0,0,,,context_only
龙光章追悼会,0,3,0,0,,,context_only
股匪分布暴乱,0,2,2,0,,,strict_backbone
白云寺战斗,0,2,2,0,,,strict_backbone
镇远新光书店抗日救亡,0,3,1,0,,,strict_backbone
綦江农民运动,0,3,3,0,,,strict_backbone
萧县斗争,1,5,2,0,,,strict_backbone
义卖助学运动,0,1,1,0,,,strict_backbone
新田村战斗,0,2,0,0,,,context_only
雪岗老龙岗担架队支前,0,1,1,0,,,strict_backbone
航发厂护厂斗争,0,5,5,0,,,strict_backbone
鄂豫解放区,0,3,0,0,,,context_only
毕节失陷,0,5,1,1,,,strict_backbone
工农通信运动,0,5,3,1,1927-01-01,1937-12-31,strict_backbone
漆工镇保卫战,0,2,0,0,,,context_only
涟西实业社,0,3,1,0,,,strict_backbone
洞庭风浪追捕,0,3,3,0,,,strict_backbone
农民围攻长沙,2,2,2,0,,,strict_backbone
宜昌沙市各界抵制日货活动,0,6,2,1,,,strict_backbone
《火星社》,0,4,1,0,,,strict_backbone
紫云地区武装斗争,0,4,4,0,,,strict_backbone
武昌阅马场讨蒋大会,1,3,1,0,,,strict_backbone
空军起义人员,0,1,0,0,,,context_only
占领酉阳县城,0,3,0,0,,,context_only
清理财产运动,0,6,0,0,,,context_only
黄浦军校第三期毕业,0,3,0,0,,,context_only
贵州白军俘虏兵转化工作,0,6,2,0,,,strict_backbone
肖刚事件,0,2,0,0,,,context_only
五州后援会,0,1,0,0,,,context_only
湖南/湖北农民运动,0,0,0,0,,,isolated
破坏功果桥,0,4,2,0,,,strict_backbone
反映革命斗争历程,0,1,0,0,,,context_only
东渡乌江,3,3,3,0,,,strict_backbone
鲍家集阻击/诱敌深入,0,1,0,0,,,context_only
两县联席会,0,3,0,0,,,context_only
溧阳城攻坚战,0,3,2,0,,,strict_backbone
反帝浪潮,1,5,3,0,,,strict_backbone
侦察道路部署,0,4,3,0,,,strict_backbone
纳雍叛乱平定战斗,0,2,0,0,,,context_only
株萍铁路和安源路矿工人罢工,1,3,1,0,,,strict_backbone
川西战役,0,3,0,0,,,context_only
酃县三月暴动,0,9,9,0,,,strict_backbone
游击队内讧,0,3,1,2,,,strict_backbone
大炼钢铁,1,3,3,0,,,strict_backbone
红军战斗行动,0,9,0,0,,,context_only
强抽壮丁与绑架勒索,0,3,1,0,,,strict_backbone
打倒帝国主义标语运动,1,5,2,0,,,strict_backbone
永嵩支队进攻昭溪城行动,0,1,0,0,,,context_only
南京铁路系统党的紧急会议,2,5,2,1,,,strict_backbone
鄂豫边区第一次代表大会,0,1,0,0,,,context_only
平息暴乱,0,4,0,0,,,context_only
石湖战斗,0,6,3,1,,,strict_backbone
雷司令部成立/培训骨干,0,1,0,0,,,context_only
支援渡江战役,2,23,7,0,1949-01-01,1949-12-31,strict_backbone
民青成员发展,0,5,0,0,,,context_only
颁发土地房产所有证,0,3,1,0,,,strict_backbone
安峰山事件,1,9,3,1,,,strict_backbone
智取子弹任务,0,3,1,0,,,strict_backbone
金银山伏击战,0,3,0,0,,,context_only
邓川士庞村战斗,0,1,1,0,,,strict_backbone
成都分馆查封,0,3,0,0,,,context_only
重庆中美合作所‘11·27’大屠杀,2,19,9,0,,,strict_backbone
益阳县人民政府成立,0,2,0,0,,,context_only
安清帮,0,1,0,0,,,context_only
处决匪首,0,2,0,0,,,context_only
新泉整训,2,2,2,0,,,strict_backbone
开辟淮溪地区斗争,1,2,2,1,1947-01-01,1948-12-31,strict_backbone
省代表大会,0,1,0,0,,,context_only
九一八事变七周年纪念会,0,2,2,0,,,strict_backbone
反帝反军阀群众运动,0,4,4,0,,,strict_backbone
师宗县委成立,0,2,2,0,,,strict_backbone
百纳镇合围,0,1,0,0,,,context_only
迎解放活动/地下斗争,0,2,2,0,,,strict_backbone
纪念活动,0,3,0,0,,,context_only
湖南人民解放突击总队,2,3,2,0,,,strict_backbone
连续斗争,1,6,2,1,,,strict_backbone
宿县抗日游击队建立(伏击日军),0,3,3,0,,,strict_backbone
重庆‘一·二五’运动,0,2,2,0,,,strict_backbone
对商人利用政策,0,2,1,0,,,strict_backbone
高坪战役,0,3,0,0,,,context_only
九江县农民代表大会,0,2,0,0,,,context_only
五卅运动及四一二反革命政变斗争,0,1,1,0,,,strict_backbone
时政教育,0,3,0,1,,,context_only
振华球队/读书会,0,2,1,0,,,strict_backbone
大通矿工罢工,0,3,0,1,,,context_only
生产合作社,0,3,1,0,,,strict_backbone
苏州评弹,0,1,0,0,,,context_only
请派兵助防,0,2,0,0,,,context_only
苏维埃政权工作,0,3,0,0,,,context_only
三查三整盟会,0,2,0,0,,,context_only
土改访贫问苦/破除顾虑,0,1,1,0,,,strict_backbone
鲁迅逝世周年纪念宣传大纲,0,2,2,0,,,strict_backbone
苏北抗盟总会,0,5,2,1,,,strict_backbone
昆明事变,0,3,0,0,,,context_only
五四运动三十周年纪念座谈会,0,2,0,0,,,context_only
忠县人民政府成立,0,1,0,0,,,context_only
肃反运动,2,88,40,5,,,strict_backbone
奉大巫支队成立,0,5,3,0,,,strict_backbone
左翼电影运动,0,1,0,0,,,context_only
三次长沙会战,0,2,2,1,1939-09-01,1939-09-30,strict_backbone
过湖行动,0,3,1,2,,,strict_backbone
草市战斗,0,2,2,0,,,strict_backbone
组织担架队抢救伤员,0,1,1,0,,,strict_backbone
滇西北革命根据地建设,0,3,2,1,,,strict_backbone
禁烟缴枪运动,0,6,0,0,,,context_only
重庆参政会议,0,5,2,0,,,strict_backbone
老闸口战斗,0,1,1,0,,,strict_backbone
乱坟山战斗,0,5,2,0,,,strict_backbone
龙华惨案,0,3,0,0,,,context_only
新四军抗日斗争,0,3,0,0,,,context_only
华蓥山区清剿行动,0,5,2,0,1949-01-01,1949-12-31,strict_backbone
江西农村斗争,1,4,4,1,,,strict_backbone
兄弟烟厂罢工,0,2,0,0,,,context_only
冒充民兵袭击军车,0,3,0,0,,,context_only
查封《忠州报》馆,0,3,1,0,,,strict_backbone
抗日统一战线方针,0,3,0,0,,,context_only
七七抗战周年纪念大会,0,2,2,0,,,strict_backbone
赣县地下共青团,0,3,0,0,,,context_only
反基同盟,0,4,1,0,,,strict_backbone
倒幕运动,0,3,2,0,,,strict_backbone
撞门突入,0,3,0,0,,,context_only
麻浦区抗日民主政权,1,3,1,0,,,strict_backbone
乡民代表大会,0,1,1,0,,,strict_backbone
抗日反帝,0,4,0,0,,,context_only
兵工维修厂,0,3,0,0,,,context_only
戛木战斗,0,3,0,0,,,context_only
反对日本设立领事、斗争,0,1,0,0,,,context_only
联防大队起义,0,1,0,0,,,context_only
牛街青年爱乡会,1,2,2,0,,,strict_backbone
销毁日货斗争,0,2,2,0,,,strict_backbone
文化工作站,0,11,0,0,,,context_only
仪陇城攻克,0,2,2,0,,,strict_backbone
工农业建设,0,1,0,0,,,context_only
发展党员活动,0,72,6,0,,,strict_backbone
黔东武装起义,0,3,2,0,,,strict_backbone
渡江作战部署,0,3,0,0,,,context_only
冷家墙暴动,0,2,2,0,,,strict_backbone
群众文化活动开展,0,3,1,1,,,strict_backbone
阶级斗争教育,0,3,0,0,,,context_only
民主办学,0,5,0,0,,,context_only
鹿冈暴动,2,2,2,0,,,strict_backbone
入城纪律教育,0,1,0,0,,,context_only
部署任务/急行军,0,1,1,0,,,strict_backbone
油盐供应,0,9,2,0,,,strict_backbone
江西农业互助合作运动,2,5,5,1,1953-01-01,1954-12-31,strict_backbone
高坡顶伏击战,0,9,7,0,,,strict_backbone
铁索桥之战,0,3,1,1,,,strict_backbone
谢七满事件,0,1,0,0,,,context_only
七师十九旅,0,3,0,0,,,context_only
打狗运动,0,2,0,0,,,context_only
慰问负伤将士,0,3,0,0,,,context_only
缴清乡财政税,0,1,0,0,,,context_only
新四军成立,0,19,0,0,,,context_only
余干苏区贸易处,0,4,0,0,,,context_only
游行活动,0,2,0,0,,,context_only
白马区创建,0,2,2,0,,,strict_backbone
安源行委,0,3,0,0,,,context_only
三次马厂战斗,0,6,2,1,,,strict_backbone
鸡飞崖战斗,0,1,0,0,,,context_only
支前领导机构建立,0,1,0,0,,,context_only
攻克天险窗子洞战斗,1,2,2,0,,,strict_backbone
滇东南农村武装斗争,0,3,0,0,,,context_only
敌顽夹击斗争,1,2,2,1,,,strict_backbone
地下油印小组,0,3,0,0,,,context_only
警卫队起义行军与马鞍底战斗,1,3,1,0,,,strict_backbone
淮城兵变,0,15,2,1,,,strict_backbone
劳动周刊发刊,0,6,2,3,,,strict_backbone
检溪战斗,0,1,1,0,,,strict_backbone
躲避警察搜查,0,3,0,0,,,context_only
上海工人三次武装起义,7,13,11,0,,,strict_backbone
新青团,0,3,0,0,,,context_only
孙醒,0,3,0,0,,,context_only
毛泽东著作学习,0,1,0,0,,,context_only
六横岛突围,0,2,2,0,,,strict_backbone
剿匪回忆与活捉匪首,0,6,2,0,,,strict_backbone
滇西北人民行政专员公署第一分署成立,0,2,0,0,,,context_only
水口山工人罢工,10,46,29,3,,,strict_backbone
夜袭庙滩,0,3,3,0,,,strict_backbone
维持治安/移交工作,0,1,0,0,,,context_only
机织工厂调查,0,3,0,0,,,context_only
皖江贸易局,0,3,0,1,,,context_only
新场总支委员会成立,0,4,0,0,,,context_only
江苏南京工人集会,0,3,1,1,,,strict_backbone
七·一五反动派镇压事件,0,3,0,1,,,context_only
皖浙赣边三年游击战争,1,3,3,0,,,strict_backbone
黄坪战斗,0,6,3,0,,,strict_backbone
西南土改,0,7,5,1,,,strict_backbone
安边哨战斗,0,3,0,0,,,context_only
内线清剿,0,1,1,0,,,strict_backbone
淮安抗日同盟会,0,5,1,1,,,strict_backbone
策动敌军起义,0,4,4,1,,,strict_backbone
夺取十八盘制高点,0,2,0,0,,,context_only
反军事政治清乡/砸门牌/坚壁清野,0,6,3,0,,,strict_backbone
皖西北游击大队成立,0,5,0,0,,,context_only
农工训练班,1,5,1,0,,,strict_backbone
茅坪事件,0,6,0,0,,,context_only
秘密会议,0,8,3,0,,,strict_backbone
群众悼念,0,1,0,0,,,context_only
丽江常备第三中队,0,11,4,0,,,strict_backbone
士兵暴动,0,1,0,0,,,context_only
抗美援朝宣传,0,11,5,1,,,strict_backbone
茶陵第七区暴动队,1,1,1,0,,,strict_backbone
组织地下武装,0,4,2,1,,,strict_backbone
建筑业民改生产结合,0,3,1,0,,,strict_backbone
游击队建制,0,2,0,0,,,context_only
抗日援绥运动,0,3,2,0,,,strict_backbone
正确对待粮食禁运,0,3,2,0,,,strict_backbone
破路截击敌车队,0,2,2,0,,,strict_backbone
左倾路线,1,20,3,0,,,strict_backbone
航发厂罢工斗争,0,4,4,0,,,strict_backbone
节约运动,0,4,2,0,,,strict_backbone
苗族独立团成立大会,0,3,1,0,,,strict_backbone
自卫队筹建,0,2,1,0,,,strict_backbone
连山坡战斗,0,6,0,0,,,context_only
国民党第七区党部成立,0,2,2,0,,,strict_backbone
同志被改组派引诱自首,0,1,0,0,,,context_only
湘鄂西,0,1,0,0,,,context_only
妇女积极分子成长与送子参军,0,2,1,0,,,strict_backbone
成都解放大会,0,1,1,0,,,strict_backbone
第四届国民参政会第二次会议,0,5,2,0,,,strict_backbone
湖西人民武装抗日义勇队,0,8,5,0,,,strict_backbone
魏洼战斗胜利,0,3,0,0,,,context_only
红五军组建,0,3,1,1,,,strict_backbone
分田分地,0,14,2,1,,,strict_backbone
成立赤卫军模范营,0,3,2,0,,,strict_backbone
叶挺独立团北伐,1,3,3,0,,,strict_backbone
鄂西秋收暴动计划,0,3,0,0,,,context_only
一二·九运动响应,0,2,2,0,,,strict_backbone
六霍暴动,3,8,8,1,,,strict_backbone
襄化店突围事件,0,2,2,0,,,strict_backbone
姜盐解放,0,5,3,0,1948-01-01,1948-12-31,strict_backbone
丙子年红军战斗,0,6,0,0,,,context_only
红二十八军重建,0,3,1,0,,,strict_backbone
初中扩建运动,0,2,0,0,,,context_only
侦缉员,0,3,0,0,,,context_only
白面虎战斗,0,1,0,0,,,context_only
锄奸工作,0,5,1,0,,,strict_backbone
支持参军与烈士牺牲,0,3,0,0,,,context_only
重庆解放大屠杀,0,3,0,0,,,context_only
坝黄场物资交流大会,0,1,0,0,,,context_only
反帝群众大会,1,3,1,1,,,strict_backbone
苗族独立团成立事件,0,3,1,1,,,strict_backbone
淮阴城战斗,0,4,2,0,,,strict_backbone
镇反与劳保实施,0,2,0,0,,,context_only
沪东会议,0,2,2,0,,,strict_backbone
驱逐张敬尧运动,0,3,1,0,,,strict_backbone
南溪地区会议,0,3,0,0,,,context_only
全国苏维埃准备会议,0,1,1,0,,,strict_backbone
收复繁昌战斗,0,5,3,0,,,strict_backbone
南岳幼稚园,0,6,1,0,,,strict_backbone
甸三乡群众工作,0,1,0,0,,,context_only
河沙事件,0,7,2,0,,,strict_backbone
扎西地区游击战争,1,2,2,0,,,strict_backbone
华容县委暴动,0,2,2,0,,,strict_backbone
伏击吴仰陶,0,5,2,0,,,strict_backbone
革命战争公债/经济建设公债,0,0,0,0,,,isolated
聚谈活动,0,6,1,1,,,strict_backbone
党员培训,0,1,1,0,,,strict_backbone
茶园横衣冲战斗,0,1,1,0,,,strict_backbone
《新青年社',1,4,4,0,,,strict_backbone
吴县土地改革,0,3,3,1,1951-01-01,1951-12-31,strict_backbone
常德战役,0,5,4,0,,,strict_backbone
滇西北解放运动,0,1,0,0,,,context_only
汤群墙战斗,0,2,2,0,,,strict_backbone
周坊暴动,0,3,3,0,,,strict_backbone
抢占大桥攻打猫营乡公所,0,6,0,1,,,context_only
淮阴南风凰集战役,1,1,1,0,,,strict_backbone
川南一工委工作会议,0,2,2,0,,,strict_backbone
重庆学生请愿事件,0,6,1,0,,,strict_backbone
乔后井战斗,1,6,4,0,,,strict_backbone
兴义游击团组建,1,2,2,0,,,strict_backbone
基层政权建设,0,3,1,0,,,strict_backbone
宣传鼓动工作策略,0,1,0,0,,,context_only
大埔农民暴动,0,3,1,0,,,strict_backbone
攻破子母堡,0,2,2,0,,,strict_backbone
四姑墩战斗,0,3,0,0,,,context_only
护送知识青年去解放区,1,3,3,1,1948-01-01,1948-12-31,strict_backbone
铜仁整编,0,3,1,0,,,strict_backbone
中共苏区中央局会议,0,7,4,0,,,strict_backbone
民主改革与合理化建议,0,3,1,0,,,strict_backbone
接管伪专署,0,3,0,0,,,context_only
兰坪县城解放,0,5,3,0,,,strict_backbone
财政会议,0,9,0,0,,,context_only
迎接野战军入滇解放云南全省,0,4,4,0,1950-03-01,1950-03-31,strict_backbone
苏南敌后抗日民主政权建设,1,4,4,0,,,strict_backbone
农村武装斗争,0,5,0,0,,,context_only
占领里昂中法大学事件,0,5,0,0,,,context_only
游击队生活,0,3,1,0,,,strict_backbone
湘江战役/阻击追敌,0,1,0,0,,,context_only
战斗,1,42,12,0,,,strict_backbone
丹北特别党支部成立,0,2,2,0,,,strict_backbone
桃园会合,0,3,0,0,,,context_only
罗坊调查,0,2,2,0,,,strict_backbone
重庆-贵阳路线,0,1,0,0,,,context_only
党内两条战线斗争,0,1,0,0,,,context_only
三反斗争,1,11,5,0,,,strict_backbone
‘绿社’,0,1,1,0,,,strict_backbone
锦屏县和平解放,1,5,4,1,1949-01-01,1949-12-31,strict_backbone
漆工暴动,0,3,3,0,,,strict_backbone
个碧铁路工人罢工,0,2,2,0,,,strict_backbone
紧石英号事件,0,1,0,0,,,context_only
渡江的伟大胜利,0,3,0,0,,,context_only
文研/社研,0,2,1,0,,,strict_backbone
工人阶级斗争,1,3,3,0,,,strict_backbone
七路围攻,1,3,2,0,,,strict_backbone
邵村战斗,1,4,4,0,,,strict_backbone
蕉涧溪战斗与复仇,0,5,2,0,,,strict_backbone
渡江行动,0,65,32,0,,,strict_backbone
芭蕉坨战斗,0,3,0,0,,,context_only
织金和平解放,1,4,4,0,,,strict_backbone
常德二女师事件,0,3,0,0,,,context_only
湖南通道会议,0,2,2,0,,,strict_backbone
东路军行动,0,1,1,0,,,strict_backbone
剿匪抗日,0,1,0,0,,,context_only
杨岐山武装起义,2,5,2,2,,,strict_backbone
怀化县各界代表会议,0,2,0,0,,,context_only
中国职工运动简史,0,1,0,0,,,context_only
汉口警察局策反,0,2,2,0,,,strict_backbone
各族各界人民代表大会,0,3,1,0,,,strict_backbone
粮点掩护工作,0,1,1,0,,,strict_backbone
涪陵-重庆-合川党组织事件,0,3,1,0,,,strict_backbone
赣州工人罢工斗争,0,2,2,0,,,strict_backbone
军代表入城接管,0,3,0,0,,,context_only
破坏铁路/公路/电线,0,1,1,0,,,strict_backbone
老韩圩子战斗,0,2,2,0,,,strict_backbone
南京解放接管工作,0,7,7,0,,,strict_backbone
颁发《土地证》,0,3,0,1,,,context_only
施秉围剿战,0,3,3,0,,,strict_backbone
成立人民自卫总队,0,2,2,0,,,strict_backbone
汉口学生迎接解放联合会,0,3,0,0,,,context_only
武汉外围战役,0,3,0,0,,,context_only
坝盘战斗,0,2,2,0,,,strict_backbone
第二届中央执行委员会第一次会议,0,3,2,0,,,strict_backbone
筹粮与照顾藏民,0,3,1,0,,,strict_backbone
北方老解放区骨干同志,0,1,0,0,,,context_only
农民抗捐斗争,2,8,5,1,,,strict_backbone
指挥防空救护/抢救伤员,0,1,1,0,,,strict_backbone
秘密县委成立,0,2,0,0,,,context_only
粤海关事件,0,3,0,0,,,context_only
太平洋劳动会议,2,4,4,0,,,strict_backbone
户籍干事,0,4,0,0,,,context_only
广东工团军成立,0,1,0,0,,,context_only
第一师范学生反日反袁斗争,0,1,1,0,,,strict_backbone
浙东暴动计划,0,12,4,0,,,strict_backbone
总暴动准备与时间估量争论,0,6,1,0,,,strict_backbone
静观场农民运动,2,9,6,0,1923-01-01,1927-12-31,strict_backbone
昆明师院民主运动,0,8,0,0,,,context_only
格宜春节起义,0,3,3,0,,,strict_backbone
组织工人罢工,0,2,2,0,,,strict_backbone
赣北革命武装斗争,1,3,3,0,,,strict_backbone
新民主主义青年联合会,0,3,0,0,,,context_only
群众支前,0,10,1,1,,,strict_backbone
支前/减租减息/剿匪反霸,0,0,0,0,,,isolated
工农暴动,1,7,2,0,,,strict_backbone
守山坝县战役,0,1,1,0,,,strict_backbone
长征出发/停战谈判,0,2,2,0,,,strict_backbone
高良特区建设,1,4,4,0,,,strict_backbone
牺牲事件,1,3,3,0,,,strict_backbone
空山坝军事会议,0,1,0,0,,,context_only
保安团行动,0,3,0,0,,,context_only
五一劳动节特号,0,4,0,0,,,context_only
地下交通联络,0,7,3,0,,,strict_backbone
三线建设,0,5,2,0,,,strict_backbone
工农民主政权建设,0,3,0,0,,,context_only
解放龙孔等乡,0,1,1,0,,,strict_backbone
减租反三征活动,0,2,1,0,,,strict_backbone
纠察队行动,0,5,2,0,1949-01-01,1949-12-31,strict_backbone
石门岭歼灭战,0,3,3,0,,,strict_backbone
宜威两面两重政权,0,3,0,0,,,context_only
新丰车站夜袭,0,3,3,0,,,strict_backbone
1935年春自首潮,0,3,2,0,,,strict_backbone
奉节党史资料,0,3,0,0,,,context_only
渡江会师南京,0,3,0,0,,,context_only
株洲暴动,0,10,1,3,,,strict_backbone
护厂团,0,3,1,1,,,strict_backbone
繁昌民运工作,0,3,1,0,,,strict_backbone
黄陂歼灭战,0,2,2,0,,,strict_backbone
滇黔边活动,0,2,2,0,,,strict_backbone
1948年华蓥山围剿事件,0,3,1,0,,,strict_backbone
创作长征诗抄,0,2,0,0,,,context_only
张轸起义,0,1,0,0,,,context_only
秘密通讯活动,0,4,1,1,,,strict_backbone
湘潭农运,0,5,3,1,,,strict_backbone
遂宁大石桥起义,0,2,2,0,,,strict_backbone
杨岐山武装暴动,0,5,0,1,,,context_only
安顺县议会,0,1,1,0,,,strict_backbone
中共中央西南局成立,0,1,0,0,,,context_only
宁远县党支部成立,0,6,1,0,,,strict_backbone
金沙区反清乡斗争,0,4,4,0,1940-01-01,1943-12-31,strict_backbone
青岛日资纱厂工人罢工,0,4,4,0,,,strict_backbone
江南新区工作,1,5,2,0,,,strict_backbone
党员审查工作,1,5,1,1,,,strict_backbone
勐海城子景竜傣族自卫队,0,3,0,0,,,context_only
武汉解放区,0,9,0,1,,,context_only
石首战斗,0,2,2,0,,,strict_backbone
皖南分粮斗争高潮,0,3,2,0,,,strict_backbone
邮电系统工运,0,1,1,0,,,strict_backbone
兵变计划,0,4,0,0,,,context_only
时事座谈会,0,1,1,0,,,strict_backbone
湘赣边界第一次代表大会,0,3,3,0,,,strict_backbone
龙溪游击大队,0,2,2,0,,,strict_backbone
反对门户捐斗争,0,3,1,0,,,strict_backbone
饥民暴动和抗税斗争,0,3,1,0,,,strict_backbone
霍丘战斗,0,2,2,0,,,strict_backbone
沭阳警备司令部,2,6,2,0,,,strict_backbone
《烽火》,0,9,2,0,,,strict_backbone
沭阳西庄据点起义,0,2,0,0,,,context_only
土地改革工作会议,0,2,2,1,1949-01-01,1949-12-31,strict_backbone
毕塔保卫战,0,2,0,0,,,context_only
重庆文化界茶会,0,4,2,0,,,strict_backbone
桂子山战斗,0,13,7,0,,,strict_backbone
开化军管会,0,3,0,0,,,context_only
刘湖阻击战,0,3,0,0,,,context_only
自卫战斗争讲评材料,0,3,0,0,,,context_only
长沙反攻战役,0,3,2,0,,,strict_backbone
重庆解放后工作,1,2,2,0,,,strict_backbone
同情罢工,0,3,0,0,,,context_only
安源保卫战,3,9,4,0,,,strict_backbone
保安营,0,2,0,0,,,context_only
柘汪战役,1,3,3,0,,,strict_backbone
清真寺宣讲革命历史,0,6,1,1,,,strict_backbone
华阳游击战争开展,0,1,0,0,,,context_only
湘鄂西革命根据地创建,0,3,0,0,,,context_only
《新时代》周刊,0,1,0,0,,,context_only
武汉‘一二九’学生运动,0,2,2,0,,,strict_backbone
民主联合政府谈判,0,1,0,0,,,context_only
三十万封慰劳信运动,0,1,0,0,,,context_only
鲁迅先生纪念活动,0,3,0,0,,,context_only
改造地形,0,8,3,1,,,strict_backbone
马龙游击大队阻击战,0,1,0,0,,,context_only
鸡鸣三省会议,1,47,19,1,,,strict_backbone
西进部队行动,0,2,0,0,,,context_only
根据地创建,0,1,0,0,,,context_only
鄂西特委扩大会议,0,3,0,0,,,context_only
永涡县建立,0,5,2,0,,,strict_backbone
大田战斗,2,3,3,0,,,strict_backbone
南腰界区苏维埃成立大会,0,1,0,0,,,context_only
顽强斗争英勇保卫,0,3,0,0,,,context_only
中共湘潭城区支部成立,0,1,0,0,,,context_only
华中各根据地粮食困难问题,0,5,3,0,,,strict_backbone
乡军民武装斗争,0,3,0,0,,,context_only
四野过境从江,0,5,3,0,,,strict_backbone
五次反‘扫荡’,0,3,0,1,,,context_only
宁汉之战,0,3,1,0,,,strict_backbone
石臼湖战役,0,1,1,0,,,strict_backbone
九老山战斗,0,3,0,0,,,context_only
奔赴延安途中,0,1,0,0,,,context_only
菜子坳战斗,1,2,2,0,,,strict_backbone
'五反'运动,0,24,8,1,1949-01-01,1949-12-31,strict_backbone
反教驱教运动,0,2,2,0,,,strict_backbone
成立红色组织,0,3,0,0,,,context_only
水西渡战斗,0,2,2,0,,,strict_backbone
昆明学生抗敌后援会,1,2,2,0,,,strict_backbone
金家寨战役,0,2,2,0,,,strict_backbone
‘三征’斗争,0,2,2,0,,,strict_backbone
结拜金兰,0,3,0,0,,,context_only
南昌行营谈判,0,6,1,0,,,strict_backbone
严惩匪首恶霸,0,1,0,0,,,context_only
七·七事变后工人斗争,0,3,1,1,,,strict_backbone
土地改革运动,33,402,184,8,1924-01-01,1949-09-30,strict_backbone
水田寨起义,1,2,2,0,,,strict_backbone
大革命初期反帝反封建斗争,0,2,2,0,1920-01-01,1920-12-31,strict_backbone
第五次肃反,0,2,1,0,,,strict_backbone
池口暴动,0,2,2,0,,,strict_backbone
双江镇妇女识字班,0,2,0,0,,,context_only
八寨斗争,0,2,2,1,1929-01-01,1929-12-31,strict_backbone
日军进攻行动,0,1,0,0,,,context_only
接管县机关与改造旧武装,0,5,2,0,,,strict_backbone
武汉地委改组,0,2,0,0,,,context_only
永嵩支队进攻昭通城行动,0,2,0,0,,,context_only
红四军冬季整训,0,2,2,0,,,strict_backbone
成都工人运动,0,6,3,0,,,strict_backbone
南京人民革命斗争,0,3,0,0,,,context_only
湖南党组织会议,0,2,2,0,,,strict_backbone
广播宣传,1,1,1,0,,,strict_backbone
发表纪念文章,0,3,0,0,,,context_only
许克祥叛乱,0,2,0,0,,,context_only
淮宝担架团支援渡江战役,3,4,4,0,,,strict_backbone
红路口突围,0,1,1,0,,,strict_backbone
《改造报》发行,0,3,0,0,,,context_only
慈坝战斗,0,5,0,1,,,context_only
襄南解放区,1,14,3,0,,,strict_backbone
金沙县人民政府成立,1,2,2,0,,,strict_backbone
反“封锁”斗争、破坏竹篱笆、强攻据点,0,0,0,0,,,isolated
路南天生关歼敌战斗,0,1,0,0,,,context_only
夏邑县八里庄战斗,0,2,2,0,,,strict_backbone
革命文娱活动,0,3,0,0,,,context_only
皖东北抗日根据地斗争,1,1,1,0,,,strict_backbone
罗塘至善小学、村背村会议,0,1,1,0,,,strict_backbone
湘赣独立省会议,0,2,0,0,,,context_only
江西南昌起义,1,2,1,0,,,strict_backbone
四·二暴动,0,19,12,2,,,strict_backbone
南昌市学运组织,0,2,1,0,,,strict_backbone
九游纵队起义,0,5,2,0,,,strict_backbone
滇南追击战役,0,9,3,1,,,strict_backbone
湘、赣、闽、粤工农革命运动,0,0,0,0,,,isolated
肃反扩大化运动,0,18,8,1,1930-01-01,1930-12-31,strict_backbone
朱家山地区清剿,0,10,0,0,,,context_only
昆明解放,0,10,4,0,,,strict_backbone
姜埝战斗,0,2,2,0,,,strict_backbone
统一战线政策讨论,0,2,2,0,,,strict_backbone
夜袭王店战斗,0,3,3,0,,,strict_backbone
陂头联席会议,0,3,1,0,,,strict_backbone
土改复查运动,2,17,15,1,1940-01-01,1940-12-31,strict_backbone
分鸦片给穷人,0,3,1,0,,,strict_backbone
洪码头战斗,0,3,0,0,,,context_only
栗子乡抗粮斗争,0,4,4,0,1948-01-01,1949-12-31,strict_backbone
人民政协代表,0,1,0,0,,,context_only
茶陵县妇联会组建,0,2,2,0,,,strict_backbone
镇压匪首张加言,0,6,2,1,,,strict_backbone
南昌八一建军运动,0,6,6,0,,,strict_backbone
盐阜区民兵发展有利条件,0,7,0,0,,,context_only
改造四类分子,0,3,0,0,,,context_only
宣当芜游击大队,0,3,0,0,,,context_only
金沟围困战斗,1,6,1,1,,,strict_backbone
土城战役,0,22,8,1,,,strict_backbone
宣威边游击大队,0,1,0,0,,,context_only
职工思想改造运动,0,3,1,0,,,strict_backbone
打麻城,0,3,0,0,,,context_only
永胜梁官战斗,1,2,2,0,,,strict_backbone
黑河卡缴枪行动,0,2,1,0,,,strict_backbone
中共綦江县委秘密成立,0,3,0,0,,,context_only
丹寨警备营,0,4,2,0,,,strict_backbone
汉口工人罢工,0,5,3,0,,,strict_backbone
零陵县人民政府成立,0,5,0,0,,,context_only
南京市国民党员大会,1,2,2,0,,,strict_backbone
小沙东海战,2,4,4,0,,,strict_backbone
贵秋东暴动,0,2,2,0,,,strict_backbone
昆明北郊农民翻身会,3,10,5,0,,,strict_backbone
中共中央第五次全国代表大会,0,1,0,0,,,context_only
旧乡保人员改造,0,3,1,0,,,strict_backbone
反扫荡反蚕食斗争,0,2,2,1,1942-01-01,1943-12-31,strict_backbone
"团结人民,迎接胜利",0,1,0,0,,,context_only
湘潭锰矿工人罢工,0,2,0,0,,,context_only
抢占迎口/手榴弹炸敌,0,2,2,0,,,strict_backbone
抢米阴谋,2,2,2,0,,,strict_backbone
苏维埃乡政府成立,0,3,0,0,,,context_only
开辟高宝地区斗争,0,5,2,0,,,strict_backbone
巧夺十八盘战斗,0,2,2,0,,,strict_backbone
反霸清算,0,3,1,0,,,strict_backbone
三反五反,0,2,0,0,,,context_only
起义部署,0,4,2,0,,,strict_backbone
行军纪律,0,3,0,0,,,context_only
大革命时期工人运动,0,6,0,0,,,context_only
南腰界区苏维埃成立,0,3,0,0,,,context_only
陈家珪老师追悼会,0,3,1,1,,,strict_backbone
入党仪式,0,6,1,0,,,strict_backbone
福贡人民自治大会,0,2,2,0,,,strict_backbone
将台营战斗,3,8,4,0,,,strict_backbone
红二十五军七十三师政委,0,2,0,0,,,context_only
共产国际联络工作,0,3,0,0,,,context_only
伏击伪军,0,2,2,0,,,strict_backbone
川陕革命根据地创建,0,5,3,0,,,strict_backbone
俄国十月革命,0,4,1,0,,,strict_backbone
斗蓬冲锋战斗全歼曹匪,0,1,0,0,,,context_only
反拥反抢反丁反谣,0,2,0,0,,,context_only
湘省本地学生运动,1,2,2,0,,,strict_backbone
打翻川军,0,2,2,0,,,strict_backbone
攻打织金县城,2,5,2,1,,,strict_backbone
广汉农民互助会,0,2,1,0,,,strict_backbone
易武保卫战,0,5,2,0,,,strict_backbone
张庄寨武装暴动,1,4,4,0,1930-01-01,1930-12-31,strict_backbone
红一方面军战略退却,0,5,1,0,,,strict_backbone
逸园会议,0,5,0,0,,,context_only
中国共产党垫江县委员会成立,0,6,0,0,,,context_only
抗日反蒋统一战线,0,1,0,0,,,context_only
叛变事件,1,6,1,0,,,strict_backbone
对敌斗争策略,0,1,0,0,,,context_only
武汉城市暴动与破坏队组织计划,0,1,0,0,,,context_only
北撤渡江,0,3,0,0,,,context_only
老木孔战斗打响,0,4,3,0,,,strict_backbone
谈判/放回纪雄条件,0,1,0,0,,,context_only
湘南工农兵代表会议,0,8,0,0,,,context_only
七八暴动,1,6,6,0,,,strict_backbone
国民党五十一师一五二旅,0,3,0,0,,,context_only
安化县第四区人民政府成立,0,1,0,0,,,context_only
郑坊靖卫团,0,3,0,0,,,context_only
反蒋运动,0,2,2,0,,,strict_backbone
石湾窑业工会罢工,0,1,1,0,,,strict_backbone
宣传工作方针,0,6,0,0,,,context_only
江防军学生队,1,8,4,1,,,strict_backbone
剑朗合围总结,0,1,1,0,,,strict_backbone
南昌起义准备,0,1,1,0,,,strict_backbone
反帝拥护苏联大同盟第一次代表大会,0,3,0,0,,,context_only
武工组,0,4,0,0,,,context_only
抗战艺术社,0,3,0,1,,,context_only
调整兵力部署,1,3,2,0,,,strict_backbone
黄梅战役,0,3,2,0,,,strict_backbone
杀害东坡乡乡长李庆元,0,4,0,1,,,context_only
湘南游击总队,0,5,0,0,,,context_only
洪湖地区肃反扩大化问题,0,3,0,0,,,context_only
解放战争时期斗争,0,6,0,0,,,context_only
红二、红六军团东出战役,0,4,0,0,,,context_only
瓮城河抢渡,0,3,0,0,,,context_only
创建《三乙周刊》,0,5,3,0,,,strict_backbone
龙陵县解放,0,9,0,1,,,context_only
豫皖苏边区反顽斗争,0,6,3,2,,,strict_backbone
攻摘杨家洞战斗,0,1,0,0,,,context_only
第三次工人武装民心起义,0,1,1,0,,,strict_backbone
攻打沅陵城,2,2,2,0,,,strict_backbone
苏南政权建设,0,4,4,1,1941-01-01,1941-12-31,strict_backbone
白龙潭煮月亮饭盟誓,0,3,0,0,,,context_only
对外贸易,0,2,0,0,,,context_only
烈士诗作,0,1,0,0,,,context_only
集结于都与休整,0,4,0,0,,,context_only
海校扩大会议,0,2,2,0,,,strict_backbone
时村攻克,0,3,1,0,,,strict_backbone
物资交流会,0,1,0,0,,,context_only
胡家沟村苏维埃政权,0,3,1,0,,,strict_backbone
永州解放,0,5,3,0,,,strict_backbone
剿匪工作会议/农会防匪/各界代表会议/妇女联合会,0,2,2,0,,,strict_backbone
过江行动,0,2,2,0,,,strict_backbone
农民互助会,0,6,0,0,,,context_only
空室清野,0,3,0,0,,,context_only
进逼道州夺取浮桥,0,5,0,0,,,context_only
组织民兵清匪反霸,0,3,1,1,,,strict_backbone
经济调查,0,2,0,0,,,context_only
反对日本帝国主义斗争,0,4,4,0,,,strict_backbone
顺(庆)泸(州)起义,1,3,3,0,,,strict_backbone
南岔、赤溪河战斗,0,0,0,0,,,isolated
镇压阶级敌人反扑,0,3,0,0,,,context_only
溧水县(后溧高县)抗日民主政权建设,0,5,2,0,,,strict_backbone
全县各族代表会议,0,1,0,0,,,context_only
组建还乡团,0,3,1,0,,,strict_backbone
偏田桥战斗,0,5,3,0,,,strict_backbone
二、六军团西进行动,0,0,0,0,,,isolated
肃反斗争,0,17,4,2,1955-01-01,1956-12-31,strict_backbone
营山渠县战役,0,5,2,0,,,strict_backbone
林祥战役,0,3,1,1,,,strict_backbone
攻占乌罗与武装暴动,2,2,2,0,,,strict_backbone
西山(可邑)战役,0,3,1,1,,,strict_backbone
五一起义,0,4,2,0,,,strict_backbone
中共四川省委扩大会议,0,1,0,0,,,context_only
征粮剿匪,0,10,6,1,,,strict_backbone
政治动员与物资准备,0,3,1,0,,,strict_backbone
慰劳队活动,0,7,0,0,,,context_only
刘邓大军挺进大别山的战略,0,3,3,0,,,strict_backbone
匪徒组织与活动分析,0,4,1,0,,,strict_backbone
重庆合训所,0,3,0,0,,,context_only
青浦暴动,0,3,1,0,,,strict_backbone
红五军军委扩大会议,1,4,2,3,,,strict_backbone
国大延期问题,0,4,1,0,,,strict_backbone
郑家村武装暴动,0,3,3,0,,,strict_backbone
护厂护校运动,0,1,0,0,,,context_only
乌江抢渡战,0,3,0,0,,,context_only
弥勒西山起义,2,7,2,0,,,strict_backbone
石城暴动,2,2,2,0,,,strict_backbone
陪都文化界悼念活动,0,5,3,1,,,strict_backbone
农民抗征暴动,0,4,4,1,1920-01-01,1920-12-31,strict_backbone
桑慈游击梯队,0,2,2,0,,,strict_backbone
六分区土地改革运动,0,12,0,0,,,context_only
湖东北大队,0,1,0,0,,,context_only
重庆校场口事件,0,3,0,0,,,context_only
武昌社会主义青年团成立,0,5,3,1,,,strict_backbone
拖枪反正,0,3,2,0,,,strict_backbone
两河口会议,4,59,25,1,1935-06-26,1935-06-26,strict_backbone
募捐活动,0,16,5,0,,,strict_backbone
郎岱县城保卫战,0,3,1,0,,,strict_backbone
‘八·命’会议,0,1,1,1,,,strict_backbone
创建义务教育师资养成所,0,3,0,0,,,context_only
起义准备工作,1,5,5,0,,,strict_backbone
清匪五大任务,0,4,0,0,,,context_only
葛源保卫战,0,3,3,0,,,strict_backbone
秋收起义军,0,2,2,0,,,strict_backbone
六军团长征,0,14,0,4,,,context_only
抢救溺水儿童牺牲,0,3,0,0,,,context_only
益友社,0,1,1,0,,,strict_backbone
山棚生活,0,3,0,0,,,context_only
护厂保产,0,3,1,0,,,strict_backbone
站岗放哨,1,4,1,0,,,strict_backbone
上海海员工会成立,0,8,1,0,,,strict_backbone
苏皖第六行政区斗争,0,2,2,2,,,strict_backbone
反共宣传斗争,0,3,0,0,,,context_only
党的创建和第一、二次国内革命战争时期,0,0,0,0,,,isolated
四·一·一事变,0,3,3,0,,,strict_backbone
湘北民兵斗争,0,2,0,0,,,context_only
阶级斗争,0,15,2,0,,,strict_backbone
寒假农村工作团,0,10,3,0,,,strict_backbone
恢复和谈,0,2,0,0,,,context_only
反官僚主义斗争,0,3,0,0,,,context_only
芷江特支代表大会,0,1,0,0,,,context_only
南京起义运动,0,2,2,0,,,strict_backbone
反内战反饥饿运动,0,3,0,0,,,context_only
南方老革命根据地访问团,0,2,2,0,,,strict_backbone
《中国学生导报》(渝版),0,2,2,0,,,strict_backbone
根据地人民条件,0,3,0,0,,,context_only
湖南起义/常德建党,0,0,0,0,,,isolated
高坪小学创建事件,0,4,4,0,1939-01-01,1939-12-31,strict_backbone
中国海军再生运动会,1,2,2,0,,,strict_backbone
石阡岑巩镇运施秉合围,0,1,0,0,,,context_only
四·一反革命政变,0,3,1,0,,,strict_backbone
下坪突围,0,3,0,0,,,context_only
安源惨案,0,3,0,0,,,context_only
残梅会议,4,4,4,0,,,strict_backbone
赤警营伏击战,0,1,1,0,,,strict_backbone
皖南地区斗争,0,2,2,0,,,strict_backbone
攻克黎平,3,3,3,0,,,strict_backbone
蒙自事件,0,10,0,0,,,context_only
抢修茅村大桥/支援淮海,0,5,0,0,,,context_only
解放战争胜利,0,3,0,0,,,context_only
泸西解放区,0,12,0,0,,,context_only
淮南煤矿解放斗争,0,2,2,0,,,strict_backbone
川陕苏维埃红色政权,0,3,0,0,,,context_only
粮食出口计划,0,1,0,0,,,context_only
石刻标语,0,12,0,0,,,context_only
红六军团十六师渡河行动,0,6,3,0,,,strict_backbone
支前动员大会,0,1,0,0,,,context_only
反贪污反行贿斗争,0,2,2,0,,,strict_backbone
上海八一示威,0,2,2,0,,,strict_backbone
盐局,0,3,0,0,,,context_only
川军主阵地及经济政治封锁,0,2,2,0,,,strict_backbone
罗平西区主力(游击)大队,0,3,0,0,,,context_only
前史自卫团,0,2,0,0,,,context_only
东、西香火岭战斗,0,0,0,0,,,isolated
围剿残匪战斗,0,3,0,0,,,context_only
民先组织,1,22,3,1,,,strict_backbone
马龙县游击大队,0,1,0,0,,,context_only
村学初步实验,0,6,1,1,,,strict_backbone
抢渡潇水,0,3,1,0,,,strict_backbone
发传单活动,0,3,1,0,,,strict_backbone
浮梁苏区斗争,0,2,0,0,,,context_only
分粮运动,1,14,3,0,,,strict_backbone
迎接野战军,0,1,0,1,,,context_only
第一次苏维埃大会,0,1,0,0,,,context_only
南京暴动准备,0,3,1,0,,,strict_backbone
綦江人民武装抗捐斗争,1,43,23,0,,,strict_backbone
搜查住处,0,2,0,0,,,context_only
强渡长江,2,25,8,0,,,strict_backbone
沙市一役,0,5,1,0,,,strict_backbone
1927年秋收起义后至1930年代,0,1,0,0,,,context_only
勐混、大勐龙反击战,0,2,0,0,,,context_only
合川特支,0,12,2,0,,,strict_backbone
南风小食堂,0,2,0,0,,,context_only
零陵解放,0,1,0,0,,,context_only
前锋2大队,0,3,2,0,,,strict_backbone
动员群众挖枪与集中归队,0,2,2,0,,,strict_backbone
学兵队,0,1,1,0,,,strict_backbone
苏北抗日战斗,0,2,0,0,,,context_only
瓮安猴场会议,0,3,0,0,,,context_only
成立县党部斗争,0,2,1,0,,,strict_backbone
和平民主建国时期青年运动,0,2,2,0,,,strict_backbone
双堆集战场起义,0,1,0,0,,,context_only
白色恐怖镇压,0,3,0,0,,,context_only
会泽城攻防战,0,3,3,0,,,strict_backbone
大定解放,0,4,0,0,,,context_only
蒋介石叛变革命,1,2,2,0,,,strict_backbone
主动出击打击土顽,0,2,2,0,,,strict_backbone
黄平解放纪实,0,6,0,0,,,context_only
刑场斗争,0,2,2,0,,,strict_backbone
狼墩战斗,0,2,0,0,,,context_only
农民协会代表大会,0,1,0,0,,,context_only
发动农民斗争清算地主,0,2,2,0,,,strict_backbone
开阳县保卫战,0,3,3,0,,,strict_backbone
夜袭十八师,0,2,0,0,,,context_only
鄂豫皖根据地反‘围剿’战役,0,2,2,0,,,strict_backbone
党与团的关系,0,3,1,0,,,strict_backbone
垫江段工程,0,1,0,0,,,context_only
重庆反苏反共游行,0,3,0,0,,,context_only
皖西大刀会,0,2,0,0,,,context_only
清理积案,1,5,1,0,,,strict_backbone
怀化剿匪斗争,0,16,1,0,,,strict_backbone
赣州工人运动,0,6,2,0,,,strict_backbone
支援前线运动,0,4,4,0,,,strict_backbone
八月自贡盐业工人总同盟大罢工,0,3,3,0,,,strict_backbone
栗子寨战斗,1,14,10,0,,,strict_backbone
柯家冲战斗,0,2,2,0,,,strict_backbone
红十军整编,0,3,1,1,,,strict_backbone
反饥饿反内战反迫害会议,1,6,3,1,,,strict_backbone
中国社会主义青年团第一次全国代表大会,1,14,7,2,,,strict_backbone
石镇街战斗,2,5,5,0,,,strict_backbone
皖北地区斗争,0,1,0,0,,,context_only
皖南解放,0,1,0,0,,,context_only
联建会,0,3,0,0,,,context_only
惠州战役,1,2,2,0,,,strict_backbone
被捕同志受审事件,0,1,0,0,,,context_only
争取云南局部和平解放斗争,0,2,2,0,,,strict_backbone
绍兴少年营模范队,0,1,0,0,,,context_only
停战抗日,1,3,1,0,,,strict_backbone
成立南腰界区苏维埃,0,2,0,0,,,context_only
反延期清乡/锄奸灭害/分化瓦解,0,2,2,0,,,strict_backbone
合川金子起义,1,6,6,0,,,strict_backbone
区委会议,0,1,1,0,,,strict_backbone
学生救亡工作团,0,3,1,0,,,strict_backbone
威信会议,0,3,2,0,,,strict_backbone
破坏农会成立大会,0,4,0,0,,,context_only
火烧安桥事件,0,2,2,0,1940-01-01,1940-12-31,strict_backbone
'边纵'11支队战斗,0,1,0,0,,,context_only
反帝爱国革命运动,0,4,4,0,,,strict_backbone
侦察占领全州及渡湘江部署,0,3,1,0,,,strict_backbone
群众宣传组织工作,0,8,1,0,,,strict_backbone
战地支前/抢修道路桥梁,0,4,3,0,,,strict_backbone
谈判意见,0,3,0,0,,,context_only
封锁线文化娱乐与战术伪装,0,2,0,0,,,context_only
民选保长事件,0,1,1,0,,,strict_backbone
人民民主选举,0,3,0,0,,,context_only
游击队活动,0,8,4,2,,,strict_backbone
解放灵璧县城战斗,0,2,2,0,,,strict_backbone
四·二一学运,0,11,2,0,,,strict_backbone
过金沙江,2,7,5,0,,,strict_backbone
川东华蓥山武装起义,0,3,0,0,,,context_only
基干武装整训,0,5,3,1,,,strict_backbone
中国青年共产团,0,2,0,0,,,context_only
江津城游行,0,4,1,1,,,strict_backbone
永胜城解放,0,1,1,0,,,strict_backbone
省港罢工,3,32,14,1,,,strict_backbone
湖南各界声援‘二七’惨案所进行的罢工和游行示威,0,3,3,0,,,strict_backbone
战略形势分析自卫战,0,3,1,0,,,strict_backbone
古碑冲、南庄畈、七邻湾武装暴动,0,0,0,0,,,isolated
任命县长,0,1,0,0,,,context_only
宣威解放区,0,5,0,0,,,context_only
毛主席《将革命进行到底》等文章学习,0,3,0,0,,,context_only
解放丹寨县,2,6,5,0,,,strict_backbone
錾刻标语,1,10,3,1,,,strict_backbone
分散行动与配合打太华乡,0,4,1,0,,,strict_backbone
接管大定县、区的工作班子,1,1,1,0,,,strict_backbone
佛海战斗,0,5,1,0,,,strict_backbone
永兴战斗,0,10,3,0,,,strict_backbone
应城战役,1,5,3,0,,,strict_backbone
高墙集战斗,0,1,0,0,,,context_only
花园村支前工作,1,1,1,0,,,strict_backbone
阶级分析,0,8,2,0,,,strict_backbone
成立海风俱乐部,0,1,0,0,,,context_only
黄桥事变,0,2,2,0,,,strict_backbone
南京之战,0,3,0,0,,,context_only
减息斗争,0,1,0,0,,,context_only
小沙渡罢工,0,2,0,0,,,context_only
暗流合围战与下堡袭击战,0,3,2,0,,,strict_backbone
开仓分粮,0,3,1,0,,,strict_backbone
泗南开辟行动,0,1,1,0,,,strict_backbone
剑川起义,0,3,0,0,,,context_only
渡江战役/军大办校,0,1,1,0,,,strict_backbone
打土豪扩军,0,3,1,0,,,strict_backbone
追赃破案/减租减押,0,1,0,0,,,context_only
战役,1,9,2,0,,,strict_backbone
镇压叛徒,0,2,0,0,,,context_only
槽塔里事件,0,6,0,0,,,context_only
皖南游击战争,2,17,14,1,,,strict_backbone
火攻战术,0,3,1,0,,,strict_backbone
扩红运动,2,34,18,1,1933-01-01,1933-12-31,strict_backbone
推翻蒋家王朝,0,2,2,0,,,strict_backbone
军事教育改革,0,2,2,0,,,strict_backbone
小郭家战斗,0,4,4,0,,,strict_backbone
弄美战斗,0,2,2,0,,,strict_backbone
淮上根据地开辟,0,3,0,1,,,context_only
苏支,0,6,0,1,,,context_only
北伐革命战争,0,5,2,0,,,strict_backbone
沙坪坝学生运动,1,1,1,0,,,strict_backbone
东山口战斗,0,1,0,0,,,context_only
组织志愿军上前线,0,2,0,0,,,context_only
组建赤卫队,0,3,2,0,,,strict_backbone
峨眉炭厂加薪斗争,0,3,1,0,,,strict_backbone
会师联欢会,0,2,0,0,,,context_only
战时知识训练班,0,3,0,0,,,context_only
武汉蚁社,0,6,0,0,,,context_only
反撤退斗争,0,2,2,0,,,strict_backbone
华蓥山游击队建立及起义支援,0,5,2,1,,,strict_backbone
万安工农斗争,1,4,4,0,,,strict_backbone
禁烟禁毒斗争,0,1,1,0,,,strict_backbone
反内战宣传运动,0,6,0,0,,,context_only
武冈战役,0,2,2,0,,,strict_backbone
‘七人之狱’事件,0,3,1,0,,,strict_backbone
学生请愿事件,0,6,0,0,,,context_only
鄂豫皖反四次‘围剿’,0,3,0,0,,,context_only
洪家大山战斗营,0,3,0,0,,,context_only
自卫队武装,0,2,0,0,,,context_only
特务连伏击战,0,2,2,0,,,strict_backbone
柏溪歌咏队,0,8,1,0,,,strict_backbone
黄飘土地改革经验汇报,0,3,2,1,,,strict_backbone
南充自治,4,5,4,0,,,strict_backbone
包家河农民暴动,0,3,0,0,,,context_only
梁山革命摇兰之一家,0,4,2,0,,,strict_backbone
策反地方实力派,0,3,0,0,,,context_only
杭村大捷,0,5,3,0,,,strict_backbone
播中护校斗争,0,4,4,0,,,strict_backbone
万坪大捷,0,2,0,0,,,context_only
《黔南的剿匪斗争》书稿审订,0,6,0,1,,,context_only
解放舟山首战,0,2,0,0,,,context_only
高家会战斗,0,2,0,0,,,context_only
合川兵变,2,29,13,1,,,strict_backbone
抗日战争胜利50周年座谈会,0,2,2,0,,,strict_backbone
中苏互不侵犯条约签订,0,5,4,0,,,strict_backbone
布依族自治区政府成立,0,3,0,0,,,context_only
皖东北活动分子大会,0,3,1,0,,,strict_backbone
干部调离事件,0,1,0,0,,,context_only
坚壁清野演习,0,1,1,0,,,strict_backbone
学生集体活动,0,2,1,0,,,strict_backbone
战时民校创立,0,2,0,0,,,context_only
成立新兵团,0,4,2,1,,,strict_backbone
烈士遗体转移与安葬,0,3,0,0,,,context_only
中国革命,1,13,2,0,,,strict_backbone
安顺解放,2,15,6,1,,,strict_backbone
鄂豫陕边区游击战争,0,2,2,0,,,strict_backbone
程家山会师,0,3,0,0,,,context_only
林泉地区伏击战,1,1,1,0,,,strict_backbone
建立反豪绅统一战线,0,3,1,0,,,strict_backbone
较场口事件,0,28,5,0,,,strict_backbone
释放在押骨干与公祭烈士,0,2,1,0,,,strict_backbone
四一惨案,0,15,0,0,,,context_only
绿友联谊社,0,5,1,0,,,strict_backbone
罗盘区民族独立游击大队,0,5,2,0,,,strict_backbone
《人民的旗》,3,26,13,0,,,strict_backbone
安源煤矿工人运动,0,7,4,0,,,strict_backbone
担任交通,0,3,1,0,,,strict_backbone
高河埠抢米暴动,0,4,2,0,,,strict_backbone
河南省全省武装农民代表大会,0,2,1,0,,,strict_backbone
进军贵州/解放贵阳,0,0,0,0,,,isolated
八堡街口战斗,0,3,1,0,,,strict_backbone
省四师读书会,0,1,0,0,,,context_only
庾家河战斗,1,4,2,0,,,strict_backbone
退租退押运动,0,3,0,0,,,context_only
1944年五四运动相关活动,0,3,0,0,,,context_only
抗日宣传团,0,6,3,1,,,strict_backbone
省审判土豪劣绅特别法庭,0,3,0,0,,,context_only
王浅子战斗,0,2,2,0,,,strict_backbone
码头工运/反把头斗争,2,2,2,0,,,strict_backbone
军事防御部署,0,2,0,0,,,context_only
商潢战役,0,2,2,0,,,strict_backbone
苏皖区党委南京地下工委成立,0,5,0,0,,,context_only
红军过路事件,0,14,0,0,,,context_only
股楼包围受降,0,2,2,0,,,strict_backbone
盐江解放,0,8,3,0,,,strict_backbone
剑、二’暴动,0,1,0,0,,,context_only
宛中暑期补习班,0,2,2,0,,,strict_backbone
池境内暴动,1,1,1,0,,,strict_backbone
江汉解放区,0,33,6,0,,,strict_backbone
党委会议,0,1,0,0,,,context_only
整风普遍深入阶段,0,1,0,0,,,context_only
芦沟桥事变,0,3,0,0,,,context_only
富乐讨蒋自救会,0,3,0,1,,,context_only
抗战歌曲选编印工作,0,3,0,0,,,context_only
SY徐州支部成立,0,1,0,0,,,context_only
紧急会议,0,12,2,1,,,strict_backbone
农村武装,0,1,0,0,,,context_only
梵净山阻击战,0,3,3,0,,,strict_backbone
桐林-瓦寨-白家村区域战斗,0,2,2,0,,,strict_backbone
情报站成立与民卫起义,1,3,2,0,,,strict_backbone
保护国家财产/牺牲,0,2,1,0,,,strict_backbone
江津兵变,1,6,1,0,,,strict_backbone
庆祝舟山解放四十周年,0,2,0,0,,,context_only
宣威农民起义,0,2,2,0,,,strict_backbone
张官屯游击大队,1,4,2,1,,,strict_backbone
用计谋赤手缴短枪,0,2,1,0,,,strict_backbone
活命交卖会,0,1,0,0,,,context_only
抗日反‘剿’斗争,0,3,1,0,,,strict_backbone
促进会,0,1,0,0,,,context_only
灵关县委会议,0,1,0,0,,,context_only
抗日歌咏大游行,0,1,0,0,,,context_only
团结,0,1,0,0,,,context_only
雷公山合围,2,13,9,0,,,strict_backbone
北川和平解放,0,1,0,0,,,context_only
红军撤离毕节后被杀害事件,0,2,0,0,,,context_only
锦屏反革命武装叛乱,0,6,3,0,,,strict_backbone
抓捕陈鹏行动,0,6,6,0,,,strict_backbone
留守茅山/迎接大军渡江,0,1,1,0,,,strict_backbone
孟良崮战役,2,5,5,0,,,strict_backbone
敌伪烧杀抢掠/富余区斗争特点,0,14,5,0,,,strict_backbone
桃北起义,0,2,2,0,,,strict_backbone
春荒斗争、麦收斗争,0,0,0,0,,,isolated
宜昌沙市解放,0,3,1,0,,,strict_backbone
福贡县解放,0,2,2,0,,,strict_backbone
甫贝战斗,1,2,2,0,,,strict_backbone
赣州工人罢工,0,2,0,0,,,context_only
游行队伍,0,17,0,0,,,context_only
反贪官污吏、反土豪劣绅等斗争,0,1,1,0,,,strict_backbone
邦洞事件,0,5,5,1,,,strict_backbone
蒋村反击战斗,0,2,2,0,,,strict_backbone
三区赤卫队,0,1,0,0,,,context_only
重庆打枪坝群众大会,0,21,9,0,,,strict_backbone
射洪暴动,0,3,0,0,,,context_only
黔东特区保卫队,0,1,0,0,,,context_only
反“围剿”/处决恶霸地主,0,3,1,0,,,strict_backbone
淦河战斗,0,5,3,1,,,strict_backbone
暴动策略与冒险主义/机会主义争论,0,3,1,0,,,strict_backbone
贵州安龙会师,0,3,1,0,,,strict_backbone
游击队长/民兵牺牲,0,1,0,0,,,context_only
红军三大主力会师,0,1,0,0,,,context_only
学生救国联合会,0,5,2,0,,,strict_backbone
红杨树阵地争夺战,0,8,5,0,,,strict_backbone
革命牺牲,0,11,1,0,,,strict_backbone
清匪反霸、减租退押,0,0,0,0,,,isolated
反石斗争,0,9,5,1,,,strict_backbone
声援上海工人罢工,0,3,0,0,,,context_only
建立反蒋武装,0,4,4,0,,,strict_backbone
"立三""左""倾冒险主义错误",0,3,3,0,,,strict_backbone
粉碎刘湘进攻,0,2,0,0,,,context_only
天高地区游击战争,0,3,3,0,,,strict_backbone
黔阳党史资料专题集,0,3,0,0,,,context_only
淮阴情报组,0,2,0,0,,,context_only
綦江地区建党,0,3,0,0,,,context_only
三大战役,0,21,6,0,,,strict_backbone
谈判代表,0,1,0,0,,,context_only
苗族鞭族群众武装起义,0,3,0,0,,,context_only
打入伪清乡机构,0,6,2,0,,,strict_backbone
转移营救,0,1,0,0,,,context_only
昆明‘一二·一’运动,0,6,4,0,,,strict_backbone
赣东战役,0,3,1,1,,,strict_backbone
薛斌烈士就义,0,2,0,0,,,context_only
办私塾/宣扬新文化/反对封建剥削,0,1,0,0,,,context_only
上海内外棉八厂罢工,0,3,3,0,,,strict_backbone
桥街小学罢课斗争,0,5,2,0,,,strict_backbone
北伐军入湘,0,2,0,0,,,context_only
学生动员统计,0,1,0,0,,,context_only
群众工作/土地革命/调查,0,4,1,0,,,strict_backbone
相山游击大队建立,0,2,2,0,,,strict_backbone
川陕甘根据地建设,0,2,2,0,,,strict_backbone
路西野战司令部,0,3,1,0,,,strict_backbone
淮城总工会成立,0,2,0,0,,,context_only
苏南专署建设处,0,1,0,0,,,context_only
攻打榕江,1,8,1,0,,,strict_backbone
长沙暴动,1,16,7,0,,,strict_backbone
被捕与营救,0,5,0,0,,,context_only
二分区武装建设,0,2,0,0,,,context_only
重庆白色恐怖,0,11,0,1,,,context_only
三大纪律八项注意,2,35,2,0,,,strict_backbone
攻打土围炮楼战术,0,2,0,0,,,context_only
路南独立大队,0,4,0,0,,,context_only
四川旅外剧人抗敌演剧队,1,11,4,1,,,strict_backbone
淮阴大队,0,6,0,1,,,context_only
抗大九分校二大队,0,4,0,0,,,context_only
朱开顺营救行动,1,1,1,0,,,strict_backbone
镇雄独立营围剿,0,2,2,0,,,strict_backbone
张贴民族政策布告,0,1,0,0,,,context_only
确定元江为滇南武装斗争突破点,0,1,0,0,,,context_only
游击战回忆,0,2,0,0,,,context_only
六路围剿,0,6,5,0,,,strict_backbone
召集全国苏维埃区域的代表大会,0,2,0,0,,,context_only
克混游击大队,0,2,2,0,,,strict_backbone
安顺解放初期城市工作,0,4,0,0,,,context_only
街头剧《放下你的鞭子》,0,3,1,1,,,strict_backbone
捧鲜游击大队,0,8,0,0,,,context_only
农业生产互助合作化,0,1,1,0,,,strict_backbone
中华苏维埃共和国都定在遵义城,0,1,0,0,,,context_only
冯家埭战斗/邵家桥伏击战,0,0,0,0,,,isolated
夏店伏击战,0,3,0,0,,,context_only
三十六团成立事件,0,3,0,1,,,context_only
武器弹药筹措,0,1,1,0,,,strict_backbone
茶陵县农民运动,1,9,7,2,1926-01-01,1926-12-31,strict_backbone
胡楼村会议,0,3,1,0,,,strict_backbone
五九米潮,0,9,5,0,,,strict_backbone
积极防御理论,0,3,0,0,,,context_only
庆祝解放大会讲话,0,1,0,0,,,context_only
枪支弹药缴获行动,0,5,4,1,,,strict_backbone
打土豪劣绅,1,5,5,0,,,strict_backbone
锦屏土匪叛乱经历,0,5,1,0,,,strict_backbone
加强群众观念,0,3,0,0,,,context_only
暴动队员,0,1,0,0,,,context_only
青杠垭交战,0,2,2,0,,,strict_backbone
淮海战役相关战略部署,0,1,0,0,,,context_only
中央红军主力突围长征,0,3,0,0,,,context_only
眉山特支,1,8,3,0,,,strict_backbone
古驿乡自卫队,0,5,3,0,,,strict_backbone
上海总工会被查封事件,0,4,2,0,,,strict_backbone
支援农民反恶霸地主斗争,0,3,3,1,,,strict_backbone
川军出川抗日大会,0,3,0,0,,,context_only
肖县高集战斗,0,3,0,0,,,context_only
抗捐反蒋游行,0,2,2,0,,,strict_backbone
抗粮抗租运动,0,3,1,0,,,strict_backbone
归还猎物,0,1,0,0,,,context_only
鄂西渡江战役,0,5,2,3,,,strict_backbone
二师五旅,0,3,0,0,,,context_only
学生团体联合会,0,5,2,0,,,strict_backbone
脚蟒战斗,0,5,3,0,,,strict_backbone
老棚惨案,0,1,0,0,,,context_only
红军独立团革命斗争,0,2,0,0,,,context_only
朋普剪子寨战斗,0,2,2,0,,,strict_backbone
暂驻坝伏击战,0,2,2,0,,,strict_backbone
大榕坳战斗部署,0,3,0,0,,,context_only
壮丁队夺权事件,0,2,2,0,,,strict_backbone
青板桥战斗,0,3,3,0,,,strict_backbone
党龄计算问题处理,0,3,0,0,,,context_only
沪西日商纱厂工人总同盟罢工,0,5,5,0,,,strict_backbone
学生救亡运动,0,5,0,0,,,context_only
石家山战斗,0,1,0,0,,,context_only
1943年3月反扫荡斗争,0,2,2,0,,,strict_backbone
筹粮斗争,0,1,1,0,,,strict_backbone
清党斗争与越墙逃生,0,3,0,0,,,context_only
西征,1,6,1,0,,,strict_backbone
威宁县城攻坚战,0,3,0,0,,,context_only
奇袭茅家镇(战斗打响),0,5,3,0,,,strict_backbone
开展敌后游击战争,0,2,0,0,,,context_only
九江大屠杀,0,8,4,0,,,strict_backbone
老干部座谈会,1,1,1,0,,,strict_backbone
党报发行工作,0,6,2,0,,,strict_backbone
联防队长会议,0,1,0,0,,,context_only
磨刀洞农民暴动,1,2,2,0,,,strict_backbone
天门芦家口斗争,0,3,3,0,,,strict_backbone
惩办叛徒斗争,0,1,0,0,,,context_only
武工队组织,0,2,2,0,,,strict_backbone
桃园阵地遭敌机轰炸,0,2,1,0,,,strict_backbone
清乡剿匪,0,3,1,0,,,strict_backbone
赫章解放,1,2,2,1,1949-01-01,1949-12-31,strict_backbone
农民武装力量,0,2,2,0,,,strict_backbone
罗平西区游击主力大队,0,5,2,0,,,strict_backbone
和平攻势,0,2,0,0,,,context_only
第二期北伐,0,6,3,1,,,strict_backbone
营头会议,0,3,3,0,,,strict_backbone
汀瑞边反顽斗争,0,2,1,0,,,strict_backbone
六·一三惨案,0,3,0,0,,,context_only
刘英被国民党反动当局秘密杀害,1,2,2,0,,,strict_backbone
海子游击大队成立大会,0,2,0,0,,,context_only
铁壁合围战术,0,7,0,0,,,context_only
反攻运动,0,5,3,0,,,strict_backbone
沛北郭河增资斗争大会,0,2,2,0,,,strict_backbone
霹雳三月暴动,0,5,2,0,,,strict_backbone
解放大定,1,4,4,0,,,strict_backbone
四川疏散行动,0,3,0,0,,,context_only
解放初期,0,3,0,0,,,context_only
青年干部培养,0,2,2,0,,,strict_backbone
走马坪惨案,0,3,0,0,,,context_only
红三军解放沿河县,0,6,2,0,,,strict_backbone
驱逐李宗黄运动,0,2,0,0,,,context_only
弹尽粮绝殊死战斗,0,2,2,0,,,strict_backbone
嘉兴战役,0,1,0,0,,,context_only
回忆录部分,0,1,0,0,,,context_only
第一次全苏大会,0,4,0,0,,,context_only
肃奸运动,1,3,1,1,,,strict_backbone
庆祝解放,0,2,2,0,,,strict_backbone
抓回恶霸与互助合作,0,3,0,0,,,context_only
六马地区农民暴动,0,4,4,0,,,strict_backbone
抗捐反蒋大会,0,8,4,1,,,strict_backbone
组织生活/党费缴纳,0,0,0,0,,,isolated
山子头战斗,1,6,2,0,,,strict_backbone
綦涪团练联合,1,2,2,0,,,strict_backbone
九要界战斗,0,6,2,0,,,strict_backbone
反内战秧歌舞剧,0,1,1,0,,,strict_backbone
湖北省石首县暴动大队政委,0,1,0,0,,,context_only
南解放,0,3,0,1,,,context_only
分发衣物发动群众运动,0,3,1,0,,,strict_backbone
北伐军到达醴陵,0,2,0,0,,,context_only
红一方面军三次经过开阳息烽,0,3,0,0,,,context_only
国共合作建立革命统一战线,0,5,3,0,,,strict_backbone
新四军十六旅成立大会,0,5,1,0,,,strict_backbone
反“沙锅”斗争,0,2,0,0,,,context_only
攻占黔江战斗,0,12,6,1,,,strict_backbone
上海工人暴动,1,5,2,1,1949-01-01,1949-12-31,strict_backbone
叙蔺战役,0,6,3,0,,,strict_backbone
农协小组,0,5,2,0,,,strict_backbone
发展县区武装,0,1,0,0,,,context_only
戏剧大众化运动,0,4,2,0,,,strict_backbone
云南护国起义,0,2,2,0,,,strict_backbone
纸坊战役,0,1,1,0,,,strict_backbone
湘江战役途中,0,2,0,0,,,context_only
茅坪‘八一’战斗,0,2,2,0,,,strict_backbone
献旗仪式,0,2,1,0,,,strict_backbone
谭超股,0,3,0,0,,,context_only
醴陵城内战斗,0,3,0,0,,,context_only
手工业合作化,0,2,1,0,,,strict_backbone
区委建立,0,2,0,0,,,context_only
绿金行动,0,1,1,0,,,strict_backbone
湘赣边界秋收起义,6,29,16,2,,,strict_backbone
白塔十里铺马厂搜剿,0,3,1,0,,,strict_backbone
社会主义学习小组,1,4,1,1,,,strict_backbone
青少年学生同盟会,0,2,2,0,,,strict_backbone
九一八事变纪念大会,1,2,2,0,,,strict_backbone
西南武装斗争总计划,0,3,1,0,,,strict_backbone
召开叛乱会议,0,1,0,0,,,context_only
泸西县城保卫战,2,36,9,1,,,strict_backbone
西山坪狙击战,0,3,3,0,,,strict_backbone
湘黔边区反共联防会议,0,3,2,0,,,strict_backbone
青塘会议,0,3,0,0,,,context_only
整顿后勤,0,1,0,0,,,context_only
罗平县城攻占行动,0,5,2,0,,,strict_backbone
奔袭祥云,0,3,0,0,,,context_only
中央访问团,0,3,0,0,,,context_only
华荣庄战斗,0,3,1,0,,,strict_backbone
入城仪式与护九团成立,0,3,1,0,,,strict_backbone
全歼吴先贵特工队,0,2,1,0,,,strict_backbone
林忠文旅部,0,3,1,0,,,strict_backbone
休宁抗战青年训练班,0,3,0,0,,,context_only
工农群众斗争,0,4,2,1,,,strict_backbone
南方红军三年游击战争,0,2,0,0,,,context_only
澜沧江流域武装斗争,1,3,3,0,,,strict_backbone
升钟寺暴动,0,4,2,0,,,strict_backbone
广昌保卫战,0,16,5,1,,,strict_backbone
小沅失陷,0,2,2,0,,,strict_backbone
儿童团/姊妹队,0,0,0,0,,,isolated
安紫边区地下党武装暴动准备会议,0,3,3,0,,,strict_backbone
攻占球川镇与廿八都,0,7,1,0,,,strict_backbone
潘安镇立团,0,3,0,0,,,context_only
古宋暴动计划,0,5,3,0,,,strict_backbone
皖南事变,0,2,0,0,,,context_only
上海罢工潮,0,5,4,0,,,strict_backbone
郝渠区武装斗争,0,2,2,0,,,strict_backbone
关岭县长任内事件,0,2,2,0,,,strict_backbone
反类群众大会,0,1,0,0,,,context_only
秘密送信求援,0,4,0,0,,,context_only
《将革命进行到底》,0,6,1,0,,,strict_backbone
声东击西/化整为零,0,0,0,0,,,isolated
南京妇女界救国会成立,2,5,2,0,,,strict_backbone
湖南非基督教运动,0,3,3,0,,,strict_backbone
粉碎冬季‘讨伐’,0,2,2,0,,,strict_backbone
登记运动,0,2,2,0,1949-01-01,1949-12-31,strict_backbone
学运斗争,0,11,2,0,,,strict_backbone
各县农民暴动战术与苏维埃政权建设指示,0,3,0,0,,,context_only
云南省农民协会成立,0,3,0,0,,,context_only
解放接管贵州,0,1,0,0,,,context_only
抗日统一战线工作,0,3,1,0,,,strict_backbone
长衡敌军起义,0,3,3,0,,,strict_backbone
新兴集战斗,0,3,0,0,,,context_only
湖北乡村救亡运动,0,3,0,0,,,context_only
土改分田斗争,0,6,2,1,1930-01-01,1930-12-31,strict_backbone
长征,40,372,172,3,,,strict_backbone
贵州文艺研究会郎岱分会,0,3,1,0,,,strict_backbone
柴油机缸盖毁损事故,0,1,1,0,,,strict_backbone
处决杨子和,0,3,1,0,,,strict_backbone
斗争大会/镇压恶霸,0,1,0,0,,,context_only
渡江支前,0,3,2,0,,,strict_backbone
宣传周动员民众抗战,0,6,1,1,,,strict_backbone
日伪设立机构,0,2,1,0,,,strict_backbone
转战川黔,0,2,2,0,,,strict_backbone
海曲区战斗,0,3,1,1,,,strict_backbone
斗争会,0,5,3,0,,,strict_backbone
华蓥山股匪清剿计划,0,3,1,0,,,strict_backbone
夜袭税务所,0,3,2,0,,,strict_backbone
土地革命战争时期四川境内武装反抗国民党反动派的第一枪,0,3,1,0,,,strict_backbone
刻印元旦社论,0,2,2,0,,,strict_backbone
民青清理工作,0,8,3,1,,,strict_backbone
办报活动,0,3,0,0,,,context_only
剿匪会议,0,2,0,0,,,context_only
东河行委成立,0,2,0,0,,,context_only
支前/组建武装/剿匪,0,0,0,0,,,isolated
波波亭起义,0,3,0,0,,,context_only
阻击,0,2,0,0,,,context_only
新闻工作调整,0,6,0,0,,,context_only
五兵团进攻贵阳行动,0,3,0,0,,,context_only
灌云抗日民主政权,0,2,0,0,,,context_only
旬阳起义,1,3,1,0,,,strict_backbone
《农民斗争之死》,0,2,0,0,,,context_only
丘北县老鹤电战斗,0,5,5,0,,,strict_backbone
黄狮渡战斗,0,5,5,0,,,strict_backbone
英勇斗争/牺牲,0,1,0,0,,,context_only
洪湖为中心骚动计划,0,3,0,0,,,context_only
天星桥战斗,0,2,2,0,,,strict_backbone
保护外侨与出版宣传,0,3,0,0,,,context_only
磨盘洲激战,3,4,4,0,,,strict_backbone
公民训练课,0,3,0,0,,,context_only
巧家包谷脑人民自卫队,0,7,0,0,,,context_only
士兵运动,0,15,2,1,,,strict_backbone
分区主力,0,1,0,0,,,context_only
保卫公安局的战斗,0,7,5,0,,,strict_backbone
农民游击战争,0,3,1,1,,,strict_backbone
宿县农民暴动,0,6,3,1,,,strict_backbone
组建收容队,0,3,1,0,,,strict_backbone
六、二四球队,0,2,1,0,,,strict_backbone
祭奠烈士活动,0,3,1,0,,,strict_backbone
夜袭伪警察所,0,2,1,0,,,strict_backbone
武装教育,0,3,0,0,,,context_only
上海战时服务团,2,5,4,0,,,strict_backbone
肖贺股匪,0,3,0,0,,,context_only
湘鄂西中央分局肃反,0,4,2,0,,,strict_backbone
溧阳县农救扩大会议,0,2,2,0,,,strict_backbone
清乡运动,0,47,11,2,,,strict_backbone
秘密刻印社,0,6,0,0,,,context_only
柏树湾村缝纫厂,0,3,0,0,,,context_only
五一后工作推动,0,1,0,0,,,context_only
遂宁地区学潮,0,3,1,0,,,strict_backbone
民主联军攻占武胜县城,0,3,0,0,,,context_only
牛岭战斗,0,3,0,0,,,context_only
渡江战役支前,0,1,0,0,,,context_only
刊社活动,0,3,2,0,,,strict_backbone
合川学生课余抗日宣传团,0,4,4,0,,,strict_backbone
黎榕从合围措施,0,1,0,0,,,context_only
北上抗日,2,22,3,0,,,strict_backbone
击落敌机俘虏飞行员,0,4,0,1,,,context_only
六中全会筹备会议,0,7,4,0,,,strict_backbone
龙州起义,4,16,11,0,,,strict_backbone
罢工,2,22,9,0,,,strict_backbone
官帽山突围,0,1,1,0,,,strict_backbone
活动分子会议,1,1,1,0,,,strict_backbone
湖山农民,1,2,2,0,,,strict_backbone
攻克开化城,2,3,2,0,,,strict_backbone
秘密十二条,0,1,0,0,,,context_only
挺进湘西,0,8,2,0,,,strict_backbone
解放亳州,2,2,2,0,,,strict_backbone
选举乡苏维埃人员,0,1,0,0,,,context_only
鹿楼战斗,0,2,2,0,,,strict_backbone
苏联十月革命经验演讲,0,3,1,0,,,strict_backbone
对敌政治宣传,0,3,2,0,,,strict_backbone
正医进步学生,0,3,0,0,,,context_only
苏区建设,0,12,8,0,,,strict_backbone
湖南平江土改,0,1,0,0,,,context_only
七队,0,6,1,0,,,strict_backbone
闽浙赣省第二次工农兵代表大会,8,28,12,0,,,strict_backbone
产业工人运动,0,2,2,0,,,strict_backbone
九江第一次会议,0,3,0,0,,,context_only
英山战斗,0,3,1,0,,,strict_backbone
牺牲/追悼大会,0,3,0,0,,,context_only
讲报与纪念一二·九运动,0,2,2,0,,,strict_backbone
昭通战斗,0,5,0,0,,,context_only
转移进步文化人,1,3,1,0,,,strict_backbone
军民大生产运动,0,2,2,2,1943-01-01,1943-12-31,strict_backbone
群众运动,2,24,3,0,,,strict_backbone
组织建设,1,9,1,0,,,strict_backbone
春荒暴动案,0,6,0,1,,,context_only
宿怀县西撤与恢复,0,3,1,0,,,strict_backbone
抗暴运动,0,22,5,1,,,strict_backbone
叛乱事件,0,1,1,0,,,strict_backbone
积极分子训练班,0,1,1,0,,,strict_backbone
校史征集活动,0,2,2,0,,,strict_backbone
秘密工作团,0,2,0,0,,,context_only
石板河阻击战,4,9,7,0,,,strict_backbone
第二次解放锦屏,0,6,2,0,,,strict_backbone
统一战线政策,0,13,0,0,,,context_only
接受解围任务,0,2,2,0,,,strict_backbone
信丰暴动,2,10,4,0,,,strict_backbone
打倒土豪劣绅,0,8,3,0,,,strict_backbone
反击北洋军暴行事件,0,2,2,0,,,strict_backbone
红军渡河行动,0,14,0,0,,,context_only
第二次反‘围剿’斗争,0,3,3,0,,,strict_backbone
四·二一争温饱斗争,0,1,0,0,,,context_only
威宁游击战争,0,1,1,0,,,strict_backbone
农民自卫队组织,0,3,0,0,,,context_only
开仓济贫行动,0,3,0,0,,,context_only
从江人民公安总队改编,0,1,1,0,,,strict_backbone
假被俘改编,0,3,0,0,,,context_only
宝应县各界人民庆祝县城第一次解放大会,0,5,2,0,1945-01-01,1945-12-31,strict_backbone
黄余万武装暴动,0,2,2,0,,,strict_backbone
九华乡游击区开辟,0,1,1,0,,,strict_backbone
丽江各界联合纪念大会,0,3,1,0,,,strict_backbone
中江抗捐斗争,0,2,2,0,,,strict_backbone
县城四次保卫战,0,6,2,0,,,strict_backbone
海安运动防御战,2,15,3,1,,,strict_backbone
查田评产,0,14,3,1,,,strict_backbone
普渡河阻击战,0,8,2,0,,,strict_backbone
武装自卫,1,3,1,0,,,strict_backbone
说服干部与经验教训,0,1,1,0,,,strict_backbone
物资交流,1,2,1,0,,,strict_backbone
西山阻击战,0,3,3,0,,,strict_backbone
湘鄂赣边区连队组织,0,3,0,3,,,context_only
双沟战斗,0,6,1,1,,,strict_backbone
个旧矿山革命斗争,0,5,4,0,,,strict_backbone
共青团六大,0,3,0,0,,,context_only
京汉铁路工人罢工,0,10,5,0,,,strict_backbone
真静场战斗,0,2,2,0,,,strict_backbone
牛街暴动,0,6,2,0,,,strict_backbone
农协组织整顿,0,2,0,0,,,context_only
高岭战斗,0,1,0,0,,,context_only
学习运动,1,1,1,0,,,strict_backbone
赤匪进攻事件,0,2,2,0,,,strict_backbone
农民小组,0,5,1,0,,,strict_backbone
九·九惨案,0,2,0,0,,,context_only
龙家寨、大庸、陈家河战斗,0,1,1,0,,,strict_backbone
丁堰解放,0,2,0,0,,,context_only
包围公安局行动,0,5,3,1,,,strict_backbone
群众性清匪运动,0,2,1,0,,,strict_backbone
栗溪战斗,0,2,2,0,,,strict_backbone
克混游击队成立事件,0,2,0,0,,,context_only
武装组织训练计划,0,1,0,0,,,context_only
红军在永顺高粱坪战斗,0,3,0,0,,,context_only
上海日商纱厂罢工,0,5,3,1,,,strict_backbone
迤南区党代会,0,5,3,0,,,strict_backbone
奇袭崇安县城,0,5,4,0,,,strict_backbone
解放南京,2,20,9,0,,,strict_backbone
声讨唐培福等恶霸地主,0,1,1,0,,,strict_backbone
万德地区反土司斗争,0,1,0,0,,,context_only
田赋税征收,0,6,1,1,,,strict_backbone
生产运动模范,0,1,0,0,,,context_only
重庆国民会议促成会运动,2,4,4,0,,,strict_backbone
武汉三中全会,0,3,3,0,,,strict_backbone
土地没收政策,0,3,0,0,,,context_only
宣传发动群众,0,12,6,0,,,strict_backbone
修筑防御工事,0,3,0,0,,,context_only
反美反蒋斗争,0,3,1,0,,,strict_backbone
上溪口解放,0,4,0,0,,,context_only
三县会剿,0,8,2,0,,,strict_backbone
武汉工潮,0,8,3,0,,,strict_backbone
农民彻底解放,0,3,0,0,,,context_only
湖北省民众抗敌宣传团第二队,0,6,0,1,,,context_only
贵州省土地改革,0,2,2,1,1951-01-01,1951-12-31,strict_backbone
成立特支与转移据点,0,1,0,0,,,context_only
宿东战役,0,6,2,0,1946-01-01,1946-12-31,strict_backbone
青杠坡战斗/一渡赤水,0,0,0,0,,,isolated
蓝花坂会议/游击战争,0,3,1,0,,,strict_backbone
掩蔽时期斗争,1,6,4,1,,,strict_backbone
黄花岭战斗,0,2,2,0,,,strict_backbone
郭氏桥战斗,2,5,2,0,,,strict_backbone
护厂斗争物资,0,1,0,0,,,context_only
中苏问题研究会,0,6,0,0,,,context_only
北伐军攻占九江,0,5,0,0,,,context_only
湖北暴动区域划分,0,3,0,0,,,context_only
黔东特区工农兵代表大会,0,10,1,0,,,strict_backbone
回民斗争招领,0,3,0,0,,,context_only
粮食合作社,1,9,2,0,,,strict_backbone
游击队发展,0,3,0,0,,,context_only
华蓥山农民武装起义,0,3,0,0,,,context_only
汉城核心战斗小组,0,4,1,0,,,strict_backbone
《关于渡江后新的行动方针的决定》,0,1,0,0,,,context_only
电报、抗日运动、第五次围剿,0,1,0,0,,,context_only
隐蔽住宿/等待谈判,0,1,1,0,,,strict_backbone
代耕队,2,7,4,0,,,strict_backbone
红军扩红运动,0,5,0,0,,,context_only
中共毕节地委委员办公会议,2,2,2,1,1999-01-01,1999-12-31,strict_backbone
刘春洪,1,3,3,0,,,strict_backbone
黄冈滩渡之战,0,3,0,0,,,context_only
四川江防军第七混成旅起义,1,3,1,1,,,strict_backbone
武工队夜袭行动,1,7,5,1,,,strict_backbone
反奸清算斗争,1,6,6,0,1947-01-01,1947-12-31,strict_backbone
经济公社,0,6,1,1,,,strict_backbone
部署武装斗争,0,1,0,0,,,context_only
永新县城攻克,0,3,3,0,,,strict_backbone
二路前委,0,2,2,0,,,strict_backbone
土桥暴动,7,40,12,0,,,strict_backbone
群众性清匪/搜山清匪/清洗农协坏分子,0,7,1,0,,,strict_backbone
巴东县特别支部起义,0,2,2,0,,,strict_backbone
公开武装斗争,0,1,0,0,,,context_only
红二、红六军团瓦屋塘战斗,0,0,0,0,,,isolated
重庆总工会成立,0,3,0,0,,,context_only
党员代表会议,0,1,1,0,,,strict_backbone
汨罗江防线,0,3,3,0,,,strict_backbone
株洲工人运动,1,10,5,1,1927-01-01,1927-12-31,strict_backbone
反英示威大运动,0,3,0,0,,,context_only
新四军北撤事件,0,4,0,0,,,context_only
1946年国共内战,0,3,0,0,,,context_only
武装暴动计划,0,1,1,0,,,strict_backbone
收编神兵头目黄应昌及其神兵,3,5,3,0,,,strict_backbone
弋阳四股栋会议,0,3,1,0,,,strict_backbone
土改建团与阶级教育,0,2,0,0,,,context_only
纠正国共合作遗毒,0,1,0,0,,,context_only
反对除粪压迫斗争,0,3,1,1,,,strict_backbone
西撤,0,2,2,0,,,strict_backbone
学生示威活动,0,3,0,0,,,context_only
黔阳县剿匪战斗,0,1,0,0,,,context_only
游击队突围,0,1,0,0,,,context_only
宁芜铁路破坏行动,0,2,2,0,,,strict_backbone
东海圩农民抗租,0,3,1,0,,,strict_backbone
宝山起义,0,3,3,0,,,strict_backbone
奉天起义,1,16,8,1,1947-01-01,1947-12-31,strict_backbone
湖北秋收暴动,1,10,6,3,1927-01-01,1927-12-31,strict_backbone
宜路陆嵩边区武工大队,0,2,0,0,,,context_only
夺取柘林镇战斗,1,5,5,0,,,strict_backbone
反封建、查禁日货革命活动,0,0,0,0,,,isolated
革命形势,1,10,3,0,,,strict_backbone
三进淮宝与基本区的收复,0,5,5,0,,,strict_backbone
反对邱丽生斗争,0,3,1,0,,,strict_backbone
赣西南革命斗争,2,3,2,0,,,strict_backbone
县特别法庭,0,6,0,0,,,context_only
反扑长沙之役,0,3,1,0,,,strict_backbone
铁壁合围歼灭战,0,6,1,0,,,strict_backbone
三女师校长人选物色事件,0,2,2,0,,,strict_backbone
武装起义的准备工作,0,3,1,0,,,strict_backbone
青阳镇战斗,0,6,6,0,,,strict_backbone
师宗县解放委员会成立,0,3,0,0,,,context_only
石号坡激战,0,3,3,0,,,strict_backbone
红十一团突围,0,3,0,1,,,context_only
又新丝厂工人罢工,0,3,0,0,,,context_only
农村宣传教育工作,0,3,1,0,,,strict_backbone
撤离南京行动,0,1,0,0,,,context_only
拉偶运动,0,3,3,0,,,strict_backbone
摧毁乡公所自卫队,0,2,2,0,,,strict_backbone
长沙大火,0,18,6,0,,,strict_backbone
土匪暴动应对,0,3,0,0,,,context_only
邳县抗日青年救国团,0,3,0,0,,,context_only
组织起义,0,1,1,0,,,strict_backbone
五一罢工,0,3,0,0,,,context_only
革命传统教育,1,19,1,0,,,strict_backbone
组建短枪队/反清乡锄奸,0,1,1,0,,,strict_backbone
湘潭县人民政府成立,0,14,1,0,,,strict_backbone
五·二血事件,0,1,0,0,,,context_only
审议《邮电风云》,0,1,0,0,,,context_only
黎榕从合围部署,0,2,2,0,,,strict_backbone
乔后之战,0,3,1,0,,,strict_backbone
贡山县和平解放,0,3,1,0,,,strict_backbone
地方政权建设,0,10,3,0,,,strict_backbone
天门土匪与红枪会活动,0,3,0,0,,,context_only
虎南地区转移,0,3,0,0,,,context_only
反帝爱国示威大游行,1,2,2,0,,,strict_backbone
激战,0,2,0,1,,,context_only
蒙自小东山农民代表大会,0,5,1,0,,,strict_backbone
兑换抚币,0,1,1,0,,,strict_backbone
苏维埃成立大会,0,1,0,0,,,context_only
抗美援朝战争,3,12,6,0,,,strict_backbone
思想发动补课,0,5,0,0,,,context_only
白马伏击战,0,3,1,0,,,strict_backbone
龙头河野鸡滩会议,0,3,1,0,,,strict_backbone
会议地点考证,0,2,0,0,,,context_only
护税,0,3,0,0,,,context_only
讨竿暴动,0,1,1,0,,,strict_backbone
忠义救国军,0,5,0,0,,,context_only
甘溪战役,0,10,8,0,,,strict_backbone
淮北根据地整风运动,0,3,0,0,,,context_only
反匪反霸运动,0,8,3,1,1945-01-01,1946-12-31,strict_backbone
鄂豫皖第二次反‘围剿’斗争,0,5,3,0,,,strict_backbone
广安城剿匪武装起义,0,3,0,0,,,context_only
反动团防斗争,0,3,2,0,,,strict_backbone
三合寨战斗,1,5,5,0,,,strict_backbone
南溪抗捐斗争,0,11,9,0,,,strict_backbone
尤集突围,0,1,0,0,,,context_only
双十进犯,0,3,1,0,,,strict_backbone
盐税矛盾,0,6,1,1,,,strict_backbone
解放西南战争,0,5,3,1,,,strict_backbone
枫山坡战斗,0,2,2,0,,,strict_backbone
在撮科武装起义中拉起武装争取刘士纯,0,1,0,0,,,context_only
解放黟县战役,0,2,2,1,1949-04-01,1949-04-30,strict_backbone
投毒/放火/暴乱,0,0,0,0,,,isolated
特支工作,0,7,2,1,,,strict_backbone
红一方面军保卫局,0,2,0,0,,,context_only
民族游击大队,1,3,1,0,,,strict_backbone
日军扫荡行动,0,3,0,0,,,context_only
袭扰敌人行动,0,1,1,0,,,strict_backbone
南腰界武装斗争,0,2,2,0,,,strict_backbone
旧州暴动,0,2,2,0,,,strict_backbone
英国帝国主义者,0,4,0,0,,,context_only
反“清乡”斗争纪念座谈会,0,2,2,0,,,strict_backbone
安县起义,0,5,2,0,,,strict_backbone
襄枣宜苏区恢复,0,3,0,0,,,context_only
鄂北马良坪战斗,0,2,2,0,,,strict_backbone
春草,0,15,1,1,,,strict_backbone
抗日战争时期革命文献,0,6,1,0,,,strict_backbone
綦江县解放,0,3,0,0,,,context_only
童仲迅同志被捕事件,0,6,2,1,,,strict_backbone
浍河战斗,0,5,3,1,,,strict_backbone
从江县党史资料征集座谈会,0,5,3,0,,,strict_backbone
江西农民革命斗争,0,3,1,0,,,strict_backbone
查处贪污/于都事件,0,1,1,0,,,strict_backbone
土改复查工作会议,0,3,0,0,,,context_only
干部培养,0,3,1,0,,,strict_backbone
慰问信征募活动,0,3,1,1,,,strict_backbone
娄底战斗,0,3,1,0,,,strict_backbone
解放毕节战斗,0,1,1,0,,,strict_backbone
五·二错惨案,0,1,0,0,,,context_only
东纵北撤隐蔽活动,1,9,4,1,,,strict_backbone
保护公共财物,0,3,0,0,,,context_only
桃源东安钨矿工人罢工,0,2,2,0,,,strict_backbone
樟树解放战役,0,3,0,0,,,context_only
苏维埃政权恢复斗争,0,3,0,0,,,context_only
抢占黄木垭战斗,0,3,3,0,,,strict_backbone
女工青工保护,0,3,0,0,,,context_only
四七惨案,0,3,1,0,,,strict_backbone
新学堂筹建,0,2,2,0,,,strict_backbone
高城阻击战,0,4,4,0,,,strict_backbone
统战组织,0,4,0,0,,,context_only
图攻冉家碉堂,0,3,1,0,,,strict_backbone
生产互助政策,0,3,0,0,,,context_only
武工队成立事件,0,5,1,1,,,strict_backbone
襄西支前司令部,0,3,0,0,,,context_only
贴标语传单运动,0,2,2,0,,,strict_backbone
祁阳县政权,0,3,0,0,,,context_only
寻乌农民暴动,0,1,0,0,,,context_only
炉霍会议,0,2,2,0,,,strict_backbone
纺织运动,0,1,0,0,,,context_only
鸭池河渡口战斗,0,5,3,0,,,strict_backbone
扫盲运动,0,8,1,0,,,strict_backbone
驱赵迎唐运动,0,3,1,0,,,strict_backbone
进驻谷陇,2,5,4,0,,,strict_backbone
1934年12月武装起义,0,2,2,0,,,strict_backbone
民青盟员发展,0,3,0,0,,,context_only
破仓分粮,1,7,4,0,,,strict_backbone
大明纺织厂工人罢工,0,5,0,0,,,context_only
二营指挥战斗,0,1,0,0,,,context_only
南下任务,1,3,1,0,,,strict_backbone
苏北反扫荡,0,3,1,0,,,strict_backbone
杨行战斗,0,2,2,0,,,strict_backbone
金子沱起义,1,4,2,0,,,strict_backbone
湖南省总工会第一次代表大会,0,3,0,0,,,context_only
长征路,0,3,0,0,,,context_only
微山湖十三个渡口罢渡斗争,0,2,2,0,,,strict_backbone
官僚资本,0,3,0,0,,,context_only
中华苏维埃共和国第一次全国工农兵代表大会,0,2,2,0,,,strict_backbone
三台县人民法院,0,3,0,0,,,context_only
抢米斗争,0,5,5,0,1929-01-01,1929-12-31,strict_backbone
丰涪边区地下斗争,0,3,3,0,,,strict_backbone
江西土地革命,1,3,3,0,,,strict_backbone
义卖运动,0,1,1,0,,,strict_backbone
一二·九示威运动声援活动,0,2,2,0,,,strict_backbone
谭家桥战斗失利,0,3,0,0,,,context_only
宣传马列主义,0,3,0,0,,,context_only
都江水利,0,3,0,0,,,context_only
杜付店战役,0,1,1,0,,,strict_backbone
继续躲藏与借机脱险,0,2,0,0,,,context_only
段海州唐广金寨部,0,3,0,0,,,context_only
湖南农村斗争,0,2,2,3,,,strict_backbone
炮兵营成立及战斗行动,0,7,1,0,,,strict_backbone
叶圩据点攻克战役,2,2,2,0,,,strict_backbone
大柏地战斗,2,28,14,0,,,strict_backbone
奔赴解放区,0,1,1,0,,,strict_backbone
大明厂罢工,0,4,4,0,,,strict_backbone
反日反帝斗争,0,2,0,0,,,context_only
鸠塘集战斗,0,2,2,0,,,strict_backbone
医疗卫生事业,0,2,0,0,,,context_only
佛海谈判,0,1,1,0,,,strict_backbone
护乡大队,0,3,0,0,,,context_only
师部指挥与作战保障,0,2,0,0,,,context_only
罗平县政权建设,0,3,0,0,,,context_only
鄂西挺进大队,0,9,2,1,,,strict_backbone
接管伪教育厅,0,6,1,1,,,strict_backbone
区级干部培训,0,2,2,0,,,strict_backbone
护码头运动,1,2,1,0,,,strict_backbone
一二·八抗日运动,0,2,2,0,,,strict_backbone
仁怀县人民临时公安队成立事件,0,6,0,0,,,context_only
下关事件,1,13,4,0,1946-01-01,1946-12-31,strict_backbone
萍浏醴起义,0,1,1,0,,,strict_backbone
自治驱王运动,0,3,0,0,,,context_only
武汉职工运动策略,0,4,2,0,,,strict_backbone
修水暴动,0,7,5,1,,,strict_backbone
农运、工运,0,0,0,0,,,isolated
领导农民运动,0,3,1,0,,,strict_backbone
峨山县护路中队,0,3,0,0,,,context_only
反刘斗争,0,6,1,0,,,strict_backbone
土地复查运动,0,5,3,0,,,strict_backbone
剧队,0,6,0,0,,,context_only
富旺集战斗,0,1,0,0,,,context_only
营救七同学事件,0,1,1,0,,,strict_backbone
邵茶青年铁血救国团,0,3,0,0,,,context_only
南京冬令讲学,0,3,1,0,,,strict_backbone
长青堡解放,0,3,1,0,,,strict_backbone
通兰武装斗争,0,2,2,0,,,strict_backbone
阻击战斗,0,1,0,0,,,context_only
解放罗平城战斗,0,2,2,0,,,strict_backbone
肃清银元投机,0,1,0,0,,,context_only
牛街武装暴动,0,3,0,0,,,context_only
黄龙区暴动,0,3,0,0,,,context_only
埠里战斗,0,4,0,0,,,context_only
内外棉纱厂工人同盟罢工,0,6,1,1,,,strict_backbone
解放区军民,0,1,0,0,,,context_only
京沪杭战役实施纲要,1,12,4,0,,,strict_backbone
昭通学生运动,0,37,10,0,,,strict_backbone
各界人民代表大会与征收公粮,0,1,1,0,,,strict_backbone
重庆学生大游行,0,6,3,0,,,strict_backbone
扩大红色区域,0,3,2,0,,,strict_backbone
退赃,0,3,0,0,,,context_only
南京市工商青年联谊会,1,5,3,0,,,strict_backbone
新平县反革命武装暴乱,0,4,0,0,,,context_only
南龛山战斗,0,1,0,0,,,context_only
淮海战役黑山阵地阻击战,0,2,2,1,1948-01-01,1948-12-31,strict_backbone
川陕省红军家属代表大会,0,3,0,1,,,context_only
布客抢劫事件,0,1,1,0,,,strict_backbone
《恐怖的生活》,0,3,0,0,,,context_only
重庆市各级党部联席会议,1,2,2,0,,,strict_backbone
掩护主力,1,3,1,0,,,strict_backbone
耒阳战斗,0,2,2,0,,,strict_backbone
土改斗争,0,3,2,0,,,strict_backbone
丝厂工人罢工,0,2,0,0,,,context_only
团练干校,0,3,2,0,,,strict_backbone
新四军豫鄂独立游击支队行动,0,3,1,0,,,strict_backbone
红军长征四渡赤水战役,0,6,0,0,,,context_only
敌人酷刑与镇压,0,3,0,0,,,context_only
临淮头失守,0,2,0,0,,,context_only
黔西北转战,0,2,2,0,,,strict_backbone
入川,0,3,2,0,,,strict_backbone
培养初级干部,0,3,1,1,,,strict_backbone
抗日学生战时归国服务团,0,3,0,0,,,context_only
壁报批判事件,0,3,0,0,,,context_only
荔波县战区布防,0,1,0,0,,,context_only
均房苏区失败原因分析,0,1,1,0,,,strict_backbone
宜昌民众教育话剧组,0,3,0,0,,,context_only
湘潭救党运动,1,2,2,0,,,strict_backbone
暴动口号,0,2,0,0,,,context_only
支前后勤,0,3,1,0,,,strict_backbone
一·二五/抗暴/五·二〇学生运动,0,0,0,0,,,isolated
刀会武装暴动,1,5,3,0,,,strict_backbone
"重庆""六·一""大逮捕",0,3,0,0,,,context_only
葫芦峪伏击战,0,6,4,0,,,strict_backbone
江苏问题,1,6,2,0,,,strict_backbone
青年学生反对大劣绅郭守贞贪污旱灾救济款的斗争,2,2,2,0,,,strict_backbone
民主政治讨论,0,3,0,0,,,context_only
五峰县学生联合会,1,3,1,0,,,strict_backbone
反围剿/牵制敌人,0,1,1,0,,,strict_backbone
投身革命,1,4,2,0,,,strict_backbone
四十九后方医院,0,2,0,0,,,context_only
苏北抗日游击战争,0,3,2,0,,,strict_backbone
抗日民族统一战线推进,0,46,15,3,,,strict_backbone
武汉解放真空期社稷秩序维护,1,3,1,0,,,strict_backbone
中国共产党第五次全国代表大会,4,29,18,1,1927-01-01,1927-12-31,strict_backbone
分配耕牛,0,1,0,0,,,context_only
大会,0,40,0,0,,,context_only
第五次反革命‘围剿’,0,8,3,0,,,strict_backbone
抗日示威活动,0,7,2,0,,,strict_backbone
纵火烧毁伪军驻扎的圩子炮楼,0,3,1,0,,,strict_backbone
国民抗日自卫团,0,1,0,0,,,context_only
青龙场会议,0,3,0,0,,,context_only
接收镇公所与收缴枪枝,0,1,0,0,,,context_only
禁毒运动检举揭发,0,1,0,0,,,context_only
天柱解放,0,3,0,0,,,context_only
大别山斗争,2,20,7,2,,,strict_backbone
修都江堰水利,0,3,1,1,,,strict_backbone
强渡长江攻占白矾,0,3,3,0,,,strict_backbone
华中地区军民抗日活动,0,1,0,0,,,context_only
反六路围攻战争,0,1,0,0,,,context_only
女子联合会,0,7,0,0,,,context_only
铜梁城区学生反内战反饥饿争温饱斗争,0,1,1,0,,,strict_backbone
国民党贵州保安十二团三营叛匪,0,3,0,0,,,context_only
蒋介石第四次“围剿”,0,1,0,0,,,context_only
博尚街战斗,0,3,0,0,,,context_only
活捉主要匪首,0,3,1,0,,,strict_backbone
攻克师宗城,0,2,1,0,,,strict_backbone
文艺研究小组,1,3,2,0,,,strict_backbone
康家山战斗,0,1,1,0,,,strict_backbone
哥老会聚义,0,1,0,0,,,context_only
清剿匪患,0,3,0,0,,,context_only
黔西北苏区发展,0,3,1,0,,,strict_backbone
自卫队建设,0,1,1,0,,,strict_backbone
武装工农,0,3,0,0,,,context_only
应山县党部成立大会,0,1,0,0,,,context_only
洋蛮河伏击战,0,2,0,0,,,context_only
纪念方志敏同志诞辰一百周年,0,3,0,0,,,context_only
相国寺特支,0,3,2,0,,,strict_backbone
上海三次武装起义,0,4,2,0,,,strict_backbone
工人经济政治斗争,0,5,0,0,,,context_only
光华山区苏维埃政权,0,2,0,0,,,context_only
宣当警卫团,0,3,0,0,,,context_only
反蒋、反‘三征’农民运动,0,0,0,0,,,isolated
共军掩入锦屏,0,5,0,0,,,context_only
解放沙市战役,0,7,4,0,1949-07-15,1949-07-15,strict_backbone
停办危机,0,3,0,0,,,context_only
鄂豫皖苏区第五次反围剿,0,3,0,0,,,context_only
安葬红军排长事件,0,3,0,1,,,context_only
第四次反“围剿”,2,9,9,0,,,strict_backbone
西南区减租运动,0,3,1,0,,,strict_backbone
反内战反三征游击斗争,0,5,2,0,,,strict_backbone
小学教员联谊会,0,3,0,0,,,context_only
抗日统战工作,0,4,3,0,,,strict_backbone
苏中四分区建设,0,1,1,0,,,strict_backbone
群众掩护,0,5,0,0,,,context_only
解放和剿匪斗争,0,4,0,0,,,context_only
梁家岗暴动/泗县灵璧起义,0,2,0,0,,,context_only
横峰暴动,0,3,0,0,,,context_only
反新军阀战争宣传周活动,0,3,0,0,,,context_only
抗战文艺习作会,2,13,4,0,,,strict_backbone
湘赣省第三次工农兵代表大会,0,2,0,0,,,context_only
发展党员周霞东,1,1,1,0,,,strict_backbone
"""五一""农民起义",0,3,0,0,,,context_only
武汉会战相关活动,0,7,4,0,,,strict_backbone
黔西反动当局压迫斗争,0,2,2,0,,,strict_backbone
昆明军事行动,0,3,0,0,,,context_only
湖南醴陵县农村社会变迁,0,3,1,3,,,strict_backbone
利用伪军瓦解敌人,0,3,0,0,,,context_only
中国农工民主党第一次全国干部会议,0,2,2,0,,,strict_backbone
突围反杀,0,2,2,0,,,strict_backbone
湘南起義,0,5,3,1,,,strict_backbone
苏北战争,0,3,0,0,,,context_only
军事部署与游击战,0,6,4,1,,,strict_backbone
洱源、维西等地暴动,0,1,1,0,,,strict_backbone
追悼会,2,17,5,0,,,strict_backbone
万寿宫群众大会,1,3,1,0,,,strict_backbone
发展游击队运动,1,4,4,0,,,strict_backbone
雪耻会沅江分会,1,3,1,0,,,strict_backbone
镇压革命人员/关押收容,0,2,1,0,,,strict_backbone
红二、六津军会师后打的第一仗,0,1,0,0,,,context_only
界石会议,2,3,2,0,,,strict_backbone
新华轮触礁沉没事件,0,3,3,0,,,strict_backbone
上达河战斗,0,2,0,0,,,context_only
组织各乡农会暴动,0,3,0,0,,,context_only
《虎符》,0,3,3,0,,,strict_backbone
渡过长江,0,3,0,0,,,context_only
动员参军,0,3,0,0,,,context_only
合围锦屏战斗,0,6,1,0,,,strict_backbone
红十军攻克秋浦县城,0,5,3,0,,,strict_backbone
参扩军运动,0,4,0,1,,,context_only
宜沙战役,0,23,8,1,,,strict_backbone
苏区人民群众,0,3,1,0,,,strict_backbone
横峰县第一次工农兵代表大会,0,3,0,0,,,context_only
里佳山反顽战斗,0,8,6,0,,,strict_backbone
剿匪任务,0,16,3,0,,,strict_backbone
灶山团歼敌,0,2,0,0,,,context_only
平江战役,0,2,2,0,,,strict_backbone
一·二八事变,0,21,2,0,,,strict_backbone
停场罢课斗争,0,1,1,0,,,strict_backbone
蒋张战争,0,2,1,0,,,strict_backbone
电厂保护迎接解放,0,1,0,0,,,context_only
乡保政权,0,3,0,0,,,context_only
高眉山阻击战,0,4,4,0,,,strict_backbone
溧阳周城战役,0,3,3,0,,,strict_backbone
《学生导报社》,0,3,0,0,,,context_only
江苏抗敌工作团,0,4,0,1,,,context_only
三届土改斗争,0,2,0,0,,,context_only
四次围剿,0,3,0,0,,,context_only
反中统特务恶霸士司石炳麟斗争,0,1,1,0,,,strict_backbone
营救同志,0,1,0,0,,,context_only
争取革命领导权,0,2,0,0,,,context_only
1933年2月被捕事件,1,2,2,0,,,strict_backbone
上庄剥削,0,2,0,0,,,context_only
支前工作计划执行,0,1,0,0,,,context_only
解除反动军队武装,0,3,0,0,,,context_only
三穗县人民政府成立,0,3,0,0,,,context_only
游击战术/分兵突围,0,7,4,0,,,strict_backbone
蚌浦铁路通车,0,3,0,0,,,context_only
郴州平叛斗争,0,2,2,0,,,strict_backbone
反美爱国大会,0,1,0,0,,,context_only
攻占白龙厂,0,1,1,0,,,strict_backbone
和平解决钟山问题,0,3,0,0,,,context_only
拆卸电话设备送岸保存,0,6,1,0,,,strict_backbone
渭华起义,0,1,1,0,,,strict_backbone
黄平旧州战役,0,3,0,0,,,context_only
句容战斗,0,8,4,1,,,strict_backbone
淮北办事处成立,0,5,0,0,,,context_only
狗街战斗,0,3,1,0,,,strict_backbone
板溪铲烟苗行动,0,2,0,0,,,context_only
鄂南地区党的工作,0,5,2,0,,,strict_backbone
集中整编与形势教育,1,6,1,1,,,strict_backbone
吉安攻取行动,0,3,0,0,,,context_only
宜威之战,0,2,2,0,,,strict_backbone
泰县青救抗日宣传团,0,3,1,1,,,strict_backbone
反“围剿”,1,8,5,0,,,strict_backbone
反蒋匪‘总体战’斗争,0,3,1,0,,,strict_backbone
掘渠工程,0,3,0,0,,,context_only
乡丁携武器出击土匪,0,3,1,1,,,strict_backbone
石鼓保卫战,1,6,3,0,,,strict_backbone
如皋战役,0,4,1,1,,,strict_backbone
白麟乡政权建立,1,3,1,0,,,strict_backbone
青旅队,2,3,3,0,,,strict_backbone
入黔助剿,1,2,2,0,,,strict_backbone
淮北高等法院,0,3,0,0,,,context_only
党员分析安排/保存干部,0,2,2,0,,,strict_backbone
板山土改,0,3,1,0,,,strict_backbone
血吸虫病防治,1,3,1,0,,,strict_backbone
江浦进退军,0,1,0,0,,,context_only
中国妇女第一次全国代表大会,0,3,0,0,,,context_only
围剿土匪行动,0,3,0,0,,,context_only
江北县老二区小学教师联谊会,0,3,0,0,,,context_only
二苏大会,0,2,2,0,,,strict_backbone
陆军编遣运动,0,1,0,0,,,context_only
镇远史料编纂,1,3,3,0,,,strict_backbone
华野三纵,0,9,2,1,,,strict_backbone
汉阳钢铁厂罢工,0,4,4,0,,,strict_backbone
红二军团积极分子会议,0,6,0,0,,,context_only
整塘事件,0,3,0,0,,,context_only
里应外合行动,0,3,1,0,,,strict_backbone
三光政策,0,15,1,0,,,strict_backbone
罗布坳战斗,0,2,2,0,,,strict_backbone
荣昌县抗日救亡运动,1,8,6,0,,,strict_backbone
百善安维持会,0,3,0,0,,,context_only
长紫惠铁壁合围,0,9,0,0,,,context_only
抗日标语,0,4,0,0,,,context_only
盘县失陷,0,5,2,0,,,strict_backbone
民族解放先锋队《民先》,0,3,0,0,,,context_only
四川讨贼战争,3,3,3,0,,,strict_backbone
罢工和暴动,0,1,0,0,,,context_only
荔波的解放,0,3,0,1,,,context_only
烈士平反昭雪,0,3,2,0,,,strict_backbone
银元兑换行动,0,5,2,0,,,strict_backbone
南返扫荡,0,3,3,0,,,strict_backbone
联络南京学生,0,2,2,0,,,strict_backbone
土门战役战斗经过,0,2,1,0,,,strict_backbone
民众自卫总队,0,9,1,1,,,strict_backbone
佛海军政干部会议,0,3,0,0,,,context_only
清升壮年同志会,0,3,0,0,,,context_only
上关沙坪之战,0,2,2,0,,,strict_backbone
攻打猫营乡公所战斗,0,2,2,0,,,strict_backbone
桂林策反工作,0,3,1,0,,,strict_backbone
日伪物资运输行动,0,2,2,0,,,strict_backbone
农抗会筹备会,0,3,0,1,,,context_only
马克思学说研究会和民权运动大同盟,0,1,1,0,,,strict_backbone
抢占阵地与打退日军进攻,0,2,0,0,,,context_only
浙西剿匪战役,0,1,0,0,,,context_only
暴动指示,0,2,0,0,,,context_only
重庆审判与屠杀,0,3,1,0,,,strict_backbone
凯里地下武装斗争,0,2,0,0,,,context_only
进攻黔江战斗,1,6,1,1,,,strict_backbone
户口管理改革,0,2,2,0,1949-01-01,1949-12-31,strict_backbone
高山起义,0,1,0,0,,,context_only
七政训练班,1,78,8,1,,,strict_backbone
五通桥区抗日救亡活动,2,2,2,0,,,strict_backbone
组建群众武装,0,3,1,0,,,strict_backbone
白鹿洞会议,0,3,1,0,,,strict_backbone
零陵大火案,0,3,0,0,,,context_only
游击队下山整编,1,3,1,0,,,strict_backbone
学生军战斗,1,2,2,0,,,strict_backbone
羊场开灭战,0,1,1,0,,,strict_backbone
学社'今天',0,6,1,0,,,strict_backbone
民主改革运动,1,4,4,0,,,strict_backbone
贵州武装斗争设想,0,1,0,0,,,context_only
抗暴签名与游行,0,2,1,0,,,strict_backbone
接收旧银行,0,3,0,0,,,context_only
组织消费合作社,0,3,2,0,,,strict_backbone
工农通讯运动,0,3,0,0,,,context_only
雷山合围大捷,0,3,3,0,,,strict_backbone
汉冶萍总工会第二次代表大会,0,10,0,1,,,context_only
李桥战斗,0,2,2,0,,,strict_backbone
醴陵妇女联合会,1,3,1,0,,,strict_backbone
抗大第八分校,0,12,0,2,,,context_only
杨歧山武装暴动,2,23,10,0,,,strict_backbone
石陀港拦截战,0,3,3,0,,,strict_backbone
平坝县解围战,0,4,4,0,,,strict_backbone
五通桥区委抗日救亡活动,2,2,2,0,,,strict_backbone
护送密码与谈判,0,3,0,0,,,context_only
泸西午街铺战斗,0,3,2,0,,,strict_backbone
党的五大,0,9,6,0,,,strict_backbone
中共绵安中心县委改造,0,10,0,0,,,context_only
会师联欢与整训学习,0,3,1,0,,,strict_backbone
肃反冤杀,0,3,0,0,,,context_only
借枪与伏击,0,3,1,0,,,strict_backbone
镇远-晃县联络线,0,3,0,0,,,context_only
元永井扩红,1,3,1,0,,,strict_backbone
朱南荡保卫战,0,5,0,0,,,context_only
粤港罢工,0,3,1,0,,,strict_backbone
火烧渔溪寺事件,0,7,1,1,,,strict_backbone
西塔山战斗,0,12,9,0,,,strict_backbone
海属地区建党,0,2,2,0,,,strict_backbone
梵净山合围作战命令刻印与分发,0,2,0,0,,,context_only
接管电信,0,3,0,0,,,context_only
重庆教职员联合会,0,4,2,0,,,strict_backbone
攻打禄劝保安团,1,3,1,0,,,strict_backbone
打坑战斗胜利与表彰,0,5,0,0,,,context_only
株萍铁路罢工,0,5,0,0,,,context_only
红三军北上,0,2,2,0,,,strict_backbone
京汉路流血事件,0,3,0,0,,,context_only
红军进攻行动,0,3,1,0,,,strict_backbone
抗中,0,1,1,0,,,strict_backbone
四野大军挺进长江,0,3,1,0,,,strict_backbone
收缴枪支弹药,0,3,1,0,,,strict_backbone
突破千里江防,0,3,1,0,,,strict_backbone
红二方面军北上行动,0,3,0,0,,,context_only
灵璧沦陷,0,2,2,0,,,strict_backbone
国民运动,0,3,0,0,,,context_only
毕节金银山伏击战,0,2,2,0,,,strict_backbone
少数民族地区土地改革,0,3,2,1,,,strict_backbone
三十五旅攻占万匹据点,0,3,1,1,,,strict_backbone
入川同学服务团,0,4,0,0,,,context_only
新四军四支队战斗,0,3,0,0,,,context_only
川陕省临时革命委员会成立,0,5,2,0,,,strict_backbone
青神暴动,0,2,2,0,,,strict_backbone
挥师入川开展游击战争,0,3,1,0,,,strict_backbone
新田县党支部成立,0,2,0,0,,,context_only
抗日民族统一战线理论宣传,0,5,2,1,,,strict_backbone
狮子营战斗,0,6,1,0,,,strict_backbone
农民运动短期习班,0,1,0,0,,,context_only
烤房建设,0,1,0,0,,,context_only
湘潭县妇女联合会成立,0,2,0,0,,,context_only
卫岗战斗,0,8,4,1,,,strict_backbone
诉苦歌,0,5,0,0,,,context_only
知新补习班,0,8,2,0,,,strict_backbone
黔南新貌/烈士纪念,0,1,0,0,,,context_only
纪律检查,0,3,0,0,,,context_only
战时妇女服务团,1,1,1,0,,,strict_backbone
泸西战斗,0,1,0,0,,,context_only
土改干部民族感情/语言问题,0,1,1,0,,,strict_backbone
五卅烈士公墓奠基礼,0,3,3,0,,,strict_backbone
赤水会战,0,4,2,0,,,strict_backbone
花红梁子起义,0,5,2,0,,,strict_backbone
红四军九次大会,0,3,0,0,,,context_only
湘赣边界工农兵政府成立,0,3,0,0,,,context_only
赵圩战斗,0,1,0,0,,,context_only
荆紫关战斗,0,3,0,0,,,context_only
抢、米事件,0,1,0,0,,,context_only
剿灭土匪行动,0,2,1,0,,,strict_backbone
进军思陀与解放思陀镇,0,1,0,0,,,context_only
湘潭电工厂罢工护厂斗争,0,1,0,0,,,context_only
赣州守城战役,0,3,1,0,,,strict_backbone
教唱革命民歌与解放区歌曲与分析阶级生活,0,3,0,1,,,context_only
第二批土地改革,0,3,2,1,,,strict_backbone
节粮献金运动,0,3,1,0,,,strict_backbone
召开群众大会,0,1,0,0,,,context_only
渡浒石战斗,1,3,1,1,,,strict_backbone
反逮捕斗争,0,1,0,0,,,context_only
剿匪运动,2,19,8,1,,,strict_backbone
蓬溪会议,0,5,2,0,,,strict_backbone
隐蔽突围,0,5,4,0,,,strict_backbone
赣西临时苏维埃政府成立,0,2,0,0,,,context_only
贺龙同志诞辰纪念展览,0,3,1,0,,,strict_backbone
秋收起义时期,0,3,0,0,,,context_only
四月十二事变,0,3,1,0,,,strict_backbone
独二师哗变事件,0,4,2,0,,,strict_backbone
蓝田之战,1,11,4,0,,,strict_backbone
学生膳团,0,3,0,0,,,context_only
清匪任务,0,1,0,0,,,context_only
张贴标语散发传单,1,3,1,0,,,strict_backbone
旧州土匪暴乱,0,3,1,0,,,strict_backbone
大雪山突围,0,3,3,0,,,strict_backbone
江北县教师联谊会,0,3,0,0,,,context_only
宝山地区武装斗争,1,4,4,0,,,strict_backbone
开展民族工作与宣传政策,0,4,1,1,,,strict_backbone
滕家坝事件,0,3,0,0,,,context_only
马克思列宁主义读书会,0,2,0,0,,,context_only
丽江联防一大队政工工作,0,1,0,0,,,context_only
五四纪念会,0,3,0,0,,,context_only
卢汉起义,7,120,36,1,,,strict_backbone
瓮垭关战斗,0,1,0,0,,,context_only
围攻长沙,1,8,4,0,,,strict_backbone
汉口租界人力车工人罢工,1,7,7,0,,,strict_backbone
城市各业工人组织,0,3,1,0,,,strict_backbone
舰艇起义行动,0,1,0,0,,,context_only
攻陷长沙,0,2,0,0,,,context_only
盘江流域反蒋武装斗争,0,2,2,0,,,strict_backbone
筹盐行动,0,1,1,0,,,strict_backbone
长征经历,0,1,0,0,,,context_only
尹家寺会议,0,6,0,0,,,context_only
红六军团西征,0,1,0,0,,,context_only
苍溪党组织垮台事件,0,3,1,0,,,strict_backbone
汪烈士案件,0,2,0,0,,,context_only
沙面工人罢工,1,4,4,0,,,strict_backbone
春季参军运动指示,0,6,3,1,1945-01-01,1945-12-31,strict_backbone
皖浙赣边区游击战争,0,10,2,0,,,strict_backbone
石山区保卫战,0,2,0,0,,,context_only
天府煤矿子弟校斗争,0,4,4,0,,,strict_backbone
抗战文艺工作会,0,3,2,0,,,strict_backbone
皖北涡河北岸起义,1,1,1,0,,,strict_backbone
左倾路线肃反,0,3,1,0,,,strict_backbone
武汉铁路工人大罢工,0,3,0,0,,,context_only
赣西南群众斗争,0,2,0,1,,,context_only
妇女基干队,0,3,1,0,,,strict_backbone
进攻战斗,0,6,1,1,,,strict_backbone
文家市战斗,1,8,8,0,,,strict_backbone
发放良民证,0,3,0,0,,,context_only
汉口惨案,0,8,2,1,,,strict_backbone
废除保甲制度、建立人民政权,0,0,0,0,,,isolated
滇西北解放战争,1,12,1,0,,,strict_backbone
五卅惨案国民外交后援会,0,5,5,0,,,strict_backbone
五里槐伏击战,0,6,4,0,,,strict_backbone
秋收起义准备,1,2,2,0,,,strict_backbone
南康潭口暴动,2,4,4,0,,,strict_backbone
安庆学生联合会,0,2,0,0,,,context_only
瓜州镇战斗,0,1,0,0,,,context_only
应山农运工作,0,2,1,0,,,strict_backbone
栗源堡城保卫战,1,2,2,0,,,strict_backbone
收集情报配合武装斗争,0,3,0,0,,,context_only
中江抗日救亡运动,0,1,0,0,,,context_only
鄂南暴动计划,0,3,0,0,,,context_only
时事课,0,3,0,0,,,context_only
绝命诗创作,0,1,0,0,,,context_only
抗战文艺宣传,0,5,1,0,,,strict_backbone
盐民联合会,0,3,1,0,,,strict_backbone
叶少奎部,0,9,0,1,,,context_only
雪凉合围总结与后续剿匪,0,4,3,0,,,strict_backbone
满州事变,0,3,1,0,,,strict_backbone
围攻基长与喊话宣传,0,3,2,0,,,strict_backbone
捉拿日本兵,0,1,1,0,,,strict_backbone
江津地下斗争,0,1,1,0,,,strict_backbone
配合邻省剿匪,0,2,1,0,,,strict_backbone
盐阜区战斗,0,9,3,0,,,strict_backbone
宣家堡、奉兴、南战斗、海安、李堡、丁堰、林梓、邵伯、如皋、黄桥,0,1,0,0,,,context_only
塘北头圩子激战,0,3,1,0,,,strict_backbone
大兴庄农民武装暴动,4,4,4,0,1930-11-03,1930-11-03,strict_backbone
伪国大召开,0,4,0,0,,,context_only
苏南反、顽战役,0,3,2,0,,,strict_backbone
抗捐税/借粮抢粮斗争,0,1,0,0,,,context_only
武汉工人暴动,0,3,0,0,,,context_only
反托斗争,0,2,2,1,1949-01-01,1949-12-31,strict_backbone
工农革命军第七师改编,0,2,0,0,,,context_only
汇水河会议,0,4,0,0,,,context_only
黄冈岗战斗,0,1,0,0,,,context_only
灌县祝廖事件,0,3,1,0,,,strict_backbone
姜堰战役,0,1,1,0,,,strict_backbone
湘鄂西苏区军校建设,0,3,0,0,,,context_only
中国共产党领导的反帝爱国运动,0,1,0,0,,,context_only
土匪围攻县城事件,0,2,2,0,1949-01-01,1949-12-31,strict_backbone
潭头之战,1,6,4,0,,,strict_backbone
青年工作通知,0,5,0,0,,,context_only
宁江县篱笆桥战斗,0,3,0,0,,,context_only
战绩公布,0,1,0,0,,,context_only
掩护地方人员东撤任务,0,4,4,0,,,strict_backbone
民族解放斗争使命,0,1,0,0,,,context_only
借粮斗争,1,26,12,1,,,strict_backbone
谷陇剿匪战斗,1,11,6,1,,,strict_backbone
党团骨干转移与对敌斗争牺牲,0,1,0,0,,,context_only
井研救亡团体,0,6,0,1,,,context_only
九·二五省巡署变后组织,0,1,1,0,,,strict_backbone
上海工人运动,4,30,24,0,,,strict_backbone
摧毁敌乡政权,0,3,1,1,,,strict_backbone
苏区南部17县经济建设大会,0,3,0,0,,,context_only
运输担架队与收缴武器,0,2,2,0,,,strict_backbone
中央交通联络,0,3,0,0,,,context_only
中联社,0,3,1,0,,,strict_backbone
饶北区队武装,0,3,0,0,,,context_only
水上游击战,1,3,1,0,,,strict_backbone
怠工运动,0,3,2,0,,,strict_backbone
苏北人民代表大会,0,6,1,1,,,strict_backbone
改编方案,0,1,1,0,,,strict_backbone
马良坪突围战斗,0,2,2,0,,,strict_backbone
泾县源坑会议,0,2,2,0,,,strict_backbone
反国民党九十七师起义,0,3,0,0,,,context_only
斗争培养干部,0,1,0,0,,,context_only
发展游击与军事工作,1,4,1,0,,,strict_backbone
员工联谊会,0,6,0,1,,,context_only
碧江事件,0,2,2,0,,,strict_backbone
五一国际劳动节庆祝大会,0,3,0,0,,,context_only
狱中月夜,1,1,1,0,,,strict_backbone
江北县委事件,0,3,0,0,,,context_only
凤阳大逮捕,0,3,1,0,,,strict_backbone
淮海战役后饮马长江,0,1,0,0,,,context_only
各族各界代表会,0,3,2,0,,,strict_backbone
楚邑部,0,3,0,0,,,context_only
清镇暗流战斗,1,3,2,0,,,strict_backbone
经济组工作,0,3,0,0,,,context_only
苏民乡里战斗,0,2,2,0,,,strict_backbone
浪堤战斗,0,1,0,0,,,context_only
长胜县第一次工农代表大会,0,9,3,0,,,strict_backbone
反迫害斗争,0,2,2,0,,,strict_backbone
知识分子下乡运动,0,2,0,0,,,context_only
掘港保卫战,0,3,2,0,,,strict_backbone
石工地连,0,4,1,0,,,strict_backbone
解放初,0,3,0,0,,,context_only
程家山保卫战,0,5,1,2,,,strict_backbone
节约献金运动,0,2,2,0,,,strict_backbone
朝阳集战斗,0,3,3,0,,,strict_backbone
迎接解放大军进城,0,3,0,0,,,context_only
两河口会师大会,0,4,0,0,,,context_only
秋收大反攻,1,2,1,0,,,strict_backbone
奇袭华盖山战斗,0,2,2,0,,,strict_backbone
建立卫生院,0,3,0,0,,,context_only
土地没收与分配条例制定,0,3,0,0,,,context_only
昭通市学生运动,2,10,6,0,1919-05-01,1919-05-31,strict_backbone
莲花生色队,0,3,0,0,,,context_only
叛变,0,12,1,0,,,strict_backbone
'西革'二、四团起义,0,0,0,0,,,isolated
六安起义,0,5,3,0,,,strict_backbone
反霸斗争,11,69,31,5,,,strict_backbone
赣北工农红军游击队成立,0,4,2,0,,,strict_backbone
蒋坝战斗,0,6,2,0,,,strict_backbone
《塞上风云》,0,2,2,0,,,strict_backbone
北伐军攻克清江,0,3,0,0,,,context_only
南腰界八月会议,0,1,0,0,,,context_only
宁江江支叛乱平息,0,3,0,0,,,context_only
红二、六军团野马川会议,0,3,0,0,,,context_only
宣化店战斗,0,4,4,0,,,strict_backbone
醴陵和平解放斗争,0,4,3,0,,,strict_backbone
九一三至一九二七的大革命,0,1,1,0,,,strict_backbone
百万雄师过长江,0,6,2,0,,,strict_backbone
震寰事件,2,5,5,1,,,strict_backbone
血战东南,0,6,0,0,,,context_only
土改经验教训,0,6,1,0,,,strict_backbone
京奉铁路工人罢工,0,2,2,0,,,strict_backbone
年关暴动,16,67,41,3,,,strict_backbone
赣西四县农民代表大会,0,1,1,0,,,strict_backbone
‘一二·八’暴动,0,7,7,0,,,strict_backbone
盘山剿匪,0,5,2,0,,,strict_backbone
鄂东游击战争,0,5,3,0,,,strict_backbone
学生会选举与非教运动,0,2,2,0,,,strict_backbone
反美游行示威,0,1,0,0,,,context_only
舒城抗日运动,3,5,3,1,,,strict_backbone
汉口治安维持,0,1,1,0,,,strict_backbone
剑朗合围公审,0,1,1,0,,,strict_backbone
合作社发展/司法改革,0,1,0,0,,,context_only
人民代表大会制度的建立,0,1,0,0,,,context_only
宣传员养成所,0,3,1,1,,,strict_backbone
晃南地区战斗,0,1,0,0,,,context_only
反饥饿、反内战、争民主、争自由运动,0,4,1,0,,,strict_backbone
学生运动/抗日救亡,0,1,0,0,,,context_only
新田地方武装,0,3,2,0,,,strict_backbone
瓦埠农民暴动,0,3,0,0,,,context_only
护厂保产斗争,0,8,2,1,,,strict_backbone
溧服,0,2,0,0,,,context_only
新民主主义青年团名称调整,0,2,1,0,,,strict_backbone
爱兵模范事迹,0,3,0,0,,,context_only
高淳战役,0,2,2,0,,,strict_backbone
留守组织建立,0,1,0,0,,,context_only
突袭事件,1,1,1,0,,,strict_backbone
新沟嘴战役,0,5,3,0,,,strict_backbone
伤兵医院支援行动,0,6,2,1,,,strict_backbone
四·二〇事变,0,4,4,0,,,strict_backbone
反五次围剿,0,6,0,0,,,context_only
马家营战斗,0,1,0,0,,,context_only
朱农部,0,3,1,0,,,strict_backbone
进行反蒋统一战线工作,0,3,1,0,,,strict_backbone
贪污枉法案,0,2,0,0,,,context_only
两淮贸易公司,0,2,0,0,,,context_only
四·一学校游行事件,0,2,2,0,,,strict_backbone
陇海铁路徐州站工运工作,0,3,1,0,,,strict_backbone
长江游击总队,0,3,2,0,,,strict_backbone
尤集战斗,0,3,0,0,,,context_only
南溪县农民武装起义,0,2,2,0,,,strict_backbone
土桥武装暴动,0,5,3,0,,,strict_backbone
枪支弹药收集,0,2,1,0,,,strict_backbone
苏北临时参政会,0,3,1,0,,,strict_backbone
孙二庄聚歼战,0,1,0,0,,,context_only
苏浙军区成立,0,26,0,0,,,context_only
广州起义,29,119,81,0,,,strict_backbone
群众性锄奸斗争,0,4,4,1,,,strict_backbone
庆功表机会,0,1,0,0,,,context_only
学潮处理,0,4,0,0,,,context_only
秘密集会/反抗活动,0,1,1,0,,,strict_backbone
重庆文化界抗日黄道会,0,2,0,0,,,context_only
暴动准备会议,0,1,0,0,,,context_only
民族杂居区土改,0,2,0,0,,,context_only
江口事件,0,1,0,0,,,context_only
第五次反‘围剿’失败后的长征,0,6,2,1,,,strict_backbone
反饥饿反内战游行,0,2,2,0,,,strict_backbone
华莹山武装起义,0,5,0,0,,,context_only
红四军第九次代表大会,0,7,4,0,,,strict_backbone
成都营业分处被捣毁事件,0,3,1,0,,,strict_backbone
滇越铁路公司,0,3,0,0,,,context_only
战斗失利,0,5,0,0,,,context_only
罗英起义,0,5,1,0,,,strict_backbone
新民主主义研究会(新研),0,14,3,1,,,strict_backbone
武装自卫斗争,2,6,3,1,,,strict_backbone
联防队,0,33,7,1,,,strict_backbone
青板桥起义,0,6,5,0,,,strict_backbone
山歌社,0,3,0,0,,,context_only
少数民族地区土改试点,0,2,2,0,,,strict_backbone
红五师增援与敌军溃退,1,4,3,0,,,strict_backbone
大别山新区土地改革,0,2,2,0,,,strict_backbone
古饶战斗,0,2,2,0,,,strict_backbone
湖北女师学潮,0,2,2,0,,,strict_backbone
遵义中央政治局扩大会议,0,2,0,0,,,context_only
特务闯校捕人,0,4,0,0,,,context_only
三月二十日事变,0,4,4,0,,,strict_backbone
鄱阳县城机关被夜捕,0,3,0,0,,,context_only
龙坪山战斗,0,1,1,0,,,strict_backbone
马回岭激战,0,4,2,0,,,strict_backbone
反‘六路围攻’战役,2,5,4,0,,,strict_backbone
小新街战斗,0,2,2,0,,,strict_backbone
景德镇物资运输行动,0,1,0,0,,,context_only
肃反侦查与反对右倾机会主义,0,3,0,0,,,context_only
反对军阀剥削斗争,0,3,0,0,,,context_only
智取三和集,0,2,1,0,,,strict_backbone
綦江县抗日救亡运动,0,3,2,0,,,strict_backbone
袭击乡公所与建立政权,0,2,1,0,,,strict_backbone
解放吕广营行动,0,4,4,1,,,strict_backbone
查田运动大会,0,3,1,1,,,strict_backbone
突破鸭池河战役,2,5,4,1,,,strict_backbone
第二次党的活动分子会议,1,3,1,0,,,strict_backbone
被俘与营救,0,3,1,0,,,strict_backbone
抢渡澧水,1,3,1,0,,,strict_backbone
调查暴动下落,0,3,1,0,,,strict_backbone
伤病员安置,0,1,0,0,,,context_only
私营工商业社会主义改造,1,5,2,0,,,strict_backbone
绵竹等地游击战,0,2,2,0,,,strict_backbone
渡江战役相关活动,0,4,4,0,,,strict_backbone
南京各界救国会联合会,0,6,0,0,,,context_only
川滇黔边区革命根据地创建,0,1,0,0,,,context_only
破坏粮食仓库,0,2,2,0,,,strict_backbone
独山党代会,0,2,0,0,,,context_only
七劝运动,0,3,0,0,,,context_only
解放、建设新从江,0,1,1,0,,,strict_backbone
鄂南暴动申辩,0,5,1,0,,,strict_backbone
洪家铺战斗,0,15,6,1,,,strict_backbone
北山事件,0,2,2,0,,,strict_backbone
龙陵腾冲解放斗争,0,2,2,0,,,strict_backbone
培养积极分子/批评与自我批评,0,2,1,0,,,strict_backbone
基干民兵中队,0,5,1,0,,,strict_backbone
入党/转移武汉,0,1,0,0,,,context_only
组织革命武装,2,2,2,0,,,strict_backbone
湖北省总工会代表大会,0,2,0,0,,,context_only
省三师党小组,0,2,0,0,,,context_only
七里坪战役,2,16,9,2,,,strict_backbone
反帝捐税运动,1,1,1,0,,,strict_backbone
甲子山起义,0,5,5,0,,,strict_backbone
押解途中自杀,0,2,0,0,,,context_only
铁桶会战,0,3,0,0,,,context_only
湘赣边游击战争,0,4,4,0,,,strict_backbone
下陂桥核心阵地争夺战,0,3,3,0,,,strict_backbone
自卫团投诚事件,0,6,1,1,,,strict_backbone
北碚抗日救国会分会,0,3,0,0,,,context_only
重庆‘三一三惨命’,0,3,1,1,,,strict_backbone
上海西南近郊解放,0,1,0,0,,,context_only
金豆潭捞枪,0,5,3,1,,,strict_backbone
元宵晚会,0,2,0,0,,,context_only
保山共党盟盟立策反党员,0,1,0,0,,,context_only
养成建国人才,0,3,1,0,,,strict_backbone
兄弟劝降,0,3,0,0,,,context_only
彭湃等被俘事件,0,2,0,0,,,context_only
湖北省全省总工会第一次代表大会,0,3,0,0,,,context_only
回峰山、北经巷战斗,0,0,0,0,,,isolated
西镇暴动,3,4,4,0,,,strict_backbone
送郎参军运动,0,2,2,1,,,strict_backbone
合作社运动,0,5,2,0,,,strict_backbone
怀宁人民支援渡江战役,0,3,0,0,,,context_only
转战麻城,0,3,0,0,,,context_only
休宁县人民政府成立,0,5,3,0,,,strict_backbone
解放初期牺牲,0,1,0,0,,,context_only
精诚运动,0,2,2,0,,,strict_backbone
攻打邱北县城,0,3,0,1,,,context_only
隐蔽居住,0,1,0,0,,,context_only
除掉郭炳志行动,0,4,4,1,,,strict_backbone
食米补贴斗争,0,3,1,0,,,strict_backbone
武装潜伏,0,1,1,0,,,strict_backbone
敌情分析,0,1,0,0,,,context_only
金轮峰伏击战,0,2,2,0,,,strict_backbone
林桥战斗,0,3,1,0,,,strict_backbone
江南游击战,0,2,2,0,,,strict_backbone
土地革命政纲,0,12,1,0,,,strict_backbone
约业者抗附加钱,0,6,1,1,,,strict_backbone
护校行动,0,3,2,1,1949-01-01,1949-12-31,strict_backbone
救国会七领袖被捕事件,0,2,2,0,,,strict_backbone
党政军干部培养输送,0,3,0,0,,,context_only
开展瑶苗民族工作原则指示,0,3,1,0,,,strict_backbone
史料综述,0,2,0,0,,,context_only
红庙头战斗,0,1,1,0,,,strict_backbone
六三运动,2,6,3,1,1949-01-01,1949-12-31,strict_backbone
赣东北特区工农代表大会,1,1,1,0,,,strict_backbone
营救尹伯英事件,0,3,0,0,,,context_only
解放武冈,1,5,2,1,,,strict_backbone
一二九爱国学生运动,0,3,0,0,,,context_only
淮北地区坚持斗争,0,3,0,0,,,context_only
进攻景德镇行动,0,6,3,0,,,strict_backbone
打土豪筹款运动,0,3,1,0,,,strict_backbone
医院简陋条件与首长探望,0,3,0,0,,,context_only
飞渡长江天堑,0,2,2,0,,,strict_backbone
《放下你的鞭子》演出,0,3,0,0,,,context_only
英轮撞船事件,0,1,0,0,,,context_only
支前工作/担架训练/抢修铁路/粮食供应,0,0,0,0,,,isolated
皖西妇女运动,0,3,2,0,,,strict_backbone
五一劳动节公审大会,0,2,0,0,,,context_only
徐州解放,0,16,2,1,,,strict_backbone
安徽省济难会,1,5,2,1,,,strict_backbone
分路追剿,0,1,0,0,,,context_only
六寨苗族群众运动,0,5,0,1,,,context_only
识字班运动,0,7,0,0,,,context_only
马列主义讲习班,0,3,0,0,,,context_only
《解放战争时期党在邵阳的活动》,0,3,0,0,,,context_only
云阳事件,0,2,2,0,,,strict_backbone
1930年盐工罢工运动,0,3,0,0,,,context_only
引羊寺武装起义,0,2,2,0,,,strict_backbone
迎军、庆解放高潮,0,1,0,0,,,context_only
南坪阻击战,0,6,1,0,,,strict_backbone
游击队整编/剿匪,2,3,3,0,,,strict_backbone
邳睢铜灵地区抗日活动,0,2,2,0,,,strict_backbone
策动安县保卫、团兵变武装暴动,0,1,0,0,,,context_only
长兴战役,0,6,3,0,,,strict_backbone
周大郢战斗,0,2,2,0,,,strict_backbone
围剿叛匪,0,1,0,0,,,context_only
桑园蒲游击小组,0,3,0,0,,,context_only
雷公山合围历史意义,0,3,1,0,,,strict_backbone
川西独轮车总工会罢工斗争,0,3,0,1,,,context_only
清剿,0,5,0,0,,,context_only
妇女运动,0,28,6,1,,,strict_backbone
分土地运动,0,2,2,0,,,strict_backbone
农业互助合作/社会主义改造,0,1,1,0,,,strict_backbone
剿匪反霸运动,1,11,9,2,,,strict_backbone
护厂护校斗争,0,3,2,0,,,strict_backbone
灵活执行政策,1,6,3,0,,,strict_backbone
南京学生界抗敌后援会,0,15,0,3,,,context_only
攻打葛家岩,0,6,1,1,,,strict_backbone
抗丁抗粮斗争,0,1,1,0,,,strict_backbone
会师准备,0,2,2,0,,,strict_backbone
襄西敌后抗日游击战争准备活动,0,1,0,0,,,context_only
农训班,0,4,0,0,,,context_only
八寨农民武装暴动,0,2,2,0,,,strict_backbone
谈判/拒绝改编,0,1,0,0,,,context_only
皖南事变后形势分析,0,1,1,0,,,strict_backbone
湘南青沪惨案雪耻会,0,6,1,1,,,strict_backbone
拥军活动,0,2,0,0,,,context_only
抢米创稻斗争,0,3,0,0,,,context_only
全歼剑河朗洞敌匪与建立政权,0,3,1,0,,,strict_backbone
二十条谈判意见,0,4,0,0,,,context_only
游击队溃散,0,3,1,1,,,strict_backbone
宣威县战斗,0,3,3,0,,,strict_backbone
校政检讨会,0,5,0,0,,,context_only
淮安北乡革命斗争,2,3,2,1,,,strict_backbone
四·一事件,0,2,2,0,,,strict_backbone
工人护矿队,0,9,5,0,,,strict_backbone
淮矿特支,0,2,2,0,,,strict_backbone
重庆、武汉会战,0,0,0,0,,,isolated
马子扬战斗,1,2,2,0,,,strict_backbone
六·一后援会,0,2,0,0,,,context_only
运东地区划区任务,0,1,0,0,,,context_only
黔东特区工农兵苏维埃代表大会,0,3,0,0,,,context_only
南方三年游击战争,1,11,4,0,,,strict_backbone
处理敌伪物资,0,3,0,0,,,context_only
解放初黄平统战工作,1,2,2,0,,,strict_backbone
涟水战斗,0,5,2,0,,,strict_backbone
木亮会合,0,3,1,0,,,strict_backbone
围歼孙绍武匪部战役部署,0,2,1,0,,,strict_backbone
溧水南谭桥据点战斗,0,2,2,0,,,strict_backbone
清匪、反霸、减租、退押、镇压反革命,0,0,0,0,,,isolated
解放区斗争,0,3,0,0,,,context_only
赣州工人斗争,0,1,0,0,,,context_only
广西反动派政变,0,1,1,0,,,strict_backbone
攻打小王圩据点,0,3,0,0,,,context_only
暴乱,0,9,0,0,,,context_only
太平天国起义军,0,2,1,0,,,strict_backbone
四川各地武装暴动,2,2,2,0,,,strict_backbone
办小学/组织民族宣传队/召开少数民族会议,0,0,0,0,,,isolated
綦江青年运动,0,4,4,0,,,strict_backbone
爱国与排外讨论,0,2,2,0,,,strict_backbone
南江桥园寺起义,1,3,1,1,,,strict_backbone
干部思想建设,0,2,0,0,,,context_only
第二次学潮,0,3,2,0,,,strict_backbone
斗篷冲战斗铁壁合围,0,1,0,0,,,context_only
抢米事件,8,91,31,1,,,strict_backbone
国民党湖北省第四次代表大会,2,3,3,0,,,strict_backbone
荣昌县反英大同盟,0,12,4,3,,,strict_backbone
火星学术研究社,0,1,0,0,,,context_only
红五军进攻阳新,0,3,1,0,,,strict_backbone
灵璧大山农民暴动,0,4,4,0,,,strict_backbone
破坏铁路公路行动,2,2,2,0,,,strict_backbone
丁家山战斗,1,2,2,0,,,strict_backbone
解放大定战役,0,5,2,1,1949-01-01,1949-12-31,strict_backbone
清乡团,0,12,3,0,,,strict_backbone
剿匪与建立革命秩序,0,3,0,0,,,context_only
山西新旧派斗争,0,1,0,0,,,context_only
清匪反霸斗争,2,84,39,1,1945-08-16,1949-09-30,strict_backbone
自新土匪,0,1,0,0,,,context_only
抗黄烟税斗争,0,2,2,0,,,strict_backbone
清乡大屠杀,0,1,0,0,,,context_only
火烧来安城,0,3,3,0,,,strict_backbone
平湖剿匪反霸斗争,0,6,0,0,,,context_only
淮城市公审大会,0,2,2,0,,,strict_backbone
红十八师长征过酉阳,0,6,2,0,,,strict_backbone
北碚党史资料汇编,0,3,0,0,,,context_only
巩固与整训教育,0,10,0,0,,,context_only
成立读书会与特务监视,0,3,0,0,,,context_only
借征粮草,0,3,0,0,,,context_only
政权建设,0,21,3,0,,,strict_backbone
苏中战役与支前民工,0,3,3,0,,,strict_backbone
成立农民自卫军与特别法庭处决反革命,0,2,2,0,,,strict_backbone
达县解放,0,6,2,0,,,strict_backbone
渡江战役/南京解放,0,0,0,0,,,isolated
皓电,0,2,0,0,,,context_only
"""11·27""大屠杀",0,9,1,0,,,strict_backbone
‘八一’庆祝大会,0,6,0,0,,,context_only
射洪双庙乡农民协会斗争,0,1,0,0,,,context_only
威、赫合围战役,1,15,4,1,,,strict_backbone
土地改革试点工作,1,9,1,0,,,strict_backbone
马日事变后转入地下/游击动/建立根据地/组织自卫队,0,1,0,0,,,context_only
战略展开,0,2,0,0,,,context_only
上海银行示威,0,3,0,0,,,context_only
鹅钱乡土地改革运动,0,2,0,0,,,context_only
罗霄山脉中段周围各县暴动,0,6,1,2,,,strict_backbone
蒋家岭战斗/红一方面军占领道县城时间考证,0,0,0,0,,,isolated
攸县农军,0,6,0,0,,,context_only
苏北职工代表大会,0,1,0,0,,,context_only
上海沦陷,0,5,0,0,,,context_only
皖赣边至德县活动,1,2,2,0,,,strict_backbone
袭击七甸火车站,0,2,2,0,,,strict_backbone
綦江县战时教育师资讲习会,7,12,11,0,,,strict_backbone
盘山合围,0,6,3,0,,,strict_backbone
1924年护国运动,0,3,0,0,,,context_only
建党建政/整风/土改,0,0,0,0,,,isolated
二万五千里长征,10,46,20,3,,,strict_backbone
裕华纱厂护厂斗争,0,6,0,0,,,context_only
收回英租界,0,3,0,0,,,context_only
四川军阀迫害事件,0,2,0,0,,,context_only
巧袭建国军,0,3,1,0,,,strict_backbone
卢育仁匪帮,0,2,0,0,,,context_only
改造政权,0,1,0,0,,,context_only
社会调查,1,17,3,0,,,strict_backbone
昆明反美扶日爱国学生运动,2,2,2,0,,,strict_backbone
四二革命活动,0,6,1,1,,,strict_backbone
武汉五一劳动节纪念活动,0,3,0,0,,,context_only
同志转移,0,3,1,1,,,strict_backbone
点面结合,0,1,0,0,,,context_only
取保释放与被迫自首,0,2,2,0,,,strict_backbone
减免黄烟税请愿活动,0,3,0,0,,,context_only
六安、霍山农民暴动,0,1,0,0,,,context_only
中国人民解放军百万雄师渡江战役,0,2,0,0,,,context_only
天汉暴动,0,5,3,0,,,strict_backbone
反内战民主运动,0,4,4,0,,,strict_backbone
突破第四道封锁线及渡湘江作战部署,0,1,1,0,,,strict_backbone
蒋桂战争、蒋冯阎汪战争,0,0,0,0,,,isolated
都贵麻合围,0,1,1,0,,,strict_backbone
横峰农民斗争,0,3,1,1,,,strict_backbone
留书攻城,0,3,0,0,,,context_only
夏府歼战斗,0,1,0,0,,,context_only
汉口集会,0,4,0,0,,,context_only
中共镇远县委员会第一次委员会会议,0,1,0,0,,,context_only
红二/六军团长征,0,1,0,0,,,context_only
抗日政府处理伪匪事件,0,5,0,1,,,context_only
赫章县建政,0,1,0,0,,,context_only
海陆丰农民运动,0,5,0,0,,,context_only
突击(尼)队,0,3,0,0,,,context_only
宪政实施,0,1,0,0,,,context_only
拔除范潮洲据点,0,2,2,0,,,strict_backbone
麻城收复战斗,0,3,1,1,,,strict_backbone
凤冈整编,0,3,1,1,,,strict_backbone
灵南大队,0,3,3,0,,,strict_backbone
川西会师,1,5,2,0,,,strict_backbone
反过权和护校斗争,0,1,1,0,,,strict_backbone
货币发行与铸造,0,4,0,0,,,context_only
长沙起义,5,20,15,3,1922-05-01,1922-05-31,strict_backbone
物资运输支援解放区,0,3,0,0,,,context_only
攻打骡马局行动,0,2,0,0,,,context_only
组织摸瓜队与清水寨暴动,0,1,0,0,,,context_only
冬学和民校,1,3,1,0,,,strict_backbone
川黔战役,0,2,0,0,,,context_only
整编南通县保安旅,0,3,3,0,,,strict_backbone
特委会议,0,1,1,0,,,strict_backbone
创建农场,0,3,1,1,,,strict_backbone
两淮战斗,0,3,0,1,,,context_only
乱坟山大捷,0,6,4,1,,,strict_backbone
长沙灰日暴动,1,2,2,0,,,strict_backbone
一打徐楼,0,3,2,0,,,strict_backbone
岩泉圩战役,0,3,3,0,,,strict_backbone
救亡大龙,0,9,3,1,,,strict_backbone
参加革命,2,4,3,0,,,strict_backbone
武汉三镇解放斗争,0,3,0,0,,,context_only
武汉学联大会,0,3,0,0,,,context_only
封建武装割据,0,2,1,0,,,strict_backbone
黔东特区根据地建设,0,3,0,0,,,context_only
宜命年关暴动,0,1,0,0,,,context_only
九军团南移行动,0,6,3,0,,,strict_backbone
粤汉铁路武长段工人罢工,1,14,12,0,,,strict_backbone
城厢话剧团等,0,2,0,0,,,context_only
基长剿匪/播花战斗,0,1,1,0,,,strict_backbone
龙泉寺游击战,0,3,0,0,,,context_only
警卫营,0,18,3,0,,,strict_backbone
古宋暴动,0,4,4,0,,,strict_backbone
妇抗小组,0,3,1,0,,,strict_backbone
洼垤会师合编与建立青尤区政权,0,2,2,0,,,strict_backbone
侦察汉奸朱崇汉,0,3,1,0,,,strict_backbone
江阴农民暴动,1,2,2,0,,,strict_backbone
反增税罢工斗争,0,3,3,0,,,strict_backbone
较场口大会,0,1,0,0,,,context_only
五一纪念,0,2,2,0,,,strict_backbone
赤警连,0,1,0,0,,,context_only
秋山战斗,0,11,5,0,,,strict_backbone
加强秘密工作,0,3,0,1,,,context_only
川军部署土门封锁线,0,2,2,0,,,strict_backbone
五反斗争,0,3,0,0,,,context_only
挖煤掩护武装起义,0,1,0,0,,,context_only
治螟除害,0,1,0,0,,,context_only
滇东转移,0,2,2,0,,,strict_backbone
川陕省第四次党员代表大会,0,5,0,1,,,context_only
暴动中心,0,1,0,0,,,context_only
生产运动,0,9,1,2,,,strict_backbone
大邑武装斗争,0,1,1,0,,,strict_backbone
华莹山起义,0,4,4,0,,,strict_backbone
剑川人民自卫大队成立,0,2,2,0,,,strict_backbone
军事动员令,0,6,0,0,,,context_only
减租退押工作,0,3,1,0,,,strict_backbone
南昌各界民众抗敌后援会,0,3,0,0,,,context_only
驱赵斗争,2,3,3,1,1926-01-01,1926-01-31,strict_backbone
威宁试探/镇雄进发,0,1,1,0,,,strict_backbone
民生圩公司,0,3,0,0,,,context_only
朱亚凡被枪决事件,0,1,0,0,,,context_only
发动群众三抗,1,6,2,0,,,strict_backbone
小塘子苗族农民武装,1,1,1,0,,,strict_backbone
平浏方面的红军行动,0,2,2,0,,,strict_backbone
扎佐镇战斗,0,4,1,0,,,strict_backbone
除毒会,0,3,0,0,,,context_only
汉口小组反逃跑反破坏斗争,0,1,1,0,,,strict_backbone
第一次武装农民暴动,0,4,3,1,,,strict_backbone
锅厂事件,0,4,2,0,,,strict_backbone
上庄放榜,1,3,1,1,,,strict_backbone
‘七·一五事变’,0,6,1,1,,,strict_backbone
翻身解放,0,19,2,0,,,strict_backbone
临江会议,0,1,0,0,,,context_only
请求支援与学习政策,0,6,4,0,,,strict_backbone
二铺战斗,1,5,3,1,,,strict_backbone
纳雍东北围击战,0,1,1,0,,,strict_backbone
旌绩游击区开辟,0,1,1,0,,,strict_backbone
《妇女斗争纲领》,0,2,0,0,,,context_only
湘阴县城和平解放,0,3,0,0,,,context_only
将军建山伏击战,0,6,4,1,,,strict_backbone
密信传递,0,4,0,0,,,context_only
逐吴运动,3,4,4,0,1927-01-01,1927-12-31,strict_backbone
女子工读团,0,7,5,0,,,strict_backbone
夜袭仙临场,0,2,2,0,,,strict_backbone
汉口苦力状况,0,3,0,0,,,context_only
江浙教育见闻录,0,2,0,0,,,context_only
缓和斗争/侦察巡逻,0,1,0,0,,,context_only
南雄水口战役,0,1,0,0,,,context_only
反对内战运动,0,5,3,0,,,strict_backbone
撤至独山与合围荔波,0,4,0,0,,,context_only
禁烟会议,2,2,2,2,,,strict_backbone
六·一罢课,0,2,0,0,,,context_only
郎岱地区革命暴动,2,2,2,0,,,strict_backbone
教育研究会,1,2,2,0,,,strict_backbone
重庆解放战役,0,2,0,0,,,context_only
'废督裁军'运动,0,2,2,0,,,strict_backbone
泰兴团,0,3,0,0,,,context_only
攻打杨寨守敌营救,0,4,3,0,,,strict_backbone
黎平会议准备,0,3,1,0,,,strict_backbone
机织工厂续查,0,2,0,0,,,context_only
三青团案件,0,3,1,0,,,strict_backbone
护校斗争,5,34,15,1,,,strict_backbone
敌后抗日游击战,0,3,0,0,,,context_only
全国铁路总工会第二次代表大会,0,3,0,0,,,context_only
反无政府无组织无纪律运动,0,3,0,0,,,context_only
反会剿/政治攻势,0,1,0,0,,,context_only
南腰界游击大队成立,0,2,2,0,,,strict_backbone
油坊头事件,2,2,2,0,,,strict_backbone
南龛山战役,0,3,3,0,,,strict_backbone
学生抗议运动,0,3,1,0,,,strict_backbone
邵伯战斗,0,9,2,1,,,strict_backbone
武工队伏击邓如璋行动,0,3,0,0,,,context_only
龙溪口事件,0,5,4,1,,,strict_backbone
板桥战斗,0,10,0,0,,,context_only
防空指挥部起义,0,6,2,0,,,strict_backbone
中统西南区特务组织,0,4,0,0,,,context_only
左派群众工作,0,3,0,0,,,context_only
云南拥政会,0,3,1,1,,,strict_backbone
教育部请愿活动,0,3,1,0,,,strict_backbone
皖北抗日游击战,1,2,2,0,,,strict_backbone
巧妙擒匪,0,3,0,0,,,context_only
军事化管理,0,3,0,0,,,context_only
东海特支建立,1,6,2,0,,,strict_backbone
三营建立与发展,0,2,2,0,,,strict_backbone
第三次反顽战役,0,14,8,0,,,strict_backbone
抢占石鼓渡口,2,4,2,0,,,strict_backbone
鄂豫皖根据地反‘围剿’,0,3,3,0,,,strict_backbone
贯彻中央方针,0,1,0,0,,,context_only
清匪斗争,1,32,12,2,,,strict_backbone
宥日事变,1,3,1,0,,,strict_backbone
反美扶日游行,0,2,0,0,,,context_only
反叛学运动,0,5,2,0,,,strict_backbone
抗蒋斗争,0,1,0,0,,,context_only
占领临江,0,3,1,0,,,strict_backbone
财政工作安排,0,3,0,0,,,context_only
联俄联共,0,3,0,0,,,context_only
升钟暴动,0,3,1,1,,,strict_backbone
乡政大会,0,1,0,0,,,context_only
区大队建设,0,3,0,0,,,context_only
暴动失败分析,0,3,0,0,,,context_only
朱家山会师,2,7,2,0,,,strict_backbone
攻占新干县城,0,6,2,0,,,strict_backbone
救灾救济工作,0,3,1,0,,,strict_backbone
西南地区联络工作,0,2,2,0,,,strict_backbone
军事行动部署,0,3,1,0,,,strict_backbone
五法会基金,0,1,0,0,,,context_only
下川东战争,0,3,1,1,,,strict_backbone
金沙江流域追剿行动,0,2,2,0,,,strict_backbone
视察指导工作,0,6,3,0,,,strict_backbone
童子队,0,3,0,0,,,context_only
暴动政治口号制定,0,3,1,0,,,strict_backbone
重庆号军舰起义,0,7,4,0,,,strict_backbone
空山坝战役,0,11,8,0,,,strict_backbone
代表选举制度,0,6,1,0,,,strict_backbone
淮南路东抗日根据地开辟,0,3,1,0,,,strict_backbone
离乡找党,1,7,3,1,,,strict_backbone
济南五三惨案,0,2,2,0,,,strict_backbone
扑灭霍乱瘟疫,0,2,2,0,,,strict_backbone
虎城场农民暴动,2,2,2,0,,,strict_backbone
边区乡保长教育会议,1,6,3,1,,,strict_backbone
游击队善后工作,0,1,0,0,,,context_only
湖南农民运动,5,112,41,3,,,strict_backbone
籍田农民武装暴动,0,6,6,0,,,strict_backbone
成都解放初期肃特工作,0,5,2,0,,,strict_backbone
六洞剿匪,0,4,3,0,,,strict_backbone
人民公社,0,3,1,0,,,strict_backbone
红七军团北上抗日行动,0,2,2,0,,,strict_backbone
急行军抢渡金沙江,0,3,2,0,,,strict_backbone
会师意义,0,1,0,0,,,context_only
寻乌暴动,2,4,2,0,,,strict_backbone
鄂西北革命斗争,0,1,0,0,,,context_only
雷祖会/关帝会/中义会,0,1,1,0,,,strict_backbone
建立政权,0,2,1,0,,,strict_backbone
红四军夺取神兵武装,0,5,2,0,,,strict_backbone
土地改革准备/反封建斗争,0,4,0,0,,,context_only
工农战斗员,0,4,0,0,,,context_only
专政/土地改革,0,1,0,0,,,context_only
车佛南民主联军,1,5,3,1,,,strict_backbone
沅陵、溆浦战役,0,0,0,0,,,isolated
郫县特支建立,0,5,0,0,,,context_only
广州、广州起义,0,0,0,0,,,isolated
长沙铅印活版印刷工人罢工,0,3,3,0,,,strict_backbone
长征前夕集结,0,3,3,0,,,strict_backbone
小船会议时间地点考证,0,2,0,0,,,context_only
攻打榕江城,0,3,1,0,,,strict_backbone
巡湖大队,0,4,2,0,,,strict_backbone
智取婺源城,0,6,2,0,,,strict_backbone
梁山虎城地区党小组,0,3,0,0,,,context_only
抢渡沅水渡口,0,2,2,0,,,strict_backbone
乡民代表会选举,0,2,0,0,,,context_only
南峤战役,0,3,2,0,,,strict_backbone
湖南工农运动,1,4,4,0,,,strict_backbone
芷村站区工会成立,0,2,0,0,,,context_only
躲避特务追捕,0,5,3,0,,,strict_backbone
绞颜战斗,1,8,5,0,,,strict_backbone
湘南起义军,0,3,0,1,,,context_only
短枪队伏击据点、宣布禁令,0,5,4,0,,,strict_backbone
红二、红六军团行动,0,0,0,0,,,isolated
反正起义,0,1,0,0,,,context_only
夏斗寅政变,0,6,2,1,,,strict_backbone
反土豪劣绅运动,0,2,2,0,,,strict_backbone
1954年洪水灾害,0,2,2,0,,,strict_backbone
游击队组建与发展,1,2,2,0,,,strict_backbone
救党运动,1,4,2,0,,,strict_backbone
话剧《幻灭》,0,4,2,0,,,strict_backbone
新政治协商会议,2,6,4,0,,,strict_backbone
坚持原地斗争,3,8,3,1,1947-01-01,1947-12-31,strict_backbone
阵地战,0,10,0,0,,,context_only
暴动策略,0,1,0,0,,,context_only
征收新党员运动,0,3,1,1,,,strict_backbone
勤工俭学/学习,0,1,1,0,,,strict_backbone
云岭游击大队,0,6,2,0,,,strict_backbone
土匪暴乱,0,55,13,0,,,strict_backbone
反磨擦作战总结,0,2,2,0,,,strict_backbone
乡保武装控制,0,3,0,0,,,context_only
黔阳党史资料丛书,0,3,0,0,,,context_only
四川保路运动,4,13,12,0,,,strict_backbone
停战谈判,0,10,3,0,,,strict_backbone
苏维埃工农银行发行钞票,0,3,0,0,,,context_only
夏令营斗争,0,10,5,0,,,strict_backbone
淮安战斗,0,5,2,0,,,strict_backbone
同盟罢工运动,0,8,2,0,,,strict_backbone
浍北区游击战争,0,5,2,0,,,strict_backbone
政策攻心查明下落,0,1,0,0,,,context_only
板溪村战斗,0,2,2,0,,,strict_backbone
一·三惨案,0,16,3,1,,,strict_backbone
兵工厂生产弹药,0,2,2,0,,,strict_backbone
华定周大队,0,3,0,0,,,context_only
访贫问苦与关心生活,0,2,1,0,,,strict_backbone
分盐活动,0,6,4,0,,,strict_backbone
罗匪战斗,0,1,0,0,,,context_only
中江抗捐杀,0,3,0,0,,,context_only
宣威八、九、十区农民暴动,0,1,1,0,,,strict_backbone
农运民校,0,6,2,0,,,strict_backbone
江口民团,0,3,1,0,,,strict_backbone
发表《求学与服务》,0,5,1,0,,,strict_backbone
小中原,0,3,1,0,,,strict_backbone
民风社,0,1,0,0,,,context_only
阜阳起义,0,5,0,0,,,context_only
第九/十区区委,0,1,0,0,,,context_only
宣威事件,0,3,1,1,,,strict_backbone
歼灭敌军30000余人,0,3,1,2,,,strict_backbone
征收党员运动,2,3,2,0,,,strict_backbone
《干》字月刊,0,7,2,0,,,strict_backbone
中华人民共和国成立,0,7,0,0,,,context_only
三星乡战斗,0,2,1,0,,,strict_backbone
学生群众,0,5,0,0,,,context_only
攻占濠城,0,3,1,0,,,strict_backbone
建立锄奸队伍/颁布条例,0,1,0,0,,,context_only
解放后回乡,0,1,0,0,,,context_only
西高庙农民武装暴动,0,7,3,0,,,strict_backbone
禄劝县大姆麻战斗,0,2,2,0,,,strict_backbone
丽江解放,1,19,9,1,,,strict_backbone
四川第二路红军游击队成立,0,2,0,0,,,context_only
重庆工人和学生反对物价上涨游行示威,0,2,2,0,,,strict_backbone
沙子坡群众大会,0,3,0,0,,,context_only
一·六惨案,1,9,2,0,,,strict_backbone
莲花庄惨案,0,3,1,0,,,strict_backbone
苏州军分区成立,0,2,0,0,,,context_only
古饶抗日游击总队,0,3,0,0,,,context_only
游击师战斗突围,0,1,0,0,,,context_only
觉山阻击战争夺阵地击退冲锋,0,4,0,0,,,context_only
伙食团事件,0,4,2,0,,,strict_backbone
兰交会/生期会/山王会,0,1,0,0,,,context_only
剑朗合围建政,0,1,1,0,,,strict_backbone
北伐军进占醴陵,0,1,0,0,,,context_only
鄂西兴山县城战斗,0,2,2,0,,,strict_backbone
留法运动,1,5,5,1,1918-01-01,1918-12-31,strict_backbone
睢宁县废城镇牺牲,0,3,0,0,,,context_only
禁烟禁毒,0,10,0,0,,,context_only
攻城夺取武器,0,3,1,0,,,strict_backbone
平武‘六·二六’反革命叛乱事件,0,3,0,0,,,context_only
水口山矿大罢工,0,2,2,0,,,strict_backbone
红二、六军团北上后武装斗争,0,1,0,0,,,context_only
太湖剿匪/台风救灾,0,6,6,0,,,strict_backbone
戒严处理,0,2,1,0,,,strict_backbone
反共保民军,1,8,1,0,,,strict_backbone
运动战,1,24,5,0,,,strict_backbone
《黄河大合唱》演出,0,3,0,0,,,context_only
紧急命令传达执行,0,3,3,0,,,strict_backbone
政权建设/选举,0,2,2,0,,,strict_backbone
九道河护送行动,0,2,0,0,,,context_only
反汪运动,0,5,2,1,1949-01-01,1949-12-31,strict_backbone
抗捐第一军成立大会,0,3,0,0,,,context_only
阶级政策纠偏,0,3,1,0,,,strict_backbone
反蒋起义,0,2,2,0,1949-01-01,1949-12-31,strict_backbone
伏击土匪与坚守板光,0,4,2,0,,,strict_backbone
淮阴地区革命活动,0,3,0,0,,,context_only
瓮安叛变事件,0,1,0,0,,,context_only
板寨会议,0,10,2,0,,,strict_backbone
懋功地区会师,0,2,2,0,,,strict_backbone
十八罗汉,0,3,0,0,,,context_only
迎接昆明解放斗争,0,7,4,0,,,strict_backbone
解放织金,1,4,4,0,,,strict_backbone
南昌起义余部,1,2,2,0,,,strict_backbone
东撤行动,0,5,4,0,,,strict_backbone
打土豪、分田地运动,0,2,2,0,,,strict_backbone
镇压反革命群众大会,1,5,2,0,,,strict_backbone
解放战争时期内容,0,1,0,0,,,context_only
夜袭竖河镇据点,0,4,0,0,,,context_only
淮阴区抗日根据地建设,0,4,4,2,,,strict_backbone
抗募运动,0,2,2,0,,,strict_backbone
蓬溪乡民团暴动,0,4,4,0,,,strict_backbone
城步解放/江南别纵队起义,0,2,0,0,,,context_only
车佛南军政干部会议,0,3,2,0,,,strict_backbone
情报传递活动,0,1,1,0,,,strict_backbone
迎接大军解放西南,0,1,0,0,,,context_only
第二次国内革命战争时期南国革命斗争,0,3,0,1,,,context_only
“汤团”打入伪军与暴动,2,4,4,1,,,strict_backbone
擒贼必先擒王,0,2,0,0,,,context_only
酃县农民自卫军,0,3,2,0,,,strict_backbone
湘鄂西苏区发展,0,12,0,0,,,context_only
醴陵安源等地工作情况,0,6,0,0,,,context_only
平汉铁路特别党部调统室,0,5,0,0,,,context_only
九专署,0,6,1,0,,,strict_backbone
就地坚持,0,3,0,0,,,context_only
铁路工人的暴动,0,1,0,0,,,context_only
江北县工人罢工斗争,1,5,5,0,,,strict_backbone
地下工作转移,0,5,0,0,,,context_only
遥逼据点/化装缴械,0,1,0,0,,,context_only
解放蚌埠/指挥战斗,0,2,0,0,,,context_only
中共云南省特别委员会扩大会议,0,2,0,0,,,context_only
羊场坝大同旅社事件,0,2,2,0,,,strict_backbone
上海海员大罢工,0,1,0,0,,,context_only
闻家店会议,0,3,0,0,,,context_only
丹寨县土地改革运动,0,5,3,1,1951-01-01,1952-12-31,strict_backbone
武装押运食盐,0,3,1,0,,,strict_backbone
普渡庵拆除,0,3,1,0,,,strict_backbone
綦江县农民运动,0,2,2,0,,,strict_backbone
湖北工人运动,1,6,1,1,,,strict_backbone
二次革命,0,6,6,0,,,strict_backbone
保大区政权建设,0,2,0,0,,,context_only
护送干部任务,0,3,0,0,,,context_only
和平解放湖南,0,2,2,0,,,strict_backbone
南盘江渡河行动,0,2,2,0,,,strict_backbone
维川军支,1,5,3,0,,,strict_backbone
反日非法设领宣传大会,0,6,1,0,,,strict_backbone
反对蒋介石独裁斗争,0,3,0,0,,,context_only
盐河两岸游击战,0,2,2,0,,,strict_backbone
延福区对敌斗争,1,1,1,0,,,strict_backbone
赣东北特区苏准会,1,5,5,0,,,strict_backbone
合川县丝线业工友会,0,6,0,0,,,context_only
中国民主建国会成立,0,3,0,0,,,context_only
欢迎执行小组斗争,0,3,1,0,,,strict_backbone
联络站工作/传递情报,0,2,2,0,,,strict_backbone
一二·二〇运动,0,3,0,0,,,context_only
留田年关暴动,5,5,5,0,,,strict_backbone
群众支援前线,0,5,2,0,,,strict_backbone
江西苏区党二大,0,2,2,0,,,strict_backbone
农联组织,0,2,0,0,,,context_only
敌我矛盾,0,1,0,0,,,context_only
匪特破坏,0,6,0,0,,,context_only
刘少秋追悼大会,0,1,0,0,,,context_only
南京路占领行动,0,3,0,0,,,context_only
革命新浪潮,0,5,0,0,,,context_only
宿县罢工斗争,0,4,4,0,1938-01-01,1938-12-31,strict_backbone
大郭村雾中伏击战,0,4,2,0,,,strict_backbone
崇中党支部成立,1,6,2,0,,,strict_backbone
平江夜战,0,3,1,1,,,strict_backbone
栗子解放,0,6,2,0,,,strict_backbone
桥社,0,2,0,0,,,context_only
保安团统编,1,2,2,0,,,strict_backbone
苏北抗战和平会议,0,3,1,0,,,strict_backbone
武昌社会主义青年团重组,0,3,0,0,,,context_only
抗日根据地建设,1,5,2,0,,,strict_backbone
周坊秋收暴动,0,3,1,0,,,strict_backbone
赤卫军组织,0,3,0,0,,,context_only
人民解放事业,0,1,0,0,,,context_only
南昌县佛塘谢埠罗家一带农民运动,0,1,0,0,,,context_only
抗议美军暴行运动,3,25,4,1,,,strict_backbone
永安桥北伏击战,0,2,2,0,,,strict_backbone
公营建设华内河运输公司镇江分公司,0,3,0,0,,,context_only
红一方面军和红四方面军会师,0,2,0,0,,,context_only
义勇军,0,4,0,0,,,context_only
蒋家坝歼灭战,0,5,3,1,,,strict_backbone
准备南昌起义,0,2,2,0,,,strict_backbone
学生反抗斗争,0,1,1,0,,,strict_backbone
解放战争时期地下斗争,0,3,0,0,,,context_only
公社整顿,0,5,1,0,,,strict_backbone
东坎据点斗争,0,5,2,0,,,strict_backbone
伪教育局经费与人员处理,0,1,0,0,,,context_only
三德县斗争,0,1,0,0,,,context_only
大明厂斗争事件,0,1,1,0,,,strict_backbone
弋阳起义,0,1,1,0,,,strict_backbone
八·一九逮捕行动,0,1,0,0,,,context_only
休宁县临委,0,1,0,0,,,context_only
观澜起义,0,2,2,0,,,strict_backbone
镇江商界拒纳捐税,0,3,1,0,,,strict_backbone
潍县战役,0,1,1,0,,,strict_backbone
土匪投靠/编组,0,3,0,0,,,context_only
贯彻中央指示发动全民剿匪,1,2,1,0,,,strict_backbone
滇南投诚事件,0,6,4,1,,,strict_backbone
反“清乡”斗争胜利,2,6,2,1,,,strict_backbone
八一纪念活动,0,4,4,0,,,strict_backbone
借阅进步书籍,0,1,0,0,,,context_only
上饶集中营,0,1,0,0,,,context_only
护校队,0,3,1,1,,,strict_backbone
强渡岷江,0,3,0,0,,,context_only
暴动布置,0,2,1,0,,,strict_backbone
魏友生牺牲,0,3,1,0,,,strict_backbone
镇远县城解放,0,3,0,0,,,context_only
金华解放,0,7,4,0,,,strict_backbone
巴县高店子喻克由家,1,3,1,0,,,strict_backbone
知识分子政策落实,0,6,0,0,,,context_only
《新长征》,0,3,0,0,,,context_only
黔西解放,0,6,0,0,,,context_only
国民党反动派镇压行动,0,1,0,0,,,context_only
金遵特支建立,0,2,2,0,,,strict_backbone
百万雄师渡长江,0,3,2,0,,,strict_backbone
镇远师范读书会,0,3,0,0,,,context_only
芷江土改史料座谈会,0,2,1,0,,,strict_backbone
新民主主义青年联盟,0,3,0,0,,,context_only
生产救灾,2,22,5,1,,,strict_backbone
黔西北革命根据地创建,0,6,3,0,,,strict_backbone
全国铁路总工会成立,0,6,0,0,,,context_only
江淮全面解放,0,3,0,0,,,context_only
红六军团成立,0,2,0,0,,,context_only
津浦路战役,0,1,1,0,,,strict_backbone
江汉关英舰抗议活动,0,2,2,0,,,strict_backbone
反对国家主义派群众运动,0,1,1,0,,,strict_backbone
贫农互助团,0,3,0,0,,,context_only
宣传队组织,0,1,1,0,,,strict_backbone
麻阳土溪游击大队,0,3,0,0,,,context_only
万安暴动,19,81,44,1,,,strict_backbone
万方、楼会议,0,1,1,0,,,strict_backbone
湘阴和平解放,1,7,7,0,1949-01-01,1949-12-31,strict_backbone
湖南/湖北/江西工农运动,0,2,1,0,,,strict_backbone
宿县战役,0,2,2,0,,,strict_backbone
追击土匪,0,2,2,0,,,strict_backbone
一渡赤水/行军作战,0,5,1,0,,,strict_backbone
省委转移行动,0,6,1,0,,,strict_backbone
严慕苏特支,0,1,0,0,,,context_only
祁、湖南工农运动,0,1,1,0,,,strict_backbone
狱中斗争/拒劝降/被秘密杀害,0,1,0,0,,,context_only
工人罢工事件,0,1,0,0,,,context_only
战斗经历,0,1,0,0,,,context_only
理发工会罢工,0,1,1,0,,,strict_backbone
分化反动阵营与土地普查,0,1,0,0,,,context_only
征粮、清匪、反霸、减租、退押运动,0,1,1,0,,,strict_backbone
隆昌工人罢工斗争,0,3,1,1,,,strict_backbone
移民并村政策,0,3,0,0,,,context_only
反帝反封建宣传演讲,0,2,0,0,,,context_only
秋收会议,0,5,0,0,,,context_only
农会斗争,1,25,4,0,,,strict_backbone
金沙剿匪战斗,0,2,0,1,,,context_only
发行纸币,0,4,0,0,,,context_only
湘南土地政策实施,0,5,3,0,,,strict_backbone
上海武装起义,0,3,1,0,,,strict_backbone
团箐梁子战斗,1,7,1,1,,,strict_backbone
星子暴动,3,30,7,1,1930-01-01,1930-12-31,strict_backbone
谷陇区建政请求与民族政策宣传,0,3,1,0,,,strict_backbone
夺取学生自治会领导权斗争,0,1,1,0,,,strict_backbone
斋郎大捷,0,3,0,0,,,context_only
平塘剿匪政治胜利,0,2,2,0,,,strict_backbone
解放三都县城,0,3,3,0,,,strict_backbone
起义将领,0,3,0,0,,,context_only
游击队汇报/接管建政,1,3,3,0,,,strict_backbone
大冶县城起义,0,2,2,0,,,strict_backbone
洞口攻防战,0,4,2,0,,,strict_backbone
万宜上县第一次工农兵苏维埃代表大会,1,1,1,0,,,strict_backbone
组织土匪游击总队,0,2,1,0,,,strict_backbone
景德镇工人‘雄黄酒’罢工运动,0,2,2,0,,,strict_backbone
国共合作论争,0,3,0,0,,,context_only
一·二八淞沪抗战,1,11,4,0,,,strict_backbone
减免政策,0,2,0,0,,,context_only
荆江两岸年关暴动,0,3,3,0,,,strict_backbone
马日事变与农协遭屠杀,0,4,0,0,,,context_only
六冕战斗,0,4,2,0,,,strict_backbone
鲁迅逝世2周年纪念活动,0,2,2,1,,,strict_backbone
十一月二十七日大屠杀事件,0,3,1,0,,,strict_backbone
整训工作,1,11,4,2,,,strict_backbone
尼德克勒大山歼敌战,0,3,1,0,,,strict_backbone
解放,0,18,0,0,,,context_only
踊跃参军,0,1,1,0,,,strict_backbone
新会县农民运动,1,3,1,0,,,strict_backbone
非基督教运动节,1,1,1,0,,,strict_backbone
郭凤春被杀及“铁壁大合围”,0,4,0,0,,,context_only
星期六座谈会,1,1,1,0,,,strict_backbone
缴获敌船,0,3,0,0,,,context_only
抗日宣传发动,0,3,1,1,,,strict_backbone
菁桥区反奸斗争,0,1,1,0,,,strict_backbone
誓头会议,1,3,1,0,,,strict_backbone
民族干部培训班,0,5,2,0,,,strict_backbone
从江教导大队,0,1,0,0,,,context_only
稳定秩序,1,5,1,0,,,strict_backbone
护乡独立大队,0,7,0,0,,,context_only
护国青年,0,3,0,0,,,context_only
挺进报事件,1,6,3,0,,,strict_backbone
中秋暴动与战略转变,0,2,2,0,,,strict_backbone
列宁同志纪念大会,0,3,0,0,,,context_only
公私合营,0,8,3,1,,,strict_backbone
化装送柴火夺机枪,0,3,1,0,,,strict_backbone
汉口谌家矶扬子机器厂罢工,0,2,0,0,,,context_only
滕景叔遇害,0,3,1,0,,,strict_backbone
连口团防战斗,0,3,1,0,,,strict_backbone
建设公债认购,0,1,1,0,,,strict_backbone
抗款军起义,1,2,2,0,,,strict_backbone
郫县农民运动,2,8,8,0,,,strict_backbone
江西青年互济社,0,6,1,0,,,strict_backbone
黄草荡农民武装起义,0,2,2,0,,,strict_backbone
书店进城/接收印刷厂,0,5,5,0,,,strict_backbone
长沙市首次各界人民代表会议,0,3,0,0,,,context_only
魁计战斗,0,3,0,0,,,context_only
鄂豫皖省委第三次扩大会议,0,2,0,0,,,context_only
外线作战,1,3,3,0,,,strict_backbone
解放后群众维护标语,0,3,0,0,,,context_only
缴械扩红,0,3,1,0,,,strict_backbone
中共早期工人运动,0,1,1,0,1922-01-01,1922-12-31,strict_backbone
看谷减租斗争,0,2,0,0,,,context_only
宝山起义行动,0,4,0,0,,,context_only
五·二·O运动,1,12,5,1,1947-01-01,1947-12-31,strict_backbone
节省春节费用慰劳伤兵难民运动,0,3,1,1,,,strict_backbone
红五月暴动,0,6,0,0,,,context_only
国民党保安团,0,20,0,0,,,context_only
搜山清匪,0,1,1,0,,,strict_backbone
挺进团,0,4,0,0,,,context_only
江浦县立团,0,2,0,0,,,context_only
郎普织边区游击队组建,0,2,2,0,,,strict_backbone
夏征,0,2,2,0,,,strict_backbone
分进合击,0,5,0,0,,,context_only
中美商约揭露斗争,1,2,2,0,,,strict_backbone
反革命‘九·九整肃’,0,2,2,0,,,strict_backbone
苏维埃工作,0,4,0,0,,,context_only
文华钺反革命武装暴动,0,3,0,0,,,context_only
《红色中华》改刊,0,3,1,0,,,strict_backbone
"向南巩固,向北发展,向东作战方针",0,0,0,0,,,isolated
五四运动声援斗争,0,3,0,0,,,context_only
支解工作,1,3,3,0,,,strict_backbone
'一五'大建设,0,1,0,0,,,context_only
泸西旧城暴动,1,7,7,0,,,strict_backbone
普雄畔山战斗,0,1,0,0,,,context_only
四期土改,0,5,0,0,,,context_only
参加解放荔波剿匪的领导干部名单,0,1,0,0,,,context_only
抵制仇和货运动,0,1,0,0,,,context_only
中州币发行,0,3,0,0,,,context_only
横岗寺农民暴动,1,4,3,0,,,strict_backbone
老屯孔战斗,0,3,3,0,,,strict_backbone
嘉陵江战役,1,9,6,0,,,strict_backbone
江津起义部署,1,3,2,0,,,strict_backbone
袭取罗平城,0,2,2,0,,,strict_backbone
《中华人民共和国土地改革法》,0,4,1,0,,,strict_backbone
转社思想动员,0,3,1,0,,,strict_backbone
湘阴四次沦陷,0,3,1,0,,,strict_backbone
广东党的活动分子大会,0,1,1,0,,,strict_backbone
护送干部/机关转移,0,1,1,0,,,strict_backbone
鸡鸣河会议,0,3,0,0,,,context_only
进军成都部署,2,6,3,1,,,strict_backbone
告青年同胞书,0,2,0,0,,,context_only
收复县城战役,0,5,0,0,,,context_only
从事民族教育,0,3,1,0,,,strict_backbone
江津党组织破坏事件,0,2,0,0,,,context_only
怀宁县民众抗敌后援会,0,6,0,0,,,context_only
伏击围剿破获情报站,0,3,1,0,,,strict_backbone
中共中央政治局鸡鸣三省会议,0,2,0,0,,,context_only
红七军与红一方面军会合,0,3,1,0,,,strict_backbone
皖东北工作委员会成立,0,1,0,0,,,context_only
互助组发展,0,2,0,0,,,context_only
溧阳县警卫营,0,1,0,0,,,context_only
发布注意与苗民关系指示,0,3,0,0,,,context_only
抗日民主运动,0,9,4,0,,,strict_backbone
六一惨案纪念活动,0,2,2,0,,,strict_backbone
土地革命、武装暴动,0,0,0,0,,,isolated
龙坪大火事件,0,2,0,0,,,context_only
互助救济运动,0,3,0,0,,,context_only
地下油印小报《新华电讯》,0,5,3,0,,,strict_backbone
钱壮飞牺牲,0,3,1,0,,,strict_backbone
九溪会议,1,1,1,0,,,strict_backbone
共军过境柳霁,0,4,1,0,,,strict_backbone
贵州会议,0,2,2,0,,,strict_backbone
歼灭辑私队,0,2,2,0,,,strict_backbone
汉州(广汉)起义,0,3,1,1,,,strict_backbone
推翻国民党反动统治斗争,0,1,0,0,,,context_only
农业建设研究会,0,3,0,0,,,context_only
四十七军南下进攻宜昌行动,0,3,1,1,,,strict_backbone
大勐龙战役,0,3,0,0,,,context_only
川东地下党斗争,0,9,2,1,,,strict_backbone
开辟敌后战场,1,3,1,0,,,strict_backbone
南坪日资公祠联保选举大会,0,1,0,0,,,context_only
雪峰山行军,0,2,2,0,,,strict_backbone
创立平民阅报社,0,4,2,0,,,strict_backbone
甘家坪大垭会议,0,3,3,0,,,strict_backbone
戒严行动,0,1,0,0,,,context_only
庄东桥头战斗,0,1,1,0,,,strict_backbone
泛太平洋劳动大会,1,8,4,1,1927-05-01,1927-05-31,strict_backbone
蒋村战斗,0,2,2,0,,,strict_backbone
破城进城,0,3,1,0,,,strict_backbone
保安团进犯滇西北,0,3,0,0,,,context_only
胥宗品,0,3,0,0,,,context_only
抓捕农民,0,2,2,0,,,strict_backbone
七·一五惨案,1,9,1,1,,,strict_backbone
攻占武昌战役,0,3,3,0,,,strict_backbone
保密工作,0,3,0,0,,,context_only
省行委成立,0,4,4,0,,,strict_backbone
盐南区/盐北区建立,0,1,0,0,,,context_only
白花山战斗,3,14,6,1,,,strict_backbone
第二次国内革命战争时期,0,14,0,0,,,context_only
建立联络点,0,3,1,0,,,strict_backbone
淮阴县农民减税斗争,0,2,2,0,,,strict_backbone
刀儿教,0,3,0,0,,,context_only
共青团工作,0,1,1,0,,,strict_backbone
曲马游击团建立,0,4,4,0,,,strict_backbone
皖浙赣边游击队集中整编,0,6,1,0,,,strict_backbone
郑家村暴动,0,4,3,0,,,strict_backbone
潼南秋收起义,0,2,2,0,,,strict_backbone
革命理财工作,0,3,0,0,,,context_only
沙市战役,0,4,2,0,,,strict_backbone
那京起义,1,4,2,0,,,strict_backbone
襄樊解放,0,3,0,0,,,context_only
北京惨案吉安后提会,0,1,0,0,,,context_only
设立邮电局,0,3,0,0,,,context_only
第三十八旅,0,2,1,0,,,strict_backbone
第一次马厂战斗,0,4,4,0,,,strict_backbone
搬运物资集中材料,0,8,4,0,,,strict_backbone
蚌埠市接管行动,0,6,0,0,,,context_only
建立党总支,0,2,2,0,,,strict_backbone
龙兴寺战斗,0,2,2,0,,,strict_backbone
抗日救国宣传活动,0,4,1,0,,,strict_backbone
就义,1,14,1,0,,,strict_backbone
蒙自解放,0,1,1,0,,,strict_backbone
川南游击队战斗,0,5,3,1,,,strict_backbone
南昌县七·一八大屠杀,0,2,2,0,,,strict_backbone
第三次助学运动,0,3,0,1,,,context_only
威北战役,0,2,2,0,,,strict_backbone
三八妇女座谈会,1,2,2,0,,,strict_backbone
党史工作,0,3,0,0,,,context_only
开调查会,0,5,0,0,,,context_only
五·二〇请愿游行,0,2,0,0,,,context_only
五四纪念活动,0,11,5,0,1926-05-01,1926-05-31,strict_backbone
西南农村建设,0,1,1,0,,,strict_backbone
陈庄土匪,0,2,0,0,,,context_only
利用伪政工身份合法斗争,0,5,2,0,,,strict_backbone
皖北苏维埃,0,2,2,0,,,strict_backbone
沙岗年关暴动,0,2,2,0,,,strict_backbone
祥经丝厂女工焚毙事件,0,2,2,0,,,strict_backbone
宋河战役,0,9,2,1,1948-01-01,1948-12-31,strict_backbone
洋溪战斗,0,1,1,0,,,strict_backbone
如南战斗,0,18,4,1,,,strict_backbone
上川东革命工作,0,5,3,1,,,strict_backbone
黎平县城陷落,0,4,0,0,,,context_only
大石盘战斗,0,2,2,0,,,strict_backbone
长江局取消,0,2,2,0,,,strict_backbone
减租退押斗争,0,2,2,0,,,strict_backbone
蓝衣剧团运动,0,1,0,0,,,context_only
红八军一纵渡江入黔争取王海平,0,5,3,1,,,strict_backbone
文家桥武装抗捐反豪绅斗争,0,5,2,0,,,strict_backbone
‘一二·一’惨案声援运动,0,3,0,0,,,context_only
苏北青联,0,1,0,0,,,context_only
解放军渡江行动,0,2,2,0,1949-01-01,1949-12-31,strict_backbone
游击队与列宁小学建设,0,3,0,0,,,context_only
党政群团建政,0,3,0,0,,,context_only
俘虏工作,0,6,2,3,,,strict_backbone
观音山战斗,0,8,5,0,,,strict_backbone
取缔一贯道运动,0,3,0,1,,,context_only
革畈小组,0,3,2,0,,,strict_backbone
迎接解放行动,0,3,0,1,,,context_only
泗阳抗日战争,0,6,2,1,,,strict_backbone
簸箕坝整顿,1,2,2,0,,,strict_backbone
黎平会议战略方针,0,3,0,0,,,context_only
自新运动,0,3,0,0,,,context_only
红石、石寨战斗,0,1,1,0,,,strict_backbone
茶园铺地下武装,0,2,2,0,,,strict_backbone
吉安会议,0,1,1,0,,,strict_backbone
组织复仇队,0,2,2,0,,,strict_backbone
设伏作战,0,3,1,1,,,strict_backbone
拥军优属工作,0,3,0,0,,,context_only
莲花寺战斗,0,3,0,0,,,context_only
马克思主义宣讲大会,1,3,1,0,,,strict_backbone
土匪暴乱/复辟,1,2,2,0,,,strict_backbone
读书运动,2,6,5,0,,,strict_backbone
街头宣传抗日,0,3,0,0,,,context_only
五四运动至全面抗战时期学生运动,0,4,4,0,,,strict_backbone
华蓥山农民起义,0,1,0,0,,,context_only
皖西地区武装动员工作,0,4,4,0,,,strict_backbone
草坪战斗,1,13,4,0,,,strict_backbone
缴械,0,2,1,0,,,strict_backbone
姜寅转移行动,0,1,0,0,,,context_only
蚌西北阻击战,0,5,0,0,,,context_only
倒夏活动,0,1,1,0,,,strict_backbone
四年解放战争,0,3,0,0,,,context_only
皖北事件,0,2,2,0,,,strict_backbone
'四·一'惨案,0,4,0,0,,,context_only
反帝驱赵运动,0,3,0,0,,,context_only
共军过境施秉台拱,0,5,0,0,,,context_only
青神起义,1,7,7,0,,,strict_backbone
攻击张边据点行动,0,2,1,0,,,strict_backbone
建立地下交通线,0,6,0,1,,,context_only
青年队组织,0,3,0,0,,,context_only
滇桂黔边区人民武装解放县城,0,4,1,0,,,strict_backbone
长山截击战,0,2,2,0,,,strict_backbone
红一方面军攻打南城战役,1,9,9,0,,,strict_backbone
长沙事变,0,6,0,0,,,context_only
罢市斗争,2,8,6,0,,,strict_backbone
岭峨岩伏击战,0,3,0,0,,,context_only
武汉国民党中央会议,0,10,0,0,,,context_only
成都军管会接管工作,0,2,2,0,,,strict_backbone
荣昌县解放,0,2,1,0,,,strict_backbone
解放黔西斗争,0,2,2,1,1949-11-25,1949-11-25,strict_backbone
六腊战争,1,4,1,0,,,strict_backbone
苏南敌后抗日斗争,1,11,6,2,1942-01-01,1942-12-31,strict_backbone
县大队改编警备营,0,1,0,0,,,context_only
詹家坊战斗,0,2,2,0,,,strict_backbone
九·九事件,0,10,6,0,,,strict_backbone
夺枪建队,0,3,1,0,,,strict_backbone
红四方面军川东北根据地斗争,0,1,0,0,,,context_only
妇女慰劳团,0,3,0,0,,,context_only
盐阜区攻势,0,2,2,0,,,strict_backbone
开展学运与公演歌剧,0,2,2,0,,,strict_backbone
剿匪抓捕行动,0,1,1,0,,,strict_backbone
三队,0,5,0,0,,,context_only
茭陵镇刀会斗争,0,3,0,0,,,context_only
新沟嘴大战,0,2,2,0,,,strict_backbone
游击战术经验总结,0,3,1,0,,,strict_backbone
华中解放区斗争,0,4,4,3,,,strict_backbone
江南特区苏维埃建立,0,2,2,0,,,strict_backbone
吴嘉湖独立团改称独立大队,0,3,1,0,,,strict_backbone
滇军待遇/蒋介石视察,0,1,0,0,,,context_only
德阳丸事件,0,1,0,0,,,context_only
防汛救灾,0,9,3,1,,,strict_backbone
重庆‘四·二一’游行,0,6,0,0,,,context_only
武昌会议,0,3,1,0,,,strict_backbone
组建自卫队/筹款缴枪,0,2,2,0,,,strict_backbone
攻坚战/伏击战/歼灭战,0,0,0,0,,,isolated
加强保卫武汉议案,0,5,0,0,,,context_only
上蔡战役,0,1,0,0,,,context_only
特务机构情报搜集,0,3,1,1,,,strict_backbone
金鸡山战斗,2,17,12,1,,,strict_backbone
上海反对内战大同盟,0,5,1,1,,,strict_backbone
打入商报社,1,2,1,0,,,strict_backbone
教师联合会,0,5,5,0,,,strict_backbone
国共合作,3,38,9,1,,,strict_backbone
曹孟君被捕事件,0,3,1,0,,,strict_backbone
江浙区农民运动,0,5,2,0,1920-01-01,1920-12-31,strict_backbone
湘边区抗日武装,0,3,1,0,,,strict_backbone
京汉路工人运动,0,10,4,0,,,strict_backbone
八一示威,0,3,3,0,,,strict_backbone
沭阳县第三青年救国队,0,4,2,0,,,strict_backbone
台儿庄战役,2,14,6,0,,,strict_backbone
南通铁路工人罢工运动,0,4,4,0,,,strict_backbone
税收房租与劳资纠纷处理,0,3,0,0,,,context_only
马日反革命事变,0,1,0,0,,,context_only
井冈山斗争时期,0,5,2,1,,,strict_backbone
丁马村战斗,0,8,3,1,,,strict_backbone
城市工作会议,1,2,2,2,,,strict_backbone
地下斗争时期,0,3,1,0,,,strict_backbone
党史整理与团结,0,1,1,0,,,strict_backbone
军渡江任务,0,3,1,0,,,strict_backbone
合围经验,0,1,1,0,,,strict_backbone
铁路工人生活状况,0,1,0,0,,,context_only
芜湖‘四一八’事件,0,2,2,0,,,strict_backbone
艺术师范班创办,0,5,3,0,,,strict_backbone
窦端孝事件,0,6,1,0,,,strict_backbone
反征兵征粮,0,1,0,0,,,context_only
宾川走廊打通行动,0,3,2,0,,,strict_backbone
分粮抗租,0,3,1,0,,,strict_backbone
青救斗争,0,3,3,0,,,strict_backbone
阻击鹤庆援敌战斗,0,1,0,0,,,context_only
联防会议,0,1,0,0,,,context_only
天生港锄奸侦察,0,3,1,0,,,strict_backbone
七十军干训班,0,5,3,0,,,strict_backbone
开展社会调查,0,2,2,0,,,strict_backbone
解放金沙县城,0,6,4,0,,,strict_backbone
机器器材保护行动,0,2,0,0,,,context_only
政委披大衣给战士谈心,0,1,0,0,,,context_only
太湖小池战斗,0,1,0,0,,,context_only
反对李顿调查团抗议运动,0,2,2,0,,,strict_backbone
岳西事件,0,1,0,0,,,context_only
攻打彭水县城,1,5,1,0,,,strict_backbone
云阳暴动,2,7,6,0,,,strict_backbone
乔信明等三十多位同志,0,4,0,0,,,context_only
镇压武装暴乱/剿匪/反霸,0,0,0,0,,,isolated
农工革命运动,5,9,8,1,,,strict_backbone
农民问题讨论,0,1,1,0,,,strict_backbone
梵净山合围部署,0,4,0,0,,,context_only
福建事变,0,5,2,0,,,strict_backbone
反攻动员大会,0,3,2,0,,,strict_backbone
设立修械所与制造武器,0,3,2,0,,,strict_backbone
关押审讯,0,1,0,0,,,context_only
整党建工,1,3,1,1,,,strict_backbone
上海地委委员会议,0,2,0,0,,,context_only
平溪区接管,0,1,0,0,,,context_only
长江设防,0,3,3,0,,,strict_backbone
《送儿当兵》,1,1,1,0,,,strict_backbone
土地分配与白区工作,0,2,1,0,,,strict_backbone
支前队伍南下,0,2,2,0,,,strict_backbone
逮捕行动,0,2,1,0,,,strict_backbone
瓦坪战斗,0,3,0,1,,,context_only
中国共产党第三次全国代表大会,4,9,4,0,,,strict_backbone
学生运动/罢课,0,1,1,0,,,strict_backbone
云雾山区清剿,0,2,2,0,,,strict_backbone
衡阳市小学教师互助会,2,4,4,0,,,strict_backbone
鸿图小校,0,2,0,0,,,context_only
五一纪念游行,0,3,0,0,,,context_only
"永,类型:相关性,描述:县长参与和平解放工作",0,1,0,0,,,context_only
下川东云奉等县起义,0,1,1,0,,,strict_backbone
湘鄂赣边区革命斗争,0,4,1,0,,,strict_backbone
霍山西镇起义,0,1,0,0,,,context_only
南溪特支工作,0,2,2,0,,,strict_backbone
战前动员,2,5,3,0,,,strict_backbone
民主抗暴运动,0,2,2,0,,,strict_backbone
夜送鸡毛信,0,2,0,0,,,context_only
邓川县地下革命活动,0,3,2,0,,,strict_backbone
收缴武器和瓦解反动武装,0,3,1,0,,,strict_backbone
第五次反围剿失败长征开始批评李德军事路线,0,7,0,0,,,context_only
日本纱厂同盟罢工,0,2,2,0,,,strict_backbone
服务群众/自筹资金,0,1,0,0,,,context_only
红七师机炮连一排,0,4,0,0,,,context_only
福贡设治局会议室,0,3,0,0,,,context_only
香港海员大罢工,2,8,8,0,,,strict_backbone
五英,0,3,0,0,,,context_only
治丧无备,0,3,0,1,,,context_only
雍叶捐管理/公产调度,0,3,1,0,,,strict_backbone
中国社会主义青年团江西地方团,0,8,2,0,,,strict_backbone
慰问晚会,0,9,2,0,,,strict_backbone
地下交通线,0,19,3,1,,,strict_backbone
龙场事件,2,3,2,0,,,strict_backbone
川西北平武地区武装斗争,0,5,2,0,,,strict_backbone
抗战后接会,0,3,1,1,,,strict_backbone
皖北地区武装斗争,0,2,2,0,,,strict_backbone
参军补充主力,0,2,0,0,,,context_only
西乡暴动,0,1,0,0,,,context_only
夏季攻势/反围点斗争,0,4,2,0,,,strict_backbone
第三次会剿,0,3,0,0,,,context_only
反对修工事斗争,0,3,1,0,,,strict_backbone
江门工人代表会,0,3,0,0,,,context_only
猫猫山起义,1,1,1,0,,,strict_backbone
平息叛乱,0,2,2,0,,,strict_backbone
袭击童家甸据点,0,2,2,0,,,strict_backbone
山洞军服厂,0,1,0,0,,,context_only
醴陵县妇运特派员工作,1,1,1,0,,,strict_backbone
维护社会治安,0,3,1,0,,,strict_backbone
经济绝交公约,0,2,0,0,,,context_only
西双版纳阻匪迎军,0,3,0,0,,,context_only
击退匪军冲锋,0,2,0,0,,,context_only
组建地方武装,0,2,0,0,,,context_only
睢宁战役,1,7,4,0,,,strict_backbone
切断退路封锁铁索桥,0,3,1,0,,,strict_backbone
杆秤分田/湘南暴动,0,0,0,0,,,isolated
金鸡大队,0,2,2,0,,,strict_backbone
淞沪抗战,2,19,10,1,,,strict_backbone
散发传单张贴标语,0,2,2,0,,,strict_backbone
泗北战斗,0,1,0,0,,,context_only
战斗在中夏,0,1,1,0,,,strict_backbone
金绍云反革命匪帮,0,3,0,0,,,context_only
抗日救亡演讲,0,3,0,0,,,context_only
罗甸合围进剿部署,0,3,1,0,,,strict_backbone
宁冈调查,0,1,0,0,,,context_only
二十军兵运工作,0,3,1,0,,,strict_backbone
进攻邱北县城,0,2,2,0,,,strict_backbone
红二十五军鄂东北反清剿战斗,0,1,1,0,,,strict_backbone
遂蓬边界起义,0,8,3,0,,,strict_backbone
清党之役,0,3,1,0,,,strict_backbone
串联与抗日救亡宣传,0,5,5,0,,,strict_backbone
桂东‘湘赣边区游击队’,0,3,0,0,,,context_only
袭击河口警察所,0,1,0,0,,,context_only
剿匪肃特/筹粮支前/地下党会师,0,1,1,0,,,strict_backbone
安(宁)禄(丰)罗(茨)游击大队野猫队,0,3,0,0,,,context_only
高安桥战斗,0,1,0,0,,,context_only
茂芝会议,0,3,0,0,,,context_only
劳动法庭设立,0,5,1,0,,,strict_backbone
沙溪武装暴动,0,5,3,0,,,strict_backbone
红四方面军发起广昭战役,0,6,2,1,,,strict_backbone
中原局工作会议,0,2,0,0,,,context_only
打枪坝群众大会,1,4,4,0,,,strict_backbone
四月十二日屠杀,0,2,2,0,,,strict_backbone
《川南工农劳苦群众目前斗争纲领》,1,2,2,0,,,strict_backbone
第二次解放锦屏之战,0,2,0,0,,,context_only
修建桥梁/修筑路面,0,0,0,0,,,isolated
双十节纪念会,0,6,0,0,,,context_only
反扫荡斗争,0,1,1,0,,,strict_backbone
省总工会代表大会,0,2,0,0,,,context_only
坛江农业生产合作社成立,0,3,1,0,,,strict_backbone
电台撤退行动,0,6,4,1,,,strict_backbone
巧计诱敌缴船,0,4,2,0,,,strict_backbone
三七事变,0,2,2,0,,,strict_backbone
大埠暴动,0,7,2,1,,,strict_backbone
安徽镇反运动,0,2,2,0,,,strict_backbone
饥民斗争,2,18,8,0,,,strict_backbone
反扫荡反摩擦斗争大会,0,2,0,0,,,context_only
千字运动实践会,3,3,3,0,,,strict_backbone
跃华乡抗田赋斗争,0,1,1,0,,,strict_backbone
平分土地,1,10,3,0,,,strict_backbone
淮泗县委成立,1,1,1,0,,,strict_backbone
永新敌军解决计划,0,3,1,0,,,strict_backbone
湘鄂西苏区的反“围剿”斗争,0,6,6,0,,,strict_backbone
保山下河湾战斗,0,2,2,0,,,strict_backbone
退押运动,0,2,2,1,1949-01-01,1949-12-31,strict_backbone
农民运动永垂不朽,0,3,0,0,,,context_only
驼背山战斗,0,5,3,1,,,strict_backbone
折岭战斗,0,6,4,0,,,strict_backbone
皮定均旅,2,3,2,0,,,strict_backbone
黄庭乡警队围歼战,0,9,9,0,,,strict_backbone
抗铲保苗活动,0,1,1,0,,,strict_backbone
邓小平题字,0,3,0,0,,,context_only
布尔什维克领导建设,0,3,0,0,,,context_only
妇女抢救伤员,0,1,1,0,,,strict_backbone
仁怀县人民临时办事处成立,0,4,2,0,,,strict_backbone
长江强渡第一船,0,5,2,0,,,strict_backbone
劳动管理改革,0,2,2,0,1956-01-01,1956-12-31,strict_backbone
两湖年关暴动,0,3,0,0,,,context_only
淮安县抗日同盟会,0,6,0,0,,,context_only
龙海山战斗,0,1,0,0,,,context_only
民众识字班,0,5,2,0,,,strict_backbone
三十六天罡,0,3,0,0,,,context_only
春耕,0,2,0,0,,,context_only
大明厂罢工事件,0,3,0,0,,,context_only
兴国暴动,0,6,0,0,,,context_only
农民解放社,0,8,2,1,,,strict_backbone
宁汉合作,0,2,2,0,,,strict_backbone
反对国民党南迁斗争,0,5,3,1,,,strict_backbone
江浙同乡会案件,0,2,0,0,,,context_only
收缴武器,0,6,2,0,,,strict_backbone
溧水县城解放,0,3,0,0,,,context_only
句容城战斗,0,3,3,0,,,strict_backbone
镇宁县人民政府成立,0,3,0,0,,,context_only
二李谈判,1,3,1,1,,,strict_backbone
《兄妹开荒》,0,3,0,0,,,context_only
运粮任务,0,8,3,1,,,strict_backbone
反侮辱反诽谤运动,0,5,3,0,,,strict_backbone
洪湖苏区创建,0,2,2,0,,,strict_backbone
安化自卫团起义,1,1,1,0,,,strict_backbone
1943年陶村抗争事件,0,3,0,0,,,context_only
淮阴保卫战,0,3,1,2,,,strict_backbone
破坏交通,0,3,3,0,,,strict_backbone
李堡之战,0,3,1,0,,,strict_backbone
毛锦镇党政工作会议,0,2,2,0,,,strict_backbone
三三制民主政权,0,3,0,0,,,context_only
吉安学生革命运动,2,6,6,0,,,strict_backbone
大别山三八纪念歌,0,3,1,1,,,strict_backbone
支援淮海战役,1,3,3,0,,,strict_backbone
口南乡政权建设,0,1,0,0,,,context_only
山地剿匪战术,0,3,0,0,,,context_only
伏击战斗,0,1,0,0,,,context_only
贸易工作/稳定物价,0,2,1,0,,,strict_backbone
会议宣传,0,3,0,0,,,context_only
解放战争形势,0,5,2,1,1949-01-01,1949-12-31,strict_backbone
渡江南进,1,9,6,0,,,strict_backbone
纠察队驻防,0,3,0,0,,,context_only
张清龙事件,0,1,0,0,,,context_only
二五减租宣传动员,0,1,1,0,,,strict_backbone
沙寨铁壁合围/长崇惠进剿合围/独山三都合围,0,0,0,0,,,isolated
成都劳工联合会成立,0,3,3,0,,,strict_backbone
六次反敌碉堡斗争,0,1,1,0,,,strict_backbone
政务接管工作,0,3,0,0,,,context_only
土改后生产新气象,0,2,0,0,,,context_only
中甸和平谈判,0,2,2,0,,,strict_backbone
兰田等地农民暴动,1,1,1,0,,,strict_backbone
党员一人一枪运动,0,2,1,0,,,strict_backbone
唐湾洞血战,0,5,1,0,,,strict_backbone
亳北独立大队成立,1,4,4,0,,,strict_backbone
驱左风潮,0,2,2,0,,,strict_backbone
四九血案,2,17,10,0,,,strict_backbone
炸桥行动,0,3,1,0,,,strict_backbone
周城地区农民运动,0,2,2,0,,,strict_backbone
土匪暴乱与剿匪,0,3,1,1,,,strict_backbone
苏南敌后挺进,1,4,3,0,,,strict_backbone
成联合围战,0,1,0,0,,,context_only
兰子畈战斗,0,5,2,0,,,strict_backbone
弥泸地区反蒋武装斗争,2,4,2,0,,,strict_backbone
宋埠阻击战,0,5,2,0,,,strict_backbone
珙县特支,0,3,0,0,,,context_only
8人小组,0,2,0,0,,,context_only
开展统战,0,1,0,0,,,context_only
成立游击大队,0,2,1,0,,,strict_backbone
征集围剿梵净山股匪专题资料,0,1,1,0,,,strict_backbone
戛那山合围,0,2,0,0,,,context_only
反特、争自由运动,0,1,0,0,,,context_only
三·一八暴动,0,6,4,0,,,strict_backbone
工运,2,12,6,0,,,strict_backbone
中国土地法宣传,0,1,0,0,,,context_only
抗日教导队,1,2,2,0,,,strict_backbone
武工队行动,0,19,11,1,,,strict_backbone
第三次武装起义,3,18,3,1,,,strict_backbone
柴米河畔的小张圩战斗,0,3,3,0,,,strict_backbone
宿城刀会暴动,0,2,2,0,,,strict_backbone
喊话投诚,0,3,1,0,,,strict_backbone
苏维埃文化革命,0,5,3,1,,,strict_backbone
剿灭李绍宗部,0,2,2,0,,,strict_backbone
模范班,0,2,2,0,,,strict_backbone
绵竹事变,0,3,1,1,,,strict_backbone
共革盟,0,9,0,0,,,context_only
少数民族代表座谈会,0,3,0,0,,,context_only
中央扩大会,0,3,1,1,,,strict_backbone
桃源第十七游击大队,0,8,5,0,,,strict_backbone
游击支队行动,0,1,1,0,,,strict_backbone
《新建设》,0,3,1,0,,,strict_backbone
董必武在武汉教育活动,0,3,0,0,,,context_only
上坪会议,1,6,1,0,,,strict_backbone
打游击与宣传标语,0,1,0,0,,,context_only
海安撤退,0,3,0,0,,,context_only
地主官僚剥削,0,3,1,1,,,strict_backbone
姜堰保卫战,0,5,2,0,,,strict_backbone
巴中-南江运输干线,0,1,0,0,,,context_only
二、六军团长征,4,10,6,0,,,strict_backbone
西线剿匪战役,0,2,0,0,,,context_only
四川重庆市总工会成立,0,5,0,0,,,context_only
剿匪/清匪/镇压反革命,0,0,0,0,,,isolated
红军北上抗日行动,0,10,1,1,,,strict_backbone
助学义卖活动,0,3,0,0,,,context_only
汉口党狱事件,0,4,2,0,,,strict_backbone
农代会与公审恶霸,0,2,0,0,,,context_only
减租退押/贯彻五大任务/斗争地主,0,0,0,0,,,isolated
中共邓川县委员会成立,0,6,2,0,,,strict_backbone
国民党安徽省保安第五旅,0,4,0,0,,,context_only
独立营抗日阻击战斗,0,1,1,0,,,strict_backbone
加强政治思想工作,0,1,0,0,,,context_only
湘鄂赣省委会议,0,3,0,0,,,context_only
湘西剿匪任务,0,3,1,1,,,strict_backbone
并肩战斗,0,1,0,0,,,context_only
新民主主义教育创造,0,7,0,0,,,context_only
江津抗日宣传活动,0,4,2,0,,,strict_backbone
回顾革命历史,0,3,1,1,,,strict_backbone
据田村武装暴动,0,1,1,0,,,strict_backbone
龙海山会议,0,3,0,0,,,context_only
县城保卫战,0,8,0,1,,,context_only
戴德明事件,0,3,3,0,,,strict_backbone
关岭游击队诞生与‘三三’暴动,0,3,3,0,,,strict_backbone
炉山剿匪行动,0,5,2,0,,,strict_backbone
抽调干部南下接管新解放地区,1,3,1,0,,,strict_backbone
淮南矿区斗争,0,2,2,0,,,strict_backbone
徐州国民大会,0,1,0,0,,,context_only
剑川围城战,0,5,2,0,,,strict_backbone
妇女参政运动,0,2,0,0,,,context_only
修缮西河工程,0,3,3,0,,,strict_backbone
土地改革与抗美援朝,0,3,2,0,,,strict_backbone
工人纠察队行动,0,3,0,0,,,context_only
抗美援朝宣传活动,1,3,1,0,,,strict_backbone
东湾战役,0,2,2,0,,,strict_backbone
留守茅山斗争,0,1,1,0,,,strict_backbone
修文暴动,1,9,3,0,,,strict_backbone
格宜红梁子暴动,0,2,2,0,,,strict_backbone
从江县城解放,0,5,5,0,,,strict_backbone
访贫问苦/扎根串连,0,0,0,0,,,isolated
泰兴县第一次参政会,1,2,2,0,,,strict_backbone
埋枪阴谋,0,7,0,0,,,context_only
花桥战斗,0,5,2,0,,,strict_backbone
苏北抗日同盟总会成立,0,4,0,0,,,context_only
高树勋部,0,1,0,0,,,context_only
萧县抗日群众运动,1,2,2,0,,,strict_backbone
反赤大同盟,0,5,3,0,,,strict_backbone
工人冲突事件,0,3,0,1,,,context_only
黔东北游纵,0,1,0,0,,,context_only
'夏令营',1,25,3,2,,,strict_backbone
宜兴、长兴一带攻势作战,0,0,0,0,,,isolated
民兵清剿,0,3,0,0,,,context_only
国民经济部成立,0,1,0,0,,,context_only
三年游击战争时期,0,6,0,0,,,context_only
欧阳德起义,0,3,0,0,,,context_only
游击队合编,0,2,2,0,,,strict_backbone
激战大寨,2,3,3,0,,,strict_backbone
江南游击战争,0,5,2,0,,,strict_backbone
桥街镇解放,2,3,3,0,,,strict_backbone
魏洼歼灭战,0,1,0,0,,,context_only
新马桥铁路破击战,0,1,0,0,,,context_only
投诚事件,0,6,2,0,,,strict_backbone
赤色士兵团,0,4,0,0,,,context_only
历次爱国民主运动,0,1,0,0,,,context_only
梁园战斗,0,1,1,0,,,strict_backbone
万安起义,0,1,1,0,,,strict_backbone
农民抗清丈斗争,0,1,0,0,,,context_only
富良棚反蒋誓师大会,0,2,0,0,,,context_only
黔大毕革命根据地建设,0,1,0,0,,,context_only
衡山农民运动,3,11,4,1,,,strict_backbone
培养干部/减租减息/参军动员,0,0,0,0,,,isolated
攻打沙洋与潜江阻击,0,2,2,0,,,strict_backbone
根据地斗争,0,1,0,0,,,context_only
桃源徐涤照苏维埃政权,1,4,2,0,,,strict_backbone
朱富甲游击大队,0,5,0,1,,,context_only
农调办,0,3,0,0,,,context_only
长征过云南,2,6,4,0,,,strict_backbone
北伐军攻占泗汾,0,3,0,0,,,context_only
组织工作忽视,0,3,1,0,,,strict_backbone
工人党员发展情况,0,6,0,0,,,context_only
惨案发生/残酷杀害,0,2,2,0,,,strict_backbone
罗平城战役,1,2,2,0,,,strict_backbone
剑川巩北乡会议,0,1,0,0,,,context_only
国大召开争议,0,3,0,0,,,context_only
马龙县游击根据地斗争,0,2,2,0,,,strict_backbone
黔东特区工农兵代表会议,0,3,0,0,,,context_only
文学教育,0,3,0,1,,,context_only
接收伪吴县教育局,0,3,0,0,,,context_only
武装清剿土匪,0,2,2,0,,,strict_backbone
游击战争任务,0,1,0,0,,,context_only
请愿惩办土豪劣绅运动,0,4,4,1,1927-01-01,1927-12-31,strict_backbone
四·三惨案,0,4,0,0,,,context_only
四七〇团驻防广丰,0,3,0,0,,,context_only
谈判事件,0,8,2,1,,,strict_backbone
土地坡,2,3,2,0,,,strict_backbone
石阡匪徒吴登仁,0,3,0,0,,,context_only
新民主主义联盟,1,5,3,0,,,strict_backbone
学生避难安排事件,0,2,2,1,1949-04-01,1949-04-30,strict_backbone
木门会议,3,13,5,1,,,strict_backbone
骑兵追击战,0,6,4,0,,,strict_backbone
湘南抗日斗争/湘粤局势,0,1,0,0,,,context_only
糯衣窝子山战斗,1,2,1,0,,,strict_backbone
鲁车渡夺船,2,3,3,0,,,strict_backbone
雨谷协定,4,8,8,0,,,strict_backbone
阳和二山风树垭会议,0,2,0,0,,,context_only
中央与地方剿匪公函往来,0,4,0,0,,,context_only
北川铁路建设,0,3,2,0,1925-01-01,1925-12-31,strict_backbone
川陕省第二次党员代表大会,0,3,0,0,,,context_only
抗旱救灾,0,1,0,0,,,context_only
息墨战斗,0,3,0,0,,,context_only
反对苛捐杂税学生运动,0,3,3,0,,,strict_backbone
争取江西计划,0,4,2,0,,,strict_backbone
义勇自卫队,3,14,5,0,,,strict_backbone
山坪垭口战斗,0,6,0,0,,,context_only
反革命暴动案,0,1,0,0,,,context_only
坝海营事件,0,1,0,0,,,context_only
淞沪支队转移至青浦会师,0,2,0,0,,,context_only
南岳游击训练班,2,2,2,0,,,strict_backbone
土地政策研究,0,3,0,0,,,context_only
青年敌国团,0,3,0,0,,,context_only
以杀人取乐,0,4,0,0,,,context_only
金塘岛登陆作战,0,7,2,0,,,strict_backbone
北伐军占领武汉,0,3,1,1,,,strict_backbone
邳县县城战斗,0,1,1,0,,,strict_backbone
公审江奸,0,1,1,0,,,strict_backbone
学习《论持久战》,0,3,0,0,,,context_only
瓮余湄铁壁合围战役,0,3,1,0,,,strict_backbone
清理敌伪资产工作,0,3,0,0,,,context_only
抗战新阶段,1,5,3,1,,,strict_backbone
解放崇明岛,2,11,8,0,,,strict_backbone
中国工农红军长征,1,19,6,1,,,strict_backbone
谢家渡战役,0,1,0,0,,,context_only
上海丝厂女工罢工,0,5,5,0,,,strict_backbone
左联五烈士,0,3,1,0,,,strict_backbone
游击战术打击敌人,0,2,1,0,,,strict_backbone
七·一五事件,0,31,13,1,,,strict_backbone
茶陵游击队九队,0,5,2,1,,,strict_backbone
分水岭阻击战,1,11,5,0,,,strict_backbone
党领导的地下斗争,0,3,1,1,,,strict_backbone
周恩来在黄山活动,0,3,1,0,,,strict_backbone
人民银行机构建立,0,3,1,1,,,strict_backbone
大别山土改策略调整,0,2,0,0,,,context_only
和平解放,1,18,4,2,,,strict_backbone
六一惨案,2,41,14,1,,,strict_backbone
涪陵武装力量,0,2,2,0,,,strict_backbone
皖南、江西、福建、湘南战役,0,0,0,0,,,isolated
锦西战役,0,3,0,0,,,context_only
书籍编印致谢,0,6,0,1,,,context_only
土地革命第二次代表大会,0,3,1,0,,,strict_backbone
白驹镇战斗,0,5,1,0,,,strict_backbone
第三次反‘围剿’作战,0,1,0,0,,,context_only
猪街战斗,0,3,0,0,,,context_only
送兵场面,0,3,2,0,,,strict_backbone
昭通学生游行事件,0,3,0,0,,,context_only
会剿消耗与伤亡,0,7,1,1,,,strict_backbone
湘鄂赣苏区的反“围剿”斗争,0,2,2,0,,,strict_backbone
抗捐反溪大游行,0,1,0,0,,,context_only
活捉匪首都堪,0,1,0,0,,,context_only
瓦埠暴动,0,23,10,1,,,strict_backbone
春秋山战斗,0,1,0,0,,,context_only
登步岛战斗后续,0,1,0,0,,,context_only
打醮阴谋,0,3,1,0,,,strict_backbone
新人读书会,0,2,0,0,,,context_only
桥头新城起义人员,0,1,0,0,,,context_only
军事行动,1,4,1,0,,,strict_backbone
龙潭暴动,0,2,0,0,,,context_only
党史征集工作,0,1,0,0,,,context_only
卢汉起义通电,0,1,0,0,,,context_only
白沙小组活动,0,2,0,0,,,context_only
建立留守组织,0,2,0,0,,,context_only
川北学生运动,0,2,2,1,1940-01-01,1940-12-31,strict_backbone
党团干部扩大会议,0,1,0,0,,,context_only
湖南省河洑战斗,0,1,0,0,,,context_only
县教职员联合会,1,3,2,0,,,strict_backbone
斗蓬冲突袭,0,1,0,0,,,context_only
南门开发/开办自来水/修建文化宫体育场,0,0,0,0,,,isolated
榕江重新攻城战,0,4,3,0,,,strict_backbone
合围清剿,0,6,1,0,,,strict_backbone
反夺佃斗争,0,9,1,0,,,strict_backbone
党的组织状况,0,2,0,0,,,context_only
温浏分兵行动,0,2,0,0,,,context_only
情报局体制改革,0,3,1,0,,,strict_backbone
四·一·二事件,0,3,0,0,,,context_only
相山大队,0,2,0,0,,,context_only
镇压革命,1,3,1,0,,,strict_backbone
中共顺直省委扩大会议,0,2,0,0,,,context_only
保卫山凯战斗总结,0,3,1,0,,,strict_backbone
第五次反‘扫荡’斗争,0,5,2,1,1944-01-01,1944-12-31,strict_backbone
雷山剿匪斗争,0,1,0,0,,,context_only
反对富农路线运动,0,6,1,0,,,strict_backbone
湖北区队,0,3,0,0,,,context_only
渔民诉苦,0,3,0,0,,,context_only
起义军,0,22,3,0,,,strict_backbone
智擒与供认,0,3,0,0,,,context_only
算命先生掩护开展城工,0,3,1,0,,,strict_backbone
株萍铁路破坏事件,0,5,4,2,1927-09-01,1927-09-30,strict_backbone
赣东北根据地斗争,0,2,0,0,,,context_only
中分村战斗,1,8,8,0,,,strict_backbone
洪家地坝遭遇战,0,1,0,0,,,context_only
党小组会,0,4,1,0,,,strict_backbone
大水塘一战,0,3,1,1,,,strict_backbone
第三次反革命‘围剿’,0,8,6,0,,,strict_backbone
台江城战斗,0,6,1,0,,,strict_backbone
思茅解放,0,2,0,0,,,context_only
秋收武装暴动,0,2,1,0,,,strict_backbone
游行示威大会,0,1,0,0,,,context_only
云台大队,0,2,2,0,,,strict_backbone
沙村会议,0,3,1,0,,,strict_backbone
较场口血案,1,5,5,0,,,strict_backbone
收枪政策,0,3,2,0,,,strict_backbone
醴陵妇女运动,0,2,0,0,,,context_only
蒋阀突围和西撤,0,3,1,1,,,strict_backbone
袁崇全叛变,0,3,1,1,,,strict_backbone
老向被捕事件,0,3,0,0,,,context_only
货币形制介绍,0,16,0,0,,,context_only
起义协议,0,1,0,0,,,context_only
请兵堵剿,0,2,0,0,,,context_only
合川县丝线业工人运动,1,5,3,1,,,strict_backbone
社会问题研究会,0,12,4,1,,,strict_backbone
鄂南策反活动,0,2,2,0,,,strict_backbone
川西四项建设任务,0,2,0,0,,,context_only
金光润会议,0,2,0,0,,,context_only
接管工作,6,60,22,3,,,strict_backbone
平江起义三十周年座谈会,1,3,3,0,,,strict_backbone
武装斗争小组,0,5,1,0,,,strict_backbone
川东地区武装起义,1,2,2,0,,,strict_backbone
参军动员,0,18,4,0,,,strict_backbone
《长征纪事》摄制组,0,1,0,0,,,context_only
望直港战斗,0,1,0,0,,,context_only
反对征兵征粮运动,0,3,0,0,,,context_only
统购统销政策,0,2,0,0,,,context_only
抗击土匪/巩固政权,0,1,0,0,,,context_only
初步建立元江反蒋统一战线,0,3,0,0,,,context_only
筹借粮柴草,0,4,1,1,,,strict_backbone
解放广东,0,1,0,0,,,context_only
红四方面军进入通南巴,0,2,2,0,,,strict_backbone
普治会谈,0,3,2,0,,,strict_backbone
旧职人员训练班,1,4,1,1,,,strict_backbone
漫川关行军,0,3,1,0,,,strict_backbone
驱逐帝国主义分子行动,0,2,2,0,,,strict_backbone
蓉至黔剿匪,0,2,0,0,,,context_only
沙岗事件,0,2,0,0,,,context_only
国共矛盾,0,3,0,0,,,context_only
溧武路北渡行动,0,4,4,0,,,strict_backbone
贵州国民党反动当局围剿,0,3,2,0,,,strict_backbone
调整分配房屋地基,0,2,0,0,,,context_only
伏击日伪军/拔桥板战术,0,4,4,0,,,strict_backbone
独轮车工人罢工,1,3,1,1,,,strict_backbone
皖宿解放区,0,4,0,0,,,context_only
醴陵地区地下武装斗争,1,4,4,0,,,strict_backbone
九江英租界收回斗争,0,3,0,0,,,context_only
清匪行动,0,10,5,1,1945-01-01,1945-12-31,strict_backbone
南漳战役,0,2,2,0,,,strict_backbone
抗租抗税运动,0,1,1,0,,,strict_backbone
接收敌伪档案,0,3,2,0,,,strict_backbone
配合三大队出击,0,1,0,0,,,context_only
边界三县游击战争,1,2,2,0,,,strict_backbone
重庆谈判后续,0,3,0,0,,,context_only
妇女党务训练班,0,3,0,0,,,context_only
中央临时政治局,0,8,0,1,,,context_only
中国共产党垫江县委成立,1,4,2,0,,,strict_backbone
红军活捉李则石事件,0,3,0,0,,,context_only
宁化县城关被暗害事件,0,3,1,0,,,strict_backbone
智擒汉奸张祖尧,0,4,0,1,,,context_only
川北区党委指示清剿行动,0,3,0,1,,,context_only
考察衡山农运,2,5,2,0,,,strict_backbone
安源工运,0,3,0,0,,,context_only
茶叶班,0,2,2,0,,,strict_backbone
江西省党部斗争,0,5,2,0,,,strict_backbone
游击战/战斗牺牲,0,1,0,0,,,context_only
贵州地下党早期斗争,0,2,2,0,,,strict_backbone
落实暴动政策,0,3,2,0,,,strict_backbone
湄潭七人事件,0,3,0,0,,,context_only
工会组织与节约生产运动,0,2,1,0,,,strict_backbone
商民运动提案,0,1,1,0,,,strict_backbone
洞庭特区反‘清湖’斗争,0,2,2,0,,,strict_backbone
湖南工人和学生运动,0,3,3,0,,,strict_backbone
浮桥建设,0,10,0,0,,,context_only
进步师生组织活动,0,3,1,0,,,strict_backbone
庆祝土改胜利,0,1,0,0,,,context_only
马克思学说研究会纪念大会,0,2,2,0,,,strict_backbone
五十七军留守处,0,3,1,0,,,strict_backbone
南京请愿事件,0,3,0,0,,,context_only
鸭池河战役,3,9,4,1,,,strict_backbone
红五月攻势,0,9,3,1,,,strict_backbone
改造东兰同志会,1,3,1,0,,,strict_backbone
解放区军民反攻,0,3,0,0,,,context_only
川滇黔省革命委员会成立,0,2,0,0,,,context_only
汝南哨战斗,1,9,2,1,,,strict_backbone
合围线上捕捉匪首,0,2,1,0,,,strict_backbone
全歼区乡公所,0,2,2,0,,,strict_backbone
昭通学运,0,14,9,0,,,strict_backbone
中国人民政协会议,0,2,0,0,,,context_only
湘江战役,6,84,44,3,1934-11-01,1934-11-30,strict_backbone
反饥饿反内战罢课运动,0,6,1,1,,,strict_backbone
政策学习运动,0,5,1,0,,,strict_backbone
皖东北反摩擦斗争,0,2,1,0,,,strict_backbone
五·二一事件,0,36,19,0,,,strict_backbone
战斗日期,0,1,0,0,,,context_only
解放总队主力,0,1,0,0,,,context_only
夺枪战斗,0,2,2,0,,,strict_backbone
西凉乡保卫战,0,5,0,0,,,context_only
丰都县城解放,0,6,2,1,1949-12-01,1949-12-31,strict_backbone
皖南事变后,0,1,0,0,,,context_only
和平建国纲领草案,0,3,0,0,,,context_only
北碚特支重建,0,2,0,0,,,context_only
黄安城战斗,0,3,3,0,,,strict_backbone
围攻县城,0,8,5,0,,,strict_backbone
酉阳革命传统与根据地建设,0,1,1,0,,,strict_backbone
南岳党小组,0,5,5,0,,,strict_backbone
万安会师,0,3,1,0,,,strict_backbone
反帝大同盟章程,0,3,0,0,,,context_only
柯村革命斗争,0,3,0,0,,,context_only
学生献花队,0,3,0,0,,,context_only
桥头河暴动,1,6,6,0,,,strict_backbone
新民主主义建国社,0,10,4,0,,,strict_backbone
解放毫城,1,5,4,0,1948-02-01,1948-02-29,strict_backbone
湘南工作,0,5,0,1,,,context_only
杀害乞讨者舒叫化师徒,0,2,1,0,,,strict_backbone
生活书店贵阳分店,0,1,0,0,,,context_only
弋横农民年关大暴动,1,1,1,0,,,strict_backbone
湖北农民暴动,0,9,1,0,,,strict_backbone
民主联军武装斗争,0,2,2,0,,,strict_backbone
上海市学生争取和平联合会,1,3,1,1,,,strict_backbone
学生革新社工作调整与晨曦学社指挥,0,2,0,0,,,context_only
中共中央关于发展抗日民族运动《告全党同志书》,0,3,0,0,,,context_only
谈判协议,0,3,3,0,,,strict_backbone
反饥饿、争温饱运动,0,1,0,0,,,context_only
武汉学联罢课运动,0,2,2,0,,,strict_backbone
剑川战役,0,5,3,0,,,strict_backbone
宿县特支成立,0,2,2,0,,,strict_backbone
文艺宣传,0,12,2,0,,,strict_backbone
保甲制改革,0,2,2,0,,,strict_backbone
全家发动,0,4,0,0,,,context_only
特支建立,0,5,3,0,,,strict_backbone
车桥据点克复,0,1,0,0,,,context_only
兴发阻击战,0,3,3,0,,,strict_backbone
智取长石扩红,0,4,4,0,,,strict_backbone
长沙反日爱国游行,0,2,2,0,,,strict_backbone
泸西事变,0,3,0,0,,,context_only
安福暴动,0,3,0,0,,,context_only
川滇黔省革命委员会成立,0,16,0,0,,,context_only
宪法起草委员会第七次工作会议,0,4,0,0,,,context_only
因远会议,0,3,0,0,,,context_only
新四军转移事件,0,1,0,0,,,context_only
安龙县起义事件,0,2,2,0,,,strict_backbone
战斗胜利与建立组织,0,1,0,0,,,context_only
泰县文化界抗日工作团,0,3,0,0,,,context_only
五一二〇周年晚会,0,4,4,0,,,strict_backbone
进剿雷山区谢匪世钦,0,2,1,0,,,strict_backbone
薛卢反共反人民阵线,0,3,0,0,,,context_only
湘潭、益阳、湘阴窑业工会联合斗争,0,1,0,0,,,context_only
财政经济,0,2,0,0,,,context_only
抗日示威游行,0,2,0,0,,,context_only
红二军团、红六军团长征,0,0,0,0,,,isolated
歼灭军阀行动,0,1,0,0,,,context_only
组织运输队运粮与改担架队,0,1,0,0,,,context_only
护厂护仓护校,0,3,0,0,,,context_only
编组野战兵团,0,6,0,0,,,context_only
土地革命政策,1,20,8,0,,,strict_backbone
军需物资采购,0,2,2,0,,,strict_backbone
陆良旧洲暴动,1,5,2,0,,,strict_backbone
宣威八九两区暴动,0,2,1,0,,,strict_backbone
佯攻贵阳,3,3,3,0,,,strict_backbone
赣东北特区苏维埃代表大会,0,1,0,0,,,context_only
土匪袭击与回师剿匪,1,3,2,0,,,strict_backbone
打亳州战役,0,2,2,0,,,strict_backbone
田心坪战斗,1,16,5,2,,,strict_backbone
国民党反动派发动内战,0,3,1,0,,,strict_backbone
短枪班,1,8,1,0,,,strict_backbone
独立旅,0,17,5,0,,,strict_backbone
追悼杨长治烈士牺牲一周年大会,0,2,1,0,,,strict_backbone
武阳区夏耕运动,0,4,4,1,1933-01-01,1933-12-31,strict_backbone
寨北合围,0,3,3,0,,,strict_backbone
'清党'运动,0,3,0,0,,,context_only
赫章土地改革斗争,0,2,2,0,,,strict_backbone
西方军,0,3,0,1,,,context_only
少数民族地区土改,0,9,2,1,,,strict_backbone
小沙东海命,0,1,1,0,,,strict_backbone
撤出瓢井镇行动,0,4,4,0,,,strict_backbone
水城撤退行动,0,1,1,0,,,strict_backbone
中共四川临委会议,0,1,1,0,,,strict_backbone
对国民党宣传战,1,3,1,0,,,strict_backbone
江浙区第一次代表大会,0,3,1,0,,,strict_backbone
解放亳州战斗,0,3,1,1,,,strict_backbone
赣南农民武装暴动,2,21,20,0,,,strict_backbone
新妇协,0,2,1,0,,,strict_backbone
博尚战斗,0,2,0,0,,,context_only
辽沈战役分析会,0,3,0,0,,,context_only
九江解放,1,7,3,1,,,strict_backbone
反增税斗争,0,3,0,0,,,context_only
查田评产与反霸减租,0,3,0,0,,,context_only
现实社,2,12,2,0,,,strict_backbone
周洗礼,0,6,0,0,,,context_only
清剿袁部行动,0,1,1,0,,,strict_backbone
龙陵和平解放,1,3,1,0,,,strict_backbone
缩迁战役,1,2,2,0,,,strict_backbone
一渡赤水,0,3,0,0,,,context_only
南昌战役,0,9,5,1,,,strict_backbone
固镇方向战斗,0,5,2,0,,,strict_backbone
17军保卫部一、二科,0,1,0,0,,,context_only
活捉匪首,0,9,2,0,,,strict_backbone
黑水战役,0,3,1,1,,,strict_backbone
反法斗争,0,2,2,0,,,strict_backbone
华中军区成立,0,2,2,0,,,strict_backbone
帮会工作,0,3,0,0,,,context_only
常山西源河坑里特委会议,0,1,1,0,,,strict_backbone
严办麻阳劣绅,0,1,0,0,,,context_only
划分农村阶级成分,0,4,1,1,,,strict_backbone
五四运动影响,1,7,2,0,,,strict_backbone
特支党员发展与组织划分,0,2,1,0,,,strict_backbone
自强社,1,2,2,0,,,strict_backbone
湘赣根据地突围,0,2,2,0,,,strict_backbone
湘保二、三两师起义,0,2,1,0,,,strict_backbone
兰坪县解放,0,2,2,0,,,strict_backbone
随军南下与剿匪,0,4,2,0,,,strict_backbone
黑冲之战,0,1,0,0,,,context_only
《新华、日》被封锁事件,0,1,0,0,,,context_only
宜昌失守,0,3,1,0,,,strict_backbone
帮助群众夏种,0,3,1,0,,,strict_backbone
涪陵罗云坝会议,0,3,0,0,,,context_only
牛角石战斗,0,6,3,1,,,strict_backbone
镇压土匪,0,2,1,0,,,strict_backbone
蓬溪县委成立,0,2,2,0,,,strict_backbone
中华全国总工会第二次扩大会议,0,1,0,0,,,context_only
金城银行秘密会议,0,3,0,0,,,context_only
支援抗美援朝,0,4,1,0,,,strict_backbone
杨庄会议,0,3,2,1,,,strict_backbone
土地革命战争,1,23,7,4,,,strict_backbone
镇远县土地改革,0,2,2,0,,,strict_backbone
上海学生联合会大会,0,3,0,0,,,context_only
少共国际六大,1,3,3,0,,,strict_backbone
赵集北小沟沿战斗,0,6,6,0,,,strict_backbone
宣传解放战争形势,0,1,0,0,,,context_only
建立军事工作据点,2,6,4,1,,,strict_backbone
186师在黔东南剿匪,2,4,2,1,,,strict_backbone
反清剿战,0,3,1,0,,,strict_backbone
国民党十九兵团溃败,0,6,1,0,,,strict_backbone
支前和救灾工作,0,3,3,0,,,strict_backbone
留守中央,0,3,0,0,,,context_only
鲁邑整风会议,0,3,0,0,,,context_only
柳孜区政权沿革,0,1,1,0,,,strict_backbone
盘县会议,7,44,16,1,,,strict_backbone
南下野战军,0,3,3,0,,,strict_backbone
国民大会筹备,0,2,0,0,,,context_only
击落国民党飞机,0,1,0,0,,,context_only
停火协议,0,1,1,0,,,strict_backbone
蒋家坝战斗,0,3,1,1,,,strict_backbone
红刀会暴动,0,3,0,0,,,context_only
小先生活动与农民夜校,0,1,1,0,,,strict_backbone
抗日救亡宣传活动,16,58,29,2,,,strict_backbone
群众工作,3,74,11,2,,,strict_backbone
中共武汉地区第一次代表大会,0,3,3,0,,,strict_backbone
抢占道县阻击追敌渡过潇水,0,9,0,0,,,context_only
四·二二战斗,0,1,1,0,,,strict_backbone
反动派在四川的活动,0,3,0,0,,,context_only
四次反'围剿',0,6,0,0,,,context_only
慰问群众运输队,0,5,3,1,,,strict_backbone
中国国民党四川省第一次代表大会,3,8,8,0,,,strict_backbone
江西杨家圩战斗,0,2,2,0,,,strict_backbone
武装斗争开辟根据地,1,3,1,0,,,strict_backbone
安化大捷,0,6,5,0,,,strict_backbone
征粮及严禁黄金银元宣传,0,4,4,0,,,strict_backbone
苏维埃银行,0,5,0,0,,,context_only
武昌市长任命,0,2,2,0,,,strict_backbone
红二六军团会师,0,6,3,0,,,strict_backbone
孔镇区斗争,0,5,4,1,,,strict_backbone
青年运动发展,0,1,0,0,,,context_only
汉口人力车夫会罢工斗争,0,4,4,0,,,strict_backbone
三甲会议,4,6,5,0,,,strict_backbone
反“清乡”斗争部署,0,1,0,0,,,context_only
抗日除奸运动,1,3,3,0,,,strict_backbone
宿西警卫连叛变,0,2,1,0,,,strict_backbone
水土镇罢考斗争,0,2,1,0,,,strict_backbone
回顾“五卅”惨案及大革命,0,2,0,0,,,context_only
湘、直之战,0,1,1,0,,,strict_backbone
抗捐斗团阀,0,3,0,0,,,context_only
龙陵解放,0,5,1,0,,,strict_backbone
平江白色恐怖时期,1,2,2,0,,,strict_backbone
重返茅东/遭告密/英勇还击/壮烈牺牲,0,1,0,0,,,context_only
农村协筹备小组成立,0,3,0,0,,,context_only
征粮清匪运动,0,2,2,0,,,strict_backbone
清匪治安运动,0,5,3,0,,,strict_backbone
白庙子罢工事件,0,3,1,0,,,strict_backbone
麻城解放区,0,2,2,0,,,strict_backbone
革命事业,1,23,2,0,,,strict_backbone
普渡河战斗,0,5,2,0,,,strict_backbone
延安整军复员会议,0,1,1,0,,,strict_backbone
沅水河渡河作战,0,2,2,0,,,strict_backbone
华容县自卫大队起义,1,2,2,0,,,strict_backbone
公审女匪及追悼会,0,4,0,0,,,context_only
武昌学生大示威,1,3,3,0,,,strict_backbone
湘鄂赣边区第一次工农兵代表大会,0,3,0,0,,,context_only
转藏电台行动,0,3,1,0,,,strict_backbone
击毙曹哲儒事件,4,4,4,0,,,strict_backbone
株萍路矿工人俱乐部株洲分部,0,2,0,0,,,context_only
全国邮务总工会第一次代表大会,0,3,0,0,,,context_only
金平暴动与警卫队起义,0,3,1,0,,,strict_backbone
头步桥游击大队组建事件,0,7,1,1,,,strict_backbone
群众座谈会,0,3,1,0,,,strict_backbone
发展苏维埃经济建设,0,1,0,0,,,context_only
江桥抗战,0,7,7,0,,,strict_backbone
湘鄂西中央分局南履界扩大会议,0,2,0,0,,,context_only
成立人民抗日义勇队第二总队,0,2,2,0,,,strict_backbone
菜籽劳战斗,0,1,0,0,,,context_only
反美抗暴示威万人大游行,1,1,1,0,,,strict_backbone
公审处决,0,1,0,0,,,context_only
工农革命军第九军鄂北总队,0,3,0,0,,,context_only
吃大户,3,5,3,0,,,strict_backbone
投降反投降论战,0,3,0,0,,,context_only
湘西民众救亡运动,0,2,2,0,,,strict_backbone
整顿萍矿意见书,0,2,0,0,,,context_only
抗美暴行游行,0,2,2,0,,,strict_backbone
红军主力师进驻行动,0,3,0,0,,,context_only
弹子台清剿行动,0,3,0,0,,,context_only
八路军新四军北上行动,0,5,0,0,,,context_only
皖东北抗战,1,5,2,0,,,strict_backbone
战略转移/整编剿匪,0,2,2,0,,,strict_backbone
上海抗战,0,3,0,0,,,context_only
节省运动/节约粮食,0,2,1,0,,,strict_backbone
合川学生课余抗宣团,0,7,1,1,,,strict_backbone
荆门战役,4,18,10,0,,,strict_backbone
独山专区第一届各族各界人民代表会议,0,3,0,0,,,context_only
夏斗寅勾结杨森、刘佐龙叛变革命,0,1,1,0,,,strict_backbone
涟水县借粮斗争,0,2,2,0,,,strict_backbone
设伏打击敌人,0,3,2,0,,,strict_backbone
属帮大会,0,5,1,0,,,strict_backbone
处分申诉,0,3,0,0,,,context_only
政治协商会议游行,0,3,0,0,,,context_only
筹款购买武器行动,0,1,1,0,,,strict_backbone
186师解放从江的参与人员,0,1,0,0,,,context_only
彭泽县、湖口、都昌战役,0,1,1,0,,,strict_backbone
工赈建设,0,3,2,0,,,strict_backbone
四川红军第三路游击队成立,0,10,4,0,,,strict_backbone
《星火》壁报,0,3,0,0,,,context_only
掌握武装迎接解放,3,3,3,1,1948-01-01,1949-12-31,strict_backbone
手工业合作化运动,0,1,0,0,,,context_only
祁阳革命训练班,0,2,0,0,,,context_only
中共鄂豫边第一次党代表大会,0,3,3,0,,,strict_backbone
打土豪筹款,0,2,2,0,,,strict_backbone
湄潭地枪暴动,0,2,2,0,,,strict_backbone
进军贵州,3,17,8,1,,,strict_backbone
北山会议,0,1,1,0,,,strict_backbone
乡公所谈判与保释脱险,0,3,0,0,,,context_only
贵阳市郊区土地改革运动,0,3,2,0,,,strict_backbone
巡视团工作,0,2,2,0,,,strict_backbone
夹沟农民武装组建,0,3,1,0,,,strict_backbone
广利井会师,0,2,2,0,,,strict_backbone
茅台声援行动,0,1,0,0,,,context_only
蒋桂战争,0,10,0,0,,,context_only
农民革命条件评估,0,3,1,1,,,strict_backbone
佯攻元江/诱敌驰援,0,5,0,0,,,context_only
江北县工人罢工,1,5,5,0,,,strict_backbone
送粮行动,0,3,0,0,,,context_only
罗塘背村会议,0,4,0,0,,,context_only
奔袭边阳,0,1,0,0,,,context_only
中国人民政治协商会议筹备会议,1,1,1,0,,,strict_backbone
七甲溪地区群众抗争,0,6,0,0,,,context_only
学潮斗争,0,6,4,0,,,strict_backbone
贵州黎平会议,0,6,0,0,,,context_only
政治攻势,5,37,8,0,,,strict_backbone
增强党性教育活动,0,5,0,0,,,context_only
青年反战行动队训练班,0,3,0,0,,,context_only
涟水县抗日民主政府成立,2,2,2,0,,,strict_backbone
飞渡长江,0,3,0,0,,,context_only
坑口会议,0,5,0,0,,,context_only
上海国民会议促成会成立,0,5,5,1,1924-12-01,1924-12-31,strict_backbone
淮海战役在亳县境内的两次歼灭战,0,2,2,1,1948-01-01,1949-12-31,strict_backbone
东江苏区训练班,1,4,4,0,,,strict_backbone
扩红突击队,0,6,1,1,,,strict_backbone
安峰山事变,0,2,2,0,,,strict_backbone
武汉人民解放先锋队电信局小组,0,6,0,0,,,context_only
零陵县反革命'清乡',0,3,0,0,,,context_only
宜章青年励进会,0,3,2,0,,,strict_backbone
弥勒西山武装队,2,4,4,0,,,strict_backbone
解放玉山,0,3,0,0,,,context_only
万铜丰独立团改编,0,4,0,0,,,context_only
汇龙镇战斗,0,1,0,0,,,context_only
河池会议,0,3,2,0,,,strict_backbone
新集会议,0,3,3,0,,,strict_backbone
反征兵游行,0,1,0,0,,,context_only
锡流,0,3,0,0,,,context_only
世界反帝非战代表大会,0,1,0,0,,,context_only
湖南省农民代表大会,0,5,3,0,,,strict_backbone
成都警备司令部公函,0,3,1,0,,,strict_backbone
临颖战役,2,2,2,0,,,strict_backbone
永胜县人民自卫大队,0,12,1,0,,,strict_backbone
对国民党召开‘国大’的严正声明,0,2,2,0,,,strict_backbone
河口战役,0,5,5,0,,,strict_backbone
战干团屠杀事件,0,4,2,1,,,strict_backbone
大别山游击战争,0,3,1,1,,,strict_backbone
加强团结与遵守纪律,0,1,1,0,,,strict_backbone
弥勒西山可邑战斗,0,2,2,0,,,strict_backbone
韩陈庄战斗,0,3,0,0,,,context_only
建立支前司令部与动员民工,0,1,0,0,,,context_only
暴动武装,0,2,0,0,,,context_only
工农商学兵大联合,0,3,0,0,,,context_only
乐宜崇边区第一挺进大队,0,2,0,0,,,context_only
和平改革,0,3,1,1,,,strict_backbone
涟水县抗日游击活动,0,2,0,0,,,context_only
土匪攻城,0,5,1,1,,,strict_backbone
会议纪录,0,3,0,0,,,context_only
湘鄂敌人的围剿,0,1,0,0,,,context_only
瓮余湄铁壁合围,1,3,3,0,,,strict_backbone
金口起义,0,3,0,0,,,context_only
东巩清乡局,0,2,0,0,,,context_only
停场罢市斗争,1,1,1,0,,,strict_backbone
揭露假三民主义,0,2,1,0,,,strict_backbone
庆祝土地改革胜利大会,0,3,2,1,,,strict_backbone
澜宁源整训总队,0,2,0,0,,,context_only
保卫武汉战斗,0,7,4,0,,,strict_backbone
移民并村与医生留守,0,5,2,0,,,strict_backbone
八圣庙战斗,0,2,2,0,,,strict_backbone
五·二五劫狱,0,2,2,0,,,strict_backbone
土城青杠坡战斗,0,5,0,0,,,context_only
情报搜集/守哨放哨,0,2,0,0,,,context_only
抗日救亡运动,36,461,236,9,,,strict_backbone
沅陵县党部筹备处,1,5,3,0,,,strict_backbone
红军反帝拥苏代表大会,0,3,0,0,,,context_only
护送党代会代表,0,3,0,0,,,context_only
城征缴与伏击战,0,1,1,0,,,strict_backbone
反摩擦战斗,0,2,2,0,,,strict_backbone
中共垫江县委成立,0,5,0,0,,,context_only
北上第二期计划,0,4,1,1,,,strict_backbone
华中群工会议,0,3,0,0,,,context_only
湘鄂赣苏区抗日民族统一战线,0,3,3,0,,,strict_backbone
斗争地主,0,3,1,0,,,strict_backbone
1930年兵变,0,3,1,0,,,strict_backbone
特支会议,0,1,0,0,,,context_only
武汉学运,0,2,0,0,,,context_only
纪念红军三大主力会师,0,5,0,1,,,context_only
桃江县农民运动,0,3,0,0,,,context_only
皖南事变,22,2231,614,5,1941-01-01,1941-12-31,strict_backbone
反蒋、反美民主爱国运动,0,1,1,0,,,strict_backbone
亳县抗日独立大队,0,2,2,0,,,strict_backbone
双江解放,0,2,2,0,,,strict_backbone
章桥农民抗债斗争,0,1,0,0,,,context_only
英廉社成立,0,1,0,0,,,context_only
减租,1,17,4,0,,,strict_backbone
赣州守敌,0,1,0,0,,,context_only
常德反动派惨杀七女子事件,0,5,3,0,,,strict_backbone
寻邬调查,0,1,0,0,,,context_only
师宗战役,0,3,0,0,,,context_only
黔川战役,0,3,0,0,,,context_only
庆祝土改/大生产,0,1,0,0,,,context_only
海堤北段工程,0,6,1,0,,,strict_backbone
朱昌土改试点,1,5,2,0,,,strict_backbone
组建蒋蒋王王朝,0,5,3,0,,,strict_backbone
甘孜会议,0,1,0,0,,,context_only
京山沔阳农运概况,0,1,0,0,,,context_only
少先先锋队组织建设,0,1,1,0,,,strict_backbone
反伪化斗争,0,11,5,0,,,strict_backbone
三·三一事件,0,3,0,0,,,context_only
纱厂女工罢工斗争,0,3,0,0,,,context_only
敌占区地下斗争,0,2,1,0,,,strict_backbone
党、政、军干部训练班,0,0,0,0,,,isolated
上海同济大学事件,0,2,0,0,,,context_only
湖西干部在毕节,0,3,0,0,,,context_only
南昌起义筹备活动,0,3,0,0,,,context_only
红军扩大运动,0,3,0,0,,,context_only
安庆造币厂罢工,0,2,2,0,,,strict_backbone
第二届党代会,1,5,1,0,,,strict_backbone
涤工暴动,0,4,4,1,1926-01-01,1926-12-31,strict_backbone
水城中学等学校罢课游行,0,3,0,0,,,context_only
铜繁南芜地区战斗,1,1,1,0,,,strict_backbone
退出战斗,0,1,0,0,,,context_only
扼守隘口及阻击全州出动之敌部署,0,3,0,0,,,context_only
伏击日军/粉碎围攻,0,1,1,0,,,strict_backbone
伟大转折,0,3,0,0,,,context_only
解放武汉,0,6,2,0,,,strict_backbone
蒙屏护乡团,0,1,0,0,,,context_only
南京学生界,0,3,0,0,,,context_only
回忆讲话/整理,0,2,0,0,,,context_only
白马战斗,0,1,0,0,,,context_only
罗布场战斗,0,2,0,0,,,context_only
平民学社、学行励进会,0,0,0,0,,,isolated
昆明银行职工联谊会,0,5,3,1,,,strict_backbone
成立大会,0,6,0,0,,,context_only
建军思想,0,2,0,0,,,context_only
土地归农运动,0,3,0,0,,,context_only
十八连山区边防李相唐大队,0,1,0,0,,,context_only
宜春县建设科,0,2,0,0,,,context_only
裁兵运动,1,4,3,0,,,strict_backbone
永胜马房坡战斗,0,1,1,0,,,strict_backbone
经验交流,0,3,0,0,,,context_only
组织农民识字班,0,3,1,0,,,strict_backbone
整军运动,0,3,0,0,,,context_only
大革命时期学生运动,0,1,1,0,,,strict_backbone
罢场斗争,0,2,2,0,1934-01-01,1934-12-31,strict_backbone
土地改革斗争,0,2,0,0,,,context_only
保六团叛变,0,1,0,0,,,context_only
阶级成分划分,0,2,0,0,,,context_only
支前司令部成立,0,3,0,0,,,context_only
大川饭店事件,0,4,4,0,,,strict_backbone
宣传政治主张,0,4,0,0,,,context_only
大定县剿匪行动,0,2,0,0,,,context_only
洪河集暴动,0,1,0,0,,,context_only
战略转移突围,0,5,0,0,,,context_only
二·二·九运动,0,4,4,0,1935-01-01,1935-12-31,strict_backbone
接收城市和迎接胜利准备工作,0,7,0,0,,,context_only
第三次攻城,0,1,0,0,,,context_only
红军牺牲事件,0,3,0,0,,,context_only
马龙民军,0,5,2,0,,,strict_backbone
抗日救亡/反独裁斗争,0,1,0,0,,,context_only
抗议行动,0,1,0,0,,,context_only
安边哨伏击战,0,3,3,0,,,strict_backbone
反美蒋斗争,0,6,3,1,,,strict_backbone
东海县牛山农民暴动,1,1,1,0,,,strict_backbone
靖、武工作团,0,0,0,0,,,isolated
政治干部训练,0,3,1,0,,,strict_backbone
48村工农代表大会,1,3,1,0,,,strict_backbone
阳新县工农兵代表大会,0,3,1,0,,,strict_backbone
农民代表会议,0,1,1,0,,,strict_backbone
解放战争形势图,0,6,0,0,,,context_only
发展党的组织竞赛,0,1,0,0,,,context_only
组建游击武装,1,2,2,0,,,strict_backbone
九溪解放,0,2,0,0,,,context_only
广水活动/冷家增暴动等,0,1,1,0,,,strict_backbone
升钟寺起义计划,0,3,0,0,,,context_only
尹武纵队二、四团起义,0,1,0,0,,,context_only
李亚民等转入地下斗争,0,2,0,0,,,context_only
进攻樟树,2,2,2,0,,,strict_backbone
土改宣传,0,3,1,1,,,strict_backbone
中央文化教育建设大会,2,2,2,1,,,strict_backbone
解放战争时期统战工作,0,4,0,0,,,context_only
反三路围攻战役,0,8,6,1,,,strict_backbone
邵阳解放后斗争,0,3,0,1,,,context_only
配合解放区自卫战争,0,1,0,0,,,context_only
游击战术训练,0,3,0,1,,,context_only
巴山地区武装斗争,0,3,0,0,,,context_only
红军反‘围剿’斗争,0,6,0,1,,,context_only
剿匪征粮运动,0,4,4,0,1949-01-01,1949-12-31,strict_backbone
江西省青年服务团第五大队,0,7,0,1,,,context_only
加入中国共产党,0,15,0,0,,,context_only
‘晨星’读书会,0,9,2,0,,,strict_backbone
应山县党部成立,0,1,0,0,,,context_only
政治学习,0,4,0,0,,,context_only
起义,16,55,26,1,1927-08-01,1927-08-01,strict_backbone
巴山妇女争取婚姻自由运动,0,2,0,0,,,context_only
贵池特支成立,0,3,2,0,,,strict_backbone
坑道作业,0,3,1,0,,,strict_backbone
深入群众运动,0,3,0,1,,,context_only
黎家坝突围战斗,0,3,2,0,,,strict_backbone
劳动就业登记公榜评议,0,2,0,0,,,context_only
红二十六军长征过云南,1,3,1,0,,,strict_backbone
高粱营土匪围剿行动,0,2,2,0,1949-01-01,1949-12-31,strict_backbone
车桥大战,0,3,1,0,,,strict_backbone
营救行动,0,6,1,0,,,strict_backbone
小练惨案,1,8,1,1,,,strict_backbone
湘鄂川黔革命根据地斗争,0,2,2,0,,,strict_backbone
特务连战斗,0,3,2,0,,,strict_backbone
反吴驱叶运动,0,2,2,0,,,strict_backbone
策反保安团,0,2,2,0,,,strict_backbone
保卫兴化战斗,0,1,0,0,,,context_only
刘仁八起义,4,7,7,1,1929-01-01,1929-12-31,strict_backbone
小老龙分兵,0,3,0,1,,,context_only
双减条例,0,6,1,0,,,strict_backbone
宣布建军决定/官兵关系讲话,0,3,3,0,,,strict_backbone
湖南二十四县暴动,2,5,2,0,,,strict_backbone
红六军组建,0,4,2,0,,,strict_backbone
反搬迁斗争,4,11,7,1,,,strict_backbone
中共荣溪县党支部成立,0,1,0,0,,,context_only
抗五捐暴动,0,6,2,0,,,strict_backbone
缅宁借粮救荒运动,0,2,2,0,,,strict_backbone
曼赛战斗,0,2,0,0,,,context_only
程潜起义,0,2,2,0,,,strict_backbone
革命公债发行,0,6,2,0,,,strict_backbone
农协与乡政权关系指示,0,3,0,0,,,context_only
马龙特支,0,4,0,0,,,context_only
剿匪平叛斗争,1,5,5,0,,,strict_backbone
赣州三六惨案,1,9,5,0,,,strict_backbone
丘引军,0,3,1,0,,,strict_backbone
经卷转移,0,2,2,0,,,strict_backbone
湖湘小学创办,0,2,2,0,,,strict_backbone
红军进攻战役,0,6,0,1,,,context_only
建立交通线,0,2,1,0,,,strict_backbone
坚持反扫荡斗争,0,1,1,0,,,strict_backbone
宁远农民运动,0,7,5,0,,,strict_backbone
自力更生医疗实践,0,3,0,0,,,context_only
伏击日军事件,1,2,2,0,,,strict_backbone
贵州省第一届农民代表大会,0,2,2,0,,,strict_backbone
紫霞河战斗,0,3,0,1,,,context_only
沙市公立小学接管事件,0,5,2,0,,,strict_backbone
昆明学生运动骨干分子,0,1,0,0,,,context_only
皋南战场作战,0,1,0,0,,,context_only
大寨激战,0,2,0,0,,,context_only
缴械投降,0,4,0,0,,,context_only
冬装问题,0,3,0,0,,,context_only
顺庆保卫战,0,2,2,0,,,strict_backbone
江阴抗日斗争,0,5,3,0,,,strict_backbone
蓝田搬运工人罢工,0,1,1,0,,,strict_backbone
建水抗日救亡与兵运工作,0,5,1,0,,,strict_backbone
锦屏至榕江公路建设,0,2,0,0,,,context_only
接收建立政权,0,2,2,0,,,strict_backbone
落雁突围战斗,0,1,0,0,,,context_only
南京谈判,0,12,6,1,1937-01-01,1937-12-31,strict_backbone
张国焘南下主张,0,1,0,0,,,context_only
红四方面军反三路围攻作战,0,3,0,0,,,context_only
乌箐之战,0,3,1,1,,,strict_backbone
涟城市政府成立,0,5,0,0,,,context_only
官洲战斗,0,2,0,0,,,context_only
绝食绝水斗争,0,1,1,0,,,strict_backbone
罗平起义武装,0,3,1,0,,,strict_backbone
渡江战略部署,0,3,0,0,,,context_only
大革命失败,0,7,1,0,,,strict_backbone
捐枪运动,0,3,1,1,,,strict_backbone
湘鄂赣发展,0,3,0,0,,,context_only
《挺进报》被破坏事件,0,3,0,1,,,context_only
征粮/剿匪/建立革命新秩序,0,1,0,0,,,context_only
士兵政治宣传,0,2,0,0,,,context_only
六霍地区革命斗争,0,2,0,0,,,context_only
溧阳西塘区民兵,0,1,0,0,,,context_only
苏皖边区抗日自卫大队,0,10,4,2,,,strict_backbone
战术讨论与战备,0,1,1,0,,,strict_backbone
叶挺慰问烈士家属,0,3,0,0,,,context_only
江苏各县暴动计划,0,5,0,0,,,context_only
抗兵抗粮斗争,0,1,1,0,,,strict_backbone
解放蒙自战役,0,2,2,0,,,strict_backbone
土匪包围事件,0,2,0,0,,,context_only
反对日本非法在成都设领事馆活动,0,3,0,0,,,context_only
通城战斗,1,6,2,0,,,strict_backbone
土改后生产热潮/组织互助组,0,2,0,0,,,context_only
抗日游行活动,1,2,2,0,,,strict_backbone
仁怀读书会,0,15,3,1,,,strict_backbone
长干山寻战,0,5,5,0,,,strict_backbone
起义群众为保护斗争果实采取的防御措施,0,1,0,0,,,context_only
禁毒、禁赌、禁娼斗争,0,1,0,0,,,context_only
华蓥山清剿行动,0,3,0,0,,,context_only
学生请愿斗争,0,1,0,0,,,context_only
丰都神兵,0,2,2,0,,,strict_backbone
成都学生五四运动,1,2,2,0,,,strict_backbone
"反饥饿,反内战,反迫害运动",0,3,2,0,,,strict_backbone
搜集资财,0,2,0,0,,,context_only
李口农民暴动,2,5,2,1,1930-07-01,1930-07-31,strict_backbone
三年解放战争,1,2,2,0,,,strict_backbone
驻剿指示,0,6,0,0,,,context_only
安紫边区领导小组会议,0,3,0,0,,,context_only
下梅战斗,0,5,3,1,,,strict_backbone
杨森部,0,3,2,0,,,strict_backbone
中共第三次全国代表大会,2,2,2,0,,,strict_backbone
成都市中事件,0,6,0,1,,,context_only
黑支果苗民暴动,0,2,2,0,,,strict_backbone
互助生产/贷粮贷款,0,1,1,0,,,strict_backbone
省委会议,0,6,2,0,,,strict_backbone
安顺地区武装斗争,0,2,2,1,1936-01-01,1936-12-31,strict_backbone
全国代表大会,0,1,0,0,,,context_only
第三次学生运动,0,5,2,0,,,strict_backbone
三十一师梵净山剿匪,0,3,0,0,,,context_only
成立苏州行政区专员公署,0,3,0,0,,,context_only
湘鄂赣省第一次党员代表大会,0,3,0,0,,,context_only
捕获匪首/民族上层人物支持/吴凤被害/陆镇藩守城,0,0,0,0,,,isolated
学红会,0,2,2,0,,,strict_backbone
三县青年学生联谊会,0,3,1,0,,,strict_backbone
向工农兵子女开门,0,1,0,0,,,context_only
农民地下武装,0,3,1,0,,,strict_backbone
鄂南秋收暴动计划,0,3,0,0,,,context_only
双十协定,0,1,0,0,,,context_only
苏维埃政权组织架构,0,3,0,0,,,context_only
浣冲洞大屠杀,3,3,3,0,,,strict_backbone
匪部编制与扩编,0,1,0,0,,,context_only
石江岑镇施地域战斗,0,6,4,0,,,strict_backbone
石门南乡起义,1,7,4,0,,,strict_backbone
杀恶霸分财产/打死孙老虎,0,2,1,0,,,strict_backbone
马浅暴动,1,2,2,0,,,strict_backbone
左中右分析,0,2,0,0,,,context_only
大龙山撤退,0,3,0,0,,,context_only
六二运动,1,7,5,0,,,strict_backbone
解决忠救军夏子风部、反顽斗争,0,2,1,0,,,strict_backbone
均县解放,0,3,0,0,,,context_only
六八战役战斗,0,3,1,0,,,strict_backbone
湘鄂赣省第一次工农兵代表大会,1,3,2,0,,,strict_backbone
滇南工运,1,2,2,0,,,strict_backbone
阿乃会议,0,4,0,0,,,context_only
便水会议,0,1,0,0,,,context_only
宿县抗日游击队建立(改编与根据地开辟),0,3,3,0,,,strict_backbone
黄土岭战斗,0,4,0,1,,,context_only
保卫大武汉,0,6,1,0,,,strict_backbone
漆工镇暴动,1,9,6,1,1927-01-01,1927-12-31,strict_backbone
苏南茅山抗战,0,5,3,1,,,strict_backbone
清水沟大撤格战斗,0,1,0,0,,,context_only
九河游击大队,0,3,1,1,,,strict_backbone
解放和接管,0,2,2,0,,,strict_backbone
罢课,1,3,1,0,,,strict_backbone
马龙地下组织,0,2,2,0,,,strict_backbone
三次“围剿”,0,3,0,0,,,context_only
反扫荡,0,9,3,1,,,strict_backbone
拆鱼簖斗争,0,6,3,0,,,strict_backbone
水口山工人武装,0,2,2,0,,,strict_backbone
黄埔军校特别党部全体党员大会,0,2,2,0,,,strict_backbone
反英大同盟斗争,0,2,2,0,,,strict_backbone
南下西进与赫章建政,0,3,1,0,,,strict_backbone
党内党外思想动员,0,4,2,0,,,strict_backbone
浦东游击总队,0,1,1,0,,,strict_backbone
索薪请愿活动,0,5,2,0,,,strict_backbone
牟定暴动,1,3,1,0,,,strict_backbone
《抗日救国告全体同胞书》,0,3,0,0,,,context_only
土地革命运动,3,70,38,4,,,strict_backbone
中江职工运动,1,3,1,1,,,strict_backbone
闽赣国共合作抗日协定,0,2,2,0,,,strict_backbone
湘黔边区剿匪合围,0,3,3,0,,,strict_backbone
罗子山战斗,0,2,2,0,,,strict_backbone
二十六团反围歼敌军起义,0,1,1,0,,,strict_backbone
解放关柱、三穗,0,1,1,0,,,strict_backbone
收回第一纱厂公有运动,0,3,2,0,,,strict_backbone
领导农民暴动,1,3,3,0,,,strict_backbone
皖西苏区特点,0,3,0,2,,,context_only
安江会议,0,1,1,0,,,strict_backbone
继承革命传统,0,6,1,1,,,strict_backbone
茂村之战,0,6,4,0,,,strict_backbone
‘春暴’,0,2,2,0,,,strict_backbone
“抗暴运动”,0,2,0,1,,,context_only
雷公山地区合围剿匪,1,4,3,0,,,strict_backbone
铁路工人破坏队,0,6,0,1,,,context_only
省立二中驱左风潮,2,9,4,0,,,strict_backbone
护厂护校,1,6,3,0,,,strict_backbone
北伐胜利宣传庆祝活动,0,3,0,0,,,context_only
解放区市场繁荣,0,3,0,0,,,context_only
苏维埃政府成立,0,14,2,0,,,strict_backbone
宾川暴动,0,3,0,0,,,context_only
十六字方针,0,21,2,0,,,strict_backbone
中国福利基金会,1,3,1,0,,,strict_backbone
伪造组织,0,1,0,1,,,context_only
青云会,0,2,0,0,,,context_only
秋收起义宣传,0,2,0,0,,,context_only
暴动,2,58,10,0,,,strict_backbone
长征出发地考证,0,4,0,0,,,context_only
金元券贬值,0,3,1,0,,,strict_backbone
暴动决定,0,3,1,0,,,strict_backbone
长备支前,0,2,0,0,,,context_only
合围圈内进剿,0,3,0,0,,,context_only
鲁班场进攻周敌,1,1,1,0,,,strict_backbone
引羊寺武装暴动,0,1,1,0,,,strict_backbone
水口圩战斗,0,6,3,0,,,strict_backbone
建立革命地域,0,3,0,0,,,context_only
高淳县城反蒋斗争,0,6,1,0,,,strict_backbone
筹备红军第一次全国政治工作会议,0,2,0,0,,,context_only
毛田暴动,0,2,1,0,,,strict_backbone
上海五一劳动节纪念活动,0,2,2,1,1949-01-01,1949-12-31,strict_backbone
枣山暴动,0,1,1,0,,,strict_backbone
三青团活动,1,2,2,0,,,strict_backbone
华中工作,0,5,2,0,,,strict_backbone
周圩子暴动,0,5,5,0,,,strict_backbone
曹安河口大屠杀,0,1,0,0,,,context_only
九一六惨案,0,3,0,0,,,context_only
接管政权与对敌斗争,1,2,2,0,,,strict_backbone
批判帝国主义和封建军阀,0,6,0,0,,,context_only
刘德安,0,1,0,0,,,context_only
江津财经小组转移事件,0,1,1,0,,,strict_backbone
渡江追歼战,0,3,3,0,,,strict_backbone
军事会议,1,7,3,0,,,strict_backbone
党的组织遭敌摧残,0,3,1,0,,,strict_backbone
长官司战斗,4,18,14,0,,,strict_backbone
王家坳遭遇战/九寨冲战斗,0,0,0,0,,,isolated
青年队,0,4,1,0,,,strict_backbone
江苏省委‘二大’会议,0,6,0,0,,,context_only
郎普织边区游击队成立大会,0,4,4,0,,,strict_backbone
积极纳税,1,3,2,0,,,strict_backbone
陆良游击队改编事件,0,2,2,0,,,strict_backbone
大革命浪潮,1,3,2,0,,,strict_backbone
平塘匪患基础调查,0,3,0,0,,,context_only
洪江总工会成立,0,2,0,0,,,context_only
补习班教学/宣传革命/镇压牺牲,0,1,0,0,,,context_only
民先队组织,0,5,3,0,,,strict_backbone
右梯队剿匪记实,0,2,0,0,,,context_only
扎西会议,10,190,54,3,,,strict_backbone
隐蔽行动,0,3,1,0,,,strict_backbone
建立交通站,0,2,1,0,,,strict_backbone
十大政策宣传,0,3,1,0,,,strict_backbone
反帝反封建运动,1,13,6,0,,,strict_backbone
扩红/征粮,0,0,0,0,,,isolated
人力车工人罢工运动,0,1,1,0,,,strict_backbone
中共中央政治局常委会议,0,2,0,0,,,context_only
涪陵暴动,1,8,4,0,,,strict_backbone
苏州国民会议促成会成立大会,1,1,1,0,,,strict_backbone
七七事变,0,26,2,0,,,strict_backbone
徐德美小组,0,2,0,0,,,context_only
溧水县抗日民主政权,1,3,1,0,,,strict_backbone
小朱庄战役,0,7,5,1,,,strict_backbone
秋征政策,0,3,1,1,,,strict_backbone
接管文教与抗击土匪,0,2,2,0,,,strict_backbone
荆江大堤保卫战,0,3,3,0,,,strict_backbone
津浦铁路两侧斗争,0,3,0,0,,,context_only
对敌伪组织的斗争,0,2,0,0,,,context_only
《雨古协定》,0,2,0,0,,,context_only
豆腐店伏击战,0,3,2,0,,,strict_backbone
英日惨杀华人案重庆外交后援会,1,3,1,0,,,strict_backbone
起义干部,1,1,1,0,,,strict_backbone
松桂整编,0,4,4,0,,,strict_backbone
三渡赤水,7,49,19,1,,,strict_backbone
红五军奔袭鄂都,0,2,2,0,,,strict_backbone
泥吉战斗,0,3,0,0,,,context_only
1945年反蒋武装起义,0,3,2,0,,,strict_backbone
地方国营厂矿民主改革,0,1,1,0,,,strict_backbone
张华俊等同志一行5人到撮科找范嘉乐研究工作,0,1,0,0,,,context_only
邓庄战斗,0,3,1,0,,,strict_backbone
沅陵县委成立,0,1,1,0,,,strict_backbone
瑶民民族工作宣传与联合,0,2,0,0,,,context_only
复员,1,1,1,0,,,strict_backbone
陈集歼灭战,0,3,0,0,,,context_only
土改复查,0,35,3,0,,,strict_backbone
账簿制度/供给制掌握,0,2,1,0,,,strict_backbone
土造枪管理办法,0,3,0,0,,,context_only
泰州文化界抗日工作团,0,2,0,0,,,context_only
蒿寻游击大队,0,6,0,0,,,context_only
废除保甲制,0,3,1,0,,,strict_backbone
四川临时省委扩大会议,0,3,0,0,,,context_only
吉安进攻战,0,6,6,0,,,strict_backbone
包谷脑驻防行动,1,2,2,0,,,strict_backbone
非基督教宣传与组织党社,0,1,1,0,,,strict_backbone
川西工联工人代表大会,0,3,0,0,,,context_only
筹粮供应,0,2,1,0,,,strict_backbone
高集战斗,0,1,0,0,,,context_only
会师联欢大会,0,5,2,0,,,strict_backbone
围攻狮子营,2,2,2,0,,,strict_backbone
劳动就业登记与失业救济,0,3,0,0,,,context_only
袭击敌军行动,0,5,3,0,,,strict_backbone
扶持正当工商业/组织乱碰头商人,0,1,0,0,,,context_only
省立临中师范部抗日宣传团,0,3,0,0,,,context_only
茅台渡河行动,0,6,1,0,,,strict_backbone
野马川会议,4,32,4,1,,,strict_backbone
青沪惨案雪耻会,1,2,2,0,,,strict_backbone
建立工农政权与分配土地,0,3,1,0,,,strict_backbone
宪政运动,1,11,6,0,,,strict_backbone
水口山矿工罢工,0,4,4,0,,,strict_backbone
志愿军代表访问与支前动员,0,4,0,0,,,context_only
三穗护城战斗,1,5,3,0,,,strict_backbone
宣传部,0,3,0,0,,,context_only
涪陵兵变计划,0,5,1,0,,,strict_backbone
云南农民运动,3,12,9,0,,,strict_backbone
泉州事件,0,1,0,0,,,context_only
宜章县城解放,0,3,1,0,,,strict_backbone
烈士合葬与新中国解放,0,3,1,0,,,strict_backbone
西凉乡突围求援,0,1,0,0,,,context_only
革命烈士资料征集,0,3,0,0,,,context_only
回忆抗战初期在宿西进行的抗日游击活动,1,6,3,0,,,strict_backbone
百纳场战斗,0,6,2,0,,,strict_backbone
溧水县接管工作,1,6,2,0,,,strict_backbone
贵州省第七专署青年工作大队起义,0,3,0,0,,,context_only
巧渡桥扩,0,2,1,0,,,strict_backbone
中共云南第一次代表大会,0,5,2,1,,,strict_backbone
社会主义教育运动,0,8,3,0,,,strict_backbone
八路军驻湘通讯处成立,0,5,2,0,,,strict_backbone
共产国际代表团联席会议,0,3,0,0,,,context_only
贵定县沿山镇农具生产合作社,0,2,0,0,,,context_only
通知暴动方式,0,1,0,0,,,context_only
《保卫芦沟桥》,0,3,0,0,,,context_only
太平洋职工大会,2,3,3,0,,,strict_backbone
遂蓉导报,1,4,4,0,,,strict_backbone
教导大队,0,10,3,1,,,strict_backbone
镇压阶级敌人行动,0,1,0,0,,,context_only
弋横农民武装起义,0,1,1,0,,,strict_backbone
"江津、荣威(荣县、威,类型:参与",0,1,1,0,,,strict_backbone
常委分工,0,1,0,0,,,context_only
河清民生工厂工人罢工斗争,0,2,2,0,,,strict_backbone
赣东北省第一次党员代表大会,1,2,2,0,,,strict_backbone
武汉地区反帝反封建斗争,0,1,1,0,,,strict_backbone
手榴弹反击,0,2,0,0,,,context_only
烟水亭小船会议,0,1,1,0,,,strict_backbone
错误路线影响分析,0,3,0,0,,,context_only
倒唐运动,1,9,5,1,,,strict_backbone
剿灭匪患,0,8,3,1,,,strict_backbone
攻城受挫,0,1,0,0,,,context_only
经济公债承销,0,3,1,1,,,strict_backbone
白猫河渡河行动,0,3,1,0,,,strict_backbone
学生护校斗争,1,5,2,1,,,strict_backbone
追赃查田,0,2,0,0,,,context_only
募捐赈灾运动,5,8,6,1,,,strict_backbone
沅陵县城大革命,0,4,2,0,,,strict_backbone
宣传政纲 唤起民众,0,1,0,0,,,context_only
陆良旧州暴动,2,5,2,1,,,strict_backbone
劳动童子团组织工作,0,6,2,2,,,strict_backbone
沪西区工人反帝大同盟,1,2,2,0,,,strict_backbone
反搬运、反破坏斗争,0,1,1,0,,,strict_backbone
抵制美国货运动,0,5,5,1,,,strict_backbone
各兵团渡湘江及阻击作战部署,0,3,1,0,,,strict_backbone
越岭大队,0,2,2,0,,,strict_backbone
罗平战役,0,6,3,0,,,strict_backbone
中原纵队成立,0,5,0,0,,,context_only
游击队组建,0,3,1,0,,,strict_backbone
陈家集战斗,1,3,1,1,,,strict_backbone
反捐税斗争,1,5,2,0,,,strict_backbone
高邮战役,2,13,5,1,,,strict_backbone
锦屏县党史资料征集座谈会,1,1,1,0,,,strict_backbone
国民党围剿,0,3,0,0,,,context_only
四屏区政权建设,0,2,1,0,,,strict_backbone
民众自卫总队整编,0,1,0,0,,,context_only
二战木黄,2,6,4,1,,,strict_backbone
南京失陷,0,3,0,0,,,context_only
罢免沈镜光事件,0,1,0,0,,,context_only
安昌事件,0,1,0,0,,,context_only
抗日救亡学生运动,1,2,2,0,,,strict_backbone
新四军江南部队行动,0,3,0,0,,,context_only
青年参军,2,6,2,0,,,strict_backbone
土改实验,1,3,1,1,,,strict_backbone
特支成立,1,4,2,0,,,strict_backbone
《宝应大众》报,0,6,0,0,,,context_only
"""真善美""读书会",0,3,0,0,,,context_only
莲山设治局起义,0,2,2,0,,,strict_backbone
支援春耕,0,3,2,0,,,strict_backbone
灵城解放行动,0,3,3,0,,,strict_backbone
陈集兵站运粮保障,1,3,2,0,,,strict_backbone
镇压工人农民运动,0,1,0,0,,,context_only
六腊之战,0,3,0,0,,,context_only
土匪暴乱事件,0,3,3,0,,,strict_backbone
合江联络站工作,0,3,0,0,,,context_only
狮子山战斗,1,6,2,1,,,strict_backbone
左祥云贪污案,0,3,0,1,,,context_only
中共江西省第一次党员代表大会,1,2,2,0,,,strict_backbone
舍会山党支部成立,0,2,0,0,,,context_only
教育事业,0,2,0,0,,,context_only
威龙路工人斗争,0,3,1,1,,,strict_backbone
贵阳市民主妇女联合会成立,0,1,0,0,,,context_only
黄维兵团被围击,0,3,1,0,,,strict_backbone
棺材岭伏击战,0,3,2,0,,,strict_backbone
长征过禄丰,1,2,2,0,,,strict_backbone
北伐军到武汉,0,2,0,0,,,context_only
黄桥决战,4,55,31,1,,,strict_backbone
黄金场战斗,0,2,2,0,,,strict_backbone
利民商店,1,3,1,0,,,strict_backbone
攻克广南县城,0,7,3,0,,,strict_backbone
统一战线中的独立自主原则,0,3,0,0,,,context_only
保卫基长之战,2,5,5,0,,,strict_backbone
黄麻‘九月风暴’,0,5,2,0,,,strict_backbone
皖东北抗日救亡运动,1,1,1,0,,,strict_backbone
争温饱运动,0,10,4,1,,,strict_backbone
滇西北人民自卫军第三大队,0,9,0,0,,,context_only
红二、六军团黔大毕战役,0,2,0,0,,,context_only
青工团,0,11,0,0,,,context_only
420团三营解放黔城,0,1,0,0,,,context_only
亳州战役,0,5,3,1,,,strict_backbone
党团纠纷,0,3,1,0,,,strict_backbone
中共思南地下县委成立,0,2,0,0,,,context_only
马上暴动,1,1,1,0,,,strict_backbone
王朴烈士牺牲事件,0,2,1,0,,,strict_backbone
荣昌解放前夕维持社会治安,0,4,4,0,,,strict_backbone
德兴磨角桥起义,1,5,3,1,,,strict_backbone
筹集坚持经费,0,1,0,0,,,context_only
拿纱布斗争,0,5,2,0,,,strict_backbone
儿童团活动,0,3,0,0,,,context_only
两淮撤退,0,3,1,0,,,strict_backbone
川鄂边战役,0,2,0,0,,,context_only
神树伏击战,0,2,0,0,,,context_only
第三次起义,0,4,4,0,1949-01-01,1949-12-31,strict_backbone
朱爱周殉国,0,3,1,0,,,strict_backbone
匪风兴起,0,1,1,0,,,strict_backbone
宿怀县支前动员组织,0,1,1,0,,,strict_backbone
成立苏州市军管会,0,3,1,0,,,strict_backbone
接收工作,0,10,2,0,,,strict_backbone
南昌会战,2,2,2,0,,,strict_backbone
德阳孝泉革命兵变,0,1,1,0,,,strict_backbone
藏族骑兵大队,0,3,1,1,,,strict_backbone
夜袭常胜军,0,6,1,0,,,strict_backbone
瓮余湄战役,1,3,3,0,,,strict_backbone
凯里革命活动,0,2,2,0,,,strict_backbone
国民会议运动,0,12,6,0,,,strict_backbone
1948年反蒋武装斗争,0,2,2,0,,,strict_backbone
边区革命斗争,0,7,7,0,,,strict_backbone
黎平转兵,0,9,1,1,,,strict_backbone
皖南第一支游击队成立,0,3,1,0,,,strict_backbone
反扫荡方针及战术对策,0,6,2,1,,,strict_backbone
11.27惨案,0,5,2,0,,,strict_backbone
密写传递情报,0,5,1,0,,,strict_backbone
运盐行动,0,4,1,0,,,strict_backbone
抢米案,0,2,2,0,,,strict_backbone
解放战争时期人民欢庆解放,0,2,2,0,1949-01-01,1949-12-31,strict_backbone
《写作与阅读》周刊,1,2,1,0,,,strict_backbone
修水县城攻防战,0,3,3,0,,,strict_backbone
罗平县城解放战役,0,6,0,0,,,context_only
第一次罢工,1,6,6,0,,,strict_backbone
征借粮、反霸斗争,0,0,0,0,,,isolated
换装,0,1,0,0,,,context_only
江苏赣榆县费家岭战斗,0,2,2,0,,,strict_backbone
湄潭-遵义地区政权建设,0,2,2,0,,,strict_backbone
新城之战,0,3,3,0,,,strict_backbone
农民减租会,2,2,2,0,,,strict_backbone
反割青斗争,0,1,0,0,,,context_only
苏维埃代表大会与少先队检阅,0,3,1,0,,,strict_backbone
四川边防军第五混成旅兵变,0,4,2,0,,,strict_backbone
五卅日增开的运动,0,6,6,0,,,strict_backbone
红军伤病员掩埋事件,0,3,0,0,,,context_only
三路红军成立,0,1,0,0,,,context_only
汉口特别会议,0,3,2,0,1927-01-01,1927-12-31,strict_backbone
农民训练班,2,4,4,0,,,strict_backbone
洪江工人运动,0,8,5,0,,,strict_backbone
四人帮,0,3,1,0,,,strict_backbone
青堤渡战役,0,1,0,0,,,context_only
井冈山革命根据地斗争,0,2,0,0,,,context_only
国民党轰炸,0,2,0,0,,,context_only
西路军的斗争,0,1,1,0,,,strict_backbone
坚持宣传党的主张与秘密出走,0,4,1,0,,,strict_backbone
物资分配制度,0,3,0,0,,,context_only
南腰界农民武装斗争,0,2,2,0,,,strict_backbone
茶陵斗争,0,1,0,0,,,context_only
通道转兵,1,13,1,0,,,strict_backbone
镇压反动分子与清剿土匪,0,4,1,0,,,strict_backbone
白堂庙暴动/西高庙起义,0,2,2,0,,,strict_backbone
驱张运动,4,24,21,1,1919-12-01,1919-12-31,strict_backbone
南芜游击大队,0,11,1,1,,,strict_backbone
长沙附近数县进攻长沙的计划,0,3,0,0,,,context_only
186师合围剿匪,0,6,3,0,,,strict_backbone
民族平等解放政策,0,3,1,0,,,strict_backbone
盐仓保卫,0,3,0,0,,,context_only
赖乌包山激战,0,1,0,0,,,context_only
驱逐贪官,0,6,1,0,,,strict_backbone
歼灭成都周围之敌,0,5,5,0,,,strict_backbone
宿迁县境突围战斗,0,5,2,1,,,strict_backbone
机构设置/工作检查/监督,0,0,0,0,,,isolated
罗云暴动,1,2,2,0,,,strict_backbone
鄂东南革命斗争,0,1,0,0,,,context_only
罗平钟山游击活动,0,2,2,0,,,strict_backbone
七里坪群众暴动,0,1,0,0,,,context_only
横山事件,0,6,6,1,1940-01-01,1940-12-31,strict_backbone
停止内战、团结抗日,0,1,0,0,,,context_only
太平乡民团训练,0,5,3,0,,,strict_backbone
滇军第七旅,0,8,0,0,,,context_only
反清乡战斗,0,1,1,0,,,strict_backbone
铜梁人民革命斗争,0,1,1,0,,,strict_backbone
黄桥战斗,1,8,2,1,,,strict_backbone
镇远解放,1,20,11,1,1949-11-08,1949-11-08,strict_backbone
金沙江渡江,1,8,3,0,,,strict_backbone
剑门关战斗,0,3,0,0,,,context_only
瓦埠农民暴动筹备,0,2,0,0,,,context_only
萍乡煤矿保护斗争,0,3,0,0,,,context_only
破仓分粮斗争,0,7,5,1,,,strict_backbone
普安抗日救亡运动,0,1,0,0,,,context_only
姚家垇横底寨武装进攻横峰县城,0,2,2,0,,,strict_backbone
刺杀民族败类/镇压穷苦羌民,0,2,1,0,,,strict_backbone
学生罢考运动,0,1,1,0,,,strict_backbone
中共南京市委整顿党组织行动,0,6,1,0,,,strict_backbone
八一三事件,0,3,0,0,,,context_only
安化特支与支部合并事件,0,1,0,0,,,context_only
革新社组织,0,3,0,0,,,context_only
西塘山战斗,0,2,2,0,,,strict_backbone
反日斗争,0,5,2,0,,,strict_backbone
群益书店创办事件,1,2,1,0,,,strict_backbone
工文团,0,3,0,0,,,context_only
三一事件,0,6,1,0,,,strict_backbone
减租保佃,0,2,1,0,,,strict_backbone
决死团,1,5,3,1,,,strict_backbone
龙都歼灭战,0,5,3,1,,,strict_backbone
地雷战,1,5,3,0,,,strict_backbone
上海邮政局罢工事件,1,3,3,0,,,strict_backbone
反迁移反破坏斗争,2,5,2,0,,,strict_backbone
九江国民议会成立,0,2,2,0,,,strict_backbone
互助合作化运动,0,3,0,0,,,context_only
二十五团游击大队,0,3,1,1,,,strict_backbone
茅山西塔山战斗,0,1,1,0,,,strict_backbone
赣南农工训练班,0,9,0,0,,,context_only
收缴枪支弹药行动,0,9,7,0,1952-01-01,1952-12-31,strict_backbone
昭通-威宁边界武装斗争,0,4,4,0,,,strict_backbone
湘潭县农民协会第一次全县代表大会,0,3,0,0,,,context_only
兰农社,0,7,0,0,,,context_only
大毛山歼灭战,0,5,3,1,,,strict_backbone
建国军,0,3,0,0,,,context_only
解放金寨,0,2,2,0,,,strict_backbone
双十国共协定,0,2,0,0,,,context_only
桐怀大队改为怀宁县大队,1,2,2,0,,,strict_backbone
毕节解放,0,2,2,0,,,strict_backbone
肃清富农流氓,0,3,1,1,,,strict_backbone
虎南大赤区清剿行动,0,3,1,0,,,strict_backbone
小东山农代会,1,2,2,0,,,strict_backbone
劳改工作,0,6,1,1,,,strict_backbone
宣传土地法,0,3,1,0,,,strict_backbone
反奸诉苦运动,0,3,1,0,,,strict_backbone
平江、浏阳、醴陵、湘潭等县农民自卫军围攻长沙,0,3,2,0,,,strict_backbone
杨梓华保安八旅,0,3,0,0,,,context_only
保卫战,0,5,1,0,,,strict_backbone
刀会暴动,0,9,9,0,1928-03-01,1928-03-31,strict_backbone
井冈山的革命斗争,0,1,0,0,,,context_only
阜东地区斗争,0,5,2,1,,,strict_backbone
黄陂地区武装起义,0,2,2,0,,,strict_backbone
松山山伏击战,0,4,4,0,,,strict_backbone
《九一八》,0,2,1,0,,,strict_backbone
反蒋学生运动,0,6,1,1,,,strict_backbone
痛打顽区长梅振华事件,0,3,1,0,,,strict_backbone
御敌于国门之外错误,0,1,0,0,,,context_only
校场口惨案,0,3,3,0,,,strict_backbone
滇西北革命根据命建设,0,1,0,0,,,context_only
华容县农民自卫军,0,2,0,0,,,context_only
土匪联合进攻,0,2,0,0,,,context_only
江西/安徽/湖北冲突,0,1,0,0,,,context_only
铁江坝酷刑审讯,0,2,0,0,,,context_only
三罢斗争,1,1,1,0,,,strict_backbone
"编辑《大众报》,指导工农写作",0,1,0,0,,,context_only
协进社,0,2,2,0,,,strict_backbone
三·三一血案,0,8,3,0,,,strict_backbone
株洲双十节风潮,0,5,2,1,,,strict_backbone
民族解放战争,0,2,2,0,,,strict_backbone
四渡赤水战役相关战斗,0,3,3,0,,,strict_backbone
人民武装工作,0,1,0,0,,,context_only
狱中写诗/逃狱,0,1,0,0,,,context_only
遵义会议后作战/土城河战斗,0,1,1,0,,,strict_backbone
攸县渌田战役,1,2,2,0,,,strict_backbone
宣师党支部成立,0,2,2,0,,,strict_backbone
党团分化工作,0,3,1,0,,,strict_backbone
沪宁铁路路轨破坏行动,0,6,4,0,,,strict_backbone
抵制去台运动,0,1,0,0,,,context_only
福贡县解放日,1,2,2,0,,,strict_backbone
江抗东进抗日,0,6,2,0,,,strict_backbone
徐州地方党的活动,0,3,1,0,,,strict_backbone
反日非基大同盟,0,3,0,0,,,context_only
板桥会议,0,1,1,0,,,strict_backbone
阜阳九九暴动,0,3,0,0,,,context_only
解放舟山准备,0,3,2,0,,,strict_backbone
空山坝大捷,0,8,4,0,,,strict_backbone
南溪农民武装暴动,0,6,1,0,,,strict_backbone
宣中师生反彭斗争,0,6,1,0,,,strict_backbone
第二次中原局会议,0,3,1,0,,,strict_backbone
沙市解放战役,0,3,0,0,,,context_only
高竹梅罪行与叛乱,0,3,1,0,,,strict_backbone
北撤生活回忆,0,3,0,1,,,context_only
华容青年团组织创建,0,2,2,0,,,strict_backbone
川西地区黑水叛乱平息,0,2,2,0,,,strict_backbone
农民夜校活动,2,3,3,0,,,strict_backbone
整团运动,0,3,0,0,,,context_only
英勇就义,0,26,0,0,,,context_only
紧急戒严/三光政策,0,0,0,0,,,isolated
强的斗争,0,3,0,0,,,context_only
大余县解放,0,2,2,1,1949-08-01,1949-08-31,strict_backbone
三女师校长争议,0,2,0,0,,,context_only
六甲之战,0,4,0,0,,,context_only
万保邦部,0,3,1,0,,,strict_backbone
会棚暴动,2,7,5,0,,,strict_backbone
铜马桥战斗,0,3,3,0,,,strict_backbone
学潮兴起,0,3,1,0,,,strict_backbone
狱中特务队长占志成策反,0,2,2,0,,,strict_backbone
官帽山突围战,0,3,0,0,,,context_only
高火塘战斗,0,3,3,0,,,strict_backbone
板乐小学枪击事件,0,3,1,0,,,strict_backbone
滥港桥战斗,0,2,0,0,,,context_only
节衣缩食筹粮,0,3,0,0,,,context_only
农村斗争,0,1,0,0,,,context_only
军事指挥与技术钻研,0,5,1,0,,,strict_backbone
攻打广南县城,0,2,2,0,,,strict_backbone
赣南工农运动,0,3,3,0,,,strict_backbone
情报传递,0,6,2,0,,,strict_backbone
挺进报,2,22,5,0,,,strict_backbone
公安暴动,1,2,2,0,,,strict_backbone
第三次全国劳动大会,3,9,5,0,,,strict_backbone
陈家圩子战斗,0,3,0,0,,,context_only
校阅演习,0,7,3,1,,,strict_backbone
长沙泥木工人罢工,0,5,3,1,,,strict_backbone
平塘剿匪斗争,0,8,2,0,,,strict_backbone
罗麻干部大队,0,4,0,0,,,context_only
新社,2,3,3,0,,,strict_backbone
广州暴动,0,21,6,0,,,strict_backbone
侦察工作会议,1,1,1,0,,,strict_backbone
孙中山纪念大会,0,3,0,0,,,context_only
弥泸区反蒋武装斗争,0,1,0,0,,,context_only
创办造枪厂,0,3,1,0,,,strict_backbone
武汉机务段保卫战,0,5,3,1,,,strict_backbone
银元铸造活动,0,3,2,0,,,strict_backbone
被出卖被捕事件,0,3,0,0,,,context_only
拒收金元券运动斗争,0,3,0,0,,,context_only
都余湄铁壁合围,0,1,1,0,,,strict_backbone
纪念陈达三烈士殉难六十周年,1,3,1,0,,,strict_backbone
百花洞战斗,0,1,0,0,,,context_only
泸西保卫战,0,4,2,0,,,strict_backbone
速安支队成立,0,4,0,0,,,context_only
成都分会,1,2,2,0,,,strict_backbone
大风门-板凳沟撤退行动,0,4,2,0,,,strict_backbone
阻击溃逃土匪、搜捕匪首,0,3,1,0,,,strict_backbone
如皋城防御战,0,3,3,0,,,strict_backbone
卓木碉会议,0,5,0,0,,,context_only
朴达峰战斗,0,2,2,0,,,strict_backbone
宿南战役(攻坚战),0,3,3,0,,,strict_backbone
青年平社,0,2,0,0,,,context_only
泸西县第三次团代表会议,1,4,4,0,,,strict_backbone
修塘坝/筑道路/垦荒地运动,0,0,0,0,,,isolated
中央临时联席会议,0,3,1,1,,,strict_backbone
五四纪念文艺晚会,0,2,2,0,,,strict_backbone
小发会议,0,3,3,0,,,strict_backbone
遭受挫折与经验教训总结,0,6,2,0,,,strict_backbone
新四军谈判事件,0,5,0,1,,,context_only
工商界座谈会与表彰,0,2,0,0,,,context_only
解放界首,0,2,2,0,,,strict_backbone
争取工资斗争,0,3,1,0,,,strict_backbone
粉碎扫荡/敌偷袭骚扰,0,1,0,0,,,context_only
倒孔运动,0,3,3,0,,,strict_backbone
组织赤卫后备队,0,1,0,0,,,context_only
秋收秋耕运动,0,2,2,0,,,strict_backbone
中华全国总工会第一次扩大会议,0,3,0,1,,,context_only
税务所建设,0,2,1,0,,,strict_backbone
昆明学运斗争,0,5,5,0,,,strict_backbone
砸烂县指委,0,1,1,0,,,strict_backbone
林沟战斗,0,6,1,1,,,strict_backbone
霹雳冲会议,1,3,1,0,,,strict_backbone
观音崖战斗,0,3,3,0,,,strict_backbone
扩军活动,0,6,4,1,,,strict_backbone
神兵整编为大队,0,2,2,0,,,strict_backbone
世界革命联络,0,1,1,0,,,strict_backbone
八十五师起义,0,1,1,0,,,strict_backbone
整风与培养少数民族干部,0,3,1,0,,,strict_backbone
红五军和红八军军委联席扩大会议,0,1,0,0,,,context_only
旧州战斗,0,4,2,0,,,strict_backbone
平汉路战役,0,3,0,0,,,context_only
和记洋行工人罢工,0,3,2,0,,,strict_backbone
伏击扫荡,0,1,1,0,,,strict_backbone
渡江追歼残匪行动,0,3,1,0,,,strict_backbone
红四方面军长征过汶川,0,1,0,0,,,context_only
配合主力歼敌,0,1,0,0,,,context_only
八座垭奇袭,0,3,0,0,,,context_only
反奉战争,0,3,1,0,,,strict_backbone
隐蔽斗争与溧阳开店掩护,0,3,2,0,,,strict_backbone
反奸清算运动,0,1,1,0,,,strict_backbone
传达国际路线,0,3,1,0,,,strict_backbone
王明‘左’倾教条主义,0,4,3,0,,,strict_backbone
反饥饿罢课斗争,0,5,5,1,1947-01-01,1947-12-31,strict_backbone
太湖突围行动,1,7,7,0,,,strict_backbone
绥场南京分会,1,5,2,0,,,strict_backbone
攻占榕江,4,11,6,0,,,strict_backbone
编纂烈士名录,0,6,0,0,,,context_only
碧洲事件,0,1,0,0,,,context_only
乱坟山伏击战,0,1,0,0,,,context_only
三民主义研究小组,0,3,0,0,,,context_only
留在茅坪坚持斗争,0,1,0,0,,,context_only
五次围剿,0,5,0,0,,,context_only
传唱打倒军阀歌曲,0,5,2,0,,,strict_backbone
处决事件,0,8,1,0,,,strict_backbone
月望乡公所战斗,0,5,3,0,,,strict_backbone
任剑若烈士追悼大会,0,3,1,0,,,strict_backbone
抗暴斗争会议,0,4,2,0,,,strict_backbone
启东六八战役,0,3,1,1,,,strict_backbone
徐州起义,0,2,0,0,,,context_only
垫江征粮运动,0,4,2,0,1949-01-01,1949-12-31,strict_backbone
蠡县莲子口伏击战,0,3,2,0,,,strict_backbone
安(宁)禄(丰)罗(茨)游击大队,2,2,2,0,,,strict_backbone
湖南秋收暴动,3,14,6,0,,,strict_backbone
李家村民兵抗阻斗争,0,5,0,0,,,context_only
梅山口伏击战,0,3,3,0,,,strict_backbone
《松涛》,1,2,2,0,,,strict_backbone
小九路反革命组织,0,3,1,0,,,strict_backbone
助学金争取合法斗争,0,3,0,0,,,context_only
一·二五游行,0,8,1,0,,,strict_backbone
均州解放战役,0,1,1,0,,,strict_backbone
被捕牺牲,0,18,0,0,,,context_only
豫鄂边区党委成立,0,3,0,0,,,context_only
粉碎土顽暴动,0,1,0,0,,,context_only
榆树大队,0,3,0,0,,,context_only
无息借粮运动,0,3,0,0,,,context_only
迎接昆明解放,0,2,2,0,,,strict_backbone
川陕省第一次党代表大会,1,5,3,0,,,strict_backbone
张集突围战,0,3,1,0,,,strict_backbone
中华苏维埃第一次代表大会,0,3,0,0,,,context_only
重庆反饥饿反内战运动,0,2,0,0,,,context_only
教师加薪斗争,0,1,1,0,,,strict_backbone
五一劳动节示威,0,1,0,0,,,context_only
建立锦屏支行,0,6,0,0,,,context_only
解放战争胜利消息传播,0,3,0,0,,,context_only
湖北省党部代表大会,0,3,1,1,,,strict_backbone
马儿寨战斗,0,3,3,0,,,strict_backbone
皖东北抗日民主根据地建立,0,4,3,0,,,strict_backbone
留法勤工俭学,1,10,4,0,,,strict_backbone
涪陵会议,0,3,0,0,,,context_only
农民反水与白色恐怖,0,3,1,0,,,strict_backbone
投奔革命,0,1,1,0,,,strict_backbone
半坡寨战役,0,3,3,0,,,strict_backbone
敌军工作会议,0,3,1,0,,,strict_backbone
嵩宜路武工2大队,0,3,0,0,,,context_only
创作演出话剧《生死关头》,0,3,0,0,,,context_only
集中优势兵力各个歼灭敌人,0,6,1,1,,,strict_backbone
中华教育改进社年会,0,3,0,0,,,context_only
广安‘七八暴动’,1,8,6,1,1948-07-01,1948-07-31,strict_backbone
'齐心会'组织发展,0,2,2,0,,,strict_backbone
军大五分校教学/上海之行,0,1,1,0,,,strict_backbone
樟树宣传工作团,0,4,1,0,,,strict_backbone
吟江之役,1,5,5,0,,,strict_backbone
战斗结束,0,6,0,0,,,context_only
公产管理/财务检查,0,2,0,0,,,context_only
地下武装,0,7,0,1,,,context_only
捧鲜暴动,1,8,6,1,,,strict_backbone
一·二、五运动,0,1,0,0,,,context_only
黔南事变,0,15,6,0,,,strict_backbone
反省示范,0,2,0,0,,,context_only
双十—运动,0,2,0,0,,,context_only
硝石战斗,0,3,0,0,,,context_only
桥头河起义,0,5,5,0,,,strict_backbone
红旗竞赛,0,3,0,0,,,context_only
归根道,0,3,0,0,,,context_only
少数民族土改特点总结,0,3,0,0,,,context_only
国民党军改造,0,3,0,0,,,context_only
关门山歼灭战,1,6,2,1,,,strict_backbone
西上津/槐树/泗峪河战斗,0,1,0,0,,,context_only
杜丁军事训练总队,0,3,1,0,,,strict_backbone
津浦路新马桥战斗,0,3,0,0,,,context_only
接上组织关系,0,6,0,0,,,context_only
南进战略,0,9,1,0,,,strict_backbone
第三纵队东征行动,0,1,0,0,,,context_only
群众锄奸运动,0,3,0,0,,,context_only
涪陵武装起义,0,3,1,0,,,strict_backbone
日军占领赣南,0,6,0,0,,,context_only
沙富和毛儿盖会议,0,2,2,0,,,strict_backbone
二战华埠,0,6,6,0,,,strict_backbone
进贤和平解放,0,4,4,0,,,strict_backbone
白腊场战斗,0,3,3,0,,,strict_backbone
扩红工作,1,15,2,1,,,strict_backbone
张楼战役,0,5,2,1,1944-07-01,1944-07-31,strict_backbone
湘西围攻龙山县城战斗,0,1,0,0,,,context_only
苏维埃运动成就与当前任务,0,1,0,0,,,context_only
湘潭县警察队伏击战,0,6,2,0,,,strict_backbone
剑郎合围作战,0,4,1,0,,,strict_backbone
嵩游击大队行动,0,4,4,1,1949-01-01,1949-12-31,strict_backbone
以工代赈,1,2,2,0,,,strict_backbone
壮烈牺牲,0,14,0,0,,,context_only
东灌沭边防大队,0,3,2,0,,,strict_backbone
反蒋爱国统一战线,0,3,0,0,,,context_only
两浦铁路工人‘七·二’大罢工,0,3,2,0,,,strict_backbone
七家田战斗,0,3,0,0,,,context_only
瓢儿井收枪事件,0,5,3,1,,,strict_backbone
东南工合办事处成立,0,5,0,0,,,context_only
韶山农军,0,2,0,1,,,context_only
马厂反捐税大游行,2,2,2,0,,,strict_backbone
兴隆巷事件,0,5,2,0,,,strict_backbone
长江沿线情报搜集,0,3,0,0,,,context_only
分配干部与提出口号,0,1,0,0,,,context_only
大别山是我们的堡垒,0,3,0,1,,,context_only
1926年湖北大水,0,3,0,0,,,context_only
工农革命军游击大队成立,0,2,2,0,,,strict_backbone
蓬溪大石桥矿难助起义,0,2,2,0,,,strict_backbone
军队民主建设,0,1,0,0,,,context_only
火烧工棚罢工斗争,1,2,1,0,,,strict_backbone
三五反运动,0,3,0,0,,,context_only
徐淞照苏维埃政权,0,2,2,0,,,strict_backbone
西安事变,3,64,23,0,,,strict_backbone
上海秘密训练班,0,5,3,0,,,strict_backbone
赫章县城战役,0,3,3,0,,,strict_backbone
湖南农民第一次全省代表大会,0,3,0,0,,,context_only
武汉人民解放先锋队队章刻印,0,2,2,0,,,strict_backbone
宣传品散发与邮寄结合,0,3,0,1,,,context_only
解放碑,0,3,0,0,,,context_only
打倒清共大同盟,0,1,0,0,,,context_only
南漳县保安大队,0,2,0,0,,,context_only
挂榜山游击战,0,2,2,0,,,strict_backbone
南京教团会运动,0,1,0,0,,,context_only
国是讨论会,0,3,0,0,,,context_only
制造煤荒事件,0,5,2,0,,,strict_backbone
檀树岗招兵及紫云区苏维埃政府成立,0,1,0,0,,,context_only
解放上海战役,0,3,0,0,,,context_only
黔东特区革命根据地建立,0,4,4,0,,,strict_backbone
烈士遗言传承,0,3,0,0,,,context_only
解放战争时期,1,55,11,3,,,strict_backbone
赵圩子战斗,0,2,2,0,,,strict_backbone
四一二血案声援运动,0,3,0,0,,,context_only
反围剿战略,0,2,0,0,,,context_only
救助红军伤员行动,0,9,0,0,,,context_only
贵阳‘八·一三’事件,0,6,0,0,,,context_only
长顺投诚,1,3,1,0,,,strict_backbone
刘寨突围战斗,0,3,3,0,,,strict_backbone
川东纵队第四支队起义,0,4,2,0,,,strict_backbone
云南全省解放斗争,0,5,2,0,,,strict_backbone
通兰工作,0,2,2,0,,,strict_backbone
农会运动,0,5,2,0,,,strict_backbone
标语竞赛,0,2,2,0,,,strict_backbone
敌人围剿,0,6,0,0,,,context_only
民青青年社,0,1,0,0,,,context_only
包干制,0,3,0,0,,,context_only
如皋海安撤退,0,1,0,0,,,context_only
农村阶级斗争,0,1,0,0,,,context_only
渡江大决战,1,5,3,0,,,strict_backbone
抗粮抗租抗捐斗争,0,1,1,0,,,strict_backbone
土改分田运动,0,2,2,0,,,strict_backbone
击溃铲共义勇队/下关阻击/过潇水,0,0,0,0,,,isolated
巧藏与奔袭三家店,0,2,0,0,,,context_only
反饥饿、争民主斗争,0,3,3,0,,,strict_backbone
息烽战斗,0,2,2,0,,,strict_backbone
支援上海、舟山群岛战役,0,1,0,0,,,context_only
灌东解放区,0,1,0,0,,,context_only
清产核资运动,0,3,0,0,,,context_only
飞行队,0,9,1,0,,,strict_backbone
四勤,0,3,0,1,,,context_only
抗粮抗捐斗争,2,8,4,0,,,strict_backbone
抗日救国十大纲领宣传,0,3,1,1,,,strict_backbone
柯村苏区休整,2,3,2,0,,,strict_backbone
四次五次“围剿”,0,3,0,0,,,context_only
连山拔敌斗,0,2,2,0,,,strict_backbone
祝捷大会,0,8,2,1,,,strict_backbone
剿匪总结与土改果实分配,0,3,0,0,,,context_only
攻打王子城小圩子,0,3,3,0,,,strict_backbone
邹风平少年时代,0,3,1,0,,,strict_backbone
处理积案,0,4,3,0,,,strict_backbone
赣东北革命干部上饶分校,0,2,2,0,,,strict_backbone
起义事件,2,15,10,1,1949-01-01,1949-12-31,strict_backbone
抗丁反霸斗争,0,3,3,0,,,strict_backbone
凉山地区工作,0,3,1,0,,,strict_backbone
《保卫黄河》,0,6,0,0,,,context_only
授奖大会,0,1,0,0,,,context_only
庙首战斗,0,13,11,0,,,strict_backbone
武昌艺专二部学生运动,0,4,0,0,,,context_only
做鞋送粮,0,2,0,0,,,context_only
民主联合运动,0,2,0,0,,,context_only
王明路线错误批判事件,0,5,3,0,,,strict_backbone
空手缴枪,0,4,2,0,,,strict_backbone
反分裂斗争,2,6,4,0,,,strict_backbone
彭杨军校,0,1,0,0,,,context_only
学习小组,0,6,1,0,,,strict_backbone
皖西地区抗日救亡运动,0,2,0,0,,,context_only
武工队活动/遭袭,0,1,0,0,,,context_only
滇西党政军干部代表会议,0,2,2,0,,,strict_backbone
现金管理/预算决算,0,2,1,0,,,strict_backbone
献马换马,0,3,0,0,,,context_only
兴山群众运动,0,1,1,0,,,strict_backbone
程子潮畔战斗,0,8,8,0,,,strict_backbone
核心小组,0,2,0,0,,,context_only
排鲜人民武装暴动,0,3,3,0,,,strict_backbone
合川学生课余抗敌宣传团,1,8,3,0,,,strict_backbone
儿童团/少先队,0,1,0,0,,,context_only
三二三事件,0,8,3,0,,,strict_backbone
共青团四川省委成立,0,3,0,0,,,context_only
二五减租请愿交租与抗租斗争,0,3,1,0,,,strict_backbone
中央苏区粉碎围攻,0,5,2,0,,,strict_backbone
智取总铺河碉堡,0,2,1,0,,,strict_backbone
反清剿前的思想动员工作,1,6,1,0,,,strict_backbone
田坝奔袭战,0,5,3,1,,,strict_backbone
黄沙坝汇合,2,2,2,0,,,strict_backbone
包家河暴动,0,9,1,0,,,strict_backbone
七君子事件,0,11,11,0,1938-01-01,1938-12-31,strict_backbone
中国人民解放军江南军区第二分区成立,0,5,0,0,,,context_only
分田地运动,0,3,1,0,,,strict_backbone
镇远军分区党委整风会议,0,4,0,0,,,context_only
武装起义计划,0,8,6,0,,,strict_backbone
湘西反空投斗争,3,5,5,2,,,strict_backbone
上犹革命斗争,0,1,0,0,,,context_only
平抑物价/建团/生产建设会议/户政改革,0,1,1,0,,,strict_backbone
栗子乡政权夺取行动,0,3,0,0,,,context_only
电台保护行动,0,2,0,0,,,context_only
叶榭湖暴动,0,3,1,1,,,strict_backbone
洞口战斗,0,1,0,0,,,context_only
单小圩子战斗,0,3,3,0,,,strict_backbone
留物酬谢与水磨磨面,0,3,1,0,,,strict_backbone
马克思主义传播活动,0,7,1,0,,,strict_backbone
圭山整编,0,3,1,0,,,strict_backbone
武汉共青团全国代表大会,0,3,1,0,,,strict_backbone
老木孔战斗,4,22,11,1,,,strict_backbone
陈家河-文家墩战斗,0,2,2,0,,,strict_backbone
组织整顿,0,3,1,0,,,strict_backbone
刘昆府部,0,10,2,0,,,strict_backbone
重点清剿,0,2,0,0,,,context_only
邱北松勤战斗,0,5,3,1,,,strict_backbone
五县联防,0,3,0,0,,,context_only
中国人民解放军西南服务团二中队,0,6,0,0,1945-08-16,1949-09-30,context_only
洪江晚报,0,13,2,0,,,strict_backbone
联席会议,1,35,9,1,,,strict_backbone
资州起义,1,6,4,0,,,strict_backbone
市建设局,0,4,0,0,,,context_only
丰利战斗后敌我态势/政治缓和策略,0,1,0,0,,,context_only
斗争口号,0,4,0,0,,,context_only
九师兵变,0,3,1,0,,,strict_backbone
特务袭击与突围,0,2,0,0,,,context_only
创办《十日旬刊》,0,3,3,0,,,strict_backbone
湘潭解放,0,6,2,0,,,strict_backbone
宿迁县城攻占行动,0,2,1,0,,,strict_backbone
峰高乡政权斗争,0,2,2,0,,,strict_backbone
民主科学座谈会,0,3,0,0,,,context_only
占领富民县城,0,2,0,0,,,context_only
苏区党代表会议,0,1,1,0,,,strict_backbone
民族斗争,0,1,0,0,,,context_only
纪念鲁迅晚会与导读革命文章,0,4,0,0,,,context_only
打倒蒋介石,0,11,2,0,,,strict_backbone
石柱县西乐、坪战斗,0,1,0,0,,,context_only
突破封锁线意义,0,2,0,0,,,context_only
转入地下斗争/白色恐怖,0,2,1,0,,,strict_backbone
蓬溪妇女会,0,2,2,0,,,strict_backbone
驱夏运动,1,7,7,1,,,strict_backbone
土地革命,19,542,111,6,,,strict_backbone
渣滓洞监狱斗争,0,5,2,1,,,strict_backbone
土改复查工作,0,3,0,0,,,context_only
横山斗争,0,2,2,0,,,strict_backbone
长征日记记录,0,2,0,0,,,context_only
剿匪肃特运动,0,2,2,0,,,strict_backbone
第七混成旅兵变,0,5,0,0,,,context_only
重庆各界妇女联合会,0,10,0,0,,,context_only
二七罢工,1,29,14,1,,,strict_backbone
荷桥战斗,0,3,2,0,,,strict_backbone
黄家坝阻击战,3,70,22,1,,,strict_backbone
吴山庙起义,0,8,1,0,,,strict_backbone
湖北某地整编,0,3,1,0,,,strict_backbone
中国国民党第二次全国代表大会,1,7,4,0,,,strict_backbone
北伐军攻占南京,0,3,3,0,,,strict_backbone
永新县暴动,1,7,7,0,,,strict_backbone
围困国民党伪军与铲烟斗争,0,5,1,1,,,strict_backbone
鄂西游击大队成立,0,2,2,0,,,strict_backbone
建立区乡政权与军事训练,2,2,2,0,,,strict_backbone
阶级教育,0,25,7,0,,,strict_backbone
增加工资斗争,0,1,0,0,,,context_only
坚守如皋城,0,2,1,0,,,strict_backbone
桐怀武工队活动,1,2,2,0,,,strict_backbone
群众斗争策略,0,3,0,0,,,context_only
农村工作,0,6,0,0,,,context_only
湘赣边区三年游击战争,0,2,2,0,,,strict_backbone
五次战役,0,7,7,0,,,strict_backbone
风舞战斗,0,4,2,0,,,strict_backbone
红六军渡江作战,0,3,3,0,,,strict_backbone
川硐暴动,0,3,0,0,,,context_only
党内批评方式,0,3,0,0,,,context_only
宣传策略,0,3,0,0,,,context_only
民校成立与平民校设立,0,3,0,0,,,context_only
倪大郢战斗,0,3,0,0,,,context_only
和平解放政策,0,1,0,0,,,context_only
武汉长江局训练班,0,3,0,0,,,context_only
营山特支活动,0,1,0,0,,,context_only
尚书地区苏维埃运动,0,2,2,0,,,strict_backbone
应城施宅农合作人员训练班,0,3,1,0,,,strict_backbone
东溪税捐所捣毁事件,0,5,2,0,,,strict_backbone
攻陷天门,0,1,0,0,,,context_only
綦江党组织破坏事件,0,3,1,0,,,strict_backbone
津浦路西反摩擦战役,0,10,6,0,,,strict_backbone
湖南全省第一次工人农民代表大会,0,2,2,0,,,strict_backbone
路南县城解放,0,1,0,0,,,context_only
六届三中全会,3,13,7,1,,,strict_backbone
巩固地下组织,1,1,1,0,,,strict_backbone
通海独立营组建,0,4,0,0,,,context_only
伪装智擒,0,2,1,0,,,strict_backbone
崇云抗日救亡运动,0,2,2,0,,,strict_backbone
红九军团长征,0,7,0,0,,,context_only
国民党第三方面军进攻,0,2,0,0,,,context_only
捣毁肥料公司斗争,0,3,0,0,,,context_only
马家畈会议,0,2,0,0,,,context_only
中国社会主义青年团第三次全国大会,0,2,2,0,,,strict_backbone
南昌铅印工会成立,1,2,2,0,,,strict_backbone
切断津浦路阻击援敌,0,1,0,0,,,context_only
长征干部,0,1,0,0,,,context_only
汉口协议,1,6,3,1,,,strict_backbone
顾正红追悼大会,0,3,0,0,,,context_only
国民党清剿,0,7,3,1,,,strict_backbone
大塘通州合围进剿/荔波铁壁合围,0,0,0,0,,,isolated
党组织撤退行动,0,6,1,1,,,strict_backbone
伏击战,3,35,21,1,,,strict_backbone
掩护主力东进,0,3,0,0,,,context_only
讨蒋大会,0,5,0,0,,,context_only
攻城战术改变,0,1,1,0,,,strict_backbone
雅口战役,0,6,1,1,,,strict_backbone
民盟组织,0,8,0,0,,,context_only
赣州工人及青年学生斗争,0,1,1,0,,,strict_backbone
一·二五游行/抗暴大游行/五·二〇运动,0,0,0,0,,,isolated
重庆‘三·一九’惨案,0,3,0,0,,,context_only
红军围攻剑川城战役,0,6,0,1,,,context_only
贵州边远农村工作团,0,10,1,1,,,strict_backbone
查查骧等七位同学被捕事件,0,3,0,0,,,context_only
机会主义路线批判,0,3,1,0,,,strict_backbone
全国参谋长会议,3,6,3,0,,,strict_backbone
游击队改编,0,1,1,0,,,strict_backbone
鄂豫边区农民暴动,0,2,2,0,,,strict_backbone
平津学生救亡宣传团,0,1,0,0,,,context_only
抗日宣传与团体,0,5,2,0,,,strict_backbone
安纯三起义,0,2,2,0,,,strict_backbone
标语集中保护,0,2,0,0,,,context_only
阅报社掩护地下工作,0,4,2,0,,,strict_backbone
土地改革与分土地,0,3,1,0,,,strict_backbone
李集战斗,0,6,4,1,,,strict_backbone
电信员工加薪请愿运动,0,1,0,0,,,context_only
校务协商会,0,3,0,0,,,context_only
民主运动,5,108,26,3,,,strict_backbone
湖北咸丰地区歼灭宋希濂部,0,3,0,0,,,context_only
昭通女中反封建斗争,1,3,1,0,,,strict_backbone
贴标语斗争,0,3,1,0,,,strict_backbone
建设地方武装保卫新解放区,0,2,2,1,1949-01-01,1949-12-31,strict_backbone
毕军,0,3,2,0,,,strict_backbone
日军三次侵犯盱眙,0,3,1,0,,,strict_backbone
八分区民主大会,0,3,0,0,,,context_only
红三十一师战斗,0,1,0,0,,,context_only
清剿熊文达残匪,0,3,0,0,,,context_only
商武起义,0,2,2,0,,,strict_backbone
地下交通站工作,0,3,0,0,,,context_only
万县惨案声援活动,0,3,0,0,,,context_only
淮安参军运动,0,4,4,0,,,strict_backbone
缴出武器支援革命,0,3,0,0,,,context_only
湖北前线游击队发展,0,3,0,0,,,context_only
长沙马日事变,0,3,0,2,,,context_only
旷维勋部暴动,0,1,0,0,,,context_only
四一二反革命政变,0,94,0,0,,,context_only
武汉工人罢工,0,7,2,1,,,strict_backbone
中共贵阳市第一次党员代表会议,0,4,0,0,,,context_only
第二次罢工斗争,0,1,0,0,,,context_only
诀别亲人,0,3,0,0,,,context_only
川康建设期成会,0,5,2,0,,,strict_backbone
押解归案,0,3,0,0,,,context_only
张家场工作,0,3,0,1,,,context_only
互助组组织,0,2,2,0,,,strict_backbone
黔西会议,8,48,17,2,,,strict_backbone
回洪溪行动,0,1,1,0,,,strict_backbone
《区乡苏维埃怎样工作?》,0,6,1,0,,,strict_backbone
围困据点/民兵救援,0,2,2,0,,,strict_backbone
熬制土盐解决缺盐问题,0,3,1,0,,,strict_backbone
抗日反蒋宣传,0,1,0,0,,,context_only
剿匪战斗/击毙杨政国,0,1,0,0,,,context_only
支前筹粮,0,3,0,0,,,context_only
涪陵县农民运动,0,1,0,0,,,context_only
旱龙船游行,0,1,1,0,,,strict_backbone
部署各军团纵队行动,0,3,3,0,,,strict_backbone
河头战斗搜剿,0,1,0,0,,,context_only
鄂西突围,1,2,2,0,,,strict_backbone
活埋事件,0,1,0,0,,,context_only
谭家桥战斗,1,14,8,1,,,strict_backbone
平川围剿战斗,0,2,0,0,,,context_only
边界武装斗争,0,6,1,1,,,strict_backbone
湘鄂赣边地区武装起义,0,3,2,0,,,strict_backbone
湖北省秋收暴动计划,0,4,0,0,,,context_only
双减与司法工作,0,3,0,0,,,context_only
江南革命斗争,1,5,3,0,,,strict_backbone
武汉暴动计划,1,10,5,0,,,strict_backbone
围剿赵达芝,1,3,1,0,,,strict_backbone
宿松许家岭保卫团缴枪事件,0,3,0,0,,,context_only
总指挥部会议,0,3,0,0,,,context_only
海南岛战役,0,1,0,0,,,context_only
纪念大会,4,11,4,0,,,strict_backbone
保厂反搬迁与护厂斗争,0,2,0,0,,,context_only
反袁护法,1,2,2,0,,,strict_backbone
接通关系,0,10,1,0,,,strict_backbone
丹寨剿匪斗争,2,2,2,0,,,strict_backbone
毛泽东召见乐安苏区干部,0,3,0,0,,,context_only
酃县农民自卫军总队,1,4,2,0,,,strict_backbone
城区工作队筹款购药与缝制军服,0,3,1,0,,,strict_backbone
对叉垭战斗,1,2,2,0,,,strict_backbone
群众合法斗争,0,3,0,0,,,context_only
赣北联席会,0,7,2,0,,,strict_backbone
罗山协议,0,6,1,1,,,strict_backbone
一二八抗战,0,6,1,1,1932-01-01,1932-01-31,strict_backbone
杨藩部,0,3,1,1,,,strict_backbone
《民主》墙报组,0,7,0,0,,,context_only
反围剿胜利,0,7,5,0,,,strict_backbone
解放前革命活动,0,1,0,0,,,context_only
北伐军攻占益阳,0,3,1,1,,,strict_backbone
李堡战斗/丰利战斗,0,0,0,0,,,isolated
《新新闻》,0,3,0,0,,,context_only
下川东地方暴动,0,1,1,0,,,strict_backbone
统一领导,0,3,0,0,,,context_only
利用敌人内部矛盾及白色区域群众斗争,0,1,0,0,,,context_only
福建大禾囤侦察地形事件,0,1,1,0,,,strict_backbone
攻打樟树镇战斗,0,2,2,0,,,strict_backbone
红二六军团师长联欢大会,0,2,0,0,,,context_only
湘南剿命战役,0,1,1,0,,,strict_backbone
保安团改编,1,6,4,0,,,strict_backbone
南岳庙会议,0,2,0,0,,,context_only
江西革命同志会,0,4,4,0,,,strict_backbone
军事行动方案,0,1,0,0,,,context_only
解放歌曲,0,3,0,0,,,context_only
扁担山夷族自治县人民政府成立,0,2,0,0,,,context_only
春耕生产救灾,0,3,0,0,,,context_only
长沙学潮与反关税游行,0,3,0,0,,,context_only
解放亳县战役,0,4,4,1,1948-02-01,1948-02-29,strict_backbone
敌后抗日民主根据地斗争,0,8,5,0,,,strict_backbone
菱湖镇安渡桥伏击战,0,3,1,0,,,strict_backbone
上海纱厂工人罢工,1,4,4,0,,,strict_backbone
剿匪反霸巩固人民政权,0,2,0,0,,,context_only
宁波各界五卅惨案国民后援会,0,2,2,0,,,strict_backbone
赵逆,0,3,0,0,,,context_only
淮安横沟寺暴动,0,2,0,0,,,context_only
起义官兵,0,2,0,0,,,context_only
宿蒙县恢复,0,3,1,0,,,strict_backbone
湘阴人民解放社,1,8,2,0,,,strict_backbone
党史资料编纂,1,10,5,0,,,strict_backbone
淮南解放区,0,17,2,1,,,strict_backbone
民族独立解放,0,5,0,0,,,context_only
驱赵誓师大会,2,2,2,0,,,strict_backbone
反疏散斗争,0,1,0,0,,,context_only
桃江农民自卫队,0,5,2,0,,,strict_backbone
闹饷,0,2,0,0,,,context_only
宜昌县移动戏剧队第一队,0,3,1,0,,,strict_backbone
安徽宿县武装起义,0,1,1,0,,,strict_backbone
争夺办学经费/打倒教育局长,0,1,1,0,,,strict_backbone
停战协定,0,21,1,0,,,strict_backbone
中国共产党第一次全国代表大会,8,34,17,1,1921-07-01,1921-07-31,strict_backbone
田村暴动,0,3,1,0,,,strict_backbone
传达“七一”指示/开展游击战,1,1,1,0,,,strict_backbone
鬼头街北阻击战,0,2,2,0,,,strict_backbone
弥勒县中军事教官工作,0,5,3,1,,,strict_backbone
新联,1,26,6,0,,,strict_backbone
黄棉棉纺生产合作社,0,6,0,0,,,context_only
政委让出大衣/分享熟牛肉,0,1,0,0,,,context_only
民族教育卫生工作,0,5,0,0,,,context_only
长淮工运/反封建把头,0,1,1,0,,,strict_backbone
小干河反击战,0,3,0,0,,,context_only
平鼻岭伏击战,0,2,0,0,,,context_only
‘抗战必胜’宣传运动,0,2,2,0,,,strict_backbone
农民暴动策略,0,6,1,0,,,strict_backbone
冷家坝合围歼匪,0,1,0,0,,,context_only
上北屯会议,0,3,0,0,,,context_only
人民政治协商会议,0,6,3,0,,,strict_backbone
陆良武装暴动计划,0,9,0,0,,,context_only
石匠区撤走,0,3,0,0,,,context_only
青少年之家,0,3,2,0,,,strict_backbone
新民主主义革命时期统战工作,1,5,3,0,,,strict_backbone
反共应变计划会议,1,2,2,0,,,strict_backbone
各界人民代表大会,0,1,0,0,,,context_only
仁寿解放,0,2,2,0,,,strict_backbone
土改后扫盲识字/组织夜校,1,2,2,0,,,strict_backbone
湖南农民暴动,0,6,0,0,,,context_only
《草原艺术研究社》,0,3,0,1,,,context_only
指挥斗争,0,1,0,0,,,context_only
群众武装建设,0,2,0,0,,,context_only
《有力出力》,0,3,1,0,,,strict_backbone
发布训令组织群众反资匪,0,2,0,0,,,context_only
溧阳青年服务队,0,2,0,0,,,context_only
红军运粮探路行动,0,3,0,0,,,context_only
烈士纪念,0,2,2,0,,,strict_backbone
国统区人民武装起义,0,2,2,0,,,strict_backbone
越狱脱险,0,3,0,0,,,context_only
攻取赣州,0,10,0,0,,,context_only
共产国际执行委员会第六次扩大会议,0,4,0,0,,,context_only
湖北集中,1,2,2,0,,,strict_backbone
禁毒破案与审讯集训,0,2,0,0,,,context_only
城市商业资本支配,0,3,0,0,,,context_only
一五计划,0,3,1,1,,,strict_backbone
围芦荡战斗,0,1,0,0,,,context_only
乡苏维埃组织与会议制度,0,3,0,0,,,context_only
中共中央六届四中全会,0,2,2,0,,,strict_backbone
干部团联欢,0,2,0,0,,,context_only
渡盘江战斗,0,2,2,0,,,strict_backbone
防空行军/研究任务,0,1,0,0,,,context_only
寿县瓦埠街暴动,0,3,0,0,,,context_only
建立联系制度/巡视制度,0,0,0,0,,,isolated
农民大会,0,2,0,0,,,context_only
盘县会议决定,0,1,0,0,,,context_only
自救军3大队,0,3,1,0,,,strict_backbone
木塘农民暴动,0,6,3,0,,,strict_backbone
丁堰林梓反击战,0,3,1,0,,,strict_backbone
湖医学生自治会改选斗争,0,5,2,0,,,strict_backbone
周坊起义,4,8,6,1,,,strict_backbone
攻打邱北城,0,2,2,0,,,strict_backbone
杀害骨干,0,2,0,0,,,context_only
两面两重政权,1,9,2,1,,,strict_backbone
迁葬事件,0,2,2,0,,,strict_backbone
苏南民运工作会议,0,3,0,0,,,context_only
疏散隐蔽工作,0,3,3,0,,,strict_backbone
南下发展行动,0,6,2,0,,,strict_backbone
凯里区剿匪斗争,0,4,4,0,,,strict_backbone
农民分浮财,0,3,0,0,,,context_only
四抗斗争,1,7,6,1,,,strict_backbone
抓捕就义,0,3,0,0,,,context_only
共青团代表大会,0,2,2,0,,,strict_backbone
温坊战斗,3,3,3,0,,,strict_backbone
泗南县政权建设,0,2,0,0,,,context_only
狗街战斗与争夺山头,0,4,1,0,,,strict_backbone
处决伪自卫队/送投诚日军/沈家店遭遇战,0,8,1,0,,,strict_backbone
夜袭汪家墩夺枪挺队,0,5,3,0,,,strict_backbone
狱中斗争与英勇就义,0,3,0,0,,,context_only
解放武汉斗争,0,1,0,0,,,context_only
收兑伪金圆券,0,3,0,0,,,context_only
弋横苏区武装暴动,0,5,2,0,,,strict_backbone
党政建设,0,1,0,0,,,context_only
云南和平起义,0,7,5,0,,,strict_backbone
继承优良作风,0,3,0,0,,,context_only
《亡国恨》,0,1,1,0,,,strict_backbone
安全工作布置,0,5,0,0,,,context_only
青年自励社,0,2,1,0,,,strict_backbone
贫雇农英勇斗争,0,1,1,0,,,strict_backbone
农协会成立,0,3,2,0,,,strict_backbone
打土豪分财粮,0,2,0,0,,,context_only
募乃之战,1,5,3,0,,,strict_backbone
上饶县总工会第二次代表大会,1,4,2,0,,,strict_backbone
国民党四川省第一次代表大会,2,8,2,1,,,strict_backbone
第二次反共高潮,0,3,1,0,,,strict_backbone
巴中特别市土地革命,0,3,3,0,,,strict_backbone
抗日民族统一战线新阶段,0,3,0,0,,,context_only
湘潭人民武装护矿队第三大队,0,2,2,0,,,strict_backbone
搭棚隐蔽,1,2,1,0,,,strict_backbone
黔境地下工作,2,4,4,0,,,strict_backbone
非基督教同盟,0,2,0,0,,,context_only
追悼顾正红烈士大会,1,2,1,0,,,strict_backbone
兰坪解放,0,5,2,0,,,strict_backbone
团的三大,0,3,3,0,,,strict_backbone
中共重庆市工作委员会成立,0,3,2,0,,,strict_backbone
纠正消极坚持观点,0,1,0,0,,,context_only
砂子会,1,7,2,0,,,strict_backbone
国民参政会第三届大会,0,3,0,0,,,context_only
西南解放战役,0,6,6,0,,,strict_backbone
闽浙赣边区群众大会,0,3,0,0,,,context_only
反饥饿争温饱运动,0,7,4,1,1949-01-01,1949-12-31,strict_backbone
上高县委破坏事件,0,2,0,0,,,context_only
赣州攻城战,0,3,0,0,,,context_only
武汉城市工人暴动与破坏队组织计划,0,2,0,0,,,context_only
彩村战斗,0,3,1,0,,,strict_backbone
西南铁路大会战,0,1,0,0,,,context_only
锦屏党史资料座谈会,0,6,1,1,,,strict_backbone
敌人进攻垫江县城,1,3,1,0,,,strict_backbone
傅作义谈判,0,6,2,1,,,strict_backbone
进步学生抵制三青团斗争,0,2,0,0,,,context_only
澜、宁、源武工队,0,0,0,0,,,isolated
南昌二中地下学运,0,4,4,0,,,strict_backbone
三路围攻,3,11,4,0,,,strict_backbone
清田均赋,0,3,1,0,,,strict_backbone
正太铁路工人罢工,0,2,2,0,,,strict_backbone
江淮解放区,0,3,0,0,,,context_only
"襄樊战役, 淮海战役",0,0,0,0,,,isolated
王六子阻击战,0,5,2,0,,,strict_backbone
界牌集战斗,0,2,2,0,,,strict_backbone
永胜县海腰铺事件,0,2,0,0,,,context_only
九疑山办学,1,2,2,0,,,strict_backbone
马龙民军整编,0,6,1,1,,,strict_backbone
长集战斗,0,3,0,0,,,context_only
假意受编,0,3,0,0,,,context_only
四川工农革命军独立第一、第二旅,0,0,0,0,,,isolated
抗美援朝捐款与参军,0,1,1,0,,,strict_backbone
遂宁解放,3,12,7,1,,,strict_backbone
南下大军解放赣州,0,1,0,0,,,context_only
反饥饿、反迫害、争温饱、争生存运动,1,1,1,0,,,strict_backbone
太原谈判,0,1,1,0,,,strict_backbone
河洞斗争与统战,0,4,2,0,,,strict_backbone
合围部署与准备,2,3,2,0,,,strict_backbone
中华苏维埃共和国中央革命军事委员会成立,0,2,0,0,,,context_only
五·一筹备活动,0,3,1,0,,,strict_backbone
国民党左右派政治斗争,0,1,0,0,,,context_only
灌云引羊寺暴动,0,1,1,0,,,strict_backbone
西进征途,0,2,0,0,,,context_only
庐山会议时间考证,0,3,0,0,,,context_only
省委机关转移与会议,0,4,0,0,,,context_only
红四军军委、湘赣边界特委和永新县委联席会议,0,1,0,0,,,context_only
歙县潜口战役,0,1,0,0,,,context_only
四方面军到了川北,0,3,1,1,,,strict_backbone
川黔边境抗日游击斗争,0,3,2,0,,,strict_backbone
动员群众,0,5,0,0,,,context_only
沧源之战,0,2,2,0,,,strict_backbone
劫狱行动,0,3,3,0,,,strict_backbone
九江党组织分裂事件,0,2,2,0,,,strict_backbone
民众俱乐部,3,4,3,0,,,strict_backbone
擒拿女匪首/群众大会,0,1,1,0,,,strict_backbone
南京失业青年大同盟,0,4,0,0,,,context_only
党组织发动群众斗争,0,2,2,1,1949-01-01,1949-12-31,strict_backbone
支前司令部,0,12,2,0,,,strict_backbone
街心击毙汉奸,0,3,0,0,,,context_only
两淮追击战,0,4,1,1,,,strict_backbone
解放成都,0,6,2,0,,,strict_backbone
攻打亳州城,1,3,3,0,,,strict_backbone
临北地区反清剿斗争,0,2,2,0,,,strict_backbone
昭通学生请愿团,0,6,0,0,,,context_only
铅厂区少先队,0,2,2,0,,,strict_backbone
运动,0,3,0,0,,,context_only
湘阴苏区失陷,0,2,2,0,,,strict_backbone
反内战大会,0,3,0,0,,,context_only
三大主力会师,0,1,0,0,,,context_only
《学生报》停刊事件,0,6,3,0,,,strict_backbone
城市工作开展,0,3,0,0,,,context_only
反对童军、教官斗争,0,1,0,0,,,context_only
苏中自卫战,0,5,3,0,,,strict_backbone
端午节袭击事件,0,3,0,0,,,context_only
主动出击,0,2,2,0,,,strict_backbone
强攻大兴寨与解放土司衙门,0,2,2,0,,,strict_backbone
闸北市民大会,0,2,2,0,,,strict_backbone
'挽胡拒曹'斗争,0,5,1,0,,,strict_backbone
宿南战役(全歼伪十五师),0,6,6,0,,,strict_backbone
《春霖》季刊,0,3,0,0,,,context_only
解放初期发展党员,0,3,0,0,,,context_only
联庄会,1,17,7,1,,,strict_backbone
永胜人民武装斗争,0,2,2,0,,,strict_backbone
马背咀沙港渡河事件,4,4,4,0,1949-06-02,1949-06-02,strict_backbone
应变计划,2,18,6,0,,,strict_backbone
伪独山专署,0,5,0,0,,,context_only
战略大突围,0,1,0,0,,,context_only
解放区统一战线政策,0,3,0,0,,,context_only
水杏林惨案,0,2,0,0,,,context_only
开仓暴动,0,6,0,0,,,context_only
黔东特区根据地建立,0,7,6,0,,,strict_backbone
枣阳、新集战役,0,1,1,0,,,strict_backbone
渣滓洞监牢学习活动,0,5,5,0,,,strict_backbone
守日事变,0,3,0,0,,,context_only
民社党合并,0,5,2,0,,,strict_backbone
涡阳市曹集小学庄战斗,0,5,2,0,,,strict_backbone
海二区开辟战役,0,2,2,0,,,strict_backbone
抗暴大游行,1,12,6,0,,,strict_backbone
百色保卫战,0,1,1,0,,,strict_backbone
《黄河大合唱》公演,1,3,1,0,,,strict_backbone
武汉工人运动,0,44,12,0,,,strict_backbone
华大运动,0,3,0,0,,,context_only
苏皖抗战,2,2,2,0,,,strict_backbone
禹溪乡党员群众和游击队出击,0,1,1,0,,,strict_backbone
皖南地区暴动,0,3,3,0,,,strict_backbone
建党计划,0,6,1,0,,,strict_backbone
成都抢米风潮,0,2,2,0,,,strict_backbone
入川作战,2,5,3,0,,,strict_backbone
抗丁武装,2,9,2,1,,,strict_backbone
南渡乌江/威逼贵阳,0,0,0,0,,,isolated
一打来安城,1,8,4,0,,,strict_backbone
反对美帝扶植日本侵略势力复活运动,0,4,0,0,,,context_only
涟水地区抗日斗争,0,5,1,1,,,strict_backbone
国民党84师投降事件,0,5,4,0,1950-01-01,1950-12-31,strict_backbone
黔北地下斗争,0,3,0,0,,,context_only
锡南局面,1,3,1,0,,,strict_backbone
训练干部,0,4,4,0,,,strict_backbone
打杀国民党缉私员行动,1,1,1,0,,,strict_backbone
反对右倾机会主义斗争,0,1,1,0,,,strict_backbone
解放战争时期妇女运动,0,5,3,0,,,strict_backbone
党团关系通告第十九号,0,3,0,0,,,context_only
九三兵士起义,0,2,2,0,,,strict_backbone
洋河暴动,1,2,2,0,,,strict_backbone
润南县扩军运动,0,4,0,0,,,context_only
民先大队,0,1,1,0,,,strict_backbone
诸佛庵民团起义,0,2,2,0,,,strict_backbone
隐蔽精干政策,0,2,0,0,,,context_only
剿匪指挥部成立,0,4,0,0,,,context_only
贵州省学生抗日救国联合会,0,3,1,0,,,strict_backbone
临(城)韩(庄)战役,0,2,2,0,,,strict_backbone
无江洼坪会议,0,1,1,0,,,strict_backbone
土地革命时期农民武装暴动,0,2,1,0,,,strict_backbone
龙家寨战役,0,1,0,0,,,context_only
湘东暴动,0,5,3,1,1927-01-01,1927-12-31,strict_backbone
婺休游击根据地开辟,0,2,2,0,,,strict_backbone
贺胜桥战役,3,12,12,0,,,strict_backbone
南下征途,0,1,0,0,,,context_only
军事侦察与阻击南逃之敌,0,2,2,0,,,strict_backbone
双桥镇战役,0,7,4,0,,,strict_backbone
访贫问苦/扎根,0,1,0,0,,,context_only
中共嘉兴市委成立,0,1,0,0,,,context_only
赤石暴动,2,44,19,1,,,strict_backbone
衡阳解放,0,4,0,0,,,context_only
天长解放区,0,3,0,0,,,context_only
民先安顺县队部,0,5,2,1,,,strict_backbone
九·一摘事变,0,1,0,0,,,context_only
收集弹壳与制造军火,0,8,0,0,,,context_only
军事斗争思想,0,1,1,0,,,strict_backbone
打童子兵战斗,0,5,3,0,,,strict_backbone
王富海牺牲,0,3,0,0,,,context_only
汉冶萍总工会成立,0,3,0,0,,,context_only
漂浒镇战斗,0,2,2,0,,,strict_backbone
保安大队进攻行动,0,6,2,2,,,strict_backbone
秘密宣传,0,3,1,0,,,strict_backbone
抗日武装攻打据点,0,2,0,0,,,context_only
任台子事件,0,1,0,0,,,context_only
财政工作,1,9,4,0,,,strict_backbone
铜铸事变,0,4,2,0,,,strict_backbone
云南学生爱国会,1,3,2,0,,,strict_backbone
梵净山剿匪,0,2,2,0,,,strict_backbone
豫丰纱厂罢工,0,4,4,0,,,strict_backbone
武汉国民党中央政治会议,0,1,0,0,,,context_only
地方武装及保安团,0,2,0,0,,,context_only
川陕甘革命根据地创建,0,3,0,0,,,context_only
藤萝突围,0,3,1,0,,,strict_backbone
建水县武装斗争,0,2,2,0,,,strict_backbone
零陵县免租税运动,0,2,0,0,,,context_only
成都战役,7,86,40,2,,,strict_backbone
夜袭庄湾,0,3,3,0,,,strict_backbone
十六旅改编,0,1,1,0,,,strict_backbone
代表会,0,8,0,0,,,context_only
中共二大,0,7,1,1,,,strict_backbone
南溪镇袭击行动,0,7,7,0,,,strict_backbone
苏德战争,0,3,2,0,,,strict_backbone
驻守养护段剿匪斗争,0,4,4,0,,,strict_backbone
青年运动,0,12,9,0,,,strict_backbone
新登城战斗,0,2,0,0,,,context_only
河下会议,0,2,0,0,,,context_only
陆良武装暴动,9,44,33,1,1930-01-01,1930-12-31,strict_backbone
罢工事件,2,26,14,2,,,strict_backbone
济南惨案,0,1,0,0,,,context_only
反帝反封建革命运动,0,3,1,0,,,strict_backbone
安源路矿大罢工,1,7,4,1,,,strict_backbone
战争供应,0,1,0,0,,,context_only
红八军一纵移驻蔗香开展群众工作,1,5,3,0,,,strict_backbone
七·一九事件,0,13,3,0,,,strict_backbone
姊妹学习互助会,0,9,2,0,,,strict_backbone
西进作战,0,3,1,0,,,strict_backbone
临时军事法庭,0,1,0,0,,,context_only
第四次反‘围剿’战役,0,5,2,0,,,strict_backbone
渡江战役总前委,0,11,5,0,,,strict_backbone
四大协议,0,3,0,0,,,context_only
反蒋武装起义,3,19,10,1,,,strict_backbone
綦江县战时教育师资讲习会的抗日救亡运动情况,0,1,0,0,,,context_only
第三次“围剿”极端退却,0,3,1,0,,,strict_backbone
红军相关行动,0,3,0,0,,,context_only
白区工作十六字方针,0,3,0,0,,,context_only
劳动互助组,0,1,1,0,,,strict_backbone
反搬迁、反破坏斗争,0,2,1,0,,,strict_backbone
广西剿匪,0,1,1,0,,,strict_backbone
清案工作,0,1,1,0,,,strict_backbone
灰日暴动,1,16,13,1,,,strict_backbone
泸县学生联合会,0,3,3,0,,,strict_backbone
古城集战斗,0,5,1,0,,,strict_backbone
解放大军渡过长江,0,3,1,0,,,strict_backbone
弋横武装起义,2,12,9,1,,,strict_backbone
黄陂之战,0,4,0,0,,,context_only
攻打南坪伪集公所,0,5,5,0,,,strict_backbone
捕获匪首,0,12,1,0,,,strict_backbone
弥泸地委扩大会议,0,2,0,0,,,context_only
万年新文化运动,0,3,0,0,,,context_only
强渡长江战役,0,10,2,0,,,strict_backbone
皖东北抗战推进委员会会议,0,1,0,0,,,context_only
中共湖北省第四次代表大会,0,4,4,0,,,strict_backbone
麻尾以西合围,0,1,0,0,,,context_only
核实材料,0,6,6,0,,,strict_backbone
五卅反帝运动,0,7,0,0,,,context_only
收回王家沱日租界运动,0,6,0,0,,,context_only
粤桂边战役,0,7,2,0,,,strict_backbone
当代建设,0,1,0,0,,,context_only
蓬溪县地下党斗争,0,3,0,0,,,context_only
汉寨战斗,0,3,0,0,,,context_only
江西根据地反‘围剿’斗争,0,3,3,0,,,strict_backbone
远东人民代表大会,0,1,1,0,,,strict_backbone
反三征/为人民翻身解放,0,1,0,0,,,context_only
四街战斗,1,3,3,0,,,strict_backbone
大金竹战役,0,3,1,0,,,strict_backbone
株木桥战役,2,5,4,3,,,strict_backbone
保山人民自卫强军四大队,0,2,2,0,,,strict_backbone
政治教育,0,3,0,0,,,context_only
醴陵起义战争,0,2,2,0,,,strict_backbone
绥靖小匪斗争,0,3,1,1,,,strict_backbone
抗美援朝战场,1,2,2,0,,,strict_backbone
妇女运动特派员,0,4,0,0,,,context_only
南敬组织,0,6,1,0,,,strict_backbone
查租减息运动,0,3,1,0,,,strict_backbone
打击土匪,0,5,3,0,,,strict_backbone
岳池县游击活动,0,3,2,0,,,strict_backbone
遭遇熟人,0,2,0,0,,,context_only
湘潭县农运,0,3,2,0,,,strict_backbone
西龙附近战役,0,6,1,1,,,strict_backbone
西南局整风会议,0,4,4,1,1940-01-01,1940-12-31,strict_backbone
国统区民主运动,0,1,0,0,,,context_only
第五游击大队,0,6,0,0,,,context_only
反对三青团分子斗争,0,3,0,1,,,context_only
六·二大逮捕,0,8,2,1,,,strict_backbone
各暴动区,0,1,0,0,,,context_only
突破敌人的重重封锁线,0,3,1,1,,,strict_backbone
安源路矿工人俱乐部成立,0,2,2,0,,,strict_backbone
化整为零打击日伪/惩治汉奸,0,6,5,0,,,strict_backbone
雅口之战,0,2,0,0,,,context_only
补习老师身份传达党章,0,2,0,0,,,context_only
清匪、反霸、减租退押,0,0,0,0,,,isolated
唐生智、学生运动,0,0,0,0,,,isolated
小牛场反蒋抗霸斗争,0,3,1,0,,,strict_backbone
攻克据点/解送物资,0,2,1,0,,,strict_backbone
三洲区革命组织斗争,0,1,0,0,,,context_only
闸北市政纠纷,0,3,1,1,,,strict_backbone
贵阳市第二次党代会议,0,2,0,0,,,context_only
破桥战斗,0,4,2,0,,,strict_backbone
谦六干训班,0,2,2,0,,,strict_backbone
夺取啦鸡井战斗,0,2,2,0,,,strict_backbone
改编,0,2,0,0,,,context_only
苏中李堡战斗,0,2,2,0,,,strict_backbone
国民党招兵,0,3,1,0,,,strict_backbone
第一次反'围剿',0,3,1,2,,,strict_backbone
惩治贪污土劣运动,0,2,2,1,,,strict_backbone
黎川北上行动,0,2,2,0,,,strict_backbone
谷风事件,0,9,3,0,,,strict_backbone
和谈,0,3,1,0,,,strict_backbone
南华公司筹备,0,2,2,0,,,strict_backbone
左集战斗,1,3,1,0,,,strict_backbone
大源桥战斗,0,2,2,0,,,strict_backbone
庆祝攻克柏林大会,0,3,0,0,,,context_only
黎明合唱团,0,1,1,0,,,strict_backbone
淮南敌伪斗争,0,5,4,1,1946-01-01,1946-12-31,strict_backbone
改编民变武装,1,4,2,0,,,strict_backbone
丽江石鼓战役,0,2,2,0,,,strict_backbone
1928年秋收暴动,0,2,2,0,,,strict_backbone
特务组织,0,12,0,0,,,context_only
强渡金沙江,2,31,17,0,,,strict_backbone
北方局暴动计划,1,3,1,0,,,strict_backbone
共军陷城,0,3,0,0,,,context_only
分田地,0,4,1,0,,,strict_backbone
解放战争战略追击·西南地区,0,3,1,0,,,strict_backbone
武工队进出江口,0,3,0,0,,,context_only
《赣榆革命斗争史》,0,3,0,0,,,context_only
台烈反伏击,0,2,2,0,,,strict_backbone
农民减租运动,0,5,2,1,,,strict_backbone
巴中农民运动,0,2,2,0,,,strict_backbone
益阳总工会成立,0,1,1,0,,,strict_backbone
学生互助会,0,2,2,0,,,strict_backbone
国立昆明师院解散事件,0,2,0,0,,,context_only
护2团独立大队,0,3,0,0,,,context_only
工人入党,0,3,0,0,,,context_only
团练局,0,2,1,0,,,strict_backbone
安源张家湾会议,0,2,0,0,,,context_only
湘潭县迎接解放筹备会,0,1,0,0,,,context_only
清剿散匪/维持治安,0,1,0,0,,,context_only
大涧伏击战,0,3,0,0,,,context_only
积金-广福谈判,0,2,2,0,,,strict_backbone
重庆文艺座谈会,0,6,3,0,,,strict_backbone
丰乐堡空袭事件,0,3,1,0,,,strict_backbone
中共江西省第二次代表大会,0,3,1,1,1928-12-01,1928-12-31,strict_backbone
郴县事件,0,2,2,0,,,strict_backbone
破坏铁路交通,1,3,1,1,,,strict_backbone
中国民主青年同盟,0,7,0,0,,,context_only
抗美援朝战斗,0,3,3,0,,,strict_backbone
将军山阵地阻击战,0,3,1,0,,,strict_backbone
板格河之战,1,3,3,0,,,strict_backbone
红二十五军战略转移,0,5,3,0,,,strict_backbone
横山桥战斗,1,2,2,0,,,strict_backbone
安县反共救国军,1,1,1,0,,,strict_backbone
反美扶日爱国学生运动,0,9,0,0,,,context_only
湖南省第一次农民代表大会,1,8,2,0,,,strict_backbone
菁华山社员大会,0,1,0,0,,,context_only
云大附中护校运动,0,2,2,0,,,strict_backbone
留校斗争,1,2,2,0,,,strict_backbone
固守监视/炮兵支援,0,1,0,0,,,context_only
云南民青青年同盟,0,3,0,0,,,context_only
一·一七血案,0,3,0,0,,,context_only
关庙民团清剿,0,4,3,0,,,strict_backbone
合川金子乡嘉陵江边会议,0,3,1,0,,,strict_backbone
暴动失败,0,8,0,0,,,context_only
成立政治大队进行抗日宣传鼓动工作,0,1,1,0,,,strict_backbone
越狱斗争,0,4,0,0,,,context_only
圣官坪大会,0,3,0,0,,,context_only
三次左倾路线,0,2,2,0,,,strict_backbone
查户口行动,0,1,0,0,,,context_only
少数民族土改总结/阶级民族分布,0,1,1,0,,,strict_backbone
甸三乡群众运动,0,3,3,0,,,strict_backbone
蒙自机场战斗,0,7,6,0,,,strict_backbone
地下斗争,0,12,4,1,,,strict_backbone
黔西北解放斗争,0,2,0,0,,,context_only
支前运动,0,14,2,0,,,strict_backbone
《中国民族解放运动史》,0,2,0,0,,,context_only
干部职工学习制度,0,3,0,0,,,context_only
五一纪念会,0,3,3,0,,,strict_backbone
武胜水洞湾战斗,0,5,2,0,,,strict_backbone
一四一团特务连三排,0,1,0,0,,,context_only
禁毒第一阶段部署,0,3,0,0,,,context_only
哲庄坝伏击战,1,3,3,0,,,strict_backbone
八路军与新四军会师,0,3,0,1,,,context_only
梯子岩战斗,0,14,9,0,,,strict_backbone
撤离苏区/善后工作,0,1,0,0,,,context_only
福建事变与战略进攻建议,0,4,0,0,,,context_only
抗租抗债,0,6,1,0,,,strict_backbone
成立休黟特支,0,2,2,0,,,strict_backbone
织金县围剿,0,2,0,0,,,context_only
大冶铁矿工人斗争,0,3,1,1,,,strict_backbone
中心区委成立,0,3,1,0,,,strict_backbone
解放弥勒县城,1,3,3,0,,,strict_backbone
通讯排,0,3,0,0,,,context_only
架浮桥行动,1,5,3,0,,,strict_backbone
邵阳会议,0,6,0,0,,,context_only
军事运动,0,4,3,0,,,strict_backbone
湘西区党代会,0,3,0,0,,,context_only
反帝爱国运动,1,19,15,0,,,strict_backbone
肃反问题,0,5,0,0,,,context_only
女青年座谈会,0,3,0,1,,,context_only
重庆抗日运输兵校,0,2,2,0,,,strict_backbone
清匪反霸/减租退押,0,0,0,0,,,isolated
文家墩战斗,0,2,2,0,,,strict_backbone
南涪八县联防,0,2,0,0,,,context_only
题词勉励,0,2,0,0,,,context_only
设立民站汇报工作,0,1,0,0,,,context_only
钟山乡战斗,0,3,1,1,,,strict_backbone
中国民主政团同盟改名为中国民主同盟,0,2,2,0,,,strict_backbone
青抗队,0,1,1,0,,,strict_backbone
离开重庆回松桃开展地下工作,0,3,1,0,,,strict_backbone
第五次全国公安会议,0,3,0,0,,,context_only
全国学联成立大会,1,3,1,1,,,strict_backbone
荣昌县扩大会,0,5,3,0,,,strict_backbone
泸西县第一次团员代表大会,0,2,2,0,,,strict_backbone
反动当局迫害学生斗争,0,4,0,0,,,context_only
衢县委员会和人民政府成立,0,3,1,0,,,strict_backbone
解放台江城,0,3,1,0,,,strict_backbone
《汨罗怨》,0,2,0,0,,,context_only
安源起义,1,2,2,0,,,strict_backbone
事件,0,6,4,0,,,strict_backbone
特务逮捕行动,0,3,2,1,1949-01-01,1949-12-31,strict_backbone
黄泥河阻击战,0,2,0,0,,,context_only
接管荔波,0,5,4,0,,,strict_backbone
神兵暴动,1,2,2,0,,,strict_backbone
民兵发展缺点检查,0,4,1,0,,,strict_backbone
韬奋书店恢复/游击发行,0,5,4,0,,,strict_backbone
过溪武路封锁线,0,4,4,0,,,strict_backbone
反革命武装暴乱,0,3,0,0,,,context_only
沭阳县西新河暴动,0,3,2,0,,,strict_backbone
滇南战役第一阶段结束与元江战斗,0,3,0,0,,,context_only
解放青阳战斗,0,1,0,0,,,context_only
国统区工作方针转变,0,3,0,0,,,context_only
抗旱灭虫斗争,0,2,2,0,,,strict_backbone
大别山战役,0,5,2,0,,,strict_backbone
熔铁炉停工斗争,0,3,1,0,,,strict_backbone
国民党湖南省第二次代表大会,0,3,3,0,,,strict_backbone
战役组织,1,1,1,0,,,strict_backbone
反对昭通县教育局长蒋子麟斗争,0,24,0,0,,,context_only
宣传鼓动,0,8,2,0,,,strict_backbone
迎接大西南解放,0,3,0,0,,,context_only
邮政业务办理,0,2,0,0,,,context_only
追剿土匪斗争,0,3,1,0,,,strict_backbone
修西河工程,2,4,4,0,,,strict_backbone
县委扩大会议,1,5,1,0,,,strict_backbone
指挥撤离/摧毁据点/击毙敌伪头目,0,7,7,0,,,strict_backbone
反蒋活动/地下革命组织,2,3,3,0,,,strict_backbone
华中工作会议,0,2,2,0,,,strict_backbone
被捕,1,21,1,0,,,strict_backbone
当地群众控告伪保长事件,0,1,0,0,,,context_only
鸡公嘴会议,2,6,4,0,,,strict_backbone
广昌战役讨论长征途中交谈酝酿遵义会议,0,6,0,0,,,context_only
民主运动开展,0,9,0,0,,,context_only
反帝周活动,0,5,2,0,,,strict_backbone
农民诉苦灯,0,1,1,0,,,strict_backbone
红六团遇阻与紧急调粮接济,0,1,1,0,,,strict_backbone
罗盘地区武装斗争,0,5,2,0,,,strict_backbone
社会主义青年团第二次全国代表大会,0,3,3,0,,,strict_backbone
秘密读书小组,1,11,2,0,,,strict_backbone
第二届人代会与增产节约,0,2,0,0,,,context_only
武汉民主青年挺进会,0,3,0,0,,,context_only
第四次工农兵代表大会,0,9,4,0,,,strict_backbone
粮食统购统销,0,6,2,0,,,strict_backbone
上海日商内外棉各厂同盟总罢工,0,6,6,0,,,strict_backbone
毛泽东考察衡山农运,1,2,2,0,,,strict_backbone
急行军进剿交片,0,3,1,0,,,strict_backbone
经济封锁,0,5,0,0,,,context_only
平武清剿,0,3,2,0,,,strict_backbone
梨树坞战斗,0,3,0,0,,,context_only
汪精卫反共活动,0,3,0,0,,,context_only
浪花读书会,0,5,1,0,,,strict_backbone
石船小学据点建设,0,4,4,0,,,strict_backbone
淮沭、李堡战役,0,0,0,0,,,isolated
良村/黄陂/方石岭战斗,0,0,0,0,,,isolated
国民大会延期,0,3,0,0,,,context_only
淮阴城攻克,0,2,2,0,,,strict_backbone
接收蚌埠,0,5,2,0,,,strict_backbone
苏北大生产运动,0,3,0,0,,,context_only
宿县工人运动,0,3,1,1,,,strict_backbone
重点罢工策略,0,1,0,0,,,context_only
孙继先英雄排,0,5,0,0,,,context_only
宜黄战役,1,5,5,0,,,strict_backbone
都江发电所工人护厂斗争,0,3,2,0,,,strict_backbone
解放武汉的战斗,0,3,0,0,,,context_only
复旦校内斗争,0,1,1,0,,,strict_backbone
西渡嘉陵江,2,5,3,0,,,strict_backbone
红二、六军团抢渡沅水事件,0,1,0,0,,,context_only
挥师入川,1,3,1,0,,,strict_backbone
宜溧茶亭乡农救会,0,3,0,0,,,context_only
尖兵营,0,3,0,0,,,context_only
石湖阻击战,0,8,6,1,,,strict_backbone
李坪战斗,0,4,2,0,,,strict_backbone
反对曹锟贿选示威,2,2,2,0,,,strict_backbone
中共四大,0,12,4,1,,,strict_backbone
征粮,1,27,9,0,,,strict_backbone
国民党反动派血腥大屠杀,0,3,1,0,,,strict_backbone
同乐会事件,0,3,0,0,,,context_only
安子口战斗,0,2,0,0,,,context_only
毛泽东考察白果福田,0,3,1,0,,,strict_backbone
泰兴起义,0,3,1,0,,,strict_backbone
东征福建战役,0,4,2,0,,,strict_backbone
漳南反共保民军米瑞师部,0,1,0,0,,,context_only
人民政协召开,0,4,4,0,,,strict_backbone
浒关战斗,1,3,2,0,,,strict_backbone
四川军阀,0,8,1,0,,,strict_backbone
红十三师远征行动,0,1,0,0,,,context_only
1927年八·一南昌起义,0,3,0,0,,,context_only
新三反运动,0,3,1,0,,,strict_backbone
助学人权保障运动,0,1,1,0,,,strict_backbone
湘东独立师成立,0,5,1,0,,,strict_backbone
驱逐陈调元斗争,0,3,3,0,,,strict_backbone
凤羽战斗,0,3,2,0,,,strict_backbone
火烛游行,0,2,0,0,,,context_only
留下坚持斗争,0,3,1,0,,,strict_backbone
闻一多被杀事件,0,3,0,0,,,context_only
解放大西南,1,34,15,1,,,strict_backbone
中共四中全会,0,2,0,0,,,context_only
徐荡农民斗争,0,2,2,0,1929-01-01,1929-12-31,strict_backbone
青神县党部成立,0,2,2,0,,,strict_backbone
陈家圳事件,0,3,0,0,,,context_only
李黑楼战斗,0,2,2,0,,,strict_backbone
柳墅大捷,1,1,1,0,,,strict_backbone
如南围歼战,0,3,1,0,,,strict_backbone
中小学教育发展,0,5,3,1,,,strict_backbone
水口山矿工风潮,2,3,3,0,,,strict_backbone
团契活动,0,5,0,0,,,context_only
鄂豫边割据,0,2,2,0,,,strict_backbone
店员工会罢市斗争,0,2,0,0,,,context_only
安宁县委成立,0,3,0,0,,,context_only
袁州会议,4,24,12,1,,,strict_backbone
做布鞋,0,3,0,0,,,context_only
劫车事件,0,3,0,0,,,context_only
四烈士公葬,0,3,1,0,,,strict_backbone
横路桥战斗,0,6,4,0,,,strict_backbone
解放大定县城战役,0,7,1,1,,,strict_backbone
澜沧武装起义,1,5,5,0,,,strict_backbone
桃源第一届农工代表大会,0,3,2,0,,,strict_backbone
新民主主义革命运动,0,4,4,1,1949-01-01,1949-12-31,strict_backbone
红四方面军西征,0,3,1,0,,,strict_backbone
中国新民主主义实践社,0,6,1,0,,,strict_backbone
新七军起义,0,5,1,1,,,strict_backbone
蔡里伏击战,0,4,0,0,,,context_only
日寇压迫矿工事件,0,3,1,1,,,strict_backbone
红三军入川行动,0,3,0,0,,,context_only
方阵会议,1,2,2,0,,,strict_backbone
七团外线配合,0,3,1,0,,,strict_backbone
瑞金会议,0,5,0,0,,,context_only
淞沪战役,0,1,1,0,,,strict_backbone
苗区根据地建设,0,1,1,0,,,strict_backbone
《新社会》半月刊,1,3,1,0,,,strict_backbone
上海/解放区,0,1,0,0,,,context_only
万年精干连,0,1,0,0,,,context_only
仪南战役,2,10,5,1,,,strict_backbone
昭通女中罢课运动,0,8,0,0,,,context_only
废除封建土地所有制,0,2,0,0,,,context_only
胡世合事件,0,10,3,0,,,strict_backbone
杉溪武装起义,3,3,3,0,,,strict_backbone
武汉会议,0,23,13,0,,,strict_backbone
七十二师三十一团机枪排,0,3,0,0,,,context_only
剿匪收枪运动,1,4,4,0,1949-01-01,1949-12-31,strict_backbone
安源路矿工人运动,3,31,16,0,,,strict_backbone
成都市各界座谈会,0,5,2,1,,,strict_backbone
反‘清剿’斗争,0,21,10,0,,,strict_backbone
武汉三镇声讨英兵屠杀工人罪行大会,0,2,2,0,,,strict_backbone
行军训练,0,3,0,0,,,context_only
开展城市地下工作,0,2,1,0,,,strict_backbone
中央根据地斗争,0,1,1,0,,,strict_backbone
六一战斗,0,5,3,1,,,strict_backbone
合理负担政策,0,3,0,0,,,context_only
俘虏敌军,0,6,0,0,,,context_only
佛海民运工作团,0,3,0,0,,,context_only
公审枪决蒋焕章,0,3,1,0,,,strict_backbone
石城阻击战,0,2,0,0,,,context_only
繁昌保卫战,0,40,24,1,,,strict_backbone
盘江渡口战斗,0,2,2,0,,,strict_backbone
清算帮工帮粮运动,0,2,2,0,,,strict_backbone
电报传递,0,3,0,0,,,context_only
中心城市工作,0,4,1,1,,,strict_backbone
鄂西特委机关撤退行动,0,3,0,0,,,context_only
八兵团渡江作战,0,3,0,0,,,context_only
闯岗杀敌,0,2,1,0,,,strict_backbone
响导工作,0,3,0,0,,,context_only
自卫战,0,3,0,0,,,context_only
长存保战斗,0,2,2,0,,,strict_backbone
退押,0,11,5,0,,,strict_backbone
农业互助合作组试点,0,1,1,0,,,strict_backbone
挺进双庙/掩护主力,0,1,1,0,,,strict_backbone
转移学生至涪陵并发展入党,0,4,0,0,,,context_only
反倾向斗争,0,3,0,0,,,context_only
军械修理所建立,0,4,2,0,,,strict_backbone
建立军事工作小组,0,1,0,0,,,context_only
《关于土地斗争中一些问题的决定》,0,3,0,0,,,context_only
反霸斗争揭露谣言,0,2,0,0,,,context_only
江、溧、句杭抗日自卫队,0,2,1,0,,,strict_backbone
宿县妇女协会成立,0,3,0,0,,,context_only
綦江妇联会,0,7,0,0,,,context_only
通资暴动,2,5,4,0,,,strict_backbone
支援五卅运动与参加各界联合会,0,1,0,0,,,context_only
攻打杨云亮,0,2,2,0,,,strict_backbone
破获共匪广安地下组织,0,3,0,0,,,context_only
红会,0,12,2,0,,,strict_backbone
南明区基层政权建设,0,6,2,0,,,strict_backbone
成阿公路建设,0,3,0,0,,,context_only
反帝反蒋大会,0,2,2,0,,,strict_backbone
解放黄平、接管政权,0,1,0,0,,,context_only
回报工作困难,0,1,0,0,,,context_only
改编农民武装,0,2,2,0,,,strict_backbone
虹桥战斗,0,5,5,0,,,strict_backbone
挫败清剿,0,2,2,0,,,strict_backbone
反对烟捐斗争,1,2,2,0,,,strict_backbone
《东北松花江上》改编歌剧,0,1,0,0,,,context_only
店前河会议,0,2,0,0,,,context_only
飞渡武水,0,3,1,0,,,strict_backbone
合围行动,0,7,0,0,,,context_only
少数民族起义,0,1,0,0,,,context_only
抢枪行动,1,2,2,0,,,strict_backbone
贵大反饥饿反内战运动,0,2,2,0,,,strict_backbone
新四军搬铁路事件,0,2,0,0,,,context_only
廉政会战斗,0,6,4,1,,,strict_backbone
四二一游行,0,3,0,0,,,context_only
北伐军出发,0,3,0,0,,,context_only
中弹牺牲,0,2,0,0,,,context_only
缴获枪支,0,2,0,0,,,context_only
宜昌移动演剧队第一队,0,3,0,0,,,context_only
南京请愿/五卅飞行集会,0,1,0,0,,,context_only
中国人民解放军步兵第一百三十六师剿匪行动,0,3,0,0,,,context_only
重庆学生抗议美军暴行联合会,0,2,0,0,,,context_only
全民皆兵,0,3,1,1,,,strict_backbone
何官屯游击大队,0,2,2,0,,,strict_backbone
大悲寺公安分队枪战事件,0,4,2,0,,,strict_backbone
杨岐暴动,1,2,2,1,1949-06-23,1949-06-23,strict_backbone
鄂西党的第二次代表大会,0,3,1,0,,,strict_backbone
彭水联英会匪队,0,7,1,0,,,strict_backbone
抗议解聘教师,0,4,2,0,,,strict_backbone
北川解放,0,2,2,0,,,strict_backbone
寻找便衣队与国共合作谈判准备,0,4,4,0,,,strict_backbone
湖北农运发展与土豪劣绅把持问题,0,1,0,0,,,context_only
姜家庄战斗,0,3,1,1,,,strict_backbone
平息麻东暴乱,0,3,1,1,,,strict_backbone
赣南战役,0,1,1,0,,,strict_backbone
邮电处接收工作,0,1,0,0,,,context_only
二九运动,0,5,3,1,1947-01-01,1947-12-31,strict_backbone
华蓥山斗争,0,3,3,1,,,strict_backbone
湘西纵队起义,0,4,0,0,,,context_only
各界代表会议,1,14,4,0,,,strict_backbone
小源会议,1,11,2,0,,,strict_backbone
生教结合,0,3,0,0,,,context_only
湘乡公法团联席会议,0,6,0,0,,,context_only
全国学生救国联合会成立大会,0,6,3,0,,,strict_backbone
干字运动实践会,0,3,0,0,,,context_only
浏阳北乡沙市街战斗,0,1,0,0,,,context_only
黄包车夫减租斗争,0,1,0,0,,,context_only
南昌起义军进驻潮汕,0,3,3,0,,,strict_backbone
国民党五届五中全会,0,3,0,0,,,context_only
红三军攻城战役,0,4,0,0,,,context_only
贵州地下工作,0,2,2,0,,,strict_backbone
淞沪敌后游击,0,6,4,0,,,strict_backbone
反'清乡',0,4,0,0,,,context_only
二七工仇,0,8,4,1,,,strict_backbone
枪毙叶德辉,0,2,2,0,,,strict_backbone
武装暴动准备,0,6,0,0,,,context_only
三十,0,1,0,0,,,context_only
抗日教育联谊会,0,3,3,0,,,strict_backbone
工龄计算,0,9,0,0,,,context_only
临江镇万人大会,0,3,0,0,,,context_only
加入川军,0,2,1,0,,,strict_backbone
春节反蒋武装起义,2,2,2,0,,,strict_backbone
贵筑县白云区农代会,0,3,0,0,,,context_only
皖东北抗日斗争,0,5,4,0,,,strict_backbone
六十八团兵运工作,0,3,1,0,,,strict_backbone
匪徒聚众,1,3,1,1,,,strict_backbone
汪家圩民兵反扫荡,0,2,2,0,,,strict_backbone
邱北革勒战斗,1,2,2,0,,,strict_backbone
秋收武装起义,0,8,2,0,,,strict_backbone
团南昌、九江、吉安地委联席会议,0,1,1,0,,,strict_backbone
中国民兵史,0,2,2,0,,,strict_backbone
贵溪县苏维埃代表大会,0,3,0,0,,,context_only
将军山之役,7,46,25,1,,,strict_backbone
凯里小组,0,4,0,0,,,context_only
群众社,1,2,2,0,,,strict_backbone
阻止工人赴台宣传,0,3,0,0,,,context_only
《心防》演出,0,3,1,0,,,strict_backbone
铜繁南芜地区战斗,0,2,2,0,,,strict_backbone
皖南事变后隐蔽斗争,0,2,0,0,,,context_only
兵力调派/联络符号,0,2,2,0,,,strict_backbone
歼灭五二师战斗,0,6,4,1,,,strict_backbone
柏溪剧社,0,8,1,0,,,strict_backbone
关坡战斗,0,1,1,0,,,strict_backbone
金沙江抢渡,1,6,3,0,,,strict_backbone
上海工人罢工潮,0,6,4,0,,,strict_backbone
战斗行动,0,13,6,0,,,strict_backbone
第二次反围剿,0,8,0,0,,,context_only
兴仁专区农民代表会议,0,1,0,0,,,context_only
瀛兴战斗,0,2,0,0,,,context_only
中江县地方党团组织,0,3,0,0,,,context_only
反共游行,0,5,2,0,,,strict_backbone
谭家桥红庙战斗,0,7,4,0,,,strict_backbone
黄花岭高地战斗,0,3,0,0,,,context_only
穆家湖战役,0,3,2,0,,,strict_backbone
红军石刻标语保护运动,0,2,0,0,,,context_only
干部教育工作,0,1,1,0,,,strict_backbone
反围攻作战,0,6,4,0,,,strict_backbone
生活小组,0,3,0,0,,,context_only
自由大同盟,2,2,2,0,,,strict_backbone
南国文艺社,1,12,8,0,,,strict_backbone
抢渡湘江,0,4,4,0,,,strict_backbone
凤台县第一次党代会,0,2,0,0,,,context_only
拥政拥军工作,0,2,2,0,,,strict_backbone
人民解放军百万雄师渡江战役,0,3,0,0,,,context_only
临颍之役,0,3,3,0,,,strict_backbone
化装奇袭伪警察所,0,2,2,0,,,strict_backbone
兴国调查,0,28,10,1,,,strict_backbone
铜山八区区委工作/减租减息,0,1,1,0,,,strict_backbone
新四军行动,0,6,0,0,,,context_only
学会成立大会,0,1,0,0,,,context_only
鄂人治鄂,0,3,0,0,,,context_only
清江党组织被瓦解事件,0,2,2,0,,,strict_backbone
发展特别党员,0,2,2,0,,,strict_backbone
金绍云滇中反共独立师暴动,0,2,2,1,,,strict_backbone
霍家庄保卫战,0,2,2,0,,,strict_backbone
营救美国飞行员/秘密护送,0,1,1,0,,,strict_backbone
少数民族干部培养,0,2,0,0,,,context_only
柯村暴动,3,28,10,0,,,strict_backbone
刘西伯团防,0,8,5,0,,,strict_backbone
市政局改组,0,1,1,0,,,strict_backbone
统一战线、武装斗争、党的建设,0,0,0,0,,,isolated
党的工作,1,9,2,1,,,strict_backbone
楼底暴动,2,10,8,0,,,strict_backbone
反剿斗争,0,1,1,0,,,strict_backbone
收排税,0,3,1,1,,,strict_backbone
八·一暴动,1,25,8,1,1930-01-01,1930-12-31,strict_backbone
法租界电车罢工,1,5,3,0,,,strict_backbone
土匪投降自首,0,4,0,0,,,context_only
裕德匪部,0,1,0,0,,,context_only
反苏游行,0,3,0,1,,,context_only
革命兵变,0,6,0,1,,,context_only
砂子岭伏击战,0,2,2,0,,,strict_backbone
敌26军窜入清水、板桥一带,0,1,0,0,,,context_only
康民联谊会,0,2,2,0,,,strict_backbone
苏州文教工作恢复与发展,0,3,0,0,,,context_only
解放江南城镇战斗,0,2,2,0,,,strict_backbone
上海解放部署,0,4,2,1,1949-05-01,1949-05-31,strict_backbone
荔波解放与白色恐怖,0,5,0,0,,,context_only
西南情报网调查战,0,5,3,0,,,strict_backbone
第一批土地改革结束,0,3,2,1,,,strict_backbone
高家镇解放行动,0,5,5,0,,,strict_backbone
抢救师生员工生活运动,0,3,1,0,,,strict_backbone
通道会议/黎平会议,0,0,0,0,,,isolated
下川东武装起义,1,13,10,0,,,strict_backbone
皖西剿匪行动,0,3,3,0,,,strict_backbone
驱宾事件,0,1,0,0,,,context_only
红军进城事件,0,2,0,0,,,context_only
阳长新房地区叛乱事件,0,5,2,0,,,strict_backbone
鄂西北战斗,0,2,2,0,,,strict_backbone
皖北特分委,0,3,0,0,,,context_only
胡田大队,0,1,0,0,,,context_only
石南游击大队,0,6,1,1,,,strict_backbone
组织翻身会与民兵伏击,0,1,1,0,,,strict_backbone
反山霸斗争,0,1,1,0,,,strict_backbone
苗民自救会/自卫队成立,0,2,1,0,,,strict_backbone
塘口坝战斗,0,2,2,0,,,strict_backbone
反日游行示威,0,1,1,0,,,strict_backbone
核桃湾会议,0,1,1,0,,,strict_backbone
川饭店事件,0,2,0,0,,,context_only
义演活动,0,5,1,0,,,strict_backbone
杨铁城幸存及烈士安葬,0,4,1,0,,,strict_backbone
水口山大罢工,1,4,4,0,,,strict_backbone
旧州保卫战背景及敌特活动,0,4,1,0,,,strict_backbone
‘四·一四’惨案,0,2,2,0,,,strict_backbone
党内斗争方法,0,3,0,0,,,context_only
如黄路战役,0,6,1,0,,,strict_backbone
凤凰山会议,0,5,3,1,1939-07-01,1939-07-31,strict_backbone
南京屠杀事件,0,2,0,0,,,context_only
突破封锁汇报情况,0,2,2,0,,,strict_backbone
二路红军游击队成立,0,4,0,0,,,context_only
苏皖会师,0,3,0,0,,,context_only
求进社,0,4,2,0,,,strict_backbone
寻邬暴动,1,5,3,0,,,strict_backbone
整训教育方式,0,5,0,0,,,context_only
重庆‘三·三一惨案’,0,52,15,0,,,strict_backbone
杜新民起义,0,2,2,0,,,strict_backbone
武工队活动,4,62,30,3,,,strict_backbone
江苏省党的工作,0,3,1,0,,,strict_backbone
分区基干团,0,11,0,0,,,context_only
学唱革命歌曲,0,5,0,0,,,context_only
接管机关处理与经验教训,0,1,0,0,,,context_only
攻克如皋城,0,5,0,0,,,context_only
日伪军袭击抗中事件,0,5,3,1,,,strict_backbone
桂林抗日宣传,0,3,0,0,,,context_only
城工会议,0,3,0,0,,,context_only
二·一六事件,0,6,2,0,,,strict_backbone
保校保产斗争,0,1,0,0,,,context_only
反顽斗争,0,29,11,2,,,strict_backbone
人民解放军渡江行动,0,4,0,0,,,context_only
秋收起义,70,683,329,4,1927-09-10,1927-09-10,strict_backbone
王村事件,0,2,0,0,,,context_only
江北二师联系,0,3,0,0,,,context_only
抗日救国会分会,0,3,0,0,,,context_only
方石岭战斗,0,9,6,0,,,strict_backbone
鄂东南反围剿,0,6,3,0,,,strict_backbone
马日暴动,1,5,2,0,,,strict_backbone
红四军出击赣南,3,5,5,0,,,strict_backbone
反蒋游击战争,0,3,2,0,,,strict_backbone
妇女训练班,1,2,2,0,,,strict_backbone
红二十五军北上抗日第二先遣队,0,3,1,0,,,strict_backbone
照顾伤员饮食起居,1,5,1,0,,,strict_backbone
集中整风,0,1,0,0,,,context_only
攻打石港据点,0,2,0,0,,,context_only
谷城农民暴动,0,5,4,0,,,strict_backbone
农运发展,0,6,1,0,,,strict_backbone
土地法大纲宣传,0,6,1,0,,,strict_backbone
抗战文艺讲习班,1,6,1,0,,,strict_backbone
《巴河渡口》,0,3,0,0,,,context_only
请水寨暴动,1,16,13,1,,,strict_backbone
配合主力作战,0,3,0,0,,,context_only
攻占机场北边院子,0,1,0,0,,,context_only
木兰山游击战,0,5,2,0,,,strict_backbone
黎榕从合围,1,7,5,0,,,strict_backbone
联合政府成立,0,2,2,0,,,strict_backbone
苏联照片展览会,0,2,0,0,,,context_only
南杨地霸势力,0,3,1,0,,,strict_backbone
秘密谈判/达成协议,0,1,1,0,,,strict_backbone
扎西运动场,0,3,0,1,,,context_only
淮南矿区党员发展工作,0,6,2,0,,,strict_backbone
软拖抗税捐,0,4,4,0,,,strict_backbone
镇压贵州共党学运,0,6,0,0,,,context_only
农村党建试点,0,1,1,0,,,strict_backbone
确定解放日,0,3,0,0,,,context_only
抗日救国大游行,0,6,2,0,,,strict_backbone
解放赣州,0,2,2,0,,,strict_backbone
孙俊峰,0,1,0,0,,,context_only
云南和平解放,2,23,14,1,1949-01-01,1949-12-31,strict_backbone
国内革命战争第一、二阶段,0,3,0,0,,,context_only
夜行军露宿,0,6,0,0,,,context_only
高级社试办,0,3,1,0,,,strict_backbone
强渡沱江,0,3,0,0,,,context_only
中国人民政治协商会议共同纲领起草,0,2,2,0,,,strict_backbone
渡水保卫战,0,7,0,0,,,context_only
分散隐蔽,0,6,0,0,,,context_only
追击敌舰,0,4,4,0,,,strict_backbone
寒衣征募运动,0,6,2,0,,,strict_backbone
昭通第二次建党,1,8,5,0,,,strict_backbone
组织暗杀,0,4,1,0,,,strict_backbone
解放蚌埠准备,0,1,1,0,,,strict_backbone
建立永绥联络点,0,5,3,0,,,strict_backbone
赣江会议,0,2,2,0,,,strict_backbone
诉苦查整运动,0,3,0,0,,,context_only
广南县城攻克,0,2,0,0,,,context_only
澜沧江转移行动,0,2,2,0,,,strict_backbone
突围行动,0,20,5,1,,,strict_backbone
捉拿黄大洲,0,1,1,0,,,strict_backbone
湖北板桥战斗,0,2,0,0,,,context_only
组织抗日武装,0,4,0,1,,,context_only
审判不法地主,0,2,1,0,,,strict_backbone
北伐宣传活动,0,3,2,0,,,strict_backbone
娄山关战役,2,18,12,1,,,strict_backbone
罗波大队,0,2,0,0,,,context_only
分田运动,3,18,9,0,,,strict_backbone
新民主主义青年团团员发展,0,2,2,0,,,strict_backbone
淮阴之战,0,6,4,1,,,strict_backbone
三·一八革命斗争,0,1,0,0,,,context_only
三女师事件,0,3,0,0,,,context_only
秋收起义队伍,0,3,0,0,,,context_only
击退滇军,0,2,2,0,,,strict_backbone
黄桥大捷,1,5,5,0,,,strict_backbone
苏家子圈剿匪,0,1,0,0,,,context_only
生产制度建立,0,3,0,0,,,context_only
建党活动,0,3,1,1,,,strict_backbone
告密抓捕,0,4,2,0,,,strict_backbone
新兵训练,0,3,1,0,,,strict_backbone
反扫荡反清剿,0,2,2,0,,,strict_backbone
黎明前的战斗,0,2,0,0,,,context_only
军民群众工作,0,1,1,0,,,strict_backbone
回忆对比,1,2,1,0,,,strict_backbone
三十六人秘密集会,0,5,1,0,,,strict_backbone
盐埠会议,0,2,2,0,,,strict_backbone
反总体战斗争,0,4,2,0,,,strict_backbone
射洪特支被破坏事件,0,6,0,0,,,context_only
长征、过雪山草地,0,0,0,0,,,isolated
芝山战斗,0,3,3,0,,,strict_backbone
战略转移足迹,0,1,0,0,,,context_only
便衣队借枪,0,3,3,0,,,strict_backbone
蓬溪县城进攻战,0,6,0,0,,,context_only
施秉县大金乡土地改革运动,0,6,0,0,,,context_only
老君洞保卫战,0,1,1,0,,,strict_backbone
鱼塘岭伏击战,0,3,3,0,,,strict_backbone
攻打开县温泉,0,2,0,0,,,context_only
抗捐反蒋示威大游行,0,6,6,0,,,strict_backbone
临泉县支援淮海战役,0,2,2,0,,,strict_backbone
西河行委成立,0,2,0,0,,,context_only
游击队组建计划,0,2,0,0,,,context_only
杨家门一捷,0,2,0,0,,,context_only
上川苏区反围剿,0,2,2,0,,,strict_backbone
华北解放区,0,3,2,0,,,strict_backbone
江津事变,0,1,1,0,,,strict_backbone
四川潼南武装起义,0,2,2,0,,,strict_backbone
解放后组织恢复,0,2,1,0,,,strict_backbone
豫皖苏四分区组织担架队支前,0,2,2,0,,,strict_backbone
三省边区游击,0,3,2,0,,,strict_backbone
新干革命根据地开辟,0,2,2,0,,,strict_backbone
抗日自卫队溧高县总队部,1,1,1,0,,,strict_backbone
赣中民主联军第五支队成立,0,3,0,0,,,context_only
普选运动,0,3,0,0,,,context_only
江口解放,0,13,3,0,,,strict_backbone
社会主义青年团活动,0,2,2,0,,,strict_backbone
政攻发动群众,0,6,2,0,,,strict_backbone
1933-1935年党组织破坏事件,0,1,0,0,,,context_only
开展政治斗争,0,1,0,0,,,context_only
胶河战役,0,3,3,0,,,strict_backbone
华中局扩大会议,1,4,3,0,,,strict_backbone
总结留守斗争教训,0,2,2,0,,,strict_backbone
紫云抗日救亡运动,1,4,2,1,1941-01-01,1941-12-31,strict_backbone
南京起义,0,3,0,0,,,context_only
高圩战斗,0,1,0,0,,,context_only
桂林攻城战,0,5,2,0,,,strict_backbone
围剿行动,0,1,1,0,,,strict_backbone
陡口阻击战,0,2,2,0,,,strict_backbone
税警队,0,8,0,0,,,context_only
红一军团先头师过河行动,0,6,0,0,,,context_only
国民革命军北伐,0,19,7,2,,,strict_backbone
黔西北革命斗争,0,6,2,0,,,strict_backbone
防疫卫生运动,0,3,0,0,,,context_only
反饥饿、求生存、争民主斗争,0,2,0,0,,,context_only
谷陇围歼战第二阶段强攻,0,4,1,0,,,strict_backbone
曹老集阻击战,0,5,3,0,,,strict_backbone
反共联防/叛军为匪,0,1,0,0,,,context_only
三自爱国运动,0,5,1,0,,,strict_backbone
洋界保卫战,1,1,1,0,,,strict_backbone
《凤凰城》公演,0,3,3,0,,,strict_backbone
中国共产党早期妇女运动,0,2,0,0,,,context_only
立功赎罪,0,6,0,0,,,context_only
戴季陶主义批判运动,0,4,4,0,,,strict_backbone
接管平坝县政权,0,1,1,0,,,strict_backbone
学生斗争活动,0,1,0,0,,,context_only
谈判争取中立,0,4,3,0,,,strict_backbone
马列主义著作运输行动,0,3,0,0,,,context_only
白云区土改,0,3,0,0,,,context_only
农军围攻长沙,1,6,1,1,,,strict_backbone
双减运动/民兵发展,0,1,0,0,,,context_only
月亮山农民起义,0,5,3,1,,,strict_backbone
松木坪群众大会,0,3,2,0,,,strict_backbone
荣昌解放,0,7,2,0,,,strict_backbone
余集战斗,0,2,2,0,,,strict_backbone
韭菜冲丫口战斗现场,0,3,0,0,,,context_only
应聘任教,0,3,1,0,,,strict_backbone
横沟寺暴动,0,23,8,0,,,strict_backbone
南昌沦陷,0,3,0,0,,,context_only
抢渡行动,0,3,0,0,,,context_only
九一八事变十年纪念,0,2,0,0,,,context_only
保护中小工商业政策,0,3,1,0,,,strict_backbone
陆良县马街战斗,0,3,0,0,,,context_only
农民示威,0,1,0,0,,,context_only
泰兴武装暴动,0,5,3,1,,,strict_backbone
唐涂丹追悼大会,0,3,0,0,,,context_only
天生大顺国天兵团,0,5,0,0,,,context_only
国民党县党部,0,23,0,0,,,context_only
新桥战斗,0,3,3,0,,,strict_backbone
红军西窜行动,0,10,0,1,,,context_only
石首县旅汉同乡会,1,2,2,0,,,strict_backbone
统战海匪/共同抗日,0,10,5,0,,,strict_backbone
锡矿山工人武装讨逆行动,0,5,3,0,,,strict_backbone
淮南抗日斗争,0,6,1,1,,,strict_backbone
南溪军家坪暴动,0,1,1,0,,,strict_backbone
光化暴动,0,3,3,0,,,strict_backbone
解放区见闻介绍,0,1,0,0,,,context_only
普定接管旧政权,0,3,1,0,,,strict_backbone
黄西大队,0,3,0,0,,,context_only
民主同盟,0,10,1,1,,,strict_backbone
《革新社》、《新滇社',0,1,1,0,,,strict_backbone
法庭对峙,0,5,3,1,,,strict_backbone
眉山专区各县解放,0,3,0,0,,,context_only
全国互济总会总教部,0,3,0,1,,,context_only
团四全大会,0,3,1,0,,,strict_backbone
直溪会议与短枪队组建,0,5,2,0,,,strict_backbone
剿匪战争,0,6,1,0,,,strict_backbone
王明“左”倾机会主义路线,0,3,0,0,,,context_only
书写苏维埃政权标语,0,6,2,1,,,strict_backbone
九·五万县惨案,0,2,0,0,,,context_only
党的十三届六中全会,0,3,0,0,,,context_only
晓钟壁报斗争,1,2,2,0,,,strict_backbone
改造党改造干部,0,1,0,0,,,context_only
重庆百子巷会议,0,3,0,0,,,context_only
成立反共救国自卫军,0,2,0,0,,,context_only
强攻色尔岭,0,1,0,0,,,context_only
输送青年知识分子到解放区,0,2,2,0,,,strict_backbone
翟灵大队,0,3,1,1,,,strict_backbone
云鹤山战斗,0,1,1,0,,,strict_backbone
晏湾会议,0,1,0,0,,,context_only
云南边疆土改,0,3,0,1,,,context_only
当阳瓦仓暴动,2,2,2,0,,,strict_backbone
长征途中/战斗中牺牲,0,2,0,0,,,context_only
县侦察队,0,1,0,0,,,context_only
第一次‘围剿’,0,4,3,0,,,strict_backbone
党史编写,0,1,0,0,,,context_only
夹金山会师,0,6,1,1,,,strict_backbone
策动自卫团反正,0,2,1,0,,,strict_backbone
清明节扫墓,0,3,0,0,,,context_only
后乡人民武装起义,1,2,2,1,1927-01-01,1927-12-31,strict_backbone
黔桂边革命斗争,0,1,1,0,,,strict_backbone
九·二火灾事件,0,2,2,0,,,strict_backbone
大阴山起义,0,3,0,0,,,context_only
爱国增产运动,0,1,1,0,,,strict_backbone
反特务争自由运动,0,3,1,1,,,strict_backbone
黄墟庄歼敌战,0,3,1,0,,,strict_backbone
镇远战斗,0,1,0,0,,,context_only
湘鄂西党的四大,0,1,0,0,,,context_only
烈士追悼移葬,0,3,1,0,,,strict_backbone
独立二师成立与作战,0,4,4,0,,,strict_backbone
江潭碉堡战斗,0,3,0,1,,,context_only
黔江县城攻城战,0,2,2,0,,,strict_backbone
揭露匪特罪行/人民镇压反革命,0,1,0,0,,,context_only
蒋介石反革命事变,0,3,0,0,,,context_only
崇阳县农民协会斗争,0,2,0,1,,,context_only
仁怀县核心小组,1,9,1,0,,,strict_backbone
第十八师第52旅,0,3,1,0,,,strict_backbone
江西省苏维埃政府成立,0,2,0,0,,,context_only
淮南煤矿护矿斗争,1,3,3,0,,,strict_backbone
建立乡苏维埃政权,0,1,0,0,,,context_only
马刀队接受改编,0,2,2,0,,,strict_backbone
军事工作,1,7,1,0,,,strict_backbone
九·三起义,2,39,9,1,,,strict_backbone
人民币推行运动,0,4,2,0,,,strict_backbone
浩安兵变,0,2,2,0,,,strict_backbone
《红灯》周刊复刊,0,1,0,0,,,context_only
彭正兴,0,2,0,0,,,context_only
泗东战斗,0,3,3,0,,,strict_backbone
拓荒社,0,4,0,0,,,context_only
《渡黄河》,0,6,0,0,,,context_only
个旧护乡第八团组建,1,5,3,0,,,strict_backbone
苏浙军区反顽斗争,0,1,0,0,,,context_only
土地革命大暴动,0,3,0,0,,,context_only
整风检查组,0,3,0,0,,,context_only
抵制外国商品和经济斗争,0,1,1,0,,,strict_backbone
边疆武装斗争,0,3,1,1,,,strict_backbone
淮南电厂地下斗争,0,3,0,1,,,context_only
木门镇战斗,0,3,3,0,,,strict_backbone
学潮镇压事件,0,1,1,0,,,strict_backbone
江西一省首先胜利,0,3,0,0,,,context_only
红军撤离阵地/掩护会师,0,1,0,0,,,context_only
加入六一社与参加学运入党,0,3,1,0,,,strict_backbone
游击侦察与解放新海,0,2,2,0,,,strict_backbone
机要通信,0,1,1,0,,,strict_backbone
解放丰都县城,2,6,3,0,,,strict_backbone
安庆事件,0,1,0,0,,,context_only
智破交通警备队抢劫案,0,3,0,0,,,context_only
马列主义小组,0,4,0,0,,,context_only
讷言社,0,4,2,0,,,strict_backbone
自卫队组织,0,3,1,1,,,strict_backbone
小五队,0,6,0,1,,,context_only
学员思想转变,0,6,1,1,,,strict_backbone
舟山解放,1,3,1,0,,,strict_backbone
百万雄师过大江,0,3,0,0,,,context_only
神兵北伐丰都县城,2,8,8,0,,,strict_backbone
运粮支前工作,0,7,2,1,,,strict_backbone
查尼皮村会议,0,3,3,0,,,strict_backbone
筹粮支援前线,0,2,0,0,,,context_only
调虎离山计,0,4,1,0,,,strict_backbone
革命回忆录座谈会,0,3,1,0,,,strict_backbone
杭州市第一届各界人民代表会议,0,5,3,0,,,strict_backbone
白仓起义/阻击敌军,0,2,2,0,,,strict_backbone
温朝钟起义,0,1,1,0,,,strict_backbone
士兵哗变,0,12,1,0,,,strict_backbone
苏皖边区城市工作会议,1,2,2,2,1945-01-01,1945-01-31,strict_backbone
1938年党员学习班,0,2,2,0,,,strict_backbone
荷桥程家战斗,0,13,6,1,,,strict_backbone
宿县市民大会,0,3,1,1,,,strict_backbone
湘赣战役,1,10,8,0,,,strict_backbone
和平运动,0,4,2,0,,,strict_backbone
汉阳铁厂大罢工,0,3,0,0,,,context_only
淮海区党委会议,0,6,1,0,,,strict_backbone
驾教二团驻清水塘,0,3,1,0,,,strict_backbone
周文部,0,6,1,1,,,strict_backbone
开办酒糟厂隐蔽斗争,0,1,0,0,,,context_only
掩护党的工作/被捕受刑,0,2,1,0,,,strict_backbone
"瓦解还乡团,干部坚持斗争",0,1,1,0,,,strict_backbone
武装工作队成立,0,1,0,0,,,context_only
马厂街‘八百条扁担大游行’,0,3,1,0,,,strict_backbone
杨楼村伏击战,1,1,1,0,,,strict_backbone
新四军会师,0,2,0,0,,,context_only
军民共架者坪桥,1,4,3,0,,,strict_backbone
发动群众/访苦诉苦/三勤三起,0,3,1,0,,,strict_backbone
南雄始兴解放区,0,1,0,0,,,context_only
江边战役,0,2,0,0,,,context_only
粮食收集,0,3,0,0,,,context_only
湖北抗日独立大队,0,6,2,0,,,strict_backbone
剿匪征粮救灾,0,1,0,0,,,context_only
威宁解放,0,6,0,0,,,context_only
1928年农暴事件,0,4,2,0,,,strict_backbone
抗日宣传,7,65,18,1,,,strict_backbone
转高级社动员,0,3,1,0,,,strict_backbone
八一革命,1,13,3,1,,,strict_backbone
星期六义务劳动,0,1,1,0,,,strict_backbone
起义缴械,0,3,2,0,,,strict_backbone
上海文化界救国会第二次救国运动,0,2,2,1,1930-01-01,1930-12-31,strict_backbone
湖南农运,0,7,4,0,,,strict_backbone
起义士兵战斗,0,4,3,0,,,strict_backbone
西南战役,0,10,6,0,1949-01-01,1949-12-31,strict_backbone
叶挺独立团成立,1,2,2,0,,,strict_backbone
泰和三十都暴动,4,7,7,0,,,strict_backbone
万安农民暴动,2,9,3,0,,,strict_backbone
东固党小组,1,3,2,0,,,strict_backbone
征粮征税,0,2,0,0,,,context_only
强渡大渡河,0,186,0,0,,,context_only
抗日救国学潮,0,1,1,0,,,strict_backbone
汪精卫分共会议,0,2,2,0,,,strict_backbone
大新庄事件,2,4,2,0,,,strict_backbone
募新兵,0,2,2,0,,,strict_backbone
民兵队伍,0,14,0,0,,,context_only
林祥阻击战,0,1,0,0,,,context_only
宣达战役,4,22,7,1,,,strict_backbone
平粜斗争,0,2,2,0,,,strict_backbone
王子城反摩擦战斗,0,3,3,0,,,strict_backbone
秋收暴动,24,184,110,4,1927-09-01,1927-09-30,strict_backbone
干校招生工作,0,1,1,0,,,strict_backbone
曹圩战斗,0,2,2,0,,,strict_backbone
张大路战斗,0,5,3,0,,,strict_backbone
放下包袱开动机器,0,3,0,0,,,context_only
安顺专区学生代表大会,0,1,0,0,,,context_only
成都学生抗议运动,0,2,2,0,,,strict_backbone
长沙‘六一’惨案,0,3,0,0,,,context_only
自卫团反正,0,2,2,0,,,strict_backbone
25师入湘攻城,0,2,0,0,,,context_only
反扫荡行动,0,2,2,0,,,strict_backbone
被捕关押,0,3,0,0,,,context_only
南岗反‘扫荡’,0,6,0,1,,,context_only
战后复员清剿,0,5,3,0,,,strict_backbone
王耀云匪帮,0,3,0,0,,,context_only
义卖宣传活动,1,11,1,0,,,strict_backbone
抗日爱国运动被破坏,0,2,0,0,,,context_only
雪耻会斗争,0,3,1,0,,,strict_backbone
游击路线转变,0,3,0,0,,,context_only
少数民族干部培养政策,0,6,2,0,,,strict_backbone
纳雍县城解放,0,2,2,0,,,strict_backbone
第二届各界人民代表会议,0,5,0,0,,,context_only
万安乡青年假期工读会,0,1,1,0,,,strict_backbone
老鸦山战斗,0,2,2,0,,,strict_backbone
程道口战役,2,16,6,1,,,strict_backbone
建立中共龙洲师范支部,0,6,0,0,,,context_only
德漠克拉西社,0,6,0,0,,,context_only
羊场坝事件,1,5,5,0,,,strict_backbone
红花木箐围歼战,0,1,1,0,,,strict_backbone
游击课堂,0,3,1,0,,,strict_backbone
张少华叛变,0,3,0,0,,,context_only
李延年兵团,0,9,0,0,,,context_only
解放军进城事件,0,3,1,0,,,strict_backbone
云霖互助会,0,3,2,0,,,strict_backbone
西进抢渡金沙江,1,3,1,0,,,strict_backbone
插中办学事件,1,5,3,0,,,strict_backbone
省委工作会议,0,6,0,0,,,context_only
全军党的干部会议,0,1,0,0,,,context_only
二、六军团会师,1,18,2,1,,,strict_backbone
赣南工农干部训练班,3,5,4,0,,,strict_backbone
送寒衣运动,0,2,2,0,,,strict_backbone
国民会议促成会全国代表大会,1,9,8,0,,,strict_backbone
盐阜解放区,0,3,0,0,,,context_only
新厂战役,3,4,3,0,,,strict_backbone
第二次劳动大会,0,2,2,0,,,strict_backbone
三结合教学法,0,3,0,1,,,context_only
加紧士兵运动,0,1,0,0,,,context_only
乌蒙山区迂回作战,0,1,0,0,,,context_only
王狗,0,2,0,0,,,context_only
南泥湾开荒,1,2,2,0,,,strict_backbone
举行武装暴动誓师大会,0,2,0,0,,,context_only
职工运动人才,0,3,0,0,,,context_only
进贤县解放,0,3,0,0,,,context_only
老木孔之战,1,5,2,0,,,strict_backbone
阻止围剿,0,1,0,0,,,context_only
宣传群众/公平买卖,0,3,3,0,,,strict_backbone
党的活动分子会议,0,1,0,0,,,context_only
五四反帝爱国运动,0,2,2,0,,,strict_backbone
缉私局,1,6,2,0,,,strict_backbone
反“清乡”第二阶段反封锁斗争,0,5,1,0,,,strict_backbone
新四军被围断粮事件,0,3,0,3,,,context_only
富城沦陷,0,3,0,0,,,context_only
秘密工作组织建设,0,1,1,0,,,strict_backbone
收复城市与处理伪组织,0,2,2,0,,,strict_backbone
三营罢工,0,2,0,0,,,context_only
索发欠饷风潮,1,3,3,0,,,strict_backbone
民主建国会总会常务理事联席会议,0,2,2,0,1949-01-01,1949-12-31,strict_backbone
内科外科诊治,0,1,0,0,,,context_only
联中师生征粮工作,0,6,0,2,,,context_only
截断铁路线,0,3,2,0,,,strict_backbone
苏区革命互济总会,1,3,1,1,,,strict_backbone
王明的'左'倾机会主义路线,0,3,1,0,,,strict_backbone
李闻案,1,4,4,0,,,strict_backbone
全国各界救国联合总会,0,4,2,0,,,strict_backbone
《在七届二中全会上的讲话》(节录),0,1,0,0,,,context_only
罗朝良被捕,0,3,0,0,,,context_only
屠松龄突围及姜梅瑞受刑,0,4,2,0,,,strict_backbone
周家浜战斗,0,4,4,0,,,strict_backbone
周城战役,4,16,10,1,1943-01-01,1943-12-31,strict_backbone
政权改造,0,3,1,0,,,strict_backbone
蓬溪地下党组织破坏事件,0,6,1,0,,,strict_backbone
革大二期、四期,0,0,0,0,,,isolated
国民党镇压行动,0,1,0,0,,,context_only
《青岛风云》,0,2,2,0,,,strict_backbone
平抑粮价运动,0,2,0,0,,,context_only
《斗争》《工农兵》,0,3,0,0,,,context_only
农民识字班,1,18,2,1,,,strict_backbone
农业合作化运动,4,24,21,1,1951-01-01,1951-12-31,strict_backbone
苏北发展策略,0,6,2,1,,,strict_backbone
怀玉山被俘,0,2,0,0,,,context_only
泗阳香城会议,0,1,0,0,,,context_only
皖西事件,0,2,0,0,,,context_only
徐海仑县联席会议,0,3,1,0,,,strict_backbone
反攻衙前与突围寻找师部,0,3,3,0,,,strict_backbone
怀宁县大队成立,0,2,1,0,,,strict_backbone
追击顽军,0,1,1,0,,,strict_backbone
沙磁区抗日救亡运动,3,3,3,0,,,strict_backbone
工人运动抗争,0,5,2,1,1949-01-01,1949-12-31,strict_backbone
阜阳工作团,0,2,0,0,,,context_only
刘老庄战斗,1,2,2,0,,,strict_backbone
长征与抗战,0,2,1,0,,,strict_backbone
转移,0,1,0,0,,,context_only
矿工斗争,0,1,1,0,,,strict_backbone
土改后农民反映,0,3,1,1,,,strict_backbone
清寒同学劝募助学金运动,0,5,0,0,,,context_only
白洋暴动,0,1,1,0,,,strict_backbone
北撤善后,0,1,0,0,,,context_only
会师黎平,0,2,0,0,,,context_only
沙磁区党委成立,0,3,0,0,,,context_only
放弃湘黔边根据地/西移,0,2,0,0,,,context_only
“江永”轮爆炸事件,0,1,0,0,,,context_only
寻甸游击大队,0,15,4,0,,,strict_backbone
‘前哨社’,0,6,4,0,,,strict_backbone
中共川滇黔省委员会成立,0,4,4,0,,,strict_backbone
刻碑与书写抗日反蒋标语,0,4,1,0,,,strict_backbone
下新河王母观乡搜剿,0,3,1,0,,,strict_backbone
红二团教导队,0,3,2,0,,,strict_backbone
华南地区解放,0,2,2,0,,,strict_backbone
赣北会议,1,2,2,0,,,strict_backbone
建水县武装起义,0,1,1,0,,,strict_backbone
中央苏区反围剿斗争,0,2,0,0,,,context_only
云南解放,0,10,5,0,,,strict_backbone
斜桥伏击战(第二阶段),0,6,4,0,,,strict_backbone
判决会,0,4,2,0,,,strict_backbone
台江姊妹团,0,2,0,0,,,context_only
南京学习活动,0,6,6,0,,,strict_backbone
抗日战争活动,0,3,1,0,,,strict_backbone
守卡搜匪,2,2,2,0,,,strict_backbone
川大队伍,0,6,3,1,,,strict_backbone
肃清犯罪行动,0,6,0,0,,,context_only
学风与文风学习,0,2,2,0,,,strict_backbone
突破第四道封锁线及渡湘江政治动员,0,1,0,0,,,context_only
四月事件,0,1,0,0,,,context_only
五爱教育,0,3,0,0,,,context_only
中共酃县县委成立,0,2,0,0,,,context_only
攻占樟树镇战斗,1,5,5,0,,,strict_backbone
争取工作,0,1,1,0,,,strict_backbone
反攻开始问题/初战,0,1,0,0,,,context_only
起义战士,0,1,0,0,,,context_only
瑞有天茶食糖果店劳资纠纷事件,0,4,4,0,1949-01-01,1949-12-31,strict_backbone
宣传队下乡运动,0,2,2,0,,,strict_backbone
诉苦反霸,0,2,2,0,,,strict_backbone
掩护身份传播革命火种,0,6,0,0,,,context_only
黔东北土匪围歼行动,0,2,2,0,,,strict_backbone
收入增加,0,2,1,0,,,strict_backbone
陈道口战役,0,5,5,1,1942-01-01,1942-12-31,strict_backbone
百子山地区开辟行动,0,5,2,0,,,strict_backbone
涟水常备独立中队,0,2,2,0,,,strict_backbone
文字宣传,0,3,1,0,,,strict_backbone
滇缅边境防御部署,0,1,0,0,,,context_only
涡亳县大队,0,3,2,0,,,strict_backbone
国民党清剿与政治攻势,1,4,3,0,,,strict_backbone
反对苛捐杂税斗争,0,7,5,0,1928-01-01,1928-12-31,strict_backbone
宝应县城收复战斗,0,5,3,0,,,strict_backbone
仁寿和平解放,0,11,4,0,,,strict_backbone
武汉电信局地下斗争,0,6,0,0,,,context_only
苏维埃人员选举,0,3,0,0,,,context_only
《新生周报》,0,1,0,0,,,context_only
皖西抗日群众团体,0,3,0,0,,,context_only
附录,0,3,0,0,,,context_only
吴信元部起义,0,3,0,0,,,context_only
北伐革命,2,8,4,0,,,strict_backbone
阳长海子峡谷战斗,0,2,2,0,,,strict_backbone
双河乡政权斗争,0,1,1,0,,,strict_backbone
开远解放,0,3,3,0,,,strict_backbone
山子头事件,0,6,3,0,,,strict_backbone
赛启瑞三兄弟,0,3,1,0,,,strict_backbone
全国苏区共青团第一次代表大会,0,3,1,0,,,strict_backbone
上海救亡运动,0,2,2,0,1949-01-01,1949-12-31,strict_backbone
口头庄抗日武装,1,2,2,0,,,strict_backbone
马龙歼灭战,0,1,0,0,,,context_only
六纵,0,10,2,0,,,strict_backbone
各地农民游击战争发展,0,3,1,0,,,strict_backbone
长紫惠战役与斗蓬冲战斗,0,4,1,1,,,strict_backbone
工人组织,0,3,0,1,,,context_only
行军生活困难,0,2,0,0,,,context_only
虎南区武装斗争,0,1,1,0,,,strict_backbone
槎源坞会议,0,2,0,0,,,context_only
三县联席会议,0,2,2,0,,,strict_backbone
平山战斗,0,3,0,0,,,context_only
义门战斗,0,4,4,0,,,strict_backbone
政治辩论/批判改良主义/抗议代电,0,1,1,0,,,strict_backbone
赣西区农民暴动,0,2,2,0,,,strict_backbone
西南民主联军川东纵队四支队起义,0,5,2,0,,,strict_backbone
毕节地区征粮工作,0,3,0,0,,,context_only
晏容秋处决事件,0,2,2,0,,,strict_backbone
玉田县农民起义,0,2,2,0,,,strict_backbone
武汉学生助学运动联合会,0,2,0,0,,,context_only
黔东反共救国军,0,6,0,0,,,context_only
四川籍解放战士,0,2,0,0,,,context_only
组织史资料整理,1,6,1,0,,,strict_backbone
土特产销售与贷款协调,0,3,2,0,,,strict_backbone
搞武装准备与改造政权,0,2,2,0,,,strict_backbone
济南战役,2,7,4,0,,,strict_backbone
红军渡金沙江北上行动,0,5,1,0,,,strict_backbone
大东书局工人罢工,0,2,2,0,,,strict_backbone
惠水剿匪斗争,0,2,0,0,,,context_only
年收粮会议,0,1,0,0,,,context_only
海员罢工,1,8,4,1,,,strict_backbone
林彪部攻城,0,3,1,0,,,strict_backbone
搜山围剿与击毙匪首,0,4,0,0,,,context_only
抗日政权建设,0,2,1,0,,,strict_backbone
红四军分兵行动,0,2,2,0,,,strict_backbone
何家场起义,1,11,10,0,1949-12-03,1949-12-03,strict_backbone
国共合作谈判与叛徒诱骗,0,3,0,0,,,context_only
活捉敌魁行动,0,2,2,0,,,strict_backbone
新干解放纪略,0,1,0,0,,,context_only
东乡民团暴动,0,15,2,1,,,strict_backbone
剿匪会剿,0,2,0,0,,,context_only
三抗斗争,6,116,63,1,,,strict_backbone
六届七中全会,0,1,0,0,,,context_only
整顿党的组织工作,0,3,0,0,,,context_only
抗捐斗争,4,47,21,1,,,strict_backbone
枝柘坪整编,0,3,0,0,,,context_only
宁乡起义,3,3,3,0,,,strict_backbone
识字班/冬学班/夜校,0,0,0,0,,,isolated
叶柳湖暴动,0,1,1,0,,,strict_backbone
桃峪伏击战,0,3,3,0,,,strict_backbone
铜山战斗,4,52,22,1,,,strict_backbone
抗日活动,3,24,7,1,,,strict_backbone
昭通学生民主运动,1,3,1,0,,,strict_backbone
夜校活动,0,6,1,0,,,strict_backbone
回忆解放初史料,0,1,0,0,,,context_only
茶陵城攻占事件,1,4,4,0,,,strict_backbone
第四次全国代表大会,1,3,1,1,1925-01-01,1925-01-31,strict_backbone
红九师会合,0,4,4,0,,,strict_backbone
解放镇远城,0,2,0,0,,,context_only
恢复生产,0,6,1,0,,,strict_backbone
上饶县西北乡革命运动,0,3,3,0,,,strict_backbone
游击队集中整训,0,3,2,0,,,strict_backbone
七政训练班特支,0,6,0,0,,,context_only
坞头农民武装暴动,0,2,2,0,,,strict_backbone
赤匪第二军第五师进攻玉屏事件,0,5,3,0,1936-01-04,1936-01-04,strict_backbone
瓮朗八烈士牺牲,0,4,0,0,,,context_only
杨案事件,0,4,2,0,,,strict_backbone
湘南扩大化运动,0,4,4,0,,,strict_backbone
挖色武装暴动,0,1,0,0,,,context_only
江西青年抗敌服务团,0,3,0,0,,,context_only
瓦解乌江防线,0,3,0,0,,,context_only
奉化暴动,2,9,9,0,,,strict_backbone
将军山伏击战,1,14,9,1,,,strict_backbone
红四军前委扩大会议,0,1,0,0,,,context_only
处决惯匪刘世元/岳元、毕朝芳,0,1,1,0,,,strict_backbone
中国战时经济计划,0,2,1,0,,,strict_backbone
武装冲突,0,1,0,0,,,context_only
扬子江暴动,3,4,4,0,,,strict_backbone
梯子岩撤退,0,3,0,1,,,context_only
遵义城内空袭事件,0,3,0,0,,,context_only
扫除外敌,0,3,3,0,,,strict_backbone
行营事件,0,2,2,0,,,strict_backbone
盛子瑾被撤职,0,3,0,0,,,context_only
茶陵县政权建设,0,4,2,0,,,strict_backbone
皖南事变突围,0,2,2,0,,,strict_backbone
萍矿罢工,0,6,1,0,,,strict_backbone
永久实际团结会,0,2,0,0,,,context_only
解放铜仁,0,3,2,0,,,strict_backbone
古田会议决定,0,1,0,0,,,context_only
梵净山游击战斗,3,6,4,1,,,strict_backbone
叙蓬镇战斗,0,2,2,0,,,strict_backbone
黄麻起义,7,82,55,4,,,strict_backbone
五次反‘围、围剿’,0,1,0,0,,,context_only
黄陂战斗,0,8,6,0,,,strict_backbone
游击队成立,0,1,1,0,,,strict_backbone
南昌外围战斗,0,3,0,0,,,context_only
农运训练班,0,2,2,0,,,strict_backbone
废除旧币/确立人民币本位,0,1,0,0,,,context_only
成都人力车工人罢工,2,2,2,0,,,strict_backbone
茶陵革命活动,0,4,2,1,,,strict_backbone
太平店萧庄暴动,0,4,2,0,,,strict_backbone
拖枪上山行动,0,5,2,0,,,strict_backbone
反清剿北撤,0,1,0,0,,,context_only
籍田地区武装暴动,1,12,5,0,,,strict_backbone
支前运输运动,0,7,0,0,,,context_only
土改计划,0,5,3,1,,,strict_backbone
抗美援朝/青年参军,0,1,0,0,,,context_only
南昌戒严司令部,0,3,0,1,,,context_only
反对军阀与迷信,0,2,1,0,,,strict_backbone
开展革命宣传,0,3,1,0,,,strict_backbone
南龛反击战,1,20,11,0,,,strict_backbone
剿匪解放罗甸,0,2,2,0,,,strict_backbone
迎接解放配合接管,0,5,1,0,,,strict_backbone
摆拉寨战斗,0,2,2,0,,,strict_backbone
重庆女二师择师运动,0,6,1,1,,,strict_backbone
栗源堡城暴动,0,1,0,0,,,context_only
七君子之狱,0,2,1,0,,,strict_backbone
单线领导,0,1,0,0,,,context_only
上饶县苏区反第五次‘围剿’斗争,0,2,2,0,,,strict_backbone
工农斗争,0,6,2,0,,,strict_backbone
青年联谊会,1,12,2,0,,,strict_backbone
江川县工作委员会成立,1,5,1,0,,,strict_backbone
赣东北行动委员会扩大会议,0,2,0,0,,,context_only
毛泽东、朱德率红军长征,0,0,0,0,,,isolated
拉壮丁事件,0,3,1,0,,,strict_backbone
《血海沉冤》,0,3,0,0,,,context_only
红四方面军西进/土门战役序幕,0,1,1,0,,,strict_backbone
永新调查,0,1,0,0,,,context_only
饮马长江,0,1,0,0,,,context_only
齐展战役部署,0,5,5,0,1940-01-01,1940-12-31,strict_backbone
保卫大武汉战役,0,2,2,0,,,strict_backbone
尹刘事件,6,14,9,0,,,strict_backbone
新兵补充营,0,3,0,0,,,context_only
宣威虎头山之战,0,3,1,1,,,strict_backbone
六·二学生运动,0,5,3,0,,,strict_backbone
分析抗战危机,0,3,0,0,,,context_only
鄂西北军区成立,2,5,2,0,,,strict_backbone
土司统治,0,3,0,0,,,context_only
反第五次围剿,0,9,2,1,,,strict_backbone
刀靶水战斗,0,1,0,0,,,context_only
接管剑河工作队,0,6,0,0,,,context_only
接管建政,2,9,4,1,,,strict_backbone
战略转移决策,0,2,2,0,,,strict_backbone
青黄不接斗争,0,1,0,0,,,context_only
战略反攻决战,0,3,1,0,,,strict_backbone
南京市失业青年大同盟,0,4,0,0,,,context_only
中共中央对张国焘进行耐心说服和严肃斗争,0,1,0,0,,,context_only
鲁础营暴动,1,2,1,0,,,strict_backbone
土匪袭击,0,9,1,0,,,strict_backbone
河南武装农民代表大会,0,1,0,1,,,context_only
漾桥新桥战役,1,2,2,1,1943-01-01,1943-12-31,strict_backbone
工运斗争,0,2,2,0,,,strict_backbone
京沪苏杭16校教育危机联合会,0,2,0,0,,,context_only
少城公园集会,0,2,2,0,,,strict_backbone
枪毙官吏,0,2,1,0,,,strict_backbone
滇西北解放斗争,0,2,2,0,,,strict_backbone
周旋逃脱/被救助,0,3,1,0,,,strict_backbone
暴动准备,0,1,1,0,,,strict_backbone
迎接南下野战军,0,3,0,0,,,context_only
强渡潇水攻城,0,2,0,0,,,context_only
李家特支,0,1,0,0,,,context_only
沙市解放,2,29,10,0,1949-07-01,1949-07-31,strict_backbone
战场与饭堂规则,0,4,1,0,,,strict_backbone
土地制度改革运动,0,3,0,0,,,context_only
武汉工人罢工斗争,0,3,0,0,,,context_only
溆浦县委成立,0,1,0,0,,,context_only
湘潭会战,0,2,2,0,,,strict_backbone
绥崇丹懋战役,2,3,2,0,,,strict_backbone
战时民众训练班,0,3,0,0,,,context_only
打富济贫,1,31,5,1,,,strict_backbone
鄂北农民银行,1,16,3,2,,,strict_backbone
发动全县武装起义,0,1,1,0,,,strict_backbone
盘北游击大队成立,2,4,4,0,,,strict_backbone
寻乌暴动准备,0,1,1,0,,,strict_backbone
滇西挺进,0,6,0,0,,,context_only
毫县抗日工作团,0,3,2,0,,,strict_backbone
新县第一次农民代表大会,0,3,1,0,,,strict_backbone
四大队战斗,0,2,2,0,,,strict_backbone
印制流通券,0,3,1,1,,,strict_backbone
支前人力物力准备,0,1,0,0,,,context_only
黑山社,0,2,0,0,,,context_only
小学党支部成立,0,1,0,0,,,context_only
加入话剧团抗日宣传,0,2,2,0,,,strict_backbone
培养军地两用人才,2,6,2,0,,,strict_backbone
马良股匪组织活动,0,2,0,0,,,context_only
海安保卫战,0,3,0,0,,,context_only
广汉县苏维埃,1,3,3,0,,,strict_backbone
解放全江西/大西南,0,0,0,0,,,isolated
隆回解放/筹粮支前,0,3,1,0,,,strict_backbone
反内战运动,1,37,13,1,,,strict_backbone
小湾事件,0,4,1,0,,,strict_backbone
全苏大会议,0,3,1,0,,,strict_backbone
七大,0,1,1,0,,,strict_backbone
县委书记联席会议,0,6,1,1,,,strict_backbone
教师索薪请愿运动,0,6,1,0,,,strict_backbone
保卫鸡场粮仓的战斗,2,6,3,1,,,strict_backbone
军政干部培训,0,2,2,0,,,strict_backbone
禁用银元指示,0,1,0,0,,,context_only
旧知识分子安置指示,0,3,0,0,,,context_only
培养党员苗子,0,1,0,0,,,context_only
北碚革命斗争,0,1,0,0,,,context_only
丹阳解放,0,3,0,0,,,context_only
丰乐围歼战斗,0,3,0,0,,,context_only
南繁芜抗日斗争,0,5,3,1,,,strict_backbone
梁山解放,0,2,2,0,,,strict_backbone
五十师医院成立,0,5,3,0,,,strict_backbone
大湖坪整编,1,11,4,0,,,strict_backbone
河口谈判,0,1,1,0,,,strict_backbone
中江县抗日宣传活动,0,4,4,0,,,strict_backbone
密谋策划饮血酒结盟,0,1,0,0,,,context_only
反理费斗争,0,1,0,0,,,context_only
《狂澜旬刊》,0,2,2,0,,,strict_backbone
桃源县总工会成立,0,2,0,0,,,context_only
卫河以北战斗,0,1,1,0,,,strict_backbone
滇北地委成立,0,1,0,0,,,context_only
恳情请愿运动,0,3,1,1,,,strict_backbone
南撤隐蔽与恢复工作,1,1,1,0,,,strict_backbone
廖团进攻坝盘战斗,0,5,3,0,,,strict_backbone
李庚全匪部密谋攻打旧州及八十九军叛变,0,4,1,0,,,strict_backbone
开展学习运动,0,2,0,0,,,context_only
大悲、寺夺枪斗争,0,1,0,0,,,context_only
三省会剿,0,3,0,0,,,context_only
迎接大军渡江,0,8,4,1,,,strict_backbone
洪湖游击战争,0,6,1,0,,,strict_backbone
马光明,0,1,0,0,,,context_only
金竹暴动,0,2,0,0,,,context_only
六·二大行动,0,3,3,0,,,strict_backbone
让房屋送青菜,0,8,4,0,,,strict_backbone
卷烟税风潮,0,3,1,1,,,strict_backbone
苏南敌后抗日民主政权,0,3,3,0,,,strict_backbone
遂溪妇女会改组运动,0,2,2,0,,,strict_backbone
小涧区战斗,0,2,0,0,,,context_only
八一暴动,0,57,23,1,,,strict_backbone
张贴革命标语,0,5,1,1,,,strict_backbone
安庆六·二惨案,0,3,0,0,,,context_only
自发斗争,0,3,0,0,,,context_only
上海工人阶级反帝反封建爱国运动,0,3,0,0,,,context_only
秘密工作建设,0,3,1,1,,,strict_backbone
宜都惨案后援会,0,8,0,0,,,context_only
三·三事件,0,6,3,1,,,strict_backbone
冲破五次围剿,0,3,0,0,,,context_only
着渣村战斗,0,2,2,0,,,strict_backbone
政治工作,1,15,3,0,,,strict_backbone
攻克广南城,0,2,2,0,,,strict_backbone
战训团,0,2,0,0,,,context_only
武汉国民党中央二届三中全会,0,2,2,0,,,strict_backbone
省参议会请愿事件,0,4,4,0,,,strict_backbone
大明厂工会成立事件,0,4,0,0,,,context_only
通兰联防自卫大队,0,1,0,0,,,context_only
淮北民兵,0,3,0,0,,,context_only
剿匪、征粮、土改,0,0,0,0,,,isolated
鸡公垭战斗,0,2,2,0,,,strict_backbone
经公桥区战斗,0,2,2,0,,,strict_backbone
建立自治县与民主选举,0,4,0,0,,,context_only
城市武装起义,0,2,2,1,1949-01-01,1949-12-31,strict_backbone
五沟集枪杀事件,0,3,0,0,,,context_only
抗军驻校运动,0,3,1,0,,,strict_backbone
第二届参政会议,0,3,0,0,,,context_only
广昌会战野战司令部,0,2,2,0,,,strict_backbone
突破第二道封锁线/保境安民,0,1,1,0,,,strict_backbone
南昌学生运动干事会,3,6,3,0,,,strict_backbone
迷惑敌人坚持斗争,0,6,0,0,,,context_only
强渡乌江战役,0,3,0,0,,,context_only
反'围剿'胜利,0,3,3,0,,,strict_backbone
枫香坝解放,0,2,2,0,,,strict_backbone
战略方针争论,0,4,0,0,,,context_only
人民武装,0,14,0,0,,,context_only
黄桥分界镇战斗,0,3,0,0,,,context_only
心声歌咏队/明天合唱团,0,0,0,0,,,isolated
老鹳咀战斗,1,3,2,0,,,strict_backbone
第三战区政治工作会议,0,2,2,0,,,strict_backbone
中共皖西北道委会议,0,3,1,0,,,strict_backbone
白蒲事件,0,1,0,0,,,context_only
建立农村据点与组织合作社,0,1,0,0,,,context_only
马金堡战斗,0,2,0,0,,,context_only
九皋游击大队,0,3,1,0,,,strict_backbone
火烧店事件,0,1,0,0,,,context_only
团练武装改造,0,3,0,0,,,context_only
酃县农民运动,1,13,2,0,,,strict_backbone
木瓜寨战斗,0,6,2,0,,,strict_backbone
围迫西三铺伪军投诚,0,2,0,0,,,context_only
蒋家岭战斗/攻山,0,1,0,0,,,context_only
反战大会,0,1,0,0,,,context_only
抗战建国,0,11,0,0,,,context_only
整党,0,7,1,0,,,strict_backbone
垦丰暴动,0,2,1,1,1927-08-01,1937-07-06,strict_backbone
组建骑兵团,0,5,3,1,,,strict_backbone
秘密农协组织,0,6,0,0,,,context_only
飞行集会,0,6,3,0,,,strict_backbone
江城分裂事件,0,5,2,0,,,strict_backbone
重庆《新年前报》,0,1,0,0,,,context_only
起义南边,0,3,0,0,,,context_only
彭水战役,0,5,2,0,,,strict_backbone
工业建设研究会,0,5,2,0,,,strict_backbone
湖西地区反日寇万人大‘扫荡’,0,3,0,0,,,context_only
清塘上首沙子坪战役,0,1,0,0,,,context_only
南陵青年抗日救亡活动,0,3,0,0,,,context_only
大别山地区斗争,0,4,4,0,,,strict_backbone
修水农民暴动,2,5,4,0,,,strict_backbone
文教研究会学习,0,7,0,0,,,context_only
大定党支部成立,1,2,2,0,,,strict_backbone
沭阳参军运动,0,2,2,1,1941-01-01,1941-12-31,strict_backbone
民协,0,20,9,1,,,strict_backbone
编辑出版《锦江画报》,0,3,2,0,,,strict_backbone
乐文社,1,5,2,1,,,strict_backbone
决定全县撤退,0,3,0,0,,,context_only
粤汉铁路工人大罢工,0,2,2,0,,,strict_backbone
划分阶级成份,1,9,1,0,,,strict_backbone
十五旅,0,3,0,0,,,context_only
应南扩红,0,3,1,0,,,strict_backbone
抗日青年救国团,0,3,2,0,,,strict_backbone
焚烧仇货,0,3,0,0,,,context_only
刺杀汪精卫,0,3,0,0,,,context_only
通道、黎平、猴场会议,0,1,0,0,,,context_only
上海各业工人反日救国联合会,0,2,0,0,,,context_only
刘家坪会议,0,3,2,0,,,strict_backbone
游击区生产,0,3,0,0,,,context_only
安全撤退,0,1,0,0,,,context_only
建立区乡政权,0,4,3,0,,,strict_backbone
江北特区组织,0,15,0,0,,,context_only
召开县人民政府成立大会,0,1,1,0,,,strict_backbone
盐津妇女分会,0,9,4,0,,,strict_backbone
泸西城防大队起义,0,3,3,0,,,strict_backbone
上海南京路、法租界游行示威,1,1,1,0,,,strict_backbone
反美扶日示威游行,0,7,5,0,,,strict_backbone
组织煤业救护队,0,2,0,0,,,context_only
红十军入闽作战,3,9,4,0,,,strict_backbone
临北地区斗争,0,1,1,0,,,strict_backbone
罗克强等五位负责人被杀害,0,3,1,0,,,strict_backbone
土地革命深入开展,0,3,1,0,,,strict_backbone
水利建设,0,3,1,0,,,strict_backbone
绥靖总队起义事件,0,1,1,0,,,strict_backbone
反饥饿、反迫害助学运动,0,1,0,0,,,context_only
云贵川三省绿林武装联络,1,5,5,0,,,strict_backbone
青岩镇剿匪战役,0,3,3,0,,,strict_backbone
彝汉民族团结大会,0,1,0,0,,,context_only
宿城农民运动,0,2,0,0,,,context_only
新中国建设,0,1,0,0,,,context_only
通甸人民暴动,1,3,1,1,,,strict_backbone
苏皖边区政权成立,0,5,2,2,,,strict_backbone
中大柏溪分校党支部成立,0,5,0,0,,,context_only
江东剿匪,1,3,3,0,,,strict_backbone
《雾重庆》,0,3,0,0,,,context_only
旧州剿匪,0,2,2,0,,,strict_backbone
农运发展/济难会成立/反蒋大会,0,2,1,0,,,strict_backbone
万泰县委合并事件,0,3,0,0,,,context_only
甄编山战斗,0,7,6,0,,,strict_backbone
晋绥解放区,0,1,0,0,,,context_only
贵州社会情况研究,0,3,0,0,,,context_only
明通学生爱国联合会,0,3,0,0,,,context_only
阿加依暴动,1,4,2,0,,,strict_backbone
柯冲战斗,0,1,0,0,,,context_only
美术展览,0,6,1,0,,,strict_backbone
红1军独立旅,0,2,0,0,,,context_only
制造桥板,0,5,3,0,,,strict_backbone
红五军党代会,1,2,2,0,,,strict_backbone
安徽农民运动,0,5,4,0,,,strict_backbone
焚烧日货事件,0,2,0,0,,,context_only
三一七惨案,0,7,1,1,,,strict_backbone
捣毁县衙监狱,0,2,2,0,,,strict_backbone
陆良学运,0,2,0,0,,,context_only
调整工商业,0,3,0,0,,,context_only
敌后游击斗争,0,2,2,0,,,strict_backbone
李庆元遇害,0,1,0,0,,,context_only
喜子岗战斗,0,1,1,0,,,strict_backbone
鄂豫皖边区工农武装割据,0,1,1,0,,,strict_backbone
击毙郭凤鸣/占领长汀/群众工作,0,0,0,0,,,isolated
驱逐土豪劣绅运动,0,6,3,1,1920-01-01,1920-12-31,strict_backbone
解放个旧,0,1,0,0,,,context_only
成立公务员联谊会,2,2,2,0,,,strict_backbone
武汉会战,8,831,289,5,1924-01-01,1949-09-30,strict_backbone
房县战斗,0,11,7,0,,,strict_backbone
处决汉奸李保德,0,2,2,0,,,strict_backbone
改造完成,0,3,1,0,,,strict_backbone
南通解放后职工运动,0,4,2,0,,,strict_backbone
中国共产党中央执行委员会扩大会议,0,3,0,1,,,context_only
藤田暴动,0,4,2,1,1928-06-01,1928-06-30,strict_backbone
派遣回贵州开展地下活动,2,3,2,0,,,strict_backbone
江北青年改进社,1,3,1,0,,,strict_backbone
皖东决战/固守梁园,0,1,1,0,,,strict_backbone
国共两党关系委员会会议,0,3,0,0,,,context_only
宁都暴动,1,13,9,0,,,strict_backbone
老人带路翻雪山与运输队,0,1,0,0,,,context_only
白区经济斗争,0,4,0,0,,,context_only
遭遇战与化装侦察,0,3,1,0,,,strict_backbone
新升降号轮遇袭牺牲,0,2,0,0,,,context_only
红十一军改编,0,2,2,0,,,strict_backbone
湘赣作战,0,6,3,0,,,strict_backbone
八月七日会议,0,1,0,0,,,context_only
镇压反动保长,0,3,3,0,,,strict_backbone
没收分配土豪财物与清剿民团,0,2,0,0,,,context_only
下川东起义,0,2,2,0,,,strict_backbone
三征斗争,0,3,0,0,,,context_only
大坝游击团活动,0,5,3,1,,,strict_backbone
李扩海部起义投诚,0,2,2,0,,,strict_backbone
湘赣第三次会剿,0,6,1,2,,,strict_backbone
朱家璧率领的自救军,0,1,1,0,,,strict_backbone
洪湖子弟兵,0,3,0,0,,,context_only
瓦埠农民暴动示威游行,0,2,2,0,,,strict_backbone
王司公战斗,0,5,3,1,,,strict_backbone
抗日反蒋,0,8,0,0,,,context_only
崇德乡农民运动,0,1,1,0,,,strict_backbone
源高县总队,0,3,0,0,,,context_only
红二、六军团长征会议,0,1,0,0,,,context_only
田亩查登,0,3,0,0,,,context_only
重庆学生运动,1,13,8,0,,,strict_backbone
攻占富民县城,2,5,3,0,,,strict_backbone
宜昌、当阳、荆州、沙市战役,0,1,0,0,,,context_only
偷渡长江行动,2,2,2,0,,,strict_backbone
连夜奔袭雪洞,0,6,2,0,,,strict_backbone
丝厂罢工,0,2,0,0,,,context_only
陈治平就义事件,0,1,0,0,,,context_only
湘西割据计划,0,2,2,0,,,strict_backbone
萧县张庄暴动,0,1,0,0,,,context_only
水口战役,2,17,12,1,,,strict_backbone
重庆大轰炸,0,9,0,1,,,context_only
儿童团/姊妹队/壮丁队,0,0,0,0,,,isolated
钟山乡抗敌斗争,0,1,1,0,,,strict_backbone
农业税征收,0,9,3,1,,,strict_backbone
收缴武器弹药,0,3,0,0,,,context_only
抗战剧团成立,0,5,3,0,,,strict_backbone
贵溪周坊农民起义,0,2,2,0,,,strict_backbone
黔西土地改革,0,4,0,0,,,context_only
湘阴惨案,0,3,0,0,,,context_only
抗债抗捐抗租斗争,0,5,1,1,,,strict_backbone
安子口战斗战后,0,1,0,0,,,context_only
"八一南昌, 南昌起义",0,1,0,0,,,context_only
党组织恢复和创建抗日民主根据地斗争,0,5,3,1,,,strict_backbone
公债发行,0,3,2,0,,,strict_backbone
龙灯会,0,2,0,0,,,context_only
晚庄师范护校运动,0,2,0,0,,,context_only
罗平县解放,0,2,0,0,,,context_only
醴陵妇女代表大会,0,3,1,1,,,strict_backbone
津浦铁路破击战,0,2,2,0,,,strict_backbone
攻打赣州,1,10,4,0,,,strict_backbone
四·一·二反革命政变,0,11,10,1,1927-04-01,1927-04-30,strict_backbone
盘溪受挫,0,4,1,0,,,strict_backbone
农业大跃进,0,3,0,0,,,context_only
建立上南庄乡苏维埃,0,6,1,1,,,strict_backbone
解放舟山群岛战役,0,5,4,0,,,strict_backbone
学生自治会运动,0,1,0,0,,,context_only
武汉三镇政治罢工,0,3,1,1,,,strict_backbone
高河埠武装暴动,1,3,1,0,,,strict_backbone
安紫边区武装暴动计划,0,3,1,0,,,strict_backbone
车佛南宁澜民主联军,2,2,2,0,,,strict_backbone
中国社会主义青年团第一次全国大会,0,1,0,0,,,context_only
运输弹药粮食,1,8,4,0,,,strict_backbone
两面政权建立,0,1,1,0,,,strict_backbone
向省议会请愿,0,2,0,0,,,context_only
李公朴惨案,0,2,0,0,,,context_only
追击土匪与奔袭甲良,0,5,2,0,,,strict_backbone
日寇屠杀百姓,0,1,1,0,,,strict_backbone
浙南起义,1,2,2,1,,,strict_backbone
游击活动,2,13,7,1,,,strict_backbone
蓝山县大革命活动,0,8,5,0,,,strict_backbone
平粜团组织,0,3,1,0,,,strict_backbone
云南人民解放运动,0,3,3,0,,,strict_backbone
南川农民暴动,0,5,2,0,,,strict_backbone
中国民族独立问题,2,2,2,0,,,strict_backbone
石岑镇施合围,0,5,3,0,,,strict_backbone
宋家农民,0,3,0,1,,,context_only
歼灭敌第三旅行动,1,6,1,0,,,strict_backbone
合川暴动,0,11,4,0,,,strict_backbone
江津苏维埃政府成立,0,1,0,0,,,context_only
奇袭国民党中央军,0,3,1,0,,,strict_backbone
沪西日商纱厂工人反日大罢工,0,4,2,0,,,strict_backbone
如黄路战斗,0,9,2,1,,,strict_backbone
黄果树争夺战,1,2,2,0,,,strict_backbone
中共参政员拒出席国民参政会事件,0,5,2,1,,,strict_backbone
曲靖/路南/七星村战斗,0,1,1,0,,,strict_backbone
六马山区斗争,0,5,2,0,,,strict_backbone
渔沟农民暴动,0,5,3,0,,,strict_backbone
茅山、太滆反“清乡”斗争,0,3,3,0,,,strict_backbone
游击会师/起义整编,0,2,1,0,,,strict_backbone
肃托事件,0,7,3,1,,,strict_backbone
土匪袭击与反袭击,0,3,0,0,,,context_only
经济动员,0,4,4,0,,,strict_backbone
新闻分委,0,6,2,0,,,strict_backbone
社会主义改造运动,1,2,2,0,1949-01-01,1949-12-31,strict_backbone
解放镇远老干部座谈会,1,2,2,0,,,strict_backbone
南雄战役,0,2,0,0,,,context_only
党的二中全会,0,1,0,0,,,context_only
支前立功条例,0,9,3,0,,,strict_backbone
紅六軍,0,8,1,1,,,strict_backbone
调查车素英身份与庆祝浙省自治讲演,0,3,1,0,,,strict_backbone
北伐军唐生智部,0,3,0,0,,,context_only
组织求生读书会,1,3,1,0,,,strict_backbone
识字班活动,0,1,0,0,,,context_only
起义改编,0,5,2,0,,,strict_backbone
水田寨战斗,1,5,3,0,,,strict_backbone
抵制日货运动,2,41,27,5,1925-10-01,1925-10-31,strict_backbone
周覃、九圩遭围战,0,2,0,0,,,context_only
青年运动/工运/妇运,0,0,0,0,,,isolated
六中全会,0,12,4,1,,,strict_backbone
民主改革与爱国生产运动,0,3,1,1,,,strict_backbone
十八盘大战,2,2,2,0,,,strict_backbone
反饥饿、反内战、反迫害运动,0,12,8,0,,,strict_backbone
上海惨案,0,6,1,1,,,strict_backbone
建军大会,0,4,1,1,,,strict_backbone
金牛山反袭击战,0,5,2,0,,,strict_backbone
河口战斗,0,3,2,0,,,strict_backbone
江洲事件,0,1,0,0,,,context_only
红十六师东征行动,0,3,0,0,,,context_only
‘黄连’民兵武装,0,3,0,0,,,context_only
教唱革命歌曲/培养建党对象,0,1,0,0,,,context_only
反奸反霸运动,1,2,2,0,,,strict_backbone
湖南农民自卫军干部训练总队,0,3,1,0,,,strict_backbone
剿匪肃特斗争,0,4,4,0,1949-01-01,1949-12-31,strict_backbone
上海女界国民会议促成会,1,3,1,0,,,strict_backbone
党的第四次代表大会,0,4,0,0,1925-01-01,1925-01-31,context_only
中国航空公司起义事件,0,2,0,0,,,context_only
象鼻咀战斗,0,1,0,0,,,context_only
沿途宣传动员,0,3,2,0,,,strict_backbone
研究长征历史,0,3,0,0,,,context_only
黄沟滩战斗,0,1,0,0,,,context_only
海安欢迎大会,0,3,1,0,,,strict_backbone
樟树镇战斗,0,6,1,0,,,strict_backbone
解放龙泉镇,0,1,1,0,,,strict_backbone
漕东、清南开辟工作,0,2,0,0,,,context_only
西南局土改指示,0,3,1,0,,,strict_backbone
川中游击纵队司令部成立,0,2,2,0,,,strict_backbone
三七四团重建,0,6,2,0,,,strict_backbone
红九军二十五师组建,0,2,2,0,,,strict_backbone
成立,3,5,4,0,,,strict_backbone
东征行动,0,11,6,0,,,strict_backbone
食盐运输,0,3,0,0,,,context_only
固地牵制,0,1,0,0,,,context_only
三元洞战斗,0,3,3,0,,,strict_backbone
斗争策略,0,6,0,0,,,context_only
鄂豫皖苏维埃革命根据地创建,0,2,2,0,,,strict_backbone
指引脱险路线与护送黎平,1,4,1,0,,,strict_backbone
学生游行示威,0,5,3,0,,,strict_backbone
抗捐、抗税、抗债、分粮斗争,0,2,2,0,,,strict_backbone
城市工人暴动,0,2,0,0,,,context_only
潭家桥战斗,0,3,1,0,,,strict_backbone
罗甸战役,0,3,1,1,1945-08-16,1949-09-30,strict_backbone
东南作战军,0,7,3,0,,,strict_backbone
黔东特区第一次工农兵代表会议,0,3,0,0,,,context_only
九龙山阻击战,2,2,2,0,,,strict_backbone
皖中地区党政军干部扩大会,0,2,2,0,,,strict_backbone
湖南清乡运动,0,3,0,0,,,context_only
盐税站,0,3,0,0,,,context_only
开远城郊战斗,0,3,0,1,,,context_only
国民会议湖北促成会,0,4,4,0,,,strict_backbone
暗杀恶霸,0,3,2,0,,,strict_backbone
李庄战斗,0,1,0,0,,,context_only
京沪杭战役,0,8,3,0,,,strict_backbone
江桥战斗,0,6,3,0,,,strict_backbone
自流井第二次总同盟大罢工,1,3,3,0,,,strict_backbone
中心区域城市工作,0,1,0,0,,,context_only
安置撤退下来的同志,0,3,0,0,,,context_only
反战运动,0,2,0,0,,,context_only
抗日宣传大队,0,3,1,0,,,strict_backbone
戒严与防范异党,0,2,1,0,,,strict_backbone
举办全校运动会与排演延安秧歌与革命歌舞,0,4,0,0,,,context_only
贯塘总支,1,2,1,0,,,strict_backbone
第四课报组,0,2,0,0,,,context_only
龙广——永和暴动,2,2,2,0,,,strict_backbone
昭通起义,2,8,3,0,,,strict_backbone
修桥战斗,0,5,2,0,,,strict_backbone
炉山剿匪/土匪暴乱,0,2,0,0,,,context_only
突破最后封锁线,1,3,1,0,,,strict_backbone
《解放报》《大众纪实》,0,1,0,0,,,context_only
湘赣省工学斗争,1,1,1,0,,,strict_backbone
云南二次政变,0,3,1,0,,,strict_backbone
陈家珪老师事件,0,2,1,0,,,strict_backbone
秘密印刷点创建,0,6,1,1,,,strict_backbone
野司,0,6,0,0,,,context_only
张鹏程牺牲事件,0,1,0,0,,,context_only
南京党组织恢复斗争,0,3,0,0,,,context_only
护2团纪律检查活动,0,3,1,1,,,strict_backbone
建立农民剿匪自卫队,0,3,0,0,,,context_only
圣公坛革命军后方营部,0,1,0,0,,,context_only
红军撤离芦山事件,0,3,0,0,,,context_only
砸毁国耻碑事件,0,2,0,0,,,context_only
鄂中抗日游击战,0,5,2,0,,,strict_backbone
区以上干部扩大会议,0,2,0,0,,,context_only
攻占祁城,1,1,1,0,,,strict_backbone
工农联席会议/军事演习/解除武装/暴动,0,0,0,0,,,isolated
'亲友会',0,5,2,0,,,strict_backbone
红军长征围追堵截战役,0,6,0,1,,,context_only
襄阳战役,0,6,4,1,1947-01-01,1947-12-31,strict_backbone
打倒帝国主义,0,2,2,0,,,strict_backbone
反动势力,0,20,0,0,,,context_only
桃源解放,0,5,3,0,,,strict_backbone
《丰都崇德乡暴动经过说明》,0,2,0,0,,,context_only
芷江县党部筹备处,0,4,2,0,,,strict_backbone
盘关战斗,0,3,0,0,,,context_only
肃毒运动,1,2,2,0,,,strict_backbone
特支组建,0,3,2,0,,,strict_backbone
江津地下党破坏事件,0,3,1,0,,,strict_backbone
大埠农民武装暴动,0,4,4,0,1928-02-18,1928-02-18,strict_backbone
成都分社设立事件,0,6,1,1,,,strict_backbone
阳澄湖地区斗争,1,10,3,0,,,strict_backbone
军事接警部接管,0,1,0,0,,,context_only
中日同盟研究会,0,5,0,0,,,context_only
土城暴动,0,3,1,0,,,strict_backbone
荔波合围/韦明德股匪合围/莫树枫股匪合围/罗甸合围,0,0,0,0,,,isolated
废除不平等条约,0,3,0,0,,,context_only
反饥饿、反迫害学生运动,0,3,3,0,,,strict_backbone
东南各省农运工作扩大会议,0,1,0,0,,,context_only
鄂东地区抗日斗争,0,2,0,3,,,context_only
农民翻身会,1,24,7,0,,,strict_backbone
崇德乡农民暴动,0,10,9,0,1927-01-01,1927-12-31,strict_backbone
袭击云阳草亭,0,2,0,0,,,context_only
接管代管房屋家具统计与发还,0,1,0,0,,,context_only
六马农民抗日反蒋武装斗争,0,5,3,1,,,strict_backbone
中华人民共和国成立庆典活动,0,4,2,0,,,strict_backbone
黄金城股匪,0,3,0,0,,,context_only
杨家乡农协斗争,0,2,2,0,,,strict_backbone
反帝反封建的农民革命运动,1,1,1,0,,,strict_backbone
余中英旅,0,4,1,0,,,strict_backbone
淮南敌后税收工作,0,4,1,0,,,strict_backbone
反磨擦战斗,0,3,1,1,,,strict_backbone
南昌攻陷,0,3,1,1,,,strict_backbone
会泽地下党斗争,0,1,0,0,,,context_only
汉口香烟厂罢工,1,2,2,0,,,strict_backbone
苏北六专署,0,3,0,0,,,context_only
大明纱厂罢工斗争,0,1,1,0,,,strict_backbone
兵运斗争,0,2,2,0,,,strict_backbone
反影斗争,1,3,2,0,,,strict_backbone
巡回收治伤员与配制药物,0,4,4,0,,,strict_backbone
梵净山金顶侦匪,0,3,2,0,,,strict_backbone
边区开辟,0,3,0,0,,,context_only
发动武装斗争,0,1,1,0,,,strict_backbone
合川学生救亡运动,0,3,1,1,,,strict_backbone
改编三区队/平息叛匪,0,2,2,0,,,strict_backbone
士兵运动与除害斗争,0,2,2,0,,,strict_backbone
接收伪军行动,0,2,2,0,,,strict_backbone
六合解放区,0,5,0,1,,,context_only
解放丰都城,0,2,2,0,,,strict_backbone
常州市军管会,0,3,0,0,,,context_only
海口洲独立区农协会成立,0,5,2,0,,,strict_backbone
张庄暴动,2,6,4,0,,,strict_backbone
剿匪政策,0,10,3,0,,,strict_backbone
政治思想工作,0,4,0,0,,,context_only
高视战斗,0,2,2,0,,,strict_backbone
涟水独立中队,0,9,0,0,,,context_only
青救,0,3,1,0,,,strict_backbone
荒原社,0,3,2,0,,,strict_backbone
湖北全省工团联合会恢复,0,6,0,0,,,context_only
土匪火并,0,1,0,0,,,context_only
反工头斗争,0,3,1,0,,,strict_backbone
《黄平解放纪实》目录,0,2,0,0,,,context_only
战役部署,0,2,0,0,,,context_only
解放上海,0,3,3,0,,,strict_backbone
旧社会苦难揭露,0,3,1,0,,,strict_backbone
信丰农民暴动,0,3,3,0,,,strict_backbone
中共大定羊场坝航发厂地下党小组斗争事件,0,1,1,0,,,strict_backbone
关门打狗战术,0,3,1,0,,,strict_backbone
土地分配运动,2,35,11,2,,,strict_backbone
接触进步学生与了解学运情况,0,6,0,1,,,context_only
宣化秋收起义,0,11,4,1,,,strict_backbone
马夜事变,1,12,4,1,,,strict_backbone
新文化运动传播,0,2,1,0,,,strict_backbone
昆明'七·一五'学生运动,0,5,3,0,,,strict_backbone
军管会接管工作,0,3,0,1,,,context_only
解放战争时期淮阴革命斗争,0,2,2,0,1945-01-01,1945-12-31,strict_backbone
六二三惨案,0,1,0,0,,,context_only
'七政'青年烈士干部训练班,0,6,0,0,,,context_only
合作训练班,0,2,2,0,,,strict_backbone
改编三区队,0,1,0,0,,,context_only
打击国民党建立党军阴谋宣传,0,5,2,0,,,strict_backbone
九·二大火案,0,3,0,0,,,context_only
修文武装暴动,0,12,2,0,,,strict_backbone
文化班,0,2,2,0,,,strict_backbone
康道炉战役与翻越夹金山,0,6,1,1,,,strict_backbone
平叛行动,0,5,5,0,,,strict_backbone
沱顺起义,0,6,5,0,,,strict_backbone
农协禁烟运动,0,2,2,0,1927-01-01,1927-12-31,strict_backbone
宜春北路农民暴动,2,2,2,0,,,strict_backbone
小东山农民武装暴动,0,2,2,0,,,strict_backbone
货币调控措施,0,3,0,0,,,context_only
绞架映长虹,0,3,1,0,,,strict_backbone
进军贵州行动,0,3,3,0,,,strict_backbone
龙台区干队,0,3,0,0,,,context_only
六届四中全会精神传达,0,2,2,0,,,strict_backbone
选举运动,0,2,2,0,,,strict_backbone
赴朝慰问宣传,0,2,2,0,,,strict_backbone
开展反霸抗租斗争,1,1,1,0,,,strict_backbone
结伙劫掠,0,2,0,0,,,context_only
九里坪抗禁春戏,0,2,0,0,,,context_only
矿工武装起义,0,2,1,0,,,strict_backbone
江抗打车站,0,3,0,0,,,context_only
送菜事件,0,2,0,0,,,context_only
澜沧暴动,1,5,5,0,,,strict_backbone
反帝宣传,1,3,1,0,,,strict_backbone
龙华兵工厂反迁斗争,0,2,1,0,,,strict_backbone
思普武装斗争,0,3,0,0,,,context_only
湘赣革命根据地反第四次‘围剿’,0,2,2,0,,,strict_backbone
152团作战与186师会师,0,1,0,0,,,context_only
劝降失败,0,2,0,0,,,context_only
老解放区教材,0,3,0,0,,,context_only
月浦镇工运会议,1,2,2,0,,,strict_backbone
益阳妇女运动,1,1,1,0,,,strict_backbone
劳资共管,0,2,1,0,,,strict_backbone
通信科,0,6,0,0,,,context_only
昆明解放前后的妇女工作,1,1,1,0,,,strict_backbone
辰溪新知书店被查封事件,0,4,4,0,,,strict_backbone
重庆市抗联抗议活动,0,2,2,0,,,strict_backbone
妇女工作部,0,3,0,0,,,context_only
解放战争时期苏皖斗争,0,6,1,2,,,strict_backbone
留守任务布置与领黄金,0,6,2,0,,,strict_backbone
施念昌等,0,3,1,0,,,strict_backbone
小孙圩暴动,1,2,2,0,,,strict_backbone
红三军团整编,0,1,0,0,,,context_only
川陕苏区劳动妇女第二次代表大会,0,3,1,0,,,strict_backbone
丰都县崇德乡农民武装暴动,0,2,2,0,,,strict_backbone
"昆明""12·1""爱国民主运动",0,1,0,0,,,context_only
太宿边界战斗,0,2,0,0,,,context_only
鄂豫皖苏区第二次苏维埃大会,0,1,0,0,,,context_only
攻取钉靶山战斗,0,1,0,0,,,context_only
农民组织,3,8,4,0,,,strict_backbone
组织领导芷江工农群众反帝国主义等斗争,0,3,1,0,,,strict_backbone
晓明完小创办,0,3,0,0,,,context_only
新田县农民运动,0,3,0,0,,,context_only
革勒之战,0,2,0,0,,,context_only
央行事件大屠杀,0,3,1,0,,,strict_backbone
反日反帝大同盟,0,10,4,0,,,strict_backbone
双河区苏,0,3,0,0,,,context_only
七七卢沟桥事变,0,3,1,0,,,strict_backbone
虎坪会议,0,1,1,0,,,strict_backbone
泗阳县行委暴动,0,2,2,0,1930-07-01,1930-07-31,strict_backbone
扎佐战斗,0,2,2,0,,,strict_backbone
佛房战斗,0,3,3,0,,,strict_backbone
重庆各界反对英帝炮击南京市民大会,1,8,1,1,,,strict_backbone
丁志平联军,0,6,0,0,,,context_only
反迁护厂斗争,0,2,2,0,,,strict_backbone
溧阳党的工作委员会成立,0,2,2,0,,,strict_backbone
糯寨暴动,0,2,0,0,,,context_only
小石古塘村口遭遇,1,3,3,0,,,strict_backbone
和平民主、建国时期青年运动,0,1,1,0,,,strict_backbone
第五次代表大会,0,1,0,0,,,context_only
花恰坝之战,0,5,3,1,,,strict_backbone
五十三厂劳动竞赛,0,3,0,0,,,context_only
保甲长会议,0,1,0,0,,,context_only
盘江铁索桥炸桥计划,0,2,1,0,,,strict_backbone
六安独山起义,0,2,2,0,,,strict_backbone
怀远县解放,0,2,0,0,,,context_only
出版号外,0,3,0,0,,,context_only
楚雄城攻占,0,1,0,0,,,context_only
川鄂边区革命根据地创建者,0,1,0,0,,,context_only
盘阳会议,0,1,0,0,,,context_only
湘西进攻,0,3,0,0,,,context_only
洱源起义,0,3,1,0,,,strict_backbone
中华民族解放先锋队贵州总队,0,1,0,0,,,context_only
打土豪分土地,0,3,1,0,,,strict_backbone
造枪实验组,0,6,3,0,,,strict_backbone
张花子野猪队,0,3,0,0,,,context_only
反清反袁斗争,0,3,0,0,,,context_only
粤汉、广九、广三等铁路工人反抗斗争,0,1,1,0,,,strict_backbone
智取长岩,1,4,4,0,,,strict_backbone
涡阳沪汉惨案外交后援会,0,1,0,0,,,context_only
反吴战争,0,1,0,0,,,context_only
迎接解放游行,0,4,1,0,,,strict_backbone
搜山捉匪,0,1,0,0,,,context_only
伪自卫团,0,4,0,0,,,context_only
自卫团投诚,0,2,2,0,,,strict_backbone
四维实业社,0,1,1,0,,,strict_backbone
五都镇战斗,0,3,2,0,,,strict_backbone
石塘区反清剿斗争,0,3,0,0,,,context_only
北伐军收复南京,0,2,2,0,,,strict_backbone
第二次工人代表大会,0,1,0,0,,,context_only
鸿门宴对峙,0,3,1,0,,,strict_backbone
武汉起义,0,8,6,0,,,strict_backbone
新联组织,0,6,1,0,,,strict_backbone
洪泽县革命斗争,0,2,2,0,,,strict_backbone
皖北革命活动,0,5,3,1,,,strict_backbone
岷山地区革命斗争,3,5,5,1,,,strict_backbone
宣传团解散,0,6,0,0,,,context_only
凯里会议,0,3,0,0,,,context_only
四十九师调防/政治攻势,0,1,0,0,,,context_only
征收公粮,1,6,1,0,,,strict_backbone
长沙笔业工人罢工,1,3,3,0,,,strict_backbone
接管岑巩,1,2,2,0,,,strict_backbone
抚州地委特务案,0,3,0,0,,,context_only
九国公约会议,0,3,1,0,,,strict_backbone
政训班回云南工作,1,4,4,0,,,strict_backbone
茶、莲、攸特委事件,0,3,1,0,,,strict_backbone
泸顺起义,7,50,38,0,1926-01-01,1926-12-31,strict_backbone
四镇乡农民运动,1,8,3,0,,,strict_backbone
农民造生团,1,1,1,0,,,strict_backbone
漆家槽之役,0,3,1,1,,,strict_backbone
宣威战斗,1,33,20,1,,,strict_backbone
青神团队,0,6,1,1,,,strict_backbone
土改试点工作,0,3,1,1,,,strict_backbone
起义计划,0,28,10,0,,,strict_backbone
徐州市工商企业申请营业登记管理办法,0,3,0,0,,,context_only
中国工农红军川滇黔边区游击队斗争史编写组会议,0,3,0,0,,,context_only
红军五次围剿,0,2,2,0,,,strict_backbone
三十三天反扫荡,0,6,3,0,,,strict_backbone
夜校班,0,1,0,0,,,context_only
武昌塔珈山农村合作训练班,0,2,2,0,,,strict_backbone
抗战胜利后留守/北撤,0,1,0,0,,,context_only
易门游击战争,1,2,2,0,,,strict_backbone
张家浜战斗,0,3,2,0,,,strict_backbone
党史资料汇编,0,6,0,0,,,context_only
创作《帽子峰颂》,0,4,0,0,,,context_only
巧取金沙江绞平渡口,0,3,1,0,,,strict_backbone
叙州五卅惨案外交后援会,0,3,0,0,,,context_only
征兵运动,0,3,1,0,,,strict_backbone
杨村集战斗,0,3,3,0,,,strict_backbone
起义通电署名与率部起义,0,1,1,0,,,strict_backbone
反停课、反搬迁斗争,0,0,0,0,,,isolated
军民联欢演出,1,1,1,0,,,strict_backbone
皖南抗日,0,2,2,0,,,strict_backbone
党史座谈会,0,16,5,0,,,strict_backbone
攻克黔江县城,0,2,2,0,,,strict_backbone
亳北武装建设,0,8,8,2,1941-01-01,1941-12-31,strict_backbone
涟水县委扩大会议,0,3,0,0,,,context_only
粉碎第一次围剿,0,3,1,0,,,strict_backbone
双十会谈,0,3,0,0,,,context_only
潜山战斗营,0,6,0,0,,,context_only
临吉乡暴动,0,2,2,0,,,strict_backbone
四川革命运动,0,2,2,0,,,strict_backbone
基干大队,0,5,3,2,,,strict_backbone
南京惨案与和平谈判,0,2,2,0,,,strict_backbone
独立第43旅,0,5,0,0,,,context_only
参军/淮海战役/转业荔波,0,1,1,0,,,strict_backbone
城市工作宣传,0,3,0,0,,,context_only
城南各片反三征斗争,0,1,1,0,,,strict_backbone
护粮斗争,0,1,0,0,,,context_only
岷山乡崇德城政府成立,0,3,0,0,,,context_only
县人民委员会成立,0,2,2,0,,,strict_backbone
中山纪念日活动,0,3,1,0,,,strict_backbone
护送学生到解放区,0,3,0,0,,,context_only
学生救国团,0,4,0,0,,,context_only
破坏桥梁伏击日军,0,4,2,0,,,strict_backbone
筹集公粮、妇女赶做军鞋,0,1,1,0,,,strict_backbone
宣传党的政策,0,5,2,1,,,strict_backbone
陈调元部下兵变,0,3,0,0,,,context_only
谢世钦组建匪部,1,3,2,0,,,strict_backbone
反对日本在上海枪杀工人的万人大会,1,2,2,0,,,strict_backbone
懋功会议,0,2,2,0,,,strict_backbone
节省三升米粮运动,0,3,1,0,,,strict_backbone
取回旅大运动湖南省民游行大会,0,2,2,0,,,strict_backbone
武汉工人代表大会,2,8,5,0,,,strict_backbone
北伐军攻占余干县城,1,3,1,0,,,strict_backbone
抗日救国宣传,0,21,1,2,,,strict_backbone
接管财政银行/开办训练班,0,1,0,0,,,context_only
安庆战役,0,3,3,0,,,strict_backbone
安源罢工运动,1,2,2,0,,,strict_backbone
突破长江天险,1,9,9,0,,,strict_backbone
鄂西战役,1,15,12,0,,,strict_backbone
青年记者成都地新闻服务队,2,2,2,0,,,strict_backbone
八·一游击大队,0,3,2,0,,,strict_backbone
保卫淮阴城,0,3,3,0,,,strict_backbone
赵子兴反正事件,1,2,2,0,,,strict_backbone
沙田工人罢工斗争,0,1,0,0,,,context_only
解放广丰县,2,3,3,0,,,strict_backbone
应城事件,0,3,0,0,,,context_only
各业支部恢复与农民抗租示威,0,1,0,0,,,context_only
涟水战役,0,15,6,1,,,strict_backbone
陈营之战,0,3,1,0,,,strict_backbone
反叛运动,1,3,1,0,,,strict_backbone
运送知识青年进解放区,0,1,1,0,,,strict_backbone
宿县抗日游击总队,0,6,2,0,,,strict_backbone
粮食动员/征粮,0,2,1,0,,,strict_backbone
南塘战斗,0,2,2,0,,,strict_backbone
教学工作会议,1,3,3,0,,,strict_backbone
地下党建党斗争,1,1,1,0,,,strict_backbone
日军进攻赣南,0,6,1,0,,,strict_backbone
桂林解放,0,1,1,0,,,strict_backbone
横峰: 革命活动与战斗区域; 弋阳九口(区)烈桥: 待核实具体地理坐标与历史指代,0,0,0,0,,,isolated
英美烟厂工人同盟罢工,0,1,0,0,,,context_only
苏维埃训练班,1,3,1,1,,,strict_backbone
淮北青年社,0,1,0,0,,,context_only
程潜、张轸、杨杰三位将军起义,0,1,1,0,,,strict_backbone
蒋阎冯战争,0,2,1,0,,,strict_backbone
鄂北学潮,0,6,2,1,,,strict_backbone
战利品分配制度,0,3,1,0,,,strict_backbone
廖家岩镇大捷,0,3,1,0,,,strict_backbone
湖南工人运动,2,19,8,2,1920-01-01,1920-12-31,strict_backbone
长吉守敌,0,1,0,0,,,context_only
九江三一七惨杀,0,2,0,0,,,context_only
反“清乡”斗争总结,0,4,2,2,1944-01-01,1944-01-31,strict_backbone
乡村斗争受阻,0,1,1,0,,,strict_backbone
强渡澹水河战斗,0,3,1,0,,,strict_backbone
大小郭家围歼战,1,3,1,0,,,strict_backbone
三师地下军建立,0,3,0,0,,,context_only
坚持地下斗争,0,6,1,0,,,strict_backbone
镇压通敌分子,0,4,0,0,,,context_only
淮阴、淮安战斗,0,1,1,0,,,strict_backbone
清匪反霸减租退押征粮五大任务,3,5,3,1,,,strict_backbone
国立体系接管,0,4,2,0,,,strict_backbone
格江城攻城战,0,4,2,0,,,strict_backbone
鸡公坪战斗结束,0,3,0,0,,,context_only
同盟罢课,0,0,0,0,,,isolated
盘北六、七、八大队,0,1,0,0,,,context_only
砸日货洋货铺行动,0,1,1,0,,,strict_backbone
株洲会议,4,8,4,0,,,strict_backbone
野草社,1,17,4,1,,,strict_backbone
《战斗报》社,0,8,0,0,,,context_only
游击斗争,2,14,7,0,,,strict_backbone
征收营业税/契税,0,0,0,0,,,isolated
五次反围剿,0,9,3,0,,,strict_backbone
华蓥山起义,6,127,37,0,,,strict_backbone
抄家词,1,3,1,0,,,strict_backbone
三三、一惨案,0,7,1,0,,,strict_backbone
滇越铁路收回斗争,0,2,2,0,,,strict_backbone
倒胡拥俞学生运动,0,3,0,0,,,context_only
黄麻农民暴动,0,2,2,1,,,strict_backbone
加薪罢、教运动,0,1,1,0,,,strict_backbone
二·一运动,0,2,2,0,1940-01-01,1940-12-31,strict_backbone
官屯保卫战,0,2,2,0,,,strict_backbone
查田运动,11,65,39,1,,,strict_backbone
湘鄂赣边区二十多个县工农兵代表大会,0,2,2,0,,,strict_backbone
民族解放运动,0,3,0,0,,,context_only
三·三十惨案,0,3,0,0,,,context_only
投诚人员遣散,0,3,1,0,,,strict_backbone
剿匪搜山与反封建,0,1,1,0,,,strict_backbone
四次参政会,0,2,0,0,,,context_only
剿匪征粮,2,11,2,0,,,strict_backbone
追击贵州/七星关,0,1,1,0,,,strict_backbone
反革命暴乱事件,0,2,2,1,,,strict_backbone
尹、刘事件,5,16,6,1,1940-01-01,1940-12-31,strict_backbone
婚姻法宣传,0,3,0,0,,,context_only
观阁特支,0,1,0,0,,,context_only
反美排日座谈会,0,2,2,0,,,strict_backbone
宁兴新场总支,0,6,0,0,,,context_only
抗日捐献活动,0,5,2,0,,,strict_backbone
中共江西省委第二次代表大会,0,4,0,0,,,context_only
取缔会道门,0,3,0,0,,,context_only
反内战反饥饿反迫害斗争,0,5,2,0,,,strict_backbone
土地革命/妇女解放宣传,0,1,0,0,,,context_only
郎岱暴动,5,53,17,0,,,strict_backbone
长海县解放与接管,0,2,0,0,,,context_only
土地改革指示,0,2,0,0,,,context_only
护乡团组建,0,2,2,0,,,strict_backbone
中美合作所大屠杀,0,6,0,0,,,context_only
武装抢收玉米,0,2,0,0,,,context_only
白露会议,1,7,6,0,,,strict_backbone
东华溪会议,3,17,3,0,,,strict_backbone
清匪肃枪运动,0,3,3,0,,,strict_backbone
西山人民武装斗争,0,1,1,0,,,strict_backbone
反特工,0,3,0,0,,,context_only
郑村暴动,0,2,2,0,,,strict_backbone
护伤病员/放足反迷信,0,1,1,0,,,strict_backbone
破坏公路桥梁行动,0,3,2,0,,,strict_backbone
创建复兴农村革命据点,1,5,2,0,,,strict_backbone
川东赤卫大队,0,2,2,0,,,strict_backbone
新马桥战斗,0,3,0,0,,,context_only
馒头山罢工,0,1,0,0,,,context_only
马列主义教育,0,8,1,0,,,strict_backbone
武汉罢教斗争,0,5,3,0,,,strict_backbone
国际援助物资运输,0,3,2,0,,,strict_backbone
吃生鸡血酒,2,3,2,0,,,strict_backbone
皖南事变被俘人员,0,1,0,0,,,context_only
黔东南地区剿匪行动,0,3,1,0,,,strict_backbone
尖峰顶战斗,0,1,1,0,,,strict_backbone
儿童大队组织扩大会议,0,2,2,0,,,strict_backbone
强攻腊子口战役,0,1,0,0,,,context_only
南溪武装起义,0,2,2,0,,,strict_backbone
自首,0,1,0,0,,,context_only
皖西地区农协组织,0,1,1,0,,,strict_backbone
七届二中全会精神传达,0,4,0,0,,,context_only
攻克师宗县城,1,9,2,1,,,strict_backbone
湖南学界联合请愿,0,3,1,0,,,strict_backbone
鄂西区党的第二次代表大会,0,3,0,0,,,context_only
反省偏向纠正,0,2,0,0,,,context_only
鄂南抗日斗争,0,5,3,0,,,strict_backbone
学生战工团,0,2,0,0,,,context_only
乌叫团,0,3,0,0,,,context_only
'4·28'事件,0,3,0,0,,,context_only
长沙学潮,0,3,2,0,,,strict_backbone
张家岗进攻战斗,1,5,3,1,,,strict_backbone
成立游击队会议,0,1,0,0,,,context_only
汉口市人民治安维持会,0,2,2,0,,,strict_backbone
枣子集战斗,0,16,6,0,,,strict_backbone
合川城内革命爆发,0,2,2,0,,,strict_backbone
全歼王子城守敌,0,3,3,0,,,strict_backbone
三都保卫战,0,1,0,0,,,context_only
翻印《战略与策略》,0,1,0,0,,,context_only
郧县十堰区太平村土改调查,0,3,1,1,,,strict_backbone
顺庆泸州市起义,0,5,3,1,,,strict_backbone
五·一示威大游行,0,2,2,0,,,strict_backbone
剿匪反霸,1,13,6,0,,,strict_backbone
会议安全,0,1,0,0,,,context_only
安康牛蹄岭战役,0,2,2,0,,,strict_backbone
九江失陷,0,3,1,0,,,strict_backbone
华中解放区工农青妇民兵代表大会,0,5,1,1,,,strict_backbone
习水战斗,0,1,0,0,,,context_only
教导五旅,0,9,0,0,,,context_only
西进南击,0,3,0,1,,,context_only
打土豪分浮财运动,0,6,4,0,,,strict_backbone
沙田乡自卫队,0,2,2,0,,,strict_backbone
板栗园阻击战,1,6,4,0,,,strict_backbone
安源红 syndicat 工作,0,3,0,0,,,context_only
黄沙会战,2,3,3,0,,,strict_backbone
红三军进入贵州,0,3,2,0,,,strict_backbone
社会主义青年团小组,1,3,1,0,,,strict_backbone
狱中斗争,2,69,18,3,,,strict_backbone
滇中游击斗争与情报搜集,0,7,6,0,,,strict_backbone
桐梓战役,0,3,0,0,,,context_only
红十三军建立,0,2,2,0,,,strict_backbone
云南反内战斗争,1,4,4,0,,,strict_backbone
击溃徐承德部及追击,0,4,3,0,,,strict_backbone
盘县战斗,0,3,1,0,,,strict_backbone
截敌运粮马帮,0,2,2,0,,,strict_backbone
锅厂战斗,0,1,1,0,,,strict_backbone
清江人民革命史大事记,0,3,0,0,,,context_only
策反与智取,0,3,1,0,,,strict_backbone
富田事变,2,43,20,1,,,strict_backbone
南方各省人民武装,0,3,0,0,,,context_only
土地税征收法,0,4,2,0,,,strict_backbone
搜查日货事件,0,4,4,0,,,strict_backbone
泸州起义,5,22,17,0,,,strict_backbone
北碚特支工作,1,3,1,0,,,strict_backbone
房县革命斗争,0,4,0,0,,,context_only
三岔战斗,0,1,0,0,,,context_only
抗拒中法大借款运动,0,2,2,0,,,strict_backbone
三打上饶城,1,6,1,0,,,strict_backbone
支干训练班,1,5,5,0,,,strict_backbone
黎平会议学术讨论会,3,11,4,1,,,strict_backbone
晴郎寨清剿行动,0,1,0,0,,,context_only
民青/新联组织,0,1,0,0,,,context_only
沙磁区学生运动,0,6,2,0,,,strict_backbone
顺岩河渡河行动,0,6,0,0,,,context_only
宁远县人民政府成立,0,6,0,0,,,context_only
湘赣两省组织会议,1,2,2,0,,,strict_backbone
二十一条卖国条约,0,2,2,0,,,strict_backbone
如皋‘五·一’暴动,0,4,4,0,,,strict_backbone
长沙反帝斗争,0,1,1,0,,,strict_backbone
拖枪起义,0,5,2,0,,,strict_backbone
三阳大会,0,2,1,0,,,strict_backbone
葛母里村战斗,0,6,1,1,,,strict_backbone
三射临工委紧急会议,0,1,0,0,,,context_only
出版《列宁战线》,0,3,1,0,,,strict_backbone
北伐战争与农民运动部署,0,3,2,0,,,strict_backbone
活捉日军,0,1,1,0,,,strict_backbone
《民众剧社》,0,3,0,0,,,context_only
红军南下行动,0,15,0,1,,,context_only
滇缅公路破坏行动,0,4,4,1,,,strict_backbone
优属尊荣,0,4,2,1,,,strict_backbone
政工大队,0,6,1,0,,,strict_backbone
中共江西省第二次党员代表大会,0,3,3,0,,,strict_backbone
反军阀斗争,0,7,4,0,,,strict_backbone
经济绝交会,0,3,1,0,,,strict_backbone
《黔东南的解放和剿匪斗争》,0,3,0,0,,,context_only
"反饥饿, 反内战, 反迫害, 反暴行",0,1,1,0,,,strict_backbone
赴法勤工俭学运动,4,6,5,0,,,strict_backbone
中央革命根据地反‘围剿’斗争,0,3,0,0,,,context_only
甘溪战斗,0,7,7,0,,,strict_backbone
皎平渡战役,0,8,8,0,,,strict_backbone
伏击敌人军车,0,3,1,0,,,strict_backbone
靠拢运动,0,9,2,1,,,strict_backbone
赣粤边游击战争,1,4,4,0,,,strict_backbone
红军北上抗日运动,0,5,2,0,,,strict_backbone
华蓥山起义失利,0,1,0,0,,,context_only
军事进剿政治攻势发动群众,0,4,1,0,,,strict_backbone
驱王运动,2,6,3,0,,,strict_backbone
五卅死难烈士,0,2,1,0,,,strict_backbone
湖南进步军民主促进社,0,3,0,0,,,context_only
刘凤图旅,0,6,3,0,,,strict_backbone
庆祝解放暨人民政府成立,0,3,1,0,,,strict_backbone
抗烟捐暴动,1,5,2,1,,,strict_backbone
竹山嘴突围战斗,3,4,4,0,,,strict_backbone
安源工人斗争,0,2,2,1,,,strict_backbone
同意和平解放锦屏,0,1,0,0,,,context_only
抗公,0,3,1,0,,,strict_backbone
高岗解放区,0,2,0,0,,,context_only
涪陵四镇乡农民自卫军成立,0,5,2,1,,,strict_backbone
黎榕从合围建政,1,3,1,0,,,strict_backbone
氢弹爆炸试验,0,3,0,0,,,context_only
虎头山战役,1,12,4,0,,,strict_backbone
反帝国主义教育,0,3,1,0,,,strict_backbone
慰劳军运动,0,3,0,0,,,context_only
担架队支援前线,0,3,0,0,,,context_only
沙磁学运特支,3,27,9,0,,,strict_backbone
鸡公坪隘路战斗,0,3,1,0,,,strict_backbone
文家市会议,0,5,1,0,,,strict_backbone
红二、六军团会师,1,18,2,0,,,strict_backbone
洞庭区赤少队,0,3,0,0,,,context_only
独立团上升改编,0,3,1,0,,,strict_backbone
二渡赤水,13,67,26,1,,,strict_backbone
重庆卫戍司令部稽查处,0,3,0,0,,,context_only
军代表脱险,0,2,2,0,,,strict_backbone
开展敌区工作,0,2,1,0,,,strict_backbone
黄安暴动,0,6,3,0,,,strict_backbone
关国难斗争,0,1,0,0,,,context_only
专员公署兵,0,2,0,0,,,context_only
火烧戏台地战斗,0,1,0,0,,,context_only
湘鄂赣总暴动计划,1,7,3,0,,,strict_backbone
征粮政策,0,6,1,1,,,strict_backbone
日俘所生活管理,0,2,1,0,,,strict_backbone
宜宾反仇油斗争,1,1,1,0,,,strict_backbone
午收斗争,0,3,2,0,,,strict_backbone
平叛斗争,0,2,0,0,,,context_only
宣城路西侧战斗,0,2,2,0,,,strict_backbone
凯里区农训班,0,4,0,0,,,context_only
公共汽车工人斗争,0,2,2,0,,,strict_backbone
博尚战役,0,6,3,0,,,strict_backbone
荣沟桥设伏,0,1,0,0,,,context_only
诉苦与斗争恶霸,0,1,1,0,,,strict_backbone
平武县起义事件,0,2,2,0,,,strict_backbone
地干总队,0,3,0,0,,,context_only
义卖大会,0,3,0,0,,,context_only
人民解放战争,0,3,1,0,,,strict_backbone
抗日救亡暴动,0,3,1,0,,,strict_backbone
红二方面军在贵州大定合影,0,4,0,0,,,context_only
淮海区抗日根据地建设,0,3,0,0,,,context_only
江津被服厂护厂斗争,0,5,4,0,,,strict_backbone
寻找船只,0,4,0,0,,,context_only
省二女师罢课斗争,1,3,3,0,,,strict_backbone
建立革命政权,0,6,3,0,,,strict_backbone
陇海铁路大罢工,0,3,0,0,,,context_only
抗战剧团成立大会,0,5,3,1,,,strict_backbone
梁山太平场革命起义,0,4,4,0,,,strict_backbone
杨标叛乱,0,2,1,0,,,strict_backbone
万安农民武装起义,0,2,2,0,,,strict_backbone
郭村战斗,1,22,16,1,,,strict_backbone
帮会土匪统治,0,2,0,0,,,context_only
广水妇女解放运动,0,1,1,0,,,strict_backbone
泗南县总队,0,4,0,0,,,context_only
六甲战斗,0,4,4,0,,,strict_backbone
强渡嘉陵江战斗,0,6,2,0,,,strict_backbone
板光坚守战,0,3,2,0,,,strict_backbone
营救被捕同志,0,9,2,0,,,strict_backbone
痛打顽区长梅振华,0,3,1,0,,,strict_backbone
农民割据计划,0,2,0,0,,,context_only
六届二中全会,2,3,3,0,,,strict_backbone
耿马战斗,0,5,2,1,,,strict_backbone
英国香烟厂罢工,0,2,2,0,,,strict_backbone
丽江和平解放,0,3,3,0,,,strict_backbone
土地分配政策,0,8,3,0,,,strict_backbone
綦江县战时教育师资讲习会抗日救亡运动情况,0,1,0,0,,,context_only
第二次攻城,0,7,7,0,,,strict_backbone
肃清AB团活动,0,1,1,0,,,strict_backbone
反清乡部署/汤团行动背景,0,7,0,0,,,context_only
李堡西场战役,0,3,3,0,,,strict_backbone
云南省第一次党代会,1,3,1,0,,,strict_backbone
东总,0,4,2,0,,,strict_backbone
六马各族农民暴动,0,2,2,0,,,strict_backbone
民主政团同盟座谈会,0,2,0,0,,,context_only
皖南云岭地区撤离行动,0,2,0,0,,,context_only
发展党员,2,63,15,1,,,strict_backbone
收容伤病员,0,3,0,0,,,context_only
江华两县武装斗争,0,2,2,0,,,strict_backbone
徐州外交后援会,0,2,2,0,,,strict_backbone
利山整训,0,3,1,0,,,strict_backbone
反‘AB团’斗争,1,1,1,0,,,strict_backbone
大沙河战斗,0,1,0,0,,,context_only
三·八暴动,0,1,0,0,,,context_only
金沙江流域护厂行动,0,2,0,0,,,context_only
无锡各界青年抗战后报会,2,2,2,0,,,strict_backbone
配合186师剿匪部署,0,2,2,0,,,strict_backbone
公审大会,1,50,8,1,,,strict_backbone
收复沭阳城行动,0,3,3,0,,,strict_backbone
讨贼联军,0,2,2,0,,,strict_backbone
护厂保产与起义投诚,0,2,1,0,,,strict_backbone
民兵夜袭蔺匪与统战进剿,0,3,0,0,,,context_only
补发退伍军人证明书,0,1,0,0,,,context_only
六·二六反革命叛乱事件,0,6,0,0,,,context_only
党史工作会议,1,6,1,0,,,strict_backbone
华野9纵,0,1,0,0,,,context_only
赣州农民运动,2,2,2,0,,,strict_backbone
田坪战斗,0,9,4,0,,,strict_backbone
解放军谈判,0,3,0,0,,,context_only
周维丰小组,0,2,0,0,,,context_only
年关闹饷斗争,0,2,2,0,,,strict_backbone
妇女运动方针,0,1,0,0,,,context_only
总前委会议,0,3,0,0,,,context_only
进驻奉节城,0,5,0,0,,,context_only
浮桥渡河作战,0,3,0,1,,,context_only
昭通抗敌后援会,0,8,0,0,,,context_only
皖北起义,2,9,9,0,,,strict_backbone
德源山群众大会,0,2,0,0,,,context_only
垫江解放,1,13,4,0,,,strict_backbone
川鄂边区游击战争,0,3,0,0,,,context_only
土梧暴动,1,2,2,1,1949-01-01,1949-12-31,strict_backbone
整顿镇处处理的决定,0,5,0,0,,,context_only
成都军阀,0,1,0,0,,,context_only
举办反共游击干部训练班,0,3,1,0,,,strict_backbone
民兵建设,1,8,1,0,,,strict_backbone
朱家山会合,1,2,2,0,,,strict_backbone
大逮捕事件,0,1,0,0,,,context_only
上海行动区,0,3,0,0,,,context_only
三期普选,0,3,1,0,,,strict_backbone
地下印刷活动,0,3,1,1,,,strict_backbone
反监视与保护学生,0,1,1,0,,,strict_backbone
赣军,0,6,1,0,,,strict_backbone
学潮/思想传播,0,1,1,0,,,strict_backbone
重庆石柱县西乐坪战斗,0,4,0,0,,,context_only
修文‘二·一六’暴动,0,7,2,0,,,strict_backbone
扩红运动/反围剿,0,0,0,0,,,isolated
三三郎街暴动,1,3,3,0,,,strict_backbone
农教会干部训练班,0,3,1,0,,,strict_backbone
商议离铜,0,1,0,0,,,context_only
档案转移,1,3,2,0,,,strict_backbone
自卫武装,2,2,2,0,,,strict_backbone
红军北线行动,0,1,0,0,,,context_only
红一方面军攻长沙战役,0,3,3,0,,,strict_backbone
亦佐线战斗,0,1,0,0,,,context_only
麻雀战,0,3,0,0,,,context_only
宁远道州间突击周泽元部部署,0,2,0,0,,,context_only
九.九代表会,0,8,1,1,,,strict_backbone
东巩镇战斗,0,5,3,1,,,strict_backbone
淮办机关建立,1,3,2,0,,,strict_backbone
常德休整,0,1,0,0,,,context_only
东方军入闽作战,0,9,5,0,,,strict_backbone
閩民解放軍第四隊一團,0,1,0,0,,,context_only
中国工人运动发展,0,1,0,0,,,context_only
1948年10月秘密入党,0,2,2,0,,,strict_backbone
发起总攻与渡海进军,0,3,3,0,,,strict_backbone
黄梅陈庄战斗,0,2,2,0,,,strict_backbone
整风方针明确,0,3,0,0,,,context_only
五卅事件,3,13,6,1,1949-01-01,1949-12-31,strict_backbone
潜伏坚持斗争,0,2,0,0,,,context_only
鱼泉沟战斗,0,3,0,1,,,context_only
转入抗日民主运动,0,1,0,0,,,context_only
固镇解放战役,0,5,2,0,,,strict_backbone
和村碉堡战斗,0,3,3,0,,,strict_backbone
牵牛出棚战术,0,4,2,0,,,strict_backbone
大横山战斗,0,7,3,0,,,strict_backbone
稳定物价,0,3,0,0,,,context_only
扩大苏区运动,0,3,0,0,,,context_only
渡江北上,3,7,3,0,,,strict_backbone
保安三总队,0,3,0,0,,,context_only
泗县北大庄镇战斗,0,2,0,0,,,context_only
蚂蚁堆会议,2,7,4,0,,,strict_backbone
土地改革,19,627,255,8,1950-01-01,1950-12-31,strict_backbone
攻打驻军与合围,0,1,0,0,,,context_only
邱北战斗,0,2,2,0,,,strict_backbone
湘鄂西赤色警卫队江右军八大队,0,5,0,0,,,context_only
毛泽东领导的秋收起义队伍,0,2,0,0,,,context_only
世界革命与中国革命,0,1,0,0,,,context_only
解放战争期间武装斗争,0,2,2,0,,,strict_backbone
中国共产党领导下的抗日战争,0,1,0,0,,,context_only
四渡赤水战役,2,164,67,3,,,strict_backbone
箭杆场伏击战,0,3,2,0,,,strict_backbone
群众送慰问信活动,0,3,1,0,,,strict_backbone
中华苏维埃人民政府和国川赣省革命委员会成立,0,3,0,0,,,context_only
踏风艺社,0,4,0,0,,,context_only
建黎泰战役胜利,0,1,0,0,,,context_only
斗争史料,0,1,0,0,,,context_only
学潮,0,9,4,1,,,strict_backbone
盘县会议研究,0,1,0,0,,,context_only
走马坪安民大会,0,3,0,0,,,context_only
接应会泽矿工起义,0,5,2,0,,,strict_backbone
吉安起义,2,5,3,0,,,strict_backbone
大店战斗,1,6,2,1,,,strict_backbone
肃反与路线争论,0,3,1,0,,,strict_backbone
西圩事件,0,6,2,1,,,strict_backbone
西山农民武装起义,10,40,27,1,1949-01-01,1949-12-31,strict_backbone
抗日工作,0,1,0,0,,,context_only
剿匪和民主改革,0,2,2,0,,,strict_backbone
金子沱战斗,0,2,0,0,,,context_only
湘鄂边游击战争,0,1,0,0,,,context_only
江淮一支林,0,3,1,2,,,strict_backbone
大庾整编,2,2,2,0,,,strict_backbone
青年互助会,0,7,1,1,,,strict_backbone
土地斗争政策纠偏,0,2,2,0,,,strict_backbone
克混武装斗争,0,2,2,0,,,strict_backbone
石花街战斗,0,3,0,0,,,context_only
湘阴农民抗捐斗争,0,2,0,0,,,context_only
湖南南部起义,0,2,1,0,,,strict_backbone
反对基督教与打倒帝国主义,0,3,0,0,,,context_only
士兵运动计划与溃兵收编,0,3,0,0,,,context_only
四邑乡农民运动,0,5,2,0,,,strict_backbone
紧急治安会议,0,1,1,0,,,strict_backbone
日伪军扫荡,0,6,1,1,,,strict_backbone
武平乡农民武装暴动,0,2,2,0,,,strict_backbone
袭击国民党溃军,2,2,2,0,,,strict_backbone
第一次反‘围剿’,0,44,30,2,,,strict_backbone
起义计划流产,0,1,0,0,,,context_only
三·二九反革命武装暴乱,0,4,4,0,,,strict_backbone
科学社会主义传播,0,2,2,0,,,strict_backbone
抗日战争爆发前,0,1,0,0,,,context_only
反清乡/锄奸斗争,0,1,1,0,,,strict_backbone
武装群众砸枷锁,0,1,1,0,,,strict_backbone
打碎泥菩萨行动,0,1,0,0,,,context_only
三中全会,0,1,0,0,,,context_only
试办合作社,0,2,0,0,,,context_only
工农斗争扩大,0,3,2,1,,,strict_backbone
战役形势,0,1,0,0,,,context_only
解放谢埠之役,0,2,2,0,,,strict_backbone
挺进大队/破坏大队/捕俘队/突击小组,0,0,0,0,,,isolated
五·四运动二十七周年纪念大会,0,5,2,0,,,strict_backbone
芜湖各界反帝活动,0,1,0,0,,,context_only
打米行斗争,0,4,3,0,,,strict_backbone
税警团驻扎事件,0,5,1,1,,,strict_backbone
减租反霸,0,2,2,0,,,strict_backbone
苏区中央局组织部,0,3,1,1,,,strict_backbone
全国总工会特派员会议,0,2,0,0,,,context_only
《红岩》,1,17,1,0,,,strict_backbone
惠水都匀平塘合围,0,3,1,0,,,strict_backbone
秘密工作与公开工作关系,0,6,0,0,,,context_only
朱毛会师,0,7,1,0,,,strict_backbone
合围战术清剿土匪,0,5,2,0,,,strict_backbone
湖南全省工人代表大会,0,5,2,0,,,strict_backbone
支援大军南下渡江作战,0,5,2,0,,,strict_backbone
黄堂组织,0,1,1,0,,,strict_backbone
开辟皖南,0,3,0,1,,,context_only
高沟杨口战役,0,5,4,1,1944-01-01,1944-12-31,strict_backbone
接管银行,2,5,3,0,,,strict_backbone
天柱建政初期剿匪斗争,0,2,2,0,,,strict_backbone
政治教育运动,0,7,2,0,,,strict_backbone
洛川会议,0,2,0,0,,,context_only
元谋县解放,0,1,0,0,,,context_only
三根树战斗,0,1,0,0,,,context_only
攻城撤退/遵守纪律,0,2,2,0,,,strict_backbone
达县专署保安大队,0,2,0,0,,,context_only
留法勤工俭学运动,0,29,10,1,,,strict_backbone
土匪骨干集训队,0,2,1,0,,,strict_backbone
吉兴场战役,0,2,0,0,,,context_only
紫石英号事件,0,3,0,0,,,context_only
泸西县防卫中队,0,3,0,0,,,context_only
减租惩奸运动,0,2,2,2,1946-01-01,1946-12-31,strict_backbone
抗日人民义勇队第二总队,0,3,0,1,,,context_only
保甲长责任制,0,3,0,0,,,context_only
安广战斗,0,1,0,0,,,context_only
横渡长江战役,0,5,0,0,,,context_only
西二区农民协会成立,0,3,1,0,,,strict_backbone
万年码头村武装暴动,0,3,3,0,,,strict_backbone
宣威边防大队与贵州保安团战斗,0,2,2,0,,,strict_backbone
实行八小时工作制,0,2,0,0,,,context_only
天门寺战斗,1,3,1,0,,,strict_backbone
西江人民暴动,2,4,2,0,,,strict_backbone
新堤汉川农运状况,0,1,0,0,,,context_only
撤退转移与割草接火,0,3,1,0,,,strict_backbone
泗州大庄伏击战,0,5,3,0,,,strict_backbone
小阳塘战斗,0,2,0,0,,,context_only
学生寒假工作团,0,3,0,0,,,context_only
剿匪作战,0,6,0,0,,,context_only
四十六军围攻白沙县城,0,1,1,0,,,strict_backbone
白沙关战斗,0,5,2,0,,,strict_backbone
屠杀苏维埃干部,0,3,1,1,,,strict_backbone
靖卫旅拘禁事件,0,3,0,0,,,context_only
社会主义研究会,3,4,4,0,,,strict_backbone
泗阳县委成立,0,3,3,0,,,strict_backbone
百坪井塘入暴动,1,1,1,0,,,strict_backbone
万县抗英,0,5,2,0,,,strict_backbone
抗美援朝分会,0,6,0,0,,,context_only
传播《向导》《新青年》等进步书刊,0,2,2,0,,,strict_backbone
1950年纳雍剿匪斗争,0,3,2,0,,,strict_backbone
黄坪煤矿袭击事件,0,2,2,0,,,strict_backbone
苏南抗日游击区建政,0,2,0,0,,,context_only
地武工作布置,0,1,0,0,,,context_only
兑换金圆券工作,0,1,0,0,,,context_only
抗日战争时期敌后工作,0,3,0,0,,,context_only
中共义八支部武装暴动,0,6,4,1,,,strict_backbone
解放沿河,0,4,2,0,,,strict_backbone
情报联络,0,3,0,0,,,context_only
解放战争史料编纂,0,4,1,1,,,strict_backbone
台儿庄大捷,0,4,0,0,,,context_only
乐宜崇三县挺进大队,0,4,0,0,,,context_only
产业工人组织停滞,0,1,0,0,,,context_only
廿四都战斗,0,3,0,0,,,context_only
攻打谷城,1,4,4,0,,,strict_backbone
正式审讯,0,2,0,0,,,context_only
救灾防疫,0,3,0,0,,,context_only
军事建设,0,5,2,0,,,strict_backbone
武汉北伐誓师大会,0,1,0,0,,,context_only
大路公司,0,6,0,0,,,context_only
遣送延安/长期隐蔽,0,4,0,0,,,context_only
平武和平解放,0,1,1,0,,,strict_backbone
南进支队合编事件,0,5,0,0,,,context_only
南陵特支,0,2,0,0,,,context_only
奉大巫起义,0,17,10,0,,,strict_backbone
武器弹药收缴行动,0,3,0,0,,,context_only
苏中、苏北抗日根据地开辟,0,0,0,0,,,isolated
发展新党员,0,2,2,0,,,strict_backbone
左翼剧联活动分盟,0,5,2,0,,,strict_backbone
停战协议,2,3,3,0,,,strict_backbone
成都起义,0,5,2,0,,,strict_backbone
黄町庙战役,0,4,1,0,,,strict_backbone
梓潼县土改,1,3,1,0,,,strict_backbone
曾庆元部,0,6,0,1,,,context_only
湖南省委第六次代表大会,0,3,3,0,,,strict_backbone
控制乡政权与建立武装,0,3,1,0,,,strict_backbone
皖北地区统战工作,0,6,0,0,,,context_only
永胜县解放,0,2,2,0,,,strict_backbone
城关民兵班成立,0,1,1,0,,,strict_backbone
九龙岗读书会,0,5,2,0,,,strict_backbone
干部大队成立,0,3,0,0,,,context_only
裴桥会议,0,2,0,0,,,context_only
伤病员留养,0,3,1,1,,,strict_backbone
清查共产党运动,0,2,2,0,,,strict_backbone
鄂北暴动计划失败与两湖暴动计划,0,2,0,0,,,context_only
湘潭县第一届各界人民大会,0,5,3,0,,,strict_backbone
超然县党部成立,0,5,3,0,,,strict_backbone
张国焘分裂主义,0,3,0,0,,,context_only
宣传新民主主义论与议论皖南事变,0,1,0,0,,,context_only
打倒地主恶霸,0,3,0,0,,,context_only
加入中国共产党/成立苗夷委员会/隐蔽斗争,0,1,0,0,,,context_only
迎接大军解放赣南,0,3,1,0,,,strict_backbone
农村合作运动,0,1,1,0,,,strict_backbone
接待革命青年,0,1,0,0,,,context_only
砸坏报话机/逃避抓丁,0,7,5,0,,,strict_backbone
群众斗争宣传,0,3,0,0,,,context_only
击溃战,0,3,0,0,,,context_only
飞行小组捉匪,0,2,2,0,,,strict_backbone
抗捐、抗税、抗债斗争,0,0,0,0,,,isolated
茶陵之役,0,4,4,0,,,strict_backbone
上海商人和平诉求,0,3,1,0,,,strict_backbone
天生关-北大村阻击战,0,2,2,0,,,strict_backbone
伪阳新自卫团,0,2,0,0,,,context_only
灵璧大队,0,5,2,0,,,strict_backbone
大庄集事件,0,5,3,0,,,strict_backbone
安顺县地方队部建立,0,2,2,0,,,strict_backbone
武装起义准备,1,22,6,1,,,strict_backbone
解放区救济工作,0,4,0,0,,,context_only
丽江县人民政府全体工作人员会议,1,3,1,0,,,strict_backbone
砀南清剿战,1,4,4,0,,,strict_backbone
国共内战,0,3,0,0,,,context_only
赣南农民训练班,0,1,0,0,,,context_only
皖西革命活动,1,2,2,0,,,strict_backbone
华中北线支前司令部,0,3,0,1,,,context_only
搜剿与政治攻势,0,3,1,0,,,strict_backbone
上海一·二八抗战,0,3,0,0,,,context_only
黄果树便桥修建事件,0,5,1,0,,,strict_backbone
生擒赵达芝,0,2,1,0,,,strict_backbone
醴陵苏区失陷,0,5,2,0,,,strict_backbone
《雷雨》演出,1,1,1,0,,,strict_backbone
整编复员,0,3,0,0,,,context_only
湘北大捷,0,2,2,0,,,strict_backbone
起义响应,0,1,1,0,,,strict_backbone
第四次各族各界代表会议,0,3,0,0,,,context_only
山子山战斗,0,3,1,0,,,strict_backbone
事变应对措施,0,2,0,0,,,context_only
贵池县学生联合会,2,4,2,0,,,strict_backbone
活捉敌副师长吕大麻子,0,5,5,0,,,strict_backbone
南昌起义和秋收起义,0,3,0,0,,,context_only
赣江渡江行动,0,3,0,0,,,context_only
反蒋、反‘三摘’农民运动,0,0,0,0,,,isolated
组织反蒋武装斗争,0,2,0,0,,,context_only
新田青年读书会,0,3,0,0,,,context_only
八·四事件,0,12,2,1,,,strict_backbone
大沙河停工请愿团,0,2,2,0,,,strict_backbone
南进工作,0,3,0,0,,,context_only
西山游击大队,3,5,4,0,,,strict_backbone
清江临江镇战役,0,2,2,0,,,strict_backbone
捧鲜暴动武装,1,1,1,0,,,strict_backbone
云贵川边根据地创建,0,9,1,1,,,strict_backbone
沛县边区斗争,0,3,0,0,,,context_only
湘赣边界暴动,0,2,2,0,,,strict_backbone
惠安抗捐运动,0,1,1,0,,,strict_backbone
六县县抗日斗争,0,4,2,0,,,strict_backbone
反内战宣传,0,9,0,0,,,context_only
通讯处破坏与暴动计划泄露,0,1,0,0,,,context_only
扎西缩编,0,9,0,0,,,context_only
组织关系接转,0,1,0,0,,,context_only
城市工作与敌工工作,0,2,2,0,,,strict_backbone
平阿山惨案,1,5,5,0,,,strict_backbone
除夕暴动,2,9,8,1,,,strict_backbone
攻占据点,0,1,1,0,,,strict_backbone
牛街炼渡坡文昌宫‘4·28’暴动,0,2,0,0,,,context_only
碧江和平解放,0,5,2,0,,,strict_backbone
浏阳遇险,0,5,3,1,,,strict_backbone
板桥镇游击大队成立,0,2,2,0,,,strict_backbone
没收征收,0,6,0,0,,,context_only
荔波铁壁合围/分散清剿,0,5,1,0,,,strict_backbone
汪精卫叛变革命,0,3,1,0,,,strict_backbone
湘潭县农民运动,1,4,1,0,,,strict_backbone
战斗主力,0,1,0,0,,,context_only
杨子昭部,0,5,0,0,,,context_only
沪案重查,1,4,2,0,,,strict_backbone
镇压反革命活动,0,7,1,0,,,strict_backbone
仁怀县解放,0,1,0,0,,,context_only
陈家坝地下组织活动,1,6,1,1,,,strict_backbone
武阳,0,1,0,0,,,context_only
肥西众兴集战斗,0,5,3,1,,,strict_backbone
西山寺战斗,0,3,0,0,,,context_only
护台斗争,0,5,1,1,,,strict_backbone
边区人民斗争,0,1,0,0,,,context_only
暴动分子,0,1,0,0,,,context_only
沪淞沪杭区16专科队联合大游行,0,5,2,1,,,strict_backbone
社会主义青年团安庆组织,0,2,2,0,,,strict_backbone
西房乡事件,0,2,2,0,1943-01-01,1943-12-31,strict_backbone
滇东北禁烟督查团,0,1,0,0,,,context_only
印刷生产合作社,0,3,0,1,,,context_only
第三次攻打洱源凤羽地霸马老六,0,2,2,0,,,strict_backbone
抢修淮河铁桥,0,2,2,0,,,strict_backbone
购买公债/节省运动,0,1,0,0,,,context_only
反保甲斗争,0,1,0,0,,,context_only
护城任务,0,4,1,0,,,strict_backbone
三战谷陇,0,5,0,0,,,context_only
苏浙皖边游击战,0,3,3,0,,,strict_backbone
镇压反革命/抗美援朝,0,0,0,0,,,isolated
《阶级斗争》,0,0,0,0,,,isolated
苏北抗日协商会议,0,2,2,0,,,strict_backbone
红一方面军与红四方面军在四川懋功会师,0,2,2,0,,,strict_backbone
劳动竞赛,0,5,0,0,,,context_only
三浦战役,2,18,6,2,,,strict_backbone
古坦会议,0,2,0,0,,,context_only
反美抗日斗争,0,3,0,1,,,context_only
围剿残命战斗,0,1,0,0,,,context_only
奉化市民大会,0,3,3,0,,,strict_backbone
戴家场暴动,0,11,8,0,,,strict_backbone
俞家埠战斗,1,7,5,0,,,strict_backbone
月亮田战斗,4,6,6,0,,,strict_backbone
粤桂边境围歼战,0,1,1,0,,,strict_backbone
第一次全国苏维埃代表大会,0,21,4,1,,,strict_backbone
广丰苏区革命武装发展,0,5,1,1,,,strict_backbone
王六子阻击战细节,0,1,1,0,,,strict_backbone
景德镇战役,0,3,3,0,,,strict_backbone
地下党支持的武装自卫斗争,0,1,1,0,,,strict_backbone
开荒种菜运动,1,2,2,0,,,strict_backbone
三打掘港,0,3,1,0,,,strict_backbone
王佐岭战斗,0,5,3,1,,,strict_backbone
赣南三整,1,7,4,1,,,strict_backbone
《和平解放巴中协议》,0,5,2,0,,,strict_backbone
浦托事件,0,3,0,0,,,context_only
三穗县城保卫战,0,5,2,0,,,strict_backbone
第五次反‘围剿’失败,0,7,0,0,,,context_only
歌咏宣传,0,3,1,1,,,strict_backbone
奔赴赣榆战地工作团,1,2,2,0,,,strict_backbone
攻破镇行动,0,1,0,0,,,context_only
塘头事件,0,2,2,0,,,strict_backbone
淮阴县大队,0,2,0,0,,,context_only
滇北工作团,0,3,0,0,,,context_only
昆明师院学生罢课,0,3,0,0,,,context_only
新四军敌后斗争,0,6,0,1,,,context_only
万安城攻防战,1,8,8,0,,,strict_backbone
告急请兵,0,2,0,0,,,context_only
反蒋统一战线指示,0,2,0,0,,,context_only
会昌战役,3,9,6,0,,,strict_backbone
青沪惨案湖南雪耻会醴陵分会,0,5,3,0,,,strict_backbone
南华新剧社,0,2,2,0,,,strict_backbone
民兵组织建立,0,2,0,0,,,context_only
西乡地区的农民革命斗争,0,3,2,0,,,strict_backbone
收尸牺牲,0,2,0,0,,,context_only
撤退突围,0,2,2,0,,,strict_backbone
黄湘芹事件,0,2,2,0,,,strict_backbone
和平解放望谟,0,3,0,0,,,context_only
土地政策,2,5,2,0,,,strict_backbone
湘西军阀陈渠珍部,0,1,0,0,,,context_only
铁壁封锁,1,4,3,0,,,strict_backbone
武装保卫秋收,0,3,1,0,,,strict_backbone
白雾镇会谈,0,3,1,0,,,strict_backbone
邻水县农民暴动,0,2,2,0,,,strict_backbone
武昌监狱斗争,0,2,0,0,,,context_only
阎宽惨案,0,1,0,0,,,context_only
涡阳革命斗争,0,3,0,1,,,context_only
巴中县第二次工农兵苏维埃代表大会,0,2,2,0,,,strict_backbone
省委被破坏事件,0,2,0,0,,,context_only
反奸查减运动,0,5,2,0,,,strict_backbone
倒偶运动,0,3,3,0,,,strict_backbone
北上抗日行动,0,5,3,0,,,strict_backbone
鲁番大捷,0,6,0,0,,,context_only
成立青沪惨案麻阳雪耻会,0,3,1,1,,,strict_backbone
溪口区委成立,0,2,2,0,,,strict_backbone
夏曦同志牺牲事件,0,1,0,0,,,context_only
民先活动,1,2,2,0,,,strict_backbone
洪湖战役,0,2,0,0,,,context_only
老山进攻战斗,0,1,0,0,,,context_only
海摩陈家寨峡谷地段战斗,0,2,0,0,,,context_only
剿匪进剿及罗敏德牺牲,0,4,2,0,,,strict_backbone
第一次向赣南挺进,0,5,2,0,,,strict_backbone
北进敌后誓师大会,0,3,0,0,,,context_only
大悲寺夺枪斗争,0,2,2,0,,,strict_backbone
红军组织扩大与游击战争,0,3,0,0,,,context_only
猪儿会,0,1,0,0,,,context_only
苏南反围攻战,0,5,3,1,,,strict_backbone
一、四方面军会合,1,8,1,1,,,strict_backbone
湘桂人民大撤退,0,4,0,0,,,context_only
五卅惨案后援会,0,5,2,0,,,strict_backbone
江西省第二次代表大会,1,3,1,0,,,strict_backbone
社教运动,0,1,1,0,,,strict_backbone
豫皖苏后勤决定,0,3,0,0,,,context_only
农民抢米事件,0,2,2,0,,,strict_backbone
黎平会议/遵义会议,0,0,0,0,,,isolated
《太阳照大地》,0,3,0,0,,,context_only
黔东人民暴动,1,3,3,0,,,strict_backbone
广东省第二次农民代表大会,2,4,4,0,,,strict_backbone
文研小组,0,3,2,0,,,strict_backbone
绥宁全境解放/剿匪胜利,0,2,2,0,,,strict_backbone
安青组织,1,16,7,0,,,strict_backbone
川陕苏区时期党风建设,0,6,1,0,,,strict_backbone
《马街协议》,0,5,2,0,,,strict_backbone
解放淮安城,2,2,2,0,,,strict_backbone
四八烈士追悼会,0,6,0,1,,,context_only
桑枣园反霸斗争,0,1,0,0,,,context_only
杨玉发等四位烈士,0,1,0,0,,,context_only
新民主主义促进会,0,4,2,1,,,strict_backbone
石花街侦察与战斗,0,3,3,0,,,strict_backbone
赣州会议,3,12,5,1,,,strict_backbone
南漳游击大队,0,6,2,0,,,strict_backbone
撮科起义,0,14,5,0,,,strict_backbone
八县大会,0,2,0,0,,,context_only
解放宜昌沙市战役,0,5,3,0,1949-10-01,1949-10-31,strict_backbone
炉山县剿匪行动,0,3,0,0,,,context_only
土改部署/试点,0,1,0,0,,,context_only
抗日宣传队斗争,0,3,1,1,,,strict_backbone
川东农民暴动,0,5,1,1,,,strict_backbone
八一建军节,0,2,0,0,,,context_only
解放板光寨活捉匪首黄金城,0,1,1,0,,,strict_backbone
童家甸战斗胜利/表彰,0,8,1,0,,,strict_backbone
一碗水战斗及十六烈士牺牲,0,4,1,0,,,strict_backbone
红四方面军转移,0,3,1,0,,,strict_backbone
宿北武工三小队,0,3,0,0,,,context_only
湘阴县农民运动,0,6,4,0,,,strict_backbone
伪造《黄山报》,0,3,0,0,,,context_only
陈家河龙王集战役,0,2,2,0,,,strict_backbone
黔东南绥靖区副司令部,1,2,2,0,,,strict_backbone
紧急行动,0,1,1,0,,,strict_backbone
五·五晚会,0,4,1,0,,,strict_backbone
花溪事件,0,5,2,1,,,strict_backbone
同仁会,0,1,0,0,,,context_only
《解放选刊》,0,6,0,0,,,context_only
黎平剿匪斗争,0,1,0,0,,,context_only
父亲屈死,0,2,0,0,,,context_only
围剿与转移根据地,0,4,3,0,,,strict_backbone
红二、六军团行动,0,0,0,0,,,isolated
识字教育活动,0,3,0,1,,,context_only
收缴非法武器电台,0,5,3,0,,,strict_backbone
北上方针,1,14,4,0,,,strict_backbone
遗留问题,0,1,0,0,,,context_only
南京学生工作,1,2,2,0,,,strict_backbone
新闻人员学习班,0,6,0,0,,,context_only
重庆学界运动,0,3,1,0,,,strict_backbone
特委扩大会议,0,11,2,0,,,strict_backbone
宋家场战斗,0,3,3,0,,,strict_backbone
四川、云南等地秘密电台准备,0,1,0,0,,,context_only
谭杰、邓晋伯、陈元位,0,0,0,0,,,isolated
南溪农民武装起义,1,1,1,0,,,strict_backbone
邝继勋兵变,0,3,0,0,,,context_only
寿六合游击大队,0,3,0,1,,,context_only
红四方面军撤离旺苍,0,3,0,0,,,context_only
中路大军,0,1,0,0,,,context_only
转学蜀都,0,5,0,0,,,context_only
破除封建迷信宣传活动,0,4,2,1,,,strict_backbone
镇压抗日救亡运动,0,1,0,0,,,context_only
鄂湘赣粤农民协会执行委员会议,0,1,0,0,,,context_only
广州失陷,0,2,2,0,,,strict_backbone
川、滇、黔三省军阀混战,0,2,2,0,,,strict_backbone
东岗独固村公审大会,0,1,0,0,,,context_only
余姚北乡米商水巡队,0,3,1,0,,,strict_backbone
截击日伪军/反清乡形势好转,0,3,3,0,,,strict_backbone
梅家洲事件,0,3,0,0,,,context_only
悼念大会,0,1,0,0,,,context_only
苏区党代会议,2,2,2,0,,,strict_backbone
东南工合,0,9,0,0,,,context_only
俘获敌51号军舰,0,2,0,0,,,context_only
西渡嘉陵江战役,0,2,2,0,,,strict_backbone
湘赣起义,1,2,2,0,,,strict_backbone
教师暑期研究会与在职学习,0,1,0,0,,,context_only
湘西工委会议,0,1,1,0,,,strict_backbone
1943年10月五尖山阵地争夺战,0,2,2,0,,,strict_backbone
秘密交通工作,0,3,2,0,,,strict_backbone
反徐斗争,0,1,0,0,,,context_only
凯里区队成立,0,4,4,0,,,strict_backbone
罗盘地委训练班,0,3,0,0,,,context_only
弋(阳)横(峰)暴动,0,3,2,0,,,strict_backbone
湖南暴动,0,4,4,3,1928-02-01,1928-02-29,strict_backbone
筹备干粮/执行民族政策,0,1,0,0,,,context_only
防汛与普选结合实践,0,2,2,0,,,strict_backbone
德阳县的‘孝泉兵变’,0,3,1,1,,,strict_backbone
筹组革命武装,1,6,2,1,,,strict_backbone
强攻丰利镇据点,0,6,4,1,,,strict_backbone
恢复苏南工作部署,0,3,0,0,,,context_only
冯氏补习团,1,4,4,0,,,strict_backbone
安禄罗荥游击大队,0,1,1,0,,,strict_backbone
安源秋收暴动,0,2,2,0,,,strict_backbone
江西农业社会主义改造,0,2,2,0,,,strict_backbone
联合藏回番苗抗日反蒋,0,6,2,1,,,strict_backbone
武工队训练,0,1,1,0,,,strict_backbone
湖北省党部第四次代表大会,0,7,1,0,,,strict_backbone
国民革命军第十军授旗仪式,0,5,2,0,,,strict_backbone
长征路线回忆,0,1,0,0,,,context_only
新四军第二届参谋会议,0,5,0,0,,,context_only
阎家桥头阻击战,1,3,3,0,,,strict_backbone
解放个旧城区之战,0,3,3,0,,,strict_backbone
火红暴动,0,5,3,0,,,strict_backbone
铜山站八号门事件/大罢工,0,1,1,0,,,strict_backbone
成都市各界人民代表会议,0,3,0,0,,,context_only
开仓运动,1,5,2,0,,,strict_backbone
安源工人暴动,0,1,0,0,,,context_only
复兴东岳庙特支,0,3,0,0,,,context_only
暴动斗争,0,3,3,3,,,strict_backbone
民兵抗击土司匪兵,0,5,5,0,,,strict_backbone
里仁暴动,0,3,3,0,,,strict_backbone
宜城董家集夜袭战,0,1,0,0,,,context_only
工人运动斗争,1,2,2,0,,,strict_backbone
革命骨干培养培训班,0,1,1,0,,,strict_backbone
下司战斗,0,9,3,0,,,strict_backbone
《实践论》,0,3,0,0,,,context_only
中国工农红军第4军成立,0,1,0,0,,,context_only
盐防军,1,20,4,0,,,strict_backbone
武工队起义,0,9,6,0,,,strict_backbone
争取解放纪念大会,0,1,0,0,,,context_only
农民协会成立运动,0,3,2,0,,,strict_backbone
灵北民兵,0,2,0,0,,,context_only
六八战役,0,1,0,0,,,context_only
攻打新场,0,3,3,0,,,strict_backbone
丹寨解放,5,43,23,1,1949-08-01,1949-08-31,strict_backbone
减租减息退押,1,3,3,0,,,strict_backbone
迂回歼敌占领沙甸,0,2,1,0,,,strict_backbone
游击小组成立,0,2,0,0,,,context_only
金顶搜剿与侦察总结,0,2,0,0,,,context_only
周田战斗/会昌局势,0,1,1,0,,,strict_backbone
贡山和平解放,0,1,1,0,,,strict_backbone
三义乡战斗,0,2,2,0,,,strict_backbone
大革命失败后的艰苦斗争,0,2,2,0,,,strict_backbone
安庆战斗,0,3,0,0,,,context_only
士兵抗战教育,0,3,0,0,,,context_only
解放大上海,0,5,2,0,,,strict_backbone
党的领导/武装斗争/群众支持,0,0,0,0,,,isolated
纪念孙中山逝世的大会,0,1,0,0,,,context_only
将台堡会师,0,4,0,0,,,context_only
横渡战役,0,5,2,1,,,strict_backbone
皖浙赣三年游击战争,0,14,4,1,,,strict_backbone
阶级调查,0,2,0,0,,,context_only
镇远专区解放,0,2,0,0,,,context_only
临时党部成立,0,1,0,0,,,context_only
1939年5月安庆战斗,0,2,2,0,,,strict_backbone
小东山村革命活动,0,3,1,0,,,strict_backbone
上海情报系统,0,4,0,0,,,context_only
麻埠香火岭战役,0,1,1,0,,,strict_backbone
张家坪兄弟塘岭就义,0,2,0,0,,,context_only
平江工农运动,0,6,3,0,,,strict_backbone
堡垒工作,0,3,1,0,,,strict_backbone
两溪匪患与剿匪战斗,0,2,0,0,,,context_only
鲁桥乡人民武装起义,0,3,0,0,,,context_only
停止抵抗联络,0,3,0,0,,,context_only
讨蒋政策,0,3,0,0,,,context_only
团中央组织会议,0,3,0,0,,,context_only
军需品发放,0,3,0,0,,,context_only
两次打长沙,0,3,0,0,,,context_only
津浦铁路工人运动,1,1,1,0,,,strict_backbone
南京四一惨案烈士追悼会,0,3,1,1,,,strict_backbone
组织民训队,0,5,4,0,,,strict_backbone
保路风潮,0,3,3,0,,,strict_backbone
统计工商业户头,0,1,0,0,,,context_only
铜梁学运/反日爱国运动,0,1,1,0,,,strict_backbone
成都丝织业工人罢工,0,3,3,0,,,strict_backbone
工农革命,0,3,0,0,,,context_only
嘉兴解放,0,6,1,0,,,strict_backbone
粮食征购,0,1,0,0,,,context_only
敌机扫射事件,0,3,1,0,,,strict_backbone
马日政变,0,6,1,0,,,strict_backbone
马列主义理论学习,0,1,1,0,,,strict_backbone
打枪坝惨案,0,3,0,0,,,context_only
旧州保卫战反击与歼灭李庚全匪部,0,4,1,0,,,strict_backbone
国民党左右派问题讨论,0,2,2,0,,,strict_backbone
破袭铁路计划,0,3,1,0,,,strict_backbone
学运反运运动,0,1,0,0,,,context_only
民兵大发展,0,7,1,1,,,strict_backbone
抗兵抗捐民团,0,2,2,0,,,strict_backbone
牛山人民抗日自卫大队,0,3,0,0,,,context_only
南区暴动,1,1,1,0,,,strict_backbone
双马乡群众大会,0,1,0,0,,,context_only
化整为零,0,4,2,0,,,strict_backbone
闵家场战斗,1,8,3,1,,,strict_backbone
游击战短训班,0,1,0,0,,,context_only
区党委会议,0,1,0,0,,,context_only
成立重安江贸易支公司,0,1,0,0,,,context_only
挺进师建立苏区计划,0,3,1,0,,,strict_backbone
伤病员护理,0,2,1,0,,,strict_backbone
攻打县城战斗,0,2,0,0,,,context_only
挑粮运动,2,2,2,0,,,strict_backbone
抗战公学,3,6,3,0,,,strict_backbone
六二四球队,0,5,0,0,,,context_only
驱逐封建顽固校长学潮,0,2,2,0,,,strict_backbone
新乡制试点,0,1,0,0,,,context_only
嘉蓝临剿匪战役,1,1,1,0,,,strict_backbone
会泽县临时人民政府筹建会议,0,4,0,0,,,context_only
重庆办事处撤退行动,0,2,2,0,,,strict_backbone
攻打奉节城战斗,0,6,4,0,,,strict_backbone
雷公山铁壁合围,0,2,2,0,,,strict_backbone
攻占淮安城,1,4,2,1,,,strict_backbone
五四土改,0,3,0,0,,,context_only
凤禾乡苏维埃游击分队,0,1,0,0,,,context_only
中学党支部成立,0,1,0,0,,,context_only
两代会,0,3,3,0,,,strict_backbone
征粮工作,10,100,37,3,,,strict_backbone
大冶暴动,0,3,3,0,,,strict_backbone
土地调查,0,4,3,0,,,strict_backbone
修桥支援前线,0,4,1,0,,,strict_backbone
淮南敌后抗战,0,5,3,1,,,strict_backbone
解放黄家坝区斗争,0,2,2,0,,,strict_backbone
王家大湾战斗,0,4,2,0,,,strict_backbone
革命思想启蒙教育,0,3,0,0,,,context_only
蚌埠人民自卫总队,0,1,0,0,,,context_only
彝良县战斗,0,2,0,0,,,context_only
江堤险情,0,3,2,0,,,strict_backbone
群众路线教育活动,0,3,0,0,,,context_only
联盟罢工,0,3,1,0,,,strict_backbone
审查王丰庆叛变情节,3,3,3,0,,,strict_backbone
袭击伪区部战斗,0,3,1,0,,,strict_backbone
淮盐六县负责人会议,0,5,2,1,,,strict_backbone
汉阳高工联络站,2,5,2,0,,,strict_backbone
调整税收,0,6,0,0,,,context_only
一二·一学运,0,2,2,0,,,strict_backbone
消费合作社大会,0,1,0,0,,,context_only
短枪便衣行动,0,3,0,0,,,context_only
宾房战斗,0,2,2,0,,,strict_backbone
重庆国共协定,0,3,1,0,,,strict_backbone
公安防奸会议,0,3,2,1,,,strict_backbone
阿佤山区自卫总队,0,3,1,1,,,strict_backbone
镇彝威党支部成立,0,2,0,0,,,context_only
两军对峙,0,2,0,0,,,context_only
北伐军进驻贵池,0,2,2,0,,,strict_backbone
地下交通站,0,5,1,0,,,strict_backbone
红九军团长征行动,0,6,0,1,,,context_only
白色恐怖与迎接解放,0,5,0,0,,,context_only
党领导的播中‘九·五起义’,0,1,0,0,,,context_only
北伐军渡江作战,0,3,3,0,,,strict_backbone
正规化建设,0,4,1,0,,,strict_backbone
抢渡,0,3,1,0,,,strict_backbone
公审宣判大会,0,1,1,0,,,strict_backbone
解放政权建设,0,3,3,0,,,strict_backbone
虎城乡公所枪支争夺行动,0,2,0,0,,,context_only
反基督教口号斗争,0,2,0,0,,,context_only
沙家店战役,0,2,1,0,,,strict_backbone
南昌学生救国联合会,0,2,2,0,,,strict_backbone
恢复交通与抢险救灾,0,1,0,0,,,context_only
开展勤业务与做交流,0,1,1,0,,,strict_backbone
改行拉洋车,0,2,1,0,,,strict_backbone
俘虏兵政策,0,3,0,0,,,context_only
公民课,0,2,0,0,,,context_only
大路社青年服务队,0,3,0,1,,,context_only
突破封锁线战斗,0,6,1,0,,,strict_backbone
民革、民盟和农工党派,0,0,0,0,,,isolated
化北河遭遇战,0,1,1,0,,,strict_backbone
揭露伪军扰民/摆事实讲道理,0,1,0,0,,,context_only
划分暴动区域,0,3,0,0,,,context_only
铺监问题,0,3,0,0,,,context_only
反帝爱国游行示威,0,3,0,0,,,context_only
萧县县委会议,0,3,0,0,,,context_only
补部战斗,0,11,0,0,,,context_only
深入敌穴侦察,0,2,1,0,,,strict_backbone
红枪会抗击日寇战斗,0,2,2,0,,,strict_backbone
《新滇社》,2,2,2,0,,,strict_backbone
侦察敌情投放宣传品,0,5,2,0,,,strict_backbone
潭溪战斗,0,3,3,0,,,strict_backbone
策反国民党新七军曹茂琼部起义,0,1,1,0,,,strict_backbone
九月会议,0,6,2,0,,,strict_backbone
联合登陆演习,0,2,2,0,,,strict_backbone
对日军作战,0,5,3,0,,,strict_backbone
渡长江战役,1,1,1,0,,,strict_backbone
滇东游击战争,0,2,2,0,,,strict_backbone
昆明市总工会筹备委员会成立,0,6,0,0,,,context_only
赤化云贵川,0,3,1,0,,,strict_backbone
红二、红六军团长征,0,0,0,0,,,isolated
武汉中心农运,0,3,1,1,,,strict_backbone
艰苦创业团结战斗,0,4,0,0,,,context_only
台子军事会议,0,6,3,0,,,strict_backbone
杨岐山起义,0,2,0,0,,,context_only
武汉学联罢课游行,0,2,2,0,,,strict_backbone
发动农民,0,3,0,0,,,context_only
恢复组织关系,0,4,1,0,,,strict_backbone
访贤问苦,0,3,1,0,,,strict_backbone
九·五起义,5,37,17,1,1948-01-01,1948-12-31,strict_backbone
合群宰牛场,0,5,3,1,,,strict_backbone
积极分子入党,0,1,0,0,,,context_only
抗烟斗争,0,5,3,1,,,strict_backbone
接管盐江财政工作,0,8,2,0,,,strict_backbone
岔石港战役,0,1,0,0,,,context_only
九纵,0,18,5,0,,,strict_backbone
武汉解放,14,252,90,1,1949-05-01,1949-05-31,strict_backbone
杨家边伏击战,0,2,2,0,,,strict_backbone
乌江战斗,1,11,2,0,,,strict_backbone
和平解放普安,0,3,0,0,,,context_only
中共政治局常委工作会议,0,1,0,0,,,context_only
美军暴行抗争运动,0,2,2,0,,,strict_backbone
蒋介石围剿计划,0,1,0,0,,,context_only
黄冈至九江敌后抗战,0,3,0,1,,,context_only
拔据点反清剿,0,1,0,0,,,context_only
刘家坂会议,0,3,0,0,,,context_only
《苏南反清乡斗争史料》,0,3,0,0,,,context_only
发布清剿土匪布告,0,3,0,0,,,context_only
军党委会议,0,2,1,0,,,strict_backbone
南京救亡运动,1,5,3,0,,,strict_backbone
攻占重庆的作战部署,0,6,1,0,,,strict_backbone
程潜、陈明仁起义,0,1,0,0,,,context_only
扛担运输,0,1,0,0,,,context_only
陈毅三烈士追悼会,0,3,1,1,,,strict_backbone
武汉解放前地下斗争,2,3,3,0,,,strict_backbone
红七军建立与发展,0,1,1,0,,,strict_backbone
永城解放,1,3,1,0,,,strict_backbone
游击主义,0,5,0,0,,,context_only
武汉五次代表大会,0,2,2,0,,,strict_backbone
妇女组织,0,3,0,0,,,context_only
联宗会,0,4,1,0,,,strict_backbone
独立二团反“清乡”斗争,0,6,2,0,,,strict_backbone
八一三保卫武汉,0,3,1,1,,,strict_backbone
省人民代表大会,0,3,0,0,,,context_only
第二次苏维埃代表大会制定政策,0,2,2,0,,,strict_backbone
反‘清湖’斗争,0,3,0,0,,,context_only
自卫团组织,0,3,0,1,,,context_only
菜子坝围战,0,5,5,0,,,strict_backbone
国际反侵略运动大会,0,3,1,1,,,strict_backbone
保卫萧溪区政府战斗,0,6,3,0,,,strict_backbone
黔东南剿匪行动,0,10,8,0,,,strict_backbone
抗西镇战斗,0,2,2,0,,,strict_backbone
龙岗战斗,1,11,11,0,,,strict_backbone
工人识字班和平民夜校,1,4,4,0,,,strict_backbone
石门南乡暴动,1,7,4,0,,,strict_backbone
战斗频繁地区,0,1,0,0,,,context_only
冯店据点战斗,0,3,3,0,,,strict_backbone
清查贪污运动,1,2,2,0,,,strict_backbone
王德三、李鑫等同志牺牲事件,0,1,0,0,,,context_only
溪畈战斗,0,3,3,0,,,strict_backbone
牌楼战斗牺牲,0,2,0,0,,,context_only
晓星集战斗,0,2,2,0,,,strict_backbone
妇抗会,0,10,0,0,,,context_only
白云庵宣誓仪式,0,3,1,0,,,strict_backbone
滇南转战行动,0,3,0,1,,,context_only
破坏津浦铁路/铁路大翻身,0,1,1,0,,,strict_backbone
黔西保卫斗争,0,1,1,0,,,strict_backbone
亳县抗日斗争,1,2,2,0,,,strict_backbone
大别山解放区创建,0,3,0,0,,,context_only
第一届贺功大会,0,2,0,0,,,context_only
《学生导报》,0,5,2,0,,,strict_backbone
十六字诀与诱敌深入,0,3,0,0,,,context_only
1985年纪念活动,0,3,0,0,,,context_only
马克思主义理论学习,0,2,0,0,,,context_only
教师救济工作,0,1,0,0,,,context_only
禁烟禁赌运动,0,3,1,0,,,strict_backbone
运用组织与群众路线,0,4,0,0,,,context_only
贵州学生运动,0,3,1,0,,,strict_backbone
护渔谈判/海上战斗,0,1,1,0,,,strict_backbone
武工队伏击敌伪军,0,6,5,0,,,strict_backbone
中堡地区战斗,0,3,3,0,,,strict_backbone
白庙乡民校工作,0,3,0,0,,,context_only
立石镇会议,0,1,1,0,,,strict_backbone
《青年自学丛书》,0,2,0,0,,,context_only
船翻沉事件,0,1,1,0,,,strict_backbone
麟马洞会师整编,0,3,0,0,,,context_only
第二次东进,2,3,2,0,,,strict_backbone
南京市军管会敌伪物资清理处,0,3,1,0,,,strict_backbone
淮北解放区,0,15,0,1,,,context_only
沙溪战斗,2,32,28,0,,,strict_backbone
解放大军到来,0,3,1,0,,,strict_backbone
鄂南秋收起义,0,4,4,1,1927-09-01,1927-09-30,strict_backbone
打土寨斗争,0,1,0,0,,,context_only
四川第七混成旅暴动,1,5,5,0,,,strict_backbone
土改后文化教育,0,3,1,1,,,strict_backbone
崇德乡农暴斗争,0,2,2,0,,,strict_backbone
铁山乡叛逃事件,0,2,2,0,,,strict_backbone
韩胡区大队,0,1,0,0,,,context_only
反代议制斗争,0,2,2,0,,,strict_backbone
盐城重建军部,0,2,2,0,,,strict_backbone
追剿队改编为追捕队,0,2,1,0,,,strict_backbone
四大队/五大队,0,2,0,0,,,context_only
播中‘九·五’起义,2,21,11,1,,,strict_backbone
夜袭战斗,0,7,4,1,,,strict_backbone
上海五一示威运动,0,4,4,1,1930-04-01,1930-04-30,strict_backbone
石洞围捕,0,2,2,0,,,strict_backbone
春荒斗争,2,14,3,1,,,strict_backbone
川北根据地建设,0,6,5,0,,,strict_backbone
抗暴游行,1,9,6,0,,,strict_backbone
驱逐反动校长学潮,0,1,0,0,,,context_only
移民并村斗争/送饭护伤,0,1,0,0,,,context_only
寒假生活营,0,4,2,0,,,strict_backbone
少先队检阅与反国民党进攻,0,3,0,0,,,context_only
兴仁专区军政人员和平起义,0,3,0,0,,,context_only
上关战役,0,3,1,0,,,strict_backbone
土地税政策,0,3,1,0,,,strict_backbone
抗日戰間堅持抗戰,0,2,2,0,,,strict_backbone
工人护矿队组织,0,1,1,0,,,strict_backbone
赣东北苏维埃运动,0,2,0,0,,,context_only
撤退工作,0,8,0,0,,,context_only
留田武装暴动,1,2,2,0,,,strict_backbone
追悼陈家雍老师大会,0,3,1,0,,,strict_backbone
织金少共,0,2,0,0,,,context_only
七月读书会,0,3,0,0,,,context_only
会道门取缔,0,3,0,0,,,context_only
残梅暴动,2,2,2,0,,,strict_backbone
没收汉奸土地放领,1,3,1,2,,,strict_backbone
指路/买食品/起水泡/喊口号,0,1,0,0,,,context_only
抗丁抗劳斗争,0,1,0,0,,,context_only
大方县解放,0,1,1,0,,,strict_backbone
北碚学生运动,0,13,6,1,,,strict_backbone
邓湖地区起义,0,1,0,0,,,context_only
上海防空作战,0,3,3,0,,,strict_backbone
反'围剿'作战,0,4,4,0,,,strict_backbone
干部大会,0,1,0,0,,,context_only
南充和平解放,0,3,1,0,,,strict_backbone
灵甸镇攻坚战,1,5,2,0,,,strict_backbone
突破长江防线,0,4,2,0,,,strict_backbone
组织竞赛与民兵发展,0,4,1,0,,,strict_backbone
淮阴北乡抗日游击根据地开辟,0,4,4,0,,,strict_backbone
解放重庆黄桷垭战斗,0,3,0,0,,,context_only
雪凉战斗,0,3,0,0,,,context_only
管理敌俘指示,0,5,0,0,,,context_only
南岳游击干部训练班,1,7,7,0,,,strict_backbone
罗平县民兵组织,0,2,0,0,,,context_only
实地调查,0,4,0,0,,,context_only
双江暴动,0,3,0,0,,,context_only
解放贵州赫章县,1,2,2,1,1949-01-01,1949-12-31,strict_backbone
田汉编写的抗日剧本《回春之曲》,0,3,0,0,,,context_only
骑兵团成立大会,0,4,1,0,,,strict_backbone
双沟镇政权建立,0,3,1,0,,,strict_backbone
霍固县建立,0,4,2,0,,,strict_backbone
羊场坝特支护厂斗争,0,5,3,0,,,strict_backbone
接受贺龙改编,0,2,0,0,,,context_only
《以谷协定》签订事件,2,5,4,1,1947-10-01,1947-10-31,strict_backbone
召开座谈会审核认定名单,0,1,0,0,,,context_only
中共中央第四次代表大会,0,3,1,0,,,strict_backbone
反美蒋宣传运动,0,3,0,1,,,context_only
云南各界欢迎人民解放军莅昆大会,0,2,2,0,,,strict_backbone
皖南集中,1,2,2,0,,,strict_backbone
土改反霸,0,1,1,0,,,strict_backbone
付德兴事件,0,1,0,0,,,context_only
区级民兵主力大队,0,2,0,0,,,context_only
打土豪筹款子,0,3,0,0,,,context_only
湘鄂西革命斗争,0,2,2,0,,,strict_backbone
反美抗暴运动,0,14,6,2,,,strict_backbone
战地服务团留影,0,2,2,0,,,strict_backbone
虎山战役,0,5,2,0,,,strict_backbone
第三次劳动大会,0,2,2,0,,,strict_backbone
坚守阵地与忍痛指挥,0,3,1,0,,,strict_backbone
天长城战斗,0,2,2,0,,,strict_backbone
工作队遇袭,0,5,2,1,,,strict_backbone
远东各国共产党及民族革命团体第一次代表大会,1,1,1,0,,,strict_backbone
攻打郎岱城,0,1,1,0,,,strict_backbone
征粮工作展开,0,3,1,0,,,strict_backbone
下河大队,0,5,2,0,,,strict_backbone
解放南昌战斗,0,3,3,0,,,strict_backbone
剑川青年武装行动,0,3,1,0,,,strict_backbone
云梯岭战斗,1,5,3,1,,,strict_backbone
废租斗争与平抑谷价,0,1,1,0,,,strict_backbone
独一军军训大队,0,1,0,0,,,context_only
南京失守,0,2,0,0,,,context_only
松林战斗,0,4,4,0,,,strict_backbone
召开各界人民代表会议,0,3,1,0,,,strict_backbone
丰都农民武装暴动,0,2,1,0,,,strict_backbone
接触新思想/参加罢工,0,1,1,0,,,strict_backbone
土改庆祝总结/烧文约,0,1,1,0,,,strict_backbone
夜袭临集,0,2,2,0,,,strict_backbone
父子岭战斗,1,5,2,0,,,strict_backbone
开展武装斗争,4,8,5,0,,,strict_backbone
立功运动,0,21,4,0,,,strict_backbone
九月暴动,0,6,6,0,,,strict_backbone
农协斗争,0,5,0,0,,,context_only
志愿从军运动,2,5,4,0,,,strict_backbone
四三年秋收斗争,0,1,0,0,,,context_only
出东南打天下,0,2,0,0,,,context_only
叶挺独立团攻克攸县县城,0,3,0,1,,,context_only
抗兵抗粮起义,0,1,1,0,,,strict_backbone
睢杞战役,0,5,2,0,1947-01-01,1947-12-31,strict_backbone
合县后乡人民武装起义,1,4,4,0,1929-01-01,1929-12-31,strict_backbone
粮食收集突击运动,0,6,2,0,,,strict_backbone
孔湾武装暴动,0,25,7,0,,,strict_backbone
南腰界会师,0,12,6,0,,,strict_backbone
便衣工作队/打击民团,0,1,1,0,,,strict_backbone
时事学习小组,0,1,0,0,,,context_only
高安惨案,0,3,0,0,,,context_only
龙池大庙会议,0,2,2,0,,,strict_backbone
‘三抗’战斗小组,0,6,0,0,,,context_only
第五次反围剿/广昌战役,0,0,0,0,,,isolated
罢课抗议活动,0,2,1,0,,,strict_backbone
团党代会,0,2,1,0,,,strict_backbone
谢世钦匪部活动,0,3,0,0,,,context_only
瓦庙集战斗,0,2,2,0,,,strict_backbone
夜袭报信坡,0,3,1,1,,,strict_backbone
汉口反英运动,0,2,2,0,,,strict_backbone
抗暴示威,0,3,2,0,,,strict_backbone
北伐行动,1,1,1,0,,,strict_backbone
松滋九岭岗起义,0,4,1,0,,,strict_backbone
丹寨解放战斗,0,5,2,0,,,strict_backbone
洪泽湖根据地开辟,0,6,0,0,,,context_only
收税,0,2,1,0,,,strict_backbone
三穗县土匪暴乱,0,2,1,0,,,strict_backbone
设立交通联络站,0,3,1,0,,,strict_backbone
打击津永壁联防办事处主任杨天文的斗争,0,4,0,0,,,context_only
重庆国共谈判,0,3,0,0,,,context_only
国民党军警检查,0,3,1,0,,,strict_backbone
枪换肩,0,13,1,1,,,strict_backbone
李立三左倾错误,0,3,0,0,,,context_only
南京市民清浦反革命大会,0,6,0,0,,,context_only
苏南反顽战役,12,150,72,1,1943-01-01,1943-12-31,strict_backbone
江西抚州八角亭战斗,2,3,3,0,,,strict_backbone
民工队伍,0,3,0,0,,,context_only
解放郧阳,0,4,0,0,,,context_only
双桥镇战斗,1,9,5,2,,,strict_backbone
攻打杨公庙战斗,0,2,2,0,,,strict_backbone
阎家店会议,0,3,0,0,,,context_only
杨圩武装群众,0,3,0,0,,,context_only
四·二一战斗,0,1,1,0,,,strict_backbone
制定川黔边根据地军事行动决定,0,2,0,0,,,context_only
广州武装起义,1,6,6,0,,,strict_backbone
滇越铁路破坏行动,0,3,2,0,,,strict_backbone
互助组恢复,0,3,1,0,,,strict_backbone
青救团,0,2,0,0,,,context_only
夜战西孙庄,1,5,1,0,,,strict_backbone
贯彻政治攻势指示,0,1,0,0,,,context_only
五反运动揭发,0,3,2,1,,,strict_backbone
泗汾桥战役,0,6,4,1,,,strict_backbone
红二、红六军团撤离湘鄂川黔根据地开始长征,0,1,0,0,,,context_only
打赣州,2,22,6,0,,,strict_backbone
石窟村半路亭伏击战,1,2,2,0,,,strict_backbone
湖北省战时乡村工作促进会,0,5,1,0,,,strict_backbone
民兵游击,0,2,2,0,,,strict_backbone
五卅惨剧,0,3,1,0,,,strict_backbone
成立多个乡苏维埃,2,3,2,0,,,strict_backbone
弋横农民大暴动,0,6,2,0,,,strict_backbone
支前担架队,0,9,0,1,,,context_only
劫狱斗争,0,1,0,0,,,context_only
歼灭敌军主力,0,4,0,0,,,context_only
保山人民自卫军第四大队,0,5,3,0,,,strict_backbone
八月七日中共中央紧急会议,0,2,0,0,,,context_only
解放大余城,1,3,1,1,,,strict_backbone
城防任务,0,1,0,0,,,context_only
板桥农中党支部成立,0,4,4,0,,,strict_backbone
太和镇军支,0,6,0,0,,,context_only
秋暴后群众工作与游击战争策略答辩,0,6,0,0,,,context_only
苏维埃群众大会,0,1,0,0,,,context_only
蚌埠市解放,0,3,0,0,,,context_only
反‘围剿’战斗,0,12,12,0,,,strict_backbone
苏维埃共和国,0,1,0,0,,,context_only
木厂垭口战斗,0,5,5,0,,,strict_backbone
‘一二月九日’运动,0,1,0,0,,,context_only
炉山县苗族自治区政府成立,0,5,0,0,,,context_only
剿匪准备,0,7,4,0,,,strict_backbone
麻城战役,0,8,5,0,,,strict_backbone
万安泰和农军攻城,0,3,3,0,,,strict_backbone
设备转移行动,0,1,1,0,,,strict_backbone
石柱教匪,0,7,1,0,,,strict_backbone
天长地方教育事业,0,3,0,0,,,context_only
上海工人起义,0,7,5,0,,,strict_backbone
红十军整军/会师,0,2,2,0,,,strict_backbone
南下大军配合,0,1,0,0,,,context_only
土司起义与上层谈判,0,4,4,0,,,strict_backbone
政治交通局,0,2,0,0,,,context_only
转战西晃山游击活动,1,2,1,0,,,strict_backbone
选举,0,5,2,0,,,strict_backbone
盘县会议决策,0,2,0,0,,,context_only
存款运动,0,2,1,0,,,strict_backbone
武汉守敌撤退,0,3,0,0,,,context_only
反贪污、反浪费、反官僚主义运动,1,1,1,0,,,strict_backbone
二区惨案,0,3,1,0,,,strict_backbone
宿西解放区,0,3,0,0,,,context_only
渡乌江行动,0,3,0,0,,,context_only
苏南土地改革,0,43,5,1,1949-01-01,1949-12-31,strict_backbone
春节拥军优抗,0,2,0,0,,,context_only
苏南工作部署,1,2,2,0,,,strict_backbone
宜兴暴动,0,13,10,0,,,strict_backbone
入城守则,0,3,1,0,,,strict_backbone
解放威宁,0,3,0,0,,,context_only
编查保甲,0,2,2,0,,,strict_backbone
屯溪解放,0,1,1,0,,,strict_backbone
崩晓沟战役,0,2,2,0,,,strict_backbone
北伐战争/政治讲习,0,2,2,0,,,strict_backbone
减租退押,3,25,6,0,,,strict_backbone
王朴被捕及牺牲,0,3,1,0,,,strict_backbone
县城各界青年妇女参加斗争,0,1,1,0,,,strict_backbone
小整风运动,0,3,0,0,,,context_only
民族贸易与兴修水利,0,4,0,0,,,context_only
溧水减租减息运动,2,9,9,0,1942-01-01,1942-12-31,strict_backbone
收容国民党散兵游勇,0,1,0,0,,,context_only
西江暴动,2,7,6,0,,,strict_backbone
长顺“3.19”土匪暴乱,0,3,1,0,,,strict_backbone
渝地学生运动,0,4,2,0,,,strict_backbone
进步文娱活动,0,3,0,1,,,context_only
"潼,南‘八·一二’惨案",0,11,9,0,,,strict_backbone
顾顺章叛变事件,0,6,5,0,,,strict_backbone
土地改革政策,0,3,0,0,,,context_only
民歌社,0,10,0,0,,,context_only
苏盐矿抗日斗争,0,2,2,0,,,strict_backbone
镇压反革命运动,7,124,57,3,1949-01-01,1978-12-31,strict_backbone
工人宣传与支援接管,0,2,2,0,,,strict_backbone
发展地方武装与统战工作,0,3,1,0,,,strict_backbone
巧家拖车一带游击队活动,0,4,4,0,,,strict_backbone
六斗坪战斗,0,6,3,0,,,strict_backbone
雷幺被捕,0,3,0,0,,,context_only
上蔡西南战役,0,2,2,0,,,strict_backbone
三月二十事变,0,1,0,0,,,context_only
反帝同盟会活动,0,5,0,0,,,context_only
伏击征粮队,0,24,0,0,,,context_only
咩红战斗,0,2,2,0,,,strict_backbone
长沙和平解放,4,16,9,3,,,strict_backbone
东桥区建立,0,2,2,0,,,strict_backbone
印传单/写标语,0,1,1,0,,,strict_backbone
苏维埃代表大会,0,9,2,0,,,strict_backbone
戏剧工作团,0,2,0,0,,,context_only
组织民兵破拆竹篱笆,0,4,0,0,,,context_only
反革命叛乱,0,3,0,0,,,context_only
两湖暴动计划与湖南暴动分区,0,3,0,0,,,context_only
解放战争三大战役胜利,0,1,0,0,,,context_only
九·二大火,0,2,2,0,,,strict_backbone
农民武装斗争,1,6,5,0,,,strict_backbone
争取和平民主运动,0,5,2,0,,,strict_backbone
反奸斗争,1,11,8,0,1940-01-01,1940-12-31,strict_backbone
淞沪战争,0,5,2,0,,,strict_backbone
湘赣边区暴动,0,4,4,0,,,strict_backbone
南京五二〇运动,1,2,2,0,,,strict_backbone
中共会泽县党支部开展武装斗争,0,2,0,0,,,context_only
疏散安置伤病员,0,5,1,0,,,strict_backbone
温浏会议等,0,1,0,0,,,context_only
詹家大会,0,1,0,0,,,context_only
宿西武装建立(支援边区),0,2,2,0,,,strict_backbone
湖南和平解放,2,26,16,1,1949-01-01,1949-12-31,strict_backbone
则河战斗,0,3,1,0,,,strict_backbone
南京小教党支部成立,0,4,2,0,,,strict_backbone
筹粮南运与陈集兵站保障,0,3,0,0,,,context_only
腾越起义,0,2,2,0,,,strict_backbone
泗汾战斗,0,1,1,0,,,strict_backbone
抗日战争初期学生运动,0,3,1,0,,,strict_backbone
西南民主联军口号,1,2,2,0,,,strict_backbone
反对李丕承运动,0,3,0,0,,,context_only
官渡之战,0,2,2,0,,,strict_backbone
反对中法借款斗争,0,5,2,0,,,strict_backbone
围困冉家祠堂战斗,0,5,3,0,,,strict_backbone
安河战役,0,1,0,0,,,context_only
猎场之战,0,2,2,0,,,strict_backbone
西渡赤水河行动,0,6,3,0,,,strict_backbone
抗日战争胜利,0,9,3,0,,,strict_backbone
分拨伪军,0,7,1,1,,,strict_backbone
乡会桥武装起义,0,3,2,0,,,strict_backbone
反对本本、主义运动,0,1,1,0,,,strict_backbone
烈火社,0,3,0,0,,,context_only
旷继勋起义,1,2,2,0,,,strict_backbone
扩大革命武装,0,2,0,0,,,context_only
中共第五次全国代表大会,3,15,10,1,,,strict_backbone
纺纱织布做军衣军鞋,0,5,1,0,,,strict_backbone
党史资料征集,2,25,8,0,,,strict_backbone
合川起义,0,3,1,1,,,strict_backbone
茶陵战斗,1,6,3,0,,,strict_backbone
击退大刀会与渔民武装,0,6,3,0,,,strict_backbone
上海学生赴京请愿团,1,2,2,0,,,strict_backbone
北伐军政治工作,0,5,3,0,,,strict_backbone
展开游击战,0,2,0,0,,,context_only
五卅运动声援活动,0,2,2,0,,,strict_backbone
鄂中行动,0,2,2,0,,,strict_backbone
领导权问题,0,6,2,0,,,strict_backbone
接管民众教育馆/贫民救济院/工商业,0,1,0,0,,,context_only
工厂党支部成立,1,4,2,0,,,strict_backbone
《远去的小路》,0,2,0,0,,,context_only
佃当捐,0,2,2,0,,,strict_backbone
识字运动,1,5,3,2,,,strict_backbone
追捕刘刚,0,2,0,0,,,context_only
红军强渡鸭池河,0,7,0,0,,,context_only
夺取基层政权,0,3,1,3,,,strict_backbone
剿匪清匪,0,1,0,0,,,context_only
改组派活动,0,1,0,0,,,context_only
河南武装斗争,1,1,1,0,,,strict_backbone
谷城秋收暴动,0,5,0,0,,,context_only
党员暗中活动,0,6,0,1,,,context_only
新场党总支成立,0,2,2,0,,,strict_backbone
郝部,0,6,0,1,,,context_only
陈家河战役,0,3,0,0,,,context_only
"‘坚持抗战,反对投降;坚持进步,反对倒退;坚持团结,反对分裂’",0,0,0,0,,,isolated
军民协同歼灭逃敌,0,3,3,0,,,strict_backbone
倪圩子战斗,0,3,0,0,,,context_only
农翻会,1,14,6,0,,,strict_backbone
狮子营围攻战,0,6,2,0,,,strict_backbone
三·一八惨案,0,16,5,1,,,strict_backbone
马洞庙战斗,0,2,2,0,,,strict_backbone
红10军北上抗日,0,3,2,0,,,strict_backbone
党的特支会议,0,3,0,0,,,context_only
清匪反霸/土改,0,0,0,0,,,isolated
南京至黄池河交通线恢复,0,2,2,0,,,strict_backbone
黄金口战斗牺牲,0,1,1,0,,,strict_backbone
反对美国对蒋军事援助法案声明,0,3,0,0,,,context_only
川东征粮工作,0,3,0,0,,,context_only
海啸歌咏队,0,2,2,0,,,strict_backbone
吴家桥战斗,0,3,3,0,,,strict_backbone
解放初期苗胞剿匪队,0,4,4,0,1949-01-01,1949-12-31,strict_backbone
会理会议,1,21,10,0,,,strict_backbone
塔卧战斗,0,3,0,0,,,context_only
九庄被炸事件,0,4,2,0,,,strict_backbone
云南民主力量发展,0,3,0,0,,,context_only
元江小柏木军政干部训练班,0,1,1,0,,,strict_backbone
金鸡村斗争,0,3,2,0,1949-01-01,1949-12-31,strict_backbone
醴陵南四区秋收暴动,0,2,2,0,,,strict_backbone
湖沟阻击战,0,2,2,0,,,strict_backbone
铁壁合围剿匪/政治攻势,0,1,0,0,,,context_only
抗日救亡文化活动,0,4,0,0,,,context_only
陈阿堂惨案,0,1,0,0,,,context_only
不知溪战斗,0,3,0,0,,,context_only
七·一摘事件,0,1,0,0,,,context_only
鄂西北游击战争,1,13,5,1,,,strict_backbone
如皋战斗,0,7,0,0,,,context_only
策动起义/迎接解放,0,2,2,0,,,strict_backbone
上海学生抗议美军暴行运动,0,3,0,0,,,context_only
战争形势,0,1,0,0,,,context_only
冬季反围剿、反扫荡,0,1,1,0,,,strict_backbone
天芦名雅邛大战役与百丈关战斗,0,4,4,1,,,strict_backbone
四抗政策,0,3,0,0,,,context_only
情报总站建设,0,4,2,0,,,strict_backbone
星火社,0,4,0,0,,,context_only
干校训练,0,2,0,0,,,context_only
土改借粮运动,0,2,2,0,,,strict_backbone
被捕事件,2,8,2,0,,,strict_backbone
黎山事件,0,2,0,0,,,context_only
嵩宜路武工二大队,0,2,0,0,,,context_only
组织状况,0,2,2,0,,,strict_backbone
龙潭战斗,0,5,0,0,,,context_only
反共救国军,0,8,0,0,,,context_only
黄营战斗,0,2,2,0,,,strict_backbone
反对日伪编查保甲,0,5,0,0,,,context_only
瓦厂岗战斗,1,3,1,0,,,strict_backbone
策反行动,0,2,1,0,,,strict_backbone
解放区问题,0,3,0,0,,,context_only
国际少年日纪念会,0,5,2,1,,,strict_backbone
应对视察抵制停办,0,5,0,0,,,context_only
搜剿二十四师残部,0,7,0,1,,,context_only
华安社,0,2,0,0,,,context_only
梁湖抗日游击大队,0,4,4,0,,,strict_backbone
四、二一学生运动,1,11,6,1,,,strict_backbone
九·一六事变,0,1,0,0,,,context_only
反水起义,0,2,2,0,,,strict_backbone
湖北省教育会改组斗争,0,2,2,0,,,strict_backbone
华坪解放,0,2,0,0,,,context_only
叙昆铁路昆沾段小新街车站破袭战,0,1,0,0,,,context_only
重庆较场口惨案,0,3,0,1,,,context_only
集体栽秧,0,3,1,0,,,strict_backbone
雷么起义,1,2,2,0,,,strict_backbone
白庙子工人运动,0,2,0,0,,,context_only
保护公路迎接解放,1,2,1,0,,,strict_backbone
左倾幼稚行动,0,1,0,0,,,context_only
解放社,4,34,15,1,,,strict_backbone
冷水井战斗,0,1,1,0,,,strict_backbone
清匪、反霸、减租、退押、征粮五大任务斗争,0,1,1,0,,,strict_backbone
合川军支暴动,0,5,2,0,,,strict_backbone
民兵组织建设,0,9,1,1,,,strict_backbone
防奸反特,0,2,1,0,,,strict_backbone
六都寨解放/剿匪战斗,0,3,3,0,,,strict_backbone
发动抗日救亡与掩护撤退,0,3,0,0,,,context_only
徐蚌区域之战,0,1,0,0,,,context_only
正大应变会,0,6,0,0,,,context_only
阻敌与元江歼敌,0,5,2,0,,,strict_backbone
抗车捐斗争,0,2,2,0,,,strict_backbone
野马川镇抗洪抢险斗争,1,2,2,0,,,strict_backbone
白家林战斗,2,3,3,0,,,strict_backbone
授旗大会,0,2,0,0,,,context_only
剿匪与抗美援朝,0,4,2,0,,,strict_backbone
减租退租斗争,0,6,2,0,1944-01-01,1944-12-31,strict_backbone
盘县事件,0,2,2,0,,,strict_backbone
全国各界抗日救国联合会,0,5,0,0,,,context_only
南方局领导地下斗争,0,2,0,0,,,context_only
鄂北战役,0,3,0,0,,,context_only
反英大同盟运动,0,2,2,1,1920-01-01,1920-12-31,strict_backbone
解放宁江城,0,3,1,0,,,strict_backbone
团山战斗,0,1,1,0,,,strict_backbone
萧钢抗日游击斗争,0,1,0,0,,,context_only
湘中战斗,0,3,2,0,,,strict_backbone
难民共耕计划,0,3,0,0,,,context_only
赶鱼战役,0,4,0,0,,,context_only
灵璧县军管委员会成立,0,5,0,0,,,context_only
传唱操练与射击歌,0,4,4,0,,,strict_backbone
板桥镇长选举,0,5,2,0,,,strict_backbone
应山协议,1,3,1,0,,,strict_backbone
反谣言斗争经验,0,2,0,0,,,context_only
湘潭县党部会议,0,2,2,0,,,strict_backbone
农民协会成立,0,11,0,0,,,context_only
北碚公园会议,0,1,1,0,,,strict_backbone
南芜游击总队,0,9,3,1,,,strict_backbone
省府迁都筹备活动,0,3,0,0,,,context_only
攻占重庆计划,0,3,0,0,,,context_only
电台联络,0,5,2,0,,,strict_backbone
贵池特支建立,0,3,2,0,,,strict_backbone
抗租运动,0,3,2,0,,,strict_backbone
禁毒第三阶段处理登记,0,2,0,0,,,context_only
谷陇围歼战第三阶段清剿残匪,0,2,1,0,,,strict_backbone
和平祈祷大会,0,5,2,0,,,strict_backbone
清华南开迁南岳/宣传小组活动,0,2,1,0,,,strict_backbone
七·一五暴行,0,3,0,0,,,context_only
186师赴黔东南剿匪,1,2,2,0,,,strict_backbone
军分区部队行动,0,2,0,0,,,context_only
平车输送物资,0,8,4,1,,,strict_backbone
智编四团改编与鄢棚阻击战斗,0,3,3,0,,,strict_backbone
抓捕特务小分队,0,3,0,0,,,context_only
竹山战斗,0,4,1,0,,,strict_backbone
麻东县干部扩大会议,0,1,0,0,,,context_only
运煤工人罢工,0,1,0,0,,,context_only
二七大罢工,0,44,25,1,,,strict_backbone
改造旧政权,0,1,0,0,,,context_only
和平解放昆明,0,2,2,0,,,strict_backbone
五卅惨案/反帝反军阀/烧日本船,0,1,1,0,,,strict_backbone
旷旅维助,0,5,2,0,,,strict_backbone
崇德乡农民武装起义,0,2,2,1,1928-01-01,1928-12-31,strict_backbone
政工学习班,0,7,1,1,,,strict_backbone
农运工作缺点与策略调整,0,5,0,0,,,context_only
绳业工会工人斗争,0,3,1,0,,,strict_backbone
庆祝新中国诞生,0,7,1,0,,,strict_backbone
两湖秋收暴动,0,5,5,0,,,strict_backbone
土地大革命,0,3,1,3,,,strict_backbone
等则划一征粮法,0,3,3,0,,,strict_backbone
红军分浮财运动,0,3,0,1,,,context_only
迁院斗争,0,2,2,1,1947-01-01,1948-12-31,strict_backbone
争取中间派,0,2,0,0,,,context_only
宿南战役(攻克袁店集),0,6,6,0,,,strict_backbone
流火社,0,2,0,0,,,context_only
县农协第一次代表大会,0,1,0,0,,,context_only
清剿匪患行动,0,9,1,2,,,strict_backbone
党的“八大”学习,0,3,0,0,,,context_only
攻克县城,3,8,5,1,,,strict_backbone
五二一血案,0,6,0,0,,,context_only
芷江土改,0,1,1,0,,,strict_backbone
南下作战,0,3,0,0,,,context_only
粤汉铁路罢工,2,23,16,1,,,strict_backbone
重庆解放前斗争,0,2,2,0,,,strict_backbone
广南战役,1,6,6,0,,,strict_backbone
第八、九团,0,1,0,0,,,context_only
汉口警察局策反行动,0,2,2,0,,,strict_backbone
神兵改编,0,3,0,0,,,context_only
解放黔西,1,2,2,0,,,strict_backbone
反独裁、争民主运动,0,1,1,0,,,strict_backbone
中国共产主义青年团第四次全国代表大会,0,15,8,1,,,strict_backbone
互助互济会/罢工斗争,0,1,1,0,,,strict_backbone
工团运送队,0,3,0,0,,,context_only
反自首政策,0,3,1,0,,,strict_backbone
献铁运动,1,2,1,0,,,strict_backbone
被俘虏事件,0,4,4,0,,,strict_backbone
北伐胜利庆祝大会,0,3,1,1,,,strict_backbone
乐安宜黄战役,2,9,9,0,,,strict_backbone
索薪请愿行动,0,3,0,0,,,context_only
灵北抗捐捐暴动,0,3,0,0,,,context_only
新村战斗,0,2,2,0,,,strict_backbone
浩陵兵变,0,4,0,0,,,context_only
株洲县妇运,0,5,5,0,,,strict_backbone
滇川抗日队,0,3,0,0,,,context_only
康定解放,0,3,0,0,,,context_only
叛逃事件,0,4,2,0,,,strict_backbone
反汪罢工运动,1,3,2,0,,,strict_backbone
粮食押运,0,1,0,0,,,context_only
学生积极分子会议,0,1,0,0,,,context_only
青年先锋队活动,0,2,2,0,,,strict_backbone
锡马战斗,0,3,2,0,,,strict_backbone
利用公开身份交朋友与建立统战组织,0,3,0,0,,,context_only
南龛坡战斗,0,6,1,0,,,strict_backbone
铜山激战,0,2,2,0,,,strict_backbone
李白台,0,5,3,0,,,strict_backbone
攻占彭水县城,0,3,0,1,,,context_only
农民抗租抗债与武装暴动,0,1,0,0,,,context_only
柳子通战斗,0,3,3,0,,,strict_backbone
店员新民主主义学习会,0,3,1,0,,,strict_backbone
崇德农民武装暴动,0,2,2,0,,,strict_backbone
送报路线开辟,0,3,0,0,,,context_only
浙赣路战斗,0,2,2,0,,,strict_backbone
井岗山战斗,0,2,2,0,,,strict_backbone
春季生产建设工作方针,0,1,0,0,,,context_only
补笼村夜袭行动,0,3,3,0,,,strict_backbone
平坝执教与撤离,0,2,2,0,,,strict_backbone
摧毁特务机关/袭击运输船/奇袭保安队/遭围剿,0,0,0,0,,,isolated
烈山煤矿特支,0,2,2,0,,,strict_backbone
刘光逝世追悼,0,2,2,0,,,strict_backbone
衡县上方镇战斗,0,2,2,0,,,strict_backbone
南京近郊战斗,0,5,3,0,,,strict_backbone
湖北省妇女协会第一次全省妇女代表大会,0,1,0,0,,,context_only
会议经过,0,1,0,0,,,context_only
奸细,0,1,0,0,,,context_only
警告国民党当局/要求实行八项要求,0,1,0,0,,,context_only
陆军干训队,0,2,0,0,,,context_only
拔铁路钉,0,3,0,0,,,context_only
五艘舰艇起义,0,3,1,0,,,strict_backbone
南部升钟起义,0,1,1,0,,,strict_backbone
华蓥山联合大起义,0,4,4,0,1948-01-01,1948-12-31,strict_backbone
袭击战,0,1,0,0,,,context_only
大会主席团,0,1,0,0,,,context_only
六一事件,0,2,0,0,,,context_only
四去亳州,0,2,2,0,,,strict_backbone
湖沟集战斗,0,2,2,0,,,strict_backbone
巡逻组追击土匪行动,0,2,2,0,,,strict_backbone
宣威‘六六分队’,0,1,0,0,,,context_only
淮安解放,0,3,1,1,,,strict_backbone
中国共产党重庆地方执行委员会成立,0,2,0,0,,,context_only
解敌常备队战斗,0,3,1,1,,,strict_backbone
革命斗争史料整理,0,11,0,0,,,context_only
二月扑城战斗,0,2,2,0,,,strict_backbone
党的组织教育与宣传,0,3,1,0,,,strict_backbone
鄂西特委第二次代表大会,0,5,3,0,,,strict_backbone
竹园镇公所斗争,0,2,0,0,,,context_only
新户战斗,0,6,3,0,,,strict_backbone
《北极星》壁报,0,3,0,0,,,context_only
反间计事件,0,1,0,0,,,context_only
遂溪东乡民众自救团起义,1,1,1,0,,,strict_backbone
渡金沙,2,5,3,0,,,strict_backbone
东溪进行隐蔽斗争,0,1,1,0,,,strict_backbone
斗争反动派保护进步读物,0,2,2,0,,,strict_backbone
六二惨案,1,21,10,0,,,strict_backbone
坳头垅战斗,0,3,0,0,,,context_only
联防队工作,0,5,2,0,,,strict_backbone
江苏农民运动,0,10,4,0,,,strict_backbone
起义前夕诗词,0,1,0,0,,,context_only
大沽口事件,0,2,2,0,,,strict_backbone
三大任务,0,4,0,0,,,context_only
第一次全国代表大会,0,3,2,0,,,strict_backbone
《文种》社,0,3,0,0,,,context_only
抗美援朝,4,33,10,0,,,strict_backbone
清匪工作,0,5,1,0,,,strict_backbone
征收公粮公草,0,1,1,0,,,strict_backbone
泗五灵凤解放区,0,6,0,0,,,context_only
弋阳九区暴动,2,7,2,0,,,strict_backbone
攻克许家堡,0,1,1,0,,,strict_backbone
红七十四师成立,0,3,0,0,,,context_only
抢米骚动,0,6,0,0,,,context_only
抗战文艺习会,0,3,0,0,,,context_only
奔袭洼垤,1,3,3,0,,,strict_backbone
《兄妹开荒》等歌剧,0,3,1,0,,,strict_backbone
九江收回租界,0,2,2,0,,,strict_backbone
油漆工人互助社,1,1,1,0,,,strict_backbone
新兴剧社,0,2,2,0,,,strict_backbone
反将起义,0,3,3,0,,,strict_backbone
征收牙税/屠宰税/黄花鱼税,1,2,1,0,,,strict_backbone
枉杀无辜,0,3,1,0,,,strict_backbone
奇袭李堡,1,9,2,1,,,strict_backbone
湖北农民秋收暴动,0,2,2,0,,,strict_backbone
栗子毛坪会议,1,1,1,0,,,strict_backbone
第五次反‘围剿’战争,0,10,6,0,,,strict_backbone
工作调动与组织关系交接,0,2,0,0,,,context_only
接收中国蚕丝公司第一实验厂,0,2,0,0,,,context_only
和兴庄分粮斗争,0,7,0,0,,,context_only
宪兵营党的工作,0,3,1,0,,,strict_backbone
思想改造运动,0,6,2,0,,,strict_backbone
强攻八里牛,0,3,3,0,,,strict_backbone
镇压反革命公审恶霸,0,6,2,0,,,strict_backbone
沿埠头战斗,0,5,1,1,,,strict_backbone
中共川陕省委第一次代表大会,0,4,0,0,,,context_only
筹粮筹款,0,2,0,0,,,context_only
镇宁城保卫战,0,5,3,0,,,strict_backbone
女参政员运动,0,3,1,1,,,strict_backbone
西山区党政军民扩大会议,0,2,1,0,,,strict_backbone
郴州反革命暴乱事件,0,7,1,0,,,strict_backbone
民主革命时期历史事件,0,5,5,1,,,strict_backbone
七·七抗战,0,3,0,0,,,context_only
肃反,2,8,4,0,,,strict_backbone
抗美援朝爱国运动,0,1,0,0,,,context_only
临时县委成立,0,6,0,0,,,context_only
井冈山斗争,7,70,37,2,1927-08-01,1937-07-06,strict_backbone
打洋行事件,0,3,0,0,,,context_only
右派摘帽,0,3,0,0,,,context_only
游击战争受挫,0,3,1,1,,,strict_backbone
攻打石牌镇战斗,0,4,3,0,,,strict_backbone
成立粮食借贷所,1,2,2,0,,,strict_backbone
克混地区武装斗争,0,4,4,0,,,strict_backbone
失业军卒请调运动,0,3,1,0,,,strict_backbone
东义洲暴动,1,3,1,0,,,strict_backbone
一·零三战斗参军口号,0,2,0,0,,,context_only
记录湘鄂川黔会师,0,3,0,0,,,context_only
党支部成立,0,19,6,0,,,strict_backbone
皖南地区游击战,0,9,3,0,,,strict_backbone
杀马,0,4,2,0,,,strict_backbone
双减清算运动,0,2,2,1,1945-01-01,1945-12-31,strict_backbone
苏皖区党委扩大会议,1,10,1,0,,,strict_backbone
农民运动与土地革命,0,6,3,0,,,strict_backbone
红军反攻行动,0,3,0,0,,,context_only
捕悍队,0,5,0,0,,,context_only
红军转战贵州战斗,0,5,0,1,,,context_only
滇西北人民自卫军威族骑兵队组建,0,2,2,0,,,strict_backbone
党的二大,0,1,0,0,,,context_only
年关夜袭义勇队,0,4,4,0,,,strict_backbone
解放重庆战役,0,3,1,0,,,strict_backbone
中江全境解放,0,2,2,0,,,strict_backbone
讲习会,0,2,0,0,,,context_only
监督联合会,0,6,0,0,,,context_only
渣滓洞集体大屠杀,0,10,4,0,,,strict_backbone
花台宫会议,0,1,1,0,,,strict_backbone
墙报事件,0,2,2,0,,,strict_backbone
温江吴家场战斗,0,3,0,0,,,context_only
湖北黄(安)麻(城)起义,0,9,3,0,,,strict_backbone
三角寨惨案,0,3,0,0,,,context_only
宜威大水塘至分水岭公路沿线战斗,1,5,3,1,,,strict_backbone
潞西解放,0,2,0,0,,,context_only
上海南京路惨案,0,2,2,0,,,strict_backbone
高岗地区歼敌战斗,0,2,0,0,,,context_only
都江堰抢修,0,3,0,0,,,context_only
三支队武装起义,0,5,1,1,,,strict_backbone
大排山战斗,0,6,2,1,,,strict_backbone
骆驼社,0,1,0,0,,,context_only
反帝救国运动,0,2,2,0,,,strict_backbone
武汉地区党团活动分子会议,3,3,3,0,,,strict_backbone
武昌五大,0,2,2,0,,,strict_backbone
宣传攻势,0,8,0,0,,,context_only
贺甲村战斗,1,1,1,0,,,strict_backbone
淮海战役支前运动,0,2,0,0,,,context_only
职工运动趋势,0,3,0,0,,,context_only
市民代表会议,2,7,4,1,1949-01-01,1949-12-31,strict_backbone
中华人民共和国成立,0,3,0,0,,,context_only
广丰县苏维埃政府成立,0,7,2,0,,,strict_backbone
闽赣省苏维埃代表大会,0,2,0,0,,,context_only
保安警察队,0,2,0,0,,,context_only
保卫盐城战役部署,0,3,3,0,,,strict_backbone
妇女解放同盟会成立,0,2,0,0,,,context_only
《文种》,0,17,6,0,,,strict_backbone
观音农民起义,3,3,3,0,,,strict_backbone
纪律处分与经费征收,0,2,0,0,,,context_only
"推进去,调下来,挤出去",0,1,0,0,,,context_only
反破坏与重建武装斗争,0,3,0,0,,,context_only
弋阳七区邵家坝起义,0,2,0,0,,,context_only
新区首着手应做的几件工作,0,1,0,0,,,context_only
棒匪李汉成,1,5,1,0,,,strict_backbone
鄂西攻势,0,3,0,0,,,context_only
第三次国内革命战争,0,3,1,0,,,strict_backbone
自由运动大同盟,0,2,0,0,,,context_only
南京地下党秘密会议,0,2,1,0,,,strict_backbone
川南各地游击队的活动,0,3,1,1,,,strict_backbone
八里庄战斗,2,11,7,1,,,strict_backbone
农代会,0,17,2,0,,,strict_backbone
泰县抗日救亡活动,0,2,2,0,,,strict_backbone
移卤就煤计划,0,3,0,0,,,context_only
倾盖社,0,1,1,0,,,strict_backbone
窖头会议,3,18,10,0,,,strict_backbone
回师洪湖行动,0,4,4,0,,,strict_backbone
反对国民党御用国大斗争,0,3,0,0,,,context_only
重庆和谈,0,4,0,0,,,context_only
川陕省戒烟局,0,3,0,0,,,context_only
三路进攻重庆,0,3,1,0,,,strict_backbone
湘鄂地区农工暴动,0,4,4,0,,,strict_backbone
创办理想小学揭露阴谋,0,1,1,0,,,strict_backbone
红军分路行动,0,3,0,1,,,context_only
中国社会主义青年团安源地方委员会第五次代表大会,0,2,0,0,,,context_only
红九军团猫场战斗,1,26,4,3,,,strict_backbone
《绿荫报》会,0,3,0,0,,,context_only
五城自卫队,0,1,1,0,,,strict_backbone
红二十五军重建,0,2,2,0,,,strict_backbone
讨汪大会,2,15,4,0,,,strict_backbone
华蓥山地区武装斗争,0,14,9,0,,,strict_backbone
星子事件,0,2,2,1,,,strict_backbone
民族中队,0,1,0,0,,,context_only
卢森堡训练团,0,3,0,1,,,context_only
反攻易武战斗,0,3,3,0,,,strict_backbone
征粮、清匪、反霸、减租、退押,0,0,0,0,,,isolated
重新分配土地,0,7,0,0,,,context_only
三·一九惨案,0,3,1,0,,,strict_backbone
霍山西镇暴动,0,1,1,0,,,strict_backbone
余熊事变,0,4,2,0,,,strict_backbone
青白龙厂剿匪战役,1,2,1,0,,,strict_backbone
长沙‘马日’事件,0,3,0,0,,,context_only
武汉解放行动,0,5,2,0,,,strict_backbone
反抓壮丁斗争,0,6,1,1,,,strict_backbone
澜沧县保安大队,1,7,2,0,,,strict_backbone
三路大军进云南,0,2,0,0,,,context_only
护矿斗争,0,12,6,1,,,strict_backbone
红枪会组织形式,0,3,1,0,,,strict_backbone
揭露清乡阴谋,0,6,0,0,,,context_only
白军进攻,0,1,1,0,,,strict_backbone
昆明整肃行动,0,4,2,0,,,strict_backbone
淮北扫荡,0,3,0,0,,,context_only
第二次井冈山农民暴动,2,4,4,0,,,strict_backbone
功果桥破坏任务,0,1,1,0,,,strict_backbone
夜行军/侦察蒋家岭,0,1,1,0,,,strict_backbone
工农革命军第一次打下城陵矶,0,2,2,0,,,strict_backbone
禁种鸦片运动,0,2,2,0,,,strict_backbone
三十里障斗争,0,3,0,0,,,context_only
四年抗日大队,0,2,0,0,,,context_only
农业合作化宣传,0,3,0,0,,,context_only
反牛头捐斗争,0,2,2,0,,,strict_backbone
水东杨柳村保卫战,0,2,2,0,,,strict_backbone
游击战争领导与战术,0,3,0,0,,,context_only
潜入伪区公所击毙伪区长,0,1,0,0,,,context_only
庐丰暴动,0,2,0,0,,,context_only
学生护校运动,0,2,2,0,1949-01-01,1949-12-31,strict_backbone
溪畈战斗部署,1,3,1,0,,,strict_backbone
邮倍三·三事变,0,2,2,0,,,strict_backbone
紧急命令/编组自卫军,0,2,2,0,,,strict_backbone
制定反“清乡”方针,0,6,4,0,,,strict_backbone
王塘战斗,0,5,5,0,,,strict_backbone
全面清乡斗争,0,3,0,0,,,context_only
苏区工作,2,6,3,0,,,strict_backbone
南京党组织破坏事件,0,30,8,1,1933-01-01,1933-12-31,strict_backbone
宣泰战斗,0,30,10,1,,,strict_backbone
北伐宣传,1,5,5,0,,,strict_backbone
成立刀子会,0,4,2,0,,,strict_backbone
七雄战斗,1,5,3,0,,,strict_backbone
蒋家岭战斗/迂回战术,0,1,0,0,,,context_only
罗广文部,0,7,0,0,,,context_only
配合农民协会斗争,0,1,0,0,,,context_only
县区武装配合淮海战役/群众支前,0,1,0,0,,,context_only
八七会议/秋收起义,0,0,0,0,,,isolated
第四十一军中途被袭,0,3,0,0,,,context_only
导江书会,1,5,2,0,,,strict_backbone
车佛南反蒋武装斗争,0,5,5,0,,,strict_backbone
批判高敬亭事件,0,3,3,0,,,strict_backbone
巴西解放同盟,0,8,0,0,,,context_only
岷山暴动,1,6,6,1,1927-01-01,1927-12-31,strict_backbone
转战皖南,1,3,3,0,,,strict_backbone
策应秋收起义和灰日暴动,0,2,2,0,,,strict_backbone
火烧杉山庙,0,3,3,0,,,strict_backbone
夏征工作宣传动员,0,3,0,0,,,context_only
坪田暴动等农民暴动,0,2,2,0,,,strict_backbone
土改斗争地主/分别对待政策,0,1,1,0,,,strict_backbone
解放贵州行动,1,4,4,0,,,strict_backbone
新政协筹备会,0,7,0,0,,,context_only
王子城之战,0,8,1,0,,,strict_backbone
潼东抗日基干队,0,4,4,0,,,strict_backbone
攻占赣州与成立特支,0,1,0,0,,,context_only
宣中解散事件,0,1,1,0,,,strict_backbone
交通保护与架设,0,1,0,0,,,context_only
马庄战斗,0,6,1,1,,,strict_backbone
平武县整风反右运动,0,2,2,1,1950-01-01,1950-12-31,strict_backbone
敌工工作,0,17,3,0,,,strict_backbone
围攻冉家祠堂战斗,0,6,4,1,,,strict_backbone
丧失土地与危害人民辩证法,0,3,0,0,,,context_only
革命两面派上升,0,3,3,0,,,strict_backbone
萧铜大队,0,5,2,0,,,strict_backbone
乡队副职位,0,3,0,0,,,context_only
水口山铅矿罢工,0,3,0,0,,,context_only
抚边围击战与两河口阻击战,0,6,4,1,,,strict_backbone
剿凡井收枪事件,1,4,4,0,,,strict_backbone
减租退押反霸斗争,0,1,1,0,,,strict_backbone
赣南追歼战,0,1,0,0,,,context_only
建设地方武装指示,0,3,0,0,,,context_only
水阳战役,0,5,3,0,,,strict_backbone
云南政变,0,3,1,0,,,strict_backbone
归仁集战斗,0,3,1,0,,,strict_backbone
部署军事行动,0,2,2,0,,,strict_backbone
川大教授罢教,1,2,2,0,,,strict_backbone
南京市第一次党代表大会,1,3,1,0,,,strict_backbone
第七支队武装起义,0,1,0,0,,,context_only
抗战胜利庆祝大会,0,1,1,0,,,strict_backbone
农民围攻县城的大暴动,0,2,2,0,,,strict_backbone
癞石沟战斗,0,6,4,0,,,strict_backbone
武汉学生运动,2,29,18,1,,,strict_backbone
智擒匪首系列战例,0,4,1,0,,,strict_backbone
石门剿匪行动,0,2,2,0,,,strict_backbone
鄂豫皖边区第一次党代表大会,3,3,3,0,,,strict_backbone
湘潭学生联合会,0,4,0,0,,,context_only
盛圩子战斗,0,3,1,1,,,strict_backbone
泾口战斗,0,3,1,1,,,strict_backbone
涪陵县农民武装暴动,0,1,1,0,,,strict_backbone
扩大武装,2,7,3,0,,,strict_backbone
皖南事变后游击队胜仗,0,5,3,1,,,strict_backbone
华中九分区成立,0,4,1,0,,,strict_backbone
解放安庆战役,1,6,3,1,1949-01-01,1949-12-31,strict_backbone
工农兵代表大会,0,6,1,1,,,strict_backbone
湖北全省总工会成立,0,9,0,0,,,context_only
百丈关大战,0,3,1,0,,,strict_backbone
武装工作队组织,0,3,0,0,,,context_only
东固暴动,3,26,10,1,,,strict_backbone
荆棘纵横,0,2,2,0,,,strict_backbone
江南反顽战役,0,3,2,0,,,strict_backbone
天长民主建政会议,0,5,3,1,,,strict_backbone
红军九军团突围行动,1,6,3,0,,,strict_backbone
焦溪岭伏击战,0,3,0,0,,,context_only
中共七大,1,3,1,0,1945-04-01,1945-04-30,strict_backbone
攻据点行动,0,5,5,0,,,strict_backbone
引进黄金白银/采购军火,0,2,1,0,,,strict_backbone
八百桥战斗,0,3,0,0,,,context_only
宿北大战,0,3,0,0,,,context_only
第三团建立及游击战争,0,3,1,0,,,strict_backbone
中共四川省临委扩大会议,0,6,0,0,,,context_only
武大‘六·一’惨案,0,2,0,0,,,context_only
破击封锁线斗争,1,7,5,1,,,strict_backbone
第五次反“围剿”的失败,0,2,0,0,,,context_only
怀宁大队,0,7,2,0,,,strict_backbone
云南解放同盟,0,12,2,0,,,strict_backbone
宣告停刊,0,3,0,0,,,context_only
群众自卫运动,0,3,0,0,,,context_only
货检处/贸易分局,0,2,1,0,,,strict_backbone
反三征运动,1,16,6,1,,,strict_backbone
怀化驻军,0,3,0,0,,,context_only
彝海结盟,0,6,2,0,,,strict_backbone
收回大金码头事件,0,2,2,0,,,strict_backbone
宜良解放,0,3,3,0,,,strict_backbone
坪靖普古大云战斗,0,4,1,0,,,strict_backbone
巧赶顽大队,0,3,1,0,,,strict_backbone
启西反清剿斗争,0,1,1,0,,,strict_backbone
忽视城市工作,0,2,1,0,,,strict_backbone
争取土匪势力,0,1,0,0,,,context_only
岑巩接管行动,1,6,1,0,,,strict_backbone
六·一三反革命政变,0,3,1,1,,,strict_backbone
工人罢工/农民抗捐,0,0,0,0,,,isolated
横山战斗,0,6,2,2,,,strict_backbone
二师事件,0,9,1,1,1926-03-01,1926-03-31,strict_backbone
"窖,0",0,1,1,0,,,strict_backbone
区乡村三级苏维埃人员名单,0,6,3,0,,,strict_backbone
干训班,1,18,4,0,,,strict_backbone
渡北盘江/进逼昆明,0,6,6,0,,,strict_backbone
青龙寨战斗,0,2,2,0,,,strict_backbone
四反运动,0,2,0,0,,,context_only
渔亭乡公所袭击战,0,2,2,0,,,strict_backbone
入党宣誓/配合大军南下/化整为零,0,1,1,0,,,strict_backbone
锦屏党史座谈会,1,9,1,0,,,strict_backbone
禁银工作,0,3,1,1,,,strict_backbone
邓游击大队,0,5,0,1,,,context_only
河西农民武装起义,2,2,2,0,,,strict_backbone
组织民兵,0,5,3,0,,,strict_backbone
渡江战役/百尺滩渡江,1,2,2,0,,,strict_backbone
隐蔽反梳篦清剿/三排突围,0,2,1,0,,,strict_backbone
沿河县革命工作,0,2,2,0,,,strict_backbone
布尔什命克竞赛运动,0,1,1,0,,,strict_backbone
五·四学生运动,0,5,3,0,,,strict_backbone
云龙北三乡解放,0,2,2,0,,,strict_backbone
湖北地区党的发展和鄂豫皖根据地建立,0,1,1,0,,,strict_backbone
中共昭通中心县委成立,0,2,0,0,,,context_only
江流歌咏团,0,5,2,0,,,strict_backbone
川滇黔边区游击战争,0,3,0,0,,,context_only
战略退却与转移建议,0,6,0,0,,,context_only
反红盘斗争/剿匪肃特,0,0,0,0,,,isolated
攻打施秉,0,3,3,0,,,strict_backbone
合法与非法斗争,0,4,1,0,,,strict_backbone
红军宣传运动,0,3,0,0,,,context_only
凯里区义勇队,0,1,1,0,,,strict_backbone
边区工作会议,0,2,0,0,,,context_only
赣工工会成立,0,5,2,0,,,strict_backbone
苟坝会议,1,5,2,0,,,strict_backbone
大余新塘起义,0,2,2,0,,,strict_backbone
'国大'召开,0,9,0,0,,,context_only
织金“食米斗争”,0,1,1,0,,,strict_backbone
反‘三征’武装斗争,1,4,2,0,,,strict_backbone
土改纠偏工作,0,3,0,0,,,context_only
1936年红军过晃县事件,0,4,0,0,,,context_only
机场封锁行动,0,3,0,0,,,context_only
富田战斗,0,2,2,0,,,strict_backbone
涪陵起义,0,1,1,0,,,strict_backbone
反卖币斗争,0,2,0,0,,,context_only
湖南人民解放突击总队第八大队,1,1,1,0,,,strict_backbone
刘昆府暴动失败事件,0,2,2,0,,,strict_backbone
濉溪口罢工斗争,0,2,2,0,,,strict_backbone
省委批评会议,0,2,0,0,,,context_only
宣威战役,2,2,2,0,,,strict_backbone
革命委员会成立,0,2,0,0,,,context_only
反动保卫团冲突,0,3,0,0,,,context_only
南昌事变,0,2,2,0,,,strict_backbone
反对校长货富泽污斗争,0,2,2,0,,,strict_backbone
学生游行示威活动,0,6,1,0,,,strict_backbone
禁毒运动,0,6,3,0,,,strict_backbone
保卫农会与反围攻斗争,0,2,2,0,,,strict_backbone
流动话剧队解散事件,1,1,1,0,,,strict_backbone
护送领导干部,0,2,0,0,,,context_only
革命标语事件处理,0,4,2,1,1930-08-06,1930-08-06,strict_backbone
日新丰车站战斗,0,2,2,0,,,strict_backbone
首次攻占华埠,1,6,6,0,,,strict_backbone
民主建政与剿匪,0,2,1,0,,,strict_backbone
攻占吉安,0,2,0,0,,,context_only
买湾遭遇战,0,3,1,0,,,strict_backbone
送马与夺马事件,0,3,1,0,,,strict_backbone
先遣队壮烈牺牲,0,6,1,0,,,strict_backbone
开辟根据地与消灭赵匪,0,2,0,0,,,context_only
安龙会议,0,3,0,0,,,context_only
庆祝“七·七”抗战一周年大会,0,1,0,0,,,context_only
《县志·党群志》编纂,0,2,2,0,,,strict_backbone
岚峰会议做法,0,1,0,0,,,context_only
攻打余江城,2,6,6,0,,,strict_backbone
国庆游行,0,3,1,1,,,strict_backbone
解放毕节县城,1,8,4,1,1949-01-01,1949-12-31,strict_backbone
苏日协定,0,3,0,0,,,context_only
反丁斗争,0,2,0,0,,,context_only
溧高地区抗日民主政权,0,2,2,0,,,strict_backbone
佯攻长干山李村之敌行动,0,9,3,1,,,strict_backbone
起义攻打县府,2,6,2,0,,,strict_backbone
五军团在羊场战斗,0,1,0,0,,,context_only
黄浦太古两船澳工人罢工,0,3,0,0,,,context_only
反‘二五减租’斗争,0,2,0,0,,,context_only
青互会,0,3,1,0,,,strict_backbone
《太平洋工人》月刊发行,0,3,3,0,,,strict_backbone
抗议美仁轮放行,0,2,2,0,,,strict_backbone
皖东北根据地斗争,0,2,2,0,,,strict_backbone
卢沟桥事变,0,6,1,0,,,strict_backbone
文学艺术研究会,5,8,8,0,,,strict_backbone
反帝反国民党宣传,0,1,0,0,,,context_only
监利县城攻城战,0,2,1,0,,,strict_backbone
宣威澄格战役,0,1,0,0,,,context_only
地教服务团,0,5,2,1,,,strict_backbone
红六军团十八师五十四团覆灭事件,0,3,0,0,,,context_only
签订赔款条约,0,2,0,0,,,context_only
黎榕从合围清剿,0,2,2,0,,,strict_backbone
中共云南地下党革命运动,0,4,4,0,1927-01-01,1928-12-31,strict_backbone
望江垄战斗,0,3,3,0,,,strict_backbone
渡盘江入滇,0,3,1,0,,,strict_backbone
淮安支乡暴动,0,3,1,1,,,strict_backbone
秘密印刷活动,0,8,2,1,,,strict_backbone
凤阳暴动,0,2,2,0,,,strict_backbone
重庆各界抗日救亡请愿联席会,0,2,2,0,,,strict_backbone
沭阳县青救会,0,6,0,0,,,context_only
祝光明,0,3,0,0,,,context_only
城防大队起义人员,1,2,2,0,,,strict_backbone
谷陇围歼战,0,5,3,0,,,strict_backbone
整风整社运动,0,5,3,0,,,strict_backbone
回忆革命生涯,0,1,0,0,,,context_only
汉阳门铁趸船爆炸事件,0,2,0,0,,,context_only
养伤恢复,0,6,0,0,,,context_only
查黑地,0,3,1,1,,,strict_backbone
荆江大堤保护行动,0,1,0,0,,,context_only
赣东北红军攻打乐平、景德镇战役,0,2,0,0,,,context_only
代圩孜识字班,0,2,2,0,,,strict_backbone
九江工人罢工运动,0,1,0,0,,,context_only
平型关战役,1,2,2,0,,,strict_backbone
陈树湘断肠明志,0,3,0,0,,,context_only
出版《锦江画报》,0,3,0,0,,,context_only
静观场斗争,0,2,2,0,,,strict_backbone
高利贷,0,1,0,0,,,context_only
开办冬学,0,1,1,0,,,strict_backbone
《中国人民解放军布告》印刷行动,0,3,0,0,,,context_only
举办党员训练班,0,3,0,0,,,context_only
省委扩大会议,0,2,0,0,,,context_only
汉口协定,0,2,2,0,,,strict_backbone
平彝县接管工作,0,2,2,0,,,strict_backbone
甄子延战斗,0,3,1,0,,,strict_backbone
徐州游击战,0,3,0,0,,,context_only
庆祝政协成功大会,0,1,0,0,,,context_only
柴家集遭遇战,0,2,0,0,,,context_only
抢渡金沙江军事会议,0,3,0,0,,,context_only
黄金山反顽战斗,1,14,10,1,,,strict_backbone
盘山匪患,1,1,1,0,,,strict_backbone
汉阳汽车联营服务社,1,7,1,0,,,strict_backbone
蒋区农村游击战争,0,1,0,0,,,context_only
茅烟堆战斗,0,3,3,0,,,strict_backbone
民族大队,0,2,0,0,,,context_only
发动群众斗争,1,2,2,0,,,strict_backbone
唐系湘系桂系及朱培德军队,0,2,0,0,,,context_only
总路线,0,3,0,0,,,context_only
文化工作委员会成立,0,5,0,1,,,context_only
虎渡溪战斗,2,6,4,0,,,strict_backbone
团村战斗,0,9,0,0,,,context_only
贵州黎平战役,0,2,0,0,,,context_only
武装工作,0,4,0,0,,,context_only
雷山地区土匪铁壁合围,1,6,1,1,,,strict_backbone
肃清二十四师,0,8,0,1,,,context_only
川军龙焕章旅,0,2,1,0,,,strict_backbone
攻打萱家甸据点/打援,0,5,5,0,,,strict_backbone
宪法草案修改,0,2,1,0,,,strict_backbone
舒城西战斗,0,1,0,0,,,context_only
三八节纪念活动,0,3,1,0,,,strict_backbone
郎岱战斗,0,2,2,0,,,strict_backbone
反蒋抗日宣传活动,0,4,1,0,,,strict_backbone
攻打团防局,0,2,2,0,,,strict_backbone
伦敦海军会议,0,3,1,0,,,strict_backbone
解放丹寨,7,23,15,1,,,strict_backbone
邦海之战,0,3,0,0,,,context_only
南溪暴动,2,27,10,2,,,strict_backbone
反对金元券斗争,0,2,2,0,,,strict_backbone
宣传贯彻婚姻法,0,2,1,0,,,strict_backbone
鄂西北斗争,0,2,2,0,,,strict_backbone
郧县土改运动,0,2,0,0,,,context_only
川南党,0,3,0,0,,,context_only
五·一示威游行,1,7,5,1,,,strict_backbone
相山游击大队,1,5,1,0,,,strict_backbone
新华社通讯稿编发工作,0,6,1,0,,,strict_backbone
减租减息政策,0,71,13,0,,,strict_backbone
莲花第一个党支部成立,0,1,0,0,,,context_only
抗日救国军成立,0,4,2,0,,,strict_backbone
小涧区队,0,3,3,0,,,strict_backbone
阜阳暴动,0,14,3,1,,,strict_backbone
县委七次代表大会,0,3,0,0,,,context_only
组织农协与抗缴鸦片斗争,0,3,0,0,,,context_only
重庆‘3·81’惨案,0,2,2,0,,,strict_backbone
炸毁日军军火列车事件,0,5,3,1,,,strict_backbone
富良棚地区解放行动,0,2,2,0,,,strict_backbone
《赤祸与中国之存亡》,0,2,0,0,,,context_only
如皋自卫战,0,5,3,1,,,strict_backbone
抓武装力量,0,1,0,0,,,context_only
和记蛋厂罢工,0,3,1,0,,,strict_backbone
大革命时期农民运动,0,11,2,0,,,strict_backbone
大参军与反清剿斗争,0,1,1,0,,,strict_backbone
地方武装建设,0,6,1,0,,,strict_backbone
梁山赤匪战斗,0,3,1,0,,,strict_backbone
进军车佛南,0,2,1,0,,,strict_backbone
精寨暴动,0,4,4,0,,,strict_backbone
枫木溪战斗,0,4,2,1,,,strict_backbone
反敌校叛逃斗争,0,1,0,0,,,context_only
二六军向黔滇湘活动,0,2,2,0,,,strict_backbone
汉口英美烟厂工人罢工,1,6,2,0,,,strict_backbone
国民革命军总司令部政治部,0,2,0,0,,,context_only
编组队伍/任命干部,0,0,0,0,,,isolated
召开农民代表大会公审恶霸,0,5,3,1,,,strict_backbone
平武暴动,0,6,0,0,,,context_only
小陈庄战斗,0,3,1,1,,,strict_backbone
三台地区农民暴动,3,13,13,0,,,strict_backbone
邓川县人民政府成立,0,3,2,0,,,strict_backbone
南区游击大队,0,2,2,0,,,strict_backbone
宁江战役,0,6,0,1,,,context_only
遵义地区分配,0,5,2,0,,,strict_backbone
铁壁合围和梳篦清剿战术,0,3,0,0,,,context_only
蔡敏,1,67,13,1,,,strict_backbone
渌口工农运动,0,1,1,0,,,strict_backbone
石家垭伏击战,0,3,3,0,,,strict_backbone
反四次‘围剿’,0,3,0,0,,,context_only
平民学社,0,6,0,0,,,context_only
退让行动,0,3,1,0,,,strict_backbone
进军西南的战斗历程,0,1,0,0,,,context_only
石门农工革命运动,0,2,2,0,,,strict_backbone
武汉防汛斗争,0,2,2,0,,,strict_backbone
保卫昆明的战斗,0,2,2,0,,,strict_backbone
报考苏中四专校,0,1,0,0,,,context_only
打坑遭遇战,0,6,0,0,,,context_only
划分阶级,0,12,2,0,,,strict_backbone
施洞战斗,0,5,5,0,,,strict_backbone
镇压恶霸,0,1,0,0,,,context_only
成都长机帮工人斗争,0,1,1,0,,,strict_backbone
肃反审判,0,2,1,0,,,strict_backbone
中共川陕省第三次党员代表大会,0,1,0,0,,,context_only
黄冈平民教育社成立,2,5,2,0,,,strict_backbone
五一五三纪念/散发传单,0,1,0,0,,,context_only
渡河司令部,0,7,2,1,,,strict_backbone
海腰事件,0,5,0,0,,,context_only
日俘所劳动生产,0,2,1,0,,,strict_backbone
钟山乡红色政权成立,0,3,2,0,,,strict_backbone
战时民校创办,0,2,2,0,,,strict_backbone
何基沣、张克侠起义,0,1,0,0,,,context_only
起义反蒋,0,1,0,0,,,context_only
敌伪“清乡”兵力与政治组织部署,0,9,3,0,,,strict_backbone
刁家湾党员大会,0,3,1,0,,,strict_backbone
潼南双江镇起义,0,3,0,0,,,context_only
大屠杀事件,0,5,3,1,,,strict_backbone
川黔边武装斗争,0,3,3,0,,,strict_backbone
忠县反赤大同盟会斗争,0,4,1,0,,,strict_backbone
苏北老解放区,0,3,0,0,,,context_only
黔东事件,0,2,2,0,,,strict_backbone
宾川战斗,0,1,0,0,,,context_only
畔山战斗,0,2,2,0,,,strict_backbone
扫清施台黄泸边沿匪患,0,3,2,0,,,strict_backbone
中华工农兵苏维埃第一次全国代表大会,0,6,3,0,,,strict_backbone
江岸铁路工人运动,0,8,7,0,,,strict_backbone
过湘江突破第四道封锁线,0,4,4,0,,,strict_backbone
干部训练班名单,2,3,2,0,,,strict_backbone
私藏食盐事件,0,1,0,0,,,context_only
滇东北解放事业,0,2,0,0,,,context_only
马街事件,0,8,4,0,,,strict_backbone
红军湘东南独立师北出行动,0,2,2,0,,,strict_backbone
第三次围剿,0,6,2,2,,,strict_backbone
建立妇救会,0,1,0,0,,,context_only
海上游击战,2,3,3,0,,,strict_backbone
《武大新闻》,0,5,1,1,,,strict_backbone
楚(雄)、易(门)、峨(山)、双(柏)游击大队,0,0,0,0,,,isolated
关于选举运动的指示,0,1,0,0,,,context_only
红军到来事件,0,5,0,1,,,context_only
淮安各县农民暴动,0,5,5,0,,,strict_backbone
防守潇水西岸打沉渡船消灭敌军,0,6,0,0,,,context_only
反封建、打土豪斗争,0,2,2,0,,,strict_backbone
妇女犁田,0,3,1,1,,,strict_backbone
南京街歼敌与谈判劝降,0,3,1,0,,,strict_backbone
习自诚起义,1,11,2,0,,,strict_backbone
安庆抗日宣传工作团,0,2,2,0,,,strict_backbone
武汉会战相关文艺创作,0,5,1,0,,,strict_backbone
反袁斗争,1,2,2,0,,,strict_backbone
鄂东军成立,0,1,0,0,,,context_only
收复地区行动,0,5,3,1,,,strict_backbone
石门县南乡起义,0,3,0,0,,,context_only
北伐军攻占事件,0,1,0,0,,,context_only
禁毒运动全面检举,0,1,0,0,,,context_only
万人坑暴行,0,3,0,0,,,context_only
枝江县中队,0,3,1,1,,,strict_backbone
纪念孙中山逝世一周年大会冲突,0,3,1,0,,,strict_backbone
元宵暴动,5,9,6,0,,,strict_backbone
抗粮抗租斗争,0,6,3,0,,,strict_backbone
五卅周年纪念游行,0,2,2,0,,,strict_backbone
造势力升官发财,0,1,0,0,,,context_only
共产国际十月来信,0,1,1,0,,,strict_backbone
崩坡寨激战,0,3,3,0,,,strict_backbone
农村经济,0,4,1,0,,,strict_backbone
基层妇女代会,0,3,0,0,,,context_only
六县总暴动,1,4,1,0,,,strict_backbone
宜昌移动演剧队,1,5,2,0,,,strict_backbone
牛角洞战斗,0,6,4,1,,,strict_backbone
楼底兰家村武装暴动,0,2,1,0,,,strict_backbone
雪凉合围任务分配,0,3,0,0,,,context_only
龙泉驿农民反苛捐杂税运动,0,5,2,0,,,strict_backbone
中共中央政治局扩大会议,2,11,5,0,,,strict_backbone
贵州解放战役,0,2,2,0,,,strict_backbone
教学改革,0,1,1,0,,,strict_backbone
云南人民讨蒋起义,0,4,4,0,1948-05-01,1948-05-31,strict_backbone
坚守阵地反击坦克,0,1,0,0,,,context_only
南乡起义,0,6,6,0,,,strict_backbone
萧东抗日斗争,0,1,1,0,,,strict_backbone
宁都起义,20,76,35,1,1931-12-01,1931-12-31,strict_backbone
保卫和平运动,0,2,0,0,,,context_only
红色运输队,0,1,1,0,,,strict_backbone
发展女党员与建立党小组,1,3,3,0,,,strict_backbone
迎接武汉解放工作,0,2,2,0,,,strict_backbone
李立三路线,2,3,2,0,,,strict_backbone
土豪劣绅斗争,0,3,3,0,,,strict_backbone
毛泽东关于纪律的讲话,0,3,2,0,,,strict_backbone
贵阳行营成立,0,1,0,0,,,context_only
智擒黄德柏,0,5,0,0,,,context_only
较场口流血事件,0,2,2,0,,,strict_backbone
红四方面军南下受挫与北上战略制定,0,6,1,0,,,strict_backbone
手工业改造,0,1,0,0,,,context_only
粮荒事件,0,2,2,1,,,strict_backbone
《百万雄师下江南》,0,3,0,0,,,context_only
皖西北游击武装建立,0,3,2,0,,,strict_backbone
彝良县城角奎镇战斗,0,2,2,0,,,strict_backbone
罢课请愿斗争,0,2,0,0,,,context_only
打退第二次反共高潮,0,2,0,0,,,context_only
整党运动,3,15,4,1,,,strict_backbone
南京三轮车工人罢工斗争,0,4,2,0,,,strict_backbone
渠县人民,0,2,0,0,,,context_only
士兵工作、土匪运动,0,2,0,0,,,context_only
重庆军工系统工人怠工斗争,0,4,4,0,,,strict_backbone
分盐大会,0,4,3,0,,,strict_backbone
围歼王六子股匪,0,3,1,0,,,strict_backbone
《整顿党的作风》,1,6,3,0,,,strict_backbone
武装抗租斗争,0,6,1,1,,,strict_backbone
安迪生灯泡厂罢工,0,5,5,0,,,strict_backbone
共产国际第十三次全会,0,1,0,0,,,context_only
大柏地伏击战,0,12,6,1,,,strict_backbone
抗敌后援会救护训练班,0,3,1,0,,,strict_backbone
蔚盘洲会议,0,3,0,0,,,context_only
农工运动,0,2,2,1,,,strict_backbone
国民党湖南省第一次代表大会,1,3,1,3,,,strict_backbone
驱丁运动,0,2,2,0,,,strict_backbone
清查户口,0,1,0,0,,,context_only
湘鄂西省第三次工农兵代表大会,1,3,1,2,,,strict_backbone
围歼小罗山战役,0,2,2,0,,,strict_backbone
纺纱织布运动,1,2,2,0,1943-01-01,1944-12-31,strict_backbone
攻克腊子口战斗,0,2,2,0,,,strict_backbone
神兵大道会,0,3,0,0,,,context_only
剿匪工作,1,22,2,1,,,strict_backbone
广元战斗,0,2,2,0,,,strict_backbone
中央访问团抵达与民族政策宣传,0,3,2,0,,,strict_backbone
华东局减租条例,0,6,2,0,,,strict_backbone
包围芷江,0,3,0,0,,,context_only
四分区担架团建制,0,1,0,0,,,context_only
清除反共标语,0,3,0,0,,,context_only
黑沟坳战斗,0,3,0,0,,,context_only
'六一'大逮捕事件,0,11,2,0,,,strict_backbone
地下党支部成立,0,2,2,0,,,strict_backbone
反对第三派别,0,2,1,0,,,strict_backbone
农民代表大会,1,8,2,0,,,strict_backbone
顶山场战斗,0,3,0,0,,,context_only
南昌县土改复查,0,3,1,0,,,strict_backbone
西关坡袭击战,0,1,1,0,,,strict_backbone
反贿选运动,0,2,2,0,,,strict_backbone
新四军第一次党代表大会,0,4,0,0,,,context_only
南江城解放事件,0,3,3,1,1933-01-01,1933-12-31,strict_backbone
老解放区,0,3,0,0,,,context_only
全家散,0,3,0,0,,,context_only
农抗会组织,0,2,2,0,,,strict_backbone
大基登分兵,0,2,1,0,,,strict_backbone
寻乌事件,0,2,2,0,,,strict_backbone
南溪农民春季暴动,1,3,3,0,,,strict_backbone
阜阳农民赤卫队起义,0,8,0,0,,,context_only
九江武装斗争,0,4,4,0,,,strict_backbone
大华炼油总厂,1,5,3,0,,,strict_backbone
大冶兵暴,8,35,24,0,,,strict_backbone
三克三余/二克石港,0,1,0,0,,,context_only
大后方整风与对国民党斗争,0,2,2,0,,,strict_backbone
余干革命活动,0,1,1,0,,,strict_backbone
襄冲暴动,0,2,2,0,,,strict_backbone
丁塘坊战役,0,1,0,0,,,context_only
政治协商会议,4,89,14,5,,,strict_backbone
反张国焘斗争,0,2,2,0,,,strict_backbone
土匪袭击与剿匪战斗,0,4,0,0,,,context_only
抗战戏剧演出,0,2,0,0,,,context_only
劝降起义/宣布起义,0,1,0,0,,,context_only
皖浙赣省委领导游击战争,0,2,0,0,,,context_only
自新学术研究社,0,3,0,0,,,context_only
上海抗日运动,0,6,2,0,,,strict_backbone
入黔剿匪,1,4,2,0,,,strict_backbone
通信班,0,2,0,0,,,context_only
二渡赤水/回师贵州,0,0,0,0,,,isolated
武汉抗洪抢险斗争,0,5,2,0,,,strict_backbone
国民党应变准备,0,3,1,0,,,strict_backbone
平息匪患,0,1,0,0,,,context_only
战士整风,0,3,0,0,,,context_only
王道藩事件,0,1,1,0,,,strict_backbone
平明读书会,0,3,0,0,,,context_only
工农武装起义准备,0,3,2,0,,,strict_backbone
龚、鲁两旅,0,0,0,0,,,isolated
闽浙赣省委扩大会,0,1,0,0,,,context_only
渡江南进行动,0,6,1,0,,,strict_backbone
薤山暴动,0,1,1,0,,,strict_backbone
《黔南的剿匪斗争》,0,7,1,0,,,strict_backbone
武汉三镇起义,1,2,2,0,,,strict_backbone
金沙江龙街渡口战斗,0,3,0,0,,,context_only
陈集战斗,0,7,3,0,,,strict_backbone
武汉和平接收,0,3,0,0,,,context_only
益阳县第五区农民协会成立,0,8,0,0,,,context_only
传达华中分局指示与赴苏北汇报,0,6,2,0,,,strict_backbone
废除保甲制/减租运动/冬令救济/水利会议,0,0,0,0,,,isolated
向曾宪辉汇报谈判诚意,0,2,0,0,,,context_only
宝秀镇战斗,0,6,1,1,,,strict_backbone
涪陵兵变准备,0,3,1,0,,,strict_backbone
三七四团起义,2,25,12,1,,,strict_backbone
马良坪战役,0,2,2,0,,,strict_backbone
武汉工人反经济封锁斗争,0,1,1,0,,,strict_backbone
打击日伪与政治攻势,0,3,2,0,,,strict_backbone
康道炉战役计划,0,3,0,0,,,context_only
阶级教育/思想改造,0,0,0,0,,,isolated
发展华中战略,0,2,0,0,,,context_only
高明庄战斗,0,2,2,0,,,strict_backbone
南京大暴动,1,6,3,3,,,strict_backbone
贵州省学生救国团,0,1,0,0,,,context_only
江华暴动,0,7,7,0,,,strict_backbone
强渡嘉陵江战役,8,24,15,1,,,strict_backbone
解放镇远战役,0,6,6,0,,,strict_backbone
五大任务运动,1,2,2,0,,,strict_backbone
三人会议,0,2,2,0,,,strict_backbone
籍田地区农民武装暴动,0,7,0,0,,,context_only
刘邓大军南下,0,18,6,0,,,strict_backbone
泰州谈判,3,21,10,1,,,strict_backbone
南下苏中/反清乡准备,0,1,0,0,,,context_only
交通工作,0,6,1,0,,,strict_backbone
食米食盐斗争,1,3,2,0,,,strict_backbone
进占赫章筠,0,5,1,0,,,strict_backbone
辛亥武昌首义,0,7,2,0,,,strict_backbone
退押斗争,0,3,3,0,,,strict_backbone
中央政治局训令,0,3,0,0,,,context_only
鄂南暴动,4,33,7,1,,,strict_backbone
赣榆战役,0,2,2,0,,,strict_backbone
土改没收征收查田/分配调剂,1,1,1,0,,,strict_backbone
井冈山革命根据地创建,0,17,4,1,,,strict_backbone
四川旅外演剧队,0,5,0,0,,,context_only
东山区土匪暴乱,0,5,3,1,,,strict_backbone
总前委株洲会议,0,1,1,0,,,strict_backbone
保卫苏区粉碎五次围剿经验总结,0,1,1,0,,,strict_backbone
四川兵变,0,9,0,0,,,context_only
镇压汉奸,0,3,1,0,,,strict_backbone
反对包办婚姻斗争,0,3,0,0,,,context_only
李闻惨案,3,53,13,1,,,strict_backbone
抗大分队,0,3,0,0,,,context_only
四届国民参政会,0,4,1,0,,,strict_backbone
华蓥山地区起义同志,0,3,0,0,,,context_only
水滴线型艇体方案,0,1,0,0,,,context_only
石阡天主教堂会议,0,3,1,0,,,strict_backbone
教唱作战歌曲,0,1,0,0,,,context_only
戒严清剿,0,1,1,0,,,strict_backbone
肃反错误,1,1,1,0,,,strict_backbone
茶园庵会议,0,3,0,0,,,context_only
土改胜利大会,0,6,0,0,,,context_only
《三毛游光明世界》画刊,0,2,0,0,,,context_only
抗日战争,6,82,25,3,,,strict_backbone
历次运动,0,3,0,0,,,context_only
经联联谊社,0,5,0,1,,,context_only
反对日本设立领事馆斗争,0,3,0,0,,,context_only
中英军事同盟,0,1,0,0,,,context_only
遵义会议纠正错误路线,0,2,0,0,,,context_only
新四军护送军饷事件,0,3,0,0,,,context_only
汉口人力车夫罢工,1,11,1,1,,,strict_backbone
兴仁和平解放,0,3,3,0,,,strict_backbone
‘自救军’胜利5大队,0,3,0,0,,,context_only
红十军攻占秋浦县城,0,4,2,0,,,strict_backbone
瓦庙集阻击战,0,3,1,2,,,strict_backbone
马场惨案,0,1,1,0,,,strict_backbone
‘中国学生导报’停刊事件,0,3,0,0,,,context_only
纪念中国共产党成立二十九周年大会,0,5,2,0,,,strict_backbone
黄、庞,1,6,1,0,,,strict_backbone
建立地下印刷厂,0,5,2,1,,,strict_backbone
猫儿寨农民暴动,0,2,2,0,,,strict_backbone
反拉积谷斗争,0,1,0,0,,,context_only
民族教育发展,0,2,2,0,,,strict_backbone
青年救国服务团,0,5,0,0,,,context_only
毕节地区党史学会成立大会,0,3,2,0,,,strict_backbone
迎接解放保存力量,0,3,0,0,,,context_only
滇西武装斗争,3,13,9,0,,,strict_backbone
检讨失误,0,1,0,0,,,context_only
争取进步人士,0,3,0,0,,,context_only
三反五反定案,0,3,0,1,,,context_only
个旧锡矿罢工斗争,0,3,1,0,,,strict_backbone
余庆县起义部队叛变事件,0,6,0,0,,,context_only
迎接解放宣传,1,2,2,0,,,strict_backbone
炸恶霸易德斋行动,0,2,2,0,,,strict_backbone
株木桥大战,1,8,3,3,,,strict_backbone
安顺县接管工作,1,3,1,0,,,strict_backbone
名山县城暴乱事件,0,3,0,0,,,context_only
劝父辞官批判旧制度,0,2,1,0,,,strict_backbone
《娜拉》演出事件,0,3,0,0,,,context_only
大兴集战斗,0,2,1,0,,,strict_backbone
淮海大捷,0,3,0,0,,,context_only
横峰县城保卫战,0,2,0,0,,,context_only
七集战斗,0,2,2,0,,,strict_backbone
丰石忠三县联防队,0,3,0,0,,,context_only
马鹿塘乡建设,0,1,0,0,,,context_only
乡村斗争,0,4,0,0,,,context_only
桃源县党部成立,0,3,0,0,,,context_only
中央苏区公营工业管理经验,0,5,1,1,,,strict_backbone
民兵万人大检阅,0,3,2,0,,,strict_backbone
夺取九江、南昌斗争,0,2,2,0,,,strict_backbone
中国人民解放事业,0,1,0,0,,,context_only
建立青救团,0,2,1,0,,,strict_backbone
宜良人民反法斗争,0,1,0,0,,,context_only
革命人物名录,0,3,0,0,,,context_only
豫东战役,0,1,0,0,,,context_only
保卫平塘县城战斗,0,2,2,0,,,strict_backbone
暑期学园,0,1,0,0,,,context_only
万方会议,0,1,0,0,,,context_only
农村合作社,0,3,1,0,,,strict_backbone
长期埋伏、积蓄力量、等待时机方针,0,1,0,0,,,context_only
结义建组织,0,3,2,0,,,strict_backbone
组建革命武装骨干,0,1,1,0,,,strict_backbone
特务监视与师生反击,0,2,0,0,,,context_only
渌田战役,0,5,2,0,,,strict_backbone
解放黄平,1,3,2,0,,,strict_backbone
茨竹河战斗,0,1,0,0,,,context_only
工厂群众斗争,0,2,2,1,1949-01-01,1949-12-31,strict_backbone
淮南银行,0,5,0,0,,,context_only
杨家洞战斗,0,2,2,0,,,strict_backbone
民主改革与工会建设,0,3,0,0,,,context_only
武昌,0,1,0,0,,,context_only
黔东南解放斗争,1,5,3,1,,,strict_backbone
江当溧三县行署委员会成立,0,4,2,0,,,strict_backbone
叙府外交后援会,0,3,1,0,,,strict_backbone
汀泗桥战斗,0,9,7,1,,,strict_backbone
洪河大队,0,2,2,0,,,strict_backbone
正阳关战斗,0,1,1,0,,,strict_backbone
镇远防卫战斗,0,5,3,0,,,strict_backbone
独立师改编,0,1,0,0,,,context_only
高邮县三垛河口伏击战,0,3,1,0,,,strict_backbone
惩办奸商事件,0,2,0,0,,,context_only
水口,0,1,0,0,,,context_only
天长青年抗日救亡团,0,7,1,0,,,strict_backbone
武汉抢米斗争,0,1,1,0,,,strict_backbone
夏季攻势,0,5,5,0,,,strict_backbone
清剿运动,0,3,2,0,,,strict_backbone
赣北战斗,0,2,2,0,,,strict_backbone
智取包巷据点,0,6,4,1,,,strict_backbone
大众语运动,0,2,2,0,,,strict_backbone
仇家战斗,0,2,2,0,,,strict_backbone
四·一七反命公开斗争,0,1,1,0,,,strict_backbone
五师联,0,7,0,1,,,context_only
芒市谈判,0,2,2,0,,,strict_backbone
武汉二十多万国民党员及其他群众大会,0,5,2,1,,,strict_backbone
出版《黔南英烈》,0,4,2,0,,,strict_backbone
夏邵山槽战斗,0,1,0,0,,,context_only
反汪反汉奸反托派斗争,0,2,2,0,,,strict_backbone
苏维埃县政府成立,0,1,0,0,,,context_only
冯庙战斗,0,13,3,1,,,strict_backbone
交通站日常生活,1,4,2,0,,,strict_backbone
邓川县地下革命斗争,2,2,2,0,,,strict_backbone
侦察匪情,0,3,1,0,,,strict_backbone
革命宣传教育,0,4,1,0,,,strict_backbone
白区工作,0,5,1,0,,,strict_backbone
南昌起义军余部,0,1,0,0,,,context_only
郎岱三·三暴动,2,38,27,0,,,strict_backbone
民先队活动/武装特遣,0,1,1,0,,,strict_backbone
护国寺阻击战,1,2,2,0,,,strict_backbone
碧江人民自卫队,0,3,0,0,,,context_only
昆明‘一二·一’学生运动,0,16,6,0,,,strict_backbone
重庆万人大游行,0,3,1,0,,,strict_backbone
《军事通讯》创刊,0,2,0,0,,,context_only
苏北清乡主任公署成立,0,2,0,0,,,context_only
围点打援战斗,0,3,1,0,,,strict_backbone
金鸡山大捷,1,14,9,1,,,strict_backbone
红军过江行动,0,3,0,1,,,context_only
店下苏维埃政府成立,0,5,3,0,,,strict_backbone
钢板划子大队,0,3,2,0,,,strict_backbone
话剧《窃国大盗袁世凯》,1,2,2,0,,,strict_backbone
抗丁斗争,3,23,19,1,,,strict_backbone
肃反扩大化错误,0,6,0,0,,,context_only
剿匪发动群众工作总结指示,0,1,0,0,,,context_only
土改后思想整顿,0,3,2,0,,,strict_backbone
宣讲革命道理,0,3,0,0,,,context_only
声讨汪精卫运动,0,5,2,0,,,strict_backbone
教场口事件,0,6,2,0,,,strict_backbone
合作生产会议,0,6,0,0,,,context_only
桐江作家群,1,1,1,0,,,strict_backbone
建水西庄会议,0,2,0,0,,,context_only
镇反宽大政策,0,3,1,0,,,strict_backbone
撤离新田县城,0,3,0,0,,,context_only
西康教导队,0,3,0,0,,,context_only
六盘水抗日救亡运动,0,2,0,0,,,context_only
剑川‘四·三’武装暴动,0,5,5,0,,,strict_backbone
新坝、雨龙、者黑一带统战工作,0,3,0,0,,,context_only
湘赣革命中央,0,2,2,0,,,strict_backbone
葛洲坝工程,1,2,2,0,,,strict_backbone
反空投特务斗争,1,3,3,0,,,strict_backbone
收编彝族武装,0,1,1,0,,,strict_backbone
劳协事件,0,5,2,0,,,strict_backbone
抗敌服务团,0,5,2,1,,,strict_backbone
湘潭人民武装护乡团第三分队,0,2,2,0,,,strict_backbone
攻城战斗,3,37,16,0,,,strict_backbone
纠正乡村工作干部不良作风决定,0,3,1,0,,,strict_backbone
尖刀班冲锋占领机场,0,3,3,0,,,strict_backbone
跟踪追击与斗篷冲伏击,0,2,2,0,,,strict_backbone
平江惨案,12,129,32,3,,,strict_backbone
贵阳市解放战役,0,6,4,0,,,strict_backbone
成都抢米事件,0,17,4,0,,,strict_backbone
宜都最低政纲,0,2,0,0,,,context_only
尤集据点攻坚战,0,2,2,0,,,strict_backbone
二月大罢工,0,13,9,0,,,strict_backbone
抗丁抗粮抗租斗争,0,5,2,1,1947-01-01,1947-12-31,strict_backbone
氢弹理论攻关,1,2,2,0,,,strict_backbone
建立民主政权,0,3,2,0,,,strict_backbone
皖赣边区活动,0,6,2,0,,,strict_backbone
筹建元江革命武装与开办训练班,0,1,0,0,,,context_only
迎水暴动,0,3,2,0,,,strict_backbone
中共中央六届六中全会,0,3,0,0,,,context_only
丹阳、镇江武装起义,0,0,0,0,,,isolated
程潜、陈明仁和平起义,0,1,0,0,,,context_only
盘江沿岸反动据点拔除行动,0,5,2,0,,,strict_backbone
新北总局接管,0,4,1,0,,,strict_backbone
湘鄂川黔边境解放区,0,5,0,0,,,context_only
铁衣起义,0,1,0,0,,,context_only
纪念‘五·四’青年节活动,0,5,3,1,,,strict_backbone
提高工资斗争,0,1,0,0,,,context_only
防共命令,0,2,0,0,,,context_only
南战役,0,2,2,0,,,strict_backbone
迎接解放的准备工作,0,3,1,1,,,strict_backbone
渡江作战,18,213,86,2,1949-04-01,1949-04-30,strict_backbone
清铺塘伏击战,1,2,2,0,,,strict_backbone
丰都党组织撤离行动,0,3,0,0,,,context_only
反三征宣传,0,4,3,0,,,strict_backbone
平江农民扑城暴动,2,2,2,0,,,strict_backbone
金沙县解放,0,3,0,0,,,context_only
汉口防御工事,0,3,0,0,,,context_only
毛主席战略指示,0,3,0,0,,,context_only
溧阳城战斗,0,2,2,0,,,strict_backbone
横穿禄丰,1,2,2,0,,,strict_backbone
夜行军/宿营,0,1,0,0,,,context_only
青溪之战,0,2,2,0,,,strict_backbone
罗平县城攻城战斗,0,3,0,0,,,context_only
乌蒙山区反‘围剿’胜利,0,2,2,0,,,strict_backbone
邹码头杀土劣,0,1,0,0,,,context_only
反饥饿斗争,1,34,10,2,,,strict_backbone
沈崇事件,0,8,2,0,,,strict_backbone
茶陵农运,0,2,0,0,,,context_only
北碚解放,1,8,3,1,,,strict_backbone
反帝拥苏红工作,0,3,0,0,,,context_only
革命文艺宣传,0,3,0,0,,,context_only
反‘三、征’大会,0,1,0,0,,,context_only
农翻会员,0,1,0,0,,,context_only
固镇抗日斗争,0,4,2,0,,,strict_backbone
思想改造,1,19,6,0,,,strict_backbone
麓山反围剿,0,3,0,0,,,context_only
渔沟暴动,0,3,0,0,,,context_only
红三军团行动,0,3,0,1,,,context_only
卫训班,0,3,0,1,,,context_only
宜城抗日救亡活动,0,2,2,0,,,strict_backbone
上海青年救国服务团,0,2,2,0,,,strict_backbone
青特工团活动,1,1,1,0,,,strict_backbone
五·一群众大游行,0,2,1,0,,,strict_backbone
反迁院斗争,0,1,0,0,,,context_only
抗暴与反内战斗争,0,2,0,0,,,context_only
保长训练班,0,3,1,0,,,strict_backbone
设立兵站派出所,0,6,2,1,,,strict_backbone
南腰界一席的武装斗争,0,1,0,0,,,context_only
劳动立法运动,0,9,6,2,1949-01-01,1949-12-31,strict_backbone
苏皖区委扩大会议,0,3,0,0,,,context_only
上头营战斗,0,3,3,0,,,strict_backbone
3·14抢米事件,0,6,0,0,,,context_only
人民解放先锋队小组,2,2,2,0,,,strict_backbone
旧城反蒋武装暴动,0,3,3,0,,,strict_backbone
妇女参政议政,0,2,0,0,,,context_only
厕所改造,0,3,1,0,,,strict_backbone
咸丰大村会议,0,3,0,0,,,context_only
战时儿童保育院,0,1,0,0,,,context_only
大会代表,0,4,0,0,,,context_only
碰黄酒罢工斗争,0,2,2,0,,,strict_backbone
安庆社会主义青年团组织,0,3,0,0,,,context_only
土播宣传,0,2,1,0,,,strict_backbone
留黔助剿战役,0,2,1,0,,,strict_backbone
蒋补村群众大会,0,3,0,0,,,context_only
露天大会,0,1,0,0,,,context_only
永新临时县委成立,0,2,0,0,,,context_only
黔西支部成立,0,1,0,0,,,context_only
搜捕敌特行动,0,1,1,0,,,strict_backbone
双江镇兵变,0,3,3,0,,,strict_backbone
土地改革试点,3,20,10,1,,,strict_backbone
斗争委员/儿童团员,0,1,0,0,,,context_only
民族地区土地改革,0,4,2,1,,,strict_backbone
反英经济绝交运动,1,6,4,0,,,strict_backbone
大刀会暴乱事件,0,5,2,0,1944-01-01,1944-12-31,strict_backbone
汇报斗争情况,0,3,1,0,,,strict_backbone
沙市渡江大队,0,4,0,0,,,context_only
打倒四大家族,1,5,2,0,,,strict_backbone
占领机场歼灭新安所之敌,0,2,2,0,,,strict_backbone
铜陵紫沙洲战斗,0,2,2,0,,,strict_backbone
吁吟合唱团,0,5,3,1,,,strict_backbone
金凤武装暴动,1,1,1,0,,,strict_backbone
岭村叛乱,0,2,0,0,,,context_only
妇女共鸣社,0,3,0,0,,,context_only
纠正错划成份,0,4,0,0,,,context_only
革命事迹记载,0,1,0,0,,,context_only
当阳城关起义,2,10,10,0,,,strict_backbone
第五次‘围剿’,0,32,5,0,,,strict_backbone
围困富安镇据点/四不让斗争,0,0,0,0,,,isolated
反攻倒算,0,1,0,0,,,context_only
花园战斗,0,3,3,0,,,strict_backbone
《八百壮士》话剧演出,0,3,1,1,,,strict_backbone
会议,1,52,6,1,,,strict_backbone
中央会议,0,12,1,0,,,strict_backbone
豫皖苏后勤机构设置,0,3,2,0,,,strict_backbone
老营盘战斗,1,3,3,0,,,strict_backbone
中共休宁县委和休宁县人民政府成立,0,5,2,0,,,strict_backbone
红军过江购买干粉事件,0,6,0,1,,,context_only
土改政策检讨,0,3,1,0,,,strict_backbone
锄奸与公安武装建设,0,1,0,0,,,context_only
重庆学运,0,2,2,0,,,strict_backbone
写日记抗争,0,3,0,0,,,context_only
太宿平包围战,0,3,0,0,,,context_only
奔袭淇滩,0,3,3,0,,,strict_backbone
资江军,0,3,0,0,,,context_only
渡长荡湖/坚持斗争,0,1,0,0,,,context_only
黄桥抗战,0,8,2,1,,,strict_backbone
大川事件,0,3,2,0,,,strict_backbone
六·二六反叛事件,0,3,0,0,,,context_only
共革盟叛乱,0,4,2,0,,,strict_backbone
滇东县抗日同盟会成立,1,5,3,1,,,strict_backbone
中国工农红军完成二万五千里长征,0,2,0,0,,,context_only
四·二六事件,0,6,2,1,,,strict_backbone
清匪反霸、减租退押、镇压反革命,0,0,0,0,,,isolated
双减反霸斗争,0,1,1,0,,,strict_backbone
伪军起义,2,3,2,0,,,strict_backbone
四次肃反,0,1,0,0,,,context_only
松潘战役计划,1,6,1,0,,,strict_backbone
三一八反帝运动,0,1,0,0,,,context_only
中英勘界事件,1,2,2,0,,,strict_backbone
世界反对帝国主义战争委员会远东抗战大会,1,1,1,0,,,strict_backbone
1936年西征,0,2,2,0,,,strict_backbone
惩办豪绅地主,1,2,1,0,,,strict_backbone
雄峙下战斗与古龙岗战斗,0,3,3,0,,,strict_backbone
夏征工作/剿匪肃特,0,0,0,0,,,isolated
反三征抗铲斗争,0,2,2,0,,,strict_backbone
反饥饿运动,0,11,7,0,,,strict_backbone
城工部部长会议,0,3,2,0,,,strict_backbone
新田县农民协会成立,0,2,2,0,,,strict_backbone
争取民主自由,0,3,1,0,,,strict_backbone
功山战斗,0,3,0,0,,,context_only
郊区农民抗议消费税料税,0,3,1,0,,,strict_backbone
姜北游击大队,0,3,1,0,,,strict_backbone
冷水铺政治干部会议,0,2,0,0,,,context_only
六项紧急措施,0,3,0,0,,,context_only
劝工大楼血案,5,6,6,0,,,strict_backbone
仁怀战役,0,6,1,2,,,strict_backbone
占领山顶,0,3,0,0,,,context_only
平定夏斗寅叛乱,3,3,3,0,,,strict_backbone
共青团组织发展,0,3,1,1,,,strict_backbone
南京兵暴,2,5,5,0,,,strict_backbone
打土豪运动,0,6,5,1,,,strict_backbone
斗蓬冲战斗阻击,0,1,1,0,,,strict_backbone
平价米事件,0,1,0,0,,,context_only
奇袭九华,0,2,2,0,,,strict_backbone
南腰界苏维埃政权建立,1,4,4,0,,,strict_backbone
师宗亮口子战斗,0,2,2,0,,,strict_backbone
南京城下游击战争,0,2,2,0,,,strict_backbone
赣东之战,0,2,2,0,,,strict_backbone
临江群众大会,1,3,2,0,,,strict_backbone
捣毁敌巢,0,3,0,0,,,context_only
布置铁路工作与同盟罢工,0,2,0,0,,,context_only
留守斗争,0,18,10,0,,,strict_backbone
湖南土地问题解决,0,5,2,0,,,strict_backbone
围歼孙绍武决策,0,1,0,0,,,context_only
皖南残匪肃清行动,0,3,0,0,,,context_only
板格河战斗,0,3,0,0,,,context_only
粉碎刘湘六路围攻作战,0,3,3,0,,,strict_backbone
湘南剿匪,0,2,2,0,,,strict_backbone
知行读书会,1,5,2,1,,,strict_backbone
决定武装斗争,0,1,0,0,,,context_only
昆明学生运动,2,35,15,1,,,strict_backbone
上海青年反帝大同盟,1,2,2,0,,,strict_backbone
黑耳场战斗,0,6,2,0,,,strict_backbone
雪洞街口战斗,0,5,2,1,,,strict_backbone
滇黔桂边区根据地创建活动,0,2,2,0,,,strict_backbone
抗日救亡/地下革命,0,1,1,0,,,strict_backbone
粉碎两次围剿,0,4,2,1,,,strict_backbone
北伐军入赣,0,2,2,0,,,strict_backbone
第一次学生运动(罢考运动),0,2,2,0,,,strict_backbone
井冈山的斗争,0,3,0,0,,,context_only
黄桥战役,3,88,41,1,,,strict_backbone
参军动员大会/阶级教育,0,4,1,0,,,strict_backbone
邱北郭家寨战斗,0,2,2,0,,,strict_backbone
护商斗争,0,2,2,0,,,strict_backbone
反扫荡工作,0,4,3,0,,,strict_backbone
暴动农民,0,1,0,0,,,context_only
辽宁县警卫连,1,3,3,0,,,strict_backbone
会泽解放区,0,3,0,0,,,context_only
樟树镇渡河行动,0,6,3,0,,,strict_backbone
盐阜区反扫荡斗争,0,6,3,0,,,strict_backbone
桐委,0,3,0,1,,,context_only
大庾整军,0,2,2,0,,,strict_backbone
骚动工作,0,3,3,0,,,strict_backbone
组织读书会,0,3,1,0,,,strict_backbone
教师思想改造学习,2,5,2,0,,,strict_backbone
候补党员转为正式党员,0,3,0,0,,,context_only
剿匪反霸大会,0,3,0,0,,,context_only
瑞金县的王田战斗,0,1,0,0,,,context_only
新四军解围战斗,0,3,0,0,,,context_only
《大道理》印刷所创建,1,1,1,0,,,strict_backbone
拒毒运动,4,8,4,1,,,strict_backbone
迁都武汉,2,6,2,1,,,strict_backbone
苏北渡江支前司令部,0,3,0,0,,,context_only
中国左翼戏剧家联盟,0,3,1,1,,,strict_backbone
统一指挥与打破地方主义,0,1,0,0,,,context_only
民工支援前线,0,3,1,0,,,strict_backbone
湖南芷江事务长任命,0,1,0,0,,,context_only
水烟烟丝厂工运,0,1,1,0,,,strict_backbone
醴陵之役,0,4,0,0,,,context_only
宜都饥民斗争,0,6,2,0,,,strict_backbone
歼灭蒋军92旅战斗,0,6,3,1,,,strict_backbone
保五旅起义,0,1,0,0,,,context_only
亳县工人斗争,0,1,0,0,,,context_only
红军突围战斗,0,9,0,0,,,context_only
北碚特支成立,0,5,2,0,,,strict_backbone
党的组织领导下的革命斗争,0,2,0,0,,,context_only
黄平各族人民解放事业,0,1,0,0,,,context_only
民主改革补课,0,3,0,0,,,context_only
恩施高干会,0,3,0,0,,,context_only
智擒郝四麻子,0,3,2,0,,,strict_backbone
鄂豫皖肃反,0,3,0,0,,,context_only
妇女解放,0,4,1,0,,,strict_backbone
议论建军性质/打仗问题,0,1,0,0,,,context_only
剿匪行动,9,343,109,5,1927-08-01,1950-02-28,strict_backbone
井冈山根据地建设,0,10,1,0,,,strict_backbone
重庆地下党组织破坏事件,0,8,1,0,,,strict_backbone
二野五兵团行军路线,1,3,1,0,,,strict_backbone
蔡家区委成立,0,5,2,1,,,strict_backbone
土地坡暴动,7,26,11,1,,,strict_backbone
突破江防天险长江,0,2,2,0,,,strict_backbone
湘南农民起义,2,6,4,0,,,strict_backbone
出击赣北,1,12,2,0,,,strict_backbone
儿童团站岗,0,2,1,0,,,strict_backbone
劝降阴谋,0,2,0,0,,,context_only
南昌近郊农民斗争,0,2,2,0,,,strict_backbone
黔北起义,0,3,0,0,,,context_only
狱中创作活动,0,4,0,0,,,context_only
反日同盟罢工,0,3,1,1,,,strict_backbone
九旅,0,3,0,0,,,context_only
蔚南女中书籍供应社,1,2,1,0,,,strict_backbone
刘泽光县保安队,0,3,0,0,,,context_only
进剿朱家山云雾山合围战役,0,1,1,0,,,strict_backbone
解放全中国,0,5,0,0,,,context_only
反帝运动,1,19,9,1,1949-01-01,1949-12-31,strict_backbone
占领道州城,0,3,0,0,,,context_only
歼灭共军战斗,0,2,2,0,,,strict_backbone
彭县长镇压事件,0,3,3,1,,,strict_backbone
押送俘虏,0,1,0,0,,,context_only
河头战斗,0,1,0,0,,,context_only
《大别山》壁报,0,1,0,0,,,context_only
江西保安团黎澄清部,0,1,1,0,,,strict_backbone
野雉山伏击战,0,2,2,0,,,strict_backbone
盐坨斗争,0,2,2,0,,,strict_backbone
工人罢工运动,0,8,5,2,1949-01-01,1949-12-31,strict_backbone
弋阳五区农民运动,1,4,4,1,1925-01-01,1925-12-31,strict_backbone
贪污挪用/查处/判处死刑,0,4,0,0,,,context_only
五卅周年纪念活动,0,1,1,0,,,strict_backbone
溪畈战斗冲锋,0,3,2,0,,,strict_backbone
台、桥事件,0,1,1,0,,,strict_backbone
道县事件,0,3,1,0,,,strict_backbone
祁阳解放,0,5,0,0,,,context_only
溧阳突围,0,4,2,0,,,strict_backbone
湘潭青年工人运动,0,2,0,0,,,context_only
洪滩战斗,0,2,0,0,,,context_only
七三一惨案,0,4,1,1,,,strict_backbone
解放房县/竹山县/竹溪县,0,0,0,0,,,isolated
粤汉工潮,1,4,2,0,,,strict_backbone
风阳战斗,1,4,4,0,,,strict_backbone
碉堡攻占战役,0,2,2,0,,,strict_backbone
抗日救亡宣传/动员参军,0,2,2,0,,,strict_backbone
中共四川省委成立,0,8,0,0,,,context_only
纪念八一三保卫武汉扩大宣传,0,8,0,0,,,context_only
普冲地区战斗,0,1,0,0,,,context_only
攻打郎岱县城,0,7,1,0,,,strict_backbone
镇远歌咏队,0,5,2,0,,,strict_backbone
反饥饿、争温饱斗争,0,6,2,0,,,strict_backbone
赶走苏绍昌事件,0,3,0,1,,,context_only
含冤致死/平反昭雪,0,3,1,0,,,strict_backbone
太湖野狼队,0,2,0,0,,,context_only
桃源全县农工大会,0,4,0,0,,,context_only
召开群众大会教唱歌曲,0,5,3,1,,,strict_backbone
松杉教,0,7,2,0,,,strict_backbone
汪学鼎部,0,3,0,0,,,context_only
湘西工农革命军成立,0,5,3,1,,,strict_backbone
中央军事训练班,0,5,3,0,,,strict_backbone
武昌起义,2,42,29,0,,,strict_backbone
盐业工人罢工斗争,1,2,2,0,,,strict_backbone
红二十八军长征,0,5,0,0,,,context_only
反对汽车路苛捐与秋收斗争准备,0,2,2,0,,,strict_backbone
六一武装起义,1,6,2,1,,,strict_backbone
围攻武冈,0,3,1,0,,,strict_backbone
赣县农协成立大会,0,1,0,0,,,context_only
1927年湖南农民运动考察,0,3,0,0,,,context_only
红三军北上行动,0,3,1,1,,,strict_backbone
桂溪春雷,0,1,0,0,,,context_only
成都学生游行,0,8,2,0,,,strict_backbone
第三种人斗争,0,2,2,1,1949-01-01,1949-12-31,strict_backbone
坚持斗争信心,0,1,0,0,,,context_only
3·31惨案,0,10,1,0,,,strict_backbone
破路运动,0,2,2,2,1940-01-01,1940-12-31,strict_backbone
开展群众运动,0,2,0,0,,,context_only
南腰界中央分县会议,0,1,0,0,,,context_only
红军攻打县城事件,0,5,0,0,,,context_only
军政检讨会议,1,2,2,0,,,strict_backbone
小命区斗争,0,1,1,0,,,strict_backbone
铜湾惨案,0,2,2,0,,,strict_backbone
徐州退却,0,3,0,0,,,context_only
农翻,0,3,1,0,,,strict_backbone
赣西南暴动,0,2,2,1,1927-01-01,1927-12-31,strict_backbone
小秦家团结反顽会议,0,3,0,0,,,context_only
南乡暴动,1,13,10,0,,,strict_backbone
四勤指示,0,3,1,0,,,strict_backbone
黔东党员训练班,0,4,2,0,,,strict_backbone
反土劣斗争,0,3,1,0,,,strict_backbone
土复运动,0,5,1,0,,,strict_backbone
反美蒋爱国正义斗争,1,4,2,0,,,strict_backbone
袭击区公所,0,3,0,1,,,context_only
独木村战斗,0,3,1,0,,,strict_backbone
湘鄂赣边区抗日救亡活动,0,1,1,0,,,strict_backbone
双山群众运动,0,2,0,0,,,context_only
巧避钱家塘,0,1,1,0,,,strict_backbone
红四十九师三克兴山县城,0,3,1,1,,,strict_backbone
回民渡江突击队,0,4,0,0,,,context_only
抗用杂票,0,2,0,0,,,context_only
分会成立大会,0,1,0,0,,,context_only
土改分房,0,2,0,0,,,context_only
敬日事变,1,14,2,1,,,strict_backbone
民主革命同盟,0,2,0,0,,,context_only
攻克衡阳,0,1,1,0,,,strict_backbone
工警夜校恢复教学活动,0,5,3,1,,,strict_backbone
农讲所学习,0,5,2,0,,,strict_backbone
民站建设,0,3,1,0,,,strict_backbone
新四军军分会会议,0,2,0,0,,,context_only
赣南反围剿作战,0,1,0,0,,,context_only
马鞍山阻击战,0,3,0,0,,,context_only
临时解决办法十二条,0,4,4,0,,,strict_backbone
联晚,0,5,2,0,,,strict_backbone
回顾重庆解放前斗争历程,0,5,0,0,,,context_only
七二谕案,2,4,4,0,,,strict_backbone
古城之战,0,3,3,0,,,strict_backbone
宣威两面两重政权形式,0,3,0,0,,,context_only
收缴公私枪支,0,3,1,0,,,strict_backbone
丝绸工人运动,0,1,0,0,,,context_only
《抗战日报》,0,17,0,0,,,context_only
支前立功运动,0,3,0,0,,,context_only
何家湾战斗,1,11,2,1,,,strict_backbone
徐海蚌武装暴动,0,3,0,0,,,context_only
坦白自首大会,0,1,0,0,,,context_only
体格检查运动,0,5,3,0,,,strict_backbone
政治罢工、同盟罢工,0,0,0,0,,,isolated
入党事件,0,1,0,0,,,context_only
桑圩伏击战,0,3,1,0,,,strict_backbone
当阳解放,0,2,0,0,,,context_only
宝山独立游击中队,0,11,0,0,,,context_only
土改典型试验,0,5,3,1,,,strict_backbone
黄口暴动筹备,0,2,1,0,,,strict_backbone
全国各界救国联合会成立大会,1,6,1,1,,,strict_backbone
川军堵击,0,3,0,0,,,context_only
红三军司令部驻扎,0,3,3,0,,,strict_backbone
三次追歼战,0,5,3,1,,,strict_backbone
罢工游行组织,0,1,0,0,,,context_only
匪徒流窜与合围,0,1,0,0,,,context_only
麻城农民赤卫队斗争,0,2,2,0,,,strict_backbone
会理战斗,0,3,0,0,,,context_only
中共嘉鱼县委员会和人民政府成立,0,2,0,0,,,context_only
湘农民会合,0,3,0,0,,,context_only
冬储水利/积肥,0,1,0,0,,,context_only
公开信事件,0,1,0,0,,,context_only
支前行动,0,3,1,1,,,strict_backbone
斗争果实,0,2,0,0,,,context_only
一厢乡减租斗争,0,2,2,1,1940-01-01,1940-12-31,strict_backbone
智脱鬼子包围,0,2,1,0,,,strict_backbone
1949年解放川东战役,0,2,2,0,,,strict_backbone
巴布凉山战役,0,3,3,0,,,strict_backbone
上海第三次工人武装起义,0,2,2,0,,,strict_backbone
突破第四道封锁线渡过湘江,0,5,0,0,,,context_only
欢迎杨沧白返校,0,4,1,0,,,strict_backbone
阻击追敌,1,4,2,0,,,strict_backbone
救助红军伤员事件,0,3,0,0,,,context_only
黑白文艺社,0,2,0,0,,,context_only
人力车工人运动,0,1,1,0,,,strict_backbone
安顺专区各县解放,0,4,0,0,,,context_only
三反五反运动,3,27,14,1,,,strict_backbone
抗捐、抗粮、抗债斗争,0,0,0,0,,,isolated
南京自由运动大同盟,0,2,2,0,,,strict_backbone
平冈山惨案,0,3,0,0,,,context_only
江南挺进队,0,3,0,0,,,context_only
苏中苏北淮南淮北四解放区,0,1,0,0,,,context_only
黔北战地服务团,0,3,0,0,,,context_only
粉碎国民党军进剿,0,3,0,0,,,context_only
根据地建设,2,26,5,0,,,strict_backbone
两郧县团会议,0,5,2,1,1949-10-30,1949-10-30,strict_backbone
北碚学运特支,0,5,2,0,,,strict_backbone
横渡长江/实行军事管制,0,1,0,0,,,context_only
川滇黔边区武装斗争,0,3,0,0,,,context_only
政治理论学习输送医务人员,0,4,2,0,,,strict_backbone
王家墩据点,0,3,0,0,,,context_only
省党代会,0,4,3,0,,,strict_backbone
西山和可邑战斗,0,4,1,0,,,strict_backbone
三、三一惨案后转移,0,3,1,0,,,strict_backbone
湘西地区斗争,0,2,2,0,,,strict_backbone
枝柏坪会议,0,3,0,0,,,context_only
苏中自卫战总结,0,2,0,0,,,context_only
赣南特委扩大会议,0,9,0,0,,,context_only
联防防务部署,0,3,2,0,,,strict_backbone
石羊孙战斗,0,2,0,0,,,context_only
木格塔山会合,0,3,0,0,,,context_only
扩充新兵,2,3,2,0,,,strict_backbone
船工小组,0,3,0,0,,,context_only
台江县城解放,0,1,0,0,,,context_only
岳北农民代表大会,0,1,0,0,,,context_only
青溪区人民政府成立,0,5,0,0,,,context_only
东韶战斗,1,7,7,0,,,strict_backbone
青年读书会→革命小组,0,2,0,0,,,context_only
反蒋统一战线,3,17,10,0,,,strict_backbone
三路红军游击队过江行动,0,3,0,0,,,context_only
新兴版画运动,1,5,2,0,,,strict_backbone
灵璧防卫司令部,0,1,0,0,,,context_only
升钟起义,0,2,2,0,,,strict_backbone
扬武镇战斗,0,1,1,0,,,strict_backbone
伏击战/打击还乡团,0,1,0,0,,,context_only
湘军中央军追剿序列,0,3,3,0,,,strict_backbone
湾沚战斗,0,6,3,1,,,strict_backbone
湖南农民支持,0,1,0,0,,,context_only
课程改革,0,3,0,0,,,context_only
溧阳警卫团组建,0,3,0,0,,,context_only
延安电台广播,0,1,0,0,,,context_only
工厂民主改革与镇反,0,3,0,0,,,context_only
和平解放锦屏谈判,0,2,0,0,,,context_only
镇压恶霸赵四帮,0,6,2,1,,,strict_backbone
北伐军进驻县城,0,3,3,0,,,strict_backbone
陇海东段战斗,0,3,0,0,,,context_only
任家坝会议,0,1,1,0,,,strict_backbone
龙陵县常备队,0,2,0,0,,,context_only
打贾梗,0,2,2,0,,,strict_backbone
游击队突围与脱逃,0,6,0,0,,,context_only
匪众围攻旧州,0,1,0,0,,,context_only
中共蚌埠二委党委会议,0,2,0,0,,,context_only
南撤行动,1,1,1,0,,,strict_backbone
南京救国会抗议,0,1,0,0,,,context_only
麻江县大队,0,3,0,0,,,context_only
夺机枪/堵枪眼牺牲,0,2,0,0,,,context_only
《解放》,0,1,0,0,,,context_only
渡海作战解放六横桃花,0,2,2,0,,,strict_backbone
西高庙暴动,0,1,1,0,,,strict_backbone
日军撤出赣南,0,3,0,0,,,context_only
《黄山报》创刊,1,3,2,0,,,strict_backbone
抗粮封、斗争,0,1,0,0,,,context_only
夜袭海公祠,0,2,2,0,,,strict_backbone
汉口租界人力车行老板加租事件,0,1,1,0,,,strict_backbone
宜黄守望队,0,3,1,0,,,strict_backbone
德安农军,1,2,1,0,,,strict_backbone
西孙庄夜战,0,2,2,0,,,strict_backbone
税收政策调整,0,1,0,0,,,context_only
批判军阀与宣传革命,0,2,0,0,,,context_only
占领石阡县城,0,2,0,0,,,context_only
崆峒岛海战,1,3,2,0,,,strict_backbone
群众掩护子弟兵,0,4,1,1,,,strict_backbone
补习学园,0,6,1,0,,,strict_backbone
渡江战役纪念章,0,3,0,0,,,context_only
战争,0,1,0,0,,,context_only
桂码乡还乡团战斗,2,6,4,1,,,strict_backbone
诉苦大会,0,12,2,0,,,strict_backbone
买湾战斗追击与打扫战场,0,2,2,0,,,strict_backbone
贫雇农小组,0,6,1,0,,,strict_backbone
大小圭山及糯、衣战斗,0,1,0,0,,,context_only
迎解放运动,0,3,1,0,,,strict_backbone
五四运动在淮阴的影响,0,3,0,0,,,context_only
沭河大队,0,1,0,0,,,context_only
贾兴兰部,0,3,0,0,,,context_only
清江工农运动,0,6,4,1,,,strict_backbone
蚌埠接收,0,7,3,0,,,strict_backbone
依靠群众发动群众,0,2,2,0,,,strict_backbone
各界人民代表会,0,3,0,0,,,context_only
邝旅起义,0,3,0,0,,,context_only
国统区情报搜集行动,0,2,2,1,1949-01-01,1949-12-31,strict_backbone
劳动就业登记干部教育,0,3,0,0,,,context_only
干联会,0,3,0,0,,,context_only
西南联大时期学生爱国民主运动,0,1,0,0,,,context_only
红军反三路围攻斗争,0,3,0,1,,,context_only
武汉斗争形势,0,3,0,0,,,context_only
崇安农民起义,0,3,0,0,,,context_only
衢州战役,0,2,2,0,,,strict_backbone
金坑暴动,0,2,1,0,,,strict_backbone
师宗独立大队进攻县城,0,2,0,0,,,context_only
八年抗日战争,0,3,0,0,,,context_only
刘邓大军11纵,0,3,1,1,,,strict_backbone
打土豪劣绅运动,0,6,2,0,,,strict_backbone
农运活动,0,3,1,1,,,strict_backbone
重庆工人运动领导小组,1,5,2,0,,,strict_backbone
金银山茅栗坪战斗,0,1,0,0,,,context_only
四·一二反革命政变,1,73,20,0,,,strict_backbone
红二军团改编会议,0,6,0,0,,,context_only
解放丹寨日期,0,1,0,0,,,context_only
上海纱厂大罢工,0,2,0,1,1923-01-01,1923-12-31,context_only
苏维埃人员情况,0,1,0,0,,,context_only
攻打油麻国,0,2,2,0,,,strict_backbone
简师学潮,0,5,0,0,,,context_only
阳夏战役,0,1,0,0,,,context_only
洪泽湖水上战斗,0,3,3,0,,,strict_backbone
雷山合围,1,22,6,1,,,strict_backbone
前卫奔袭,0,3,1,0,,,strict_backbone
四川省委成立,0,3,1,0,,,strict_backbone
梧凤乡暴动,0,1,0,0,,,context_only
庆祝中华人民共和国成立,0,2,0,0,,,context_only
武汉时报,0,3,0,0,,,context_only
祝廖事件,0,6,1,0,,,strict_backbone
国民党第二次全国代表大会,3,5,3,0,,,strict_backbone
入党宣誓,0,35,11,2,,,strict_backbone
夜袭芦家庙,1,3,1,0,,,strict_backbone
蔡江铁矿罢工,0,2,0,0,,,context_only
构筑工事拦截突围之敌,0,1,0,0,,,context_only
武汉解放斗争,0,2,2,0,,,strict_backbone
西山起义,2,35,24,2,1949-01-01,1949-12-31,strict_backbone
芜湖各界抗敌后援会,0,4,4,0,,,strict_backbone
湘南特别运动,1,3,2,0,,,strict_backbone
精简机构时慎重对待民主党派成员和民主人士,1,3,1,0,,,strict_backbone
建立大众情报网,0,1,1,0,,,strict_backbone
五星红旗升起,0,6,1,0,,,strict_backbone
反对毕业会考斗争,0,2,2,0,,,strict_backbone
争取和平反对内战斗争,0,6,0,0,,,context_only
黔城战斗,0,3,1,0,,,strict_backbone
黄池战斗,0,3,1,0,,,strict_backbone
西孙庄战斗,0,3,1,1,,,strict_backbone
祭山树会议,0,3,0,0,,,context_only
川西会战,0,3,1,0,,,strict_backbone
反仓斗争,0,3,3,0,,,strict_backbone
木黄会议,1,3,2,0,,,strict_backbone
渡江动员歌,0,3,1,0,,,strict_backbone
五卅反帝斗争,0,2,2,0,,,strict_backbone
大明厂党支部成立,1,3,3,0,,,strict_backbone
谈判结果,0,1,0,0,,,context_only
湘阴县运输工会成立,0,3,0,0,,,context_only
海上大练兵,1,2,2,0,,,strict_backbone
武胜县武装斗争,0,1,0,0,,,context_only
转转会,0,7,2,0,,,strict_backbone
汉宜公路瓦庙集战斗,0,2,2,0,,,strict_backbone
信江革命,0,3,0,0,,,context_only
高虎脑战斗,0,10,6,0,,,strict_backbone
反英运动,0,2,0,0,,,context_only
接管县机关,0,5,1,0,,,strict_backbone
游击队成立与活动,0,3,2,0,,,strict_backbone
抗日救国运动,4,43,21,5,,,strict_backbone
大明厂工人运动,0,2,2,0,,,strict_backbone
安源大捷,0,2,2,0,,,strict_backbone
湘鄂联军,0,6,6,0,,,strict_backbone
镇压汉奸密探、巩固奸工作,0,6,4,0,,,strict_backbone
‘拒收金元券’行动,0,2,0,0,,,context_only
江苏省委军委会议,0,2,0,0,,,context_only
红二、六軍團,0,2,0,0,,,context_only
战斗部署,0,9,5,0,,,strict_backbone
创办东南报,0,5,0,0,,,context_only
遵义县枫香坝事件,0,2,2,0,,,strict_backbone
开展游击战争,2,3,3,0,,,strict_backbone
枣集战斗,0,2,0,0,,,context_only
筹建地下收音站,0,2,1,0,,,strict_backbone
建立大别山解放区,0,3,0,0,,,context_only
赫章县各族各界人民代表会议,0,3,0,0,,,context_only
江西学运,0,3,0,0,,,context_only
一六三旅,0,3,0,0,,,context_only
秘密谈判/五点建议,0,1,0,0,,,context_only
粤中阳江战役,0,2,0,0,,,context_only
送药探监/狱中斗争,0,1,0,0,,,context_only
派系斗争,0,1,0,0,,,context_only
湘阴县农民协会成立,0,2,0,0,,,context_only
盘县剿匪,1,2,2,0,,,strict_backbone
打国民党税兵行动,0,3,1,0,,,strict_backbone
反清乡军政攻势,0,5,0,0,,,context_only
县城解放后秩序维持,1,1,1,0,,,strict_backbone
温圳解放,0,3,0,0,,,context_only
红军开仓事件,0,6,0,1,,,context_only
綦江县国民党改组,0,17,15,0,,,strict_backbone
青年讲座,0,1,0,0,,,context_only
中共中央临时政治局扩大会议,0,2,2,0,,,strict_backbone
游干班宣传/创办书店,0,2,1,0,,,strict_backbone
江阴要塞起义,3,3,3,0,,,strict_backbone
汪先杀被害事件,1,1,1,0,,,strict_backbone
农运高潮,0,3,0,0,,,context_only
伏击吴先贵特工队,0,4,2,0,,,strict_backbone
武汉妇女群众庆祝‘三八’国际妇女节,1,3,1,1,,,strict_backbone
借宿躲藏与教课劳动,0,2,0,0,,,context_only
水塔保卫战,0,1,0,0,,,context_only
抗日民族统一战线政策,0,12,0,0,,,context_only
同仁消费合作社,0,7,1,0,,,strict_backbone
失业军官请训团,1,3,1,0,,,strict_backbone
会师整编,0,1,0,0,,,context_only
保武装斗争,0,1,1,0,,,strict_backbone
巴中县早期农民运动,0,5,1,0,,,strict_backbone
缴枪行动,0,13,3,0,,,strict_backbone
张大电战,0,3,1,0,,,strict_backbone
水南农民暴动,2,4,4,0,,,strict_backbone
边纵三支队武装斗争,0,3,0,0,,,context_only
华中敌后抗日斗争,0,2,0,0,,,context_only
庆祝农会成立,0,1,0,0,,,context_only
扩大红军突击运动,0,9,2,0,,,strict_backbone
为解放锦屏牺牲,0,1,0,0,,,context_only
邦洞反革命谋杀事件,0,3,1,0,,,strict_backbone
丰石边区游击大队,0,6,0,1,,,context_only
湖南反革命行动,0,2,2,0,,,strict_backbone
嘉兴地区剿匪运动,0,5,2,0,1949-01-01,1949-12-31,strict_backbone
武工宣传,0,3,2,0,,,strict_backbone
四·一游行,0,6,2,0,,,strict_backbone
武汉和平解放,0,3,0,0,,,context_only
五减租,0,1,0,0,,,context_only
乌箐阻击战,0,3,0,0,,,context_only
迎接大军南下,0,8,3,1,,,strict_backbone
百团大战,0,3,0,0,,,context_only
武汉抗暴运动,0,2,0,0,,,context_only
构成铁壁与袭取驻剿,0,3,0,0,,,context_only
民先事件,0,5,3,0,,,strict_backbone
大罢工,0,4,4,0,,,strict_backbone
儿童救亡工作团,0,3,0,0,,,context_only
毕节抗日救亡运动,2,5,4,0,,,strict_backbone
突破封锁线/统战,0,1,0,0,,,context_only
湖南国民党叛变事件,0,1,0,0,,,context_only
孙中山追悼大会,0,3,2,0,,,strict_backbone
工人互助会,0,3,1,0,,,strict_backbone
小马房山战斗,0,2,2,0,,,strict_backbone
搜山擒匪首,0,3,2,0,,,strict_backbone
掰包谷行动,0,2,2,0,,,strict_backbone
建立浮梁地委,0,2,2,0,,,strict_backbone
南京光复,0,3,3,0,,,strict_backbone
赫尔利协定,0,3,0,0,,,context_only
七·一五运动,0,2,0,0,,,context_only
娄山关战斗,1,21,12,0,,,strict_backbone
捐献寒衣支援铜矿公路建设,0,3,2,0,1950-01-01,1950-12-31,strict_backbone
木黄战斗,2,5,5,0,,,strict_backbone
保管公家物资,0,4,2,0,,,strict_backbone
崇福山战斗,0,2,0,0,,,context_only
《新路东》报创刊,0,7,4,2,,,strict_backbone
反日救国示威大会,0,1,0,0,,,context_only
拒绝特殊照顾,0,3,1,0,,,strict_backbone
整训,1,6,3,0,,,strict_backbone
士兵运动与兵变,0,8,0,0,,,context_only
武汉学潮,2,8,7,0,,,strict_backbone
农民银行,0,2,1,0,,,strict_backbone
苏皖解放区军民,0,1,0,0,,,context_only
弋阳城战斗,0,1,0,0,,,context_only
枣阳琚家湾战斗,0,1,0,0,,,context_only
剑川、丽江地震救灾,0,0,0,0,,,isolated
拼凑反共武装划分驻防,0,2,2,0,,,strict_backbone
四川懋功地区会师,0,4,0,0,,,context_only
隐蔽活动与交通联络,0,2,2,0,,,strict_backbone
三台解放,0,2,2,0,,,strict_backbone
乐安游击小组,0,5,0,0,,,context_only
武装整建与破获特务案,0,6,0,0,,,context_only
中国向何处去的战略抉择,0,5,2,0,,,strict_backbone
减租减息条例,0,2,0,0,,,context_only
省立二中义勇军大队,0,5,2,0,,,strict_backbone
黎川战役部署,0,2,2,0,,,strict_backbone
南下解放贵州行动,0,2,2,0,,,strict_backbone
停办女师案,1,3,1,0,,,strict_backbone
龙王集战斗,0,2,2,0,,,strict_backbone
黄石地下党组织斗争,1,5,3,1,,,strict_backbone
抗大女生大队成立典礼,0,2,2,0,,,strict_backbone
华容洞庭区苏维埃警卫大队,0,3,0,0,,,context_only
攻占台江县城,0,5,0,0,,,context_only
武汉讨蒋大会,0,2,2,0,,,strict_backbone
锄奸反特工作,0,3,3,0,,,strict_backbone
台沙坝战斗,1,2,2,0,,,strict_backbone
奔袭广顺战斗,0,1,1,0,,,strict_backbone
反富农斗争,0,6,4,1,,,strict_backbone
崇德乡农民起义,0,5,0,0,,,context_only
护厂任务,0,1,0,0,,,context_only
湘潭东二区新市重要暴动工作,0,1,1,0,,,strict_backbone
党员轮训,0,1,1,0,,,strict_backbone
红二、六军团创建革命根据地斗争,0,1,0,0,,,context_only
初期剿匪斗争失利,0,3,0,0,,,context_only
攸县支前工作,0,3,1,0,,,strict_backbone
土地调工运动,0,1,0,0,,,context_only
武汉地区军政人员联谊会,2,9,4,0,,,strict_backbone
抗捐税斗争,0,8,3,0,,,strict_backbone
广播大会,0,2,1,0,,,strict_backbone
减税减息运动,0,3,0,0,,,context_only
江淮区党委扩大会议,1,3,1,0,,,strict_backbone
工人第一次代表大会,0,1,0,0,,,context_only
塘湾坝子集会,0,2,2,0,,,strict_backbone
川东临委财经小组转移事件,0,2,2,0,,,strict_backbone
赣州惨案,1,19,3,0,,,strict_backbone
各族各界人民代表会议,0,2,0,0,,,context_only
贯彻“七一”指示,0,3,2,0,,,strict_backbone
秘密工作条件下的教育方式,0,3,0,0,,,context_only
撤销处分证明,0,5,1,0,,,strict_backbone
血吸虫病防治运动,0,5,4,1,1950-01-01,1950-12-31,strict_backbone
周家町交通站,0,3,1,0,,,strict_backbone
进剿注意事项,0,1,0,0,,,context_only
抗丁运动,0,7,3,1,,,strict_backbone
栗子乡解放行动,0,2,2,0,,,strict_backbone
均谷边地区革命活动,1,3,1,0,,,strict_backbone
白色恐怖逮捕,0,2,0,0,,,context_only
支援衡宝战役,0,1,0,0,,,context_only
云南人民自卫,0,1,0,0,,,context_only
西华乡自卫中队袭击事件,0,3,0,0,,,context_only
搜剿战术,0,4,0,0,,,context_only
分田,0,8,2,0,,,strict_backbone
毕节苏维埃政权,0,3,1,0,,,strict_backbone
平江暴动,2,21,15,3,1928-07-22,1928-07-22,strict_backbone
刀会组织,0,7,1,0,,,strict_backbone
驾机起义,2,5,3,0,1948-01-01,1948-12-31,strict_backbone
解放赣南,0,2,2,0,,,strict_backbone
武工队建设,0,3,3,0,,,strict_backbone
垫江县人民政府成立,0,16,2,0,,,strict_backbone
粮草征集站,0,3,1,1,,,strict_backbone
春耕生产十大政策,0,3,0,0,,,context_only
芜湖保安团投诚事件,0,2,2,0,1949-01-01,1949-12-31,strict_backbone
水上运粮,1,9,5,0,,,strict_backbone
反开除运动,0,5,2,1,,,strict_backbone
小先生,0,2,0,0,,,context_only
挺进大别山,0,13,0,0,,,context_only
淮海战役资料丛书,0,1,0,0,,,context_only
讨贼战役,0,3,2,0,,,strict_backbone
撤离南腰界挺进湘西,0,2,2,0,,,strict_backbone
云阳南溪镇袭击行动,3,8,4,1,,,strict_backbone
游击队查证落实与补发证明书,0,1,1,0,,,strict_backbone
飞机场关押事件,0,2,0,0,,,context_only
老虎山战斗,0,3,3,0,,,strict_backbone
刘邓大军南下行动,0,5,2,1,1947-01-01,1947-12-31,strict_backbone
小塘子农民武装,0,3,2,0,,,strict_backbone
永安纱厂罢工,0,6,4,1,,,strict_backbone
龙岗大捷,1,6,6,0,,,strict_backbone
扩军工作,0,8,4,1,,,strict_backbone
南京纪念大会,0,1,0,0,,,context_only
减租退押/划分阶级,0,0,0,0,,,isolated
三师学潮,1,8,5,0,,,strict_backbone
上海罢工工人,0,5,2,0,,,strict_backbone
义卖献金运动,0,3,0,0,,,context_only
丹寨县解放,2,36,13,0,1949-01-01,1949-12-31,strict_backbone
收缴武器行动,1,16,4,2,1949-01-01,1949-12-31,strict_backbone
安排食宿动员武器支援建军,0,2,2,0,,,strict_backbone
定远妇女工作,0,2,0,0,,,context_only
初战木黄,0,3,3,0,,,strict_backbone
花村小学创办活动,0,2,2,0,,,strict_backbone
特殊战斗总结,0,3,0,0,,,context_only
德阳丸案,2,23,15,0,,,strict_backbone
扩军动员,0,2,0,0,,,context_only
左翼美术家联盟,0,6,1,1,,,strict_backbone
围困大坝场,0,2,0,0,,,context_only
革命宣传与教学,0,3,1,0,,,strict_backbone
乡中队,0,3,0,0,,,context_only
彝良牛街一带工作,0,3,0,0,,,context_only
桂阳城攻防战,0,2,2,0,,,strict_backbone
成都接管工作,1,11,2,1,,,strict_backbone
江西各地武装暴动,0,6,1,0,,,strict_backbone
抗日民族统一战线工作,0,8,1,1,,,strict_backbone
攻克惠州,0,2,2,0,,,strict_backbone
津蔡区特支,1,8,2,0,,,strict_backbone
反汪大会,0,5,3,0,,,strict_backbone
江津兵士起义,0,6,1,0,,,strict_backbone
攻打洞子,0,2,0,0,,,context_only
强派保护捐,0,3,0,0,,,context_only
谢三庄战斗,0,3,3,0,,,strict_backbone
竹山庄苏维埃政府成立,0,3,0,0,,,context_only
六届七中全会,0,5,0,0,,,context_only
政治战士制度,0,3,0,0,,,context_only
抗敌救亡歌咏团,0,3,0,0,,,context_only
天目山反顽战役,1,12,9,1,1940-01-01,1940-12-31,strict_backbone
讨伐豪霸,0,3,1,0,,,strict_backbone
统战工作/翻印书籍,1,1,1,0,,,strict_backbone
经费与人才问题,0,2,0,0,,,context_only
寻乌社会调查,0,3,0,0,,,context_only
四·一血案,0,3,1,0,,,strict_backbone
华南分局扩大会议,2,6,2,0,,,strict_backbone
泰州秘密县委成立,0,3,1,0,,,strict_backbone
篮球队,0,1,0,0,,,context_only
新竹警卫连,0,3,0,0,,,context_only
解放大军进入川西平原,0,3,0,1,,,context_only
反美、反内战、反饥饿运动,0,1,0,0,,,context_only
驱杨延罗运动,0,2,2,0,,,strict_backbone
参军参干高潮,0,3,1,0,,,strict_backbone
挖井/铺草鞋/背米/以身作则,0,5,0,0,,,context_only
尖山血战,0,1,0,0,,,context_only
红军扩编运动,0,6,0,1,,,context_only
舟山战役,3,27,8,0,,,strict_backbone
女工农妇代表会议,0,4,2,1,,,strict_backbone
石岑剿匪合围战,0,2,2,0,,,strict_backbone
第一次庐山会议,0,2,0,0,,,context_only
潜北游击大队,0,1,0,0,,,context_only
建立农民联合会,0,2,1,0,,,strict_backbone
湘中纠察总队,0,4,2,0,,,strict_backbone
民运工作团,1,7,2,0,,,strict_backbone
南京阅兵,3,5,3,0,,,strict_backbone
叶贺南昌起义,0,1,1,0,,,strict_backbone
人民武装干部会议,0,1,0,0,,,context_only
毛泽东赴重庆,0,3,0,0,,,context_only
组织洪潮社,0,3,1,0,,,strict_backbone
二女师学潮,0,4,4,0,,,strict_backbone
郧阳县第一届农民代表大会,0,3,0,0,,,context_only
松桃起义,1,2,2,0,,,strict_backbone
沉弹药箱防破坏,0,2,0,0,,,context_only
两兰敌伪边区开辟工作,0,2,2,0,,,strict_backbone
反苏行动,0,4,1,0,,,strict_backbone
红二军团行动,0,5,0,0,,,context_only
武冈解放/庆功大会,0,2,2,0,,,strict_backbone
两湖农民运动,1,6,6,3,1924-01-01,1927-12-31,strict_backbone
洱源武装起义,0,3,2,0,,,strict_backbone
缅怀战友,0,2,0,0,,,context_only
三人军事指挥小组,0,9,0,0,,,context_only
哀牢山地区群众工作,0,3,1,0,,,strict_backbone
龙洞沟遭遇战,0,5,5,0,,,strict_backbone
三套锣鼓一齐打,0,3,0,0,,,context_only
突破包围圈与运动战建议,0,4,0,0,,,context_only
密谈会研究武装斗争,0,2,0,0,,,context_only
五月剧社,0,14,0,1,,,context_only
云南农村武装斗争,0,5,0,0,,,context_only
湖南人民解放突击总队第四大队,0,1,0,0,,,context_only
五支游击大队,0,2,0,0,,,context_only
舞街铺战斗,1,21,11,1,,,strict_backbone
西渡金沙江,0,6,3,0,,,strict_backbone
助学运动,12,70,29,2,,,strict_backbone
镇组织机构编制与旧人员录用,0,1,0,0,,,context_only
领导权斗争,0,4,1,0,,,strict_backbone
威信县战斗,0,5,2,1,,,strict_backbone
宜昌救亡运动,0,2,2,0,,,strict_backbone
川东固军坝起义,0,3,3,0,,,strict_backbone
西山坪战役,2,3,3,0,,,strict_backbone
湘西地区工作开展,0,6,2,1,,,strict_backbone
铜仁松桃江口剿匪,0,2,1,0,,,strict_backbone
包围攻城,0,3,1,0,,,strict_backbone
华南游击队北撤与隐蔽,0,4,3,0,,,strict_backbone
南昌学生运动,2,14,5,1,,,strict_backbone
南昌暴动准备,0,3,1,0,,,strict_backbone
分区党委会议,0,3,0,0,,,context_only
特务夜捕学生与校长交涉营救,0,4,0,0,,,context_only
武汉工人总同盟罢工,2,13,4,1,,,strict_backbone
批判“左”倾军事路线,0,2,1,0,,,strict_backbone
耿马起义,0,2,1,0,,,strict_backbone
学联罢课斗争,0,6,2,1,,,strict_backbone
罢课事件,0,5,2,0,,,strict_backbone
寻找革命真谛,0,2,2,0,,,strict_backbone
学生义勇军,0,2,0,0,,,context_only
干部理论灌输,0,2,0,0,,,context_only
皖北解放区,0,8,2,1,,,strict_backbone
款庄整训,0,2,0,0,,,context_only
淮海战役后渡江准备,0,3,1,0,,,strict_backbone
袁家湾战斗,0,2,2,0,,,strict_backbone
党员训练班,5,43,14,0,,,strict_backbone
乐安县第一次党员代表大会,0,1,0,0,,,context_only
领导干部名单续,0,1,0,0,,,context_only
洪泽湖围剿,0,3,0,0,,,context_only
皖东北特支成立,0,2,2,0,,,strict_backbone
第一批土地改革,2,3,2,1,,,strict_backbone
井冈山进军,0,3,3,0,,,strict_backbone
宋家乡战斗,0,1,0,0,,,context_only
武工队爆炸战,0,2,2,0,,,strict_backbone
武汉大会,0,5,3,0,,,strict_backbone
抗战时期言论自由讨论,0,3,0,0,,,context_only
抗租抗税,0,2,1,0,,,strict_backbone
蛟尾血战与总结经验,0,3,0,0,,,context_only
天心圩整军,0,2,1,0,,,strict_backbone
街头宣传,0,4,3,0,,,strict_backbone
地方暴动,0,7,4,1,,,strict_backbone
筹款/收集军用品,0,1,1,0,,,strict_backbone
涡南工作,2,12,3,0,,,strict_backbone
大革命时期斗争,0,2,0,0,,,context_only
南京市人民警察总队,0,5,0,1,,,context_only
抗日战争胜利后党的工作方针传达,0,1,0,0,,,context_only
攻击石屏县城,1,1,1,0,,,strict_backbone
会师/反围剿,0,4,4,0,,,strict_backbone
惠来乡反蒋武装起义,0,4,3,1,1948-12-01,1948-12-31,strict_backbone
醴陵起义,0,3,0,0,,,context_only
赣东镇匪路政所诉责,0,2,2,0,,,strict_backbone
妇抗组织,0,5,0,0,,,context_only
天长县军政干部训练班,1,6,1,1,,,strict_backbone
奇袭顽南坪区中队战斗,0,6,4,1,,,strict_backbone
岩寺集中行动,0,5,1,0,,,strict_backbone
泸西县学运史,0,2,2,0,,,strict_backbone
内线反攻,0,1,1,0,,,strict_backbone
白石山战斗,3,3,3,0,,,strict_backbone
应县城收复,0,3,3,0,,,strict_backbone
蚌北运动防御战,0,1,0,0,,,context_only
弥泸地区武装斗争,0,3,0,0,,,context_only
水城和平解放,2,7,2,0,,,strict_backbone
烈山煤矿工人罢工,2,3,3,0,,,strict_backbone
重庆各界宪政座谈会,1,2,2,0,,,strict_backbone
武汉城防图获取与送递,0,1,0,0,,,context_only
击溃汉阳籍工人暴动,0,3,3,0,,,strict_backbone
反共清剿与五户连坐,0,6,1,0,,,strict_backbone
乡政权接管与旧职人员留任,0,4,1,1,,,strict_backbone
运动成果,0,1,0,0,,,context_only
盘龙桥战斗,0,2,0,0,,,context_only
文化学习/革命建设需要,0,1,0,0,,,context_only
苏罗事件,0,2,2,0,,,strict_backbone
新旅,0,7,1,1,,,strict_backbone
学生抗日救国团,0,6,0,0,,,context_only
鄂东解放区,0,3,0,0,,,context_only
宜城县委成立,0,3,0,0,,,context_only
红六军团突围行动,0,2,0,0,,,context_only
赤石大屠杀,1,25,21,0,,,strict_backbone
发展党的组织,0,3,0,0,,,context_only
广州公社,0,3,0,0,,,context_only
护送脱险,0,1,0,0,,,context_only
反蒋同盟会,0,2,2,0,,,strict_backbone
昭通地区革命斗争,0,3,0,1,,,context_only
江岸大罢工,3,6,6,0,,,strict_backbone
二五减租政策,0,19,1,0,,,strict_backbone
黔南乡自卫队,0,3,0,1,,,context_only
丁林战役,0,2,0,0,,,context_only
搜捕进剿,0,6,4,0,,,strict_backbone
抢修浮桥,1,8,4,0,,,strict_backbone
湘潭斗争,0,1,1,0,,,strict_backbone
佛房会议,1,14,3,0,,,strict_backbone
进城接管学习,0,1,0,0,,,context_only
反清乡斗争/敌伪扫荡,0,0,0,0,,,isolated
合法斗争与武装斗争,0,3,0,0,,,context_only
襄西抗日斗争,0,3,0,0,,,context_only
包围上包座,0,2,0,0,,,context_only
中南军区高干会议,0,3,0,1,,,context_only
扎西集结/战略调整,0,2,1,0,,,strict_backbone
党代表会议,0,3,0,0,,,context_only
参军革命,0,2,0,0,,,context_only
集中行动,0,4,0,0,,,context_only
青工部,0,5,0,0,,,context_only
成都市人民政府成立,0,1,0,0,,,context_only
庆祝苏州解放大会与游行,0,1,0,0,,,context_only
六届六中全会,1,22,12,0,,,strict_backbone
革命生涯/献遗体,0,1,0,0,,,context_only
金沙江抢渡行动,0,3,3,0,,,strict_backbone
重庆护厂斗争,0,2,2,0,,,strict_backbone
保护司令部过境,1,3,1,0,,,strict_backbone
组织绍兴学生革新社与农村宣传,0,3,1,0,,,strict_backbone
田草冲遭遇战,0,2,2,0,,,strict_backbone
剿匪救群众,0,2,2,0,,,strict_backbone
沙洲游击大队改编事件,0,5,5,0,,,strict_backbone
阜阳地区抗日动员工作,0,3,0,0,,,context_only
护法战争,1,9,4,0,,,strict_backbone
龙海山武装斗争,0,3,0,0,,,context_only
苏南敌后农村经济斗争,0,3,1,1,,,strict_backbone
泾县樵山第二次会师,0,2,2,0,,,strict_backbone
毕节地区党史资料征集研究小组,0,6,0,0,,,context_only
重庆政协会议,0,6,0,0,,,context_only
自救运动,0,4,1,0,,,strict_backbone
长征纪略路线,0,6,1,0,,,strict_backbone
红二、六军团长征行动,0,1,0,0,,,context_only
峨眉小学教育普及促进会,0,2,2,0,,,strict_backbone
万安农民武装暴动,0,2,2,0,,,strict_backbone
中共徐海蚌特委第一次成立,0,4,0,0,,,context_only
驿前保卫战,0,2,0,0,,,context_only
护乡独立团建立,0,2,2,0,,,strict_backbone
反“清剿”斗争,0,5,2,0,,,strict_backbone
茶陵学生联合会,0,2,2,0,,,strict_backbone
黄梅农运与攻城计划,0,1,0,0,,,context_only
人民代表会议,0,1,0,0,,,context_only
武昌兵变,0,2,2,0,,,strict_backbone
大别山区三年游击战争,0,3,0,0,,,context_only
文艺大众化运动,0,3,1,0,,,strict_backbone
三·一事件,0,9,3,0,,,strict_backbone
伏击偷袭之敌,0,1,1,0,,,strict_backbone
姐妹会,2,6,2,0,,,strict_backbone
整顿组织/转移生产,0,1,1,0,,,strict_backbone
东山游击中队,0,5,2,0,,,strict_backbone
四一烈士追悼大会,1,9,4,1,,,strict_backbone
大刹伪警察,0,3,3,0,,,strict_backbone
第四路军围剿,0,1,0,0,,,context_only
庆功表模大会,0,2,2,0,,,strict_backbone
康安县农教会成立,0,2,0,0,,,context_only
新文化促进会,0,3,0,1,,,context_only
五一总罢市示威,0,3,0,0,,,context_only
罢课请愿,0,1,1,0,,,strict_backbone
个旧矿山罢工斗争,0,2,2,0,,,strict_backbone
挺进大别山,0,1,0,0,,,context_only
华中游击战争,0,1,0,0,,,context_only
考察衡山农运/镇反运动,0,2,1,0,,,strict_backbone
争论兵力使用通道会议提出西进贵州,2,7,2,1,,,strict_backbone
敌军投诚,0,3,1,0,,,strict_backbone
请愿斗争/游行示威,0,0,0,0,,,isolated
北门战斗,0,5,1,1,,,strict_backbone
镇远合围战斗,0,4,0,0,,,context_only
抗日救亡斗争,0,2,2,0,,,strict_backbone
宝应城解放,0,1,1,0,,,strict_backbone
接管南京工作,0,3,0,0,,,context_only
‘蜀光校友分队’,0,2,0,0,,,context_only
黄平解放,2,17,7,1,1949-11-01,1949-11-30,strict_backbone
抗租减租斗争,0,3,0,0,,,context_only
绝食斗争,2,43,21,1,1937-01-01,1937-12-31,strict_backbone
解放广南战斗,0,3,3,0,,,strict_backbone
青年团工作,0,1,0,0,,,context_only
安源路矿罢工,2,11,8,1,,,strict_backbone
茅台战斗,0,3,3,0,,,strict_backbone
茨河农民运动,0,2,2,0,,,strict_backbone
反对日本帝国主义占领华北,0,3,0,0,,,context_only
中共中央南方局会议,0,2,2,0,,,strict_backbone
罗平县游击大队,1,5,5,0,,,strict_backbone
反“清乡”斗争准备,0,3,0,0,,,context_only
滇桂黔边区罗盘区警卫大队,0,6,0,1,,,context_only
全国救亡联合会,1,5,2,0,,,strict_backbone
五联会,0,3,0,0,,,context_only
狱中保释尝试,0,2,0,0,,,context_only
打垮维持会,0,2,2,0,,,strict_backbone
蒙自机场战斗结束与跟踪追击,0,1,0,0,,,context_only
王涌波牺牲,0,3,0,0,,,context_only
乐安人民革命斗争大事记,0,3,1,0,,,strict_backbone
抗战宣传工作,0,6,1,0,,,strict_backbone
歌咏训练班,0,3,0,0,,,context_only
敌全面清剿,0,1,0,0,,,context_only
反帝募捐,0,3,0,1,,,context_only
会议讲话,0,1,0,0,,,context_only
上海工人第二次武装起义,0,15,13,0,,,strict_backbone
奉新县斗争,0,2,2,0,,,strict_backbone
全国学联大会,0,1,0,0,,,context_only
毫厘归分制废除,0,3,0,0,,,context_only
榆树岭战斗,1,8,3,1,,,strict_backbone
保障侧翼阻击任务,0,3,3,0,,,strict_backbone
改编地方武装,0,3,3,0,,,strict_backbone
游击战战术总结,0,3,1,0,,,strict_backbone
青龙山战斗,1,1,1,0,,,strict_backbone
淮安保卫战,0,6,1,1,,,strict_backbone
革命活动区域分布,0,3,0,0,,,context_only
南北干部会师,0,3,1,0,,,strict_backbone
汉口-武昌轮渡,0,3,1,0,,,strict_backbone
集会高潮/军警镇压/商店关门,0,1,0,0,,,context_only
征粮剿匪工作,0,3,1,0,,,strict_backbone
土匪掠夺,0,4,0,0,,,context_only
安立地方兵团第二大队,0,9,3,1,,,strict_backbone
反对本本主义,0,2,0,0,,,context_only
突破四道封锁线湘江战役阻击掩护,0,7,0,0,,,context_only
工农暴动队,0,3,0,0,,,context_only
西山剿匪行动,0,6,2,0,,,strict_backbone
青沪惨案湖南雪耻会,0,7,2,1,,,strict_backbone
雪洞战斗,0,16,8,1,,,strict_backbone
保护档案资料,0,3,0,0,,,context_only
鸡鸣三省水田寨战斗,0,1,0,0,,,context_only
杨家门战斗,0,15,9,0,,,strict_backbone
白云庵宣誓事件,0,2,2,0,,,strict_backbone
争红票斗争,0,3,0,0,,,context_only
第一次国内革命战争时期,0,5,0,0,,,context_only
赣南三年游击战争,0,5,3,0,,,strict_backbone
南昌起义军攻占瑞金,0,2,2,1,1927-09-01,1927-09-30,strict_backbone
东山佛寺坳战斗,0,2,0,0,,,context_only
女生大队,0,6,0,0,,,context_only
徐州农民运动,1,7,3,0,,,strict_backbone
北伐,6,51,31,4,1926-07-01,1926-07-31,strict_backbone
攻打黄穆柏,0,3,1,0,,,strict_backbone
组织演讲会,0,4,2,1,,,strict_backbone
民训队,0,4,2,0,,,strict_backbone
中共贵州省工作委员会成立,0,6,0,0,,,context_only
1932年起义,0,6,1,1,,,strict_backbone
綦江地区群众运动,0,1,0,0,,,context_only
官元山会议,0,1,1,0,,,strict_backbone
打土豪分财物运动,0,4,4,1,1935-01-01,1935-12-31,strict_backbone
中华平民教育促进会,0,3,0,0,,,context_only
董庙战斗,0,5,2,0,,,strict_backbone
法电罢工,0,2,2,0,,,strict_backbone
农业合作化,0,11,2,1,,,strict_backbone
整党建党计划,0,3,0,0,,,context_only
保卫大西南运动,0,1,0,0,,,context_only
思想方法进步,0,1,0,0,,,context_only
废除保甲制度,0,15,7,1,,,strict_backbone
三保运动,0,2,0,0,,,context_only
攻打南丰城,0,5,5,0,,,strict_backbone
水口战斗,0,2,0,0,,,context_only
红军抗日斗争,0,3,2,0,,,strict_backbone
应对国民党军事教官监视与处理职业学生,0,5,0,1,,,context_only
邵伯保卫战,1,17,3,0,,,strict_backbone
黔东反共救国军暴动,0,4,4,1,,,strict_backbone
毛主席到重庆谈判,0,3,0,0,,,context_only
斗笠山战斗,0,5,3,0,,,strict_backbone
建政工作,2,5,2,0,,,strict_backbone
反对烟税和苛捐杂税斗争,1,5,3,0,,,strict_backbone
鲁番战斗,1,8,4,0,,,strict_backbone
农民受剥削,0,8,1,1,,,strict_backbone
抗日救亡行动,0,2,2,0,,,strict_backbone
红七军行军路线,0,6,5,0,,,strict_backbone
城新区接管工作,0,3,1,0,,,strict_backbone
建立根据地早期斗争,1,2,1,0,,,strict_backbone
会议录簿/调查表,0,1,0,0,,,context_only
中原突围到南漳,0,5,3,1,,,strict_backbone
“二五减租”法令,0,7,0,0,,,context_only
南通县暴动,0,3,0,1,,,context_only
到民间去宣传,0,3,1,0,,,strict_backbone
春荒暴动,1,10,5,1,,,strict_backbone
湘鄂西中央分局会议,0,11,1,2,,,strict_backbone
苏中四分区反清乡斗争,2,19,3,1,,,strict_backbone
重庆朝天门事件,0,1,0,0,,,context_only
毛泽东寻乌调查,0,3,0,0,,,context_only
四届人大,0,2,2,0,,,strict_backbone
羊角岩战斗,0,2,2,0,,,strict_backbone
川滇黔边区游击战,0,3,3,0,,,strict_backbone
杨柳坑突围,0,5,0,0,,,context_only
工人斗争,0,19,8,0,,,strict_backbone
重振整风运动,0,2,2,0,,,strict_backbone
摆金战斗,0,3,3,0,,,strict_backbone
增援合肥,0,3,3,0,,,strict_backbone
中共地下党省临委会议,0,3,1,1,,,strict_backbone
中共中央会议,0,3,1,0,,,strict_backbone
湖北省第三次代表大会,2,6,2,1,,,strict_backbone
收复城市工作指示,0,2,0,0,,,context_only
赤色区域建设,0,3,1,0,,,strict_backbone
卫岗伏击,0,6,4,1,,,strict_backbone
发布《十大约法》与保护寺庙,0,1,0,0,,,context_only
会巧边区游击大队,0,10,0,0,,,context_only
"""艳""电",0,6,2,0,,,strict_backbone
阜阳地区支援淮海战役,0,3,1,0,,,strict_backbone
茨河暴动,2,7,7,0,,,strict_backbone
重庆兵工厂武器被盗谣言,0,3,0,0,,,context_only
'七君子'事件,2,10,10,0,,,strict_backbone
石矸岑巩镇远合围战,0,3,3,0,,,strict_backbone
妇女支前/地雷战,0,0,0,0,,,isolated
果马游击大队,1,16,6,0,,,strict_backbone
征粮行动,0,1,1,0,,,strict_backbone
通货场农暴,0,1,1,0,,,strict_backbone
观音寺战斗,0,1,0,0,,,context_only
峨山起义,1,4,4,0,,,strict_backbone
郎岱游击武装,0,2,2,0,,,strict_backbone
人民自卫大队,0,14,3,0,,,strict_backbone
雷公山合围胜利,0,1,0,0,,,context_only
驿前失陷,0,3,3,0,,,strict_backbone
国民党湖南省党部第二次全省代表大会,0,3,1,0,,,strict_backbone
五龙地下斗争,0,2,2,0,,,strict_backbone
冷家湾暴动,0,3,2,0,,,strict_backbone
五州反帝运动,0,2,2,0,,,strict_backbone
韩包梁战斗,0,2,0,0,,,context_only
反对国民党甄别、考试斗争,0,1,1,0,,,strict_backbone
边沿区阶级斗争,0,1,0,0,,,context_only
文工团,0,6,3,0,,,strict_backbone
车佛南武工团,0,6,0,1,,,context_only
三三制政权建设,0,1,0,0,,,context_only
邵阳/武冈解放,0,0,0,0,,,isolated
学生斗争,0,20,4,0,,,strict_backbone
《正世报》复刊事件,0,4,4,0,1948-08-01,1948-08-31,strict_backbone
郝渠区队,0,2,0,0,,,context_only
重庆反饥饿、反内战、反迫害群众运动,0,1,0,0,,,context_only
改造丰都同志会,2,18,4,1,,,strict_backbone
南昌起义/鄂豫皖工作,0,1,1,0,,,strict_backbone
物价飞涨下劳动建校,1,3,2,0,,,strict_backbone
成立抗暴联,0,5,0,0,,,context_only
关岭县长任事,0,3,1,0,,,strict_backbone
长江和平解放,0,1,0,0,,,context_only
琼崖新青年社,1,1,1,0,,,strict_backbone
红军第五次围剿,0,3,0,0,,,context_only
送粮送茶运动,0,1,1,0,,,strict_backbone
改编集训,0,3,0,0,,,context_only
争取改造绿林武装,0,3,2,0,,,strict_backbone
鸭池河强渡行动,0,5,2,0,,,strict_backbone
县党部遭破坏,0,3,0,0,,,context_only
《改造报》,0,12,0,0,,,context_only
金绍云土匪,0,4,3,0,,,strict_backbone
盐阜县抗日民主政府成立,0,5,2,0,,,strict_backbone
双灰山战斗总攻,0,4,0,0,,,context_only
快活岭战斗,0,3,3,0,,,strict_backbone
桥梁建设,0,1,0,0,,,context_only
突破敌军封锁线,0,6,0,0,,,context_only
南华宣传团,1,2,2,0,,,strict_backbone
辽宁金县鲁家屯村战役,1,1,1,0,,,strict_backbone
创造革命地域,0,3,1,0,,,strict_backbone
雪洞战斗、雪凉合围,0,0,0,0,,,isolated
四·一惨案,0,16,6,0,,,strict_backbone
反对不公正校长任命斗争,0,1,1,0,,,strict_backbone
抗匪除霸,0,1,1,0,,,strict_backbone
钟山乡人民武装斗争,1,2,2,1,1948-01-01,1948-12-31,strict_backbone
欢迎大会与考察工人运动,0,3,0,0,,,context_only
塔耳门枪决事件,0,2,0,0,,,context_only
妇女工作运动,0,5,2,1,,,strict_backbone
新民主主义革命矛盾分析,0,3,0,0,,,context_only
黎平会议决定,1,3,3,0,,,strict_backbone
敌后服务团,0,7,0,0,,,context_only
王岗起义,0,1,0,0,,,context_only
建立敌工部,0,2,2,0,,,strict_backbone
枪决匪首,0,1,0,0,,,context_only
罗田革命斗争,0,1,1,0,,,strict_backbone
倪圩子突围战,0,2,2,0,,,strict_backbone
枫香溪会议,7,47,13,0,,,strict_backbone
土地查报,0,3,1,2,,,strict_backbone
脱险与枪杀敌兵,0,2,0,0,,,context_only
榜罗镇会议,0,1,0,0,,,context_only
东征讨蒋,0,5,1,0,,,strict_backbone
梨树坳战斗,1,4,4,0,,,strict_backbone
莫浪石洞之战,0,3,2,0,,,strict_backbone
银元交易管理,0,1,0,0,,,context_only
驱逐赵恒惕运动,1,4,4,3,1926-01-01,1926-12-31,strict_backbone
金溪战役,0,1,1,0,,,strict_backbone
夜袭临涣,0,3,0,0,,,context_only
文娱晚会,0,6,2,0,,,strict_backbone
整顿政治工作中的三风问题,1,1,1,0,,,strict_backbone
濠城奔袭战,0,1,0,0,,,context_only
月亮田狙击战,3,5,3,1,,,strict_backbone
分社处理,0,3,1,0,,,strict_backbone
抗日青年救国团活动,0,2,1,0,,,strict_backbone
耿马之敌进攻沧源,0,2,2,0,,,strict_backbone
淮南币发行,0,2,2,0,,,strict_backbone
革命活动,9,46,24,0,,,strict_backbone
芳溪暴动,0,2,2,0,,,strict_backbone
强渡乌寨猫跳河索桥,0,2,2,0,,,strict_backbone
下川东暴动,1,5,5,0,,,strict_backbone
活捉杨鸿宾事件,0,2,2,0,,,strict_backbone
以则河战斗,3,7,3,1,,,strict_backbone
霞溪乡自卫队,0,9,2,0,,,strict_backbone
剿匪海防工作,0,3,0,0,,,context_only
侵华日军在淮阴种植种,0,3,0,0,,,context_only
常宁民先队,0,2,0,0,,,context_only
邦洞合围,0,1,0,0,,,context_only
书写革命标语,1,3,1,0,,,strict_backbone
城市斗争,0,1,0,0,,,context_only
枪支收缴,0,3,0,0,,,context_only
宜都惨案,4,23,15,0,,,strict_backbone
皖南的行动,0,1,0,0,,,context_only
驱车运动,1,5,3,0,,,strict_backbone
三街暴动,4,19,9,1,,,strict_backbone
组织报告,0,1,0,0,,,context_only
雷山剿匪行动,0,4,4,0,,,strict_backbone
海口洲地方自卫队,0,6,0,0,,,context_only
赣南工农土地革命,0,2,2,0,,,strict_backbone
被围期间艰苦生活,0,3,1,0,,,strict_backbone
合川地方党,0,4,0,0,,,context_only
跋涉千里越省捉匪,0,2,1,0,,,strict_backbone
剑河县各界人民代表会议,0,1,0,0,,,context_only
解放淮安,0,3,0,0,,,context_only
"停止内战,一致抗日",1,2,1,0,,,strict_backbone
东坝战役,0,3,0,1,,,context_only
反内战反饥饿斗争,1,4,2,0,,,strict_backbone
反银元斗争,0,4,1,0,,,strict_backbone
查山会议,0,2,0,0,,,context_only
六一惨案,0,28,0,0,,,context_only
扑城行动,0,3,2,0,,,strict_backbone
陈营街战斗,0,4,4,0,,,strict_backbone
整风学习,6,48,11,1,,,strict_backbone
打鼓坪战斗,0,7,5,0,,,strict_backbone
金竹农民暴动,0,1,0,0,,,context_only
查尼皮秋收武装起义,0,2,2,0,,,strict_backbone
红羊会议,0,1,1,0,,,strict_backbone
青抗先,0,6,2,0,,,strict_backbone
奉大坚起义,0,2,2,0,,,strict_backbone
六一晚会,0,12,2,0,,,strict_backbone
印刷传单/张贴标语,0,0,0,0,,,isolated
渭沱纺纱合作社,0,2,2,0,,,strict_backbone
绥靖七大队与鄂南策反,0,2,2,0,,,strict_backbone
揭露国民党破坏停战命令,0,3,0,0,,,context_only
夜袭临涣集战斗,0,5,3,1,,,strict_backbone
夜袭三江坝胜利庆功大会,0,2,2,0,,,strict_backbone
毛泽东考察巨大反响,0,3,2,0,,,strict_backbone
湖南土地革命运动,0,5,2,0,,,strict_backbone
荷、桥程家战斗,0,1,1,0,,,strict_backbone
赫章县第一次妇女代表大会,0,3,0,0,,,context_only
世界观改造运动,0,1,1,0,,,strict_backbone
土地革命,0,1,0,0,,,context_only
升级并社,1,3,1,0,,,strict_backbone
南京暴动,3,22,12,1,,,strict_backbone
锦屏叛乱,0,1,1,0,,,strict_backbone
抗战救亡运动,0,2,1,0,,,strict_backbone
黎平会议,16,232,35,1,,,strict_backbone
大荒拉城战斗,0,2,2,0,,,strict_backbone
蒙自妇女协会成立,0,3,0,0,,,context_only
圭山彝族歌舞团,0,3,1,0,,,strict_backbone
徐溶照苏维埃,1,5,3,0,,,strict_backbone
武装斗争指示,0,5,2,0,1947-03-01,1947-03-31,strict_backbone
智取电话台,0,6,0,0,,,context_only
人民币推广,1,7,2,0,,,strict_backbone
黄甲坊战斗,0,6,3,0,,,strict_backbone
两浦铁路工人运动,0,5,1,1,,,strict_backbone
代表大会预备会议,0,1,0,0,,,context_only
苏区人民斗争,0,1,0,0,,,context_only
党史资料审稿定稿,0,1,1,0,,,strict_backbone
敌后封锁与反封锁,0,3,0,0,,,context_only
万县惨案后援会,0,1,0,0,,,context_only
许颖贤起义,0,3,0,0,,,context_only
万源固军坝起义,1,14,13,0,,,strict_backbone
寒假活动与调查农工状况,0,1,0,0,,,context_only
反会剿作战,0,3,1,0,,,strict_backbone
一二八淞沪抗战儿童工作,0,3,3,0,,,strict_backbone
征粮工作会议,0,3,1,1,,,strict_backbone
五月紧急指示,0,1,0,0,,,context_only
蒋村保卫战,0,2,2,0,,,strict_backbone
干部改造,0,1,0,0,,,context_only
沾益九龙山阻击战,0,2,0,0,,,context_only
合川十二洞桥战斗,0,1,0,0,,,context_only
武汉解放前夕,0,7,0,0,,,context_only
阿依村战斗,0,2,2,0,,,strict_backbone
荆当战役,0,5,5,0,1949-01-01,1949-01-31,strict_backbone
护送干部北撤,1,2,2,0,,,strict_backbone
延福暴动,1,6,3,0,,,strict_backbone
贵溪周坊起义,0,1,1,0,,,strict_backbone
兵士运动,0,4,2,0,,,strict_backbone
散发传单《出路在哪里》,0,2,0,0,,,context_only
成都地下党会师大会,0,3,2,0,,,strict_backbone
江汉独立旅,0,4,0,0,,,context_only
燕子口战斗,0,6,0,1,,,context_only
上当河战斗,0,3,0,0,,,context_only
支援物资运输,0,3,0,0,,,context_only
孙中山遗赠会,0,2,2,0,,,strict_backbone
暴动人员认定,0,1,0,0,,,context_only
昆明罢联会,0,1,0,0,,,context_only
华姜山武装起义,0,4,4,0,,,strict_backbone
军管会工作步骤,0,3,1,0,,,strict_backbone
革命歌曲创作,0,2,0,0,,,context_only
官陡门战斗,0,5,1,0,,,strict_backbone
‘反内战、反饥饿’运动,1,1,1,0,,,strict_backbone
建立海防团/控制沿海,0,7,5,0,,,strict_backbone
金沙江流域堵截战,0,6,2,1,,,strict_backbone
湖北五峰清潭沟碉堡攻坚战,0,3,0,0,,,context_only
成渝公路运输线,0,3,0,0,,,context_only
火炬示威游行,0,1,0,0,,,context_only
整训练兵运动,1,4,4,0,,,strict_backbone
打鼓新场战斗,0,7,2,0,,,strict_backbone
妇女代表会,0,3,1,0,,,strict_backbone
打洋行斗争,0,5,3,0,,,strict_backbone
江华县抗日救亡会,1,2,2,0,,,strict_backbone
小海、观音山战斗,0,0,0,0,,,isolated
袭击俞坞孟部,1,5,3,0,,,strict_backbone
徐州工人罢工,0,2,0,0,,,context_only
扣压面粉事件,1,3,1,1,,,strict_backbone
会战日期,0,1,0,0,,,context_only
第三次执委会会议,0,2,0,0,,,context_only
智取杨老圩,1,3,2,0,,,strict_backbone
红三军入川,1,4,2,0,,,strict_backbone
石桥岭战斗,0,2,0,0,,,context_only
'民协',0,4,1,0,,,strict_backbone
荆沙特支,0,1,0,0,,,context_only
四明特办,0,3,1,1,,,strict_backbone
委休县人民政府成立,0,2,0,0,,,context_only
淝河口参观团,0,2,2,0,,,strict_backbone
三地委扩大会,0,1,0,0,,,context_only
黔大毕根据地斗争,0,3,0,0,,,context_only
安顺反蒋斗争,0,1,1,0,,,strict_backbone
民兵编组,0,4,0,0,,,context_only
上海接管,0,2,2,0,,,strict_backbone
车佛南民工团,0,2,2,0,,,strict_backbone
萧县学生运动,0,4,0,0,,,context_only
打游击,1,8,1,0,,,strict_backbone
民盟三中全会,1,6,3,0,,,strict_backbone
合理负担运动,0,5,3,1,1950-01-01,1950-01-31,strict_backbone
过草地与救护伤员,0,3,1,0,,,strict_backbone
远当战役,0,3,1,0,,,strict_backbone
淮北根据地保卫战,0,6,3,1,,,strict_backbone
罢教运动,0,5,2,1,,,strict_backbone
斗争形势手稿,0,2,0,0,,,context_only
四·九农民暴动,0,1,0,0,,,context_only
曹老集战斗,0,5,2,0,,,strict_backbone
营溪战役,0,2,2,0,,,strict_backbone
刘秀文事件,0,1,0,0,,,context_only
三八妇女节工作,0,3,0,0,,,context_only
重庆敖特,0,5,0,0,,,context_only
伏击战方案,0,3,0,0,,,context_only
协助剿匪/调任地方工作,0,2,2,0,,,strict_backbone
东坝伏击战,0,2,2,0,,,strict_backbone
土庞村战斗,0,2,0,0,,,context_only
溧阳地区开辟工作,0,3,0,0,,,context_only
八·一三武装起义,0,2,0,0,,,context_only
暴动技术训练,0,3,0,0,,,context_only
东路反“清乡”,0,2,0,0,,,context_only
霞溪乡自卫大队,0,8,2,0,,,strict_backbone
非宗教同盟,0,3,1,0,,,strict_backbone
《挺进报》传送任务,0,2,0,0,,,context_only
房县根据地建设,0,1,1,0,,,strict_backbone
唐王驿会议,0,3,2,0,,,strict_backbone
汉口学生应变联合会,0,3,1,0,,,strict_backbone
上海印刷工会成立,0,3,0,0,,,context_only
南方局青委工作,1,3,1,0,,,strict_backbone
临武水东战斗,0,3,0,0,,,context_only
五反运动追赃,0,3,2,1,,,strict_backbone
共军南下占领江北土地,0,3,1,1,,,strict_backbone
成立河西分委,1,3,1,0,,,strict_backbone
客头会议,2,5,4,0,,,strict_backbone
湘鄂赣边境委,0,5,0,0,,,context_only
龙凤山战斗,0,8,1,0,,,strict_backbone
突围与徐明牺牲,0,5,1,0,,,strict_backbone
抒发草地行军豪情,0,2,0,0,,,context_only
苏区创建,0,4,4,0,,,strict_backbone
青年挺进队,0,2,0,0,,,context_only
迎接大军解放,0,1,0,0,,,context_only
红军长征相关战斗,0,3,0,0,,,context_only
评公会,1,9,1,0,,,strict_backbone
江口解放战役,0,3,0,0,,,context_only
旬白战役,0,3,0,0,,,context_only
统一对敌斗争与利用敌对关系,0,3,0,0,,,context_only
河南杞县武装起义,1,2,2,0,,,strict_backbone
幽然社,1,3,1,0,,,strict_backbone
杨柳街战斗,0,3,1,1,,,strict_backbone
募捐赈济运动,1,6,1,1,,,strict_backbone
谷陇大寨坡战斗,0,2,0,0,,,context_only
改善民主革命运动,0,1,0,0,,,context_only
水口山铅锌矿工人罢工,0,7,7,0,,,strict_backbone
反对国民党特务统治斗争,0,6,0,0,,,context_only
反美扶日斗争,0,12,4,1,,,strict_backbone
湘南暴动,21,133,72,1,1928-01-01,1928-12-31,strict_backbone
瞿旅起义,0,5,0,0,,,context_only
第一届人民代表大会,0,3,1,0,,,strict_backbone
蚌埠西北阻击战,0,8,3,1,,,strict_backbone
花红坪营盘山战斗,0,1,0,0,,,context_only
泸西城子村干训班,0,3,0,0,,,context_only
窝德山泥吉一仗,0,3,0,0,,,context_only
四川工农红军第三路游击队成立,0,8,0,0,,,context_only
草埔围剿,0,1,0,0,,,context_only
整风学习大会,0,4,0,0,,,context_only
抗日民主救国运动,0,3,0,0,,,context_only
边胞支队攻克松桃起义,0,3,1,0,,,strict_backbone
老鸡场战斗,0,2,2,0,,,strict_backbone
农协武装,0,3,0,0,,,context_only
怠工斗争,0,6,3,0,,,strict_backbone
五·二〇惨案,1,14,5,0,,,strict_backbone
中国妇女慰劳自卫抗战将士总会合川分会,2,3,2,0,,,strict_backbone
挺进师行动,0,2,2,0,,,strict_backbone
远安保安队,0,3,0,1,,,context_only
金轮峰大捷,0,1,1,0,,,strict_backbone
衡北暴动,0,11,6,0,,,strict_backbone
竹山坑农民暴动,0,3,0,0,,,context_only
长庆会议,0,3,2,0,,,strict_backbone
王桥子战斗,0,3,0,0,,,context_only
乐安攻城战斗,1,1,1,0,,,strict_backbone
贵阳地区第一届各族各界代表会议,1,1,1,0,,,strict_backbone
内防工作,2,5,3,0,,,strict_backbone
建立进出口货物检查网,0,2,2,0,,,strict_backbone
进步书刊发行,0,3,0,0,,,context_only
谦六改编,0,3,1,0,,,strict_backbone
轮训队第八期,0,3,0,0,,,context_only
东征军政治工作,0,2,2,0,,,strict_backbone
抗日民主统一战线,0,5,3,1,,,strict_backbone
三·一三惨案,0,6,0,0,,,context_only
剑川‘四·二’武装暴动,0,5,2,0,,,strict_backbone
江西叛变,0,3,0,0,,,context_only
粉碎里应外合暴动,0,4,1,0,,,strict_backbone
国民会议促成,2,6,2,0,1924-01-01,1924-12-31,strict_backbone
新四军事件,0,12,0,0,,,context_only
麻城清剿敌匪行动,0,3,3,0,,,strict_backbone
二五减租,7,79,28,1,,,strict_backbone
歼灭黄景芬战斗,0,4,1,0,,,strict_backbone
龙家寨大捷,0,3,3,0,,,strict_backbone
一·二九学生爱国运动,0,5,3,0,,,strict_backbone
《告借粮当道》,0,3,0,0,,,context_only
秋征/冬耕/合作社,0,1,0,0,,,context_only
护矿队,0,8,0,0,,,context_only
萧林战役,0,1,1,0,,,strict_backbone
《我从事革命斗争的略述》,0,1,0,0,,,context_only
剿赤捐,0,2,0,0,,,context_only
攻打于都县城,1,3,3,0,,,strict_backbone
很多寨战斗/龙振文牺牲,0,1,0,0,,,context_only
支前,2,22,6,0,,,strict_backbone
红军二、六军团长征路经宣威,0,1,0,0,,,context_only
农民自卫军组织斗争,0,6,2,1,,,strict_backbone
蚌埠市接管工作,0,4,1,0,,,strict_backbone
群众智慧与灵活斗争,0,2,0,0,,,context_only
潢光山战役,0,2,2,0,,,strict_backbone
清算李四豺狗运动,0,1,0,0,,,context_only
新民主主义工人同盟,1,3,1,0,,,strict_backbone
民改补课,0,2,2,0,,,strict_backbone
登步岛战役,0,1,1,0,,,strict_backbone
钟、熊事件,0,6,1,0,,,strict_backbone
旅社作乐,0,6,3,1,,,strict_backbone
中共中央政治局会议讨论西安事变,0,3,0,0,,,context_only
兴番灭蒋,0,3,0,0,,,context_only
重庆职业青年社,1,2,2,0,,,strict_backbone
斗争恶霸,0,5,2,0,,,strict_backbone
陈毅传达党中央指示/下山整编,0,1,1,0,,,strict_backbone
建立各级政权,0,3,1,1,,,strict_backbone
民族工作,1,10,1,0,,,strict_backbone
驱逐校长刘志远和驱黄周宇学生运动,0,2,2,0,,,strict_backbone
沛铜建政,0,4,0,0,,,context_only
九一八事变纪念活动,0,9,2,0,,,strict_backbone
陈大庄战斗,0,4,2,0,,,strict_backbone
暴动据点,0,2,0,0,,,context_only
解放乔后战斗,0,2,2,0,,,strict_backbone
攻克淮安县城,2,2,2,0,,,strict_backbone
敌后拉锯战,0,1,0,0,,,context_only
弥泸地区地下交通联络站,0,5,0,0,,,context_only
反霸斗争全面推开,0,1,0,0,,,context_only
政治攻势与群众发动,1,3,2,0,,,strict_backbone
御丝社,1,4,1,0,,,strict_backbone
夜行军遭袭牺牲,0,3,0,0,,,context_only
中共县委委员会成立,0,3,0,0,,,context_only
游击战争,9,143,34,4,,,strict_backbone
一二·九学生运动,0,9,3,0,,,strict_backbone
神军奔袭凯里,0,6,1,1,,,strict_backbone
涟水抗盟,0,20,1,1,,,strict_backbone
汉川县反帝外交后援会,1,2,2,0,,,strict_backbone
沙市-解放区交通线,1,5,1,0,,,strict_backbone
峨眉旅外学生寒假返家抗日救亡宣传工作团,0,2,2,0,,,strict_backbone
北伐军攻城,0,2,2,0,,,strict_backbone
解放云南斗争,0,6,0,1,,,context_only
绣制五星红旗,2,5,2,0,,,strict_backbone
南昌县解放,0,5,2,0,,,strict_backbone
沧白堂事件,0,9,0,0,,,context_only
联升寨战役,1,4,4,0,,,strict_backbone
发动群众,1,37,4,0,,,strict_backbone
邓大游击,0,3,0,0,,,context_only
抗日自卫队,1,9,7,0,,,strict_backbone
第3届全国农民运动会,0,1,1,1,,,strict_backbone
以则河伏击战,0,4,1,0,,,strict_backbone
侦察平利县城敌军部署,0,4,2,0,,,strict_backbone
湖北省竹化县战斗,2,7,5,3,,,strict_backbone
上海革命运动,0,5,2,1,1920-01-01,1920-12-31,strict_backbone
贵州省第一届党代会,0,2,0,0,,,context_only
红四军入川行动,0,3,0,1,,,context_only
江苏/浙江/上海地区游行示威,0,1,0,0,,,context_only
人民解放军对欧亚的追捕行动,0,3,0,0,,,context_only
雨暴战役,0,2,2,0,,,strict_backbone
颍县县担架队支前,0,1,1,0,,,strict_backbone
解放区战斗胜利,0,4,4,0,,,strict_backbone
人民代表大会制度建立,0,6,3,0,,,strict_backbone
歌咏团,0,8,1,0,,,strict_backbone
攻克亳州战役,0,5,2,0,,,strict_backbone
掘港战役,0,3,1,1,,,strict_backbone
富农路线批判,0,3,1,0,,,strict_backbone
鄂西地区的革命斗争,2,2,2,0,,,strict_backbone
平(江)浏(阳)起义,0,3,0,0,,,context_only
建社宣传,0,3,1,0,,,strict_backbone
苏南区行署,0,4,0,0,,,context_only
西宁场暴动,0,7,4,0,,,strict_backbone
衡阳电信局保卫战,0,5,2,0,,,strict_backbone
平江起油案,2,4,4,0,,,strict_backbone
白果树乡农民运动,0,1,1,0,,,strict_backbone
谈判结束/日军巡逻应对,0,1,0,0,,,context_only
派代表赴南昌联络,0,3,0,0,,,context_only
农民同乐会,0,1,0,0,,,context_only
留守斗争/国共谈判破裂,0,0,0,0,,,isolated
农会紧急会议,0,3,0,0,,,context_only
沅陵县学生联合会,0,2,0,0,,,context_only
‘夏令营’反动头目,0,3,0,0,,,context_only
后坪与招头寨战斗,0,3,1,0,,,strict_backbone
旧州保卫战部署与激战,0,4,1,0,,,strict_backbone
上海商务印书馆工人罢工,0,6,0,0,,,context_only
反蒋统斗争,0,1,1,0,,,strict_backbone
富农路线斗争,0,3,3,1,,,strict_backbone
龙塘乡农民协会成立,0,3,2,0,,,strict_backbone
湘东苏维埃警卫队,0,2,2,0,,,strict_backbone
反伪政权斗争,0,3,1,0,,,strict_backbone
党的战斗力,0,1,0,0,,,context_only
沙河游击小组,0,4,0,0,,,context_only
江南抗日根据地斗争,0,2,2,0,1939-01-01,1945-12-31,strict_backbone
寒衣募捐运动,0,5,3,0,,,strict_backbone
隐蔽斗争,0,15,1,0,,,strict_backbone
弥勒县城攻防战,1,1,1,0,,,strict_backbone
长征行踪记录,0,4,1,0,,,strict_backbone
雷公山合围胜利总结,0,3,0,0,,,context_only
解散非法'国大',0,5,1,0,,,strict_backbone
散发传单行动,0,1,0,0,,,context_only
酃县攻城,0,3,0,0,,,context_only
抄家分田运动,0,4,4,0,1920-01-01,1920-12-31,strict_backbone
区苏维埃,0,7,1,0,,,strict_backbone
河西四街至尖山战斗,0,1,0,0,,,context_only
武大安全互助团,0,3,0,0,,,context_only
密电码截获行动,0,3,2,0,,,strict_backbone
肃清反革命大会,0,3,1,0,,,strict_backbone
镇压反革命斗争,0,6,6,1,,,strict_backbone
独立四十六旅,1,7,1,0,,,strict_backbone
严惩叛国汉奸条例,0,3,0,0,,,context_only
定海战役,0,1,0,0,,,context_only
游击战争方针,0,2,0,0,,,context_only
富罗联防大队起义,3,8,5,0,,,strict_backbone
全面反击/攻克据点,0,1,0,0,,,context_only
泗宵笼战斗,0,5,1,1,,,strict_backbone
手工业者代表会议,0,1,0,0,,,context_only
长征时期,0,8,0,0,,,context_only
淮南矿区工作,0,5,2,1,,,strict_backbone
农民夜校运动,3,6,6,0,,,strict_backbone
武装反围剿斗争,0,3,0,0,,,context_only
苏北/华中解放区,0,1,0,0,,,context_only
农运工作,3,17,9,2,,,strict_backbone
沅江服务团,0,3,0,0,,,context_only
左联解散事件,0,5,2,0,,,strict_backbone
湖北秋收暴动经过,1,2,2,3,1927-01-01,1927-12-31,strict_backbone
《政治周报》,0,3,1,0,,,strict_backbone
灌云斗争,0,5,5,0,,,strict_backbone
战斗撤退,0,1,1,0,,,strict_backbone
战略转移,5,38,11,0,,,strict_backbone
青年行军竞赛,0,3,1,0,,,strict_backbone
三区剿匪行动,0,1,0,0,,,context_only
罗塘村背村会议,0,1,0,0,,,context_only
马德胜牺牲,0,3,0,0,,,context_only
加强城防工事,0,3,1,1,,,strict_backbone
渡江喜讯,0,3,0,0,,,context_only
全国解放形势,0,1,0,0,,,context_only
迎军工作,2,8,2,0,,,strict_backbone
靖东北省第一次工农兵代表大会,0,2,1,0,,,strict_backbone
开展兵运工作,0,3,0,0,,,context_only
向土豪借粮借款,2,4,3,0,,,strict_backbone
西凉乡解围,0,2,2,0,,,strict_backbone
反共应变会议,0,1,0,0,,,context_only
迎接武汉解放斗争,0,3,0,0,,,context_only
政协协议,0,6,0,0,,,context_only
接管医院/药房/财政银行,0,1,0,0,,,context_only
第五次反‘围剿’失利,0,3,0,0,,,context_only
乌蒙转战,0,9,5,0,,,strict_backbone
新民协进会,0,5,0,0,,,context_only
农协成立大会,0,1,0,0,,,context_only
情报战,0,2,1,0,,,strict_backbone
南昌解放,8,84,50,1,1949-05-01,1949-05-31,strict_backbone
邵阳抗日青年救国大队,0,6,1,1,,,strict_backbone
水池拖曳试验,0,3,2,0,,,strict_backbone
武器调查,0,3,0,0,,,context_only
四总庙战斗,0,1,0,0,,,context_only
建立地下武装,0,2,2,0,,,strict_backbone
群众举报围捕,0,2,0,0,,,context_only
整军斗争,0,3,0,0,,,context_only
盐阜区苏维埃,0,2,0,0,,,context_only
土改宣传发动,0,3,1,0,,,strict_backbone
袭击伪警察分所,0,3,2,0,,,strict_backbone
追认烈士,0,7,0,0,,,context_only
耙齿凌战斗,0,3,0,0,,,context_only
政治罢工和武装起义,2,2,2,0,1930-06-01,1930-06-30,strict_backbone
武汉歌咏界联合干部训练班,0,3,1,0,,,strict_backbone
和记工厂工人罢工,0,3,0,0,,,context_only
直港任务,0,1,0,0,,,context_only
武汉大屠杀,0,2,2,0,,,strict_backbone
会议地址,0,1,0,0,,,context_only
织(金)纳(雍)水(城)战役,0,2,2,0,,,strict_backbone
黄安起义,0,7,5,1,,,strict_backbone
设立临时粮库与毛儿盖粮委筹粮,0,2,2,0,,,strict_backbone
接管旧政权运动,0,2,2,0,,,strict_backbone
滩帮公会,0,1,0,0,,,context_only
戏剧协社,0,1,0,0,,,context_only
如泰江五月农民暴动,1,5,3,0,,,strict_backbone
征兵任务,0,2,0,0,,,context_only
苏区军民支援先遣队,0,3,1,0,,,strict_backbone
讲授时事课/宣传《论持久战》/转移,0,1,0,0,,,context_only
炭河暴动,0,2,2,0,,,strict_backbone
营救被捕七同学行动,0,3,2,0,,,strict_backbone
组织调整偏差,0,2,0,0,,,context_only
圭、西山起义,0,3,1,0,,,strict_backbone
苏维埃活动与群众动员,0,3,2,0,,,strict_backbone
建立民先队,0,5,3,0,,,strict_backbone
处理党籍问题,0,2,0,0,,,context_only
进攻汉口,0,6,0,0,,,context_only
土改政策执行,0,3,1,1,,,strict_backbone
水口山矿工农武装起义,0,2,2,0,,,strict_backbone
内地水电站建设,1,1,1,0,,,strict_backbone
农民自卫军成立,0,3,2,0,,,strict_backbone
退却开始时机选择,0,3,0,0,,,context_only
南京市第一次代表大会,0,2,2,0,,,strict_backbone
‘猪儿会’、‘孝友会’,0,0,0,0,,,isolated
少数民族土改工作方法,0,3,0,1,,,context_only
联升民心战斗,0,1,0,0,,,context_only
扩大地方武装,0,1,1,0,,,strict_backbone
鸿鹄三省会议,0,5,2,0,,,strict_backbone
剿匪肃特,0,15,6,0,,,strict_backbone
反革命特务组织斗争,0,2,2,0,,,strict_backbone
炉山、旁海解放,0,0,0,0,,,isolated
重庆解放后建设时期,0,2,1,0,,,strict_backbone
长期隐蔽斗争,0,3,0,0,,,context_only
泸西城防大队,0,3,0,0,,,context_only
雄山战斗,0,1,0,0,,,context_only
屠帮大会,0,5,1,1,,,strict_backbone
湘潭农民运动,0,4,4,0,,,strict_backbone
工人阶级联席会议,0,1,1,0,,,strict_backbone
华蓥山地区清算运动,0,3,0,0,,,context_only
接管厦门与因公殉职,0,3,0,0,,,context_only
收复如皋城(围困与动员),0,4,2,1,,,strict_backbone
抗日统一战线,0,9,3,1,,,strict_backbone
罗平乐岩训练班,0,3,0,0,,,context_only
潼南农民武装,0,2,2,0,,,strict_backbone
女生队,0,3,0,0,,,context_only
虎南地区游击战争,0,2,2,0,,,strict_backbone
西进解放贵州,0,4,4,0,,,strict_backbone
敌后游击战争,1,12,7,0,,,strict_backbone
投桂反蒋,0,2,1,0,,,strict_backbone
杨家津战斗,0,1,0,0,,,context_only
上海工人武装暴动,2,7,5,1,1927-01-01,1927-12-31,strict_backbone
肖铜奔袭战,1,2,2,0,,,strict_backbone
解放黔东南地区,0,1,0,0,,,context_only
参加红军/长征,0,1,0,0,,,context_only
民主建政与干部培养,0,3,0,0,,,context_only
夏斗寅起义,0,2,1,0,,,strict_backbone
黄柴畈会议,0,5,4,0,,,strict_backbone
《合作周刊》,0,12,0,0,,,context_only
三湾改编,5,41,25,1,1927-01-01,1927-12-31,strict_backbone
夏家山事件,1,9,6,0,,,strict_backbone
滇桂黔三省会剿,0,1,0,0,,,context_only
皋南战斗,1,7,5,0,,,strict_backbone
搬搬运动,0,5,3,0,,,strict_backbone
支前后勤总结,0,2,1,0,,,strict_backbone
苏南抗日根据地开辟,0,2,2,0,,,strict_backbone
抗日救亡义勇军,0,2,0,0,,,context_only
红五月活动,0,6,1,0,,,strict_backbone
春耕生产/抗旱/土改,0,0,0,0,,,isolated
动员参军运动,0,4,4,1,,,strict_backbone
潮汕七日红,0,3,3,0,,,strict_backbone
武装公安司法工作,0,1,0,0,,,context_only
平武山防队起义,5,11,7,1,1949-01-01,1949-12-31,strict_backbone
红九军围猎场之战,0,2,0,0,,,context_only
公共房地产接管代管工作,0,1,0,0,,,context_only
春节联欢会,0,6,2,0,,,strict_backbone
秘密武装组织,0,2,0,0,,,context_only
募捐运动,0,1,0,0,,,context_only
新生主义青年社,0,1,0,0,,,context_only
创办《贵州青年》,0,3,2,0,,,strict_backbone
赣东北党史资料丛书,0,4,0,0,,,context_only
江西全省总暴动计划,0,3,0,0,,,context_only
达达商号,0,1,1,0,,,strict_backbone
区乡干部名单续,0,1,0,0,,,context_only
马克思主义传播运动,0,3,1,0,,,strict_backbone
阅读进步书刊,1,2,2,0,,,strict_backbone
皖西妇抗组织,0,3,0,1,,,context_only
机枪夺取行动,0,2,2,0,,,strict_backbone
活捉匪队长胡庆贵,0,5,3,0,,,strict_backbone
东安苗竹山遭遇战,0,2,0,0,,,context_only
四大金刚,0,3,0,0,,,context_only
孙集乡民兵基干队,0,1,0,0,,,context_only
乌龟山战斗,0,7,4,0,,,strict_backbone
反顽战斗,0,8,6,1,,,strict_backbone
毛泽东同志讲话,0,3,0,0,,,context_only
头步桥战斗,0,3,1,0,,,strict_backbone
沅陵驻军事件,1,5,3,0,,,strict_backbone
查禁仇货运动,0,2,2,0,,,strict_backbone
北京学生南下示威运动,0,2,1,0,,,strict_backbone
赣东北肃反,0,3,1,0,,,strict_backbone
中共六届二中全会,0,6,1,1,1929-06-01,1929-06-30,strict_backbone
文协,0,3,0,0,,,context_only
房县解放战斗,0,5,4,1,1931-01-01,1931-12-31,strict_backbone
纳雍股匪姜洪开部,0,3,0,0,,,context_only
清剿曾西胡子行动,0,3,3,1,,,strict_backbone
国民党中央军,1,9,1,0,,,strict_backbone
中国职业青年社,0,3,0,0,,,context_only
反帝国主义运动,1,4,2,0,,,strict_backbone
华中解放区,0,7,2,0,,,strict_backbone
党团关系建设,0,3,1,1,,,strict_backbone
扩红运动与物资筹备,0,3,1,0,,,strict_backbone
南京反美反蒋斗争,0,2,2,0,,,strict_backbone
织金鸡场遭遇战,0,1,0,0,,,context_only
加入共青团,0,1,0,0,,,context_only
策动新堤起义,0,2,2,0,,,strict_backbone
围追堵截,1,3,1,0,,,strict_backbone
二打石鼓,0,2,2,0,,,strict_backbone
铲除伪乡政权,0,2,2,0,,,strict_backbone
多区政权接管与建政,0,4,1,1,,,strict_backbone
扩红工作/湘南暴动,0,0,0,0,,,isolated
赵世炎就义,0,2,0,0,,,context_only
抗租抗债运动,0,8,4,0,,,strict_backbone
国左组织,0,3,0,0,,,context_only
传唱南下进行曲,0,3,0,0,,,context_only
抵制日货爱国活动,0,3,2,0,,,strict_backbone
潼南解放,0,2,2,0,,,strict_backbone
学生自治会竞选运动,0,1,1,0,,,strict_backbone
建立全国苏维埃政权,0,5,5,0,,,strict_backbone
合川党组织破坏事件,0,4,4,0,1930-01-01,1930-12-31,strict_backbone
红四军转战湘鄂边,1,6,1,2,,,strict_backbone
河口大捷,1,6,6,0,,,strict_backbone
一二五决定,0,3,0,0,,,context_only
清乡行动,0,3,0,0,,,context_only
江溧句边区抗日自卫大队,0,5,4,0,,,strict_backbone
蒲家山阻击战,0,7,0,1,,,context_only
剪发放足运动,0,2,2,0,,,strict_backbone
鄂豫皖三年游击战争,3,35,16,2,,,strict_backbone
妇女抗日救亡运动,0,3,1,1,,,strict_backbone
克混地区武装割据,0,2,2,0,,,strict_backbone
敖溪地区剿匪斗争,2,4,4,0,,,strict_backbone
伏龙起义,8,25,14,1,,,strict_backbone
参军支前,0,6,0,0,,,context_only
镇压反动分子与检查工作,0,3,1,0,,,strict_backbone
浙赣线战斗,0,3,3,0,,,strict_backbone
AB团肃反运动,0,4,4,1,1930-01-01,1931-12-31,strict_backbone
新四军政治工作会议,0,3,0,1,,,context_only
郎广区开辟战斗,0,5,5,0,,,strict_backbone
组织区中队武装,0,1,1,0,,,strict_backbone
攻打富民县城,0,2,1,0,,,strict_backbone
革命诗词赏析,0,1,0,0,,,context_only
湘鄂西斗争,0,3,0,0,,,context_only
汤池会议,0,3,0,0,,,context_only
监狱斗争,0,9,2,0,,,strict_backbone
川陕甘计划,0,3,0,0,,,context_only
农民自卫军筹备,0,1,0,0,,,context_only
龙华事件,1,9,9,0,,,strict_backbone
三都解放,0,6,0,0,,,context_only
经济制度确立,0,1,0,0,,,context_only
贵州省府逮捕事件,0,2,2,0,,,strict_backbone
主持暴动区域,0,1,0,0,,,context_only
武昌合作训练班,0,3,0,0,,,context_only
淮阴小组,0,4,0,0,,,context_only
交通站房屋布局,0,1,0,0,,,context_only
学生抗日救亡与护校斗争,0,2,2,0,,,strict_backbone
穿越封锁线,0,2,1,0,,,strict_backbone
机动灵活作战,0,3,0,0,,,context_only
工人纠察队组织,0,3,1,1,,,strict_backbone
长江炮战事件,0,4,0,0,,,context_only
武装自卫队,0,3,2,0,,,strict_backbone
二二运动,0,2,2,0,,,strict_backbone
《现实》壁报,0,2,0,0,,,context_only
长征抢渡沅水,0,3,0,0,,,context_only
新×军×团,0,3,0,0,,,context_only
望直港围点打援战斗,0,5,3,0,,,strict_backbone
安仁县赤卫大队,0,3,0,0,,,context_only
农民游击团武装斗争,0,1,0,0,,,context_only
宗溪战斗,0,1,0,0,,,context_only
江淮战役,0,3,1,1,,,strict_backbone
商城县门坎山战斗,0,2,2,0,,,strict_backbone
攻打车里县城,0,2,2,0,,,strict_backbone
国民党溃逃与土匪猖獗,0,11,3,0,,,strict_backbone
洞口事件,0,2,2,0,,,strict_backbone
抗日救亡训练班,0,10,8,0,,,strict_backbone
抗租、抗税、抗粮、抗捐,0,0,0,0,,,isolated
军阀战争骚扰,0,1,0,0,,,context_only
云南人民游击武装起义,0,3,0,0,,,context_only
民族政策实践,0,5,1,1,,,strict_backbone
皖北特委召开扩大会议,0,2,0,0,1928-02-01,1928-02-29,context_only
追悼大会与镇压反革命,0,2,0,0,,,context_only
思南学生运动,0,2,2,0,,,strict_backbone
懋功会师,1,40,17,1,,,strict_backbone
第二条战线,1,4,1,0,,,strict_backbone
诗社成立大会,0,2,1,0,,,strict_backbone
战斗情况,0,1,0,0,,,context_only
温州群众斗争,0,3,0,0,,,context_only
中央二次全体会议,0,1,0,0,,,context_only
募乃战斗,0,8,2,0,,,strict_backbone
武汉解放前后,0,1,0,0,,,context_only
湘赣省第二次苏维埃代表大会,3,6,6,0,,,strict_backbone
收降敌军,0,3,0,0,,,context_only
渡河战斗,0,20,9,1,,,strict_backbone
湘鄂赣省苏维埃代表大会,0,4,0,0,,,context_only
标语覆盖行动,0,1,0,0,,,context_only
广安武装起义,0,2,0,0,,,context_only
应变措施,0,1,0,0,,,context_only
碧江谈判,0,8,2,0,,,strict_backbone
菖蒲塘农民起义,0,2,2,0,,,strict_backbone
解放滇中斗争,0,1,1,0,,,strict_backbone
散发单、贴标语等宣传方式,0,1,1,0,,,strict_backbone
九分区成立,0,4,1,0,,,strict_backbone
文家场农民暴动,0,3,0,0,,,context_only
政权问题,0,3,0,0,,,context_only
军事政治剿匪斗争,0,1,0,0,,,context_only
凤凰桥战斗,0,3,2,0,,,strict_backbone
万崇事件,0,5,1,0,,,strict_backbone
筹粮活动,0,3,1,0,,,strict_backbone
宣威护乡团,3,24,11,0,,,strict_backbone
三大战役胜利,0,3,0,0,,,context_only
宣风桥炸桥事件,0,6,1,0,,,strict_backbone
苏维埃教育,0,2,2,0,,,strict_backbone
区乡干部名单,0,1,0,0,,,context_only
制定剿匪计划,0,4,1,1,,,strict_backbone
镇反工作,0,10,1,0,,,strict_backbone
新潮学友社,0,1,1,0,,,strict_backbone
亚细亚火油公司罢工,0,1,0,0,,,context_only
旧州剿匪行动,0,4,0,0,,,context_only
湘西土匪,0,3,1,0,,,strict_backbone
中共邓川县工委成立,0,2,0,0,,,context_only
江苏省干部训练班,1,3,1,1,,,strict_backbone
赣南坚持斗争,1,4,3,0,,,strict_backbone
五一·一国际劳动节反内战集会,0,2,2,0,,,strict_backbone
南京妇女代表大会,0,3,0,0,,,context_only
黄麻起义总指挥,0,1,0,0,,,context_only
争取还乡费斗争,0,3,1,0,,,strict_backbone
京汉铁路总工会成立大会,0,21,0,1,,,context_only
转战云贵,0,2,0,0,,,context_only
弋(阳)、横(峰)大暴动,0,0,0,0,,,isolated
卫岗处女战,0,3,3,0,,,strict_backbone
反饥饿、争民主、争取和平解放云南斗争,0,2,2,0,,,strict_backbone
长沙进攻战役,0,1,1,0,,,strict_backbone
分给无田地和缺田地的农民,0,2,0,0,,,context_only
昭通学潮,0,12,2,0,,,strict_backbone
攻打毕节县城计划,0,3,0,0,,,context_only
战场抢救伤员,0,4,3,0,,,strict_backbone
武装统一指挥,0,3,1,0,,,strict_backbone
仓山火焰山阻击战,0,1,0,0,,,context_only
红二、六军团北上行动,0,1,0,0,,,context_only
沪西共舞台事件,0,2,2,0,,,strict_backbone
反蒋抗美斗争,0,5,0,0,,,context_only
消音社,0,3,1,0,,,strict_backbone
长岭会议,5,21,13,0,1949-03-01,1949-03-31,strict_backbone
边区政府成立,0,3,0,0,,,context_only
注滋口战役,0,3,3,0,,,strict_backbone
中央红军与滇桂黔边区纵队战斗,0,3,0,0,,,context_only
塾塘乡农民运动,0,5,0,0,,,context_only
农村游击战争,0,4,2,0,,,strict_backbone
火攻碉楼,0,6,3,1,,,strict_backbone
扑城战斗,0,2,0,0,,,context_only
减少脱产干部,0,3,0,0,,,context_only
抢渡/战斗,0,2,0,0,,,context_only
黎川县自卫队起义,0,3,0,0,,,context_only
镇江解放,0,8,5,1,,,strict_backbone
民兵工厂,0,2,1,0,,,strict_backbone
党史征编工作,0,3,0,0,,,context_only
恢复教育事业,0,1,1,0,,,strict_backbone
民族调查组掩护包围捉拿,0,2,0,0,,,context_only
汉口-河东交通线,0,3,0,0,,,context_only
抗日反蒋怒潮,0,5,2,0,,,strict_backbone
三柳潜战斗,0,2,2,0,,,strict_backbone
山子头反击战,0,3,3,0,,,strict_backbone
党的第五次全国代表大会,0,2,1,0,,,strict_backbone
整风运动,7,88,38,4,,,strict_backbone
神兵斗争,0,3,2,0,,,strict_backbone
国共合作抗日,0,9,2,0,,,strict_backbone
杨胜武等匪首落网及枪决,0,4,1,1,,,strict_backbone
茂芝军事会议,1,2,2,0,,,strict_backbone
王成才事件,0,5,0,1,,,context_only
南京路游行,0,1,0,0,,,context_only
苏中全境解放,0,1,0,0,,,context_only
没收财产执行细则与镇压反动,0,2,0,0,,,context_only
国民党安徽省第一次全省代表大会,0,1,0,0,,,context_only
矿工训练,0,2,0,0,,,context_only
武昌震寰纱厂事件,3,5,5,0,,,strict_backbone
芦沟村截击战,0,2,2,0,,,strict_backbone
石柱县大队,1,6,3,0,,,strict_backbone
中国青年阵地社,0,2,2,0,,,strict_backbone
公教人员调查待遇请愿团,0,5,0,0,,,context_only
'中秋起义',0,2,2,0,,,strict_backbone
反战工作,0,2,0,0,,,context_only
党团员训练班,0,3,0,0,,,context_only
旧城反将武装暴动,0,3,0,0,,,context_only
庆祝大会,0,5,3,0,,,strict_backbone
纪念五四青年节活动,0,5,3,0,,,strict_backbone
江西工农运动,0,5,1,0,,,strict_backbone
中共八七会议,1,14,6,0,,,strict_backbone
募乃战役,0,12,6,0,,,strict_backbone
黔北武装起义,0,2,0,0,,,context_only
解放时间表,0,2,2,0,,,strict_backbone
湘西剿匪行动,0,5,3,0,,,strict_backbone
陈陈推进进攻,0,2,0,0,,,context_only
活命拍卖会,1,6,6,0,,,strict_backbone
妙道山战斗,0,6,1,0,,,strict_backbone
麻城惨案,0,1,0,0,,,context_only
宜章暴动,0,12,4,0,,,strict_backbone
军训干校,0,6,0,0,,,context_only
华荣庄之战,0,2,2,0,,,strict_backbone
双堆集战斗,1,8,3,0,,,strict_backbone
经协南京分会,1,8,4,0,,,strict_backbone
打坝抗伪,1,2,2,0,,,strict_backbone
四行仓库保卫战,0,11,4,1,,,strict_backbone
皖南民运工作,2,5,3,1,,,strict_backbone
五二〇运动,1,25,13,1,1947-01-01,1947-12-31,strict_backbone
三纵,0,4,1,0,,,strict_backbone
溧阳县抗日斗争,0,3,0,0,,,context_only
方剑秋,0,3,0,0,,,context_only
礼北战役,0,5,2,0,,,strict_backbone
平民工厂,0,6,1,0,,,strict_backbone
第三次大罢工,1,2,2,0,,,strict_backbone
发动农民斗争,1,1,1,0,,,strict_backbone
战时教育师资讲习会,1,5,2,1,,,strict_backbone
渭沱工作,0,4,4,0,,,strict_backbone
潼南书店斗争,0,3,1,0,,,strict_backbone
沿运河南下,0,1,0,0,,,context_only
树人小学据点,0,3,0,0,,,context_only
南昌政变,0,3,1,0,,,strict_backbone
兵暴,0,6,2,0,,,strict_backbone
六·一逮捕事件,0,5,0,0,,,context_only
四一二反革命政变,0,1,0,0,,,context_only
川鄂边区游击斗争,0,2,2,0,,,strict_backbone
特工团,0,12,1,0,,,strict_backbone
构筑阻击线献门板,0,2,0,0,,,context_only
抗日龙船会,0,10,2,0,,,strict_backbone
密电码收集,0,2,2,0,,,strict_backbone
遂宁-蓬溪武装暴动,0,2,2,0,,,strict_backbone
五项指示,0,2,0,0,,,context_only
五反运动开展,0,3,2,1,,,strict_backbone
杨林市保卫战,0,2,1,0,,,strict_backbone
反对杨森斗争,0,2,2,0,,,strict_backbone
东进队,0,3,0,0,,,context_only
扑城运动,1,2,2,1,1928-02-01,1928-02-29,strict_backbone
马家山围战,0,2,2,0,,,strict_backbone
三县青年联谊会,0,3,0,0,,,context_only
镇压叛徒特务,0,2,2,0,,,strict_backbone
抗日兄弟团,0,3,0,0,,,context_only
百石、金鸡战斗,0,3,0,0,,,context_only
厉行洗党,0,3,0,0,,,context_only
反帝大同盟涡蒙分会,3,8,5,0,,,strict_backbone
李成忠宅伏击战,0,3,2,0,,,strict_backbone
四年遂师学潮,0,3,0,0,,,context_only
贵州游击大队四队,0,6,1,3,,,strict_backbone
地下党斗争,0,4,4,2,,,strict_backbone
便衣队突袭匪穴,0,2,1,0,,,strict_backbone
赣州总工会委员长陈赞贤被杀事件,0,2,0,0,,,context_only
南昌起义关联事件,0,2,2,0,,,strict_backbone
万安乡起义,0,2,0,0,,,context_only
溧阳青年服务团,0,5,0,0,,,context_only
龙潭河战斗,0,7,3,1,,,strict_backbone
坚持清乡区斗争方针,0,3,1,0,,,strict_backbone
行军胜利到达渝江,0,3,0,0,,,context_only
保护旧州城及军火库,0,3,0,0,,,context_only
川陕省广元县第一次党团代表大会,0,3,1,0,,,strict_backbone
活捉土匪副司令,0,5,0,0,,,context_only
屠杀商贩手工业者,0,4,1,0,,,strict_backbone
毫县担架队,2,4,3,0,,,strict_backbone
官山战斗,0,1,1,0,,,strict_backbone
棋盘山紧急会议,0,3,0,0,,,context_only
平浏修铜武5县与红五军党组织联席会议,0,3,2,0,,,strict_backbone
南华贸易公司帐册转移,0,2,2,0,,,strict_backbone
农民运动,13,176,93,5,,,strict_backbone
张国维发展学生入党与牺牲于渣滓洞,0,5,0,0,,,context_only
追捕匪首陈瑞桢,0,2,0,0,,,context_only
击毙匪首马元祥,0,3,1,0,,,strict_backbone
坚贞不屈、献身解放事业,0,1,0,0,,,context_only
淇滩场战斗,0,2,2,0,,,strict_backbone
中共金川省委第一次全省党代表大会,0,3,0,0,,,context_only
武工队开展反霸斗争,0,2,2,0,,,strict_backbone
三·三一之役,0,3,1,0,,,strict_backbone
华蓥山武装起义,10,117,71,1,,,strict_backbone
德安解放,0,2,2,0,,,strict_backbone
沙基惨案,0,18,5,0,,,strict_backbone
夜歼高河埠守敌,0,6,4,0,,,strict_backbone
发枪支/宣传反帝反封建纲领,0,1,0,0,,,context_only
农讲所教学与训练,0,3,0,0,,,context_only
石鼓长征第一湾,0,3,0,0,,,context_only
送郎参军活动,0,3,0,0,,,context_only
学生运动,12,203,76,3,,,strict_backbone
解放金沙战斗,1,6,4,0,,,strict_backbone
起义通电,0,7,2,1,,,strict_backbone
北伐运动,2,8,4,0,,,strict_backbone
游击小组工作,0,5,1,1,,,strict_backbone
红军战争,0,5,1,0,,,strict_backbone
反丁战斗小组,0,4,2,0,,,strict_backbone
强渡赣江,0,3,0,0,,,context_only
鄂西特委第一次扩大会议,2,4,4,0,,,strict_backbone
清匪反霸,5,53,14,1,,,strict_backbone
赵小白部,0,10,0,0,,,context_only
'七·一八'大屠杀,1,5,3,1,,,strict_backbone
陕南战役,2,3,2,0,,,strict_backbone
独立挺身斗争,0,1,0,0,,,context_only
灌县城关建筑工人反对成立黄色工会斗争,0,2,2,0,,,strict_backbone
分粮活动,1,3,2,0,,,strict_backbone
五·二、五·二〇惨案,0,0,0,0,,,isolated
奔袭压缩匪部,0,1,0,0,,,context_only
东交民巷英日帝国主义会议,0,3,1,0,,,strict_backbone
路南护乡大队,1,1,1,0,,,strict_backbone
棋盘山会议,3,11,7,2,,,strict_backbone
巧家蒙站游击大队,0,1,0,0,,,context_only
陆良龙海山游击大队,0,3,0,0,,,context_only
苏北人民抗日干部训练班,0,6,0,0,,,context_only
平江惨案后撤退隐蔽,0,5,1,0,,,strict_backbone
大后方文化工作,0,1,1,0,,,strict_backbone
溧水反顽战斗,0,6,1,0,,,strict_backbone
邓川游击大队,0,28,3,1,,,strict_backbone
皖东北地区党军负资负责同志会议,0,1,1,0,,,strict_backbone
张庄寨暴动,0,3,3,0,,,strict_backbone
常恩多部,0,3,0,0,,,context_only
剿匪镇乱行动,1,3,1,0,,,strict_backbone
攻克榕江,1,8,1,0,,,strict_backbone
南京抗日救亡运动,1,2,2,0,,,strict_backbone
土改和镇压反革命运动,0,5,2,0,1949-01-01,1949-12-31,strict_backbone
黄麓庙战斗,0,2,0,0,,,context_only
反蒋武装斗争基地,0,1,0,0,,,context_only
监视掩护,0,1,0,0,,,context_only
出击/调动敌人,0,1,0,0,,,context_only
参加省妇女代表大会,0,2,2,0,,,strict_backbone
藜山遇难八烈士事件,0,5,1,0,,,strict_backbone
合围土匪战斗,0,5,3,0,,,strict_backbone
澜沧人民武装起义,0,3,0,0,,,context_only
抗捐同盟,0,2,2,0,,,strict_backbone
丹寨县剿匪斗争,0,15,0,0,,,context_only
三河坝战役,3,5,5,0,,,strict_backbone
阶级解放/民族平等,0,0,0,0,,,isolated
《回顾金沙解放专辑》,0,1,0,0,,,context_only
12·1民主运动,0,2,0,0,,,context_only
中枢小学党小组,0,3,0,0,,,context_only
清产委员会斗争,0,4,2,0,,,strict_backbone
四一二大屠杀,0,15,6,1,,,strict_backbone
抗租抗捐运动,1,1,1,0,,,strict_backbone
北江农暴,0,3,0,0,,,context_only
南线作战计划,0,8,0,0,,,context_only
第一次进军皖浙赣,0,3,0,0,,,context_only
泸西龙甸坡战斗,0,3,0,0,,,context_only
文山县城解放,0,4,4,0,,,strict_backbone
湘赣边界红军和根据地的革命斗争,0,2,0,0,,,context_only
宿蒙县司法科,0,8,0,0,,,context_only
抗日救亡宣讲,2,2,2,0,,,strict_backbone
七里坪之战,0,3,1,2,,,strict_backbone
反胡风运动,0,3,1,0,,,strict_backbone
临北地区建党工作,0,5,2,0,,,strict_backbone
观峰乡中队,0,1,0,0,,,context_only
峨山县农村群众工作,0,3,1,0,,,strict_backbone
湖北省农民代表大会,0,8,3,1,,,strict_backbone
阻击敌军作战,0,8,0,0,,,context_only
三二三反革命事件,1,3,1,0,,,strict_backbone
分界战斗,0,4,0,0,,,context_only
敌特分子清剿行动,0,4,0,0,,,context_only
三勤指示,0,3,0,0,,,context_only
攻克大坝场冉家祠堂,0,3,0,0,,,context_only
秦岭战役,1,2,2,0,,,strict_backbone
高杨战役,0,6,1,1,,,strict_backbone
高大坪小学创建活动,0,5,3,0,,,strict_backbone
解放排调,0,5,2,1,,,strict_backbone
秘密武装斗争,0,1,1,0,,,strict_backbone
节约备荒,0,1,0,0,,,context_only
民团联合斗争,0,6,2,1,,,strict_backbone
应城汉川农运失败,0,3,0,0,,,context_only
川滇地区联络活动,1,7,5,0,,,strict_backbone
枫香溪扩大会议,0,2,2,0,,,strict_backbone
赤色贸易路线,1,8,2,0,,,strict_backbone
上海文化界救命运动,0,1,0,0,,,context_only
第二次学生运动,0,10,0,0,,,context_only
全国工商联第二届代表大会,0,5,3,1,,,strict_backbone
上海学生示威,0,3,0,0,,,context_only
国民党反动派侵犯苏北解放区,0,1,0,0,,,context_only
奔袭广顺、长寨剿匪,0,1,1,0,,,strict_backbone
罢课学潮,0,3,2,0,,,strict_backbone
学生自治会改造,0,3,0,0,,,context_only
雁北读书会,0,1,0,0,,,context_only
田心岩渡河事件,1,5,2,0,1936-01-01,1936-12-31,strict_backbone
赤潮社,0,9,0,0,,,context_only
水南战斗,3,5,5,0,,,strict_backbone
镇反运动,1,59,18,3,,,strict_backbone
广安代市起义,1,9,4,1,,,strict_backbone
谈判/俘虏释放交涉,0,1,0,0,,,context_only
抗战时期教育电影活动,0,3,0,0,,,context_only
民众歌咏会,0,3,0,0,,,context_only
津浦工支,0,2,2,0,,,strict_backbone
《参加一九四九年三月三日郎岱革命武装暴动纪念书》,0,1,0,0,,,context_only
自首自新,0,3,0,0,,,context_only
襄西解放与渡江作战,0,2,2,0,,,strict_backbone
满载超轴五百公里运动,0,1,0,0,,,context_only
江浦刀会,0,2,2,0,,,strict_backbone
武汉休整,0,3,1,0,,,strict_backbone
预审营救行动,0,4,2,0,,,strict_backbone
罢教事件,0,5,1,1,,,strict_backbone
工人抗敌宣传团,0,7,2,1,,,strict_backbone
滇东北地委第二次全会,0,1,0,0,,,context_only
中共地下党斗争,0,2,2,1,,,strict_backbone
解放委员会成立,0,6,0,0,,,context_only
青神特支,0,2,2,0,,,strict_backbone
布告风波,0,8,0,0,,,context_only
武装抗暴/击毙伪军,0,2,0,0,,,context_only
镇远清匪行动,0,6,2,1,,,strict_backbone
抗日民主政权建设,0,1,1,0,,,strict_backbone
武汉城防工事侦察行动,0,2,2,0,,,strict_backbone
共军近况及布防观察,0,5,0,0,,,context_only
争取食米食盐补贴斗争,0,1,1,0,,,strict_backbone
清查户口行动,0,1,0,0,,,context_only
领导掌握形势,0,1,0,0,,,context_only
分水岭战斗,0,2,0,0,,,context_only
金圆券兑换统计与经验教训,0,3,0,0,,,context_only
火烧桥战斗,0,7,5,0,,,strict_backbone
稳定物价斗争,0,1,1,0,,,strict_backbone
皖赣边转战,0,2,2,0,,,strict_backbone
屏边战役,0,3,1,0,,,strict_backbone
广昌战斗,3,4,3,0,,,strict_backbone
湖北秋收暴动办法,0,3,0,0,,,context_only
五月剧艺社,0,10,2,0,,,strict_backbone
红二、六军团第二次长征,0,1,0,0,,,context_only
进入大草地行军,0,3,0,0,,,context_only
1927年宜兴秋收起义,0,1,0,0,,,context_only
涟水整风运动,0,3,1,1,,,strict_backbone
架官战斗,0,3,1,1,,,strict_backbone
军民合作英勇斗争,0,3,0,0,,,context_only
二、一九事件,0,2,0,0,,,context_only
农民换工队,0,4,2,0,,,strict_backbone
清山剿匪行动,0,5,3,1,,,strict_backbone
驱张斗争,1,9,7,1,1927-01-01,1927-12-31,strict_backbone
云南武装斗争,0,3,0,0,,,context_only
苏南谈判,0,3,0,0,,,context_only
弋阳、横峰暴动,0,1,1,0,,,strict_backbone
政治交通站,0,3,0,0,,,context_only
通泰门战斗,0,4,0,0,,,context_only
贵筑县白云区土地改革运动,0,5,1,0,,,strict_backbone
十二桥烈士公祭活动,0,3,0,0,,,context_only
第二次东征,1,2,2,0,,,strict_backbone
鄂南暴动党团组织恢复问题申辩,0,6,2,0,,,strict_backbone
土地改革宣传发动,1,2,2,1,,,strict_backbone
农民抢粮割地斗争,0,3,0,0,,,context_only
沿江总队,0,2,2,0,,,strict_backbone
《北极星》文艺社团,0,3,0,0,,,context_only
五洛河战役,0,2,2,0,,,strict_backbone
土匪叛乱,1,6,2,1,,,strict_backbone
敌人“清乡”,0,3,0,0,,,context_only
华蓥山暴动,0,2,2,0,,,strict_backbone
江津县靴鞋工人罢工,0,3,0,0,,,context_only
渡河解放蚌埠,0,3,1,0,,,strict_backbone
江北县苦力工会斗争,0,2,2,0,,,strict_backbone
粉碎新八军阴谋/攻威宁县城,0,1,1,0,,,strict_backbone
护送同志,0,3,1,0,,,strict_backbone
反霸运动,0,6,1,0,,,strict_backbone
《狱卒》话剧演出,0,1,1,0,,,strict_backbone
板闸战斗,0,2,0,0,,,context_only
万人坑,0,6,6,0,,,strict_backbone
南京农民运动,0,2,2,0,1926-01-01,1926-12-31,strict_backbone
选举运动训练班,0,1,0,0,,,context_only
干部团联欢之夜,0,3,0,0,,,context_only
淮海大决战,0,3,1,0,,,strict_backbone
武汉民众驱逐吴佩孚,0,3,1,0,,,strict_backbone
殷家岭伏击战,0,2,2,0,,,strict_backbone
创办赣南农民训练班,0,3,2,0,,,strict_backbone
皖南暴动,0,5,2,0,,,strict_backbone
人生改善会,0,1,0,0,,,context_only
募乃进攻战役,0,5,5,0,,,strict_backbone
中原军大,0,2,2,0,,,strict_backbone
石港攻坚战,0,9,5,1,,,strict_backbone
中共中央政治局常委会会议,0,5,0,0,,,context_only
堰坪整顿,0,5,5,0,,,strict_backbone
慰问科甲小学,0,3,1,0,,,strict_backbone
识破转移阴谋,0,5,0,0,,,context_only
二五减租运动,2,19,13,1,,,strict_backbone
皖浙赣边区困难时期坚持斗争,0,3,3,0,,,strict_backbone
黄安战役,3,23,15,2,1931-01-01,1931-12-31,strict_backbone
1947年1月2日学生游行,0,1,0,0,,,context_only
两路口战斗,0,7,2,1,,,strict_backbone
九分区妇女运动,1,2,2,0,,,strict_backbone
罢市运动,0,1,1,0,,,strict_backbone
均县草店会议,0,1,1,0,,,strict_backbone
全民炼钢铁,0,3,0,0,,,context_only
除害行动,0,1,1,0,,,strict_backbone
重庆电力公司反特斗争,0,1,0,0,,,context_only
强渡澧水,2,8,7,0,,,strict_backbone
读书股,0,2,1,0,,,strict_backbone
十八连山区武装斗争,1,4,4,0,,,strict_backbone
炸毁九里山军火库,0,4,2,0,,,strict_backbone
十保抗粮斗争,0,23,5,0,,,strict_backbone
樟木洞暴动,0,2,2,0,,,strict_backbone
中共余姚县第一次代表大会,0,6,1,0,,,strict_backbone
强渡嘉陵江,5,18,9,0,,,strict_backbone
反对伪县长彭元槐斗争,0,4,1,1,,,strict_backbone
铁壁合围部署,0,10,4,0,,,strict_backbone
三浦战,0,3,0,0,,,context_only
抗日救亡演出,0,3,1,0,,,strict_backbone
井冈山割据,0,2,0,0,,,context_only
长沙织造工人罢工,0,3,2,0,,,strict_backbone
平取长沙命令,0,2,0,0,,,context_only
186师围剿,0,3,3,0,,,strict_backbone
湘鄂赣三省剿匪实施大纲案,0,3,0,0,,,context_only
高级社整顿,0,3,1,0,,,strict_backbone
马山战斗、反顽斗争,0,0,0,0,,,isolated
国民党荣昌临时县党部成立,0,4,2,0,,,strict_backbone
局部反攻,0,2,0,0,,,context_only
鄂豫皖边区土地革命运动,0,1,0,0,,,context_only
萍乡解放,0,6,0,0,,,context_only
红四军入闽行动,0,4,4,1,,,strict_backbone
江城整训,1,2,2,0,,,strict_backbone
掩护同志与传递进步报刊,0,6,0,0,,,context_only
护送伤员,1,3,1,0,,,strict_backbone
西双版纳傣族自治区第一届各族各界人民代表大会,0,3,0,0,,,context_only
干部训练/查处违法乱纪/土地改革,0,0,0,0,,,isolated
贵秋东中秋暴动,0,4,4,0,,,strict_backbone
中共澄锡虞三县联席会议,0,1,1,0,,,strict_backbone
汉口屠杀事件,0,5,3,0,,,strict_backbone
盛池乡会议,0,5,0,0,,,context_only
游击战争战略,0,2,0,0,,,context_only
无锡暴动,5,19,12,0,,,strict_backbone
全国海员总工会成立,0,5,0,0,,,context_only
新安小学成立,2,2,2,0,,,strict_backbone
错划成分,0,2,0,0,,,context_only
沙市解放初期财税工作,0,4,2,0,,,strict_backbone
吴家墩匪巢袭击,1,1,1,0,,,strict_backbone
抗日武装斗争,0,13,6,1,1941-04-01,1941-04-30,strict_backbone
镇反大游行,0,3,0,0,,,context_only
抗日救国义勇军,0,3,0,0,,,context_only
整党整风运动,0,2,2,0,,,strict_backbone
九江会议地点考证,0,2,0,0,,,context_only
撰写《锦江潮的使命》,0,6,0,0,,,context_only
武汉三镇总同盟政治罢工,0,5,2,0,,,strict_backbone
朝气青年社,0,2,1,0,,,strict_backbone
四军长倒唐事件,0,3,3,0,,,strict_backbone
鄂豫边区政权建设,0,3,0,0,,,context_only
工合讲习班,0,7,0,0,,,context_only
淮城户口登记,0,3,1,0,,,strict_backbone
克混地区反蒋武装斗争,3,4,4,1,1947-01-01,1947-12-31,strict_backbone
保甲长训练班,0,2,1,0,,,strict_backbone
亮岩防卫战,0,3,3,0,,,strict_backbone
土地革命时期武装暴动,0,2,2,0,,,strict_backbone
大方县解放斗争史料征集,0,3,1,0,,,strict_backbone
老河口战斗,0,3,0,0,,,context_only
兵变起义,0,3,1,0,,,strict_backbone
一敌剧社,1,8,2,0,,,strict_backbone
职工运动路线批判,0,1,0,0,,,context_only
白莲党小组,1,3,2,0,,,strict_backbone
解放休宁,1,2,2,0,,,strict_backbone
拖枪行动,0,1,1,0,,,strict_backbone
反击股匪袭击,0,1,0,0,,,context_only
搜捕行动,0,10,1,1,,,strict_backbone
《新华电讯》,1,10,2,0,,,strict_backbone
剑川‘4·2’暴动,0,6,4,0,,,strict_backbone
白石岩会议,1,3,1,0,,,strict_backbone
瓢儿井战役,0,5,3,1,,,strict_backbone
中共赣东北省第一次代表大会,0,1,0,0,,,context_only
四野战军入城八项规定,0,2,0,0,,,context_only
抗日先遣队/长征,0,0,0,0,,,isolated
伤病员转移,0,2,2,0,,,strict_backbone
抗日救亡工作,0,8,2,1,,,strict_backbone
坚持抗日,0,6,1,0,,,strict_backbone
三山战斗,0,1,0,0,,,context_only
朱家场防堵部署,0,5,1,0,,,strict_backbone
收麦斗争,0,3,0,0,,,context_only
横山地区抗日自卫武装斗争,0,2,2,0,,,strict_backbone
思想发动/三同,0,1,0,0,,,context_only
沅陵行署抗敌流动演剧队,0,2,0,0,,,context_only
武装工作团,0,4,3,0,,,strict_backbone
官田暴动,1,7,4,0,,,strict_backbone
二五减、减租斗争,0,1,0,0,,,context_only
安顺县职工联合会,0,2,0,0,,,context_only
选择渡口与隐蔽战略转移,0,4,2,0,,,strict_backbone
红四方面军进入通南巴,0,1,1,0,,,strict_backbone
赤色职工国际第四次大会,0,1,1,0,,,strict_backbone
京汉铁路‘二七’惨案,0,3,0,0,,,context_only
平武县清剿行动,0,1,0,0,,,context_only
要求入党,0,3,1,0,,,strict_backbone
神兵谈判代表,0,1,0,0,,,context_only
播中起义,0,3,3,0,,,strict_backbone
战干团/电训班,0,1,1,0,,,strict_backbone
永新暴动,0,2,0,0,,,context_only
工纠,0,3,0,0,,,context_only
黔西黄家坝战斗,0,4,4,0,,,strict_backbone
上关之战,0,3,0,0,,,context_only
手榴弹袭击,0,1,0,0,,,context_only
茅山地区斗争,0,3,1,0,,,strict_backbone
湖南反英斗争,0,2,2,0,,,strict_backbone
解放战争初期学运斗争,0,3,0,0,,,context_only
太和惨案,0,2,0,0,,,context_only
荔波县城万人大会,0,1,0,0,,,context_only
打击违法地主,0,2,0,0,,,context_only
反对李顿调查团抗议示威,0,1,1,0,,,strict_backbone
《毕节地区1949—1966党史大事记》,0,3,1,0,,,strict_backbone
乌江渡江行动,1,6,6,0,,,strict_backbone
讨逆大会,0,2,0,0,,,context_only
红三军贺龙部行动,0,4,4,0,,,strict_backbone
瘟疫防疫,0,2,0,0,,,context_only
没收土地和建立苏维埃政权,0,6,1,0,,,strict_backbone
息烽剿匪,0,3,3,0,,,strict_backbone
火烧戏台楼战斗,0,1,0,0,,,context_only
黎平会议遵义会议准备换掉博古李德,0,8,0,0,,,context_only
赤岩十八英烈,0,3,0,1,,,context_only
四一〇反革命事件,3,7,5,0,,,strict_backbone
土匪叛乱策划与暴乱部署,1,6,2,0,,,strict_backbone
农村武装割据,0,3,0,0,,,context_only
政治会议召开,0,3,0,0,,,context_only
磨香井战斗,0,3,1,1,,,strict_backbone
校场口事件,0,1,1,0,,,strict_backbone
工读互助团,0,3,1,0,,,strict_backbone
煤价调整斗争,0,3,0,0,,,context_only
美术歌咏游行,0,3,1,0,,,strict_backbone
古蔺地区武装斗争,0,2,2,0,,,strict_backbone
长征准备,0,2,0,0,,,context_only
纠正过左政策,0,1,0,0,,,context_only
二月扑城,4,17,12,0,,,strict_backbone
四平保卫战,0,2,1,0,,,strict_backbone
肃毒禁烟运动,0,5,3,0,,,strict_backbone
三大战役后城市地下斗争,0,2,2,1,,,strict_backbone
驱逐张敬尧斗争,0,3,3,0,,,strict_backbone
苏中抗日根据地创建,0,2,2,0,,,strict_backbone
二打泰安港,0,3,0,0,,,context_only
贵州省各级中共党委成立,0,3,0,0,,,context_only
八大关群众大会,0,1,0,0,,,context_only
江津解放筹备,0,1,1,0,,,strict_backbone
军事工作与党员军事化,0,3,0,0,,,context_only
神兵联合行动,0,5,1,0,,,strict_backbone
教育事业恢复发展,0,3,0,0,,,context_only
解放斗争,0,11,4,1,,,strict_backbone
武装夺枪行动,0,3,0,0,,,context_only
反围剿斗争,2,55,34,3,,,strict_backbone
张有能大队,0,1,0,0,,,context_only
解放时期自身建设,0,1,1,0,,,strict_backbone
飞夺泸定桥,2,14,7,1,,,strict_backbone
黄家坝围击战,0,5,3,1,,,strict_backbone
调出滇军,0,3,0,0,,,context_only
土地革命战争时期,0,26,0,1,,,context_only
机构沿革,0,1,0,0,,,context_only
贵州剿匪斗争攻坚战,0,2,0,0,,,context_only
南溪妇运,0,2,2,0,,,strict_backbone
维权交涉/五一游行宣传,0,2,0,0,,,context_only
全省总暴动,0,5,0,0,,,context_only
洪家地坝战斗,0,3,3,0,,,strict_backbone
滇西人民自卫军龙陵自卫大队,0,3,0,0,,,context_only
荔湾惨案,0,1,1,0,,,strict_backbone
九十三师‘在乡军人’武装,0,3,0,0,,,context_only
思想大辩论与生产劳动,0,2,0,0,,,context_only
江岸京汉南段工人俱乐部,0,3,0,0,,,context_only
营渠战役,1,18,3,0,,,strict_backbone
梅田战斗,1,2,2,0,,,strict_backbone
减租减息运动,14,296,135,4,1942-01-01,1942-12-31,strict_backbone
命名逸群军校,0,1,0,0,,,context_only
瓦钵梁子区乡政权,0,3,2,0,,,strict_backbone
反饥饿反内战反迫害斗争,0,2,1,0,,,strict_backbone
九三学习社,0,9,0,1,,,context_only
马厂前的河畔战斗,0,1,0,0,,,context_only
白汉厂战斗,0,2,0,0,,,context_only
接管文教卫生机构,0,1,0,0,,,context_only
文艺座谈会,0,6,1,0,,,strict_backbone
策动六十八团武装起义,1,3,1,0,,,strict_backbone
日寇经济掠夺,0,3,2,0,,,strict_backbone
《火炬报》,0,4,2,0,,,strict_backbone
抗日民族统一战线的推进与全民族抗战,0,2,2,0,,,strict_backbone
民兵发展/何凤异/王祥战斗事迹,0,15,7,0,,,strict_backbone
散发宣传品,0,3,2,0,,,strict_backbone
红25军223团2营通讯班,0,3,1,0,,,strict_backbone
夺粮斗争,0,2,2,0,,,strict_backbone
凉(伞)雪(洞)会战,0,2,2,1,,,strict_backbone
贵州革命活动,1,3,1,0,,,strict_backbone
解放栗子乡,1,4,4,0,,,strict_backbone
亮司脱险与躲藏,0,2,0,0,,,context_only
六路围攻,1,10,7,1,,,strict_backbone
组织抗日志愿军,0,1,1,0,,,strict_backbone
仿造捷克式步枪,0,1,0,0,,,context_only
襄樊突击,0,3,1,3,,,strict_backbone
淮阴解放战役,0,2,0,0,,,context_only
中国工人通讯社(CWC),0,3,0,1,,,context_only
塘头尧民里农村小学会议,0,3,0,1,,,context_only
斗争纲领十六条,0,3,0,0,,,context_only
台湾革命同盟会,0,1,0,0,,,context_only
路西反顽战役,0,3,3,0,,,strict_backbone
黎平会议激烈斗争,0,2,1,0,,,strict_backbone
中共巴归兴县委员会扩大会议,0,6,1,0,,,strict_backbone
红五月扩大红军运动,0,2,0,0,,,context_only
土地问题,0,11,0,0,,,context_only
民主团结促进会,0,3,0,0,,,context_only
工农兵代表大会与群众武装,0,3,1,0,,,strict_backbone
磨盘洲会议,0,2,2,0,,,strict_backbone
送钱粮/办枪,0,1,0,0,,,context_only
桐潜地区斗争,0,3,0,0,,,context_only
箭厂河会议,0,2,0,0,,,context_only
工农革命军第2团成立大会,0,4,4,0,,,strict_backbone
《攸县同学报》,0,1,0,0,,,context_only
湖南起义,0,15,3,0,,,strict_backbone
新光书店传播马列主义,0,2,1,0,,,strict_backbone
寻乌调查,2,8,2,0,,,strict_backbone
武昌艺专地下斗争,0,3,0,0,,,context_only
抗烟捐斗争,4,4,4,0,,,strict_backbone
招商局海员罢工事件,0,2,2,0,,,strict_backbone
太湖店前河会议,0,1,0,0,,,context_only
绍兴县政工队,1,5,1,0,,,strict_backbone
黄陂草台岗战役,0,2,2,1,,,strict_backbone
虎南大赤区清剿,0,3,1,0,,,strict_backbone
职工运动路线,0,3,0,0,,,context_only
武装保卫与公安建政,0,3,0,0,,,context_only
秘密工作方针,0,3,0,0,,,context_only
暴动会议,1,3,1,0,,,strict_backbone
英帝国主义武力干涉,0,6,1,0,,,strict_backbone
七七献金大会,1,2,2,0,,,strict_backbone
反扫荡准备,0,2,2,0,,,strict_backbone
重要会议,0,1,0,0,,,context_only
贵溪靖卫团歼灭战,0,2,2,0,,,strict_backbone
开展敌后游击战,2,5,5,0,,,strict_backbone
国民党对新闻界的控制,0,3,1,1,,,strict_backbone
龙洞沟突围战,0,3,1,0,,,strict_backbone
编辑《劲报》/办文艺研究小组/引导青年,0,2,0,0,,,context_only
抢渡金沙江,8,64,24,1,,,strict_backbone
赣南斗争,0,2,0,0,,,context_only
过黄河战役,0,1,1,0,,,strict_backbone
全国财政会议,1,1,1,0,,,strict_backbone
川北解放,0,3,0,0,,,context_only
上饶集中营暴动,0,4,4,0,,,strict_backbone
谦虞冶铁公司,0,10,1,0,,,strict_backbone
滁县特支成立,0,3,1,0,,,strict_backbone
五·九起义,0,3,1,0,,,strict_backbone
护城斗争,0,3,0,0,,,context_only
湘鄂川黔根据地创建,0,2,2,0,,,strict_backbone
七·一二惨案,0,3,1,0,,,strict_backbone
湘鄂赣民众运动,0,3,0,0,,,context_only
清匪反霸/公审处决匪首恶霸,0,1,0,0,,,context_only
潜山战斗,0,6,2,0,,,strict_backbone
民工整训,0,3,0,0,,,context_only
反攻作战,0,5,3,0,,,strict_backbone
侏儒山战役,0,5,0,0,,,context_only
树皮惨案,0,7,4,0,,,strict_backbone
生产互助合作小组,0,3,0,0,,,context_only
抗战初期农村抗日救亡宣传活动,0,3,0,0,,,context_only
镇远城攻防战,0,9,7,0,,,strict_backbone
五卅运动/游行示威,0,1,1,0,,,strict_backbone
南阳镇会议,0,1,0,0,,,context_only
六·一三事件,0,2,2,0,1940-01-01,1940-12-31,strict_backbone
林梓战斗,0,3,0,0,,,context_only
秋收暴动计划与南昌独立,0,2,2,0,,,strict_backbone
磨沙塘战斗,0,2,2,0,,,strict_backbone
安源矿工罢工,0,5,2,0,,,strict_backbone
元江东岸歼灭战,0,8,8,0,,,strict_backbone
促进反省方式,0,1,0,0,,,context_only
福音医院斗争,0,2,0,0,,,context_only
四兵团进驻昆明,0,4,1,1,,,strict_backbone
国民党屠杀/还乡团迫害,0,3,1,0,,,strict_backbone
上海海员同盟罢工,1,2,2,0,,,strict_backbone
1949年解放前夕,0,3,0,0,,,context_only
游击队抗击敌人,2,3,3,0,,,strict_backbone
涟水抗日同盟会,0,14,4,1,,,strict_backbone
迎接武汉解放的地下革命斗争,1,5,3,0,,,strict_backbone
青年协进会,1,12,3,1,,,strict_backbone
夜袭关防铺,0,6,2,1,,,strict_backbone
王坳战斗,0,1,0,0,,,context_only
贾芳谷部清剿战役,0,1,0,0,,,context_only
湘鄂西二苏大,0,3,0,0,,,context_only
伏击伪督察局长傅来群等,0,7,4,0,,,strict_backbone
红军反扑斗争,0,1,0,0,,,context_only
鲁文聪部,0,6,3,0,,,strict_backbone
民族解放先锋队(民先),0,8,5,1,,,strict_backbone
武汉攻下以后,0,3,1,1,,,strict_backbone
八十九军叛变,0,3,0,0,,,context_only
岩洞自杀,0,3,0,0,,,context_only
萧县青救会,0,1,1,0,,,strict_backbone
银元斗争,0,5,3,1,,,strict_backbone
黄平战斗,0,3,0,0,,,context_only
导淮入海工程,0,3,0,0,,,context_only
英语教学改革,0,2,2,1,,,strict_backbone
潭头大捷,0,2,2,0,,,strict_backbone
组织农民抗税,1,1,1,0,,,strict_backbone
大坝战斗,0,1,0,0,,,context_only
姜堰民众会议,3,5,3,1,,,strict_backbone
建设民主的新湖南,0,2,2,0,,,strict_backbone
盘石乡大红岩会议,0,3,1,0,,,strict_backbone
反迁校、反破坏运动,1,1,1,0,,,strict_backbone
铁索沟战斗,0,1,0,0,,,context_only
执行十六字方针,0,4,1,0,,,strict_backbone
重庆涪陵监狱屠杀事件,0,1,0,0,,,context_only
没收匪首财产与镇压宽大结合,0,2,0,0,,,context_only
泰和县城攻防战,0,2,2,0,,,strict_backbone
湖南文化界抗敌后援会,2,4,4,0,,,strict_backbone
反迁移斗争,0,12,6,1,,,strict_backbone
水口山工会成立,0,1,0,0,,,context_only
雪山草地行军,0,6,0,0,,,context_only
会昌作战/筠门岭失陷,0,1,1,0,,,strict_backbone
五卅惨案后反帝游行,0,3,2,0,,,strict_backbone
社研和文研,0,5,2,1,,,strict_backbone
川滇黔边区游击活动,0,3,0,0,,,context_only
桃源农工革命运动,0,6,1,0,,,strict_backbone
汪伪新国民运动,0,2,2,0,,,strict_backbone
南京学生运动,1,13,2,0,1948-05-01,1948-05-31,strict_backbone
桃江农民运动,2,6,6,0,,,strict_backbone
武汉五四爱国运动,4,6,6,0,,,strict_backbone
南坪统战工作,0,3,0,0,,,context_only
宝应政权建立,0,1,0,0,,,context_only
徐海蚌中心工作,0,3,0,0,,,context_only
张云卿匪部,0,6,0,0,,,context_only
铜仁地区干部调配,0,2,2,0,,,strict_backbone
钱业罢工,1,7,4,0,,,strict_backbone
高安中心县委成立,0,2,2,0,,,strict_backbone
朱朝相起义,0,1,0,0,,,context_only
群众护税/义务填票,0,2,0,0,,,context_only
滇桂黔边区反蒋武装斗争,0,2,2,1,1948-01-01,1949-12-31,strict_backbone
统一组织力量剿匪,0,1,0,0,,,context_only
阿坝会议,0,1,1,0,,,strict_backbone
入团宣誓,0,1,0,0,,,context_only
沙营甘永霖家会议,0,3,0,0,,,context_only
祖楼伏击战,0,1,0,0,,,context_only
坚守县城战斗,0,3,3,0,,,strict_backbone
横路桥伏击战,2,5,2,1,,,strict_backbone
金钩山伏击战,0,4,4,0,,,strict_backbone
西山农民武装暴动,0,5,5,0,,,strict_backbone
红一方面军作战序列,0,3,0,0,,,context_only
工农兵苏维埃政权建设,0,2,2,0,,,strict_backbone
日军长兴大屠杀,0,2,0,0,,,context_only
干校学员分赴征粮,0,3,1,0,,,strict_backbone
贵州省西线剿匪战役,0,5,3,1,,,strict_backbone
赣南会议,4,18,10,1,,,strict_backbone
刑讯逼供,0,3,0,0,,,context_only
南京城市青年工作小组,0,6,0,0,,,context_only
扩红突击运动,0,1,0,0,,,context_only
邮电接收经验教训总结,0,1,0,0,,,context_only
联合宣传/开仓济贫,0,4,4,0,,,strict_backbone
雅沙塘战斗指挥,0,3,1,0,,,strict_backbone
何家桥战斗,0,4,2,1,,,strict_backbone
打法官运动,0,9,2,0,,,strict_backbone
第五次学潮,0,1,0,0,,,context_only
解放囚徒/打倒土豪,0,1,0,0,,,context_only
反洋教斗争,0,1,1,0,,,strict_backbone
王朴事件,0,3,1,0,,,strict_backbone
湘北抗日自卫队,0,2,2,0,,,strict_backbone
东升会,0,3,1,0,,,strict_backbone
三·一摘事变,0,1,0,0,,,context_only
反封建斗争,5,28,12,1,,,strict_backbone
淮城反奸运动,0,4,2,0,,,strict_backbone
老寨溪英雄排,0,3,1,1,,,strict_backbone
二·六政变,0,8,2,1,,,strict_backbone
灵甸港战斗,0,5,3,0,,,strict_backbone
井冈山根据地第三次反会剿,0,2,2,0,,,strict_backbone
独山起义,2,8,2,0,,,strict_backbone
尤集据点攻克,0,1,0,0,,,context_only
六·一六学潮,0,11,3,0,,,strict_backbone
党内右倾与左倾危险,0,5,0,0,,,context_only
反苛捐杂税斗争,0,5,3,1,,,strict_backbone
潜山县人民政府成立,0,1,0,0,,,context_only
游击师战斗,0,1,0,0,,,context_only
铁道剧,0,3,1,1,,,strict_backbone
游击战争发动难点,0,1,0,0,,,context_only
分发物资,0,1,0,0,,,context_only
反蒋地下游击武装,2,5,5,0,,,strict_backbone
"滇,类型:事,描述:在楚雄、双柏、峨山、易门等地开展的武装斗争",0,1,0,0,,,context_only
黄沟阻击战,0,3,0,0,,,context_only
青年军人联合会,0,4,1,0,,,strict_backbone
农工武装冲突,0,3,0,1,,,context_only
反对强迫做礼拜斗争,0,1,0,0,,,context_only
蚌井攻坚战,1,4,2,0,,,strict_backbone
人民武装发展,0,6,1,3,,,strict_backbone
苏维埃政权恢复运动,0,5,2,0,,,strict_backbone
春季攻势配合,0,2,0,0,,,context_only
工农军组织,0,2,2,0,,,strict_backbone
工人代表座谈会,0,5,2,0,,,strict_backbone
秋征公粮,0,3,0,0,,,context_only
金钱美女诱降,0,2,0,0,,,context_only
审讯事件,0,2,1,0,,,strict_backbone
破坏工作,0,5,0,0,,,context_only
军爱民与秋毫无犯,0,2,1,0,,,strict_backbone
高良战役,0,2,2,0,,,strict_backbone
杨梅岭战役,0,6,4,0,,,strict_backbone
六洞出击战,0,2,2,0,,,strict_backbone
佛海保卫战,1,17,9,0,,,strict_backbone
天府工人运动,0,3,1,1,,,strict_backbone
解放罗平城行动,3,4,4,0,,,strict_backbone
云阳草亭袭击战,0,2,0,0,,,context_only
党派会议,0,3,1,0,,,strict_backbone
发动农民减租减息,0,3,3,0,,,strict_backbone
鄂东抗日五大队谈判,0,3,0,0,,,context_only
武汉工人目前政治主张,0,2,2,0,,,strict_backbone
输送物资破封锁,0,2,0,0,,,context_only
安徽青运,0,3,3,0,,,strict_backbone
鉴定与审查,0,2,0,0,,,context_only
破坏省委行动,0,3,0,0,,,context_only
回顾铜仁县解放初期的工作,0,1,0,0,,,context_only
津浦铁路修复,1,1,1,0,,,strict_backbone
划阶级斗争,0,1,0,0,,,context_only
反对分共斗争,0,3,3,0,,,strict_backbone
恢复党籍,0,3,0,0,,,context_only
小源农民武装暴动,0,2,2,0,,,strict_backbone
第二次县政扩大会议,0,3,0,0,,,context_only
保警总队清点移交,0,3,0,0,,,context_only
反对纱厂商办,2,2,2,0,,,strict_backbone
少数民族土改特点认识,0,3,1,0,,,strict_backbone
抗粮抗债抗捐税斗争,0,2,0,0,,,context_only
民主自治政府成立,0,3,0,0,,,context_only
攻汀泗桥,0,2,2,0,,,strict_backbone
长沙战役,0,15,13,0,,,strict_backbone
苏维埃成立,0,3,1,0,,,strict_backbone
党组织领导的武装起义,0,7,5,0,1920-01-01,1920-12-31,strict_backbone
黑冲战斗,0,1,0,0,,,context_only
抓匪挤枪运动,0,1,0,0,,,context_only
鲁班战斗,1,15,4,1,,,strict_backbone
解放区,2,40,5,0,,,strict_backbone
群众教育运动,0,2,0,0,,,context_only
五卅示威,0,2,2,0,,,strict_backbone
县受领枪队,0,1,0,0,,,context_only
抗丁抗粮运动,0,5,4,0,,,strict_backbone
袭击李店保卫团,1,4,3,0,,,strict_backbone
攻威宁起义,1,2,2,0,,,strict_backbone
广土团,0,2,2,0,,,strict_backbone
打土豪分东西与统战保甲长,1,3,2,0,,,strict_backbone
新四军军部重新成立,0,3,0,0,,,context_only
皖北政治状况分析,0,3,1,1,,,strict_backbone
列宁小学教育政策,0,3,1,0,,,strict_backbone
溧高战役,5,14,10,0,,,strict_backbone
策反地方武装,2,6,3,1,,,strict_backbone
反违法斗争,0,2,0,0,,,context_only
反革命会道门暴动,0,2,0,0,,,context_only
平息叛乱的武装斗争,0,3,1,1,,,strict_backbone
繁昌战斗,0,7,3,0,,,strict_backbone
郎岱民先队,0,8,2,0,,,strict_backbone
塾坊事件,1,1,1,0,,,strict_backbone
栗树洲惨案,0,6,0,0,,,context_only
广顽,0,2,0,0,,,context_only
刻写抗日反蒋与列宁主义标语,0,4,1,0,,,strict_backbone
巴山防务会议,1,1,1,0,,,strict_backbone
红二六军团西征行动,0,1,0,0,,,context_only
赣县大埠农民武装暴动,2,2,2,0,,,strict_backbone
土桥起义,1,3,3,0,,,strict_backbone
清明节祭扫活动,0,3,0,0,,,context_only
茶亭战斗,0,2,0,0,,,context_only
渣滓洞大屠杀,0,8,4,0,,,strict_backbone
六·二六土匪暴乱,0,2,0,0,,,context_only
镇雄‘五九’起义,0,3,0,0,,,context_only
民主建国时期的青年运动方针,0,3,0,0,,,context_only
爱国雪耻会,0,1,0,0,,,context_only
撤退安排,0,2,1,0,,,strict_backbone
罢教斗争,1,53,23,1,1949-01-01,1949-12-31,strict_backbone
雷公山合围圈,0,4,2,0,,,strict_backbone
成都和平解放,0,8,0,0,,,context_only
战干团第一团第三队,0,2,0,0,,,context_only
福建城工部事件,0,2,2,0,,,strict_backbone
第三次向赣南挺进,0,2,0,0,,,context_only
红军南进战役,0,1,0,0,,,context_only
飞集会斗争,1,2,2,0,,,strict_backbone
铜厂镇暴动,0,1,1,0,,,strict_backbone
星星剧社,0,3,1,0,,,strict_backbone
山林医院,0,22,3,0,,,strict_backbone
滇军朱旭,0,1,0,0,,,context_only
豪绅地主武装与剥削,0,2,0,0,,,context_only
崇德城政府成立事件,0,6,0,1,,,context_only
斗争会议,1,3,2,0,,,strict_backbone
孙子圩战斗,0,2,0,0,,,context_only
红军会合行动,0,6,0,1,,,context_only
重庆八人漫画联展,0,2,2,0,,,strict_backbone
恢复和追认烈士,0,1,0,0,,,context_only
革命思想传播,0,3,0,0,,,context_only
踊跃支前参军,0,2,1,0,,,strict_backbone
东固起义,2,3,3,0,,,strict_backbone
东北问题,0,1,1,0,,,strict_backbone
国共合作反帝反封建斗争,0,7,5,1,,,strict_backbone
地委机关被查封事件,0,9,3,0,,,strict_backbone
赣东行委,0,3,0,1,,,context_only
中共云南特别委员会扩大会议,0,3,0,1,,,context_only
东门事件,0,3,0,0,,,context_only
涡东北区建党/邳睢铜工作,0,1,1,0,,,strict_backbone
袭击半堡战斗,0,6,1,0,,,strict_backbone
怀宁三桥战斗,0,5,3,0,,,strict_backbone
仙踪边境游击根据地开辟,0,3,0,0,,,context_only
上海‘七君子’事件,0,3,1,0,,,strict_backbone
少先队代表大会,0,1,0,0,,,context_only
城市接管政策宣传,0,1,0,0,,,context_only
湖北土改工作总结,0,2,0,0,,,context_only
1949年三大战役后,0,1,0,0,,,context_only
互助合作会议,0,1,0,0,,,context_only
政权接收/筹粮宣传,0,3,2,0,,,strict_backbone
群众宣传运动,0,1,0,0,,,context_only
县党部斗争,0,4,1,0,,,strict_backbone
江姐被捕,0,3,0,0,,,context_only
便衣侦察捉匪,0,3,1,0,,,strict_backbone
荔波县城解放,0,3,0,0,,,context_only
夺取台江城,0,3,0,0,,,context_only
应对内部暴动,1,2,1,0,,,strict_backbone
鸭脚坳战斗,0,1,0,0,,,context_only
办学斗争,0,1,1,0,,,strict_backbone
千佛山战斗,3,19,7,1,,,strict_backbone
丁德战役,0,3,1,1,,,strict_backbone
中大同学运动,0,6,3,0,,,strict_backbone
基长保卫战,0,4,3,0,,,strict_backbone
AB团案件,0,3,0,0,,,context_only
雪凉合围战斗,0,10,5,1,,,strict_backbone
优待俘虏政策,0,5,1,0,,,strict_backbone
枣树垭战斗,0,5,2,0,,,strict_backbone
反内战大游行,0,6,0,1,,,context_only
抗暴宣传与请愿,0,4,0,0,,,context_only
枪击伪排长,0,3,2,0,,,strict_backbone
反霸清算斗争,0,5,2,0,,,strict_backbone
代表会议制度,0,5,2,0,,,strict_backbone
武汉会师,0,3,0,0,,,context_only
搭浮桥支前,0,8,4,0,,,strict_backbone
湘西特委领导的革命斗争,0,1,0,0,,,context_only
大会会期缩短,0,1,0,0,,,context_only
宪政教育,0,3,0,0,,,context_only
沾益玉林山会师,0,8,2,0,,,strict_backbone
简阳解放,0,8,4,0,,,strict_backbone
胜利一大队,0,3,0,0,,,context_only
苏中反击战,0,2,2,0,,,strict_backbone
深入整风动员,0,2,2,0,,,strict_backbone
苏家沟战斗,2,5,3,0,,,strict_backbone
早期妇女运动,0,18,18,0,,,strict_backbone
五卅惨案资料,0,1,0,0,,,context_only
镇压勾结敌伪的茅麓公司,0,2,2,0,,,strict_backbone
八六反革命事变,0,3,0,0,,,context_only
创立节约会/信贷合作社,0,1,0,0,,,context_only
五次反‘围剿’,0,14,5,1,,,strict_backbone
坞头农民暴动,3,5,5,0,,,strict_backbone
下关惨案,3,48,29,0,,,strict_backbone
地下工作/被捕,0,1,0,0,,,context_only
护校迎军,0,2,0,0,,,context_only
参军上前线,0,4,0,0,,,context_only
搜山剿匪,0,2,2,0,,,strict_backbone
《解放周刊》,0,3,0,0,,,context_only
湘鄂西省反帝大同盟,0,3,0,0,,,context_only
便水之战,0,3,1,0,,,strict_backbone
赔偿群众损失,0,3,0,0,,,context_only
赣南地方负责同志大会,0,1,0,0,,,context_only
《民众时报》,0,2,2,0,,,strict_backbone
乌蒙山区回旋战斗,0,12,4,1,,,strict_backbone
保厂队/护厂队,0,1,0,0,,,context_only
红二、红六军团转移行动,0,0,0,0,,,isolated
分兵游击,0,3,0,0,,,context_only
威宁县土地改革,0,5,3,1,1949-01-01,1949-12-31,strict_backbone
江北县特支,0,6,0,0,,,context_only
治安攻势,0,1,0,0,,,context_only
求学/反抗压迫,0,1,0,0,,,context_only
三民主义政策讨论,0,2,2,0,,,strict_backbone
市政建设,0,6,1,1,,,strict_backbone
昭通进攻计划,0,8,4,0,,,strict_backbone
掩护南渡乌江,0,4,4,0,,,strict_backbone
直罗镇战役,3,6,4,0,,,strict_backbone
鄂豫皖苏区反围剿,0,2,0,0,,,context_only
党史座谈会安排,0,3,1,0,,,strict_backbone
分化瓦解,0,2,0,0,,,context_only
小甸集特支成立,0,6,0,1,,,context_only
护九团编制与干部任命,0,1,0,0,,,context_only
关于严格建立财政经济制度的决定,0,3,0,0,,,context_only
擒粮行动,0,3,3,0,,,strict_backbone
攻如皋城/南通战役,0,2,2,0,,,strict_backbone
吉福土司叛乱,0,3,1,0,,,strict_backbone
麻城会匪叛乱,0,1,1,0,,,strict_backbone
冼星海晚会,0,3,0,0,,,context_only
劳动就业登记诉苦交待,0,3,2,0,,,strict_backbone
杨建武大队,0,3,1,1,,,strict_backbone
江西红军战斗,0,2,0,0,,,context_only
土寨乡绅地主斗争,0,3,0,0,,,context_only
隐蔽上海/被捕/拒绝自首/秘密杀害,0,1,0,0,,,context_only
重庆-丰都特支,0,2,0,0,,,context_only
八一建军节纪念活动,0,4,4,0,,,strict_backbone
湖南秋暴,0,6,4,0,,,strict_backbone
反对军阀乱派粮款斗争,0,3,0,0,,,context_only
支援五卅惨案后援会,0,3,1,0,,,strict_backbone
保山地区工作,0,2,2,0,,,strict_backbone
攻打紫云县城行动,0,1,0,0,,,context_only
双带会,0,3,0,0,,,context_only
金沙战役,2,41,20,1,1950-01-01,1950-12-31,strict_backbone
民族革命战争,0,15,5,1,,,strict_backbone
鸡场事件,0,5,0,0,,,context_only
阅读东北地理激发爱国情,0,1,0,0,,,context_only
反对大烟鬼校长运动,0,1,1,0,,,strict_backbone
宜章战役,0,4,4,0,,,strict_backbone
建立武装力量,0,3,0,0,,,context_only
赣南,0,2,0,0,,,context_only
联合抗日活动,0,4,4,0,,,strict_backbone
自卫队夺取枪支弹药,0,2,0,0,,,context_only
中国共产主义青年团湖南区代表大会,0,3,0,0,,,context_only
1928年上半年革命活动,2,5,2,0,,,strict_backbone
借粮工作,0,17,3,2,,,strict_backbone
中共川陕省第四次党员代表大会,0,2,0,0,,,context_only
袭取罗平县城,0,2,2,0,,,strict_backbone
东坡保卫战,0,2,0,0,,,context_only
佛房军政干部会议,0,2,0,0,,,context_only
王众岭战斗,0,2,0,0,,,context_only
思茅战役,0,3,2,0,,,strict_backbone
军民合作大饭店,2,9,6,0,,,strict_backbone
立夏节武装起义,0,2,2,0,,,strict_backbone
结论,0,3,1,0,,,strict_backbone
四·一二反革命叛变,0,3,1,0,,,strict_backbone
陆良龙海山石哨子战斗,2,2,2,0,,,strict_backbone
落入敌网,0,4,1,0,,,strict_backbone
争坪地区农民起义,0,2,0,0,,,context_only
抵制仇货游行,0,1,0,0,,,context_only
中所会议,0,1,1,0,,,strict_backbone
红二十五军长征,0,7,7,0,,,strict_backbone
江岸铁路工人,0,1,0,0,,,context_only
同家岗战斗,0,1,0,0,,,context_only
高山铺战役,2,10,8,0,,,strict_backbone
反疏散、反破坏斗争,0,1,0,0,,,context_only
猪街伏击战,4,13,8,0,,,strict_backbone
滇南战斗,0,2,2,0,,,strict_backbone
成都学潮案,2,6,2,0,,,strict_backbone
政治运输任务,0,1,0,0,,,context_only
梗堡战役,0,1,1,0,,,strict_backbone
周司令部,0,3,0,0,,,context_only
黔之解放,0,3,0,0,,,context_only
渡江解放江南六省二市,2,2,2,0,,,strict_backbone
毕节山城解放,0,1,0,0,,,context_only
肃清国民党反动残余势力,0,3,0,1,,,context_only
苏浙皖三省联合会,0,3,0,0,,,context_only
禁烟运动,0,5,3,1,,,strict_backbone
四一血案追悼会,0,3,1,0,,,strict_backbone
阜东县总队驻地战斗,0,5,3,1,,,strict_backbone
劫车,1,2,2,0,,,strict_backbone
湖南劳动立法同盟,0,5,1,0,,,strict_backbone
反蚕食斗争,0,8,6,1,,,strict_backbone
宁汉合作反共,0,3,1,1,,,strict_backbone
刘僻部,1,3,1,0,,,strict_backbone
人民解放,2,5,2,0,,,strict_backbone
板中党支部成立事件,0,4,2,0,,,strict_backbone
民兵押送任务,0,1,0,0,,,context_only
停战协定谈判,0,5,2,0,,,strict_backbone
师宗城解放,0,3,1,0,,,strict_backbone
汉奸组织土匪,0,1,0,0,,,context_only
上海七月会议,0,1,1,0,,,strict_backbone
维持会,0,19,5,0,,,strict_backbone
华益公司,0,5,0,0,,,context_only
云峰山战斗,0,2,2,0,,,strict_backbone
郭村战役,0,2,2,0,,,strict_backbone
皖山分区全境解放,0,3,2,0,,,strict_backbone
诉苦灯,0,2,2,0,,,strict_backbone
上关战斗,0,1,0,0,,,context_only
武汉三镇学生响应,0,5,3,1,,,strict_backbone
三抗两反斗争,0,3,0,0,,,context_only
哲庄坝战斗,7,39,18,2,,,strict_backbone
大路口伏击战,0,3,0,0,,,context_only
刘有泰负伤被救/群众送饭/王仲三潜逃被捉,0,0,0,0,,,isolated
中国青年劳工团,2,2,2,0,,,strict_backbone
中华苏维埃川滇黔省革命委员会成立,0,2,0,0,,,context_only
铁南威党小组,0,1,0,0,,,context_only
淮海战役、渡江战役、解放上海,0,0,0,0,,,isolated
沙窝会议,0,13,5,0,,,strict_backbone
"打土豪,分田地",9,164,41,5,1932-03-01,1932-03-31,strict_backbone
金子特支,0,3,0,0,,,context_only
江西兵变,0,2,0,0,,,context_only
兵房战斗,0,3,0,0,,,context_only
接管政权,1,11,5,0,,,strict_backbone
江西农民运动,0,6,0,0,,,context_only
流渡桥战斗,1,6,3,0,,,strict_backbone
统战运动,0,1,0,0,,,context_only
减租斗争,1,45,23,4,,,strict_backbone
农民协会示威大会,0,6,1,1,,,strict_backbone
金沙江侦察,0,3,0,0,,,context_only
首次铁壁大合围,0,3,3,0,,,strict_backbone
海上战斗,0,1,0,0,,,context_only
湖沟伪军,0,3,0,0,,,context_only
军渡江,0,2,2,0,,,strict_backbone
双十一运动,0,3,0,1,,,context_only
群众斗争,3,27,14,1,,,strict_backbone
游击大队成立,0,1,0,0,,,context_only
农业生产运动,0,3,2,0,,,strict_backbone
夜袭剿匪,0,3,3,0,,,strict_backbone
钢枪班,0,2,0,0,,,context_only
儿童少年代表大会,0,1,0,0,,,context_only
抗战时期滇东北地区进步宣传,0,1,0,0,,,context_only
制定松潘战役计划,0,1,1,0,,,strict_backbone
六·二六反革命大叛乱,0,6,2,1,,,strict_backbone
古隘、安息战斗,0,6,0,0,,,context_only
镇宁民先队,0,4,2,0,,,strict_backbone
重庆校场口血案,1,3,2,0,,,strict_backbone
军政权移交,0,4,1,0,,,strict_backbone
温浏分兵,0,6,3,0,,,strict_backbone
节省三升米运动,0,2,2,0,,,strict_backbone
南京四一惨案,0,2,2,0,,,strict_backbone
《一二·一》,0,1,1,0,,,strict_backbone
贵余万起义,0,3,3,0,,,strict_backbone
纪念鲁迅晚会与革命文艺,0,4,0,0,,,context_only
祭先父文,0,3,0,0,,,context_only
川南工农劳苦群众,0,4,0,0,,,context_only
解放战争时期群众动员活动,0,2,2,0,,,strict_backbone
滇东地区战斗,0,6,0,0,,,context_only
毕节活动,2,2,2,0,,,strict_backbone
剑河县五区六区共军过境调查,0,5,0,0,,,context_only
扩红,2,12,5,0,,,strict_backbone
大路特支,0,11,0,0,,,context_only
芙蓉巴山战斗,0,1,0,0,,,context_only
长沙海关收回运动,0,3,0,0,,,context_only
支援上海五卅运动,1,9,4,0,,,strict_backbone
千里井惨案,0,7,2,2,,,strict_backbone
十六人战斗小组,0,1,0,0,,,context_only
鄂西游击大队,0,6,6,0,,,strict_backbone
二野南下/进军四川重庆,0,1,1,0,,,strict_backbone
湖南省工农代表大会,2,9,4,0,,,strict_backbone
抗战剧团征募慰问信活动,0,6,1,1,,,strict_backbone
民族自卫大队,0,5,0,0,,,context_only
泰兴县参政会,0,1,1,0,,,strict_backbone
诱敌深入,0,7,0,0,,,context_only
弋阳县苏维埃政府成立,0,4,0,0,,,context_only
声援五卅运动,0,2,0,0,,,context_only
洪湖苏区斗争,0,2,2,0,,,strict_backbone
三路行动,0,1,0,0,,,context_only
秘密入党宣誓,0,1,1,0,,,strict_backbone
珠仙桥遭遇战,0,3,0,0,,,context_only
南京三十四标未遂兵变,0,5,3,0,,,strict_backbone
歼灭'黄团'战斗,0,2,0,0,,,context_only
急行军/吃生米,0,1,1,0,,,strict_backbone
董明化装成卖洋烟贩子,0,3,0,0,,,context_only
宁波学生联合会,0,3,1,0,,,strict_backbone
中国农工民主党中央,0,1,0,0,,,context_only
淮河大队突围事件,0,3,3,0,,,strict_backbone
涪陵兵变,2,16,9,0,,,strict_backbone
选举中央执行委员及候补委员,0,1,0,0,,,context_only
货物税征收暂行条例,0,3,1,0,,,strict_backbone
全面停战,0,3,0,0,,,context_only
芹溪农民暴动,1,1,1,0,,,strict_backbone
向合围中心进军,0,3,0,0,,,context_only
硬水战役,0,3,3,0,,,strict_backbone
支援山东、川南斗争,0,1,0,0,,,context_only
重庆地下斗争,0,6,1,0,,,strict_backbone
南昌讨蒋,0,3,3,0,,,strict_backbone
美军强奸北大女学生沈崇事件,0,3,0,0,,,context_only
溧高县警卫营,0,5,0,0,,,context_only
司法调解与下乡办案,1,3,2,0,,,strict_backbone
支援资金与买盐办合作社,0,2,2,0,,,strict_backbone
湘赣省第一次苏维埃代表大会,1,3,1,2,,,strict_backbone
黄陂东陂两次战役,0,5,3,0,,,strict_backbone
惠通桥抢修行动,0,2,0,0,,,context_only
红岩整编,4,4,4,0,,,strict_backbone
凯里战斗,1,20,15,0,,,strict_backbone
成都各校学生,0,3,1,0,,,strict_backbone
大山战役掩护撤退,0,3,0,0,,,context_only
五大任务总结,0,1,0,0,,,context_only
开展抗日反蒋武装斗争,0,5,1,1,,,strict_backbone
胡风冤案,0,3,1,1,,,strict_backbone
宗谱修订,0,3,0,0,,,context_only
涧河口被俘事件,0,3,0,0,,,context_only
突围掩护抗击追敌,0,4,0,0,,,context_only
正义社,0,5,4,0,,,strict_backbone
抗美援朝高潮,0,2,2,0,,,strict_backbone
水池铺暴动,1,1,1,0,,,strict_backbone
拥军优抚工作指示,0,5,0,0,,,context_only
滇黔边界地区人民,0,2,0,0,,,context_only
杨柘坪战斗,0,1,0,0,,,context_only
共革盟东进军,0,3,1,1,,,strict_backbone
侦察备战,0,2,0,0,,,context_only
抗日救亡图书室,0,6,3,1,,,strict_backbone
会宁会师,0,2,0,0,,,context_only
三万群众围攻加力的斗争,1,4,2,0,,,strict_backbone
转入隐蔽,1,2,1,0,,,strict_backbone
石鼓战斗,0,3,1,0,,,strict_backbone
红一、四方面军会师,0,1,1,0,,,strict_backbone
秋征公粮查评工作,0,2,2,0,,,strict_backbone
获取剿匪情报,0,3,0,0,,,context_only
宿县抗日游击队建立,0,5,5,0,,,strict_backbone
王庄乡队,0,1,0,0,,,context_only
剿匪统一战线,0,3,0,0,,,context_only
筹集经费与策反联防大队,0,1,0,0,,,context_only
平江惨案/皖南事变,0,0,0,0,,,isolated
日散夜聚,0,3,0,0,,,context_only
潭口武装暴动,2,9,6,1,,,strict_backbone
暴动经费,0,1,0,0,,,context_only
无锡抗日青年流亡服务团,0,3,0,0,,,context_only
保安团起义,2,2,2,1,,,strict_backbone
当阳起义,2,9,9,0,,,strict_backbone
支前行军与曹集事件,0,2,2,0,,,strict_backbone
浙江军运工作,1,3,3,0,,,strict_backbone
江西农民运动训练班,2,3,3,0,,,strict_backbone
省港罢工工人代表大会,0,2,2,0,,,strict_backbone
保安一团起义,0,2,0,0,,,context_only
农民协会组织斗争,0,3,0,0,,,context_only
白果树战斗,1,26,12,1,,,strict_backbone
反蒋宣传,0,3,2,0,,,strict_backbone
纪律整顿与群众组织建设,0,1,0,0,,,context_only
谷陇战斗,0,4,4,0,,,strict_backbone
反美蒋运动,0,1,0,0,,,context_only
第四次反“围剿”决战胜利,0,1,0,0,,,context_only
八分区攻占阜阳,0,2,0,2,,,context_only
淮南解放区战斗,0,6,3,1,,,strict_backbone
万年县第四次工农兵代表大会,0,3,0,0,,,context_only
扫荡地霸势力,0,1,1,0,,,strict_backbone
大路工程公司,0,9,0,0,,,context_only
粤汉工友惨案,0,3,1,3,,,strict_backbone
窝洛格镇战斗,0,1,1,0,,,strict_backbone
进川渡江任务,0,3,0,0,,,context_only
七宝寺女子班,0,2,0,0,,,context_only
列宁逝世三周年纪念,0,3,0,0,,,context_only
五卅反帝爱国运动,4,19,15,1,1949-01-01,1949-12-31,strict_backbone
晏家河战斗,0,2,2,0,,,strict_backbone
肃特镇反,0,3,0,0,,,context_only
狮山战斗,0,1,0,0,,,context_only
皖浙赣省委成立,0,5,3,0,,,strict_backbone
阻击反共军东进,0,3,0,0,,,context_only
湘西北妇女革命运动,0,3,0,0,,,context_only
夺取武器,0,3,1,0,,,strict_backbone
王司保卫战,0,1,0,0,,,context_only
阮匪,0,3,0,0,,,context_only
麻东事变,0,1,0,0,,,context_only
芷江县第一次国民党党员和农协会员代表大会,0,6,0,0,,,context_only
苏北内战,0,2,0,0,,,context_only
火炬游行,1,6,1,0,,,strict_backbone
学生反国民党斗争,0,3,0,0,,,context_only
解放战争时期党史资料座谈会,0,2,2,0,,,strict_backbone
江西工农革命,0,3,0,0,,,context_only
战斗结束/俘虏处理,0,6,0,0,,,context_only
发动雇贫农,3,3,3,0,,,strict_backbone
上海地下组织收拢人员,1,3,1,0,,,strict_backbone
湘阴农民运动,1,2,2,0,,,strict_backbone
民兵班,0,7,0,0,,,context_only
劳工堂,0,1,0,0,,,context_only
战斗胜利,0,3,0,0,,,context_only
江西青年运动,1,5,3,1,,,strict_backbone
"""四·八""烈士追悼大会",0,3,1,1,,,strict_backbone
肃清反动残余,0,6,4,1,,,strict_backbone
古埠清剿,0,5,2,0,,,strict_backbone
雷山台江合围大捷,0,4,0,0,,,context_only
大参军运动,1,8,4,1,1947-01-01,1947-12-31,strict_backbone
京汉路长辛店工人罢工,0,3,1,0,,,strict_backbone
上海第三次武装起义,2,12,12,1,1927-03-28,1927-03-28,strict_backbone
赣西特委破坏事件,0,4,2,0,,,strict_backbone
江尾塘伏击战,0,4,0,0,,,context_only
左伯桃部,0,1,0,0,,,context_only
进步师生被捕事件,0,1,0,0,,,context_only
农业互助合作运动,0,4,4,1,,,strict_backbone
陆显海兵变,0,2,1,0,,,strict_backbone
永丰行动,0,2,2,0,,,strict_backbone
渡鄱阳湖行动,0,1,1,0,,,strict_backbone
云、贵、川三省革命战争,0,1,0,0,,,context_only
1946年大规模诚斗流血事件,0,1,1,0,,,strict_backbone
渡马工作,0,6,0,0,,,context_only
红四方面军党政工作会议,2,2,2,0,1934-01-01,1934-12-31,strict_backbone
建立地下组织,0,1,0,0,,,context_only
两湖暴动计划,0,7,0,0,,,context_only
占领渡江,0,3,1,1,,,strict_backbone
上海第四区党部成立,0,3,1,0,,,strict_backbone
捕获高竹梅,0,2,0,0,,,context_only
溧阳青年战地服务队,3,5,3,0,,,strict_backbone
民主选举,0,8,1,0,,,strict_backbone
南通集训/整肃逃兵/调换武器,0,3,0,0,,,context_only
叶坪湖农民暴动,0,2,0,0,,,context_only
‘边胞’训练班,1,15,2,0,,,strict_backbone
三都合围/麻尾合围/罗甸合围,0,0,0,0,,,isolated
二七惨案,0,51,17,2,,,strict_backbone
中共三届一中全会,0,3,1,0,,,strict_backbone
蒋柱峰公审枪决事件,0,2,2,1,1939-01-01,1939-12-31,strict_backbone
中国人民政治协商会议第一届全体会议,1,15,6,1,,,strict_backbone
反动势力斗争策略,0,3,0,0,,,context_only
红22军整编,0,3,3,0,,,strict_backbone
抗日武装后备营,0,1,1,0,,,strict_backbone
岔庙南孔八巷战斗,0,3,0,0,,,context_only
爱群会,0,5,2,0,,,strict_backbone
黔西县剿匪行动,0,3,0,0,,,context_only
1950年四月土匪暴动,0,2,0,0,,,context_only
梁山游击大队,0,2,2,0,,,strict_backbone
云南解放后平叛行动,0,1,1,0,,,strict_backbone
老鸦营阻击战,0,1,0,0,,,context_only
转移藏匿与土匪刑讯,0,6,0,0,,,context_only
北伐军占领南京,0,3,0,0,,,context_only
第一次农民代表大会,0,6,1,0,,,strict_backbone
巴中扩红,0,3,0,0,,,context_only
战役史实,0,1,0,0,,,context_only
反日反帝组织,0,3,0,0,,,context_only
北伐军解放武昌,0,3,0,0,,,context_only
反动派屠杀革命群众,0,3,1,0,,,strict_backbone
滇黔川边活动,0,3,3,0,,,strict_backbone
保安山反击战,0,6,4,1,,,strict_backbone
矿警罢岗支援,0,3,1,0,,,strict_backbone
学潮失败,0,1,0,0,,,context_only
湘省剿匪行动,0,4,4,2,,,strict_backbone
黔东会师,0,8,3,0,,,strict_backbone
查佩清的特务队,0,3,1,0,,,strict_backbone
东南海党训班,0,3,0,0,,,context_only
大扫荡,0,2,0,0,,,context_only
粤汉铁路工人俱乐部,0,2,0,0,,,context_only
建筑业民改民主团结,0,2,0,0,,,context_only
崇爱国小组,0,2,0,0,,,context_only
夜间行军,1,5,2,0,,,strict_backbone
党章教育,0,2,2,0,,,strict_backbone
施秉城战斗,1,6,6,0,,,strict_backbone
雨古协定,0,3,0,0,,,context_only
青年革命斗争,0,1,0,0,,,context_only
狱成,0,1,0,0,,,context_only
反苏大游行,0,1,0,0,,,context_only
盘山合围剿匪战役,0,5,0,0,,,context_only
横峰县农民运动,0,1,0,0,,,context_only
堤工建设,0,3,1,0,,,strict_backbone
收复竖河镇/连续拔除据点,0,4,1,0,,,strict_backbone
豫皖边区党委成立,0,3,0,0,,,context_only
六马农民武装起义,1,6,6,0,,,strict_backbone
九溪镇起义,1,5,5,0,,,strict_backbone
《黄平解放纪实》,0,3,0,0,,,context_only
反击日伪军'第二期治安肃正',0,9,3,2,,,strict_backbone
精兵简政政策,0,5,2,0,,,strict_backbone
解放区军民斗争,0,3,0,0,,,context_only
武汉爱国军政人员联谊会,1,2,2,0,,,strict_backbone
国共合作破坏事件,0,3,0,0,,,context_only
五·九暴动,0,2,2,0,,,strict_backbone
抗美援朝参军,0,3,0,0,,,context_only
历次学生运动,0,2,0,0,,,context_only
改善生活运动,0,2,2,1,1949-01-01,1949-12-31,strict_backbone
告知死讯,0,2,0,0,,,context_only
武昌纸坊战斗,0,2,2,0,,,strict_backbone
七·一五镇压学生运动,0,3,1,1,,,strict_backbone
三女师校长受攻击,0,3,0,0,,,context_only
赣北红军游击队成立,0,5,0,0,,,context_only
五卅惨案声援运动,1,6,6,0,1925-01-01,1925-12-31,strict_backbone
新民主主义青年团组织建立,0,6,0,0,,,context_only
火攻,2,2,2,0,,,strict_backbone
小源武装暴动,1,3,3,0,,,strict_backbone
上海惨剧,1,5,3,1,,,strict_backbone
马龙反蒋武装,0,3,2,0,,,strict_backbone
淮南解放,0,16,2,0,,,strict_backbone
纱厂公办,0,4,4,0,,,strict_backbone
中国革命胜利,0,1,1,0,,,strict_backbone
赣北工农武装工作,0,3,0,0,,,context_only
夺取枪械,0,2,1,0,,,strict_backbone
解放西南战役,0,5,0,1,,,context_only
运粮运油支前立功,0,8,4,0,,,strict_backbone
组织领导学生运动,0,6,2,0,,,strict_backbone
发动农民运动,0,1,0,0,,,context_only
芦家庙战斗,5,25,14,2,,,strict_backbone
自制子弹生产,0,3,1,0,,,strict_backbone
罗平老机厂战斗,0,2,0,0,,,context_only
罗霄山脉中段割据计划,0,1,0,0,,,context_only
组织农民武装暴动,2,2,2,0,,,strict_backbone
皖西第四次反'围剿',0,3,3,0,,,strict_backbone
半塔青训班,0,4,1,0,,,strict_backbone
废除区乡保甲制度,0,3,2,0,,,strict_backbone
民先六冲关大会,0,3,1,0,,,strict_backbone
才溪乡调查,2,4,2,0,,,strict_backbone
红四方面军长征,1,76,12,0,,,strict_backbone
绵竹孝泉兵变,0,3,0,0,,,context_only
建政、建党工作,0,0,0,0,,,isolated
赴苏学习,1,6,4,0,,,strict_backbone
国民党改组,1,3,1,0,,,strict_backbone
全合县总队,0,5,0,1,,,context_only
川北自治讲习会,0,3,0,0,,,context_only
赤区工作,0,3,1,1,,,strict_backbone
湖南全省农民代表大会,1,2,2,0,,,strict_backbone
鄣公山会师和省委扩大会议,0,1,0,0,,,context_only
侦察队战斗,0,3,1,1,,,strict_backbone
湘鄂西苏维埃第二次代表大会,0,5,3,2,,,strict_backbone
湘西剿匪方针,0,6,0,0,,,context_only
南京马克思主义研究会,0,3,0,1,,,context_only
洪泽湖坚持五十日,0,2,0,0,,,context_only
上海工人第三次武装起义准备,1,2,2,0,,,strict_backbone
反动会道门,0,3,0,0,,,context_only
农村金融系统建设,0,3,0,0,,,context_only
袍溪山起义,1,2,2,0,,,strict_backbone
川陕苏区的反“围剿”斗争,0,2,2,0,,,strict_backbone
弋阳四都农民暴动,0,3,3,0,,,strict_backbone
泸西城防大仗武装起义,0,1,1,0,,,strict_backbone
红军围剿斗争,0,2,0,0,,,context_only
边区工作,0,3,0,0,,,context_only
农协成立与标语宣传,0,4,2,0,,,strict_backbone
《红、桂、川军事协定》,0,1,0,0,,,context_only
参加暴动人员,0,3,0,0,,,context_only
发展工农运动,0,3,0,0,,,context_only
少数民族革命,0,2,0,0,,,context_only
护厂护店斗争,0,8,5,0,,,strict_backbone
沔城突袭战,0,3,3,0,,,strict_backbone
秋收起义/组织武装/编写标语,0,1,1,0,,,strict_backbone
令鲁道源起义,0,1,0,0,,,context_only
于都事件,0,9,1,0,,,strict_backbone
民主竞选,0,3,1,0,,,strict_backbone
中国国民党四川第一次代表大会,0,3,0,0,,,context_only
学生罢课斗争,0,9,1,0,,,strict_backbone
淮海战役支援活动,0,6,0,0,,,context_only
‘四·一’血案后援联合会,1,11,9,1,,,strict_backbone
攻打吉安,0,7,0,0,,,context_only
儿童剧创作,0,3,1,0,,,strict_backbone
集兵政策,0,3,0,0,,,context_only
起义信号,0,1,0,0,,,context_only
活命运动大会,0,3,0,0,,,context_only
南岔战斗,0,1,0,0,,,context_only
办小学,0,1,0,0,,,context_only
二一九学联事件,0,1,0,0,,,context_only
五·二惨案,0,1,0,0,,,context_only
反清乡斗争,0,2,1,0,,,strict_backbone
景谷地霸暴动,0,1,0,0,,,context_only
攻打硝石,0,1,0,0,,,context_only
王仲三潜逃被捉,0,15,0,0,,,context_only
碧县解放,0,3,2,1,1940-01-01,1940-12-31,strict_backbone
江西战役,0,1,1,0,,,strict_backbone
解放三穗,0,1,0,0,,,context_only
阻击逃敌,0,7,6,0,,,strict_backbone
保释出狱,0,1,0,0,,,context_only
击毙郭凤鸣,0,5,1,0,,,strict_backbone
工农联席会议,0,1,0,0,,,context_only
百石战斗,0,1,0,0,,,context_only
革大二期,0,1,1,0,,,strict_backbone
冯家埭战斗,0,2,0,0,,,context_only
麻尾合围,0,4,0,0,,,context_only
银元投机,0,1,0,0,,,context_only
被俘,0,9,1,0,,,strict_backbone
贡县解放,0,3,2,1,1940-01-01,1940-12-31,strict_backbone
突破土地岭,0,1,1,0,,,strict_backbone
罢怠工斗争,0,1,0,0,,,context_only
参加干班学习,0,1,0,0,,,context_only
从事秘密工作,0,1,0,0,,,context_only
抗征丁斗争,0,1,1,0,,,strict_backbone
结婚,0,1,0,0,,,context_only
苏北抗日根据地开辟,0,1,0,0,,,context_only
抗粮活动,0,1,1,0,,,strict_backbone
开辟湘鄂西,0,2,1,0,,,strict_backbone
阻击增援,0,2,0,0,,,context_only
西香火岭战斗,2,4,2,2,,,strict_backbone
清匪,0,4,1,0,,,strict_backbone
攻占富民,0,2,0,0,,,context_only
鄂东根据地建设,0,1,1,0,,,strict_backbone
三渡赤水准备,0,4,2,0,,,strict_backbone
修建桥梁,0,1,0,0,,,context_only
青岛罢工运动,0,1,0,0,,,context_only
敌伪扫荡,0,2,1,0,,,strict_backbone
大美晚报事件,0,1,0,0,,,context_only
民兵以少胜多,0,10,0,0,,,context_only
抗债,0,1,0,0,,,context_only
九江罢工运动,0,1,0,0,,,context_only
西革四团起义,0,1,0,0,,,context_only
妓女改造,0,2,2,0,,,strict_backbone
惩处汉奸,0,1,0,0,,,context_only
平型关大战,0,1,1,0,,,strict_backbone
刘家麟叛变投敌,0,1,0,0,,,context_only
投毒,0,1,1,0,,,strict_backbone
夏征工作,0,6,0,0,,,context_only
镇压武装暴乱,1,1,1,0,,,strict_backbone
南门开发,0,1,0,0,,,context_only
秋征减免,0,1,1,0,,,strict_backbone
军干部训练班,0,1,0,0,,,context_only
长汀会议,0,2,2,0,,,strict_backbone
红六军团瓦屋塘战斗,0,1,0,0,,,context_only
垦荒地运动,0,1,1,0,,,strict_backbone
抗税,0,1,0,0,,,context_only
分配田土,0,1,0,0,,,context_only
反迁移,0,2,0,0,,,context_only
抗租,0,1,0,0,,,context_only
支援天目山战斗,0,1,0,0,,,context_only
政干部训练班,0,1,0,0,,,context_only
算旧帐运动,0,2,2,0,,,strict_backbone
组建武装,0,3,2,0,,,strict_backbone
培养建党对象,1,2,2,0,,,strict_backbone
红六军团行动,0,3,1,0,,,strict_backbone
妇女支前,0,1,0,0,,,context_only
马山战斗,0,2,1,0,,,strict_backbone
歌咏会,0,1,0,0,,,context_only
六顺地霸暴动,0,1,0,0,,,context_only
合川农运,0,1,1,0,,,strict_backbone
圭山人民武装起义,0,1,1,0,,,strict_backbone
抗旱,0,1,1,0,,,strict_backbone
独山三都合围,0,2,1,0,,,strict_backbone
奇袭保安队,0,1,0,0,,,context_only
火攻碉堡,0,1,0,0,,,context_only
反军,0,1,1,0,,,strict_backbone
访贫问苦,0,1,0,0,,,context_only
组织合唱队,0,2,0,0,,,context_only
阶级解放,0,1,0,0,,,context_only
攻占禄丰,0,2,0,0,,,context_only
青杠坡战斗,1,4,4,0,,,strict_backbone
围歼宿城之敌,0,3,3,0,,,strict_backbone
农民抗捐,0,1,0,0,,,context_only
反破坏,0,2,0,0,,,context_only
合围土门,0,1,1,0,,,strict_backbone
麒麟门战斗,0,1,1,0,,,strict_backbone
分粮分地,0,1,0,0,,,context_only
七邻湾武装暴动,0,1,1,0,,,strict_backbone
上海电车工人罢工,1,1,1,0,,,strict_backbone
湘边境革命活动,0,1,1,0,,,strict_backbone
母亲送子打东洋,0,1,0,0,,,context_only
准备行军,0,1,1,0,,,strict_backbone
苏中抗日根据地开辟,0,1,0,0,,,context_only
大塘通州合围进剿,0,7,1,0,,,strict_backbone
冬令救济,0,2,0,0,,,context_only
长期斗争准备,0,1,0,0,,,context_only
促进宪政运动,0,2,0,0,,,context_only
清匪,0,1,1,0,,,strict_backbone
建立抗日基地,0,1,0,0,,,context_only
围逼赵公府,0,1,0,0,,,context_only
国民党军政人员逃窜,0,6,0,0,,,context_only
抗征粮斗争,0,1,1,0,,,strict_backbone
上海邮务工人罢工,1,1,1,0,,,strict_backbone
大同战役,0,1,1,0,,,strict_backbone
攻余东,0,1,0,0,,,context_only
强攻据点,0,1,0,0,,,context_only
征收契税,0,2,1,0,,,strict_backbone
法国大革命,0,1,0,0,,,context_only
建水解放,1,6,3,0,,,strict_backbone
韦明德股匪合围,0,2,1,0,,,strict_backbone
群众送饭,0,15,0,0,,,context_only
修建桥梁,0,1,1,0,,,strict_backbone
湘工农革命运动,0,3,0,0,,,context_only
粉碎围剿,0,2,0,0,,,context_only
金山战役,0,1,1,0,,,strict_backbone
良村战斗,0,1,0,0,,,context_only
被俘,0,1,0,0,,,context_only
抢修铁路,0,3,0,0,,,context_only
莫树枫股匪合围,0,2,1,0,,,strict_backbone
反霸,0,1,0,0,,,context_only
四不让斗争,0,6,2,0,,,strict_backbone
红二军团行动,0,3,0,0,,,context_only
长兴大捷,0,1,0,0,,,context_only
墨江暴动,1,1,1,0,,,strict_backbone
直罗战役,0,1,1,0,,,strict_backbone
红六军团突围行动,0,2,0,0,,,context_only
溆浦战役,0,1,0,0,,,context_only
急行军,0,1,0,0,,,context_only
反霸,0,4,1,0,,,strict_backbone
接管苏州,0,5,0,0,,,context_only
封闭妓院,0,2,2,0,,,strict_backbone
收回码头,0,1,0,0,,,context_only
扎根串连,0,1,0,0,,,context_only
汉口罢工运动,0,1,0,0,,,context_only
抗税活动,0,1,1,0,,,strict_backbone
五次反围剿,0,1,0,0,,,context_only
没收浮财,0,1,0,0,,,context_only
调运军火,0,6,0,0,,,context_only
清匪,0,1,0,0,,,context_only
九阡剿匪,0,1,0,0,,,context_only
闽工农革命运动,0,3,0,0,,,context_only
红二军团瓦屋塘战斗,0,1,0,0,,,context_only
担架训练,0,3,2,0,,,strict_backbone
旁海解放,0,1,0,0,,,context_only
反对拉壮丁,0,2,2,0,,,strict_backbone
袭扰敌人,1,6,3,0,,,strict_backbone
罗甸合围,0,4,0,0,,,context_only
重庆会战,0,1,0,0,,,context_only
临汾战役,0,1,1,0,,,strict_backbone
割断电话线,0,1,0,0,,,context_only
修建文化宫体育场,0,1,0,0,,,context_only
投稿《新音乐》,0,2,0,0,,,context_only
五·二〇运动,0,5,0,0,,,context_only
常德建党,0,2,2,0,,,strict_backbone
整编,0,1,1,0,,,strict_backbone
解放郧县,0,1,0,0,,,context_only
横峰大暴动,0,1,1,0,,,strict_backbone
抗旱,0,1,0,0,,,context_only
清匪,0,1,0,0,,,context_only
改造思想,0,1,0,0,,,context_only
照顾伤病员,0,1,0,0,,,context_only
弋阳武装暴动,0,1,1,0,,,strict_backbone
攻打资溪桥,0,1,0,0,,,context_only
革大四期,0,1,1,0,,,strict_backbone
蒋冯阎汪战争,0,1,0,0,,,context_only
反‘三征’农民运动,0,1,1,0,,,strict_backbone
组织游击小组,0,1,0,0,,,context_only
修筑路面,0,1,1,0,,,strict_backbone
靖工作团,0,1,0,0,,,context_only
反霸,0,1,1,0,,,strict_backbone
采购军需,2,9,9,0,,,strict_backbone
强渡大渡河,0,1,0,0,,,context_only
反霸,0,1,1,0,,,strict_backbone
拦截徐州之敌,0,3,3,0,,,strict_backbone
取十里庙,0,1,0,0,,,context_only
敌全面撤退,0,1,1,0,,,strict_backbone
长兴大捷,0,1,1,0,,,strict_backbone
金门战役,0,2,2,0,,,strict_backbone
淮沭战役,0,2,2,0,,,strict_backbone
福县解放,0,3,2,1,1940-01-01,1940-12-31,strict_backbone
评功表彰,0,4,0,0,,,context_only
榛子口战斗,0,1,1,0,,,strict_backbone
反抽资斗争,0,1,1,0,,,strict_backbone
反围剿,0,1,1,0,,,strict_backbone
成立军管会,0,1,1,0,,,strict_backbone
泗才大捷,0,1,0,0,,,context_only
反美蒋,1,1,1,0,,,strict_backbone
参加新四军,0,1,0,0,,,context_only
解放房县,0,2,0,0,,,context_only
红二军团转移行动,0,3,0,0,,,context_only
强攻据点,0,5,4,0,,,strict_backbone
反清乡斗争,0,4,3,0,,,strict_backbone
龙岩战役,0,1,1,0,,,strict_backbone
禁闭学习,0,1,0,0,,,context_only
洪希宗被捕事件,0,1,0,0,,,context_only
丹阳武装起义,0,1,1,0,,,strict_backbone
暴乱,0,1,0,0,,,context_only
解放郧西,0,1,0,0,,,context_only
解放竹溪县,0,2,0,0,,,context_only
征收营业税,0,2,0,0,,,context_only
荔波铁壁合围,0,7,1,0,,,strict_backbone
师资培养,0,2,0,0,,,context_only
杨口祝捷大会,0,1,1,0,,,strict_backbone
反迁移运动,0,1,1,0,,,strict_backbone
再进遵义城,0,1,0,0,,,context_only
横峰武装暴动,0,1,1,0,,,strict_backbone
兴义县七舍暴动,0,1,0,0,,,context_only
小圭山战斗,0,1,1,0,,,strict_backbone
红六军团长征,3,46,9,0,,,strict_backbone
反霸,0,1,1,0,,,strict_backbone
麦收斗争,0,1,1,0,,,strict_backbone
查禁日货革命活动,0,1,1,0,,,strict_backbone
土匪武装成立,0,6,0,0,,,context_only
六军团渡江北进行动,0,5,0,1,,,context_only
参加工农运动,0,1,0,0,,,context_only
伏击日军,0,1,0,0,,,context_only
应城战斗,0,1,1,0,,,strict_backbone
赣工农革命运动,0,3,0,0,,,context_only
吴凤被害,0,10,0,0,,,context_only
遭围剿,0,1,0,0,,,context_only
武工队遭遇战,0,24,0,0,,,context_only
清匪,0,1,0,0,,,context_only
二军团渡江北进行动,0,5,0,1,,,context_only
解放竹山县,0,2,0,0,,,context_only
驱逐赵恒惕,0,1,0,0,,,context_only
高沟祝捷大会,0,1,1,0,,,strict_backbone
回师贵州,2,4,4,0,,,strict_backbone
下关阻击,0,7,0,0,,,context_only
召开少数民族会议,0,1,0,0,,,context_only
试办土地改革,1,1,1,0,,,strict_backbone
南庄畈武装暴动,0,1,1,0,,,strict_backbone
剑川地震,0,1,1,0,,,strict_backbone
党费缴纳,0,1,0,0,,,context_only
筹集军粮,0,1,0,0,,,context_only
古碑冲武装暴动,0,1,1,0,,,strict_backbone
罗世文被捕事件,0,1,0,0,,,context_only
慈利战役,0,1,1,0,,,strict_backbone
参加党训班,0,2,1,0,,,strict_backbone
妇运,0,1,0,0,,,context_only
围歼何文开匪部,0,1,0,0,,,context_only
放火,0,1,1,0,,,strict_backbone
罗忠明跳洞捉匪,0,10,0,0,,,context_only
拦劫火车,0,24,0,0,,,context_only
羊凤剿匪,0,1,0,0,,,context_only
姚林彪增援牺牲,0,4,0,0,,,context_only
镇江武装起义,0,1,1,0,,,strict_backbone
二军团西进行动,0,3,0,0,,,context_only
开办自来水,0,1,0,0,,,context_only
汇报工作,0,2,1,0,,,strict_backbone
奇袭禄劝县城,0,1,0,0,,,context_only
红二军团突围行动,0,2,0,0,,,context_only
红四军整编,0,2,2,0,,,strict_backbone
征借粮,0,1,0,0,,,context_only
建立芦荡医院,0,1,0,0,,,context_only
击溃援匪,0,1,0,0,,,context_only
查处违法乱纪,0,1,1,0,,,strict_backbone
反停课斗争,0,1,0,0,,,context_only
反“清剿”斗争,0,2,0,0,,,context_only
诉苦会,0,1,0,0,,,context_only
袭击矿警队,0,1,1,0,,,strict_backbone
任命干部,0,1,0,0,,,context_only
妻子送郎上战场,0,1,0,0,,,context_only
占领长汀,1,5,1,0,,,strict_backbone
绞肠牺牲,0,1,0,0,,,context_only
攻占拉八关,0,1,0,0,,,context_only
粮食供应,0,3,2,0,,,strict_backbone
长兴一带攻势作战,0,2,1,0,,,strict_backbone
上井冈山,0,2,0,0,,,context_only
部队整编,0,3,0,0,,,context_only
驱逐反动校长刘志远的学潮,0,1,0,0,,,context_only
沙寨铁壁合围,0,2,1,0,,,strict_backbone
编组队伍,0,1,0,0,,,context_only
反“清乡”斗争,0,2,0,0,,,context_only
反三征斗争,1,1,1,0,,,strict_backbone
抗税,0,1,0,0,,,context_only
包围杜聿明,0,1,0,0,,,context_only
筑道路运动,0,1,1,0,,,strict_backbone
程九如坚守东门城楼,0,4,0,0,,,context_only
丰利战斗,0,1,1,0,,,strict_backbone
反围剿,0,1,0,0,,,context_only
杆秤分田,0,1,1,0,,,strict_backbone
反蒋农民运动,0,1,1,0,,,strict_backbone
武工作团,0,1,0,0,,,context_only
金鸡战斗,0,1,1,0,,,strict_backbone
入城教育,0,5,0,0,,,context_only
查田,0,2,2,0,,,strict_backbone
攻打南昌,0,1,0,0,,,context_only
入党教育,0,2,1,0,,,strict_backbone
建立联络网,0,6,0,0,,,context_only
炸碉堡,0,1,0,0,,,context_only
焚毁田契债约,0,1,0,0,,,context_only
陆镇藩守城,0,10,0,0,,,context_only
抗粮,0,1,0,0,,,context_only
接管县政府,0,7,0,0,,,context_only
解放金坛城,0,1,0,0,,,context_only
绘制地形图,0,1,0,0,,,context_only
奇袭武定县城,0,1,0,0,,,context_only
抗丁活动,0,1,1,0,,,strict_backbone
解除武装,0,1,0,0,,,context_only
参加新四军,0,1,0,0,,,context_only
红六军团转移行动,0,3,0,0,,,context_only
威逼贵阳,4,5,4,0,,,strict_backbone
反红盘斗争,0,1,1,0,,,strict_backbone
蒙世花探山捉匪,0,10,0,0,,,context_only
糯衣战斗,0,1,1,0,,,strict_backbone
印刷传单,0,1,0,0,,,context_only
印发传单,0,1,0,0,,,context_only
红二军团长征,3,46,9,0,,,strict_backbone
工会工作移交,0,1,0,0,,,context_only
邹子兴叛变投敌,0,1,0,0,,,context_only
湘南武装起义,0,2,2,0,,,strict_backbone
泗安大捷,0,1,1,0,,,strict_backbone
击溃铲共义勇队,0,7,0,0,,,context_only
请愿斗争,0,1,1,0,,,strict_backbone
刘有泰负伤被救,0,15,0,0,,,context_only
抗捐,0,1,0,0,,,context_only
党务工作,0,1,0,0,,,context_only
修塘坝运动,0,1,1,0,,,strict_backbone
会师黔东,0,2,1,0,,,strict_backbone
民族上层人物支持,0,10,0,0,,,context_only
黄灵矶战斗,0,1,1,0,,,strict_backbone
宜兴一带攻势作战,0,2,1,0,,,strict_backbone
武冈解放,0,1,0,0,,,context_only
邵家桥伏击战,0,2,1,0,,,strict_backbone
王家坳遭遇战,0,2,2,0,,,strict_backbone
八一三民先事件,0,1,0,0,,,context_only
九寨冲战斗,0,2,2,0,,,strict_backbone
大圭山战斗,0,1,1,0,,,strict_backbone
新丰战斗,0,1,1,0,,,strict_backbone
反封建革命活动,0,1,1,0,,,strict_backbone
长崇惠进剿合围,0,2,1,0,,,strict_backbone
病逝,0,1,0,0,,,context_only
徐州吴窑暴动,0,1,1,0,,,strict_backbone
反破坏运动,0,1,1,0,,,strict_backbone
泗阳宿迁暴动,0,1,1,0,,,strict_backbone
西革二团起义,0,1,0,0,,,context_only
建立海上交通线,0,9,9,0,,,strict_backbone
袭击运输船,0,1,0,0,,,context_only
围攻区政府,0,22,0,0,,,context_only
西山人民武装起义,0,1,1,0,,,strict_backbone
退田赋,0,2,2,0,,,strict_backbone
撤离石城,0,1,1,0,,,strict_backbone
党干部训练班,0,1,0,0,,,context_only
围歼黄维,0,1,0,0,,,context_only
组织生活,0,1,0,0,,,context_only
护路保产斗争,0,1,1,0,,,strict_backbone
日寇“清乡”,0,8,0,0,,,context_only
海子游击大队组建,0,1,0,0,,,context_only
兴义县捧蚱暴动,0,1,0,0,,,context_only
抗捐,0,1,0,0,,,context_only
丽江地震,0,1,1,0,,,strict_backbone
解放岑巩,0,1,0,0,,,context_only
抗征税斗争,0,1,1,0,,,strict_backbone
大麦冲战斗,0,1,0,0,,,context_only
福州战役,0,1,1,0,,,strict_backbone
创建红军,0,1,0,0,,,context_only
紧急戒严,0,1,1,0,,,strict_backbone
福建战役,0,1,1,0,,,strict_backbone
反蒋农民运动,1,1,1,0,,,strict_backbone
攻打九江,0,1,0,0,,,context_only
轰炸,0,1,0,0,,,context_only
带头参军,0,5,1,0,,,strict_backbone
皖南战役,0,1,1,0,,,strict_backbone
弋阳大暴动,0,1,1,0,,,strict_backbone
学习马列,0,1,0,0,,,context_only
土门战役阻击,0,1,0,0,,,context_only
兴办教育,0,1,0,0,,,context_only
东香火岭战斗,0,4,2,2,,,strict_backbone
军事演习,0,1,0,0,,,context_only
一渡赤水,2,4,4,0,,,strict_backbone
清匪,0,1,1,0,,,strict_backbone
解放全江西,0,1,0,0,,,context_only
反‘三摘’农民运动,1,1,1,0,,,strict_backbone
分散清剿,0,14,1,0,,,strict_backbone
反'清乡',1,2,2,0,,,strict_backbone
清匪,0,1,1,0,,,strict_backbone
入黔建政,0,1,0,0,,,context_only
合川工运,0,1,1,0,,,strict_backbone
栟茶战役,0,2,2,0,,,strict_backbone
渡金沙江,2,5,4,0,,,strict_backbone
回黔打白狼,0,2,2,0,,,strict_backbone
六军团西进行动,0,3,0,0,,,context_only
解放舟山战役,1,2,2,0,,,strict_backbone
合川学运,0,1,1,0,,,strict_backbone
参加反饥饿游行,0,2,0,0,,,context_only
金鸡战斗,0,1,0,0,,,context_only
鄂中根据地建设,0,1,1,0,,,strict_backbone
清匪反霸减租,0,1,1,0,,,strict_backbone
冬学班,0,1,0,0,,,context_only
扩大红军,0,1,0,0,,,context_only
建立人民政权,1,1,1,0,,,strict_backbone
护厂活动,0,1,0,0,,,context_only
贯彻五大任务,0,1,1,0,,,strict_backbone
过潇水,0,7,0,0,,,context_only
三都合围,0,4,0,0,,,context_only
侦察,0,1,0,0,,,context_only
罗甸合围,0,2,1,0,,,strict_backbone
团结爱国人士,0,1,0,0,,,context_only
疏散新安旅行团,0,2,0,0,,,context_only
围困富安镇据点,0,6,2,0,,,strict_backbone
破坏竹篱笆,0,5,4,0,,,strict_backbone
攻占桐梓,1,5,5,0,,,strict_backbone
子女牺牲,0,1,0,0,,,context_only
办夜校,0,2,0,0,,,context_only
一·二五抗暴学生运动,0,3,1,0,,,strict_backbone
湘鄂川黔苏区反围剿,0,2,2,0,,,strict_backbone
摧毁特务机关,0,1,0,0,,,context_only
北经巷战斗,1,2,2,0,,,strict_backbone
厦门战役,0,1,1,0,,,strict_backbone
水利会议,0,2,0,0,,,context_only
七舍游击大队组建,0,1,0,0,,,context_only
诗歌朗诵会,0,1,0,0,,,context_only
赤溪河战斗,0,1,0,0,,,context_only
粤工农革命运动,0,3,0,0,,,context_only
川边境革命活动,0,1,1,0,,,strict_backbone
腊子口,1,3,3,0,,,strict_backbone
竹子岗战斗,0,1,1,0,,,strict_backbone
建党建政,0,1,1,0,,,strict_backbone
国共谈判破裂,0,1,0,0,,,context_only
攻坚战,0,8,5,0,,,strict_backbone
攻占罗次,0,2,0,0,,,context_only
反扫荡斗争,0,1,0,0,,,context_only
试办初级农业社,0,1,1,0,,,strict_backbone
红二、六军团渡鸭池河,0,1,0,0,,,context_only
中华苏维埃共和国临时中央政府国家银行,0,1,0,0,,,context_only
红军长征防御作战,0,1,0,0,,,context_only
一·二八,0,1,1,0,,,strict_backbone
大反霸斗争,0,1,1,0,,,strict_backbone
一二·九运动,0,2,1,0,,,strict_backbone
敢于斗争,0,12,0,0,,,context_only
大反攻,0,3,1,0,,,strict_backbone
筹粮,0,2,0,0,,,context_only
特别能战斗,0,3,0,0,,,context_only
新四军事件,0,1,0,0,,,context_only
重庆解放,0,1,0,0,,,context_only
武器装备移交,0,2,0,0,,,context_only
盘江烽火,0,2,1,0,,,strict_backbone
日寇“清乡”、新四军反包围,0,3,0,0,,,context_only
懋功会师,0,1,0,0,,,context_only
公债认购,0,2,0,0,,,context_only
扩红,0,2,0,0,,,context_only
红军转战,0,1,0,0,,,context_only
龙源口精神(龙源口战斗精神),0,4,0,0,,,context_only
国民党二届三中全会,0,1,0,0,,,context_only
渡江侦察,0,1,1,0,,,strict_backbone
民盟三中全会,0,1,0,0,,,context_only
大明厂工会成立事件,0,1,0,0,,,context_only
武大学生自治会活动,0,1,0,0,,,context_only
中华苏维埃人民共和国川滇黔省革命委员会成立,0,1,0,0,,,context_only
入党培训班,0,1,0,0,,,context_only
第四次反‘围剿’,0,1,0,0,,,context_only
天安门事件,0,1,1,0,,,strict_backbone
红军在黔西北活动,0,1,0,0,,,context_only
新四军过铁路攻龙潭,0,1,0,0,,,context_only
大方党史资料 第4辑 大方解放初期的斗争 续集_14027690,0,3,0,0,,,context_only
六·一惨案,0,1,0,0,,,context_only
红军过境资料搜集,0,1,0,0,,,context_only
渝延木刻联展,0,2,0,0,,,context_only
安置红军伤员,0,5,0,0,,,context_only
1957年农村整风运动,0,1,1,0,,,strict_backbone
迎接红军入遵义,0,1,0,0,,,context_only
战斗的天长 抗日史料专辑_11448720,0,2,0,0,,,context_only
义萧支队第八大队,0,2,0,0,,,context_only
葛波的解放,0,1,0,0,,,context_only
暴动政策,0,2,0,0,,,context_only
红军战斗,0,4,0,0,,,context_only
反清乡斗争,0,12,0,0,,,context_only
收缴长担枪,0,2,0,0,,,context_only
红军作战,0,3,0,0,,,context_only
歌咏队,0,1,0,0,,,context_only
斗争意志,0,2,0,0,,,context_only
解放青海 (2),0,2,0,0,,,context_only
大定反霸斗争,0,1,1,0,,,strict_backbone
红军战斗行动,0,1,0,0,,,context_only
覃祥官创办合作医疗,0,1,1,0,,,strict_backbone
红军过境事件,0,1,0,0,,,context_only
苗族独立团,0,1,0,0,,,context_only
‘三·三一’惨案,0,1,0,0,,,context_only
轻机枪制造,0,2,0,0,,,context_only
男女平等/土地革命,0,2,0,0,,,context_only
红二、六军团转战滇东,0,2,0,0,,,context_only
接收部队及武器装备,0,2,0,0,,,context_only
支援红军突围,0,4,0,0,,,context_only
过草地,0,1,0,0,,,context_only
解放战争时期党在邵阳的活动,0,2,0,0,,,context_only
革命传统,0,1,0,0,,,context_only
红军伏击战,0,1,0,0,,,context_only
大后方的建设和民主运动的开展 第七卷 第六册,0,12,0,0,,,context_only
江北县党史资料汇编 第1辑 抗日战争时期_11509459 (2),0,3,0,0,,,context_only
红军活动,0,5,0,0,,,context_only
敌机扫射,0,1,0,0,,,context_only
宣传画展,0,2,1,0,,,strict_backbone
跟党闹革命,0,1,0,0,,,context_only
澳门回归,0,1,1,0,,,strict_backbone
红军强渡鸭池河,0,1,0,0,,,context_only
江北县党史资料汇编 第1辑 抗日战争时期_11509459,0,3,0,0,,,context_only
斗争》《工农兵,0,1,0,0,,,context_only
八一精神(南昌起义精神),0,5,0,0,,,context_only
红军长征路线,0,1,0,0,,,context_only
中江县地方党史资料汇编 2 抗日战争、解放战争时期_12025828,0,5,0,0,,,context_only
炉山县人民政府接管工作,0,1,0,0,,,context_only
投掷氢弹,0,1,1,0,,,strict_backbone
部队生活/拒绝家属拖回/学习革命歌曲,0,1,0,0,,,context_only
党的三大,0,1,1,0,,,strict_backbone
上海三十年代监狱斗争,0,1,1,0,,,strict_backbone
第五次围剿,0,2,0,0,,,context_only
皖南事变,0,4,0,0,,,context_only
中央红军强渡大渡河,0,1,0,0,,,context_only
八·一暴动,0,1,0,0,,,context_only
万宝山惨案,0,1,0,0,,,context_only
桥梁与敌据点,0,2,0,0,,,context_only
长征精神(贵州段),0,13,0,0,,,context_only
学习班,0,9,0,0,,,context_only
战斗不止,0,2,0,0,,,context_only
浪洞乡政府被袭及余庆叛军叛变,0,1,0,0,,,context_only
护理新四军伤员,0,1,0,0,,,context_only
长征精神(在云南),0,7,0,0,,,context_only
乐园公社合作医疗的发展,0,1,1,0,,,strict_backbone
民族解放先锋队《民先,0,2,0,0,,,context_only
解放思想,0,3,0,0,,,context_only
土改后农村两极分化,0,1,0,0,,,context_only
投奔红军,0,1,0,0,,,context_only
昭通党支部(中心县委),0,1,0,0,,,context_only
红军过长田,0,1,0,0,,,context_only
通令嘉奖,0,2,0,0,,,context_only
红军驻扎事件,0,1,0,0,,,context_only
贵阳地区抗日救国运动,0,1,0,0,,,context_only
红军行动,0,1,0,0,,,context_only
国民党内部争夺权斗,0,1,1,0,,,strict_backbone
抗日运动,0,2,0,0,,,context_only
苏州城市接管与社会改造,0,6,0,0,,,context_only
红军渡河行动,0,1,0,0,,,context_only
手枪交接,0,2,0,0,,,context_only
解放战争时期 党在邵阳的活动_12021341,0,10,0,0,,,context_only
收缴非法武器,0,2,0,0,,,context_only
民族团结抗日,0,1,1,0,,,strict_backbone
约法八章,0,2,0,0,,,context_only
新斗新秤改革,0,2,1,0,,,strict_backbone
红军三十四师活动,0,1,0,0,,,context_only
四分区,0,1,0,0,,,context_only
解放杭州,0,1,1,0,,,strict_backbone
银饰捐献,0,2,0,0,,,context_only
农民协会成立,0,1,0,0,,,context_only
越狱,0,6,0,0,,,context_only
长征火种,0,2,0,0,,,context_only
中共麻阳县委党史办,0,1,0,0,,,context_only
红军突围战,0,2,0,0,,,context_only
花轿运枪,0,2,0,0,,,context_only
宣传革命,0,1,0,0,,,context_only
征借粮,0,1,0,0,,,context_only
大跃进,0,1,1,0,,,strict_backbone
水雷阻截,0,2,0,0,,,context_only
武器弹药收集,0,2,0,0,,,context_only
苏浙军区成立,0,1,0,0,,,context_only
抗暴运动,0,3,0,0,,,context_only
粮食借调,0,2,0,0,,,context_only
枪支弹药收缴,0,2,0,0,,,context_only
新民主主义革命时期 宣威党史资料 1 学生运动专辑_11441824,0,2,0,0,,,context_only
曲江工潮,0,2,1,0,,,strict_backbone
孙中山伦敦蒙难,0,1,1,0,,,strict_backbone
国民党发动内战,0,1,0,0,,,context_only
英勇斗争,0,7,0,0,,,context_only
土地革命,0,7,0,0,,,context_only
弋阳县苏维埃政府成立,0,1,0,0,,,context_only
红军长征物资往来,0,1,0,0,,,context_only
海瑞逼徐阶退田,0,1,1,0,,,strict_backbone
讽刺军阀,0,1,1,0,,,strict_backbone
解放浙江岛屿,0,1,1,0,,,strict_backbone
分发粮食衣物,0,2,0,0,,,context_only
红军壁画保护行动,0,1,0,0,,,context_only
抗日,0,1,0,0,,,context_only
改革创新,0,4,0,0,,,context_only
于都精神(长征出发精神),0,4,0,0,,,context_only
奋笔战山城:抗日战争时期革命新闻工作者回忆录_11449377,0,2,0,0,,,context_only
曲靖党史资料 第4辑 新民主主义革命时期学生运动史料选编_11441835,0,15,0,0,,,context_only
昭通地区党史资料 2 学生运动史料选编 民主革命时期_11441830,0,20,0,0,,,context_only
阜阳地区党史资料 第17期 纪念抗日战争胜利四十周年专辑_12005809,0,3,0,0,,,context_only
没收地主土地,0,1,0,0,,,context_only
卫国战争时期敌后斗争,0,1,1,0,,,strict_backbone
打土豪,0,2,0,0,,,context_only
东固会师与传达六大精神,0,4,0,0,,,context_only
贵州省委土改复查工作,0,1,0,0,,,context_only
抗战,0,1,0,0,,,context_only
农民革命斗争,0,1,1,0,,,strict_backbone
红军和赤卫队,0,1,0,0,,,context_only
中江县地方党史资料汇编 1 土地革命战争时期_12025827,0,2,0,0,,,context_only
