conflict_id,entity_id,resolution_type,scope_policy,global_merge_target,rationale_json,method_version,closed_at
V2CONFLICT-001ae778f501a6cb236bdc69,IENT-9eea89c52830b1ab005a9b06,context_scoped_reference,keep_each_assertion_reference_scoped;never_global_merge_by_generic_label,,"{""canonical_name"": ""地委"", ""reason"": ""generic_label"", ""required_context"": [""time"", ""place"", ""affiliation"", ""relation_neighborhood""]}",stkg-v2-unresolved-semantic-closure-1,2026-07-15T06:33:12
V2CONFLICT-0027b79d81a3f3079a7a649c,IENT-bf5e33a062efcc4d001e5d88,context_scoped_reference,keep_each_assertion_reference_scoped;never_global_merge_by_generic_label,,"{""canonical_name"": ""五旅"", ""reason"": ""incomplete_military_designation"", ""required_context"": [""time"", ""place"", ""affiliation"", ""relation_neighborhood""]}",stkg-v2-unresolved-semantic-closure-1,2026-07-15T06:33:12
V2CONFLICT-010a7fd9b322b10443abda65,IENT-7eca60223e381bb5b2bd884f,context_scoped_reference,keep_each_assertion_reference_scoped;never_global_merge_by_generic_label,,"{""canonical_name"": ""二十五师"", ""reason"": ""incomplete_military_designation"", ""required_context"": [""time"", ""place"", ""affiliation"", ""relation_neighborhood""]}",stkg-v2-unresolved-semantic-closure-1,2026-07-15T06:33:12
V2CONFLICT-0138803656e063788fb44817,IENTREPAIR-3a373927e455106a56ceab07,context_scoped_reference,keep_each_assertion_reference_scoped;never_global_merge_by_generic_label,,"{""canonical_name"": ""五一四团"", ""reason"": ""incomplete_military_designation"", ""required_context"": [""time"", ""place"", ""affiliation"", ""relation_neighborhood""]}",stkg-v2-unresolved-semantic-closure-1,2026-07-15T06:33:12
V2CONFLICT-013d5784f660f1d2261c1510,IENT-0b9c17c09bd42d15ef674e8c,context_scoped_reference,keep_each_assertion_reference_scoped;never_global_merge_by_generic_label,,"{""canonical_name"": ""三七九团"", ""reason"": ""incomplete_military_designation"", ""required_context"": [""time"", ""place"", ""affiliation"", ""relation_neighborhood""]}",stkg-v2-unresolved-semantic-closure-1,2026-07-15T06:33:12
V2CONFLICT-017284e929c251181f2859bd,IENT-8a180f3dc9388dc0ebf6f721,context_scoped_reference,keep_each_assertion_reference_scoped;never_global_merge_by_generic_label,,"{""canonical_name"": ""二三九师"", ""reason"": ""incomplete_military_designation"", ""required_context"": [""time"", ""place"", ""affiliation"", ""relation_neighborhood""]}",stkg-v2-unresolved-semantic-closure-1,2026-07-15T06:33:12
V2CONFLICT-017293fc4ed709ea0bc0aed1,IENT-b7c1fac09db5cb456d7f92ef,context_scoped_reference,keep_each_assertion_reference_scoped;never_global_merge_by_generic_label,,"{""canonical_name"": ""红二六军"", ""reason"": ""incomplete_military_designation"", ""required_context"": [""time"", ""place"", ""affiliation"", ""relation_neighborhood""]}",stkg-v2-unresolved-semantic-closure-1,2026-07-15T06:33:12
V2CONFLICT-027be13d8795d1d2b68dab0f,IENT-67b62290e51b5a2668a8ac23,context_scoped_reference,keep_each_assertion_reference_scoped;never_global_merge_by_generic_label,,"{""canonical_name"": ""红二十六师"", ""reason"": ""incomplete_military_designation"", ""required_context"": [""time"", ""place"", ""affiliation"", ""relation_neighborhood""]}",stkg-v2-unresolved-semantic-closure-1,2026-07-15T06:33:12
V2CONFLICT-032e25419363244bce58d656,IENTREPAIR-f6cf14c714b4dae5f2c68097,context_scoped_reference,keep_each_assertion_reference_scoped;never_global_merge_by_generic_label,,"{""canonical_name"": ""解放军51师"", ""reason"": ""incomplete_military_designation"", ""required_context"": [""time"", ""place"", ""affiliation"", ""relation_neighborhood""]}",stkg-v2-unresolved-semantic-closure-1,2026-07-15T06:33:12
V2CONFLICT-0358d775d86c0417cb8f36d5,IENT-6e045b54d678425488b184b2,context_scoped_reference,keep_each_assertion_reference_scoped;never_global_merge_by_generic_label,,"{""canonical_name"": ""五连"", ""reason"": ""incomplete_military_designation"", ""required_context"": [""time"", ""place"", ""affiliation"", ""relation_neighborhood""]}",stkg-v2-unresolved-semantic-closure-1,2026-07-15T06:33:12
V2CONFLICT-039d31a3397cbfa397e18e88,IENTREPAIR-c2bf85b81ca120880e2391f9,context_scoped_reference,keep_each_assertion_reference_scoped;never_global_merge_by_generic_label,,"{""canonical_name"": ""四〇八团"", ""reason"": ""incomplete_military_designation"", ""required_context"": [""time"", ""place"", ""affiliation"", ""relation_neighborhood""]}",stkg-v2-unresolved-semantic-closure-1,2026-07-15T06:33:12
V2CONFLICT-03c14c8f7e28371771b92044,IENT-b167b69b229ac61e718b7cc7,context_scoped_reference,keep_each_assertion_reference_scoped;never_global_merge_by_generic_label,,"{""canonical_name"": ""八十九军"", ""reason"": ""incomplete_military_designation"", ""required_context"": [""time"", ""place"", ""affiliation"", ""relation_neighborhood""]}",stkg-v2-unresolved-semantic-closure-1,2026-07-15T06:33:12
V2CONFLICT-0460e64d372317c9b9e93b74,IENTREPAIR-14bbb455916a8b3470517115,context_scoped_reference,keep_each_assertion_reference_scoped;never_global_merge_by_generic_label,,"{""canonical_name"": ""8旅"", ""reason"": ""incomplete_military_designation"", ""required_context"": [""time"", ""place"", ""affiliation"", ""relation_neighborhood""]}",stkg-v2-unresolved-semantic-closure-1,2026-07-15T06:33:12
V2CONFLICT-046c82a3eb9ba6a87639509d,IENT-c8017d30d567c2c14f610f9e,context_scoped_reference,keep_each_assertion_reference_scoped;never_global_merge_by_generic_label,,"{""canonical_name"": ""四十七团"", ""reason"": ""incomplete_military_designation"", ""required_context"": [""time"", ""place"", ""affiliation"", ""relation_neighborhood""]}",stkg-v2-unresolved-semantic-closure-1,2026-07-15T06:33:12
V2CONFLICT-04f469a017c5d0d177c8eee4,IENT-b6598531e9b52afe890e5140,context_scoped_reference,keep_each_assertion_reference_scoped;never_global_merge_by_generic_label,,"{""canonical_name"": ""新四军六支队"", ""reason"": ""incomplete_military_designation"", ""required_context"": [""time"", ""place"", ""affiliation"", ""relation_neighborhood""]}",stkg-v2-unresolved-semantic-closure-1,2026-07-15T06:33:12
V2CONFLICT-06221bfe6e1b09e49b6044ab,IENT-d7fa19c57fc48eed1840a442,context_scoped_reference,keep_each_assertion_reference_scoped;never_global_merge_by_generic_label,,"{""canonical_name"": ""四十六军"", ""reason"": ""incomplete_military_designation"", ""required_context"": [""time"", ""place"", ""affiliation"", ""relation_neighborhood""]}",stkg-v2-unresolved-semantic-closure-1,2026-07-15T06:33:12
V2CONFLICT-06432722b018913b81cb8f1c,IENT-7a73f065303f014291e914f4,context_scoped_reference,keep_each_assertion_reference_scoped;never_global_merge_by_generic_label,,"{""canonical_name"": ""二十六军"", ""reason"": ""incomplete_military_designation"", ""required_context"": [""time"", ""place"", ""affiliation"", ""relation_neighborhood""]}",stkg-v2-unresolved-semantic-closure-1,2026-07-15T06:33:12
V2CONFLICT-065d0238788bf79f284c0fdb,IENT-3651eb6d9d38922b8fe1ead3,context_scoped_reference,keep_each_assertion_reference_scoped;never_global_merge_by_generic_label,,"{""canonical_name"": ""新四军十五团"", ""reason"": ""incomplete_military_designation"", ""required_context"": [""time"", ""place"", ""affiliation"", ""relation_neighborhood""]}",stkg-v2-unresolved-semantic-closure-1,2026-07-15T06:33:12
V2CONFLICT-07494962b6cacc791b55319f,IENT-a0e0a7e2f006316e2dc80b2b,context_scoped_reference,keep_each_assertion_reference_scoped;never_global_merge_by_generic_label,,"{""canonical_name"": ""卅七团"", ""reason"": ""incomplete_military_designation"", ""required_context"": [""time"", ""place"", ""affiliation"", ""relation_neighborhood""]}",stkg-v2-unresolved-semantic-closure-1,2026-07-15T06:33:12
V2CONFLICT-081d30cae8749abc03300aca,IENT-b496ac400e1f29aafc495394,context_scoped_reference,keep_each_assertion_reference_scoped;never_global_merge_by_generic_label,,"{""canonical_name"": ""四十五师"", ""reason"": ""incomplete_military_designation"", ""required_context"": [""time"", ""place"", ""affiliation"", ""relation_neighborhood""]}",stkg-v2-unresolved-semantic-closure-1,2026-07-15T06:33:12
V2CONFLICT-082d2c29a35c66eac148c5a7,IENT-06d26bade884bd9649b76036,context_scoped_reference,keep_each_assertion_reference_scoped;never_global_merge_by_generic_label,,"{""canonical_name"": ""49军"", ""reason"": ""incomplete_military_designation"", ""required_context"": [""time"", ""place"", ""affiliation"", ""relation_neighborhood""]}",stkg-v2-unresolved-semantic-closure-1,2026-07-15T06:33:12
V2CONFLICT-0899d879fb667a0385844f3c,IENT-2f8bf4e6102e591de868928d,context_scoped_reference,keep_each_assertion_reference_scoped;never_global_merge_by_generic_label,,"{""canonical_name"": ""支部"", ""reason"": ""generic_label"", ""required_context"": [""time"", ""place"", ""affiliation"", ""relation_neighborhood""]}",stkg-v2-unresolved-semantic-closure-1,2026-07-15T06:33:12
V2CONFLICT-09656914d63da3628a4011c0,ITOPIC-94ee1cfd438ced2d0fbda1a3,context_scoped_reference,keep_each_assertion_reference_scoped;never_global_merge_by_generic_label,,"{""canonical_name"": ""行动队"", ""reason"": ""generic_label"", ""required_context"": [""time"", ""place"", ""affiliation"", ""relation_neighborhood""]}",stkg-v2-unresolved-semantic-closure-1,2026-07-15T06:33:12
V2CONFLICT-09715658c501ec02813d3802,IENT-fadea7ebe732eae52effb327,context_scoped_reference,keep_each_assertion_reference_scoped;never_global_merge_by_generic_label,,"{""canonical_name"": ""解放军一四九团"", ""reason"": ""incomplete_military_designation"", ""required_context"": [""time"", ""place"", ""affiliation"", ""relation_neighborhood""]}",stkg-v2-unresolved-semantic-closure-1,2026-07-15T06:33:12
V2CONFLICT-09e40564312f14299ccc4290,IENT-3200b9c5cf16ee8cc2c2c017,context_scoped_reference,keep_each_assertion_reference_scoped;never_global_merge_by_generic_label,,"{""canonical_name"": ""一师"", ""reason"": ""incomplete_military_designation"", ""required_context"": [""time"", ""place"", ""affiliation"", ""relation_neighborhood""]}",stkg-v2-unresolved-semantic-closure-1,2026-07-15T06:33:12
V2CONFLICT-0a32af71074e7928ccebece3,IENT-6b22516b188ab5a3e5d45ee0,context_scoped_reference,keep_each_assertion_reference_scoped;never_global_merge_by_generic_label,,"{""canonical_name"": ""三十一旅"", ""reason"": ""incomplete_military_designation"", ""required_context"": [""time"", ""place"", ""affiliation"", ""relation_neighborhood""]}",stkg-v2-unresolved-semantic-closure-1,2026-07-15T06:33:12
V2CONFLICT-0a383eaba17716ce2763211b,IENT-831197228deb615d94c44c43,context_scoped_reference,keep_each_assertion_reference_scoped;never_global_merge_by_generic_label,,"{""canonical_name"": ""红二十七团"", ""reason"": ""incomplete_military_designation"", ""required_context"": [""time"", ""place"", ""affiliation"", ""relation_neighborhood""]}",stkg-v2-unresolved-semantic-closure-1,2026-07-15T06:33:12
V2CONFLICT-0a89f2f8db6519490970a1da,IENT-f79526759716f216cba88800,context_scoped_reference,keep_each_assertion_reference_scoped;never_global_merge_by_generic_label,,"{""canonical_name"": ""九八三团"", ""reason"": ""incomplete_military_designation"", ""required_context"": [""time"", ""place"", ""affiliation"", ""relation_neighborhood""]}",stkg-v2-unresolved-semantic-closure-1,2026-07-15T06:33:12
V2CONFLICT-0b1a80c8cf64f6c8ee8ae05b,IENT-602ec1cf23d44ac8b5403147,context_scoped_reference,keep_each_assertion_reference_scoped;never_global_merge_by_generic_label,,"{""canonical_name"": ""一〇三师"", ""reason"": ""incomplete_military_designation"", ""required_context"": [""time"", ""place"", ""affiliation"", ""relation_neighborhood""]}",stkg-v2-unresolved-semantic-closure-1,2026-07-15T06:33:12
V2CONFLICT-0b2092c5a39f98df2af4c734,IENT-bf35917b4d3f6abb2b4f0b18,context_scoped_reference,keep_each_assertion_reference_scoped;never_global_merge_by_generic_label,,"{""canonical_name"": ""十三军"", ""reason"": ""incomplete_military_designation"", ""required_context"": [""time"", ""place"", ""affiliation"", ""relation_neighborhood""]}",stkg-v2-unresolved-semantic-closure-1,2026-07-15T06:33:12
V2CONFLICT-0b71cd807b0d2fc33d76a64f,IENT-a31a27462576b8f2a9ac96bb,context_scoped_reference,keep_each_assertion_reference_scoped;never_global_merge_by_generic_label,,"{""canonical_name"": ""六纵队"", ""reason"": ""incomplete_military_designation"", ""required_context"": [""time"", ""place"", ""affiliation"", ""relation_neighborhood""]}",stkg-v2-unresolved-semantic-closure-1,2026-07-15T06:33:12
V2CONFLICT-0b721208ab9ee785aff457a9,IENT-e373778e2f73a03859b1efe5,context_scoped_reference,keep_each_assertion_reference_scoped;never_global_merge_by_generic_label,,"{""canonical_name"": ""九连"", ""reason"": ""incomplete_military_designation"", ""required_context"": [""time"", ""place"", ""affiliation"", ""relation_neighborhood""]}",stkg-v2-unresolved-semantic-closure-1,2026-07-15T06:33:12
V2CONFLICT-0be8f2c4a975155f845f7bf1,IENT-81c6d090c66c0268d7d0084a,context_scoped_reference,keep_each_assertion_reference_scoped;never_global_merge_by_generic_label,,"{""canonical_name"": ""红二十七军"", ""reason"": ""incomplete_military_designation"", ""required_context"": [""time"", ""place"", ""affiliation"", ""relation_neighborhood""]}",stkg-v2-unresolved-semantic-closure-1,2026-07-15T06:33:12
V2CONFLICT-0c064995b77b2484df02dfcc,IENT-26b80079f92ba785b3abd9a4,context_scoped_reference,keep_each_assertion_reference_scoped;never_global_merge_by_generic_label,,"{""canonical_name"": ""红三团"", ""reason"": ""incomplete_military_designation"", ""required_context"": [""time"", ""place"", ""affiliation"", ""relation_neighborhood""]}",stkg-v2-unresolved-semantic-closure-1,2026-07-15T06:33:12
V2CONFLICT-0c195870f0cbc109e9f877f3,IENT-e298bc622267405fb5e4879c,context_scoped_reference,keep_each_assertion_reference_scoped;never_global_merge_by_generic_label,,"{""canonical_name"": ""三十五团"", ""reason"": ""incomplete_military_designation"", ""required_context"": [""time"", ""place"", ""affiliation"", ""relation_neighborhood""]}",stkg-v2-unresolved-semantic-closure-1,2026-07-15T06:33:12
V2CONFLICT-0c2c0f6c5823edbb18f5e3c5,IENT-1423c2658f5f882fc1a85870,context_scoped_reference,keep_each_assertion_reference_scoped;never_global_merge_by_generic_label,,"{""canonical_name"": ""四十一师"", ""reason"": ""incomplete_military_designation"", ""required_context"": [""time"", ""place"", ""affiliation"", ""relation_neighborhood""]}",stkg-v2-unresolved-semantic-closure-1,2026-07-15T06:33:12
V2CONFLICT-0d2ad0e0a66a1736a51daf1e,IENT-257dfd4e8959dc3b44d02d3c,context_scoped_reference,keep_each_assertion_reference_scoped;never_global_merge_by_generic_label,,"{""canonical_name"": ""解放军一连"", ""reason"": ""incomplete_military_designation"", ""required_context"": [""time"", ""place"", ""affiliation"", ""relation_neighborhood""]}",stkg-v2-unresolved-semantic-closure-1,2026-07-15T06:33:12
V2CONFLICT-0d3f761bb8503f73f43f14a7,IENT-e9c8d3066fe009af91150736,context_scoped_reference,keep_each_assertion_reference_scoped;never_global_merge_by_generic_label,,"{""canonical_name"": ""四七八团"", ""reason"": ""incomplete_military_designation"", ""required_context"": [""time"", ""place"", ""affiliation"", ""relation_neighborhood""]}",stkg-v2-unresolved-semantic-closure-1,2026-07-15T06:33:12
V2CONFLICT-0dcbbff26a364dd13cbe1c49,IENT-4e0236f736a695f6dc6af96f,context_scoped_reference,keep_each_assertion_reference_scoped;never_global_merge_by_generic_label,,"{""canonical_name"": ""解放军一四六师"", ""reason"": ""incomplete_military_designation"", ""required_context"": [""time"", ""place"", ""affiliation"", ""relation_neighborhood""]}",stkg-v2-unresolved-semantic-closure-1,2026-07-15T06:33:12
V2CONFLICT-0de593123a86b0ebff3d197f,IENT-f4b89d37b6ae95882a469399,context_scoped_reference,keep_each_assertion_reference_scoped;never_global_merge_by_generic_label,,"{""canonical_name"": ""五团"", ""reason"": ""incomplete_military_designation"", ""required_context"": [""time"", ""place"", ""affiliation"", ""relation_neighborhood""]}",stkg-v2-unresolved-semantic-closure-1,2026-07-15T06:33:12
V2CONFLICT-0e1d92c73698284e66db56f0,IENT-685744ae53934aafcaee9637,context_scoped_reference,keep_each_assertion_reference_scoped;never_global_merge_by_generic_label,,"{""canonical_name"": ""四二团"", ""reason"": ""incomplete_military_designation"", ""required_context"": [""time"", ""place"", ""affiliation"", ""relation_neighborhood""]}",stkg-v2-unresolved-semantic-closure-1,2026-07-15T06:33:12
V2CONFLICT-0e303f66db57362b5794986e,IENT-d3a1277b36c17945031545cd,context_scoped_reference,keep_each_assertion_reference_scoped;never_global_merge_by_generic_label,,"{""canonical_name"": ""六七八大队"", ""reason"": ""incomplete_military_designation"", ""required_context"": [""time"", ""place"", ""affiliation"", ""relation_neighborhood""]}",stkg-v2-unresolved-semantic-closure-1,2026-07-15T06:33:12
V2CONFLICT-0edeaac4acffc5ef83bf14cd,IENT-cf78ba10f1b4c74ed3b5a961,context_scoped_reference,keep_each_assertion_reference_scoped;never_global_merge_by_generic_label,,"{""canonical_name"": ""红三十四团"", ""reason"": ""incomplete_military_designation"", ""required_context"": [""time"", ""place"", ""affiliation"", ""relation_neighborhood""]}",stkg-v2-unresolved-semantic-closure-1,2026-07-15T06:33:12
V2CONFLICT-0ef8a9252882b015f1f7bee5,IENT-7ae0b3e2fb6fba389fe4e52e,context_scoped_reference,keep_each_assertion_reference_scoped;never_global_merge_by_generic_label,,"{""canonical_name"": ""143师"", ""reason"": ""incomplete_military_designation"", ""required_context"": [""time"", ""place"", ""affiliation"", ""relation_neighborhood""]}",stkg-v2-unresolved-semantic-closure-1,2026-07-15T06:33:12
V2CONFLICT-0ff7001f02b488afa498f03e,IENT-7f775d468890537937205ba3,context_scoped_reference,keep_each_assertion_reference_scoped;never_global_merge_by_generic_label,,"{""canonical_name"": ""七纵队"", ""reason"": ""incomplete_military_designation"", ""required_context"": [""time"", ""place"", ""affiliation"", ""relation_neighborhood""]}",stkg-v2-unresolved-semantic-closure-1,2026-07-15T06:33:12
V2CONFLICT-1094f3b514f06961bccd3c39,IENT-9c2b7d0f92148cf9498ce3f1,context_scoped_reference,keep_each_assertion_reference_scoped;never_global_merge_by_generic_label,,"{""canonical_name"": ""五五七团"", ""reason"": ""incomplete_military_designation"", ""required_context"": [""time"", ""place"", ""affiliation"", ""relation_neighborhood""]}",stkg-v2-unresolved-semantic-closure-1,2026-07-15T06:33:12
V2CONFLICT-10e580436dd1d91d29c4e64d,IENT-24151a01b167f865c23b7840,context_scoped_reference,keep_each_assertion_reference_scoped;never_global_merge_by_generic_label,,"{""canonical_name"": ""红三十二师"", ""reason"": ""incomplete_military_designation"", ""required_context"": [""time"", ""place"", ""affiliation"", ""relation_neighborhood""]}",stkg-v2-unresolved-semantic-closure-1,2026-07-15T06:33:12
V2CONFLICT-11a26f9c38436a3b86020fb3,IENT-4a83853075ac72b808c5cfdf,context_scoped_reference,keep_each_assertion_reference_scoped;never_global_merge_by_generic_label,,"{""canonical_name"": ""三大队"", ""reason"": ""incomplete_military_designation"", ""required_context"": [""time"", ""place"", ""affiliation"", ""relation_neighborhood""]}",stkg-v2-unresolved-semantic-closure-1,2026-07-15T06:33:12
V2CONFLICT-11feda83422bef4c41428a8a,IENTREPAIR-74e497d229c49edc7248b51f,context_scoped_reference,keep_each_assertion_reference_scoped;never_global_merge_by_generic_label,,"{""canonical_name"": ""八团"", ""reason"": ""incomplete_military_designation"", ""required_context"": [""time"", ""place"", ""affiliation"", ""relation_neighborhood""]}",stkg-v2-unresolved-semantic-closure-1,2026-07-15T06:33:12
V2CONFLICT-125a32dfb8f37ffb63836cf0,IENT-026792d63f6be81f1d0c4f85,context_scoped_reference,keep_each_assertion_reference_scoped;never_global_merge_by_generic_label,,"{""canonical_name"": ""十一纵队"", ""reason"": ""incomplete_military_designation"", ""required_context"": [""time"", ""place"", ""affiliation"", ""relation_neighborhood""]}",stkg-v2-unresolved-semantic-closure-1,2026-07-15T06:33:12
V2CONFLICT-1285f2635a5e13b607070221,IENT-d8135f6c9b9710d2bcb2bd8b,context_scoped_reference,keep_each_assertion_reference_scoped;never_global_merge_by_generic_label,,"{""canonical_name"": ""二十二师"", ""reason"": ""incomplete_military_designation"", ""required_context"": [""time"", ""place"", ""affiliation"", ""relation_neighborhood""]}",stkg-v2-unresolved-semantic-closure-1,2026-07-15T06:33:12
V2CONFLICT-131335ed2994fb1271f97c1d,IENTREPAIR-94de381e9ecac498b159f7d0,context_scoped_reference,keep_each_assertion_reference_scoped;never_global_merge_by_generic_label,,"{""canonical_name"": ""557团"", ""reason"": ""incomplete_military_designation"", ""required_context"": [""time"", ""place"", ""affiliation"", ""relation_neighborhood""]}",stkg-v2-unresolved-semantic-closure-1,2026-07-15T06:33:12
V2CONFLICT-135e8f2847969ff7e7d6add0,IENT-f62add2ba9f6f7b119766b1b,context_scoped_reference,keep_each_assertion_reference_scoped;never_global_merge_by_generic_label,,"{""canonical_name"": ""二军"", ""reason"": ""incomplete_military_designation"", ""required_context"": [""time"", ""place"", ""affiliation"", ""relation_neighborhood""]}",stkg-v2-unresolved-semantic-closure-1,2026-07-15T06:33:12
V2CONFLICT-1397aea05c64228994b91df0,ITOPIC-f49c8b322cec97b459f4f913,context_scoped_reference,keep_each_assertion_reference_scoped;never_global_merge_by_generic_label,,"{""canonical_name"": ""红四军"", ""reason"": ""incomplete_military_designation"", ""required_context"": [""time"", ""place"", ""affiliation"", ""relation_neighborhood""]}",stkg-v2-unresolved-semantic-closure-1,2026-07-15T06:33:12
V2CONFLICT-146b3b3fb2e9a20afd08e0b9,IENTREPAIR-53eb51c2be523af33c6572d2,context_scoped_reference,keep_each_assertion_reference_scoped;never_global_merge_by_generic_label,,"{""canonical_name"": ""解放军557团"", ""reason"": ""incomplete_military_designation"", ""required_context"": [""time"", ""place"", ""affiliation"", ""relation_neighborhood""]}",stkg-v2-unresolved-semantic-closure-1,2026-07-15T06:33:12
V2CONFLICT-1513e3224819d9b361efe381,IENT-ab9d0a448406b57e7bdeadd9,context_scoped_reference,keep_each_assertion_reference_scoped;never_global_merge_by_generic_label,,"{""canonical_name"": ""独立营"", ""reason"": ""generic_label"", ""required_context"": [""time"", ""place"", ""affiliation"", ""relation_neighborhood""]}",stkg-v2-unresolved-semantic-closure-1,2026-07-15T06:33:12
V2CONFLICT-1517892c9115c920904c5274,IENT-8d58e0ab674cc1b129ddb845,context_scoped_reference,keep_each_assertion_reference_scoped;never_global_merge_by_generic_label,,"{""canonical_name"": ""一一四团"", ""reason"": ""incomplete_military_designation"", ""required_context"": [""time"", ""place"", ""affiliation"", ""relation_neighborhood""]}",stkg-v2-unresolved-semantic-closure-1,2026-07-15T06:33:12
V2CONFLICT-152d2daf9649e2e96668f9d6,IENT-dbf468415202c31277e1c65e,context_scoped_reference,keep_each_assertion_reference_scoped;never_global_merge_by_generic_label,,"{""canonical_name"": ""五十四团"", ""reason"": ""incomplete_military_designation"", ""required_context"": [""time"", ""place"", ""affiliation"", ""relation_neighborhood""]}",stkg-v2-unresolved-semantic-closure-1,2026-07-15T06:33:12
V2CONFLICT-15717b8e185bd1673253ebed,IENTREPAIR-a43521f21933db0ce49f029a,context_scoped_reference,keep_each_assertion_reference_scoped;never_global_merge_by_generic_label,,"{""canonical_name"": ""解放军一五三团"", ""reason"": ""incomplete_military_designation"", ""required_context"": [""time"", ""place"", ""affiliation"", ""relation_neighborhood""]}",stkg-v2-unresolved-semantic-closure-1,2026-07-15T06:33:12
V2CONFLICT-15eefd543dfe34f280ad7106,IENTREPAIR-eac6af7413ac12a01d8c3d4d,context_scoped_reference,keep_each_assertion_reference_scoped;never_global_merge_by_generic_label,,"{""canonical_name"": ""十六团"", ""reason"": ""incomplete_military_designation"", ""required_context"": [""time"", ""place"", ""affiliation"", ""relation_neighborhood""]}",stkg-v2-unresolved-semantic-closure-1,2026-07-15T06:33:12
V2CONFLICT-16252d21215bb0a73be1ce8c,IENT-dccfda8cddbf86bb0ad16495,context_scoped_reference,keep_each_assertion_reference_scoped;never_global_merge_by_generic_label,,"{""canonical_name"": ""红5师"", ""reason"": ""incomplete_military_designation"", ""required_context"": [""time"", ""place"", ""affiliation"", ""relation_neighborhood""]}",stkg-v2-unresolved-semantic-closure-1,2026-07-15T06:33:12
V2CONFLICT-16663beab17dafacf23d1905,IENT-d54ece7cf2a2209590939104,context_scoped_reference,keep_each_assertion_reference_scoped;never_global_merge_by_generic_label,,"{""canonical_name"": ""新四军3师"", ""reason"": ""incomplete_military_designation"", ""required_context"": [""time"", ""place"", ""affiliation"", ""relation_neighborhood""]}",stkg-v2-unresolved-semantic-closure-1,2026-07-15T06:33:12
V2CONFLICT-1678a2b106652aac14b1e516,IENT-8a5bfcfd197596249f562aac,context_scoped_reference,keep_each_assertion_reference_scoped;never_global_merge_by_generic_label,,"{""canonical_name"": ""红7纵队"", ""reason"": ""incomplete_military_designation"", ""required_context"": [""time"", ""place"", ""affiliation"", ""relation_neighborhood""]}",stkg-v2-unresolved-semantic-closure-1,2026-07-15T06:33:12
V2CONFLICT-16aea5a25a9dd0f72ac3e5bc,IENT-758791ae364f43dd6586d771,context_scoped_reference,keep_each_assertion_reference_scoped;never_global_merge_by_generic_label,,"{""canonical_name"": ""红二军"", ""reason"": ""incomplete_military_designation"", ""required_context"": [""time"", ""place"", ""affiliation"", ""relation_neighborhood""]}",stkg-v2-unresolved-semantic-closure-1,2026-07-15T06:33:12
V2CONFLICT-16ce643d0a694d44db61edd4,IENT-719af4c8c6070b23c74b404b,context_scoped_reference,keep_each_assertion_reference_scoped;never_global_merge_by_generic_label,,"{""canonical_name"": ""红十七师"", ""reason"": ""incomplete_military_designation"", ""required_context"": [""time"", ""place"", ""affiliation"", ""relation_neighborhood""]}",stkg-v2-unresolved-semantic-closure-1,2026-07-15T06:33:12
V2CONFLICT-16d560d9e1a32a6d83e026c9,IENT-aa7fed8dc5e15013cad7b209,context_scoped_reference,keep_each_assertion_reference_scoped;never_global_merge_by_generic_label,,"{""canonical_name"": ""152团"", ""reason"": ""incomplete_military_designation"", ""required_context"": [""time"", ""place"", ""affiliation"", ""relation_neighborhood""]}",stkg-v2-unresolved-semantic-closure-1,2026-07-15T06:33:12
V2CONFLICT-172da8bf98ed6b35dfecf2fe,IENT-972862847bd5178655884d00,context_scoped_reference,keep_each_assertion_reference_scoped;never_global_merge_by_generic_label,,"{""canonical_name"": ""新四军六师"", ""reason"": ""incomplete_military_designation"", ""required_context"": [""time"", ""place"", ""affiliation"", ""relation_neighborhood""]}",stkg-v2-unresolved-semantic-closure-1,2026-07-15T06:33:12
V2CONFLICT-1779601ed5b01fdb9ec932cf,IENT-3944c4a5287bfed083a3d6a3,context_scoped_reference,keep_each_assertion_reference_scoped;never_global_merge_by_generic_label,,"{""canonical_name"": ""二七二师"", ""reason"": ""incomplete_military_designation"", ""required_context"": [""time"", ""place"", ""affiliation"", ""relation_neighborhood""]}",stkg-v2-unresolved-semantic-closure-1,2026-07-15T06:33:12
V2CONFLICT-17c51e2db4300e697eec9331,IENT-4c7489a1207be6abb8da2cef,context_scoped_reference,keep_each_assertion_reference_scoped;never_global_merge_by_generic_label,,"{""canonical_name"": ""四连"", ""reason"": ""incomplete_military_designation"", ""required_context"": [""time"", ""place"", ""affiliation"", ""relation_neighborhood""]}",stkg-v2-unresolved-semantic-closure-1,2026-07-15T06:33:12
V2CONFLICT-18007f343904ef82ca0c2c11,IENT-24058ba9aef5ea720a5b9118,context_scoped_reference,keep_each_assertion_reference_scoped;never_global_merge_by_generic_label,,"{""canonical_name"": ""解放军四一三团"", ""reason"": ""incomplete_military_designation"", ""required_context"": [""time"", ""place"", ""affiliation"", ""relation_neighborhood""]}",stkg-v2-unresolved-semantic-closure-1,2026-07-15T06:33:12
V2CONFLICT-183e1d4aba29c33d656fd274,IENT-f85c9f1b37b4cc3c98c6d5d3,context_scoped_reference,keep_each_assertion_reference_scoped;never_global_merge_by_generic_label,,"{""canonical_name"": ""22团"", ""reason"": ""incomplete_military_designation"", ""required_context"": [""time"", ""place"", ""affiliation"", ""relation_neighborhood""]}",stkg-v2-unresolved-semantic-closure-1,2026-07-15T06:33:12
V2CONFLICT-188d8fac4780d1f6ddcd0a45,IENT-b8b26b2ef8230ce31a2c2b1d,context_scoped_reference,keep_each_assertion_reference_scoped;never_global_merge_by_generic_label,,"{""canonical_name"": ""四十四团"", ""reason"": ""incomplete_military_designation"", ""required_context"": [""time"", ""place"", ""affiliation"", ""relation_neighborhood""]}",stkg-v2-unresolved-semantic-closure-1,2026-07-15T06:33:12
V2CONFLICT-1893ffcd924dc1c26b5d9ff3,IENT-87bd0c46326e8554b8af1a0b,context_scoped_reference,keep_each_assertion_reference_scoped;never_global_merge_by_generic_label,,"{""canonical_name"": ""五十八团"", ""reason"": ""incomplete_military_designation"", ""required_context"": [""time"", ""place"", ""affiliation"", ""relation_neighborhood""]}",stkg-v2-unresolved-semantic-closure-1,2026-07-15T06:33:12
V2CONFLICT-19206d1ddf4cf734222927c3,IENT-8550ee69191f897ffc3423e5,context_scoped_reference,keep_each_assertion_reference_scoped;never_global_merge_by_generic_label,,"{""canonical_name"": ""新四军七师"", ""reason"": ""incomplete_military_designation"", ""required_context"": [""time"", ""place"", ""affiliation"", ""relation_neighborhood""]}",stkg-v2-unresolved-semantic-closure-1,2026-07-15T06:33:12
V2CONFLICT-196dff3c388f38f97a997d38,IENT-bdf5f6eaf820d3400bbcd115,context_scoped_reference,keep_each_assertion_reference_scoped;never_global_merge_by_generic_label,,"{""canonical_name"": ""一四六团"", ""reason"": ""incomplete_military_designation"", ""required_context"": [""time"", ""place"", ""affiliation"", ""relation_neighborhood""]}",stkg-v2-unresolved-semantic-closure-1,2026-07-15T06:33:12
V2CONFLICT-19780894e29ab1426bb752c8,IENT-bbc4e95c95d8b6e25d724323,context_scoped_reference,keep_each_assertion_reference_scoped;never_global_merge_by_generic_label,,"{""canonical_name"": ""四二〇团"", ""reason"": ""incomplete_military_designation"", ""required_context"": [""time"", ""place"", ""affiliation"", ""relation_neighborhood""]}",stkg-v2-unresolved-semantic-closure-1,2026-07-15T06:33:12
V2CONFLICT-198b038da8c37523e8a418bd,IENTREPAIR-a690d1423dd08d805a2a1b4c,context_scoped_reference,keep_each_assertion_reference_scoped;never_global_merge_by_generic_label,,"{""canonical_name"": ""8旅"", ""reason"": ""incomplete_military_designation"", ""required_context"": [""time"", ""place"", ""affiliation"", ""relation_neighborhood""]}",stkg-v2-unresolved-semantic-closure-1,2026-07-15T06:33:12
V2CONFLICT-19b0bbf67150703ce817cadb,IENT-34dea5b2459aac70ee010382,context_scoped_reference,keep_each_assertion_reference_scoped;never_global_merge_by_generic_label,,"{""canonical_name"": ""十三师"", ""reason"": ""incomplete_military_designation"", ""required_context"": [""time"", ""place"", ""affiliation"", ""relation_neighborhood""]}",stkg-v2-unresolved-semantic-closure-1,2026-07-15T06:33:12
V2CONFLICT-1a1f5c307565dfb6f87f479e,IENT-e7ef643cd3521b5763e1bbce,context_scoped_reference,keep_each_assertion_reference_scoped;never_global_merge_by_generic_label,,"{""canonical_name"": ""红四十九团"", ""reason"": ""incomplete_military_designation"", ""required_context"": [""time"", ""place"", ""affiliation"", ""relation_neighborhood""]}",stkg-v2-unresolved-semantic-closure-1,2026-07-15T06:33:12
V2CONFLICT-1a4b2ce962f425e4bcfe41e2,IENT-d55670b4f46aab102359836a,context_scoped_reference,keep_each_assertion_reference_scoped;never_global_merge_by_generic_label,,"{""canonical_name"": ""二十一团"", ""reason"": ""incomplete_military_designation"", ""required_context"": [""time"", ""place"", ""affiliation"", ""relation_neighborhood""]}",stkg-v2-unresolved-semantic-closure-1,2026-07-15T06:33:12
V2CONFLICT-1abc365347f8c1eac3acd988,IENT-d0c0ae6b2210b44c3d1d2127,context_scoped_reference,keep_each_assertion_reference_scoped;never_global_merge_by_generic_label,,"{""canonical_name"": ""十八军"", ""reason"": ""incomplete_military_designation"", ""required_context"": [""time"", ""place"", ""affiliation"", ""relation_neighborhood""]}",stkg-v2-unresolved-semantic-closure-1,2026-07-15T06:33:12
V2CONFLICT-1af27c3fa42a19b193c68d95,IENT-551e45ff347b966eecb39ce0,context_scoped_reference,keep_each_assertion_reference_scoped;never_global_merge_by_generic_label,,"{""canonical_name"": ""旧址"", ""reason"": ""generic_label"", ""required_context"": [""time"", ""place"", ""affiliation"", ""relation_neighborhood""]}",stkg-v2-unresolved-semantic-closure-1,2026-07-15T06:33:12
V2CONFLICT-1b084476db97ebbc9b83de61,IENT-b4ac5ecdab68d31acfffcc14,context_scoped_reference,keep_each_assertion_reference_scoped;never_global_merge_by_generic_label,,"{""canonical_name"": ""人民解放军27军"", ""reason"": ""incomplete_military_designation"", ""required_context"": [""time"", ""place"", ""affiliation"", ""relation_neighborhood""]}",stkg-v2-unresolved-semantic-closure-1,2026-07-15T06:33:12
V2CONFLICT-1b1909a024dc8b6392124567,IENTREPAIR-f6f0698ec11522234d82d7f7,context_scoped_reference,keep_each_assertion_reference_scoped;never_global_merge_by_generic_label,,"{""canonical_name"": ""四零六团"", ""reason"": ""incomplete_military_designation"", ""required_context"": [""time"", ""place"", ""affiliation"", ""relation_neighborhood""]}",stkg-v2-unresolved-semantic-closure-1,2026-07-15T06:33:12
V2CONFLICT-1b1a2b4dfd1e0fa9c1c8e513,IENT-c56acea1c4a097e28ee7d626,context_scoped_reference,keep_each_assertion_reference_scoped;never_global_merge_by_generic_label,,"{""canonical_name"": ""红七十三师"", ""reason"": ""incomplete_military_designation"", ""required_context"": [""time"", ""place"", ""affiliation"", ""relation_neighborhood""]}",stkg-v2-unresolved-semantic-closure-1,2026-07-15T06:33:12
V2CONFLICT-1b1c4bc373daa98007a14075,IENT-6e3a3349522922cae0eabaaf,context_scoped_reference,keep_each_assertion_reference_scoped;never_global_merge_by_generic_label,,"{""canonical_name"": ""4支队"", ""reason"": ""incomplete_military_designation"", ""required_context"": [""time"", ""place"", ""affiliation"", ""relation_neighborhood""]}",stkg-v2-unresolved-semantic-closure-1,2026-07-15T06:33:12
V2CONFLICT-1b522540e40f77558ddf963c,IENT-11a620413492ed97229f525f,context_scoped_reference,keep_each_assertion_reference_scoped;never_global_merge_by_generic_label,,"{""canonical_name"": ""十九九团"", ""reason"": ""incomplete_military_designation"", ""required_context"": [""time"", ""place"", ""affiliation"", ""relation_neighborhood""]}",stkg-v2-unresolved-semantic-closure-1,2026-07-15T06:33:12
V2CONFLICT-1c838542153dbf32da65cbd7,IENT-c66b416a497f53a669352681,context_scoped_reference,keep_each_assertion_reference_scoped;never_global_merge_by_generic_label,,"{""canonical_name"": ""十五旅"", ""reason"": ""incomplete_military_designation"", ""required_context"": [""time"", ""place"", ""affiliation"", ""relation_neighborhood""]}",stkg-v2-unresolved-semantic-closure-1,2026-07-15T06:33:12
V2CONFLICT-1cf9e64516858c46e41c72a0,IENT-0589739c9faedb9b22887894,context_scoped_reference,keep_each_assertion_reference_scoped;never_global_merge_by_generic_label,,"{""canonical_name"": ""三团"", ""reason"": ""incomplete_military_designation"", ""required_context"": [""time"", ""place"", ""affiliation"", ""relation_neighborhood""]}",stkg-v2-unresolved-semantic-closure-1,2026-07-15T06:33:12
V2CONFLICT-1d6805ba55160edecad7235f,IENT-aa768cf99c5c85562f94dd52,context_scoped_reference,keep_each_assertion_reference_scoped;never_global_merge_by_generic_label,,"{""canonical_name"": ""红九师"", ""reason"": ""incomplete_military_designation"", ""required_context"": [""time"", ""place"", ""affiliation"", ""relation_neighborhood""]}",stkg-v2-unresolved-semantic-closure-1,2026-07-15T06:33:12
V2CONFLICT-1d77eedb4742c2a05cd773a8,IENT-5efac0ce539b0b24c2f36026,context_scoped_reference,keep_each_assertion_reference_scoped;never_global_merge_by_generic_label,,"{""canonical_name"": ""三十四师"", ""reason"": ""incomplete_military_designation"", ""required_context"": [""time"", ""place"", ""affiliation"", ""relation_neighborhood""]}",stkg-v2-unresolved-semantic-closure-1,2026-07-15T06:33:12
V2CONFLICT-1db3d3e5d789378419459dc1,IENT-1ff8a4c3295b0172faa26ccd,context_scoped_reference,keep_each_assertion_reference_scoped;never_global_merge_by_generic_label,,"{""canonical_name"": ""二连"", ""reason"": ""incomplete_military_designation"", ""required_context"": [""time"", ""place"", ""affiliation"", ""relation_neighborhood""]}",stkg-v2-unresolved-semantic-closure-1,2026-07-15T06:33:12
V2CONFLICT-1ddde60faf245481b855b506,IENTREPAIR-5f869c11a5574c274fa6c927,context_scoped_reference,keep_each_assertion_reference_scoped;never_global_merge_by_generic_label,,"{""canonical_name"": ""行动队"", ""reason"": ""generic_label"", ""required_context"": [""time"", ""place"", ""affiliation"", ""relation_neighborhood""]}",stkg-v2-unresolved-semantic-closure-1,2026-07-15T06:33:12
V2CONFLICT-1df970e40e71b29e168052df,ITOPIC-a6eb5f2792a9db758bd2f970,context_scoped_reference,keep_each_assertion_reference_scoped;never_global_merge_by_generic_label,,"{""canonical_name"": ""三十四团"", ""reason"": ""incomplete_military_designation"", ""required_context"": [""time"", ""place"", ""affiliation"", ""relation_neighborhood""]}",stkg-v2-unresolved-semantic-closure-1,2026-07-15T06:33:12
V2CONFLICT-1e5d8fb3b9aee467be0dd1cb,IENT-fe256ce3e7405f7d4d1d0680,context_scoped_reference,keep_each_assertion_reference_scoped;never_global_merge_by_generic_label,,"{""canonical_name"": ""新四军一团"", ""reason"": ""incomplete_military_designation"", ""required_context"": [""time"", ""place"", ""affiliation"", ""relation_neighborhood""]}",stkg-v2-unresolved-semantic-closure-1,2026-07-15T06:33:12
V2CONFLICT-1e66e0871d059af0426e57b9,IENT-84df453fb7bf2a41b40d9902,context_scoped_reference,keep_each_assertion_reference_scoped;never_global_merge_by_generic_label,,"{""canonical_name"": ""红三十团"", ""reason"": ""incomplete_military_designation"", ""required_context"": [""time"", ""place"", ""affiliation"", ""relation_neighborhood""]}",stkg-v2-unresolved-semantic-closure-1,2026-07-15T06:33:12
V2CONFLICT-1e8804176c42f835b86d7d5b,IENT-4bcf5d2a67ccdbc411b6dcb3,context_scoped_reference,keep_each_assertion_reference_scoped;never_global_merge_by_generic_label,,"{""canonical_name"": ""新四军三支队"", ""reason"": ""incomplete_military_designation"", ""required_context"": [""time"", ""place"", ""affiliation"", ""relation_neighborhood""]}",stkg-v2-unresolved-semantic-closure-1,2026-07-15T06:33:12
V2CONFLICT-1e93790d130db9b791cbcfe2,IENT-43a4b698da1350793ea43ccb,context_scoped_reference,keep_each_assertion_reference_scoped;never_global_merge_by_generic_label,,"{""canonical_name"": ""六旅"", ""reason"": ""incomplete_military_designation"", ""required_context"": [""time"", ""place"", ""affiliation"", ""relation_neighborhood""]}",stkg-v2-unresolved-semantic-closure-1,2026-07-15T06:33:12
V2CONFLICT-1f2269fd2b5a2b904330a7ec,IENT-b91111df079118a7a9908878,context_scoped_reference,keep_each_assertion_reference_scoped;never_global_merge_by_generic_label,,"{""canonical_name"": ""红五师"", ""reason"": ""incomplete_military_designation"", ""required_context"": [""time"", ""place"", ""affiliation"", ""relation_neighborhood""]}",stkg-v2-unresolved-semantic-closure-1,2026-07-15T06:33:12
V2CONFLICT-1f2f316c377054f34c6fc00b,IENT-39ffdb5d88c090eb1172177d,context_scoped_reference,keep_each_assertion_reference_scoped;never_global_merge_by_generic_label,,"{""canonical_name"": ""一一三师"", ""reason"": ""incomplete_military_designation"", ""required_context"": [""time"", ""place"", ""affiliation"", ""relation_neighborhood""]}",stkg-v2-unresolved-semantic-closure-1,2026-07-15T06:33:12
V2CONFLICT-1f64271d0bcb98a85619e819,IENT-a78ed65a7f43e697e3c40a26,context_scoped_reference,keep_each_assertion_reference_scoped;never_global_merge_by_generic_label,,"{""canonical_name"": ""8连"", ""reason"": ""incomplete_military_designation"", ""required_context"": [""time"", ""place"", ""affiliation"", ""relation_neighborhood""]}",stkg-v2-unresolved-semantic-closure-1,2026-07-15T06:33:12
V2CONFLICT-1ffd9e11c3b440bea7f5d199,IENT-9e4d2b8e6637ecec9b9e8571,context_scoped_reference,keep_each_assertion_reference_scoped;never_global_merge_by_generic_label,,"{""canonical_name"": ""委员会"", ""reason"": ""generic_label"", ""required_context"": [""time"", ""place"", ""affiliation"", ""relation_neighborhood""]}",stkg-v2-unresolved-semantic-closure-1,2026-07-15T06:33:12
V2CONFLICT-201fee17a1a785143ac15b65,IENT-e27d465530ce23f2797bca5d,context_scoped_reference,keep_each_assertion_reference_scoped;never_global_merge_by_generic_label,,"{""canonical_name"": ""五十五团"", ""reason"": ""incomplete_military_designation"", ""required_context"": [""time"", ""place"", ""affiliation"", ""relation_neighborhood""]}",stkg-v2-unresolved-semantic-closure-1,2026-07-15T06:33:12
V2CONFLICT-2033a67817e92fe5e05eee01,IENT-c960386923966d384318b02f,context_scoped_reference,keep_each_assertion_reference_scoped;never_global_merge_by_generic_label,,"{""canonical_name"": ""六支队"", ""reason"": ""incomplete_military_designation"", ""required_context"": [""time"", ""place"", ""affiliation"", ""relation_neighborhood""]}",stkg-v2-unresolved-semantic-closure-1,2026-07-15T06:33:12
V2CONFLICT-2047a766c24a4b3f7f086dc3,IENT-fe9310edc61d6473e4a31eb8,context_scoped_reference,keep_each_assertion_reference_scoped;never_global_merge_by_generic_label,,"{""canonical_name"": ""红二十师"", ""reason"": ""incomplete_military_designation"", ""required_context"": [""time"", ""place"", ""affiliation"", ""relation_neighborhood""]}",stkg-v2-unresolved-semantic-closure-1,2026-07-15T06:33:12
V2CONFLICT-204eac84e204a79ea2aa6713,ITOPIC-a760c2d060e05e4a3ef57a89,context_scoped_reference,keep_each_assertion_reference_scoped;never_global_merge_by_generic_label,,"{""canonical_name"": ""红二十二师"", ""reason"": ""incomplete_military_designation"", ""required_context"": [""time"", ""place"", ""affiliation"", ""relation_neighborhood""]}",stkg-v2-unresolved-semantic-closure-1,2026-07-15T06:33:12
V2CONFLICT-204f0cb7d47b3b639b38c96d,IENT-af9f113c841c01971b4e2317,context_scoped_reference,keep_each_assertion_reference_scoped;never_global_merge_by_generic_label,,"{""canonical_name"": ""新四军十一旅"", ""reason"": ""incomplete_military_designation"", ""required_context"": [""time"", ""place"", ""affiliation"", ""relation_neighborhood""]}",stkg-v2-unresolved-semantic-closure-1,2026-07-15T06:33:12
V2CONFLICT-207746011416b2676252f25c,IENT-0c97e1a2ea608f6a73d92e26,context_scoped_reference,keep_each_assertion_reference_scoped;never_global_merge_by_generic_label,,"{""canonical_name"": ""25团"", ""reason"": ""incomplete_military_designation"", ""required_context"": [""time"", ""place"", ""affiliation"", ""relation_neighborhood""]}",stkg-v2-unresolved-semantic-closure-1,2026-07-15T06:33:12
V2CONFLICT-2099fcef6615b2300fffda3c,IENT-a33065c3221426e3ee9372ab,context_scoped_reference,keep_each_assertion_reference_scoped;never_global_merge_by_generic_label,,"{""canonical_name"": ""红三师"", ""reason"": ""incomplete_military_designation"", ""required_context"": [""time"", ""place"", ""affiliation"", ""relation_neighborhood""]}",stkg-v2-unresolved-semantic-closure-1,2026-07-15T06:33:12
V2CONFLICT-20fd624df128a86d729b304a,IENT-59c49d5d22b858ef2aab6c4a,context_scoped_reference,keep_each_assertion_reference_scoped;never_global_merge_by_generic_label,,"{""canonical_name"": ""四三师"", ""reason"": ""incomplete_military_designation"", ""required_context"": [""time"", ""place"", ""affiliation"", ""relation_neighborhood""]}",stkg-v2-unresolved-semantic-closure-1,2026-07-15T06:33:12
V2CONFLICT-2104897cdea160edc34b29b8,IENT-d7e7345135af5e98c0693992,context_scoped_reference,keep_each_assertion_reference_scoped;never_global_merge_by_generic_label,,"{""canonical_name"": ""九十六军"", ""reason"": ""incomplete_military_designation"", ""required_context"": [""time"", ""place"", ""affiliation"", ""relation_neighborhood""]}",stkg-v2-unresolved-semantic-closure-1,2026-07-15T06:33:12
V2CONFLICT-211dcbf38353516326872c1f,IENT-293d69d28d48fcca5f60b8ec,context_scoped_reference,keep_each_assertion_reference_scoped;never_global_merge_by_generic_label,,"{""canonical_name"": ""红十军"", ""reason"": ""incomplete_military_designation"", ""required_context"": [""time"", ""place"", ""affiliation"", ""relation_neighborhood""]}",stkg-v2-unresolved-semantic-closure-1,2026-07-15T06:33:12
V2CONFLICT-2144425d3046bbbd4a152eb4,IENT-5f8d1adf264260893b9d0561,context_scoped_reference,keep_each_assertion_reference_scoped;never_global_merge_by_generic_label,,"{""canonical_name"": ""红五军"", ""reason"": ""incomplete_military_designation"", ""required_context"": [""time"", ""place"", ""affiliation"", ""relation_neighborhood""]}",stkg-v2-unresolved-semantic-closure-1,2026-07-15T06:33:12
V2CONFLICT-2159a5b04318e837839d8045,IENT-8f3e902f3f5353185751856e,context_scoped_reference,keep_each_assertion_reference_scoped;never_global_merge_by_generic_label,,"{""canonical_name"": ""红八团"", ""reason"": ""incomplete_military_designation"", ""required_context"": [""time"", ""place"", ""affiliation"", ""relation_neighborhood""]}",stkg-v2-unresolved-semantic-closure-1,2026-07-15T06:33:12
V2CONFLICT-216869829f8186d3f7d15b9b,IENT-648636f27b753bef2e5a95b9,context_scoped_reference,keep_each_assertion_reference_scoped;never_global_merge_by_generic_label,,"{""canonical_name"": ""七十四师"", ""reason"": ""incomplete_military_designation"", ""required_context"": [""time"", ""place"", ""affiliation"", ""relation_neighborhood""]}",stkg-v2-unresolved-semantic-closure-1,2026-07-15T06:33:12
V2CONFLICT-21b3e1cfd7c241a0e895d7a8,IENT-30c9455bae7926e061921d02,context_scoped_reference,keep_each_assertion_reference_scoped;never_global_merge_by_generic_label,,"{""canonical_name"": ""十五师"", ""reason"": ""incomplete_military_designation"", ""required_context"": [""time"", ""place"", ""affiliation"", ""relation_neighborhood""]}",stkg-v2-unresolved-semantic-closure-1,2026-07-15T06:33:12
V2CONFLICT-2206d5d1178daa876e7bfbf6,IENT-ba2e0bf070f7625eebba9e51,context_scoped_reference,keep_each_assertion_reference_scoped;never_global_merge_by_generic_label,,"{""canonical_name"": ""一百团"", ""reason"": ""incomplete_military_designation"", ""required_context"": [""time"", ""place"", ""affiliation"", ""relation_neighborhood""]}",stkg-v2-unresolved-semantic-closure-1,2026-07-15T06:33:12
V2CONFLICT-2222a812cbff5504218e1714,IENT-39d6592f2988aa1208673b34,context_scoped_reference,keep_each_assertion_reference_scoped;never_global_merge_by_generic_label,,"{""canonical_name"": ""宣传队"", ""reason"": ""generic_label"", ""required_context"": [""time"", ""place"", ""affiliation"", ""relation_neighborhood""]}",stkg-v2-unresolved-semantic-closure-1,2026-07-15T06:33:12
V2CONFLICT-2251856d3b18a760ba7bb2ad,IENT-1a723d3d1f4840edb0a2d4fa,context_scoped_reference,keep_each_assertion_reference_scoped;never_global_merge_by_generic_label,,"{""canonical_name"": ""十九师"", ""reason"": ""incomplete_military_designation"", ""required_context"": [""time"", ""place"", ""affiliation"", ""relation_neighborhood""]}",stkg-v2-unresolved-semantic-closure-1,2026-07-15T06:33:12
V2CONFLICT-22b11fda2b09163aa5d6b0f1,IENT-b792e942f7a36c63ab340ee1,context_scoped_reference,keep_each_assertion_reference_scoped;never_global_merge_by_generic_label,,"{""canonical_name"": ""七十三军"", ""reason"": ""incomplete_military_designation"", ""required_context"": [""time"", ""place"", ""affiliation"", ""relation_neighborhood""]}",stkg-v2-unresolved-semantic-closure-1,2026-07-15T06:33:12
V2CONFLICT-22cf0c0864b50ec1a59e8841,IENTREPAIR-abb00d7ef626b6835f593dce,context_scoped_reference,keep_each_assertion_reference_scoped;never_global_merge_by_generic_label,,"{""canonical_name"": ""5连"", ""reason"": ""incomplete_military_designation"", ""required_context"": [""time"", ""place"", ""affiliation"", ""relation_neighborhood""]}",stkg-v2-unresolved-semantic-closure-1,2026-07-15T06:33:12
V2CONFLICT-22d4c53296503d6841846df1,IENT-704392de4ee824ad1b85d097,context_scoped_reference,keep_each_assertion_reference_scoped;never_global_merge_by_generic_label,,"{""canonical_name"": ""121师"", ""reason"": ""incomplete_military_designation"", ""required_context"": [""time"", ""place"", ""affiliation"", ""relation_neighborhood""]}",stkg-v2-unresolved-semantic-closure-1,2026-07-15T06:33:12
V2CONFLICT-235a3d1240abbd7b0369137b,IENT-d881b1ff8c02d65b275ae6b6,context_scoped_reference,keep_each_assertion_reference_scoped;never_global_merge_by_generic_label,,"{""canonical_name"": ""二师"", ""reason"": ""incomplete_military_designation"", ""required_context"": [""time"", ""place"", ""affiliation"", ""relation_neighborhood""]}",stkg-v2-unresolved-semantic-closure-1,2026-07-15T06:33:12
V2CONFLICT-23901bf84ba2483bc15e2a14,IENT-8ae0f9d744112edfa7fd9a8f,context_scoped_reference,keep_each_assertion_reference_scoped;never_global_merge_by_generic_label,,"{""canonical_name"": ""学校"", ""reason"": ""generic_label"", ""required_context"": [""time"", ""place"", ""affiliation"", ""relation_neighborhood""]}",stkg-v2-unresolved-semantic-closure-1,2026-07-15T06:33:12
V2CONFLICT-23d076269236288cfd639c48,IENT-f0a1854d9fec89a825ee5694,context_scoped_reference,keep_each_assertion_reference_scoped;never_global_merge_by_generic_label,,"{""canonical_name"": ""五一一团"", ""reason"": ""incomplete_military_designation"", ""required_context"": [""time"", ""place"", ""affiliation"", ""relation_neighborhood""]}",stkg-v2-unresolved-semantic-closure-1,2026-07-15T06:33:12
V2CONFLICT-23d59d1372d79c8e5d912eb7,IENT-2af98b4216b75c7028d52b94,context_scoped_reference,keep_each_assertion_reference_scoped;never_global_merge_by_generic_label,,"{""canonical_name"": ""红十师"", ""reason"": ""incomplete_military_designation"", ""required_context"": [""time"", ""place"", ""affiliation"", ""relation_neighborhood""]}",stkg-v2-unresolved-semantic-closure-1,2026-07-15T06:33:12
V2CONFLICT-245f34e01a272d3ac68396f1,IENT-5290bb1cb141a6aa0272f3fd,context_scoped_reference,keep_each_assertion_reference_scoped;never_global_merge_by_generic_label,,"{""canonical_name"": ""三十六团"", ""reason"": ""incomplete_military_designation"", ""required_context"": [""time"", ""place"", ""affiliation"", ""relation_neighborhood""]}",stkg-v2-unresolved-semantic-closure-1,2026-07-15T06:33:12
V2CONFLICT-24cd382b54344957ac6632b9,IENT-4ed5697b92fb30e2659e4fb7,context_scoped_reference,keep_each_assertion_reference_scoped;never_global_merge_by_generic_label,,"{""canonical_name"": ""红三军"", ""reason"": ""incomplete_military_designation"", ""required_context"": [""time"", ""place"", ""affiliation"", ""relation_neighborhood""]}",stkg-v2-unresolved-semantic-closure-1,2026-07-15T06:33:12
V2CONFLICT-24e5c8dcb543ff2f1d4a8894,IENT-9176522ab4903b1911ce188c,context_scoped_reference,keep_each_assertion_reference_scoped;never_global_merge_by_generic_label,,"{""canonical_name"": ""解放军一四团"", ""reason"": ""incomplete_military_designation"", ""required_context"": [""time"", ""place"", ""affiliation"", ""relation_neighborhood""]}",stkg-v2-unresolved-semantic-closure-1,2026-07-15T06:33:12
V2CONFLICT-251da6d772ffba640a429df0,IENT-7d0cc30558e6d8f3348d4387,context_scoped_reference,keep_each_assertion_reference_scoped;never_global_merge_by_generic_label,,"{""canonical_name"": ""一四九团"", ""reason"": ""incomplete_military_designation"", ""required_context"": [""time"", ""place"", ""affiliation"", ""relation_neighborhood""]}",stkg-v2-unresolved-semantic-closure-1,2026-07-15T06:33:12
V2CONFLICT-254c9de78c275781b33abdb2,ITOPIC-dfbad1e30d08de4ce37667ac,context_scoped_reference,keep_each_assertion_reference_scoped;never_global_merge_by_generic_label,,"{""canonical_name"": ""一五四团"", ""reason"": ""incomplete_military_designation"", ""required_context"": [""time"", ""place"", ""affiliation"", ""relation_neighborhood""]}",stkg-v2-unresolved-semantic-closure-1,2026-07-15T06:33:12
V2CONFLICT-255c42e93a9ea781fe34edee,IENT-77551ff19629b18cfdb6d271,context_scoped_reference,keep_each_assertion_reference_scoped;never_global_merge_by_generic_label,,"{""canonical_name"": ""人民解放军十一军"", ""reason"": ""incomplete_military_designation"", ""required_context"": [""time"", ""place"", ""affiliation"", ""relation_neighborhood""]}",stkg-v2-unresolved-semantic-closure-1,2026-07-15T06:33:12
V2CONFLICT-256ad4d1bc34be39f3c83476,IENTREPAIR-0308be27d5e25887f614e8da,context_scoped_reference,keep_each_assertion_reference_scoped;never_global_merge_by_generic_label,,"{""canonical_name"": ""红二十八团"", ""reason"": ""incomplete_military_designation"", ""required_context"": [""time"", ""place"", ""affiliation"", ""relation_neighborhood""]}",stkg-v2-unresolved-semantic-closure-1,2026-07-15T06:33:12
V2CONFLICT-25bdfe7e85e4017b6ddbdd78,IENTREPAIR-86a7b26ea42b13038fdbaf3f,context_scoped_reference,keep_each_assertion_reference_scoped;never_global_merge_by_generic_label,,"{""canonical_name"": ""二十三军"", ""reason"": ""incomplete_military_designation"", ""required_context"": [""time"", ""place"", ""affiliation"", ""relation_neighborhood""]}",stkg-v2-unresolved-semantic-closure-1,2026-07-15T06:33:12
V2CONFLICT-25f092226817c8285aba0218,IENT-de849af5ebd6e6a96a16c6ce,context_scoped_reference,keep_each_assertion_reference_scoped;never_global_merge_by_generic_label,,"{""canonical_name"": ""4团"", ""reason"": ""incomplete_military_designation"", ""required_context"": [""time"", ""place"", ""affiliation"", ""relation_neighborhood""]}",stkg-v2-unresolved-semantic-closure-1,2026-07-15T06:33:12
V2CONFLICT-25f0978f9133f383ff7f4564,IENT-501a6fcd0795c95bae78279e,context_scoped_reference,keep_each_assertion_reference_scoped;never_global_merge_by_generic_label,,"{""canonical_name"": ""四〇六团"", ""reason"": ""incomplete_military_designation"", ""required_context"": [""time"", ""place"", ""affiliation"", ""relation_neighborhood""]}",stkg-v2-unresolved-semantic-closure-1,2026-07-15T06:33:12
V2CONFLICT-2636ec57afa577ca7f68f3cd,IENT-972c5164b3225e24cbcdad1f,context_scoped_reference,keep_each_assertion_reference_scoped;never_global_merge_by_generic_label,,"{""canonical_name"": ""解放军一一六团"", ""reason"": ""incomplete_military_designation"", ""required_context"": [""time"", ""place"", ""affiliation"", ""relation_neighborhood""]}",stkg-v2-unresolved-semantic-closure-1,2026-07-15T06:33:12
V2CONFLICT-2655badd6eaa2f7c0cedfb33,IENT-e7427cb0b7c430c0c2c076aa,context_scoped_reference,keep_each_assertion_reference_scoped;never_global_merge_by_generic_label,,"{""canonical_name"": ""解放军一一三团"", ""reason"": ""incomplete_military_designation"", ""required_context"": [""time"", ""place"", ""affiliation"", ""relation_neighborhood""]}",stkg-v2-unresolved-semantic-closure-1,2026-07-15T06:33:12
V2CONFLICT-2684b8e82cfd098cd75c9e14,IENT-d6a19fdcb0e0aa92da0be5ef,context_scoped_reference,keep_each_assertion_reference_scoped;never_global_merge_by_generic_label,,"{""canonical_name"": ""十二纵队"", ""reason"": ""incomplete_military_designation"", ""required_context"": [""time"", ""place"", ""affiliation"", ""relation_neighborhood""]}",stkg-v2-unresolved-semantic-closure-1,2026-07-15T06:33:12
V2CONFLICT-2738a77f88e94971ba3850f4,IENT-8cae1154cfb728ec69da7cf3,context_scoped_reference,keep_each_assertion_reference_scoped;never_global_merge_by_generic_label,,"{""canonical_name"": ""红三十五师"", ""reason"": ""incomplete_military_designation"", ""required_context"": [""time"", ""place"", ""affiliation"", ""relation_neighborhood""]}",stkg-v2-unresolved-semantic-closure-1,2026-07-15T06:33:12
V2CONFLICT-2753f20623a6e8508dcf8ddf,IENT-fb3930c768688fd45a297d68,context_scoped_reference,keep_each_assertion_reference_scoped;never_global_merge_by_generic_label,,"{""canonical_name"": ""八十一师"", ""reason"": ""incomplete_military_designation"", ""required_context"": [""time"", ""place"", ""affiliation"", ""relation_neighborhood""]}",stkg-v2-unresolved-semantic-closure-1,2026-07-15T06:33:12
V2CONFLICT-275e3da4cb3ff77c54c72494,IENT-cfd98abdf3b0db301a077f8d,context_scoped_reference,keep_each_assertion_reference_scoped;never_global_merge_by_generic_label,,"{""canonical_name"": ""新四军二支队"", ""reason"": ""incomplete_military_designation"", ""required_context"": [""time"", ""place"", ""affiliation"", ""relation_neighborhood""]}",stkg-v2-unresolved-semantic-closure-1,2026-07-15T06:33:12
V2CONFLICT-289f237abe6481504d377f08,IENT-973f46bbf11130b130b94ab0,context_scoped_reference,keep_each_assertion_reference_scoped;never_global_merge_by_generic_label,,"{""canonical_name"": ""六十六军"", ""reason"": ""incomplete_military_designation"", ""required_context"": [""time"", ""place"", ""affiliation"", ""relation_neighborhood""]}",stkg-v2-unresolved-semantic-closure-1,2026-07-15T06:33:12
V2CONFLICT-28dc1ebbaf7b75e022723c65,IENT-2f1fd220484e88e94933a072,context_scoped_reference,keep_each_assertion_reference_scoped;never_global_merge_by_generic_label,,"{""canonical_name"": ""10团"", ""reason"": ""incomplete_military_designation"", ""required_context"": [""time"", ""place"", ""affiliation"", ""relation_neighborhood""]}",stkg-v2-unresolved-semantic-closure-1,2026-07-15T06:33:12
V2CONFLICT-2951199ff62d3e91ba157cc0,IENT-7753d7dd143dc0d436cd1a77,context_scoped_reference,keep_each_assertion_reference_scoped;never_global_merge_by_generic_label,,"{""canonical_name"": ""九师"", ""reason"": ""incomplete_military_designation"", ""required_context"": [""time"", ""place"", ""affiliation"", ""relation_neighborhood""]}",stkg-v2-unresolved-semantic-closure-1,2026-07-15T06:33:12
V2CONFLICT-29697ec8ea5620ac1dc8cb9c,IENT-ef049fd18a56ba9ac684aa53,context_scoped_reference,keep_each_assertion_reference_scoped;never_global_merge_by_generic_label,,"{""canonical_name"": ""四十五团"", ""reason"": ""incomplete_military_designation"", ""required_context"": [""time"", ""place"", ""affiliation"", ""relation_neighborhood""]}",stkg-v2-unresolved-semantic-closure-1,2026-07-15T06:33:12
V2CONFLICT-2a0a5201ca59c81b4b4bda9f,IENTREPAIR-b02925f8d70d420ba406e755,context_scoped_reference,keep_each_assertion_reference_scoped;never_global_merge_by_generic_label,,"{""canonical_name"": ""新四军九连"", ""reason"": ""incomplete_military_designation"", ""required_context"": [""time"", ""place"", ""affiliation"", ""relation_neighborhood""]}",stkg-v2-unresolved-semantic-closure-1,2026-07-15T06:33:12
V2CONFLICT-2a41f6bc537b8c1f3ba9b351,IENT-54f23a50ff84ab466ec93b1f,context_scoped_reference,keep_each_assertion_reference_scoped;never_global_merge_by_generic_label,,"{""canonical_name"": ""解放军九连"", ""reason"": ""incomplete_military_designation"", ""required_context"": [""time"", ""place"", ""affiliation"", ""relation_neighborhood""]}",stkg-v2-unresolved-semantic-closure-1,2026-07-15T06:33:12
V2CONFLICT-2b2706d21a9652a3575c4879,IENT-d6fb402fdca99307908af1d8,context_scoped_reference,keep_each_assertion_reference_scoped;never_global_merge_by_generic_label,,"{""canonical_name"": ""红二十八军"", ""reason"": ""incomplete_military_designation"", ""required_context"": [""time"", ""place"", ""affiliation"", ""relation_neighborhood""]}",stkg-v2-unresolved-semantic-closure-1,2026-07-15T06:33:12
V2CONFLICT-2b7514449f8b35efc1a3993b,IENT-056f797295ad3af1d402dad2,context_scoped_reference,keep_each_assertion_reference_scoped;never_global_merge_by_generic_label,,"{""canonical_name"": ""二十一师"", ""reason"": ""incomplete_military_designation"", ""required_context"": [""time"", ""place"", ""affiliation"", ""relation_neighborhood""]}",stkg-v2-unresolved-semantic-closure-1,2026-07-15T06:33:12
V2CONFLICT-2bc447ef70c2dd181a1582a0,IENT-a5faaa4c689e2aaad40c8038,context_scoped_reference,keep_each_assertion_reference_scoped;never_global_merge_by_generic_label,,"{""canonical_name"": ""三五九旅"", ""reason"": ""incomplete_military_designation"", ""required_context"": [""time"", ""place"", ""affiliation"", ""relation_neighborhood""]}",stkg-v2-unresolved-semantic-closure-1,2026-07-15T06:33:12
V2CONFLICT-2c36b4dfc474549b02cc6b39,IENT-dc2dc8eb48648bfef7ca3a3c,context_scoped_reference,keep_each_assertion_reference_scoped;never_global_merge_by_generic_label,,"{""canonical_name"": ""红十六军"", ""reason"": ""incomplete_military_designation"", ""required_context"": [""time"", ""place"", ""affiliation"", ""relation_neighborhood""]}",stkg-v2-unresolved-semantic-closure-1,2026-07-15T06:33:12
V2CONFLICT-2c3a6b692602220a473e801d,IENT-32f09edc3b84dccc2c8bde0e,context_scoped_reference,keep_each_assertion_reference_scoped;never_global_merge_by_generic_label,,"{""canonical_name"": ""解放军486团"", ""reason"": ""incomplete_military_designation"", ""required_context"": [""time"", ""place"", ""affiliation"", ""relation_neighborhood""]}",stkg-v2-unresolved-semantic-closure-1,2026-07-15T06:33:12
V2CONFLICT-2c59d51527ee6e85a1ecb069,IENT-c63f0b2fabf7142b0f21985b,context_scoped_reference,keep_each_assertion_reference_scoped;never_global_merge_by_generic_label,,"{""canonical_name"": ""一二一师"", ""reason"": ""incomplete_military_designation"", ""required_context"": [""time"", ""place"", ""affiliation"", ""relation_neighborhood""]}",stkg-v2-unresolved-semantic-closure-1,2026-07-15T06:33:12
V2CONFLICT-2c975ff5d019a879c47ad907,IENT-e544f2e9b336e45c1da8dcef,context_scoped_reference,keep_each_assertion_reference_scoped;never_global_merge_by_generic_label,,"{""canonical_name"": ""二十五军"", ""reason"": ""incomplete_military_designation"", ""required_context"": [""time"", ""place"", ""affiliation"", ""relation_neighborhood""]}",stkg-v2-unresolved-semantic-closure-1,2026-07-15T06:33:12
V2CONFLICT-2cc75b0124549e42c64af64c,IENT-f5a2174ed62b3f27576ec510,context_scoped_reference,keep_each_assertion_reference_scoped;never_global_merge_by_generic_label,,"{""canonical_name"": ""红七师"", ""reason"": ""incomplete_military_designation"", ""required_context"": [""time"", ""place"", ""affiliation"", ""relation_neighborhood""]}",stkg-v2-unresolved-semantic-closure-1,2026-07-15T06:33:12
V2CONFLICT-2cfe9bc47afd4609b33cd408,IENT-d033c8259fa8b1fc252d9df2,context_scoped_reference,keep_each_assertion_reference_scoped;never_global_merge_by_generic_label,,"{""canonical_name"": ""十五团"", ""reason"": ""incomplete_military_designation"", ""required_context"": [""time"", ""place"", ""affiliation"", ""relation_neighborhood""]}",stkg-v2-unresolved-semantic-closure-1,2026-07-15T06:33:12
V2CONFLICT-2d6ae2d44faa94de3a25cf2f,IENT-7d79bdbafff941fddbe5bd55,context_scoped_reference,keep_each_assertion_reference_scoped;never_global_merge_by_generic_label,,"{""canonical_name"": ""十八大队"", ""reason"": ""incomplete_military_designation"", ""required_context"": [""time"", ""place"", ""affiliation"", ""relation_neighborhood""]}",stkg-v2-unresolved-semantic-closure-1,2026-07-15T06:33:12
V2CONFLICT-2e09b48798d1b650f0482262,IENTREPAIR-4fc1dd08cdc73bee1288b40a,context_scoped_reference,keep_each_assertion_reference_scoped;never_global_merge_by_generic_label,,"{""canonical_name"": ""七十四军"", ""reason"": ""incomplete_military_designation"", ""required_context"": [""time"", ""place"", ""affiliation"", ""relation_neighborhood""]}",stkg-v2-unresolved-semantic-closure-1,2026-07-15T06:33:12
V2CONFLICT-2e8992b19b92311ed86899dd,IENT-85daa059a8ce602c7d2cf204,context_scoped_reference,keep_each_assertion_reference_scoped;never_global_merge_by_generic_label,,"{""canonical_name"": ""五十七师"", ""reason"": ""incomplete_military_designation"", ""required_context"": [""time"", ""place"", ""affiliation"", ""relation_neighborhood""]}",stkg-v2-unresolved-semantic-closure-1,2026-07-15T06:33:12
V2CONFLICT-2eebb73ff68dacec9a8b782a,IENT-5d617ef1c39384f400bb69bd,context_scoped_reference,keep_each_assertion_reference_scoped;never_global_merge_by_generic_label,,"{""canonical_name"": ""四十三团"", ""reason"": ""incomplete_military_designation"", ""required_context"": [""time"", ""place"", ""affiliation"", ""relation_neighborhood""]}",stkg-v2-unresolved-semantic-closure-1,2026-07-15T06:33:12
V2CONFLICT-2f3282e30c769855185fb6d0,IENT-8f2755d1b3c98dec80ceb7d3,context_scoped_reference,keep_each_assertion_reference_scoped;never_global_merge_by_generic_label,,"{""canonical_name"": ""红七军"", ""reason"": ""incomplete_military_designation"", ""required_context"": [""time"", ""place"", ""affiliation"", ""relation_neighborhood""]}",stkg-v2-unresolved-semantic-closure-1,2026-07-15T06:33:12
V2CONFLICT-2f98e864d799d71cfc99ff41,IENT-e0a2788f8adaee89458c77b2,context_scoped_reference,keep_each_assertion_reference_scoped;never_global_merge_by_generic_label,,"{""canonical_name"": ""解放军一三四团"", ""reason"": ""incomplete_military_designation"", ""required_context"": [""time"", ""place"", ""affiliation"", ""relation_neighborhood""]}",stkg-v2-unresolved-semantic-closure-1,2026-07-15T06:33:12
V2CONFLICT-30b9265ae8118eb0168010b5,IENT-c5b259d0c4a011ebf848c491,context_scoped_reference,keep_each_assertion_reference_scoped;never_global_merge_by_generic_label,,"{""canonical_name"": ""四六旅"", ""reason"": ""incomplete_military_designation"", ""required_context"": [""time"", ""place"", ""affiliation"", ""relation_neighborhood""]}",stkg-v2-unresolved-semantic-closure-1,2026-07-15T06:33:12
V2CONFLICT-30e6814d80311b0b5d4ffbea,IENTREPAIR-e027901332cfed04f9ddac79,context_scoped_reference,keep_each_assertion_reference_scoped;never_global_merge_by_generic_label,,"{""canonical_name"": ""四十二师"", ""reason"": ""incomplete_military_designation"", ""required_context"": [""time"", ""place"", ""affiliation"", ""relation_neighborhood""]}",stkg-v2-unresolved-semantic-closure-1,2026-07-15T06:33:12
V2CONFLICT-31301e3570e7516121da18d0,IENTREPAIR-b9c1f6341e60434cfa90bb8e,context_scoped_reference,keep_each_assertion_reference_scoped;never_global_merge_by_generic_label,,"{""canonical_name"": ""10旅"", ""reason"": ""incomplete_military_designation"", ""required_context"": [""time"", ""place"", ""affiliation"", ""relation_neighborhood""]}",stkg-v2-unresolved-semantic-closure-1,2026-07-15T06:33:12
V2CONFLICT-32bae688f766774448a51353,IENT-53a1a13c6e74fb0e2f8a7e9a,context_scoped_reference,keep_each_assertion_reference_scoped;never_global_merge_by_generic_label,,"{""canonical_name"": ""解放军152团"", ""reason"": ""incomplete_military_designation"", ""required_context"": [""time"", ""place"", ""affiliation"", ""relation_neighborhood""]}",stkg-v2-unresolved-semantic-closure-1,2026-07-15T06:33:12
V2CONFLICT-3324e8f4175d3c9f3e0823e8,IENT-dd74385d26b316f107e36363,context_scoped_reference,keep_each_assertion_reference_scoped;never_global_merge_by_generic_label,,"{""canonical_name"": ""红4军"", ""reason"": ""incomplete_military_designation"", ""required_context"": [""time"", ""place"", ""affiliation"", ""relation_neighborhood""]}",stkg-v2-unresolved-semantic-closure-1,2026-07-15T06:33:12
V2CONFLICT-33be896eeb0f17e343df401d,IENTREPAIR-f8ad75a447e52ed2e311eb97,context_scoped_reference,keep_each_assertion_reference_scoped;never_global_merge_by_generic_label,,"{""canonical_name"": ""一团"", ""reason"": ""incomplete_military_designation"", ""required_context"": [""time"", ""place"", ""affiliation"", ""relation_neighborhood""]}",stkg-v2-unresolved-semantic-closure-1,2026-07-15T06:33:12
V2CONFLICT-3426709dc17515d7ae7542af,IENT-546e1238649b42a1517a06ae,context_scoped_reference,keep_each_assertion_reference_scoped;never_global_merge_by_generic_label,,"{""canonical_name"": ""三十五师"", ""reason"": ""incomplete_military_designation"", ""required_context"": [""time"", ""place"", ""affiliation"", ""relation_neighborhood""]}",stkg-v2-unresolved-semantic-closure-1,2026-07-15T06:33:12
V2CONFLICT-34e09cd9a72cd535fda2f566,IENT-b792173b74179ead143efa0d,context_scoped_reference,keep_each_assertion_reference_scoped;never_global_merge_by_generic_label,,"{""canonical_name"": ""四十九师"", ""reason"": ""incomplete_military_designation"", ""required_context"": [""time"", ""place"", ""affiliation"", ""relation_neighborhood""]}",stkg-v2-unresolved-semantic-closure-1,2026-07-15T06:33:12
V2CONFLICT-351728f86d3edab6c36e95ed,IENT-be4b49677e942ffebd173b16,context_scoped_reference,keep_each_assertion_reference_scoped;never_global_merge_by_generic_label,,"{""canonical_name"": ""九十三师"", ""reason"": ""incomplete_military_designation"", ""required_context"": [""time"", ""place"", ""affiliation"", ""relation_neighborhood""]}",stkg-v2-unresolved-semantic-closure-1,2026-07-15T06:33:12
V2CONFLICT-35c55c90ed9937ae3b7fd6b1,IENT-07b5c325f772c3e635378025,context_scoped_reference,keep_each_assertion_reference_scoped;never_global_merge_by_generic_label,,"{""canonical_name"": ""三八军"", ""reason"": ""incomplete_military_designation"", ""required_context"": [""time"", ""place"", ""affiliation"", ""relation_neighborhood""]}",stkg-v2-unresolved-semantic-closure-1,2026-07-15T06:33:12
V2CONFLICT-3606ef72a9d2b5a16edf4579,ITOPIC-666ec0cf6c11d65eff8f668f,context_scoped_reference,keep_each_assertion_reference_scoped;never_global_merge_by_generic_label,,"{""canonical_name"": ""红三十四师"", ""reason"": ""incomplete_military_designation"", ""required_context"": [""time"", ""place"", ""affiliation"", ""relation_neighborhood""]}",stkg-v2-unresolved-semantic-closure-1,2026-07-15T06:33:12
V2CONFLICT-3626cda5c742897722f0c62a,IENT-dc4604ad46e31c3cb53dbd66,context_scoped_reference,keep_each_assertion_reference_scoped;never_global_merge_by_generic_label,,"{""canonical_name"": ""四军"", ""reason"": ""incomplete_military_designation"", ""required_context"": [""time"", ""place"", ""affiliation"", ""relation_neighborhood""]}",stkg-v2-unresolved-semantic-closure-1,2026-07-15T06:33:12
V2CONFLICT-368c673cd3d1ec4eeb003aa9,IENT-e7da10d93775519bfd17dd01,context_scoped_reference,keep_each_assertion_reference_scoped;never_global_merge_by_generic_label,,"{""canonical_name"": ""七零五团"", ""reason"": ""incomplete_military_designation"", ""required_context"": [""time"", ""place"", ""affiliation"", ""relation_neighborhood""]}",stkg-v2-unresolved-semantic-closure-1,2026-07-15T06:33:12
V2CONFLICT-36f2dcaca85056ab1222999e,IENT-71f109dd11f14d0d4174708a,context_scoped_reference,keep_each_assertion_reference_scoped;never_global_merge_by_generic_label,,"{""canonical_name"": ""新四军二十四团"", ""reason"": ""incomplete_military_designation"", ""required_context"": [""time"", ""place"", ""affiliation"", ""relation_neighborhood""]}",stkg-v2-unresolved-semantic-closure-1,2026-07-15T06:33:12
V2CONFLICT-36fdea130571f297c81c8b35,IENT-b0a2a454b4b56d4deb0dc0ee,context_scoped_reference,keep_each_assertion_reference_scoped;never_global_merge_by_generic_label,,"{""canonical_name"": ""50军"", ""reason"": ""incomplete_military_designation"", ""required_context"": [""time"", ""place"", ""affiliation"", ""relation_neighborhood""]}",stkg-v2-unresolved-semantic-closure-1,2026-07-15T06:33:12
V2CONFLICT-37c11c39db58268f50a015ba,IENTREPAIR-ac619e2b10300c2dbfcffaa6,context_scoped_reference,keep_each_assertion_reference_scoped;never_global_merge_by_generic_label,,"{""canonical_name"": ""2师"", ""reason"": ""incomplete_military_designation"", ""required_context"": [""time"", ""place"", ""affiliation"", ""relation_neighborhood""]}",stkg-v2-unresolved-semantic-closure-1,2026-07-15T06:33:12
V2CONFLICT-37c632738b3fd7b9862e82b4,IENT-9e6b15b1d44912b02ca7fe35,context_scoped_reference,keep_each_assertion_reference_scoped;never_global_merge_by_generic_label,,"{""canonical_name"": ""150团"", ""reason"": ""incomplete_military_designation"", ""required_context"": [""time"", ""place"", ""affiliation"", ""relation_neighborhood""]}",stkg-v2-unresolved-semantic-closure-1,2026-07-15T06:33:12
V2CONFLICT-388e694afecca0171c6ec77a,IENT-94ef30fec3575979d9960d50,context_scoped_reference,keep_each_assertion_reference_scoped;never_global_merge_by_generic_label,,"{""canonical_name"": ""一〇四师"", ""reason"": ""incomplete_military_designation"", ""required_context"": [""time"", ""place"", ""affiliation"", ""relation_neighborhood""]}",stkg-v2-unresolved-semantic-closure-1,2026-07-15T06:33:12
V2CONFLICT-3907463a5db35f5f80d8958c,IENTREPAIR-aad8b0a789e77b7c52092379,context_scoped_reference,keep_each_assertion_reference_scoped;never_global_merge_by_generic_label,,"{""canonical_name"": ""6连"", ""reason"": ""incomplete_military_designation"", ""required_context"": [""time"", ""place"", ""affiliation"", ""relation_neighborhood""]}",stkg-v2-unresolved-semantic-closure-1,2026-07-15T06:33:12
V2CONFLICT-398febb81f7bfa9c1fadd11f,IENT-d00a937e89d01de6cb29dc2d,context_scoped_reference,keep_each_assertion_reference_scoped;never_global_merge_by_generic_label,,"{""canonical_name"": ""新四军三纵队"", ""reason"": ""incomplete_military_designation"", ""required_context"": [""time"", ""place"", ""affiliation"", ""relation_neighborhood""]}",stkg-v2-unresolved-semantic-closure-1,2026-07-15T06:33:12
V2CONFLICT-39d1c292b5a10d79fbac10c9,IENT-907b30ba0f9cca2c042a50b2,context_scoped_reference,keep_each_assertion_reference_scoped;never_global_merge_by_generic_label,,"{""canonical_name"": ""十七军"", ""reason"": ""incomplete_military_designation"", ""required_context"": [""time"", ""place"", ""affiliation"", ""relation_neighborhood""]}",stkg-v2-unresolved-semantic-closure-1,2026-07-15T06:33:12
V2CONFLICT-39e38b67ba9942fb70214bef,IENT-62b36b64688a615bd1a88c8c,context_scoped_reference,keep_each_assertion_reference_scoped;never_global_merge_by_generic_label,,"{""canonical_name"": ""四团"", ""reason"": ""incomplete_military_designation"", ""required_context"": [""time"", ""place"", ""affiliation"", ""relation_neighborhood""]}",stkg-v2-unresolved-semantic-closure-1,2026-07-15T06:33:12
V2CONFLICT-3a494cdb91d0015ee46977dc,IENTREPAIR-50be64834ddb009cbf97f0aa,context_scoped_reference,keep_each_assertion_reference_scoped;never_global_merge_by_generic_label,,"{""canonical_name"": ""153团"", ""reason"": ""incomplete_military_designation"", ""required_context"": [""time"", ""place"", ""affiliation"", ""relation_neighborhood""]}",stkg-v2-unresolved-semantic-closure-1,2026-07-15T06:33:12
V2CONFLICT-3a72d02fa943b60d090463ab,IENT-ee710bd1274cc3a04d050950,context_scoped_reference,keep_each_assertion_reference_scoped;never_global_merge_by_generic_label,,"{""canonical_name"": ""三十军"", ""reason"": ""incomplete_military_designation"", ""required_context"": [""time"", ""place"", ""affiliation"", ""relation_neighborhood""]}",stkg-v2-unresolved-semantic-closure-1,2026-07-15T06:33:12
V2CONFLICT-3a862f193494916bcfbda231,IENT-bb470013d81b282af9d35da2,context_scoped_reference,keep_each_assertion_reference_scoped;never_global_merge_by_generic_label,,"{""canonical_name"": ""行动队"", ""reason"": ""generic_label"", ""required_context"": [""time"", ""place"", ""affiliation"", ""relation_neighborhood""]}",stkg-v2-unresolved-semantic-closure-1,2026-07-15T06:33:12
V2CONFLICT-3a98c91c8c6b98d15a97828f,IENTREPAIR-7fea975146307456b2734c83,context_scoped_reference,keep_each_assertion_reference_scoped;never_global_merge_by_generic_label,,"{""canonical_name"": ""红三十一团"", ""reason"": ""incomplete_military_designation"", ""required_context"": [""time"", ""place"", ""affiliation"", ""relation_neighborhood""]}",stkg-v2-unresolved-semantic-closure-1,2026-07-15T06:33:12
V2CONFLICT-3ae573bb141d9b2460c553c9,IENT-c0a6f86e368a5987b7120bcf,context_scoped_reference,keep_each_assertion_reference_scoped;never_global_merge_by_generic_label,,"{""canonical_name"": ""红七十四师"", ""reason"": ""incomplete_military_designation"", ""required_context"": [""time"", ""place"", ""affiliation"", ""relation_neighborhood""]}",stkg-v2-unresolved-semantic-closure-1,2026-07-15T06:33:12
V2CONFLICT-3b0b7640f36dcb2b04d207c7,IENT-4c08eb0f09fbb60583292f95,context_scoped_reference,keep_each_assertion_reference_scoped;never_global_merge_by_generic_label,,"{""canonical_name"": ""人民解放军186师"", ""reason"": ""incomplete_military_designation"", ""required_context"": [""time"", ""place"", ""affiliation"", ""relation_neighborhood""]}",stkg-v2-unresolved-semantic-closure-1,2026-07-15T06:33:12
V2CONFLICT-3ca900a31a3411541449c3dc,IENT-7960e21cef5215e779748a84,context_scoped_reference,keep_each_assertion_reference_scoped;never_global_merge_by_generic_label,,"{""canonical_name"": ""红7军"", ""reason"": ""incomplete_military_designation"", ""required_context"": [""time"", ""place"", ""affiliation"", ""relation_neighborhood""]}",stkg-v2-unresolved-semantic-closure-1,2026-07-15T06:33:12
V2CONFLICT-3cbbd0cf41feca2de91f19dd,IENT-0c2508da123c130dc198d7ec,context_scoped_reference,keep_each_assertion_reference_scoped;never_global_merge_by_generic_label,,"{""canonical_name"": ""人民解放军十二师"", ""reason"": ""incomplete_military_designation"", ""required_context"": [""time"", ""place"", ""affiliation"", ""relation_neighborhood""]}",stkg-v2-unresolved-semantic-closure-1,2026-07-15T06:33:12
V2CONFLICT-3cbdbd544e3a452fa1d722a3,IENT-1ae1351520074785af37ae5a,context_scoped_reference,keep_each_assertion_reference_scoped;never_global_merge_by_generic_label,,"{""canonical_name"": ""十一军"", ""reason"": ""incomplete_military_designation"", ""required_context"": [""time"", ""place"", ""affiliation"", ""relation_neighborhood""]}",stkg-v2-unresolved-semantic-closure-1,2026-07-15T06:33:12
V2CONFLICT-3ce3d5da223a451aacd48698,IENT-be1d5230ba7599fc80358253,context_scoped_reference,keep_each_assertion_reference_scoped;never_global_merge_by_generic_label,,"{""canonical_name"": ""1支队"", ""reason"": ""incomplete_military_designation"", ""required_context"": [""time"", ""place"", ""affiliation"", ""relation_neighborhood""]}",stkg-v2-unresolved-semantic-closure-1,2026-07-15T06:33:12
V2CONFLICT-3d3f12adb12a16b4642cef0e,IENT-5e34a376f79479ee6a7cc45a,context_scoped_reference,keep_each_assertion_reference_scoped;never_global_merge_by_generic_label,,"{""canonical_name"": ""新四军一支队"", ""reason"": ""incomplete_military_designation"", ""required_context"": [""time"", ""place"", ""affiliation"", ""relation_neighborhood""]}",stkg-v2-unresolved-semantic-closure-1,2026-07-15T06:33:12
V2CONFLICT-3e32bb16259e31cd075f1fcd,IENT-6b0d66625ca42ed58c87a5ef,context_scoped_reference,keep_each_assertion_reference_scoped;never_global_merge_by_generic_label,,"{""canonical_name"": ""八连"", ""reason"": ""incomplete_military_designation"", ""required_context"": [""time"", ""place"", ""affiliation"", ""relation_neighborhood""]}",stkg-v2-unresolved-semantic-closure-1,2026-07-15T06:33:12
V2CONFLICT-3e8a2f7ebce4a0cad179e916,IENT-b0a635f48a9b8d9acc29e6ff,context_scoped_reference,keep_each_assertion_reference_scoped;never_global_merge_by_generic_label,,"{""canonical_name"": ""三连"", ""reason"": ""incomplete_military_designation"", ""required_context"": [""time"", ""place"", ""affiliation"", ""relation_neighborhood""]}",stkg-v2-unresolved-semantic-closure-1,2026-07-15T06:33:12
V2CONFLICT-3ee47f30886ac85dc9eedafe,IENT-88fabd906f26af4869bd6d15,context_scoped_reference,keep_each_assertion_reference_scoped;never_global_merge_by_generic_label,,"{""canonical_name"": ""团支部"", ""reason"": ""generic_label"", ""required_context"": [""time"", ""place"", ""affiliation"", ""relation_neighborhood""]}",stkg-v2-unresolved-semantic-closure-1,2026-07-15T06:33:12
V2CONFLICT-3f487de6f4ecd665f5af9c97,IENT-4c3ab69b0008b0677f1a47cc,context_scoped_reference,keep_each_assertion_reference_scoped;never_global_merge_by_generic_label,,"{""canonical_name"": ""解放军27军"", ""reason"": ""incomplete_military_designation"", ""required_context"": [""time"", ""place"", ""affiliation"", ""relation_neighborhood""]}",stkg-v2-unresolved-semantic-closure-1,2026-07-15T06:33:12
V2CONFLICT-400114af6e5670c9ac9f88ef,IENT-c457bdf617eb6850eb54cda6,context_scoped_reference,keep_each_assertion_reference_scoped;never_global_merge_by_generic_label,,"{""canonical_name"": ""九二师"", ""reason"": ""incomplete_military_designation"", ""required_context"": [""time"", ""place"", ""affiliation"", ""relation_neighborhood""]}",stkg-v2-unresolved-semantic-closure-1,2026-07-15T06:33:12
V2CONFLICT-40583c032f18040bcfe830d3,IENT-cb02d3fcf62d82a3e797a1d2,context_scoped_reference,keep_each_assertion_reference_scoped;never_global_merge_by_generic_label,,"{""canonical_name"": ""解放军219团"", ""reason"": ""incomplete_military_designation"", ""required_context"": [""time"", ""place"", ""affiliation"", ""relation_neighborhood""]}",stkg-v2-unresolved-semantic-closure-1,2026-07-15T06:33:12
V2CONFLICT-40c058e5d8cb521c77f08c5c,IENT-2c0cbec9e8524fd7415af9d9,context_scoped_reference,keep_each_assertion_reference_scoped;never_global_merge_by_generic_label,,"{""canonical_name"": ""三营"", ""reason"": ""incomplete_military_designation"", ""required_context"": [""time"", ""place"", ""affiliation"", ""relation_neighborhood""]}",stkg-v2-unresolved-semantic-closure-1,2026-07-15T06:33:12
V2CONFLICT-412820fcf1ee41377649d800,IENT-a25733793cc01eab76786c56,context_scoped_reference,keep_each_assertion_reference_scoped;never_global_merge_by_generic_label,,"{""canonical_name"": ""七团"", ""reason"": ""incomplete_military_designation"", ""required_context"": [""time"", ""place"", ""affiliation"", ""relation_neighborhood""]}",stkg-v2-unresolved-semantic-closure-1,2026-07-15T06:33:12
V2CONFLICT-4128918916c210f40d4dcf2d,ITOPIC-20a5e3073a6af659f6aeecdb,context_scoped_reference,keep_each_assertion_reference_scoped;never_global_merge_by_generic_label,,"{""canonical_name"": ""区委"", ""reason"": ""generic_label"", ""required_context"": [""time"", ""place"", ""affiliation"", ""relation_neighborhood""]}",stkg-v2-unresolved-semantic-closure-1,2026-07-15T06:33:12
V2CONFLICT-41ac884f2d95490f3a2e1a22,IENT-2ebb06e27f6abb54a2d7a1d7,context_scoped_reference,keep_each_assertion_reference_scoped;never_global_merge_by_generic_label,,"{""canonical_name"": ""128师"", ""reason"": ""incomplete_military_designation"", ""required_context"": [""time"", ""place"", ""affiliation"", ""relation_neighborhood""]}",stkg-v2-unresolved-semantic-closure-1,2026-07-15T06:33:12
V2CONFLICT-41bf31a14c52d9a94d673100,IENT-05cc8bad89a8dd65c7814555,context_scoped_reference,keep_each_assertion_reference_scoped;never_global_merge_by_generic_label,,"{""canonical_name"": ""五支队"", ""reason"": ""incomplete_military_designation"", ""required_context"": [""time"", ""place"", ""affiliation"", ""relation_neighborhood""]}",stkg-v2-unresolved-semantic-closure-1,2026-07-15T06:33:12
V2CONFLICT-41f7a3c7a433f9d3336b9103,IENT-b66fbbccd113ad1c6654e999,context_scoped_reference,keep_each_assertion_reference_scoped;never_global_merge_by_generic_label,,"{""canonical_name"": ""四四师"", ""reason"": ""incomplete_military_designation"", ""required_context"": [""time"", ""place"", ""affiliation"", ""relation_neighborhood""]}",stkg-v2-unresolved-semantic-closure-1,2026-07-15T06:33:12
V2CONFLICT-41fc374f3eb023f44f4a274e,IENT-a142eb08ebcdc78f2e8196f8,context_scoped_reference,keep_each_assertion_reference_scoped;never_global_merge_by_generic_label,,"{""canonical_name"": ""九十二团"", ""reason"": ""incomplete_military_designation"", ""required_context"": [""time"", ""place"", ""affiliation"", ""relation_neighborhood""]}",stkg-v2-unresolved-semantic-closure-1,2026-07-15T06:33:12
V2CONFLICT-42af4d853bb04bb0c66283c5,IENT-647327e4b9e23ff82f236d29,context_scoped_reference,keep_each_assertion_reference_scoped;never_global_merge_by_generic_label,,"{""canonical_name"": ""十七团"", ""reason"": ""incomplete_military_designation"", ""required_context"": [""time"", ""place"", ""affiliation"", ""relation_neighborhood""]}",stkg-v2-unresolved-semantic-closure-1,2026-07-15T06:33:12
V2CONFLICT-43eb49ec7bb7be0d3c5fc1f9,IENT-fb14b788f8fbf46003a4261a,context_scoped_reference,keep_each_assertion_reference_scoped;never_global_merge_by_generic_label,,"{""canonical_name"": ""解放军一一四团"", ""reason"": ""incomplete_military_designation"", ""required_context"": [""time"", ""place"", ""affiliation"", ""relation_neighborhood""]}",stkg-v2-unresolved-semantic-closure-1,2026-07-15T06:33:12
V2CONFLICT-44c89361d19947b2a9fe3c8b,IENT-704bf08fd33569d97d6052e8,context_scoped_reference,keep_each_assertion_reference_scoped;never_global_merge_by_generic_label,,"{""canonical_name"": ""人民解放军47师"", ""reason"": ""incomplete_military_designation"", ""required_context"": [""time"", ""place"", ""affiliation"", ""relation_neighborhood""]}",stkg-v2-unresolved-semantic-closure-1,2026-07-15T06:33:12
V2CONFLICT-45752ea61d31680eb14e9f9d,IENT-c1274ddff246d610806d0edc,context_scoped_reference,keep_each_assertion_reference_scoped;never_global_merge_by_generic_label,,"{""canonical_name"": ""解放军138团"", ""reason"": ""incomplete_military_designation"", ""required_context"": [""time"", ""place"", ""affiliation"", ""relation_neighborhood""]}",stkg-v2-unresolved-semantic-closure-1,2026-07-15T06:33:12
V2CONFLICT-4578ba3616a2689111ce45cd,IENT-dfc985f27133708027ab06f7,context_scoped_reference,keep_each_assertion_reference_scoped;never_global_merge_by_generic_label,,"{""canonical_name"": ""四支队"", ""reason"": ""incomplete_military_designation"", ""required_context"": [""time"", ""place"", ""affiliation"", ""relation_neighborhood""]}",stkg-v2-unresolved-semantic-closure-1,2026-07-15T06:33:12
V2CONFLICT-4641684e71ce24876cc92d40,IENT-4805f106435b9556a069e1e7,context_scoped_reference,keep_each_assertion_reference_scoped;never_global_merge_by_generic_label,,"{""canonical_name"": ""十九军"", ""reason"": ""incomplete_military_designation"", ""required_context"": [""time"", ""place"", ""affiliation"", ""relation_neighborhood""]}",stkg-v2-unresolved-semantic-closure-1,2026-07-15T06:33:12
V2CONFLICT-46489bed8f38a2a6d8177883,IENT-5ff38990cff543d674737197,context_scoped_reference,keep_each_assertion_reference_scoped;never_global_merge_by_generic_label,,"{""canonical_name"": ""五五四团"", ""reason"": ""incomplete_military_designation"", ""required_context"": [""time"", ""place"", ""affiliation"", ""relation_neighborhood""]}",stkg-v2-unresolved-semantic-closure-1,2026-07-15T06:33:12
V2CONFLICT-467760283ff965719949dda1,IENT-06a0fdd2aa0733cc39f113a6,context_scoped_reference,keep_each_assertion_reference_scoped;never_global_merge_by_generic_label,,"{""canonical_name"": ""二十九团"", ""reason"": ""incomplete_military_designation"", ""required_context"": [""time"", ""place"", ""affiliation"", ""relation_neighborhood""]}",stkg-v2-unresolved-semantic-closure-1,2026-07-15T06:33:12
V2CONFLICT-46911f1fc5889b4bf40517fb,IENT-865d95ae6d604a9cf25a870e,context_scoped_reference,keep_each_assertion_reference_scoped;never_global_merge_by_generic_label,,"{""canonical_name"": ""新四军十六旅"", ""reason"": ""incomplete_military_designation"", ""required_context"": [""time"", ""place"", ""affiliation"", ""relation_neighborhood""]}",stkg-v2-unresolved-semantic-closure-1,2026-07-15T06:33:12
V2CONFLICT-469608d048976a85ce9f52f1,IENTREPAIR-3f3831d53131a74ed521ed1e,context_scoped_reference,keep_each_assertion_reference_scoped;never_global_merge_by_generic_label,,"{""canonical_name"": ""七十九旅"", ""reason"": ""incomplete_military_designation"", ""required_context"": [""time"", ""place"", ""affiliation"", ""relation_neighborhood""]}",stkg-v2-unresolved-semantic-closure-1,2026-07-15T06:33:12
V2CONFLICT-469a0fd474dcdc7f6d132df2,IENTREPAIR-d8df8f641c6d503bc16d0c4c,context_scoped_reference,keep_each_assertion_reference_scoped;never_global_merge_by_generic_label,,"{""canonical_name"": ""红18师"", ""reason"": ""incomplete_military_designation"", ""required_context"": [""time"", ""place"", ""affiliation"", ""relation_neighborhood""]}",stkg-v2-unresolved-semantic-closure-1,2026-07-15T06:33:12
V2CONFLICT-46db6239c54049d10dab9833,IENT-eed021dd15a549ca80eab6f5,context_scoped_reference,keep_each_assertion_reference_scoped;never_global_merge_by_generic_label,,"{""canonical_name"": ""十三支队"", ""reason"": ""incomplete_military_designation"", ""required_context"": [""time"", ""place"", ""affiliation"", ""relation_neighborhood""]}",stkg-v2-unresolved-semantic-closure-1,2026-07-15T06:33:12
V2CONFLICT-46eb510a2a65b86e4ae4166a,IENT-aba537f8c93b89d0784de18a,context_scoped_reference,keep_each_assertion_reference_scoped;never_global_merge_by_generic_label,,"{""canonical_name"": ""二九八团"", ""reason"": ""incomplete_military_designation"", ""required_context"": [""time"", ""place"", ""affiliation"", ""relation_neighborhood""]}",stkg-v2-unresolved-semantic-closure-1,2026-07-15T06:33:12
V2CONFLICT-46f8fe32d3849301a1b935fb,IENT-e4512a89ce8c1064c21bf142,context_scoped_reference,keep_each_assertion_reference_scoped;never_global_merge_by_generic_label,,"{""canonical_name"": ""三九团"", ""reason"": ""incomplete_military_designation"", ""required_context"": [""time"", ""place"", ""affiliation"", ""relation_neighborhood""]}",stkg-v2-unresolved-semantic-closure-1,2026-07-15T06:33:12
V2CONFLICT-47d83b15562e9c4e7ef3bc07,IENT-69e5ce775808b8c0c4418fc9,context_scoped_reference,keep_each_assertion_reference_scoped;never_global_merge_by_generic_label,,"{""canonical_name"": ""二四六团"", ""reason"": ""incomplete_military_designation"", ""required_context"": [""time"", ""place"", ""affiliation"", ""relation_neighborhood""]}",stkg-v2-unresolved-semantic-closure-1,2026-07-15T06:33:12
V2CONFLICT-47fc70d0ef18e0b3d5b30942,IENT-99142717eb39e7271b7afb70,context_scoped_reference,keep_each_assertion_reference_scoped;never_global_merge_by_generic_label,,"{""canonical_name"": ""红二十六军"", ""reason"": ""incomplete_military_designation"", ""required_context"": [""time"", ""place"", ""affiliation"", ""relation_neighborhood""]}",stkg-v2-unresolved-semantic-closure-1,2026-07-15T06:33:12
V2CONFLICT-4866f316fce565937c78e483,IENT-ef782e07cbb7134aea65be70,context_scoped_reference,keep_each_assertion_reference_scoped;never_global_merge_by_generic_label,,"{""canonical_name"": ""解放军147师"", ""reason"": ""incomplete_military_designation"", ""required_context"": [""time"", ""place"", ""affiliation"", ""relation_neighborhood""]}",stkg-v2-unresolved-semantic-closure-1,2026-07-15T06:33:12
V2CONFLICT-49312cadd7b60785096e82ef,ITOPIC-7d24d9c337c8d839e669a25b,context_scoped_reference,keep_each_assertion_reference_scoped;never_global_merge_by_generic_label,,"{""canonical_name"": ""宣传队"", ""reason"": ""generic_label"", ""required_context"": [""time"", ""place"", ""affiliation"", ""relation_neighborhood""]}",stkg-v2-unresolved-semantic-closure-1,2026-07-15T06:33:12
V2CONFLICT-4993d15c72f753033af13380,IENT-0d68bb9f8a3976d527a1b952,context_scoped_reference,keep_each_assertion_reference_scoped;never_global_merge_by_generic_label,,"{""canonical_name"": ""六十四团"", ""reason"": ""incomplete_military_designation"", ""required_context"": [""time"", ""place"", ""affiliation"", ""relation_neighborhood""]}",stkg-v2-unresolved-semantic-closure-1,2026-07-15T06:33:12
V2CONFLICT-49949b10b31f838346d906aa,IENT-1b372f7ec738c767dd8bce2c,context_scoped_reference,keep_each_assertion_reference_scoped;never_global_merge_by_generic_label,,"{""canonical_name"": ""解放军135师"", ""reason"": ""incomplete_military_designation"", ""required_context"": [""time"", ""place"", ""affiliation"", ""relation_neighborhood""]}",stkg-v2-unresolved-semantic-closure-1,2026-07-15T06:33:12
V2CONFLICT-49f136a97b0cd8ad58497290,IENT-7faff848cc8df8b901301bca,context_scoped_reference,keep_each_assertion_reference_scoped;never_global_merge_by_generic_label,,"{""canonical_name"": ""独立团"", ""reason"": ""generic_label"", ""required_context"": [""time"", ""place"", ""affiliation"", ""relation_neighborhood""]}",stkg-v2-unresolved-semantic-closure-1,2026-07-15T06:33:12
V2CONFLICT-4aa400922d57c81a316b96fe,IENT-909a5c62f973e63dab7625ce,context_scoped_reference,keep_each_assertion_reference_scoped;never_global_merge_by_generic_label,,"{""canonical_name"": ""一一一团"", ""reason"": ""incomplete_military_designation"", ""required_context"": [""time"", ""place"", ""affiliation"", ""relation_neighborhood""]}",stkg-v2-unresolved-semantic-closure-1,2026-07-15T06:33:12
V2CONFLICT-4ac04e909479ce1da3d7d721,IENT-345432fe02b54cde02dd5453,context_scoped_reference,keep_each_assertion_reference_scoped;never_global_merge_by_generic_label,,"{""canonical_name"": ""一四四师"", ""reason"": ""incomplete_military_designation"", ""required_context"": [""time"", ""place"", ""affiliation"", ""relation_neighborhood""]}",stkg-v2-unresolved-semantic-closure-1,2026-07-15T06:33:12
V2CONFLICT-4b8f5ed8c2cf6b39276c1d6e,IENT-a80131f22a7a4979afd34ce2,context_scoped_reference,keep_each_assertion_reference_scoped;never_global_merge_by_generic_label,,"{""canonical_name"": ""一支队"", ""reason"": ""incomplete_military_designation"", ""required_context"": [""time"", ""place"", ""affiliation"", ""relation_neighborhood""]}",stkg-v2-unresolved-semantic-closure-1,2026-07-15T06:33:12
V2CONFLICT-4befbd8e7e0e47c50a1bd35d,IENT-da91d7f40fe860d74ac1b9a6,context_scoped_reference,keep_each_assertion_reference_scoped;never_global_merge_by_generic_label,,"{""canonical_name"": ""一〇三军"", ""reason"": ""incomplete_military_designation"", ""required_context"": [""time"", ""place"", ""affiliation"", ""relation_neighborhood""]}",stkg-v2-unresolved-semantic-closure-1,2026-07-15T06:33:12
V2CONFLICT-4c683694c59318d1e45a94c4,IENT-ca41e795fcb9c68ae9ec5a7b,context_scoped_reference,keep_each_assertion_reference_scoped;never_global_merge_by_generic_label,,"{""canonical_name"": ""10旅"", ""reason"": ""incomplete_military_designation"", ""required_context"": [""time"", ""place"", ""affiliation"", ""relation_neighborhood""]}",stkg-v2-unresolved-semantic-closure-1,2026-07-15T06:33:12
V2CONFLICT-4d0df530c8322d5b08d822fb,IENT-168ccb721767784604a6429e,context_scoped_reference,keep_each_assertion_reference_scoped;never_global_merge_by_generic_label,,"{""canonical_name"": ""新四军四支队"", ""reason"": ""incomplete_military_designation"", ""required_context"": [""time"", ""place"", ""affiliation"", ""relation_neighborhood""]}",stkg-v2-unresolved-semantic-closure-1,2026-07-15T06:33:12
V2CONFLICT-4dec021ea9f9b1310288bfcd,IENT-0d25de785214bbb450d2b4b8,context_scoped_reference,keep_each_assertion_reference_scoped;never_global_merge_by_generic_label,,"{""canonical_name"": ""红五纵队"", ""reason"": ""incomplete_military_designation"", ""required_context"": [""time"", ""place"", ""affiliation"", ""relation_neighborhood""]}",stkg-v2-unresolved-semantic-closure-1,2026-07-15T06:33:12
V2CONFLICT-4e7dfea70eeda848ea7553a9,IENT-392912afe04b7ec085ecd590,context_scoped_reference,keep_each_assertion_reference_scoped;never_global_merge_by_generic_label,,"{""canonical_name"": ""14团"", ""reason"": ""incomplete_military_designation"", ""required_context"": [""time"", ""place"", ""affiliation"", ""relation_neighborhood""]}",stkg-v2-unresolved-semantic-closure-1,2026-07-15T06:33:12
V2CONFLICT-4ecd09f1259e33e93f7143b9,IENT-1ea343c4efef106345a02be9,context_scoped_reference,keep_each_assertion_reference_scoped;never_global_merge_by_generic_label,,"{""canonical_name"": ""二十五师"", ""reason"": ""incomplete_military_designation"", ""required_context"": [""time"", ""place"", ""affiliation"", ""relation_neighborhood""]}",stkg-v2-unresolved-semantic-closure-1,2026-07-15T06:33:12
V2CONFLICT-4ef814e45176bd9b10c695fa,IENT-51daa72f96ec8f2a991457c3,context_scoped_reference,keep_each_assertion_reference_scoped;never_global_merge_by_generic_label,,"{""canonical_name"": ""十一支队"", ""reason"": ""incomplete_military_designation"", ""required_context"": [""time"", ""place"", ""affiliation"", ""relation_neighborhood""]}",stkg-v2-unresolved-semantic-closure-1,2026-07-15T06:33:12
V2CONFLICT-4efe5f0589131ce9bc99af64,IENT-8bb03294da93e5d8f8917ba7,context_scoped_reference,keep_each_assertion_reference_scoped;never_global_merge_by_generic_label,,"{""canonical_name"": ""一四七师"", ""reason"": ""incomplete_military_designation"", ""required_context"": [""time"", ""place"", ""affiliation"", ""relation_neighborhood""]}",stkg-v2-unresolved-semantic-closure-1,2026-07-15T06:33:12
V2CONFLICT-4f138a5d4f1a7fab24af9f16,IENT-d46290ef6ac730e56fa4a01d,context_scoped_reference,keep_each_assertion_reference_scoped;never_global_merge_by_generic_label,,"{""canonical_name"": ""红30军"", ""reason"": ""incomplete_military_designation"", ""required_context"": [""time"", ""place"", ""affiliation"", ""relation_neighborhood""]}",stkg-v2-unresolved-semantic-closure-1,2026-07-15T06:33:12
V2CONFLICT-50345c0d44c1b917fe519b2f,IENT-8066600cb57b2bd6a5b548ee,context_scoped_reference,keep_each_assertion_reference_scoped;never_global_merge_by_generic_label,,"{""canonical_name"": ""二十三团"", ""reason"": ""incomplete_military_designation"", ""required_context"": [""time"", ""place"", ""affiliation"", ""relation_neighborhood""]}",stkg-v2-unresolved-semantic-closure-1,2026-07-15T06:33:12
V2CONFLICT-50fc9e378131cd58cb974775,IENT-1aa4d6b0581aaba8f228a04f,context_scoped_reference,keep_each_assertion_reference_scoped;never_global_merge_by_generic_label,,"{""canonical_name"": ""红十六团"", ""reason"": ""incomplete_military_designation"", ""required_context"": [""time"", ""place"", ""affiliation"", ""relation_neighborhood""]}",stkg-v2-unresolved-semantic-closure-1,2026-07-15T06:33:12
V2CONFLICT-51528573d38e790612aad9dd,IENT-af062fda2abc9b40dec09685,context_scoped_reference,keep_each_assertion_reference_scoped;never_global_merge_by_generic_label,,"{""canonical_name"": ""解放军三营"", ""reason"": ""incomplete_military_designation"", ""required_context"": [""time"", ""place"", ""affiliation"", ""relation_neighborhood""]}",stkg-v2-unresolved-semantic-closure-1,2026-07-15T06:33:12
V2CONFLICT-51e0c226a8d69c11c88665b5,IENT-3d3b6c7162ff1459e2ded2db,context_scoped_reference,keep_each_assertion_reference_scoped;never_global_merge_by_generic_label,,"{""canonical_name"": ""新四军七团"", ""reason"": ""incomplete_military_designation"", ""required_context"": [""time"", ""place"", ""affiliation"", ""relation_neighborhood""]}",stkg-v2-unresolved-semantic-closure-1,2026-07-15T06:33:12
V2CONFLICT-525b1a298a38cce2b24f3b08,IENT-7fff9e9cc987906600da50f1,context_scoped_reference,keep_each_assertion_reference_scoped;never_global_merge_by_generic_label,,"{""canonical_name"": ""红3军"", ""reason"": ""incomplete_military_designation"", ""required_context"": [""time"", ""place"", ""affiliation"", ""relation_neighborhood""]}",stkg-v2-unresolved-semantic-closure-1,2026-07-15T06:33:12
V2CONFLICT-526f8bf0bc590ca5260b8238,IENT-0593116b45dfd61f90996fab,context_scoped_reference,keep_each_assertion_reference_scoped;never_global_merge_by_generic_label,,"{""canonical_name"": ""三支队"", ""reason"": ""incomplete_military_designation"", ""required_context"": [""time"", ""place"", ""affiliation"", ""relation_neighborhood""]}",stkg-v2-unresolved-semantic-closure-1,2026-07-15T06:33:12
V2CONFLICT-5291dd953dc48a084f0e4433,ITOPIC-9a12d7bcdd380e507b773172,context_scoped_reference,keep_each_assertion_reference_scoped;never_global_merge_by_generic_label,,"{""canonical_name"": ""十七团"", ""reason"": ""incomplete_military_designation"", ""required_context"": [""time"", ""place"", ""affiliation"", ""relation_neighborhood""]}",stkg-v2-unresolved-semantic-closure-1,2026-07-15T06:33:12
V2CONFLICT-52a1a34f66ed44b6955f5d70,IENT-aea19522baa8e9cc98d68c9a,context_scoped_reference,keep_each_assertion_reference_scoped;never_global_merge_by_generic_label,,"{""canonical_name"": ""三十七师"", ""reason"": ""incomplete_military_designation"", ""required_context"": [""time"", ""place"", ""affiliation"", ""relation_neighborhood""]}",stkg-v2-unresolved-semantic-closure-1,2026-07-15T06:33:12
V2CONFLICT-52be956a251991fa5a9e397e,IENT-fcf1f931191641fa881c5c6d,context_scoped_reference,keep_each_assertion_reference_scoped;never_global_merge_by_generic_label,,"{""canonical_name"": ""一一六团"", ""reason"": ""incomplete_military_designation"", ""required_context"": [""time"", ""place"", ""affiliation"", ""relation_neighborhood""]}",stkg-v2-unresolved-semantic-closure-1,2026-07-15T06:33:12
V2CONFLICT-52eea64cda02f04e93e09aa2,IENT-64b02b5bac9d6092a64324a1,context_scoped_reference,keep_each_assertion_reference_scoped;never_global_merge_by_generic_label,,"{""canonical_name"": ""五师"", ""reason"": ""incomplete_military_designation"", ""required_context"": [""time"", ""place"", ""affiliation"", ""relation_neighborhood""]}",stkg-v2-unresolved-semantic-closure-1,2026-07-15T06:33:12
V2CONFLICT-52f050c67422b0b70277040d,IENT-1e9436d6a5ecc52b15b68ed8,context_scoped_reference,keep_each_assertion_reference_scoped;never_global_merge_by_generic_label,,"{""canonical_name"": ""439团"", ""reason"": ""incomplete_military_designation"", ""required_context"": [""time"", ""place"", ""affiliation"", ""relation_neighborhood""]}",stkg-v2-unresolved-semantic-closure-1,2026-07-15T06:33:12
V2CONFLICT-53571e488f5bb56e752f11b7,IENTREPAIR-9b47e642fa33b9b0ea0d9eb1,context_scoped_reference,keep_each_assertion_reference_scoped;never_global_merge_by_generic_label,,"{""canonical_name"": ""解放军151团"", ""reason"": ""incomplete_military_designation"", ""required_context"": [""time"", ""place"", ""affiliation"", ""relation_neighborhood""]}",stkg-v2-unresolved-semantic-closure-1,2026-07-15T06:33:12
V2CONFLICT-53f359cf9d48f83f0d448b18,IENT-a6325f0be81e53365fd0d861,context_scoped_reference,keep_each_assertion_reference_scoped;never_global_merge_by_generic_label,,"{""canonical_name"": ""解放军三十八军"", ""reason"": ""incomplete_military_designation"", ""required_context"": [""time"", ""place"", ""affiliation"", ""relation_neighborhood""]}",stkg-v2-unresolved-semantic-closure-1,2026-07-15T06:33:12
V2CONFLICT-5406701baedcabfa0a75eb66,IENT-13ed2b74092e98b5aeb3a06d,context_scoped_reference,keep_each_assertion_reference_scoped;never_global_merge_by_generic_label,,"{""canonical_name"": ""五十一师"", ""reason"": ""incomplete_military_designation"", ""required_context"": [""time"", ""place"", ""affiliation"", ""relation_neighborhood""]}",stkg-v2-unresolved-semantic-closure-1,2026-07-15T06:33:12
V2CONFLICT-543eeff615f6343c6723bf90,IENT-292f0e9d9198b1e60c5abc0c,context_scoped_reference,keep_each_assertion_reference_scoped;never_global_merge_by_generic_label,,"{""canonical_name"": ""7旅"", ""reason"": ""incomplete_military_designation"", ""required_context"": [""time"", ""place"", ""affiliation"", ""relation_neighborhood""]}",stkg-v2-unresolved-semantic-closure-1,2026-07-15T06:33:12
V2CONFLICT-54889fb51eda3ff9a204390d,IENT-7e13c76c0e4b6088f89ab835,context_scoped_reference,keep_each_assertion_reference_scoped;never_global_merge_by_generic_label,,"{""canonical_name"": ""七十七团"", ""reason"": ""incomplete_military_designation"", ""required_context"": [""time"", ""place"", ""affiliation"", ""relation_neighborhood""]}",stkg-v2-unresolved-semantic-closure-1,2026-07-15T06:33:12
V2CONFLICT-55953499707bfe990a511e21,IENT-a628e0a91641e5f688d79cb7,context_scoped_reference,keep_each_assertion_reference_scoped;never_global_merge_by_generic_label,,"{""canonical_name"": ""六八七团"", ""reason"": ""incomplete_military_designation"", ""required_context"": [""time"", ""place"", ""affiliation"", ""relation_neighborhood""]}",stkg-v2-unresolved-semantic-closure-1,2026-07-15T06:33:12
V2CONFLICT-55f2b9c01a9567403189c936,IENTREPAIR-3a130e4395b4ea5ce0fe6921,context_scoped_reference,keep_each_assertion_reference_scoped;never_global_merge_by_generic_label,,"{""canonical_name"": ""554团"", ""reason"": ""incomplete_military_designation"", ""required_context"": [""time"", ""place"", ""affiliation"", ""relation_neighborhood""]}",stkg-v2-unresolved-semantic-closure-1,2026-07-15T06:33:12
V2CONFLICT-567f8c29f086644d07a9a5c9,IENT-0a22e284545fb83ebc12d02c,context_scoped_reference,keep_each_assertion_reference_scoped;never_global_merge_by_generic_label,,"{""canonical_name"": ""3支队"", ""reason"": ""incomplete_military_designation"", ""required_context"": [""time"", ""place"", ""affiliation"", ""relation_neighborhood""]}",stkg-v2-unresolved-semantic-closure-1,2026-07-15T06:33:12
V2CONFLICT-56ef2370c512b1fb259acdc9,IENT-7321481e114a324a14b22f51,context_scoped_reference,keep_each_assertion_reference_scoped;never_global_merge_by_generic_label,,"{""canonical_name"": ""红32师"", ""reason"": ""incomplete_military_designation"", ""required_context"": [""time"", ""place"", ""affiliation"", ""relation_neighborhood""]}",stkg-v2-unresolved-semantic-closure-1,2026-07-15T06:33:12
V2CONFLICT-5723acdc69751357bf57171c,IENT-84dee43c8caa0814465baaf8,context_scoped_reference,keep_each_assertion_reference_scoped;never_global_merge_by_generic_label,,"{""canonical_name"": ""九八二团"", ""reason"": ""incomplete_military_designation"", ""required_context"": [""time"", ""place"", ""affiliation"", ""relation_neighborhood""]}",stkg-v2-unresolved-semantic-closure-1,2026-07-15T06:33:12
V2CONFLICT-572728a1486a0a67d84973e0,IENT-095f32b7526ca6195e443501,context_scoped_reference,keep_each_assertion_reference_scoped;never_global_merge_by_generic_label,,"{""canonical_name"": ""二十七军"", ""reason"": ""incomplete_military_designation"", ""required_context"": [""time"", ""place"", ""affiliation"", ""relation_neighborhood""]}",stkg-v2-unresolved-semantic-closure-1,2026-07-15T06:33:12
V2CONFLICT-57b47cc8b14d32d7090d2eb3,IENT-52e77c43dcf8cc25b4470119,context_scoped_reference,keep_each_assertion_reference_scoped;never_global_merge_by_generic_label,,"{""canonical_name"": ""556团"", ""reason"": ""incomplete_military_designation"", ""required_context"": [""time"", ""place"", ""affiliation"", ""relation_neighborhood""]}",stkg-v2-unresolved-semantic-closure-1,2026-07-15T06:33:12
V2CONFLICT-57dbf0d465c55c7ec2aa2dff,IENT-6db0a6903934ca72fbda5a38,context_scoped_reference,keep_each_assertion_reference_scoped;never_global_merge_by_generic_label,,"{""canonical_name"": ""一二九团"", ""reason"": ""incomplete_military_designation"", ""required_context"": [""time"", ""place"", ""affiliation"", ""relation_neighborhood""]}",stkg-v2-unresolved-semantic-closure-1,2026-07-15T06:33:12
V2CONFLICT-57fa906f2647e6186f92882b,IENT-90a19e75f447fd1501a408af,context_scoped_reference,keep_each_assertion_reference_scoped;never_global_merge_by_generic_label,,"{""canonical_name"": ""38军"", ""reason"": ""incomplete_military_designation"", ""required_context"": [""time"", ""place"", ""affiliation"", ""relation_neighborhood""]}",stkg-v2-unresolved-semantic-closure-1,2026-07-15T06:33:12
V2CONFLICT-582ea0189e8ff7b5d0d14b6e,IENT-48fa85ec2525f5848bdd24d5,context_scoped_reference,keep_each_assertion_reference_scoped;never_global_merge_by_generic_label,,"{""canonical_name"": ""二十六团"", ""reason"": ""incomplete_military_designation"", ""required_context"": [""time"", ""place"", ""affiliation"", ""relation_neighborhood""]}",stkg-v2-unresolved-semantic-closure-1,2026-07-15T06:33:12
V2CONFLICT-5889e6d739e1ae27104744fe,IENT-2e9cce24a91675ea55bec2ee,context_scoped_reference,keep_each_assertion_reference_scoped;never_global_merge_by_generic_label,,"{""canonical_name"": ""二十八团"", ""reason"": ""incomplete_military_designation"", ""required_context"": [""time"", ""place"", ""affiliation"", ""relation_neighborhood""]}",stkg-v2-unresolved-semantic-closure-1,2026-07-15T06:33:12
V2CONFLICT-58abcfc94bf5b611d66c0c63,IENT-0c9addf3944b820f72541d53,context_scoped_reference,keep_each_assertion_reference_scoped;never_global_merge_by_generic_label,,"{""canonical_name"": ""五三师"", ""reason"": ""incomplete_military_designation"", ""required_context"": [""time"", ""place"", ""affiliation"", ""relation_neighborhood""]}",stkg-v2-unresolved-semantic-closure-1,2026-07-15T06:33:12
V2CONFLICT-58b320061993ed90efcf0440,IENT-f6b75b60407cc6d712b4de3b,context_scoped_reference,keep_each_assertion_reference_scoped;never_global_merge_by_generic_label,,"{""canonical_name"": ""人民解放军一四〇团"", ""reason"": ""incomplete_military_designation"", ""required_context"": [""time"", ""place"", ""affiliation"", ""relation_neighborhood""]}",stkg-v2-unresolved-semantic-closure-1,2026-07-15T06:33:12
V2CONFLICT-5945bd649f298dd3a0842faa,IENT-cdad35014c54e5d6abb05f57,context_scoped_reference,keep_each_assertion_reference_scoped;never_global_merge_by_generic_label,,"{""canonical_name"": ""138团"", ""reason"": ""incomplete_military_designation"", ""required_context"": [""time"", ""place"", ""affiliation"", ""relation_neighborhood""]}",stkg-v2-unresolved-semantic-closure-1,2026-07-15T06:33:12
V2CONFLICT-5948e3c26b2111adf3b02471,IENT-f1d67531f73b39bb72c99de4,context_scoped_reference,keep_each_assertion_reference_scoped;never_global_merge_by_generic_label,,"{""canonical_name"": ""七大队"", ""reason"": ""incomplete_military_designation"", ""required_context"": [""time"", ""place"", ""affiliation"", ""relation_neighborhood""]}",stkg-v2-unresolved-semantic-closure-1,2026-07-15T06:33:12
V2CONFLICT-598c55b6a147b61a9730813f,ITOPIC-8d8b5c3fab6b5d8c6c6b7b69,context_scoped_reference,keep_each_assertion_reference_scoped;never_global_merge_by_generic_label,,"{""canonical_name"": ""四十八军"", ""reason"": ""incomplete_military_designation"", ""required_context"": [""time"", ""place"", ""affiliation"", ""relation_neighborhood""]}",stkg-v2-unresolved-semantic-closure-1,2026-07-15T06:33:12
V2CONFLICT-59fbc1e2c3d5fba6125140cd,IENT-3f40d52b2392177e97e423d5,context_scoped_reference,keep_each_assertion_reference_scoped;never_global_merge_by_generic_label,,"{""canonical_name"": ""二旅"", ""reason"": ""incomplete_military_designation"", ""required_context"": [""time"", ""place"", ""affiliation"", ""relation_neighborhood""]}",stkg-v2-unresolved-semantic-closure-1,2026-07-15T06:33:12
V2CONFLICT-5a4182ec8206ef7a7993aa3b,IENT-e4b8c347481b6b93921e2f59,context_scoped_reference,keep_each_assertion_reference_scoped;never_global_merge_by_generic_label,,"{""canonical_name"": ""解放军三十三师"", ""reason"": ""incomplete_military_designation"", ""required_context"": [""time"", ""place"", ""affiliation"", ""relation_neighborhood""]}",stkg-v2-unresolved-semantic-closure-1,2026-07-15T06:33:12
V2CONFLICT-5a61bfc2d13002e725ad12f7,IENT-b12fe076d000030ef49a59c0,context_scoped_reference,keep_each_assertion_reference_scoped;never_global_merge_by_generic_label,,"{""canonical_name"": ""二十七团"", ""reason"": ""incomplete_military_designation"", ""required_context"": [""time"", ""place"", ""affiliation"", ""relation_neighborhood""]}",stkg-v2-unresolved-semantic-closure-1,2026-07-15T06:33:12
V2CONFLICT-5adcec482723da198c372c2d,IENT-aa8ae49268995c1a322a9e6e,context_scoped_reference,keep_each_assertion_reference_scoped;never_global_merge_by_generic_label,,"{""canonical_name"": ""红35师"", ""reason"": ""incomplete_military_designation"", ""required_context"": [""time"", ""place"", ""affiliation"", ""relation_neighborhood""]}",stkg-v2-unresolved-semantic-closure-1,2026-07-15T06:33:12
V2CONFLICT-5b14988e0f861f93ea6f4583,IENT-684dfb6c5e504bb4187d31f4,context_scoped_reference,keep_each_assertion_reference_scoped;never_global_merge_by_generic_label,,"{""canonical_name"": ""27团"", ""reason"": ""incomplete_military_designation"", ""required_context"": [""time"", ""place"", ""affiliation"", ""relation_neighborhood""]}",stkg-v2-unresolved-semantic-closure-1,2026-07-15T06:33:12
V2CONFLICT-5b718796f06efdcadb65ab2b,IENT-0d05e92f4987757fcfbfe239,context_scoped_reference,keep_each_assertion_reference_scoped;never_global_merge_by_generic_label,,"{""canonical_name"": ""八十九师"", ""reason"": ""incomplete_military_designation"", ""required_context"": [""time"", ""place"", ""affiliation"", ""relation_neighborhood""]}",stkg-v2-unresolved-semantic-closure-1,2026-07-15T06:33:12
V2CONFLICT-5bc508080db8bf1264b4ea45,IENT-9c524b500be717393e7c30df,context_scoped_reference,keep_each_assertion_reference_scoped;never_global_merge_by_generic_label,,"{""canonical_name"": ""解放军140团"", ""reason"": ""incomplete_military_designation"", ""required_context"": [""time"", ""place"", ""affiliation"", ""relation_neighborhood""]}",stkg-v2-unresolved-semantic-closure-1,2026-07-15T06:33:12
V2CONFLICT-5bc81c8d5a4a35754071fc51,IENT-d32ea8e0167d128eeaa2391c,context_scoped_reference,keep_each_assertion_reference_scoped;never_global_merge_by_generic_label,,"{""canonical_name"": ""47军"", ""reason"": ""incomplete_military_designation"", ""required_context"": [""time"", ""place"", ""affiliation"", ""relation_neighborhood""]}",stkg-v2-unresolved-semantic-closure-1,2026-07-15T06:33:12
V2CONFLICT-5bdc03a959702e3b902738ac,IENTREPAIR-5f24eb426401d39b2594e324,context_scoped_reference,keep_each_assertion_reference_scoped;never_global_merge_by_generic_label,,"{""canonical_name"": ""八团"", ""reason"": ""incomplete_military_designation"", ""required_context"": [""time"", ""place"", ""affiliation"", ""relation_neighborhood""]}",stkg-v2-unresolved-semantic-closure-1,2026-07-15T06:33:12
V2CONFLICT-5c0aacad8625440bfd82be9d,ITOPIC-ecc93516ceec17797fdbf8c9,context_scoped_reference,keep_each_assertion_reference_scoped;never_global_merge_by_generic_label,,"{""canonical_name"": ""县委"", ""reason"": ""generic_label"", ""required_context"": [""time"", ""place"", ""affiliation"", ""relation_neighborhood""]}",stkg-v2-unresolved-semantic-closure-1,2026-07-15T06:33:12
V2CONFLICT-5c3f567555be803fcf3a017b,IENT-912dd7356a8d44c1d7c4eab7,context_scoped_reference,keep_each_assertion_reference_scoped;never_global_merge_by_generic_label,,"{""canonical_name"": ""十二团"", ""reason"": ""incomplete_military_designation"", ""required_context"": [""time"", ""place"", ""affiliation"", ""relation_neighborhood""]}",stkg-v2-unresolved-semantic-closure-1,2026-07-15T06:33:12
V2CONFLICT-5c6dbe67fc4e048ea7ebf43a,IENT-fcd5becf71dc4a0c8bcf60fc,context_scoped_reference,keep_each_assertion_reference_scoped;never_global_merge_by_generic_label,,"{""canonical_name"": ""红十五团"", ""reason"": ""incomplete_military_designation"", ""required_context"": [""time"", ""place"", ""affiliation"", ""relation_neighborhood""]}",stkg-v2-unresolved-semantic-closure-1,2026-07-15T06:33:12
V2CONFLICT-5c76a910010e079d89845182,IENT-4d2fa24084b2e963539b2d74,context_scoped_reference,keep_each_assertion_reference_scoped;never_global_merge_by_generic_label,,"{""canonical_name"": ""红十五军"", ""reason"": ""incomplete_military_designation"", ""required_context"": [""time"", ""place"", ""affiliation"", ""relation_neighborhood""]}",stkg-v2-unresolved-semantic-closure-1,2026-07-15T06:33:12
V2CONFLICT-5c7c242b3c1f920cc17d6aec,IENT-dd022df7d560fb0f31f57b5c,context_scoped_reference,keep_each_assertion_reference_scoped;never_global_merge_by_generic_label,,"{""canonical_name"": ""一五二团"", ""reason"": ""incomplete_military_designation"", ""required_context"": [""time"", ""place"", ""affiliation"", ""relation_neighborhood""]}",stkg-v2-unresolved-semantic-closure-1,2026-07-15T06:33:12
V2CONFLICT-5c89997a237d5dcc072c30df,ITOPIC-37c8c4a6834cdcec1a702f20,context_scoped_reference,keep_each_assertion_reference_scoped;never_global_merge_by_generic_label,,"{""canonical_name"": ""武工队"", ""reason"": ""generic_label"", ""required_context"": [""time"", ""place"", ""affiliation"", ""relation_neighborhood""]}",stkg-v2-unresolved-semantic-closure-1,2026-07-15T06:33:12
V2CONFLICT-5cdf6cd6528c79e3f51f84d7,ITOPIC-78beb1f54af2f325bd71cdeb,context_scoped_reference,keep_each_assertion_reference_scoped;never_global_merge_by_generic_label,,"{""canonical_name"": ""149团"", ""reason"": ""incomplete_military_designation"", ""required_context"": [""time"", ""place"", ""affiliation"", ""relation_neighborhood""]}",stkg-v2-unresolved-semantic-closure-1,2026-07-15T06:33:12
V2CONFLICT-5cf24ecb2d8e82ee3a3ff4b8,IENTREPAIR-bf21525ab83ceef33460a634,context_scoped_reference,keep_each_assertion_reference_scoped;never_global_merge_by_generic_label,,"{""canonical_name"": ""五一六团"", ""reason"": ""incomplete_military_designation"", ""required_context"": [""time"", ""place"", ""affiliation"", ""relation_neighborhood""]}",stkg-v2-unresolved-semantic-closure-1,2026-07-15T06:33:12
V2CONFLICT-5d3276e18c74ed3898d48f0a,IENT-a58c997e1f35919dd7dd467f,context_scoped_reference,keep_each_assertion_reference_scoped;never_global_merge_by_generic_label,,"{""canonical_name"": ""六团"", ""reason"": ""incomplete_military_designation"", ""required_context"": [""time"", ""place"", ""affiliation"", ""relation_neighborhood""]}",stkg-v2-unresolved-semantic-closure-1,2026-07-15T06:33:12
V2CONFLICT-5d4f4698c6156dd304ac5637,IENT-68270b8be6f96c38fa9423dc,context_scoped_reference,keep_each_assertion_reference_scoped;never_global_merge_by_generic_label,,"{""canonical_name"": ""四十八军"", ""reason"": ""incomplete_military_designation"", ""required_context"": [""time"", ""place"", ""affiliation"", ""relation_neighborhood""]}",stkg-v2-unresolved-semantic-closure-1,2026-07-15T06:33:12
V2CONFLICT-5dad381b131528f79cf1c9cd,IENT-59b8c9ab9239f96a3b040074,context_scoped_reference,keep_each_assertion_reference_scoped;never_global_merge_by_generic_label,,"{""canonical_name"": ""一七一旅"", ""reason"": ""incomplete_military_designation"", ""required_context"": [""time"", ""place"", ""affiliation"", ""relation_neighborhood""]}",stkg-v2-unresolved-semantic-closure-1,2026-07-15T06:33:12
V2CONFLICT-5ddd0e0965025389e3ee7e3c,IENT-22f16a99f12d00a950ab608f,context_scoped_reference,keep_each_assertion_reference_scoped;never_global_merge_by_generic_label,,"{""canonical_name"": ""卅一师"", ""reason"": ""incomplete_military_designation"", ""required_context"": [""time"", ""place"", ""affiliation"", ""relation_neighborhood""]}",stkg-v2-unresolved-semantic-closure-1,2026-07-15T06:33:12
V2CONFLICT-5de8b1d3c4bf56face456f35,IENT-429b9600b7296a384b96f48e,context_scoped_reference,keep_each_assertion_reference_scoped;never_global_merge_by_generic_label,,"{""canonical_name"": ""三纵队"", ""reason"": ""incomplete_military_designation"", ""required_context"": [""time"", ""place"", ""affiliation"", ""relation_neighborhood""]}",stkg-v2-unresolved-semantic-closure-1,2026-07-15T06:33:12
V2CONFLICT-5e0b21d659d3ce01fb0396a9,IENT-0e507c0a3b9f6caf7b3759eb,context_scoped_reference,keep_each_assertion_reference_scoped;never_global_merge_by_generic_label,,"{""canonical_name"": ""新四军九旅"", ""reason"": ""incomplete_military_designation"", ""required_context"": [""time"", ""place"", ""affiliation"", ""relation_neighborhood""]}",stkg-v2-unresolved-semantic-closure-1,2026-07-15T06:33:12
V2CONFLICT-5e0c078c3c64730cd978b2ba,IENT-1055b6be84c7643968f58fde,context_scoped_reference,keep_each_assertion_reference_scoped;never_global_merge_by_generic_label,,"{""canonical_name"": ""新四军一师"", ""reason"": ""incomplete_military_designation"", ""required_context"": [""time"", ""place"", ""affiliation"", ""relation_neighborhood""]}",stkg-v2-unresolved-semantic-closure-1,2026-07-15T06:33:12
V2CONFLICT-5e3e3bf09ae70c0263b99fb8,IENT-176244a711fa15dc7594ef5e,context_scoped_reference,keep_each_assertion_reference_scoped;never_global_merge_by_generic_label,,"{""canonical_name"": ""红二十军"", ""reason"": ""incomplete_military_designation"", ""required_context"": [""time"", ""place"", ""affiliation"", ""relation_neighborhood""]}",stkg-v2-unresolved-semantic-closure-1,2026-07-15T06:33:12
V2CONFLICT-5f52b9ab3623102d0771ce7d,IENT-5bfcae415e44b1c348ebc7de,context_scoped_reference,keep_each_assertion_reference_scoped;never_global_merge_by_generic_label,,"{""canonical_name"": ""三二七师"", ""reason"": ""incomplete_military_designation"", ""required_context"": [""time"", ""place"", ""affiliation"", ""relation_neighborhood""]}",stkg-v2-unresolved-semantic-closure-1,2026-07-15T06:33:12
V2CONFLICT-5f69c5656d9ddcbb269eaf88,IENTREPAIR-ad0d0d0898ebabc41a553760,context_scoped_reference,keep_each_assertion_reference_scoped;never_global_merge_by_generic_label,,"{""canonical_name"": ""四〇七团"", ""reason"": ""incomplete_military_designation"", ""required_context"": [""time"", ""place"", ""affiliation"", ""relation_neighborhood""]}",stkg-v2-unresolved-semantic-closure-1,2026-07-15T06:33:12
V2CONFLICT-5f730186a2b6422c5d1452d9,IENT-e3931580ea458d3c61ef8b49,context_scoped_reference,keep_each_assertion_reference_scoped;never_global_merge_by_generic_label,,"{""canonical_name"": ""五四五团"", ""reason"": ""incomplete_military_designation"", ""required_context"": [""time"", ""place"", ""affiliation"", ""relation_neighborhood""]}",stkg-v2-unresolved-semantic-closure-1,2026-07-15T06:33:12
V2CONFLICT-5fb84be9c9dc6c00bcd4351c,IENTREPAIR-a6df4ca25e53f49612764c72,context_scoped_reference,keep_each_assertion_reference_scoped;never_global_merge_by_generic_label,,"{""canonical_name"": ""九十一团"", ""reason"": ""incomplete_military_designation"", ""required_context"": [""time"", ""place"", ""affiliation"", ""relation_neighborhood""]}",stkg-v2-unresolved-semantic-closure-1,2026-07-15T06:33:12
V2CONFLICT-60bc3d704e39df5d3796b235,IENT-da0f8b00819a027a8729f344,context_scoped_reference,keep_each_assertion_reference_scoped;never_global_merge_by_generic_label,,"{""canonical_name"": ""解放军五十师"", ""reason"": ""incomplete_military_designation"", ""required_context"": [""time"", ""place"", ""affiliation"", ""relation_neighborhood""]}",stkg-v2-unresolved-semantic-closure-1,2026-07-15T06:33:12
V2CONFLICT-60c09d885d3a9666c16486d6,IENT-49e556182873c4e51131586a,context_scoped_reference,keep_each_assertion_reference_scoped;never_global_merge_by_generic_label,,"{""canonical_name"": ""解放军一四一团"", ""reason"": ""incomplete_military_designation"", ""required_context"": [""time"", ""place"", ""affiliation"", ""relation_neighborhood""]}",stkg-v2-unresolved-semantic-closure-1,2026-07-15T06:33:12
V2CONFLICT-60c82a1512a583e9bd63b007,IENT-ac75467cb3cdb76563e09da9,context_scoped_reference,keep_each_assertion_reference_scoped;never_global_merge_by_generic_label,,"{""canonical_name"": ""二十五团"", ""reason"": ""incomplete_military_designation"", ""required_context"": [""time"", ""place"", ""affiliation"", ""relation_neighborhood""]}",stkg-v2-unresolved-semantic-closure-1,2026-07-15T06:33:12
V2CONFLICT-6101e9170d3b4ed190ce27d1,IENT-97a6c6528210ee4225fd1378,context_scoped_reference,keep_each_assertion_reference_scoped;never_global_merge_by_generic_label,,"{""canonical_name"": ""九军"", ""reason"": ""incomplete_military_designation"", ""required_context"": [""time"", ""place"", ""affiliation"", ""relation_neighborhood""]}",stkg-v2-unresolved-semantic-closure-1,2026-07-15T06:33:12
V2CONFLICT-61537fa56d1bd6461a65139c,IENT-046c7ed773dd5753a01d75a0,context_scoped_reference,keep_each_assertion_reference_scoped;never_global_merge_by_generic_label,,"{""canonical_name"": ""一二七师"", ""reason"": ""incomplete_military_designation"", ""required_context"": [""time"", ""place"", ""affiliation"", ""relation_neighborhood""]}",stkg-v2-unresolved-semantic-closure-1,2026-07-15T06:33:12
V2CONFLICT-62155d009033327480fcf9e6,IENT-d7fbb5c35754e326294403a3,context_scoped_reference,keep_each_assertion_reference_scoped;never_global_merge_by_generic_label,,"{""canonical_name"": ""党委"", ""reason"": ""generic_label"", ""required_context"": [""time"", ""place"", ""affiliation"", ""relation_neighborhood""]}",stkg-v2-unresolved-semantic-closure-1,2026-07-15T06:33:12
V2CONFLICT-6270fd96e9401017eb0633c1,IENTREPAIR-c89940b02fc740003080698a,context_scoped_reference,keep_each_assertion_reference_scoped;never_global_merge_by_generic_label,,"{""canonical_name"": ""十六团"", ""reason"": ""incomplete_military_designation"", ""required_context"": [""time"", ""place"", ""affiliation"", ""relation_neighborhood""]}",stkg-v2-unresolved-semantic-closure-1,2026-07-15T06:33:12
V2CONFLICT-638dae3efc1037d2bbdd64bf,IENT-a46cb71cde77ab6b1721bae1,context_scoped_reference,keep_each_assertion_reference_scoped;never_global_merge_by_generic_label,,"{""canonical_name"": ""三三八团"", ""reason"": ""incomplete_military_designation"", ""required_context"": [""time"", ""place"", ""affiliation"", ""relation_neighborhood""]}",stkg-v2-unresolved-semantic-closure-1,2026-07-15T06:33:12
V2CONFLICT-643a27d3678e2703b3c8140f,IENT-02f96ba631dfb09a96d11e72,context_scoped_reference,keep_each_assertion_reference_scoped;never_global_merge_by_generic_label,,"{""canonical_name"": ""四六大队"", ""reason"": ""incomplete_military_designation"", ""required_context"": [""time"", ""place"", ""affiliation"", ""relation_neighborhood""]}",stkg-v2-unresolved-semantic-closure-1,2026-07-15T06:33:12
V2CONFLICT-64924ad0f0a05e2f13e37191,IENT-9e004484689c47f57aed8a44,context_scoped_reference,keep_each_assertion_reference_scoped;never_global_merge_by_generic_label,,"{""canonical_name"": ""红十八师"", ""reason"": ""incomplete_military_designation"", ""required_context"": [""time"", ""place"", ""affiliation"", ""relation_neighborhood""]}",stkg-v2-unresolved-semantic-closure-1,2026-07-15T06:33:12
V2CONFLICT-64d845e5864f16d517aff976,IENT-a2626077c0877d619bf9b37c,context_scoped_reference,keep_each_assertion_reference_scoped;never_global_merge_by_generic_label,,"{""canonical_name"": ""一〇一军"", ""reason"": ""incomplete_military_designation"", ""required_context"": [""time"", ""place"", ""affiliation"", ""relation_neighborhood""]}",stkg-v2-unresolved-semantic-closure-1,2026-07-15T06:33:12
V2CONFLICT-64dfcaf50b2b8a16f83f41d5,ITOPIC-95009bc14f03dac1788c2e61,context_scoped_reference,keep_each_assertion_reference_scoped;never_global_merge_by_generic_label,,"{""canonical_name"": ""党组织"", ""reason"": ""generic_label"", ""required_context"": [""time"", ""place"", ""affiliation"", ""relation_neighborhood""]}",stkg-v2-unresolved-semantic-closure-1,2026-07-15T06:33:12
V2CONFLICT-65573bfd7a32f5267b8c22e0,IENT-6e48e972b5dc169670120ab0,context_scoped_reference,keep_each_assertion_reference_scoped;never_global_merge_by_generic_label,,"{""canonical_name"": ""九三师"", ""reason"": ""incomplete_military_designation"", ""required_context"": [""time"", ""place"", ""affiliation"", ""relation_neighborhood""]}",stkg-v2-unresolved-semantic-closure-1,2026-07-15T06:33:12
V2CONFLICT-65a5944a0e57214bdcf5fc49,IENT-b9bcb548ec1d69f6ef3c0a7a,context_scoped_reference,keep_each_assertion_reference_scoped;never_global_merge_by_generic_label,,"{""canonical_name"": ""红四团"", ""reason"": ""incomplete_military_designation"", ""required_context"": [""time"", ""place"", ""affiliation"", ""relation_neighborhood""]}",stkg-v2-unresolved-semantic-closure-1,2026-07-15T06:33:12
V2CONFLICT-65d6c5ad3cfd3cfd7a89d9e0,IENT-48091c66e87d73037ce0a420,context_scoped_reference,keep_each_assertion_reference_scoped;never_global_merge_by_generic_label,,"{""canonical_name"": ""八一团"", ""reason"": ""incomplete_military_designation"", ""required_context"": [""time"", ""place"", ""affiliation"", ""relation_neighborhood""]}",stkg-v2-unresolved-semantic-closure-1,2026-07-15T06:33:12
V2CONFLICT-6661cb1f07875e1a3adabac0,IENT-b9b4726aab6024e390f89742,context_scoped_reference,keep_each_assertion_reference_scoped;never_global_merge_by_generic_label,,"{""canonical_name"": ""2连"", ""reason"": ""incomplete_military_designation"", ""required_context"": [""time"", ""place"", ""affiliation"", ""relation_neighborhood""]}",stkg-v2-unresolved-semantic-closure-1,2026-07-15T06:33:12
V2CONFLICT-66cec4280ec1a7a0901062ea,ITOPIC-99ea90d61124e8da56733814,context_scoped_reference,keep_each_assertion_reference_scoped;never_global_merge_by_generic_label,,"{""canonical_name"": ""地下党组织"", ""reason"": ""generic_label"", ""required_context"": [""time"", ""place"", ""affiliation"", ""relation_neighborhood""]}",stkg-v2-unresolved-semantic-closure-1,2026-07-15T06:33:12
V2CONFLICT-6703838bedd63bd0f6c277f4,IENT-95f748ccdcec0b54f8629553,context_scoped_reference,keep_each_assertion_reference_scoped;never_global_merge_by_generic_label,,"{""canonical_name"": ""红八十一师"", ""reason"": ""incomplete_military_designation"", ""required_context"": [""time"", ""place"", ""affiliation"", ""relation_neighborhood""]}",stkg-v2-unresolved-semantic-closure-1,2026-07-15T06:33:12
V2CONFLICT-671b5c2cad28295b5638bf4d,IENT-44168e783587371510bd1957,context_scoped_reference,keep_each_assertion_reference_scoped;never_global_merge_by_generic_label,,"{""canonical_name"": ""三军"", ""reason"": ""incomplete_military_designation"", ""required_context"": [""time"", ""place"", ""affiliation"", ""relation_neighborhood""]}",stkg-v2-unresolved-semantic-closure-1,2026-07-15T06:33:12
V2CONFLICT-67301aaceca41a22a86c0c43,IENT-8da065b13c3a428f3af5e915,context_scoped_reference,keep_each_assertion_reference_scoped;never_global_merge_by_generic_label,,"{""canonical_name"": ""武工队"", ""reason"": ""generic_label"", ""required_context"": [""time"", ""place"", ""affiliation"", ""relation_neighborhood""]}",stkg-v2-unresolved-semantic-closure-1,2026-07-15T06:33:12
V2CONFLICT-6752b08c10e61e53fa4e706c,IENT-f201e6ebca00c16dc9f31f51,context_scoped_reference,keep_each_assertion_reference_scoped;never_global_merge_by_generic_label,,"{""canonical_name"": ""红二团"", ""reason"": ""incomplete_military_designation"", ""required_context"": [""time"", ""place"", ""affiliation"", ""relation_neighborhood""]}",stkg-v2-unresolved-semantic-closure-1,2026-07-15T06:33:12
V2CONFLICT-67a4e821f1cbb951b09d0906,IENT-f5e0ed0762cb5f1c8652d240,context_scoped_reference,keep_each_assertion_reference_scoped;never_global_merge_by_generic_label,,"{""canonical_name"": ""十三团"", ""reason"": ""incomplete_military_designation"", ""required_context"": [""time"", ""place"", ""affiliation"", ""relation_neighborhood""]}",stkg-v2-unresolved-semantic-closure-1,2026-07-15T06:33:12
V2CONFLICT-67e3ea92bbb6add53682adcc,IENT-4e259d468357477b0ee36709,context_scoped_reference,keep_each_assertion_reference_scoped;never_global_merge_by_generic_label,,"{""canonical_name"": ""九八〇团"", ""reason"": ""incomplete_military_designation"", ""required_context"": [""time"", ""place"", ""affiliation"", ""relation_neighborhood""]}",stkg-v2-unresolved-semantic-closure-1,2026-07-15T06:33:12
V2CONFLICT-68b1e7673d665279a4b9ae58,IENT-ebb7458640d75b78b38a6bc0,context_scoped_reference,keep_each_assertion_reference_scoped;never_global_merge_by_generic_label,,"{""canonical_name"": ""三十二团"", ""reason"": ""incomplete_military_designation"", ""required_context"": [""time"", ""place"", ""affiliation"", ""relation_neighborhood""]}",stkg-v2-unresolved-semantic-closure-1,2026-07-15T06:33:12
V2CONFLICT-68eca8342a4fb0778bd1c2eb,IENT-d5bec287c73bd76e2af2dc59,context_scoped_reference,keep_each_assertion_reference_scoped;never_global_merge_by_generic_label,,"{""canonical_name"": ""三七四团"", ""reason"": ""incomplete_military_designation"", ""required_context"": [""time"", ""place"", ""affiliation"", ""relation_neighborhood""]}",stkg-v2-unresolved-semantic-closure-1,2026-07-15T06:33:12
V2CONFLICT-68ed94302f8a3810bb7c351b,IENTREPAIR-b81dc3ab03d09370fd1a233d,context_scoped_reference,keep_each_assertion_reference_scoped;never_global_merge_by_generic_label,,"{""canonical_name"": ""7旅"", ""reason"": ""incomplete_military_designation"", ""required_context"": [""time"", ""place"", ""affiliation"", ""relation_neighborhood""]}",stkg-v2-unresolved-semantic-closure-1,2026-07-15T06:33:12
V2CONFLICT-69068f0d22954a2757e04417,IENT-b1fc0b971744f5a8b4c42d78,context_scoped_reference,keep_each_assertion_reference_scoped;never_global_merge_by_generic_label,,"{""canonical_name"": ""二七一师"", ""reason"": ""incomplete_military_designation"", ""required_context"": [""time"", ""place"", ""affiliation"", ""relation_neighborhood""]}",stkg-v2-unresolved-semantic-closure-1,2026-07-15T06:33:12
V2CONFLICT-690c5278b929bb3fe5fe6721,IENT-8ddec44566c0a60bc1bcc04e,context_scoped_reference,keep_each_assertion_reference_scoped;never_global_merge_by_generic_label,,"{""canonical_name"": ""七连"", ""reason"": ""incomplete_military_designation"", ""required_context"": [""time"", ""place"", ""affiliation"", ""relation_neighborhood""]}",stkg-v2-unresolved-semantic-closure-1,2026-07-15T06:33:12
V2CONFLICT-694f98d6cc5f1c641e14933d,IENT-0168b89a01dbca26b3e398dc,context_scoped_reference,keep_each_assertion_reference_scoped;never_global_merge_by_generic_label,,"{""canonical_name"": ""红三十一师"", ""reason"": ""incomplete_military_designation"", ""required_context"": [""time"", ""place"", ""affiliation"", ""relation_neighborhood""]}",stkg-v2-unresolved-semantic-closure-1,2026-07-15T06:33:12
V2CONFLICT-6988f564bd2aeed233fd52a1,ITOPIC-33af47315f53c0b0ba580946,context_scoped_reference,keep_each_assertion_reference_scoped;never_global_merge_by_generic_label,,"{""canonical_name"": ""党支部"", ""reason"": ""generic_label"", ""required_context"": [""time"", ""place"", ""affiliation"", ""relation_neighborhood""]}",stkg-v2-unresolved-semantic-closure-1,2026-07-15T06:33:12
V2CONFLICT-6abaeed14c534a8c53ae52f4,IENT-618b2888d0e9767627323af1,context_scoped_reference,keep_each_assertion_reference_scoped;never_global_merge_by_generic_label,,"{""canonical_name"": ""三五四团"", ""reason"": ""incomplete_military_designation"", ""required_context"": [""time"", ""place"", ""affiliation"", ""relation_neighborhood""]}",stkg-v2-unresolved-semantic-closure-1,2026-07-15T06:33:12
V2CONFLICT-6b35c0f3a4403d062e5206ba,IENT-b2f4ef57b3f5ed545f8b2498,context_scoped_reference,keep_each_assertion_reference_scoped;never_global_merge_by_generic_label,,"{""canonical_name"": ""四八六团"", ""reason"": ""incomplete_military_designation"", ""required_context"": [""time"", ""place"", ""affiliation"", ""relation_neighborhood""]}",stkg-v2-unresolved-semantic-closure-1,2026-07-15T06:33:12
V2CONFLICT-6b40089817610f513f31a2d6,IENT-3a72b6b20600bfd9ded93a82,context_scoped_reference,keep_each_assertion_reference_scoped;never_global_merge_by_generic_label,,"{""canonical_name"": ""八十七团"", ""reason"": ""incomplete_military_designation"", ""required_context"": [""time"", ""place"", ""affiliation"", ""relation_neighborhood""]}",stkg-v2-unresolved-semantic-closure-1,2026-07-15T06:33:12
V2CONFLICT-6b756793b727416eb254237b,IENT-8622ea56330282a446736cd3,context_scoped_reference,keep_each_assertion_reference_scoped;never_global_merge_by_generic_label,,"{""canonical_name"": ""四十六团"", ""reason"": ""incomplete_military_designation"", ""required_context"": [""time"", ""place"", ""affiliation"", ""relation_neighborhood""]}",stkg-v2-unresolved-semantic-closure-1,2026-07-15T06:33:12
V2CONFLICT-6b7714aa3a030bc52ddefd25,IENTREPAIR-c44af06d31431e7333198d02,context_scoped_reference,keep_each_assertion_reference_scoped;never_global_merge_by_generic_label,,"{""canonical_name"": ""红十团"", ""reason"": ""incomplete_military_designation"", ""required_context"": [""time"", ""place"", ""affiliation"", ""relation_neighborhood""]}",stkg-v2-unresolved-semantic-closure-1,2026-07-15T06:33:12
V2CONFLICT-6bd2380e608e85baec0ac761,IENT-639a3fa62f2d13317d1c68ac,context_scoped_reference,keep_each_assertion_reference_scoped;never_global_merge_by_generic_label,,"{""canonical_name"": ""解放军426团"", ""reason"": ""incomplete_military_designation"", ""required_context"": [""time"", ""place"", ""affiliation"", ""relation_neighborhood""]}",stkg-v2-unresolved-semantic-closure-1,2026-07-15T06:33:12
V2CONFLICT-6c2e679aa9f2f6505faa23bc,IENT-9edaae64e6af95ee336dcc74,context_scoped_reference,keep_each_assertion_reference_scoped;never_global_merge_by_generic_label,,"{""canonical_name"": ""红82师"", ""reason"": ""incomplete_military_designation"", ""required_context"": [""time"", ""place"", ""affiliation"", ""relation_neighborhood""]}",stkg-v2-unresolved-semantic-closure-1,2026-07-15T06:33:12
V2CONFLICT-6c891457ab1d6687c91f49b3,IENT-d99d94d628d6801b7606a6f0,context_scoped_reference,keep_each_assertion_reference_scoped;never_global_merge_by_generic_label,,"{""canonical_name"": ""43师"", ""reason"": ""incomplete_military_designation"", ""required_context"": [""time"", ""place"", ""affiliation"", ""relation_neighborhood""]}",stkg-v2-unresolved-semantic-closure-1,2026-07-15T06:33:12
V2CONFLICT-6d8d64b9a5490cdca5f851ca,IENT-69bfc94b1e8deb4648ef5ba2,context_scoped_reference,keep_each_assertion_reference_scoped;never_global_merge_by_generic_label,,"{""canonical_name"": ""13军"", ""reason"": ""incomplete_military_designation"", ""required_context"": [""time"", ""place"", ""affiliation"", ""relation_neighborhood""]}",stkg-v2-unresolved-semantic-closure-1,2026-07-15T06:33:12
V2CONFLICT-6db98ff8f4046e289eee7572,IENTREPAIR-68756560660bd929793831c4,context_scoped_reference,keep_each_assertion_reference_scoped;never_global_merge_by_generic_label,,"{""canonical_name"": ""红十一团"", ""reason"": ""incomplete_military_designation"", ""required_context"": [""time"", ""place"", ""affiliation"", ""relation_neighborhood""]}",stkg-v2-unresolved-semantic-closure-1,2026-07-15T06:33:12
V2CONFLICT-6e151b9e9714bd5d4262a64d,IENTREPAIR-ddb2091662cd000a4637d2f1,context_scoped_reference,keep_each_assertion_reference_scoped;never_global_merge_by_generic_label,,"{""canonical_name"": ""十六师"", ""reason"": ""incomplete_military_designation"", ""required_context"": [""time"", ""place"", ""affiliation"", ""relation_neighborhood""]}",stkg-v2-unresolved-semantic-closure-1,2026-07-15T06:33:12
V2CONFLICT-6e803d518e4e8a44246c73d5,IENTREPAIR-8258af07438018159cd4ff46,context_scoped_reference,keep_each_assertion_reference_scoped;never_global_merge_by_generic_label,,"{""canonical_name"": ""五四〇团"", ""reason"": ""incomplete_military_designation"", ""required_context"": [""time"", ""place"", ""affiliation"", ""relation_neighborhood""]}",stkg-v2-unresolved-semantic-closure-1,2026-07-15T06:33:12
V2CONFLICT-6ecb796f71eef42c84667f50,IENT-e01eff185a7aaf92752c9d11,context_scoped_reference,keep_each_assertion_reference_scoped;never_global_merge_by_generic_label,,"{""canonical_name"": ""一大队"", ""reason"": ""incomplete_military_designation"", ""required_context"": [""time"", ""place"", ""affiliation"", ""relation_neighborhood""]}",stkg-v2-unresolved-semantic-closure-1,2026-07-15T06:33:12
V2CONFLICT-6edf1b338ffcf0a8b5e82a7a,IENTREPAIR-89bbe59abbab2674fc7c639c,context_scoped_reference,keep_each_assertion_reference_scoped;never_global_merge_by_generic_label,,"{""canonical_name"": ""解放军153团"", ""reason"": ""incomplete_military_designation"", ""required_context"": [""time"", ""place"", ""affiliation"", ""relation_neighborhood""]}",stkg-v2-unresolved-semantic-closure-1,2026-07-15T06:33:12
V2CONFLICT-6f40a7910af577f361aa4e81,IENT-0294c16a99b65806c0f40452,context_scoped_reference,keep_each_assertion_reference_scoped;never_global_merge_by_generic_label,,"{""canonical_name"": ""八团"", ""reason"": ""incomplete_military_designation"", ""required_context"": [""time"", ""place"", ""affiliation"", ""relation_neighborhood""]}",stkg-v2-unresolved-semantic-closure-1,2026-07-15T06:33:12
V2CONFLICT-6f8c5f94bf5ec60c3f0dbf0d,IENT-ff87464abda258ae0bfa4927,context_scoped_reference,keep_each_assertion_reference_scoped;never_global_merge_by_generic_label,,"{""canonical_name"": ""一二〇师"", ""reason"": ""incomplete_military_designation"", ""required_context"": [""time"", ""place"", ""affiliation"", ""relation_neighborhood""]}",stkg-v2-unresolved-semantic-closure-1,2026-07-15T06:33:12
V2CONFLICT-701c62ae8dce1c5ad116c8f1,IENT-3ea6b167882d2e0f6e83143e,context_scoped_reference,keep_each_assertion_reference_scoped;never_global_merge_by_generic_label,,"{""canonical_name"": ""3营"", ""reason"": ""incomplete_military_designation"", ""required_context"": [""time"", ""place"", ""affiliation"", ""relation_neighborhood""]}",stkg-v2-unresolved-semantic-closure-1,2026-07-15T06:33:12
V2CONFLICT-7029e9b3e2a6604068b79ab4,IENT-13b4623d49cfa4f8d24177c6,context_scoped_reference,keep_each_assertion_reference_scoped;never_global_merge_by_generic_label,,"{""canonical_name"": ""三师"", ""reason"": ""incomplete_military_designation"", ""required_context"": [""time"", ""place"", ""affiliation"", ""relation_neighborhood""]}",stkg-v2-unresolved-semantic-closure-1,2026-07-15T06:33:12
V2CONFLICT-703178323c02440a996563eb,IENT-87bd315eac7fe62ef824d290,context_scoped_reference,keep_each_assertion_reference_scoped;never_global_merge_by_generic_label,,"{""canonical_name"": ""八十旅"", ""reason"": ""incomplete_military_designation"", ""required_context"": [""time"", ""place"", ""affiliation"", ""relation_neighborhood""]}",stkg-v2-unresolved-semantic-closure-1,2026-07-15T06:33:12
V2CONFLICT-7044cd00e0f0f1377065be7b,IENT-e7784a70b5c738d5527a3204,context_scoped_reference,keep_each_assertion_reference_scoped;never_global_merge_by_generic_label,,"{""canonical_name"": ""一六三旅"", ""reason"": ""incomplete_military_designation"", ""required_context"": [""time"", ""place"", ""affiliation"", ""relation_neighborhood""]}",stkg-v2-unresolved-semantic-closure-1,2026-07-15T06:33:12
V2CONFLICT-7047778c3d42104bfbb700cc,IENT-41877e66c7d93763b8c97d71,context_scoped_reference,keep_each_assertion_reference_scoped;never_global_merge_by_generic_label,,"{""canonical_name"": ""党组织"", ""reason"": ""generic_label"", ""required_context"": [""time"", ""place"", ""affiliation"", ""relation_neighborhood""]}",stkg-v2-unresolved-semantic-closure-1,2026-07-15T06:33:12
V2CONFLICT-7061ac6187758479cf4e3e34,IENT-438600160026d43b09f3c7f3,context_scoped_reference,keep_each_assertion_reference_scoped;never_global_merge_by_generic_label,,"{""canonical_name"": ""四十八团"", ""reason"": ""incomplete_military_designation"", ""required_context"": [""time"", ""place"", ""affiliation"", ""relation_neighborhood""]}",stkg-v2-unresolved-semantic-closure-1,2026-07-15T06:33:12
V2CONFLICT-7072a2eec0add3d2ccade20e,IENT-4539b60e883636b13b7b39eb,context_scoped_reference,keep_each_assertion_reference_scoped;never_global_merge_by_generic_label,,"{""canonical_name"": ""红22军"", ""reason"": ""incomplete_military_designation"", ""required_context"": [""time"", ""place"", ""affiliation"", ""relation_neighborhood""]}",stkg-v2-unresolved-semantic-closure-1,2026-07-15T06:33:12
V2CONFLICT-707f1b11d6a4f0121cf352d3,IENT-786aa5e31665554be8bf7b66,context_scoped_reference,keep_each_assertion_reference_scoped;never_global_merge_by_generic_label,,"{""canonical_name"": ""一九七师"", ""reason"": ""incomplete_military_designation"", ""required_context"": [""time"", ""place"", ""affiliation"", ""relation_neighborhood""]}",stkg-v2-unresolved-semantic-closure-1,2026-07-15T06:33:12
V2CONFLICT-70883ff4e06e93fb738676ca,ITOPIC-b3d461e8df7905f83a532c0a,context_scoped_reference,keep_each_assertion_reference_scoped;never_global_merge_by_generic_label,,"{""canonical_name"": ""游击队"", ""reason"": ""generic_label"", ""required_context"": [""time"", ""place"", ""affiliation"", ""relation_neighborhood""]}",stkg-v2-unresolved-semantic-closure-1,2026-07-15T06:33:12
V2CONFLICT-70a97da035a69110db826771,IENTREPAIR-7f00579162e9f53facef0e5f,context_scoped_reference,keep_each_assertion_reference_scoped;never_global_merge_by_generic_label,,"{""canonical_name"": ""554团"", ""reason"": ""incomplete_military_designation"", ""required_context"": [""time"", ""place"", ""affiliation"", ""relation_neighborhood""]}",stkg-v2-unresolved-semantic-closure-1,2026-07-15T06:33:12
V2CONFLICT-71a1f65428e05479e9dd0f5e,IENT-bafddbf9c4fa1bf88fe737be,context_scoped_reference,keep_each_assertion_reference_scoped;never_global_merge_by_generic_label,,"{""canonical_name"": ""五十一团"", ""reason"": ""incomplete_military_designation"", ""required_context"": [""time"", ""place"", ""affiliation"", ""relation_neighborhood""]}",stkg-v2-unresolved-semantic-closure-1,2026-07-15T06:33:12
V2CONFLICT-71e3141690c327c8136b19a1,IENT-f10ef73ad09bfdbac2630b4a,context_scoped_reference,keep_each_assertion_reference_scoped;never_global_merge_by_generic_label,,"{""canonical_name"": ""解放军186师"", ""reason"": ""incomplete_military_designation"", ""required_context"": [""time"", ""place"", ""affiliation"", ""relation_neighborhood""]}",stkg-v2-unresolved-semantic-closure-1,2026-07-15T06:33:12
V2CONFLICT-7233b3e41bd687e8b27d6e45,IENT-282d5579fb2bfca21a792b4e,context_scoped_reference,keep_each_assertion_reference_scoped;never_global_merge_by_generic_label,,"{""canonical_name"": ""一四五团"", ""reason"": ""incomplete_military_designation"", ""required_context"": [""time"", ""place"", ""affiliation"", ""relation_neighborhood""]}",stkg-v2-unresolved-semantic-closure-1,2026-07-15T06:33:12
V2CONFLICT-73522284bd37fa9c3bf36b45,IENT-09e99568f5205549e4527e76,context_scoped_reference,keep_each_assertion_reference_scoped;never_global_merge_by_generic_label,,"{""canonical_name"": ""红十四军"", ""reason"": ""incomplete_military_designation"", ""required_context"": [""time"", ""place"", ""affiliation"", ""relation_neighborhood""]}",stkg-v2-unresolved-semantic-closure-1,2026-07-15T06:33:12
V2CONFLICT-73766ff7bceaf823db476816,IENT-69795f6ab8251534c5f6e43d,context_scoped_reference,keep_each_assertion_reference_scoped;never_global_merge_by_generic_label,,"{""canonical_name"": ""三十七团"", ""reason"": ""incomplete_military_designation"", ""required_context"": [""time"", ""place"", ""affiliation"", ""relation_neighborhood""]}",stkg-v2-unresolved-semantic-closure-1,2026-07-15T06:33:12
V2CONFLICT-73ceb00b5d01784fa98bf755,IENT-1bd7843d959b0d16fe7d6a23,context_scoped_reference,keep_each_assertion_reference_scoped;never_global_merge_by_generic_label,,"{""canonical_name"": ""152旅"", ""reason"": ""incomplete_military_designation"", ""required_context"": [""time"", ""place"", ""affiliation"", ""relation_neighborhood""]}",stkg-v2-unresolved-semantic-closure-1,2026-07-15T06:33:12
V2CONFLICT-73ed07528bc57468cb88ab06,IENT-670b75f59c98ed8c9db55c8b,context_scoped_reference,keep_each_assertion_reference_scoped;never_global_merge_by_generic_label,,"{""canonical_name"": ""独立团"", ""reason"": ""generic_label"", ""required_context"": [""time"", ""place"", ""affiliation"", ""relation_neighborhood""]}",stkg-v2-unresolved-semantic-closure-1,2026-07-15T06:33:12
V2CONFLICT-742287f2de5a724092558019,IENT-9ac6fc878c380030f5a90cb2,context_scoped_reference,keep_each_assertion_reference_scoped;never_global_merge_by_generic_label,,"{""canonical_name"": ""十五军"", ""reason"": ""incomplete_military_designation"", ""required_context"": [""time"", ""place"", ""affiliation"", ""relation_neighborhood""]}",stkg-v2-unresolved-semantic-closure-1,2026-07-15T06:33:12
V2CONFLICT-743345b1782bc936fdd50141,IENTREPAIR-5886e194c6670c93e3100542,context_scoped_reference,keep_each_assertion_reference_scoped;never_global_merge_by_generic_label,,"{""canonical_name"": ""十八团"", ""reason"": ""incomplete_military_designation"", ""required_context"": [""time"", ""place"", ""affiliation"", ""relation_neighborhood""]}",stkg-v2-unresolved-semantic-closure-1,2026-07-15T06:33:12
V2CONFLICT-74b8187093d7605950775d52,IENTREPAIR-72eb83f9962c7eacfdfe47cf,context_scoped_reference,keep_each_assertion_reference_scoped;never_global_merge_by_generic_label,,"{""canonical_name"": ""解放军186师"", ""reason"": ""incomplete_military_designation"", ""required_context"": [""time"", ""place"", ""affiliation"", ""relation_neighborhood""]}",stkg-v2-unresolved-semantic-closure-1,2026-07-15T06:33:12
V2CONFLICT-74e5f0e8906c9e54440d2c88,IENT-89845aca41e0a5f70cb1eef5,context_scoped_reference,keep_each_assertion_reference_scoped;never_global_merge_by_generic_label,,"{""canonical_name"": ""五一六团"", ""reason"": ""incomplete_military_designation"", ""required_context"": [""time"", ""place"", ""affiliation"", ""relation_neighborhood""]}",stkg-v2-unresolved-semantic-closure-1,2026-07-15T06:33:12
V2CONFLICT-7538cbc5044444012c4c0029,IENTREPAIR-660ada689837f336b94e713e,context_scoped_reference,keep_each_assertion_reference_scoped;never_global_merge_by_generic_label,,"{""canonical_name"": ""十七团"", ""reason"": ""incomplete_military_designation"", ""required_context"": [""time"", ""place"", ""affiliation"", ""relation_neighborhood""]}",stkg-v2-unresolved-semantic-closure-1,2026-07-15T06:33:12
V2CONFLICT-7552263bf6c46e4afd48858e,IENT-e318258d20abbf2c71db4ae5,context_scoped_reference,keep_each_assertion_reference_scoped;never_global_merge_by_generic_label,,"{""canonical_name"": ""红五团"", ""reason"": ""incomplete_military_designation"", ""required_context"": [""time"", ""place"", ""affiliation"", ""relation_neighborhood""]}",stkg-v2-unresolved-semantic-closure-1,2026-07-15T06:33:12
V2CONFLICT-75942bc9e6666ccd49b38f83,IENT-cd882875ff70ec0b3b7cbf60,context_scoped_reference,keep_each_assertion_reference_scoped;never_global_merge_by_generic_label,,"{""canonical_name"": ""新四军六大队"", ""reason"": ""incomplete_military_designation"", ""required_context"": [""time"", ""place"", ""affiliation"", ""relation_neighborhood""]}",stkg-v2-unresolved-semantic-closure-1,2026-07-15T06:33:12
V2CONFLICT-76243c28ac4cff1aca339809,IENTREPAIR-e3ef11f336ac1baebabe3ded,context_scoped_reference,keep_each_assertion_reference_scoped;never_global_merge_by_generic_label,,"{""canonical_name"": ""十七团"", ""reason"": ""incomplete_military_designation"", ""required_context"": [""time"", ""place"", ""affiliation"", ""relation_neighborhood""]}",stkg-v2-unresolved-semantic-closure-1,2026-07-15T06:33:12
V2CONFLICT-765636fd70f7008e0cce9ab4,IENT-b87b80deb841b7a5530bca7f,context_scoped_reference,keep_each_assertion_reference_scoped;never_global_merge_by_generic_label,,"{""canonical_name"": ""十六旅"", ""reason"": ""incomplete_military_designation"", ""required_context"": [""time"", ""place"", ""affiliation"", ""relation_neighborhood""]}",stkg-v2-unresolved-semantic-closure-1,2026-07-15T06:33:12
V2CONFLICT-76bcba278e884de4bf13c102,IENT-0004130469ee40a42d0bdc82,context_scoped_reference,keep_each_assertion_reference_scoped;never_global_merge_by_generic_label,,"{""canonical_name"": ""149团"", ""reason"": ""incomplete_military_designation"", ""required_context"": [""time"", ""place"", ""affiliation"", ""relation_neighborhood""]}",stkg-v2-unresolved-semantic-closure-1,2026-07-15T06:33:12
V2CONFLICT-770fae492ddac144ac343d5d,IENT-317b56b03184cb8d71cf2f6b,context_scoped_reference,keep_each_assertion_reference_scoped;never_global_merge_by_generic_label,,"{""canonical_name"": ""三六〇师"", ""reason"": ""incomplete_military_designation"", ""required_context"": [""time"", ""place"", ""affiliation"", ""relation_neighborhood""]}",stkg-v2-unresolved-semantic-closure-1,2026-07-15T06:33:12
V2CONFLICT-77db08fc5e8c5ba9fefc3fe6,IENT-88ea7b32fe336a69dd645f81,context_scoped_reference,keep_each_assertion_reference_scoped;never_global_merge_by_generic_label,,"{""canonical_name"": ""十六团"", ""reason"": ""incomplete_military_designation"", ""required_context"": [""time"", ""place"", ""affiliation"", ""relation_neighborhood""]}",stkg-v2-unresolved-semantic-closure-1,2026-07-15T06:33:12
V2CONFLICT-78580bdf8692434ede7a332b,IENT-83e049e076996a171c5f74b7,context_scoped_reference,keep_each_assertion_reference_scoped;never_global_merge_by_generic_label,,"{""canonical_name"": ""五二师"", ""reason"": ""incomplete_military_designation"", ""required_context"": [""time"", ""place"", ""affiliation"", ""relation_neighborhood""]}",stkg-v2-unresolved-semantic-closure-1,2026-07-15T06:33:12
V2CONFLICT-7874bc68ecbc5a0735b5e52e,IENTREPAIR-0539ccf637cec5f53eb50490,context_scoped_reference,keep_each_assertion_reference_scoped;never_global_merge_by_generic_label,,"{""canonical_name"": ""红十九团"", ""reason"": ""incomplete_military_designation"", ""required_context"": [""time"", ""place"", ""affiliation"", ""relation_neighborhood""]}",stkg-v2-unresolved-semantic-closure-1,2026-07-15T06:33:12
V2CONFLICT-7889d5c399264e78031e9c63,IENT-5138261e7091ba1385fe091c,context_scoped_reference,keep_each_assertion_reference_scoped;never_global_merge_by_generic_label,,"{""canonical_name"": ""一三四团"", ""reason"": ""incomplete_military_designation"", ""required_context"": [""time"", ""place"", ""affiliation"", ""relation_neighborhood""]}",stkg-v2-unresolved-semantic-closure-1,2026-07-15T06:33:12
V2CONFLICT-7947db6e23d014adb0eb17d7,IENTREPAIR-4dbe4fb9494f549eea68e1dd,context_scoped_reference,keep_each_assertion_reference_scoped;never_global_merge_by_generic_label,,"{""canonical_name"": ""153团"", ""reason"": ""incomplete_military_designation"", ""required_context"": [""time"", ""place"", ""affiliation"", ""relation_neighborhood""]}",stkg-v2-unresolved-semantic-closure-1,2026-07-15T06:33:12
V2CONFLICT-79671e6b93c2ddf9333fac46,IENT-9e8f7465faeb63ad1dbebb31,context_scoped_reference,keep_each_assertion_reference_scoped;never_global_merge_by_generic_label,,"{""canonical_name"": ""十团"", ""reason"": ""incomplete_military_designation"", ""required_context"": [""time"", ""place"", ""affiliation"", ""relation_neighborhood""]}",stkg-v2-unresolved-semantic-closure-1,2026-07-15T06:33:12
V2CONFLICT-79a8c25eb4159f4f9dc3b949,IENT-35421a56d35bd83f26258324,context_scoped_reference,keep_each_assertion_reference_scoped;never_global_merge_by_generic_label,,"{""canonical_name"": ""一营"", ""reason"": ""incomplete_military_designation"", ""required_context"": [""time"", ""place"", ""affiliation"", ""relation_neighborhood""]}",stkg-v2-unresolved-semantic-closure-1,2026-07-15T06:33:12
V2CONFLICT-79c4092436437bbf5dd5d048,IENT-c8349e768a331879af877867,context_scoped_reference,keep_each_assertion_reference_scoped;never_global_merge_by_generic_label,,"{""canonical_name"": ""二十四师"", ""reason"": ""incomplete_military_designation"", ""required_context"": [""time"", ""place"", ""affiliation"", ""relation_neighborhood""]}",stkg-v2-unresolved-semantic-closure-1,2026-07-15T06:33:12
V2CONFLICT-7a10aba1b012cb9f64d269d3,IENT-cdd2d3f38d13cc19252da3ac,context_scoped_reference,keep_each_assertion_reference_scoped;never_global_merge_by_generic_label,,"{""canonical_name"": ""三十三师"", ""reason"": ""incomplete_military_designation"", ""required_context"": [""time"", ""place"", ""affiliation"", ""relation_neighborhood""]}",stkg-v2-unresolved-semantic-closure-1,2026-07-15T06:33:12
V2CONFLICT-7b2eb408e5556c3d39885b5f,IENTREPAIR-c6229256b9e3f1b9c0fbaaf0,context_scoped_reference,keep_each_assertion_reference_scoped;never_global_merge_by_generic_label,,"{""canonical_name"": ""红三十一军"", ""reason"": ""incomplete_military_designation"", ""required_context"": [""time"", ""place"", ""affiliation"", ""relation_neighborhood""]}",stkg-v2-unresolved-semantic-closure-1,2026-07-15T06:33:12
V2CONFLICT-7c38f42310987e060710fa60,IENT-1a991ff1b1ccb90252b2c8f2,context_scoped_reference,keep_each_assertion_reference_scoped;never_global_merge_by_generic_label,,"{""canonical_name"": ""一五〇团"", ""reason"": ""incomplete_military_designation"", ""required_context"": [""time"", ""place"", ""affiliation"", ""relation_neighborhood""]}",stkg-v2-unresolved-semantic-closure-1,2026-07-15T06:33:12
V2CONFLICT-7d19ca8b5bc89e9b19e43ed4,IENT-2e7a1b617612251d6cbe9429,context_scoped_reference,keep_each_assertion_reference_scoped;never_global_merge_by_generic_label,,"{""canonical_name"": ""186师"", ""reason"": ""incomplete_military_designation"", ""required_context"": [""time"", ""place"", ""affiliation"", ""relation_neighborhood""]}",stkg-v2-unresolved-semantic-closure-1,2026-07-15T06:33:12
V2CONFLICT-7e4086522ebd7f3f7accd67d,IENTREPAIR-f21bea5cb7b0d5cffeee65b9,context_scoped_reference,keep_each_assertion_reference_scoped;never_global_merge_by_generic_label,,"{""canonical_name"": ""八连"", ""reason"": ""incomplete_military_designation"", ""required_context"": [""time"", ""place"", ""affiliation"", ""relation_neighborhood""]}",stkg-v2-unresolved-semantic-closure-1,2026-07-15T06:33:12
V2CONFLICT-7e5d8e65a6118a81d2da505e,IENT-5ff2c8125de56c725bf7690d,context_scoped_reference,keep_each_assertion_reference_scoped;never_global_merge_by_generic_label,,"{""canonical_name"": ""解放军104团"", ""reason"": ""incomplete_military_designation"", ""required_context"": [""time"", ""place"", ""affiliation"", ""relation_neighborhood""]}",stkg-v2-unresolved-semantic-closure-1,2026-07-15T06:33:12
V2CONFLICT-7e772aea684cfc72760a3b7f,IENTREPAIR-4b0e7a8cbd4053cbcd689085,context_scoped_reference,keep_each_assertion_reference_scoped;never_global_merge_by_generic_label,,"{""canonical_name"": ""红九军"", ""reason"": ""incomplete_military_designation"", ""required_context"": [""time"", ""place"", ""affiliation"", ""relation_neighborhood""]}",stkg-v2-unresolved-semantic-closure-1,2026-07-15T06:33:12
V2CONFLICT-7e817fc4b377ae758b498ad6,IENT-283a8630985cd4e134238006,context_scoped_reference,keep_each_assertion_reference_scoped;never_global_merge_by_generic_label,,"{""canonical_name"": ""八十一团"", ""reason"": ""incomplete_military_designation"", ""required_context"": [""time"", ""place"", ""affiliation"", ""relation_neighborhood""]}",stkg-v2-unresolved-semantic-closure-1,2026-07-15T06:33:12
V2CONFLICT-7ee1d043f35f165ef53d5256,IENTREPAIR-162134aad7190806df690935,context_scoped_reference,keep_each_assertion_reference_scoped;never_global_merge_by_generic_label,,"{""canonical_name"": ""四零八团"", ""reason"": ""incomplete_military_designation"", ""required_context"": [""time"", ""place"", ""affiliation"", ""relation_neighborhood""]}",stkg-v2-unresolved-semantic-closure-1,2026-07-15T06:33:12
V2CONFLICT-7f4e7388aab3701d32ac2cfb,IENT-e36e3b27dd00b63fef910753,context_scoped_reference,keep_each_assertion_reference_scoped;never_global_merge_by_generic_label,,"{""canonical_name"": ""十八师"", ""reason"": ""incomplete_military_designation"", ""required_context"": [""time"", ""place"", ""affiliation"", ""relation_neighborhood""]}",stkg-v2-unresolved-semantic-closure-1,2026-07-15T06:33:12
V2CONFLICT-80ba3e31195cadbb029d9a37,IENT-902f185a96eea6f40d1d31fa,context_scoped_reference,keep_each_assertion_reference_scoped;never_global_merge_by_generic_label,,"{""canonical_name"": ""四七支队"", ""reason"": ""incomplete_military_designation"", ""required_context"": [""time"", ""place"", ""affiliation"", ""relation_neighborhood""]}",stkg-v2-unresolved-semantic-closure-1,2026-07-15T06:33:12
V2CONFLICT-810bf521b5971a51090b4652,IENT-e59000f5359e3160e80f830f,context_scoped_reference,keep_each_assertion_reference_scoped;never_global_merge_by_generic_label,,"{""canonical_name"": ""红四师"", ""reason"": ""incomplete_military_designation"", ""required_context"": [""time"", ""place"", ""affiliation"", ""relation_neighborhood""]}",stkg-v2-unresolved-semantic-closure-1,2026-07-15T06:33:12
V2CONFLICT-812a7a2282efab3499a64bf5,IENT-f8b87d9737f6bff8a16c0309,context_scoped_reference,keep_each_assertion_reference_scoped;never_global_merge_by_generic_label,,"{""canonical_name"": ""红28军"", ""reason"": ""incomplete_military_designation"", ""required_context"": [""time"", ""place"", ""affiliation"", ""relation_neighborhood""]}",stkg-v2-unresolved-semantic-closure-1,2026-07-15T06:33:12
V2CONFLICT-8190c640ae9443ae270da4b9,IENT-266c5068776312cda6fd9b26,context_scoped_reference,keep_each_assertion_reference_scoped;never_global_merge_by_generic_label,,"{""canonical_name"": ""红十三军"", ""reason"": ""incomplete_military_designation"", ""required_context"": [""time"", ""place"", ""affiliation"", ""relation_neighborhood""]}",stkg-v2-unresolved-semantic-closure-1,2026-07-15T06:33:12
V2CONFLICT-82329c107050c97270e52537,IENT-06b066bc9f76d1b1d5b1e326,context_scoped_reference,keep_each_assertion_reference_scoped;never_global_merge_by_generic_label,,"{""canonical_name"": ""551团"", ""reason"": ""incomplete_military_designation"", ""required_context"": [""time"", ""place"", ""affiliation"", ""relation_neighborhood""]}",stkg-v2-unresolved-semantic-closure-1,2026-07-15T06:33:12
V2CONFLICT-82c29f7251b1978aa1d87639,IENT-8aca821f03598abfc7887177,context_scoped_reference,keep_each_assertion_reference_scoped;never_global_merge_by_generic_label,,"{""canonical_name"": ""红31军"", ""reason"": ""incomplete_military_designation"", ""required_context"": [""time"", ""place"", ""affiliation"", ""relation_neighborhood""]}",stkg-v2-unresolved-semantic-closure-1,2026-07-15T06:33:12
V2CONFLICT-82e7431e39ebc1bbf289f8f1,IENT-aba20977e7528564d234ed5d,context_scoped_reference,keep_each_assertion_reference_scoped;never_global_merge_by_generic_label,,"{""canonical_name"": ""红五十团"", ""reason"": ""incomplete_military_designation"", ""required_context"": [""time"", ""place"", ""affiliation"", ""relation_neighborhood""]}",stkg-v2-unresolved-semantic-closure-1,2026-07-15T06:33:12
V2CONFLICT-833a42c7716dafe983d000b7,IENT-e290f840bf3f142fe58d2d91,context_scoped_reference,keep_each_assertion_reference_scoped;never_global_merge_by_generic_label,,"{""canonical_name"": ""九大队"", ""reason"": ""incomplete_military_designation"", ""required_context"": [""time"", ""place"", ""affiliation"", ""relation_neighborhood""]}",stkg-v2-unresolved-semantic-closure-1,2026-07-15T06:33:12
V2CONFLICT-83829d229c31976bcbf726d9,IENT-66beea27717277f24bfc595b,context_scoped_reference,keep_each_assertion_reference_scoped;never_global_merge_by_generic_label,,"{""canonical_name"": ""新四军二七师"", ""reason"": ""incomplete_military_designation"", ""required_context"": [""time"", ""place"", ""affiliation"", ""relation_neighborhood""]}",stkg-v2-unresolved-semantic-closure-1,2026-07-15T06:33:12
V2CONFLICT-83a26d0fbcdeb708a6416017,IENT-1810f2a1ed45dafe9ef431fa,context_scoped_reference,keep_each_assertion_reference_scoped;never_global_merge_by_generic_label,,"{""canonical_name"": ""红十八军"", ""reason"": ""incomplete_military_designation"", ""required_context"": [""time"", ""place"", ""affiliation"", ""relation_neighborhood""]}",stkg-v2-unresolved-semantic-closure-1,2026-07-15T06:33:12
V2CONFLICT-83aaa9da58dec24dfb109957,IENT-4bceaa39628b9b4f94c18234,context_scoped_reference,keep_each_assertion_reference_scoped;never_global_merge_by_generic_label,,"{""canonical_name"": ""二营"", ""reason"": ""incomplete_military_designation"", ""required_context"": [""time"", ""place"", ""affiliation"", ""relation_neighborhood""]}",stkg-v2-unresolved-semantic-closure-1,2026-07-15T06:33:12
V2CONFLICT-83f2c46f15d0b9f47fe6ddcf,IENT-3903647d2847f23064e3c90e,context_scoped_reference,keep_each_assertion_reference_scoped;never_global_merge_by_generic_label,,"{""canonical_name"": ""八军"", ""reason"": ""incomplete_military_designation"", ""required_context"": [""time"", ""place"", ""affiliation"", ""relation_neighborhood""]}",stkg-v2-unresolved-semantic-closure-1,2026-07-15T06:33:12
V2CONFLICT-84385373a04542186cf62ade,IENT-bb214de7e91ed15bf037e61e,context_scoped_reference,keep_each_assertion_reference_scoped;never_global_merge_by_generic_label,,"{""canonical_name"": ""8旅"", ""reason"": ""incomplete_military_designation"", ""required_context"": [""time"", ""place"", ""affiliation"", ""relation_neighborhood""]}",stkg-v2-unresolved-semantic-closure-1,2026-07-15T06:33:12
V2CONFLICT-848fd26ed1f5b18c2c2dc791,IENT-2210808f4e6423aa0ce308d0,context_scoped_reference,keep_each_assertion_reference_scoped;never_global_merge_by_generic_label,,"{""canonical_name"": ""七支队"", ""reason"": ""incomplete_military_designation"", ""required_context"": [""time"", ""place"", ""affiliation"", ""relation_neighborhood""]}",stkg-v2-unresolved-semantic-closure-1,2026-07-15T06:33:12
V2CONFLICT-84a7611a1636e57d3061f0d4,IENT-41197f0b4a1d648ce455fb47,context_scoped_reference,keep_each_assertion_reference_scoped;never_global_merge_by_generic_label,,"{""canonical_name"": ""红十六师"", ""reason"": ""incomplete_military_designation"", ""required_context"": [""time"", ""place"", ""affiliation"", ""relation_neighborhood""]}",stkg-v2-unresolved-semantic-closure-1,2026-07-15T06:33:12
V2CONFLICT-84bb919afdab2afac1def169,IENTREPAIR-c8c88ef64c3b45b729dfd90d,context_scoped_reference,keep_each_assertion_reference_scoped;never_global_merge_by_generic_label,,"{""canonical_name"": ""红九军"", ""reason"": ""incomplete_military_designation"", ""required_context"": [""time"", ""place"", ""affiliation"", ""relation_neighborhood""]}",stkg-v2-unresolved-semantic-closure-1,2026-07-15T06:33:12
V2CONFLICT-85d3988ac4979b45e9c34add,IENTREPAIR-1919b0385eb18a5cf2c051b9,context_scoped_reference,keep_each_assertion_reference_scoped;never_global_merge_by_generic_label,,"{""canonical_name"": ""557团"", ""reason"": ""incomplete_military_designation"", ""required_context"": [""time"", ""place"", ""affiliation"", ""relation_neighborhood""]}",stkg-v2-unresolved-semantic-closure-1,2026-07-15T06:33:12
V2CONFLICT-85e04c6d805ec649eabe9f8c,IENT-a773c8885fc4d13062b613ef,context_scoped_reference,keep_each_assertion_reference_scoped;never_global_merge_by_generic_label,,"{""canonical_name"": ""二二三团"", ""reason"": ""incomplete_military_designation"", ""required_context"": [""time"", ""place"", ""affiliation"", ""relation_neighborhood""]}",stkg-v2-unresolved-semantic-closure-1,2026-07-15T06:33:12
V2CONFLICT-861c238bc25ce4f2ab590711,IENT-fef4297c30f4b688dcf20ab4,context_scoped_reference,keep_each_assertion_reference_scoped;never_global_merge_by_generic_label,,"{""canonical_name"": ""三十五军"", ""reason"": ""incomplete_military_designation"", ""required_context"": [""time"", ""place"", ""affiliation"", ""relation_neighborhood""]}",stkg-v2-unresolved-semantic-closure-1,2026-07-15T06:33:12
V2CONFLICT-8631fbd19c925ed73399caa7,IENTREPAIR-bdf4f484cbb3cf2ea3b7ea35,context_scoped_reference,keep_each_assertion_reference_scoped;never_global_merge_by_generic_label,,"{""canonical_name"": ""10旅"", ""reason"": ""incomplete_military_designation"", ""required_context"": [""time"", ""place"", ""affiliation"", ""relation_neighborhood""]}",stkg-v2-unresolved-semantic-closure-1,2026-07-15T06:33:12
V2CONFLICT-864082201f31d5fa4db2b2ea,IENT-7813b11648ab180d9194cb3a,context_scoped_reference,keep_each_assertion_reference_scoped;never_global_merge_by_generic_label,,"{""canonical_name"": ""一八八旅"", ""reason"": ""incomplete_military_designation"", ""required_context"": [""time"", ""place"", ""affiliation"", ""relation_neighborhood""]}",stkg-v2-unresolved-semantic-closure-1,2026-07-15T06:33:12
V2CONFLICT-86464059773ff95e6bed22be,IENT-0a5b3faccf0244a226d5b4d1,context_scoped_reference,keep_each_assertion_reference_scoped;never_global_merge_by_generic_label,,"{""canonical_name"": ""红三十三师"", ""reason"": ""incomplete_military_designation"", ""required_context"": [""time"", ""place"", ""affiliation"", ""relation_neighborhood""]}",stkg-v2-unresolved-semantic-closure-1,2026-07-15T06:33:12
V2CONFLICT-864a38864ab90e3ec29cd1de,IENT-ffbcabb9ce18d9eff14c2ab5,context_scoped_reference,keep_each_assertion_reference_scoped;never_global_merge_by_generic_label,,"{""canonical_name"": ""二支队"", ""reason"": ""incomplete_military_designation"", ""required_context"": [""time"", ""place"", ""affiliation"", ""relation_neighborhood""]}",stkg-v2-unresolved-semantic-closure-1,2026-07-15T06:33:12
V2CONFLICT-8684a3ed37ca98130ad0e0eb,ITOPIC-f0e4a11eb49e6728798c6c3f,context_scoped_reference,keep_each_assertion_reference_scoped;never_global_merge_by_generic_label,,"{""canonical_name"": ""独立营"", ""reason"": ""generic_label"", ""required_context"": [""time"", ""place"", ""affiliation"", ""relation_neighborhood""]}",stkg-v2-unresolved-semantic-closure-1,2026-07-15T06:33:12
V2CONFLICT-86a6e0c93d374eb6e02d8c9e,IENT-2a1c705e771c4869a37276bb,context_scoped_reference,keep_each_assertion_reference_scoped;never_global_merge_by_generic_label,,"{""canonical_name"": ""红十二军"", ""reason"": ""incomplete_military_designation"", ""required_context"": [""time"", ""place"", ""affiliation"", ""relation_neighborhood""]}",stkg-v2-unresolved-semantic-closure-1,2026-07-15T06:33:12
V2CONFLICT-86b26313d643d445a1131191,IENTREPAIR-75555af919f5500fe64553de,context_scoped_reference,keep_each_assertion_reference_scoped;never_global_merge_by_generic_label,,"{""canonical_name"": ""三大队"", ""reason"": ""incomplete_military_designation"", ""required_context"": [""time"", ""place"", ""affiliation"", ""relation_neighborhood""]}",stkg-v2-unresolved-semantic-closure-1,2026-07-15T06:33:12
V2CONFLICT-86e6eb4b86a8888f1e433f10,IENT-4ad5d1664f9d0e6237813d52,context_scoped_reference,keep_each_assertion_reference_scoped;never_global_merge_by_generic_label,,"{""canonical_name"": ""红9师"", ""reason"": ""incomplete_military_designation"", ""required_context"": [""time"", ""place"", ""affiliation"", ""relation_neighborhood""]}",stkg-v2-unresolved-semantic-closure-1,2026-07-15T06:33:12
V2CONFLICT-878455338bec1d94d0cae65f,IENT-6cb6093cfc5a58cf564de71c,context_scoped_reference,keep_each_assertion_reference_scoped;never_global_merge_by_generic_label,,"{""canonical_name"": ""一五团"", ""reason"": ""incomplete_military_designation"", ""required_context"": [""time"", ""place"", ""affiliation"", ""relation_neighborhood""]}",stkg-v2-unresolved-semantic-closure-1,2026-07-15T06:33:12
V2CONFLICT-879622c6dbbf6bc335417407,IENT-8c4feb7c2241f6f1ea54966c,context_scoped_reference,keep_each_assertion_reference_scoped;never_global_merge_by_generic_label,,"{""canonical_name"": ""十六师"", ""reason"": ""incomplete_military_designation"", ""required_context"": [""time"", ""place"", ""affiliation"", ""relation_neighborhood""]}",stkg-v2-unresolved-semantic-closure-1,2026-07-15T06:33:12
V2CONFLICT-87f78f2f101b979516e2c3b0,IENT-8fc80f42474128f0eefd7056,context_scoped_reference,keep_each_assertion_reference_scoped;never_global_merge_by_generic_label,,"{""canonical_name"": ""红二师"", ""reason"": ""incomplete_military_designation"", ""required_context"": [""time"", ""place"", ""affiliation"", ""relation_neighborhood""]}",stkg-v2-unresolved-semantic-closure-1,2026-07-15T06:33:12
V2CONFLICT-8803baa2d83b676768fb006e,IENT-01b9a5894d7f5fb8fd3f1b8c,context_scoped_reference,keep_each_assertion_reference_scoped;never_global_merge_by_generic_label,,"{""canonical_name"": ""二十二团"", ""reason"": ""incomplete_military_designation"", ""required_context"": [""time"", ""place"", ""affiliation"", ""relation_neighborhood""]}",stkg-v2-unresolved-semantic-closure-1,2026-07-15T06:33:12
V2CONFLICT-886d422f9e09764e4d455cbd,IENT-796401a1b3eef73ce2cca2b6,context_scoped_reference,keep_each_assertion_reference_scoped;never_global_merge_by_generic_label,,"{""canonical_name"": ""红四十二师"", ""reason"": ""incomplete_military_designation"", ""required_context"": [""time"", ""place"", ""affiliation"", ""relation_neighborhood""]}",stkg-v2-unresolved-semantic-closure-1,2026-07-15T06:33:12
V2CONFLICT-895fea687caa787ed2460805,IENT-c821f1306be96f985339c316,context_scoped_reference,keep_each_assertion_reference_scoped;never_global_merge_by_generic_label,,"{""canonical_name"": ""红二一八团"", ""reason"": ""incomplete_military_designation"", ""required_context"": [""time"", ""place"", ""affiliation"", ""relation_neighborhood""]}",stkg-v2-unresolved-semantic-closure-1,2026-07-15T06:33:12
V2CONFLICT-896599a709e7b021bc56084d,IENT-d699e2473312ee2d0db6450c,context_scoped_reference,keep_each_assertion_reference_scoped;never_global_merge_by_generic_label,,"{""canonical_name"": ""红八师"", ""reason"": ""incomplete_military_designation"", ""required_context"": [""time"", ""place"", ""affiliation"", ""relation_neighborhood""]}",stkg-v2-unresolved-semantic-closure-1,2026-07-15T06:33:12
V2CONFLICT-897f46141f9d168da6fe2ac2,IENT-b20c78c5057c848bc71651f8,context_scoped_reference,keep_each_assertion_reference_scoped;never_global_merge_by_generic_label,,"{""canonical_name"": ""红四团"", ""reason"": ""incomplete_military_designation"", ""required_context"": [""time"", ""place"", ""affiliation"", ""relation_neighborhood""]}",stkg-v2-unresolved-semantic-closure-1,2026-07-15T06:33:12
V2CONFLICT-898963cf66f2d1fd5bfee94c,IENT-36a3bc117aec60e8aa92d145,context_scoped_reference,keep_each_assertion_reference_scoped;never_global_merge_by_generic_label,,"{""canonical_name"": ""红二十二师"", ""reason"": ""incomplete_military_designation"", ""required_context"": [""time"", ""place"", ""affiliation"", ""relation_neighborhood""]}",stkg-v2-unresolved-semantic-closure-1,2026-07-15T06:33:12
V2CONFLICT-8a600f8d2caf91be4329d8a0,IENT-790468c8d7384d23d79c745d,context_scoped_reference,keep_each_assertion_reference_scoped;never_global_merge_by_generic_label,,"{""canonical_name"": ""红四军"", ""reason"": ""incomplete_military_designation"", ""required_context"": [""time"", ""place"", ""affiliation"", ""relation_neighborhood""]}",stkg-v2-unresolved-semantic-closure-1,2026-07-15T06:33:12
V2CONFLICT-8a86568df782c92fb98b2e87,IENT-28592fe86b754f4abc5cd072,context_scoped_reference,keep_each_assertion_reference_scoped;never_global_merge_by_generic_label,,"{""canonical_name"": ""红18师"", ""reason"": ""incomplete_military_designation"", ""required_context"": [""time"", ""place"", ""affiliation"", ""relation_neighborhood""]}",stkg-v2-unresolved-semantic-closure-1,2026-07-15T06:33:12
V2CONFLICT-8aa00b87ce3265c34b9a0f91,IENT-ec4104f9b9ee8cacda44438f,context_scoped_reference,keep_each_assertion_reference_scoped;never_global_merge_by_generic_label,,"{""canonical_name"": ""七师"", ""reason"": ""incomplete_military_designation"", ""required_context"": [""time"", ""place"", ""affiliation"", ""relation_neighborhood""]}",stkg-v2-unresolved-semantic-closure-1,2026-07-15T06:33:12
V2CONFLICT-8acd43c1f4f91fb5968128a2,IENT-7babc985c90f3260d7dc54e8,context_scoped_reference,keep_each_assertion_reference_scoped;never_global_merge_by_generic_label,,"{""canonical_name"": ""七十九军"", ""reason"": ""incomplete_military_designation"", ""required_context"": [""time"", ""place"", ""affiliation"", ""relation_neighborhood""]}",stkg-v2-unresolved-semantic-closure-1,2026-07-15T06:33:12
V2CONFLICT-8ad461a6a0fd40e55928a53d,IENT-b96a2339af301c87ea30c8bd,context_scoped_reference,keep_each_assertion_reference_scoped;never_global_merge_by_generic_label,,"{""canonical_name"": ""7纵队"", ""reason"": ""incomplete_military_designation"", ""required_context"": [""time"", ""place"", ""affiliation"", ""relation_neighborhood""]}",stkg-v2-unresolved-semantic-closure-1,2026-07-15T06:33:12
V2CONFLICT-8ada4aa30a2df291419957c4,IENT-9eaafaf77f9284990691dab5,context_scoped_reference,keep_each_assertion_reference_scoped;never_global_merge_by_generic_label,,"{""canonical_name"": ""十七师"", ""reason"": ""incomplete_military_designation"", ""required_context"": [""time"", ""place"", ""affiliation"", ""relation_neighborhood""]}",stkg-v2-unresolved-semantic-closure-1,2026-07-15T06:33:12
V2CONFLICT-8aee4c00f822d397ecb12c9b,IENT-a94e08359e7b86b66a10c02b,context_scoped_reference,keep_each_assertion_reference_scoped;never_global_merge_by_generic_label,,"{""canonical_name"": ""红4团"", ""reason"": ""incomplete_military_designation"", ""required_context"": [""time"", ""place"", ""affiliation"", ""relation_neighborhood""]}",stkg-v2-unresolved-semantic-closure-1,2026-07-15T06:33:12
V2CONFLICT-8c698dcdf50b775223983b61,IENT-57e92b8104e51b97fa79ce96,context_scoped_reference,keep_each_assertion_reference_scoped;never_global_merge_by_generic_label,,"{""canonical_name"": ""红十一团"", ""reason"": ""incomplete_military_designation"", ""required_context"": [""time"", ""place"", ""affiliation"", ""relation_neighborhood""]}",stkg-v2-unresolved-semantic-closure-1,2026-07-15T06:33:12
V2CONFLICT-8c768d3505e4ba192cc20ec6,IENT-5876350a6854724f38bac3e1,context_scoped_reference,keep_each_assertion_reference_scoped;never_global_merge_by_generic_label,,"{""canonical_name"": ""红二十三军"", ""reason"": ""incomplete_military_designation"", ""required_context"": [""time"", ""place"", ""affiliation"", ""relation_neighborhood""]}",stkg-v2-unresolved-semantic-closure-1,2026-07-15T06:33:12
V2CONFLICT-8cda175eae32da31445c1b08,IENT-82a12562dae9ca82e9d5813a,context_scoped_reference,keep_each_assertion_reference_scoped;never_global_merge_by_generic_label,,"{""canonical_name"": ""十四团"", ""reason"": ""incomplete_military_designation"", ""required_context"": [""time"", ""place"", ""affiliation"", ""relation_neighborhood""]}",stkg-v2-unresolved-semantic-closure-1,2026-07-15T06:33:12
V2CONFLICT-8d1b6c18675f6a77ac89d115,IENTREPAIR-ca1bda5d9615496732b23f27,context_scoped_reference,keep_each_assertion_reference_scoped;never_global_merge_by_generic_label,,"{""canonical_name"": ""红一团"", ""reason"": ""incomplete_military_designation"", ""required_context"": [""time"", ""place"", ""affiliation"", ""relation_neighborhood""]}",stkg-v2-unresolved-semantic-closure-1,2026-07-15T06:33:12
V2CONFLICT-8d46aff65228979abb5ab4f2,IENTREPAIR-3e3deb3a00dc23b5f4055557,context_scoped_reference,keep_each_assertion_reference_scoped;never_global_merge_by_generic_label,,"{""canonical_name"": ""红二十二师"", ""reason"": ""incomplete_military_designation"", ""required_context"": [""time"", ""place"", ""affiliation"", ""relation_neighborhood""]}",stkg-v2-unresolved-semantic-closure-1,2026-07-15T06:33:12
V2CONFLICT-8d5ea3f10605fe32264fbd7c,IENT-2661ea26631819d728108a1f,context_scoped_reference,keep_each_assertion_reference_scoped;never_global_merge_by_generic_label,,"{""canonical_name"": ""红三十四师"", ""reason"": ""incomplete_military_designation"", ""required_context"": [""time"", ""place"", ""affiliation"", ""relation_neighborhood""]}",stkg-v2-unresolved-semantic-closure-1,2026-07-15T06:33:12
V2CONFLICT-8df53f46ae025a39a426e122,IENT-0ea3f28fdb765381fab41f7a,context_scoped_reference,keep_each_assertion_reference_scoped;never_global_merge_by_generic_label,,"{""canonical_name"": ""红二十三师"", ""reason"": ""incomplete_military_designation"", ""required_context"": [""time"", ""place"", ""affiliation"", ""relation_neighborhood""]}",stkg-v2-unresolved-semantic-closure-1,2026-07-15T06:33:12
V2CONFLICT-8e3f513d4016a6f2f388aaca,IENT-79e38e9bed375fb322412e80,context_scoped_reference,keep_each_assertion_reference_scoped;never_global_merge_by_generic_label,,"{""canonical_name"": ""人民解放军五十一师"", ""reason"": ""incomplete_military_designation"", ""required_context"": [""time"", ""place"", ""affiliation"", ""relation_neighborhood""]}",stkg-v2-unresolved-semantic-closure-1,2026-07-15T06:33:12
V2CONFLICT-8e7014c0a52ad61efe8d2080,IENT-d2e09ccf91193220990c51d8,context_scoped_reference,keep_each_assertion_reference_scoped;never_global_merge_by_generic_label,,"{""canonical_name"": ""三十八团"", ""reason"": ""incomplete_military_designation"", ""required_context"": [""time"", ""place"", ""affiliation"", ""relation_neighborhood""]}",stkg-v2-unresolved-semantic-closure-1,2026-07-15T06:33:12
V2CONFLICT-8ea09c70c034462af87f7f9c,IENTREPAIR-fb7d316442b0c7b4793d2393,context_scoped_reference,keep_each_assertion_reference_scoped;never_global_merge_by_generic_label,,"{""canonical_name"": ""17军"", ""reason"": ""incomplete_military_designation"", ""required_context"": [""time"", ""place"", ""affiliation"", ""relation_neighborhood""]}",stkg-v2-unresolved-semantic-closure-1,2026-07-15T06:33:12
V2CONFLICT-8ea9bc8d53fcde6d79d93d3d,IENT-9b9a6551920b938756a02005,context_scoped_reference,keep_each_assertion_reference_scoped;never_global_merge_by_generic_label,,"{""canonical_name"": ""解放军四十师"", ""reason"": ""incomplete_military_designation"", ""required_context"": [""time"", ""place"", ""affiliation"", ""relation_neighborhood""]}",stkg-v2-unresolved-semantic-closure-1,2026-07-15T06:33:12
V2CONFLICT-8f0a1eecfdfe0e9b6c13bc8d,IENT-261dbde7c78130e54fb78400,context_scoped_reference,keep_each_assertion_reference_scoped;never_global_merge_by_generic_label,,"{""canonical_name"": ""红十一师"", ""reason"": ""incomplete_military_designation"", ""required_context"": [""time"", ""place"", ""affiliation"", ""relation_neighborhood""]}",stkg-v2-unresolved-semantic-closure-1,2026-07-15T06:33:12
V2CONFLICT-8fad3e1a4c5e1bdb1f5b9b99,IENT-ec4eee3ce57660cda4b83d19,context_scoped_reference,keep_each_assertion_reference_scoped;never_global_merge_by_generic_label,,"{""canonical_name"": ""九支队"", ""reason"": ""incomplete_military_designation"", ""required_context"": [""time"", ""place"", ""affiliation"", ""relation_neighborhood""]}",stkg-v2-unresolved-semantic-closure-1,2026-07-15T06:33:12
V2CONFLICT-8ffde393f09e8d81154e2ab1,IENT-467ea6ce47b82615f89f30f8,context_scoped_reference,keep_each_assertion_reference_scoped;never_global_merge_by_generic_label,,"{""canonical_name"": ""新四军六团"", ""reason"": ""incomplete_military_designation"", ""required_context"": [""time"", ""place"", ""affiliation"", ""relation_neighborhood""]}",stkg-v2-unresolved-semantic-closure-1,2026-07-15T06:33:12
V2CONFLICT-90492a8d63dc866883afb6c3,IENT-2a09fdb400b9718f98e9c840,context_scoped_reference,keep_each_assertion_reference_scoped;never_global_merge_by_generic_label,,"{""canonical_name"": ""新四军十二纵队"", ""reason"": ""incomplete_military_designation"", ""required_context"": [""time"", ""place"", ""affiliation"", ""relation_neighborhood""]}",stkg-v2-unresolved-semantic-closure-1,2026-07-15T06:33:12
V2CONFLICT-907e02aed137f2bddc7b9c2b,IENTREPAIR-0186629f03bb53d1a26f31a4,context_scoped_reference,keep_each_assertion_reference_scoped;never_global_merge_by_generic_label,,"{""canonical_name"": ""解放军一五二团"", ""reason"": ""incomplete_military_designation"", ""required_context"": [""time"", ""place"", ""affiliation"", ""relation_neighborhood""]}",stkg-v2-unresolved-semantic-closure-1,2026-07-15T06:33:12
V2CONFLICT-91806402ccc64b8ede95ef8d,IENT-16ade8e1c710fec408032619,context_scoped_reference,keep_each_assertion_reference_scoped;never_global_merge_by_generic_label,,"{""canonical_name"": ""红二十五军"", ""reason"": ""incomplete_military_designation"", ""required_context"": [""time"", ""place"", ""affiliation"", ""relation_neighborhood""]}",stkg-v2-unresolved-semantic-closure-1,2026-07-15T06:33:12
V2CONFLICT-925576cbf6b49558ce1ca4ad,IENT-baaf666d962399e01febf1a8,context_scoped_reference,keep_each_assertion_reference_scoped;never_global_merge_by_generic_label,,"{""canonical_name"": ""人民解放军一四一团"", ""reason"": ""incomplete_military_designation"", ""required_context"": [""time"", ""place"", ""affiliation"", ""relation_neighborhood""]}",stkg-v2-unresolved-semantic-closure-1,2026-07-15T06:33:12
V2CONFLICT-927487a8613635b541eb07d9,IENT-26038895c36beb717420b7f7,context_scoped_reference,keep_each_assertion_reference_scoped;never_global_merge_by_generic_label,,"{""canonical_name"": ""九十三团"", ""reason"": ""incomplete_military_designation"", ""required_context"": [""time"", ""place"", ""affiliation"", ""relation_neighborhood""]}",stkg-v2-unresolved-semantic-closure-1,2026-07-15T06:33:12
V2CONFLICT-92bfd5c0c431ec9b6c26e189,IENT-45c4ff3a14224a5d9d97dda5,context_scoped_reference,keep_each_assertion_reference_scoped;never_global_merge_by_generic_label,,"{""canonical_name"": ""红十二师"", ""reason"": ""incomplete_military_designation"", ""required_context"": [""time"", ""place"", ""affiliation"", ""relation_neighborhood""]}",stkg-v2-unresolved-semantic-closure-1,2026-07-15T06:33:12
V2CONFLICT-92ffc9d8c491dac9e6f6ae46,IENT-dfa353ce7aee4cbbe4028ce6,context_scoped_reference,keep_each_assertion_reference_scoped;never_global_merge_by_generic_label,,"{""canonical_name"": ""188师"", ""reason"": ""incomplete_military_designation"", ""required_context"": [""time"", ""place"", ""affiliation"", ""relation_neighborhood""]}",stkg-v2-unresolved-semantic-closure-1,2026-07-15T06:33:12
V2CONFLICT-931332b32158d76d05c728d7,IENT-e9ad23700f4dd34132c3d3b9,context_scoped_reference,keep_each_assertion_reference_scoped;never_global_merge_by_generic_label,,"{""canonical_name"": ""红二十五师"", ""reason"": ""incomplete_military_designation"", ""required_context"": [""time"", ""place"", ""affiliation"", ""relation_neighborhood""]}",stkg-v2-unresolved-semantic-closure-1,2026-07-15T06:33:12
V2CONFLICT-931d71ec3ccf363af8fb1bb1,IENT-5d1410ea7578310753a05aab,context_scoped_reference,keep_each_assertion_reference_scoped;never_global_merge_by_generic_label,,"{""canonical_name"": ""四十三师"", ""reason"": ""incomplete_military_designation"", ""required_context"": [""time"", ""place"", ""affiliation"", ""relation_neighborhood""]}",stkg-v2-unresolved-semantic-closure-1,2026-07-15T06:33:12
V2CONFLICT-93385f8407b48b3dc40562aa,IENT-fe4dad0a6b4ec2596b48d05e,context_scoped_reference,keep_each_assertion_reference_scoped;never_global_merge_by_generic_label,,"{""canonical_name"": ""六连"", ""reason"": ""incomplete_military_designation"", ""required_context"": [""time"", ""place"", ""affiliation"", ""relation_neighborhood""]}",stkg-v2-unresolved-semantic-closure-1,2026-07-15T06:33:12
V2CONFLICT-9391a4e5322da2dd878a970a,IENT-b9edef7660c126f9a1ee1bbc,context_scoped_reference,keep_each_assertion_reference_scoped;never_global_merge_by_generic_label,,"{""canonical_name"": ""红四军"", ""reason"": ""incomplete_military_designation"", ""required_context"": [""time"", ""place"", ""affiliation"", ""relation_neighborhood""]}",stkg-v2-unresolved-semantic-closure-1,2026-07-15T06:33:12
V2CONFLICT-942138a777e83ed22234aa47,IENTREPAIR-2a795242ee7d1506fd42de04,context_scoped_reference,keep_each_assertion_reference_scoped;never_global_merge_by_generic_label,,"{""canonical_name"": ""红九军"", ""reason"": ""incomplete_military_designation"", ""required_context"": [""time"", ""place"", ""affiliation"", ""relation_neighborhood""]}",stkg-v2-unresolved-semantic-closure-1,2026-07-15T06:33:12
V2CONFLICT-942314066c73f16f099352ad,IENT-0edda5a71cd92b5f34001bd6,context_scoped_reference,keep_each_assertion_reference_scoped;never_global_merge_by_generic_label,,"{""canonical_name"": ""党组织"", ""reason"": ""generic_label"", ""required_context"": [""time"", ""place"", ""affiliation"", ""relation_neighborhood""]}",stkg-v2-unresolved-semantic-closure-1,2026-07-15T06:33:12
V2CONFLICT-944fded7d731662c253f4e30,IENT-2fcbc725dc23a3d29269728e,context_scoped_reference,keep_each_assertion_reference_scoped;never_global_merge_by_generic_label,,"{""canonical_name"": ""二十八军"", ""reason"": ""incomplete_military_designation"", ""required_context"": [""time"", ""place"", ""affiliation"", ""relation_neighborhood""]}",stkg-v2-unresolved-semantic-closure-1,2026-07-15T06:33:12
V2CONFLICT-94dc91be855dd784ae3d1f19,IENT-98e76381383999af79d55e04,context_scoped_reference,keep_each_assertion_reference_scoped;never_global_merge_by_generic_label,,"{""canonical_name"": ""三十三团"", ""reason"": ""incomplete_military_designation"", ""required_context"": [""time"", ""place"", ""affiliation"", ""relation_neighborhood""]}",stkg-v2-unresolved-semantic-closure-1,2026-07-15T06:33:12
V2CONFLICT-951763847a420205e10e34a8,IENTREPAIR-cc6710641a561cb019cb6a99,context_scoped_reference,keep_each_assertion_reference_scoped;never_global_merge_by_generic_label,,"{""canonical_name"": ""153团"", ""reason"": ""incomplete_military_designation"", ""required_context"": [""time"", ""place"", ""affiliation"", ""relation_neighborhood""]}",stkg-v2-unresolved-semantic-closure-1,2026-07-15T06:33:12
V2CONFLICT-95a79c6b17beb26ec26fda84,IENT-11b1256b15e10ae7f00303a4,context_scoped_reference,keep_each_assertion_reference_scoped;never_global_merge_by_generic_label,,"{""canonical_name"": ""红九军"", ""reason"": ""incomplete_military_designation"", ""required_context"": [""time"", ""place"", ""affiliation"", ""relation_neighborhood""]}",stkg-v2-unresolved-semantic-closure-1,2026-07-15T06:33:12
V2CONFLICT-95d64cae70e0420ba47f8e5f,IENT-8ca6ef3d6faaf2de430b0296,context_scoped_reference,keep_each_assertion_reference_scoped;never_global_merge_by_generic_label,,"{""canonical_name"": ""游击队"", ""reason"": ""generic_label"", ""required_context"": [""time"", ""place"", ""affiliation"", ""relation_neighborhood""]}",stkg-v2-unresolved-semantic-closure-1,2026-07-15T06:33:12
V2CONFLICT-95e82638a3cfb4a0f6910a4d,IENT-2581d65e53a70d49b5f88702,context_scoped_reference,keep_each_assertion_reference_scoped;never_global_merge_by_generic_label,,"{""canonical_name"": ""四〇八团"", ""reason"": ""incomplete_military_designation"", ""required_context"": [""time"", ""place"", ""affiliation"", ""relation_neighborhood""]}",stkg-v2-unresolved-semantic-closure-1,2026-07-15T06:33:12
V2CONFLICT-95f47e30e55a5e3d900d8087,IENTREPAIR-17b8b345834b4efc8d6695a6,context_scoped_reference,keep_each_assertion_reference_scoped;never_global_merge_by_generic_label,,"{""canonical_name"": ""7旅"", ""reason"": ""incomplete_military_designation"", ""required_context"": [""time"", ""place"", ""affiliation"", ""relation_neighborhood""]}",stkg-v2-unresolved-semantic-closure-1,2026-07-15T06:33:12
V2CONFLICT-95fd39be9c78404a59165d21,IENTREPAIR-63529a2a9bafa52314c7a0a8,context_scoped_reference,keep_each_assertion_reference_scoped;never_global_merge_by_generic_label,,"{""canonical_name"": ""九团"", ""reason"": ""incomplete_military_designation"", ""required_context"": [""time"", ""place"", ""affiliation"", ""relation_neighborhood""]}",stkg-v2-unresolved-semantic-closure-1,2026-07-15T06:33:12
V2CONFLICT-9675bbc963587e148e445179,IENT-7d0ff69cd795f41ca16bebf8,context_scoped_reference,keep_each_assertion_reference_scoped;never_global_merge_by_generic_label,,"{""canonical_name"": ""八大队"", ""reason"": ""incomplete_military_designation"", ""required_context"": [""time"", ""place"", ""affiliation"", ""relation_neighborhood""]}",stkg-v2-unresolved-semantic-closure-1,2026-07-15T06:33:12
V2CONFLICT-970aa3299704672e593e5df8,IENT-696e009c3680e9580083ffaa,context_scoped_reference,keep_each_assertion_reference_scoped;never_global_merge_by_generic_label,,"{""canonical_name"": ""市委"", ""reason"": ""generic_label"", ""required_context"": [""time"", ""place"", ""affiliation"", ""relation_neighborhood""]}",stkg-v2-unresolved-semantic-closure-1,2026-07-15T06:33:12
V2CONFLICT-970c3503648b5e33bc32fb80,IENT-9f2bca41376af73a887159ce,context_scoped_reference,keep_each_assertion_reference_scoped;never_global_merge_by_generic_label,,"{""canonical_name"": ""一三二团"", ""reason"": ""incomplete_military_designation"", ""required_context"": [""time"", ""place"", ""affiliation"", ""relation_neighborhood""]}",stkg-v2-unresolved-semantic-closure-1,2026-07-15T06:33:12
V2CONFLICT-972f9ae5601e57ca91da7033,ITOPIC-a67178483525eebd4e4dd44b,context_scoped_reference,keep_each_assertion_reference_scoped;never_global_merge_by_generic_label,,"{""canonical_name"": ""游击队"", ""reason"": ""generic_label"", ""required_context"": [""time"", ""place"", ""affiliation"", ""relation_neighborhood""]}",stkg-v2-unresolved-semantic-closure-1,2026-07-15T06:33:12
V2CONFLICT-9789b39bcfea55d6fb608f7a,IENT-c203d435a368c34df413e868,context_scoped_reference,keep_each_assertion_reference_scoped;never_global_merge_by_generic_label,,"{""canonical_name"": ""红四军"", ""reason"": ""incomplete_military_designation"", ""required_context"": [""time"", ""place"", ""affiliation"", ""relation_neighborhood""]}",stkg-v2-unresolved-semantic-closure-1,2026-07-15T06:33:12
V2CONFLICT-97aca2f7ff5d9b573da3bb7a,IENT-853022f9fd9050f05b9d329d,context_scoped_reference,keep_each_assertion_reference_scoped;never_global_merge_by_generic_label,,"{""canonical_name"": ""解放军三十四团"", ""reason"": ""incomplete_military_designation"", ""required_context"": [""time"", ""place"", ""affiliation"", ""relation_neighborhood""]}",stkg-v2-unresolved-semantic-closure-1,2026-07-15T06:33:12
V2CONFLICT-97d82d406408a07e91124624,IENT-43b4af3870bd4d48e3357101,context_scoped_reference,keep_each_assertion_reference_scoped;never_global_merge_by_generic_label,,"{""canonical_name"": ""红二十七纵队"", ""reason"": ""incomplete_military_designation"", ""required_context"": [""time"", ""place"", ""affiliation"", ""relation_neighborhood""]}",stkg-v2-unresolved-semantic-closure-1,2026-07-15T06:33:12
V2CONFLICT-98170dc3a256c45986a6ae1a,IENT-074682547a5b6a3d290b070b,context_scoped_reference,keep_each_assertion_reference_scoped;never_global_merge_by_generic_label,,"{""canonical_name"": ""八十八师"", ""reason"": ""incomplete_military_designation"", ""required_context"": [""time"", ""place"", ""affiliation"", ""relation_neighborhood""]}",stkg-v2-unresolved-semantic-closure-1,2026-07-15T06:33:12
V2CONFLICT-98709311ec3c2ccccc1b0d6b,IENT-d4161b4d3ba0d306b87afa42,context_scoped_reference,keep_each_assertion_reference_scoped;never_global_merge_by_generic_label,,"{""canonical_name"": ""八旅"", ""reason"": ""incomplete_military_designation"", ""required_context"": [""time"", ""place"", ""affiliation"", ""relation_neighborhood""]}",stkg-v2-unresolved-semantic-closure-1,2026-07-15T06:33:12
V2CONFLICT-98d51f42c6da2ab3fde94c34,IENTREPAIR-ea48e1c610209dc37c7efe7b,context_scoped_reference,keep_each_assertion_reference_scoped;never_global_merge_by_generic_label,,"{""canonical_name"": ""四十九师"", ""reason"": ""incomplete_military_designation"", ""required_context"": [""time"", ""place"", ""affiliation"", ""relation_neighborhood""]}",stkg-v2-unresolved-semantic-closure-1,2026-07-15T06:33:12
V2CONFLICT-98e353f9a4d5b93a77c80670,IENT-3fe70ac811ccc1c2e4de9c3f,context_scoped_reference,keep_each_assertion_reference_scoped;never_global_merge_by_generic_label,,"{""canonical_name"": ""解放军一五〇团"", ""reason"": ""incomplete_military_designation"", ""required_context"": [""time"", ""place"", ""affiliation"", ""relation_neighborhood""]}",stkg-v2-unresolved-semantic-closure-1,2026-07-15T06:33:12
V2CONFLICT-991ab67fa95a130ad08ff9ea,IENTREPAIR-d2053d8f999ca9e1d2b59e4e,context_scoped_reference,keep_each_assertion_reference_scoped;never_global_merge_by_generic_label,,"{""canonical_name"": ""四十四军"", ""reason"": ""incomplete_military_designation"", ""required_context"": [""time"", ""place"", ""affiliation"", ""relation_neighborhood""]}",stkg-v2-unresolved-semantic-closure-1,2026-07-15T06:33:12
V2CONFLICT-994da3bb89d09025ebe92715,IENT-4d5b50bc1cc64de6e1df7976,context_scoped_reference,keep_each_assertion_reference_scoped;never_global_merge_by_generic_label,,"{""canonical_name"": ""新四军三师"", ""reason"": ""incomplete_military_designation"", ""required_context"": [""time"", ""place"", ""affiliation"", ""relation_neighborhood""]}",stkg-v2-unresolved-semantic-closure-1,2026-07-15T06:33:12
V2CONFLICT-99c31c8e7d4e6df06c7c215f,IENT-93e0e85d2be95be8afa7611a,context_scoped_reference,keep_each_assertion_reference_scoped;never_global_merge_by_generic_label,,"{""canonical_name"": ""一九二师"", ""reason"": ""incomplete_military_designation"", ""required_context"": [""time"", ""place"", ""affiliation"", ""relation_neighborhood""]}",stkg-v2-unresolved-semantic-closure-1,2026-07-15T06:33:12
V2CONFLICT-99c3fb4c8ba36367377f01b8,IENTREPAIR-91146f15f55756a728c75493,context_scoped_reference,keep_each_assertion_reference_scoped;never_global_merge_by_generic_label,,"{""canonical_name"": ""五师"", ""reason"": ""incomplete_military_designation"", ""required_context"": [""time"", ""place"", ""affiliation"", ""relation_neighborhood""]}",stkg-v2-unresolved-semantic-closure-1,2026-07-15T06:33:12
V2CONFLICT-99d31d9918b513d5fd4c00e1,IENT-6362382c909bbc8fc9eb8ea8,context_scoped_reference,keep_each_assertion_reference_scoped;never_global_merge_by_generic_label,,"{""canonical_name"": ""五十五师"", ""reason"": ""incomplete_military_designation"", ""required_context"": [""time"", ""place"", ""affiliation"", ""relation_neighborhood""]}",stkg-v2-unresolved-semantic-closure-1,2026-07-15T06:33:12
V2CONFLICT-9a25c570aa0e69e8b5d11ead,IENT-00c5845e69d5e4a5708d11a9,context_scoped_reference,keep_each_assertion_reference_scoped;never_global_merge_by_generic_label,,"{""canonical_name"": ""新四军二师"", ""reason"": ""incomplete_military_designation"", ""required_context"": [""time"", ""place"", ""affiliation"", ""relation_neighborhood""]}",stkg-v2-unresolved-semantic-closure-1,2026-07-15T06:33:12
V2CONFLICT-9bbfd6b3951498e07d9a607f,IENT-73d2b00f6ad556ff05b1068f,context_scoped_reference,keep_each_assertion_reference_scoped;never_global_merge_by_generic_label,,"{""canonical_name"": ""解放军48军"", ""reason"": ""incomplete_military_designation"", ""required_context"": [""time"", ""place"", ""affiliation"", ""relation_neighborhood""]}",stkg-v2-unresolved-semantic-closure-1,2026-07-15T06:33:12
V2CONFLICT-9c3326479d473fb359c54573,ITOPIC-636761a6238decb059623b7f,context_scoped_reference,keep_each_assertion_reference_scoped;never_global_merge_by_generic_label,,"{""canonical_name"": ""基层党组织"", ""reason"": ""generic_label"", ""required_context"": [""time"", ""place"", ""affiliation"", ""relation_neighborhood""]}",stkg-v2-unresolved-semantic-closure-1,2026-07-15T06:33:12
V2CONFLICT-9ca6a30dacab6f845796da26,IENT-5c8f4b7dc380c765629917df,context_scoped_reference,keep_each_assertion_reference_scoped;never_global_merge_by_generic_label,,"{""canonical_name"": ""区委"", ""reason"": ""generic_label"", ""required_context"": [""time"", ""place"", ""affiliation"", ""relation_neighborhood""]}",stkg-v2-unresolved-semantic-closure-1,2026-07-15T06:33:12
V2CONFLICT-9cdf4c90957ccb331c6c6aa3,IENT-9c432b0dca7135194080053a,context_scoped_reference,keep_each_assertion_reference_scoped;never_global_merge_by_generic_label,,"{""canonical_name"": ""34团"", ""reason"": ""incomplete_military_designation"", ""required_context"": [""time"", ""place"", ""affiliation"", ""relation_neighborhood""]}",stkg-v2-unresolved-semantic-closure-1,2026-07-15T06:33:12
V2CONFLICT-9cf0ee42e98d6ae8261a7811,IENT-090832f1a38c7645ea52f304,context_scoped_reference,keep_each_assertion_reference_scoped;never_global_merge_by_generic_label,,"{""canonical_name"": ""1029团"", ""reason"": ""incomplete_military_designation"", ""required_context"": [""time"", ""place"", ""affiliation"", ""relation_neighborhood""]}",stkg-v2-unresolved-semantic-closure-1,2026-07-15T06:33:12
V2CONFLICT-9d7c157b88987f4e5bf2762e,IENTREPAIR-b2c1bfd9da90c69090e66989,context_scoped_reference,keep_each_assertion_reference_scoped;never_global_merge_by_generic_label,,"{""canonical_name"": ""解放军152团"", ""reason"": ""incomplete_military_designation"", ""required_context"": [""time"", ""place"", ""affiliation"", ""relation_neighborhood""]}",stkg-v2-unresolved-semantic-closure-1,2026-07-15T06:33:12
V2CONFLICT-9d954a643768ae5a42f84522,IENT-4e59bc553f51418ea70c733f,context_scoped_reference,keep_each_assertion_reference_scoped;never_global_merge_by_generic_label,,"{""canonical_name"": ""红三十师"", ""reason"": ""incomplete_military_designation"", ""required_context"": [""time"", ""place"", ""affiliation"", ""relation_neighborhood""]}",stkg-v2-unresolved-semantic-closure-1,2026-07-15T06:33:12
V2CONFLICT-9df7bb5327e99e6d1e00670e,IENT-95fa096c93160739c994c2d7,context_scoped_reference,keep_each_assertion_reference_scoped;never_global_merge_by_generic_label,,"{""canonical_name"": ""支部"", ""reason"": ""generic_label"", ""required_context"": [""time"", ""place"", ""affiliation"", ""relation_neighborhood""]}",stkg-v2-unresolved-semantic-closure-1,2026-07-15T06:33:12
V2CONFLICT-9e83cf1b9c89756c926ae947,IENT-dc28ad26797d730f58a7b7a8,context_scoped_reference,keep_each_assertion_reference_scoped;never_global_merge_by_generic_label,,"{""canonical_name"": ""29军"", ""reason"": ""incomplete_military_designation"", ""required_context"": [""time"", ""place"", ""affiliation"", ""relation_neighborhood""]}",stkg-v2-unresolved-semantic-closure-1,2026-07-15T06:33:12
V2CONFLICT-9fca51a0e57e60069c6ae801,IENT-32f860fd1c990b2aef6c6d28,context_scoped_reference,keep_each_assertion_reference_scoped;never_global_merge_by_generic_label,,"{""canonical_name"": ""五十团"", ""reason"": ""incomplete_military_designation"", ""required_context"": [""time"", ""place"", ""affiliation"", ""relation_neighborhood""]}",stkg-v2-unresolved-semantic-closure-1,2026-07-15T06:33:12
V2CONFLICT-9fecb9269cbe6d8ba45b5cd9,IENT-66197fb5f0ef3903513a18b7,context_scoped_reference,keep_each_assertion_reference_scoped;never_global_merge_by_generic_label,,"{""canonical_name"": ""红二十一军"", ""reason"": ""incomplete_military_designation"", ""required_context"": [""time"", ""place"", ""affiliation"", ""relation_neighborhood""]}",stkg-v2-unresolved-semantic-closure-1,2026-07-15T06:33:12
V2CONFLICT-a02bf77e696b4364eb7c36d6,IENT-34601071b0362b7e56f19ccb,context_scoped_reference,keep_each_assertion_reference_scoped;never_global_merge_by_generic_label,,"{""canonical_name"": ""人民解放军九七团"", ""reason"": ""incomplete_military_designation"", ""required_context"": [""time"", ""place"", ""affiliation"", ""relation_neighborhood""]}",stkg-v2-unresolved-semantic-closure-1,2026-07-15T06:33:12
V2CONFLICT-a0642020d23f906533bf2318,IENTREPAIR-878aaad3ee4bf0675efce6ce,context_scoped_reference,keep_each_assertion_reference_scoped;never_global_merge_by_generic_label,,"{""canonical_name"": ""一四零师"", ""reason"": ""incomplete_military_designation"", ""required_context"": [""time"", ""place"", ""affiliation"", ""relation_neighborhood""]}",stkg-v2-unresolved-semantic-closure-1,2026-07-15T06:33:12
V2CONFLICT-a069a4e80600397b9bf6ee22,IENT-c684757b7b533c6d35472964,context_scoped_reference,keep_each_assertion_reference_scoped;never_global_merge_by_generic_label,,"{""canonical_name"": ""红5军"", ""reason"": ""incomplete_military_designation"", ""required_context"": [""time"", ""place"", ""affiliation"", ""relation_neighborhood""]}",stkg-v2-unresolved-semantic-closure-1,2026-07-15T06:33:12
V2CONFLICT-a0a9a8e1959e6d741586cc21,IENTREPAIR-20d77afd7028590a3e7a851d,context_scoped_reference,keep_each_assertion_reference_scoped;never_global_merge_by_generic_label,,"{""canonical_name"": ""13军"", ""reason"": ""incomplete_military_designation"", ""required_context"": [""time"", ""place"", ""affiliation"", ""relation_neighborhood""]}",stkg-v2-unresolved-semantic-closure-1,2026-07-15T06:33:12
V2CONFLICT-a1f94915c8bd507c10076658,IENT-86be3b8db8bd7c6c008aa1c3,context_scoped_reference,keep_each_assertion_reference_scoped;never_global_merge_by_generic_label,,"{""canonical_name"": ""七十军"", ""reason"": ""incomplete_military_designation"", ""required_context"": [""time"", ""place"", ""affiliation"", ""relation_neighborhood""]}",stkg-v2-unresolved-semantic-closure-1,2026-07-15T06:33:12
V2CONFLICT-a232c86b4f540e9a62041bd7,IENT-873484c06476877d8e970e8f,context_scoped_reference,keep_each_assertion_reference_scoped;never_global_merge_by_generic_label,,"{""canonical_name"": ""省委"", ""reason"": ""generic_label"", ""required_context"": [""time"", ""place"", ""affiliation"", ""relation_neighborhood""]}",stkg-v2-unresolved-semantic-closure-1,2026-07-15T06:33:12
V2CONFLICT-a25f8a53f0cc6c8c890bbd80,IENT-e61e6b3a1bfcf27c559e8620,context_scoped_reference,keep_each_assertion_reference_scoped;never_global_merge_by_generic_label,,"{""canonical_name"": ""一〇九团"", ""reason"": ""incomplete_military_designation"", ""required_context"": [""time"", ""place"", ""affiliation"", ""relation_neighborhood""]}",stkg-v2-unresolved-semantic-closure-1,2026-07-15T06:33:12
V2CONFLICT-a2bd0b903a88598fc1f48081,IENT-340adce208763484613c262a,context_scoped_reference,keep_each_assertion_reference_scoped;never_global_merge_by_generic_label,,"{""canonical_name"": ""24团"", ""reason"": ""incomplete_military_designation"", ""required_context"": [""time"", ""place"", ""affiliation"", ""relation_neighborhood""]}",stkg-v2-unresolved-semantic-closure-1,2026-07-15T06:33:12
V2CONFLICT-a3872259190fabb2f363e770,IENT-e15c9e954f2b7e3c298efc8f,context_scoped_reference,keep_each_assertion_reference_scoped;never_global_merge_by_generic_label,,"{""canonical_name"": ""二七师"", ""reason"": ""incomplete_military_designation"", ""required_context"": [""time"", ""place"", ""affiliation"", ""relation_neighborhood""]}",stkg-v2-unresolved-semantic-closure-1,2026-07-15T06:33:12
V2CONFLICT-a3e9795ff0b1ad0ecce619b2,IENT-18a72080eb72c407a8f51b86,context_scoped_reference,keep_each_assertion_reference_scoped;never_global_merge_by_generic_label,,"{""canonical_name"": ""五十军"", ""reason"": ""incomplete_military_designation"", ""required_context"": [""time"", ""place"", ""affiliation"", ""relation_neighborhood""]}",stkg-v2-unresolved-semantic-closure-1,2026-07-15T06:33:12
V2CONFLICT-a4209637c97c080dd4f9785e,IENT-ca09ea07d7d82b5f5388fdcf,context_scoped_reference,keep_each_assertion_reference_scoped;never_global_merge_by_generic_label,,"{""canonical_name"": ""红十二团"", ""reason"": ""incomplete_military_designation"", ""required_context"": [""time"", ""place"", ""affiliation"", ""relation_neighborhood""]}",stkg-v2-unresolved-semantic-closure-1,2026-07-15T06:33:12
V2CONFLICT-a430ae9a22b890457e8bca22,IENT-c4ce602d646cb83ebca676af,context_scoped_reference,keep_each_assertion_reference_scoped;never_global_merge_by_generic_label,,"{""canonical_name"": ""二十团"", ""reason"": ""incomplete_military_designation"", ""required_context"": [""time"", ""place"", ""affiliation"", ""relation_neighborhood""]}",stkg-v2-unresolved-semantic-closure-1,2026-07-15T06:33:12
V2CONFLICT-a478a1302b8a9960dea67f44,IENT-a58c62e840942631f2ea6318,context_scoped_reference,keep_each_assertion_reference_scoped;never_global_merge_by_generic_label,,"{""canonical_name"": ""二团"", ""reason"": ""incomplete_military_designation"", ""required_context"": [""time"", ""place"", ""affiliation"", ""relation_neighborhood""]}",stkg-v2-unresolved-semantic-closure-1,2026-07-15T06:33:12
V2CONFLICT-a4d909a18eeb50d15cf498df,IENT-615f6daed2f83664e143d5c5,context_scoped_reference,keep_each_assertion_reference_scoped;never_global_merge_by_generic_label,,"{""canonical_name"": ""四大队"", ""reason"": ""incomplete_military_designation"", ""required_context"": [""time"", ""place"", ""affiliation"", ""relation_neighborhood""]}",stkg-v2-unresolved-semantic-closure-1,2026-07-15T06:33:12
V2CONFLICT-a4ef28f678bb583d8a02a74f,IENTREPAIR-bad38390fe7e045a7657c5ec,context_scoped_reference,keep_each_assertion_reference_scoped;never_global_merge_by_generic_label,,"{""canonical_name"": ""团支部"", ""reason"": ""generic_label"", ""required_context"": [""time"", ""place"", ""affiliation"", ""relation_neighborhood""]}",stkg-v2-unresolved-semantic-closure-1,2026-07-15T06:33:12
V2CONFLICT-a5ace5c9c547c7303e1da603,IENT-8d56ec97a69e27d28fc4bea0,context_scoped_reference,keep_each_assertion_reference_scoped;never_global_merge_by_generic_label,,"{""canonical_name"": ""红十团"", ""reason"": ""incomplete_military_designation"", ""required_context"": [""time"", ""place"", ""affiliation"", ""relation_neighborhood""]}",stkg-v2-unresolved-semantic-closure-1,2026-07-15T06:33:12
V2CONFLICT-a5cf293940f352309fa247be,IENT-a5e84347bfce36a819288d70,context_scoped_reference,keep_each_assertion_reference_scoped;never_global_merge_by_generic_label,,"{""canonical_name"": ""四七军"", ""reason"": ""incomplete_military_designation"", ""required_context"": [""time"", ""place"", ""affiliation"", ""relation_neighborhood""]}",stkg-v2-unresolved-semantic-closure-1,2026-07-15T06:33:12
V2CONFLICT-a6468e8158e69a33e82607da,IENTREPAIR-4ad814c55c6c6ae5b559b758,context_scoped_reference,keep_each_assertion_reference_scoped;never_global_merge_by_generic_label,,"{""canonical_name"": ""九十二团"", ""reason"": ""incomplete_military_designation"", ""required_context"": [""time"", ""place"", ""affiliation"", ""relation_neighborhood""]}",stkg-v2-unresolved-semantic-closure-1,2026-07-15T06:33:12
V2CONFLICT-a671cf9293b507f821500edf,IENT-1aa9361b71fee43fac65e47e,context_scoped_reference,keep_each_assertion_reference_scoped;never_global_merge_by_generic_label,,"{""canonical_name"": ""三八六旅"", ""reason"": ""incomplete_military_designation"", ""required_context"": [""time"", ""place"", ""affiliation"", ""relation_neighborhood""]}",stkg-v2-unresolved-semantic-closure-1,2026-07-15T06:33:12
V2CONFLICT-a6f4ebccb90777008ecbe06c,IENT-4d25952deedfcbc5a7dcc3db,context_scoped_reference,keep_each_assertion_reference_scoped;never_global_merge_by_generic_label,,"{""canonical_name"": ""一大队"", ""reason"": ""incomplete_military_designation"", ""required_context"": [""time"", ""place"", ""affiliation"", ""relation_neighborhood""]}",stkg-v2-unresolved-semantic-closure-1,2026-07-15T06:33:12
V2CONFLICT-a73e8352d660b30fefbc0232,IENT-b05f8a8713fdf9509c459592,context_scoped_reference,keep_each_assertion_reference_scoped;never_global_merge_by_generic_label,,"{""canonical_name"": ""红三团"", ""reason"": ""incomplete_military_designation"", ""required_context"": [""time"", ""place"", ""affiliation"", ""relation_neighborhood""]}",stkg-v2-unresolved-semantic-closure-1,2026-07-15T06:33:12
V2CONFLICT-a75c633978e4d54abf943291,IENT-f1aed81f4a54b6e80e512027,context_scoped_reference,keep_each_assertion_reference_scoped;never_global_merge_by_generic_label,,"{""canonical_name"": ""红二六团"", ""reason"": ""incomplete_military_designation"", ""required_context"": [""time"", ""place"", ""affiliation"", ""relation_neighborhood""]}",stkg-v2-unresolved-semantic-closure-1,2026-07-15T06:33:12
V2CONFLICT-a7cadfdb37144d95f902e76a,IENT-4f6810728a64859dbe43bbe5,context_scoped_reference,keep_each_assertion_reference_scoped;never_global_merge_by_generic_label,,"{""canonical_name"": ""新四军四十六团"", ""reason"": ""incomplete_military_designation"", ""required_context"": [""time"", ""place"", ""affiliation"", ""relation_neighborhood""]}",stkg-v2-unresolved-semantic-closure-1,2026-07-15T06:33:12
V2CONFLICT-a86ac20eff87ca34bc63aaa6,IENT-0a4735384ce1374ee676e2aa,context_scoped_reference,keep_each_assertion_reference_scoped;never_global_merge_by_generic_label,,"{""canonical_name"": ""九团"", ""reason"": ""incomplete_military_designation"", ""required_context"": [""time"", ""place"", ""affiliation"", ""relation_neighborhood""]}",stkg-v2-unresolved-semantic-closure-1,2026-07-15T06:33:12
V2CONFLICT-a86b57635e8ea4558b8afd3f,ITOPIC-e5cf8f128c4c80fda02721d5,context_scoped_reference,keep_each_assertion_reference_scoped;never_global_merge_by_generic_label,,"{""canonical_name"": ""党支部"", ""reason"": ""generic_label"", ""required_context"": [""time"", ""place"", ""affiliation"", ""relation_neighborhood""]}",stkg-v2-unresolved-semantic-closure-1,2026-07-15T06:33:12
V2CONFLICT-a87141d5982e3f8f242bc2b7,IENTREPAIR-fc10568cb8d79255c2e151e4,context_scoped_reference,keep_each_assertion_reference_scoped;never_global_merge_by_generic_label,,"{""canonical_name"": ""五十师"", ""reason"": ""incomplete_military_designation"", ""required_context"": [""time"", ""place"", ""affiliation"", ""relation_neighborhood""]}",stkg-v2-unresolved-semantic-closure-1,2026-07-15T06:33:12
V2CONFLICT-a896e017e8b66b3531214f5d,IENT-2d5b6999a8baf2ddff0fc592,context_scoped_reference,keep_each_assertion_reference_scoped;never_global_merge_by_generic_label,,"{""canonical_name"": ""红四十九师"", ""reason"": ""incomplete_military_designation"", ""required_context"": [""time"", ""place"", ""affiliation"", ""relation_neighborhood""]}",stkg-v2-unresolved-semantic-closure-1,2026-07-15T06:33:12
V2CONFLICT-a89fdb7bd7d6d7070c978dd5,IENT-939ab2874a8d4328d796cc5a,context_scoped_reference,keep_each_assertion_reference_scoped;never_global_merge_by_generic_label,,"{""canonical_name"": ""三九九团"", ""reason"": ""incomplete_military_designation"", ""required_context"": [""time"", ""place"", ""affiliation"", ""relation_neighborhood""]}",stkg-v2-unresolved-semantic-closure-1,2026-07-15T06:33:12
V2CONFLICT-a8c44c4525c1728b0addb81b,IENT-f1ddcc8ad0258a3769d8b87d,context_scoped_reference,keep_each_assertion_reference_scoped;never_global_merge_by_generic_label,,"{""canonical_name"": ""三十二旅"", ""reason"": ""incomplete_military_designation"", ""required_context"": [""time"", ""place"", ""affiliation"", ""relation_neighborhood""]}",stkg-v2-unresolved-semantic-closure-1,2026-07-15T06:33:12
V2CONFLICT-a9364e49627eafd68a6d7d3f,IENT-2e7aa28255914a10dbe91c2e,context_scoped_reference,keep_each_assertion_reference_scoped;never_global_merge_by_generic_label,,"{""canonical_name"": ""根据地"", ""reason"": ""generic_label"", ""required_context"": [""time"", ""place"", ""affiliation"", ""relation_neighborhood""]}",stkg-v2-unresolved-semantic-closure-1,2026-07-15T06:33:12
V2CONFLICT-a9b03324483e2e038b7916a5,IENT-280a3c54c1544ab94508495d,context_scoped_reference,keep_each_assertion_reference_scoped;never_global_merge_by_generic_label,,"{""canonical_name"": ""十支队"", ""reason"": ""incomplete_military_designation"", ""required_context"": [""time"", ""place"", ""affiliation"", ""relation_neighborhood""]}",stkg-v2-unresolved-semantic-closure-1,2026-07-15T06:33:12
V2CONFLICT-a9ccca3b355636ff3fae2e96,IENT-73522cc8606479f0fc58f664,context_scoped_reference,keep_each_assertion_reference_scoped;never_global_merge_by_generic_label,,"{""canonical_name"": ""四十七军"", ""reason"": ""incomplete_military_designation"", ""required_context"": [""time"", ""place"", ""affiliation"", ""relation_neighborhood""]}",stkg-v2-unresolved-semantic-closure-1,2026-07-15T06:33:12
V2CONFLICT-a9f7febe40138ebaefa41974,IENT-77a333fed2331713ffa41ae5,context_scoped_reference,keep_each_assertion_reference_scoped;never_global_merge_by_generic_label,,"{""canonical_name"": ""四八一团"", ""reason"": ""incomplete_military_designation"", ""required_context"": [""time"", ""place"", ""affiliation"", ""relation_neighborhood""]}",stkg-v2-unresolved-semantic-closure-1,2026-07-15T06:33:12
V2CONFLICT-a9f8c0a146912c654f6eeaca,IENT-5afa05dd3575be8c15a32a83,context_scoped_reference,keep_each_assertion_reference_scoped;never_global_merge_by_generic_label,,"{""canonical_name"": ""解放军一六军"", ""reason"": ""incomplete_military_designation"", ""required_context"": [""time"", ""place"", ""affiliation"", ""relation_neighborhood""]}",stkg-v2-unresolved-semantic-closure-1,2026-07-15T06:33:12
V2CONFLICT-aaa91100a262d6de85aa151d,IENTREPAIR-6527fe95cf847d3e666c1da6,context_scoped_reference,keep_each_assertion_reference_scoped;never_global_merge_by_generic_label,,"{""canonical_name"": ""150团"", ""reason"": ""incomplete_military_designation"", ""required_context"": [""time"", ""place"", ""affiliation"", ""relation_neighborhood""]}",stkg-v2-unresolved-semantic-closure-1,2026-07-15T06:33:12
V2CONFLICT-aac17d36c03421e02d39e397,IENT-4f077cae1c90d94a9abf22c3,context_scoped_reference,keep_each_assertion_reference_scoped;never_global_merge_by_generic_label,,"{""canonical_name"": ""二六一师"", ""reason"": ""incomplete_military_designation"", ""required_context"": [""time"", ""place"", ""affiliation"", ""relation_neighborhood""]}",stkg-v2-unresolved-semantic-closure-1,2026-07-15T06:33:12
V2CONFLICT-abc98555b4f1c3788b492239,IENT-8ace004137160119d1be4d2e,context_scoped_reference,keep_each_assertion_reference_scoped;never_global_merge_by_generic_label,,"{""canonical_name"": ""554团"", ""reason"": ""incomplete_military_designation"", ""required_context"": [""time"", ""place"", ""affiliation"", ""relation_neighborhood""]}",stkg-v2-unresolved-semantic-closure-1,2026-07-15T06:33:12
V2CONFLICT-abe0e6d09f7e3230d4b0c14a,IENT-fdc1006fb1b166213478bc9a,context_scoped_reference,keep_each_assertion_reference_scoped;never_global_merge_by_generic_label,,"{""canonical_name"": ""红七纵队"", ""reason"": ""incomplete_military_designation"", ""required_context"": [""time"", ""place"", ""affiliation"", ""relation_neighborhood""]}",stkg-v2-unresolved-semantic-closure-1,2026-07-15T06:33:12
V2CONFLICT-ac6ffaf66f78eda7b9fde774,IENT-bace8242f9fda4880555fb32,context_scoped_reference,keep_each_assertion_reference_scoped;never_global_merge_by_generic_label,,"{""canonical_name"": ""五五六团"", ""reason"": ""incomplete_military_designation"", ""required_context"": [""time"", ""place"", ""affiliation"", ""relation_neighborhood""]}",stkg-v2-unresolved-semantic-closure-1,2026-07-15T06:33:12
V2CONFLICT-ac77b047f70f2c4886c34026,IENT-f9fd5cb99d1d7c30cf9171cf,context_scoped_reference,keep_each_assertion_reference_scoped;never_global_merge_by_generic_label,,"{""canonical_name"": ""红二十四师"", ""reason"": ""incomplete_military_designation"", ""required_context"": [""time"", ""place"", ""affiliation"", ""relation_neighborhood""]}",stkg-v2-unresolved-semantic-closure-1,2026-07-15T06:33:12
V2CONFLICT-acdc66108998f8b4cbb8ce3f,IENT-d0736614d7130adb010947d9,context_scoped_reference,keep_each_assertion_reference_scoped;never_global_merge_by_generic_label,,"{""canonical_name"": ""三七师"", ""reason"": ""incomplete_military_designation"", ""required_context"": [""time"", ""place"", ""affiliation"", ""relation_neighborhood""]}",stkg-v2-unresolved-semantic-closure-1,2026-07-15T06:33:12
V2CONFLICT-ada6a75d77221637d861a2e7,IENT-8658786bb296a8ab97ea3e39,context_scoped_reference,keep_each_assertion_reference_scoped;never_global_merge_by_generic_label,,"{""canonical_name"": ""九师"", ""reason"": ""incomplete_military_designation"", ""required_context"": [""time"", ""place"", ""affiliation"", ""relation_neighborhood""]}",stkg-v2-unresolved-semantic-closure-1,2026-07-15T06:33:12
V2CONFLICT-ae01164a60953e28feacd8b5,IENT-034b588d95c06062b0d8f787,context_scoped_reference,keep_each_assertion_reference_scoped;never_global_merge_by_generic_label,,"{""canonical_name"": ""41师"", ""reason"": ""incomplete_military_designation"", ""required_context"": [""time"", ""place"", ""affiliation"", ""relation_neighborhood""]}",stkg-v2-unresolved-semantic-closure-1,2026-07-15T06:33:12
V2CONFLICT-ae488b0317b7bbc48b50035c,IENT-b7d7dc5e7356f230a1cdb19b,context_scoped_reference,keep_each_assertion_reference_scoped;never_global_merge_by_generic_label,,"{""canonical_name"": ""三十一师"", ""reason"": ""incomplete_military_designation"", ""required_context"": [""time"", ""place"", ""affiliation"", ""relation_neighborhood""]}",stkg-v2-unresolved-semantic-closure-1,2026-07-15T06:33:12
V2CONFLICT-ae95c675d250b9e364b22cf8,IENT-89acd360e776490a7c0f1208,context_scoped_reference,keep_each_assertion_reference_scoped;never_global_merge_by_generic_label,,"{""canonical_name"": ""140团"", ""reason"": ""incomplete_military_designation"", ""required_context"": [""time"", ""place"", ""affiliation"", ""relation_neighborhood""]}",stkg-v2-unresolved-semantic-closure-1,2026-07-15T06:33:12
V2CONFLICT-aea44ea01d4652aa0835a63c,IENT-12e852b2633a72ece01d6dbd,context_scoped_reference,keep_each_assertion_reference_scoped;never_global_merge_by_generic_label,,"{""canonical_name"": ""一一〇团"", ""reason"": ""incomplete_military_designation"", ""required_context"": [""time"", ""place"", ""affiliation"", ""relation_neighborhood""]}",stkg-v2-unresolved-semantic-closure-1,2026-07-15T06:33:12
V2CONFLICT-aeb2d0be665a25babb947ca0,IENT-9ecbd6cf42dce97df9feccbd,context_scoped_reference,keep_each_assertion_reference_scoped;never_global_merge_by_generic_label,,"{""canonical_name"": ""二十四军"", ""reason"": ""incomplete_military_designation"", ""required_context"": [""time"", ""place"", ""affiliation"", ""relation_neighborhood""]}",stkg-v2-unresolved-semantic-closure-1,2026-07-15T06:33:12
V2CONFLICT-aebe9da91c57e28adf308fc5,IENT-3f50e22d42090eacbcff7376,context_scoped_reference,keep_each_assertion_reference_scoped;never_global_merge_by_generic_label,,"{""canonical_name"": ""红35军"", ""reason"": ""incomplete_military_designation"", ""required_context"": [""time"", ""place"", ""affiliation"", ""relation_neighborhood""]}",stkg-v2-unresolved-semantic-closure-1,2026-07-15T06:33:12
V2CONFLICT-aef3d422eac17d93d7231d8a,IENT-e729acab040f0b1a0e161fcc,context_scoped_reference,keep_each_assertion_reference_scoped;never_global_merge_by_generic_label,,"{""canonical_name"": ""一三七师"", ""reason"": ""incomplete_military_designation"", ""required_context"": [""time"", ""place"", ""affiliation"", ""relation_neighborhood""]}",stkg-v2-unresolved-semantic-closure-1,2026-07-15T06:33:12
V2CONFLICT-af368d2ce08b8832019954d9,IENT-1fe871f12c15d08e22be5719,context_scoped_reference,keep_each_assertion_reference_scoped;never_global_merge_by_generic_label,,"{""canonical_name"": ""新四军四六团"", ""reason"": ""incomplete_military_designation"", ""required_context"": [""time"", ""place"", ""affiliation"", ""relation_neighborhood""]}",stkg-v2-unresolved-semantic-closure-1,2026-07-15T06:33:12
V2CONFLICT-af3f4f8dac7e343322faa09a,IENT-46e2618a6859e381efc50f8d,context_scoped_reference,keep_each_assertion_reference_scoped;never_global_merge_by_generic_label,,"{""canonical_name"": ""一〇五旅"", ""reason"": ""incomplete_military_designation"", ""required_context"": [""time"", ""place"", ""affiliation"", ""relation_neighborhood""]}",stkg-v2-unresolved-semantic-closure-1,2026-07-15T06:33:12
V2CONFLICT-af8fa7a3af3bb05b3e28ec48,IENT-e42ef663947a00af388976b4,context_scoped_reference,keep_each_assertion_reference_scoped;never_global_merge_by_generic_label,,"{""canonical_name"": ""一〇九团"", ""reason"": ""incomplete_military_designation"", ""required_context"": [""time"", ""place"", ""affiliation"", ""relation_neighborhood""]}",stkg-v2-unresolved-semantic-closure-1,2026-07-15T06:33:12
V2CONFLICT-afe818d99d862bb4f3f6504e,IENT-49c01b0d8eab269f33b1da14,context_scoped_reference,keep_each_assertion_reference_scoped;never_global_merge_by_generic_label,,"{""canonical_name"": ""六大队"", ""reason"": ""incomplete_military_designation"", ""required_context"": [""time"", ""place"", ""affiliation"", ""relation_neighborhood""]}",stkg-v2-unresolved-semantic-closure-1,2026-07-15T06:33:12
V2CONFLICT-b009a4ac9002089ca1d2eb9a,IENT-6d82448734ff40c8490919cd,context_scoped_reference,keep_each_assertion_reference_scoped;never_global_merge_by_generic_label,,"{""canonical_name"": ""二十二军"", ""reason"": ""incomplete_military_designation"", ""required_context"": [""time"", ""place"", ""affiliation"", ""relation_neighborhood""]}",stkg-v2-unresolved-semantic-closure-1,2026-07-15T06:33:12
V2CONFLICT-b029594dbffa5243aa2af32c,IENT-3be3e7f60e9b2d0da0907241,context_scoped_reference,keep_each_assertion_reference_scoped;never_global_merge_by_generic_label,,"{""canonical_name"": ""五大队"", ""reason"": ""incomplete_military_designation"", ""required_context"": [""time"", ""place"", ""affiliation"", ""relation_neighborhood""]}",stkg-v2-unresolved-semantic-closure-1,2026-07-15T06:33:12
V2CONFLICT-b02bce3d821da1cf00930dd6,IENT-a20b211850880ea7e748c526,context_scoped_reference,keep_each_assertion_reference_scoped;never_global_merge_by_generic_label,,"{""canonical_name"": ""四十五军"", ""reason"": ""incomplete_military_designation"", ""required_context"": [""time"", ""place"", ""affiliation"", ""relation_neighborhood""]}",stkg-v2-unresolved-semantic-closure-1,2026-07-15T06:33:12
V2CONFLICT-b043d4e98620b8e36ea295b5,IENT-ba0e4c65b45a4980b343085d,context_scoped_reference,keep_each_assertion_reference_scoped;never_global_merge_by_generic_label,,"{""canonical_name"": ""红五十师"", ""reason"": ""incomplete_military_designation"", ""required_context"": [""time"", ""place"", ""affiliation"", ""relation_neighborhood""]}",stkg-v2-unresolved-semantic-closure-1,2026-07-15T06:33:12
V2CONFLICT-b08830121391e92de89a9b4e,IENT-3bc7d4dfcfcec559f06d6d97,context_scoped_reference,keep_each_assertion_reference_scoped;never_global_merge_by_generic_label,,"{""canonical_name"": ""557团"", ""reason"": ""incomplete_military_designation"", ""required_context"": [""time"", ""place"", ""affiliation"", ""relation_neighborhood""]}",stkg-v2-unresolved-semantic-closure-1,2026-07-15T06:33:12
V2CONFLICT-b0b949747dc1a0771a07d3d3,IENT-ec8a8b067e2c0afa1d438509,context_scoped_reference,keep_each_assertion_reference_scoped;never_global_merge_by_generic_label,,"{""canonical_name"": ""红三十三军"", ""reason"": ""incomplete_military_designation"", ""required_context"": [""time"", ""place"", ""affiliation"", ""relation_neighborhood""]}",stkg-v2-unresolved-semantic-closure-1,2026-07-15T06:33:12
V2CONFLICT-b0c8105928cda200cb9ff274,IENT-032430c3f4c07cdd4a013da9,context_scoped_reference,keep_each_assertion_reference_scoped;never_global_merge_by_generic_label,,"{""canonical_name"": ""六八八团"", ""reason"": ""incomplete_military_designation"", ""required_context"": [""time"", ""place"", ""affiliation"", ""relation_neighborhood""]}",stkg-v2-unresolved-semantic-closure-1,2026-07-15T06:33:12
V2CONFLICT-b11db7a465d595c237022d36,IENT-f3602d22454991c735f23b84,context_scoped_reference,keep_each_assertion_reference_scoped;never_global_merge_by_generic_label,,"{""canonical_name"": ""12团"", ""reason"": ""incomplete_military_designation"", ""required_context"": [""time"", ""place"", ""affiliation"", ""relation_neighborhood""]}",stkg-v2-unresolved-semantic-closure-1,2026-07-15T06:33:12
V2CONFLICT-b19aa8d20f8c98714b36797c,IENT-2e017b6765d9211f2ef511d3,context_scoped_reference,keep_each_assertion_reference_scoped;never_global_merge_by_generic_label,,"{""canonical_name"": ""四〇七团"", ""reason"": ""incomplete_military_designation"", ""required_context"": [""time"", ""place"", ""affiliation"", ""relation_neighborhood""]}",stkg-v2-unresolved-semantic-closure-1,2026-07-15T06:33:12
V2CONFLICT-b1f2bd0977dece3012be265a,IENT-9c3d653f5bc1b1d45537c987,context_scoped_reference,keep_each_assertion_reference_scoped;never_global_merge_by_generic_label,,"{""canonical_name"": ""工作队"", ""reason"": ""generic_label"", ""required_context"": [""time"", ""place"", ""affiliation"", ""relation_neighborhood""]}",stkg-v2-unresolved-semantic-closure-1,2026-07-15T06:33:12
V2CONFLICT-b2276ecbbcd47c838d18303b,IENT-32e6f970a5b6f4a46559b25d,context_scoped_reference,keep_each_assertion_reference_scoped;never_global_merge_by_generic_label,,"{""canonical_name"": ""四三团"", ""reason"": ""incomplete_military_designation"", ""required_context"": [""time"", ""place"", ""affiliation"", ""relation_neighborhood""]}",stkg-v2-unresolved-semantic-closure-1,2026-07-15T06:33:12
V2CONFLICT-b274ea24f03a50abe2375fca,IENTREPAIR-5daf804d51b0d830815b47a2,context_scoped_reference,keep_each_assertion_reference_scoped;never_global_merge_by_generic_label,,"{""canonical_name"": ""新四军七连"", ""reason"": ""incomplete_military_designation"", ""required_context"": [""time"", ""place"", ""affiliation"", ""relation_neighborhood""]}",stkg-v2-unresolved-semantic-closure-1,2026-07-15T06:33:12
V2CONFLICT-b28422a1f3b85da4ba567234,IENT-8a21bbb0190685af0c3c2f44,context_scoped_reference,keep_each_assertion_reference_scoped;never_global_merge_by_generic_label,,"{""canonical_name"": ""人民解放军一三四团"", ""reason"": ""incomplete_military_designation"", ""required_context"": [""time"", ""place"", ""affiliation"", ""relation_neighborhood""]}",stkg-v2-unresolved-semantic-closure-1,2026-07-15T06:33:12
V2CONFLICT-b3cf127347e3bbc542abaaed,IENTREPAIR-d607102b644ea24397ea64ee,context_scoped_reference,keep_each_assertion_reference_scoped;never_global_merge_by_generic_label,,"{""canonical_name"": ""红23师"", ""reason"": ""incomplete_military_designation"", ""required_context"": [""time"", ""place"", ""affiliation"", ""relation_neighborhood""]}",stkg-v2-unresolved-semantic-closure-1,2026-07-15T06:33:12
V2CONFLICT-b46c72fdec2a64bb602b0acc,IENT-ccac41a135f947e262e838fb,context_scoped_reference,keep_each_assertion_reference_scoped;never_global_merge_by_generic_label,,"{""canonical_name"": ""二十四团"", ""reason"": ""incomplete_military_designation"", ""required_context"": [""time"", ""place"", ""affiliation"", ""relation_neighborhood""]}",stkg-v2-unresolved-semantic-closure-1,2026-07-15T06:33:12
V2CONFLICT-b47f793c7ad70a01085e3480,IENT-97dc7ad3e1d2df6e41a1bc2e,context_scoped_reference,keep_each_assertion_reference_scoped;never_global_merge_by_generic_label,,"{""canonical_name"": ""二纵队"", ""reason"": ""incomplete_military_designation"", ""required_context"": [""time"", ""place"", ""affiliation"", ""relation_neighborhood""]}",stkg-v2-unresolved-semantic-closure-1,2026-07-15T06:33:12
V2CONFLICT-b48c1fd6e3b3d6fb9e04b427,IENT-9f5a6d447b5e2ba26ba0b46c,context_scoped_reference,keep_each_assertion_reference_scoped;never_global_merge_by_generic_label,,"{""canonical_name"": ""151团"", ""reason"": ""incomplete_military_designation"", ""required_context"": [""time"", ""place"", ""affiliation"", ""relation_neighborhood""]}",stkg-v2-unresolved-semantic-closure-1,2026-07-15T06:33:12
V2CONFLICT-b4b6fd19f261697787d469fe,IENT-07bc7bcad0144214ff23cae9,context_scoped_reference,keep_each_assertion_reference_scoped;never_global_merge_by_generic_label,,"{""canonical_name"": ""三六六师"", ""reason"": ""incomplete_military_designation"", ""required_context"": [""time"", ""place"", ""affiliation"", ""relation_neighborhood""]}",stkg-v2-unresolved-semantic-closure-1,2026-07-15T06:33:12
V2CONFLICT-b5160effe5655d8a9af28a8d,IENT-5ed0492e7e9de46562f7ab30,context_scoped_reference,keep_each_assertion_reference_scoped;never_global_merge_by_generic_label,,"{""canonical_name"": ""三三七团"", ""reason"": ""incomplete_military_designation"", ""required_context"": [""time"", ""place"", ""affiliation"", ""relation_neighborhood""]}",stkg-v2-unresolved-semantic-closure-1,2026-07-15T06:33:12
V2CONFLICT-b54cf0febf46df341af05a25,IENT-1c6228a31f68a2d87d69cc03,context_scoped_reference,keep_each_assertion_reference_scoped;never_global_merge_by_generic_label,,"{""canonical_name"": ""四师"", ""reason"": ""incomplete_military_designation"", ""required_context"": [""time"", ""place"", ""affiliation"", ""relation_neighborhood""]}",stkg-v2-unresolved-semantic-closure-1,2026-07-15T06:33:12
V2CONFLICT-b5733d2566611a01d063a0f8,IENTREPAIR-36e73b52bd22725568955532,context_scoped_reference,keep_each_assertion_reference_scoped;never_global_merge_by_generic_label,,"{""canonical_name"": ""17军"", ""reason"": ""incomplete_military_designation"", ""required_context"": [""time"", ""place"", ""affiliation"", ""relation_neighborhood""]}",stkg-v2-unresolved-semantic-closure-1,2026-07-15T06:33:12
V2CONFLICT-b58b27bf84daf0b89ad83a3c,IENT-8b409341cf2f7a046009b5ee,context_scoped_reference,keep_each_assertion_reference_scoped;never_global_merge_by_generic_label,,"{""canonical_name"": ""四十七师"", ""reason"": ""incomplete_military_designation"", ""required_context"": [""time"", ""place"", ""affiliation"", ""relation_neighborhood""]}",stkg-v2-unresolved-semantic-closure-1,2026-07-15T06:33:12
V2CONFLICT-b5999f14657e88612438e9f4,IENTREPAIR-9f5923fe77a47fe62141e91f,context_scoped_reference,keep_each_assertion_reference_scoped;never_global_merge_by_generic_label,,"{""canonical_name"": ""红17师"", ""reason"": ""incomplete_military_designation"", ""required_context"": [""time"", ""place"", ""affiliation"", ""relation_neighborhood""]}",stkg-v2-unresolved-semantic-closure-1,2026-07-15T06:33:12
V2CONFLICT-b65903d2d96605c57986afb6,IENT-932769fb84ea7179348f366e,context_scoped_reference,keep_each_assertion_reference_scoped;never_global_merge_by_generic_label,,"{""canonical_name"": ""一五一团"", ""reason"": ""incomplete_military_designation"", ""required_context"": [""time"", ""place"", ""affiliation"", ""relation_neighborhood""]}",stkg-v2-unresolved-semantic-closure-1,2026-07-15T06:33:12
V2CONFLICT-b6e2a95c7ec02b668d2c0703,IENT-aea0d29fda23da506bd7fcc7,context_scoped_reference,keep_each_assertion_reference_scoped;never_global_merge_by_generic_label,,"{""canonical_name"": ""解放军151团"", ""reason"": ""incomplete_military_designation"", ""required_context"": [""time"", ""place"", ""affiliation"", ""relation_neighborhood""]}",stkg-v2-unresolved-semantic-closure-1,2026-07-15T06:33:12
V2CONFLICT-b7448ee28207ed74bc394b2f,IENT-25e294face9c114ebe57a8cc,context_scoped_reference,keep_each_assertion_reference_scoped;never_global_merge_by_generic_label,,"{""canonical_name"": ""红一师"", ""reason"": ""incomplete_military_designation"", ""required_context"": [""time"", ""place"", ""affiliation"", ""relation_neighborhood""]}",stkg-v2-unresolved-semantic-closure-1,2026-07-15T06:33:12
V2CONFLICT-b7f80f9e554d66f0558bb964,IENT-80f566ece3e6d5edabffdf33,context_scoped_reference,keep_each_assertion_reference_scoped;never_global_merge_by_generic_label,,"{""canonical_name"": ""六师"", ""reason"": ""incomplete_military_designation"", ""required_context"": [""time"", ""place"", ""affiliation"", ""relation_neighborhood""]}",stkg-v2-unresolved-semantic-closure-1,2026-07-15T06:33:12
V2CONFLICT-b7f9f7938d293c493b87bbb4,IENT-bcd6b699ea64b5dff5d36cb8,context_scoped_reference,keep_each_assertion_reference_scoped;never_global_merge_by_generic_label,,"{""canonical_name"": ""八十师"", ""reason"": ""incomplete_military_designation"", ""required_context"": [""time"", ""place"", ""affiliation"", ""relation_neighborhood""]}",stkg-v2-unresolved-semantic-closure-1,2026-07-15T06:33:12
V2CONFLICT-b87410af424c853005aa088e,IENT-c19293ae547e4e2c850b64c3,context_scoped_reference,keep_each_assertion_reference_scoped;never_global_merge_by_generic_label,,"{""canonical_name"": ""红六师"", ""reason"": ""incomplete_military_designation"", ""required_context"": [""time"", ""place"", ""affiliation"", ""relation_neighborhood""]}",stkg-v2-unresolved-semantic-closure-1,2026-07-15T06:33:12
V2CONFLICT-b8b0dc19d278339f792dcc47,IENT-f478bc09bb3be677da9439a4,context_scoped_reference,keep_each_assertion_reference_scoped;never_global_merge_by_generic_label,,"{""canonical_name"": ""三十一团"", ""reason"": ""incomplete_military_designation"", ""required_context"": [""time"", ""place"", ""affiliation"", ""relation_neighborhood""]}",stkg-v2-unresolved-semantic-closure-1,2026-07-15T06:33:12
V2CONFLICT-b8c64cc8803ba4a7006b7686,IENT-fbd24b69d68eda412116b8ba,context_scoped_reference,keep_each_assertion_reference_scoped;never_global_merge_by_generic_label,,"{""canonical_name"": ""四军"", ""reason"": ""incomplete_military_designation"", ""required_context"": [""time"", ""place"", ""affiliation"", ""relation_neighborhood""]}",stkg-v2-unresolved-semantic-closure-1,2026-07-15T06:33:12
V2CONFLICT-b8ca6174ab1a7d62bd514c56,IENT-c050461b65dde840824d90f1,context_scoped_reference,keep_each_assertion_reference_scoped;never_global_merge_by_generic_label,,"{""canonical_name"": ""四一九团"", ""reason"": ""incomplete_military_designation"", ""required_context"": [""time"", ""place"", ""affiliation"", ""relation_neighborhood""]}",stkg-v2-unresolved-semantic-closure-1,2026-07-15T06:33:12
V2CONFLICT-b940c3f1ab2b5db61f1d4cfe,IENTREPAIR-db60631c5ff7aff366916c01,context_scoped_reference,keep_each_assertion_reference_scoped;never_global_merge_by_generic_label,,"{""canonical_name"": ""解放军153团"", ""reason"": ""incomplete_military_designation"", ""required_context"": [""time"", ""place"", ""affiliation"", ""relation_neighborhood""]}",stkg-v2-unresolved-semantic-closure-1,2026-07-15T06:33:12
V2CONFLICT-b9ae5469787fa95eb69cfbad,IENT-ef64ecd80d47915194d9c4e1,context_scoped_reference,keep_each_assertion_reference_scoped;never_global_merge_by_generic_label,,"{""canonical_name"": ""地下党组织"", ""reason"": ""generic_label"", ""required_context"": [""time"", ""place"", ""affiliation"", ""relation_neighborhood""]}",stkg-v2-unresolved-semantic-closure-1,2026-07-15T06:33:12
V2CONFLICT-b9c633bdf9cbd1d7ed0b46b9,IENT-06f7dd640a75ec4cf5301083,context_scoped_reference,keep_each_assertion_reference_scoped;never_global_merge_by_generic_label,,"{""canonical_name"": ""红八军"", ""reason"": ""incomplete_military_designation"", ""required_context"": [""time"", ""place"", ""affiliation"", ""relation_neighborhood""]}",stkg-v2-unresolved-semantic-closure-1,2026-07-15T06:33:12
V2CONFLICT-b9e1ee92478058b108a653ad,IENT-67934f23a9a9a629ba7f7ceb,context_scoped_reference,keep_each_assertion_reference_scoped;never_global_merge_by_generic_label,,"{""canonical_name"": ""九三师"", ""reason"": ""incomplete_military_designation"", ""required_context"": [""time"", ""place"", ""affiliation"", ""relation_neighborhood""]}",stkg-v2-unresolved-semantic-closure-1,2026-07-15T06:33:12
V2CONFLICT-ba31d3c586562d3fa0d15b05,IENT-3546ad27794bf1b2b911bf16,context_scoped_reference,keep_each_assertion_reference_scoped;never_global_merge_by_generic_label,,"{""canonical_name"": ""红18军"", ""reason"": ""incomplete_military_designation"", ""required_context"": [""time"", ""place"", ""affiliation"", ""relation_neighborhood""]}",stkg-v2-unresolved-semantic-closure-1,2026-07-15T06:33:12
V2CONFLICT-bac7665e6efd9b9a9e13a477,IENTREPAIR-12361b8bf2de0b7b027889ad,context_scoped_reference,keep_each_assertion_reference_scoped;never_global_merge_by_generic_label,,"{""canonical_name"": ""一师"", ""reason"": ""incomplete_military_designation"", ""required_context"": [""time"", ""place"", ""affiliation"", ""relation_neighborhood""]}",stkg-v2-unresolved-semantic-closure-1,2026-07-15T06:33:12
V2CONFLICT-bb727c3138a1403a9336f990,IENTREPAIR-f2ae923b1e299bf5a3841391,context_scoped_reference,keep_each_assertion_reference_scoped;never_global_merge_by_generic_label,,"{""canonical_name"": ""四十一师"", ""reason"": ""incomplete_military_designation"", ""required_context"": [""time"", ""place"", ""affiliation"", ""relation_neighborhood""]}",stkg-v2-unresolved-semantic-closure-1,2026-07-15T06:33:12
V2CONFLICT-bbab523dea49c449967c291e,IENT-d76da9e361394166e47829c2,context_scoped_reference,keep_each_assertion_reference_scoped;never_global_merge_by_generic_label,,"{""canonical_name"": ""五军"", ""reason"": ""incomplete_military_designation"", ""required_context"": [""time"", ""place"", ""affiliation"", ""relation_neighborhood""]}",stkg-v2-unresolved-semantic-closure-1,2026-07-15T06:33:12
V2CONFLICT-bbbafb30c1703054a331bf62,IENT-55939f50685bab7b7a94dc38,context_scoped_reference,keep_each_assertion_reference_scoped;never_global_merge_by_generic_label,,"{""canonical_name"": ""红七团"", ""reason"": ""incomplete_military_designation"", ""required_context"": [""time"", ""place"", ""affiliation"", ""relation_neighborhood""]}",stkg-v2-unresolved-semantic-closure-1,2026-07-15T06:33:12
V2CONFLICT-bbe040f1f5fc369d75a15eb0,IENT-155e4f06835a67ced149bf7f,context_scoped_reference,keep_each_assertion_reference_scoped;never_global_merge_by_generic_label,,"{""canonical_name"": ""五纵队"", ""reason"": ""incomplete_military_designation"", ""required_context"": [""time"", ""place"", ""affiliation"", ""relation_neighborhood""]}",stkg-v2-unresolved-semantic-closure-1,2026-07-15T06:33:12
V2CONFLICT-bc506fe2246a7fbc10126198,IENT-8cd3f5c253ecd975b6b4f35d,context_scoped_reference,keep_each_assertion_reference_scoped;never_global_merge_by_generic_label,,"{""canonical_name"": ""八十三团"", ""reason"": ""incomplete_military_designation"", ""required_context"": [""time"", ""place"", ""affiliation"", ""relation_neighborhood""]}",stkg-v2-unresolved-semantic-closure-1,2026-07-15T06:33:12
V2CONFLICT-bc51e7ceef8c65966865989a,IENT-0bd7c6276ea13c64c7e9e1e9,context_scoped_reference,keep_each_assertion_reference_scoped;never_global_merge_by_generic_label,,"{""canonical_name"": ""四一五团"", ""reason"": ""incomplete_military_designation"", ""required_context"": [""time"", ""place"", ""affiliation"", ""relation_neighborhood""]}",stkg-v2-unresolved-semantic-closure-1,2026-07-15T06:33:12
V2CONFLICT-bc97e1a28a3315228077f2f1,IENT-1946f2b6714a9d32a2015c89,context_scoped_reference,keep_each_assertion_reference_scoped;never_global_merge_by_generic_label,,"{""canonical_name"": ""解放军四十八军"", ""reason"": ""incomplete_military_designation"", ""required_context"": [""time"", ""place"", ""affiliation"", ""relation_neighborhood""]}",stkg-v2-unresolved-semantic-closure-1,2026-07-15T06:33:12
V2CONFLICT-bcb854ce16b081546c3c8800,IENT-d306fba703f4065dbfb9c74d,context_scoped_reference,keep_each_assertion_reference_scoped;never_global_merge_by_generic_label,,"{""canonical_name"": ""五十师"", ""reason"": ""incomplete_military_designation"", ""required_context"": [""time"", ""place"", ""affiliation"", ""relation_neighborhood""]}",stkg-v2-unresolved-semantic-closure-1,2026-07-15T06:33:12
V2CONFLICT-bcbf90c7759afa5a080fa84e,IENT-b5d1faf16770ff8fd5124fdf,context_scoped_reference,keep_each_assertion_reference_scoped;never_global_merge_by_generic_label,,"{""canonical_name"": ""九十五军"", ""reason"": ""incomplete_military_designation"", ""required_context"": [""time"", ""place"", ""affiliation"", ""relation_neighborhood""]}",stkg-v2-unresolved-semantic-closure-1,2026-07-15T06:33:12
V2CONFLICT-bd5c62f9a2f7633e606dfa96,IENT-e9b10be0dc18135b8fd38d69,context_scoped_reference,keep_each_assertion_reference_scoped;never_global_merge_by_generic_label,,"{""canonical_name"": ""七师"", ""reason"": ""incomplete_military_designation"", ""required_context"": [""time"", ""place"", ""affiliation"", ""relation_neighborhood""]}",stkg-v2-unresolved-semantic-closure-1,2026-07-15T06:33:12
V2CONFLICT-bd9afb7008ce2681345cbd86,IENT-859c176996d890e46638852c,context_scoped_reference,keep_each_assertion_reference_scoped;never_global_merge_by_generic_label,,"{""canonical_name"": ""9纵队"", ""reason"": ""incomplete_military_designation"", ""required_context"": [""time"", ""place"", ""affiliation"", ""relation_neighborhood""]}",stkg-v2-unresolved-semantic-closure-1,2026-07-15T06:33:12
V2CONFLICT-bdc88e5b0fde7a14e84fc15d,IENT-4884cbace2923f12b8dd4f07,context_scoped_reference,keep_each_assertion_reference_scoped;never_global_merge_by_generic_label,,"{""canonical_name"": ""九十三军"", ""reason"": ""incomplete_military_designation"", ""required_context"": [""time"", ""place"", ""affiliation"", ""relation_neighborhood""]}",stkg-v2-unresolved-semantic-closure-1,2026-07-15T06:33:12
V2CONFLICT-bddfd736ca38d5cb2f503de9,IENTREPAIR-a14ea1d674a345ab39af0524,context_scoped_reference,keep_each_assertion_reference_scoped;never_global_merge_by_generic_label,,"{""canonical_name"": ""地委"", ""reason"": ""generic_label"", ""required_context"": [""time"", ""place"", ""affiliation"", ""relation_neighborhood""]}",stkg-v2-unresolved-semantic-closure-1,2026-07-15T06:33:12
V2CONFLICT-bdea028dbee09509218e2123,IENT-2883a0b59a879f243d1455c0,context_scoped_reference,keep_each_assertion_reference_scoped;never_global_merge_by_generic_label,,"{""canonical_name"": ""一一八师"", ""reason"": ""incomplete_military_designation"", ""required_context"": [""time"", ""place"", ""affiliation"", ""relation_neighborhood""]}",stkg-v2-unresolved-semantic-closure-1,2026-07-15T06:33:12
V2CONFLICT-be7b448b97bcecbce9f7e51a,IENT-2ca57d194d51b8b17be56372,context_scoped_reference,keep_each_assertion_reference_scoped;never_global_merge_by_generic_label,,"{""canonical_name"": ""红26纵队"", ""reason"": ""incomplete_military_designation"", ""required_context"": [""time"", ""place"", ""affiliation"", ""relation_neighborhood""]}",stkg-v2-unresolved-semantic-closure-1,2026-07-15T06:33:12
V2CONFLICT-beb6b5c610fe5097be7cd1e7,IENTREPAIR-4ab2d90700e13e6263a20175,context_scoped_reference,keep_each_assertion_reference_scoped;never_global_merge_by_generic_label,,"{""canonical_name"": ""八团"", ""reason"": ""incomplete_military_designation"", ""required_context"": [""time"", ""place"", ""affiliation"", ""relation_neighborhood""]}",stkg-v2-unresolved-semantic-closure-1,2026-07-15T06:33:12
V2CONFLICT-becec2fe7f5de977a1c9fe54,IENT-32fe4a6ac8d9cf5e789e82d6,context_scoped_reference,keep_each_assertion_reference_scoped;never_global_merge_by_generic_label,,"{""canonical_name"": ""一团"", ""reason"": ""incomplete_military_designation"", ""required_context"": [""time"", ""place"", ""affiliation"", ""relation_neighborhood""]}",stkg-v2-unresolved-semantic-closure-1,2026-07-15T06:33:12
V2CONFLICT-c001854bfff4063df0f92061,IENTREPAIR-ada570861440391eea505cb6,context_scoped_reference,keep_each_assertion_reference_scoped;never_global_merge_by_generic_label,,"{""canonical_name"": ""红三十一军"", ""reason"": ""incomplete_military_designation"", ""required_context"": [""time"", ""place"", ""affiliation"", ""relation_neighborhood""]}",stkg-v2-unresolved-semantic-closure-1,2026-07-15T06:33:12
V2CONFLICT-c160588f6fe49ac030d244fc,IENT-02cc41a0b85f737fea1da60a,context_scoped_reference,keep_each_assertion_reference_scoped;never_global_merge_by_generic_label,,"{""canonical_name"": ""新四军四团"", ""reason"": ""incomplete_military_designation"", ""required_context"": [""time"", ""place"", ""affiliation"", ""relation_neighborhood""]}",stkg-v2-unresolved-semantic-closure-1,2026-07-15T06:33:12
V2CONFLICT-c1702d0ec8de503cef4f4402,IENT-7c60ee4a6a9022c09a7cf095,context_scoped_reference,keep_each_assertion_reference_scoped;never_global_merge_by_generic_label,,"{""canonical_name"": ""31团"", ""reason"": ""incomplete_military_designation"", ""required_context"": [""time"", ""place"", ""affiliation"", ""relation_neighborhood""]}",stkg-v2-unresolved-semantic-closure-1,2026-07-15T06:33:12
V2CONFLICT-c17b7c21f14cc6cf9eb6847c,IENT-4698954c3d990994a7e76ec5,context_scoped_reference,keep_each_assertion_reference_scoped;never_global_merge_by_generic_label,,"{""canonical_name"": ""三师"", ""reason"": ""incomplete_military_designation"", ""required_context"": [""time"", ""place"", ""affiliation"", ""relation_neighborhood""]}",stkg-v2-unresolved-semantic-closure-1,2026-07-15T06:33:12
V2CONFLICT-c1fd94ed6ee91a9c95971207,IENT-64d88fe272a2d8af5c8b5259,context_scoped_reference,keep_each_assertion_reference_scoped;never_global_merge_by_generic_label,,"{""canonical_name"": ""17师"", ""reason"": ""incomplete_military_designation"", ""required_context"": [""time"", ""place"", ""affiliation"", ""relation_neighborhood""]}",stkg-v2-unresolved-semantic-closure-1,2026-07-15T06:33:12
V2CONFLICT-c20894e0367d3c4baed53a8d,IENTREPAIR-a01f9c59450849667c4fbd1e,context_scoped_reference,keep_each_assertion_reference_scoped;never_global_merge_by_generic_label,,"{""canonical_name"": ""一纵队"", ""reason"": ""incomplete_military_designation"", ""required_context"": [""time"", ""place"", ""affiliation"", ""relation_neighborhood""]}",stkg-v2-unresolved-semantic-closure-1,2026-07-15T06:33:12
V2CONFLICT-c2208852d539c661192ebb35,IENTREPAIR-b745ecc59b7e986eed5e3430,context_scoped_reference,keep_each_assertion_reference_scoped;never_global_merge_by_generic_label,,"{""canonical_name"": ""51师"", ""reason"": ""incomplete_military_designation"", ""required_context"": [""time"", ""place"", ""affiliation"", ""relation_neighborhood""]}",stkg-v2-unresolved-semantic-closure-1,2026-07-15T06:33:12
V2CONFLICT-c266297e11d9e224238f4581,IENT-e46b593c56bcbf672b9842d7,context_scoped_reference,keep_each_assertion_reference_scoped;never_global_merge_by_generic_label,,"{""canonical_name"": ""九旅"", ""reason"": ""incomplete_military_designation"", ""required_context"": [""time"", ""place"", ""affiliation"", ""relation_neighborhood""]}",stkg-v2-unresolved-semantic-closure-1,2026-07-15T06:33:12
V2CONFLICT-c2d1b4bc8f7889ff705e1f88,IENT-bfc72e25a7c1f8a0d3995ca6,context_scoped_reference,keep_each_assertion_reference_scoped;never_global_merge_by_generic_label,,"{""canonical_name"": ""八六团"", ""reason"": ""incomplete_military_designation"", ""required_context"": [""time"", ""place"", ""affiliation"", ""relation_neighborhood""]}",stkg-v2-unresolved-semantic-closure-1,2026-07-15T06:33:12
V2CONFLICT-c342925c990ddb5268a844bd,IENT-93461e60e2ec9bcb03135a48,context_scoped_reference,keep_each_assertion_reference_scoped;never_global_merge_by_generic_label,,"{""canonical_name"": ""四十师"", ""reason"": ""incomplete_military_designation"", ""required_context"": [""time"", ""place"", ""affiliation"", ""relation_neighborhood""]}",stkg-v2-unresolved-semantic-closure-1,2026-07-15T06:33:12
V2CONFLICT-c460ccc7afb9b79fa806a4f1,IENT-aea75a71c7dcc4fddf2a8abf,context_scoped_reference,keep_each_assertion_reference_scoped;never_global_merge_by_generic_label,,"{""canonical_name"": ""解放军14支队"", ""reason"": ""incomplete_military_designation"", ""required_context"": [""time"", ""place"", ""affiliation"", ""relation_neighborhood""]}",stkg-v2-unresolved-semantic-closure-1,2026-07-15T06:33:12
V2CONFLICT-c4eafc89dfad5af0b3b72459,IENT-d594e013f6e351dc551a26ea,context_scoped_reference,keep_each_assertion_reference_scoped;never_global_merge_by_generic_label,,"{""canonical_name"": ""2支队"", ""reason"": ""incomplete_military_designation"", ""required_context"": [""time"", ""place"", ""affiliation"", ""relation_neighborhood""]}",stkg-v2-unresolved-semantic-closure-1,2026-07-15T06:33:12
V2CONFLICT-c4f71414bdc60a8892679d25,IENT-367c4bde83b1e001c919f18a,context_scoped_reference,keep_each_assertion_reference_scoped;never_global_merge_by_generic_label,,"{""canonical_name"": ""三九一团"", ""reason"": ""incomplete_military_designation"", ""required_context"": [""time"", ""place"", ""affiliation"", ""relation_neighborhood""]}",stkg-v2-unresolved-semantic-closure-1,2026-07-15T06:33:12
V2CONFLICT-c557b33c88ed84468728c85c,IENT-898c8f634431ea86d4d55348,context_scoped_reference,keep_each_assertion_reference_scoped;never_global_merge_by_generic_label,,"{""canonical_name"": ""七七二团"", ""reason"": ""incomplete_military_designation"", ""required_context"": [""time"", ""place"", ""affiliation"", ""relation_neighborhood""]}",stkg-v2-unresolved-semantic-closure-1,2026-07-15T06:33:12
V2CONFLICT-c5b5a01e0c1aace953a019dc,IENTREPAIR-ba65a4163ddf9640dd17886d,context_scoped_reference,keep_each_assertion_reference_scoped;never_global_merge_by_generic_label,,"{""canonical_name"": ""红17师"", ""reason"": ""incomplete_military_designation"", ""required_context"": [""time"", ""place"", ""affiliation"", ""relation_neighborhood""]}",stkg-v2-unresolved-semantic-closure-1,2026-07-15T06:33:12
V2CONFLICT-c5f3829c3dfaba3b10a0ab5c,IENT-0b9545f594963586cf84abc9,context_scoped_reference,keep_each_assertion_reference_scoped;never_global_merge_by_generic_label,,"{""canonical_name"": ""四十九团"", ""reason"": ""incomplete_military_designation"", ""required_context"": [""time"", ""place"", ""affiliation"", ""relation_neighborhood""]}",stkg-v2-unresolved-semantic-closure-1,2026-07-15T06:33:12
V2CONFLICT-c63cba477a807d91141de16b,IENT-11a75c289cddd6ec39c06234,context_scoped_reference,keep_each_assertion_reference_scoped;never_global_merge_by_generic_label,,"{""canonical_name"": ""解放军一二七师"", ""reason"": ""incomplete_military_designation"", ""required_context"": [""time"", ""place"", ""affiliation"", ""relation_neighborhood""]}",stkg-v2-unresolved-semantic-closure-1,2026-07-15T06:33:12
V2CONFLICT-c63e708128f8ec5381bd3835,IENT-9734363a830da6d20d3ae1e3,context_scoped_reference,keep_each_assertion_reference_scoped;never_global_merge_by_generic_label,,"{""canonical_name"": ""一五一团"", ""reason"": ""incomplete_military_designation"", ""required_context"": [""time"", ""place"", ""affiliation"", ""relation_neighborhood""]}",stkg-v2-unresolved-semantic-closure-1,2026-07-15T06:33:12
V2CONFLICT-c6a124b2e121b714c48ce340,IENT-47b2dcbc7a294c56d6775ee6,context_scoped_reference,keep_each_assertion_reference_scoped;never_global_merge_by_generic_label,,"{""canonical_name"": ""解放军一四〇团"", ""reason"": ""incomplete_military_designation"", ""required_context"": [""time"", ""place"", ""affiliation"", ""relation_neighborhood""]}",stkg-v2-unresolved-semantic-closure-1,2026-07-15T06:33:12
V2CONFLICT-c6e8912ae1a2080dba4a894f,IENT-ea2795b103f48216af3fa3f8,context_scoped_reference,keep_each_assertion_reference_scoped;never_global_merge_by_generic_label,,"{""canonical_name"": ""153团"", ""reason"": ""incomplete_military_designation"", ""required_context"": [""time"", ""place"", ""affiliation"", ""relation_neighborhood""]}",stkg-v2-unresolved-semantic-closure-1,2026-07-15T06:33:12
V2CONFLICT-c750fa9c41397a3ce3a9d941,IENT-8a55460658cd765f36614fcc,context_scoped_reference,keep_each_assertion_reference_scoped;never_global_merge_by_generic_label,,"{""canonical_name"": ""十二旅"", ""reason"": ""incomplete_military_designation"", ""required_context"": [""time"", ""place"", ""affiliation"", ""relation_neighborhood""]}",stkg-v2-unresolved-semantic-closure-1,2026-07-15T06:33:12
V2CONFLICT-c7706a3b84b743a1336b1dfc,IENT-a990ca04ce6c4b181c7593ca,context_scoped_reference,keep_each_assertion_reference_scoped;never_global_merge_by_generic_label,,"{""canonical_name"": ""解放军一〇九团"", ""reason"": ""incomplete_military_designation"", ""required_context"": [""time"", ""place"", ""affiliation"", ""relation_neighborhood""]}",stkg-v2-unresolved-semantic-closure-1,2026-07-15T06:33:12
V2CONFLICT-c83aac86f437cfcc711f2e1b,IENT-c6cf4a8439bc39061ba61c7a,context_scoped_reference,keep_each_assertion_reference_scoped;never_global_merge_by_generic_label,,"{""canonical_name"": ""十八团"", ""reason"": ""incomplete_military_designation"", ""required_context"": [""time"", ""place"", ""affiliation"", ""relation_neighborhood""]}",stkg-v2-unresolved-semantic-closure-1,2026-07-15T06:33:12
V2CONFLICT-c84e157638a434f4f770b053,IENT-1aef739b97015c4dd8d79f69,context_scoped_reference,keep_each_assertion_reference_scoped;never_global_merge_by_generic_label,,"{""canonical_name"": ""红9军"", ""reason"": ""incomplete_military_designation"", ""required_context"": [""time"", ""place"", ""affiliation"", ""relation_neighborhood""]}",stkg-v2-unresolved-semantic-closure-1,2026-07-15T06:33:12
V2CONFLICT-c8f93a229951c488cd6d255c,IENT-d14992bf58e0f926ea535fcb,context_scoped_reference,keep_each_assertion_reference_scoped;never_global_merge_by_generic_label,,"{""canonical_name"": ""红25军"", ""reason"": ""incomplete_military_designation"", ""required_context"": [""time"", ""place"", ""affiliation"", ""relation_neighborhood""]}",stkg-v2-unresolved-semantic-closure-1,2026-07-15T06:33:12
V2CONFLICT-cbce0743b177fd5c4c0c3966,IENT-d033854550e547cf097cec6d,context_scoped_reference,keep_each_assertion_reference_scoped;never_global_merge_by_generic_label,,"{""canonical_name"": ""红一连"", ""reason"": ""incomplete_military_designation"", ""required_context"": [""time"", ""place"", ""affiliation"", ""relation_neighborhood""]}",stkg-v2-unresolved-semantic-closure-1,2026-07-15T06:33:12
V2CONFLICT-cc4581ca216a3f5167f31a3c,IENT-f89911154c1cecc5f1c39dbb,context_scoped_reference,keep_each_assertion_reference_scoped;never_global_merge_by_generic_label,,"{""canonical_name"": ""县委"", ""reason"": ""generic_label"", ""required_context"": [""time"", ""place"", ""affiliation"", ""relation_neighborhood""]}",stkg-v2-unresolved-semantic-closure-1,2026-07-15T06:33:12
V2CONFLICT-cc45f1b0fae37d53c775dcdf,IENT-39807fa0d0430302b43892f2,context_scoped_reference,keep_each_assertion_reference_scoped;never_global_merge_by_generic_label,,"{""canonical_name"": ""红六军"", ""reason"": ""incomplete_military_designation"", ""required_context"": [""time"", ""place"", ""affiliation"", ""relation_neighborhood""]}",stkg-v2-unresolved-semantic-closure-1,2026-07-15T06:33:12
V2CONFLICT-cc612d3dd79af527f14fafbf,IENT-e77c037d5aa05b77b1292e30,context_scoped_reference,keep_each_assertion_reference_scoped;never_global_merge_by_generic_label,,"{""canonical_name"": ""卅四师"", ""reason"": ""incomplete_military_designation"", ""required_context"": [""time"", ""place"", ""affiliation"", ""relation_neighborhood""]}",stkg-v2-unresolved-semantic-closure-1,2026-07-15T06:33:12
V2CONFLICT-ccf65ad14b8e4917c1175788,IENT-631185931de7436a1888bb1b,context_scoped_reference,keep_each_assertion_reference_scoped;never_global_merge_by_generic_label,,"{""canonical_name"": ""一七八团"", ""reason"": ""incomplete_military_designation"", ""required_context"": [""time"", ""place"", ""affiliation"", ""relation_neighborhood""]}",stkg-v2-unresolved-semantic-closure-1,2026-07-15T06:33:12
V2CONFLICT-cd6c2437a4e32557b32f7dd8,IENT-7c04cb3e9726034a66abbf88,context_scoped_reference,keep_each_assertion_reference_scoped;never_global_merge_by_generic_label,,"{""canonical_name"": ""三十二师"", ""reason"": ""incomplete_military_designation"", ""required_context"": [""time"", ""place"", ""affiliation"", ""relation_neighborhood""]}",stkg-v2-unresolved-semantic-closure-1,2026-07-15T06:33:12
V2CONFLICT-cd75d2a3ad49b0c748b7f4c3,IENT-d13c75c23a489c2df2f4eb05,context_scoped_reference,keep_each_assertion_reference_scoped;never_global_merge_by_generic_label,,"{""canonical_name"": ""七师"", ""reason"": ""incomplete_military_designation"", ""required_context"": [""time"", ""place"", ""affiliation"", ""relation_neighborhood""]}",stkg-v2-unresolved-semantic-closure-1,2026-07-15T06:33:12
V2CONFLICT-cdbeb0049b8b0e57d5ce5d55,IENT-5576e59fb9a5df6d05adcb1e,context_scoped_reference,keep_each_assertion_reference_scoped;never_global_merge_by_generic_label,,"{""canonical_name"": ""三十三军"", ""reason"": ""incomplete_military_designation"", ""required_context"": [""time"", ""place"", ""affiliation"", ""relation_neighborhood""]}",stkg-v2-unresolved-semantic-closure-1,2026-07-15T06:33:12
V2CONFLICT-cdf30c5bd2b87594a75b58cf,IENT-0f07bb5c1f3aab3f522e22ff,context_scoped_reference,keep_each_assertion_reference_scoped;never_global_merge_by_generic_label,,"{""canonical_name"": ""新四军二十二团"", ""reason"": ""incomplete_military_designation"", ""required_context"": [""time"", ""place"", ""affiliation"", ""relation_neighborhood""]}",stkg-v2-unresolved-semantic-closure-1,2026-07-15T06:33:12
V2CONFLICT-ce091fb23ebf98a17a7023b8,IENT-89a13b63474e0652811798b0,context_scoped_reference,keep_each_assertion_reference_scoped;never_global_merge_by_generic_label,,"{""canonical_name"": ""三三四团"", ""reason"": ""incomplete_military_designation"", ""required_context"": [""time"", ""place"", ""affiliation"", ""relation_neighborhood""]}",stkg-v2-unresolved-semantic-closure-1,2026-07-15T06:33:12
V2CONFLICT-ce16484b44bf6ecfdf49c86b,IENT-7a44fdc5fcbbb531e5b3eeaf,context_scoped_reference,keep_each_assertion_reference_scoped;never_global_merge_by_generic_label,,"{""canonical_name"": ""红一团"", ""reason"": ""incomplete_military_designation"", ""required_context"": [""time"", ""place"", ""affiliation"", ""relation_neighborhood""]}",stkg-v2-unresolved-semantic-closure-1,2026-07-15T06:33:12
V2CONFLICT-ce273288b155886780799abd,IENTREPAIR-d71b2daffedc5a6948d3523d,context_scoped_reference,keep_each_assertion_reference_scoped;never_global_merge_by_generic_label,,"{""canonical_name"": ""一五四团"", ""reason"": ""incomplete_military_designation"", ""required_context"": [""time"", ""place"", ""affiliation"", ""relation_neighborhood""]}",stkg-v2-unresolved-semantic-closure-1,2026-07-15T06:33:12
V2CONFLICT-ce4e5d5068f6835ba4912025,IENT-8fc51cebf386f5a926f958d1,context_scoped_reference,keep_each_assertion_reference_scoped;never_global_merge_by_generic_label,,"{""canonical_name"": ""解放军145师"", ""reason"": ""incomplete_military_designation"", ""required_context"": [""time"", ""place"", ""affiliation"", ""relation_neighborhood""]}",stkg-v2-unresolved-semantic-closure-1,2026-07-15T06:33:12
V2CONFLICT-ce8d9340a07f2a78a0705890,IENT-3bf770ce7f473eef0c4733b5,context_scoped_reference,keep_each_assertion_reference_scoped;never_global_merge_by_generic_label,,"{""canonical_name"": ""红2团"", ""reason"": ""incomplete_military_designation"", ""required_context"": [""time"", ""place"", ""affiliation"", ""relation_neighborhood""]}",stkg-v2-unresolved-semantic-closure-1,2026-07-15T06:33:12
V2CONFLICT-ce92c1bd9f3bd56a0671ec98,IENT-8decda76e234d669edec932d,context_scoped_reference,keep_each_assertion_reference_scoped;never_global_merge_by_generic_label,,"{""canonical_name"": ""新四军四师"", ""reason"": ""incomplete_military_designation"", ""required_context"": [""time"", ""place"", ""affiliation"", ""relation_neighborhood""]}",stkg-v2-unresolved-semantic-closure-1,2026-07-15T06:33:12
V2CONFLICT-cef7a8e846d8d379e38cf446,IENTREPAIR-d37d6ccd2a444285fe32b08d,context_scoped_reference,keep_each_assertion_reference_scoped;never_global_merge_by_generic_label,,"{""canonical_name"": ""554团"", ""reason"": ""incomplete_military_designation"", ""required_context"": [""time"", ""place"", ""affiliation"", ""relation_neighborhood""]}",stkg-v2-unresolved-semantic-closure-1,2026-07-15T06:33:12
V2CONFLICT-cf3a800878a10588e99152e4,IENT-82b2a9dff90feb49a7adba25,context_scoped_reference,keep_each_assertion_reference_scoped;never_global_merge_by_generic_label,,"{""canonical_name"": ""红6军"", ""reason"": ""incomplete_military_designation"", ""required_context"": [""time"", ""place"", ""affiliation"", ""relation_neighborhood""]}",stkg-v2-unresolved-semantic-closure-1,2026-07-15T06:33:12
V2CONFLICT-cf6131fe7628a4742924e34b,IENT-3e770796357c17cf6bc86011,context_scoped_reference,keep_each_assertion_reference_scoped;never_global_merge_by_generic_label,,"{""canonical_name"": ""新四军二营"", ""reason"": ""incomplete_military_designation"", ""required_context"": [""time"", ""place"", ""affiliation"", ""relation_neighborhood""]}",stkg-v2-unresolved-semantic-closure-1,2026-07-15T06:33:12
V2CONFLICT-cfc48144c6a437094ad51550,IENT-80775b603c8c09c34dfb65a5,context_scoped_reference,keep_each_assertion_reference_scoped;never_global_merge_by_generic_label,,"{""canonical_name"": ""一三九团"", ""reason"": ""incomplete_military_designation"", ""required_context"": [""time"", ""place"", ""affiliation"", ""relation_neighborhood""]}",stkg-v2-unresolved-semantic-closure-1,2026-07-15T06:33:12
V2CONFLICT-cfc697ca10e175664d4db09a,IENTREPAIR-c111ce6da98b855fd74177bf,context_scoped_reference,keep_each_assertion_reference_scoped;never_global_merge_by_generic_label,,"{""canonical_name"": ""150团"", ""reason"": ""incomplete_military_designation"", ""required_context"": [""time"", ""place"", ""affiliation"", ""relation_neighborhood""]}",stkg-v2-unresolved-semantic-closure-1,2026-07-15T06:33:12
V2CONFLICT-cfd1461531baab43c385d02b,IENT-d70b81b9a4da5ee9baa9c114,context_scoped_reference,keep_each_assertion_reference_scoped;never_global_merge_by_generic_label,,"{""canonical_name"": ""二八团"", ""reason"": ""incomplete_military_designation"", ""required_context"": [""time"", ""place"", ""affiliation"", ""relation_neighborhood""]}",stkg-v2-unresolved-semantic-closure-1,2026-07-15T06:33:12
V2CONFLICT-cfe6656caeded45dd7883ada,IENTREPAIR-2e6332dfda5de813ed8d4aea,context_scoped_reference,keep_each_assertion_reference_scoped;never_global_merge_by_generic_label,,"{""canonical_name"": ""8旅"", ""reason"": ""incomplete_military_designation"", ""required_context"": [""time"", ""place"", ""affiliation"", ""relation_neighborhood""]}",stkg-v2-unresolved-semantic-closure-1,2026-07-15T06:33:12
V2CONFLICT-d020cfda6abe1a67e0d92575,IENT-fdddd39262a521cdae9850e8,context_scoped_reference,keep_each_assertion_reference_scoped;never_global_merge_by_generic_label,,"{""canonical_name"": ""三十三支队"", ""reason"": ""incomplete_military_designation"", ""required_context"": [""time"", ""place"", ""affiliation"", ""relation_neighborhood""]}",stkg-v2-unresolved-semantic-closure-1,2026-07-15T06:33:12
V2CONFLICT-d033dd4afc5d0dd2be6aa56a,IENTREPAIR-b922637962da58ffc38edfb2,context_scoped_reference,keep_each_assertion_reference_scoped;never_global_merge_by_generic_label,,"{""canonical_name"": ""红三团"", ""reason"": ""incomplete_military_designation"", ""required_context"": [""time"", ""place"", ""affiliation"", ""relation_neighborhood""]}",stkg-v2-unresolved-semantic-closure-1,2026-07-15T06:33:12
V2CONFLICT-d060ad829b9641b1598063ad,IENT-87db74c29e6b9e85f3212ab1,context_scoped_reference,keep_each_assertion_reference_scoped;never_global_merge_by_generic_label,,"{""canonical_name"": ""解放军一三八团"", ""reason"": ""incomplete_military_designation"", ""required_context"": [""time"", ""place"", ""affiliation"", ""relation_neighborhood""]}",stkg-v2-unresolved-semantic-closure-1,2026-07-15T06:33:12
V2CONFLICT-d09d89686bbdd214bac90741,IENT-54a45cd0919c5cabd66b46e8,context_scoped_reference,keep_each_assertion_reference_scoped;never_global_merge_by_generic_label,,"{""canonical_name"": ""一四〇团"", ""reason"": ""incomplete_military_designation"", ""required_context"": [""time"", ""place"", ""affiliation"", ""relation_neighborhood""]}",stkg-v2-unresolved-semantic-closure-1,2026-07-15T06:33:12
V2CONFLICT-d12db5e64ae9ab82e65bdc60,IENT-ad1d890705be7eb093eb7fc7,context_scoped_reference,keep_each_assertion_reference_scoped;never_global_merge_by_generic_label,,"{""canonical_name"": ""红八十二师"", ""reason"": ""incomplete_military_designation"", ""required_context"": [""time"", ""place"", ""affiliation"", ""relation_neighborhood""]}",stkg-v2-unresolved-semantic-closure-1,2026-07-15T06:33:12
V2CONFLICT-d2089f3e2a7611a8fc8e09f0,IENT-fba0641dba55a8b282681174,context_scoped_reference,keep_each_assertion_reference_scoped;never_global_merge_by_generic_label,,"{""canonical_name"": ""二十军"", ""reason"": ""incomplete_military_designation"", ""required_context"": [""time"", ""place"", ""affiliation"", ""relation_neighborhood""]}",stkg-v2-unresolved-semantic-closure-1,2026-07-15T06:33:12
V2CONFLICT-d2d1d2b501587019abfa7b82,IENT-0b5c5cedcfed404256cc3bf9,context_scoped_reference,keep_each_assertion_reference_scoped;never_global_merge_by_generic_label,,"{""canonical_name"": ""一四一团"", ""reason"": ""incomplete_military_designation"", ""required_context"": [""time"", ""place"", ""affiliation"", ""relation_neighborhood""]}",stkg-v2-unresolved-semantic-closure-1,2026-07-15T06:33:12
V2CONFLICT-d373a79423bc7ac4ae21b603,IENT-2d6fdbe4a73505a6daca7c51,context_scoped_reference,keep_each_assertion_reference_scoped;never_global_merge_by_generic_label,,"{""canonical_name"": ""红一军"", ""reason"": ""incomplete_military_designation"", ""required_context"": [""time"", ""place"", ""affiliation"", ""relation_neighborhood""]}",stkg-v2-unresolved-semantic-closure-1,2026-07-15T06:33:12
V2CONFLICT-d37930c8b25e27b864af1cf4,IENT-9bc347a0bf04fd0ebe4d76fd,context_scoped_reference,keep_each_assertion_reference_scoped;never_global_merge_by_generic_label,,"{""canonical_name"": ""工委"", ""reason"": ""generic_label"", ""required_context"": [""time"", ""place"", ""affiliation"", ""relation_neighborhood""]}",stkg-v2-unresolved-semantic-closure-1,2026-07-15T06:33:12
V2CONFLICT-d42ec8ba0114aa29f05ed2af,IENT-183238d1d94ee80cd9d326e8,context_scoped_reference,keep_each_assertion_reference_scoped;never_global_merge_by_generic_label,,"{""canonical_name"": ""一八四师"", ""reason"": ""incomplete_military_designation"", ""required_context"": [""time"", ""place"", ""affiliation"", ""relation_neighborhood""]}",stkg-v2-unresolved-semantic-closure-1,2026-07-15T06:33:12
V2CONFLICT-d45af002a09fee323aef492a,IENT-f7485af8f2c8ae61a9f8706a,context_scoped_reference,keep_each_assertion_reference_scoped;never_global_merge_by_generic_label,,"{""canonical_name"": ""人民解放军一三五团"", ""reason"": ""incomplete_military_designation"", ""required_context"": [""time"", ""place"", ""affiliation"", ""relation_neighborhood""]}",stkg-v2-unresolved-semantic-closure-1,2026-07-15T06:33:12
V2CONFLICT-d535cb0fd2f79346d784318f,IENT-a8c4f56df966ecb75f42ac69,context_scoped_reference,keep_each_assertion_reference_scoped;never_global_merge_by_generic_label,,"{""canonical_name"": ""一八六师"", ""reason"": ""incomplete_military_designation"", ""required_context"": [""time"", ""place"", ""affiliation"", ""relation_neighborhood""]}",stkg-v2-unresolved-semantic-closure-1,2026-07-15T06:33:12
V2CONFLICT-d599a2b4cc2899dab4dc8e34,IENT-c20a54f768428bb38a4c922c,context_scoped_reference,keep_each_assertion_reference_scoped;never_global_merge_by_generic_label,,"{""canonical_name"": ""141团"", ""reason"": ""incomplete_military_designation"", ""required_context"": [""time"", ""place"", ""affiliation"", ""relation_neighborhood""]}",stkg-v2-unresolved-semantic-closure-1,2026-07-15T06:33:12
V2CONFLICT-d5bb523f2b19564f53883f2c,IENT-ef1788d1102fdfe85ad2f20c,context_scoped_reference,keep_each_assertion_reference_scoped;never_global_merge_by_generic_label,,"{""canonical_name"": ""13团"", ""reason"": ""incomplete_military_designation"", ""required_context"": [""time"", ""place"", ""affiliation"", ""relation_neighborhood""]}",stkg-v2-unresolved-semantic-closure-1,2026-07-15T06:33:12
V2CONFLICT-d6370c6a8ad9a5fd1bf08129,IENT-77d62f6b2fdb52594ae231da,context_scoped_reference,keep_each_assertion_reference_scoped;never_global_merge_by_generic_label,,"{""canonical_name"": ""九军"", ""reason"": ""incomplete_military_designation"", ""required_context"": [""time"", ""place"", ""affiliation"", ""relation_neighborhood""]}",stkg-v2-unresolved-semantic-closure-1,2026-07-15T06:33:12
V2CONFLICT-d6f0b4f6ff4db6ec62896bc9,IENT-ff0f54eedd15c87184881beb,context_scoped_reference,keep_each_assertion_reference_scoped;never_global_merge_by_generic_label,,"{""canonical_name"": ""二十一军"", ""reason"": ""incomplete_military_designation"", ""required_context"": [""time"", ""place"", ""affiliation"", ""relation_neighborhood""]}",stkg-v2-unresolved-semantic-closure-1,2026-07-15T06:33:12
V2CONFLICT-d76873e0a75905c605643de1,IENTREPAIR-d2f1578388d5d13c10148aa8,context_scoped_reference,keep_each_assertion_reference_scoped;never_global_merge_by_generic_label,,"{""canonical_name"": ""解放军四十五师"", ""reason"": ""incomplete_military_designation"", ""required_context"": [""time"", ""place"", ""affiliation"", ""relation_neighborhood""]}",stkg-v2-unresolved-semantic-closure-1,2026-07-15T06:33:12
V2CONFLICT-d7eefc979668ef6e60752489,IENT-1dd0bf03e152090d30c43616,context_scoped_reference,keep_each_assertion_reference_scoped;never_global_merge_by_generic_label,,"{""canonical_name"": ""426团"", ""reason"": ""incomplete_military_designation"", ""required_context"": [""time"", ""place"", ""affiliation"", ""relation_neighborhood""]}",stkg-v2-unresolved-semantic-closure-1,2026-07-15T06:33:12
V2CONFLICT-d819a45db1a661d3cb29e3f5,IENT-aa61bcc11145ba97b9fff8f9,context_scoped_reference,keep_each_assertion_reference_scoped;never_global_merge_by_generic_label,,"{""canonical_name"": ""五一四团"", ""reason"": ""incomplete_military_designation"", ""required_context"": [""time"", ""place"", ""affiliation"", ""relation_neighborhood""]}",stkg-v2-unresolved-semantic-closure-1,2026-07-15T06:33:12
V2CONFLICT-d824557e918f138f2e654189,IENT-e3b9a662c8c1a2605545b77e,context_scoped_reference,keep_each_assertion_reference_scoped;never_global_merge_by_generic_label,,"{""canonical_name"": ""一三六团"", ""reason"": ""incomplete_military_designation"", ""required_context"": [""time"", ""place"", ""affiliation"", ""relation_neighborhood""]}",stkg-v2-unresolved-semantic-closure-1,2026-07-15T06:33:12
V2CONFLICT-d95968334092255d1d8342a8,IENT-f954d7079a06e7bf2279948e,context_scoped_reference,keep_each_assertion_reference_scoped;never_global_merge_by_generic_label,,"{""canonical_name"": ""红16军"", ""reason"": ""incomplete_military_designation"", ""required_context"": [""time"", ""place"", ""affiliation"", ""relation_neighborhood""]}",stkg-v2-unresolved-semantic-closure-1,2026-07-15T06:33:12
V2CONFLICT-d9e4aa6d99d8d1e7f85cbb2f,IENT-995ff37807b11c71b0a6ceb9,context_scoped_reference,keep_each_assertion_reference_scoped;never_global_merge_by_generic_label,,"{""canonical_name"": ""两军"", ""reason"": ""incomplete_military_designation"", ""required_context"": [""time"", ""place"", ""affiliation"", ""relation_neighborhood""]}",stkg-v2-unresolved-semantic-closure-1,2026-07-15T06:33:12
V2CONFLICT-da8e90b6ef6dd2c44cdba2aa,IENTREPAIR-556cdec5fc1e18fa4a244bf8,context_scoped_reference,keep_each_assertion_reference_scoped;never_global_merge_by_generic_label,,"{""canonical_name"": ""红21师"", ""reason"": ""incomplete_military_designation"", ""required_context"": [""time"", ""place"", ""affiliation"", ""relation_neighborhood""]}",stkg-v2-unresolved-semantic-closure-1,2026-07-15T06:33:12
V2CONFLICT-daff9bd2e51a62f5a4897c14,IENT-54626ab071173c4d7320616d,context_scoped_reference,keep_each_assertion_reference_scoped;never_global_merge_by_generic_label,,"{""canonical_name"": ""五十七团"", ""reason"": ""incomplete_military_designation"", ""required_context"": [""time"", ""place"", ""affiliation"", ""relation_neighborhood""]}",stkg-v2-unresolved-semantic-closure-1,2026-07-15T06:33:12
V2CONFLICT-db9c66506896eca831b85797,IENT-c0a9d4f15dfe47900123cf7a,context_scoped_reference,keep_each_assertion_reference_scoped;never_global_merge_by_generic_label,,"{""canonical_name"": ""一四〇师"", ""reason"": ""incomplete_military_designation"", ""required_context"": [""time"", ""place"", ""affiliation"", ""relation_neighborhood""]}",stkg-v2-unresolved-semantic-closure-1,2026-07-15T06:33:12
V2CONFLICT-dbebd01fac5b087393764a97,IENT-5366e364346cf1dae928754d,context_scoped_reference,keep_each_assertion_reference_scoped;never_global_merge_by_generic_label,,"{""canonical_name"": ""红12军"", ""reason"": ""incomplete_military_designation"", ""required_context"": [""time"", ""place"", ""affiliation"", ""relation_neighborhood""]}",stkg-v2-unresolved-semantic-closure-1,2026-07-15T06:33:12
V2CONFLICT-dce1af5601ee7699ab8f25ae,IENTREPAIR-b3f4e1eed306ca1591adf94e,context_scoped_reference,keep_each_assertion_reference_scoped;never_global_merge_by_generic_label,,"{""canonical_name"": ""150团"", ""reason"": ""incomplete_military_designation"", ""required_context"": [""time"", ""place"", ""affiliation"", ""relation_neighborhood""]}",stkg-v2-unresolved-semantic-closure-1,2026-07-15T06:33:12
V2CONFLICT-dcff1a5c329a555888cdeae2,IENT-595da3f3b7b2b52419567d6a,context_scoped_reference,keep_each_assertion_reference_scoped;never_global_merge_by_generic_label,,"{""canonical_name"": ""十八旅"", ""reason"": ""incomplete_military_designation"", ""required_context"": [""time"", ""place"", ""affiliation"", ""relation_neighborhood""]}",stkg-v2-unresolved-semantic-closure-1,2026-07-15T06:33:12
V2CONFLICT-dd3299fe443718b87d377044,IENT-18616d0523f6a3c7a7f2bf99,context_scoped_reference,keep_each_assertion_reference_scoped;never_global_merge_by_generic_label,,"{""canonical_name"": ""红三十军"", ""reason"": ""incomplete_military_designation"", ""required_context"": [""time"", ""place"", ""affiliation"", ""relation_neighborhood""]}",stkg-v2-unresolved-semantic-closure-1,2026-07-15T06:33:12
V2CONFLICT-ddde7a66eab1332c9df7311f,IENTREPAIR-ba40d12794eeabe4dacff3a5,context_scoped_reference,keep_each_assertion_reference_scoped;never_global_merge_by_generic_label,,"{""canonical_name"": ""解放军四十七师"", ""reason"": ""incomplete_military_designation"", ""required_context"": [""time"", ""place"", ""affiliation"", ""relation_neighborhood""]}",stkg-v2-unresolved-semantic-closure-1,2026-07-15T06:33:12
V2CONFLICT-dde43738fab46de309a3a04e,ITOPIC-ff8f6d7bb9a191a66cd4604b,context_scoped_reference,keep_each_assertion_reference_scoped;never_global_merge_by_generic_label,,"{""canonical_name"": ""省委"", ""reason"": ""generic_label"", ""required_context"": [""time"", ""place"", ""affiliation"", ""relation_neighborhood""]}",stkg-v2-unresolved-semantic-closure-1,2026-07-15T06:33:12
V2CONFLICT-de1cf31b4f0a748241563786,IENT-b750ce9904b31f3255979e6f,context_scoped_reference,keep_each_assertion_reference_scoped;never_global_merge_by_generic_label,,"{""canonical_name"": ""三十一团"", ""reason"": ""incomplete_military_designation"", ""required_context"": [""time"", ""place"", ""affiliation"", ""relation_neighborhood""]}",stkg-v2-unresolved-semantic-closure-1,2026-07-15T06:33:12
V2CONFLICT-de269fcc5ac7f9a89d8ec3e6,IENT-ce0cf682429e3c437befe77f,context_scoped_reference,keep_each_assertion_reference_scoped;never_global_merge_by_generic_label,,"{""canonical_name"": ""新四军二旅"", ""reason"": ""incomplete_military_designation"", ""required_context"": [""time"", ""place"", ""affiliation"", ""relation_neighborhood""]}",stkg-v2-unresolved-semantic-closure-1,2026-07-15T06:33:12
V2CONFLICT-dff6c8918b9214b25a522d34,IENTREPAIR-7d1ffbd79cb5d70e9a6af26c,context_scoped_reference,keep_each_assertion_reference_scoped;never_global_merge_by_generic_label,,"{""canonical_name"": ""四零七团"", ""reason"": ""incomplete_military_designation"", ""required_context"": [""time"", ""place"", ""affiliation"", ""relation_neighborhood""]}",stkg-v2-unresolved-semantic-closure-1,2026-07-15T06:33:12
V2CONFLICT-e0c25a4bed8196b6ad9ef36e,IENT-f9d368ecc297fc70a4cd7fb5,context_scoped_reference,keep_each_assertion_reference_scoped;never_global_merge_by_generic_label,,"{""canonical_name"": ""三二八师"", ""reason"": ""incomplete_military_designation"", ""required_context"": [""time"", ""place"", ""affiliation"", ""relation_neighborhood""]}",stkg-v2-unresolved-semantic-closure-1,2026-07-15T06:33:12
V2CONFLICT-e0d7fff4b8dd89ff0e013fb6,IENT-620552065d9bf9a5d8ba1827,context_scoped_reference,keep_each_assertion_reference_scoped;never_global_merge_by_generic_label,,"{""canonical_name"": ""红十一军"", ""reason"": ""incomplete_military_designation"", ""required_context"": [""time"", ""place"", ""affiliation"", ""relation_neighborhood""]}",stkg-v2-unresolved-semantic-closure-1,2026-07-15T06:33:12
V2CONFLICT-e0fc8195cae0d6773e8912bf,IENT-88a58d00a5314a4541a5b65a,context_scoped_reference,keep_each_assertion_reference_scoped;never_global_merge_by_generic_label,,"{""canonical_name"": ""红三十一军"", ""reason"": ""incomplete_military_designation"", ""required_context"": [""time"", ""place"", ""affiliation"", ""relation_neighborhood""]}",stkg-v2-unresolved-semantic-closure-1,2026-07-15T06:33:12
V2CONFLICT-e1d66c8639110746e2b7634f,IENT-e83b7c761ac045f15eee88fb,context_scoped_reference,keep_each_assertion_reference_scoped;never_global_merge_by_generic_label,,"{""canonical_name"": ""二大队"", ""reason"": ""incomplete_military_designation"", ""required_context"": [""time"", ""place"", ""affiliation"", ""relation_neighborhood""]}",stkg-v2-unresolved-semantic-closure-1,2026-07-15T06:33:12
V2CONFLICT-e2342806685a33d2908478fc,IENT-90cc9f1ba49173be9359f49c,context_scoped_reference,keep_each_assertion_reference_scoped;never_global_merge_by_generic_label,,"{""canonical_name"": ""五十四师"", ""reason"": ""incomplete_military_designation"", ""required_context"": [""time"", ""place"", ""affiliation"", ""relation_neighborhood""]}",stkg-v2-unresolved-semantic-closure-1,2026-07-15T06:33:12
V2CONFLICT-e24b30e3ff42b0c63f607e1f,ITOPIC-3ce922ae898f55e9805a1125,context_scoped_reference,keep_each_assertion_reference_scoped;never_global_merge_by_generic_label,,"{""canonical_name"": ""六大队"", ""reason"": ""incomplete_military_designation"", ""required_context"": [""time"", ""place"", ""affiliation"", ""relation_neighborhood""]}",stkg-v2-unresolved-semantic-closure-1,2026-07-15T06:33:12
V2CONFLICT-e252d61e2df51232231c173a,IENT-1fe81c8b271e3e34f85a0d91,context_scoped_reference,keep_each_assertion_reference_scoped;never_global_merge_by_generic_label,,"{""canonical_name"": ""6连"", ""reason"": ""incomplete_military_designation"", ""required_context"": [""time"", ""place"", ""affiliation"", ""relation_neighborhood""]}",stkg-v2-unresolved-semantic-closure-1,2026-07-15T06:33:12
V2CONFLICT-e27748e51388a11b85abdb35,IENT-d089cc3247c41d40f6060b0f,context_scoped_reference,keep_each_assertion_reference_scoped;never_global_merge_by_generic_label,,"{""canonical_name"": ""红五十九团"", ""reason"": ""incomplete_military_designation"", ""required_context"": [""time"", ""place"", ""affiliation"", ""relation_neighborhood""]}",stkg-v2-unresolved-semantic-closure-1,2026-07-15T06:33:12
V2CONFLICT-e371dca9058e59f2a9a0c3c9,IENT-5bbc8891e7dde73736f4e103,context_scoped_reference,keep_each_assertion_reference_scoped;never_global_merge_by_generic_label,,"{""canonical_name"": ""十六军"", ""reason"": ""incomplete_military_designation"", ""required_context"": [""time"", ""place"", ""affiliation"", ""relation_neighborhood""]}",stkg-v2-unresolved-semantic-closure-1,2026-07-15T06:33:12
V2CONFLICT-e3ac0c5cb19b4fa0ceef7192,IENT-a61a8b885c31ccaabfadb92a,context_scoped_reference,keep_each_assertion_reference_scoped;never_global_merge_by_generic_label,,"{""canonical_name"": ""一八二团"", ""reason"": ""incomplete_military_designation"", ""required_context"": [""time"", ""place"", ""affiliation"", ""relation_neighborhood""]}",stkg-v2-unresolved-semantic-closure-1,2026-07-15T06:33:12
V2CONFLICT-e3b1f5a8e34d37b234c88298,IENT-9c2e009b08903f29fc4facab,context_scoped_reference,keep_each_assertion_reference_scoped;never_global_merge_by_generic_label,,"{""canonical_name"": ""二七四团"", ""reason"": ""incomplete_military_designation"", ""required_context"": [""time"", ""place"", ""affiliation"", ""relation_neighborhood""]}",stkg-v2-unresolved-semantic-closure-1,2026-07-15T06:33:12
V2CONFLICT-e3db83a7726e886405e9c867,IENT-18ab0675bc08386dcf955213,context_scoped_reference,keep_each_assertion_reference_scoped;never_global_merge_by_generic_label,,"{""canonical_name"": ""红33师"", ""reason"": ""incomplete_military_designation"", ""required_context"": [""time"", ""place"", ""affiliation"", ""relation_neighborhood""]}",stkg-v2-unresolved-semantic-closure-1,2026-07-15T06:33:12
V2CONFLICT-e3e998af4b5ebd4e31f749e9,IENT-fbdd4b462cda8a57c5d1f861,context_scoped_reference,keep_each_assertion_reference_scoped;never_global_merge_by_generic_label,,"{""canonical_name"": ""一五三团"", ""reason"": ""incomplete_military_designation"", ""required_context"": [""time"", ""place"", ""affiliation"", ""relation_neighborhood""]}",stkg-v2-unresolved-semantic-closure-1,2026-07-15T06:33:12
V2CONFLICT-e3ec7103cc36fa3bc8718179,IENT-e43e3c863750661682d122a0,context_scoped_reference,keep_each_assertion_reference_scoped;never_global_merge_by_generic_label,,"{""canonical_name"": ""五十二团"", ""reason"": ""incomplete_military_designation"", ""required_context"": [""time"", ""place"", ""affiliation"", ""relation_neighborhood""]}",stkg-v2-unresolved-semantic-closure-1,2026-07-15T06:33:12
V2CONFLICT-e3f72e652a62948739f0eb65,IENT-0bfc5f853b77bf199b30d226,context_scoped_reference,keep_each_assertion_reference_scoped;never_global_merge_by_generic_label,,"{""canonical_name"": ""红38军"", ""reason"": ""incomplete_military_designation"", ""required_context"": [""time"", ""place"", ""affiliation"", ""relation_neighborhood""]}",stkg-v2-unresolved-semantic-closure-1,2026-07-15T06:33:12
V2CONFLICT-e4194393421bbd43192a1789,IENT-80e16baa660fca7f8a023bb6,context_scoped_reference,keep_each_assertion_reference_scoped;never_global_merge_by_generic_label,,"{""canonical_name"": ""四十六旅"", ""reason"": ""incomplete_military_designation"", ""required_context"": [""time"", ""place"", ""affiliation"", ""relation_neighborhood""]}",stkg-v2-unresolved-semantic-closure-1,2026-07-15T06:33:12
V2CONFLICT-e4326d2f5e3064fcb8e22df1,ITOPIC-9acb310f82a7f0b195de083a,context_scoped_reference,keep_each_assertion_reference_scoped;never_global_merge_by_generic_label,,"{""canonical_name"": ""一五二团"", ""reason"": ""incomplete_military_designation"", ""required_context"": [""time"", ""place"", ""affiliation"", ""relation_neighborhood""]}",stkg-v2-unresolved-semantic-closure-1,2026-07-15T06:33:12
V2CONFLICT-e48cfba8c9166cf919fa12ae,IENTREPAIR-526d9ab03976ea53da6fba1a,context_scoped_reference,keep_each_assertion_reference_scoped;never_global_merge_by_generic_label,,"{""canonical_name"": ""七旅"", ""reason"": ""incomplete_military_designation"", ""required_context"": [""time"", ""place"", ""affiliation"", ""relation_neighborhood""]}",stkg-v2-unresolved-semantic-closure-1,2026-07-15T06:33:12
V2CONFLICT-e4b64a6f736a6bdcbfa31166,IENT-c8b9a6e6687182e49c134c9a,context_scoped_reference,keep_each_assertion_reference_scoped;never_global_merge_by_generic_label,,"{""canonical_name"": ""红二十二军"", ""reason"": ""incomplete_military_designation"", ""required_context"": [""time"", ""place"", ""affiliation"", ""relation_neighborhood""]}",stkg-v2-unresolved-semantic-closure-1,2026-07-15T06:33:12
V2CONFLICT-e529241a07c783dd3f979deb,IENT-c56d1cda891f5d158467977f,context_scoped_reference,keep_each_assertion_reference_scoped;never_global_merge_by_generic_label,,"{""canonical_name"": ""二七八团"", ""reason"": ""incomplete_military_designation"", ""required_context"": [""time"", ""place"", ""affiliation"", ""relation_neighborhood""]}",stkg-v2-unresolved-semantic-closure-1,2026-07-15T06:33:12
V2CONFLICT-e57dec8e1c221689504e7cf3,IENTREPAIR-ca8cdbc5085b688688e8ad8b,context_scoped_reference,keep_each_assertion_reference_scoped;never_global_merge_by_generic_label,,"{""canonical_name"": ""八团"", ""reason"": ""incomplete_military_designation"", ""required_context"": [""time"", ""place"", ""affiliation"", ""relation_neighborhood""]}",stkg-v2-unresolved-semantic-closure-1,2026-07-15T06:33:12
V2CONFLICT-e5c904fb1cbebf70e7417941,IENT-1aab13f5f40cdcc8057b90fb,context_scoped_reference,keep_each_assertion_reference_scoped;never_global_merge_by_generic_label,,"{""canonical_name"": ""八师"", ""reason"": ""incomplete_military_designation"", ""required_context"": [""time"", ""place"", ""affiliation"", ""relation_neighborhood""]}",stkg-v2-unresolved-semantic-closure-1,2026-07-15T06:33:12
V2CONFLICT-e6529beee9392b666ba1b8d4,IENT-7f7885a17f10752dc6401171,context_scoped_reference,keep_each_assertion_reference_scoped;never_global_merge_by_generic_label,,"{""canonical_name"": ""新四军五师"", ""reason"": ""incomplete_military_designation"", ""required_context"": [""time"", ""place"", ""affiliation"", ""relation_neighborhood""]}",stkg-v2-unresolved-semantic-closure-1,2026-07-15T06:33:12
V2CONFLICT-e6f139a0b0a478ed35feefd1,IENT-65836cfe0206ca4021783b40,context_scoped_reference,keep_each_assertion_reference_scoped;never_global_merge_by_generic_label,,"{""canonical_name"": ""七旅"", ""reason"": ""incomplete_military_designation"", ""required_context"": [""time"", ""place"", ""affiliation"", ""relation_neighborhood""]}",stkg-v2-unresolved-semantic-closure-1,2026-07-15T06:33:12
V2CONFLICT-e772fff63cc8407d066dea3c,IENT-d91c73242a3d1fed0ac6ce57,context_scoped_reference,keep_each_assertion_reference_scoped;never_global_merge_by_generic_label,,"{""canonical_name"": ""六军"", ""reason"": ""incomplete_military_designation"", ""required_context"": [""time"", ""place"", ""affiliation"", ""relation_neighborhood""]}",stkg-v2-unresolved-semantic-closure-1,2026-07-15T06:33:12
V2CONFLICT-e7ae93785e93392a889a1fc0,IENT-315e52fd8170dc7baf80a9aa,context_scoped_reference,keep_each_assertion_reference_scoped;never_global_merge_by_generic_label,,"{""canonical_name"": ""解放军四十五师"", ""reason"": ""incomplete_military_designation"", ""required_context"": [""time"", ""place"", ""affiliation"", ""relation_neighborhood""]}",stkg-v2-unresolved-semantic-closure-1,2026-07-15T06:33:12
V2CONFLICT-e87ac7a743f690841abba95a,IENTREPAIR-b2123d0d165c352d1e905ba6,context_scoped_reference,keep_each_assertion_reference_scoped;never_global_merge_by_generic_label,,"{""canonical_name"": ""八旅"", ""reason"": ""incomplete_military_designation"", ""required_context"": [""time"", ""place"", ""affiliation"", ""relation_neighborhood""]}",stkg-v2-unresolved-semantic-closure-1,2026-07-15T06:33:12
V2CONFLICT-e8be061a91252885d17d414f,IENT-a15c143dc97d6d42de3639a2,context_scoped_reference,keep_each_assertion_reference_scoped;never_global_merge_by_generic_label,,"{""canonical_name"": ""三十一军"", ""reason"": ""incomplete_military_designation"", ""required_context"": [""time"", ""place"", ""affiliation"", ""relation_neighborhood""]}",stkg-v2-unresolved-semantic-closure-1,2026-07-15T06:33:12
V2CONFLICT-e8d9f707fdea4a0a9520210c,IENT-bd46015200168710dc5892f1,context_scoped_reference,keep_each_assertion_reference_scoped;never_global_merge_by_generic_label,,"{""canonical_name"": ""八支队"", ""reason"": ""incomplete_military_designation"", ""required_context"": [""time"", ""place"", ""affiliation"", ""relation_neighborhood""]}",stkg-v2-unresolved-semantic-closure-1,2026-07-15T06:33:12
V2CONFLICT-e8fd1e4c90caea4f324a1273,IENT-d2dbe30ac77b9b2e19ad1eb3,context_scoped_reference,keep_each_assertion_reference_scoped;never_global_merge_by_generic_label,,"{""canonical_name"": ""一三五团"", ""reason"": ""incomplete_military_designation"", ""required_context"": [""time"", ""place"", ""affiliation"", ""relation_neighborhood""]}",stkg-v2-unresolved-semantic-closure-1,2026-07-15T06:33:12
V2CONFLICT-e90a33b5fda8aa1aaf4b7a0d,IENT-fe75b11d38c6e31664b775e5,context_scoped_reference,keep_each_assertion_reference_scoped;never_global_merge_by_generic_label,,"{""canonical_name"": ""七军"", ""reason"": ""incomplete_military_designation"", ""required_context"": [""time"", ""place"", ""affiliation"", ""relation_neighborhood""]}",stkg-v2-unresolved-semantic-closure-1,2026-07-15T06:33:12
V2CONFLICT-e91e4d57f8aa55462d87a8f6,IENT-36b4888696995f61cd62a332,context_scoped_reference,keep_each_assertion_reference_scoped;never_global_merge_by_generic_label,,"{""canonical_name"": ""四纵队"", ""reason"": ""incomplete_military_designation"", ""required_context"": [""time"", ""place"", ""affiliation"", ""relation_neighborhood""]}",stkg-v2-unresolved-semantic-closure-1,2026-07-15T06:33:12
V2CONFLICT-e929297033d7b563c7827439,IENT-b86c34fe1962a6258ff531aa,context_scoped_reference,keep_each_assertion_reference_scoped;never_global_merge_by_generic_label,,"{""canonical_name"": ""解放军五连"", ""reason"": ""incomplete_military_designation"", ""required_context"": [""time"", ""place"", ""affiliation"", ""relation_neighborhood""]}",stkg-v2-unresolved-semantic-closure-1,2026-07-15T06:33:12
V2CONFLICT-e969d00b2984ed54dd550494,IENTREPAIR-3dbe87e0d0dbae22b3a76506,context_scoped_reference,keep_each_assertion_reference_scoped;never_global_merge_by_generic_label,,"{""canonical_name"": ""九五团"", ""reason"": ""incomplete_military_designation"", ""required_context"": [""time"", ""place"", ""affiliation"", ""relation_neighborhood""]}",stkg-v2-unresolved-semantic-closure-1,2026-07-15T06:33:12
V2CONFLICT-e98b867f5326c6e1a983bec8,IENTREPAIR-82fe4e6b8a1b2bef051752fe,context_scoped_reference,keep_each_assertion_reference_scoped;never_global_merge_by_generic_label,,"{""canonical_name"": ""红18师"", ""reason"": ""incomplete_military_designation"", ""required_context"": [""time"", ""place"", ""affiliation"", ""relation_neighborhood""]}",stkg-v2-unresolved-semantic-closure-1,2026-07-15T06:33:12
V2CONFLICT-e9e3add1af009c683f3943e1,IENT-f8c6c24456d4838cff69c1e4,context_scoped_reference,keep_each_assertion_reference_scoped;never_global_merge_by_generic_label,,"{""canonical_name"": ""十军"", ""reason"": ""incomplete_military_designation"", ""required_context"": [""time"", ""place"", ""affiliation"", ""relation_neighborhood""]}",stkg-v2-unresolved-semantic-closure-1,2026-07-15T06:33:12
V2CONFLICT-ea81187d3067f859dd17a4a5,IENT-ca0f485295407bbf76403d80,context_scoped_reference,keep_each_assertion_reference_scoped;never_global_merge_by_generic_label,,"{""canonical_name"": ""新四军五支队"", ""reason"": ""incomplete_military_designation"", ""required_context"": [""time"", ""place"", ""affiliation"", ""relation_neighborhood""]}",stkg-v2-unresolved-semantic-closure-1,2026-07-15T06:33:12
V2CONFLICT-ea82fcd0d5a4a2e7fcbc86df,IENT-fa897777c3f9f20c48f8d743,context_scoped_reference,keep_each_assertion_reference_scoped;never_global_merge_by_generic_label,,"{""canonical_name"": ""二二三团"", ""reason"": ""incomplete_military_designation"", ""required_context"": [""time"", ""place"", ""affiliation"", ""relation_neighborhood""]}",stkg-v2-unresolved-semantic-closure-1,2026-07-15T06:33:12
V2CONFLICT-eac5a12c9c09b69d15d92d84,IENT-b3bc6a98ca27e5719445c2b1,context_scoped_reference,keep_each_assertion_reference_scoped;never_global_merge_by_generic_label,,"{""canonical_name"": ""六十军"", ""reason"": ""incomplete_military_designation"", ""required_context"": [""time"", ""place"", ""affiliation"", ""relation_neighborhood""]}",stkg-v2-unresolved-semantic-closure-1,2026-07-15T06:33:12
V2CONFLICT-eb0f92048c0b6e4b6209bb0c,IENT-226bed0cabb564e9652e30ad,context_scoped_reference,keep_each_assertion_reference_scoped;never_global_merge_by_generic_label,,"{""canonical_name"": ""二十八师"", ""reason"": ""incomplete_military_designation"", ""required_context"": [""time"", ""place"", ""affiliation"", ""relation_neighborhood""]}",stkg-v2-unresolved-semantic-closure-1,2026-07-15T06:33:12
V2CONFLICT-ebeb7af61dd344942ef3b638,IENT-be37d3b977b242898a455b9b,context_scoped_reference,keep_each_assertion_reference_scoped;never_global_merge_by_generic_label,,"{""canonical_name"": ""红二十五八军"", ""reason"": ""incomplete_military_designation"", ""required_context"": [""time"", ""place"", ""affiliation"", ""relation_neighborhood""]}",stkg-v2-unresolved-semantic-closure-1,2026-07-15T06:33:12
V2CONFLICT-ec3c5e9818777ae98ca9bc0b,IENT-f2f5545f2ab76b0b8ea9cd70,context_scoped_reference,keep_each_assertion_reference_scoped;never_global_merge_by_generic_label,,"{""canonical_name"": ""解放军九五团"", ""reason"": ""incomplete_military_designation"", ""required_context"": [""time"", ""place"", ""affiliation"", ""relation_neighborhood""]}",stkg-v2-unresolved-semantic-closure-1,2026-07-15T06:33:12
V2CONFLICT-ee0f03b4988fa123dd810e0a,IENT-a4f4889b3ad5f0d59fa9c2c7,context_scoped_reference,keep_each_assertion_reference_scoped;never_global_merge_by_generic_label,,"{""canonical_name"": ""84师"", ""reason"": ""incomplete_military_designation"", ""required_context"": [""time"", ""place"", ""affiliation"", ""relation_neighborhood""]}",stkg-v2-unresolved-semantic-closure-1,2026-07-15T06:33:12
V2CONFLICT-ee30fef3e63fbe029ea3566e,IENT-9f7ac2d75bec1ede56bb4487,context_scoped_reference,keep_each_assertion_reference_scoped;never_global_merge_by_generic_label,,"{""canonical_name"": ""解放军四〇团"", ""reason"": ""incomplete_military_designation"", ""required_context"": [""time"", ""place"", ""affiliation"", ""relation_neighborhood""]}",stkg-v2-unresolved-semantic-closure-1,2026-07-15T06:33:12
V2CONFLICT-ee74a76a977a980e5bbce1b3,IENTREPAIR-d4a433ad26fdd23816854a50,context_scoped_reference,keep_each_assertion_reference_scoped;never_global_merge_by_generic_label,,"{""canonical_name"": ""解放军554团"", ""reason"": ""incomplete_military_designation"", ""required_context"": [""time"", ""place"", ""affiliation"", ""relation_neighborhood""]}",stkg-v2-unresolved-semantic-closure-1,2026-07-15T06:33:12
V2CONFLICT-eed88b195e3f5b3a89b77f06,IENTREPAIR-f0e7af03720d72957941664e,context_scoped_reference,keep_each_assertion_reference_scoped;never_global_merge_by_generic_label,,"{""canonical_name"": ""三十五团"", ""reason"": ""incomplete_military_designation"", ""required_context"": [""time"", ""place"", ""affiliation"", ""relation_neighborhood""]}",stkg-v2-unresolved-semantic-closure-1,2026-07-15T06:33:12
V2CONFLICT-ef846e52191ed9df2dd04678,IENT-c7092aaf4c19ad1ad29d928c,context_scoped_reference,keep_each_assertion_reference_scoped;never_global_merge_by_generic_label,,"{""canonical_name"": ""四十九军"", ""reason"": ""incomplete_military_designation"", ""required_context"": [""time"", ""place"", ""affiliation"", ""relation_neighborhood""]}",stkg-v2-unresolved-semantic-closure-1,2026-07-15T06:33:12
V2CONFLICT-efc14088077772f81ed53c71,IENT-8a8f8ffddec393462a79ae84,context_scoped_reference,keep_each_assertion_reference_scoped;never_global_merge_by_generic_label,,"{""canonical_name"": ""一三一团"", ""reason"": ""incomplete_military_designation"", ""required_context"": [""time"", ""place"", ""affiliation"", ""relation_neighborhood""]}",stkg-v2-unresolved-semantic-closure-1,2026-07-15T06:33:12
V2CONFLICT-eff1b368402f651b9c69029a,ITOPIC-c3e0b86b98f7aaea5ab1d0ac,context_scoped_reference,keep_each_assertion_reference_scoped;never_global_merge_by_generic_label,,"{""canonical_name"": ""二营"", ""reason"": ""incomplete_military_designation"", ""required_context"": [""time"", ""place"", ""affiliation"", ""relation_neighborhood""]}",stkg-v2-unresolved-semantic-closure-1,2026-07-15T06:33:12
V2CONFLICT-f01cc288def0489c58641abb,IENT-4557e866e181b1b82be8ac30,context_scoped_reference,keep_each_assertion_reference_scoped;never_global_merge_by_generic_label,,"{""canonical_name"": ""一三八团"", ""reason"": ""incomplete_military_designation"", ""required_context"": [""time"", ""place"", ""affiliation"", ""relation_neighborhood""]}",stkg-v2-unresolved-semantic-closure-1,2026-07-15T06:33:12
V2CONFLICT-f03992d8b6c3d33338b7f8be,IENT-717b5797a8a6fcbbc90b548d,context_scoped_reference,keep_each_assertion_reference_scoped;never_global_merge_by_generic_label,,"{""canonical_name"": ""基层党组织"", ""reason"": ""generic_label"", ""required_context"": [""time"", ""place"", ""affiliation"", ""relation_neighborhood""]}",stkg-v2-unresolved-semantic-closure-1,2026-07-15T06:33:12
V2CONFLICT-f0447f00733914a1f9a73686,IENT-5934220f7e3f7dd62945b010,context_scoped_reference,keep_each_assertion_reference_scoped;never_global_merge_by_generic_label,,"{""canonical_name"": ""人民解放军一五二团"", ""reason"": ""incomplete_military_designation"", ""required_context"": [""time"", ""place"", ""affiliation"", ""relation_neighborhood""]}",stkg-v2-unresolved-semantic-closure-1,2026-07-15T06:33:12
V2CONFLICT-f046fb433f2c5863aab44265,IENTREPAIR-ed1c83de8eee7f23807906a3,context_scoped_reference,keep_each_assertion_reference_scoped;never_global_merge_by_generic_label,,"{""canonical_name"": ""红十团"", ""reason"": ""incomplete_military_designation"", ""required_context"": [""time"", ""place"", ""affiliation"", ""relation_neighborhood""]}",stkg-v2-unresolved-semantic-closure-1,2026-07-15T06:33:12
V2CONFLICT-f0c3a6152bf39e0e6d4ad207,IENT-5d87f38f6955fb65ea624830,context_scoped_reference,keep_each_assertion_reference_scoped;never_global_merge_by_generic_label,,"{""canonical_name"": ""二十二十一师"", ""reason"": ""incomplete_military_designation"", ""required_context"": [""time"", ""place"", ""affiliation"", ""relation_neighborhood""]}",stkg-v2-unresolved-semantic-closure-1,2026-07-15T06:33:12
V2CONFLICT-f0e352c0856ba263325b973d,IENT-61204c47415cb8d8a3e4d321,context_scoped_reference,keep_each_assertion_reference_scoped;never_global_merge_by_generic_label,,"{""canonical_name"": ""13支队"", ""reason"": ""incomplete_military_designation"", ""required_context"": [""time"", ""place"", ""affiliation"", ""relation_neighborhood""]}",stkg-v2-unresolved-semantic-closure-1,2026-07-15T06:33:12
V2CONFLICT-f0f5a3b8470d6e04567597f9,IENT-2167cffdeb6657b4e0c0bd21,context_scoped_reference,keep_each_assertion_reference_scoped;never_global_merge_by_generic_label,,"{""canonical_name"": ""红十三团"", ""reason"": ""incomplete_military_designation"", ""required_context"": [""time"", ""place"", ""affiliation"", ""relation_neighborhood""]}",stkg-v2-unresolved-semantic-closure-1,2026-07-15T06:33:12
V2CONFLICT-f168fca9b4203b6fe181d6f9,IENT-a49fc57ed794889d4d52c739,context_scoped_reference,keep_each_assertion_reference_scoped;never_global_merge_by_generic_label,,"{""canonical_name"": ""人民解放军一八四师"", ""reason"": ""incomplete_military_designation"", ""required_context"": [""time"", ""place"", ""affiliation"", ""relation_neighborhood""]}",stkg-v2-unresolved-semantic-closure-1,2026-07-15T06:33:12
V2CONFLICT-f17b002519a68f3f130b8f50,IENT-ec139714f8443409c06e4093,context_scoped_reference,keep_each_assertion_reference_scoped;never_global_merge_by_generic_label,,"{""canonical_name"": ""十一旅"", ""reason"": ""incomplete_military_designation"", ""required_context"": [""time"", ""place"", ""affiliation"", ""relation_neighborhood""]}",stkg-v2-unresolved-semantic-closure-1,2026-07-15T06:33:12
V2CONFLICT-f2025d47d08bb97b2a479747,IENT-c3d9e1148388e83b733be9e5,context_scoped_reference,keep_each_assertion_reference_scoped;never_global_merge_by_generic_label,,"{""canonical_name"": ""红1军"", ""reason"": ""incomplete_military_designation"", ""required_context"": [""time"", ""place"", ""affiliation"", ""relation_neighborhood""]}",stkg-v2-unresolved-semantic-closure-1,2026-07-15T06:33:12
V2CONFLICT-f216e9af3f3d0054905f92ea,IENT-f6faa70b09acaf2d8556c12c,context_scoped_reference,keep_each_assertion_reference_scoped;never_global_merge_by_generic_label,,"{""canonical_name"": ""二十九师"", ""reason"": ""incomplete_military_designation"", ""required_context"": [""time"", ""place"", ""affiliation"", ""relation_neighborhood""]}",stkg-v2-unresolved-semantic-closure-1,2026-07-15T06:33:12
V2CONFLICT-f21b53db727a236aed46abaa,IENT-53a83cbfb529eb7f97b54e26,context_scoped_reference,keep_each_assertion_reference_scoped;never_global_merge_by_generic_label,,"{""canonical_name"": ""二三二师"", ""reason"": ""incomplete_military_designation"", ""required_context"": [""time"", ""place"", ""affiliation"", ""relation_neighborhood""]}",stkg-v2-unresolved-semantic-closure-1,2026-07-15T06:33:12
V2CONFLICT-f2bcb7cc23265ff72d273fa0,IENT-b9c7f387c1f15a8ebf6eea40,context_scoped_reference,keep_each_assertion_reference_scoped;never_global_merge_by_generic_label,,"{""canonical_name"": ""一四零师"", ""reason"": ""incomplete_military_designation"", ""required_context"": [""time"", ""place"", ""affiliation"", ""relation_neighborhood""]}",stkg-v2-unresolved-semantic-closure-1,2026-07-15T06:33:12
V2CONFLICT-f34c8ed26b82bf5d87879432,IENT-731079b7f69d80344eb955f4,context_scoped_reference,keep_each_assertion_reference_scoped;never_global_merge_by_generic_label,,"{""canonical_name"": ""解放军51师"", ""reason"": ""incomplete_military_designation"", ""required_context"": [""time"", ""place"", ""affiliation"", ""relation_neighborhood""]}",stkg-v2-unresolved-semantic-closure-1,2026-07-15T06:33:12
V2CONFLICT-f35a30fac8d6473c9c86cf43,IENT-5cdcf47a3c48d5559e8f9cf6,context_scoped_reference,keep_each_assertion_reference_scoped;never_global_merge_by_generic_label,,"{""canonical_name"": ""解放军20军"", ""reason"": ""incomplete_military_designation"", ""required_context"": [""time"", ""place"", ""affiliation"", ""relation_neighborhood""]}",stkg-v2-unresolved-semantic-closure-1,2026-07-15T06:33:12
V2CONFLICT-f39fca37521e0580672ef746,IENT-25b22cb40984e28d68108b0e,context_scoped_reference,keep_each_assertion_reference_scoped;never_global_merge_by_generic_label,,"{""canonical_name"": ""党支部"", ""reason"": ""generic_label"", ""required_context"": [""time"", ""place"", ""affiliation"", ""relation_neighborhood""]}",stkg-v2-unresolved-semantic-closure-1,2026-07-15T06:33:12
V2CONFLICT-f3cd7c5f82514268688d0bb8,IENT-ce8766cd2d050e015fe35efb,context_scoped_reference,keep_each_assertion_reference_scoped;never_global_merge_by_generic_label,,"{""canonical_name"": ""红六团"", ""reason"": ""incomplete_military_designation"", ""required_context"": [""time"", ""place"", ""affiliation"", ""relation_neighborhood""]}",stkg-v2-unresolved-semantic-closure-1,2026-07-15T06:33:12
V2CONFLICT-f4085ea895aad7ee7e0e4640,IENT-b3ce62c7de5c969d36216e5c,context_scoped_reference,keep_each_assertion_reference_scoped;never_global_merge_by_generic_label,,"{""canonical_name"": ""红五十二团"", ""reason"": ""incomplete_military_designation"", ""required_context"": [""time"", ""place"", ""affiliation"", ""relation_neighborhood""]}",stkg-v2-unresolved-semantic-closure-1,2026-07-15T06:33:12
V2CONFLICT-f449df3bef854415f8e81cd7,IENT-49438ff2054fe519c878ada5,context_scoped_reference,keep_each_assertion_reference_scoped;never_global_merge_by_generic_label,,"{""canonical_name"": ""3团"", ""reason"": ""incomplete_military_designation"", ""required_context"": [""time"", ""place"", ""affiliation"", ""relation_neighborhood""]}",stkg-v2-unresolved-semantic-closure-1,2026-07-15T06:33:12
V2CONFLICT-f4b1cd1fa2d127382400c28b,IENT-666993b9cdbf2e87736c9eb8,context_scoped_reference,keep_each_assertion_reference_scoped;never_global_merge_by_generic_label,,"{""canonical_name"": ""红10军"", ""reason"": ""incomplete_military_designation"", ""required_context"": [""time"", ""place"", ""affiliation"", ""relation_neighborhood""]}",stkg-v2-unresolved-semantic-closure-1,2026-07-15T06:33:12
V2CONFLICT-f4c6d69f02849eab4d4073e2,IENTREPAIR-35f066b7eab6e1a5d485e348,context_scoped_reference,keep_each_assertion_reference_scoped;never_global_merge_by_generic_label,,"{""canonical_name"": ""解放军51师"", ""reason"": ""incomplete_military_designation"", ""required_context"": [""time"", ""place"", ""affiliation"", ""relation_neighborhood""]}",stkg-v2-unresolved-semantic-closure-1,2026-07-15T06:33:12
V2CONFLICT-f57174d1192ec59fab38c8ad,IENTREPAIR-27bdb007c93f61eb4bab7fd2,context_scoped_reference,keep_each_assertion_reference_scoped;never_global_merge_by_generic_label,,"{""canonical_name"": ""554团"", ""reason"": ""incomplete_military_designation"", ""required_context"": [""time"", ""place"", ""affiliation"", ""relation_neighborhood""]}",stkg-v2-unresolved-semantic-closure-1,2026-07-15T06:33:12
V2CONFLICT-f5c2d83fddf9db17430ba747,IENT-8fcdcfcc6b2c57d62c6a9fc1,context_scoped_reference,keep_each_assertion_reference_scoped;never_global_merge_by_generic_label,,"{""canonical_name"": ""十一团"", ""reason"": ""incomplete_military_designation"", ""required_context"": [""time"", ""place"", ""affiliation"", ""relation_neighborhood""]}",stkg-v2-unresolved-semantic-closure-1,2026-07-15T06:33:12
V2CONFLICT-f5e392ef6fff202e855693ea,IENTREPAIR-78c21e38663fcaec8ee8a4ef,context_scoped_reference,keep_each_assertion_reference_scoped;never_global_merge_by_generic_label,,"{""canonical_name"": ""7旅"", ""reason"": ""incomplete_military_designation"", ""required_context"": [""time"", ""place"", ""affiliation"", ""relation_neighborhood""]}",stkg-v2-unresolved-semantic-closure-1,2026-07-15T06:33:12
V2CONFLICT-f5e42cb2a2951b95f36f7a28,IENT-3c0c129cc0c96cc83ac290b3,context_scoped_reference,keep_each_assertion_reference_scoped;never_global_merge_by_generic_label,,"{""canonical_name"": ""工委"", ""reason"": ""generic_label"", ""required_context"": [""time"", ""place"", ""affiliation"", ""relation_neighborhood""]}",stkg-v2-unresolved-semantic-closure-1,2026-07-15T06:33:12
V2CONFLICT-f61874a2b186317cd0fd928e,IENT-8edb0c1e4e4f8c2d68706f63,context_scoped_reference,keep_each_assertion_reference_scoped;never_global_merge_by_generic_label,,"{""canonical_name"": ""红三十五军"", ""reason"": ""incomplete_military_designation"", ""required_context"": [""time"", ""place"", ""affiliation"", ""relation_neighborhood""]}",stkg-v2-unresolved-semantic-closure-1,2026-07-15T06:33:12
V2CONFLICT-f6d1dc13cf412a891f74dad0,IENT-fa3b7bb0d3cb2a2682935e6b,context_scoped_reference,keep_each_assertion_reference_scoped;never_global_merge_by_generic_label,,"{""canonical_name"": ""1营"", ""reason"": ""incomplete_military_designation"", ""required_context"": [""time"", ""place"", ""affiliation"", ""relation_neighborhood""]}",stkg-v2-unresolved-semantic-closure-1,2026-07-15T06:33:12
V2CONFLICT-f6e61733df8c61b9a49274f7,IENTREPAIR-b411a09945f4ba6b00b438a6,context_scoped_reference,keep_each_assertion_reference_scoped;never_global_merge_by_generic_label,,"{""canonical_name"": ""解放军152团"", ""reason"": ""incomplete_military_designation"", ""required_context"": [""time"", ""place"", ""affiliation"", ""relation_neighborhood""]}",stkg-v2-unresolved-semantic-closure-1,2026-07-15T06:33:12
V2CONFLICT-f6ed7a427380ffc1b195d605,IENT-99d3165a6f89be6a7c9dd89d,context_scoped_reference,keep_each_assertion_reference_scoped;never_global_merge_by_generic_label,,"{""canonical_name"": ""六十八团"", ""reason"": ""incomplete_military_designation"", ""required_context"": [""time"", ""place"", ""affiliation"", ""relation_neighborhood""]}",stkg-v2-unresolved-semantic-closure-1,2026-07-15T06:33:12
V2CONFLICT-f78f4a4f2db811ce768c6ac4,IENT-84cc5aa0f4d8f5f6a1413120,context_scoped_reference,keep_each_assertion_reference_scoped;never_global_merge_by_generic_label,,"{""canonical_name"": ""解放军一六二团"", ""reason"": ""incomplete_military_designation"", ""required_context"": [""time"", ""place"", ""affiliation"", ""relation_neighborhood""]}",stkg-v2-unresolved-semantic-closure-1,2026-07-15T06:33:12
V2CONFLICT-f796d8a93a79cfd03c9f8413,IENT-00f3c9344cba074c2b0caedb,context_scoped_reference,keep_each_assertion_reference_scoped;never_global_merge_by_generic_label,,"{""canonical_name"": ""红15纵队"", ""reason"": ""incomplete_military_designation"", ""required_context"": [""time"", ""place"", ""affiliation"", ""relation_neighborhood""]}",stkg-v2-unresolved-semantic-closure-1,2026-07-15T06:33:12
V2CONFLICT-f79bbf5a1ae1b67205284a60,IENT-54c36d82c27aea3647a5cf23,context_scoped_reference,keep_each_assertion_reference_scoped;never_global_merge_by_generic_label,,"{""canonical_name"": ""五四〇团"", ""reason"": ""incomplete_military_designation"", ""required_context"": [""time"", ""place"", ""affiliation"", ""relation_neighborhood""]}",stkg-v2-unresolved-semantic-closure-1,2026-07-15T06:33:12
V2CONFLICT-f7d6f8dc8b6fa6b056d2f136,IENT-3921413ad0d1b01ba6ac8903,context_scoped_reference,keep_each_assertion_reference_scoped;never_global_merge_by_generic_label,,"{""canonical_name"": ""红13军"", ""reason"": ""incomplete_military_designation"", ""required_context"": [""time"", ""place"", ""affiliation"", ""relation_neighborhood""]}",stkg-v2-unresolved-semantic-closure-1,2026-07-15T06:33:12
V2CONFLICT-f7e8981f798dcb7de3dc9ae6,IENT-f500da7c62e7c1936a0bde05,context_scoped_reference,keep_each_assertion_reference_scoped;never_global_merge_by_generic_label,,"{""canonical_name"": ""三十六团"", ""reason"": ""incomplete_military_designation"", ""required_context"": [""time"", ""place"", ""affiliation"", ""relation_neighborhood""]}",stkg-v2-unresolved-semantic-closure-1,2026-07-15T06:33:12
V2CONFLICT-f81b30c99287d6985ad75683,IENT-f7583bc6e9b3d58786332875,context_scoped_reference,keep_each_assertion_reference_scoped;never_global_merge_by_generic_label,,"{""canonical_name"": ""1028团"", ""reason"": ""incomplete_military_designation"", ""required_context"": [""time"", ""place"", ""affiliation"", ""relation_neighborhood""]}",stkg-v2-unresolved-semantic-closure-1,2026-07-15T06:33:12
V2CONFLICT-f82f8699559d407b2c086f73,IENT-579862c1fc2078fc5c56e54f,context_scoped_reference,keep_each_assertion_reference_scoped;never_global_merge_by_generic_label,,"{""canonical_name"": ""七十五团"", ""reason"": ""incomplete_military_designation"", ""required_context"": [""time"", ""place"", ""affiliation"", ""relation_neighborhood""]}",stkg-v2-unresolved-semantic-closure-1,2026-07-15T06:33:12
V2CONFLICT-f86ba4c1da165502377c098a,IENT-f58a8cedd2c1ba48940f521e,context_scoped_reference,keep_each_assertion_reference_scoped;never_global_merge_by_generic_label,,"{""canonical_name"": ""五团"", ""reason"": ""incomplete_military_designation"", ""required_context"": [""time"", ""place"", ""affiliation"", ""relation_neighborhood""]}",stkg-v2-unresolved-semantic-closure-1,2026-07-15T06:33:12
V2CONFLICT-f890811741f67786b928d8db,IENT-099e3201ca0bf6869b8e6567,context_scoped_reference,keep_each_assertion_reference_scoped;never_global_merge_by_generic_label,,"{""canonical_name"": ""3师"", ""reason"": ""incomplete_military_designation"", ""required_context"": [""time"", ""place"", ""affiliation"", ""relation_neighborhood""]}",stkg-v2-unresolved-semantic-closure-1,2026-07-15T06:33:12
V2CONFLICT-f89276114d7a491eef3838c1,IENT-8b27f52dd1735287fd1adaa6,context_scoped_reference,keep_each_assertion_reference_scoped;never_global_merge_by_generic_label,,"{""canonical_name"": ""人民解放军一三八团"", ""reason"": ""incomplete_military_designation"", ""required_context"": [""time"", ""place"", ""affiliation"", ""relation_neighborhood""]}",stkg-v2-unresolved-semantic-closure-1,2026-07-15T06:33:12
V2CONFLICT-f91b7c11d185bd7979e3dc6d,IENT-afee2d0a632b675f1059e988,context_scoped_reference,keep_each_assertion_reference_scoped;never_global_merge_by_generic_label,,"{""canonical_name"": ""三十四团"", ""reason"": ""incomplete_military_designation"", ""required_context"": [""time"", ""place"", ""affiliation"", ""relation_neighborhood""]}",stkg-v2-unresolved-semantic-closure-1,2026-07-15T06:33:12
V2CONFLICT-f9368865b2cf03ce8b8f7469,IENT-85a8999e3972a59b78fa8e0b,context_scoped_reference,keep_each_assertion_reference_scoped;never_global_merge_by_generic_label,,"{""canonical_name"": ""73团"", ""reason"": ""incomplete_military_designation"", ""required_context"": [""time"", ""place"", ""affiliation"", ""relation_neighborhood""]}",stkg-v2-unresolved-semantic-closure-1,2026-07-15T06:33:12
V2CONFLICT-f93b9e0c60aa6312914ec99d,IENT-587af63185216e454da6e5a4,context_scoped_reference,keep_each_assertion_reference_scoped;never_global_merge_by_generic_label,,"{""canonical_name"": ""五大队"", ""reason"": ""incomplete_military_designation"", ""required_context"": [""time"", ""place"", ""affiliation"", ""relation_neighborhood""]}",stkg-v2-unresolved-semantic-closure-1,2026-07-15T06:33:12
V2CONFLICT-f98f90e02045ab6f25b3559f,IENT-25503173bebf5688c0ee49f9,context_scoped_reference,keep_each_assertion_reference_scoped;never_global_merge_by_generic_label,,"{""canonical_name"": ""红九十三师"", ""reason"": ""incomplete_military_designation"", ""required_context"": [""time"", ""place"", ""affiliation"", ""relation_neighborhood""]}",stkg-v2-unresolved-semantic-closure-1,2026-07-15T06:33:12
V2CONFLICT-f9c39cbdfbf1476dbed6585c,IENT-68c6fab0e81cd752da426b44,context_scoped_reference,keep_each_assertion_reference_scoped;never_global_merge_by_generic_label,,"{""canonical_name"": ""八十六师"", ""reason"": ""incomplete_military_designation"", ""required_context"": [""time"", ""place"", ""affiliation"", ""relation_neighborhood""]}",stkg-v2-unresolved-semantic-closure-1,2026-07-15T06:33:12
V2CONFLICT-f9d9b9de6e821a49a6d7f5f9,IENT-ed747fe8dad63c516e349eb2,context_scoped_reference,keep_each_assertion_reference_scoped;never_global_merge_by_generic_label,,"{""canonical_name"": ""解放军一百三十七师"", ""reason"": ""incomplete_military_designation"", ""required_context"": [""time"", ""place"", ""affiliation"", ""relation_neighborhood""]}",stkg-v2-unresolved-semantic-closure-1,2026-07-15T06:33:12
V2CONFLICT-fa1f2dfc7698450208082e99,IENT-5794df66bd163f4029eb5cb7,context_scoped_reference,keep_each_assertion_reference_scoped;never_global_merge_by_generic_label,,"{""canonical_name"": ""解放军三十八师"", ""reason"": ""incomplete_military_designation"", ""required_context"": [""time"", ""place"", ""affiliation"", ""relation_neighborhood""]}",stkg-v2-unresolved-semantic-closure-1,2026-07-15T06:33:12
V2CONFLICT-fa2196076486e6f66099312d,IENT-a5f82b02120fbe8634ac35f6,context_scoped_reference,keep_each_assertion_reference_scoped;never_global_merge_by_generic_label,,"{""canonical_name"": ""五十八军"", ""reason"": ""incomplete_military_designation"", ""required_context"": [""time"", ""place"", ""affiliation"", ""relation_neighborhood""]}",stkg-v2-unresolved-semantic-closure-1,2026-07-15T06:33:12
V2CONFLICT-fae11ec9fb485db3c3942e02,IENTREPAIR-2b5d9a0b09f225558e2cab24,context_scoped_reference,keep_each_assertion_reference_scoped;never_global_merge_by_generic_label,,"{""canonical_name"": ""16军"", ""reason"": ""incomplete_military_designation"", ""required_context"": [""time"", ""place"", ""affiliation"", ""relation_neighborhood""]}",stkg-v2-unresolved-semantic-closure-1,2026-07-15T06:33:12
V2CONFLICT-fb0fff8db2af503f3fd2b52f,IENT-72da0cfc659ecb4158adc7af,context_scoped_reference,keep_each_assertion_reference_scoped;never_global_merge_by_generic_label,,"{""canonical_name"": ""577团"", ""reason"": ""incomplete_military_designation"", ""required_context"": [""time"", ""place"", ""affiliation"", ""relation_neighborhood""]}",stkg-v2-unresolved-semantic-closure-1,2026-07-15T06:33:12
V2CONFLICT-fc42285ae4973506a022dc85,IENT-fc647a8469d3a206fbf4a11f,context_scoped_reference,keep_each_assertion_reference_scoped;never_global_merge_by_generic_label,,"{""canonical_name"": ""四十四师"", ""reason"": ""incomplete_military_designation"", ""required_context"": [""time"", ""place"", ""affiliation"", ""relation_neighborhood""]}",stkg-v2-unresolved-semantic-closure-1,2026-07-15T06:33:12
V2CONFLICT-fc9f247edd6355d02848cd98,IENT-0f75f3d3a5c1659d95e9afe1,context_scoped_reference,keep_each_assertion_reference_scoped;never_global_merge_by_generic_label,,"{""canonical_name"": ""旧址"", ""reason"": ""generic_label"", ""required_context"": [""time"", ""place"", ""affiliation"", ""relation_neighborhood""]}",stkg-v2-unresolved-semantic-closure-1,2026-07-15T06:33:12
V2CONFLICT-fd206e483373fb3ac5f67ad9,IENT-413d99b5861b1395dab3dc71,context_scoped_reference,keep_each_assertion_reference_scoped;never_global_merge_by_generic_label,,"{""canonical_name"": ""红三十一旅"", ""reason"": ""incomplete_military_designation"", ""required_context"": [""time"", ""place"", ""affiliation"", ""relation_neighborhood""]}",stkg-v2-unresolved-semantic-closure-1,2026-07-15T06:33:12
V2CONFLICT-fd5446a328abf70ca5dc903d,IENTREPAIR-26b97be861a0bee6279438af,context_scoped_reference,keep_each_assertion_reference_scoped;never_global_merge_by_generic_label,,"{""canonical_name"": ""三十一师"", ""reason"": ""incomplete_military_designation"", ""required_context"": [""time"", ""place"", ""affiliation"", ""relation_neighborhood""]}",stkg-v2-unresolved-semantic-closure-1,2026-07-15T06:33:12
V2CONFLICT-ff5b265907cb65fd51ece8b6,IENT-cd523fa9dcadc244a165a244,context_scoped_reference,keep_each_assertion_reference_scoped;never_global_merge_by_generic_label,,"{""canonical_name"": ""红十九团"", ""reason"": ""incomplete_military_designation"", ""required_context"": [""time"", ""place"", ""affiliation"", ""relation_neighborhood""]}",stkg-v2-unresolved-semantic-closure-1,2026-07-15T06:33:12
V2CONFLICT-ff996d6fd9b7427c6467e2db,IENT-6281c136faa374f7c70e1e16,context_scoped_reference,keep_each_assertion_reference_scoped;never_global_merge_by_generic_label,,"{""canonical_name"": ""一旅"", ""reason"": ""incomplete_military_designation"", ""required_context"": [""time"", ""place"", ""affiliation"", ""relation_neighborhood""]}",stkg-v2-unresolved-semantic-closure-1,2026-07-15T06:33:12
